Datetime,Open,High,Low,Close,Volume,Spread
2025-10-08 19:00:00,123448.5,123775.0,123156.1,123454.9,2603,500
2025-10-08 20:00:00,123452.4,123742.8,122841.8,122873.5,2113,500
2025-10-08 21:00:00,122871.5,123344.1,122822.4,123293.9,1644,500
2025-10-08 22:00:00,123288.7,123436.5,123216.1,123216.1,1152,500
2025-10-08 23:00:00,123217.6,123553.5,123056.0,123330.4,1595,500
2025-10-09 00:00:00,123328.2,123373.4,122856.1,122859.1,1833,500
2025-10-09 01:00:00,122881.3,122883.3,122340.6,122562.2,2333,500
2025-10-09 02:00:00,122561.7,122567.8,121486.4,121630.8,3036,500
2025-10-09 03:00:00,121632.9,122144.6,121621.8,122047.3,2056,500
2025-10-09 04:00:00,122047.6,122277.4,121904.4,122152.8,1521,500
2025-10-09 05:00:00,122152.9,122213.3,121836.4,122121.9,1817,500
2025-10-09 06:00:00,122131.7,122192.9,121882.8,121960.7,1758,500
2025-10-09 07:00:00,121960.6,122105.1,121734.0,121934.4,1679,500
2025-10-09 08:00:00,121933.9,121989.2,121160.4,121269.6,2979,500
2025-10-09 09:00:00,121271.2,121862.8,121264.6,121824.8,2326,500
2025-10-09 10:00:00,121824.5,122362.4,121663.4,122194.2,2113,500
2025-10-09 11:00:00,122195.4,122858.3,122195.4,122771.6,2178,500
2025-10-09 12:00:00,122770.8,123801.9,122734.4,123594.4,2400,500
2025-10-09 13:00:00,123591.4,123694.9,122319.4,122435.6,4278,500
2025-10-09 14:00:00,122432.8,122618.4,120816.8,121359.4,5768,500
2025-10-09 15:00:00,121358.4,121761.7,120717.3,121184.4,3687,500
2025-10-09 16:00:00,121185.3,121515.8,119779.8,119897.4,4150,500
2025-10-09 17:00:00,119895.8,121080.8,119705.4,121020.4,4298,500
2025-10-09 18:00:00,121016.4,121158.9,120432.9,120698.6,2891,500
2025-10-09 19:00:00,120703.7,121189.3,120697.4,121026.8,1704,500
2025-10-09 20:00:00,121030.1,121247.7,120900.8,121157.4,1751,500
2025-10-09 21:00:00,121156.9,121555.9,121104.4,121518.5,1513,500
2025-10-09 22:00:00,121518.6,121824.3,121444.9,121735.4,1209,500
2025-10-09 23:00:00,121737.9,121737.9,121397.4,121691.7,1555,500
2025-10-10 00:00:00,121686.2,121911.1,121626.9,121796.3,1514,500
2025-10-10 01:00:00,121796.7,121929.1,121532.4,121681.4,1634,500
2025-10-10 02:00:00,121675.6,121699.9,120954.5,121107.1,1961,500
2025-10-10 03:00:00,121108.9,121614.8,120958.7,121082.7,2253,500
2025-10-10 04:00:00,121082.0,121433.6,121049.0,121269.0,1728,500
2025-10-10 05:00:00,121270.9,121625.9,121005.0,121612.8,1605,500
2025-10-10 06:00:00,121614.3,121778.6,121281.9,121393.9,1998,500
2025-10-10 07:00:00,121391.9,121424.7,120897.5,120966.8,1960,500
2025-10-10 08:00:00,120973.7,121690.8,120949.9,121647.7,1719,500
2025-10-10 09:00:00,121647.4,121811.0,121297.4,121339.2,1886,500
2025-10-10 10:00:00,121338.2,121573.3,121239.1,121520.9,1447,500
2025-10-10 11:00:00,121518.2,121688.6,121447.4,121585.9,1304,500
2025-10-10 12:00:00,121587.6,121723.0,121456.0,121626.4,1228,500
2025-10-10 13:00:00,121623.0,122568.3,121398.8,121706.2,4101,500
2025-10-10 14:00:00,121698.7,122086.9,120507.7,120520.4,3376,500
2025-10-10 15:00:00,120520.8,120632.4,118500.0,119043.9,7187,500
2025-10-10 16:00:00,119028.8,119461.8,118210.3,118234.4,4045,500
2025-10-10 17:00:00,118230.8,118433.9,117579.4,117634.7,4051,500
2025-10-10 18:00:00,117639.2,117851.9,117220.2,117221.7,2888,500
2025-10-10 19:00:00,117227.9,117335.8,115941.2,116660.8,5195,500
2025-10-10 20:00:00,116659.8,117182.0,113051.8,114289.9,4404,500
2025-10-10 21:00:00,114296.7,115129.9,106934.9,113891.4,5194,1156
2025-10-10 22:00:00,113934.9,114769.1,111959.7,113962.0,6722,1087
2025-10-10 23:00:00,113990.7,114980.9,112939.4,112966.9,2805,509
2025-10-11 00:00:00,112962.9,113317.9,111724.0,112671.5,2121,510
2025-10-11 01:00:00,112662.5,112680.4,111152.9,111209.9,1707,502
2025-10-11 02:00:00,111212.8,113382.4,111196.9,113317.3,1705,511
2025-10-11 03:00:00,113318.7,113428.4,111910.4,112415.9,1783,509
2025-10-11 04:00:00,112414.9,113097.6,111813.0,113087.9,1330,508
2025-10-11 05:00:00,113078.9,113078.9,112097.8,112505.3,1150,503
2025-10-11 06:00:00,112519.5,112869.4,112052.2,112186.6,1341,511
2025-10-11 07:00:00,112187.4,112207.7,110199.6,110495.8,2728,504
2025-10-11 08:00:00,110497.8,111615.4,110231.3,111425.8,5642,500
2025-10-11 09:00:00,111447.9,111967.9,111350.0,111735.4,3713,500
2025-10-11 10:00:00,111720.5,112353.8,111714.7,112199.9,2728,500
2025-10-11 11:00:00,112200.4,112434.8,111757.4,112370.1,2864,500
2025-10-11 12:00:00,112361.4,112588.8,112112.1,112474.3,2412,500
2025-10-11 13:00:00,112474.8,112602.9,111982.8,112360.5,2835,500
2025-10-11 14:00:00,112361.0,112451.8,111976.9,112079.4,1855,500
2025-10-11 15:00:00,112079.9,112455.8,111888.1,111892.4,2371,500
2025-10-11 16:00:00,111892.1,112195.8,111501.8,111944.5,2092,500
2025-10-11 17:00:00,111936.8,112262.9,111798.8,112101.0,2056,500
2025-10-11 18:00:00,112110.8,112135.8,111938.1,112057.8,2065,500
2025-10-11 19:00:00,112028.6,112125.2,110928.1,111275.5,4029,500
2025-10-11 20:00:00,111282.4,111444.9,109795.0,110354.8,5335,500
2025-10-11 21:00:00,110352.9,111094.8,109701.9,111004.1,3962,500
2025-10-11 22:00:00,110957.3,111404.4,110753.0,111149.9,2583,587
2025-10-11 23:00:00,111149.4,111225.8,110740.8,110751.8,2664,500
2025-10-12 00:00:00,110753.5,110788.8,109668.6,109743.6,3570,500
2025-10-12 01:00:00,109743.7,110400.8,109729.7,110060.8,4241,500
2025-10-12 02:00:00,110042.1,110787.8,109679.7,110193.4,3558,500
2025-10-12 03:00:00,110191.4,111376.3,110079.7,110774.9,4151,501
2025-10-12 04:00:00,110775.1,112030.8,110675.3,111598.1,2820,500
2025-10-12 05:00:00,111598.5,111888.8,111255.0,111780.9,1977,500
2025-10-12 06:00:00,111785.8,112195.9,111674.1,111777.8,1882,500
2025-10-12 07:00:00,111771.9,112019.8,111543.3,111603.3,1998,500
2025-10-12 08:00:00,111602.3,111886.8,111343.9,111353.9,2061,500
2025-10-12 09:00:00,111353.8,111940.8,111191.8,111862.6,2126,500
2025-10-12 10:00:00,111863.8,112045.8,111470.6,111696.8,2110,500
2025-10-12 11:00:00,111701.8,112126.8,111512.4,111868.4,2111,500
2025-10-12 12:00:00,111866.9,112236.4,111571.8,111812.4,2107,500
2025-10-12 13:00:00,111812.6,111962.8,111277.3,111319.8,2454,500
2025-10-12 14:00:00,111319.2,113001.8,111214.8,112361.4,4868,500
2025-10-12 15:00:00,112356.8,113777.8,112120.8,113235.8,7161,500
2025-10-12 16:00:00,113234.7,114753.8,113233.6,114143.7,6539,500
2025-10-12 17:00:00,114143.3,114550.8,113625.1,113876.3,3608,500
2025-10-12 18:00:00,113862.0,114317.8,113607.0,113938.4,2986,500
2025-10-12 19:00:00,113935.8,114457.9,113880.2,114403.4,2330,500
2025-10-12 20:00:00,114401.5,115527.8,114401.5,115000.3,3390,500
2025-10-12 21:00:00,115001.0,115666.8,114331.0,114961.5,3128,500
2025-10-12 22:00:00,114930.8,115819.7,114895.6,115315.7,4505,652
2025-10-12 23:00:00,115313.6,115450.5,114821.5,115053.9,3218,500
2025-10-13 00:00:00,115069.8,115971.3,114860.3,115375.4,4384,500
2025-10-13 01:00:00,115384.8,115852.8,115177.9,115788.6,3689,500
2025-10-13 02:00:00,115801.9,116017.8,115083.1,115419.1,3278,500
2025-10-13 03:00:00,115414.7,115712.9,114706.2,114911.6,2631,500
2025-10-13 04:00:00,114912.2,115099.8,114495.4,114769.2,3032,500
2025-10-13 05:00:00,114796.8,114898.8,114572.1,114677.8,2322,500
2025-10-13 06:00:00,114677.4,115393.3,114481.9,115280.4,2489,500
2025-10-13 07:00:00,115275.0,115614.9,115077.4,115459.7,2834,500
2025-10-13 08:00:00,115460.8,115508.9,115210.9,115328.6,2228,500
2025-10-13 09:00:00,115328.5,115329.4,114853.7,115193.3,1911,500
2025-10-13 10:00:00,115189.4,115230.8,114809.1,114887.6,1998,500
2025-10-13 11:00:00,114883.0,114894.5,113712.0,114262.4,4108,500
2025-10-13 12:00:00,114268.8,114803.1,114016.0,114480.9,3799,500
2025-10-13 13:00:00,114470.9,115611.4,114297.3,115434.8,6208,500
2025-10-13 14:00:00,115431.4,115569.9,113902.4,114115.7,5576,500
2025-10-13 15:00:00,114119.8,114812.9,114056.8,114411.5,4045,500
2025-10-13 16:00:00,114413.8,115273.1,114352.2,114739.9,3962,500
2025-10-13 17:00:00,114738.9,115128.8,114285.0,115114.2,3253,500
2025-10-13 18:00:00,115112.8,115459.8,114791.0,115240.4,3473,500
2025-10-13 19:00:00,115238.4,115972.4,115145.1,115865.8,2871,500
2025-10-13 20:00:00,115867.5,115972.9,115472.8,115789.8,2157,500
2025-10-13 21:00:00,115795.5,115876.4,115636.2,115791.3,1048,500
2025-10-13 22:00:00,115791.3,115921.4,115519.5,115585.1,1018,500
2025-10-13 23:00:00,115583.1,115588.9,115077.9,115253.7,1440,500
2025-10-14 00:00:00,115245.2,115496.3,114955.4,115040.4,2347,500
2025-10-14 01:00:00,115031.4,115076.4,114197.0,114336.1,1959,500
2025-10-14 02:00:00,114335.6,114364.9,113694.1,113697.8,2465,500
2025-10-14 03:00:00,113699.9,113764.5,113330.4,113560.3,2707,500
2025-10-14 04:00:00,113561.9,113659.6,112840.3,113114.0,3172,500
2025-10-14 05:00:00,113110.9,113739.7,112454.3,112549.7,4132,500
2025-10-14 06:00:00,112549.3,112764.2,111440.4,112031.9,3927,500
2025-10-14 07:00:00,112033.9,112247.4,111531.1,111780.7,4264,500
2025-10-14 08:00:00,111794.2,112208.3,111576.0,111892.6,2584,500
2025-10-14 09:00:00,111889.7,112089.8,111122.8,111355.4,2967,500
2025-10-14 10:00:00,111353.8,111403.8,110116.1,110705.0,4986,500
2025-10-14 11:00:00,110701.0,111695.9,110682.8,111383.4,3854,500
2025-10-14 12:00:00,111385.1,111431.9,110804.9,110860.9,3815,500
2025-10-14 13:00:00,110866.4,111371.0,109941.9,111077.8,6456,500
2025-10-14 14:00:00,111067.7,112259.8,110976.5,111460.0,6242,500
2025-10-14 15:00:00,111462.4,112940.8,111089.0,112932.1,5145,500
2025-10-14 16:00:00,112940.4,113211.8,112250.9,112378.9,5796,500
2025-10-14 17:00:00,112379.7,112987.4,111770.6,112840.1,5452,500
2025-10-14 18:00:00,112844.3,113512.6,112691.8,112889.2,4072,500
2025-10-14 19:00:00,112894.5,113575.8,112062.4,112647.4,4928,500
2025-10-14 20:00:00,112644.4,113031.6,112262.8,113030.2,2756,500
2025-10-14 21:00:00,113031.1,113217.4,112726.8,113160.5,1529,500
2025-10-14 22:00:00,113155.3,113588.6,112853.1,113253.2,1781,500
2025-10-14 23:00:00,113252.4,113552.4,113032.1,113056.9,1847,500
2025-10-15 00:00:00,113057.8,113157.9,112640.9,113022.3,3206,500
2025-10-15 01:00:00,113020.6,113045.9,112364.3,112765.3,3122,500
2025-10-15 02:00:00,112760.7,113637.6,112699.1,112859.4,3177,500
2025-10-15 03:00:00,112844.7,112901.5,111856.2,112059.5,3099,500
2025-10-15 04:00:00,112068.0,112501.0,111794.5,112384.1,2829,500
2025-10-15 05:00:00,112378.9,112691.9,112227.8,112472.5,2854,500
2025-10-15 06:00:00,112471.4,112623.4,111951.7,112516.1,2890,500
2025-10-15 07:00:00,112507.8,112747.3,112273.8,112624.9,2766,500
2025-10-15 08:00:00,112619.2,113554.8,112577.8,113017.9,3360,500
2025-10-15 09:00:00,113000.9,113174.8,112435.9,112600.4,2677,500
2025-10-15 10:00:00,112614.3,112708.9,112154.8,112331.4,2385,500
2025-10-15 11:00:00,112335.8,112677.4,111796.5,111983.4,2580,500
2025-10-15 12:00:00,111983.8,112163.6,111465.7,111770.4,3233,500
2025-10-15 13:00:00,111765.7,112077.8,110802.8,111446.4,4884,500
2025-10-15 14:00:00,111445.4,112290.9,110884.6,111135.9,5497,500
2025-10-15 15:00:00,111136.4,111621.9,110431.9,110850.2,5617,500
2025-10-15 16:00:00,110848.8,111170.4,110638.4,110794.6,3999,500
2025-10-15 17:00:00,110794.4,111229.2,110188.8,111226.1,4522,500
2025-10-15 18:00:00,111215.4,111528.6,110845.0,111470.9,2754,500
2025-10-15 19:00:00,111471.5,111592.2,111102.0,111300.0,2535,500
2025-10-15 20:00:00,111291.4,111595.6,110553.8,111136.8,3018,500
2025-10-15 21:00:00,111136.8,111456.9,110517.0,110870.8,2719,500
2025-10-15 22:00:00,110876.3,111418.7,110685.9,110692.3,1462,500
2025-10-15 23:00:00,110696.3,111039.1,110608.9,110786.4,1881,500
2025-10-16 00:00:00,110798.4,110895.9,110377.1,110468.0,2870,500
2025-10-16 01:00:00,110462.9,111365.8,110454.9,111333.2,2327,500
2025-10-16 02:00:00,111327.8,111583.8,111039.9,111547.4,2230,500
2025-10-16 03:00:00,111546.6,111886.2,111300.8,111366.1,1734,500
2025-10-16 04:00:00,111366.3,111709.9,110843.1,111003.5,1549,500
2025-10-16 05:00:00,111004.5,111487.6,110754.5,110977.3,2163,500
2025-10-16 06:00:00,110971.3,111743.3,110951.7,111676.9,2482,500
2025-10-16 07:00:00,111689.5,111790.9,110553.3,110580.4,2591,500
2025-10-16 08:00:00,110570.9,110916.7,110397.1,110835.4,2088,500
2025-10-16 09:00:00,110834.4,111662.9,109638.7,111170.9,4385,500
2025-10-16 10:00:00,111171.4,111726.8,111036.1,111489.9,3300,500
2025-10-16 11:00:00,111485.4,111587.4,111018.7,111425.6,2198,500
2025-10-16 12:00:00,111425.9,111996.2,111348.6,111547.7,2892,500
2025-10-16 13:00:00,111547.4,111589.9,110694.6,110877.5,3888,500
2025-10-16 14:00:00,110885.9,111456.5,109755.7,110560.9,6165,500
2025-10-16 15:00:00,110560.2,110768.8,108383.4,108577.5,6256,500
2025-10-16 16:00:00,108568.4,109293.9,107592.3,109264.8,7423,500
2025-10-16 17:00:00,109265.8,109281.4,108237.5,108282.8,5065,500
2025-10-16 18:00:00,108291.8,108692.7,107704.1,108688.4,5615,500
2025-10-16 19:00:00,108686.4,108779.7,107708.2,108226.4,5911,500
2025-10-16 20:00:00,108226.8,108458.4,107451.0,107859.7,4439,500
2025-10-16 21:00:00,107855.4,108472.5,107599.4,108441.5,2166,500
2025-10-16 22:00:00,108439.8,108516.9,107773.4,107798.9,1734,500
2025-10-16 23:00:00,107796.9,108424.8,107733.9,108183.9,1907,500
2025-10-17 00:00:00,108179.8,108822.4,107901.0,108791.7,3030,500
2025-10-17 01:00:00,108802.9,109111.4,108513.4,108843.9,2541,500
2025-10-17 02:00:00,108841.3,109085.1,108397.9,108985.4,2442,500
2025-10-17 03:00:00,108978.5,109244.5,108902.7,109187.9,2020,500
2025-10-17 04:00:00,109181.2,109242.4,108776.4,108788.3,1834,500
2025-10-17 05:00:00,108799.9,108925.8,108300.4,108381.0,2339,500
2025-10-17 06:00:00,108381.3,108509.9,106673.8,106746.9,4844,500
2025-10-17 07:00:00,106744.8,106890.9,105506.4,105594.4,6368,500
2025-10-17 08:00:00,105604.1,105691.9,104482.8,104866.6,6394,500
2025-10-17 09:00:00,104870.9,105608.2,104501.3,104504.6,4320,500
2025-10-17 10:00:00,104505.8,104879.0,103517.2,104721.8,6303,500
2025-10-17 11:00:00,104721.8,106540.5,104645.4,105668.1,6334,500
2025-10-17 12:00:00,105678.4,106055.9,105196.1,105332.8,3868,503
2025-10-17 13:00:00,105330.6,106160.4,104877.1,105835.4,5060,500
2025-10-17 14:00:00,105835.2,105997.4,104516.0,105154.7,4939,500
2025-10-17 15:00:00,105150.2,106838.9,105092.4,106798.6,4420,500
2025-10-17 16:00:00,106792.8,107531.4,106215.6,106384.8,5794,500
2025-10-17 17:00:00,106376.4,106732.4,106062.9,106433.6,5136,500
2025-10-17 18:00:00,106438.8,107097.4,106425.7,106647.7,3544,500
2025-10-17 19:00:00,106649.8,106896.0,106221.9,106453.7,3202,500
2025-10-17 20:00:00,106463.9,107183.9,106344.6,107015.4,3360,500
2025-10-17 21:00:00,107029.3,107459.3,107012.8,107313.4,959,500
2025-10-17 22:00:00,107266.9,107440.2,106832.9,106984.8,875,910
2025-10-17 23:00:00,106995.9,107008.4,106374.6,106443.2,844,500
2025-10-18 00:00:00,106436.9,106866.3,106327.3,106858.9,1024,502
2025-10-18 01:00:00,106866.2,107322.2,106814.4,107161.8,1048,500
2025-10-18 02:00:00,107161.6,107318.2,106513.7,106613.0,954,501
2025-10-18 03:00:00,106603.3,107145.0,106590.1,107094.2,958,500
2025-10-18 04:00:00,107093.9,107103.7,106433.1,106487.9,844,521
2025-10-18 05:00:00,106488.4,106865.6,106475.9,106795.0,781,500
2025-10-18 06:00:00,106829.2,106979.5,106727.1,106861.5,769,500
2025-10-18 07:00:00,106851.2,107510.9,106635.8,106681.8,2177,504
2025-10-18 08:00:00,106678.8,106953.8,106621.8,106714.8,1712,500
2025-10-18 09:00:00,106718.8,106935.8,106647.8,106896.8,837,500
2025-10-18 10:00:00,106893.8,107123.3,106796.8,106896.8,917,519
2025-10-18 11:00:00,106895.8,107245.5,106765.8,107234.9,999,1031
2025-10-18 12:00:00,107202.8,107327.4,106958.8,107094.0,1441,508
2025-10-18 13:00:00,107095.1,107120.4,106816.8,106914.7,1599,512
2025-10-18 14:00:00,106914.0,107130.5,106746.2,107009.0,1926,506
2025-10-18 15:00:00,107014.9,107172.6,106827.3,106961.4,1747,504
2025-10-18 16:00:00,106962.9,107079.5,106469.8,106670.6,1781,504
2025-10-18 17:00:00,106671.7,106963.9,106580.4,106884.4,1336,523
2025-10-18 18:00:00,106885.9,106936.4,106702.8,106865.2,1080,501
2025-10-18 19:00:00,106865.6,107108.9,106774.8,107067.8,1094,501
2025-10-18 20:00:00,107091.6,107353.1,106996.8,107025.1,1323,504
2025-10-18 21:00:00,107027.6,107240.7,106849.8,107181.9,1039,502
2025-10-18 22:00:00,107181.9,107301.4,107069.8,107108.8,895,524
2025-10-18 23:00:00,107135.9,107212.3,106999.8,107194.8,840,502
2025-10-19 00:00:00,107181.9,107267.6,106739.2,106920.5,1616,507
2025-10-19 01:00:00,106920.0,107005.9,106750.8,106981.6,930,508
2025-10-19 02:00:00,106957.8,107010.1,106795.8,106859.2,822,502
2025-10-19 03:00:00,106858.2,107372.9,106788.0,107275.2,1175,501
2025-10-19 04:00:00,107282.4,107297.2,106996.8,107056.6,889,510
2025-10-19 05:00:00,107059.1,107191.8,106801.2,106890.4,1040,500
2025-10-19 06:00:00,106887.9,106924.4,106559.6,106783.6,1096,500
2025-10-19 07:00:00,106783.8,106923.3,106697.2,106789.4,895,502
2025-10-19 08:00:00,106789.5,107200.4,106274.4,106430.5,2232,501
2025-10-19 09:00:00,106430.4,108179.8,106098.8,107398.2,3001,501
2025-10-19 10:00:00,107401.2,107894.4,107000.9,107886.4,2546,504
2025-10-19 11:00:00,107885.9,108237.4,107637.8,107800.4,2559,507
2025-10-19 12:00:00,107800.5,107866.8,107441.8,107600.8,1690,504
2025-10-19 13:00:00,107610.0,108219.4,107370.2,108092.1,2059,502
2025-10-19 14:00:00,108096.1,108513.9,107891.9,108425.9,2632,502
2025-10-19 15:00:00,108429.9,108633.4,108322.8,108475.8,2126,503
2025-10-19 16:00:00,108510.9,108964.6,108256.8,108645.9,1747,507
2025-10-19 17:00:00,108644.9,109442.9,108614.8,109104.8,2320,504
2025-10-19 18:00:00,109140.1,109464.0,109035.0,109414.1,1791,518
2025-10-19 19:00:00,109375.8,109404.4,108797.8,108936.4,1953,515
2025-10-19 20:00:00,108936.8,109013.6,108814.8,108874.9,1728,585
2025-10-19 21:00:00,108876.9,108913.0,108618.8,108734.8,1059,504
2025-10-19 22:00:00,108773.9,109385.6,108728.9,109169.1,2644,730
2025-10-19 23:00:00,109169.2,109169.2,108486.9,108662.4,2802,500
2025-10-20 00:00:00,108662.3,108663.4,107441.9,108069.4,3314,500
2025-10-20 01:00:00,108073.3,108294.0,107915.4,108073.6,3058,500
2025-10-20 02:00:00,108073.1,108970.9,107868.4,108788.3,2933,500
2025-10-20 03:00:00,108789.5,110416.9,108583.8,110163.5,3115,500
2025-10-20 04:00:00,110153.4,110531.2,109975.9,110440.4,3427,500
2025-10-20 05:00:00,110441.9,111121.6,110290.8,111032.0,2665,500
2025-10-20 06:00:00,111011.8,111362.9,110989.8,111311.9,2690,500
2025-10-20 07:00:00,111290.6,111414.9,111040.8,111178.7,1625,500
2025-10-20 08:00:00,111196.2,111655.9,110954.8,111108.9,1438,500
2025-10-20 09:00:00,111102.6,111199.1,110683.8,110984.4,1484,500
2025-10-20 10:00:00,110983.4,111117.5,110681.6,110755.2,1945,500
2025-10-20 11:00:00,110754.9,111036.4,110623.3,111030.4,1556,500
2025-10-20 12:00:00,111033.8,111213.0,110774.2,110854.5,1433,500
2025-10-20 13:00:00,110854.7,111195.4,110595.5,111161.6,2502,500
2025-10-20 14:00:00,111180.9,111380.4,110721.9,111219.0,2030,500
2025-10-20 15:00:00,111220.0,111720.1,111021.8,111161.8,2188,503
2025-10-20 16:00:00,111161.1,111318.4,110105.8,110700.7,3077,501
2025-10-20 17:00:00,110698.0,111085.9,109865.5,110291.0,2241,500
2025-10-20 18:00:00,110290.9,110968.9,110225.2,110930.5,1596,504
2025-10-20 19:00:00,110930.4,111075.9,110529.2,110822.2,1680,501
2025-10-20 20:00:00,110822.4,111272.4,110655.4,111111.9,1318,500
2025-10-20 21:00:00,111109.3,111258.4,110479.6,110576.6,1178,500
2025-10-20 22:00:00,110564.7,110884.5,110424.9,110819.2,589,507
2025-10-20 23:00:00,110810.9,110842.5,110504.1,110554.5,1182,500
2025-10-21 00:00:00,110554.6,110555.8,110158.8,110454.4,1304,504
2025-10-21 01:00:00,110460.7,110499.6,109567.8,109873.3,1783,500
2025-10-21 02:00:00,109867.4,109928.4,109328.0,109529.5,1780,501
2025-10-21 03:00:00,109535.0,109632.2,109083.2,109086.8,1800,500
2025-10-21 04:00:00,109086.1,109086.1,107667.8,107802.9,2837,501
2025-10-21 05:00:00,107812.4,107987.9,107460.9,107548.6,1909,500
2025-10-21 06:00:00,107554.9,108202.8,107496.0,107933.8,1817,501
2025-10-21 07:00:00,107928.9,108209.9,107639.8,108084.5,1502,500
2025-10-21 08:00:00,108083.0,108104.1,107471.8,107722.9,1758,500
2025-10-21 09:00:00,107724.9,107879.2,107532.8,107755.2,1439,500
2025-10-21 10:00:00,107755.1,108808.4,107565.6,108515.4,1892,501
2025-10-21 11:00:00,108510.9,108646.6,108165.6,108591.3,1308,500
2025-10-21 12:00:00,108593.5,109482.7,108474.0,108793.4,2055,502
2025-10-21 13:00:00,108792.6,108911.9,107958.2,108444.0,2949,500
2025-10-21 14:00:00,108427.4,112308.4,108419.8,112167.8,4431,502
2025-10-21 15:00:00,112188.5,113574.7,111753.8,113456.9,4759,501
2025-10-21 16:00:00,113459.4,114036.9,112483.8,112558.0,3985,507
2025-10-21 17:00:00,112569.9,113034.4,111849.8,112047.4,4171,504
2025-10-21 18:00:00,112042.1,112334.3,111407.8,112024.9,2724,507
2025-10-21 19:00:00,112030.4,112242.7,111594.1,111828.2,1865,502
2025-10-21 20:00:00,111803.4,111853.5,110618.8,110823.6,3142,515
2025-10-21 21:00:00,110819.4,111147.6,110123.8,110837.7,3388,504
2025-10-21 22:00:00,110852.5,110852.5,108358.4,109099.1,1599,515
2025-10-21 23:00:00,109104.4,109464.9,108104.0,108347.3,2848,501
2025-10-22 00:00:00,108347.4,108659.4,107870.1,108017.4,3070,508
2025-10-22 01:00:00,108017.6,108499.7,108015.5,108394.5,2150,501
2025-10-22 02:00:00,108396.1,108712.9,108241.8,108241.8,1731,503
2025-10-22 03:00:00,108238.9,108280.1,107888.6,108253.8,2076,501
2025-10-22 04:00:00,108253.3,108658.7,108162.8,108656.2,1254,502
2025-10-22 05:00:00,108659.6,108677.7,107929.5,108211.4,1871,501
2025-10-22 06:00:00,108208.6,108373.9,107957.8,108022.9,1205,504
2025-10-22 07:00:00,108023.9,108343.4,107644.4,108334.4,1838,502
2025-10-22 08:00:00,108334.3,108387.5,108100.8,108263.9,1834,501
2025-10-22 09:00:00,108262.6,108306.9,107804.4,108000.2,2365,500
2025-10-22 10:00:00,108001.5,108141.1,107652.8,107677.6,2093,501
2025-10-22 11:00:00,107700.6,108241.9,106765.8,107579.6,3372,501
2025-10-22 12:00:00,107578.8,108426.1,107468.4,108071.2,2754,501
2025-10-22 13:00:00,108068.4,109041.7,107672.6,108840.9,2981,501
2025-10-22 14:00:00,108825.6,109006.4,107513.8,108932.5,5195,502
2025-10-22 15:00:00,108921.6,109134.8,107735.6,108386.4,5790,506
2025-10-22 16:00:00,108386.9,108789.4,107853.3,108202.6,4994,500
2025-10-22 17:00:00,108202.6,108326.2,107552.5,107750.8,4938,500
2025-10-22 18:00:00,107757.0,108202.4,107447.9,108017.5,4849,500
2025-10-22 19:00:00,108010.1,108397.4,107709.1,107833.6,4823,500
2025-10-22 20:00:00,107832.6,108051.9,107484.5,107681.0,2627,501
2025-10-22 21:00:00,107681.0,107744.8,106685.8,107193.4,7014,500
2025-10-22 22:00:00,107193.4,107660.0,106906.5,107182.8,1135,504
2025-10-22 23:00:00,107180.2,107940.0,107152.7,107562.9,3315,504
2025-10-23 00:00:00,107563.8,107964.3,107485.4,107836.4,3511,500
2025-10-23 01:00:00,107838.4,108484.9,107801.9,108166.3,3474,500
2025-10-23 02:00:00,108166.8,108417.4,108054.1,108417.4,2480,500
2025-10-23 03:00:00,108416.4,108726.4,108311.2,108357.8,3260,500
2025-10-23 04:00:00,108377.1,108944.4,108347.9,108651.1,1963,500
2025-10-23 05:00:00,108651.6,108993.9,108610.4,108964.2,1380,501
2025-10-23 06:00:00,108960.7,110311.1,108848.4,110268.2,3698,500
2025-10-23 07:00:00,110268.0,110289.5,109213.0,109268.4,2069,501
2025-10-23 08:00:00,109266.1,109913.1,109250.4,109521.1,2157,500
2025-10-23 09:00:00,109518.2,109557.9,109109.9,109434.0,2419,500
2025-10-23 10:00:00,109428.4,109710.4,109381.4,109430.1,2461,503
2025-10-23 11:00:00,109429.6,109670.1,109119.5,109266.6,2593,500
2025-10-23 12:00:00,109242.7,109265.9,108691.7,109159.8,3875,500
2025-10-23 13:00:00,109159.9,109630.5,108793.7,109515.4,3191,502
2025-10-23 14:00:00,109480.8,109839.5,108736.4,109598.9,4435,500
2025-10-23 15:00:00,109599.0,110128.4,109507.7,109887.8,3523,501
2025-10-23 16:00:00,109924.3,110580.9,109654.3,110278.4,2948,500
2025-10-23 17:00:00,110275.0,111315.9,109647.8,111258.9,4095,500
2025-10-23 18:00:00,111258.4,111315.8,110278.2,110591.4,3640,500
2025-10-23 19:00:00,110593.9,110651.9,110110.2,110205.6,2711,500
2025-10-23 20:00:00,110203.4,110232.6,109342.5,109545.4,2802,500
2025-10-23 21:00:00,109545.3,109743.4,109370.5,109557.5,2781,500
2025-10-23 22:00:00,109555.8,110177.5,109555.4,109974.8,2000,500
2025-10-23 23:00:00,109965.6,110126.8,109838.9,110091.6,1743,500
2025-10-24 00:00:00,110090.4,110722.4,109981.8,110526.9,2781,500
2025-10-24 01:00:00,110527.4,110690.4,110157.8,110594.7,2339,500
2025-10-24 02:00:00,110594.6,110840.8,110359.9,110587.2,1839,500
2025-10-24 03:00:00,110587.6,110655.3,110289.9,110462.7,1340,500
2025-10-24 04:00:00,110462.6,111494.9,110349.0,111196.6,2370,500
2025-10-24 05:00:00,111191.7,111336.4,110937.9,111271.8,2162,500
2025-10-24 06:00:00,111273.9,111517.4,111118.8,111483.6,1246,500
2025-10-24 07:00:00,111483.8,111550.9,110797.4,111081.7,1333,500
2025-10-24 08:00:00,111082.4,111232.2,110710.4,111102.9,1467,500
2025-10-24 09:00:00,111099.9,111508.4,111008.2,111355.9,1384,500
2025-10-24 10:00:00,111355.8,111357.9,111057.8,111135.7,1057,500
2025-10-24 11:00:00,111155.9,111284.9,110598.8,111080.7,1432,500
2025-10-24 12:00:00,111079.4,112047.7,110892.1,111312.3,3504,500
2025-10-24 13:00:00,111319.9,111453.8,110384.4,110935.9,3433,500
2025-10-24 14:00:00,110933.9,110934.9,109706.1,110216.0,3794,500
2025-10-24 15:00:00,110218.5,110623.4,109883.4,110033.1,3788,500
2025-10-24 16:00:00,110032.6,110387.9,109785.9,110250.6,4260,500
2025-10-24 17:00:00,110256.9,110577.9,110177.5,110205.7,3329,500
2025-10-24 18:00:00,110206.2,110634.8,110136.6,110612.4,3649,500
2025-10-24 19:00:00,110610.9,110933.9,110506.6,110608.4,2952,500
2025-10-24 20:00:00,110604.9,111017.8,110464.1,110892.4,3695,500
2025-10-24 21:00:00,110891.4,111113.5,110614.3,111086.4,817,516
2025-10-24 22:00:00,111045.0,111144.4,110906.0,111025.6,708,698
2025-10-24 23:00:00,111023.6,111134.4,110872.3,111017.9,536,501
2025-10-25 00:00:00,111019.9,111059.4,110673.2,110780.0,626,501
2025-10-25 01:00:00,110784.8,111240.2,110744.5,111084.6,469,542
2025-10-25 02:00:00,111090.2,111142.9,110926.9,111041.5,237,505
2025-10-25 03:00:00,111045.4,111144.1,110996.5,111033.4,182,505
2025-10-25 04:00:00,111033.6,111456.1,111029.0,111222.4,434,507
2025-10-25 05:00:00,111229.9,111430.4,111065.0,111387.8,351,530
2025-10-25 06:00:00,111394.4,111489.2,111224.1,111367.0,275,557
2025-10-25 07:00:00,111367.5,111817.4,111365.7,111497.3,841,538
2025-10-25 08:00:00,111495.4,111795.9,111444.9,111770.0,639,512
2025-10-25 09:00:00,111770.5,111835.9,111481.6,111517.9,733,537
2025-10-25 10:00:00,111517.4,111689.5,111344.8,111519.9,461,1282
2025-10-25 11:00:00,111540.8,111642.1,111447.5,111581.5,257,1297
2025-10-25 12:00:00,111571.8,111941.7,111502.7,111905.3,669,603
2025-10-25 13:00:00,111905.8,111925.2,111475.1,111681.1,455,503
2025-10-25 14:00:00,111681.6,111765.1,111513.0,111586.9,511,505
2025-10-25 15:00:00,111585.4,111585.4,111298.1,111398.1,599,502
2025-10-25 16:00:00,111397.6,111466.2,111149.6,111379.9,627,500
2025-10-25 17:00:00,111378.3,111454.4,111283.9,111375.4,503,500
2025-10-25 18:00:00,111375.6,111740.1,111304.8,111706.4,591,500
2025-10-25 19:00:00,111711.9,111712.4,111565.8,111621.9,514,500
2025-10-25 20:00:00,111610.2,111654.4,111373.6,111430.9,478,500
2025-10-25 21:00:00,111430.4,111481.9,111322.5,111481.4,1518,500
2025-10-25 22:00:00,111481.4,111683.9,111392.2,111605.7,2279,526
2025-10-25 23:00:00,111606.1,111675.9,111516.0,111648.0,1974,500
2025-10-26 00:00:00,111627.8,111898.8,111523.1,111718.1,3315,503
2025-10-26 01:00:00,111717.9,111844.2,111513.9,111622.8,2749,501
2025-10-26 02:00:00,111622.3,111690.7,111399.3,111455.1,2940,500
2025-10-26 03:00:00,111434.6,111508.4,111235.1,111266.4,2669,500
2025-10-26 04:00:00,111247.8,111484.9,111232.1,111413.8,1314,500
2025-10-26 05:00:00,111408.9,111652.1,111338.7,111586.3,1271,502
2025-10-26 06:00:00,111586.8,111671.7,111516.8,111604.8,1326,520
2025-10-26 07:00:00,111621.6,111723.1,111591.1,111694.9,1409,500
2025-10-26 08:00:00,111716.9,111856.1,111695.1,111764.9,1751,500
2025-10-26 09:00:00,111760.4,112778.9,111696.4,112512.8,4895,502
2025-10-26 10:00:00,112514.8,112574.2,112174.2,112474.4,3119,501
2025-10-26 11:00:00,112472.4,113439.1,112411.0,113262.1,4745,509
2025-10-26 12:00:00,113265.8,113812.9,113251.7,113549.7,5069,502
2025-10-26 13:00:00,113549.2,113977.8,113248.5,113687.2,4692,500
2025-10-26 14:00:00,113707.8,113875.4,113515.1,113546.4,3929,503
2025-10-26 15:00:00,113545.9,113715.5,113407.9,113676.6,3351,500
2025-10-26 16:00:00,113676.1,113744.4,113261.4,113515.8,2481,500
2025-10-26 17:00:00,113495.0,113733.8,113413.2,113420.5,2038,501
2025-10-26 18:00:00,113413.7,113765.1,113413.2,113561.1,1780,501
2025-10-26 19:00:00,113571.6,113703.9,113474.1,113563.3,2050,500
2025-10-26 20:00:00,113561.3,113565.8,113297.1,113306.8,1906,500
2025-10-26 21:00:00,113301.6,113573.0,112905.4,113456.5,2426,513
2025-10-26 22:00:00,113428.3,115434.4,113428.3,114667.1,3116,610
2025-10-26 23:00:00,114670.8,114957.9,114371.2,114530.5,3705,500
2025-10-27 00:00:00,114528.0,115146.8,114351.3,114744.5,5075,500
2025-10-27 01:00:00,114742.0,115371.6,114690.3,115255.6,3774,500
2025-10-27 02:00:00,115255.7,115445.0,114796.7,114858.1,3485,500
2025-10-27 03:00:00,114862.6,115244.6,114815.4,114964.6,3043,500
2025-10-27 04:00:00,114944.8,115283.9,114934.3,115251.9,2339,500
2025-10-27 05:00:00,115251.7,115627.5,115230.0,115541.7,2765,500
2025-10-27 06:00:00,115527.1,116094.2,115337.5,116037.6,3096,500
2025-10-27 07:00:00,116030.4,116368.5,115471.0,115525.6,3949,500
2025-10-27 08:00:00,115532.9,115596.4,114879.4,114984.9,3735,500
2025-10-27 09:00:00,114988.0,115338.4,114800.8,115220.1,4074,500
2025-10-27 10:00:00,115221.1,115519.0,115093.9,115445.0,3147,500
2025-10-27 11:00:00,115446.2,115508.8,115117.4,115335.2,3420,500
2025-10-27 12:00:00,115335.8,115419.4,114973.9,115040.7,2825,500
2025-10-27 13:00:00,115045.9,115391.0,114576.3,115241.9,1774,500
2025-10-27 14:00:00,115246.6,115335.3,114473.4,114800.8,2116,500
2025-10-27 15:00:00,114802.4,115207.9,114760.4,114992.4,1719,500
2025-10-27 16:00:00,114945.2,115608.9,114856.4,115479.7,1475,500
2025-10-27 17:00:00,115476.8,115706.9,115286.6,115692.2,1456,500
2025-10-27 18:00:00,115687.3,115788.2,115310.4,115340.0,2018,500
2025-10-27 19:00:00,115340.2,115343.4,114767.0,114905.5,1478,500
2025-10-27 20:00:00,114915.9,114921.7,114397.1,114436.8,1322,500
2025-10-27 21:00:00,114434.8,114601.2,114126.0,114283.9,1352,500
2025-10-27 22:00:00,114283.9,114564.8,114042.1,114078.0,871,500
2025-10-27 23:00:00,114100.3,114204.1,113821.8,114079.4,1023,500
2025-10-28 00:00:00,114078.9,114344.7,113770.7,113943.7,1323,500
2025-10-28 01:00:00,113944.9,114522.7,113930.4,114398.1,972,500
2025-10-28 02:00:00,114404.7,114455.2,113552.4,113922.9,1223,500
2025-10-28 03:00:00,113918.1,114092.9,113701.9,113888.9,1468,500
2025-10-28 04:00:00,113890.9,114057.4,113743.5,113939.6,1053,500
2025-10-28 05:00:00,113939.3,113973.4,113473.1,113582.2,1122,500
2025-10-28 06:00:00,113585.5,114165.3,113585.5,114097.1,991,500
2025-10-28 07:00:00,114096.8,114344.3,114074.6,114170.7,825,500
2025-10-28 08:00:00,114166.8,114443.4,114089.5,114398.3,823,500
2025-10-28 09:00:00,114398.4,114605.4,114159.1,114514.4,769,500
2025-10-28 10:00:00,114512.5,114593.6,114399.0,114583.4,514,500
2025-10-28 11:00:00,114583.4,114641.9,114266.8,114331.4,886,500
2025-10-28 12:00:00,114317.5,114497.1,114116.6,114433.2,1241,500
2025-10-28 13:00:00,114433.4,115507.9,114427.0,115507.9,2051,500
2025-10-28 14:00:00,115510.9,116080.4,114225.8,115047.8,3070,500
2025-10-28 15:00:00,115048.8,115393.0,114499.0,114622.4,2272,500
2025-10-28 16:00:00,114620.0,115486.3,114513.4,115324.0,2468,500
2025-10-28 17:00:00,115327.2,115581.0,115205.9,115280.1,1748,500
2025-10-28 18:00:00,115276.4,115355.7,114630.2,115006.8,1864,500
2025-10-28 19:00:00,115007.8,115053.3,113547.9,113675.8,2528,500
2025-10-28 20:00:00,113670.6,113684.5,112314.7,112790.4,3088,500
2025-10-28 21:00:00,112763.1,113216.7,112208.9,112992.4,2960,500
2025-10-28 22:00:00,112991.4,113295.4,112824.3,113230.3,2062,500
2025-10-28 23:00:00,113223.0,113230.1,112765.1,112900.1,2118,500
2025-10-29 00:00:00,112901.4,112901.4,112427.8,112436.0,2335,500
2025-10-29 01:00:00,112428.3,112951.3,112075.6,112483.9,2719,500
2025-10-29 02:00:00,112484.4,112776.4,112397.6,112660.4,2039,500
2025-10-29 03:00:00,112659.6,112660.7,112325.1,112512.0,1851,500
2025-10-29 04:00:00,112512.2,112877.3,112491.7,112799.5,1859,500
2025-10-29 05:00:00,112810.4,113350.9,112793.2,113036.7,1952,500
2025-10-29 06:00:00,113037.6,113344.4,112961.4,113273.4,1871,500
2025-10-29 07:00:00,113280.4,113563.3,113224.7,113559.7,1964,500
2025-10-29 08:00:00,113561.3,113621.4,112946.2,113064.7,1816,500
2025-10-29 09:00:00,113056.4,113090.3,112773.8,112972.9,1742,500
2025-10-29 10:00:00,112979.0,113180.6,112719.4,112864.2,1882,500
2025-10-29 11:00:00,112868.3,113233.9,112728.4,113124.3,1847,500
2025-10-29 12:00:00,113124.4,113328.5,113030.0,113146.9,1818,500
2025-10-29 13:00:00,113147.9,113651.4,112689.2,112866.6,2944,500
2025-10-29 14:00:00,112858.4,112907.8,112226.9,112469.5,2811,500
2025-10-29 15:00:00,112468.9,112543.8,111386.9,111490.0,3291,500
2025-10-29 16:00:00,111491.2,111491.2,110939.8,111085.5,2632,500
2025-10-29 17:00:00,111087.4,111902.6,110987.5,111852.6,1863,500
2025-10-29 18:00:00,111830.0,111997.8,109249.8,110783.7,9561,503
2025-10-29 19:00:00,110782.9,111435.4,110142.1,110613.0,10556,500
2025-10-29 20:00:00,110617.6,111525.8,110394.4,111420.2,7384,500
2025-10-29 21:00:00,111418.8,111798.1,111353.9,111613.2,3515,500
2025-10-29 22:00:00,111591.8,111617.5,110953.0,111016.2,1363,500
2025-10-29 23:00:00,111014.9,111063.2,109723.3,110011.1,5252,500
2025-10-30 00:00:00,110015.4,110565.8,109713.5,110531.8,5125,500
2025-10-30 01:00:00,110524.9,110704.8,110242.3,110420.8,3636,500
2025-10-30 02:00:00,110424.5,110987.4,110322.2,110965.5,3569,500
2025-10-30 03:00:00,110970.1,110970.1,110510.0,110740.8,3323,500
2025-10-30 04:00:00,110737.8,110742.5,107934.1,108551.8,6456,500
2025-10-30 05:00:00,108554.2,110419.4,108401.3,110245.2,6068,500
2025-10-30 06:00:00,110235.5,110944.5,109967.7,110752.9,4982,500
2025-10-30 07:00:00,110747.6,111588.8,110640.0,111331.4,3605,500
2025-10-30 08:00:00,111339.4,111422.8,110651.1,110693.8,3035,500
2025-10-30 09:00:00,110691.0,110786.4,110100.3,110142.4,3510,500
2025-10-30 10:00:00,110139.5,110219.9,109826.8,110078.7,2826,500
2025-10-30 11:00:00,110078.2,110125.9,109682.6,109695.4,3093,500
2025-10-30 12:00:00,109691.0,109757.8,108258.9,108366.9,5836,500
2025-10-30 13:00:00,108362.8,108708.8,107373.1,107604.8,9937,500
2025-10-30 14:00:00,107596.0,108329.8,107593.1,108241.9,9835,500
2025-10-30 15:00:00,108238.3,108320.8,107306.0,107676.9,7378,500
2025-10-30 16:00:00,107681.2,108190.8,107529.2,108100.6,7077,500
2025-10-30 17:00:00,108100.1,108116.8,106789.0,107455.2,10038,500
2025-10-30 18:00:00,107450.9,107532.4,106768.2,106799.6,7352,500
2025-10-30 19:00:00,106802.2,107137.2,106291.4,106493.4,6457,500
2025-10-30 20:00:00,106489.4,107608.8,106277.1,107478.3,6362,500
2025-10-30 21:00:00,107480.4,107923.8,107360.9,107893.8,3860,500
2025-10-30 22:00:00,107880.2,107902.5,107431.3,107883.0,1993,500
2025-10-30 23:00:00,107883.4,108318.4,107559.1,108290.9,4240,500
2025-10-31 00:00:00,108292.8,109543.4,108250.9,109292.8,5449,500
2025-10-31 01:00:00,109264.1,110001.8,109134.2,109582.6,3671,500
2025-10-31 02:00:00,109589.7,109663.3,108522.2,108806.6,3120,500
2025-10-31 03:00:00,108806.4,109286.9,108583.9,109191.8,3407,500
2025-10-31 04:00:00,109196.4,110159.8,109068.4,110047.0,2631,500
2025-10-31 05:00:00,110044.8,110053.8,109646.3,109848.4,1567,500
2025-10-31 06:00:00,109850.0,109917.0,109469.4,109595.9,2204,500
2025-10-31 07:00:00,109595.4,109755.7,109193.7,109366.9,2363,500
2025-10-31 08:00:00,109378.9,110055.4,109162.6,110010.6,2676,500
2025-10-31 09:00:00,110007.7,110405.8,109757.1,109802.8,2169,500
2025-10-31 10:00:00,109807.1,110054.3,109652.6,109767.4,1457,500
2025-10-31 11:00:00,109764.9,110446.7,109417.6,110357.0,2099,500
2025-10-31 12:00:00,110360.1,110614.8,109559.0,109583.4,2762,500
2025-10-31 13:00:00,109585.9,110180.9,109304.9,110080.4,3620,500
2025-10-31 14:00:00,110088.3,110946.8,109506.4,110659.4,3969,500
2025-10-31 15:00:00,110661.9,111031.5,110041.9,110127.4,3251,500
2025-10-31 16:00:00,110121.9,110222.3,108603.7,108737.1,3308,501
2025-10-31 17:00:00,108736.1,109330.8,108540.9,109215.9,3411,500
2025-10-31 18:00:00,109214.9,109712.4,108875.3,109355.4,2680,500
2025-10-31 19:00:00,109355.4,110164.4,109022.4,109737.5,2732,500
2025-10-31 20:00:00,109727.6,109774.8,109343.6,109403.0,2213,500
2025-10-31 21:00:00,109402.7,109681.2,109242.9,109489.9,489,1303
2025-10-31 22:00:00,109444.0,109726.4,109368.4,109504.3,455,1199
2025-10-31 23:00:00,109494.9,109616.4,109400.9,109535.9,303,514
2025-11-01 00:00:00,109536.6,109681.4,109298.1,109656.5,493,517
2025-11-01 01:00:00,109655.1,109972.1,109590.4,109654.1,497,508
2025-11-01 02:00:00,109648.9,109777.9,109368.4,109698.4,483,621
2025-11-01 03:00:00,109696.9,110221.9,109685.9,110154.9,402,563
2025-11-01 04:00:00,110155.6,110472.8,110045.5,110207.2,494,516
2025-11-01 05:00:00,110208.7,110306.0,109967.4,110055.2,313,550
2025-11-01 06:00:00,110054.2,110105.9,109837.1,109923.0,396,543
2025-11-01 07:00:00,109926.9,110182.8,109891.7,109995.7,461,735
2025-11-01 08:00:00,110026.6,110217.8,109974.5,110197.8,1383,512
2025-11-01 09:00:00,110193.9,110204.8,109865.9,109913.9,1173,500
2025-11-01 10:00:00,109913.4,110113.2,109771.1,110070.1,959,505
2025-11-01 11:00:00,110104.7,110187.8,109920.1,110048.6,959,506
2025-11-01 12:00:00,110071.8,110130.1,109914.4,109935.4,1033,500
2025-11-01 13:00:00,109937.4,109998.8,109623.4,109903.1,1103,503
2025-11-01 14:00:00,109900.1,109944.6,109672.7,109862.4,1235,500
2025-11-01 15:00:00,109882.8,110307.7,109841.8,110280.9,2319,500
2025-11-01 16:00:00,110279.4,110488.0,110158.3,110400.6,3156,500
2025-11-01 17:00:00,110355.2,110434.8,110125.3,110145.5,1329,520
2025-11-01 18:00:00,110162.5,110333.6,110130.1,110272.5,1184,500
2025-11-01 19:00:00,110272.7,110299.3,110127.4,110238.1,535,508
2025-11-01 20:00:00,110238.2,110491.0,110191.1,110377.1,1190,505
2025-11-01 21:00:00,110380.1,110412.8,109798.2,109798.8,1359,554
2025-11-01 22:00:00,109749.6,110039.1,109749.6,110027.4,1493,607
2025-11-01 23:00:00,110028.4,110088.8,109912.9,110032.0,1030,511
2025-11-02 00:00:00,110062.8,110089.8,109839.2,109905.3,1167,502
2025-11-02 01:00:00,109906.2,110060.8,109843.0,109914.7,922,501
2025-11-02 02:00:00,109915.0,110209.8,109829.1,109988.8,974,528
2025-11-02 03:00:00,109955.5,110034.8,109876.7,110013.8,784,557
2025-11-02 04:00:00,109992.4,110717.8,109967.2,110613.9,2084,500
2025-11-02 05:00:00,110614.3,110657.8,110233.4,110435.4,2603,500
2025-11-02 06:00:00,110451.8,110668.8,110234.9,110603.4,2333,500
2025-11-02 07:00:00,110621.8,110991.8,110384.0,110842.4,2547,500
2025-11-02 08:00:00,110843.4,110959.8,110652.0,110799.8,2413,500
2025-11-02 09:00:00,110781.9,110992.8,110470.1,110653.9,2733,501
2025-11-02 10:00:00,110658.9,110826.8,110307.9,110433.4,2805,500
2025-11-02 11:00:00,110445.1,111151.8,110432.6,111095.9,3126,502
2025-11-02 12:00:00,111096.9,111156.8,110644.7,110682.9,3912,500
2025-11-02 13:00:00,110683.4,110716.9,110138.4,110527.1,3342,500
2025-11-02 14:00:00,110523.8,110635.8,110167.4,110384.9,4421,500
2025-11-02 15:00:00,110385.9,110526.4,110060.6,110081.4,3156,500
2025-11-02 16:00:00,110075.4,110107.8,109706.6,110061.8,4472,500
2025-11-02 17:00:00,110085.4,110237.1,109995.5,110160.9,3236,500
2025-11-02 18:00:00,110166.4,110309.8,110099.9,110298.9,2967,509
2025-11-02 19:00:00,110296.9,110308.1,109926.4,110137.1,2622,500
2025-11-02 20:00:00,110136.9,110179.8,109856.5,110048.8,1942,502
2025-11-02 21:00:00,110048.6,110105.8,109932.9,109986.8,1234,506
2025-11-02 22:00:00,109986.8,109989.4,109445.9,109879.4,1252,809
2025-11-02 23:00:00,109863.7,110696.2,109863.7,110509.8,4393,500
2025-11-03 00:00:00,110513.4,110725.8,109730.9,109731.0,4449,500
2025-11-03 01:00:00,109730.6,109880.9,109362.9,109646.2,5875,500
2025-11-03 02:00:00,109643.9,109741.9,108644.6,109011.9,5846,500
2025-11-03 03:00:00,109012.4,109139.2,107901.8,107916.9,6967,500
2025-11-03 04:00:00,107918.4,107979.4,107446.1,107871.2,5848,500
2025-11-03 05:00:00,107849.8,108019.4,107371.5,107570.7,3065,500
2025-11-03 06:00:00,107562.9,107668.1,106987.4,107466.9,4767,500
2025-11-03 07:00:00,107456.4,107787.7,107238.1,107423.9,4600,500
2025-11-03 08:00:00,107425.4,107673.4,106962.3,107544.8,4176,500
2025-11-03 09:00:00,107565.8,107884.8,107048.6,107148.4,4265,500
2025-11-03 10:00:00,107149.6,107600.8,106734.0,106913.4,3506,500
2025-11-03 11:00:00,106915.5,107882.8,106915.5,107753.4,3914,500
2025-11-03 12:00:00,107752.9,108219.8,107679.7,107726.7,3039,500
2025-11-03 13:00:00,107724.4,108030.4,107541.9,107873.9,3659,500
2025-11-03 14:00:00,107884.4,108292.8,107336.2,108012.9,4194,500
2025-11-03 15:00:00,108019.7,108112.4,105476.6,105700.4,9114,501
2025-11-03 16:00:00,105704.8,106752.9,105269.0,106629.4,8439,500
2025-11-03 17:00:00,106629.4,107704.8,106490.2,107437.3,4916,500
2025-11-03 18:00:00,107444.4,107552.2,106760.2,106918.5,4956,500
2025-11-03 19:00:00,106910.7,107353.7,106397.1,107032.7,5753,500
2025-11-03 20:00:00,107038.1,107120.9,106256.3,106597.1,6866,500
2025-11-03 21:00:00,106606.1,107056.8,106027.9,106847.3,6208,500
2025-11-03 22:00:00,106855.7,106855.7,105785.8,106447.2,3077,500
2025-11-03 23:00:00,106451.2,106726.6,105998.9,106529.1,3442,500
2025-11-04 00:00:00,106529.0,106775.6,105816.3,106419.3,5291,500
2025-11-04 01:00:00,106422.9,107241.9,106214.6,106993.4,4659,500
2025-11-04 02:00:00,106984.4,107200.8,106423.2,106433.8,4044,500
2025-11-04 03:00:00,106435.2,107187.4,106191.5,107107.6,4187,500
2025-11-04 04:00:00,107107.1,107255.8,106665.0,106706.1,4083,500
2025-11-04 05:00:00,106705.4,106711.8,104137.4,104162.3,9369,500
2025-11-04 06:00:00,104161.0,105151.5,104137.7,104723.0,10387,500
2025-11-04 07:00:00,104709.7,104896.5,104274.7,104432.7,9638,500
2025-11-04 08:00:00,104431.1,104566.9,103710.1,103980.9,19483,500
2025-11-04 09:00:00,103973.4,104052.4,103555.4,103773.9,17383,500
2025-11-04 10:00:00,103777.4,104002.2,103525.0,103746.6,16074,500
2025-11-04 11:00:00,103743.2,104640.4,103701.7,104531.7,9015,500
2025-11-04 12:00:00,104533.3,104583.8,103765.4,103901.6,8449,500
2025-11-04 13:00:00,103895.9,104197.9,103515.0,103857.5,7662,500
2025-11-04 14:00:00,103859.4,104661.8,102850.4,104442.6,15086,500
2025-11-04 15:00:00,104442.5,104777.8,103117.4,103130.0,18798,500
2025-11-04 16:00:00,103123.9,103445.5,102099.8,102184.4,18312,500
2025-11-04 17:00:00,102173.4,102178.9,100731.9,101033.6,21855,500
2025-11-04 18:00:00,101035.4,101406.2,99932.4,101287.5,18659,500
2025-11-04 19:00:00,101285.6,101634.7,100312.1,100445.9,18328,500
2025-11-04 20:00:00,100439.8,101045.2,99511.9,100708.7,20146,502
2025-11-04 21:00:00,100682.4,100761.6,98877.4,100240.0,23911,500
2025-11-04 22:00:00,100246.4,101831.5,100017.4,101226.9,4005,500
2025-11-04 23:00:00,101247.1,101691.8,100864.4,101445.4,5638,500
2025-11-05 00:00:00,101479.8,101721.8,100312.3,100518.5,6512,500
2025-11-05 01:00:00,100523.2,100981.4,98927.8,100702.7,9220,500
2025-11-05 02:00:00,100721.1,101891.0,100717.2,101650.1,7416,501
2025-11-05 03:00:00,101650.7,102246.7,101434.9,102095.6,7157,500
2025-11-05 04:00:00,102109.4,102215.9,101494.3,101960.4,5469,500
2025-11-05 05:00:00,101961.4,102312.4,101560.8,101772.6,4832,500
2025-11-05 06:00:00,101774.6,102108.8,101470.4,102098.3,4198,500
2025-11-05 07:00:00,102072.8,102118.5,101571.5,101968.8,4478,500
2025-11-05 08:00:00,101969.7,101975.4,101152.3,101673.9,5571,500
2025-11-05 09:00:00,101673.7,102180.8,101580.3,101959.2,5069,500
2025-11-05 10:00:00,101959.1,101969.8,101278.9,101355.6,4349,501
2025-11-05 11:00:00,101380.3,102072.2,101346.6,102044.2,3872,500
2025-11-05 12:00:00,102045.5,102732.3,101886.4,102640.5,4835,500
2025-11-05 13:00:00,102635.8,103227.9,102263.0,102951.1,5990,500
2025-11-05 14:00:00,102947.7,103427.2,102153.5,103171.9,6095,500
2025-11-05 15:00:00,103174.4,103770.2,102795.4,103690.7,8030,500
2025-11-05 16:00:00,103701.8,104009.8,103059.1,103883.9,5284,500
2025-11-05 17:00:00,103898.8,103979.8,103344.4,103881.1,5322,500
2025-11-05 18:00:00,103871.4,104409.8,103735.6,104324.8,4670,500
2025-11-05 19:00:00,104326.8,104501.7,103954.8,103987.0,4245,500
2025-11-05 20:00:00,103986.9,104513.9,103614.9,103814.3,4564,500
2025-11-05 21:00:00,103808.6,103808.8,103495.7,103648.8,2873,500
2025-11-05 22:00:00,103640.2,103767.4,103263.6,103676.5,1687,500
2025-11-05 23:00:00,103687.3,104067.7,103630.3,103844.4,2092,500
2025-11-06 00:00:00,103870.8,103870.8,103295.5,103650.0,2976,500
2025-11-06 01:00:00,103646.9,103652.8,102692.9,103329.6,3824,500
2025-11-06 02:00:00,103319.4,103533.8,102822.5,103287.7,4182,500
2025-11-06 03:00:00,103288.0,103912.8,103280.9,103604.9,3246,500
2025-11-06 04:00:00,103605.1,104161.7,103542.6,103998.1,2121,500
2025-11-06 05:00:00,103997.0,104007.8,103056.8,103110.7,3135,500
2025-11-06 06:00:00,103108.4,103570.8,102980.4,103280.9,3188,501
2025-11-06 07:00:00,103281.7,103542.3,102885.9,103161.2,5924,500
2025-11-06 08:00:00,103157.8,103419.8,102951.1,103167.3,4616,500
2025-11-06 09:00:00,103163.9,103237.8,102777.1,102779.1,4340,500
2025-11-06 10:00:00,102783.1,103268.8,102613.4,103081.3,4177,500
2025-11-06 11:00:00,103079.8,103279.8,102696.4,103183.7,4018,500
2025-11-06 12:00:00,103188.9,103284.8,102336.1,102504.9,8104,500
2025-11-06 13:00:00,102500.6,103549.0,102500.6,103252.4,15229,500
2025-11-06 14:00:00,103249.9,103515.8,101972.7,102044.2,15918,500
2025-11-06 15:00:00,102043.4,102844.4,101552.9,101944.3,16473,500
2025-11-06 16:00:00,101945.4,102304.9,100225.0,100781.6,15069,500
2025-11-06 17:00:00,100798.0,101863.2,100673.5,101726.3,14347,500
2025-11-06 18:00:00,101726.4,102258.9,100835.5,101647.4,13513,500
2025-11-06 19:00:00,101641.9,101964.8,101130.4,101313.7,14823,500
2025-11-06 20:00:00,101312.2,101579.8,100576.9,100832.4,17395,500
2025-11-06 21:00:00,100837.4,101148.2,100460.1,101052.4,13064,500
2025-11-06 22:00:00,101052.4,101420.2,100928.3,101350.2,1892,500
2025-11-06 23:00:00,101346.3,101473.9,101056.0,101266.4,6813,500
2025-11-07 00:00:00,101265.4,101580.8,100670.9,101405.0,15888,500
2025-11-07 01:00:00,101405.4,101802.3,100822.9,101471.7,15987,500
2025-11-07 02:00:00,101473.0,101864.8,101164.6,101826.4,13938,500
2025-11-07 03:00:00,101858.0,102257.4,101805.4,101843.1,10807,500
2025-11-07 04:00:00,101843.0,102008.8,101499.4,101945.4,8369,500
2025-11-07 05:00:00,101943.2,102446.9,101943.2,102372.2,8775,500
2025-11-07 06:00:00,102371.4,102443.2,101745.2,101762.1,7566,500
2025-11-07 07:00:00,101762.2,101948.4,101557.8,101942.8,9749,500
2025-11-07 08:00:00,101943.8,101974.0,101356.8,101422.2,13294,500
2025-11-07 09:00:00,101433.1,101433.1,100722.5,100936.3,12911,500
2025-11-07 10:00:00,100934.1,101199.8,100503.3,100695.0,11458,500
2025-11-07 11:00:00,100689.3,100712.3,99745.1,100336.0,16852,500
2025-11-07 12:00:00,100335.5,100566.8,99182.3,99551.4,15564,500
2025-11-07 13:00:00,99550.4,100482.9,99367.2,100244.9,12267,500
2025-11-07 14:00:00,100243.9,100805.4,99423.4,100702.4,17802,500
2025-11-07 15:00:00,100714.2,101191.9,100264.5,100706.7,14817,502
2025-11-07 16:00:00,100714.9,101529.4,100423.4,101084.9,12543,500
2025-11-07 17:00:00,101086.4,102628.8,100853.4,102312.6,12097,500
2025-11-07 18:00:00,102311.3,102783.9,102204.9,102527.2,7865,500
2025-11-07 19:00:00,102527.5,103328.4,102399.3,103328.4,6064,500
2025-11-07 20:00:00,103327.8,103852.8,102877.7,103736.8,8827,500
2025-11-07 21:00:00,103731.8,103828.9,103279.9,103828.9,3815,500
2025-11-07 22:00:00,103782.9,104024.9,103529.3,103570.3,519,671
2025-11-07 23:00:00,103570.8,103708.2,103221.4,103257.4,619,959
2025-11-08 00:00:00,103260.1,103329.9,102481.0,102622.4,797,523
2025-11-08 01:00:00,102621.3,103140.9,102542.9,102910.9,704,518
2025-11-08 02:00:00,102908.9,103271.3,102675.8,102779.9,643,589
2025-11-08 03:00:00,102772.9,103224.4,102480.4,102512.2,721,567
2025-11-08 04:00:00,102519.2,102762.9,102308.9,102486.7,722,521
2025-11-08 05:00:00,102428.2,102661.9,102161.7,102228.2,595,528
2025-11-08 06:00:00,102234.1,102451.9,102022.7,102156.9,719,521
2025-11-08 07:00:00,102155.9,102336.4,101840.5,102281.9,545,538
2025-11-08 08:00:00,102288.4,102612.5,102059.5,102366.0,521,551
2025-11-08 09:00:00,102365.5,102543.4,102119.3,102326.8,408,602
2025-11-08 10:00:00,102327.3,102508.9,102186.7,102411.7,399,603
2025-11-08 11:00:00,102408.7,102572.8,101622.9,101797.3,622,618
2025-11-08 12:00:00,101798.7,102046.9,101650.2,101994.5,614,597
2025-11-08 13:00:00,101994.8,102133.1,101632.9,101742.7,795,622
2025-11-08 14:00:00,101747.3,102027.2,101389.0,101777.9,891,536
2025-11-08 15:00:00,101776.9,101910.4,101408.2,101669.6,771,576
2025-11-08 16:00:00,101671.1,101900.9,101445.5,101758.9,1190,1282
2025-11-08 17:00:00,101761.1,101956.9,101486.8,101946.8,854,1291
2025-11-08 18:00:00,101947.1,102198.5,101798.4,102120.3,737,500
2025-11-08 19:00:00,102121.9,102167.2,101502.9,101943.4,656,503
2025-11-08 20:00:00,101938.8,102147.7,101925.5,102018.7,594,500
2025-11-08 21:00:00,102018.4,102344.7,101987.4,102243.4,489,501
2025-11-08 22:00:00,102183.7,102382.8,102135.4,102356.8,971,603
2025-11-08 23:00:00,102338.4,102459.8,102241.4,102289.8,836,503
2025-11-09 00:00:00,102290.8,102311.8,101595.4,101742.5,2035,500
2025-11-09 01:00:00,101742.4,102063.8,101668.5,102022.8,1782,500
2025-11-09 02:00:00,102018.8,102018.8,101545.9,101592.7,1884,522
2025-11-09 03:00:00,101609.8,101784.1,101399.3,101620.2,2497,500
2025-11-09 04:00:00,101620.7,102089.8,101597.8,101685.0,1874,500
2025-11-09 05:00:00,101684.9,101986.8,101635.2,101894.8,1883,500
2025-11-09 06:00:00,101876.5,101935.2,101663.4,101711.0,1591,500
2025-11-09 07:00:00,101711.5,101951.7,101634.0,101926.7,1781,500
2025-11-09 08:00:00,101926.2,102021.1,101794.5,101953.6,1496,500
2025-11-09 09:00:00,101952.0,102109.2,101593.0,101629.8,1641,500
2025-11-09 10:00:00,101629.9,101895.0,101472.5,101847.4,2000,500
2025-11-09 11:00:00,101854.8,102283.9,101840.0,102205.4,1898,500
2025-11-09 12:00:00,102206.9,102401.8,102019.4,102054.3,2249,500
2025-11-09 13:00:00,102054.8,102966.7,102035.0,102883.2,2683,500
2025-11-09 14:00:00,102889.8,103998.9,102736.6,103012.9,4678,500
2025-11-09 15:00:00,102991.8,104121.8,102944.5,103722.3,3712,500
2025-11-09 16:00:00,103721.6,103880.5,103295.8,103817.6,3135,500
2025-11-09 17:00:00,103819.4,103937.1,103308.9,103615.2,2434,500
2025-11-09 18:00:00,103605.9,104537.4,103477.8,104480.9,2313,500
2025-11-09 19:00:00,104482.9,104783.0,104119.0,104783.0,3180,500
2025-11-09 20:00:00,104783.2,105019.8,104376.5,104599.1,2901,500
2025-11-09 21:00:00,104602.4,104822.1,104281.6,104507.6,2450,500
2025-11-09 22:00:00,104449.5,104789.2,104045.4,104699.8,1591,562
2025-11-09 23:00:00,104700.6,105435.5,104497.1,104683.3,2483,503
2025-11-10 00:00:00,104683.2,106478.0,104242.9,106273.4,3685,500
2025-11-10 01:00:00,106262.3,106625.1,105679.2,105684.6,3089,500
2025-11-10 02:00:00,105683.9,106026.7,105544.6,105977.1,2878,500
2025-11-10 03:00:00,105967.4,106254.9,105804.3,106003.3,2176,500
2025-11-10 04:00:00,106006.4,106279.9,105808.1,106131.0,1869,500
2025-11-10 05:00:00,106131.5,106439.9,105963.6,106064.4,1750,500
2025-11-10 06:00:00,106067.4,106281.4,105922.9,106191.9,1626,500
2025-11-10 07:00:00,106186.5,106517.6,106121.2,106422.2,1499,500
2025-11-10 08:00:00,106425.6,106523.4,105870.8,105930.5,2159,500
2025-11-10 09:00:00,105931.8,106574.1,105824.6,106417.3,2186,500
2025-11-10 10:00:00,106414.4,106432.8,105916.1,105973.4,2118,500
2025-11-10 11:00:00,105984.8,106290.9,105911.7,106156.6,1647,500
2025-11-10 12:00:00,106149.4,106195.8,105838.0,105910.2,2085,500
2025-11-10 13:00:00,105922.9,106568.6,105886.6,106515.4,2596,500
2025-11-10 14:00:00,106513.7,106516.8,104643.6,104849.4,4473,500
2025-11-10 15:00:00,104848.0,105605.6,104630.0,105027.9,4777,501
2025-11-10 16:00:00,105033.0,105321.8,104736.2,105187.9,4703,500
2025-11-10 17:00:00,105183.0,105943.0,105126.3,105906.8,5200,500
2025-11-10 18:00:00,105906.9,106038.8,105423.3,105432.9,2761,500
2025-11-10 19:00:00,105429.2,106017.8,105345.6,105784.4,3640,500
2025-11-10 20:00:00,105761.6,106255.0,105761.6,105971.9,3975,500
2025-11-10 21:00:00,105969.3,105991.0,105236.9,105599.8,4995,500
2025-11-10 22:00:00,105581.0,106089.6,105322.4,106009.9,1752,500
2025-11-10 23:00:00,106012.6,106245.8,105835.1,105963.1,3474,500
2025-11-11 00:00:00,105960.1,106116.1,105455.3,106081.1,5265,500
2025-11-11 01:00:00,106076.6,107465.8,105982.6,106041.3,6997,500
2025-11-11 02:00:00,106055.5,107088.8,105566.5,106605.0,7821,500
2025-11-11 03:00:00,106604.9,107061.3,106315.7,106408.1,5759,501
2025-11-11 04:00:00,106416.6,106513.1,105662.6,105699.4,6220,502
2025-11-11 05:00:00,105699.7,105730.8,105120.1,105224.8,4696,500
2025-11-11 06:00:00,105217.1,105315.8,104845.8,105217.4,4367,500
2025-11-11 07:00:00,105215.2,105301.4,104694.8,104741.5,4511,500
2025-11-11 08:00:00,104742.7,105246.0,104723.6,105114.1,4071,500
2025-11-11 09:00:00,105117.4,105442.7,104881.2,104942.9,3965,500
2025-11-11 10:00:00,104940.6,105206.4,104886.6,105137.3,3191,500
2025-11-11 11:00:00,105134.1,105476.9,105107.7,105283.1,3055,500
2025-11-11 12:00:00,105284.4,105479.9,104364.9,104498.6,4953,502
2025-11-11 13:00:00,104509.5,104684.5,104207.1,104369.3,5604,500
2025-11-11 14:00:00,104369.8,104645.8,103813.9,104538.9,5071,501
2025-11-11 15:00:00,104533.2,104535.9,103154.1,103434.9,5840,500
2025-11-11 16:00:00,103434.8,103701.8,103175.9,103373.0,4381,500
2025-11-11 17:00:00,103371.1,103616.8,102809.1,103294.8,5128,500
2025-11-11 18:00:00,103291.4,103517.5,103029.4,103356.3,4333,500
2025-11-11 19:00:00,103353.9,103432.8,102883.2,103089.9,3912,500
2025-11-11 20:00:00,103090.9,103195.8,102639.2,102757.1,4738,500
2025-11-11 21:00:00,102752.7,103055.0,102423.0,102611.8,5806,500
2025-11-11 22:00:00,102579.4,103088.5,102444.9,102941.2,1751,501
2025-11-11 23:00:00,102939.3,103157.8,102743.9,103000.5,6783,500
2025-11-12 00:00:00,103001.5,103268.4,102759.4,102834.4,9918,500
2025-11-12 01:00:00,102832.9,103321.3,102624.8,103201.7,7049,500
2025-11-12 02:00:00,103200.7,103365.7,102884.4,103099.4,5842,500
2025-11-12 03:00:00,103098.9,103401.2,103042.1,103267.7,2897,500
2025-11-12 04:00:00,103269.7,103415.2,102977.6,103199.1,3219,500
2025-11-12 05:00:00,103204.7,103432.8,103179.8,103355.9,1802,500
2025-11-12 06:00:00,103355.7,103620.9,103322.9,103333.3,1565,500
2025-11-12 07:00:00,103333.4,103513.3,103036.2,103092.7,1237,500
2025-11-12 08:00:00,103091.3,104200.0,103091.3,104123.1,1752,500
2025-11-12 09:00:00,104123.0,105041.3,104118.4,104490.4,2044,500
2025-11-12 10:00:00,104491.0,105013.8,104478.6,104868.9,1637,500
2025-11-12 11:00:00,104864.2,105179.1,104706.1,104986.1,3152,500
2025-11-12 12:00:00,104973.1,105288.9,104794.1,104972.2,3299,500
2025-11-12 13:00:00,104972.1,105145.0,104603.5,105021.4,3927,500
2025-11-12 14:00:00,105016.9,105019.5,103599.0,103963.9,3367,500
2025-11-12 15:00:00,103963.8,104276.4,101941.8,102138.4,6664,500
2025-11-12 16:00:00,102136.7,102245.9,101303.9,101407.4,5775,500
2025-11-12 17:00:00,101402.4,102129.9,101373.8,101715.4,4762,500
2025-11-12 18:00:00,101716.1,101926.0,101381.4,101509.9,3696,500
2025-11-12 19:00:00,101510.4,101536.8,100791.1,101256.8,4207,500
2025-11-12 20:00:00,101259.1,101814.3,101103.4,101501.8,5894,500
2025-11-12 21:00:00,101503.8,101896.8,101481.7,101882.6,5111,500
2025-11-12 22:00:00,101879.1,101976.3,101403.1,101941.5,1501,500
2025-11-12 23:00:00,101946.2,101975.8,101426.0,101618.9,5552,502
2025-11-13 00:00:00,101621.7,102021.8,101427.6,101844.8,6793,500
2025-11-13 01:00:00,101842.8,102577.4,101806.1,101977.0,7894,500
2025-11-13 02:00:00,101986.8,102326.8,101942.8,102031.9,6397,500
2025-11-13 03:00:00,102034.9,102527.8,100887.4,102110.1,7941,500
2025-11-13 04:00:00,102111.8,102387.8,101623.4,102081.6,8031,500
2025-11-13 05:00:00,102087.9,103364.8,101752.4,103114.8,6891,500
2025-11-13 06:00:00,103106.0,103656.8,102876.9,103554.4,7177,500
2025-11-13 07:00:00,103568.8,104010.3,103283.9,103449.8,6609,500
2025-11-13 08:00:00,103433.6,103768.0,103249.9,103654.8,5942,500
2025-11-13 09:00:00,103630.5,103710.8,102509.9,102787.1,6470,500
2025-11-13 10:00:00,102795.8,103245.5,102736.4,102945.5,5546,500
2025-11-13 11:00:00,102950.1,103113.6,102658.8,102913.8,5823,500
2025-11-13 12:00:00,102929.4,103251.4,102693.7,103108.8,5283,500
2025-11-13 13:00:00,103108.8,103145.2,102109.1,102279.1,6586,500
2025-11-13 14:00:00,102279.8,103410.7,101704.8,102855.2,9862,500
2025-11-13 15:00:00,102854.1,102968.4,101142.8,101335.7,11294,500
2025-11-13 16:00:00,101371.8,101515.7,100534.4,100603.2,16144,500
2025-11-13 17:00:00,100611.8,100795.8,99565.2,99639.8,7565,500
2025-11-13 18:00:00,99634.8,99893.8,98104.2,98560.9,8799,500
2025-11-13 19:00:00,98573.8,99265.8,98265.8,98663.8,12524,501
2025-11-13 20:00:00,98661.8,98981.8,97949.6,98137.8,7203,501
2025-11-13 21:00:00,98132.1,98886.8,98000.0,98789.9,6040,502
2025-11-13 22:00:00,98789.9,99917.6,98675.6,99833.4,1055,500
2025-11-13 23:00:00,99833.9,100477.3,99522.8,99661.5,5718,500
2025-11-14 00:00:00,99652.8,99764.8,98705.5,98959.4,7072,501
2025-11-14 01:00:00,98954.8,99538.5,98658.8,99236.8,8405,500
2025-11-14 02:00:00,99235.6,99853.8,99191.5,99600.8,7513,500
2025-11-14 03:00:00,99563.1,99632.8,98743.5,99126.8,8471,500
2025-11-14 04:00:00,99123.8,99169.8,96690.4,97797.8,10205,500
2025-11-14 05:00:00,97791.4,98001.6,96981.4,97504.8,7693,500
2025-11-14 06:00:00,97505.8,97580.2,95911.9,97540.2,7966,501
2025-11-14 07:00:00,97534.8,97721.3,96759.9,97132.3,7124,501
2025-11-14 08:00:00,97130.8,97441.8,96760.0,97352.6,6340,501
2025-11-14 09:00:00,97334.8,97534.0,96651.8,96785.4,6000,500
2025-11-14 10:00:00,96785.3,97267.8,96617.6,96734.4,6859,502
2025-11-14 11:00:00,96737.8,96909.8,95683.2,96148.8,7942,500
2025-11-14 12:00:00,96146.8,96148.7,94488.6,95335.2,4895,502
2025-11-14 13:00:00,95345.5,95680.3,94479.0,95223.8,3034,500
2025-11-14 14:00:00,95222.7,96770.3,94946.2,96519.9,4109,501
2025-11-14 15:00:00,96482.8,97263.9,95793.2,96699.7,7149,515
2025-11-14 16:00:00,96700.3,97347.0,96190.9,96936.0,5329,519
2025-11-14 17:00:00,96936.3,97066.2,95540.1,95773.4,4910,531
2025-11-14 18:00:00,95772.7,96274.3,94944.1,94990.3,6607,511
2025-11-14 19:00:00,94988.4,95902.4,94716.3,95760.1,3417,502
2025-11-14 20:00:00,95759.9,95892.4,94115.9,94350.4,6956,500
2025-11-14 21:00:00,94355.9,95099.6,94138.6,94896.8,11047,640
2025-11-14 22:00:00,94896.8,95462.6,94572.9,95162.3,1527,1362
2025-11-14 23:00:00,95121.3,95151.2,93912.9,94526.7,2097,1013
2025-11-15 00:00:00,94541.1,95393.6,94438.6,95084.7,1763,747
2025-11-15 01:00:00,95108.7,95762.2,94683.3,95579.1,1431,544
2025-11-15 02:00:00,95613.5,96466.7,95337.8,96466.6,1377,624
2025-11-15 03:00:00,96460.9,96805.3,96072.2,96361.1,1471,583
2025-11-15 04:00:00,96381.4,96496.5,95878.1,96069.2,1109,501
2025-11-15 05:00:00,96052.2,96405.8,95936.6,96319.7,426,500
2025-11-15 06:00:00,96322.0,96553.0,95925.8,96103.6,381,500
2025-11-15 07:00:00,96101.2,96338.3,95848.0,96255.7,810,1276
2025-11-15 08:00:00,96257.2,96307.8,95556.9,95817.4,2867,730
2025-11-15 09:00:00,95820.3,96074.8,95564.0,95795.5,1917,500
2025-11-15 10:00:00,95795.0,96022.8,95612.8,95873.7,1128,500
2025-11-15 11:00:00,95881.6,95909.2,95553.3,95626.4,859,500
2025-11-15 12:00:00,95607.9,95853.9,95466.2,95737.4,1185,503
2025-11-15 13:00:00,95737.3,96317.8,95650.8,96310.8,2022,501
2025-11-15 14:00:00,96340.8,96430.8,95956.3,96181.5,2674,500
2025-11-15 15:00:00,96181.2,96379.8,96045.7,96199.2,1817,500
2025-11-15 16:00:00,96199.1,96280.8,95658.4,96089.7,1205,500
2025-11-15 17:00:00,96082.8,96328.8,95776.8,96158.5,1067,500
2025-11-15 18:00:00,96158.7,96278.4,95890.5,95978.2,1039,500
2025-11-15 19:00:00,95981.1,96081.1,95847.2,95938.8,488,500
2025-11-15 20:00:00,95941.5,95952.6,95062.9,95212.7,1842,500
2025-11-15 21:00:00,95202.9,95605.4,95056.9,95215.0,1549,517
2025-11-15 22:00:00,95159.9,95592.1,95154.3,95558.8,1126,686
2025-11-15 23:00:00,95556.8,95629.8,95417.0,95540.5,852,500
2025-11-16 00:00:00,95552.8,95650.4,95147.5,95318.5,1504,501
2025-11-16 01:00:00,95319.1,95442.6,94787.0,95212.5,3670,500
2025-11-16 02:00:00,95210.6,95933.8,95034.7,95920.0,3084,503
2025-11-16 03:00:00,95914.8,95935.8,95552.2,95744.8,880,500
2025-11-16 04:00:00,95745.0,95889.8,95576.1,95751.5,667,500
2025-11-16 05:00:00,95747.5,96120.5,95736.0,95815.0,598,500
2025-11-16 06:00:00,95810.2,95977.8,95677.0,95725.3,838,501
2025-11-16 07:00:00,95734.3,96039.8,95656.5,96019.6,1204,500
2025-11-16 08:00:00,96022.6,96157.8,95781.7,96044.5,1643,500
2025-11-16 09:00:00,96042.8,96557.0,95857.5,96550.8,1981,500
2025-11-16 10:00:00,96544.5,96544.5,96300.6,96391.8,1700,500
2025-11-16 11:00:00,96390.8,96403.8,95440.5,95588.8,2667,507
2025-11-16 12:00:00,95561.6,95839.8,95380.9,95690.4,1957,501
2025-11-16 13:00:00,95680.2,95804.8,95053.9,95372.8,2672,551
2025-11-16 14:00:00,95371.8,95614.3,95251.2,95483.9,1789,500
2025-11-16 15:00:00,95485.1,95503.8,94321.1,94513.1,3169,507
2025-11-16 16:00:00,94524.8,94890.8,93955.8,94168.6,4635,500
2025-11-16 17:00:00,94166.5,94492.8,93708.0,94294.3,2545,500
2025-11-16 18:00:00,94292.8,95497.5,93720.3,93990.7,2008,500
2025-11-16 19:00:00,93987.4,94556.8,93887.6,93971.1,1398,500
2025-11-16 20:00:00,93972.2,94675.4,93903.6,94027.3,911,500
2025-11-16 21:00:00,94028.4,94154.0,93303.8,93439.9,895,500
2025-11-16 22:00:00,93370.8,94432.7,92946.0,94088.4,2701,597
2025-11-16 23:00:00,94089.4,94468.4,92909.0,94165.5,6075,504
2025-11-17 00:00:00,94166.5,95313.2,93684.0,95219.0,5478,500
2025-11-17 01:00:00,95220.9,95436.5,94658.7,94700.8,4324,500
2025-11-17 02:00:00,94701.0,95336.3,94638.9,94882.8,4066,501
2025-11-17 03:00:00,94882.9,95554.8,94879.0,95411.2,4355,502
2025-11-17 04:00:00,95411.4,95502.4,94792.9,95018.1,4204,500
2025-11-17 05:00:00,95016.9,95195.7,94819.0,95036.8,3899,500
2025-11-17 06:00:00,95037.1,95256.6,94814.3,95198.7,3374,500
2025-11-17 07:00:00,95207.4,95801.5,95124.6,95568.3,1988,501
2025-11-17 08:00:00,95553.5,95942.2,95446.9,95543.0,988,501
2025-11-17 09:00:00,95545.3,95794.9,95229.8,95579.0,1258,501
2025-11-17 10:00:00,95578.1,95805.9,95457.3,95551.2,1345,501
2025-11-17 11:00:00,95550.1,95860.1,95302.5,95490.1,1285,505
2025-11-17 12:00:00,95489.5,95498.2,95189.9,95239.8,963,500
2025-11-17 13:00:00,95239.5,95296.5,93486.7,93843.5,2142,502
2025-11-17 14:00:00,93842.8,95963.2,93673.3,94662.7,4381,508
2025-11-17 15:00:00,94687.3,94934.0,93712.7,93842.3,4836,514
2025-11-17 16:00:00,93873.6,94329.9,92949.0,94192.3,4555,514
2025-11-17 17:00:00,94193.1,94309.0,92558.0,92648.5,4378,533
2025-11-17 18:00:00,92667.6,93128.8,92308.1,92424.6,4437,511
2025-11-17 19:00:00,92425.7,92558.9,91454.1,91535.9,5176,592
2025-11-17 20:00:00,91535.7,92112.4,91155.6,91809.8,5117,563
2025-11-17 21:00:00,91844.4,92131.1,91376.6,91805.8,3873,513
2025-11-17 22:00:00,91806.6,92289.9,91689.8,92146.2,2046,503
2025-11-17 23:00:00,92123.0,92177.9,91661.1,92081.4,4496,521
2025-11-18 00:00:00,92081.0,92239.0,91091.4,92057.9,3210,502
2025-11-18 01:00:00,92038.8,92106.9,91500.4,91639.7,2938,502
2025-11-18 02:00:00,91617.5,91639.3,90576.4,90733.7,3643,510
2025-11-18 03:00:00,90762.2,90818.6,89588.2,90741.6,4109,509
2025-11-18 04:00:00,90736.0,90759.2,89195.9,89980.1,4198,513
2025-11-18 05:00:00,89976.1,90359.5,89601.7,90087.0,3276,505
2025-11-18 06:00:00,90086.8,90128.1,89237.0,89512.2,3694,514
2025-11-18 07:00:00,89512.4,90443.1,89229.5,90392.2,4216,506
2025-11-18 08:00:00,90371.3,91386.8,90370.2,91125.7,4119,509
2025-11-18 09:00:00,91095.3,91362.9,90765.1,91274.3,3669,511
2025-11-18 10:00:00,91274.1,91510.6,91132.9,91477.0,3143,502
2025-11-18 11:00:00,91466.6,91506.7,91117.7,91412.0,2457,500
2025-11-18 12:00:00,91422.1,91771.8,90994.8,91392.3,2857,504
2025-11-18 13:00:00,91390.5,91562.0,90813.2,91358.7,2579,501
2025-11-18 14:00:00,91358.5,92377.8,91091.7,91274.9,3526,505
2025-11-18 15:00:00,91261.4,92944.3,90912.5,92831.7,4200,513
2025-11-18 16:00:00,92830.8,93766.9,92474.1,93438.8,2964,514
2025-11-18 17:00:00,93434.0,93599.8,92745.6,93207.3,2404,506
2025-11-18 18:00:00,93214.3,93705.7,93069.7,93252.8,1750,501
2025-11-18 19:00:00,93253.0,93558.1,92922.3,93122.8,1819,506
2025-11-18 20:00:00,93097.7,93252.2,92602.9,92730.9,1450,503
2025-11-18 21:00:00,92736.3,92991.8,92401.8,92438.8,783,501
2025-11-18 22:00:00,92428.1,93368.5,92427.9,93082.6,1070,502
2025-11-18 23:00:00,93107.8,93128.9,92661.5,92893.2,1215,501
2025-11-19 00:00:00,92890.4,92941.9,91894.3,92330.3,2613,503
2025-11-19 01:00:00,92330.2,92600.7,91864.1,92386.0,2694,514
2025-11-19 02:00:00,92393.0,92815.0,92190.1,92484.9,2713,505
2025-11-19 03:00:00,92510.9,92577.8,91613.3,91792.0,2041,502
2025-11-19 04:00:00,91791.6,91918.9,91079.7,91095.7,2667,504
2025-11-19 05:00:00,91095.0,91200.0,89945.2,90390.1,2163,502
2025-11-19 06:00:00,90392.7,91035.6,90197.9,90918.8,2239,502
2025-11-19 07:00:00,90910.0,91961.7,90879.6,91805.0,1800,501
2025-11-19 08:00:00,91791.9,91899.9,91262.0,91395.6,1572,506
2025-11-19 09:00:00,91395.5,91460.8,91021.4,91435.6,1709,501
2025-11-19 10:00:00,91434.7,91640.1,91146.6,91238.8,1468,501
2025-11-19 11:00:00,91239.6,91757.8,91221.9,91344.7,999,501
2025-11-19 12:00:00,91350.0,91816.8,91128.7,91715.7,1671,500
2025-11-19 13:00:00,91717.4,91832.0,91174.1,91313.4,1832,500
2025-11-19 14:00:00,91311.5,91800.8,90985.1,91658.4,2682,501
2025-11-19 15:00:00,91674.4,92327.0,89790.7,89873.8,2947,506
2025-11-19 16:00:00,89855.3,90162.8,89371.6,89828.0,3476,506
2025-11-19 17:00:00,89827.8,90034.1,88784.5,89418.3,5084,515
2025-11-19 18:00:00,89407.9,89647.6,88692.9,89107.4,3980,511
2025-11-19 19:00:00,89108.5,89273.7,88502.3,88778.8,3265,511
2025-11-19 20:00:00,88777.8,89591.8,88481.8,89457.4,3358,539
2025-11-19 21:00:00,89415.1,90783.8,89324.1,90507.8,2738,517
2025-11-19 22:00:00,90485.6,90549.3,89986.8,90386.3,1817,501
2025-11-19 23:00:00,90390.0,91509.4,90360.7,91465.8,2548,506
2025-11-20 00:00:00,91466.6,92242.8,91078.6,91783.2,2201,501
2025-11-20 01:00:00,91785.4,92632.3,91717.9,92489.5,2081,501
2025-11-20 02:00:00,92489.3,92728.2,92217.9,92488.0,2466,500
2025-11-20 03:00:00,92488.1,92641.8,92265.1,92349.9,1792,500
2025-11-20 04:00:00,92361.0,92898.0,92043.7,92854.1,2314,500
2025-11-20 05:00:00,92856.3,93073.9,92482.2,92536.9,1463,500
2025-11-20 06:00:00,92538.6,92779.8,91599.2,91868.2,1836,500
2025-11-20 07:00:00,91870.0,92357.8,91701.2,92229.8,2094,506
2025-11-20 08:00:00,92230.5,92316.8,91933.7,92016.5,1604,500
2025-11-20 09:00:00,92035.6,92059.2,91356.2,91843.8,1760,500
2025-11-20 10:00:00,91823.1,91964.9,91497.9,91712.4,2220,501
2025-11-20 11:00:00,91685.5,91938.7,91385.4,91841.3,2189,501
2025-11-20 12:00:00,91843.0,91906.4,91577.1,91750.2,1685,500
2025-11-20 13:00:00,91750.0,92447.8,91388.9,91441.7,2286,508
2025-11-20 14:00:00,91441.8,91571.4,90373.4,90985.6,4591,507
2025-11-20 15:00:00,90986.0,91095.8,89704.2,89756.8,4269,540
2025-11-20 16:00:00,89758.7,89823.3,87384.1,87783.6,5011,516
2025-11-20 17:00:00,87755.6,88034.8,86295.4,87130.3,4931,515
2025-11-20 18:00:00,87121.3,87669.5,86206.2,86360.1,3436,510
2025-11-20 19:00:00,86359.7,87043.3,85965.8,86802.4,4196,513
2025-11-20 20:00:00,86806.4,87008.8,86203.4,86313.3,4839,507
2025-11-20 21:00:00,86313.2,87566.5,86289.6,87182.8,4216,510
2025-11-20 22:00:00,87165.6,88148.7,87105.5,87937.9,3883,500
2025-11-20 23:00:00,87962.0,88070.6,86438.9,86523.4,5105,504
2025-11-21 00:00:00,86506.6,87396.4,86461.9,87148.9,5033,505
2025-11-21 01:00:00,87147.1,87362.9,86717.7,86924.8,4638,502
2025-11-21 02:00:00,86924.9,86966.6,85256.4,85329.5,5604,502
2025-11-21 03:00:00,85338.9,86030.9,85318.1,85699.8,5420,509
2025-11-21 04:00:00,85711.3,86018.1,85283.6,85954.2,5168,507
2025-11-21 05:00:00,85926.8,86264.8,85712.9,86054.2,4703,502
2025-11-21 06:00:00,86091.1,86157.5,85411.1,85446.2,4735,501
2025-11-21 07:00:00,85454.1,85722.8,81544.9,83903.1,6287,501
2025-11-21 08:00:00,83902.3,84590.4,83462.2,83515.8,6173,512
2025-11-21 09:00:00,83535.4,83882.6,81982.4,82079.6,6081,509
2025-11-21 10:00:00,82078.4,82798.7,81545.5,82573.0,6482,520
2025-11-21 11:00:00,82572.9,83267.8,82068.2,82208.1,5766,507
2025-11-21 12:00:00,82218.2,83493.9,80521.3,83147.4,7122,519
2025-11-21 13:00:00,83151.5,84330.1,83007.8,83995.5,6340,503
2025-11-21 14:00:00,83996.9,85397.7,83445.8,84739.9,6543,505
2025-11-21 15:00:00,84756.0,85013.8,82642.2,82821.3,7011,501
2025-11-21 16:00:00,82821.1,84829.4,82225.8,84801.2,6965,510
2025-11-21 17:00:00,84804.1,85469.8,84477.9,84780.1,6636,503
2025-11-21 18:00:00,84783.0,85045.8,83213.7,84517.1,7051,506
2025-11-21 19:00:00,84489.1,84960.9,83992.4,84119.7,6498,500
2025-11-21 20:00:00,84116.5,84633.8,83381.0,84483.5,6486,502
2025-11-21 21:00:00,84487.4,85365.7,84268.0,85125.8,4938,500
2025-11-21 22:00:00,85056.8,85351.9,84206.4,84231.0,853,726
2025-11-21 23:00:00,84222.9,85296.8,84059.5,85074.4,810,1101
2025-11-22 00:00:00,85078.4,85547.4,84500.2,84672.0,838,502
2025-11-22 01:00:00,84674.4,85148.7,84524.0,85101.0,775,501
2025-11-22 02:00:00,85113.9,85150.7,84223.4,84464.0,657,500
2025-11-22 03:00:00,84464.8,84547.9,84146.9,84379.9,613,501
2025-11-22 04:00:00,84383.4,84485.2,83766.6,84180.4,811,500
2025-11-22 05:00:00,84176.7,84257.4,83804.4,84220.3,688,500
2025-11-22 06:00:00,84219.8,84739.4,84008.9,84579.0,712,500
2025-11-22 07:00:00,84577.6,84610.4,84338.2,84524.8,578,500
2025-11-22 08:00:00,84525.9,84556.0,83874.9,83958.2,3895,500
2025-11-22 09:00:00,83962.4,84310.5,83805.4,83894.5,4092,500
2025-11-22 10:00:00,83874.3,84184.4,83440.4,83666.2,4451,500
2025-11-22 11:00:00,83655.4,84303.8,83531.4,84033.9,4001,500
2025-11-22 12:00:00,84037.9,84123.3,83576.8,83830.4,3465,500
2025-11-22 13:00:00,83819.4,84105.8,83611.8,83894.5,4047,500
2025-11-22 14:00:00,83916.3,84704.6,83883.8,84451.2,5482,500
2025-11-22 15:00:00,84449.4,84539.3,83965.0,84229.6,4309,500
2025-11-22 16:00:00,84229.2,84861.3,84166.9,84645.2,3971,500
2025-11-22 17:00:00,84642.3,84688.4,84362.4,84526.7,3440,500
2025-11-22 18:00:00,84527.2,84650.8,84430.9,84610.5,2768,500
2025-11-22 19:00:00,84600.0,84765.8,84460.2,84577.1,2610,500
2025-11-22 20:00:00,84575.6,84774.3,84193.1,84429.5,2933,500
2025-11-22 21:00:00,84431.8,84485.8,84198.4,84395.8,2697,500
2025-11-22 22:00:00,84293.0,85232.5,84223.9,85027.7,2983,703
2025-11-22 23:00:00,85016.2,85151.0,84611.3,84699.1,3809,500
2025-11-23 00:00:00,84723.8,85281.3,84629.2,84919.4,4230,501
2025-11-23 01:00:00,84920.3,86088.8,84902.9,85854.4,5206,500
2025-11-23 02:00:00,85843.0,86325.8,85636.9,85973.0,5836,500
2025-11-23 03:00:00,85955.4,86289.8,85763.4,86262.2,4617,500
2025-11-23 04:00:00,86285.3,86830.3,86108.9,86511.2,5138,500
2025-11-23 05:00:00,86509.2,86564.2,85953.3,86320.4,3833,500
2025-11-23 06:00:00,86308.5,86474.6,85819.2,85840.2,3129,500
2025-11-23 07:00:00,85820.3,85896.8,85360.9,85756.0,3766,500
2025-11-23 08:00:00,85755.5,86172.8,85719.5,86097.9,3349,500
2025-11-23 09:00:00,86097.2,86444.0,86036.4,86376.6,2846,500
2025-11-23 10:00:00,86377.8,86430.8,86012.8,86030.8,3300,500
2025-11-23 11:00:00,86027.1,86403.0,85803.2,86285.9,2869,500
2025-11-23 12:00:00,86275.1,86860.3,86236.8,86511.0,4083,500
2025-11-23 13:00:00,86511.5,86910.2,86284.9,86910.2,4264,500
2025-11-23 14:00:00,86908.9,87180.3,86445.8,86529.9,4755,500
2025-11-23 15:00:00,86515.0,87217.5,86409.7,87066.6,4181,500
2025-11-23 16:00:00,87055.2,87464.8,86638.1,86650.8,5124,500
2025-11-23 17:00:00,86656.3,86933.8,86472.0,86710.3,4334,500
2025-11-23 18:00:00,86734.2,87217.6,86693.9,86971.3,3103,500
2025-11-23 19:00:00,86969.7,87651.8,86903.9,87291.9,3645,500
2025-11-23 20:00:00,87294.1,87675.1,87211.4,87476.8,3334,500
2025-11-23 21:00:00,87476.8,87988.8,87133.5,87965.9,2955,500
2025-11-23 22:00:00,87904.9,88104.9,87514.1,87962.0,3191,641
2025-11-23 23:00:00,87962.4,88061.2,86690.5,86788.2,6993,500
2025-11-24 00:00:00,86814.8,87173.2,85892.9,86683.2,7860,502
2025-11-24 01:00:00,86715.8,87071.8,86341.3,87006.7,8275,500
2025-11-24 02:00:00,87007.2,88036.8,86968.2,87459.9,8388,500
2025-11-24 03:00:00,87461.1,87770.8,87148.9,87425.8,7551,500
2025-11-24 04:00:00,87431.8,87570.8,86399.8,86689.0,7945,500
2025-11-24 05:00:00,86678.1,87818.8,86628.6,87429.6,7382,500
2025-11-24 06:00:00,87404.2,87510.8,86761.4,86849.7,7272,500
2025-11-24 07:00:00,86886.4,87326.8,86644.4,86983.4,7422,500
2025-11-24 08:00:00,86983.1,87015.8,86657.4,86895.7,7251,500
2025-11-24 09:00:00,86893.6,86919.8,85765.6,85901.3,7073,500
2025-11-24 10:00:00,85924.8,86155.8,85631.3,85976.9,5860,501
2025-11-24 11:00:00,85994.6,86391.8,85767.2,86195.6,5677,500
2025-11-24 12:00:00,86194.1,86271.6,85821.4,85953.5,5655,500
2025-11-24 13:00:00,85936.5,86555.8,85879.1,86105.0,5762,501
2025-11-24 14:00:00,86107.8,86615.8,85204.9,86119.7,7260,500
2025-11-24 15:00:00,86098.8,86714.8,85836.8,86595.8,7748,503
2025-11-24 16:00:00,86595.8,87689.8,86552.7,87113.1,7732,500
2025-11-24 17:00:00,87120.2,88426.8,86892.8,88320.5,8447,500
2025-11-24 18:00:00,88318.5,88710.2,88156.8,88678.0,7682,500
2025-11-24 19:00:00,88678.6,88830.8,88096.4,88288.1,6359,500
2025-11-24 20:00:00,88287.6,89213.8,88287.6,89108.8,6842,500
2025-11-24 21:00:00,89112.8,89122.8,88682.3,88771.8,5263,500
2025-11-24 22:00:00,88724.5,89080.1,88561.5,88595.2,2458,500
2025-11-24 23:00:00,88603.3,88672.4,88212.8,88262.7,4701,500
2025-11-25 00:00:00,88255.7,88262.1,87830.2,88052.5,6100,500
2025-11-25 01:00:00,88052.4,88186.8,87680.9,87685.7,6217,500
2025-11-25 02:00:00,87722.8,87923.8,87411.1,87864.2,7086,500
2025-11-25 03:00:00,87891.8,88011.3,87501.8,87783.8,6708,500
2025-11-25 04:00:00,87772.8,88488.8,87740.9,88322.8,6986,500
2025-11-25 05:00:00,88292.3,88324.8,87892.1,88078.1,6517,500
2025-11-25 06:00:00,88078.8,88135.8,87757.0,87982.5,5300,500
2025-11-25 07:00:00,87981.1,88043.8,87325.8,87349.7,6047,500
2025-11-25 08:00:00,87381.8,87595.8,86957.9,86975.7,6511,500
2025-11-25 09:00:00,86992.1,87224.9,86650.8,87204.8,6778,500
2025-11-25 10:00:00,87196.9,87412.8,86911.5,87370.7,5830,500
2025-11-25 11:00:00,87369.5,87520.8,87269.8,87319.3,6103,500
2025-11-25 12:00:00,87320.1,87751.8,87320.1,87463.8,7341,500
2025-11-25 13:00:00,87492.8,87705.8,86823.2,87022.8,7959,500
2025-11-25 14:00:00,87022.2,87275.3,86055.9,86717.4,8495,500
2025-11-25 15:00:00,86728.8,87280.8,86147.7,86961.8,8371,500
2025-11-25 16:00:00,86922.8,87281.8,86638.3,87050.0,7079,505
2025-11-25 17:00:00,87055.7,88117.8,86976.2,87560.0,6339,500
2025-11-25 18:00:00,87599.2,87792.8,87169.8,87207.8,6428,500
2025-11-25 19:00:00,87173.4,87300.6,86117.6,86819.5,7222,500
2025-11-25 20:00:00,86819.4,87430.8,86644.0,87347.9,7846,500
2025-11-25 21:00:00,87346.1,87416.8,86930.5,86981.3,7105,500
2025-11-25 22:00:00,86981.5,87686.0,86541.2,87571.0,2704,500
2025-11-25 23:00:00,87605.0,87854.8,87270.8,87337.8,6447,500
2025-11-26 00:00:00,87344.8,87752.8,87295.7,87550.8,7403,500
2025-11-26 01:00:00,87514.6,88196.4,87290.9,87863.2,6728,500
2025-11-26 02:00:00,87894.8,88065.8,87602.7,87655.6,6451,500
2025-11-26 03:00:00,87656.1,87866.7,87021.0,87098.8,6999,500
2025-11-26 04:00:00,87100.8,87340.8,86851.7,87201.8,6801,500
2025-11-26 05:00:00,87207.8,87724.8,87168.3,87458.3,6844,500
2025-11-26 06:00:00,87457.3,87872.8,87396.7,87747.1,6555,500
2025-11-26 07:00:00,87747.0,87946.8,87635.2,87884.9,6930,500
2025-11-26 08:00:00,87915.8,87922.8,87361.7,87367.3,6423,500
2025-11-26 09:00:00,87366.6,87420.8,86706.9,86775.7,5492,500
2025-11-26 10:00:00,86775.6,87048.8,86623.9,86897.5,5664,500
2025-11-26 11:00:00,86898.4,87088.6,86790.7,87075.8,5189,500
2025-11-26 12:00:00,87059.6,87154.8,86277.1,86636.8,6245,500
2025-11-26 13:00:00,86612.2,87115.8,86529.6,87073.0,7069,500
2025-11-26 14:00:00,87072.9,87680.8,86773.7,86857.3,8031,500
2025-11-26 15:00:00,86857.3,87333.6,86645.1,86918.9,7157,500
2025-11-26 16:00:00,86919.5,87918.8,86915.9,87807.8,7193,500
2025-11-26 17:00:00,87805.8,89949.2,87672.2,89793.5,7181,500
2025-11-26 18:00:00,89793.6,90393.0,89656.2,90112.6,7028,500
2025-11-26 19:00:00,90126.8,90183.2,89698.5,89943.8,5227,500
2025-11-26 20:00:00,89922.7,90097.1,89479.2,89839.7,5565,500
2025-11-26 21:00:00,89846.3,90455.6,89778.2,90169.8,5088,500
2025-11-26 22:00:00,90161.5,90610.4,90095.6,90370.5,2078,500
2025-11-26 23:00:00,90349.9,90579.8,90286.9,90455.5,4069,500
2025-11-27 00:00:00,90455.1,90577.9,90063.6,90442.3,4655,500
2025-11-27 01:00:00,90442.9,91221.9,90353.4,91128.0,5457,500
2025-11-27 02:00:00,91111.8,91882.4,90855.5,91350.2,6396,500
2025-11-27 03:00:00,91350.1,91595.6,91019.8,91056.1,4984,500
2025-11-27 04:00:00,91065.0,91335.8,91028.5,91252.8,4283,500
2025-11-27 05:00:00,91254.8,91535.1,90862.2,90945.8,5326,500
2025-11-27 06:00:00,90946.8,91429.1,90937.5,91210.2,3955,500
2025-11-27 07:00:00,91215.8,91475.8,91102.1,91373.8,5260,500
2025-11-27 08:00:00,91384.8,91497.8,91191.3,91460.6,5338,500
2025-11-27 09:00:00,91461.5,91913.6,91447.0,91541.8,7403,500
2025-11-27 10:00:00,91545.8,91726.8,91330.3,91596.8,6272,500
2025-11-27 11:00:00,91592.9,91601.8,91278.6,91343.0,5977,500
2025-11-27 12:00:00,91342.0,91437.8,90917.3,90968.8,6858,500
2025-11-27 13:00:00,90968.5,91056.8,90421.5,90823.0,6737,500
2025-11-27 14:00:00,90837.8,90957.8,90548.2,90758.5,5990,500
2025-11-27 15:00:00,90758.8,90967.8,90602.6,90931.8,6513,500
2025-11-27 16:00:00,90922.3,91541.8,90818.8,91444.8,6684,500
2025-11-27 17:00:00,91447.8,91608.8,91276.6,91461.8,6239,500
2025-11-27 18:00:00,91449.2,91824.8,91315.8,91773.8,5800,500
2025-11-27 19:00:00,91774.8,91774.8,91484.3,91516.8,5669,500
2025-11-27 20:00:00,91498.7,91584.8,91369.1,91417.8,4990,500
2025-11-27 21:00:00,91415.4,91585.1,91195.4,91379.8,5042,500
2025-11-27 22:00:00,91401.1,91569.1,91097.6,91302.4,2072,500
2025-11-27 23:00:00,91293.6,91546.8,91184.5,91300.7,4668,500
2025-11-28 00:00:00,91302.9,91398.8,91039.8,91188.8,5594,500
2025-11-28 01:00:00,91174.6,91190.8,90767.1,90784.8,6119,500
2025-11-28 02:00:00,90768.6,91115.8,90630.5,91053.8,6493,500
2025-11-28 03:00:00,91060.8,91285.8,90964.0,91184.8,5708,500
2025-11-28 04:00:00,91174.1,91465.8,91093.2,91389.6,5488,500
2025-11-28 05:00:00,91403.8,91690.8,91274.1,91582.8,5677,500
2025-11-28 06:00:00,91588.8,91588.8,91124.8,91279.8,5490,500
2025-11-28 07:00:00,91280.8,91545.8,90829.1,90889.8,5523,500
2025-11-28 08:00:00,90876.0,91686.3,90872.3,91645.4,6471,500
2025-11-28 09:00:00,91658.8,91817.8,91410.4,91581.8,6747,500
2025-11-28 10:00:00,91582.8,91848.8,91449.1,91810.3,5218,500
2025-11-28 11:00:00,91810.3,91982.8,91041.2,91416.8,6527,500
2025-11-28 12:00:00,91417.8,91664.4,91368.2,91476.2,5494,500
2025-11-28 13:00:00,91495.8,92595.7,91343.9,92338.4,6734,500
2025-11-28 14:00:00,92338.6,93044.8,91804.5,92219.7,11457,500
2025-11-28 15:00:00,92219.1,92775.8,91971.9,92343.8,14258,500
2025-11-28 16:00:00,92345.8,92377.4,90860.8,90907.8,13438,500
2025-11-28 17:00:00,90907.9,91192.5,90190.8,90579.8,13485,500
2025-11-28 18:00:00,90620.0,90950.8,90419.1,90828.7,12060,502
2025-11-28 19:00:00,90814.8,91181.8,90802.9,91135.8,11810,500
2025-11-28 20:00:00,91135.7,91208.5,90844.2,91203.2,9772,500
2025-11-28 21:00:00,91203.2,91241.1,90874.3,90874.8,5821,500
2025-11-28 22:00:00,90838.1,91151.9,90694.8,91102.0,734,581
2025-11-28 23:00:00,91112.1,91195.9,90882.8,90883.9,690,809
2025-11-29 00:00:00,90882.9,90969.5,90754.6,90875.4,815,500
2025-11-29 01:00:00,90875.9,91117.9,90786.7,90875.2,743,500
2025-11-29 02:00:00,90876.3,90932.0,90535.4,90796.8,758,501
2025-11-29 03:00:00,90804.4,90867.9,90651.9,90672.4,705,500
2025-11-29 04:00:00,90672.9,90898.9,90544.8,90893.9,611,500
2025-11-29 05:00:00,90894.4,90915.7,90719.5,90741.4,539,500
2025-11-29 06:00:00,90746.5,90821.4,90304.5,90556.4,662,500
2025-11-29 07:00:00,90551.8,90656.6,90362.7,90558.7,704,500
2025-11-29 08:00:00,90565.5,90723.2,90466.2,90610.9,3711,500
2025-11-29 09:00:00,90610.1,90660.8,90482.4,90550.6,3448,500
2025-11-29 10:00:00,90551.1,90651.9,90366.8,90545.8,4256,500
2025-11-29 11:00:00,90542.8,90682.5,90438.7,90664.2,3504,500
2025-11-29 12:00:00,90665.8,90794.9,90521.5,90607.9,3417,500
2025-11-29 13:00:00,90607.4,90814.9,90577.1,90793.8,3083,500
2025-11-29 14:00:00,90794.3,90794.3,90592.7,90630.6,2897,500
2025-11-29 15:00:00,90614.8,91100.6,90611.0,91046.9,3425,500
2025-11-29 16:00:00,91057.8,91155.8,90851.6,91012.2,3635,500
2025-11-29 17:00:00,91011.7,91029.4,90415.0,90441.4,2897,500
2025-11-29 18:00:00,90437.9,90723.9,90157.8,90704.4,3499,500
2025-11-29 19:00:00,90707.4,90838.8,90581.1,90626.7,3033,500
2025-11-29 20:00:00,90651.7,91026.8,90397.5,90953.3,3253,500
2025-11-29 21:00:00,90952.1,91062.6,90786.1,90999.6,4170,500
2025-11-29 22:00:00,91014.4,91016.9,90692.8,90741.4,3026,513
2025-11-29 23:00:00,90744.8,90907.9,90674.8,90812.4,3730,500
2025-11-30 00:00:00,90795.6,90948.4,90751.1,90882.0,4667,500
2025-11-30 01:00:00,90882.3,91048.9,90838.2,90894.9,4664,500
2025-11-30 02:00:00,90895.4,91038.0,90733.2,90780.8,4414,500
2025-11-30 03:00:00,90800.3,90906.8,90447.9,90902.8,4567,500
2025-11-30 04:00:00,90896.3,90958.8,90779.5,90851.9,4192,500
2025-11-30 05:00:00,90843.8,90843.8,90654.6,90771.6,4239,500
2025-11-30 06:00:00,90772.1,90923.5,90696.6,90870.1,3899,500
2025-11-30 07:00:00,90870.3,91030.8,90834.5,90939.3,3408,500
2025-11-30 08:00:00,90940.6,91400.0,90906.1,91168.8,3964,500
2025-11-30 09:00:00,91158.1,91612.8,91109.5,91396.4,2899,500
2025-11-30 10:00:00,91394.9,91451.8,91176.1,91205.3,2167,500
2025-11-30 11:00:00,91220.8,91381.8,90983.9,91027.1,2793,500
2025-11-30 12:00:00,91028.1,91513.8,90985.1,91443.1,3222,500
2025-11-30 13:00:00,91445.3,91961.8,91372.9,91752.8,4123,500
2025-11-30 14:00:00,91753.8,91760.8,91237.6,91478.9,2458,500
2025-11-30 15:00:00,91472.3,91592.8,91295.7,91424.8,2535,500
2025-11-30 16:00:00,91423.8,91835.8,91381.1,91808.0,2223,500
2025-11-30 17:00:00,91807.8,91807.8,91285.1,91474.4,2464,500
2025-11-30 18:00:00,91468.8,91468.8,91139.3,91444.3,1473,500
2025-11-30 19:00:00,91430.4,91480.8,91283.2,91447.5,1023,500
2025-11-30 20:00:00,91447.8,91609.8,91155.6,91300.8,1428,508
2025-11-30 21:00:00,91299.8,91317.8,90889.3,91144.8,2286,500
2025-11-30 22:00:00,91114.9,91331.2,91033.7,91209.0,1050,635
2025-11-30 23:00:00,91216.7,91238.4,90318.6,90351.8,8135,500
2025-12-01 00:00:00,90343.9,90415.2,86950.1,86974.6,12840,500
2025-12-01 01:00:00,86985.8,87729.8,86928.6,87156.4,13634,501
2025-12-01 02:00:00,87157.0,87487.8,86463.6,86708.8,12459,500
2025-12-01 03:00:00,86703.6,86789.8,86150.1,86337.8,6893,500
2025-12-01 04:00:00,86330.8,86341.8,85674.5,85785.1,5762,500
2025-12-01 05:00:00,85790.8,85998.8,85588.9,85986.4,4747,500
2025-12-01 06:00:00,85988.6,86340.8,85951.8,86220.4,5284,500
2025-12-01 07:00:00,86221.8,86559.8,86034.0,86533.4,4838,500
2025-12-01 08:00:00,86536.8,86868.8,86367.5,86849.0,6105,500
2025-12-01 09:00:00,86844.8,86923.8,86496.0,86689.8,5345,500
2025-12-01 10:00:00,86689.1,86800.8,86521.5,86621.5,5361,500
2025-12-01 11:00:00,86621.6,86682.8,86104.8,86113.3,5930,500
2025-12-01 12:00:00,86113.4,86210.8,84734.6,85388.2,7765,500
2025-12-01 13:00:00,85387.9,86116.8,85315.3,85956.7,8039,500
2025-12-01 14:00:00,85954.3,86653.8,85843.8,86026.1,8732,500
2025-12-01 15:00:00,86025.4,86109.9,83799.2,84648.1,9571,500
2025-12-01 16:00:00,84661.8,85430.3,84017.5,84514.6,8766,500
2025-12-01 17:00:00,84539.2,85248.8,84418.9,84912.1,7364,500
2025-12-01 18:00:00,84927.8,85538.8,84687.2,85171.9,7434,500
2025-12-01 19:00:00,85171.8,85281.8,84571.4,85009.8,7789,500
2025-12-01 20:00:00,85008.8,85809.8,84982.4,85497.8,7780,500
2025-12-01 21:00:00,85497.8,86483.8,85467.0,86426.4,11077,500
2025-12-01 22:00:00,86425.0,86857.6,86286.8,86573.7,2794,500
2025-12-01 23:00:00,86574.4,86817.8,86231.8,86255.3,9165,500
2025-12-02 00:00:00,86270.8,86654.8,86160.0,86499.8,9052,500
2025-12-02 01:00:00,86498.8,87310.8,86363.6,86435.8,10452,500
2025-12-02 02:00:00,86437.8,86836.8,86243.5,86518.9,6811,500
2025-12-02 03:00:00,86526.8,87076.8,86185.4,86958.8,5930,500
2025-12-02 04:00:00,86946.2,87251.8,86875.1,86947.4,8123,500
2025-12-02 05:00:00,86947.3,87102.8,86789.7,86989.8,10331,500
2025-12-02 06:00:00,86992.8,87161.8,86834.1,87072.8,6719,500
2025-12-02 07:00:00,87074.8,87101.8,86855.1,86993.8,10664,500
2025-12-02 08:00:00,86991.4,87037.8,86358.1,86433.1,11107,500
2025-12-02 09:00:00,86449.8,86981.3,86429.2,86750.8,7277,500
2025-12-02 10:00:00,86753.8,87565.8,86730.1,87263.8,6585,500
2025-12-02 11:00:00,87255.8,87584.8,86969.1,87338.7,8484,500
2025-12-02 12:00:00,87339.9,87542.8,87189.2,87251.8,6915,500
2025-12-02 13:00:00,87244.7,87867.2,87024.3,87715.8,9863,500
2025-12-02 14:00:00,87714.8,89269.8,87577.3,89268.9,10843,500
2025-12-02 15:00:00,89268.4,91184.8,89235.2,90847.8,12462,500
2025-12-02 16:00:00,90831.3,91257.4,90185.6,90756.8,11050,500
2025-12-02 17:00:00,90743.8,91994.4,90706.0,91438.8,9042,500
2025-12-02 18:00:00,91441.8,92221.9,91384.5,91959.4,8344,500
2025-12-02 19:00:00,91937.8,92320.4,91866.6,91883.8,6535,500
2025-12-02 20:00:00,91886.8,91942.9,90728.6,91046.6,5662,500
2025-12-02 21:00:00,91023.8,91655.4,90971.8,91598.1,2849,500
2025-12-02 22:00:00,91589.2,91998.4,91527.1,91992.4,1038,500
2025-12-02 23:00:00,91990.4,91990.4,91258.8,91283.5,3379,500
2025-12-03 00:00:00,91266.8,91765.4,90981.8,91654.8,6941,500
2025-12-03 01:00:00,91652.8,92458.4,91449.9,92254.9,7160,500
2025-12-03 02:00:00,92232.8,93054.9,92135.1,92780.8,8304,500
2025-12-03 03:00:00,92781.8,93079.5,92569.6,92649.1,7364,500
2025-12-03 04:00:00,92626.8,93442.5,92602.9,93337.1,7752,500
2025-12-03 05:00:00,93344.8,93656.4,93103.7,93645.9,7260,500
2025-12-03 06:00:00,93625.8,93959.9,93134.8,93431.9,7375,500
2025-12-03 07:00:00,93417.8,93476.4,92851.8,92982.8,6675,500
2025-12-03 08:00:00,92998.9,93188.9,92666.8,92753.8,6565,500
2025-12-03 09:00:00,92752.8,93215.4,92690.8,93191.9,6486,500
2025-12-03 10:00:00,93190.9,93396.9,92836.7,92953.0,6166,500
2025-12-03 11:00:00,92952.9,93073.5,92671.7,93018.8,5548,500
2025-12-03 12:00:00,93017.9,93109.5,92670.7,92937.3,5986,500
2025-12-03 13:00:00,92942.9,93264.9,92865.8,93149.4,4315,500
2025-12-03 14:00:00,93118.6,93681.5,91696.1,92339.0,10521,500
2025-12-03 15:00:00,92374.0,92995.8,91934.6,92385.2,6330,501
2025-12-03 16:00:00,92360.8,92748.9,91778.1,92237.8,7464,500
2025-12-03 17:00:00,92243.4,93050.9,92186.8,92972.2,6684,500
2025-12-03 18:00:00,92940.8,93511.5,92360.1,92623.5,6375,500
2025-12-03 19:00:00,92623.7,93104.3,92516.8,93007.8,5428,500
2025-12-03 20:00:00,93040.1,93397.5,92823.8,92962.3,5212,500
2025-12-03 21:00:00,92963.2,93784.3,92841.6,93691.8,4410,500
2025-12-03 22:00:00,93702.9,94182.4,93317.2,93797.8,1458,500
2025-12-03 23:00:00,93801.7,94108.5,93394.8,93455.5,2948,500
2025-12-04 00:00:00,93452.7,93505.9,92671.8,93067.7,3673,500
2025-12-04 01:00:00,93066.6,93763.1,92979.8,93209.9,5652,500
2025-12-04 02:00:00,93179.8,94051.4,93104.3,93923.8,5578,500
2025-12-04 03:00:00,93927.8,94078.7,93382.6,93544.2,5839,500
2025-12-04 04:00:00,93544.7,93592.4,93207.2,93340.8,5290,500
2025-12-04 05:00:00,93343.3,93380.5,92760.2,92957.8,5357,500
2025-12-04 06:00:00,92986.2,93382.8,92832.8,93161.8,4740,500
2025-12-04 07:00:00,93162.3,93429.9,92878.8,93411.4,3489,500
2025-12-04 08:00:00,93411.5,93605.4,93027.1,93243.8,4865,500
2025-12-04 09:00:00,93239.8,93620.9,93219.8,93435.8,5619,500
2025-12-04 10:00:00,93437.8,93568.2,93122.8,93242.8,5483,500
2025-12-04 11:00:00,93243.8,93318.9,92702.5,92906.9,5378,500
2025-12-04 12:00:00,92944.1,93188.7,92737.4,92952.5,4482,500
2025-12-04 13:00:00,92975.4,93055.9,92394.6,92479.3,7106,500
2025-12-04 14:00:00,92496.6,92818.4,91769.1,91885.8,9675,500
2025-12-04 15:00:00,91883.7,93241.6,91859.6,92974.9,9457,500
2025-12-04 16:00:00,92974.5,93168.7,92227.1,92436.3,7628,500
2025-12-04 17:00:00,92435.8,92538.0,91718.5,92433.0,7239,500
2025-12-04 18:00:00,92436.8,92554.9,91909.9,92134.1,6190,500
2025-12-04 19:00:00,92135.0,92173.8,90864.5,91981.6,8930,500
2025-12-04 20:00:00,91981.1,92546.3,91667.9,92498.9,7271,500
2025-12-04 21:00:00,92496.5,92711.6,92073.8,92156.0,5449,500
2025-12-04 22:00:00,92156.0,92491.4,92144.3,92349.4,2350,500
2025-12-04 23:00:00,92349.3,92455.3,92038.2,92085.4,4919,500
2025-12-05 00:00:00,92085.0,92480.7,92055.8,92301.1,4615,500
2025-12-05 01:00:00,92301.0,92602.4,92215.8,92351.8,4445,500
2025-12-05 02:00:00,92351.7,92688.9,92226.3,92519.5,4294,500
2025-12-05 03:00:00,92519.8,92668.8,91953.8,92161.6,4302,500
2025-12-05 04:00:00,92161.6,92394.0,91779.6,92015.8,4871,500
2025-12-05 05:00:00,92015.7,92198.1,91851.7,91935.7,4162,500
2025-12-05 06:00:00,91935.8,92286.4,91871.1,92266.6,4301,500
2025-12-05 07:00:00,92266.0,92493.8,92176.2,92257.7,4613,500
2025-12-05 08:00:00,92263.4,92270.9,91870.7,92115.6,4492,500
2025-12-05 09:00:00,92115.5,92115.6,90956.1,91134.6,7604,500
2025-12-05 10:00:00,91142.4,91489.9,91058.4,91272.8,6016,500
2025-12-05 11:00:00,91271.8,91546.8,91114.8,91331.8,5645,500
2025-12-05 12:00:00,91348.1,91433.4,91058.1,91255.5,5484,500
2025-12-05 13:00:00,91237.8,91360.2,90244.1,90486.0,7365,500
2025-12-05 14:00:00,90470.2,90762.2,89902.9,90296.4,9203,500
2025-12-05 15:00:00,90274.8,91472.0,90242.0,90446.8,9914,500
2025-12-05 16:00:00,90447.8,90502.9,88078.0,88819.1,10114,500
2025-12-05 17:00:00,88806.8,89517.9,88598.8,89349.9,8401,501
2025-12-05 18:00:00,89330.3,89811.6,88902.8,88943.0,7319,500
2025-12-05 19:00:00,88923.8,89815.6,88807.6,89651.9,7792,500
2025-12-05 20:00:00,89645.1,89754.9,89156.6,89318.4,6668,500
2025-12-05 21:00:00,89292.8,89492.9,89067.2,89194.5,4466,500
2025-12-05 22:00:00,89188.4,89375.9,88919.9,89254.7,776,565
2025-12-05 23:00:00,89198.8,89388.2,88950.9,89340.0,703,996
2025-12-06 00:00:00,89341.9,89462.6,89040.7,89425.9,600,500
2025-12-06 01:00:00,89427.9,89494.4,89209.3,89328.4,528,500
2025-12-06 02:00:00,89329.3,89404.4,89181.4,89392.8,524,500
2025-12-06 03:00:00,89397.9,89798.8,89392.6,89692.4,596,500
2025-12-06 04:00:00,89693.3,89719.9,89521.4,89666.6,596,500
2025-12-06 05:00:00,89666.5,89743.5,89520.8,89601.9,443,500
2025-12-06 06:00:00,89599.9,89759.7,89521.1,89687.9,386,500
2025-12-06 07:00:00,89692.9,89719.4,89462.5,89604.3,468,501
2025-12-06 08:00:00,89574.8,89659.1,89181.2,89287.9,2064,500
2025-12-06 09:00:00,89292.9,89678.2,89236.2,89585.1,1467,500
2025-12-06 10:00:00,89585.0,89686.5,89437.6,89517.0,1099,501
2025-12-06 11:00:00,89465.7,89729.7,89457.8,89597.1,1233,500
2025-12-06 12:00:00,89591.8,89659.1,89535.2,89586.4,827,500
2025-12-06 13:00:00,89591.4,89788.9,89549.6,89669.3,1556,514
2025-12-06 14:00:00,89669.9,90281.9,89621.1,89992.8,2693,500
2025-12-06 15:00:00,90019.9,90048.4,89455.6,89766.2,3055,500
2025-12-06 16:00:00,89744.8,89986.0,89644.4,89719.9,2161,500
2025-12-06 17:00:00,89715.9,89839.4,89580.3,89722.9,2023,500
2025-12-06 18:00:00,89700.8,89789.9,89488.7,89656.9,1319,500
2025-12-06 19:00:00,89661.3,89763.1,89256.4,89420.4,1683,502
2025-12-06 20:00:00,89420.9,89567.9,89283.6,89555.3,1217,500
2025-12-06 21:00:00,89549.9,89625.9,89368.6,89441.9,1715,500
2025-12-06 22:00:00,89441.9,89543.9,89228.1,89274.8,1226,596
2025-12-06 23:00:00,89295.9,89338.9,88894.1,89242.9,2814,501
2025-12-07 00:00:00,89219.8,89574.9,89138.6,89409.1,2038,500
2025-12-07 01:00:00,89408.7,89582.6,89282.7,89310.1,1231,500
2025-12-07 02:00:00,89312.6,89695.4,89274.4,89634.4,1211,500
2025-12-07 03:00:00,89630.4,89750.9,89519.1,89708.8,1094,500
2025-12-07 04:00:00,89734.4,89795.3,89465.1,89548.4,1119,500
2025-12-07 05:00:00,89543.9,89574.2,89392.6,89524.4,742,500
2025-12-07 06:00:00,89479.6,89720.7,89477.8,89674.1,831,768
2025-12-07 07:00:00,89717.9,89750.2,89178.6,89384.9,1375,500
2025-12-07 08:00:00,89346.0,89538.4,89159.2,89322.9,1433,500
2025-12-07 09:00:00,89324.4,89412.5,89018.1,89116.7,1534,500
2025-12-07 10:00:00,89120.4,89400.4,89071.3,89251.9,1954,500
2025-12-07 11:00:00,89253.5,89285.1,89115.3,89162.1,1187,500
2025-12-07 12:00:00,89165.4,89594.5,89089.4,89488.7,1724,500
2025-12-07 13:00:00,89489.1,89529.1,88671.6,89053.2,3107,500
2025-12-07 14:00:00,89027.8,89114.8,87690.2,88207.1,5959,501
2025-12-07 15:00:00,88201.3,89718.9,88142.5,89561.6,5199,501
2025-12-07 16:00:00,89557.6,89896.2,89087.8,89896.2,3819,500
2025-12-07 17:00:00,89855.2,91282.0,89585.5,90961.9,6449,500
2025-12-07 18:00:00,90965.7,91763.6,90943.8,91332.3,4132,500
2025-12-07 19:00:00,91333.3,91542.7,91191.4,91386.6,2998,500
2025-12-07 20:00:00,91387.1,91517.1,91289.7,91400.7,2111,500
2025-12-07 21:00:00,91401.0,91439.7,89832.4,90191.6,3864,500
2025-12-07 22:00:00,90170.5,90244.0,88981.0,89607.7,2505,669
2025-12-07 23:00:00,89614.5,90481.4,89510.8,90375.6,5231,500
2025-12-08 00:00:00,90376.4,90614.3,89828.8,90358.0,5974,500
2025-12-08 01:00:00,90358.4,91696.1,90283.6,90895.8,6959,500
2025-12-08 02:00:00,90899.1,91447.6,90780.0,91344.8,5908,500
2025-12-08 03:00:00,91370.8,91427.5,90950.1,91058.8,5222,500
2025-12-08 04:00:00,91039.1,91480.6,90997.5,91271.8,5334,500
2025-12-08 05:00:00,91287.9,91444.2,91019.6,91337.5,4303,500
2025-12-08 06:00:00,91338.4,91649.0,91222.2,91442.8,4409,500
2025-12-08 07:00:00,91437.8,91865.9,91339.4,91546.8,4843,500
2025-12-08 08:00:00,91548.8,91940.5,91454.3,91817.9,5414,500
2025-12-08 09:00:00,91796.1,92284.6,91769.1,91923.4,5368,500
2025-12-08 10:00:00,91923.1,92218.4,91796.6,92114.8,4726,500
2025-12-08 11:00:00,92116.8,92185.9,91835.4,91947.8,4683,500
2025-12-08 12:00:00,91950.8,91988.3,91635.6,91750.8,4826,500
2025-12-08 13:00:00,91752.8,92110.3,91330.6,91432.5,6181,500
2025-12-08 14:00:00,91432.3,91755.1,90744.4,90810.4,8129,500
2025-12-08 15:00:00,90814.8,90992.8,89576.7,89944.9,10698,500
2025-12-08 16:00:00,89918.1,90463.8,89636.7,89970.8,8441,500
2025-12-08 17:00:00,89972.5,90333.9,89655.3,90218.5,7963,500
2025-12-08 18:00:00,90217.6,90515.3,89684.9,89898.8,8628,500
2025-12-08 19:00:00,89896.8,90364.0,89819.6,90084.7,7958,500
2025-12-08 20:00:00,90102.4,90913.9,90091.5,90757.6,7805,500
2025-12-08 21:00:00,90750.2,91362.9,90646.1,91272.6,7179,500
2025-12-08 22:00:00,91300.5,91370.9,90716.1,90828.1,1851,500
2025-12-08 23:00:00,90793.3,91014.4,90459.2,90601.4,6157,500
2025-12-09 00:00:00,90624.6,90846.4,90314.3,90355.7,7485,500
2025-12-09 01:00:00,90353.5,90562.3,89925.1,90019.0,8206,500
2025-12-09 02:00:00,90018.1,90357.5,89939.7,90027.1,6855,500
2025-12-09 03:00:00,90031.1,90438.7,89775.1,90367.7,5814,500
2025-12-09 04:00:00,90372.5,90507.8,89702.2,89903.8,5667,500
2025-12-09 05:00:00,89904.1,90191.7,89518.8,89858.8,6048,500
2025-12-09 06:00:00,89860.4,90230.2,89738.7,90149.2,3969,500
2025-12-09 07:00:00,90167.8,90514.1,90051.6,90446.2,3510,500
2025-12-09 08:00:00,90475.2,90596.6,90333.0,90456.8,3365,500
2025-12-09 09:00:00,90481.8,90490.2,90090.8,90120.8,3633,500
2025-12-09 10:00:00,90119.8,90335.4,89883.2,90256.8,4003,500
2025-12-09 11:00:00,90259.9,90384.6,90099.4,90344.1,3654,500
2025-12-09 12:00:00,90344.0,90673.4,90290.8,90539.6,4378,500
2025-12-09 13:00:00,90538.0,90823.9,90130.0,90389.1,4574,500
2025-12-09 14:00:00,90390.1,90628.6,89967.8,90318.2,7450,501
2025-12-09 15:00:00,90316.8,92872.3,90248.3,92665.4,11574,500
2025-12-09 16:00:00,92661.8,94483.4,92658.0,94147.8,11088,500
2025-12-09 17:00:00,94169.8,94600.9,93503.3,93917.5,9906,500
2025-12-09 18:00:00,93900.8,94175.8,93625.3,93907.8,7739,500
2025-12-09 19:00:00,93929.0,94192.8,93617.0,93765.0,6988,500
2025-12-09 20:00:00,93760.9,93850.0,92731.3,93079.1,9430,500
2025-12-09 21:00:00,93102.0,93238.0,92218.1,92653.6,8270,500
2025-12-09 22:00:00,92640.5,93034.5,92495.7,92873.2,1235,500
2025-12-09 23:00:00,92869.8,92977.0,92508.1,92675.7,4517,500
2025-12-10 00:00:00,92664.8,92763.5,92045.1,92092.5,6236,500
2025-12-10 01:00:00,92090.1,92397.3,91940.7,92278.7,6915,500
2025-12-10 02:00:00,92308.7,92573.9,91981.3,92482.8,6124,500
2025-12-10 03:00:00,92507.4,92558.2,92305.4,92397.8,5088,500
2025-12-10 04:00:00,92396.2,92654.4,92346.2,92551.1,6000,500
2025-12-10 05:00:00,92550.5,92730.2,92483.1,92518.9,5544,500
2025-12-10 06:00:00,92519.4,92749.4,92384.3,92660.6,4586,500
2025-12-10 07:00:00,92690.8,92790.9,92459.4,92790.9,3559,500
2025-12-10 08:00:00,92768.8,92791.9,92509.3,92566.6,4663,500
2025-12-10 09:00:00,92566.9,92945.7,92399.4,92883.4,3791,500
2025-12-10 10:00:00,92879.9,93221.6,92102.2,92232.2,6638,500
2025-12-10 11:00:00,92228.3,92436.4,91743.2,92120.4,2473,500
2025-12-10 12:00:00,92116.1,92214.8,91787.7,91986.2,1130,500
2025-12-10 13:00:00,91983.5,92222.6,91936.8,92089.2,1195,500
2025-12-10 14:00:00,92088.5,92110.3,91593.8,91835.0,2313,500
2025-12-10 15:00:00,91829.8,92139.8,91569.8,92060.8,2987,500
2025-12-10 16:00:00,92051.1,92583.6,91886.9,92168.9,2313,500
2025-12-10 17:00:00,92164.9,92510.8,92087.1,92389.3,1929,500
2025-12-10 18:00:00,92385.5,93045.8,91989.8,92495.7,2649,500
2025-12-10 19:00:00,92495.4,93209.2,91733.2,92952.0,7104,502
2025-12-10 20:00:00,92961.2,94473.8,92295.9,92437.8,8124,500
2025-12-10 21:00:00,92452.4,92787.2,91870.8,92370.3,6516,500
2025-12-10 22:00:00,92355.4,92708.3,91946.5,92506.8,2811,500
2025-12-10 23:00:00,92502.3,92599.5,91919.2,92016.5,3965,500
2025-12-11 00:00:00,92018.1,92082.1,91045.8,91391.9,5664,500
2025-12-11 01:00:00,91392.4,91411.6,90642.9,90684.7,6269,500
2025-12-11 02:00:00,90684.4,90684.4,89864.0,90069.2,6340,500
2025-12-11 03:00:00,90075.9,90079.1,89399.4,89881.0,4677,500
2025-12-11 04:00:00,89880.9,90482.6,89684.2,90438.0,4735,500
2025-12-11 05:00:00,90438.9,90440.9,90063.6,90307.7,3142,500
2025-12-11 06:00:00,90307.9,90441.4,89950.8,90292.7,1645,500
2025-12-11 07:00:00,90282.8,90328.6,90073.5,90270.0,1452,500
2025-12-11 08:00:00,90267.5,90270.0,89958.8,90194.4,3601,500
2025-12-11 09:00:00,90170.8,90521.1,90122.3,90237.5,3774,500
2025-12-11 10:00:00,90242.2,90356.1,90155.8,90302.8,3872,500
2025-12-11 11:00:00,90304.8,90429.4,90191.8,90226.8,4368,500
2025-12-11 12:00:00,90222.8,90389.3,89993.8,90030.0,4064,500
2025-12-11 13:00:00,90029.3,90166.7,89874.8,90097.6,1745,501
2025-12-11 14:00:00,90080.7,90486.3,89246.1,89512.1,6769,500
2025-12-11 15:00:00,89510.3,90640.2,89370.1,89838.4,9140,501
2025-12-11 16:00:00,89853.6,90184.4,89300.6,89738.5,9956,501
2025-12-11 17:00:00,89736.8,90268.9,89591.0,89948.2,6557,500
2025-12-11 18:00:00,89985.1,91197.7,89862.8,90689.1,6873,500
2025-12-11 19:00:00,90694.8,91552.9,90564.7,90825.4,6591,500
2025-12-11 20:00:00,90825.1,91849.8,90773.0,91775.8,6275,500
2025-12-11 21:00:00,91776.8,93567.1,91679.7,92866.7,7422,501
2025-12-11 22:00:00,92866.6,93225.3,92103.9,92361.8,1879,505
2025-12-11 23:00:00,92359.2,92813.3,92329.8,92516.3,4613,502
2025-12-12 00:00:00,92501.8,92673.8,91449.5,91561.4,5956,503
2025-12-12 01:00:00,91559.8,92326.9,91514.9,92153.6,5700,502
2025-12-12 02:00:00,92154.8,92745.0,91898.6,92570.8,5174,500
2025-12-12 03:00:00,92572.8,92772.4,92159.0,92284.3,4265,501
2025-12-12 04:00:00,92284.6,92478.8,92112.1,92392.1,4126,500
2025-12-12 05:00:00,92380.3,92512.5,92051.2,92434.2,4276,500
2025-12-12 06:00:00,92455.7,92730.7,92374.8,92523.7,4199,500
2025-12-12 07:00:00,92496.8,92573.6,92252.2,92448.7,3937,500
2025-12-12 08:00:00,92449.6,92494.0,92120.8,92338.1,4452,500
2025-12-12 09:00:00,92365.3,92562.7,92063.3,92535.2,3747,500
2025-12-12 10:00:00,92532.9,92645.9,92387.1,92490.4,3634,500
2025-12-12 11:00:00,92506.8,92506.8,92265.8,92404.7,3093,500
2025-12-12 12:00:00,92433.3,92433.3,92055.3,92410.7,3573,500
2025-12-12 13:00:00,92432.4,92524.0,92226.8,92295.8,4126,500
2025-12-12 14:00:00,92294.8,92671.3,91887.7,92419.6,7276,500
2025-12-12 15:00:00,92440.0,92461.6,89743.6,89927.9,13518,500
2025-12-12 16:00:00,89902.9,90441.5,89460.6,90057.3,11519,502
2025-12-12 17:00:00,90059.4,90646.4,89815.5,90078.4,7316,500
2025-12-12 18:00:00,90107.4,90682.4,90030.6,90353.8,5522,500
2025-12-12 19:00:00,90373.0,90409.9,89971.8,90200.6,6650,500
2025-12-12 20:00:00,90181.8,90346.9,89852.1,90221.6,6831,501
2025-12-12 21:00:00,90221.8,90349.5,90081.0,90193.1,3103,500
2025-12-12 22:00:00,90128.9,90410.9,90128.9,90354.3,464,548
2025-12-12 23:00:00,90356.0,90403.6,90235.8,90272.8,519,1019
2025-12-13 00:00:00,90266.7,90444.1,90211.5,90323.2,369,500
2025-12-13 01:00:00,90324.8,90363.2,90115.1,90232.2,255,587
2025-12-13 02:00:00,90230.6,90323.4,90166.4,90232.0,443,500
2025-12-13 03:00:00,90233.4,90473.3,90164.4,90348.2,428,500
2025-12-13 04:00:00,90346.3,90426.7,90273.8,90381.8,317,500
2025-12-13 05:00:00,90381.7,90400.2,90239.5,90347.5,367,536
2025-12-13 06:00:00,90347.4,90384.6,90240.2,90359.4,411,555
2025-12-13 07:00:00,90362.7,90409.4,90323.6,90338.2,394,1293
2025-12-13 08:00:00,90340.2,90585.9,90287.9,90441.8,1040,500
2025-12-13 09:00:00,90469.0,90525.8,90371.8,90432.9,512,902
2025-12-13 10:00:00,90407.8,90648.6,90402.9,90601.7,686,500
2025-12-13 11:00:00,90603.6,90620.3,90274.6,90353.8,597,500
2025-12-13 12:00:00,90354.4,90498.2,90270.4,90364.4,676,500
2025-12-13 13:00:00,90365.5,90470.9,90185.8,90271.4,762,508
2025-12-13 14:00:00,90277.5,90352.4,89912.4,90096.8,940,527
2025-12-13 15:00:00,90096.3,90310.4,90023.7,90084.8,842,503
2025-12-13 16:00:00,90103.4,90279.0,90009.0,90104.4,756,500
2025-12-13 17:00:00,90108.2,90122.9,89956.9,90071.6,541,504
2025-12-13 18:00:00,90044.8,90199.9,90033.8,90137.2,417,522
2025-12-13 19:00:00,90136.2,90247.4,90058.8,90206.4,398,556
2025-12-13 20:00:00,90207.5,90226.4,90030.8,90077.8,343,525
2025-12-13 21:00:00,90106.3,90207.9,89754.2,90191.5,740,524
2025-12-13 22:00:00,90191.5,90265.5,89983.5,90125.8,811,568
2025-12-13 23:00:00,90145.9,90303.6,90050.0,90253.6,712,500
2025-12-14 00:00:00,90251.0,90492.0,90101.5,90356.4,828,500
2025-12-14 01:00:00,90358.0,90460.0,90197.8,90317.2,509,500
2025-12-14 02:00:00,90317.0,90408.9,90206.8,90309.8,391,505
2025-12-14 03:00:00,90278.8,90323.4,90205.4,90274.2,287,536
2025-12-14 04:00:00,90247.8,90355.4,90116.8,90213.4,514,541
2025-12-14 05:00:00,90215.9,90243.1,90023.6,90192.8,616,501
2025-12-14 06:00:00,90210.6,90245.9,90084.8,90163.9,446,500
2025-12-14 07:00:00,90165.5,90293.3,90069.8,90266.4,408,541
2025-12-14 08:00:00,90262.7,90307.8,90084.9,90128.9,477,508
2025-12-14 09:00:00,90129.0,90174.4,89987.0,90036.9,488,516
2025-12-14 10:00:00,90038.8,90141.7,89764.5,89840.8,1041,514
2025-12-14 11:00:00,89864.5,89875.7,88692.0,89371.8,2881,500
2025-12-14 12:00:00,89374.6,89685.1,89090.8,89439.5,1977,500
2025-12-14 13:00:00,89414.8,89514.8,89071.4,89504.4,1526,501
2025-12-14 14:00:00,89510.6,89576.3,88858.6,89125.9,1842,501
2025-12-14 15:00:00,89122.7,89186.9,88848.6,89031.4,1902,501
2025-12-14 16:00:00,89026.4,89409.4,88514.8,88841.8,2473,500
2025-12-14 17:00:00,88818.8,89038.6,88577.8,88818.3,2582,500
2025-12-14 18:00:00,88820.0,89085.1,88693.2,89013.6,1556,500
2025-12-14 19:00:00,89010.7,89010.7,88477.0,88655.0,1583,500
2025-12-14 20:00:00,88631.8,88832.9,88344.2,88570.4,1782,501
2025-12-14 21:00:00,88566.6,88730.0,88325.2,88458.4,1376,501
2025-12-14 22:00:00,88398.8,88622.1,88013.7,88420.9,1190,639
2025-12-14 23:00:00,88435.3,88615.8,87557.6,88137.0,4976,501
2025-12-15 00:00:00,88139.4,88683.6,88037.3,88463.6,5383,501
2025-12-15 01:00:00,88470.3,89345.0,88395.2,89241.3,5406,501
2025-12-15 02:00:00,89256.2,90018.7,89209.1,89303.2,5237,500
2025-12-15 03:00:00,89324.6,89558.1,89212.8,89287.8,3898,500
2025-12-15 04:00:00,89296.9,89785.6,89250.2,89673.9,3445,503
2025-12-15 05:00:00,89675.3,89758.9,89466.3,89600.8,3255,500
2025-12-15 06:00:00,89621.6,89924.0,89445.3,89730.8,2695,500
2025-12-15 07:00:00,89726.8,89830.0,89485.4,89732.8,3254,500
2025-12-15 08:00:00,89734.8,89904.6,89615.2,89757.8,3272,500
2025-12-15 09:00:00,89736.1,89984.6,89736.1,89833.9,3476,500
2025-12-15 10:00:00,89870.4,89980.4,89683.9,89844.8,3575,500
2025-12-15 11:00:00,89843.8,89905.9,89550.1,89650.8,3044,500
2025-12-15 12:00:00,89628.8,89765.2,89403.9,89681.8,3382,500
2025-12-15 13:00:00,89682.1,89742.6,89249.6,89396.7,3478,500
2025-12-15 14:00:00,89393.9,89869.1,87806.4,88006.1,9119,500
2025-12-15 15:00:00,88033.9,88168.3,86580.5,87010.0,13417,500
2025-12-15 16:00:00,87009.2,87215.6,86056.0,86383.5,10251,501
2025-12-15 17:00:00,86378.5,86481.5,85560.0,85748.8,8788,500
2025-12-15 18:00:00,85746.0,86265.0,85133.9,86145.4,8574,500
2025-12-15 19:00:00,86143.6,86542.0,85838.6,86101.5,8156,500
2025-12-15 20:00:00,86093.4,86183.9,85562.2,85741.8,7640,500
2025-12-15 21:00:00,85737.7,86290.1,85484.4,86205.6,5298,500
2025-12-15 22:00:00,86215.2,86249.3,85789.4,86249.3,1093,500
2025-12-15 23:00:00,86249.1,86452.6,86068.6,86414.8,3976,500
2025-12-16 00:00:00,86413.8,86502.8,85793.3,85815.6,4994,500
2025-12-16 01:00:00,85825.0,86146.8,85635.3,85847.0,5324,500
2025-12-16 02:00:00,85848.1,86211.9,85760.9,85893.3,5337,500
2025-12-16 03:00:00,85893.6,86004.9,85334.1,85832.2,5872,501
2025-12-16 04:00:00,85827.5,85908.7,85223.6,85816.8,5582,500
2025-12-16 05:00:00,85817.8,86189.8,85754.4,85978.1,4804,500
2025-12-16 06:00:00,85980.8,86586.8,85980.8,86455.4,3682,500
2025-12-16 07:00:00,86459.2,86595.9,85814.1,85993.8,4832,500
2025-12-16 08:00:00,85999.8,86365.6,85879.6,86266.8,4630,500
2025-12-16 09:00:00,86265.8,86411.2,86150.8,86304.9,4623,500
2025-12-16 10:00:00,86305.7,87315.8,86223.0,86928.8,5892,500
2025-12-16 11:00:00,86931.3,87318.0,86771.9,87248.7,4859,500
2025-12-16 12:00:00,87221.2,87456.6,87032.1,87195.8,4544,500
2025-12-16 13:00:00,87193.6,87740.5,86404.4,86435.1,8483,500
2025-12-16 14:00:00,86427.8,87720.5,86077.6,87278.0,10629,501
2025-12-16 15:00:00,87277.1,88152.3,86810.6,87960.3,10449,500
2025-12-16 16:00:00,87927.6,88038.4,87358.8,87539.5,8844,500
2025-12-16 17:00:00,87535.6,87835.3,87048.3,87111.8,6791,500
2025-12-16 18:00:00,87113.8,88000.8,87021.1,87742.9,6441,500
2025-12-16 19:00:00,87740.8,87782.8,87244.5,87551.6,6307,500
2025-12-16 20:00:00,87570.8,87826.6,87294.8,87549.9,5933,500
2025-12-16 21:00:00,87527.7,87900.7,87452.1,87747.8,3544,500
2025-12-16 22:00:00,87730.4,87922.1,87608.7,87752.9,412,500
2025-12-16 23:00:00,87780.8,87853.4,87555.3,87823.9,2503,500
2025-12-17 00:00:00,87824.0,87852.6,87376.8,87494.2,4419,500
2025-12-17 01:00:00,87496.5,87933.6,87444.0,87534.8,4867,500
2025-12-17 02:00:00,87535.8,87573.8,87140.4,87468.8,4890,500
2025-12-17 03:00:00,87469.8,87595.8,87111.4,87193.8,4344,500
2025-12-17 04:00:00,87198.7,87368.8,86690.8,86703.1,5045,500
2025-12-17 05:00:00,86737.8,86743.8,86163.0,86612.8,6318,500
2025-12-17 06:00:00,86615.8,86979.8,86544.8,86751.8,4934,500
2025-12-17 07:00:00,86728.1,87110.2,86543.7,87024.2,5132,501
2025-12-17 08:00:00,87020.9,87020.9,86278.0,86342.6,4794,500
2025-12-17 09:00:00,86341.3,86583.0,86208.1,86368.5,4883,500
2025-12-17 10:00:00,86353.6,86813.8,86198.1,86577.9,5181,500
2025-12-17 11:00:00,86589.7,87113.8,86519.7,86957.2,4729,500
2025-12-17 12:00:00,86962.8,87195.8,86773.2,87004.8,5068,500
2025-12-17 13:00:00,87002.8,87833.8,86761.5,87575.8,6702,500
2025-12-17 14:00:00,87607.8,89662.6,87128.5,89656.3,9629,500
2025-12-17 15:00:00,89627.1,90320.6,87103.7,87178.2,11278,501
2025-12-17 16:00:00,87177.8,87749.4,86115.3,86938.5,9104,501
2025-12-17 17:00:00,86937.6,87081.8,86214.4,86364.0,7625,500
2025-12-17 18:00:00,86374.5,86815.2,85605.9,85756.1,6873,500
2025-12-17 19:00:00,85758.8,86148.2,85262.9,85962.2,6484,501
2025-12-17 20:00:00,85984.8,86220.6,85599.5,85839.8,6416,501
2025-12-17 21:00:00,85838.3,86025.8,85658.7,85958.4,5042,500
2025-12-17 22:00:00,85929.0,86403.4,85843.4,86313.0,785,501
2025-12-17 23:00:00,86313.5,86317.4,85899.6,86213.2,3722,500
2025-12-18 00:00:00,86208.7,86284.8,86001.4,86212.1,4333,500
2025-12-18 01:00:00,86211.6,86212.1,85804.1,86064.4,5013,500
2025-12-18 02:00:00,86064.3,86846.2,85945.7,86661.6,5680,500
2025-12-18 03:00:00,86656.4,86666.2,86218.6,86554.0,4071,500
2025-12-18 04:00:00,86554.3,86875.8,86543.2,86748.8,4185,500
2025-12-18 05:00:00,86708.0,86748.8,86341.5,86408.8,4321,500
2025-12-18 06:00:00,86385.9,86636.1,86355.0,86603.6,4474,500
2025-12-18 07:00:00,86614.3,86855.2,86543.2,86777.1,4152,502
2025-12-18 08:00:00,86777.4,87104.3,86631.1,86953.8,5582,501
2025-12-18 09:00:00,86951.8,87373.5,86750.4,87238.6,5337,500
2025-12-18 10:00:00,87263.9,87431.1,87170.5,87297.5,4666,500
2025-12-18 11:00:00,87299.2,87331.8,87010.8,87206.1,4063,500
2025-12-18 12:00:00,87212.2,87420.0,87060.9,87216.4,4032,500
2025-12-18 13:00:00,87216.5,89187.8,87216.5,88788.5,7889,501
2025-12-18 14:00:00,88788.0,89460.6,87716.5,88302.8,9345,501
2025-12-18 15:00:00,88324.6,89350.2,87908.5,88471.1,8253,501
2025-12-18 16:00:00,88464.8,88514.2,87818.7,88002.8,7682,501
2025-12-18 17:00:00,88002.8,88010.8,85410.8,86412.0,9545,503
2025-12-18 18:00:00,86412.2,86866.9,85659.2,85944.8,7635,501
2025-12-18 19:00:00,85953.8,86005.8,84421.1,84458.5,8306,501
2025-12-18 20:00:00,84445.8,85252.1,84387.3,84575.6,7808,500
2025-12-18 21:00:00,84571.8,85816.8,84530.2,85601.8,6501,505
2025-12-18 22:00:00,85619.2,85711.2,85221.4,85512.4,2895,657
2025-12-18 23:00:00,85512.1,85594.8,85254.4,85469.2,4181,586
2025-12-19 00:00:00,85470.5,85580.9,85225.7,85531.8,5941,500
2025-12-19 01:00:00,85555.8,85578.9,85066.1,85292.8,5106,500
2025-12-19 02:00:00,85307.8,85883.8,85086.9,85635.8,4977,502
2025-12-19 03:00:00,85631.4,87543.0,85545.0,86836.8,7991,501
2025-12-19 04:00:00,86806.7,87354.3,86802.0,87020.2,6404,501
2025-12-19 05:00:00,87020.2,87210.2,86623.6,87090.6,6009,500
2025-12-19 06:00:00,87108.1,87474.4,86838.4,87452.8,5204,500
2025-12-19 07:00:00,87451.8,88385.2,87431.2,87871.6,6831,508
2025-12-19 08:00:00,87870.7,88183.8,87662.6,88087.8,5786,503
2025-12-19 09:00:00,88070.0,88137.8,87846.3,88064.3,5127,503
2025-12-19 10:00:00,88028.2,88289.8,87875.2,88244.8,4960,500
2025-12-19 11:00:00,88223.7,88370.5,88076.3,88150.8,6004,501
2025-12-19 12:00:00,88152.8,88268.3,87778.1,87785.1,6560,500
2025-12-19 13:00:00,87784.9,88173.8,87765.9,87925.1,5912,500
2025-12-19 14:00:00,87924.9,88532.4,87491.1,88157.3,8437,500
2025-12-19 15:00:00,88161.8,89384.8,87649.0,87942.8,9461,501
2025-12-19 16:00:00,87939.8,88861.8,87819.4,87941.8,8283,501
2025-12-19 17:00:00,87967.6,88323.0,86801.5,86874.0,8806,501
2025-12-19 18:00:00,86904.8,87450.8,86789.4,87109.6,7551,501
2025-12-19 19:00:00,87134.4,88112.7,87069.5,87785.6,7875,500
2025-12-19 20:00:00,87821.8,88376.5,87527.6,88045.5,7947,500
2025-12-19 21:00:00,88054.3,88070.8,87744.7,87823.8,4592,527
2025-12-19 22:00:00,87820.0,88413.4,87726.9,88321.4,506,611
2025-12-19 23:00:00,88333.5,88346.4,88102.4,88115.5,435,826
2025-12-20 00:00:00,88107.8,88177.7,87935.4,87986.1,508,500
2025-12-20 01:00:00,87989.4,88152.2,87989.4,88056.7,305,500
2025-12-20 02:00:00,88060.5,88298.3,87969.2,88186.2,366,500
2025-12-20 03:00:00,88185.0,88328.0,88140.0,88194.4,217,500
2025-12-20 04:00:00,88194.3,88316.7,88095.2,88272.1,293,500
2025-12-20 05:00:00,88279.2,88532.4,88260.2,88275.3,406,500
2025-12-20 06:00:00,88273.3,88416.6,88216.8,88262.4,237,500
2025-12-20 07:00:00,88266.6,88312.8,88161.1,88262.4,265,500
2025-12-20 08:00:00,88260.6,88412.4,88209.9,88240.3,1078,500
2025-12-20 09:00:00,88238.9,88327.0,88154.9,88182.1,618,500
2025-12-20 10:00:00,88209.4,88265.2,88086.8,88132.8,848,500
2025-12-20 11:00:00,88141.1,88298.4,88044.9,88259.5,728,501
2025-12-20 12:00:00,88252.9,88316.8,88108.9,88228.2,666,500
2025-12-20 13:00:00,88229.4,88319.3,87798.4,88250.3,2501,500
2025-12-20 14:00:00,88249.8,88258.6,87958.7,88201.6,1985,500
2025-12-20 15:00:00,88202.0,88248.4,87972.0,88160.2,1327,500
2025-12-20 16:00:00,88148.8,88221.8,88036.4,88135.7,1108,500
2025-12-20 17:00:00,88136.1,88237.6,88056.6,88166.8,817,500
2025-12-20 18:00:00,88139.9,88386.8,88061.2,88270.8,495,617
2025-12-20 19:00:00,88302.5,88312.1,88140.3,88212.4,682,527
2025-12-20 20:00:00,88193.8,88297.9,88116.0,88267.4,880,508
2025-12-20 21:00:00,88264.7,88424.6,88138.0,88203.0,909,537
2025-12-20 22:00:00,88117.7,88326.9,88101.1,88236.4,980,686
2025-12-20 23:00:00,88231.5,88408.5,88210.4,88314.4,1354,500
2025-12-21 00:00:00,88314.1,88418.8,88252.5,88345.5,1347,1255
2025-12-21 01:00:00,88340.2,88356.8,87968.3,87971.5,1475,500
2025-12-21 02:00:00,87971.0,88136.0,87827.0,87935.9,2804,500
2025-12-21 03:00:00,87935.0,88141.9,87888.9,88061.6,1863,500
2025-12-21 04:00:00,88061.5,88139.2,88004.0,88056.6,1853,500
2025-12-21 05:00:00,88056.1,88132.8,88001.9,88122.7,1395,500
2025-12-21 06:00:00,88120.8,88189.1,88024.7,88078.3,1378,500
2025-12-21 07:00:00,88078.5,88157.8,88012.7,88132.1,944,500
2025-12-21 08:00:00,88132.0,88713.7,88097.0,88493.6,2556,500
2025-12-21 09:00:00,88520.4,89054.9,88456.1,88842.0,3539,500
2025-12-21 10:00:00,88846.2,88958.6,88534.4,88653.7,3615,500
2025-12-21 11:00:00,88626.3,88734.9,88538.7,88556.7,1580,500
2025-12-21 12:00:00,88559.2,88904.5,88430.2,88589.2,2504,503
2025-12-21 13:00:00,88621.2,88679.2,87560.4,87634.3,5723,500
2025-12-21 14:00:00,87629.5,88123.2,87570.4,88021.9,3996,500
2025-12-21 15:00:00,88022.8,88235.2,87764.5,88050.1,2707,500
2025-12-21 16:00:00,88050.2,88334.9,87941.1,88306.1,2553,500
2025-12-21 17:00:00,88306.7,88472.8,88235.6,88297.8,2263,500
2025-12-21 18:00:00,88299.8,88439.0,87905.4,88402.7,2350,501
2025-12-21 19:00:00,88436.6,88582.7,88159.4,88443.2,2217,500
2025-12-21 20:00:00,88472.9,88487.9,88187.2,88190.0,1806,500
2025-12-21 21:00:00,88224.8,88361.3,88048.3,88153.1,1856,500
2025-12-21 22:00:00,88072.8,88482.9,88045.5,88422.6,1329,777
2025-12-21 23:00:00,88422.5,88791.8,88325.1,88633.8,4065,503
2025-12-22 00:00:00,88634.8,89615.7,88588.2,88609.8,7482,501
2025-12-22 01:00:00,88588.7,89268.5,88487.5,88577.8,6292,501
2025-12-22 02:00:00,88612.4,88635.8,87877.0,88415.9,6702,500
2025-12-22 03:00:00,88416.5,88833.8,88241.0,88727.7,5851,500
2025-12-22 04:00:00,88727.4,89016.0,88666.5,88896.9,5151,501
2025-12-22 05:00:00,88857.3,88984.7,88714.4,88823.4,5489,500
2025-12-22 06:00:00,88823.7,88977.5,88682.6,88899.8,4873,501
2025-12-22 07:00:00,88899.7,89177.1,88842.1,89146.8,4353,501
2025-12-22 08:00:00,89114.9,89900.7,89042.1,89272.1,6420,502
2025-12-22 09:00:00,89290.8,89818.3,89242.2,89765.8,5284,508
2025-12-22 10:00:00,89766.8,89854.4,89554.8,89767.7,4843,500
2025-12-22 11:00:00,89768.2,90075.8,89604.2,89882.2,4838,500
2025-12-22 12:00:00,89903.8,90558.8,89809.9,90179.8,5794,504
2025-12-22 13:00:00,90176.8,90311.8,89685.3,89868.4,5667,501
2025-12-22 14:00:00,89869.0,90265.8,89389.3,90084.3,7833,501
2025-12-22 15:00:00,90080.9,90398.1,89158.4,89688.1,8399,506
2025-12-22 16:00:00,89708.8,90100.8,89476.9,89505.4,6395,501
2025-12-22 17:00:00,89538.8,89552.8,89038.4,89298.8,5808,500
2025-12-22 18:00:00,89295.8,89498.8,89089.1,89102.6,4513,509
2025-12-22 19:00:00,89135.0,89138.2,87920.5,88047.8,6676,501
2025-12-22 20:00:00,88045.8,88454.6,87856.3,88284.0,6813,501
2025-12-22 21:00:00,88276.9,88611.2,88168.7,88231.7,5459,500
2025-12-22 22:00:00,88212.8,88742.8,88139.9,88590.8,1590,500
2025-12-22 23:00:00,88590.5,88688.8,88368.2,88526.9,3935,603
2025-12-23 00:00:00,88562.7,88922.4,88426.1,88736.8,4965,500
2025-12-23 01:00:00,88702.4,88878.3,88358.4,88471.3,5200,500
2025-12-23 02:00:00,88471.7,88743.8,88058.7,88162.3,5613,500
2025-12-23 03:00:00,88164.4,88341.7,87749.1,88169.9,5498,500
2025-12-23 04:00:00,88164.6,88340.8,87863.8,87886.1,4614,500
2025-12-23 05:00:00,87885.1,88006.7,87532.8,87721.1,5225,501
2025-12-23 06:00:00,87722.6,87772.5,86990.4,87393.8,5888,502
2025-12-23 07:00:00,87389.8,87660.0,87310.7,87518.4,5267,508
2025-12-23 08:00:00,87481.8,87692.4,87354.9,87387.4,4777,502
2025-12-23 09:00:00,87384.1,87602.0,87237.4,87497.8,4596,502
2025-12-23 10:00:00,87499.8,87641.6,87434.9,87597.8,3706,502
2025-12-23 11:00:00,87598.8,87872.2,87494.6,87808.6,3901,500
2025-12-23 12:00:00,87810.9,87955.2,87546.6,87780.8,4447,500
2025-12-23 13:00:00,87780.5,87893.5,87388.5,87591.8,5814,500
2025-12-23 14:00:00,87592.8,87823.3,86538.0,86865.6,7382,500
2025-12-23 15:00:00,86824.9,87530.5,86645.6,87399.9,7032,501
2025-12-23 16:00:00,87399.8,88178.5,87273.9,87952.8,6541,500
2025-12-23 17:00:00,87932.6,88249.8,87127.8,87129.7,5917,500
2025-12-23 18:00:00,87161.6,88138.8,87097.9,87928.8,5861,500
2025-12-23 19:00:00,87931.8,88034.1,87576.7,87704.9,4844,500
2025-12-23 20:00:00,87733.8,88336.2,87461.9,87639.1,5871,500
2025-12-23 21:00:00,87669.8,87848.7,87466.7,87689.8,4814,501
2025-12-23 22:00:00,87712.3,87770.6,87238.9,87380.8,846,500
2025-12-23 23:00:00,87321.4,87511.5,87131.1,87444.5,4161,614
2025-12-24 00:00:00,87475.8,87657.5,87202.9,87606.8,4543,500
2025-12-24 01:00:00,87577.2,87831.0,87421.9,87622.4,5516,500
2025-12-24 02:00:00,87617.2,87629.8,86863.8,87095.8,5790,500
2025-12-24 03:00:00,87094.8,87365.0,86813.5,87294.7,5551,500
2025-12-24 04:00:00,87259.0,87422.9,87020.6,87093.8,5333,502
2025-12-24 05:00:00,87060.5,87234.5,86738.6,86906.8,5211,502
2025-12-24 06:00:00,86876.0,87045.4,86766.6,86953.8,4036,503
2025-12-24 07:00:00,86952.8,87170.3,86828.9,86833.4,3781,505
2025-12-24 08:00:00,86865.8,87043.8,86694.6,86706.2,4827,505
2025-12-24 09:00:00,86706.4,86878.0,86658.6,86723.6,4597,510
2025-12-24 10:00:00,86761.1,87163.8,86722.3,87041.8,5199,500
2025-12-24 11:00:00,87045.8,87343.5,87004.9,87165.8,4584,500
2025-12-24 12:00:00,87166.8,87472.7,87071.0,87383.8,4341,502
2025-12-24 13:00:00,87354.8,87427.6,86983.9,87211.7,4855,500
2025-12-24 14:00:00,87239.8,87440.6,86368.4,86909.0,6294,500
2025-12-24 15:00:00,86908.7,87192.4,86543.1,86963.3,6827,500
2025-12-24 16:00:00,86963.5,87653.7,86841.3,87240.8,6379,504
2025-12-24 17:00:00,87296.7,87567.4,87169.0,87276.1,5697,503
2025-12-24 18:00:00,87299.8,87465.8,87167.5,87388.8,5180,559
2025-12-24 19:00:00,87423.8,87562.4,87290.7,87475.2,4689,500
2025-12-24 20:00:00,87475.1,87651.6,87450.8,87468.6,4074,502
2025-12-24 21:00:00,87469.2,87788.0,87468.6,87688.5,1909,501
2025-12-24 22:00:00,87688.5,88042.3,87680.9,88001.5,268,500
2025-12-24 23:00:00,88002.6,88019.2,87584.9,87662.6,386,500
2025-12-25 00:00:00,87662.6,87741.4,87503.2,87559.6,364,500
2025-12-25 01:00:00,87560.7,87738.8,87550.9,87693.9,288,500
2025-12-25 02:00:00,87693.4,87959.9,87556.2,87878.0,269,500
2025-12-25 03:00:00,87882.0,87918.8,87743.9,87832.8,254,500
2025-12-25 04:00:00,87833.1,87838.4,87732.9,87763.6,258,500
2025-12-25 05:00:00,87765.7,87779.1,87634.9,87740.9,263,500
2025-12-25 06:00:00,87739.6,87834.5,87661.3,87828.7,203,500
2025-12-25 07:00:00,87828.8,87857.0,87718.9,87823.9,185,500
2025-12-25 08:00:00,87823.3,87880.9,87323.9,87577.3,472,500
2025-12-25 09:00:00,87579.2,87595.1,87434.2,87508.6,297,500
2025-12-25 10:00:00,87507.9,87523.4,87224.0,87407.9,372,500
2025-12-25 11:00:00,87410.4,87574.4,87402.4,87510.6,247,500
2025-12-25 12:00:00,87510.1,87580.6,87457.2,87557.9,216,500
2025-12-25 13:00:00,87557.4,87676.3,87388.3,87620.4,310,500
2025-12-25 14:00:00,87619.3,87751.6,87528.8,87708.9,253,500
2025-12-25 15:00:00,87712.7,88587.2,87691.9,88357.5,806,500
2025-12-25 16:00:00,88361.6,88469.4,87977.0,88070.2,595,500
2025-12-25 17:00:00,88071.2,88200.3,87983.7,88125.4,358,500
2025-12-25 18:00:00,88125.6,88304.2,88122.9,88228.9,247,500
2025-12-25 19:00:00,88227.0,88238.4,88033.1,88141.5,177,500
2025-12-25 20:00:00,88142.1,88161.5,87619.0,87873.7,320,500
2025-12-25 21:00:00,87878.9,87974.8,87770.5,87893.5,630,500
2025-12-25 22:00:00,87893.5,87908.9,87289.9,87642.4,1755,671
2025-12-25 23:00:00,87644.4,87756.4,86885.5,87186.8,5723,578
2025-12-26 00:00:00,87218.8,87282.8,86835.4,87043.8,6119,500
2025-12-26 01:00:00,87045.0,87467.8,87040.2,87391.8,5662,500
2025-12-26 02:00:00,87416.4,89375.8,87360.1,89078.3,7389,502
2025-12-26 03:00:00,89110.8,89267.5,88621.2,88829.2,4681,501
2025-12-26 04:00:00,88816.8,89140.5,88428.9,88873.7,4124,502
2025-12-26 05:00:00,88874.8,89007.8,88732.6,88984.7,3628,501
2025-12-26 06:00:00,88987.4,89212.9,88906.4,89033.4,4122,500
2025-12-26 07:00:00,89033.5,89508.3,88271.9,88427.5,5308,501
2025-12-26 08:00:00,88446.8,88844.8,88335.4,88650.3,5307,502
2025-12-26 09:00:00,88717.7,88880.7,88583.2,88732.0,4376,506
2025-12-26 10:00:00,88730.3,88855.7,88600.2,88665.8,4883,500
2025-12-26 11:00:00,88699.8,88723.0,88451.3,88488.8,4475,500
2025-12-26 12:00:00,88456.2,88751.4,88456.0,88636.5,4069,500
2025-12-26 13:00:00,88634.8,89030.3,88542.5,88984.6,5492,504
2025-12-26 14:00:00,88958.8,89040.5,87268.5,87370.8,7521,500
2025-12-26 15:00:00,87369.6,87369.6,86579.8,87121.2,7560,505
2025-12-26 16:00:00,87078.8,87350.7,86751.1,86753.7,5885,503
2025-12-26 17:00:00,86753.8,87434.9,86753.8,87220.6,4189,502
2025-12-26 18:00:00,87222.1,87349.0,87042.3,87171.7,4338,501
2025-12-26 19:00:00,87171.3,87564.4,87161.7,87485.8,3447,502
2025-12-26 20:00:00,87451.5,87763.1,87309.3,87480.8,4297,512
2025-12-26 21:00:00,87480.6,87693.4,87328.1,87328.1,1864,508
2025-12-26 22:00:00,87328.1,87583.0,87257.1,87489.6,437,1370
2025-12-26 23:00:00,87487.1,87541.7,87231.4,87357.9,432,964
2025-12-27 00:00:00,87311.3,87401.7,87198.2,87384.8,258,521
2025-12-27 01:00:00,87381.9,87473.8,87228.3,87425.9,193,538
2025-12-27 02:00:00,87464.9,87485.0,87299.9,87402.7,191,573
2025-12-27 03:00:00,87438.9,87523.3,87270.0,87504.0,168,568
2025-12-27 04:00:00,87502.8,87508.7,87342.9,87427.1,153,640
2025-12-27 05:00:00,87350.3,87505.4,87320.2,87462.0,119,1303
2025-12-27 06:00:00,87463.0,87556.4,87294.1,87456.9,171,683
2025-12-27 07:00:00,87457.4,87695.0,87400.8,87522.4,202,554
2025-12-27 08:00:00,87503.8,87661.5,87462.1,87543.7,476,504
2025-12-27 09:00:00,87542.7,87657.3,87480.2,87591.5,462,572
2025-12-27 10:00:00,87582.8,87603.1,87321.6,87494.6,619,534
2025-12-27 11:00:00,87495.0,87528.3,87366.2,87451.5,505,511
2025-12-27 12:00:00,87443.8,87502.1,87341.5,87448.2,316,1303
2025-12-27 13:00:00,87464.9,87466.6,87267.2,87419.8,528,509
2025-12-27 14:00:00,87429.6,87535.4,87347.1,87493.6,484,500
2025-12-27 15:00:00,87493.7,87580.4,87406.9,87531.8,407,534
2025-12-27 16:00:00,87523.8,87571.9,87393.4,87476.8,492,504
2025-12-27 17:00:00,87476.9,87537.4,87367.8,87437.4,359,550
2025-12-27 18:00:00,87439.1,87565.1,87344.3,87465.8,302,804
2025-12-27 19:00:00,87466.8,87562.6,87420.7,87520.3,305,974
2025-12-27 20:00:00,87521.2,87622.5,87419.7,87529.8,303,1246
2025-12-27 21:00:00,87517.3,87660.6,87437.0,87658.3,234,1008
2025-12-27 22:00:00,87540.1,87940.6,87451.7,87510.8,1476,1095
2025-12-27 23:00:00,87551.0,87974.8,87505.4,87863.9,1105,500
2025-12-28 00:00:00,87864.0,87947.9,87652.1,87837.3,1250,509
2025-12-28 01:00:00,87838.8,87936.0,87680.5,87777.1,956,502
2025-12-28 02:00:00,87770.9,87862.5,87634.9,87792.6,429,535
2025-12-28 03:00:00,87799.9,87839.1,87618.1,87702.8,401,527
2025-12-28 04:00:00,87720.4,87823.8,87586.7,87708.1,628,512
2025-12-28 05:00:00,87710.8,87710.8,87547.0,87624.3,801,504
2025-12-28 06:00:00,87598.1,87776.6,87511.0,87713.9,485,546
2025-12-28 07:00:00,87668.7,87723.5,87554.9,87723.2,416,544
2025-12-28 08:00:00,87729.0,87962.2,87616.5,87789.7,770,556
2025-12-28 09:00:00,87790.7,87890.4,87665.1,87754.6,609,500
2025-12-28 10:00:00,87791.4,88001.9,87746.5,87849.9,1151,500
2025-12-28 11:00:00,87856.9,87915.5,87756.9,87877.0,556,568
2025-12-28 12:00:00,87851.8,87884.5,87690.9,87840.0,470,977
2025-12-28 13:00:00,87840.2,87944.4,87751.5,87855.8,711,501
2025-12-28 14:00:00,87892.3,88062.1,87843.2,87903.3,885,504
2025-12-28 15:00:00,87903.3,87996.4,87771.9,87825.5,774,500
2025-12-28 16:00:00,87825.0,87890.4,87682.9,87774.8,796,500
2025-12-28 17:00:00,87763.2,87923.2,87676.4,87704.2,446,500
2025-12-28 18:00:00,87689.9,87754.4,87447.1,87587.7,1160,510
2025-12-28 19:00:00,87587.9,87687.1,87385.0,87510.9,912,520
2025-12-28 20:00:00,87511.4,87645.2,87406.0,87476.8,740,532
2025-12-28 21:00:00,87502.6,87585.4,87373.9,87547.8,754,521
2025-12-28 22:00:00,87460.9,87891.5,87388.8,87809.2,1980,565
2025-12-28 23:00:00,87809.7,87949.0,87540.9,87873.8,3454,524
2025-12-29 00:00:00,87850.7,88403.9,87725.9,88207.2,4468,500
2025-12-29 01:00:00,88280.5,88467.6,87781.1,88333.7,3608,500
2025-12-29 02:00:00,88333.9,89358.8,88333.9,89046.2,3637,502
2025-12-29 03:00:00,89046.1,90120.1,89046.1,90106.4,2973,500
2025-12-29 04:00:00,90109.4,90389.2,89894.8,90091.9,3124,500
2025-12-29 05:00:00,90090.6,90281.7,89849.6,89870.5,2566,500
2025-12-29 06:00:00,89870.4,90109.4,89649.9,89651.0,2485,500
2025-12-29 07:00:00,89650.5,89808.4,89451.4,89568.8,2417,500
2025-12-29 08:00:00,89540.8,89816.9,89379.7,89541.1,2172,500
2025-12-29 09:00:00,89546.4,89589.3,87750.0,87975.7,3296,500
2025-12-29 10:00:00,87974.9,88202.6,87553.3,87762.8,1877,501
2025-12-29 11:00:00,87732.6,87758.3,87496.8,87557.5,1913,500
2025-12-29 12:00:00,87554.9,87618.9,86695.6,87371.0,2798,500
2025-12-29 13:00:00,87373.4,87526.1,87103.3,87371.7,1812,500
2025-12-29 14:00:00,87369.6,88151.3,87165.5,87423.9,3679,500
2025-12-29 15:00:00,87422.9,87871.7,87148.7,87673.8,3967,500
2025-12-29 16:00:00,87673.0,87795.8,87357.8,87618.9,3640,500
2025-12-29 17:00:00,87619.4,87819.3,87256.1,87766.8,3357,500
2025-12-29 18:00:00,87731.4,87957.8,87283.2,87331.2,2926,500
2025-12-29 19:00:00,87331.8,87660.5,87213.1,87353.5,2066,500
2025-12-29 20:00:00,87352.7,87508.8,87032.6,87202.0,2183,500
2025-12-29 21:00:00,87199.8,87331.1,87054.8,87194.6,1806,500
2025-12-29 22:00:00,87194.8,87380.6,87060.1,87210.8,726,500
2025-12-29 23:00:00,87210.7,87300.7,87097.0,87097.4,1241,500
2025-12-30 00:00:00,87098.0,87270.5,87035.4,87117.0,1800,500
2025-12-30 01:00:00,87116.9,87288.4,87030.8,87171.4,1789,500
2025-12-30 02:00:00,87171.8,87312.8,86864.5,87099.5,1666,500
2025-12-30 03:00:00,87096.6,87361.5,86720.3,87334.8,2110,500
2025-12-30 04:00:00,87337.8,87486.6,87175.7,87293.2,961,500
2025-12-30 05:00:00,87293.5,87349.8,87131.3,87244.3,429,500
2025-12-30 06:00:00,87245.3,87469.9,87155.0,87433.6,1456,500
2025-12-30 07:00:00,87434.4,87565.4,87322.5,87487.4,649,500
2025-12-30 08:00:00,87421.8,88191.8,87356.6,87821.3,2832,500
2025-12-30 09:00:00,87850.2,88023.5,87579.2,87856.3,2015,500
2025-12-30 10:00:00,87856.0,88175.1,87823.5,87938.4,1266,500
2025-12-30 11:00:00,87939.6,88017.6,87697.9,87764.2,915,500
2025-12-30 12:00:00,87767.8,88058.6,87763.9,87883.3,2020,500
2025-12-30 13:00:00,87882.4,88127.4,87818.7,87974.8,1439,500
2025-12-30 14:00:00,87975.1,88992.3,87783.3,88865.5,3581,500
2025-12-30 15:00:00,88864.5,89117.1,88144.1,88895.5,5232,500
2025-12-30 16:00:00,88896.1,89378.5,88496.5,88730.8,5068,500
2025-12-30 17:00:00,88734.8,88862.8,88070.0,88367.8,4069,500
2025-12-30 18:00:00,88365.6,88456.3,88066.3,88294.8,3519,500
2025-12-30 19:00:00,88292.8,88360.0,87876.5,88157.8,3501,500
2025-12-30 20:00:00,88120.9,88205.5,87782.4,87928.4,2545,500
2025-12-30 21:00:00,87932.2,88272.1,87814.4,88271.5,2557,500
2025-12-30 22:00:00,88168.0,88409.8,88168.0,88299.4,1377,500
2025-12-30 23:00:00,88299.3,88556.5,88239.8,88370.3,2212,500
2025-12-31 00:00:00,88376.8,88480.5,88176.5,88251.9,1001,500
2025-12-31 01:00:00,88248.1,88777.9,88110.0,88525.1,1962,500
2025-12-31 02:00:00,88526.3,88726.4,88478.6,88543.4,1419,500
2025-12-31 03:00:00,88543.2,88804.3,88318.7,88379.8,767,500
2025-12-31 04:00:00,88380.8,88527.7,88240.8,88321.3,1375,500
2025-12-31 05:00:00,88325.1,88482.7,88268.1,88418.2,1223,500
2025-12-31 06:00:00,88418.1,88525.3,88343.5,88376.1,1369,500
2025-12-31 07:00:00,88376.7,88496.7,88300.4,88479.0,2014,500
2025-12-31 08:00:00,88478.9,88696.8,88347.4,88427.0,1070,500
2025-12-31 09:00:00,88428.7,88667.7,88360.8,88534.8,1218,500
2025-12-31 10:00:00,88534.7,88799.1,88534.7,88707.2,1777,500
2025-12-31 11:00:00,88707.1,89017.2,88687.3,88887.3,2032,500
2025-12-31 12:00:00,88885.2,89023.3,88695.6,88765.4,684,500
2025-12-31 13:00:00,88768.4,88984.7,88669.0,88980.3,1154,500
2025-12-31 14:00:00,88975.8,89159.9,88874.8,88942.5,404,500
2026-01-01 14:00:00,87907.9,87963.8,87799.3,87954.5,193,500
2026-01-01 15:00:00,87954.8,88105.2,87910.1,88023.6,271,500
2026-01-01 16:00:00,88024.6,88038.9,87865.3,87984.6,268,500
2026-01-01 17:00:00,87985.2,88501.4,87964.5,88314.7,414,500
2026-01-01 18:00:00,88315.0,88359.9,88093.9,88189.3,267,500
2026-01-01 19:00:00,88187.8,88428.1,88069.4,88384.1,191,500
2026-01-01 20:00:00,88382.1,88383.6,88234.7,88248.9,177,500
2026-01-01 21:00:00,88250.4,88440.2,88245.4,88339.8,198,503
2026-01-01 22:00:00,88378.7,88585.5,88295.1,88508.1,1556,500
2026-01-01 23:00:00,88507.4,88883.8,88333.3,88712.7,1775,500
2026-01-02 00:00:00,88713.9,88867.4,88464.4,88701.6,1544,500
2026-01-02 01:00:00,88702.6,88797.8,88443.9,88513.6,1619,500
2026-01-02 02:00:00,88513.7,88594.4,88285.2,88510.4,1764,500
2026-01-02 03:00:00,88510.3,89112.4,88492.4,88937.5,2607,500
2026-01-02 04:00:00,88937.0,88978.4,88592.1,88631.1,1108,500
2026-01-02 05:00:00,88631.4,88779.1,88509.5,88752.3,605,500
2026-01-02 06:00:00,88752.5,89022.3,88630.9,88808.9,2246,500
2026-01-02 07:00:00,88809.0,89060.0,88720.7,88852.7,1185,500
2026-01-02 08:00:00,88854.4,89138.8,88766.6,89034.6,1608,500
2026-01-02 09:00:00,89065.8,89477.5,88982.8,89462.0,2482,500
2026-01-02 10:00:00,89466.4,89877.1,89381.9,89614.8,2902,503
2026-01-02 11:00:00,89620.9,89670.3,89297.6,89468.8,2244,500
2026-01-02 12:00:00,89490.6,89537.6,89295.3,89392.9,2261,500
2026-01-02 13:00:00,89393.4,89680.2,89261.2,89304.0,2043,500
2026-01-02 14:00:00,89297.9,90130.3,88390.8,89501.1,6663,501
2026-01-02 15:00:00,89502.2,89858.8,88746.9,89365.9,7948,501
2026-01-02 16:00:00,89390.8,90793.4,89144.1,90330.2,8317,502
2026-01-02 17:00:00,90353.5,90952.1,90134.1,90306.1,7429,501
2026-01-02 18:00:00,90331.8,90544.8,89492.8,89695.0,6316,504
2026-01-02 19:00:00,89695.1,90135.9,89590.9,89848.7,5700,502
2026-01-02 20:00:00,89853.4,90064.9,89565.2,89719.9,5128,500
2026-01-02 21:00:00,89712.6,90147.2,89673.7,90045.9,1649,510
2026-01-02 22:00:00,89954.9,90387.5,89954.9,90178.3,440,624
2026-01-02 23:00:00,90171.0,90182.9,89837.9,89973.1,248,989
2026-01-03 00:00:00,89972.7,90178.0,89940.0,90139.4,273,500
2026-01-03 01:00:00,90139.3,90274.2,90053.3,90260.7,234,500
2026-01-03 02:00:00,90260.5,90387.9,90114.1,90311.2,272,500
2026-01-03 03:00:00,90313.6,90362.2,90179.1,90308.3,249,500
2026-01-03 04:00:00,90308.9,90469.3,90037.7,90149.0,335,500
2026-01-03 05:00:00,90152.4,90191.6,89905.1,90015.7,301,500
2026-01-03 06:00:00,90018.5,90119.2,89832.9,89854.0,270,507
2026-01-03 07:00:00,89850.8,89935.8,89299.0,89560.0,660,500
2026-01-03 08:00:00,89550.6,89823.0,89403.5,89650.6,462,500
2026-01-03 09:00:00,89650.5,89963.3,89616.2,89776.8,354,500
2026-01-03 10:00:00,89776.7,89855.7,89624.9,89732.7,235,565
2026-01-03 11:00:00,89734.1,89765.9,89632.8,89723.2,197,540
2026-01-03 12:00:00,89722.3,90012.0,89626.3,90011.4,293,500
2026-01-03 13:00:00,90009.8,90051.3,89811.3,89979.5,250,527
2026-01-03 14:00:00,89979.0,90223.2,89930.2,90100.3,313,500
2026-01-03 15:00:00,90101.6,90101.6,89880.6,89946.0,217,500
2026-01-03 16:00:00,89944.2,90195.1,89889.3,90081.5,289,500
2026-01-03 17:00:00,90082.4,90117.8,89924.2,89984.3,168,512
2026-01-03 18:00:00,90051.6,90163.0,89964.8,90096.8,152,515
2026-01-03 19:00:00,90095.0,90136.8,89982.9,90081.7,128,557
2026-01-03 20:00:00,90083.4,90364.0,89962.9,90359.8,203,521
2026-01-03 21:00:00,90324.7,90716.7,90294.5,90554.5,324,518
2026-01-03 22:00:00,90453.8,90711.9,90442.9,90571.1,1289,677
2026-01-03 23:00:00,90572.6,90680.6,90423.5,90614.2,1080,500
2026-01-04 00:00:00,90614.0,91554.8,90603.8,91291.0,4346,501
2026-01-04 01:00:00,91291.5,91462.0,90956.1,91184.0,2575,500
2026-01-04 02:00:00,91187.0,91281.5,91030.5,91085.6,1598,502
2026-01-04 03:00:00,91085.1,91344.8,91036.6,91186.2,1665,500
2026-01-04 04:00:00,91184.8,91567.5,91136.9,91355.3,1819,501
2026-01-04 05:00:00,91359.6,91472.2,91297.6,91435.6,1121,500
2026-01-04 06:00:00,91431.2,91776.1,91185.0,91188.8,2709,500
2026-01-04 07:00:00,91193.2,91519.7,91165.5,91479.7,1557,500
2026-01-04 08:00:00,91510.4,91521.0,91131.8,91327.0,1853,500
2026-01-04 09:00:00,91322.9,91461.2,91205.1,91413.2,1483,528
2026-01-04 10:00:00,91411.2,91601.2,91363.5,91575.4,1632,500
2026-01-04 11:00:00,91572.0,91572.0,91197.3,91259.7,1023,533
2026-01-04 12:00:00,91259.0,91347.9,91042.8,91097.6,1534,500
2026-01-04 13:00:00,91094.2,91258.1,90980.0,91246.2,1328,500
2026-01-04 14:00:00,91233.8,91401.1,91100.8,91318.0,1565,500
2026-01-04 15:00:00,91318.1,91360.6,91046.2,91311.8,1456,503
2026-01-04 16:00:00,91312.0,91439.3,91198.5,91274.4,1486,500
2026-01-04 17:00:00,91275.1,91422.9,91245.4,91293.5,1137,500
2026-01-04 18:00:00,91293.8,91307.6,90943.1,91161.1,1204,500
2026-01-04 19:00:00,91160.9,91193.6,90818.3,91095.3,1956,500
2026-01-04 20:00:00,91120.0,91331.7,91079.7,91288.8,969,509
2026-01-04 21:00:00,91305.1,91406.0,91137.3,91237.3,1284,500
2026-01-04 22:00:00,91183.0,91364.1,91100.7,91191.2,668,762
2026-01-04 23:00:00,91202.7,91553.5,91202.7,91504.2,3782,504
2026-01-05 00:00:00,91513.9,92409.0,91462.9,92379.8,6865,501
2026-01-05 01:00:00,92359.1,93357.8,92223.4,92896.8,6959,501
2026-01-05 02:00:00,92918.8,93148.7,92689.0,93024.8,5319,502
2026-01-05 03:00:00,93019.8,93178.1,92830.2,92846.8,3744,506
2026-01-05 04:00:00,92844.8,92947.7,92292.2,92556.1,4107,500
2026-01-05 05:00:00,92559.3,92707.8,92301.5,92317.6,3841,500
2026-01-05 06:00:00,92316.6,92488.8,92110.4,92447.7,4268,500
2026-01-05 07:00:00,92446.6,92612.8,92437.6,92478.1,3825,508
2026-01-05 08:00:00,92508.8,92765.3,92404.7,92463.3,3934,504
2026-01-05 09:00:00,92424.7,92804.8,92271.8,92644.5,5165,500
2026-01-05 10:00:00,92675.8,93146.7,92625.0,93036.1,5024,500
2026-01-05 11:00:00,93074.4,93146.4,92844.6,93089.4,4423,500
2026-01-05 12:00:00,93090.3,93198.1,92703.0,92830.6,4177,500
2026-01-05 13:00:00,92854.8,92997.7,92484.4,92674.9,5968,500
2026-01-05 14:00:00,92674.8,93629.9,92337.6,93378.2,7491,500
2026-01-05 15:00:00,93423.3,94000.1,93127.0,93921.9,8412,501
2026-01-05 16:00:00,93921.8,94068.1,93544.1,93666.1,7256,500
2026-01-05 17:00:00,93672.3,94457.8,93211.1,94278.6,7256,501
2026-01-05 18:00:00,94322.2,94504.0,93877.6,94409.6,6702,501
2026-01-05 19:00:00,94432.0,94495.3,94089.0,94260.4,5738,500
2026-01-05 20:00:00,94256.8,94782.2,93993.8,94149.8,7048,500
2026-01-05 21:00:00,94144.3,94206.0,93761.4,94077.0,4166,500
2026-01-05 22:00:00,94075.9,94397.0,93994.2,94167.4,575,500
2026-01-05 23:00:00,94167.5,94193.9,93819.9,93826.6,3436,500
2026-01-06 00:00:00,93854.1,93984.2,93513.7,93811.7,4261,500
2026-01-06 01:00:00,93807.8,94156.3,93695.3,93749.1,4762,500
2026-01-06 02:00:00,93733.7,93860.3,93480.8,93579.2,4210,500
2026-01-06 03:00:00,93578.5,93929.3,93558.7,93758.3,3314,500
2026-01-06 04:00:00,93758.2,93994.3,93690.3,93761.4,3028,500
2026-01-06 05:00:00,93761.3,93809.8,93527.9,93561.5,4005,500
2026-01-06 06:00:00,93592.5,93937.8,93520.9,93768.3,4315,500
2026-01-06 07:00:00,93736.1,93775.1,93098.2,93217.8,4524,503
2026-01-06 08:00:00,93216.8,93412.5,93120.6,93227.8,4155,500
2026-01-06 09:00:00,93205.8,93547.9,93173.1,93434.8,4037,501
2026-01-06 10:00:00,93433.8,93647.8,93358.5,93534.9,4097,500
2026-01-06 11:00:00,93537.6,93897.3,93524.1,93799.8,4139,500
2026-01-06 12:00:00,93789.8,93979.3,93737.9,93854.8,4238,500
2026-01-06 13:00:00,93817.8,93859.1,93597.8,93677.3,4469,502
2026-01-06 14:00:00,93675.4,94440.1,93484.1,93781.5,8266,500
2026-01-06 15:00:00,93781.7,94298.1,93293.7,93636.2,7773,502
2026-01-06 16:00:00,93592.5,93756.9,92270.9,92641.2,7777,500
2026-01-06 17:00:00,92639.7,92742.8,91489.8,91505.7,7233,501
2026-01-06 18:00:00,91502.1,92207.2,91212.5,91992.2,6814,501
2026-01-06 19:00:00,91994.7,92313.4,91847.8,92058.4,4766,500
2026-01-06 20:00:00,92094.8,92674.4,92057.7,92496.8,5417,501
2026-01-06 21:00:00,92462.9,93831.6,92315.2,93230.8,6383,500
2026-01-06 22:00:00,93247.7,93525.1,92957.2,93354.9,662,500
2026-01-06 23:00:00,93354.6,93771.8,93299.7,93696.0,3996,501
2026-01-07 00:00:00,93712.8,93725.3,92609.4,92658.0,4864,500
2026-01-07 01:00:00,92656.5,92870.3,92267.9,92395.5,6236,500
2026-01-07 02:00:00,92390.6,93026.4,92204.1,92910.6,5665,500
2026-01-07 03:00:00,92917.1,93102.3,92688.1,92745.8,5675,505
2026-01-07 04:00:00,92732.9,92890.9,92529.0,92634.8,4600,501
2026-01-07 05:00:00,92635.8,92840.7,92436.9,92450.6,5050,500
2026-01-07 06:00:00,92452.4,92869.8,92449.4,92569.8,3966,500
2026-01-07 07:00:00,92569.3,92868.8,92540.0,92795.1,3604,500
2026-01-07 08:00:00,92795.8,92933.8,92614.0,92677.5,3673,502
2026-01-07 09:00:00,92676.9,92702.8,91540.6,91665.9,5192,502
2026-01-07 10:00:00,91666.7,91977.4,91507.1,91880.5,4099,501
2026-01-07 11:00:00,91880.6,92209.2,91848.0,92081.6,3724,502
2026-01-07 12:00:00,92046.2,92162.6,91892.8,91901.9,3421,500
2026-01-07 13:00:00,91901.3,92271.4,91776.0,91997.6,3967,500
2026-01-07 14:00:00,92036.3,92137.3,91314.8,91906.8,6036,500
2026-01-07 15:00:00,91871.8,91976.3,90980.4,91303.8,5949,500
2026-01-07 16:00:00,91304.3,91721.8,91056.8,91189.1,4405,500
2026-01-07 17:00:00,91152.7,91674.2,90988.1,91141.0,4209,500
2026-01-07 18:00:00,91140.6,91421.4,90640.1,90796.0,4061,500
2026-01-07 19:00:00,90793.0,91255.2,90570.9,91177.9,2567,500
2026-01-07 20:00:00,91174.9,91266.4,90712.3,91037.8,2764,500
2026-01-07 21:00:00,91028.9,91213.2,90969.1,91040.4,1997,500
2026-01-07 22:00:00,90984.4,91358.8,90865.4,91171.2,512,500
2026-01-07 23:00:00,91165.9,91429.3,90962.4,91253.4,3335,500
2026-01-08 00:00:00,91256.2,91426.3,90984.1,91277.2,2581,500
2026-01-08 01:00:00,91277.1,91646.0,91202.3,91410.9,1969,502
2026-01-08 02:00:00,91406.1,91444.2,90675.0,90832.8,2830,500
2026-01-08 03:00:00,90832.7,91109.1,90544.1,90685.4,2150,500
2026-01-08 04:00:00,90685.1,91140.6,90621.5,91013.2,2493,500
2026-01-08 05:00:00,91016.1,91127.2,90747.3,90813.4,1484,500
2026-01-08 06:00:00,90816.4,90861.5,89839.7,89845.6,2696,500
2026-01-08 07:00:00,89840.8,90469.9,89594.1,90398.4,2537,500
2026-01-08 08:00:00,90398.5,90705.8,90074.8,90082.5,1708,500
2026-01-08 09:00:00,90083.7,90367.8,89887.7,90003.4,1878,500
2026-01-08 10:00:00,90003.1,90438.4,89731.3,90402.0,2095,500
2026-01-08 11:00:00,90400.4,90475.9,89958.9,90076.5,1666,500
2026-01-08 12:00:00,90077.1,90197.8,89711.9,89846.5,1625,501
2026-01-08 13:00:00,89846.0,90048.2,89765.5,89820.5,1751,500
2026-01-08 14:00:00,89820.7,90125.8,89233.2,90011.6,3075,500
2026-01-08 15:00:00,90011.4,90753.2,89723.9,90683.2,4425,500
2026-01-08 16:00:00,90682.2,90876.2,90252.0,90817.7,3815,500
2026-01-08 17:00:00,90818.6,91433.6,90772.2,91318.6,4408,501
2026-01-08 18:00:00,91318.1,91435.8,90876.5,91012.4,4044,504
2026-01-08 19:00:00,91013.3,91287.6,90727.3,90826.2,3777,501
2026-01-08 20:00:00,90825.9,90967.3,90480.7,90821.1,3420,501
2026-01-08 21:00:00,90819.4,91325.3,90819.4,91264.3,2800,501
2026-01-08 22:00:00,91180.4,91484.9,91020.2,91133.1,509,500
2026-01-08 23:00:00,91133.6,91291.8,90954.3,91004.6,3699,502
2026-01-09 00:00:00,91078.8,91281.8,90976.5,91193.3,2757,503
2026-01-09 01:00:00,91194.4,91620.3,90779.4,91045.8,3140,503
2026-01-09 02:00:00,91045.2,91452.3,90915.7,90923.8,2441,500
2026-01-09 03:00:00,90923.9,91227.1,90884.5,91216.4,2285,500
2026-01-09 04:00:00,91213.4,91230.7,90888.1,91008.8,1483,500
2026-01-09 05:00:00,91005.9,91105.6,90814.2,90959.3,1905,500
2026-01-09 06:00:00,90959.0,91137.8,90895.6,91127.0,1525,500
2026-01-09 07:00:00,91128.2,91128.2,90724.1,90738.7,684,500
2026-01-09 08:00:00,90737.8,90821.2,89654.3,89885.5,2650,500
2026-01-09 09:00:00,89887.5,90419.4,89878.8,90330.2,2127,500
2026-01-09 10:00:00,90328.6,90533.8,90220.3,90362.0,1768,500
2026-01-09 11:00:00,90361.9,90661.9,90361.9,90445.6,1859,500
2026-01-09 12:00:00,90443.9,90592.7,90163.8,90327.7,3132,500
2026-01-09 13:00:00,90323.9,90912.5,90322.7,90589.6,3269,502
2026-01-09 14:00:00,90552.8,90598.7,89847.1,90140.0,4362,500
2026-01-09 15:00:00,90139.6,92014.7,89783.5,91050.4,5898,501
2026-01-09 16:00:00,91055.4,91755.5,91051.4,91512.2,4053,500
2026-01-09 17:00:00,91512.8,91647.9,90917.7,91411.1,3352,500
2026-01-09 18:00:00,91407.5,91475.4,90254.9,90805.5,3343,500
2026-01-09 19:00:00,90778.8,90804.6,90052.3,90322.2,2728,500
2026-01-09 20:00:00,90321.4,90549.9,90124.2,90177.4,2105,500
2026-01-09 21:00:00,90175.9,90619.1,90001.8,90344.9,1682,502
2026-01-09 22:00:00,90344.9,90699.7,90160.9,90619.0,400,1862
2026-01-09 23:00:00,90438.9,90721.7,90406.9,90631.0,272,1289
2026-01-10 00:00:00,90630.4,90678.6,90506.4,90586.9,239,500
2026-01-10 01:00:00,90398.4,90722.1,90385.2,90678.0,254,1799
2026-01-10 02:00:00,90678.4,90771.6,90591.3,90683.3,247,500
2026-01-10 03:00:00,90684.9,90685.5,90380.8,90438.5,200,1303
2026-01-10 04:00:00,90438.4,90561.2,90372.5,90443.6,238,1952
2026-01-10 05:00:00,90442.7,90611.4,90336.4,90404.6,218,526
2026-01-10 06:00:00,90408.8,90545.1,90278.8,90306.9,179,2022
2026-01-10 07:00:00,90314.9,90626.6,90308.1,90478.6,182,2028
2026-01-10 08:00:00,90617.8,90743.9,90457.5,90555.1,915,636
2026-01-10 09:00:00,90603.1,90739.2,90446.7,90680.2,920,646
2026-01-10 10:00:00,90655.4,90812.3,90540.7,90783.8,617,605
2026-01-10 11:00:00,90768.7,90800.9,90529.2,90648.7,480,1302
2026-01-10 12:00:00,90650.0,90765.7,90562.3,90635.4,827,561
2026-01-10 13:00:00,90629.1,90744.4,90536.9,90551.0,513,548
2026-01-10 14:00:00,90642.6,90651.2,90396.0,90510.2,906,600
2026-01-10 15:00:00,90510.9,90656.8,90425.8,90650.9,585,565
2026-01-10 16:00:00,90608.2,90718.1,90484.6,90596.2,608,536
2026-01-10 17:00:00,90498.6,90736.2,90465.0,90465.5,385,741
2026-01-10 18:00:00,90466.0,90586.9,90407.1,90535.8,538,533
2026-01-10 19:00:00,90536.7,90614.4,90410.9,90444.8,340,645
2026-01-10 20:00:00,90451.7,90645.1,90387.2,90561.5,277,607
2026-01-10 21:00:00,90560.8,90562.0,90324.9,90495.4,411,566
2026-01-10 22:00:00,90316.8,90564.4,90238.9,90346.3,682,1710
2026-01-10 23:00:00,90370.8,90558.9,90323.5,90323.5,553,592
2026-01-11 00:00:00,90322.2,90630.4,90322.2,90622.9,771,769
2026-01-11 01:00:00,90622.2,90650.9,90393.8,90448.4,502,628
2026-01-11 02:00:00,90551.5,90690.4,90448.4,90583.5,555,568
2026-01-11 03:00:00,90584.9,90703.2,90448.6,90637.6,371,1064
2026-01-11 04:00:00,90615.1,90743.4,90516.1,90699.2,317,1196
2026-01-11 05:00:00,90683.9,90846.2,90555.4,90678.2,370,1302
2026-01-11 06:00:00,90676.7,90736.2,90470.9,90554.1,346,1114
2026-01-11 07:00:00,90554.1,90722.2,90489.6,90520.8,238,1922
2026-01-11 08:00:00,90529.2,90735.3,90474.9,90686.9,508,969
2026-01-11 09:00:00,90687.4,90785.7,90511.9,90544.0,506,898
2026-01-11 10:00:00,90682.8,90723.3,90489.6,90721.6,276,789
2026-01-11 11:00:00,90722.1,90722.9,90503.9,90632.4,180,1193
2026-01-11 12:00:00,90634.1,90949.8,90534.9,90736.4,769,825
2026-01-11 13:00:00,90738.9,90920.8,90641.2,90669.9,591,906
2026-01-11 14:00:00,90750.1,91109.7,90679.0,91025.5,730,1387
2026-01-11 15:00:00,91016.6,91107.2,90562.9,90771.7,1414,629
2026-01-11 16:00:00,90771.9,91192.5,90719.1,90844.7,1532,571
2026-01-11 17:00:00,90853.6,91131.7,90755.9,90975.9,1032,1014
2026-01-11 18:00:00,90976.9,90979.9,90598.9,90765.1,813,927
2026-01-11 19:00:00,90761.6,90857.4,90504.6,90587.7,883,924
2026-01-11 20:00:00,90583.2,90630.9,90225.3,90502.8,1525,696
2026-01-11 21:00:00,90501.6,90742.8,90398.2,90633.1,1018,1125
2026-01-11 22:00:00,90552.9,90600.9,90318.5,90386.7,2272,617
2026-01-11 23:00:00,90386.4,90894.4,90095.1,90852.9,3576,500
2026-01-12 00:00:00,90850.7,91171.1,90570.6,91092.6,2404,500
2026-01-12 01:00:00,91092.5,91776.4,90948.4,91260.7,2979,501
2026-01-12 02:00:00,91262.8,92352.7,91221.9,92065.3,2992,500
2026-01-12 03:00:00,92065.4,92409.5,91735.1,91797.5,2493,500
2026-01-12 04:00:00,91799.4,92137.7,91722.8,92019.8,1440,500
2026-01-12 05:00:00,92020.1,92258.4,91942.1,91959.5,1341,500
2026-01-12 06:00:00,91959.6,92197.0,91657.1,91819.4,1794,502
2026-01-12 07:00:00,91821.4,91956.7,91268.1,91399.8,2115,500
2026-01-12 08:00:00,91396.3,91574.2,90344.8,90738.0,2221,500
2026-01-12 09:00:00,90741.9,90903.3,90503.3,90675.0,1746,500
2026-01-12 10:00:00,90678.4,90740.9,90259.2,90417.9,1316,500
2026-01-12 11:00:00,90418.8,90806.1,90403.3,90602.4,992,500
2026-01-12 12:00:00,90558.8,90764.0,90543.1,90644.9,1672,500
2026-01-12 13:00:00,90644.4,90777.4,90409.5,90494.7,1466,500
2026-01-12 14:00:00,90494.3,90998.8,89993.6,90893.3,3179,500
2026-01-12 15:00:00,90891.2,91594.2,90576.4,91553.2,4489,500
2026-01-12 16:00:00,91552.1,92262.7,91483.4,92034.3,7167,500
2026-01-12 17:00:00,92034.6,92264.5,90936.4,91413.1,6899,501
2026-01-12 18:00:00,91412.7,91910.1,91330.4,91610.8,4275,501
2026-01-12 19:00:00,91594.6,91845.9,91343.4,91758.0,3967,500
2026-01-12 20:00:00,91758.1,92011.5,91316.3,91387.0,3716,500
2026-01-12 21:00:00,91383.5,91495.8,90848.6,90954.4,4050,501
2026-01-12 22:00:00,90954.2,91433.7,90954.2,91235.0,449,500
2026-01-12 23:00:00,91233.9,91273.3,90988.8,91171.8,2374,500
2026-01-13 00:00:00,91172.7,91532.6,91163.8,91357.5,1550,500
2026-01-13 01:00:00,91354.5,91486.0,90962.5,91059.1,1869,500
2026-01-13 02:00:00,91059.5,91315.7,91013.9,91114.2,1792,500
2026-01-13 03:00:00,91107.6,91379.2,91035.9,91283.9,1725,500
2026-01-13 04:00:00,91283.7,91500.9,91219.2,91387.1,1805,500
2026-01-13 05:00:00,91387.2,92190.4,91387.2,91788.1,2809,500
2026-01-13 06:00:00,91788.2,92184.9,91693.6,92061.4,2363,500
2026-01-13 07:00:00,92065.2,92152.2,91780.4,91818.1,1682,500
2026-01-13 08:00:00,91818.2,92184.0,91814.9,92034.0,2583,500
2026-01-13 09:00:00,92033.9,92629.9,91854.5,92158.2,4044,500
2026-01-13 10:00:00,92158.7,92331.6,91914.5,92020.9,2120,500
2026-01-13 11:00:00,92020.7,92213.3,91847.4,91878.7,2014,500
2026-01-13 12:00:00,91879.6,92110.8,91783.6,91989.5,2309,500
2026-01-13 13:00:00,91989.3,92547.9,91867.2,91958.1,3563,500
2026-01-13 14:00:00,91957.9,92872.0,91681.8,92371.6,5136,500
2026-01-13 15:00:00,92371.7,93405.8,92033.1,93405.8,7810,501
2026-01-13 16:00:00,93376.9,93745.4,93028.5,93356.8,7421,510
2026-01-13 17:00:00,93355.8,93489.1,93051.9,93205.8,7320,501
2026-01-13 18:00:00,93171.3,93837.1,93122.4,93588.8,7104,501
2026-01-13 19:00:00,93591.8,94232.1,93431.7,94214.4,6100,502
2026-01-13 20:00:00,94183.3,94500.1,94076.2,94398.8,6364,501
2026-01-13 21:00:00,94366.2,94510.2,94025.1,94064.8,4271,500
2026-01-13 22:00:00,94057.7,96472.7,94053.9,95735.4,2673,503
2026-01-13 23:00:00,95735.4,96069.6,95025.4,95368.8,5453,507
2026-01-14 00:00:00,95348.5,95623.3,95116.1,95204.8,6432,504
2026-01-14 01:00:00,95205.8,95556.6,95077.9,95198.9,6356,511
2026-01-14 02:00:00,95199.1,95523.5,95154.7,95299.8,5222,509
2026-01-14 03:00:00,95298.8,95671.3,95226.5,95670.8,4943,523
2026-01-14 04:00:00,95670.8,95769.5,95175.5,95199.8,5958,514
2026-01-14 05:00:00,95198.8,95255.8,94927.3,94979.8,5494,503
2026-01-14 06:00:00,94981.2,95024.2,94530.2,95015.9,5574,501
2026-01-14 07:00:00,94983.1,95224.1,94814.2,95171.8,4532,501
2026-01-14 08:00:00,95172.8,95308.7,94844.2,94859.5,4368,503
2026-01-14 09:00:00,94857.8,95176.0,94833.2,95052.8,4807,502
2026-01-14 10:00:00,95054.8,95281.2,94840.3,95068.5,4879,502
2026-01-14 11:00:00,95056.8,95077.3,94672.6,94720.2,5718,502
2026-01-14 12:00:00,94719.2,95143.6,94612.6,95012.3,5303,503
2026-01-14 13:00:00,95039.8,95212.1,94842.3,94939.4,5574,501
2026-01-14 14:00:00,94939.1,96803.0,94931.3,96446.8,8039,501
2026-01-14 15:00:00,96458.4,97081.9,96152.8,96738.8,8257,501
2026-01-14 16:00:00,96740.8,97700.8,96701.3,97304.2,7906,500
2026-01-14 17:00:00,97303.3,97796.2,96772.6,96944.6,7225,500
2026-01-14 18:00:00,96945.0,97116.4,96240.5,96810.4,7374,500
2026-01-14 19:00:00,96796.5,97646.0,96646.0,97239.8,6381,501
2026-01-14 20:00:00,97262.3,97925.7,97165.4,97638.2,7052,500
2026-01-14 21:00:00,97639.3,97715.5,97357.6,97562.4,4050,500
2026-01-14 22:00:00,97545.4,97582.8,96818.2,96881.8,1192,500
2026-01-14 23:00:00,96876.2,97369.7,96834.1,96928.8,2544,500
2026-01-15 00:00:00,96927.8,96994.8,96465.3,96624.8,2788,501
2026-01-15 01:00:00,96654.0,96958.3,96263.8,96404.6,3648,501
2026-01-15 02:00:00,96403.3,96606.6,96074.0,96311.8,3794,500
2026-01-15 03:00:00,96312.8,96377.6,95730.1,95948.8,4571,501
2026-01-15 04:00:00,95946.8,96361.0,95905.3,96272.8,3893,502
2026-01-15 05:00:00,96272.8,96490.5,96193.8,96422.4,3264,503
2026-01-15 06:00:00,96383.0,96556.4,96130.3,96201.7,3569,500
2026-01-15 07:00:00,96201.7,96748.7,96146.3,96595.7,4129,501
2026-01-15 08:00:00,96597.1,96647.9,96250.7,96612.8,3790,502
2026-01-15 09:00:00,96612.7,97185.9,96519.7,97008.0,4471,501
2026-01-15 10:00:00,97018.8,97061.1,96709.0,96773.8,3180,500
2026-01-15 11:00:00,96774.1,96922.0,96543.2,96551.9,3333,503
2026-01-15 12:00:00,96563.8,96992.3,96485.0,96942.9,3746,500
2026-01-15 13:00:00,96942.5,97019.5,96574.1,96806.7,4004,500
2026-01-15 14:00:00,96811.1,97128.2,95546.7,96052.5,6784,501
2026-01-15 15:00:00,96044.5,96762.1,95394.6,96695.6,7869,503
2026-01-15 16:00:00,96726.8,96883.9,96219.6,96704.8,6762,501
2026-01-15 17:00:00,96680.3,97061.8,96368.7,96559.1,5534,500
2026-01-15 18:00:00,96593.8,96615.1,95697.6,95805.8,5540,501
2026-01-15 19:00:00,95795.7,95907.8,95140.3,95496.2,5688,502
2026-01-15 20:00:00,95460.0,95642.4,95079.9,95219.8,5164,500
2026-01-15 21:00:00,95240.6,95604.0,95144.8,95535.7,2718,500
2026-01-15 22:00:00,95535.7,95841.4,95445.8,95570.2,1565,505
2026-01-15 23:00:00,95565.3,95702.7,95356.5,95558.1,3002,500
2026-01-16 00:00:00,95567.8,95801.0,95529.3,95573.7,3709,500
2026-01-16 01:00:00,95592.8,95819.0,95373.7,95643.8,3666,501
2026-01-16 02:00:00,95635.8,95667.9,95344.1,95467.8,4130,500
2026-01-16 03:00:00,95466.8,95572.6,95278.2,95301.3,3752,501
2026-01-16 04:00:00,95332.4,95563.8,95100.1,95237.8,3659,501
2026-01-16 05:00:00,95231.8,95659.5,95200.5,95625.8,4331,500
2026-01-16 06:00:00,95647.1,95807.8,95481.0,95720.8,4464,503
2026-01-16 07:00:00,95714.8,95757.8,95433.3,95606.7,3471,501
2026-01-16 08:00:00,95607.4,95838.9,95528.3,95622.1,3941,502
2026-01-16 09:00:00,95641.8,95745.4,95538.7,95583.8,4587,505
2026-01-16 10:00:00,95581.8,95611.9,95243.3,95288.8,4574,500
2026-01-16 11:00:00,95254.6,95459.7,95210.5,95377.6,4187,502
2026-01-16 12:00:00,95374.2,95553.8,95312.6,95398.0,4049,501
2026-01-16 13:00:00,95398.2,95547.4,95237.1,95411.8,4908,501
2026-01-16 14:00:00,95412.8,95791.4,95132.2,95153.8,6791,501
2026-01-16 15:00:00,95151.8,95639.9,94233.2,94540.8,8139,501
2026-01-16 16:00:00,94517.3,94955.8,94447.8,94836.8,6662,500
2026-01-16 17:00:00,94838.8,95097.8,94510.8,95045.8,6113,501
2026-01-16 18:00:00,95053.8,95193.5,94918.6,94993.6,6274,501
2026-01-16 19:00:00,94956.6,95023.9,94776.4,94968.8,5632,501
2026-01-16 20:00:00,94967.8,95557.3,94619.9,95510.9,6168,500
2026-01-16 21:00:00,95508.4,95586.7,95315.7,95470.1,2852,503
2026-01-16 22:00:00,95416.3,95532.2,95207.8,95492.2,251,767
2026-01-16 23:00:00,95408.7,95562.4,95350.9,95527.2,157,1161
2026-01-17 00:00:00,95526.4,95558.7,95387.7,95416.6,150,542
2026-01-17 01:00:00,95444.6,95512.7,95299.7,95368.0,137,741
2026-01-17 02:00:00,95374.2,95398.6,95142.9,95339.3,122,1300
2026-01-17 03:00:00,95316.6,95362.8,95168.9,95325.7,126,707
2026-01-17 04:00:00,95318.2,95347.4,95164.9,95285.9,123,750
2026-01-17 05:00:00,95287.4,95369.4,95185.8,95310.2,87,901
2026-01-17 06:00:00,95305.6,95306.7,95092.9,95187.8,99,612
2026-01-17 07:00:00,95182.9,95188.9,95001.5,95079.5,149,1303
2026-01-17 08:00:00,95075.7,95231.1,95008.4,95150.9,143,590
2026-01-17 09:00:00,95153.2,95196.1,95070.0,95157.2,93,1297
2026-01-17 10:00:00,95164.7,95174.4,94999.7,95000.3,137,1292
2026-01-17 11:00:00,94995.6,95222.0,94959.0,95214.7,126,1295
2026-01-17 12:00:00,95214.4,95289.9,95128.7,95154.9,104,1284
2026-01-17 13:00:00,95148.8,95347.6,95093.7,95336.9,197,1282
2026-01-17 14:00:00,95335.9,95518.9,95248.9,95429.7,181,1285
2026-01-17 15:00:00,95428.1,95626.7,95402.6,95562.9,194,506
2026-01-17 16:00:00,95560.4,95560.4,95194.1,95295.4,209,513
2026-01-17 17:00:00,95291.4,95425.3,95252.8,95344.8,132,539
2026-01-17 18:00:00,95350.9,95450.5,95292.8,95323.3,99,900
2026-01-17 19:00:00,95323.3,95390.1,95177.9,95195.0,116,1303
2026-01-17 20:00:00,95195.0,95363.9,95184.9,95277.0,101,1295
2026-01-17 21:00:00,95277.0,95382.2,95172.9,95258.0,105,1290
2026-01-17 22:00:00,95206.5,95272.8,95007.5,95124.6,201,1099
2026-01-17 23:00:00,95117.1,95177.3,95032.9,95127.0,139,566
2026-01-18 00:00:00,95125.1,95230.3,94992.9,95068.9,143,666
2026-01-18 01:00:00,95070.4,95070.4,94839.2,94919.6,216,547
2026-01-18 02:00:00,94916.6,95049.4,94850.2,94979.6,150,1292
2026-01-18 03:00:00,94986.8,95179.5,94920.8,95088.9,124,677
2026-01-18 04:00:00,95142.0,95158.9,94970.5,94995.1,107,937
2026-01-18 05:00:00,94996.5,95244.3,94954.7,95145.4,132,1212
2026-01-18 06:00:00,95139.5,95187.8,95053.3,95069.9,87,680
2026-01-18 07:00:00,95126.6,95160.4,94933.9,95009.8,118,1303
2026-01-18 08:00:00,95009.6,95168.3,94930.4,95141.0,107,589
2026-01-18 09:00:00,95137.6,95244.6,95069.8,95225.4,114,592
2026-01-18 10:00:00,95227.7,95253.0,95010.9,95126.6,134,532
2026-01-18 11:00:00,95124.1,95138.4,94995.6,95123.6,111,600
2026-01-18 12:00:00,95125.7,95151.8,94972.9,95063.0,118,1296
2026-01-18 13:00:00,95058.5,95169.2,94878.3,95127.9,153,537
2026-01-18 14:00:00,95128.4,95338.7,94903.1,94929.3,208,523
2026-01-18 15:00:00,94920.1,95099.2,94889.9,95091.5,171,1302
2026-01-18 16:00:00,95090.3,95166.9,94993.4,95117.1,166,902
2026-01-18 17:00:00,95116.6,95262.3,95061.8,95218.0,127,603
2026-01-18 18:00:00,95222.0,95498.1,95090.8,95425.3,213,623
2026-01-18 19:00:00,95429.1,95493.2,95270.9,95270.9,165,718
2026-01-18 20:00:00,95326.1,95421.9,95197.1,95254.9,136,524
2026-01-18 21:00:00,95261.0,95408.7,95199.9,95382.3,142,650
2026-01-18 22:00:00,95318.9,95499.0,95318.9,95463.1,759,672
2026-01-18 23:00:00,95443.1,95468.9,93563.7,93609.9,3148,501
2026-01-19 00:00:00,93643.9,93652.3,91927.1,92696.6,3758,506
2026-01-19 01:00:00,92686.7,92862.7,92183.1,92520.7,1888,517
2026-01-19 02:00:00,92561.2,92663.2,92328.4,92551.8,736,500
2026-01-19 03:00:00,92555.2,92769.2,92439.5,92681.6,1104,503
2026-01-19 04:00:00,92666.2,92737.1,92437.7,92649.5,893,516
2026-01-19 05:00:00,92653.5,92771.3,92446.1,92457.4,788,596
2026-01-19 06:00:00,92457.9,92622.0,92333.8,92573.5,854,641
2026-01-19 07:00:00,92573.9,92803.9,92509.9,92768.2,933,665
2026-01-19 08:00:00,92768.2,93360.8,92629.6,93245.4,1619,654
2026-01-19 09:00:00,93246.3,93254.5,92886.9,92973.3,1407,555
2026-01-19 10:00:00,92972.8,93036.1,92825.0,92990.1,1333,596
2026-01-19 11:00:00,92990.2,93290.1,92897.7,93180.1,1837,580
2026-01-19 12:00:00,93117.4,93217.1,92948.3,93056.3,1594,620
2026-01-19 13:00:00,92990.6,93125.5,92784.8,92952.7,1527,759
2026-01-19 14:00:00,92953.2,93009.9,92645.6,92804.5,1595,733
2026-01-19 15:00:00,92807.9,93063.5,92793.6,92992.4,1709,635
2026-01-19 16:00:00,92992.5,93375.0,92917.8,93291.3,1450,701
2026-01-19 17:00:00,93289.4,93361.3,93085.2,93166.5,1370,588
2026-01-19 18:00:00,93166.7,93227.9,92859.6,93046.4,877,640
2026-01-19 19:00:00,93043.6,93139.9,92936.1,93096.4,715,747
2026-01-19 20:00:00,93081.1,93202.9,93019.7,93124.7,1139,603
2026-01-19 21:00:00,93127.0,93315.6,92926.5,92926.5,1633,650
2026-01-19 22:00:00,92970.3,93025.5,92483.1,92485.4,1081,591
2026-01-19 23:00:00,92483.3,92737.4,92089.4,92534.4,2648,514
2026-01-20 00:00:00,92533.5,92841.9,92286.0,92621.9,1856,523
2026-01-20 01:00:00,92622.0,92849.5,92437.4,92707.0,1582,512
2026-01-20 02:00:00,92676.5,92718.1,92296.0,92463.4,2005,511
2026-01-20 03:00:00,92463.6,92598.8,92172.9,92426.1,1403,506
2026-01-20 04:00:00,92393.8,92422.8,91923.3,91967.1,1750,507
2026-01-20 05:00:00,91967.3,91987.4,91212.3,91527.8,3222,508
2026-01-20 06:00:00,91528.2,91528.2,90669.6,90811.0,3725,505
2026-01-20 07:00:00,90810.8,91163.5,90740.8,91059.5,3122,501
2026-01-20 08:00:00,91059.7,91123.4,90669.3,91108.3,2478,500
2026-01-20 09:00:00,90983.9,91030.8,90776.1,90925.5,2848,500
2026-01-20 10:00:00,90921.3,91245.8,90882.7,91156.7,2593,500
2026-01-20 11:00:00,91156.3,91380.6,91105.7,91111.0,2380,500
2026-01-20 12:00:00,91111.2,91237.9,90949.5,91182.8,2892,500
2026-01-20 13:00:00,91183.0,91260.1,90674.0,90955.2,3650,500
2026-01-20 14:00:00,90954.4,91308.5,90174.8,90527.7,5256,500
2026-01-20 15:00:00,90513.4,90760.4,89757.3,90565.2,4401,500
2026-01-20 16:00:00,90565.5,90890.6,89902.7,90052.4,3681,500
2026-01-20 17:00:00,90052.0,90456.6,89325.7,89767.2,3768,500
2026-01-20 18:00:00,89769.5,89888.4,89300.3,89489.8,2724,500
2026-01-20 19:00:00,89489.4,89748.6,89160.3,89717.2,2720,500
2026-01-20 20:00:00,89716.2,89787.4,89243.3,89727.7,3984,500
2026-01-20 21:00:00,89737.1,89761.0,89270.3,89328.7,2027,500
2026-01-20 22:00:00,89324.9,89577.0,87815.7,88498.9,1885,500
2026-01-20 23:00:00,88494.4,88497.3,87761.0,88295.7,2563,500
2026-01-21 00:00:00,88295.6,88961.1,88175.5,88928.4,1864,500
2026-01-21 01:00:00,88925.2,89130.0,88772.6,89010.0,1688,500
2026-01-21 02:00:00,89011.1,89347.0,88864.1,88919.5,1263,500
2026-01-21 03:00:00,88921.6,89547.2,88911.4,89420.5,1658,500
2026-01-21 04:00:00,89419.9,89514.3,89213.9,89435.1,1512,500
2026-01-21 05:00:00,89435.6,90084.1,89299.1,89829.0,2027,500
2026-01-21 06:00:00,89828.9,89878.1,89379.8,89531.2,2286,500
2026-01-21 07:00:00,89531.0,89701.0,88959.5,89092.6,2677,500
2026-01-21 08:00:00,89094.0,89374.9,88903.9,89186.3,1555,500
2026-01-21 09:00:00,89186.8,89469.7,88999.1,89106.9,1169,500
2026-01-21 10:00:00,89106.4,89367.7,88970.3,89239.0,2080,500
2026-01-21 11:00:00,89238.8,89377.8,88584.9,88678.5,1023,500
2026-01-21 12:00:00,88680.1,88818.9,88103.1,88628.9,3957,500
2026-01-21 13:00:00,88628.7,88965.9,88448.9,88607.8,3628,500
2026-01-21 14:00:00,88567.3,89949.7,88506.3,89797.5,5689,500
2026-01-21 15:00:00,89747.8,90526.6,89650.7,90189.4,6253,500
2026-01-21 16:00:00,90189.5,90329.7,87485.6,87512.7,7077,502
2026-01-21 17:00:00,87549.6,88130.9,87166.6,87821.3,6044,501
2026-01-21 18:00:00,87822.0,88602.2,87490.8,88369.1,5026,500
2026-01-21 19:00:00,88363.6,90408.8,88177.4,90262.3,6282,501
2026-01-21 20:00:00,90262.2,90344.2,89372.5,90082.9,6311,500
2026-01-21 21:00:00,90083.1,90318.3,89906.0,90160.5,5585,501
2026-01-21 22:00:00,90160.6,90384.3,89752.9,89759.4,382,500
2026-01-21 23:00:00,89767.8,90181.7,89250.1,89351.9,4253,500
2026-01-22 00:00:00,89352.1,90002.0,89352.1,89844.2,4708,500
2026-01-22 01:00:00,89843.7,90173.9,89721.8,90004.3,3885,500
2026-01-22 02:00:00,90004.7,90327.1,89735.3,89830.5,3474,500
2026-01-22 03:00:00,89852.8,90067.8,89591.4,89787.6,3077,500
2026-01-22 04:00:00,89786.0,90056.6,89721.2,89888.1,2587,500
2026-01-22 05:00:00,89887.3,90052.4,89807.8,89910.2,2271,500
2026-01-22 06:00:00,89911.1,90182.3,89798.5,90068.6,3039,500
2026-01-22 07:00:00,90070.7,90125.3,89684.2,89806.1,3968,500
2026-01-22 08:00:00,89809.2,89962.0,89664.2,89850.0,3618,500
2026-01-22 09:00:00,89812.4,90100.5,89782.4,89932.5,2619,500
2026-01-22 10:00:00,89932.7,90086.4,89853.8,89981.2,2938,500
2026-01-22 11:00:00,89981.1,90115.6,89796.1,89829.0,2681,500
2026-01-22 12:00:00,89829.1,90081.7,89811.0,89907.4,1761,500
2026-01-22 13:00:00,89907.6,90253.8,89388.7,89507.2,3435,500
2026-01-22 14:00:00,89506.7,89688.6,88951.8,88989.4,4482,500
2026-01-22 15:00:00,88986.8,89408.0,88425.8,88890.0,4729,500
2026-01-22 16:00:00,88891.0,89201.8,88557.6,88944.8,4474,500
2026-01-22 17:00:00,88943.3,89541.6,88919.8,89450.7,4033,500
2026-01-22 18:00:00,89449.3,89754.5,89190.4,89217.3,3722,500
2026-01-22 19:00:00,89215.9,89869.6,89018.8,89768.3,3528,500
2026-01-22 20:00:00,89766.2,89902.4,89285.4,89295.2,3108,500
2026-01-22 21:00:00,89290.5,89637.4,89130.6,89147.1,2303,500
2026-01-22 22:00:00,89146.9,89560.8,89061.9,89245.7,1270,500
2026-01-22 23:00:00,89244.7,89546.1,89055.9,89445.0,2699,500
2026-01-23 00:00:00,89445.1,89616.3,89338.3,89411.2,2294,500
2026-01-23 01:00:00,89412.6,89882.2,89412.6,89816.2,2528,500
2026-01-23 02:00:00,89816.0,89869.4,89531.3,89531.4,1924,500
2026-01-23 03:00:00,89532.8,89919.7,89513.2,89919.7,2091,500
2026-01-23 04:00:00,89914.9,90078.1,89757.9,89851.7,1598,500
2026-01-23 05:00:00,89885.8,89886.8,89349.9,89470.5,1986,500
2026-01-23 06:00:00,89470.4,89721.8,89289.0,89377.5,2433,500
2026-01-23 07:00:00,89379.0,89569.7,89319.9,89405.3,2489,500
2026-01-23 08:00:00,89408.8,89541.4,89028.4,89089.8,2424,500
2026-01-23 09:00:00,89089.7,89256.0,88786.5,88969.2,2193,500
2026-01-23 10:00:00,88974.6,89103.2,88732.8,88907.7,2200,500
2026-01-23 11:00:00,88907.5,89203.3,88863.5,89064.2,2225,500
2026-01-23 12:00:00,89064.3,89224.2,88964.0,89125.4,1876,500
2026-01-23 13:00:00,89125.3,89420.7,89095.7,89215.0,2207,500
2026-01-23 14:00:00,89214.7,89609.1,88526.0,88870.3,3095,500
2026-01-23 15:00:00,88871.9,89803.6,88425.5,89619.4,3865,500
2026-01-23 16:00:00,89621.9,90387.0,89391.4,89993.5,4004,500
2026-01-23 17:00:00,89999.6,91157.2,89848.6,90471.3,4445,500
2026-01-23 18:00:00,90471.7,90981.8,90332.5,90397.4,3824,500
2026-01-23 19:00:00,90399.0,90451.4,89500.0,89856.3,3726,500
2026-01-23 20:00:00,89855.9,90078.3,89078.4,89374.8,3458,500
2026-01-23 21:00:00,89375.6,89610.4,89169.1,89169.1,2347,500
2026-01-23 22:00:00,89169.1,89748.4,89158.1,89450.7,290,1675
2026-01-23 23:00:00,89446.1,89588.9,89290.2,89409.8,215,1494
2026-01-24 00:00:00,89420.1,89620.8,89350.2,89443.3,216,1842
2026-01-24 01:00:00,89442.4,89564.5,89304.4,89360.3,204,1943
2026-01-24 02:00:00,89364.9,89676.7,89364.9,89500.1,193,1995
2026-01-24 03:00:00,89502.4,89927.8,89484.0,89763.7,299,1678
2026-01-24 04:00:00,89761.6,89843.5,89513.6,89826.0,193,2008
2026-01-24 05:00:00,89825.5,89843.3,89557.9,89592.5,132,549
2026-01-24 06:00:00,89592.1,89680.2,89445.3,89450.2,98,1421
2026-01-24 07:00:00,89449.2,89689.1,89372.5,89412.7,117,1678
2026-01-24 08:00:00,89409.3,89584.8,89374.9,89545.9,251,2183
2026-01-24 09:00:00,89534.8,89613.4,89374.8,89392.6,203,1357
2026-01-24 10:00:00,89392.6,89630.7,89387.9,89519.6,188,2214
2026-01-24 11:00:00,89519.1,89612.3,89384.9,89487.2,197,1182
2026-01-24 12:00:00,89486.7,89526.1,89273.9,89325.1,332,1183
2026-01-24 13:00:00,89326.9,89522.7,89165.2,89165.2,171,2157
2026-01-24 14:00:00,89262.9,89447.3,89020.1,89250.2,1002,2112
2026-01-24 15:00:00,89351.4,89413.8,89062.0,89147.0,761,1165
2026-01-24 16:00:00,89153.7,89266.4,88957.1,89076.9,926,709
2026-01-24 17:00:00,89076.9,89356.2,89038.7,89267.3,904,1738
2026-01-24 18:00:00,89267.4,89393.3,89159.9,89178.5,596,1010
2026-01-24 19:00:00,89184.9,89332.9,89069.3,89199.1,800,1999
2026-01-24 20:00:00,89201.3,89380.5,89118.8,89250.1,442,1773
2026-01-24 21:00:00,89169.9,89369.9,89071.3,89301.8,499,2200
2026-01-24 22:00:00,89186.8,89387.3,89089.4,89233.2,654,1318
2026-01-24 23:00:00,89236.6,89426.6,89019.9,89097.3,871,813
2026-01-25 00:00:00,89109.3,89214.8,88976.9,89195.6,707,960
2026-01-25 01:00:00,89197.3,89213.7,88888.8,89047.1,1054,1362
2026-01-25 02:00:00,89043.1,89242.2,88920.5,89010.3,540,1100
2026-01-25 03:00:00,89032.3,89157.7,88636.5,88845.0,1025,2236
2026-01-25 04:00:00,88831.3,88981.7,88729.5,88902.0,604,1057
2026-01-25 05:00:00,88890.3,89022.2,88661.3,88863.1,508,801
2026-01-25 06:00:00,88882.7,88966.9,88461.6,88737.7,1054,1206
2026-01-25 07:00:00,88634.7,88828.9,88426.9,88554.9,568,807
2026-01-25 08:00:00,88533.7,88717.2,87976.2,88168.4,1364,1108
2026-01-25 09:00:00,88173.3,88380.7,88037.4,88291.0,1122,694
2026-01-25 10:00:00,88294.8,88600.4,88206.5,88551.3,970,697
2026-01-25 11:00:00,88531.8,88622.8,88346.1,88464.7,821,754
2026-01-25 12:00:00,88439.5,88699.9,88254.8,88688.9,1227,633
2026-01-25 13:00:00,88594.2,88900.9,88494.8,88730.9,982,688
2026-01-25 14:00:00,88823.7,88866.0,88435.6,88607.0,1349,630
2026-01-25 15:00:00,88610.0,88677.8,88218.6,88356.0,1225,868
2026-01-25 16:00:00,88355.5,88361.2,87452.1,87979.1,6488,633
2026-01-25 17:00:00,87977.3,88032.7,87581.0,87786.2,2788,529
2026-01-25 18:00:00,87789.8,87890.7,86663.6,87307.7,5710,581
2026-01-25 19:00:00,87312.7,87425.8,86115.1,86407.1,6682,522
2026-01-25 20:00:00,86410.9,86647.0,86145.1,86575.8,4935,670
2026-01-25 21:00:00,86570.8,86936.6,86321.1,86511.8,3011,501
2026-01-25 22:00:00,86415.2,86593.5,86113.7,86414.3,2473,779
2026-01-25 23:00:00,86416.9,86681.9,85982.1,86546.4,3904,501
2026-01-26 00:00:00,86545.6,87094.2,86401.8,86734.4,2866,500
2026-01-26 01:00:00,86734.1,87777.1,86698.7,87693.2,3379,500
2026-01-26 02:00:00,87693.7,87957.6,87310.1,87547.5,1804,500
2026-01-26 03:00:00,87548.1,87674.3,87046.8,87270.5,844,500
2026-01-26 04:00:00,87274.3,87936.1,87129.2,87728.1,1162,500
2026-01-26 05:00:00,87727.6,87940.0,87538.7,87809.1,1101,500
2026-01-26 06:00:00,87809.6,87979.4,87701.0,87860.8,887,500
2026-01-26 07:00:00,87824.4,88024.5,87582.4,87998.3,1438,500
2026-01-26 08:00:00,87999.9,88332.3,87733.3,87861.2,1928,500
2026-01-26 09:00:00,87862.0,87891.0,87509.1,87656.3,1329,500
2026-01-26 10:00:00,87654.3,87895.2,87597.2,87790.2,1391,500
2026-01-26 11:00:00,87827.4,87964.5,87650.2,87739.3,1261,500
2026-01-26 12:00:00,87739.0,87925.6,87622.9,87675.2,995,500
2026-01-26 13:00:00,87675.1,88031.4,87580.4,87849.5,1421,500
2026-01-26 14:00:00,87849.6,88433.0,87338.6,88171.0,3339,500
2026-01-26 15:00:00,88101.8,88828.4,87229.1,87533.9,5151,501
2026-01-26 16:00:00,87532.7,87905.9,87094.3,87494.2,3518,500
2026-01-26 17:00:00,87494.6,87765.3,86932.6,87581.6,2827,501
2026-01-26 18:00:00,87581.1,88304.6,87543.1,88290.2,2703,500
2026-01-26 19:00:00,88291.1,88494.3,87835.0,87894.4,2391,500
2026-01-26 20:00:00,87894.3,88080.3,87421.3,87498.9,1878,500
2026-01-26 21:00:00,87498.8,88166.2,87463.6,87956.4,1899,500
2026-01-26 22:00:00,87956.1,88165.7,87888.6,88028.4,1197,500
2026-01-26 23:00:00,88028.3,88557.0,87913.5,88226.6,1661,500
2026-01-27 00:00:00,88227.5,88415.8,88097.6,88241.3,2004,500
2026-01-27 01:00:00,88236.4,88578.6,88093.0,88438.3,1543,500
2026-01-27 02:00:00,88438.4,88834.0,88433.0,88816.2,1065,500
2026-01-27 03:00:00,88807.7,88883.6,88471.0,88647.7,888,500
2026-01-27 04:00:00,88647.4,88937.1,88392.8,88457.1,1074,500
2026-01-27 05:00:00,88458.0,88524.8,88275.1,88330.7,948,500
2026-01-27 06:00:00,88331.1,88426.8,88153.2,88193.5,894,500
2026-01-27 07:00:00,88195.3,88475.8,88184.9,88194.2,902,500
2026-01-27 08:00:00,88194.9,88377.3,88095.0,88163.4,732,500
2026-01-27 09:00:00,88161.4,88161.4,87731.8,87745.5,957,500
2026-01-27 10:00:00,87744.9,88008.6,87622.0,87777.6,908,500
2026-01-27 11:00:00,87781.4,87945.4,87665.9,87850.4,874,500
2026-01-27 12:00:00,87847.9,88161.4,87820.0,87979.3,576,500
2026-01-27 13:00:00,87984.8,88065.2,87789.1,87833.4,416,500
2026-01-27 14:00:00,87833.1,88400.3,87532.9,87591.8,2047,500
2026-01-27 15:00:00,87592.1,88029.3,87481.8,87898.2,1827,500
2026-01-27 16:00:00,87897.7,88767.4,87892.5,88504.6,2978,500
2026-01-27 17:00:00,88503.2,88597.0,87238.5,87535.9,2751,500
2026-01-27 18:00:00,87536.8,88461.5,87389.1,88274.4,1378,500
2026-01-27 19:00:00,88282.7,88464.5,88022.8,88265.8,1302,500
2026-01-27 20:00:00,88266.0,89419.9,88241.3,89391.9,2667,500
2026-01-27 21:00:00,89382.4,89501.5,88899.4,89071.2,1730,500
2026-01-27 22:00:00,88938.0,89417.8,88938.0,89115.2,510,500
2026-01-27 23:00:00,89116.2,89466.8,89022.5,89112.4,1770,500
2026-01-28 00:00:00,89114.4,89331.4,89042.8,89328.8,927,500
2026-01-28 01:00:00,89331.4,89466.6,89158.4,89268.6,1085,500
2026-01-28 02:00:00,89268.1,89384.9,88968.8,89139.6,1414,500
2026-01-28 03:00:00,89139.5,89254.8,88856.3,89116.6,1055,500
2026-01-28 04:00:00,89112.1,89154.9,88694.8,88837.9,538,500
2026-01-28 05:00:00,88839.7,89013.1,88764.7,88943.1,897,500
2026-01-28 06:00:00,88943.2,89310.6,88943.2,89176.6,1284,500
2026-01-28 07:00:00,89177.0,89322.8,89017.2,89133.4,860,500
2026-01-28 08:00:00,89129.4,89211.4,88770.7,88919.7,755,500
2026-01-28 09:00:00,88934.5,89416.0,88738.6,89413.6,887,500
2026-01-28 10:00:00,89413.0,89566.1,89220.0,89272.2,1151,501
2026-01-28 11:00:00,89271.0,90111.5,89185.5,89938.1,1552,500
2026-01-28 12:00:00,89938.3,90153.0,89657.8,89860.4,4194,500
2026-01-28 13:00:00,89859.0,90448.2,89837.6,90124.8,5061,500
2026-01-28 14:00:00,90124.1,90229.1,89315.0,89480.8,7096,500
2026-01-28 15:00:00,89472.5,89714.8,88772.4,89348.8,7885,500
2026-01-28 16:00:00,89347.8,89747.3,89114.3,89509.8,6954,500
2026-01-28 17:00:00,89506.8,90557.5,89153.3,90029.0,7368,500
2026-01-28 18:00:00,90028.8,90039.8,89219.1,89399.5,6146,504
2026-01-28 19:00:00,89410.8,89616.8,88902.2,89261.0,8140,501
2026-01-28 20:00:00,89259.5,89819.9,88861.5,88965.7,7051,522
2026-01-28 21:00:00,88972.1,89478.1,88707.4,89254.7,6835,500
2026-01-28 22:00:00,89404.5,89470.4,88989.4,89226.0,1278,500
2026-01-28 23:00:00,89226.2,89326.8,89061.1,89147.4,5868,500
2026-01-29 00:00:00,89147.7,89203.8,88752.1,88993.0,6305,500
2026-01-29 01:00:00,88990.0,89023.8,88399.1,88451.6,6895,500
2026-01-29 02:00:00,88454.4,88707.3,87578.6,87762.8,6812,500
2026-01-29 03:00:00,87750.3,88180.2,87628.4,87898.1,6663,500
2026-01-29 04:00:00,87898.2,88203.8,87749.0,88175.8,6311,500
2026-01-29 05:00:00,88164.8,88258.8,87992.1,88176.2,5478,500
2026-01-29 06:00:00,88136.2,88193.8,88038.0,88174.8,4877,501
2026-01-29 07:00:00,88175.8,88335.2,88111.3,88194.7,4394,500
2026-01-29 08:00:00,88194.6,88445.1,87766.6,87923.8,5478,500
2026-01-29 09:00:00,87927.8,88134.8,87737.8,87748.8,5018,500
2026-01-29 10:00:00,87751.8,87854.8,87670.1,87789.2,5748,500
2026-01-29 11:00:00,87798.8,87992.7,87595.0,87692.8,6667,500
2026-01-29 12:00:00,87699.8,88079.8,87654.2,87950.9,6120,500
2026-01-29 13:00:00,87963.8,88120.5,87793.4,87895.8,5722,500
2026-01-29 14:00:00,87897.8,87999.4,86844.4,87002.4,8695,500
2026-01-29 15:00:00,86969.2,87002.9,84224.0,84775.3,9949,502
2026-01-29 16:00:00,84789.8,85275.6,84186.9,85127.0,11675,500
2026-01-29 17:00:00,85139.8,85555.1,83915.7,84116.8,9450,500
2026-01-29 18:00:00,84105.0,84509.9,83284.8,83317.3,12319,606
2026-01-29 19:00:00,83317.2,84273.3,83234.8,83856.8,8236,693
2026-01-29 20:00:00,83836.5,84328.2,83654.1,84020.0,8237,772
2026-01-29 21:00:00,84019.7,84533.6,84008.3,84380.8,7497,500
2026-01-29 22:00:00,84362.2,84610.2,84295.9,84559.4,305,500
2026-01-29 23:00:00,84562.4,84690.2,84289.5,84504.5,6175,500
2026-01-30 00:00:00,84504.4,84592.8,84016.5,84045.6,5996,500
2026-01-30 01:00:00,84061.8,84061.8,81128.6,82330.8,10016,500
2026-01-30 02:00:00,82339.8,82486.5,81023.0,82012.7,11213,500
2026-01-30 03:00:00,82013.2,82708.6,81903.2,82531.2,5682,500
2026-01-30 04:00:00,82528.4,83292.1,82527.8,82781.4,4526,500
2026-01-30 05:00:00,82795.8,83304.3,82742.4,82904.8,5906,500
2026-01-30 06:00:00,82863.2,82903.3,81922.8,82471.8,8531,500
2026-01-30 07:00:00,82460.6,82993.5,82330.2,82656.0,8424,500
2026-01-30 08:00:00,82673.8,82963.5,82285.7,82518.8,9205,500
2026-01-30 09:00:00,82502.5,82756.0,82007.3,82214.4,8441,500
2026-01-30 10:00:00,82211.4,82839.5,82028.2,82677.0,8347,500
2026-01-30 11:00:00,82685.8,83227.0,82533.5,82992.0,7219,500
2026-01-30 12:00:00,83010.8,83230.7,82490.6,82652.8,8818,500
2026-01-30 13:00:00,82651.8,83034.0,82269.5,82583.0,9478,500
2026-01-30 14:00:00,82582.9,83670.2,82577.4,82941.4,10613,501
2026-01-30 15:00:00,82948.8,83526.0,82247.2,82742.0,10839,500
2026-01-30 16:00:00,82740.8,83424.4,82410.8,82997.2,12139,500
2026-01-30 17:00:00,82996.9,83467.3,82493.2,82934.7,10908,500
2026-01-30 18:00:00,82934.3,84016.8,81742.4,83786.0,11497,500
2026-01-30 19:00:00,83782.5,84619.2,83771.5,84096.6,11468,500
2026-01-30 20:00:00,84100.8,84242.4,83401.0,83901.0,10452,500
2026-01-30 21:00:00,83925.1,84363.8,83625.4,84076.6,4530,502
2026-01-30 22:00:00,84076.6,84214.3,83905.3,84212.3,569,1844
2026-01-30 23:00:00,84211.4,84292.8,83894.1,84248.9,440,1519
2026-01-31 00:00:00,84249.3,84267.1,83837.9,84059.5,457,552
2026-01-31 01:00:00,84062.5,84251.5,83897.6,83999.4,389,500
2026-01-31 02:00:00,83999.1,84178.2,83807.6,84118.0,436,500
2026-01-31 03:00:00,84118.9,84218.9,83803.7,83803.7,256,500
2026-01-31 04:00:00,83803.7,84135.5,83797.9,83985.5,257,2211
2026-01-31 05:00:00,83985.9,84089.4,83894.2,83989.6,309,500
2026-01-31 06:00:00,83987.9,84038.7,83635.1,83777.2,353,500
2026-01-31 07:00:00,83776.2,83795.4,83396.3,83538.0,482,500
2026-01-31 08:00:00,83539.2,83624.5,82484.6,83058.9,1021,500
2026-01-31 09:00:00,83063.0,83288.9,82878.7,83098.6,686,500
2026-01-31 10:00:00,83101.3,83190.8,82906.3,83149.9,439,500
2026-01-31 11:00:00,83149.4,83149.4,82842.4,83009.4,463,500
2026-01-31 12:00:00,83005.4,83137.0,82706.5,82758.9,670,500
2026-01-31 13:00:00,82763.3,82918.3,82473.9,82764.4,705,500
2026-01-31 14:00:00,82760.7,82923.4,80818.1,81478.5,2128,500
2026-01-31 15:00:00,81478.1,81775.9,81034.6,81291.7,1239,578
2026-01-31 16:00:00,81295.0,82188.7,80088.4,80354.4,2125,500
2026-01-31 17:00:00,80350.5,80539.7,78182.9,78885.4,2952,503
2026-01-31 18:00:00,78884.9,79133.1,75668.7,78029.6,2934,500
2026-01-31 19:00:00,78033.6,78558.6,77183.6,77748.3,2028,500
2026-01-31 20:00:00,77746.8,78127.5,77081.0,77993.1,1590,500
2026-01-31 21:00:00,77990.4,78362.9,77364.4,78292.4,1473,500
2026-01-31 22:00:00,78296.3,78489.5,77990.0,78156.5,904,1271
2026-01-31 23:00:00,78152.4,79231.2,78068.4,78732.9,1295,500
2026-02-01 00:00:00,78733.6,79416.5,78641.4,78891.6,1251,500
2026-02-01 01:00:00,78891.0,78939.7,78284.2,78516.6,1016,500
2026-02-01 02:00:00,78520.9,79053.3,78333.1,78891.4,968,500
2026-02-01 03:00:00,78895.6,78997.6,78626.3,78856.8,706,500
2026-02-01 04:00:00,78857.8,79106.7,78677.7,78960.0,679,500
2026-02-01 05:00:00,78968.4,78997.0,78520.9,78607.7,645,500
2026-02-01 06:00:00,78608.9,78814.0,78257.9,78289.3,696,500
2026-02-01 07:00:00,78288.9,78716.6,77970.1,78348.3,968,500
2026-02-01 08:00:00,78346.5,78859.2,78251.7,78596.3,817,500
2026-02-01 09:00:00,78595.9,79131.4,78541.0,79035.6,654,500
2026-02-01 10:00:00,79035.4,79219.8,78107.9,78271.0,1051,500
2026-02-01 11:00:00,78275.3,78871.7,78225.6,78704.1,1018,500
2026-02-01 12:00:00,78744.4,78758.9,78150.8,78453.0,1085,502
2026-02-01 13:00:00,78456.3,78760.6,78145.5,78313.6,1128,500
2026-02-01 14:00:00,78313.1,78514.8,77187.5,78206.5,1816,500
2026-02-01 15:00:00,78208.7,78249.6,76732.1,77588.0,2375,500
2026-02-01 16:00:00,77546.4,77831.6,77033.1,77484.0,2379,500
2026-02-01 17:00:00,77480.0,77745.8,77240.1,77741.3,1998,500
2026-02-01 18:00:00,77697.2,78407.6,77662.8,77931.8,2146,502
2026-02-01 19:00:00,77931.8,78023.8,76888.8,77051.8,3602,985
2026-02-01 20:00:00,77051.8,77638.4,76504.8,77098.4,4690,934
2026-02-01 21:00:00,77097.5,77157.7,76268.8,76525.4,3631,539
2026-02-01 22:00:00,76377.7,77681.1,76362.1,77149.4,3656,758
2026-02-01 23:00:00,77149.1,77503.0,75629.2,76858.0,12624,552
2026-02-02 00:00:00,76857.9,78011.8,76562.8,77564.8,12689,554
2026-02-02 01:00:00,77564.8,77841.5,76523.8,77413.8,13276,550
2026-02-02 02:00:00,77411.8,77444.4,76322.8,76380.4,14544,550
2026-02-02 03:00:00,76380.7,76458.8,74494.8,76156.8,13076,541
2026-02-02 04:00:00,76156.8,76545.4,75217.8,75779.8,13715,530
2026-02-02 05:00:00,75779.5,75875.3,74799.8,75377.8,13516,583
2026-02-02 06:00:00,75379.8,76730.9,74840.8,76412.8,14035,530
2026-02-02 07:00:00,76415.8,76869.8,76242.8,76531.4,11397,519
2026-02-02 08:00:00,76532.8,77072.8,76480.8,76739.8,12328,518
2026-02-02 09:00:00,76740.8,77780.3,76545.2,77596.8,10884,527
2026-02-02 10:00:00,77597.8,77748.2,77357.8,77388.8,8800,538
2026-02-02 11:00:00,77389.8,77854.8,77329.8,77640.8,8925,569
2026-02-02 12:00:00,77639.8,78290.8,77601.5,77880.8,9912,557
2026-02-02 13:00:00,77879.8,78366.8,77694.8,78116.8,9786,615
2026-02-02 14:00:00,78116.8,78852.4,77614.2,77817.7,8742,644
2026-02-02 15:00:00,77733.8,79302.1,77488.8,78835.9,5566,554
2026-02-02 16:00:00,78836.0,79280.8,78538.4,78616.7,2213,511
2026-02-02 17:00:00,78615.7,79205.3,78578.2,78974.8,1283,500
2026-02-02 18:00:00,78973.9,78973.9,78354.1,78549.6,1213,500
2026-02-02 19:00:00,78551.6,78677.2,78242.8,78324.9,1663,511
2026-02-02 20:00:00,78314.9,78571.8,77857.8,77886.8,7495,636
2026-02-02 21:00:00,77886.8,78535.1,77825.8,78526.4,5546,611
2026-02-02 22:00:00,78440.4,78849.0,78440.1,78715.3,1281,500
2026-02-02 23:00:00,78715.7,78893.1,78515.8,78631.8,6408,554
2026-02-03 00:00:00,78631.8,79099.6,78395.7,79055.0,1318,607
2026-02-03 01:00:00,79058.7,79122.3,78693.8,78911.8,5884,618
2026-02-03 02:00:00,78911.8,78917.6,77738.8,77787.5,3252,594
2026-02-03 03:00:00,77789.9,78839.0,77642.1,78645.8,8929,619
2026-02-03 04:00:00,78646.8,78882.8,78385.8,78698.8,7157,595
2026-02-03 05:00:00,78698.8,78702.8,78204.5,78221.7,2718,560
2026-02-03 06:00:00,78223.0,78562.8,77932.8,78483.8,6526,550
2026-02-03 07:00:00,78483.8,78829.4,78386.8,78670.8,8044,637
2026-02-03 08:00:00,78670.8,78964.8,78363.8,78636.8,7575,630
2026-02-03 09:00:00,78637.8,78734.8,77834.8,78300.8,6535,626
2026-02-03 10:00:00,78299.8,78447.8,77963.8,78017.8,7097,621
2026-02-03 11:00:00,78018.8,78245.8,77896.8,77971.8,6568,611
2026-02-03 12:00:00,77971.8,78303.8,77889.0,78220.1,7645,544
2026-02-03 13:00:00,78219.7,78355.8,78065.8,78191.8,7703,530
2026-02-03 14:00:00,78192.8,78393.3,77076.8,77092.8,11013,568
2026-02-03 15:00:00,77096.8,78176.7,76938.8,78030.8,13992,554
2026-02-03 16:00:00,78030.8,78030.8,76372.8,76375.8,12300,597
2026-02-03 17:00:00,76375.8,76418.8,74754.8,74782.5,12957,534
2026-02-03 18:00:00,74784.8,75176.8,73017.8,73032.3,13096,522
2026-02-03 19:00:00,73030.8,75178.1,72878.8,74826.0,13923,543
2026-02-03 20:00:00,74820.8,76602.9,74453.8,76464.7,13407,520
2026-02-03 21:00:00,76422.2,76862.8,76000.8,76106.8,10503,505
2026-02-03 22:00:00,76106.8,76295.3,75402.7,75699.0,1162,500
2026-02-03 23:00:00,75694.4,75933.1,75420.9,75641.7,6644,501
2026-02-04 00:00:00,75641.4,76247.4,75380.0,75791.8,7395,503
2026-02-04 01:00:00,75783.7,76700.0,75782.8,76292.7,9870,502
2026-02-04 02:00:00,76302.8,76538.4,75617.8,75849.4,7705,505
2026-02-04 03:00:00,75847.8,76855.8,75784.5,76685.7,8071,524
2026-02-04 04:00:00,76686.5,76792.9,76304.8,76461.3,4843,507
2026-02-04 05:00:00,76455.0,76525.3,76090.6,76157.8,3938,530
2026-02-04 06:00:00,76160.8,76736.1,76145.4,76529.0,5555,530
2026-02-04 07:00:00,76530.0,76534.2,76207.8,76388.8,6578,507
2026-02-04 08:00:00,76390.8,76472.8,75953.8,76455.7,7540,521
2026-02-04 09:00:00,76456.8,76511.1,75840.7,75990.8,6095,512
2026-02-04 10:00:00,75982.9,76220.1,75913.8,76169.8,5469,500
2026-02-04 11:00:00,76162.3,76169.8,75556.8,76013.5,5846,501
2026-02-04 12:00:00,75948.8,76222.8,75882.8,76047.8,7502,514
2026-02-04 13:00:00,76048.8,76050.9,74738.3,74738.4,8104,500
2026-02-04 14:00:00,74737.8,75586.5,74119.7,74218.4,9160,500
2026-02-04 15:00:00,74248.8,75164.4,73664.6,73980.5,9254,502
2026-02-04 16:00:00,74000.8,74212.8,72937.9,73489.9,11796,500
2026-02-04 17:00:00,73488.5,73785.7,72037.1,72405.7,12903,500
2026-02-04 18:00:00,72425.8,74103.2,72108.9,73254.6,13610,505
2026-02-04 19:00:00,73275.8,74006.4,72877.3,73748.5,11941,501
2026-02-04 20:00:00,73768.8,74104.5,73244.8,73308.0,9805,500
2026-02-04 21:00:00,73313.9,73642.9,72036.8,72608.7,8525,501
2026-02-04 22:00:00,72608.4,73680.0,71870.6,72531.8,1604,500
2026-02-04 23:00:00,72524.9,73494.9,72388.1,72981.3,8940,501
2026-02-05 00:00:00,73015.8,73297.7,72572.5,72691.7,8492,501
2026-02-05 01:00:00,72693.0,73291.5,71817.5,72212.8,11847,501
2026-02-05 02:00:00,72229.5,72790.2,71149.2,71304.8,14020,502
2026-02-05 03:00:00,71322.8,71824.0,71015.1,71092.8,14102,520
2026-02-05 04:00:00,71091.8,71387.4,70573.4,70719.7,13584,500
2026-02-05 05:00:00,70732.8,71121.2,69992.1,70569.6,13351,500
2026-02-05 06:00:00,70571.5,70925.7,70298.1,70792.2,12909,500
2026-02-05 07:00:00,70790.9,71563.1,70475.4,70586.8,11445,500
2026-02-05 08:00:00,70572.5,71489.6,70570.4,70889.6,10970,500
2026-02-05 09:00:00,70902.8,71853.1,70886.4,71420.8,11869,500
2026-02-05 10:00:00,71417.8,71640.8,70509.7,70720.8,11062,500
2026-02-05 11:00:00,70708.9,70998.4,69795.1,70177.8,12536,501
2026-02-05 12:00:00,70192.8,70458.8,69031.5,69413.0,13460,500
2026-02-05 13:00:00,69426.8,69783.8,69102.4,69549.8,14413,500
2026-02-05 14:00:00,69536.5,70741.7,69224.1,69376.9,10347,500
2026-02-05 15:00:00,69271.8,69602.0,66622.5,67347.4,9038,505
2026-02-05 16:00:00,67358.8,68608.3,66809.5,68147.4,10735,502
2026-02-05 17:00:00,68167.8,68249.7,66010.5,66026.3,11607,502
2026-02-05 18:00:00,66040.8,66487.8,65234.1,66303.2,11857,501
2026-02-05 19:00:00,66307.2,66530.4,65033.6,65103.8,14487,500
2026-02-05 20:00:00,65121.8,65620.6,62320.0,63614.3,11127,506
2026-02-05 21:00:00,63610.1,64661.5,62741.8,63206.8,8979,621
2026-02-05 22:00:00,63085.8,64602.4,62676.7,63904.2,2744,504
2026-02-05 23:00:00,63900.2,64791.1,62611.5,62775.1,9180,500
2026-02-06 00:00:00,62789.0,63839.6,59985.2,63498.1,7070,517
2026-02-06 01:00:00,63511.4,65734.6,63501.4,65704.0,3864,511
2026-02-06 02:00:00,65705.8,65996.4,64216.7,64980.3,2773,503
2026-02-06 03:00:00,64982.6,65156.4,63733.7,64164.4,2508,505
2026-02-06 04:00:00,64162.2,64994.9,63947.9,64906.0,1681,502
2026-02-06 05:00:00,64897.3,66806.5,64795.1,66389.7,1993,500
2026-02-06 06:00:00,66390.3,66780.4,64813.0,64977.6,2447,500
2026-02-06 07:00:00,64976.5,65535.1,64603.7,64846.1,1982,508
2026-02-06 08:00:00,64841.5,65194.6,64418.4,64887.2,2152,502
2026-02-06 09:00:00,64886.3,66153.9,64749.9,65788.7,1787,501
2026-02-06 10:00:00,65791.3,66207.4,65535.3,65955.5,1464,509
2026-02-06 11:00:00,65945.8,66724.2,65700.9,66613.2,1367,501
2026-02-06 12:00:00,66613.3,66613.3,66087.5,66549.2,1371,506
2026-02-06 13:00:00,66474.0,67675.8,66470.1,67308.3,1912,500
2026-02-06 14:00:00,67238.0,68635.2,66605.7,68177.6,3652,500
2026-02-06 15:00:00,68147.2,69158.6,67739.2,68585.4,5050,503
2026-02-06 16:00:00,68613.2,70216.5,68399.4,69942.4,4730,500
2026-02-06 17:00:00,69909.7,71492.0,69548.8,70745.5,4551,501
2026-02-06 18:00:00,70745.3,70811.6,69336.5,69769.2,2572,500
2026-02-06 19:00:00,69770.6,70911.6,69652.8,70720.9,1825,500
2026-02-06 20:00:00,70720.1,70920.8,69963.5,69991.2,1916,501
2026-02-06 21:00:00,69959.6,70493.8,69792.4,70352.8,1612,508
2026-02-06 22:00:00,70250.4,71566.1,70210.9,71339.1,1673,676
2026-02-06 23:00:00,71305.1,71735.2,70463.3,70548.3,1488,980
2026-02-07 00:00:00,70548.6,70579.3,69689.8,69936.2,1637,505
2026-02-07 01:00:00,69927.3,70659.8,69719.1,70456.0,1014,500
2026-02-07 02:00:00,70452.5,70617.3,70119.1,70335.9,795,500
2026-02-07 03:00:00,70339.0,70904.7,70251.8,70896.8,858,500
2026-02-07 04:00:00,70899.2,71680.1,70579.6,70742.5,1290,510
2026-02-07 05:00:00,70740.4,71177.2,69951.8,70157.7,1089,500
2026-02-07 06:00:00,70155.0,70307.0,68743.3,68759.0,1196,500
2026-02-07 07:00:00,68761.3,69069.1,67308.4,68049.1,2783,502
2026-02-07 08:00:00,68050.1,68764.6,67746.1,68485.7,1530,504
2026-02-07 09:00:00,68491.2,68760.7,67851.8,68128.1,1066,500
2026-02-07 10:00:00,68090.4,68281.4,67572.9,67985.0,979,506
2026-02-07 11:00:00,67979.0,68144.1,67653.8,67931.6,1023,500
2026-02-07 12:00:00,67932.5,69973.2,67847.8,68973.2,3194,549
2026-02-07 13:00:00,69025.5,69350.8,68765.8,69089.9,1714,501
2026-02-07 14:00:00,69086.9,69185.3,68347.3,68624.2,1794,500
2026-02-07 15:00:00,68624.8,69737.8,68501.0,69103.3,2321,503
2026-02-07 16:00:00,69132.0,69873.5,68815.1,68923.8,3616,510
2026-02-07 17:00:00,68946.1,69398.0,68543.9,69174.8,1213,501
2026-02-07 18:00:00,69172.3,69671.2,68968.9,69496.6,1030,500
2026-02-07 19:00:00,69472.3,69561.4,69224.3,69357.3,938,503
2026-02-07 20:00:00,69355.3,69715.5,69220.1,69624.5,756,500
2026-02-07 21:00:00,69628.3,69695.0,69324.1,69497.8,669,500
2026-02-07 22:00:00,69430.8,69688.9,69290.6,69382.6,480,762
2026-02-07 23:00:00,69371.9,69440.9,68761.1,69276.4,904,500
2026-02-08 00:00:00,69280.8,69417.8,68863.6,69096.2,886,500
2026-02-08 01:00:00,69094.4,69495.9,69044.3,69366.4,839,500
2026-02-08 02:00:00,69369.7,69681.3,69125.6,69357.3,901,500
2026-02-08 03:00:00,69354.1,69423.6,69030.5,69082.3,765,502
2026-02-08 04:00:00,69082.9,69339.1,68926.3,69328.1,657,500
2026-02-08 05:00:00,69323.4,69405.6,69111.8,69207.5,536,503
2026-02-08 06:00:00,69207.1,69406.9,69052.5,69342.3,607,501
2026-02-08 07:00:00,69341.5,69692.3,69176.8,69661.2,697,501
2026-02-08 08:00:00,69684.9,70775.7,69494.6,70640.1,1863,504
2026-02-08 09:00:00,70612.2,70695.2,70048.3,70086.3,1595,500
2026-02-08 10:00:00,70075.3,70440.2,69840.4,70248.1,1495,530
2026-02-08 11:00:00,70228.1,71192.1,70171.8,70974.6,1486,500
2026-02-08 12:00:00,70978.3,71239.8,70658.3,71227.0,1306,500
2026-02-08 13:00:00,71225.1,71495.9,70940.2,71495.9,1208,500
2026-02-08 14:00:00,71497.6,71538.8,71053.8,71241.1,987,500
2026-02-08 15:00:00,71221.4,71440.0,70743.6,71168.9,1287,500
2026-02-08 16:00:00,71136.7,71239.7,70231.7,70402.0,1372,500
2026-02-08 17:00:00,70397.9,70860.4,70365.7,70770.8,1232,501
2026-02-08 18:00:00,70773.2,71405.5,70713.2,71126.7,1293,500
2026-02-08 19:00:00,71126.1,71508.7,71099.1,71407.4,993,500
2026-02-08 20:00:00,71408.7,71412.2,70666.8,70831.2,822,500
2026-02-08 21:00:00,70830.7,71117.8,70515.1,70691.9,824,501
2026-02-08 22:00:00,70630.8,71094.5,70598.2,71062.4,795,721
2026-02-08 23:00:00,71058.0,72182.1,69946.8,70261.4,3508,506
2026-02-09 00:00:00,70281.8,70766.4,70096.7,70491.7,1556,501
2026-02-09 01:00:00,70482.9,70918.6,70005.8,70359.8,1732,501
2026-02-09 02:00:00,70360.4,70994.5,70172.4,70618.5,1331,500
2026-02-09 03:00:00,70623.0,71429.4,70563.9,71293.7,1393,500
2026-02-09 04:00:00,71289.7,71336.2,70907.3,70988.8,2446,502
2026-02-09 05:00:00,70984.4,71103.5,70796.4,70969.7,722,500
2026-02-09 06:00:00,70972.8,70972.8,70290.3,70656.4,1013,508
2026-02-09 07:00:00,70651.6,70877.1,70337.7,70413.5,910,500
2026-02-09 08:00:00,70414.8,70600.9,69372.4,69866.7,1352,500
2026-02-09 09:00:00,69862.6,70111.9,69467.9,69621.6,1088,500
2026-02-09 10:00:00,69617.4,69716.9,68365.1,68721.0,2340,500
2026-02-09 11:00:00,68659.8,69011.3,68575.7,68921.0,2150,500
2026-02-09 12:00:00,68925.6,69233.2,68851.2,69138.1,896,500
2026-02-09 13:00:00,69141.8,69291.5,68589.6,68590.2,998,500
2026-02-09 14:00:00,68590.7,69734.0,68302.3,69265.1,2675,500
2026-02-09 15:00:00,69261.3,69863.9,68778.4,69557.4,2138,501
2026-02-09 16:00:00,69555.3,70358.6,69078.0,70081.4,2057,502
2026-02-09 17:00:00,70081.8,70962.7,69863.8,70607.6,1813,500
2026-02-09 18:00:00,70607.0,71007.7,70043.9,70412.4,1585,500
2026-02-09 19:00:00,70403.5,71066.6,70236.3,70955.0,1344,500
2026-02-09 20:00:00,70952.1,71120.7,70453.9,70731.5,1584,515
2026-02-09 21:00:00,70695.6,70804.8,69785.4,70394.0,1144,500
2026-02-09 22:00:00,70329.8,70719.6,70250.4,70367.4,712,502
2026-02-09 23:00:00,70363.2,70573.0,70076.3,70126.9,772,500
2026-02-10 00:00:00,70134.0,70249.0,69705.7,69818.2,881,500
2026-02-10 01:00:00,69822.4,70510.5,69756.8,70481.1,1078,507
2026-02-10 02:00:00,70471.5,70471.5,69980.4,70095.7,781,500
2026-02-10 03:00:00,70099.6,70149.8,69164.8,69505.4,1253,501
2026-02-10 04:00:00,69503.8,69889.7,69466.0,69826.7,758,502
2026-02-10 05:00:00,69831.0,69847.0,69176.2,69443.7,864,500
2026-02-10 06:00:00,69440.3,69489.9,68664.4,68910.7,1156,500
2026-02-10 07:00:00,68911.6,69208.0,68837.1,68912.9,935,500
2026-02-10 08:00:00,68914.0,69209.1,68716.5,69129.1,936,500
2026-02-10 09:00:00,69119.4,69407.0,68938.6,69145.0,732,500
2026-02-10 10:00:00,69145.4,69257.0,68910.8,68913.8,659,500
2026-02-10 11:00:00,68908.6,69075.8,68429.8,68522.9,874,500
2026-02-10 12:00:00,68453.8,68846.8,68393.5,68604.0,803,500
2026-02-10 13:00:00,68600.1,69133.7,68353.5,69020.5,1110,501
2026-02-10 14:00:00,68955.8,69575.8,67898.4,68452.0,2384,500
2026-02-10 15:00:00,68380.9,69503.3,68283.0,69284.0,2559,501
2026-02-10 16:00:00,69204.8,69766.2,68900.5,69507.8,2680,504
2026-02-10 17:00:00,69461.8,69988.9,69268.8,69918.5,1991,530
2026-02-10 18:00:00,69928.6,69936.9,68568.8,68891.5,1644,501
2026-02-10 19:00:00,68885.3,69296.8,68661.6,69060.4,1170,500
2026-02-10 20:00:00,69055.7,69126.5,68596.9,68754.8,1086,500
2026-02-10 21:00:00,68746.7,69006.8,68350.9,68650.6,1104,500
2026-02-10 22:00:00,68586.2,68861.6,68557.1,68695.9,740,540
2026-02-10 23:00:00,68691.4,68855.7,68478.9,68829.0,586,500
2026-02-11 00:00:00,68829.4,69229.4,68766.8,69185.8,760,501
2026-02-11 01:00:00,69185.4,69289.5,68901.9,68976.0,609,500
2026-02-11 02:00:00,68977.8,69156.8,68565.9,68674.8,717,500
2026-02-11 03:00:00,68678.6,68747.9,68001.6,68179.3,984,501
2026-02-11 04:00:00,68180.8,68315.6,67323.4,67578.8,1533,500
2026-02-11 05:00:00,67586.6,67796.1,67363.3,67397.8,1096,503
2026-02-11 06:00:00,67397.3,67488.7,66550.8,66783.2,1437,501
2026-02-11 07:00:00,66810.3,67251.4,66644.0,67028.5,1025,500
2026-02-11 08:00:00,67029.4,67117.0,66757.0,66975.3,1109,501
2026-02-11 09:00:00,66935.9,67103.8,66689.5,66871.2,953,529
2026-02-11 10:00:00,66867.2,66884.6,66349.2,66530.5,1148,500
2026-02-11 11:00:00,66509.2,67094.3,66499.4,67044.6,1046,500
2026-02-11 12:00:00,67001.1,67413.8,66926.1,67130.9,1549,502
2026-02-11 13:00:00,67129.0,67651.0,66765.3,67449.3,2508,515
2026-02-11 14:00:00,67380.8,68715.5,66404.9,66577.0,4643,503
2026-02-11 15:00:00,66576.6,66808.8,65711.4,66516.0,3574,506
2026-02-11 16:00:00,66513.7,67225.8,65915.0,66031.4,2364,502
2026-02-11 17:00:00,66028.8,66911.9,65854.4,66512.5,1765,504
2026-02-11 18:00:00,66529.5,67299.5,66144.3,67267.4,1619,502
2026-02-11 19:00:00,67255.1,67847.5,67104.9,67581.5,1803,510
2026-02-11 20:00:00,67564.5,67751.4,67176.1,67550.6,1093,500
2026-02-11 21:00:00,67555.1,68301.8,67409.4,67802.0,1368,500
2026-02-11 22:00:00,67729.7,67867.0,67379.8,67416.2,661,500
2026-02-11 23:00:00,67424.1,67553.4,66782.7,67039.1,973,500
2026-02-12 00:00:00,67013.2,67694.2,67013.2,67456.5,941,501
2026-02-12 01:00:00,67457.1,68040.8,67397.9,67688.4,1638,512
2026-02-12 02:00:00,67690.1,67790.8,67407.9,67430.7,872,500
2026-02-12 03:00:00,67431.9,67589.2,67300.9,67571.7,767,500
2026-02-12 04:00:00,67571.6,67676.4,66967.7,67010.6,872,500
2026-02-12 05:00:00,67010.7,67201.0,66662.5,67135.4,984,500
2026-02-12 06:00:00,67133.8,67347.0,67001.7,67115.1,909,500
2026-02-12 07:00:00,67035.2,67323.8,66925.2,67205.0,785,501
2026-02-12 08:00:00,67205.6,67260.6,66876.1,67130.9,1457,535
2026-02-12 09:00:00,67135.3,67693.2,67038.6,67547.7,865,500
2026-02-12 10:00:00,67542.8,67954.8,67402.6,67949.0,1475,500
2026-02-12 11:00:00,67949.1,68287.8,67706.9,68073.6,1338,603
2026-02-12 12:00:00,68069.6,68162.2,67674.4,67858.7,959,500
2026-02-12 13:00:00,67854.4,68392.4,67637.7,68375.0,1040,500
2026-02-12 14:00:00,68373.5,68407.9,67457.9,67536.0,1974,503
2026-02-12 15:00:00,67541.1,67989.7,67002.4,67124.6,2575,503
2026-02-12 16:00:00,67125.2,67219.3,65547.2,65854.6,3094,503
2026-02-12 17:00:00,65784.9,66257.3,65355.9,65403.4,2089,502
2026-02-12 18:00:00,65405.3,65772.6,65068.4,65585.3,2218,510
2026-02-12 19:00:00,65583.3,66107.6,65223.8,65782.9,1378,500
2026-02-12 20:00:00,65712.7,66034.6,65212.5,65422.2,1345,500
2026-02-12 21:00:00,65423.0,65894.9,65423.0,65842.6,875,500
2026-02-12 22:00:00,65840.7,66395.1,65638.5,66278.4,654,500
2026-02-12 23:00:00,66280.3,66483.1,66155.3,66186.8,962,500
2026-02-13 00:00:00,66188.2,66519.4,65863.0,65904.9,1078,500
2026-02-13 01:00:00,65917.0,66545.8,65917.0,66446.3,1477,500
2026-02-13 02:00:00,66446.6,66747.4,66318.8,66657.5,1911,513
2026-02-13 03:00:00,66672.3,66783.8,66396.8,66479.9,1038,500
2026-02-13 04:00:00,66480.1,66599.8,66301.7,66324.4,1741,532
2026-02-13 05:00:00,66324.5,66500.3,66167.3,66172.8,889,500
2026-02-13 06:00:00,66177.6,66333.1,65969.9,66299.3,884,506
2026-02-13 07:00:00,66299.2,66556.2,66039.6,66201.2,1537,507
2026-02-13 08:00:00,66204.6,66690.8,66184.7,66690.6,1287,500
2026-02-13 09:00:00,66680.2,67051.0,66604.5,66954.1,820,500
2026-02-13 10:00:00,66954.5,67107.4,66794.2,66970.6,885,500
2026-02-13 11:00:00,66975.1,67168.2,66774.5,67093.3,1104,500
2026-02-13 12:00:00,67091.5,67189.8,66913.4,67072.3,1050,500
2026-02-13 13:00:00,67073.2,67614.4,66885.4,67262.6,1749,505
2026-02-13 14:00:00,67194.0,68013.1,66819.1,67722.0,2290,500
2026-02-13 15:00:00,67724.0,69288.8,67647.8,68685.6,3147,508
2026-02-13 16:00:00,68620.8,69422.2,68521.4,68948.9,2077,504
2026-02-13 17:00:00,68957.0,69226.9,68596.2,69029.6,1663,500
2026-02-13 18:00:00,69032.1,69377.6,68861.4,69118.5,1451,500
2026-02-13 19:00:00,69122.3,69226.0,68881.9,68928.9,1331,500
2026-02-13 20:00:00,68928.3,68966.4,68632.3,68767.5,1695,500
2026-02-13 21:00:00,68727.9,69064.6,68680.6,68855.1,829,505
2026-02-13 22:00:00,68788.9,68984.7,68701.8,68956.7,480,670
2026-02-13 23:00:00,68955.8,68979.2,68805.4,68831.9,473,823
2026-02-14 00:00:00,68833.0,69114.3,68743.3,69060.4,586,500
2026-02-14 01:00:00,69048.7,69101.8,68904.0,68942.3,450,500
2026-02-14 02:00:00,68942.2,68991.5,68816.2,68858.5,342,500
2026-02-14 03:00:00,68854.3,68984.0,68810.1,68932.9,273,501
2026-02-14 04:00:00,68936.9,68958.5,68769.1,68775.3,234,525
2026-02-14 05:00:00,68775.5,68899.9,68735.1,68754.6,275,500
2026-02-14 06:00:00,68754.4,68922.3,68715.4,68916.8,260,500
2026-02-14 07:00:00,68918.1,69325.3,68864.9,69198.2,426,500
2026-02-14 08:00:00,69197.8,69860.2,69186.3,69733.4,833,500
2026-02-14 09:00:00,69734.1,69883.5,69550.6,69701.0,535,500
2026-02-14 10:00:00,69699.5,69699.5,69558.9,69658.8,332,500
2026-02-14 11:00:00,69658.1,70537.6,69650.7,70495.0,1033,501
2026-02-14 12:00:00,70494.2,70520.9,69606.3,69631.3,883,500
2026-02-14 13:00:00,69627.4,69764.5,69205.8,69460.7,953,500
2026-02-14 14:00:00,69457.8,69854.9,69327.0,69699.0,718,500
2026-02-14 15:00:00,69701.4,70039.8,69557.1,69781.2,685,500
2026-02-14 16:00:00,69782.1,69811.8,69281.9,69749.1,863,500
2026-02-14 17:00:00,69746.7,69916.7,69595.0,69728.5,632,500
2026-02-14 18:00:00,69731.5,69850.7,69661.3,69761.8,383,500
2026-02-14 19:00:00,69762.9,69903.2,69599.3,69864.8,557,500
2026-02-14 20:00:00,69864.0,70025.9,69729.4,70015.1,528,501
2026-02-14 21:00:00,70015.0,70240.5,69641.8,69929.5,676,500
2026-02-14 22:00:00,69863.8,70080.4,69741.3,69950.7,484,656
2026-02-14 23:00:00,69950.5,70011.5,69686.1,69811.0,586,500
2026-02-15 00:00:00,69810.4,69850.7,69572.5,69764.6,620,500
2026-02-15 01:00:00,69760.5,69889.8,69327.0,69700.6,716,500
2026-02-15 02:00:00,69699.2,69742.6,69330.1,69461.1,695,500
2026-02-15 03:00:00,69469.8,69982.5,69232.1,69944.7,718,500
2026-02-15 04:00:00,69944.4,70510.4,69931.5,70175.0,909,500
2026-02-15 05:00:00,70176.7,70463.9,70100.8,70257.0,600,500
2026-02-15 06:00:00,70256.9,70525.4,70171.6,70388.7,500,500
2026-02-15 07:00:00,70385.0,70914.6,70290.5,70812.2,870,502
2026-02-15 08:00:00,70814.2,70963.3,70165.9,70431.4,987,500
2026-02-15 09:00:00,70431.5,70655.5,70361.1,70409.2,662,500
2026-02-15 10:00:00,70407.8,70512.2,70201.9,70415.6,688,500
2026-02-15 11:00:00,70415.7,70527.5,70253.5,70285.2,590,500
2026-02-15 12:00:00,70284.7,70397.6,69274.1,69300.6,817,500
2026-02-15 13:00:00,69299.1,69609.4,68765.1,68923.3,1206,507
2026-02-15 14:00:00,68923.5,69202.5,68829.1,69160.4,922,500
2026-02-15 15:00:00,69157.0,69243.9,68859.2,69088.6,757,500
2026-02-15 16:00:00,69087.3,69088.5,68780.7,69005.2,684,500
2026-02-15 17:00:00,69008.8,69078.5,68171.3,68613.1,1043,500
2026-02-15 18:00:00,68626.9,68775.7,68334.1,68439.8,1092,500
2026-02-15 19:00:00,68435.1,68540.0,68035.1,68259.1,1055,500
2026-02-15 20:00:00,68275.9,68546.0,68114.9,68443.8,686,500
2026-02-15 21:00:00,68443.9,68939.9,68428.5,68819.1,671,500
2026-02-15 22:00:00,68779.8,69064.8,68758.2,68970.1,631,755
2026-02-15 23:00:00,68949.1,68968.4,68305.9,68749.8,1171,506
2026-02-16 00:00:00,68749.8,69044.5,68655.2,68840.9,925,523
2026-02-16 01:00:00,68845.0,69039.0,68408.5,68625.0,906,500
2026-02-16 02:00:00,68626.9,68730.4,68203.0,68324.0,1073,500
2026-02-16 03:00:00,68324.1,68460.1,68112.1,68418.0,729,500
2026-02-16 04:00:00,68417.9,68885.8,68373.4,68865.4,685,500
2026-02-16 05:00:00,68865.8,68890.8,68253.2,68342.8,621,500
2026-02-16 06:00:00,68344.4,68523.6,68184.8,68445.3,425,501
2026-02-16 07:00:00,68440.2,68662.8,68338.9,68584.5,465,500
2026-02-16 08:00:00,68586.8,68794.7,68538.0,68757.9,416,500
2026-02-16 09:00:00,68757.1,69054.8,68741.4,68987.1,622,500
2026-02-16 10:00:00,68981.5,68981.5,68661.3,68789.6,539,500
2026-02-16 11:00:00,68785.0,68913.9,68293.0,68803.9,963,500
2026-02-16 12:00:00,68812.3,69840.4,68752.1,69755.3,1300,518
2026-02-16 13:00:00,69753.5,70111.5,68183.8,68390.5,2887,503
2026-02-16 14:00:00,68384.5,68714.5,68222.2,68418.7,1423,500
2026-02-16 15:00:00,68421.3,68588.8,67251.8,67535.1,1891,501
2026-02-16 16:00:00,67464.8,67966.1,67464.8,67881.5,1068,504
2026-02-16 17:00:00,67816.8,68063.9,67575.4,67941.2,834,500
2026-02-16 18:00:00,67941.6,68234.9,67787.5,67855.2,741,500
2026-02-16 19:00:00,67860.2,68125.8,67786.8,67907.7,626,500
2026-02-16 20:00:00,67907.4,68548.8,67789.2,68519.2,704,500
2026-02-16 21:00:00,68523.7,68928.1,68398.9,68856.6,784,500
2026-02-16 22:00:00,68790.8,68885.6,68467.4,68587.4,718,513
2026-02-16 23:00:00,68583.4,68975.6,68492.5,68845.6,788,500
2026-02-17 00:00:00,68877.0,69034.3,68654.9,68874.0,1117,500
2026-02-17 01:00:00,68881.8,68990.7,68519.8,68606.6,1407,500
2026-02-17 02:00:00,68567.4,69211.1,68353.7,68829.6,1557,500
2026-02-17 03:00:00,68827.9,68853.8,68422.3,68468.3,844,500
2026-02-17 04:00:00,68467.8,68699.9,68242.8,68475.4,680,500
2026-02-17 05:00:00,68474.2,68504.0,67853.1,68236.7,948,500
2026-02-17 06:00:00,68240.8,68509.7,68203.5,68394.8,535,500
2026-02-17 07:00:00,68393.5,68474.6,68121.5,68381.4,691,500
2026-02-17 08:00:00,68383.8,68473.1,68080.1,68167.3,713,500
2026-02-17 09:00:00,68166.0,68299.5,67948.4,68115.0,651,500
2026-02-17 10:00:00,68111.6,68163.4,67696.8,67838.2,2540,529
2026-02-17 11:00:00,67838.6,67929.0,67678.4,67845.2,842,538
2026-02-17 12:00:00,67783.8,68296.3,67772.8,67915.1,1003,634
2026-02-17 13:00:00,67915.8,68349.5,67684.8,68130.3,1156,503
2026-02-17 14:00:00,68130.9,68335.0,66693.4,66868.4,2034,500
2026-02-17 15:00:00,66803.0,67399.9,66612.5,67388.0,1881,501
2026-02-17 16:00:00,67387.1,68139.0,67273.2,67514.7,2023,503
2026-02-17 17:00:00,67513.7,67708.5,66841.7,67235.2,1886,501
2026-02-17 18:00:00,67238.9,68169.8,67118.8,68084.6,1359,500
2026-02-17 19:00:00,68086.1,68230.9,67711.9,67789.4,1128,500
2026-02-17 20:00:00,67788.0,67920.6,67456.0,67709.7,1114,500
2026-02-17 21:00:00,67729.7,67923.8,67487.4,67668.8,699,503
2026-02-17 22:00:00,67608.8,67780.1,67466.2,67519.7,394,501
2026-02-17 23:00:00,67515.5,67611.9,67343.4,67493.9,640,500
2026-02-18 00:00:00,67498.4,67619.7,67246.0,67292.2,608,500
2026-02-18 01:00:00,67296.1,67369.5,66852.4,67158.3,1024,500
2026-02-18 02:00:00,67155.7,67417.2,67109.4,67325.1,653,500
2026-02-18 03:00:00,67329.0,67695.9,67319.2,67617.0,542,500
2026-02-18 04:00:00,67616.4,67864.3,67471.8,67815.9,633,500
2026-02-18 05:00:00,67816.3,67929.4,67562.0,67637.9,521,506
2026-02-18 06:00:00,67639.0,67966.0,67590.5,67839.6,465,500
2026-02-18 07:00:00,67839.2,68212.1,67660.1,68106.1,698,500
2026-02-18 08:00:00,68106.5,68464.5,68022.6,68123.4,834,500
2026-02-18 09:00:00,68123.6,68274.5,67965.7,68151.0,649,500
2026-02-18 10:00:00,68152.3,68179.8,67690.2,67793.5,821,500
2026-02-18 11:00:00,67793.4,67799.5,67056.3,67364.9,1677,500
2026-02-18 12:00:00,67365.9,67682.9,67302.4,67457.3,1121,500
2026-02-18 13:00:00,67461.3,67590.5,67020.1,67231.0,1593,500
2026-02-18 14:00:00,67194.5,67357.2,66673.3,67216.4,2088,500
2026-02-18 15:00:00,67216.3,68340.4,67150.4,67689.8,3194,501
2026-02-18 16:00:00,67689.1,67701.7,66952.8,67094.4,1953,503
2026-02-18 17:00:00,67134.7,67472.7,67010.1,67179.7,1271,500
2026-02-18 18:00:00,67185.3,67224.5,66184.7,66356.6,1606,500
2026-02-18 19:00:00,66352.4,66612.3,65828.3,66169.7,1698,509
2026-02-18 20:00:00,66170.5,66532.9,66118.4,66263.8,1092,505
2026-02-18 21:00:00,66266.5,66500.4,66056.4,66331.6,786,503
2026-02-18 22:00:00,66269.8,66446.2,66191.7,66353.1,1292,633
2026-02-18 23:00:00,66354.4,66503.3,66221.4,66449.9,1091,633
2026-02-19 00:00:00,66457.8,66590.3,66306.5,66439.3,629,500
2026-02-19 01:00:00,66436.8,66873.2,66435.6,66862.9,803,503
2026-02-19 02:00:00,66865.3,66958.6,66599.2,66792.4,842,500
2026-02-19 03:00:00,66831.0,66989.6,66680.3,66976.2,554,500
2026-02-19 04:00:00,66975.5,67064.1,66720.2,66798.6,794,500
2026-02-19 05:00:00,66801.0,66888.5,66642.2,66871.3,628,500
2026-02-19 06:00:00,66867.6,67285.5,66851.4,67143.3,770,500
2026-02-19 07:00:00,67145.5,67309.9,67018.0,67202.6,642,500
2026-02-19 08:00:00,67200.5,67200.5,66753.6,66959.4,838,501
2026-02-19 09:00:00,66968.3,67185.7,66715.4,66831.3,655,500
2026-02-19 10:00:00,66829.9,66953.8,66693.4,66832.9,939,500
2026-02-19 11:00:00,66831.0,66932.0,66436.7,66449.4,699,500
2026-02-19 12:00:00,66488.5,66676.4,66289.4,66511.2,833,500
2026-02-19 13:00:00,66520.5,66550.7,65735.0,65906.9,1939,500
2026-02-19 14:00:00,65870.1,66646.9,65599.0,66417.3,3021,501
2026-02-19 15:00:00,66412.6,66745.5,65927.9,66392.5,3317,501
2026-02-19 16:00:00,66390.3,66514.2,65854.4,66291.2,2321,500
2026-02-19 17:00:00,66256.5,67044.4,66129.2,66361.8,2470,506
2026-02-19 18:00:00,66360.5,67061.1,66200.0,67029.1,2048,512
2026-02-19 19:00:00,67028.4,67194.3,66655.4,67045.2,2211,500
2026-02-19 20:00:00,67044.5,67161.9,66789.4,67086.9,2411,500
2026-02-19 21:00:00,67101.8,67164.4,66858.4,66919.6,1478,500
2026-02-19 22:00:00,66850.8,66999.6,66628.2,66900.8,755,557
2026-02-19 23:00:00,66906.6,67019.5,66783.7,66990.4,507,500
2026-02-20 00:00:00,66994.7,67465.5,66901.4,67183.9,1014,504
2026-02-20 01:00:00,67221.9,67350.9,67108.8,67270.7,820,500
2026-02-20 02:00:00,67274.5,67337.9,67130.9,67192.6,743,500
2026-02-20 03:00:00,67232.6,67482.3,67194.6,67355.3,608,500
2026-02-20 04:00:00,67355.4,67381.8,67065.5,67252.6,1013,501
2026-02-20 05:00:00,67214.0,68002.3,67159.0,67782.2,1565,500
2026-02-20 06:00:00,67786.8,67888.8,67632.1,67796.3,1776,501
2026-02-20 07:00:00,67796.5,67983.8,67729.1,67780.1,1776,500
2026-02-20 08:00:00,67779.4,67945.5,67715.4,67873.8,1593,500
2026-02-20 09:00:00,67873.0,68223.9,67834.5,68202.7,1922,500
2026-02-20 10:00:00,68202.9,68310.2,67845.9,67939.6,2119,500
2026-02-20 11:00:00,67938.1,67975.8,67239.5,67315.2,1702,500
2026-02-20 12:00:00,67317.6,67573.6,67235.1,67495.3,1460,500
2026-02-20 13:00:00,67535.3,67537.5,66412.4,66804.2,2973,500
2026-02-20 14:00:00,66799.6,67299.4,66633.7,67033.2,4007,502
2026-02-20 15:00:00,67010.8,68042.9,66527.2,67573.5,4835,516
2026-02-20 16:00:00,67577.9,67911.4,67243.8,67788.9,2747,501
2026-02-20 17:00:00,67763.2,67787.5,66919.5,67573.8,4316,503
2026-02-20 18:00:00,67604.1,67996.3,67411.8,67919.4,3858,500
2026-02-20 19:00:00,67891.9,67993.0,67517.4,67602.5,2802,500
2026-02-20 20:00:00,67602.6,67820.6,67502.1,67742.2,2441,500
2026-02-20 21:00:00,67710.6,67831.8,67599.1,67814.8,1609,500
2026-02-20 22:00:00,67733.5,68103.2,67625.1,68065.9,388,539
2026-02-20 23:00:00,68061.9,68219.5,67894.0,68000.5,498,868
2026-02-21 00:00:00,68003.4,68037.7,67772.3,67823.9,416,500
2026-02-21 01:00:00,67827.0,67995.1,67822.4,67938.8,322,500
2026-02-21 02:00:00,67946.3,68088.2,67897.0,67990.7,335,500
2026-02-21 03:00:00,67990.0,67991.6,67527.1,67659.5,493,508
2026-02-21 04:00:00,67658.0,67839.4,67575.1,67807.6,401,500
2026-02-21 05:00:00,67808.3,67882.8,67752.9,67850.5,265,500
2026-02-21 06:00:00,67854.2,67914.6,67696.8,67784.1,154,538
2026-02-21 07:00:00,67779.0,67876.2,67738.3,67848.3,123,1303
2026-02-21 08:00:00,67770.8,68074.7,67770.8,68043.3,252,612
2026-02-21 09:00:00,68043.9,68293.3,67964.6,68135.3,463,500
2026-02-21 10:00:00,68135.2,68235.9,68129.4,68205.9,293,500
2026-02-21 11:00:00,68207.5,68273.2,68068.9,68084.4,387,500
2026-02-21 12:00:00,68085.1,68211.2,67908.4,68198.6,330,500
2026-02-21 13:00:00,68199.4,68256.0,68079.1,68248.6,279,502
2026-02-21 14:00:00,68247.9,68619.0,68170.2,68436.9,513,501
2026-02-21 15:00:00,68438.7,68690.3,68411.4,68604.0,384,503
2026-02-21 16:00:00,68609.0,68624.3,68090.8,68317.6,568,500
2026-02-21 17:00:00,68313.6,68464.1,68189.1,68433.3,401,500
2026-02-21 18:00:00,68429.3,68636.9,68375.6,68567.6,203,500
2026-02-21 19:00:00,68573.4,68654.4,68518.7,68538.4,403,500
2026-02-21 20:00:00,68535.6,68596.3,68191.9,68208.1,392,511
2026-02-21 21:00:00,68206.8,68385.5,68171.7,68378.3,388,500
2026-02-21 22:00:00,68303.8,68420.4,67889.8,67965.0,325,736
2026-02-21 23:00:00,67962.9,68114.1,67934.5,67966.3,516,500
2026-02-22 00:00:00,67971.0,68057.8,67798.4,67936.5,530,500
2026-02-22 01:00:00,67937.5,68167.2,67933.1,68150.1,413,500
2026-02-22 02:00:00,68150.2,68212.7,67864.1,67903.9,452,500
2026-02-22 03:00:00,67901.0,68055.8,67820.3,68036.9,403,501
2026-02-22 04:00:00,68037.0,68079.1,67916.9,67975.5,221,531
2026-02-22 05:00:00,67978.0,68008.3,67856.5,67973.2,285,500
2026-02-22 06:00:00,67973.5,68166.8,67962.2,68033.9,419,504
2026-02-22 07:00:00,68034.9,68093.5,67985.3,68000.1,286,500
2026-02-22 08:00:00,67999.2,68014.2,67884.8,67946.4,289,543
2026-02-22 09:00:00,67945.1,68093.7,67945.0,68049.6,264,500
2026-02-22 10:00:00,68049.0,68145.3,68006.4,68122.2,254,500
2026-02-22 11:00:00,68124.7,68241.4,68116.8,68210.5,254,500
2026-02-22 12:00:00,68210.8,68226.7,67866.4,67923.4,440,500
2026-02-22 13:00:00,67924.4,68035.7,67565.3,67646.9,589,500
2026-02-22 14:00:00,67645.5,67676.2,67345.4,67440.6,538,500
2026-02-22 15:00:00,67440.2,67809.8,67290.2,67681.8,451,500
2026-02-22 16:00:00,67682.7,67714.0,67506.6,67624.0,370,500
2026-02-22 17:00:00,67624.1,67627.2,67148.0,67375.9,558,500
2026-02-22 18:00:00,67372.4,67452.6,67304.7,67410.6,307,500
2026-02-22 19:00:00,67410.4,67477.7,67310.2,67407.7,233,532
2026-02-22 20:00:00,67408.1,67477.0,67333.2,67392.2,401,509
2026-02-22 21:00:00,67393.2,67624.4,67352.8,67566.5,315,515
2026-02-22 22:00:00,67514.3,67738.5,67439.0,67655.2,749,723
2026-02-22 23:00:00,67659.1,67715.7,67422.2,67567.8,1309,500
2026-02-23 00:00:00,67591.9,67676.5,66687.4,66696.1,1825,504
2026-02-23 01:00:00,66731.0,66731.0,64268.6,64388.4,4983,501
2026-02-23 02:00:00,64416.2,64904.5,64302.4,64777.1,3091,501
2026-02-23 03:00:00,64780.9,65031.0,64662.6,64913.4,2130,500
2026-02-23 04:00:00,64928.5,65020.3,64650.0,64806.0,1802,500
2026-02-23 05:00:00,64809.7,65213.3,64777.4,65021.4,1844,500
2026-02-23 06:00:00,65024.7,65798.5,64995.3,65749.3,1969,500
2026-02-23 07:00:00,65744.3,66006.9,65632.3,65950.8,2010,500
2026-02-23 08:00:00,65924.4,65952.8,65555.0,65668.6,1164,500
2026-02-23 09:00:00,65607.8,66443.1,65607.8,66375.4,1587,502
2026-02-23 10:00:00,66377.6,66579.1,66210.9,66314.1,971,500
2026-02-23 11:00:00,66319.4,66482.7,66098.2,66201.4,675,500
2026-02-23 12:00:00,66202.6,66496.3,65878.7,66249.4,795,500
2026-02-23 13:00:00,66276.3,66423.0,66085.2,66126.0,729,500
2026-02-23 14:00:00,66126.9,66259.9,65547.7,65914.1,2342,500
2026-02-23 15:00:00,65856.8,66234.5,65555.7,65648.8,3127,502
2026-02-23 16:00:00,65622.6,65714.7,65150.0,65358.4,2540,500
2026-02-23 17:00:00,65329.7,65442.1,64141.3,64802.9,2010,501
2026-02-23 18:00:00,64793.0,65170.5,64557.1,64624.0,1400,500
2026-02-23 19:00:00,64628.6,64828.7,64077.4,64284.4,1917,500
2026-02-23 20:00:00,64254.9,64476.5,63846.9,64435.8,3802,500
2026-02-23 21:00:00,64437.6,64777.7,64427.6,64536.4,2357,500
2026-02-23 22:00:00,64510.8,65007.4,64510.8,64682.6,1216,506
2026-02-23 23:00:00,64712.3,64892.9,64502.4,64608.8,2036,500
2026-02-24 00:00:00,64609.4,64998.2,64609.4,64929.8,1727,505
2026-02-24 01:00:00,64930.6,64930.6,63392.0,64114.3,3731,501
2026-02-24 02:00:00,64151.7,64495.7,63962.4,64071.8,2824,500
2026-02-24 03:00:00,64070.8,64095.1,63328.6,63585.0,3308,502
2026-02-24 04:00:00,63547.3,63622.6,62834.4,63368.2,3124,513
2026-02-24 05:00:00,63364.9,63539.7,62677.6,63062.0,3094,500
2026-02-24 06:00:00,63061.7,63315.6,62860.2,63042.8,2734,500
2026-02-24 07:00:00,63043.0,63355.7,62887.4,63184.0,2719,500
2026-02-24 08:00:00,63185.0,63424.3,62979.2,63383.3,2670,500
2026-02-24 09:00:00,63356.4,63403.9,62904.2,63210.4,2484,500
2026-02-24 10:00:00,63211.4,63361.2,63080.4,63276.4,1575,502
2026-02-24 11:00:00,63258.5,63312.4,63021.8,63215.9,1185,505
2026-02-24 12:00:00,63217.6,63336.3,62937.9,62961.4,1401,500
2026-02-24 13:00:00,62959.9,63096.1,62522.5,62895.4,2717,500
2026-02-24 14:00:00,62895.2,63826.2,62734.1,63433.6,2997,500
2026-02-24 15:00:00,63434.9,64022.6,63298.6,63967.9,1799,500
2026-02-24 16:00:00,63969.7,64416.6,63679.4,64259.7,1501,500
2026-02-24 17:00:00,64257.9,64503.1,64034.0,64209.6,1010,500
2026-02-24 18:00:00,64191.4,64494.0,63913.1,64417.6,812,500
2026-02-24 19:00:00,64418.4,64730.9,64235.1,64427.3,968,500
2026-02-24 20:00:00,64428.9,64577.7,64298.4,64456.5,747,500
2026-02-24 21:00:00,64446.0,64453.8,63820.3,64032.7,797,500
2026-02-24 22:00:00,64025.6,64220.7,63957.4,64111.8,406,500
2026-02-24 23:00:00,64107.9,64238.7,63836.3,64053.0,670,500
2026-02-25 00:00:00,64054.2,64309.5,63899.3,64211.1,635,500
2026-02-25 01:00:00,64208.1,66287.3,64126.1,65885.9,2393,509
2026-02-25 02:00:00,65881.4,66298.3,65855.0,65873.8,1078,501
2026-02-25 03:00:00,65877.6,65947.1,65336.4,65387.1,1037,500
2026-02-25 04:00:00,65390.5,65645.2,65117.0,65425.0,798,501
2026-02-25 05:00:00,65425.9,65502.6,64739.7,64872.8,997,500
2026-02-25 06:00:00,64873.7,65117.9,64848.2,64886.7,654,500
2026-02-25 07:00:00,64895.0,65183.9,64765.4,65020.1,620,500
2026-02-25 08:00:00,65020.2,65574.7,64933.8,65496.1,1478,500
2026-02-25 09:00:00,65489.4,65678.4,65413.4,65546.4,1040,500
2026-02-25 10:00:00,65547.3,65632.2,65329.9,65387.8,704,500
2026-02-25 11:00:00,65389.5,65470.5,65177.3,65417.1,822,500
2026-02-25 12:00:00,65399.0,66218.1,65288.5,66061.4,1292,500
2026-02-25 13:00:00,66066.3,66657.6,66003.8,66233.9,1144,501
2026-02-25 14:00:00,66235.6,66996.9,66175.3,66963.4,2145,500
2026-02-25 15:00:00,66949.8,67565.6,66708.8,67395.4,2592,503
2026-02-25 16:00:00,67389.0,68320.8,67364.9,68305.2,2472,502
2026-02-25 17:00:00,68303.7,68882.8,68025.5,68672.0,3540,500
2026-02-25 18:00:00,68669.4,69546.8,68376.5,69332.6,3553,500
2026-02-25 19:00:00,69340.9,69413.0,68777.4,69031.3,3327,500
2026-02-25 20:00:00,69034.4,69374.8,68624.5,69148.9,3211,500
2026-02-25 21:00:00,69155.2,69991.3,68747.0,68924.2,4245,500
2026-02-25 22:00:00,68924.2,69192.4,68053.9,68443.6,2846,500
2026-02-25 23:00:00,68439.9,68696.3,67599.8,67982.7,2454,500
2026-02-26 00:00:00,67980.1,68534.9,67721.4,68334.3,1929,500
2026-02-26 01:00:00,68327.4,68692.9,68188.4,68247.0,1624,500
2026-02-26 02:00:00,68246.5,68330.4,67799.4,68246.0,1910,500
2026-02-26 03:00:00,68246.5,68375.2,68035.4,68209.8,1014,500
2026-02-26 04:00:00,68209.7,68841.6,68168.4,68561.8,1270,500
2026-02-26 05:00:00,68563.1,68564.2,68118.9,68435.8,1515,501
2026-02-26 06:00:00,68437.9,68519.0,68059.9,68172.2,1036,500
2026-02-26 07:00:00,68166.4,68285.1,67809.9,67823.6,918,500
2026-02-26 08:00:00,67824.8,68234.9,67790.4,67938.4,1366,500
2026-02-26 09:00:00,67952.5,68630.4,67924.4,68577.1,921,500
2026-02-26 10:00:00,68565.0,68708.7,68213.1,68296.0,793,500
2026-02-26 11:00:00,68295.1,68391.2,67968.4,68037.2,760,500
2026-02-26 12:00:00,68024.2,68291.5,67999.1,68164.1,1070,501
2026-02-26 13:00:00,68159.7,68207.9,67835.4,67894.1,1154,500
2026-02-26 14:00:00,67889.4,68245.5,67261.4,67692.4,3463,507
2026-02-26 15:00:00,67686.4,67738.8,66753.6,67378.4,2597,500
2026-02-26 16:00:00,67379.9,67537.4,66469.4,66633.0,2671,500
2026-02-26 17:00:00,66627.7,67039.4,66586.2,66818.4,1346,500
2026-02-26 18:00:00,66814.4,67362.3,66563.2,67298.9,1260,500
2026-02-26 19:00:00,67289.1,67881.4,67267.4,67578.7,1140,500
2026-02-26 20:00:00,67581.1,67818.4,67276.2,67411.9,804,500
2026-02-26 21:00:00,67413.0,67578.9,67137.4,67456.2,616,500
2026-02-26 22:00:00,67445.0,67623.5,67302.6,67568.4,355,544
2026-02-26 23:00:00,67559.6,67649.4,67381.5,67480.1,530,500
2026-02-27 00:00:00,67479.7,67533.7,66991.8,67221.6,681,500
2026-02-27 01:00:00,67233.2,67376.7,66872.8,67350.2,940,500
2026-02-27 02:00:00,67349.3,67532.9,67249.7,67249.7,667,500
2026-02-27 03:00:00,67262.7,67700.6,67095.3,67596.4,643,500
2026-02-27 04:00:00,67601.6,68206.9,67558.8,67728.1,942,500
2026-02-27 05:00:00,67727.3,67910.8,67660.2,67704.1,509,500
2026-02-27 06:00:00,67718.7,67812.3,67519.2,67652.4,448,500
2026-02-27 07:00:00,67644.7,67753.9,67439.0,67676.9,530,500
2026-02-27 08:00:00,67675.9,68059.1,67648.2,67929.7,834,500
2026-02-27 09:00:00,67929.1,68139.2,67283.2,67348.6,1226,500
2026-02-27 10:00:00,67345.1,67410.3,66564.2,66603.9,1491,500
2026-02-27 11:00:00,66606.5,66776.4,65923.6,66118.7,1626,500
2026-02-27 12:00:00,66113.8,66195.1,65727.9,65919.3,1271,505
2026-02-27 13:00:00,65920.5,66340.1,65645.0,66272.1,1562,501
2026-02-27 14:00:00,66267.8,66324.4,65681.4,65893.4,2007,500
2026-02-27 15:00:00,65883.2,66303.0,65818.4,66090.9,1775,504
2026-02-27 16:00:00,66086.4,66116.1,65442.5,65470.2,1424,500
2026-02-27 17:00:00,65468.9,65739.1,65099.8,65696.9,1523,500
2026-02-27 18:00:00,65697.0,65772.2,65193.7,65301.1,1142,500
2026-02-27 19:00:00,65244.8,65449.7,65155.6,65379.9,951,503
2026-02-27 20:00:00,65383.4,65655.7,65366.2,65580.3,938,500
2026-02-27 21:00:00,65587.3,65733.8,65382.9,65521.3,826,500
2026-02-27 22:00:00,65464.4,65660.4,64916.9,65626.4,700,702
2026-02-27 23:00:00,65618.4,65940.2,65507.6,65857.9,492,951
2026-02-28 00:00:00,65858.6,65999.8,65712.7,65929.2,391,500
2026-02-28 01:00:00,65926.5,65961.9,65729.6,65770.5,376,500
2026-02-28 02:00:00,65767.3,66008.6,65748.4,65949.9,260,500
2026-02-28 03:00:00,65953.8,65970.9,65735.9,65783.7,296,500
2026-02-28 04:00:00,65783.6,65811.2,65432.2,65653.1,388,500
2026-02-28 05:00:00,65659.0,65718.9,65490.9,65581.4,384,500
2026-02-28 06:00:00,65580.9,65583.0,63013.7,63206.6,2030,500
2026-02-28 07:00:00,63201.9,64317.7,63023.6,63819.7,1594,500
2026-02-28 08:00:00,63815.4,63871.4,63402.6,63465.2,1141,538
2026-02-28 09:00:00,63456.3,63934.6,63360.9,63646.1,967,500
2026-02-28 10:00:00,63641.9,64039.0,63462.8,64000.7,891,500
2026-02-28 11:00:00,63999.2,64300.0,63783.6,63834.9,815,500
2026-02-28 12:00:00,63840.3,64080.0,63824.2,64021.6,621,500
2026-02-28 13:00:00,64020.3,65208.5,63900.8,65103.1,1110,501
2026-02-28 14:00:00,65101.6,65351.3,64281.4,64429.7,1730,500
2026-02-28 15:00:00,64433.8,65010.9,64204.4,64835.1,1130,500
2026-02-28 16:00:00,64836.1,65203.3,64680.0,65088.1,806,500
2026-02-28 17:00:00,65091.4,65541.8,64826.6,65434.7,672,500
2026-02-28 18:00:00,65432.2,66161.5,65184.6,65907.3,1085,500
2026-02-28 19:00:00,65900.0,66642.4,65598.3,66351.4,1402,500
2026-02-28 20:00:00,66351.5,67146.2,66190.9,66957.9,1468,503
2026-02-28 21:00:00,66961.9,67016.2,66367.3,66717.9,1225,500
2026-02-28 22:00:00,66651.8,67752.4,66609.9,67107.6,1354,657
2026-02-28 23:00:00,67107.3,67210.3,66740.8,66968.2,833,502
2026-03-01 00:00:00,66964.9,67111.8,66619.7,66789.6,765,500
2026-03-01 01:00:00,66794.0,67698.7,66069.1,67341.4,1410,505
2026-03-01 02:00:00,67343.5,68191.8,67336.9,67614.4,1521,547
2026-03-01 03:00:00,67611.4,67810.4,67382.8,67502.0,765,517
2026-03-01 04:00:00,67507.0,67605.5,67078.5,67341.2,641,501
2026-03-01 05:00:00,67342.6,67566.4,67163.8,67292.4,457,502
2026-03-01 06:00:00,67296.7,67346.5,66752.8,66920.9,588,529
2026-03-01 07:00:00,66924.8,67231.1,66788.5,67137.9,481,501
2026-03-01 08:00:00,67141.8,67286.5,66444.8,66562.9,662,511
2026-03-01 09:00:00,66558.3,66765.8,66235.8,66406.9,744,507
2026-03-01 10:00:00,66397.0,66727.6,66226.9,66461.1,579,504
2026-03-01 11:00:00,66461.8,66653.8,66368.4,66461.7,355,505
2026-03-01 12:00:00,66459.9,66546.2,66190.8,66293.2,447,544
2026-03-01 13:00:00,66297.7,67334.0,66108.8,66934.3,981,504
2026-03-01 14:00:00,66938.4,67303.1,66744.8,66865.6,1090,504
2026-03-01 15:00:00,66852.4,67243.4,66795.8,66843.6,666,524
2026-03-01 16:00:00,66847.9,67109.4,65777.8,66138.8,1094,502
2026-03-01 17:00:00,66129.4,66219.6,65675.8,65979.9,1115,526
2026-03-01 18:00:00,65985.8,66649.4,65983.1,66314.3,745,501
2026-03-01 19:00:00,66318.6,66345.4,65775.3,65959.0,550,503
2026-03-01 20:00:00,65951.6,65962.0,65074.8,65289.6,942,574
2026-03-01 21:00:00,65291.7,65749.5,65245.8,65667.7,666,538
2026-03-01 22:00:00,65599.8,66445.0,65030.8,65248.9,1643,640
2026-03-01 23:00:00,65243.2,66074.4,65106.9,65755.5,1641,501
2026-03-02 00:00:00,65759.0,66782.0,65744.8,66508.2,1519,500
2026-03-02 01:00:00,66509.3,67054.8,66358.8,66530.5,1778,500
2026-03-02 02:00:00,66512.6,66596.9,65883.5,66273.4,1268,501
2026-03-02 03:00:00,66263.5,67031.2,66072.7,66814.4,1316,500
2026-03-02 04:00:00,66800.3,66969.3,66618.5,66840.1,988,500
2026-03-02 05:00:00,66840.2,66988.0,66543.7,66728.4,1036,500
2026-03-02 06:00:00,66707.4,66731.9,66048.4,66205.9,1125,500
2026-03-02 07:00:00,66201.8,66208.6,65522.6,66001.5,1201,506
2026-03-02 08:00:00,66006.4,66297.0,65618.1,66257.0,1412,501
2026-03-02 09:00:00,66261.7,66707.6,66158.0,66163.2,1419,500
2026-03-02 10:00:00,66159.8,66379.7,66038.8,66302.0,898,500
2026-03-02 11:00:00,66291.4,66452.2,66001.1,66354.0,1112,500
2026-03-02 12:00:00,66353.3,66384.3,65863.8,65952.2,847,500
2026-03-02 13:00:00,65935.4,66122.7,65324.3,65430.3,2063,500
2026-03-02 14:00:00,65430.0,67209.9,65242.4,67168.4,3665,503
2026-03-02 15:00:00,67100.8,69604.5,66975.4,69122.6,3713,502
2026-03-02 16:00:00,69106.1,70094.2,68911.0,69438.3,3662,500
2026-03-02 17:00:00,69431.4,69585.9,68789.4,69196.5,2173,500
2026-03-02 18:00:00,69192.4,69276.5,68736.4,68874.5,1677,500
2026-03-02 19:00:00,68878.9,69047.4,68571.9,68963.3,1771,500
2026-03-02 20:00:00,68960.6,69500.9,68588.2,69110.2,1955,500
2026-03-02 21:00:00,69115.4,69530.6,68995.3,69414.7,1439,500
2026-03-02 22:00:00,69396.4,69506.2,69133.2,69434.6,1061,500
2026-03-02 23:00:00,69436.8,69488.4,68735.1,68801.8,1260,500
2026-03-03 00:00:00,68825.0,69155.4,68621.8,69085.0,1044,500
2026-03-03 01:00:00,69082.6,69238.5,68730.8,68730.8,1291,500
2026-03-03 02:00:00,68746.0,68753.9,68218.2,68501.9,1640,502
2026-03-03 03:00:00,68499.8,68532.1,68175.8,68362.1,1115,500
2026-03-03 04:00:00,68358.4,68443.8,68029.7,68111.8,950,500
2026-03-03 05:00:00,68108.5,68543.5,67831.8,67933.9,1377,500
2026-03-03 06:00:00,67923.3,68187.1,67780.4,68096.8,1057,508
2026-03-03 07:00:00,68068.4,68251.3,67935.5,68161.3,1127,514
2026-03-03 08:00:00,68160.4,68291.7,66884.9,66972.7,1501,501
2026-03-03 09:00:00,66990.4,67171.7,66325.7,66639.2,1778,502
2026-03-03 10:00:00,66578.8,66989.3,66424.9,66825.3,1728,506
2026-03-03 11:00:00,66825.4,67158.4,66729.8,67011.2,2354,506
2026-03-03 12:00:00,67010.2,67927.3,66986.8,67357.3,2188,501
2026-03-03 13:00:00,67357.5,67421.2,66619.4,66923.5,2213,503
2026-03-03 14:00:00,66921.0,67550.5,66139.5,66549.5,3691,501
2026-03-03 15:00:00,66501.8,67818.6,66443.8,67709.0,4351,529
2026-03-03 16:00:00,67713.4,68985.2,67467.8,68166.9,4066,515
2026-03-03 17:00:00,68173.1,68395.8,67597.9,68307.6,2159,504
2026-03-03 18:00:00,68307.3,68889.2,67973.9,68622.4,1768,500
2026-03-03 19:00:00,68613.4,68873.9,68305.8,68430.3,1829,500
2026-03-03 20:00:00,68421.0,68586.6,68078.4,68262.2,1379,500
2026-03-03 21:00:00,68226.6,68257.9,67807.7,68017.7,947,500
2026-03-03 22:00:00,68010.6,68520.2,68008.4,68311.4,720,500
2026-03-03 23:00:00,68315.0,68848.0,68237.6,68332.0,809,500
2026-03-04 00:00:00,68330.9,68405.7,67846.2,68091.7,985,500
2026-03-04 01:00:00,68093.0,68899.1,67955.1,68403.0,1330,501
2026-03-04 02:00:00,68404.2,68437.0,67971.5,68314.6,1214,500
2026-03-04 03:00:00,68312.8,68376.4,67388.3,67722.3,1442,500
2026-03-04 04:00:00,67721.4,67948.9,67457.6,67780.3,1177,500
2026-03-04 05:00:00,67771.6,68367.8,67659.3,68196.8,1321,500
2026-03-04 06:00:00,68170.4,68670.3,68022.7,68497.9,1318,503
2026-03-04 07:00:00,68483.0,69605.3,68328.5,69487.2,1269,501
2026-03-04 08:00:00,69488.9,71155.0,69122.9,71000.0,1923,500
2026-03-04 09:00:00,71003.7,71887.4,70706.1,71500.5,1998,500
2026-03-04 10:00:00,71515.0,71865.5,71185.6,71323.1,1399,504
2026-03-04 11:00:00,71304.9,71494.5,70926.3,71109.9,1345,500
2026-03-04 12:00:00,71075.2,71350.6,70578.8,71336.6,1254,503
2026-03-04 13:00:00,71320.6,71609.2,71200.5,71476.4,1347,500
2026-03-04 14:00:00,71457.5,72619.1,71298.7,71633.6,2794,500
2026-03-04 15:00:00,71618.3,73492.4,71554.8,73408.8,2852,505
2026-03-04 16:00:00,73399.6,73526.9,72551.3,73314.4,2513,500
2026-03-04 17:00:00,73328.3,73784.2,72968.9,73243.7,3561,500
2026-03-04 18:00:00,73243.8,73736.9,72936.1,73719.3,2218,500
2026-03-04 19:00:00,73719.8,74061.1,73534.1,73630.6,2268,500
2026-03-04 20:00:00,73634.6,73748.5,73068.7,73068.7,2289,500
2026-03-04 21:00:00,73067.3,73353.4,72899.3,73331.0,2397,500
2026-03-04 22:00:00,73341.4,73557.9,72632.3,72712.9,1141,500
2026-03-04 23:00:00,72713.3,72859.7,72300.7,72679.0,1188,500
2026-03-05 00:00:00,72670.4,73013.8,72554.5,72780.0,1223,500
2026-03-05 01:00:00,72782.0,73303.7,72388.3,72551.7,1504,500
2026-03-05 02:00:00,72543.7,72893.9,72349.3,72512.2,1632,500
2026-03-05 03:00:00,72516.8,72759.1,72350.5,72509.9,1038,500
2026-03-05 04:00:00,72509.6,73086.0,72449.7,72826.6,934,500
2026-03-05 05:00:00,72810.3,72918.9,72260.5,72419.9,1133,500
2026-03-05 06:00:00,72413.2,72666.6,72032.6,72556.1,1553,500
2026-03-05 07:00:00,72539.4,72671.6,71780.2,72066.0,978,500
2026-03-05 08:00:00,72057.1,72368.3,71769.9,72343.2,1689,500
2026-03-05 09:00:00,72345.4,72876.7,72306.6,72611.0,1879,509
2026-03-05 10:00:00,72612.9,73566.4,72496.0,73405.9,1634,501
2026-03-05 11:00:00,73389.6,73461.4,72792.2,72918.3,1552,502
2026-03-05 12:00:00,72908.5,73079.7,72671.9,72899.9,1742,500
2026-03-05 13:00:00,72908.9,72955.0,72204.3,72463.5,1943,500
2026-03-05 14:00:00,72487.9,72843.1,71973.7,72615.9,2460,500
2026-03-05 15:00:00,72600.6,72781.1,71160.7,71658.4,3167,500
2026-03-05 16:00:00,71653.3,71653.5,70798.2,71312.1,2075,500
2026-03-05 17:00:00,71308.2,71579.3,70626.3,70697.2,2159,503
2026-03-05 18:00:00,70701.4,71079.5,70647.3,70989.7,1531,500
2026-03-05 19:00:00,70991.9,71422.2,70847.1,70910.3,1112,500
2026-03-05 20:00:00,70922.3,71374.6,70801.8,71219.3,1185,501
2026-03-05 21:00:00,71217.5,71567.2,71009.7,71136.4,752,504
2026-03-05 22:00:00,71124.1,71358.8,71068.1,71206.2,620,500
2026-03-05 23:00:00,71212.9,71297.6,70776.2,70877.7,959,500
2026-03-06 00:00:00,70871.0,71051.5,70776.5,70979.1,689,500
2026-03-06 01:00:00,70971.0,71288.7,70385.8,71250.5,1128,500
2026-03-06 02:00:00,71259.9,71403.7,71020.7,71238.6,935,500
2026-03-06 03:00:00,71237.4,71287.3,70981.0,71076.6,669,500
2026-03-06 04:00:00,71075.9,71115.0,70283.0,70615.4,879,500
2026-03-06 05:00:00,70614.0,70650.8,70119.2,70418.5,1019,500
2026-03-06 06:00:00,70419.7,70843.9,70255.2,70593.1,626,500
2026-03-06 07:00:00,70581.8,71171.0,70460.1,71054.4,783,500
2026-03-06 08:00:00,71041.1,71065.9,70733.8,70760.3,881,500
2026-03-06 09:00:00,70771.2,70811.0,70276.5,70559.2,1494,500
2026-03-06 10:00:00,70559.9,70789.9,70454.6,70527.5,723,511
2026-03-06 11:00:00,70517.2,70631.9,70181.2,70209.8,772,518
2026-03-06 12:00:00,70204.0,70230.4,69639.6,69931.4,1346,500
2026-03-06 13:00:00,69917.4,70326.5,69219.5,69219.5,1718,500
2026-03-06 14:00:00,69209.8,69268.8,68159.9,68410.5,2850,503
2026-03-06 15:00:00,68385.4,69100.0,68284.8,68493.4,2000,502
2026-03-06 16:00:00,68484.2,68789.6,68180.7,68439.0,2369,500
2026-03-06 17:00:00,68439.4,68639.0,67727.2,67949.0,1908,500
2026-03-06 18:00:00,67941.3,68468.0,67934.9,68169.5,1250,500
2026-03-06 19:00:00,68172.0,68462.4,67989.0,68099.0,980,501
2026-03-06 20:00:00,68112.7,68271.4,67746.8,68095.4,1042,500
2026-03-06 21:00:00,68080.1,68322.7,67916.2,68279.9,670,500
2026-03-06 22:00:00,68219.7,68428.6,68207.0,68313.1,332,658
2026-03-06 23:00:00,68323.4,68359.8,68087.4,68102.4,309,967
2026-03-07 00:00:00,68101.5,68373.9,68100.5,68273.3,306,500
2026-03-07 01:00:00,68269.8,68350.8,68165.7,68245.6,259,500
2026-03-07 02:00:00,68250.3,68359.1,68048.3,68335.4,254,502
2026-03-07 03:00:00,68344.2,68533.9,68077.2,68093.0,291,502
2026-03-07 04:00:00,68091.5,68137.3,67807.1,68049.2,335,500
2026-03-07 05:00:00,68048.4,68127.2,67894.1,68006.4,260,503
2026-03-07 06:00:00,68007.5,68015.5,67612.2,67680.8,338,503
2026-03-07 07:00:00,67686.7,67853.1,67435.9,67835.4,506,500
2026-03-07 08:00:00,67835.8,68029.7,67709.9,67792.6,390,500
2026-03-07 09:00:00,67790.8,68063.6,67727.1,67994.4,339,500
2026-03-07 10:00:00,67996.0,68094.2,67863.2,67877.7,283,500
2026-03-07 11:00:00,67869.6,68228.8,67836.0,68001.8,383,500
2026-03-07 12:00:00,68001.3,68077.9,67885.5,67984.1,260,500
2026-03-07 13:00:00,67988.0,68075.9,67846.4,67921.4,324,527
2026-03-07 14:00:00,67917.6,68083.1,67606.2,68011.9,528,500
2026-03-07 15:00:00,68011.6,68030.5,67764.2,67870.8,430,500
2026-03-07 16:00:00,67867.6,67885.4,67698.4,67782.9,353,500
2026-03-07 17:00:00,67778.1,67935.3,67759.7,67779.4,233,500
2026-03-07 18:00:00,67780.0,67780.0,67477.5,67560.2,507,500
2026-03-07 19:00:00,67560.3,67565.1,67163.1,67202.4,385,500
2026-03-07 20:00:00,67141.4,67426.0,67068.2,67386.7,406,591
2026-03-07 21:00:00,67386.8,67471.8,67270.3,67444.3,339,500
2026-03-07 22:00:00,67386.6,67464.3,67088.1,67253.2,385,796
2026-03-07 23:00:00,67252.2,67398.3,67178.0,67255.6,279,500
2026-03-08 00:00:00,67256.5,67477.1,67170.0,67184.4,352,500
2026-03-08 01:00:00,67189.3,67348.9,67083.0,67291.0,387,544
2026-03-08 02:00:00,67285.7,67419.0,66812.2,66915.7,547,500
2026-03-08 03:00:00,66920.1,67082.5,66841.8,66997.9,444,500
2026-03-08 04:00:00,66996.1,67084.0,66540.3,66630.0,479,500
2026-03-08 05:00:00,66629.5,67238.7,66611.4,67140.4,547,500
2026-03-08 06:00:00,67144.5,67222.7,67031.9,67156.9,374,500
2026-03-08 07:00:00,67154.2,67446.7,67143.8,67309.8,395,500
2026-03-08 08:00:00,67308.3,67564.6,67141.5,67525.9,368,500
2026-03-08 09:00:00,67525.5,67891.2,67462.7,67685.9,565,500
2026-03-08 10:00:00,67683.3,68187.9,67681.0,67890.4,578,500
2026-03-08 11:00:00,67886.1,67886.1,67392.9,67509.1,837,500
2026-03-08 12:00:00,67504.6,67644.9,66873.8,67310.5,861,500
2026-03-08 13:00:00,67309.8,67421.4,66822.5,67226.1,823,501
2026-03-08 14:00:00,67227.9,67412.9,67044.7,67330.6,602,500
2026-03-08 15:00:00,67330.8,67358.7,67063.4,67203.9,521,500
2026-03-08 16:00:00,67200.9,67252.4,66795.5,66861.1,567,500
2026-03-08 17:00:00,66867.9,67170.4,66789.7,67044.2,546,501
2026-03-08 18:00:00,67045.7,67067.8,66720.2,66801.3,457,500
2026-03-08 19:00:00,66800.9,67454.5,66770.4,67322.5,630,500
2026-03-08 20:00:00,67321.7,67505.2,67016.1,67215.0,627,500
2026-03-08 21:00:00,67219.6,67252.7,66709.7,67003.1,588,500
2026-03-08 22:00:00,66935.8,66949.5,65602.1,66230.9,2093,619
2026-03-08 23:00:00,66246.4,66563.4,65910.5,65953.3,1271,500
2026-03-09 00:00:00,65954.6,66754.5,65816.7,66357.4,1677,500
2026-03-09 01:00:00,66356.7,66687.9,66114.6,66189.4,1551,501
2026-03-09 02:00:00,66185.4,66701.5,65925.6,66528.1,1441,500
2026-03-09 03:00:00,66527.4,67657.0,66501.5,67194.6,1800,500
2026-03-09 04:00:00,67195.6,67603.9,67093.5,67129.6,1065,500
2026-03-09 05:00:00,67127.6,68046.6,67101.2,67897.5,1387,500
2026-03-09 06:00:00,67838.8,67925.7,67218.1,67255.1,1246,503
2026-03-09 07:00:00,67206.8,67550.6,66850.2,67535.5,1390,507
2026-03-09 08:00:00,67528.7,67910.4,67371.3,67799.7,1663,501
2026-03-09 09:00:00,67747.8,68434.0,67545.8,67968.7,1556,509
2026-03-09 10:00:00,67970.9,68059.5,67531.1,67597.1,1478,501
2026-03-09 11:00:00,67585.1,67846.3,67310.8,67750.8,1113,502
2026-03-09 12:00:00,67736.4,68334.5,67736.4,68142.0,1248,500
2026-03-09 13:00:00,68084.8,69285.1,68081.8,68974.8,2423,510
2026-03-09 14:00:00,68976.4,69483.8,68682.8,69160.4,4146,503
2026-03-09 15:00:00,69153.0,69269.4,68739.1,68868.4,3030,500
2026-03-09 16:00:00,68872.0,69237.2,68624.5,68959.2,3431,500
2026-03-09 17:00:00,68958.8,69086.1,68258.2,68598.9,2175,500
2026-03-09 18:00:00,68597.6,68704.2,68230.5,68354.7,2110,500
2026-03-09 19:00:00,68355.0,69510.4,68355.0,68999.4,3703,501
2026-03-09 20:00:00,68994.1,69154.7,68754.4,68958.6,2754,500
2026-03-09 21:00:00,68953.5,69105.4,68657.4,68878.7,1590,500
2026-03-09 22:00:00,68906.3,69024.4,68582.7,68633.5,1094,500
2026-03-09 23:00:00,68632.9,68694.6,68354.6,68423.2,899,500
2026-03-10 00:00:00,68410.4,69286.3,68383.8,69153.7,1164,500
2026-03-10 01:00:00,69150.9,69379.2,68784.0,69255.6,1038,500
2026-03-10 02:00:00,69238.9,70568.3,69095.4,70267.3,1595,500
2026-03-10 03:00:00,70253.5,70360.5,69378.0,69422.0,1410,500
2026-03-10 04:00:00,69422.4,70115.7,69417.5,70064.2,1214,500
2026-03-10 05:00:00,70067.4,70354.8,69867.7,69967.1,1041,500
2026-03-10 06:00:00,69968.8,70179.8,69749.1,69908.6,1084,500
2026-03-10 07:00:00,69909.3,70514.8,69817.5,70403.3,1139,501
2026-03-10 08:00:00,70404.9,71065.4,70364.4,70684.2,1837,500
2026-03-10 09:00:00,70675.5,71283.7,70645.3,71061.1,1438,500
2026-03-10 10:00:00,71059.8,71073.9,70666.3,70768.9,1293,501
2026-03-10 11:00:00,70760.3,70866.9,70518.1,70596.6,1097,500
2026-03-10 12:00:00,70589.7,70632.9,70293.9,70518.5,1651,500
2026-03-10 13:00:00,70531.8,70916.4,69711.8,69914.4,2964,500
2026-03-10 14:00:00,69922.4,71524.3,69249.1,71452.1,3270,500
2026-03-10 15:00:00,71441.5,71771.9,70890.0,71344.2,3774,500
2026-03-10 16:00:00,71344.1,71705.2,70943.6,71267.3,3488,500
2026-03-10 17:00:00,71267.7,71458.3,70515.0,70869.0,2781,500
2026-03-10 18:00:00,70869.1,70916.9,69890.4,70008.9,4274,502
2026-03-10 19:00:00,70009.0,70284.5,69723.7,70041.3,2076,500
2026-03-10 20:00:00,70012.2,70342.0,69998.3,70233.8,919,500
2026-03-10 21:00:00,70234.3,70414.1,69539.9,69758.5,835,500
2026-03-10 22:00:00,69755.8,69866.4,69446.4,69705.5,773,500
2026-03-10 23:00:00,69705.3,69971.3,69664.5,69947.2,853,500
2026-03-11 00:00:00,69947.4,70156.3,69749.8,70037.8,1016,503
2026-03-11 01:00:00,70031.3,70140.6,69873.8,70067.2,965,500
2026-03-11 02:00:00,70076.6,70116.5,69613.9,69815.4,858,500
2026-03-11 03:00:00,69808.4,69890.7,69472.6,69546.4,713,500
2026-03-11 04:00:00,69549.3,70261.9,69474.1,70124.4,812,500
2026-03-11 05:00:00,70126.5,70191.7,69395.6,69501.3,776,500
2026-03-11 06:00:00,69499.4,69989.4,69495.2,69940.2,675,500
2026-03-11 07:00:00,69939.9,70017.5,69495.0,69649.3,695,500
2026-03-11 08:00:00,69645.7,69764.9,69461.8,69650.4,845,500
2026-03-11 09:00:00,69639.4,69739.3,69376.6,69460.4,693,500
2026-03-11 10:00:00,69461.6,69713.1,69374.4,69601.2,668,500
2026-03-11 11:00:00,69590.8,69674.8,69148.8,69169.4,1064,500
2026-03-11 12:00:00,69162.0,69755.3,68970.2,69355.7,1295,500
2026-03-11 13:00:00,69337.5,71085.4,69322.9,70180.9,2461,500
2026-03-11 14:00:00,70174.3,70973.2,69948.8,70577.5,2959,509
2026-03-11 15:00:00,70580.3,70655.5,69700.6,70235.9,2657,500
2026-03-11 16:00:00,70224.7,70833.5,70146.5,70577.4,1765,500
2026-03-11 17:00:00,70575.9,71322.5,70496.4,70785.9,2453,500
2026-03-11 18:00:00,70796.4,70900.9,70402.8,70624.7,2331,500
2026-03-11 19:00:00,70621.5,70750.5,70376.4,70650.8,1409,500
2026-03-11 20:00:00,70649.8,70693.6,70368.8,70634.5,1095,500
2026-03-11 21:00:00,70624.0,70786.6,70473.2,70743.2,636,500
2026-03-11 22:00:00,70741.4,70947.2,70213.6,70369.0,1151,500
2026-03-11 23:00:00,70365.5,70509.3,70119.0,70189.9,1033,501
2026-03-12 00:00:00,70180.5,70350.7,70122.9,70212.6,750,500
2026-03-12 01:00:00,70212.6,70222.3,69745.5,69823.7,896,500
2026-03-12 02:00:00,69837.3,69883.0,69203.1,69280.7,1064,500
2026-03-12 03:00:00,69282.0,69615.2,69222.0,69436.6,848,500
2026-03-12 04:00:00,69435.7,69663.3,69282.8,69362.3,747,500
2026-03-12 05:00:00,69361.1,69534.8,69204.6,69466.5,685,500
2026-03-12 06:00:00,69459.4,69547.1,69346.7,69489.5,556,500
2026-03-12 07:00:00,69475.2,69846.0,69402.2,69819.9,586,500
2026-03-12 08:00:00,69818.9,70109.4,69659.8,69906.0,1122,500
2026-03-12 09:00:00,69895.3,70388.9,69572.0,69950.2,826,504
2026-03-12 10:00:00,69954.4,70511.5,69846.5,70411.5,909,500
2026-03-12 11:00:00,70402.4,70796.2,70353.7,70425.2,1083,500
2026-03-12 12:00:00,70424.3,70618.9,70279.1,70377.9,1086,500
2026-03-12 13:00:00,70382.3,70529.8,69691.8,69978.3,1925,500
2026-03-12 14:00:00,69978.4,70662.5,69350.6,69591.5,3412,500
2026-03-12 15:00:00,69592.4,70553.4,69439.4,70342.5,2230,500
2026-03-12 16:00:00,70335.1,70559.1,69905.0,70377.2,1872,500
2026-03-12 17:00:00,70386.4,70557.7,70069.4,70219.7,1453,500
2026-03-12 18:00:00,70209.9,70297.5,69775.3,69823.1,1343,500
2026-03-12 19:00:00,69785.5,70557.2,69765.7,70439.9,1156,500
2026-03-12 20:00:00,70444.0,70558.8,70113.4,70169.2,678,500
2026-03-12 21:00:00,70173.0,70480.4,70160.7,70276.8,487,500
2026-03-12 22:00:00,70240.8,70309.0,69978.6,70174.2,601,504
2026-03-12 23:00:00,70169.0,70733.4,70151.6,70521.0,901,501
2026-03-13 00:00:00,70517.4,72004.0,70384.7,71478.0,2120,502
2026-03-13 01:00:00,71475.9,71747.4,71273.9,71661.4,1157,500
2026-03-13 02:00:00,71661.3,71691.2,71040.9,71140.7,866,505
2026-03-13 03:00:00,71131.4,71504.2,70944.4,71402.7,720,500
2026-03-13 04:00:00,71406.7,71489.3,71229.9,71383.7,529,500
2026-03-13 05:00:00,71379.7,71631.2,71227.1,71547.2,632,500
2026-03-13 06:00:00,71546.7,71590.0,71168.7,71344.1,681,500
2026-03-13 07:00:00,71320.3,71675.1,71228.5,71620.5,757,506
2026-03-13 08:00:00,71613.2,72138.7,71375.9,71825.0,1129,500
2026-03-13 09:00:00,71819.7,72099.4,71586.2,72009.9,894,500
2026-03-13 10:00:00,72011.5,72584.3,71997.4,72465.1,1182,500
2026-03-13 11:00:00,72463.4,72536.4,72211.4,72233.4,961,500
2026-03-13 12:00:00,72218.4,72889.9,72208.5,72780.4,1353,500
2026-03-13 13:00:00,72770.1,73591.8,72685.9,73391.8,1959,500
2026-03-13 14:00:00,73393.2,73929.2,72368.9,72388.5,3010,500
2026-03-13 15:00:00,72390.1,72828.3,71740.5,71839.6,2355,500
2026-03-13 16:00:00,71837.2,72101.9,71159.3,71892.3,2013,500
2026-03-13 17:00:00,71880.2,72256.1,70867.8,71033.4,1775,500
2026-03-13 18:00:00,71037.9,71349.9,70813.8,71048.3,1588,500
2026-03-13 19:00:00,71043.5,71299.7,70999.0,71179.3,1351,500
2026-03-13 20:00:00,71186.0,71468.0,71146.0,71349.2,514,500
2026-03-13 21:00:00,71353.3,71490.8,71057.0,71101.0,411,500
2026-03-13 22:00:00,71045.6,71184.9,70557.2,70816.4,644,962
2026-03-13 23:00:00,70818.4,71007.3,70704.4,70933.2,405,500
2026-03-14 00:00:00,70926.5,70951.8,70556.2,70639.9,421,500
2026-03-14 01:00:00,70636.7,70908.3,70486.1,70829.1,324,500
2026-03-14 02:00:00,70820.1,70906.2,70740.0,70784.6,263,500
2026-03-14 03:00:00,70787.8,71168.9,70787.8,71079.6,358,500
2026-03-14 04:00:00,71084.2,71305.0,71022.6,71036.7,305,500
2026-03-14 05:00:00,71036.8,71152.4,70913.8,71017.7,248,500
2026-03-14 06:00:00,71016.7,71016.7,70322.0,70632.4,452,500
2026-03-14 07:00:00,70635.1,70703.2,70476.2,70606.1,371,1291
2026-03-14 08:00:00,70605.8,70715.3,70538.2,70589.9,252,503
2026-03-14 09:00:00,70588.9,70732.5,70393.6,70513.6,257,500
2026-03-14 10:00:00,70513.4,70580.4,70388.8,70572.4,278,503
2026-03-14 11:00:00,70572.1,70781.6,70562.5,70743.6,212,500
2026-03-14 12:00:00,70739.4,70840.5,70592.3,70777.3,220,500
2026-03-14 13:00:00,70767.3,70926.8,70689.8,70860.1,242,537
2026-03-14 14:00:00,70869.5,70947.3,70582.8,70606.4,301,503
2026-03-14 15:00:00,70607.1,70734.3,70479.8,70589.9,284,500
2026-03-14 16:00:00,70589.1,70712.7,70492.2,70681.8,217,500
2026-03-14 17:00:00,70678.9,70736.8,70560.9,70621.9,172,502
2026-03-14 18:00:00,70617.9,70703.7,70550.3,70667.5,136,504
2026-03-14 19:00:00,70663.5,70739.8,70599.4,70701.1,139,513
2026-03-14 20:00:00,70703.8,70860.7,70628.1,70810.2,172,539
2026-03-14 21:00:00,70799.1,70829.7,70634.9,70805.7,174,551
2026-03-14 22:00:00,70757.2,70811.7,70637.8,70720.9,155,713
2026-03-14 23:00:00,70720.4,71252.8,70720.4,71211.0,393,500
2026-03-15 00:00:00,71210.7,71217.9,70964.9,70991.7,314,506
2026-03-15 01:00:00,70993.1,71042.3,70864.4,70996.3,282,500
2026-03-15 02:00:00,71000.4,71625.0,71000.4,71451.1,538,500
2026-03-15 03:00:00,71451.0,71530.9,71237.0,71355.8,347,500
2026-03-15 04:00:00,71353.4,71661.8,71324.4,71588.2,363,500
2026-03-15 05:00:00,71579.0,71795.5,71473.8,71496.4,385,500
2026-03-15 06:00:00,71485.8,71596.8,71338.8,71458.4,225,500
2026-03-15 07:00:00,71458.0,71662.6,71412.1,71458.4,252,503
2026-03-15 08:00:00,71463.8,71717.3,71461.7,71717.3,293,502
2026-03-15 09:00:00,71717.8,71938.4,71709.6,71795.4,432,500
2026-03-15 10:00:00,71794.5,71917.6,71719.8,71783.9,261,500
2026-03-15 11:00:00,71782.4,71895.4,71665.4,71847.4,270,500
2026-03-15 12:00:00,71843.6,71843.6,71570.3,71614.9,246,500
2026-03-15 13:00:00,71615.0,71687.9,71274.8,71605.4,528,501
2026-03-15 14:00:00,71600.5,71623.4,71345.1,71623.0,307,500
2026-03-15 15:00:00,71624.1,71624.1,71410.0,71482.4,243,500
2026-03-15 16:00:00,71477.4,71585.9,71279.4,71438.9,326,500
2026-03-15 17:00:00,71443.0,71990.3,71408.8,71821.5,360,502
2026-03-15 18:00:00,71822.5,71885.9,71320.9,71389.3,409,500
2026-03-15 19:00:00,71389.2,71578.3,71333.9,71556.7,295,500
2026-03-15 20:00:00,71556.4,71928.4,71433.3,71730.1,366,500
2026-03-15 21:00:00,71732.5,72220.2,71629.3,72110.3,558,503
2026-03-15 22:00:00,72039.8,73071.4,71721.6,72748.2,1528,611
2026-03-15 23:00:00,72750.6,73204.7,72418.6,72805.4,1838,500
2026-03-16 00:00:00,72800.9,73016.2,72449.7,72531.4,1078,500
2026-03-16 01:00:00,72534.6,72861.1,72273.9,72737.3,1081,500
2026-03-16 02:00:00,72743.2,72860.4,72361.6,72522.0,701,500
2026-03-16 03:00:00,72515.1,74292.6,72429.9,73562.0,1602,500
2026-03-16 04:00:00,73573.5,74426.7,73573.5,73831.8,1385,500
2026-03-16 05:00:00,73830.3,74243.7,73704.1,74197.7,1131,500
2026-03-16 06:00:00,74198.9,74198.9,73590.1,73708.9,810,500
2026-03-16 07:00:00,73709.9,73921.4,73379.8,73452.1,837,500
2026-03-16 08:00:00,73442.1,73762.9,72879.9,73132.5,1172,500
2026-03-16 09:00:00,73136.4,73329.9,73051.0,73256.4,735,500
2026-03-16 10:00:00,73234.0,73783.0,73202.4,73781.7,811,500
2026-03-16 11:00:00,73782.9,73808.8,73502.8,73552.7,771,500
2026-03-16 12:00:00,73554.4,74037.4,73459.5,73862.9,1347,500
2026-03-16 13:00:00,73850.3,74517.4,73779.7,74117.1,1599,500
2026-03-16 14:00:00,74108.1,74461.9,72989.3,73562.4,2149,500
2026-03-16 15:00:00,73566.7,74026.9,73189.1,73275.8,1580,500
2026-03-16 16:00:00,73274.7,73906.0,73153.3,73759.5,1357,500
2026-03-16 17:00:00,73763.7,74054.4,73638.4,73944.0,1238,500
2026-03-16 18:00:00,73943.6,74361.2,73845.4,73908.2,1342,500
2026-03-16 19:00:00,73918.1,74411.5,73787.7,73964.1,1369,500
2026-03-16 20:00:00,73969.7,74244.9,73834.3,74232.0,655,500
2026-03-16 21:00:00,74233.1,74786.5,74128.3,74396.0,1169,500
2026-03-16 22:00:00,74384.9,74899.3,74381.9,74758.9,1047,500
2026-03-16 23:00:00,74759.4,74910.3,74245.1,74879.4,883,500
2026-03-17 00:00:00,74880.1,75502.9,74602.9,75313.8,1659,500
2026-03-17 01:00:00,75314.3,75996.9,75060.4,75615.2,1771,500
2026-03-17 02:00:00,75614.9,75672.3,75111.7,75191.7,1006,500
2026-03-17 03:00:00,75191.5,75323.3,74261.0,74463.2,1397,501
2026-03-17 04:00:00,74468.4,74675.5,73986.2,74242.3,1099,500
2026-03-17 05:00:00,74224.7,74458.2,73782.1,74039.9,983,500
2026-03-17 06:00:00,74040.7,74279.8,73865.8,74079.3,1001,500
2026-03-17 07:00:00,74080.4,74442.8,74061.0,74249.3,780,500
2026-03-17 08:00:00,74253.6,74457.9,74097.6,74189.3,812,500
2026-03-17 09:00:00,74188.6,74403.2,73841.6,73940.4,745,500
2026-03-17 10:00:00,73914.3,73963.9,73550.2,73730.9,792,513
2026-03-17 11:00:00,73731.3,74198.3,73678.1,74037.1,691,500
2026-03-17 12:00:00,74036.9,74178.6,73663.4,73738.1,1065,500
2026-03-17 13:00:00,73727.9,74145.0,73395.1,73622.0,1798,500
2026-03-17 14:00:00,73603.3,74422.7,73431.4,74391.3,1699,500
2026-03-17 15:00:00,74376.9,74908.4,73684.4,73931.1,1798,500
2026-03-17 16:00:00,73935.1,74361.0,73866.4,74168.5,1136,500
2026-03-17 17:00:00,74170.1,74598.1,74016.1,74529.7,930,500
2026-03-17 18:00:00,74531.8,74779.3,74379.7,74696.4,803,500
2026-03-17 19:00:00,74683.2,74813.2,74441.2,74524.5,812,500
2026-03-17 20:00:00,74527.0,74696.8,74383.2,74526.1,484,500
2026-03-17 21:00:00,74538.4,74814.6,74476.8,74681.4,617,500
2026-03-17 22:00:00,74681.4,74790.9,73945.2,74324.3,702,500
2026-03-17 23:00:00,74324.1,74410.0,73880.4,73922.1,685,500
2026-03-18 00:00:00,73910.3,74079.8,73548.7,73877.4,1075,500
2026-03-18 01:00:00,73867.7,74222.8,73827.7,74088.9,785,500
2026-03-18 02:00:00,74083.9,74485.9,74058.3,74356.0,648,500
2026-03-18 03:00:00,74358.7,74685.7,74268.9,74469.1,626,500
2026-03-18 04:00:00,74466.9,74500.7,74153.7,74189.0,394,500
2026-03-18 05:00:00,74190.1,74314.1,73837.1,73972.7,508,500
2026-03-18 06:00:00,73967.7,74232.6,73949.2,73967.5,562,500
2026-03-18 07:00:00,73963.0,74001.4,73698.7,73891.0,627,500
2026-03-18 08:00:00,73894.4,74125.4,73864.6,74036.0,614,500
2026-03-18 09:00:00,74037.0,74288.2,74036.4,74189.8,447,500
2026-03-18 10:00:00,74191.0,74269.7,73820.1,73947.2,550,500
2026-03-18 11:00:00,73937.4,74075.4,72780.6,72957.7,1970,519
2026-03-18 12:00:00,72948.7,72987.4,72278.9,72369.4,1878,500
2026-03-18 13:00:00,72359.8,72555.0,71974.7,72132.0,1943,500
2026-03-18 14:00:00,72118.4,72226.2,71128.1,71190.4,2452,501
2026-03-18 15:00:00,71179.4,71518.1,70834.8,71461.3,1821,500
2026-03-18 16:00:00,71464.6,71560.9,71029.3,71317.4,1393,500
2026-03-18 17:00:00,71302.0,71742.3,71190.4,71591.9,1255,500
2026-03-18 18:00:00,71592.9,71976.4,70946.0,71098.5,2096,500
2026-03-18 19:00:00,71093.4,71478.1,70923.6,71062.7,1377,500
2026-03-18 20:00:00,71041.3,71310.0,70476.4,71212.2,1145,500
2026-03-18 21:00:00,71209.5,71417.8,71147.4,71252.1,602,500
2026-03-18 22:00:00,71251.0,71252.0,70932.3,71145.0,694,500
2026-03-18 23:00:00,71141.2,71358.6,71025.6,71240.7,620,500
2026-03-19 00:00:00,71233.9,71307.3,70963.2,71001.2,722,500
2026-03-19 01:00:00,70998.4,71181.2,70944.4,71114.9,776,502
2026-03-19 02:00:00,71115.2,71245.7,70887.8,71051.4,701,500
2026-03-19 03:00:00,71052.4,71596.8,71043.0,71211.8,800,500
2026-03-19 04:00:00,71212.5,71212.5,70652.9,70820.6,824,500
2026-03-19 05:00:00,70824.4,70907.3,70650.4,70803.0,662,500
2026-03-19 06:00:00,70804.7,70941.4,70499.5,70577.9,769,500
2026-03-19 07:00:00,70563.4,70595.6,69468.0,70189.2,1755,503
2026-03-19 08:00:00,70153.8,70301.4,69875.6,69987.3,1054,510
2026-03-19 09:00:00,69986.1,70542.8,69978.2,70499.9,1103,500
2026-03-19 10:00:00,70488.1,70529.6,70082.6,70124.5,631,500
2026-03-19 11:00:00,70111.2,70252.6,69901.1,69947.8,658,500
2026-03-19 12:00:00,69947.3,69947.3,69100.4,69288.4,1517,500
2026-03-19 13:00:00,69263.3,70071.8,69040.8,69896.6,2558,504
2026-03-19 14:00:00,69877.1,70131.2,69044.8,69474.6,2310,502
2026-03-19 15:00:00,69461.2,69910.2,68769.8,69397.4,1913,505
2026-03-19 16:00:00,69387.7,69625.7,69157.4,69443.6,1427,501
2026-03-19 17:00:00,69430.6,69932.8,69088.4,69845.8,1214,500
2026-03-19 18:00:00,69834.8,69921.6,69570.1,69810.8,793,500
2026-03-19 19:00:00,69756.8,70593.5,69756.8,70263.4,1702,507
2026-03-19 20:00:00,70263.3,70664.9,70185.7,70477.9,538,500
2026-03-19 21:00:00,70473.8,70689.3,70367.8,70408.2,615,500
2026-03-19 22:00:00,70405.1,70498.7,69941.4,70157.0,776,500
2026-03-19 23:00:00,70185.9,70282.3,69691.2,69913.3,740,500
2026-03-20 00:00:00,69909.5,70300.4,69829.1,70190.1,684,500
2026-03-20 01:00:00,70190.0,70582.6,70174.2,70401.0,772,500
2026-03-20 02:00:00,70405.5,70507.9,70044.3,70407.5,670,500
2026-03-20 03:00:00,70407.1,70801.9,70377.3,70722.2,731,500
2026-03-20 04:00:00,70723.2,70959.1,70544.4,70775.4,743,500
2026-03-20 05:00:00,70772.7,70861.5,70518.2,70595.8,631,500
2026-03-20 06:00:00,70586.7,70642.7,70337.8,70487.9,671,501
2026-03-20 07:00:00,70489.6,70927.5,70196.6,70845.9,1046,503
2026-03-20 08:00:00,70835.7,71357.0,70780.1,71034.9,1142,500
2026-03-20 09:00:00,71021.5,71032.4,70391.3,70572.5,990,500
2026-03-20 10:00:00,70559.3,70663.7,70200.2,70603.8,1025,500
2026-03-20 11:00:00,70581.7,70789.0,70261.1,70472.0,785,503
2026-03-20 12:00:00,70454.8,70676.0,70232.0,70329.9,887,500
2026-03-20 13:00:00,70336.9,70603.7,69755.9,69849.2,1879,500
2026-03-20 14:00:00,69793.8,70255.7,69571.2,69725.2,2819,507
2026-03-20 15:00:00,69731.2,69982.8,69456.8,69831.4,2212,504
2026-03-20 16:00:00,69849.1,70083.2,69578.4,69812.2,1506,500
2026-03-20 17:00:00,69810.3,70001.0,69370.2,69978.9,1387,502
2026-03-20 18:00:00,69978.1,70057.3,69491.4,69749.2,1596,503
2026-03-20 19:00:00,69698.8,70177.9,69634.4,70142.7,1220,502
2026-03-20 20:00:00,70152.1,70233.9,69724.9,70040.7,834,500
2026-03-20 21:00:00,70038.0,70708.9,69930.7,70536.4,595,500
2026-03-20 22:00:00,70527.6,70914.2,70460.2,70759.5,496,998
2026-03-20 23:00:00,70759.7,70765.1,70403.5,70492.2,374,500
2026-03-21 00:00:00,70493.3,70806.8,70456.6,70665.3,356,500
2026-03-21 01:00:00,70666.5,70747.5,70450.3,70452.3,307,500
2026-03-21 02:00:00,70448.8,70770.9,70417.3,70721.0,295,505
2026-03-21 03:00:00,70710.9,70770.7,70592.5,70653.8,204,509
2026-03-21 04:00:00,70652.5,70803.4,70604.4,70626.3,290,500
2026-03-21 05:00:00,70564.0,70821.2,70564.0,70692.6,264,540
2026-03-21 06:00:00,70686.0,70808.0,70676.6,70759.1,203,530
2026-03-21 07:00:00,70750.8,70864.4,70662.5,70706.8,195,518
2026-03-21 08:00:00,70702.4,70744.7,70477.6,70522.8,262,500
2026-03-21 09:00:00,70578.6,70724.1,70557.6,70586.6,185,500
2026-03-21 10:00:00,70652.8,70684.9,70502.0,70592.5,162,508
2026-03-21 11:00:00,70586.9,70636.7,70510.6,70634.1,142,593
2026-03-21 12:00:00,70640.7,70786.9,70640.7,70700.6,171,500
2026-03-21 13:00:00,70707.0,70793.8,70661.8,70664.8,150,533
2026-03-21 14:00:00,70664.8,71083.6,70576.7,70611.5,404,514
2026-03-21 15:00:00,70615.6,70744.9,70438.0,70613.1,317,500
2026-03-21 16:00:00,70613.7,70639.0,70236.6,70289.1,277,501
2026-03-21 17:00:00,70292.9,70409.0,70173.6,70294.5,222,500
2026-03-21 18:00:00,70292.5,70512.7,70275.8,70375.4,170,500
2026-03-21 19:00:00,70375.9,70431.9,70304.3,70373.6,149,564
2026-03-21 20:00:00,70308.7,70490.4,70280.4,70445.4,191,714
2026-03-21 21:00:00,70444.2,70495.1,70247.6,70340.4,213,500
2026-03-21 22:00:00,70279.8,70368.6,70200.9,70267.4,194,608
2026-03-21 23:00:00,70274.8,70280.5,68547.6,68907.8,912,501
2026-03-22 00:00:00,68908.6,69130.0,68225.1,68932.4,1528,500
2026-03-22 01:00:00,68936.9,69086.4,68746.4,68951.2,626,501
2026-03-22 02:00:00,68955.1,69402.4,68934.1,69262.1,528,518
2026-03-22 03:00:00,69264.9,69573.4,69108.9,69331.8,501,502
2026-03-22 04:00:00,69331.3,69512.5,69187.8,69339.7,422,500
2026-03-22 05:00:00,69335.8,69340.5,69131.2,69136.9,290,500
2026-03-22 06:00:00,69138.0,69229.6,69051.4,69147.8,290,500
2026-03-22 07:00:00,69145.1,69232.1,68880.4,68900.7,321,500
2026-03-22 08:00:00,68899.4,68969.2,68546.9,68787.2,616,500
2026-03-22 09:00:00,68782.8,68884.5,68567.2,68811.4,396,500
2026-03-22 10:00:00,68809.3,68834.2,68570.6,68632.4,320,500
2026-03-22 11:00:00,68631.0,68673.6,68086.8,68203.5,597,500
2026-03-22 12:00:00,68207.1,68739.5,68178.9,68638.8,551,500
2026-03-22 13:00:00,68650.4,68939.7,68534.6,68691.3,516,501
2026-03-22 14:00:00,68691.2,68907.2,68530.1,68704.8,421,500
2026-03-22 15:00:00,68706.4,68991.6,68701.2,68838.0,391,500
2026-03-22 16:00:00,68838.1,68878.1,68663.2,68795.4,277,500
2026-03-22 17:00:00,68795.2,68847.4,68663.1,68663.1,260,500
2026-03-22 18:00:00,68660.1,68740.0,68333.3,68610.4,382,500
2026-03-22 19:00:00,68610.6,68620.7,68138.5,68192.3,425,500
2026-03-22 20:00:00,68194.9,68490.5,68070.4,68162.9,401,500
2026-03-22 21:00:00,68163.4,68220.6,67342.7,67886.5,1034,500
2026-03-22 22:00:00,67821.8,68382.5,67547.4,68320.8,1349,666
2026-03-22 23:00:00,68318.6,68451.3,67795.8,67795.8,1118,500
2026-03-23 00:00:00,67795.8,68143.4,67422.8,67654.6,1485,505
2026-03-23 01:00:00,67635.7,68140.6,67514.1,67891.3,1252,500
2026-03-23 02:00:00,67904.0,68384.3,67775.2,68299.0,1044,502
2026-03-23 03:00:00,68300.8,68571.2,68024.6,68056.4,1197,500
2026-03-23 04:00:00,68067.2,68525.0,68022.8,68494.6,1267,500
2026-03-23 05:00:00,68493.4,68889.4,68493.4,68856.5,1317,500
2026-03-23 06:00:00,68856.0,68880.2,67674.4,67852.8,1597,507
2026-03-23 07:00:00,67856.2,68438.6,67487.3,68279.8,1689,512
2026-03-23 08:00:00,68241.8,68690.4,68241.8,68408.3,1935,520
2026-03-23 09:00:00,68408.6,68447.1,67861.8,68318.8,1348,535
2026-03-23 10:00:00,68319.3,68699.6,68262.9,68526.8,1447,501
2026-03-23 11:00:00,68487.8,71445.5,68487.8,70102.0,11229,605
2026-03-23 12:00:00,70057.8,70836.9,69627.7,70723.6,5849,526
2026-03-23 13:00:00,70725.3,71571.9,70543.8,71466.3,5610,575
2026-03-23 14:00:00,71448.6,71797.6,71058.8,71431.4,4307,522
2026-03-23 15:00:00,71393.8,71643.1,70049.8,70085.9,3226,522
2026-03-23 16:00:00,70086.1,70734.0,70055.8,70524.3,2726,521
2026-03-23 17:00:00,70549.9,71103.4,70312.0,71064.6,1895,501
2026-03-23 18:00:00,71063.1,71166.7,70842.0,71055.1,1915,505
2026-03-23 19:00:00,71010.8,71229.9,70614.3,70658.4,1337,502
2026-03-23 20:00:00,70638.7,70959.1,70531.4,70894.8,544,500
2026-03-23 21:00:00,70896.6,70987.8,70800.5,70834.2,409,500
2026-03-23 22:00:00,70775.8,70878.0,70487.4,70758.4,809,526
2026-03-23 23:00:00,70759.0,70968.2,70378.4,70878.0,789,500
2026-03-24 00:00:00,70835.8,71078.1,70399.3,70662.4,1312,503
2026-03-24 01:00:00,70657.5,70861.8,70246.5,70489.4,1035,500
2026-03-24 02:00:00,70445.8,70673.8,70326.8,70426.2,967,510
2026-03-24 03:00:00,70427.2,70560.7,70349.8,70516.9,661,500
2026-03-24 04:00:00,70522.2,70714.2,70206.3,70352.3,968,500
2026-03-24 05:00:00,70365.4,70365.4,70092.3,70259.4,1141,500
2026-03-24 06:00:00,70263.2,70550.3,70210.8,70514.3,944,501
2026-03-24 07:00:00,70486.9,71379.8,70443.3,71275.5,1267,503
2026-03-24 08:00:00,71220.8,71325.2,70827.4,70945.1,1517,515
2026-03-24 09:00:00,70943.8,71349.4,70795.8,71287.9,945,515
2026-03-24 10:00:00,71315.1,71317.8,71042.8,71255.2,782,502
2026-03-24 11:00:00,71198.8,71304.4,70928.1,71135.2,1244,524
2026-03-24 12:00:00,71121.0,71160.8,70834.7,70943.5,968,518
2026-03-24 13:00:00,70879.8,71042.6,69951.6,70079.3,3306,525
2026-03-24 14:00:00,70080.0,70444.5,69465.9,69792.8,6022,503
2026-03-24 15:00:00,69792.8,70230.0,69717.4,69846.9,3766,567
2026-03-24 16:00:00,69817.8,69973.1,69334.7,69448.4,1447,506
2026-03-24 17:00:00,69394.8,69488.1,68874.8,69206.8,2504,506
2026-03-24 18:00:00,69186.8,69717.2,69112.2,69398.4,1961,504
2026-03-24 19:00:00,69399.7,69674.9,69228.8,69334.7,1056,500
2026-03-24 20:00:00,69302.9,70256.9,69244.1,70036.2,2024,504
2026-03-24 21:00:00,70064.0,70371.9,69854.4,70299.2,1080,501
2026-03-24 22:00:00,70295.3,70551.6,70090.5,70283.5,924,501
2026-03-24 23:00:00,70284.2,70803.9,70226.4,70499.4,983,501
2026-03-25 00:00:00,70501.9,71018.3,70430.8,70807.9,1174,525
2026-03-25 01:00:00,70768.8,70947.0,70587.6,70619.8,1048,504
2026-03-25 02:00:00,70651.3,70742.4,70455.3,70470.6,913,500
2026-03-25 03:00:00,70502.7,70780.6,70366.2,70695.2,1173,500
2026-03-25 04:00:00,70691.3,70951.7,70651.9,70941.4,991,500
2026-03-25 05:00:00,70941.3,71320.0,70892.4,71091.5,1313,500
2026-03-25 06:00:00,71067.6,71239.6,70948.5,70970.9,791,500
2026-03-25 07:00:00,70918.8,71247.9,70850.0,70909.3,1008,503
2026-03-25 08:00:00,70881.7,71485.6,70752.8,71225.4,1577,506
2026-03-25 09:00:00,71199.2,71395.0,71070.7,71328.6,1092,502
2026-03-25 10:00:00,71296.8,71605.4,71264.4,71460.3,1236,504
2026-03-25 11:00:00,71460.0,72006.4,71423.8,71644.4,1466,502
2026-03-25 12:00:00,71646.5,71942.2,71084.8,71708.4,2100,506
2026-03-25 13:00:00,71651.8,71947.5,71487.1,71567.6,2282,543
2026-03-25 14:00:00,71553.9,71677.9,71200.0,71219.4,2833,505
2026-03-25 15:00:00,71163.8,71292.9,70506.8,70812.4,2838,514
2026-03-25 16:00:00,70761.8,71734.5,70693.7,71306.2,2389,508
2026-03-25 17:00:00,71306.9,71376.9,70684.4,70730.6,1706,501
2026-03-25 18:00:00,70731.8,71116.4,70661.3,70795.0,1219,500
2026-03-25 19:00:00,70789.9,71069.6,70730.8,70864.9,1514,503
2026-03-25 20:00:00,70832.5,71040.2,70605.4,70983.9,1039,500
2026-03-25 21:00:00,70991.8,71152.9,70909.4,71011.5,901,500
2026-03-25 22:00:00,70963.8,71542.1,70906.2,71352.2,1140,502
2026-03-25 23:00:00,71348.4,71419.2,71137.9,71282.6,1232,500
2026-03-26 00:00:00,71282.3,71420.7,71098.8,71246.7,1233,501
2026-03-26 01:00:00,71246.8,71350.4,71114.4,71223.3,962,502
2026-03-26 02:00:00,71216.9,71265.9,70641.3,70859.6,1114,500
2026-03-26 03:00:00,70854.7,70948.4,70642.4,70878.7,1189,500
2026-03-26 04:00:00,70848.5,70883.0,70669.8,70741.1,953,505
2026-03-26 05:00:00,70744.0,70777.2,69899.6,69947.4,2234,501
2026-03-26 06:00:00,69949.1,70126.6,69793.4,70036.7,2108,502
2026-03-26 07:00:00,70036.5,70146.3,69769.1,70036.4,1863,501
2026-03-26 08:00:00,70036.5,70105.0,69766.0,69970.0,1245,505
2026-03-26 09:00:00,69971.2,70116.3,69356.5,69553.6,2189,513
2026-03-26 10:00:00,69547.8,69682.3,69400.4,69490.1,2162,501
2026-03-26 11:00:00,69453.8,69640.4,69128.8,69247.0,1714,501
2026-03-26 12:00:00,69204.8,69431.6,69182.8,69404.7,1787,508
2026-03-26 13:00:00,69400.2,69842.3,69178.8,69621.2,3503,503
2026-03-26 14:00:00,69593.4,69802.1,69187.4,69450.5,3652,527
2026-03-26 15:00:00,69423.5,69474.4,68630.1,69028.7,3831,516
2026-03-26 16:00:00,69050.4,69050.4,68765.8,68890.4,2650,503
2026-03-26 17:00:00,68890.5,69128.3,68350.4,68448.0,2258,501
2026-03-26 18:00:00,68422.0,68572.2,68096.9,68427.8,3117,502
2026-03-26 19:00:00,68429.5,68646.9,68291.4,68494.9,2127,509
2026-03-26 20:00:00,68462.1,69350.8,68379.3,68962.4,3284,504
2026-03-26 21:00:00,68951.0,69140.5,68820.8,68853.9,2761,501
2026-03-26 22:00:00,68858.0,68999.5,68547.1,68850.2,2129,504
2026-03-26 23:00:00,68818.9,68953.4,68561.9,68781.2,2044,501
2026-03-27 00:00:00,68757.1,68928.2,68461.4,68709.4,3015,501
2026-03-27 01:00:00,68711.8,69024.3,68632.7,69020.7,2001,502
2026-03-27 02:00:00,68981.7,69138.8,68805.2,68870.0,1219,500
2026-03-27 03:00:00,68870.7,68886.7,68609.4,68729.6,1416,501
2026-03-27 04:00:00,68700.4,68758.8,68241.8,68512.0,2000,500
2026-03-27 05:00:00,68512.0,68831.3,68450.4,68590.2,1788,500
2026-03-27 06:00:00,68560.1,68819.7,68509.1,68592.5,1728,500
2026-03-27 07:00:00,68591.1,68926.1,68395.2,68461.5,2767,502
2026-03-27 08:00:00,68502.5,68595.1,67566.1,67869.2,3285,500
2026-03-27 09:00:00,67854.8,67915.1,67496.8,67656.8,2208,502
2026-03-27 10:00:00,67661.4,67744.3,66285.3,66438.7,3209,504
2026-03-27 11:00:00,66439.5,66826.0,66192.3,66679.5,2908,502
2026-03-27 12:00:00,66680.5,66751.8,66375.7,66567.6,2368,500
2026-03-27 13:00:00,66567.5,66704.9,65957.6,66122.7,3519,504
2026-03-27 14:00:00,66123.2,66378.5,65655.5,66165.4,4208,507
2026-03-27 15:00:00,66143.3,66604.2,65900.8,66049.5,4528,504
2026-03-27 16:00:00,66049.8,66143.7,65745.7,65915.4,4006,501
2026-03-27 17:00:00,65919.0,66242.4,65538.4,65565.4,3040,502
2026-03-27 18:00:00,65564.5,65910.8,65495.9,65768.6,3224,501
2026-03-27 19:00:00,65768.7,66100.7,65625.2,65965.4,3064,500
2026-03-27 20:00:00,65996.1,66112.0,65739.4,65976.0,1748,503
2026-03-27 21:00:00,65975.9,66129.2,65952.3,66039.5,315,511
2026-03-27 22:00:00,65967.8,66048.8,65870.2,65978.8,268,1211
2026-03-27 23:00:00,65982.5,66373.7,65926.0,66361.5,252,500
2026-03-28 00:00:00,66361.3,66475.3,66229.2,66385.5,291,617
2026-03-28 01:00:00,66385.4,66388.1,65991.8,66135.0,290,501
2026-03-28 02:00:00,66140.6,66210.6,65880.2,65998.9,340,504
2026-03-28 03:00:00,66006.6,66192.1,66001.2,66177.5,434,500
2026-03-28 04:00:00,66176.5,66252.1,66035.3,66232.4,359,558
2026-03-28 05:00:00,66243.8,66332.0,66149.6,66300.6,343,524
2026-03-28 06:00:00,66304.5,66446.8,66254.7,66341.9,373,500
2026-03-28 07:00:00,66343.7,66524.1,66334.7,66513.4,497,501
2026-03-28 08:00:00,66515.3,66522.5,66314.3,66370.6,554,500
2026-03-28 09:00:00,66364.9,66372.0,66182.5,66263.2,361,501
2026-03-28 10:00:00,66262.4,66367.3,66055.8,66177.0,798,500
2026-03-28 11:00:00,66179.5,66314.3,66150.3,66279.7,417,500
2026-03-28 12:00:00,66284.9,66486.1,66184.5,66412.4,828,500
2026-03-28 13:00:00,66412.5,67107.8,66358.1,66797.7,1108,500
2026-03-28 14:00:00,66798.6,66913.5,66606.1,66688.7,1036,500
2026-03-28 15:00:00,66688.3,67242.9,66635.3,66964.4,1803,500
2026-03-28 16:00:00,66962.8,67047.8,66782.1,66878.2,736,500
2026-03-28 17:00:00,66875.0,66943.4,66622.6,66801.4,1068,500
2026-03-28 18:00:00,66806.2,66911.1,66757.5,66862.9,633,500
2026-03-28 19:00:00,66861.3,66907.9,66734.2,66831.3,946,500
2026-03-28 20:00:00,66866.6,66962.5,66820.0,66868.6,2101,500
2026-03-28 21:00:00,66863.5,66880.6,66516.5,66632.4,1560,500
2026-03-28 22:00:00,66612.8,66736.6,66514.8,66669.4,1119,714
2026-03-28 23:00:00,66704.2,66704.2,66200.3,66317.6,3393,500
2026-03-29 00:00:00,66287.8,66457.2,66203.0,66436.0,1362,500
2026-03-29 01:00:00,66431.4,66574.5,66298.6,66482.3,1447,500
2026-03-29 02:00:00,66482.2,66790.6,66452.2,66761.4,1956,500
2026-03-29 03:00:00,66722.4,67067.8,66682.5,66861.3,2183,500
2026-03-29 04:00:00,66860.3,66890.8,66634.5,66688.0,1898,500
2026-03-29 05:00:00,66652.0,66771.7,66513.0,66686.4,3148,500
2026-03-29 06:00:00,66717.2,66823.9,66565.5,66684.8,2017,500
2026-03-29 07:00:00,66648.9,66703.6,66470.0,66612.3,1868,500
2026-03-29 08:00:00,66614.3,66719.1,66521.5,66637.2,1088,509
2026-03-29 09:00:00,66674.9,66720.5,66461.8,66543.6,1769,500
2026-03-29 10:00:00,66541.9,66546.3,66328.5,66419.2,1004,500
2026-03-29 11:00:00,66453.4,66912.3,66421.2,66765.1,1766,500
2026-03-29 12:00:00,66771.3,66818.1,66631.4,66761.7,801,500
2026-03-29 13:00:00,66760.8,66813.1,66442.5,66521.3,1665,500
2026-03-29 14:00:00,66531.1,66745.5,66374.0,66502.7,3480,500
2026-03-29 15:00:00,66504.2,66670.6,66244.2,66438.8,3806,500
2026-03-29 16:00:00,66435.7,66611.0,66352.6,66412.2,3259,500
2026-03-29 17:00:00,66444.4,66480.0,66082.4,66295.7,3603,500
2026-03-29 18:00:00,66296.5,66467.8,66233.7,66339.7,3129,500
2026-03-29 19:00:00,66339.4,66431.4,66240.2,66262.9,2517,500
2026-03-29 20:00:00,66262.6,66734.2,66260.7,66511.7,3145,500
2026-03-29 21:00:00,66512.0,66694.6,66428.0,66656.1,2998,500
2026-03-29 22:00:00,66636.8,66636.8,64943.7,65780.5,2775,637
2026-03-29 23:00:00,65781.6,66316.4,65774.1,65955.4,8269,500
2026-03-30 00:00:00,65966.6,66986.1,65707.5,66225.1,5993,501
2026-03-30 01:00:00,66200.6,66788.0,66200.6,66604.4,3003,500
2026-03-30 02:00:00,66572.4,67389.4,66502.4,67068.1,2850,502
2026-03-30 03:00:00,67067.1,67265.3,66899.5,67119.1,2357,504
2026-03-30 04:00:00,67083.5,67602.8,67083.5,67529.6,2420,501
2026-03-30 05:00:00,67529.7,67759.2,67363.3,67443.0,2282,501
2026-03-30 06:00:00,67438.8,67535.9,67198.9,67254.8,1729,502
2026-03-30 07:00:00,67229.7,67578.5,67149.0,67538.8,1774,501
2026-03-30 08:00:00,67538.4,67881.5,67528.4,67623.7,2080,501
2026-03-30 09:00:00,67590.9,67650.5,67382.4,67455.7,1183,500
2026-03-30 10:00:00,67420.1,67469.7,67284.5,67441.7,1260,500
2026-03-30 11:00:00,67408.9,67913.5,67406.4,67633.5,2109,502
2026-03-30 12:00:00,67595.3,67938.7,67588.7,67849.8,1706,503
2026-03-30 13:00:00,67854.0,68116.5,67374.4,67481.0,2781,503
2026-03-30 14:00:00,67474.3,67826.3,67019.4,67732.7,3815,502
2026-03-30 15:00:00,67726.4,67863.0,67343.2,67572.8,3442,501
2026-03-30 16:00:00,67551.9,67597.5,67150.5,67305.3,3473,501
2026-03-30 17:00:00,67312.3,67416.1,66572.4,66749.7,4220,501
2026-03-30 18:00:00,66759.8,66873.9,66434.4,66558.4,3193,500
2026-03-30 19:00:00,66556.3,66619.8,66159.4,66484.7,3209,502
2026-03-30 20:00:00,66495.9,66630.9,66450.2,66559.5,2273,500
2026-03-30 21:00:00,66602.7,66949.5,66513.1,66715.6,3202,500
2026-03-30 22:00:00,66741.4,66943.8,66610.3,66727.0,1178,501
2026-03-30 23:00:00,66721.9,66734.9,66343.0,66716.6,2341,500
2026-03-31 00:00:00,66734.9,67251.5,66466.9,67142.2,4516,500
2026-03-31 01:00:00,67144.1,68365.4,66963.9,67869.0,5903,500
2026-03-31 02:00:00,67868.6,68052.7,67688.8,67869.4,5402,501
2026-03-31 03:00:00,67863.5,67954.8,67563.1,67646.3,4462,500
2026-03-31 04:00:00,67649.4,67799.9,67429.1,67463.2,3182,502
2026-03-31 05:00:00,67501.2,67710.7,67319.3,67615.0,2337,501
2026-03-31 06:00:00,67615.1,67644.3,67248.9,67425.2,2071,503
2026-03-31 07:00:00,67440.6,67459.9,67019.4,67273.7,2246,500
2026-03-31 08:00:00,67287.8,67451.6,66601.9,66686.2,3160,501
2026-03-31 09:00:00,66715.1,66845.8,65909.4,66037.1,3759,500
2026-03-31 10:00:00,66027.2,66421.6,66016.4,66285.6,2931,500
2026-03-31 11:00:00,66294.8,66821.0,66147.8,66595.1,4253,501
2026-03-31 12:00:00,66596.0,66886.7,66439.4,66603.7,3670,500
2026-03-31 13:00:00,66600.7,67356.3,66579.6,67219.7,4560,500
2026-03-31 14:00:00,67213.1,67708.6,66354.1,66510.8,5503,502
2026-03-31 15:00:00,66507.0,67232.7,66507.0,66678.3,5298,501
2026-03-31 16:00:00,66647.0,67929.8,66646.4,67581.1,5023,501
2026-03-31 17:00:00,67590.3,68499.8,67318.4,67430.4,5640,501
2026-03-31 18:00:00,67431.4,67886.1,67429.7,67782.5,3139,500
2026-03-31 19:00:00,67768.0,67974.3,67638.7,67770.3,3304,501
2026-03-31 20:00:00,67753.2,68198.2,67750.5,68158.3,2506,502
2026-03-31 21:00:00,68158.2,68354.6,67794.5,68175.2,3348,500
2026-03-31 22:00:00,68195.5,68292.4,67901.1,68113.9,1445,502
2026-03-31 23:00:00,68115.7,68322.3,68007.1,68182.1,2432,500
2026-04-01 00:00:00,68195.4,68272.0,67784.8,68240.4,3737,500
2026-04-01 01:00:00,68240.0,68320.1,67702.1,67711.6,2558,501
2026-04-01 02:00:00,67711.2,67868.5,67516.6,67588.5,2006,503
2026-04-01 03:00:00,67583.6,68196.7,67583.6,68088.3,1925,506
2026-04-01 04:00:00,68087.8,68413.6,67949.0,68249.3,2047,501
2026-04-01 05:00:00,68255.3,68695.9,68074.9,68370.3,3584,501
2026-04-01 06:00:00,68381.1,69193.4,68370.4,69066.9,3265,502
2026-04-01 07:00:00,69040.8,69266.1,68617.8,68641.3,1980,502
2026-04-01 08:00:00,68647.3,68823.1,68409.4,68636.6,1895,501
2026-04-01 09:00:00,68606.4,68702.8,68328.8,68620.6,1597,500
2026-04-01 10:00:00,68621.4,68641.6,68373.7,68559.6,1297,500
2026-04-01 11:00:00,68555.8,68715.1,68465.4,68689.4,1173,500
2026-04-01 12:00:00,68689.5,68721.1,68196.8,68368.5,2090,500
2026-04-01 13:00:00,68339.6,68652.1,67893.8,68086.1,3182,505
2026-04-01 14:00:00,68059.6,68652.0,68012.5,68544.9,2846,508
2026-04-01 15:00:00,68565.7,68940.4,68389.5,68899.9,2430,501
2026-04-01 16:00:00,68848.8,68968.1,68567.6,68793.4,1710,503
2026-04-01 17:00:00,68776.7,69152.2,68187.7,68237.2,1810,500
2026-04-01 18:00:00,68235.7,68297.1,67917.4,68047.1,1585,502
2026-04-01 19:00:00,68064.9,68270.8,67997.5,68150.9,1155,500
2026-04-01 20:00:00,68144.5,68234.7,67941.1,68178.3,656,500
2026-04-01 21:00:00,68174.5,68523.3,68156.6,68342.4,746,500
2026-04-01 22:00:00,68342.4,68342.4,68054.2,68110.8,972,500
2026-04-01 23:00:00,68113.2,68241.2,67984.9,68106.6,780,500
2026-04-02 00:00:00,68081.0,68642.1,68030.5,68587.4,1122,500
2026-04-02 01:00:00,68588.3,68588.3,67024.4,67348.9,2959,504
2026-04-02 02:00:00,67328.4,67344.3,66606.1,66845.9,1550,502
2026-04-02 03:00:00,66831.5,66953.0,66480.1,66564.4,907,500
2026-04-02 04:00:00,66567.3,66636.9,66182.8,66316.7,824,500
2026-04-02 05:00:00,66319.2,66623.4,66273.3,66575.1,1274,500
2026-04-02 06:00:00,66572.5,66802.3,66508.8,66669.9,725,500
2026-04-02 07:00:00,66665.7,66916.8,66517.8,66908.6,622,500
2026-04-02 08:00:00,66861.8,66907.9,66394.6,66403.3,785,511
2026-04-02 09:00:00,66425.4,66494.0,66271.2,66445.4,972,500
2026-04-02 10:00:00,66400.8,66491.4,66181.4,66444.4,948,506
2026-04-02 11:00:00,66448.2,66470.3,66127.4,66193.9,743,500
2026-04-02 12:00:00,66160.8,66222.6,65927.0,66031.4,1138,506
2026-04-02 13:00:00,65980.8,66258.4,65688.0,66234.2,1665,508
2026-04-02 14:00:00,66253.1,67084.3,66142.6,66849.8,3345,507
2026-04-02 15:00:00,66843.6,66981.2,66595.8,66837.1,1692,506
2026-04-02 16:00:00,66826.4,67269.4,66731.2,67082.2,1487,500
2026-04-02 17:00:00,67077.7,67424.8,66644.6,66671.9,1612,500
2026-04-02 18:00:00,66672.4,67056.6,66574.4,66970.3,1066,500
2026-04-02 19:00:00,66970.6,67097.0,66851.5,66969.7,872,500
2026-04-02 20:00:00,66969.9,67091.4,66769.4,66918.0,566,500
2026-04-02 21:00:00,66932.0,67004.1,66702.4,66933.0,556,502
2026-04-02 22:00:00,66911.4,67032.8,66814.4,66977.5,582,500
2026-04-02 23:00:00,66976.4,67083.1,66832.6,66889.9,598,502
2026-04-03 00:00:00,66898.6,66989.2,66690.4,66751.7,821,500
2026-04-03 01:00:00,66771.9,66893.9,66476.4,66619.2,862,500
2026-04-03 02:00:00,66618.7,66733.0,66263.5,66523.9,1139,500
2026-04-03 03:00:00,66522.7,66712.6,66470.4,66575.8,872,500
2026-04-03 04:00:00,66573.2,66686.7,66478.4,66602.9,726,500
2026-04-03 05:00:00,66601.8,66801.2,66403.7,66597.8,630,500
2026-04-03 06:00:00,66598.5,66790.6,66546.9,66786.9,610,500
2026-04-03 07:00:00,66792.3,67244.6,66736.4,67034.2,623,500
2026-04-03 08:00:00,67012.3,67274.0,66891.9,66958.4,538,500
2026-04-03 09:00:00,66954.1,66999.2,66727.0,66855.7,389,500
2026-04-03 10:00:00,66851.5,66893.3,66669.2,66874.3,417,500
2026-04-03 11:00:00,66874.7,67052.2,66807.6,67008.9,407,500
2026-04-03 12:00:00,67012.7,67352.9,66620.0,66715.5,751,500
2026-04-03 13:00:00,66700.9,66727.0,66488.0,66665.4,572,500
2026-04-03 14:00:00,66661.3,66978.7,66616.1,66921.7,615,500
2026-04-03 15:00:00,66921.6,67016.5,66789.1,66822.0,512,500
2026-04-03 16:00:00,66824.6,67058.6,66794.9,66997.3,361,500
2026-04-03 17:00:00,66995.7,67058.3,66744.7,66832.1,337,501
2026-04-03 18:00:00,66828.0,66916.6,66757.4,66802.4,201,500
2026-04-03 19:00:00,66806.3,66896.6,66722.8,66872.0,217,500
2026-04-03 20:00:00,66871.8,66902.6,66820.1,66822.0,169,500
2026-04-03 21:00:00,66827.6,66965.7,66777.4,66952.7,145,701
2026-04-03 22:00:00,66891.1,66951.1,66810.6,66883.3,229,1168
2026-04-03 23:00:00,66880.3,66951.2,66794.9,66951.2,167,525
2026-04-04 00:00:00,66951.5,66951.7,66862.1,66887.8,149,500
2026-04-04 01:00:00,66832.7,66914.7,66767.8,66844.0,120,1303
2026-04-04 02:00:00,66838.8,66910.3,66762.6,66831.7,118,768
2026-04-04 03:00:00,66833.0,66893.9,66763.1,66825.4,94,526
2026-04-04 04:00:00,66820.6,66864.3,66759.2,66852.4,93,638
2026-04-04 05:00:00,66856.6,66925.3,66809.4,66898.8,134,553
2026-04-04 06:00:00,66904.1,67037.1,66850.8,67007.4,121,530
2026-04-04 07:00:00,67009.3,67040.0,66876.8,67004.9,117,569
2026-04-04 08:00:00,67005.5,67049.8,66891.1,66930.0,142,518
2026-04-04 09:00:00,66934.2,66979.2,66882.6,66974.4,116,534
2026-04-04 10:00:00,66985.1,67157.1,66855.8,67154.7,157,564
2026-04-04 11:00:00,67156.4,67214.8,67014.9,67147.3,160,552
2026-04-04 12:00:00,67144.1,67174.7,66986.9,67085.0,125,526
2026-04-04 13:00:00,67087.0,67258.5,67013.8,67185.0,173,516
2026-04-04 14:00:00,67182.6,67208.0,67016.9,67198.4,146,595
2026-04-04 15:00:00,67196.3,67529.2,67171.1,67370.6,365,500
2026-04-04 16:00:00,67374.8,67508.8,67268.8,67354.5,278,504
2026-04-04 17:00:00,67356.4,67403.7,67269.6,67323.4,164,500
2026-04-04 18:00:00,67327.4,67369.7,67218.9,67218.9,145,589
2026-04-04 19:00:00,67284.5,67533.9,67237.8,67277.7,241,500
2026-04-04 20:00:00,67277.3,67284.7,67147.8,67259.1,131,561
2026-04-04 21:00:00,67261.3,67460.9,67168.3,67345.0,156,624
2026-04-04 22:00:00,67284.8,67457.2,67281.9,67390.4,191,817
2026-04-04 23:00:00,67385.7,67390.3,67247.3,67286.8,143,544
2026-04-05 00:00:00,67287.2,67296.6,67151.7,67195.7,127,521
2026-04-05 01:00:00,67201.9,67219.0,67002.9,67075.4,132,500
2026-04-05 02:00:00,67069.9,67165.3,66955.0,67157.3,172,500
2026-04-05 03:00:00,67157.1,67177.3,67037.0,67128.6,116,653
2026-04-05 04:00:00,67130.9,67176.4,67049.8,67081.4,124,500
2026-04-05 05:00:00,67085.7,67146.5,66863.4,66918.0,165,500
2026-04-05 06:00:00,66920.0,66933.2,66598.9,66788.8,333,500
2026-04-05 07:00:00,66793.2,66899.0,66698.8,66804.6,181,536
2026-04-05 08:00:00,66803.5,66919.9,66796.7,66915.8,122,500
2026-04-05 09:00:00,66922.6,67030.6,66884.5,66960.8,148,510
2026-04-05 10:00:00,66960.8,67132.4,66895.8,67028.2,158,528
2026-04-05 11:00:00,67032.4,67067.4,66912.3,66982.7,153,508
2026-04-05 12:00:00,66984.4,66984.4,66674.0,66769.0,314,534
2026-04-05 13:00:00,66757.4,66901.9,66684.1,66878.1,274,500
2026-04-05 14:00:00,66874.3,66952.5,66789.9,66905.4,189,501
2026-04-05 15:00:00,66910.6,67816.3,66814.7,67290.1,585,509
2026-04-05 16:00:00,67290.2,67389.9,67155.3,67193.1,331,500
2026-04-05 17:00:00,67196.6,67381.6,67164.8,67348.8,268,500
2026-04-05 18:00:00,67344.9,67432.9,67222.5,67388.0,204,513
2026-04-05 19:00:00,67391.2,67535.2,67262.1,67340.9,210,513
2026-04-05 20:00:00,67342.4,67686.5,67314.5,67642.3,258,500
2026-04-05 21:00:00,67636.4,67653.8,67395.6,67526.9,285,529
2026-04-05 22:00:00,67470.8,68349.1,67307.1,68300.2,1116,649
2026-04-05 23:00:00,68300.4,69106.4,68223.3,69010.7,1505,500
2026-04-06 00:00:00,68983.3,69563.1,68956.8,69056.2,1751,505
2026-04-06 01:00:00,69011.8,69111.5,68747.0,68789.3,1279,503
2026-04-06 02:00:00,68738.8,69380.7,68734.4,69187.7,1394,503
2026-04-06 03:00:00,69184.6,69232.4,69012.8,69097.2,866,500
2026-04-06 04:00:00,69100.7,69191.9,68936.5,69116.4,523,500
2026-04-06 05:00:00,69120.4,69223.2,69065.8,69179.2,429,510
2026-04-06 06:00:00,69175.0,69334.0,68774.4,68960.6,805,500
2026-04-06 07:00:00,68947.7,69191.4,68802.2,69071.9,649,512
2026-04-06 08:00:00,69079.7,69328.8,69056.1,69205.4,509,500
2026-04-06 09:00:00,69210.6,70254.3,69181.4,69722.5,1029,500
2026-04-06 10:00:00,69726.3,69939.4,69665.6,69762.0,530,500
2026-04-06 11:00:00,69741.5,69755.0,69556.6,69607.8,395,501
2026-04-06 12:00:00,69607.7,69631.8,69313.4,69359.8,474,500
2026-04-06 13:00:00,69359.3,69539.4,69224.5,69416.4,1014,500
2026-04-06 14:00:00,69392.6,69808.5,69147.9,69639.2,1714,502
2026-04-06 15:00:00,69649.9,69969.3,69506.4,69952.6,1100,500
2026-04-06 16:00:00,69965.6,70326.6,69778.6,69788.5,939,500
2026-04-06 17:00:00,69796.9,69816.3,69245.8,69568.4,1051,500
2026-04-06 18:00:00,69558.2,69948.7,69460.7,69891.0,704,500
2026-04-06 19:00:00,69885.5,69891.5,69570.4,69740.6,508,500
2026-04-06 20:00:00,69725.8,69976.7,69591.5,69824.4,421,500
2026-04-06 21:00:00,69818.0,69823.7,69425.4,69510.5,370,500
2026-04-06 22:00:00,69499.0,69581.1,68795.9,68804.5,663,517
2026-04-06 23:00:00,68803.2,68901.3,68310.6,68847.2,1088,500
2026-04-07 00:00:00,68836.2,69121.7,68719.3,68765.9,764,519
2026-04-07 01:00:00,68757.4,68893.6,68327.2,68394.6,966,500
2026-04-07 02:00:00,68377.8,68705.3,68262.2,68665.0,726,500
2026-04-07 03:00:00,68661.1,68792.4,68605.4,68773.9,367,500
2026-04-07 04:00:00,68773.2,68976.7,68535.3,68849.3,427,500
2026-04-07 05:00:00,68854.7,68860.1,68595.9,68653.8,303,500
2026-04-07 06:00:00,68639.7,68649.2,68425.4,68563.4,483,500
2026-04-07 07:00:00,68533.9,68692.8,68477.4,68610.3,396,523
2026-04-07 08:00:00,68610.5,68981.5,68586.8,68933.5,803,504
2026-04-07 09:00:00,68933.6,69244.9,68909.4,69144.4,529,500
2026-04-07 10:00:00,69146.9,69197.8,68180.2,68221.4,1200,503
2026-04-07 11:00:00,68221.2,68444.2,68046.4,68332.2,674,500
2026-04-07 12:00:00,68332.5,68565.9,68050.4,68365.2,1091,504
2026-04-07 13:00:00,68370.9,68625.4,68174.5,68222.9,1058,505
2026-04-07 14:00:00,68221.8,68247.1,67739.3,67842.9,1532,501
2026-04-07 15:00:00,67817.4,68225.9,67709.3,68151.2,1104,504
2026-04-07 16:00:00,68150.8,68434.7,68056.3,68221.3,1040,503
2026-04-07 17:00:00,68216.4,68991.9,68166.7,68691.0,945,518
2026-04-07 18:00:00,68695.1,68762.7,68321.9,68431.1,947,500
2026-04-07 19:00:00,68396.7,69078.1,68326.4,68995.9,1764,501
2026-04-07 20:00:00,68962.8,69522.4,68962.8,69309.8,1079,502
2026-04-07 21:00:00,69306.9,70206.5,69293.4,69913.6,1281,506
2026-04-07 22:00:00,69896.2,71507.6,69896.1,71502.4,2785,501
2026-04-07 23:00:00,71487.4,72756.4,71172.2,71912.4,2680,501
2026-04-08 00:00:00,71912.7,72100.7,71517.4,71674.7,1526,515
2026-04-08 01:00:00,71674.5,71746.6,71425.4,71465.6,951,503
2026-04-08 02:00:00,71471.1,71716.6,71215.2,71352.3,1013,500
2026-04-08 03:00:00,71337.3,71474.1,71260.4,71284.8,419,500
2026-04-08 04:00:00,71282.7,71667.2,71268.1,71548.3,517,500
2026-04-08 05:00:00,71542.6,71812.1,71540.1,71701.4,623,500
2026-04-08 06:00:00,71700.4,71932.1,71562.1,71722.7,769,500
2026-04-08 07:00:00,71667.8,71902.5,71571.9,71632.0,617,542
2026-04-08 08:00:00,71629.3,71818.9,71593.8,71790.9,605,500
2026-04-08 09:00:00,71791.9,71946.4,71564.5,71672.7,501,500
2026-04-08 10:00:00,71673.0,71768.7,71439.2,71462.2,536,500
2026-04-08 11:00:00,71445.8,71719.5,71397.4,71676.4,765,501
2026-04-08 12:00:00,71679.1,72164.4,71539.8,72068.5,920,503
2026-04-08 13:00:00,72067.6,72848.8,71496.8,71585.9,2067,500
2026-04-08 14:00:00,71588.2,71746.3,70680.9,70898.5,1884,502
2026-04-08 15:00:00,70902.6,71345.7,70818.9,71299.6,1145,501
2026-04-08 16:00:00,71273.4,71672.0,71234.8,71598.9,904,500
2026-04-08 17:00:00,71603.7,71959.9,71488.7,71893.1,960,500
2026-04-08 18:00:00,71893.4,71894.2,71071.8,71094.4,1126,501
2026-04-08 19:00:00,71094.0,71376.1,71000.4,71322.6,896,500
2026-04-08 20:00:00,71319.6,71481.0,71275.9,71374.1,446,500
2026-04-08 21:00:00,71361.2,71750.9,71326.8,71548.4,453,500
2026-04-08 22:00:00,71530.7,71544.3,71054.1,71063.2,628,527
2026-04-08 23:00:00,71068.9,71202.0,70888.5,71073.3,718,500
2026-04-09 00:00:00,71056.4,71135.6,70640.5,70813.3,799,500
2026-04-09 01:00:00,70808.9,70954.4,70459.4,70925.0,929,500
2026-04-09 02:00:00,70928.9,71195.3,70797.0,71056.2,615,500
2026-04-09 03:00:00,71056.4,71117.1,70824.4,70991.4,444,500
2026-04-09 04:00:00,70989.8,71008.1,70729.5,70784.8,385,500
2026-04-09 05:00:00,70782.4,71086.6,70696.5,70987.8,432,500
2026-04-09 06:00:00,70988.5,71086.5,70817.0,71030.0,380,500
2026-04-09 07:00:00,71034.4,71114.4,70942.7,70980.8,310,500
2026-04-09 08:00:00,70981.4,71354.5,70871.6,71252.6,485,500
2026-04-09 09:00:00,71251.5,71564.7,71093.1,71532.9,477,500
2026-04-09 10:00:00,71535.5,71537.8,71273.4,71279.3,387,500
2026-04-09 11:00:00,71282.1,71353.8,71039.8,71148.4,448,500
2026-04-09 12:00:00,71149.1,71321.0,71029.4,71280.1,653,500
2026-04-09 13:00:00,71287.5,71344.0,70605.7,70796.8,1146,500
2026-04-09 14:00:00,70801.2,71246.7,70508.1,71124.3,1241,500
2026-04-09 15:00:00,71124.8,72358.9,70923.4,72142.9,1962,500
2026-04-09 16:00:00,72149.8,72402.7,71730.4,72081.9,1721,500
2026-04-09 17:00:00,72065.9,72547.8,72065.9,72348.3,1459,500
2026-04-09 18:00:00,72348.2,72379.6,71710.6,71872.2,1149,500
2026-04-09 19:00:00,71880.9,72298.4,71742.4,72104.8,878,500
2026-04-09 20:00:00,72101.0,72454.6,71976.4,72421.7,624,500
2026-04-09 21:00:00,72423.0,72702.9,72141.1,72263.9,831,500
2026-04-09 22:00:00,72251.8,73143.0,71946.8,71949.4,1219,500
2026-04-09 23:00:00,71947.7,72028.4,71571.9,71788.3,1053,500
2026-04-10 00:00:00,71776.7,72021.6,71573.2,71967.9,997,500
2026-04-10 01:00:00,71950.1,72390.7,71660.4,72164.1,1063,500
2026-04-10 02:00:00,72163.7,72287.8,71901.8,71961.3,629,500
2026-04-10 03:00:00,71960.9,72021.4,71801.0,71874.5,556,500
2026-04-10 04:00:00,71875.5,72196.3,71824.8,72122.1,508,500
2026-04-10 05:00:00,72108.1,72274.5,72003.2,72127.5,451,500
2026-04-10 06:00:00,72130.6,72186.5,71785.0,71811.0,427,500
2026-04-10 07:00:00,71809.6,71842.1,71425.5,71485.7,540,500
2026-04-10 08:00:00,71492.4,71763.1,71414.0,71606.9,534,500
2026-04-10 09:00:00,71592.9,71866.6,71582.0,71783.4,621,500
2026-04-10 10:00:00,71769.3,71932.5,71704.0,71901.2,407,500
2026-04-10 11:00:00,71916.2,72263.5,71904.9,72131.9,628,500
2026-04-10 12:00:00,72084.8,72458.5,71997.8,72262.2,845,542
2026-04-10 13:00:00,72249.6,72413.9,71907.6,72330.0,1241,500
2026-04-10 14:00:00,72322.8,73172.4,72259.6,72929.3,2226,500
2026-04-10 15:00:00,72929.3,73314.3,72369.7,72465.5,2139,500
2026-04-10 16:00:00,72461.4,73073.2,72406.9,73007.2,1001,500
2026-04-10 17:00:00,73007.6,73150.9,72809.1,73135.8,717,500
2026-04-10 18:00:00,73136.6,73182.7,72863.0,73129.1,595,500
2026-04-10 19:00:00,73129.3,73290.9,72906.2,73259.9,643,500
2026-04-10 20:00:00,73263.9,73457.9,73076.9,73386.4,726,509
2026-04-10 21:00:00,73382.6,73384.3,72960.9,73215.8,387,500
2026-04-10 22:00:00,73216.4,73268.7,72773.3,72897.1,395,1080
2026-04-10 23:00:00,72894.6,72990.3,72811.6,72980.6,243,500
2026-04-11 00:00:00,72982.6,72982.6,72816.0,72855.9,268,500
2026-04-11 01:00:00,72856.0,73026.3,72695.0,72978.6,347,500
2026-04-11 02:00:00,72983.8,73125.4,72937.2,72997.5,239,531
2026-04-11 03:00:00,73000.4,73106.9,72847.6,72894.5,195,509
2026-04-11 04:00:00,72892.5,72981.9,72709.4,72833.9,249,500
2026-04-11 05:00:00,72831.8,72861.3,72702.5,72753.3,237,502
2026-04-11 06:00:00,72752.0,72799.9,72647.0,72793.6,167,514
2026-04-11 07:00:00,72790.6,72853.2,72647.8,72771.4,140,520
2026-04-11 08:00:00,72774.3,72828.6,72618.8,72690.6,132,608
2026-04-11 09:00:00,72685.6,72936.4,72652.4,72935.6,254,500
2026-04-11 10:00:00,72936.9,72941.9,72794.3,72869.6,167,934
2026-04-11 11:00:00,72865.8,72938.5,72760.8,72934.1,141,500
2026-04-11 12:00:00,72932.2,73008.6,72748.8,72958.2,184,506
2026-04-11 13:00:00,72958.6,72958.6,72549.4,72681.1,388,504
2026-04-11 14:00:00,72680.3,72792.9,72634.8,72728.2,241,500
2026-04-11 15:00:00,72729.1,72916.5,72700.0,72885.4,255,500
2026-04-11 16:00:00,72882.6,73230.3,72843.4,73062.4,388,500
2026-04-11 17:00:00,73063.0,73194.7,72969.1,73118.0,270,500
2026-04-11 18:00:00,73121.7,73744.5,73057.9,73570.9,627,532
2026-04-11 19:00:00,73574.4,73816.2,73484.8,73704.3,665,500
2026-04-11 20:00:00,73709.4,73715.3,73248.9,73325.4,393,596
2026-04-11 21:00:00,73333.5,73568.9,73231.4,73455.6,314,500
2026-04-11 22:00:00,73357.8,73589.3,73264.9,73397.9,304,679
2026-04-11 23:00:00,73394.9,73394.9,72934.2,73069.7,364,500
2026-04-12 00:00:00,73068.1,73135.0,72896.4,73093.5,315,500
2026-04-12 01:00:00,73093.1,73156.0,71332.0,71666.4,991,500
2026-04-12 02:00:00,71658.0,71972.8,71374.1,71781.4,826,501
2026-04-12 03:00:00,71781.7,71883.6,71613.9,71613.9,432,500
2026-04-12 04:00:00,71612.3,71701.4,71465.8,71492.3,315,500
2026-04-12 05:00:00,71491.4,71806.6,71438.4,71724.8,282,500
2026-04-12 06:00:00,71723.1,71773.9,71626.5,71679.8,167,503
2026-04-12 07:00:00,71675.9,71773.7,71540.8,71694.2,168,514
2026-04-12 08:00:00,71693.2,71793.7,71606.0,71653.6,181,513
2026-04-12 09:00:00,71651.0,71651.7,71461.8,71461.8,149,555
2026-04-12 10:00:00,71463.8,71702.1,71378.3,71475.2,237,547
2026-04-12 11:00:00,71474.2,71559.2,71381.8,71488.2,250,500
2026-04-12 12:00:00,71484.0,71520.4,71103.1,71108.2,377,500
2026-04-12 13:00:00,71102.9,71159.7,70885.8,70908.6,617,519
2026-04-12 14:00:00,70893.0,71107.4,70717.3,70764.8,523,500
2026-04-12 15:00:00,70766.2,70952.1,70622.9,70910.4,410,500
2026-04-12 16:00:00,70909.3,70973.5,70835.9,70952.1,291,507
2026-04-12 17:00:00,70952.0,71215.8,70921.4,71160.6,338,500
2026-04-12 18:00:00,71165.1,71226.1,71025.8,71159.1,289,519
2026-04-12 19:00:00,71158.7,71241.9,71095.8,71111.9,137,1390
2026-04-12 20:00:00,71104.9,71450.3,70971.5,71357.6,347,500
2026-04-12 21:00:00,71356.6,71466.1,71180.6,71383.0,343,500
2026-04-12 22:00:00,71294.8,71381.2,70505.9,70898.9,1519,597
2026-04-12 23:00:00,70910.3,70910.3,70562.7,70743.7,731,500
2026-04-13 00:00:00,70727.9,71263.4,70607.1,71169.5,955,500
2026-04-13 01:00:00,71182.2,71235.4,71025.3,71200.8,696,500
2026-04-13 02:00:00,71197.3,71278.5,70988.8,71083.8,558,500
2026-04-13 03:00:00,71088.7,71152.8,70914.2,70988.8,439,500
2026-04-13 04:00:00,70987.1,71157.0,70854.6,70905.0,338,500
2026-04-13 05:00:00,70905.2,70930.6,70659.2,70888.7,428,500
2026-04-13 06:00:00,70893.5,71110.7,70887.2,71039.0,344,500
2026-04-13 07:00:00,71045.0,71078.4,70666.6,70828.6,485,500
2026-04-13 08:00:00,70824.5,70869.4,70563.7,70689.6,556,500
2026-04-13 09:00:00,70690.3,70910.1,70671.7,70795.7,388,500
2026-04-13 10:00:00,70795.6,70849.3,70675.1,70737.7,492,500
2026-04-13 11:00:00,70782.5,70995.6,70735.7,70937.4,445,503
2026-04-13 12:00:00,70936.4,71226.2,70757.5,71079.4,617,500
2026-04-13 13:00:00,71076.8,71699.3,70826.7,71671.1,1442,500
2026-04-13 14:00:00,71668.2,72429.4,71441.9,72409.2,2329,500
2026-04-13 15:00:00,72423.8,72511.1,71656.1,71889.9,2832,500
2026-04-13 16:00:00,71894.1,72457.8,71674.6,72232.8,2179,500
2026-04-13 17:00:00,72233.4,72620.3,72071.9,72172.6,1225,500
2026-04-13 18:00:00,72172.3,72485.8,72068.0,72454.5,896,500
2026-04-13 19:00:00,72453.3,73512.3,72320.9,73355.0,1870,501
2026-04-13 20:00:00,73363.8,73427.0,73020.4,73193.2,2039,500
2026-04-13 21:00:00,73193.3,73388.1,73081.2,73212.4,1209,500
2026-04-13 22:00:00,73198.4,74744.6,73196.6,74653.2,1991,501
2026-04-13 23:00:00,74652.8,74908.2,74422.5,74438.4,1456,500
2026-04-14 00:00:00,74431.9,74532.9,74115.6,74180.1,850,500
2026-04-14 01:00:00,74178.4,74453.5,74010.4,74409.4,661,500
2026-04-14 02:00:00,74410.5,74595.1,74284.4,74356.5,548,500
2026-04-14 03:00:00,74354.9,74510.0,74271.7,74462.0,412,500
2026-04-14 04:00:00,74463.6,74526.7,74369.4,74411.7,426,500
2026-04-14 05:00:00,74400.3,74456.5,74174.8,74226.5,370,500
2026-04-14 06:00:00,74228.6,74582.0,74219.7,74519.2,494,500
2026-04-14 07:00:00,74516.2,74957.7,74448.5,74574.7,754,500
2026-04-14 08:00:00,74574.1,74936.6,74486.7,74776.5,717,500
2026-04-14 09:00:00,74779.8,74853.2,74459.4,74529.2,574,500
2026-04-14 10:00:00,74530.2,74635.1,74357.2,74380.3,523,500
2026-04-14 11:00:00,74367.7,74476.2,74278.8,74397.6,536,500
2026-04-14 12:00:00,74387.3,74497.1,74282.7,74462.4,795,500
2026-04-14 13:00:00,74466.2,75571.3,74415.1,75569.0,2612,500
2026-04-14 14:00:00,75569.1,76093.7,75047.5,75047.5,5106,505
2026-04-14 15:00:00,75045.4,75469.4,74605.4,75350.9,1989,500
2026-04-14 16:00:00,75349.5,75706.9,74527.5,74695.2,2887,500
2026-04-14 17:00:00,74687.1,74973.5,74284.6,74771.0,1559,500
2026-04-14 18:00:00,74764.2,74837.6,73810.8,74095.1,2871,500
2026-04-14 19:00:00,74117.6,74439.7,73904.9,74260.4,2796,500
2026-04-14 20:00:00,74264.7,74467.7,74015.6,74137.2,1054,500
2026-04-14 21:00:00,74135.1,74329.3,73977.0,74305.0,805,500
2026-04-14 22:00:00,74297.4,74408.2,73842.3,74058.4,1003,500
2026-04-14 23:00:00,74058.0,74253.4,74032.4,74169.4,800,500
2026-04-15 00:00:00,74160.3,74711.6,74144.0,74594.4,1009,500
2026-04-15 01:00:00,74588.7,74804.9,74524.2,74638.5,820,500
2026-04-15 02:00:00,74630.9,74719.5,74200.7,74351.2,764,500
2026-04-15 03:00:00,74352.2,74389.0,74195.5,74359.1,649,500
2026-04-15 04:00:00,74370.3,74456.5,74278.8,74356.1,462,500
2026-04-15 05:00:00,74331.5,74451.1,73895.0,74043.8,787,500
2026-04-15 06:00:00,74034.1,74067.2,73882.4,73918.3,509,500
2026-04-15 07:00:00,73917.6,74040.0,73525.6,73756.7,818,500
2026-04-15 08:00:00,73758.7,74198.6,73692.9,74132.7,557,500
2026-04-15 09:00:00,74132.8,74191.3,73916.4,74031.5,554,500
2026-04-15 10:00:00,74027.4,74252.9,73790.8,73870.5,717,500
2026-04-15 11:00:00,73879.9,74269.5,73874.4,74213.7,658,500
2026-04-15 12:00:00,74215.0,74478.2,74059.5,74296.1,731,500
2026-04-15 13:00:00,74294.1,74456.8,73823.4,74067.9,1249,500
2026-04-15 14:00:00,74063.9,74521.2,73826.0,74158.1,1382,500
2026-04-15 15:00:00,74152.6,74303.5,73590.4,73855.8,1155,500
2026-04-15 16:00:00,73857.8,74185.8,73765.5,73946.7,1216,500
2026-04-15 17:00:00,73945.2,74249.8,73918.9,74145.9,923,500
2026-04-15 18:00:00,74142.4,74412.9,74072.0,74398.9,748,500
2026-04-15 19:00:00,74399.4,75291.1,74359.8,75013.1,966,500
2026-04-15 20:00:00,75015.5,75046.2,74525.4,74861.2,800,500
2026-04-15 21:00:00,74849.3,74877.8,74558.6,74752.2,363,500
2026-04-15 22:00:00,74752.6,75443.9,74747.7,74968.0,1168,500
2026-04-15 23:00:00,74984.3,74984.3,74623.0,74824.6,788,500
2026-04-16 00:00:00,74823.1,74884.2,74477.2,74820.4,664,500
2026-04-16 01:00:00,74816.9,74816.9,74457.2,74661.3,707,500
2026-04-16 02:00:00,74663.0,75270.5,74604.5,74897.2,901,500
2026-04-16 03:00:00,74894.1,75159.6,74866.4,74894.5,687,500
2026-04-16 04:00:00,74889.7,75167.0,74733.4,74958.2,689,500
2026-04-16 05:00:00,74957.8,75146.6,74899.0,75052.4,543,500
2026-04-16 06:00:00,75056.4,75124.1,74857.4,75041.5,517,500
2026-04-16 07:00:00,75020.5,75081.3,74639.0,74708.9,529,500
2026-04-16 08:00:00,74710.6,74755.3,74537.2,74683.1,655,500
2026-04-16 09:00:00,74681.9,74913.2,74596.7,74606.2,464,500
2026-04-16 10:00:00,74605.3,74656.8,74274.6,74316.2,627,500
2026-04-16 11:00:00,74318.4,74590.1,74288.0,74581.8,466,500
2026-04-16 12:00:00,74579.9,74870.1,74565.2,74624.3,571,500
2026-04-16 13:00:00,74624.5,75025.5,73304.0,73786.8,1617,500
2026-04-16 14:00:00,73782.5,74195.2,73411.4,73972.3,1639,500
2026-04-16 15:00:00,73961.7,74889.5,73935.4,74709.9,1359,500
2026-04-16 16:00:00,74710.5,74941.6,74063.4,74183.8,1250,500
2026-04-16 17:00:00,74184.7,74451.1,73901.4,74344.4,1134,500
2026-04-16 18:00:00,74346.4,75091.1,74242.1,75044.0,1110,500
2026-04-16 19:00:00,75048.4,75418.7,74742.3,75360.2,1084,500
2026-04-16 20:00:00,75362.2,75529.7,74999.1,75235.2,868,500
2026-04-16 21:00:00,75239.8,75288.8,74802.5,74944.2,690,500
2026-04-16 22:00:00,74930.2,75129.7,74834.9,74880.9,821,500
2026-04-16 23:00:00,74867.4,75182.2,74841.1,75159.2,706,500
2026-04-17 00:00:00,75149.7,75162.2,74869.5,74958.5,558,500
2026-04-17 01:00:00,74960.9,75045.1,74574.2,74760.6,530,500
2026-04-17 02:00:00,74757.6,74814.8,74552.4,74710.1,388,500
2026-04-17 03:00:00,74715.7,74847.3,74617.6,74628.0,378,500
2026-04-17 04:00:00,74633.3,74859.4,74604.0,74794.3,331,500
2026-04-17 05:00:00,74797.8,74815.5,74561.3,74656.1,367,500
2026-04-17 06:00:00,74652.1,74955.0,74613.6,74949.2,383,500
2026-04-17 07:00:00,74950.2,75102.6,74939.6,75050.2,424,500
2026-04-17 08:00:00,75071.9,75882.4,75007.5,75784.6,767,500
2026-04-17 09:00:00,75782.1,76369.0,75532.5,75793.6,1226,500
2026-04-17 10:00:00,75791.3,75890.8,75106.1,75291.8,901,508
2026-04-17 11:00:00,75293.2,75621.0,75254.6,75594.1,566,500
2026-04-17 12:00:00,75607.1,76280.3,75538.9,76256.7,1333,500
2026-04-17 13:00:00,76254.7,77438.6,76081.6,77349.8,2992,506
2026-04-17 14:00:00,77371.9,78098.4,77040.1,77936.5,2795,500
2026-04-17 15:00:00,77910.4,78034.0,77463.6,77817.0,4031,506
2026-04-17 16:00:00,77816.1,78369.4,77733.6,77889.9,2936,500
2026-04-17 17:00:00,77888.6,77945.6,77126.5,77544.6,2235,500
2026-04-17 18:00:00,77536.5,77587.1,77105.1,77187.9,1206,500
2026-04-17 19:00:00,77188.7,77498.4,77027.8,77400.8,1056,500
2026-04-17 20:00:00,77427.9,77639.5,77180.9,77363.3,879,500
2026-04-17 21:00:00,77368.5,77518.0,77306.6,77470.8,334,505
2026-04-17 22:00:00,77409.9,77539.5,77298.1,77326.8,388,1060
2026-04-17 23:00:00,77323.2,77328.3,76926.8,77096.2,368,500
2026-04-18 00:00:00,77091.7,77275.3,77006.5,77189.4,396,500
2026-04-18 01:00:00,77195.4,77357.9,77142.8,77240.1,293,500
2026-04-18 02:00:00,77234.3,77442.4,77155.3,77318.0,247,500
2026-04-18 03:00:00,77315.3,77321.1,76993.4,77032.2,264,540
2026-04-18 04:00:00,77033.7,77189.9,76917.8,77143.7,273,500
2026-04-18 05:00:00,77142.3,77291.6,77142.3,77161.4,208,500
2026-04-18 06:00:00,77163.6,77240.4,77078.6,77152.9,161,500
2026-04-18 07:00:00,77148.9,77151.5,76911.6,77010.2,171,534
2026-04-18 08:00:00,77010.1,77060.9,76520.3,76753.8,503,500
2026-04-18 09:00:00,76753.1,76753.1,76438.0,76621.7,360,501
2026-04-18 10:00:00,76619.3,76619.3,76159.0,76210.2,448,500
2026-04-18 11:00:00,76207.7,76207.7,75790.3,76061.5,564,500
2026-04-18 12:00:00,76061.9,76316.8,76061.9,76228.5,451,500
2026-04-18 13:00:00,76224.7,76229.8,75821.0,76141.3,419,503
2026-04-18 14:00:00,76148.2,76305.2,76001.9,76273.7,344,532
2026-04-18 15:00:00,76271.0,76379.7,76032.9,76186.3,305,500
2026-04-18 16:00:00,76180.5,76236.9,75709.8,75960.6,437,501
2026-04-18 17:00:00,75958.0,75978.3,75804.4,75848.5,254,500
2026-04-18 18:00:00,75844.0,75861.5,75468.2,75668.1,439,501
2026-04-18 19:00:00,75663.3,75818.8,75599.5,75672.0,241,500
2026-04-18 20:00:00,75669.8,75860.6,75624.5,75777.1,263,500
2026-04-18 21:00:00,75773.1,75868.0,75622.5,75845.2,253,500
2026-04-18 22:00:00,75746.8,75900.9,75620.8,75838.5,240,773
2026-04-18 23:00:00,75835.2,75908.3,75683.8,75720.9,141,589
2026-04-19 00:00:00,75721.4,75869.5,75541.8,75700.1,254,500
2026-04-19 01:00:00,75694.6,75814.7,75477.4,75643.2,216,510
2026-04-19 02:00:00,75639.1,75735.4,75395.3,75516.3,314,502
2026-04-19 03:00:00,75513.3,75661.0,75384.5,75537.5,260,500
2026-04-19 04:00:00,75538.6,75801.8,75444.1,75694.2,318,503
2026-04-19 05:00:00,75691.8,75714.0,75488.8,75570.9,171,1303
2026-04-19 06:00:00,75568.9,75569.9,75313.8,75420.1,253,501
2026-04-19 07:00:00,75426.9,75426.9,74917.2,75277.2,542,500
2026-04-19 08:00:00,75270.3,75322.2,75096.0,75280.4,343,500
2026-04-19 09:00:00,75280.1,75294.2,74949.9,75040.5,296,500
2026-04-19 10:00:00,75039.9,75263.6,74953.2,75242.0,319,500
2026-04-19 11:00:00,75242.9,75652.5,75230.8,75626.0,501,500
2026-04-19 12:00:00,75626.2,75720.6,75461.2,75598.1,456,501
2026-04-19 13:00:00,75595.2,76260.8,75577.8,75950.9,677,500
2026-04-19 14:00:00,75949.0,76169.2,75694.8,76052.2,591,504
2026-04-19 15:00:00,76051.6,76179.1,75424.2,75873.2,711,500
2026-04-19 16:00:00,75871.4,75881.0,75306.8,75407.0,674,504
2026-04-19 17:00:00,75408.8,75411.0,74661.0,74810.9,802,512
2026-04-19 18:00:00,74814.2,74927.6,74612.5,74796.5,728,500
2026-04-19 19:00:00,74799.0,75096.7,74799.0,74982.3,448,500
2026-04-19 20:00:00,74980.1,74982.1,74449.2,74654.9,600,503
2026-04-19 21:00:00,74657.0,74830.9,74391.5,74453.0,529,500
2026-04-19 22:00:00,74361.8,74445.1,73783.2,74055.2,1830,636
2026-04-19 23:00:00,74054.5,74080.3,73800.2,73816.2,902,500
2026-04-20 00:00:00,73819.5,74373.9,73732.7,74298.8,936,500
2026-04-20 01:00:00,74290.3,74758.9,74233.6,74612.8,829,500
2026-04-20 02:00:00,74612.6,74638.5,74319.3,74434.3,658,500
2026-04-20 03:00:00,74425.5,74664.1,74377.8,74656.3,537,500
2026-04-20 04:00:00,74656.2,74656.6,74451.8,74588.4,414,500
2026-04-20 05:00:00,74585.0,74585.0,74112.4,74289.1,598,500
2026-04-20 06:00:00,74289.3,74909.9,74264.2,74812.9,734,500
2026-04-20 07:00:00,74856.7,75589.6,74682.2,74850.1,1375,500
2026-04-20 08:00:00,74853.6,75024.3,74629.2,74749.6,887,500
2026-04-20 09:00:00,74747.8,75252.3,74716.4,75071.5,766,500
2026-04-20 10:00:00,75073.4,75421.5,75019.6,75040.4,583,500
2026-04-20 11:00:00,75052.2,75298.7,74979.0,75213.4,623,500
2026-04-20 12:00:00,75214.9,75675.3,75092.4,75316.9,914,500
2026-04-20 13:00:00,75309.1,75450.1,74876.4,75296.2,1647,500
2026-04-20 14:00:00,75295.1,75793.5,74941.3,75054.8,2014,500
2026-04-20 15:00:00,75090.4,75749.5,74716.4,75738.8,1912,509
2026-04-20 16:00:00,75741.2,75745.5,75314.4,75362.9,1040,500
2026-04-20 17:00:00,75349.4,76000.3,75305.5,75921.0,1078,500
2026-04-20 18:00:00,75931.3,76472.2,75922.4,76445.9,1128,500
2026-04-20 19:00:00,76430.4,76507.5,76163.8,76320.4,653,500
2026-04-20 20:00:00,76294.5,76591.3,76122.0,76306.3,583,500
2026-04-20 21:00:00,76306.2,76397.6,75796.4,75978.6,435,500
2026-04-20 22:00:00,75968.0,76172.0,75915.7,75999.4,613,502
2026-04-20 23:00:00,75988.2,75988.2,75634.7,75860.5,643,500
2026-04-21 00:00:00,75850.4,76119.9,75700.6,76113.0,793,500
2026-04-21 01:00:00,76102.3,76271.1,75882.6,75946.1,640,500
2026-04-21 02:00:00,75940.9,75950.3,75583.7,75607.2,628,500
2026-04-21 03:00:00,75607.4,75737.1,75497.1,75731.1,543,500
2026-04-21 04:00:00,75731.8,75846.1,75616.5,75823.1,494,500
2026-04-21 05:00:00,75822.5,76000.8,75798.6,75829.5,457,500
2026-04-21 06:00:00,75825.3,76148.3,75694.7,75998.1,519,500
2026-04-21 07:00:00,76002.7,76329.6,75830.0,76116.4,702,500
2026-04-21 08:00:00,76114.4,76908.6,76080.4,76531.2,866,500
2026-04-21 09:00:00,76531.5,76603.4,76171.2,76381.2,839,500
2026-04-21 10:00:00,76374.5,76892.1,76363.3,76759.5,704,500
2026-04-21 11:00:00,76778.1,76779.4,76355.6,76475.6,830,500
2026-04-21 12:00:00,76455.4,76543.3,75706.8,76033.2,1347,500
2026-04-21 13:00:00,76020.6,76200.7,75736.4,75919.4,2128,500
2026-04-21 14:00:00,75926.2,76594.5,75622.4,75686.4,2014,500
2026-04-21 15:00:00,75691.7,75994.5,75438.8,75841.9,1878,501
2026-04-21 16:00:00,75845.9,76195.8,75759.0,75797.7,1413,500
2026-04-21 17:00:00,75768.9,75888.5,75071.0,75562.0,1775,500
2026-04-21 18:00:00,75534.9,75668.3,75304.4,75600.4,1142,500
2026-04-21 19:00:00,75616.7,75918.2,74813.2,75029.0,1470,501
2026-04-21 20:00:00,74995.3,75866.6,74974.6,75705.5,1184,501
2026-04-21 21:00:00,75707.6,75788.7,75450.3,75561.3,411,500
2026-04-21 22:00:00,75553.2,75666.2,75300.3,75659.1,689,502
2026-04-21 23:00:00,75655.0,76439.0,75625.9,76346.5,822,500
2026-04-22 00:00:00,76342.7,76516.3,76223.4,76386.8,814,500
2026-04-22 01:00:00,76385.6,76428.6,76130.8,76295.4,826,500
2026-04-22 02:00:00,76314.4,77653.4,76218.2,77619.7,1621,500
2026-04-22 03:00:00,77617.2,77737.0,77413.4,77541.8,1175,500
2026-04-22 04:00:00,77540.7,77713.4,77369.5,77522.4,956,500
2026-04-22 05:00:00,77533.0,78445.3,77447.8,77987.9,1592,501
2026-04-22 06:00:00,77996.4,78040.9,77892.4,78014.7,813,500
2026-04-22 07:00:00,78019.1,78121.7,77818.4,77996.2,707,500
2026-04-22 08:00:00,77998.4,78216.3,77937.2,78012.5,1149,500
2026-04-22 09:00:00,78005.9,78196.0,77946.4,78014.1,1021,506
2026-04-22 10:00:00,78010.1,78191.4,77946.4,78175.1,788,500
2026-04-22 11:00:00,78178.6,78419.8,78102.4,78293.7,1062,500
2026-04-22 12:00:00,78315.5,78519.7,78127.1,78264.1,1075,500
2026-04-22 13:00:00,78244.6,78859.8,78182.4,78848.2,1963,502
2026-04-22 14:00:00,78862.2,79191.8,78583.7,79069.7,1960,500
2026-04-22 15:00:00,79063.9,79428.5,78855.4,79304.4,1478,500
2026-04-22 16:00:00,79331.6,79490.9,78652.4,78749.6,1201,500
2026-04-22 17:00:00,78765.9,79053.6,78717.0,78923.0,1207,500
2026-04-22 18:00:00,78924.9,79177.7,78846.2,79045.0,811,500
2026-04-22 19:00:00,79045.3,79086.5,78710.7,78867.5,1218,500
2026-04-22 20:00:00,78870.1,78941.2,78422.4,78461.3,817,500
2026-04-22 21:00:00,78431.5,78846.9,78431.0,78788.2,394,500
2026-04-22 22:00:00,78769.1,78861.8,78469.5,78634.3,535,500
2026-04-22 23:00:00,78639.1,78639.1,78163.8,78188.4,855,500
2026-04-23 00:00:00,78203.4,78604.5,77602.1,78463.3,1767,500
2026-04-23 01:00:00,78435.6,78478.6,78072.4,78374.0,1301,500
2026-04-23 02:00:00,78377.6,78378.4,77772.4,77963.9,1414,500
2026-04-23 03:00:00,77964.9,78040.5,77480.4,77768.9,1347,500
2026-04-23 04:00:00,77769.0,77959.7,77686.2,77939.0,671,500
2026-04-23 05:00:00,77940.4,78102.1,77781.7,78026.7,652,500
2026-04-23 06:00:00,78026.4,78357.9,78026.4,78225.8,564,500
2026-04-23 07:00:00,78231.9,78273.8,77995.1,78068.6,751,500
2026-04-23 08:00:00,78056.7,78194.2,77727.8,77882.0,796,500
2026-04-23 09:00:00,77869.1,77881.9,77447.9,77668.8,1063,500
2026-04-23 10:00:00,77667.3,77725.8,77195.8,77425.8,1131,517
2026-04-23 11:00:00,77436.0,77761.9,77387.9,77718.7,780,500
2026-04-23 12:00:00,77702.9,77882.0,77552.3,77882.0,1011,500
2026-04-23 13:00:00,77877.0,77926.1,77400.1,77549.7,1319,500
2026-04-23 14:00:00,77533.5,78224.2,77434.2,78205.1,1774,500
2026-04-23 15:00:00,78195.1,78678.5,77995.4,78399.0,1907,500
2026-04-23 16:00:00,78402.2,78532.1,78044.5,78124.6,1555,500
2026-04-23 17:00:00,78124.6,78203.5,76966.1,77788.7,2449,500
2026-04-23 18:00:00,77778.1,78160.5,77665.8,77683.5,1630,501
2026-04-23 19:00:00,77683.1,77917.7,77599.4,77738.2,1766,500
2026-04-23 20:00:00,77717.3,78074.2,77651.4,77907.0,1077,500
2026-04-23 21:00:00,77909.2,78087.4,77802.9,77883.6,823,500
2026-04-23 22:00:00,77885.5,78359.4,77873.0,78260.0,609,501
2026-04-23 23:00:00,78259.9,78312.8,78033.9,78275.2,681,502
2026-04-24 00:00:00,78253.8,78503.8,78181.4,78421.4,768,500
2026-04-24 01:00:00,78429.2,78472.8,77958.9,78451.6,1082,500
2026-04-24 02:00:00,78450.4,78582.6,78069.2,78132.2,872,500
2026-04-24 03:00:00,78144.8,78196.5,77564.9,77754.0,1043,500
2026-04-24 04:00:00,77753.4,77869.2,77476.6,77686.3,710,500
2026-04-24 05:00:00,77683.9,78040.9,77461.6,77970.9,755,500
2026-04-24 06:00:00,77977.3,77997.8,77775.7,77788.4,771,500
2026-04-24 07:00:00,77788.1,77867.4,77557.3,77653.1,713,500
2026-04-24 08:00:00,77668.7,78017.7,77576.1,77801.9,857,501
2026-04-24 09:00:00,77783.4,77816.7,77421.4,77546.4,539,500
2026-04-24 10:00:00,77527.2,77801.2,77455.4,77767.6,518,500
2026-04-24 11:00:00,77756.4,78389.8,77756.3,78256.4,1684,504
2026-04-24 12:00:00,78241.2,78358.8,78030.1,78288.1,1570,501
2026-04-24 13:00:00,78277.4,78462.2,77911.4,78097.5,1590,501
2026-04-24 14:00:00,78068.4,78090.5,77681.4,78060.2,1933,501
2026-04-24 15:00:00,78060.9,78233.9,77587.1,78059.9,1606,500
2026-04-24 16:00:00,78053.3,78077.9,77591.7,77794.8,1309,500
2026-04-24 17:00:00,77791.4,77818.8,77488.4,77696.7,1102,500
2026-04-24 18:00:00,77698.9,77733.6,77365.5,77634.5,958,500
2026-04-24 19:00:00,77638.0,77760.5,77540.4,77631.6,841,500
2026-04-24 20:00:00,77643.7,77778.0,77457.4,77743.8,589,500
2026-04-24 21:00:00,77744.9,77777.6,77564.1,77564.2,261,503
2026-04-24 22:00:00,77500.3,77641.0,77288.0,77357.0,274,970
2026-04-24 23:00:00,77357.1,77480.5,77334.9,77459.4,122,502
2026-04-25 00:00:00,77451.9,77518.1,77296.9,77477.8,135,532
2026-04-25 01:00:00,77479.0,77638.9,77453.3,77564.1,133,530
2026-04-25 02:00:00,77565.6,77671.8,77514.7,77633.3,112,536
2026-04-25 03:00:00,77644.1,77733.3,77524.3,77692.5,122,557
2026-04-25 04:00:00,77698.0,77718.0,77564.8,77644.3,124,500
2026-04-25 05:00:00,77633.8,77633.8,77469.9,77540.3,108,529
2026-04-25 06:00:00,77544.2,77605.0,77461.2,77525.9,90,714
2026-04-25 07:00:00,77515.4,77587.8,77405.8,77516.4,115,589
2026-04-25 08:00:00,77511.7,77675.2,77434.8,77660.1,115,1123
2026-04-25 09:00:00,77665.0,77794.8,77538.8,77731.2,118,600
2026-04-25 10:00:00,77730.0,77901.2,77703.8,77805.9,144,537
2026-04-25 11:00:00,77803.1,77803.1,77630.0,77701.4,138,503
2026-04-25 12:00:00,77702.4,77730.2,77470.8,77571.8,145,547
2026-04-25 13:00:00,77574.4,77726.3,77535.8,77700.6,105,512
2026-04-25 14:00:00,77699.7,77763.0,77645.4,77673.2,119,507
2026-04-25 15:00:00,77671.9,77736.8,77335.4,77347.4,195,605
2026-04-25 16:00:00,77347.1,77472.6,77172.3,77421.9,282,501
2026-04-25 17:00:00,77418.8,77423.7,77230.6,77266.2,145,564
2026-04-25 18:00:00,77258.6,77405.1,77216.8,77316.0,146,545
2026-04-25 19:00:00,77312.1,77363.5,77156.8,77338.3,114,517
2026-04-25 20:00:00,77341.4,77498.8,77323.7,77431.9,107,519
2026-04-25 21:00:00,77494.6,77549.6,77368.8,77549.6,143,544
2026-04-25 22:00:00,77452.8,77651.2,77452.8,77572.7,134,617
2026-04-25 23:00:00,77573.9,77670.0,77503.8,77641.5,113,580
2026-04-26 00:00:00,77642.5,77655.2,77406.8,77514.7,137,593
2026-04-26 01:00:00,77515.2,77582.1,77463.3,77473.9,115,569
2026-04-26 02:00:00,77472.0,77610.7,77422.8,77521.1,103,509
2026-04-26 03:00:00,77528.7,77558.4,77289.8,77406.3,128,632
2026-04-26 04:00:00,77403.6,77828.0,77368.8,77787.8,193,515
2026-04-26 05:00:00,77783.1,78210.6,77684.0,77999.0,393,528
2026-04-26 06:00:00,78001.3,78063.0,77874.8,78015.5,173,530
2026-04-26 07:00:00,78016.9,78139.3,77924.8,78119.2,127,502
2026-04-26 08:00:00,78124.0,78226.1,77959.0,78046.7,172,513
2026-04-26 09:00:00,78040.1,78073.4,77938.7,78019.4,106,500
2026-04-26 10:00:00,78017.0,78064.4,77888.8,78019.7,119,768
2026-04-26 11:00:00,78020.2,78165.3,78020.2,78109.3,160,500
2026-04-26 12:00:00,78108.1,78119.0,77780.0,77844.1,195,500
2026-04-26 13:00:00,77842.4,78001.0,77805.4,77982.6,202,500
2026-04-26 14:00:00,77980.6,78184.4,77847.8,78103.0,297,542
2026-04-26 15:00:00,78104.5,78137.8,77975.8,78063.8,178,500
2026-04-26 16:00:00,78066.9,78102.8,77944.7,77944.7,143,502
2026-04-26 17:00:00,77936.6,78067.0,77865.8,78032.1,163,503
2026-04-26 18:00:00,78035.3,78363.5,77923.8,78293.9,280,514
2026-04-26 19:00:00,78298.2,78516.3,78035.7,78245.5,448,500
2026-04-26 20:00:00,78247.0,78396.3,78141.8,78216.7,213,507
2026-04-26 21:00:00,78215.2,78930.5,77864.7,78435.6,470,536
2026-04-26 22:00:00,78433.2,78868.3,77979.9,78317.3,1118,553
2026-04-26 23:00:00,78329.9,78904.0,78044.3,78646.2,959,500
2026-04-27 00:00:00,78656.4,79378.9,78404.0,79266.9,1144,500
2026-04-27 01:00:00,79247.9,79481.6,78740.7,79288.5,1453,500
2026-04-27 02:00:00,79288.2,79305.1,79036.2,79145.8,742,500
2026-04-27 03:00:00,79143.6,79339.6,79080.9,79114.1,617,500
2026-04-27 04:00:00,79113.6,79168.4,78878.4,78933.3,438,500
2026-04-27 05:00:00,78933.7,78950.3,77572.4,77797.5,1384,500
2026-04-27 06:00:00,77787.9,77883.8,77463.2,77716.1,607,500
2026-04-27 07:00:00,77689.4,77747.8,77560.4,77618.0,521,500
2026-04-27 08:00:00,77612.2,77817.6,77558.8,77810.3,479,500
2026-04-27 09:00:00,77786.6,77984.3,77685.2,77900.3,367,500
2026-04-27 10:00:00,77899.6,77943.7,77777.7,77844.2,334,500
2026-04-27 11:00:00,77843.4,77890.1,77736.4,77848.1,259,500
2026-04-27 12:00:00,77838.4,77869.8,77617.4,77662.4,357,500
2026-04-27 13:00:00,77650.5,77960.9,77565.6,77747.3,993,501
2026-04-27 14:00:00,77747.5,78265.9,77668.2,77815.4,1438,505
2026-04-27 15:00:00,77809.9,77832.5,76534.5,76786.5,1838,500
2026-04-27 16:00:00,76764.0,76857.5,76529.4,76611.5,978,500
2026-04-27 17:00:00,76616.4,76922.4,76597.4,76708.4,803,500
2026-04-27 18:00:00,76692.8,76882.3,76641.4,76820.0,460,500
2026-04-27 19:00:00,76815.8,76888.3,76435.4,76870.4,682,500
2026-04-27 20:00:00,76869.4,77057.3,76826.0,76956.1,279,500
2026-04-27 21:00:00,76943.7,76976.9,76775.1,76780.3,248,500
2026-04-27 22:00:00,76767.5,77077.9,76744.1,77064.1,372,505
2026-04-27 23:00:00,77063.7,77444.2,77000.6,77366.9,309,500
2026-04-28 00:00:00,77374.8,77478.6,77195.2,77379.1,960,500
2026-04-28 01:00:00,77378.8,77390.9,77018.6,77082.2,909,508
2026-04-28 02:00:00,77090.0,77223.1,76660.3,76884.9,987,500
2026-04-28 03:00:00,76876.5,76892.2,76640.2,76811.8,549,500
2026-04-28 04:00:00,76808.5,76945.5,76676.1,76891.5,513,500
2026-04-28 05:00:00,76868.1,77148.2,76788.1,76882.4,590,500
2026-04-28 06:00:00,76869.1,77022.8,76560.4,76703.6,982,500
2026-04-28 07:00:00,76628.8,76914.9,76409.0,76873.0,810,513
2026-04-28 08:00:00,76864.2,76992.4,76727.4,76848.5,606,500
2026-04-28 09:00:00,76828.1,76860.6,76475.1,76592.3,466,500
2026-04-28 10:00:00,76586.0,76690.2,76460.4,76611.5,367,500
2026-04-28 11:00:00,76598.5,76635.1,76102.7,76225.6,709,500
2026-04-28 12:00:00,76225.7,76415.5,76151.4,76371.1,910,500
2026-04-28 13:00:00,76370.6,76407.3,75942.9,76186.1,1300,511
2026-04-28 14:00:00,76190.5,76197.1,75636.3,75937.9,1498,500
2026-04-28 15:00:00,75941.5,76071.1,75827.7,76050.6,850,500
2026-04-28 16:00:00,76037.4,76199.2,75856.8,76109.4,781,500
2026-04-28 17:00:00,76105.1,76247.9,75929.6,76171.9,613,500
2026-04-28 18:00:00,76181.6,76265.1,76100.1,76222.0,480,500
2026-04-28 19:00:00,76216.9,76370.2,76028.4,76317.7,453,500
2026-04-28 20:00:00,76317.0,76470.7,76294.4,76458.0,379,504
2026-04-28 21:00:00,76459.5,76474.5,76244.7,76352.3,232,500
2026-04-28 22:00:00,76327.9,76439.9,76190.5,76200.7,517,500
2026-04-28 23:00:00,76200.6,76359.3,76162.0,76326.1,443,500
2026-04-29 00:00:00,76300.8,76548.4,76244.4,76499.4,641,500
2026-04-29 01:00:00,76475.6,76636.5,76151.4,76556.7,713,500
2026-04-29 02:00:00,76554.6,76643.9,76372.9,76507.5,298,500
2026-04-29 03:00:00,76492.1,77113.4,76492.1,76983.2,648,500
2026-04-29 04:00:00,76981.8,77439.7,76859.8,77255.8,729,500
2026-04-29 05:00:00,77255.1,77314.7,77168.4,77280.9,393,500
2026-04-29 06:00:00,77256.0,77316.0,76910.4,77013.9,403,500
2026-04-29 07:00:00,76996.2,77166.7,76995.6,77032.4,338,500
2026-04-29 08:00:00,77037.3,77128.9,76946.8,77029.7,385,500
2026-04-29 09:00:00,77029.6,77779.5,76937.7,77640.7,715,500
2026-04-29 10:00:00,77619.4,77893.8,77541.3,77599.9,1038,500
2026-04-29 11:00:00,77598.9,77679.9,77468.0,77581.9,456,500
2026-04-29 12:00:00,77580.6,77593.9,76970.3,77131.6,932,501
2026-04-29 13:00:00,77114.1,77233.5,76393.4,76766.4,1543,501
2026-04-29 14:00:00,76764.3,76853.2,76448.4,76553.9,1389,513
2026-04-29 15:00:00,76558.7,76618.3,75642.8,75885.4,1944,521
2026-04-29 16:00:00,75894.1,76107.1,75649.8,75743.7,1569,504
2026-04-29 17:00:00,75780.3,76148.8,75743.4,76148.8,1830,500
2026-04-29 18:00:00,76122.6,76227.4,74901.4,75465.7,2539,502
2026-04-29 19:00:00,75434.8,75568.7,75255.7,75525.8,957,513
2026-04-29 20:00:00,75490.8,75832.7,75455.4,75649.9,1140,507
2026-04-29 21:00:00,75644.4,76053.1,75570.4,75905.7,778,500
2026-04-29 22:00:00,75861.8,75980.5,75789.5,75895.9,530,502
2026-04-29 23:00:00,75899.4,75965.5,75656.3,75726.1,918,500
2026-04-30 00:00:00,75725.4,76307.8,75611.1,76221.2,1064,507
2026-04-30 01:00:00,76222.3,76431.2,76131.7,76185.2,735,500
2026-04-30 02:00:00,76212.7,76328.8,75456.8,75673.8,940,500
2026-04-30 03:00:00,75669.2,75967.1,75623.8,75900.2,570,500
2026-04-30 04:00:00,75899.5,75944.3,75365.3,75460.6,688,500
2026-04-30 05:00:00,75464.4,75723.3,75277.6,75574.1,604,500
2026-04-30 06:00:00,75571.6,75842.0,75531.8,75723.5,544,500
2026-04-30 07:00:00,75711.3,76150.5,75681.9,76137.4,604,500
2026-04-30 08:00:00,76134.8,76191.1,75975.7,76030.9,486,500
2026-04-30 09:00:00,76011.5,76304.3,75963.7,76075.3,555,500
2026-04-30 10:00:00,76060.4,76140.5,75929.4,76004.4,511,500
2026-04-30 11:00:00,75996.1,76217.2,75832.8,76037.8,514,500
2026-04-30 12:00:00,76040.8,76382.7,76010.3,76275.5,551,500
2026-04-30 13:00:00,76258.6,76632.7,76057.4,76389.6,1291,500
2026-04-30 14:00:00,76368.9,76571.2,76045.5,76247.4,1702,501
2026-04-30 15:00:00,76247.1,76623.2,76118.2,76446.0,1520,501
2026-04-30 16:00:00,76447.1,76467.0,76174.1,76228.6,820,500
2026-04-30 17:00:00,76222.7,76307.6,76066.8,76218.6,663,501
2026-04-30 18:00:00,76216.9,76454.4,76161.9,76324.4,630,500
2026-04-30 19:00:00,76290.4,76498.5,76264.4,76386.4,671,500
2026-04-30 20:00:00,76387.4,76549.6,76270.5,76438.4,723,500
2026-04-30 21:00:00,76437.8,76517.5,76185.7,76218.9,548,500
2026-04-30 22:00:00,76186.4,76424.8,76156.4,76215.0,654,500
2026-04-30 23:00:00,76217.1,76357.9,76177.5,76319.5,609,502
2026-05-01 00:00:00,76289.2,76559.1,76274.3,76432.5,648,504
2026-05-01 01:00:00,76433.5,76753.2,76398.5,76664.9,776,500
2026-05-01 02:00:00,76669.7,76725.7,76487.7,76578.8,845,500
2026-05-01 03:00:00,76576.8,77440.8,76509.9,77104.2,1288,500
2026-05-01 04:00:00,77108.1,77186.2,76916.9,77016.7,677,500
2026-05-01 05:00:00,77020.8,77169.1,76991.4,77149.4,455,500
2026-05-01 06:00:00,77127.4,77160.3,76840.4,76962.3,455,500
2026-05-01 07:00:00,76966.1,77128.4,76918.8,77109.6,438,501
2026-05-01 08:00:00,77088.0,77489.5,77016.4,77355.8,458,500
2026-05-01 09:00:00,77360.6,77378.0,77173.0,77258.2,255,500
2026-05-01 10:00:00,77253.9,77413.2,77130.7,77284.0,251,500
2026-05-01 11:00:00,77284.3,77585.8,77233.7,77447.2,384,501
2026-05-01 12:00:00,77454.3,78161.9,77380.1,77885.1,967,501
2026-05-01 13:00:00,77867.4,78903.5,77867.4,78733.8,1311,505
2026-05-01 14:00:00,78731.3,78863.9,78032.8,78353.1,1186,500
2026-05-01 15:00:00,78349.8,78733.3,78162.4,78436.9,1045,500
2026-05-01 16:00:00,78434.9,78679.3,78142.6,78201.5,1060,500
2026-05-01 17:00:00,78163.0,78583.5,78111.4,78533.0,627,500
2026-05-01 18:00:00,78549.2,78617.5,78371.1,78422.3,585,500
2026-05-01 19:00:00,78432.0,78541.7,78296.7,78361.0,438,500
2026-05-01 20:00:00,78357.2,78410.5,77732.5,77869.3,448,503
2026-05-01 21:00:00,77873.3,78199.8,77848.9,78199.8,332,501
2026-05-01 22:00:00,78158.7,78406.0,78132.4,78144.6,270,1093
2026-05-01 23:00:00,78145.4,78234.6,78027.5,78225.6,174,501
2026-05-02 00:00:00,78225.7,78387.6,78160.4,78340.2,215,500
2026-05-02 01:00:00,78340.9,78431.4,78276.9,78338.4,181,509
2026-05-02 02:00:00,78337.9,78502.5,78249.4,78354.5,194,508
2026-05-02 03:00:00,78358.9,78512.6,78210.9,78406.1,186,505
2026-05-02 04:00:00,78408.5,78446.8,78119.9,78171.4,171,543
2026-05-02 05:00:00,78171.1,78233.0,77999.9,78175.1,170,528
2026-05-02 06:00:00,78178.9,78362.1,78138.9,78319.2,143,518
2026-05-02 07:00:00,78318.1,78344.3,78151.6,78216.3,103,545
2026-05-02 08:00:00,78212.0,78352.2,78141.2,78309.8,108,521
2026-05-02 09:00:00,78319.2,78391.3,78216.0,78294.1,123,569
2026-05-02 10:00:00,78293.9,78312.6,78172.1,78244.7,95,727
2026-05-02 11:00:00,78241.9,78241.9,78036.9,78142.7,106,505
2026-05-02 12:00:00,78142.1,78258.6,78041.9,78205.1,106,557
2026-05-02 13:00:00,78208.1,78420.2,78208.1,78363.0,156,500
2026-05-02 14:00:00,78363.6,78478.6,78258.1,78412.0,150,525
2026-05-02 15:00:00,78416.1,78480.8,78321.6,78479.7,114,529
2026-05-02 16:00:00,78479.4,78584.3,78415.5,78448.0,176,502
2026-05-02 17:00:00,78447.4,78481.8,78327.6,78389.2,103,677
2026-05-02 18:00:00,78384.9,78479.2,78253.0,78454.3,109,553
2026-05-02 19:00:00,78458.3,78515.6,78375.8,78473.7,96,609
2026-05-02 20:00:00,78477.3,78482.0,78364.1,78448.1,85,565
2026-05-02 21:00:00,78453.3,79149.1,78403.2,78724.6,350,768
2026-05-02 22:00:00,78659.6,78871.9,78605.0,78827.5,310,656
2026-05-02 23:00:00,78823.1,78823.3,78598.8,78681.7,179,516
2026-05-03 00:00:00,78686.3,78749.2,78478.9,78541.9,201,504
2026-05-03 01:00:00,78543.3,78543.3,78142.0,78234.4,266,500
2026-05-03 02:00:00,78230.1,78299.5,78104.3,78163.7,187,501
2026-05-03 03:00:00,78158.4,78208.8,78046.8,78191.9,147,509
2026-05-03 04:00:00,78191.6,78226.6,78072.8,78159.6,125,500
2026-05-03 05:00:00,78158.1,78249.5,78141.0,78174.7,97,595
2026-05-03 06:00:00,78174.7,78333.7,78069.5,78280.2,141,544
2026-05-03 07:00:00,78285.2,78442.4,78282.1,78355.1,176,502
2026-05-03 08:00:00,78353.2,78489.4,78312.8,78382.5,121,509
2026-05-03 09:00:00,78388.0,78595.3,78343.5,78524.8,183,536
2026-05-03 10:00:00,78525.3,78530.1,78383.4,78399.9,107,537
2026-05-03 11:00:00,78396.1,78833.8,78373.6,78651.6,240,571
2026-05-03 12:00:00,78652.5,78865.2,78652.5,78741.5,228,500
2026-05-03 13:00:00,78747.2,78756.7,78579.2,78659.1,171,500
2026-05-03 14:00:00,78660.9,78777.1,78603.3,78726.4,167,500
2026-05-03 15:00:00,78738.7,78800.4,78615.7,78652.6,166,500
2026-05-03 16:00:00,78653.5,78770.4,78549.9,78650.5,156,893
2026-05-03 17:00:00,78646.1,78815.1,78550.5,78722.0,182,527
2026-05-03 18:00:00,78722.5,78753.4,78598.0,78724.6,122,553
2026-05-03 19:00:00,78727.2,78842.8,78634.3,78756.0,144,553
2026-05-03 20:00:00,78752.2,79258.1,78674.0,78910.3,325,566
2026-05-03 21:00:00,78910.4,79049.3,78649.3,78829.4,274,500
2026-05-03 22:00:00,78766.8,79433.5,78762.7,79150.9,1289,608
2026-05-03 23:00:00,79151.0,79285.1,78467.8,78559.2,722,500
2026-05-04 00:00:00,78501.8,78559.3,78243.2,78532.6,737,502
2026-05-04 01:00:00,78542.3,79833.4,78388.5,79736.2,1253,502
2026-05-04 02:00:00,79736.2,80403.4,79509.4,80159.4,2377,500
2026-05-04 03:00:00,80165.4,80435.3,79892.9,80301.1,1099,500
2026-05-04 04:00:00,80304.5,80610.5,80203.3,80301.0,1054,500
2026-05-04 05:00:00,80301.0,80398.7,79940.1,80012.7,827,501
2026-05-04 06:00:00,80004.8,80039.8,79462.5,79857.3,808,508
2026-05-04 07:00:00,79857.9,79931.6,79657.9,79688.3,505,509
2026-05-04 08:00:00,79663.1,79784.4,79574.8,79690.2,546,501
2026-05-04 09:00:00,79643.8,79906.7,79619.0,79816.4,383,508
2026-05-04 10:00:00,79828.3,79860.6,78189.9,78926.1,2934,509
2026-05-04 11:00:00,78930.1,79117.2,78640.8,78778.9,920,501
2026-05-04 12:00:00,78770.9,79016.4,78685.4,78798.8,588,500
2026-05-04 13:00:00,78798.8,79106.4,78557.8,78776.2,1207,559
2026-05-04 14:00:00,78775.6,80538.5,78483.4,80211.1,2007,505
2026-05-04 15:00:00,80205.3,80375.6,79278.8,80021.5,2323,503
2026-05-04 16:00:00,80007.9,80393.7,79596.5,80014.1,1800,502
2026-05-04 17:00:00,80027.4,80758.3,80007.4,80367.3,1284,501
2026-05-04 18:00:00,80367.4,80427.2,80008.8,80100.5,807,500
2026-05-04 19:00:00,80086.3,80124.4,79851.1,80043.0,881,531
2026-05-04 20:00:00,80045.5,80149.4,79876.4,79929.9,418,500
2026-05-04 21:00:00,79935.6,80375.1,79921.4,80254.2,358,501
2026-05-04 22:00:00,80232.7,80389.1,80033.5,80059.2,364,501
2026-05-04 23:00:00,80053.6,80053.6,79720.8,79851.7,381,500
2026-05-05 00:00:00,79834.9,80177.4,79776.8,80161.3,494,500
2026-05-05 01:00:00,80166.2,80377.0,80042.8,80341.8,513,500
2026-05-05 02:00:00,80341.6,80894.7,80283.9,80525.3,648,500
2026-05-05 03:00:00,80526.2,81073.9,80432.2,80876.9,760,500
2026-05-05 04:00:00,80870.3,80977.7,80700.7,80895.7,500,500
2026-05-05 05:00:00,80894.4,81318.6,80818.3,80961.8,658,500
2026-05-05 06:00:00,80960.0,81006.4,80746.8,80967.5,469,500
2026-05-05 07:00:00,80952.4,81126.2,80813.4,80835.9,445,500
2026-05-05 08:00:00,80849.8,80878.1,80695.8,80801.9,279,500
2026-05-05 09:00:00,80802.9,80803.1,80504.9,80576.3,341,520
2026-05-05 10:00:00,80571.9,80831.1,80509.4,80826.0,297,500
2026-05-05 11:00:00,80821.0,81100.7,80734.8,81014.8,395,534
2026-05-05 12:00:00,80997.6,81311.2,80928.1,81275.8,471,500
2026-05-05 13:00:00,81272.1,81704.3,81192.8,81329.3,1141,500
2026-05-05 14:00:00,81322.2,81494.4,80928.3,81331.5,1297,503
2026-05-05 15:00:00,81330.0,81691.7,81223.3,81535.2,850,518
2026-05-05 16:00:00,81542.9,81612.9,81049.6,81286.6,768,500
2026-05-05 17:00:00,81284.1,81458.8,81172.9,81273.8,442,500
2026-05-05 18:00:00,81277.7,81597.0,81277.7,81512.6,450,500
2026-05-05 19:00:00,81508.3,81681.7,81394.6,81603.9,409,500
2026-05-05 20:00:00,81598.9,81769.5,81499.1,81641.6,519,500
2026-05-05 21:00:00,81636.2,81774.5,81294.9,81406.0,476,500
2026-05-05 22:00:00,81391.3,81596.9,80825.1,81108.3,764,500
2026-05-05 23:00:00,81108.8,81208.8,80767.3,80898.8,510,500
2026-05-06 00:00:00,80887.3,81253.9,80714.9,81013.2,651,508
2026-05-06 01:00:00,81004.9,81506.9,80962.9,81423.4,601,500
2026-05-06 02:00:00,81426.1,81436.1,81022.1,81352.3,449,500
2026-05-06 03:00:00,81340.0,81743.9,81332.0,81553.7,497,500
2026-05-06 04:00:00,81571.5,81637.6,81227.7,81322.7,428,500
2026-05-06 05:00:00,81318.9,81335.4,81039.6,81312.4,420,500
2026-05-06 06:00:00,81308.4,81503.6,81186.0,81469.0,382,500
2026-05-06 07:00:00,81474.8,81600.6,81304.6,81360.9,346,500
2026-05-06 08:00:00,81345.0,81977.7,81314.4,81940.9,834,500
2026-05-06 09:00:00,81926.9,82050.8,81654.4,81987.9,788,501
2026-05-06 10:00:00,81980.1,82383.7,81941.6,82277.0,928,500
2026-05-06 11:00:00,82264.1,82818.8,82208.8,82510.4,1056,510
2026-05-06 12:00:00,82513.1,82531.4,82138.8,82217.2,768,501
2026-05-06 13:00:00,82202.3,82205.7,81580.2,81659.6,1398,505
2026-05-06 14:00:00,81645.5,81967.7,81112.1,81517.9,1369,501
2026-05-06 15:00:00,81509.8,81805.0,81295.9,81693.2,825,500
2026-05-06 16:00:00,81695.0,81875.4,81423.3,81615.5,733,504
2026-05-06 17:00:00,81595.5,81696.3,81367.0,81441.2,586,500
2026-05-06 18:00:00,81428.4,81547.1,81247.4,81340.9,545,500
2026-05-06 19:00:00,81314.9,81498.9,81174.9,81453.5,559,500
2026-05-06 20:00:00,81453.0,81692.9,81277.2,81419.2,438,500
2026-05-06 21:00:00,81404.4,81612.4,81280.1,81532.4,305,500
2026-05-06 22:00:00,81517.5,81525.2,81227.3,81337.2,375,500
2026-05-06 23:00:00,81334.4,81438.7,80986.0,81422.5,425,500
2026-05-07 00:00:00,81415.4,81477.3,80946.9,81008.5,526,500
2026-05-07 01:00:00,81001.2,81275.5,80844.9,81161.2,758,503
2026-05-07 02:00:00,81159.9,81170.5,80867.1,81111.1,497,500
2026-05-07 03:00:00,81109.8,81109.8,80810.0,80833.0,351,500
2026-05-07 04:00:00,80835.1,80977.9,80717.7,80966.4,410,500
2026-05-07 05:00:00,80962.5,81162.1,80956.5,81057.8,326,500
2026-05-07 06:00:00,81057.7,81438.4,80859.4,81436.3,422,500
2026-05-07 07:00:00,81431.7,81703.3,81389.3,81519.5,475,501
2026-05-07 08:00:00,81522.2,81584.3,81183.6,81212.4,437,504
2026-05-07 09:00:00,81210.8,81211.5,80832.3,80921.9,424,516
2026-05-07 10:00:00,80927.4,80981.9,80557.9,80837.6,477,500
2026-05-07 11:00:00,80831.4,81033.0,80760.4,80855.8,398,501
2026-05-07 12:00:00,80852.0,81180.5,80819.4,81159.7,490,500
2026-05-07 13:00:00,81132.4,81159.7,80231.4,80498.6,1121,508
2026-05-07 14:00:00,80419.8,80679.9,80020.3,80155.1,1216,502
2026-05-07 15:00:00,80161.8,80264.7,79679.6,79857.0,1319,501
2026-05-07 16:00:00,79857.2,80001.1,79680.0,79786.0,937,501
2026-05-07 17:00:00,79770.9,80123.5,79451.1,80087.4,978,503
2026-05-07 18:00:00,80089.4,80270.5,79965.8,80202.7,808,500
2026-05-07 19:00:00,80190.7,80209.2,79906.3,80135.7,697,502
2026-05-07 20:00:00,80137.6,80351.3,79843.4,79871.3,504,500
2026-05-07 21:00:00,79868.5,79923.4,79627.0,79701.3,407,504
2026-05-07 22:00:00,79672.8,79982.0,79552.4,79902.2,552,503
2026-05-07 23:00:00,79887.0,80053.1,79857.0,80000.8,239,500
2026-05-08 00:00:00,79997.4,80130.4,79715.3,79819.3,311,509
2026-05-08 01:00:00,79821.5,79891.7,79593.5,79732.3,352,500
2026-05-08 02:00:00,79707.9,79749.5,79310.4,79469.9,528,500
2026-05-08 03:00:00,79466.0,79656.4,79161.9,79563.4,351,500
2026-05-08 04:00:00,79559.5,79741.2,79527.4,79642.2,226,500
2026-05-08 05:00:00,79646.2,79769.0,79566.3,79593.3,195,500
2026-05-08 06:00:00,79589.9,79638.0,79388.1,79501.9,289,500
2026-05-08 07:00:00,79453.8,79714.3,79229.0,79660.2,272,512
2026-05-08 08:00:00,79619.8,79970.4,79619.8,79872.1,314,512
2026-05-08 09:00:00,79871.0,80030.4,79762.7,79856.1,250,500
2026-05-08 10:00:00,79860.2,80250.4,79760.5,80200.1,433,500
2026-05-08 11:00:00,80192.4,80321.8,80118.4,80219.3,436,500
2026-05-08 12:00:00,80219.1,80481.1,79929.8,80001.2,811,501
2026-05-08 13:00:00,80020.6,80088.2,79517.4,79624.4,1213,505
2026-05-08 14:00:00,79609.0,80420.6,79607.8,80131.1,1431,501
2026-05-08 15:00:00,80126.5,80188.8,79580.8,80102.9,1081,501
2026-05-08 16:00:00,80102.9,80164.9,79703.3,79774.6,794,506
2026-05-08 17:00:00,79770.1,80254.0,79709.0,80048.5,1001,500
2026-05-08 18:00:00,80036.4,80295.1,80035.9,80073.5,644,520
2026-05-08 19:00:00,80030.8,80157.9,79934.9,80134.3,579,503
2026-05-08 20:00:00,80156.4,80287.5,80056.3,80123.2,408,500
2026-05-08 21:00:00,80143.5,80253.9,80039.6,80250.0,199,514
2026-05-08 22:00:00,80188.5,80410.1,80165.6,80270.4,246,1165
2026-05-08 23:00:00,80269.9,80286.2,80104.6,80190.3,152,500
2026-05-09 00:00:00,80189.3,80234.0,80075.5,80226.5,145,525
2026-05-09 01:00:00,80221.8,80432.8,80212.9,80322.4,193,500
2026-05-09 02:00:00,80322.3,80472.6,80316.8,80420.5,172,500
2026-05-09 03:00:00,80418.4,80540.9,80279.3,80381.8,204,502
2026-05-09 04:00:00,80386.5,80671.4,80363.5,80378.8,257,500
2026-05-09 05:00:00,80378.0,80479.5,80294.6,80373.1,139,543
2026-05-09 06:00:00,80373.0,80426.4,80139.5,80252.8,201,502
2026-05-09 07:00:00,80252.1,80294.4,80126.8,80218.5,161,510
2026-05-09 08:00:00,80217.0,80442.3,80207.2,80400.3,140,1282
2026-05-09 09:00:00,80337.8,80405.2,80166.7,80230.0,155,758
2026-05-09 10:00:00,80230.7,80342.7,80146.8,80256.3,129,508
2026-05-09 11:00:00,80255.8,80362.1,80176.6,80333.3,116,661
2026-05-09 12:00:00,80329.1,80407.5,80232.2,80334.9,130,955
2026-05-09 13:00:00,80392.0,80410.2,80282.8,80388.4,131,526
2026-05-09 14:00:00,80392.3,80418.2,80240.1,80321.4,205,517
2026-05-09 15:00:00,80317.5,80587.3,80223.5,80517.4,214,500
2026-05-09 16:00:00,80532.6,80757.0,80473.0,80608.0,271,500
2026-05-09 17:00:00,80610.0,80913.8,80610.0,80796.1,278,500
2026-05-09 18:00:00,80796.0,81061.4,80742.8,80894.8,250,515
2026-05-09 19:00:00,80906.1,80949.3,80734.7,80924.9,166,500
2026-05-09 20:00:00,80925.7,80930.4,80716.3,80791.6,131,557
2026-05-09 21:00:00,80793.4,80882.0,80677.9,80767.9,142,582
2026-05-09 22:00:00,80710.8,80810.9,80659.2,80754.8,164,1097
2026-05-09 23:00:00,80750.9,80829.5,80585.2,80655.0,161,570
2026-05-10 00:00:00,80654.6,80760.0,80601.8,80657.6,182,523
2026-05-10 01:00:00,80655.1,80673.9,80528.7,80669.3,210,504
2026-05-10 02:00:00,80666.9,80782.7,80544.9,80767.9,185,504
2026-05-10 03:00:00,80770.4,80870.7,80662.8,80755.9,129,768
2026-05-10 04:00:00,80760.9,80832.3,80687.1,80743.4,134,538
2026-05-10 05:00:00,80744.9,80804.3,80627.5,80680.9,140,503
2026-05-10 06:00:00,80688.6,80733.6,80590.8,80721.2,92,646
2026-05-10 07:00:00,80726.3,80796.4,80681.1,80722.9,103,583
2026-05-10 08:00:00,80720.9,80897.4,80704.1,80819.0,133,500
2026-05-10 09:00:00,80819.5,80904.5,80682.9,80792.1,126,547
2026-05-10 10:00:00,80792.5,80878.3,80680.7,80863.4,170,500
2026-05-10 11:00:00,80867.8,80962.1,80714.9,80813.9,164,541
2026-05-10 12:00:00,80813.7,80948.1,80742.6,80920.9,181,541
2026-05-10 13:00:00,80922.6,81000.1,80860.2,80962.7,210,500
2026-05-10 14:00:00,80949.9,80991.5,80807.2,80982.8,201,500
2026-05-10 15:00:00,80982.6,81427.4,80927.3,81404.6,399,500
2026-05-10 16:00:00,81403.2,81489.5,81184.3,81358.8,344,500
2026-05-10 17:00:00,81360.9,81572.5,81206.9,81468.3,366,502
2026-05-10 18:00:00,81468.5,81492.2,81222.2,81260.6,244,500
2026-05-10 19:00:00,81259.2,81475.6,81134.4,81416.9,261,500
2026-05-10 20:00:00,81422.0,81450.4,80243.8,80720.7,742,500
2026-05-10 21:00:00,80723.0,80938.2,80546.2,80712.6,517,501
2026-05-10 22:00:00,80652.8,82150.0,80596.8,82018.7,1568,615
2026-05-10 23:00:00,82004.9,82456.9,82004.9,82195.8,1322,501
2026-05-11 00:00:00,82162.2,82362.7,81239.4,81452.7,1343,502
2026-05-11 01:00:00,81397.8,81728.3,81253.5,81486.3,1022,505
2026-05-11 02:00:00,81490.3,81547.0,81072.3,81160.1,1014,500
2026-05-11 03:00:00,81156.9,81169.9,80491.7,80710.9,1207,500
2026-05-11 04:00:00,80693.1,80865.3,80605.7,80797.4,497,500
2026-05-11 05:00:00,80790.2,80957.3,80722.2,80811.9,430,500
2026-05-11 06:00:00,80809.4,81032.4,80728.5,80818.9,563,500
2026-05-11 07:00:00,80766.8,80826.0,80642.2,80731.9,769,507
2026-05-11 08:00:00,80700.8,80848.4,80577.0,80745.3,914,504
2026-05-11 09:00:00,80695.8,80987.0,80695.8,80943.8,494,504
2026-05-11 10:00:00,80899.8,81185.3,80899.8,80927.7,521,503
2026-05-11 11:00:00,80930.3,81181.7,80860.8,81181.7,352,501
2026-05-11 12:00:00,81184.9,81339.2,80992.9,81028.5,566,501
2026-05-11 13:00:00,81029.9,81310.2,80707.8,81034.9,1152,506
2026-05-11 14:00:00,81033.9,81224.4,80396.8,80912.9,1291,502
2026-05-11 15:00:00,80914.7,81431.3,80778.4,81418.3,953,500
2026-05-11 16:00:00,81422.6,81892.0,81316.2,81551.8,1023,500
2026-05-11 17:00:00,81536.2,82048.5,81325.4,81924.2,998,501
2026-05-11 18:00:00,81920.0,82122.5,81807.3,81844.1,677,501
2026-05-11 19:00:00,81843.9,82075.6,81704.4,81945.6,620,500
2026-05-11 20:00:00,81948.4,82069.2,81731.8,81804.1,543,501
2026-05-11 21:00:00,81802.6,81885.7,81567.2,81780.6,503,513
2026-05-11 22:00:00,81780.6,81945.1,81699.9,81810.1,429,500
2026-05-11 23:00:00,81810.6,81810.6,81574.8,81725.2,332,509
2026-05-12 00:00:00,81713.6,81775.0,81446.5,81528.3,436,500
2026-05-12 01:00:00,81524.4,81598.9,80708.5,81170.9,954,500
2026-05-12 02:00:00,81127.8,81312.6,81040.9,81240.5,622,506
2026-05-12 03:00:00,81234.0,81276.1,80987.7,81034.6,432,500
2026-05-12 04:00:00,81029.9,81286.4,80963.1,81203.4,491,501
2026-05-12 05:00:00,81201.9,81292.4,81150.6,81204.8,345,500
2026-05-12 06:00:00,81199.5,81286.6,80967.7,81000.8,302,500
2026-05-12 07:00:00,80949.8,81105.8,80763.9,80833.7,619,509
2026-05-12 08:00:00,80823.0,80943.9,80698.8,80820.2,489,501
2026-05-12 09:00:00,80816.3,80940.5,80671.8,80802.4,555,510
2026-05-12 10:00:00,80767.8,80821.2,80569.6,80638.3,858,500
2026-05-12 11:00:00,80644.6,80765.3,80449.8,80750.9,919,526
2026-05-12 12:00:00,80757.4,80986.4,80570.1,80856.9,1789,501
2026-05-12 13:00:00,80863.0,80911.2,80353.3,80438.5,942,500
2026-05-12 14:00:00,80427.4,80868.4,80349.3,80520.1,1012,500
2026-05-12 15:00:00,80498.1,80636.6,80127.7,80310.6,1061,507
2026-05-12 16:00:00,80298.4,80404.0,79802.4,79956.4,937,501
2026-05-12 17:00:00,80009.9,80553.7,79914.4,80496.4,661,501
2026-05-12 18:00:00,80492.4,80733.1,80401.5,80650.9,516,500
2026-05-12 19:00:00,80651.7,80844.9,80633.0,80817.1,559,500
2026-05-12 20:00:00,80792.7,80865.0,80603.0,80672.7,269,500
2026-05-12 21:00:00,80685.9,80719.4,80462.2,80568.4,240,500
2026-05-12 22:00:00,80552.1,80773.6,80552.1,80639.6,329,500
2026-05-12 23:00:00,80634.7,80699.0,80405.3,80484.0,298,500
2026-05-13 00:00:00,80469.4,80752.0,80383.9,80693.5,446,500
2026-05-13 01:00:00,80694.4,81185.0,80648.4,80964.6,624,500
2026-05-13 02:00:00,80988.5,81253.4,80903.3,81039.9,518,500
2026-05-13 03:00:00,81039.6,81282.6,80944.2,81239.8,415,500
2026-05-13 04:00:00,81242.7,81263.9,81090.9,81213.6,315,500
2026-05-13 05:00:00,81192.4,81225.4,80958.6,80995.6,213,500
2026-05-13 06:00:00,80998.9,81139.4,80937.4,80956.5,235,517
2026-05-13 07:00:00,80938.4,81025.4,80853.4,80998.4,296,502
2026-05-13 08:00:00,81009.4,81178.4,80909.5,81166.4,369,500
2026-05-13 09:00:00,81172.5,81284.6,81089.0,81249.0,367,500
2026-05-13 10:00:00,81247.9,81263.4,80765.2,80787.9,367,500
2026-05-13 11:00:00,80763.4,80818.0,80457.7,80471.9,351,500
2026-05-13 12:00:00,80471.4,80564.3,79808.6,80173.5,846,500
2026-05-13 13:00:00,80156.8,80324.6,79534.9,79712.5,986,500
2026-05-13 14:00:00,79595.8,79871.1,79430.9,79727.7,931,503
2026-05-13 15:00:00,79717.1,79829.9,78735.5,78786.9,901,500
2026-05-13 16:00:00,78770.3,79194.0,78694.4,79068.2,1207,512
2026-05-13 17:00:00,79076.6,79537.4,79057.4,79483.8,550,502
2026-05-13 18:00:00,79469.4,79778.5,79469.4,79575.1,571,500
2026-05-13 19:00:00,79571.9,79615.4,79359.6,79614.3,428,500
2026-05-13 20:00:00,79611.9,79734.7,79577.4,79675.6,303,500
2026-05-13 21:00:00,79680.8,79680.8,79310.7,79362.6,429,500
2026-05-13 22:00:00,79344.2,79445.4,79184.0,79395.2,487,500
2026-05-13 23:00:00,79398.2,79457.8,79187.9,79286.2,389,500
2026-05-14 00:00:00,79274.0,79652.9,79274.0,79546.1,479,500
2026-05-14 01:00:00,79543.2,79658.9,79374.0,79572.7,469,500
2026-05-14 02:00:00,79572.3,79649.2,79171.5,79335.7,444,500
2026-05-14 03:00:00,79331.3,79428.5,78874.3,78992.8,846,500
2026-05-14 04:00:00,78993.6,79436.7,78936.4,79416.2,484,500
2026-05-14 05:00:00,79414.6,79962.8,79327.8,79782.9,579,500
2026-05-14 06:00:00,79773.4,79909.3,79717.7,79780.8,488,500
2026-05-14 07:00:00,79750.1,79910.8,79655.4,79716.2,439,500
2026-05-14 08:00:00,79694.0,79908.4,79599.9,79787.0,382,500
2026-05-14 09:00:00,79788.2,79872.8,79529.9,79599.1,338,500
2026-05-14 10:00:00,79593.8,79721.7,79368.1,79537.3,416,500
2026-05-14 11:00:00,79529.3,79576.8,79177.4,79221.0,356,500
2026-05-14 12:00:00,79199.4,79753.8,79179.7,79726.1,594,500
2026-05-14 13:00:00,79742.7,80031.9,79636.9,79676.6,1190,501
2026-05-14 14:00:00,79658.4,80992.2,79531.4,80951.0,1380,500
2026-05-14 15:00:00,80943.5,81328.1,80794.4,81292.7,1229,500
2026-05-14 16:00:00,81292.2,81878.8,81071.1,81871.4,1505,503
2026-05-14 17:00:00,81871.3,82043.9,81255.9,81669.2,1300,501
2026-05-14 18:00:00,81658.3,81957.4,81423.4,81574.0,844,500
2026-05-14 19:00:00,81578.1,81714.7,81312.1,81423.4,801,500
2026-05-14 20:00:00,81416.8,81611.6,81141.2,81404.0,634,500
2026-05-14 21:00:00,81415.4,81523.2,81246.7,81379.3,393,502
2026-05-14 22:00:00,81362.0,81547.9,81318.9,81443.9,417,526
2026-05-14 23:00:00,81425.6,81425.6,81020.2,81076.1,356,500
2026-05-15 00:00:00,81055.0,81649.7,81050.5,81498.3,657,500
2026-05-15 01:00:00,81483.9,81601.1,81080.4,81120.0,788,500
2026-05-15 02:00:00,81099.8,81336.1,80721.0,81279.3,910,500
2026-05-15 03:00:00,81278.2,81330.2,80901.8,81048.6,607,500
2026-05-15 04:00:00,81048.9,81084.1,80682.9,80716.4,491,500
2026-05-15 05:00:00,80684.5,80873.1,80288.9,80344.2,970,500
2026-05-15 06:00:00,80343.9,80621.3,80286.7,80572.1,657,501
2026-05-15 07:00:00,80554.1,80987.6,80541.5,80811.8,642,500
2026-05-15 08:00:00,80799.6,80814.8,80390.4,80633.6,787,500
2026-05-15 09:00:00,80636.2,80666.6,80348.6,80479.4,826,500
2026-05-15 10:00:00,80456.7,80762.2,80386.4,80705.2,812,500
2026-05-15 11:00:00,80709.2,80747.1,80566.4,80616.1,445,500
2026-05-15 12:00:00,80596.4,80634.8,80311.2,80356.4,612,500
2026-05-15 13:00:00,80354.6,80367.4,78639.4,78719.9,1737,500
2026-05-15 14:00:00,78686.8,79304.8,78596.8,79123.4,1872,503
2026-05-15 15:00:00,79125.7,79349.2,78969.3,79123.3,1216,500
2026-05-15 16:00:00,79104.1,79351.4,79082.0,79264.1,802,500
2026-05-15 17:00:00,79264.0,79474.5,79183.1,79428.1,829,500
2026-05-15 18:00:00,79394.4,79536.5,79120.4,79239.2,809,504
2026-05-15 19:00:00,79214.4,79255.8,78999.9,79096.9,733,500
2026-05-15 20:00:00,79079.2,79180.8,78936.4,79082.7,699,503
2026-05-15 21:00:00,79086.8,79168.5,78869.5,78927.9,454,500
2026-05-15 22:00:00,78866.9,79105.7,78863.0,79064.9,323,1077
2026-05-15 23:00:00,79060.5,79113.6,78987.1,79060.7,170,544
2026-05-16 00:00:00,79061.2,79183.1,79029.8,79069.4,202,500
2026-05-16 01:00:00,79067.2,79144.2,78966.6,79121.4,181,580
2026-05-16 02:00:00,79118.4,79165.8,78973.8,79102.8,182,527
2026-05-16 03:00:00,79101.0,79145.7,78950.2,79038.9,108,588
2026-05-16 04:00:00,79028.0,79092.8,78823.0,78996.8,232,500
2026-05-16 05:00:00,78996.4,79005.4,78878.2,78995.4,152,519
2026-05-16 06:00:00,78932.9,79021.2,78424.1,78605.9,285,1302
2026-05-16 07:00:00,78598.9,78617.1,78033.4,78306.8,571,500
2026-05-16 08:00:00,78304.8,78501.7,78268.8,78384.2,252,1434
2026-05-16 09:00:00,78388.6,78410.0,77866.9,78055.3,502,501
2026-05-16 10:00:00,78053.0,78078.1,77613.9,77939.0,500,518
2026-05-16 11:00:00,77952.2,78167.5,77949.9,78055.1,245,500
2026-05-16 12:00:00,78052.3,78108.5,77893.4,77986.9,189,501
2026-05-16 13:00:00,77971.9,77992.3,77804.5,77992.3,235,512
2026-05-16 14:00:00,77998.3,78312.4,77859.4,78100.0,221,502
2026-05-16 15:00:00,78093.4,78263.6,78029.6,78205.6,188,563
2026-05-16 16:00:00,78200.6,78340.6,78090.4,78176.4,246,515
2026-05-16 17:00:00,78173.2,78293.5,78165.6,78176.2,167,500
2026-05-16 18:00:00,78172.3,78305.4,78075.5,78211.4,176,556
2026-05-16 19:00:00,78213.6,78281.1,78164.9,78235.7,149,500
2026-05-16 20:00:00,78241.4,78293.1,78126.4,78226.0,138,795
2026-05-16 21:00:00,78222.7,78287.5,78153.5,78235.6,145,582
2026-05-16 22:00:00,78195.8,78254.7,78105.8,78154.2,129,747
2026-05-16 23:00:00,78149.0,78245.8,78082.4,78113.7,107,1303
2026-05-17 00:00:00,78114.1,78216.7,77773.8,77924.7,173,633
2026-05-17 01:00:00,77922.0,78091.5,77693.9,77704.2,394,500
2026-05-17 02:00:00,77696.9,77910.8,77695.2,77867.7,228,501
2026-05-17 03:00:00,77860.1,78054.4,77856.4,77995.0,179,531
2026-05-17 04:00:00,77996.3,78176.6,77968.6,78130.5,162,502
2026-05-17 05:00:00,78122.7,78296.7,78021.2,78102.4,153,500
2026-05-17 06:00:00,78107.8,78184.3,77947.0,78080.3,127,556
2026-05-17 07:00:00,78085.0,78184.3,77973.8,78152.9,161,533
2026-05-17 08:00:00,78159.2,78168.1,77972.9,78064.0,119,529
2026-05-17 09:00:00,78069.1,78270.3,77993.1,78219.9,139,615
2026-05-17 10:00:00,78220.1,78571.2,78214.9,78440.8,312,500
2026-05-17 11:00:00,78443.4,78449.3,78265.8,78387.7,212,509
2026-05-17 12:00:00,78393.0,78526.0,78300.9,78339.9,212,538
2026-05-17 13:00:00,78290.8,78342.0,78135.8,78180.3,206,542
2026-05-17 14:00:00,78185.0,78190.2,77818.9,78020.9,334,501
2026-05-17 15:00:00,78019.0,78097.8,77882.7,78018.1,203,500
2026-05-17 16:00:00,78021.2,78156.6,77960.1,78005.6,168,524
2026-05-17 17:00:00,78011.3,78065.4,77792.8,78055.5,238,500
2026-05-17 18:00:00,78051.5,78238.7,77979.0,78231.0,194,529
2026-05-17 19:00:00,78233.6,78446.8,78133.6,78378.6,175,503
2026-05-17 20:00:00,78375.7,78405.8,78178.8,78232.8,159,931
2026-05-17 21:00:00,78229.9,78453.9,78179.9,78370.3,200,513
2026-05-17 22:00:00,78332.8,78374.8,77771.8,77931.6,1055,712
2026-05-17 23:00:00,77944.4,77959.6,76652.8,77414.1,2609,500
2026-05-18 00:00:00,77383.8,77437.1,76848.5,77142.2,3458,501
2026-05-18 01:00:00,77142.4,77253.6,76681.8,77082.5,3396,502
2026-05-18 02:00:00,77043.4,77188.9,76638.8,76768.9,2070,501
2026-05-18 03:00:00,76768.7,76984.2,76742.2,76865.5,1621,500
2026-05-18 04:00:00,76883.0,77030.4,76712.4,76990.3,1138,500
2026-05-18 05:00:00,76999.7,77048.6,76814.5,76877.3,854,500
2026-05-18 06:00:00,76830.8,76932.2,76522.4,76873.4,1157,503
2026-05-18 07:00:00,76839.8,77044.0,76706.1,77028.7,1092,508
2026-05-18 08:00:00,77004.3,77135.0,76811.7,76983.1,985,500
2026-05-18 09:00:00,76957.9,77004.8,76811.5,76891.2,615,500
2026-05-18 10:00:00,76894.0,76914.8,76643.5,76731.4,781,500
2026-05-18 11:00:00,76736.6,77372.4,76602.4,77225.0,1517,500
2026-05-18 12:00:00,77248.2,77764.5,77215.8,77608.2,1894,502
2026-05-18 13:00:00,77561.8,77607.7,76635.6,76892.3,2093,510
2026-05-18 14:00:00,76899.3,76916.6,76166.9,76323.4,3965,503
2026-05-18 15:00:00,76323.8,76428.9,75973.9,76326.8,3607,502
2026-05-18 16:00:00,76358.8,76590.8,76142.2,76352.8,2034,501
2026-05-18 17:00:00,76354.8,76706.9,76297.5,76652.6,1590,501
2026-05-18 18:00:00,76618.5,76657.3,76062.5,76165.7,2175,502
2026-05-18 19:00:00,76184.8,76940.5,76154.8,76878.6,2345,502
2026-05-18 20:00:00,76871.2,77131.9,76803.7,76821.8,1159,502
2026-05-18 21:00:00,76859.2,77138.8,76711.8,77038.4,976,500
2026-05-18 22:00:00,77033.9,77181.1,76870.5,77025.4,472,500
2026-05-18 23:00:00,77015.9,77114.7,76866.0,76952.5,809,500
2026-05-19 00:00:00,76928.2,77368.5,76879.4,77089.6,1375,500
2026-05-19 01:00:00,77055.9,77110.7,76592.3,76609.2,1472,500
2026-05-19 02:00:00,76596.5,76948.7,76407.3,76557.8,1382,500
2026-05-19 03:00:00,76535.8,76812.4,76502.5,76731.4,1085,500
2026-05-19 04:00:00,76698.5,76893.4,76618.9,76866.4,991,500
2026-05-19 05:00:00,76870.6,76955.0,76557.6,76832.1,1085,500
2026-05-19 06:00:00,76833.4,77054.0,76815.7,76973.6,1041,500
2026-05-19 07:00:00,76945.3,77228.2,76896.4,77150.0,1010,500
2026-05-19 08:00:00,77150.6,77258.2,76895.8,76995.2,957,500
2026-05-19 09:00:00,76970.4,77019.3,76625.4,76738.2,1141,500
2026-05-19 10:00:00,76742.0,77043.7,76634.4,76982.0,1245,500
2026-05-19 11:00:00,76954.2,77021.9,76556.4,76638.5,1131,500
2026-05-19 12:00:00,76640.4,76930.8,76573.7,76868.8,1159,500
2026-05-19 13:00:00,76858.9,77001.8,76500.5,76786.8,2916,500
2026-05-19 14:00:00,76785.6,76927.8,76060.8,76309.4,3445,501
2026-05-19 15:00:00,76328.9,76617.5,76252.6,76428.0,1850,500
2026-05-19 16:00:00,76431.8,76869.0,76327.6,76834.1,1551,500
2026-05-19 17:00:00,76809.4,76966.4,76672.8,76789.8,1601,500
2026-05-19 18:00:00,76796.1,76891.9,76655.7,76743.5,1502,500
2026-05-19 19:00:00,76748.5,77016.0,76688.4,76764.8,1565,500
2026-05-19 20:00:00,76770.5,76981.4,76733.5,76926.4,630,500
2026-05-19 21:00:00,76960.6,76982.6,76883.2,76883.2,434,500
2026-05-19 22:00:00,76895.7,76915.2,76563.0,76644.7,503,500
2026-05-19 23:00:00,76621.1,76927.4,76582.1,76742.6,632,508
2026-05-20 00:00:00,76742.5,76836.7,76424.8,76693.9,1844,500
2026-05-20 01:00:00,76696.7,76855.0,76441.1,76746.9,1999,500
2026-05-20 02:00:00,76751.7,76844.7,76510.2,76596.4,1145,500
2026-05-20 03:00:00,76611.4,76763.1,76518.2,76655.3,894,500
2026-05-20 04:00:00,76660.8,76771.9,76599.0,76711.5,649,500
2026-05-20 05:00:00,76720.1,77252.8,76707.4,77131.7,1203,500
2026-05-20 06:00:00,77119.7,77350.4,77101.5,77340.4,1025,500
2026-05-20 07:00:00,77350.7,77404.6,77137.7,77214.4,978,500
2026-05-20 08:00:00,77215.7,77545.9,77118.6,77379.4,795,501
2026-05-20 09:00:00,77383.1,77468.8,77270.1,77401.9,546,500
2026-05-20 10:00:00,77407.2,77589.3,77384.1,77418.9,449,500
2026-05-20 11:00:00,77431.9,77493.4,77238.1,77310.8,417,500
2026-05-20 12:00:00,77300.0,77676.9,77271.9,77557.9,812,500
2026-05-20 13:00:00,77528.5,77588.9,76890.6,77142.1,2473,500
2026-05-20 14:00:00,77112.6,77498.3,76803.7,77385.0,3306,517
2026-05-20 15:00:00,77384.8,77753.4,77220.9,77394.9,2205,502
2026-05-20 16:00:00,77365.5,77493.4,76916.0,77268.8,1867,500
2026-05-20 17:00:00,77267.8,77656.8,77131.8,77476.2,1788,500
2026-05-20 18:00:00,77476.6,77575.7,77302.8,77357.1,1487,506
2026-05-20 19:00:00,77358.0,77653.9,77262.0,77612.8,1581,501
2026-05-20 20:00:00,77584.0,77703.4,77385.6,77649.8,1574,500
2026-05-20 21:00:00,77647.7,77708.7,77404.5,77411.9,606,500
2026-05-20 22:00:00,77411.8,77439.4,77123.3,77438.3,710,502
2026-05-20 23:00:00,77438.2,77502.2,77292.6,77458.8,645,501
2026-05-21 00:00:00,77490.3,78005.8,77437.3,77873.2,1278,500
2026-05-21 01:00:00,77904.3,78111.0,77713.5,77771.9,1415,501
2026-05-21 02:00:00,77804.7,78044.3,77736.4,77893.7,1049,500
2026-05-21 03:00:00,77886.8,78043.1,77812.7,78016.8,673,500
2026-05-21 04:00:00,77995.4,78111.7,77878.6,77942.3,808,500
2026-05-21 05:00:00,77961.0,78067.4,77640.5,77765.1,664,500
2026-05-21 06:00:00,77739.9,77809.0,77449.0,77526.1,883,500
2026-05-21 07:00:00,77526.9,77841.4,77431.8,77813.6,1000,500
2026-05-21 08:00:00,77823.1,78139.4,77795.9,77838.2,1566,500
2026-05-21 09:00:00,77842.2,77920.2,77540.8,77562.8,867,500
2026-05-21 10:00:00,77571.3,77622.1,77089.2,77138.4,2177,500
2026-05-21 11:00:00,77109.8,77314.4,77045.6,77126.7,1456,500
2026-05-21 12:00:00,77130.6,77304.7,76973.1,77216.5,1544,500
2026-05-21 13:00:00,77176.4,77293.1,76627.9,77047.9,2836,500
2026-05-21 14:00:00,77029.8,77182.3,76684.9,76912.8,2682,502
2026-05-21 15:00:00,76894.8,77339.7,76795.1,77161.2,2270,503
2026-05-21 16:00:00,77161.5,77279.4,76911.9,77127.0,1672,500
2026-05-21 17:00:00,77101.4,78029.4,77088.2,77780.6,3064,500
2026-05-21 18:00:00,77804.6,77859.6,77162.2,77295.9,2413,502
2026-05-21 19:00:00,77294.0,77739.5,77279.5,77612.5,1699,500
2026-05-21 20:00:00,77618.8,77742.4,77560.4,77605.2,860,500
2026-05-21 21:00:00,77650.1,77749.3,77552.5,77579.8,674,500
2026-05-21 22:00:00,77579.8,77688.7,77462.8,77556.3,412,500
2026-05-21 23:00:00,77545.5,77691.3,77449.0,77529.9,591,500
2026-05-22 00:00:00,77537.3,77574.8,77283.6,77314.5,1043,500
2026-05-22 01:00:00,77290.2,77601.0,77232.5,77553.9,1014,500
2026-05-22 02:00:00,77553.1,77677.0,77506.3,77583.9,729,501
2026-05-22 03:00:00,77613.5,77748.4,77599.5,77681.4,639,500
2026-05-22 04:00:00,77715.2,77833.9,77545.3,77557.9,655,500
2026-05-22 05:00:00,77588.9,77663.5,77358.6,77417.8,764,500
2026-05-22 06:00:00,77415.4,77461.5,77253.3,77348.1,979,500
2026-05-22 07:00:00,77316.7,77480.8,77180.8,77332.8,780,500
2026-05-22 08:00:00,77312.4,77473.0,77111.2,77160.6,989,500
2026-05-22 09:00:00,77160.2,77291.4,77101.7,77228.2,753,501
2026-05-22 10:00:00,77218.9,77299.5,77153.3,77235.7,633,500
2026-05-22 11:00:00,77238.7,77354.8,77080.1,77352.5,686,501
2026-05-22 12:00:00,77357.4,77509.7,77291.5,77458.8,1032,501
2026-05-22 13:00:00,77431.6,77478.6,77014.3,77216.6,1964,506
2026-05-22 14:00:00,77191.9,77191.9,76634.9,76684.4,1905,501
2026-05-22 15:00:00,76683.3,76952.7,76453.9,76709.0,1743,501
2026-05-22 16:00:00,76700.7,76929.1,76657.9,76878.8,1100,502
2026-05-22 17:00:00,76879.8,77025.2,76644.6,76679.8,1389,500
2026-05-22 18:00:00,76666.9,76831.0,75995.4,76460.8,1881,516
2026-05-22 19:00:00,76420.3,76513.4,75548.6,75780.4,2963,511
2026-05-22 20:00:00,75779.8,76015.5,75707.9,75901.2,1515,504
2026-05-22 21:00:00,75884.4,76007.9,75853.2,75892.7,225,535
2026-05-22 22:00:00,75815.2,75907.8,75467.2,75651.3,438,728
2026-05-22 23:00:00,75654.4,75798.7,75261.2,75459.1,357,602
2026-05-23 00:00:00,75458.9,75551.5,75129.6,75272.3,548,501
2026-05-23 01:00:00,75277.7,75422.3,75204.0,75416.4,214,502
2026-05-23 02:00:00,75409.3,75507.9,75325.4,75489.5,173,500
2026-05-23 03:00:00,75488.0,75586.6,75430.9,75556.5,109,523
2026-05-23 04:00:00,75545.9,75578.6,75357.9,75465.5,110,569
2026-05-23 05:00:00,75452.9,75485.3,75320.8,75415.3,113,528
2026-05-23 06:00:00,75410.4,75429.8,75289.5,75320.2,112,637
2026-05-23 07:00:00,75327.8,75369.8,74193.3,74533.3,2379,500
2026-05-23 08:00:00,74537.3,74676.8,74250.0,74605.6,1873,500
2026-05-23 09:00:00,74611.8,74691.1,74523.8,74586.8,698,500
2026-05-23 10:00:00,74589.8,74717.8,74534.3,74614.1,512,516
2026-05-23 11:00:00,74638.8,74800.8,74586.3,74694.6,439,979
2026-05-23 12:00:00,74713.9,74727.8,74545.0,74657.5,522,530
2026-05-23 13:00:00,74670.8,75189.8,74657.5,75144.8,1531,1303
2026-05-23 14:00:00,75145.8,75623.8,75010.8,75464.4,1325,500
2026-05-23 15:00:00,75465.3,75604.8,75307.0,75448.5,1148,500
2026-05-23 16:00:00,75421.0,75566.8,75314.0,75363.4,829,500
2026-05-23 17:00:00,75367.4,75451.8,75271.6,75415.8,792,500
2026-05-23 18:00:00,75416.8,75910.8,75372.6,75769.3,1686,500
2026-05-23 19:00:00,75770.5,75932.8,75688.8,75906.4,907,500
2026-05-23 20:00:00,75910.9,77227.8,75852.0,77188.5,3356,500
2026-05-23 21:00:00,77188.1,77311.8,76437.9,76731.4,3099,500
2026-05-23 22:00:00,76738.8,76817.8,76304.2,76502.5,1535,689
2026-05-23 23:00:00,76495.1,76740.8,76440.1,76657.8,1097,500
2026-05-24 00:00:00,76674.8,76852.8,76533.2,76748.1,1194,500
2026-05-24 01:00:00,76750.7,76848.8,76622.9,76807.0,893,515
2026-05-24 02:00:00,76811.0,76891.8,76614.9,76733.4,726,546
2026-05-24 03:00:00,76718.4,76924.8,76636.9,76648.1,663,524
2026-05-24 04:00:00,76658.7,76783.8,76613.8,76709.8,432,500
2026-05-24 05:00:00,76691.3,76786.8,76549.0,76733.1,576,500
2026-05-24 06:00:00,76725.7,76992.8,76602.1,76910.4,828,500
2026-05-24 07:00:00,76915.1,76945.8,76622.9,76725.8,753,513
2026-05-24 08:00:00,76727.8,76786.8,76626.9,76756.0,405,516
2026-05-24 09:00:00,76758.8,76972.8,76675.1,76942.7,505,501
2026-05-24 10:00:00,76947.5,77428.8,76825.4,77104.5,1123,500
2026-05-24 11:00:00,77104.0,77281.8,77092.9,77234.8,750,500
2026-05-24 12:00:00,77248.8,77253.8,76940.2,77045.8,622,500
2026-05-24 13:00:00,77042.3,77053.8,76590.8,76723.1,1024,523
2026-05-24 14:00:00,76729.8,76770.8,76099.9,76384.3,2261,500
2026-05-24 15:00:00,76381.7,76470.8,76262.8,76292.0,773,500
2026-05-24 16:00:00,76305.8,76665.8,76271.4,76596.1,1141,500
2026-05-24 17:00:00,76583.1,76721.8,76470.9,76613.3,797,500
2026-05-24 18:00:00,76617.8,76714.8,76499.6,76581.3,748,500
2026-05-24 19:00:00,76587.5,76712.8,76504.7,76688.3,556,520
2026-05-24 20:00:00,76690.1,76723.8,76519.3,76584.5,722,514
2026-05-24 21:00:00,76591.7,76674.8,76013.3,76064.1,993,601
2026-05-24 22:00:00,76085.8,76923.9,76003.3,76687.8,1943,624
2026-05-24 23:00:00,76689.2,77144.8,76689.2,76954.8,2361,501
2026-05-25 00:00:00,76954.7,77191.1,76954.7,77044.6,1532,500
2026-05-25 01:00:00,77060.2,77176.4,76810.2,76861.2,1202,504
2026-05-25 02:00:00,76858.3,77409.8,76827.7,77026.9,1382,501
2026-05-25 03:00:00,77021.6,77092.2,76885.8,76950.7,977,505
2026-05-25 04:00:00,76929.1,77370.8,76883.9,77311.9,980,505
2026-05-25 05:00:00,77311.4,77422.0,77207.2,77297.6,888,502
2026-05-25 06:00:00,77296.4,77556.9,77108.8,77349.1,1025,564
2026-05-25 07:00:00,77355.4,77449.5,77077.4,77331.8,1027,501
2026-05-25 08:00:00,77305.8,77396.8,77170.1,77382.4,572,500
2026-05-25 09:00:00,77377.4,77623.8,77310.6,77533.8,815,500
2026-05-25 10:00:00,77526.1,77610.8,77397.7,77475.8,619,500
2026-05-25 11:00:00,77467.5,77471.8,77240.4,77298.4,629,500
2026-05-25 12:00:00,77299.4,77381.0,77195.8,77299.8,913,501
2026-05-25 13:00:00,77297.6,77385.3,77191.9,77269.7,787,500
2026-05-25 14:00:00,77269.5,77713.1,77223.9,77617.9,1348,500
2026-05-25 15:00:00,77617.5,77834.0,77475.3,77566.1,1390,500
2026-05-25 16:00:00,77564.3,77755.0,77427.8,77648.8,1177,504
2026-05-25 17:00:00,77648.7,77746.4,77465.2,77507.3,1155,501
2026-05-25 18:00:00,77475.7,77608.8,77458.6,77491.4,740,502
2026-05-25 19:00:00,77465.6,77492.3,77273.1,77382.6,1207,500
2026-05-25 20:00:00,77351.4,77444.7,77135.9,77186.9,1035,500
2026-05-25 21:00:00,77187.0,77333.3,77186.7,77308.4,782,500
2026-05-25 22:00:00,77277.0,77390.1,76947.2,77055.3,973,500
2026-05-25 23:00:00,77055.2,77308.1,76974.5,77230.7,1050,501
2026-05-26 00:00:00,77256.8,77292.3,76485.4,76723.6,1950,500
2026-05-26 01:00:00,76710.7,76812.9,76501.5,76660.6,1763,500
2026-05-26 02:00:00,76691.8,76755.0,76420.1,76601.9,1314,502
2026-05-26 03:00:00,76594.7,76649.0,76369.2,76593.6,1084,500
2026-05-26 04:00:00,76594.2,76753.1,76505.0,76643.5,674,509
2026-05-26 05:00:00,76643.6,76918.4,76610.9,76814.0,738,530
2026-05-26 06:00:00,76813.8,76980.9,76674.5,76835.3,811,503
2026-05-26 07:00:00,76838.8,76854.7,76494.3,76642.4,903,500
2026-05-26 08:00:00,76614.1,76782.2,76573.6,76653.0,586,501
2026-05-26 09:00:00,76657.9,76735.3,76539.9,76597.4,595,500
2026-05-26 10:00:00,76581.8,77549.9,76461.8,77357.1,2121,508
2026-05-26 11:00:00,77344.5,77436.8,77068.4,77119.5,1224,503
2026-05-26 12:00:00,77088.8,77164.8,76793.7,77062.8,1122,500
2026-05-26 13:00:00,77040.1,77383.8,76575.9,77122.8,2035,518
2026-05-26 14:00:00,77135.6,78015.3,76602.9,76826.4,3570,500
2026-05-26 15:00:00,76825.6,76937.2,76147.4,76412.6,3152,513
2026-05-26 16:00:00,76388.0,76630.8,76092.2,76463.4,1776,501
2026-05-26 17:00:00,76467.3,76570.8,75719.5,75802.5,2244,540
2026-05-26 18:00:00,75802.9,76161.6,75641.1,75738.2,1948,513
2026-05-26 19:00:00,75734.1,75997.6,75668.4,75946.8,1532,516
2026-05-26 20:00:00,75948.9,76084.8,75861.9,75980.4,1066,580
2026-05-26 21:00:00,76016.7,76020.5,75728.9,75805.3,749,523
2026-05-26 22:00:00,75768.0,75911.7,75538.6,75609.5,1336,524
2026-05-26 23:00:00,75609.6,75903.3,75609.6,75801.2,907,588
2026-05-27 00:00:00,75801.5,75992.2,75751.9,75986.4,1111,523
2026-05-27 01:00:00,75952.8,76018.8,75689.2,75745.2,1001,516
2026-05-27 02:00:00,75745.3,75808.8,75556.5,75775.8,1170,513
2026-05-27 03:00:00,75766.0,75865.4,75463.8,75523.9,1350,561
2026-05-27 04:00:00,75524.5,75616.8,75160.9,75437.7,1687,584
2026-05-27 05:00:00,75440.5,75621.8,75437.9,75564.9,1290,577
2026-05-27 06:00:00,75565.5,75798.2,75544.2,75684.4,1404,574
2026-05-27 07:00:00,75684.5,75870.0,75622.7,75828.2,1420,675
2026-05-27 08:00:00,75827.6,75966.6,75708.8,75727.6,1287,544
2026-05-27 09:00:00,75727.5,75872.1,75576.5,75766.1,1175,559
2026-05-27 10:00:00,75766.0,75929.9,75731.4,75758.2,1090,575
2026-05-27 11:00:00,75758.4,75915.5,75607.9,75665.3,1190,547
2026-05-27 12:00:00,75668.4,76059.1,75419.5,75571.9,1885,503
2026-05-27 13:00:00,75571.7,75648.0,74702.0,74939.0,2974,619
2026-05-27 14:00:00,74905.5,75135.6,74621.5,74894.3,3101,518
2026-05-27 15:00:00,74873.5,75379.8,74817.2,75164.9,2789,675
2026-05-27 16:00:00,75165.1,75294.8,74849.5,75148.8,2000,620
2026-05-27 17:00:00,75148.9,75237.8,74533.8,74706.5,2347,586
2026-05-27 18:00:00,74706.3,74919.2,74507.2,74862.3,2132,557
2026-05-27 19:00:00,74861.9,74970.2,74788.9,74901.9,1518,623
2026-05-27 20:00:00,74901.0,75299.7,74886.4,75163.5,1311,574
2026-05-27 21:00:00,75163.5,75163.5,74206.7,74346.7,1735,532
2026-05-27 22:00:00,74346.6,74668.0,74133.4,74287.6,2471,522
2026-05-27 23:00:00,74321.3,74457.9,74106.2,74330.5,1959,523
2026-05-28 00:00:00,74304.0,74475.3,74221.2,74414.0,1763,518
2026-05-28 01:00:00,74414.2,74480.5,74003.9,74187.5,2362,553
2026-05-28 02:00:00,74189.9,74301.9,73986.8,74132.9,2021,638
2026-05-28 03:00:00,74133.0,74283.8,72927.4,73114.0,3578,623
2026-05-28 04:00:00,73114.3,73164.8,72628.6,73025.9,2616,565
2026-05-28 05:00:00,73026.0,73080.8,72763.9,72840.4,1836,597
2026-05-28 06:00:00,72840.3,73100.0,72625.6,73092.1,1749,527
2026-05-28 07:00:00,73052.6,73392.8,73003.4,73339.4,1989,572
2026-05-28 08:00:00,73339.5,73388.4,73059.5,73176.8,1476,622
2026-05-28 09:00:00,73177.4,73450.4,73116.9,73394.0,1554,539
2026-05-28 10:00:00,73394.2,73515.8,73204.7,73257.3,1389,563
2026-05-28 11:00:00,73257.2,73416.2,73186.0,73361.0,1362,590
2026-05-28 12:00:00,73361.1,73482.1,73105.9,73379.9,1701,606
2026-05-28 13:00:00,73378.6,73456.9,72616.7,72870.0,2753,593
2026-05-28 14:00:00,72870.3,73440.4,72436.9,72869.8,3883,580
2026-05-28 15:00:00,72870.5,73072.8,72542.2,72762.0,2514,622
2026-05-28 16:00:00,72762.1,73337.0,72573.2,73298.0,2494,578
2026-05-28 17:00:00,73298.2,73631.7,73164.3,73414.3,2231,604
2026-05-28 18:00:00,73414.2,73659.8,73382.0,73518.6,1745,622
2026-05-28 19:00:00,73518.7,73550.4,73246.8,73323.8,1540,654
2026-05-28 20:00:00,73281.6,73635.5,73114.4,73450.1,1528,565
2026-05-28 21:00:00,73455.4,73852.8,73429.7,73720.7,1099,625
2026-05-28 22:00:00,73699.7,73863.4,73329.2,73348.7,1363,527
2026-05-28 23:00:00,73348.6,73634.8,73348.6,73498.1,1165,550
2026-05-29 00:00:00,73498.3,73785.2,73498.3,73610.5,1798,572
2026-05-29 01:00:00,73612.2,73784.8,73340.2,73461.3,1796,610
2026-05-29 02:00:00,73461.4,73574.8,73061.8,73103.2,1905,580
2026-05-29 03:00:00,73103.4,73381.8,73103.4,73172.1,1405,599
2026-05-29 04:00:00,73172.0,73367.8,73070.5,73282.0,1127,606
2026-05-29 05:00:00,73529.9,73614.8,73371.7,73564.1,1045,559
2026-05-29 06:00:00,73566.1,73728.8,73550.6,73696.3,394,514
2026-05-29 07:00:00,73663.4,73744.8,73254.9,73444.5,1462,643
2026-05-29 08:00:00,73397.0,73743.3,73395.0,73562.4,1486,532
2026-05-29 09:00:00,73529.7,73823.8,73529.1,73621.0,946,520
2026-05-29 10:00:00,73620.4,73664.8,73460.0,73549.1,984,515
2026-05-29 11:00:00,73521.8,73610.0,73214.9,73354.2,1303,539
2026-05-29 12:00:00,73384.9,73396.8,73068.7,73163.4,1747,638
2026-05-29 13:00:00,73163.9,73244.4,72775.0,73009.3,2494,556
2026-05-29 14:00:00,73010.1,73111.7,72372.3,72960.3,3452,568
2026-05-29 15:00:00,72960.6,74110.8,72865.9,73676.6,3910,552
2026-05-29 16:00:00,73676.9,74031.1,73431.9,73923.7,2882,556
2026-05-29 17:00:00,73923.1,74251.8,73785.3,73842.4,2489,547
2026-05-29 18:00:00,73847.7,73988.8,73058.0,73233.4,2280,641
2026-05-29 19:00:00,73233.1,73655.8,73120.9,73387.2,1815,599
2026-05-29 20:00:00,73386.9,73686.8,73384.2,73598.6,1509,564
2026-05-29 21:00:00,73601.3,73759.3,73293.1,73300.8,255,501
2026-05-29 22:00:00,73243.6,73482.8,73243.6,73391.8,240,1109
2026-05-29 23:00:00,73385.6,73427.6,73195.3,73301.6,177,511
2026-05-30 00:00:00,73301.8,73491.4,73273.2,73415.6,188,542
2026-05-30 01:00:00,73408.9,73585.5,73357.4,73574.0,176,504
2026-05-30 02:00:00,73576.2,73699.5,73454.5,73699.5,129,1291
2026-05-30 03:00:00,73684.9,73708.2,73385.1,73442.3,135,533
2026-05-30 04:00:00,73443.6,73496.3,73125.7,73325.2,284,520
2026-05-30 05:00:00,73320.3,73551.6,73213.0,73514.4,192,511
2026-05-30 06:00:00,73519.5,73626.5,73415.6,73503.0,152,526
2026-05-30 07:00:00,73508.0,73510.8,73335.1,73461.3,143,1301
2026-05-30 08:00:00,73463.0,73474.5,73329.7,73406.6,110,580
2026-05-30 09:00:00,73406.7,73526.7,73375.0,73520.5,117,1302
2026-05-30 10:00:00,73513.9,73594.6,73437.6,73560.7,131,601
2026-05-30 11:00:00,73555.0,73564.8,73408.4,73430.3,109,650
2026-05-30 12:00:00,73489.8,73626.1,73418.8,73575.1,135,712
2026-05-30 13:00:00,73522.1,73745.0,73522.1,73735.0,135,1302
2026-05-30 14:00:00,73736.6,74004.1,73705.4,73832.9,264,502
2026-05-30 15:00:00,73836.2,73942.6,73687.5,73824.8,201,500
2026-05-30 16:00:00,73828.3,73882.7,73706.0,73758.7,143,554
2026-05-30 17:00:00,73818.5,73933.2,73682.6,73924.8,161,572
2026-05-30 18:00:00,73920.2,74039.7,73838.6,73942.5,165,703
2026-05-30 19:00:00,73864.4,73973.5,73810.3,73916.7,132,615
2026-05-30 20:00:00,73916.8,73920.3,73751.8,73854.5,112,1303
2026-05-30 21:00:00,73860.0,73963.8,73777.6,73882.1,507,616
2026-05-30 22:00:00,73809.9,73864.1,73630.9,73780.8,517,669
2026-05-30 23:00:00,73781.7,73915.8,73631.8,73800.9,614,502
2026-05-31 00:00:00,73813.8,73960.8,73735.9,73933.2,557,527
2026-05-31 01:00:00,73928.9,74181.8,73911.3,73956.1,461,501
2026-05-31 02:00:00,73952.7,74163.8,73781.4,73991.4,844,529
2026-05-31 03:00:00,73995.5,74145.8,73959.1,74046.2,405,612
2026-05-31 04:00:00,74040.8,74148.8,73983.8,74069.1,409,500
2026-05-31 05:00:00,74102.8,74132.8,73880.5,73962.3,304,509
2026-05-31 06:00:00,73971.0,74014.8,73835.9,73955.1,343,558
2026-05-31 07:00:00,73944.9,73965.8,73727.7,73790.8,569,500
2026-05-31 08:00:00,73789.8,73906.8,73744.4,73847.1,607,503
2026-05-31 09:00:00,73863.8,73952.8,73702.9,73771.8,478,550
2026-05-31 10:00:00,73746.4,73819.8,73632.4,73805.3,472,502
2026-05-31 11:00:00,73806.2,73897.8,73742.4,73849.7,257,570
2026-05-31 12:00:00,73865.8,73921.8,73756.9,73824.0,473,763
2026-05-31 13:00:00,73822.4,73930.8,73693.4,73774.0,330,552
2026-05-31 14:00:00,73768.0,73782.8,73398.1,73501.7,1409,505
2026-05-31 15:00:00,73526.4,73705.8,73455.2,73560.3,702,508
2026-05-31 16:00:00,73553.6,73660.8,73290.0,73443.2,1010,509
2026-05-31 17:00:00,73441.1,73662.8,73330.5,73627.7,484,524
2026-05-31 18:00:00,73639.8,73643.8,73438.9,73523.9,581,512
2026-05-31 19:00:00,73517.2,73578.8,73336.7,73474.8,508,559
2026-05-31 20:00:00,73477.2,73683.8,73459.0,73655.4,507,501
2026-05-31 21:00:00,73660.2,73833.8,73451.4,73805.1,1001,593
2026-05-31 22:00:00,73797.3,73908.7,73549.1,73818.5,1132,568
2026-05-31 23:00:00,73831.4,74101.2,73381.5,73602.8,1592,509
2026-06-01 00:00:00,73607.8,73995.8,73526.9,73799.2,1959,550
2026-06-01 01:00:00,73796.0,73837.8,73161.8,73169.7,2007,521
2026-06-01 02:00:00,73169.9,73792.5,73098.5,73668.0,1862,517
2026-06-01 03:00:00,73668.1,73934.8,73606.6,73675.9,1669,630
2026-06-01 04:00:00,73676.5,73761.0,73222.9,73434.1,1631,507
2026-06-01 05:00:00,73421.8,73460.8,73205.9,73234.6,985,500
2026-06-01 06:00:00,73268.4,73296.1,72846.7,73051.3,1665,523
2026-06-01 07:00:00,73047.4,73130.8,72592.9,72719.3,1844,505
2026-06-01 08:00:00,72719.4,72848.8,72494.1,72821.4,1573,509
2026-06-01 09:00:00,72827.1,73023.8,72713.7,72771.3,1366,509
2026-06-01 10:00:00,72771.3,72826.3,72480.8,72680.3,1282,508
2026-06-01 11:00:00,72649.2,72696.8,72187.5,72400.8,1491,545
2026-06-01 12:00:00,72382.9,72530.4,71821.8,72133.4,3003,510
2026-06-01 13:00:00,72143.4,72163.0,71260.7,71601.0,4111,541
2026-06-01 14:00:00,71613.0,71786.3,71264.8,71413.9,3300,515
2026-06-01 15:00:00,71413.0,71570.5,70920.4,70983.6,2843,600
2026-06-01 16:00:00,70982.5,71510.8,70552.5,71439.5,3072,555
2026-06-01 17:00:00,71439.6,71714.8,71335.0,71530.3,2892,517
2026-06-01 18:00:00,71536.4,71611.8,71259.8,71432.8,2063,567
2026-06-01 19:00:00,71429.8,71591.8,71269.9,71517.5,1700,535
2026-06-01 20:00:00,71511.5,71622.7,71295.7,71375.8,1311,508
2026-06-01 21:00:00,71331.0,71373.8,70831.5,70955.4,1896,526
2026-06-01 22:00:00,70947.9,71377.3,70720.1,71290.1,2259,517
2026-06-01 23:00:00,71290.2,71501.8,71113.0,71298.5,1769,505
2026-06-02 00:00:00,71298.4,71332.3,70976.8,71169.5,2010,513
2026-06-02 01:00:00,71169.8,71291.1,70493.3,70560.3,2663,513
2026-06-02 02:00:00,70532.5,70796.8,70000.0,70735.1,3608,522
2026-06-02 03:00:00,70741.1,70965.8,70677.0,70827.2,2117,522
2026-06-02 04:00:00,70827.5,70959.8,70579.6,70681.3,1964,506
2026-06-02 05:00:00,70712.5,70768.8,70125.8,70170.0,2825,520
2026-06-02 06:00:00,70137.5,70349.1,69828.6,69979.7,2720,531
2026-06-02 07:00:00,69978.3,70185.8,69615.5,69994.1,3154,512
2026-06-02 08:00:00,69994.1,70086.4,69587.3,69700.3,2658,525
2026-06-02 09:00:00,69721.3,69756.3,69202.9,69297.7,3180,508
2026-06-02 10:00:00,69297.8,69648.1,69216.4,69544.9,2524,513
2026-06-02 11:00:00,69502.6,69557.2,69285.3,69339.1,2072,510
2026-06-02 12:00:00,69338.9,69460.1,68880.3,68926.3,3219,510
2026-06-02 13:00:00,68930.6,69098.8,68612.6,68656.6,3254,506
2026-06-02 14:00:00,68704.3,68750.8,67499.4,67884.6,3857,533
2026-06-02 15:00:00,67864.6,67952.0,66930.1,67155.4,2905,515
2026-06-02 16:00:00,67155.3,68020.3,67082.2,67303.2,2326,512
2026-06-02 17:00:00,67315.2,67726.9,67249.2,67344.2,1778,508
2026-06-02 18:00:00,67344.1,67544.2,67006.5,67230.4,2373,513
2026-06-02 19:00:00,67204.1,67409.8,66323.1,67187.9,2585,510
2026-06-02 20:00:00,67211.1,67585.5,66791.9,67488.0,2388,513
2026-06-02 21:00:00,67490.0,67832.5,67289.5,67467.1,1462,521
2026-06-02 22:00:00,67444.2,67452.7,66161.6,66293.6,2351,500
2026-06-02 23:00:00,66303.1,66796.8,66081.8,66647.3,3485,510
2026-06-03 00:00:00,66669.6,67103.9,66555.9,66841.3,2205,510
2026-06-03 01:00:00,66827.2,66971.8,66358.2,66800.4,2349,513
2026-06-03 02:00:00,66831.7,66854.5,66466.7,66525.2,2072,504
2026-06-03 03:00:00,66503.5,66582.5,65349.5,65770.3,3771,502
2026-06-03 04:00:00,65762.8,66544.1,65716.9,66394.9,2759,504
2026-06-03 05:00:00,66369.0,67314.9,66358.2,67235.1,2735,514
2026-06-03 06:00:00,67211.7,67432.3,66847.5,66906.8,2139,506
2026-06-03 07:00:00,66889.5,67250.8,66768.6,67131.3,1366,502
2026-06-03 08:00:00,67128.8,67184.8,66866.0,66930.0,1368,503
2026-06-03 09:00:00,66933.5,67238.8,66541.0,66975.7,1249,506
2026-06-03 10:00:00,66954.3,67389.8,66951.2,67199.8,1571,512
2026-06-03 11:00:00,67195.0,67289.8,66942.6,66960.9,1060,501
2026-06-03 12:00:00,66970.5,67080.9,66673.2,66997.3,1648,502
2026-06-03 13:00:00,66965.4,67170.8,66513.0,66799.9,2666,503
2026-06-03 14:00:00,66778.5,66913.0,66515.7,66764.5,2668,523
2026-06-03 15:00:00,66744.3,66803.3,65954.9,65958.4,2515,524
2026-06-03 16:00:00,65958.7,66292.8,65438.6,65970.3,4244,506
2026-06-03 17:00:00,65945.1,66106.9,65605.6,65870.9,2618,519
2026-06-03 18:00:00,65881.9,66081.8,65638.1,65959.1,2388,506
2026-06-03 19:00:00,65947.8,65979.4,65139.1,65371.2,2717,504
2026-06-03 20:00:00,65388.8,65532.8,64668.9,64910.0,3572,501
2026-06-03 21:00:00,64910.3,65781.8,64852.9,65649.8,3303,506
2026-06-03 22:00:00,65676.8,65743.9,64671.3,64824.4,2986,515
2026-06-03 23:00:00,64816.5,64896.1,63971.7,64045.5,3376,513
2026-06-04 00:00:00,64045.5,64351.8,62906.5,63268.4,5814,505
2026-06-04 01:00:00,63253.8,63425.6,62002.3,62081.2,7224,502
2026-06-04 02:00:00,62078.9,63558.5,61303.9,63160.0,8109,503
2026-06-04 03:00:00,63167.5,64466.4,63132.2,64271.2,5267,501
2026-06-04 04:00:00,64268.9,64694.8,64176.5,64314.8,4452,500
2026-06-04 05:00:00,64340.1,64340.1,63572.2,63877.1,5085,502
2026-06-04 06:00:00,63898.0,64431.1,63814.4,63975.9,4563,505
2026-06-04 07:00:00,63982.4,64012.5,63419.2,63517.7,5081,505
2026-06-04 08:00:00,63536.8,63853.7,63162.9,63557.8,5605,504
2026-06-04 09:00:00,63545.9,63570.3,62617.2,63182.7,5502,501
2026-06-04 10:00:00,63152.5,63191.9,62204.9,62352.4,4975,502
2026-06-04 11:00:00,62350.8,62767.2,62120.3,62458.8,5755,500
2026-06-04 12:00:00,62463.2,63911.3,62297.4,63681.8,6822,501
2026-06-04 13:00:00,63684.8,64190.8,62983.8,64148.0,7494,501
2026-06-04 14:00:00,64151.1,64438.1,63718.3,63873.1,4759,505
2026-06-04 15:00:00,63872.2,64342.3,63602.6,63824.6,6310,502
2026-06-04 16:00:00,63810.3,63864.0,63353.2,63493.8,5097,501
2026-06-04 17:00:00,63475.8,63658.3,62855.5,63457.3,4354,502
2026-06-04 18:00:00,63450.7,64036.8,63046.5,63739.7,3605,506
2026-06-04 19:00:00,63752.8,64083.4,63446.4,63543.5,2758,503
2026-06-04 20:00:00,63551.1,63600.0,63097.6,63539.6,2657,500
2026-06-04 21:00:00,63569.8,63809.2,63048.2,63190.7,3100,500
2026-06-04 22:00:00,63200.0,63712.3,63115.0,63670.5,2448,502
2026-06-04 23:00:00,63652.0,63853.0,63292.6,63811.6,3450,503
2026-06-05 00:00:00,63811.6,63921.4,63304.7,63360.1,4146,502
2026-06-05 01:00:00,63360.8,63504.0,62969.4,63296.4,4801,500
2026-06-05 02:00:00,63312.0,63372.7,62497.0,62527.2,5106,500
2026-06-05 03:00:00,62562.6,62831.4,62259.2,62642.2,4379,500
2026-06-05 04:00:00,62676.8,63580.9,62416.4,63523.3,4905,501
2026-06-05 05:00:00,63523.6,63628.9,62188.7,62268.7,5662,501
2026-06-05 06:00:00,62266.2,62580.6,61069.9,61873.5,7852,501
2026-06-05 07:00:00,61869.2,63058.9,61295.8,63035.2,6689,504
2026-06-05 08:00:00,63024.4,63068.6,62223.6,62402.2,4305,501
2026-06-05 09:00:00,62376.8,63172.5,62362.3,62813.5,3770,503
2026-06-05 10:00:00,62829.4,62890.4,62304.4,62490.7,2643,503
2026-06-05 11:00:00,62484.9,62582.5,61890.7,61915.4,3966,501
2026-06-05 12:00:00,61915.4,62398.9,61536.3,61890.8,6613,503
2026-06-05 13:00:00,61891.8,62281.9,60663.8,60692.4,6953,506
2026-06-05 14:00:00,60669.1,61157.0,60285.9,60807.6,5972,519
2026-06-05 15:00:00,60805.0,61089.8,60000.0,60397.9,4825,502
2026-06-05 16:00:00,60394.8,61508.9,59743.9,61327.9,6562,501
2026-06-05 17:00:00,61328.1,61479.9,60588.1,60737.7,5835,502
2026-06-05 18:00:00,60738.0,60911.8,59082.6,59353.5,6581,504
2026-06-05 19:00:00,59333.5,60425.5,59078.6,60266.7,5920,501
2026-06-05 20:00:00,60237.8,61744.4,59896.0,61612.9,5278,502
2026-06-05 21:00:00,61520.7,61976.1,61423.0,61650.9,1832,504
2026-06-05 22:00:00,61652.7,61954.1,61187.2,61574.0,2350,1070
2026-06-05 23:00:00,61573.0,61762.5,60498.8,61035.4,1685,500
2026-06-06 00:00:00,61038.0,61508.7,61020.9,61250.3,1205,500
2026-06-06 01:00:00,61234.6,61365.9,60930.8,61034.7,996,500
2026-06-06 02:00:00,61036.5,61165.7,60642.3,60926.7,1238,500
2026-06-06 03:00:00,60926.9,60943.9,60507.6,60671.0,1163,500
2026-06-06 04:00:00,60668.1,60853.5,59472.8,60087.1,2189,500
2026-06-06 05:00:00,60089.3,61037.6,59603.4,60918.8,2223,500
2026-06-06 06:00:00,60859.7,61235.8,60621.9,60757.6,1535,941
2026-06-06 07:00:00,60759.0,61207.6,60701.9,60974.1,1098,500
2026-06-06 08:00:00,60974.8,61477.9,60845.6,61238.3,1184,500
2026-06-06 09:00:00,61238.2,61300.9,60846.1,60960.5,1190,500
2026-06-06 10:00:00,60963.0,60963.0,60187.1,60573.6,1695,500
2026-06-06 11:00:00,60569.3,60944.0,60484.8,60776.7,1078,500
2026-06-06 12:00:00,60783.0,61160.3,60620.4,61010.1,1250,500
2026-06-06 13:00:00,61001.4,61089.5,60675.0,60791.4,1205,500
2026-06-06 14:00:00,60777.6,60992.3,60745.6,60765.9,1207,500
2026-06-06 15:00:00,60772.6,60910.5,60372.0,60766.7,1399,500
2026-06-06 16:00:00,60748.9,60947.5,60431.8,60752.9,1185,500
2026-06-06 17:00:00,60765.2,60834.1,60484.4,60566.4,939,500
2026-06-06 18:00:00,60558.1,60734.3,60369.9,60609.2,980,500
2026-06-06 19:00:00,60604.6,60765.5,60505.3,60571.8,782,500
2026-06-06 20:00:00,60566.4,60741.2,60492.4,60681.2,840,500
2026-06-06 21:00:00,60682.5,60982.8,60674.4,60735.6,627,500
2026-06-06 22:00:00,60726.9,60803.0,60401.7,60520.9,886,617
2026-06-06 23:00:00,60519.2,60928.2,60515.0,60855.5,728,500
2026-06-07 00:00:00,60867.4,60968.0,60714.8,60757.7,671,500
2026-06-07 01:00:00,60756.4,61635.6,60727.3,61452.3,1277,500
2026-06-07 02:00:00,61454.4,61553.5,61163.4,61482.3,870,500
2026-06-07 03:00:00,61481.1,61750.6,61389.8,61673.8,749,500
2026-06-07 04:00:00,61670.7,61882.7,61461.4,61859.7,617,500
2026-06-07 05:00:00,61855.0,62106.7,61622.4,61721.1,747,500
2026-06-07 06:00:00,61723.8,62245.2,61598.6,62075.1,782,500
2026-06-07 07:00:00,62075.0,62397.0,61948.5,62379.6,567,501
2026-06-07 08:00:00,62372.8,62932.0,62236.7,62829.5,857,500
2026-06-07 09:00:00,62830.2,62882.6,62381.8,62513.5,830,500
2026-06-07 10:00:00,62514.1,62556.6,62280.0,62355.8,716,500
2026-06-07 11:00:00,62355.7,62739.1,62342.2,62607.4,648,500
2026-06-07 12:00:00,62605.4,62631.8,61562.9,61884.7,1479,500
2026-06-07 13:00:00,61882.8,61890.3,61629.0,61690.4,887,500
2026-06-07 14:00:00,61690.7,62302.4,61681.7,61882.9,1010,500
2026-06-07 15:00:00,61882.7,62200.2,61639.5,62081.2,1212,500
2026-06-07 16:00:00,62074.1,62298.0,61935.7,62056.0,1163,500
2026-06-07 17:00:00,62056.5,62306.4,62024.2,62134.0,927,500
2026-06-07 18:00:00,62128.9,62275.6,61994.3,62002.9,663,500
2026-06-07 19:00:00,62006.3,62021.1,61156.3,61306.9,1428,500
2026-06-07 20:00:00,61303.4,61943.2,61190.8,61848.1,1127,500
2026-06-07 21:00:00,61840.6,61985.3,61615.5,61749.3,839,500
2026-06-07 22:00:00,61742.7,64186.5,61678.3,62819.1,4133,642
2026-06-07 23:00:00,62838.0,63430.5,62750.6,63286.9,2992,503
2026-06-08 00:00:00,63278.7,63842.6,63096.5,63583.6,3155,507
2026-06-08 01:00:00,63583.5,63628.9,62653.8,63185.9,3975,503
2026-06-08 02:00:00,63195.1,63249.4,62857.8,63101.8,2691,505
2026-06-08 03:00:00,63099.7,63425.6,62921.9,63097.4,2072,501
2026-06-08 04:00:00,63108.4,63148.2,62600.7,62628.9,2765,502
2026-06-08 05:00:00,62657.3,62803.4,62348.8,62701.9,3373,503
2026-06-08 06:00:00,62702.2,63122.4,62665.8,62931.8,3331,505
2026-06-08 07:00:00,62931.9,63317.2,62754.4,63240.1,2771,503
2026-06-08 08:00:00,63222.4,63228.8,62921.3,63095.0,2808,501
2026-06-08 09:00:00,63068.3,63532.3,63051.5,63432.7,3301,502
2026-06-08 10:00:00,63449.8,63519.9,63033.1,63113.8,2281,501
2026-06-08 11:00:00,63088.7,63830.9,62990.3,63419.5,3276,502
2026-06-08 12:00:00,63419.3,63899.6,62643.4,63789.3,3295,504
2026-06-08 13:00:00,63827.1,63904.5,63289.9,63713.3,4088,520
2026-06-08 14:00:00,63691.8,64057.7,63502.9,63930.7,2697,504
2026-06-08 15:00:00,63922.8,64186.1,63652.8,63702.8,2049,500
2026-06-08 16:00:00,63704.8,64017.7,63397.8,63496.8,2540,1434
2026-06-08 17:00:00,63458.8,63626.0,63232.1,63525.6,1982,505
2026-06-08 18:00:00,63529.4,63667.5,63288.4,63446.0,1573,500
2026-06-08 19:00:00,63397.8,63578.4,63305.8,63352.5,2035,503
2026-06-08 20:00:00,63304.8,63472.4,63120.4,63472.4,1356,503
2026-06-08 21:00:00,63469.5,63841.7,63447.1,63707.8,1216,500
2026-06-08 22:00:00,63676.4,63684.0,63177.9,63426.9,1083,501
2026-06-08 23:00:00,63422.5,63583.9,62939.3,63069.1,1920,501
2026-06-09 00:00:00,63011.8,63166.9,62373.9,62512.9,2593,527
2026-06-09 01:00:00,62512.2,62861.3,62482.8,62721.9,1668,506
2026-06-09 02:00:00,62722.1,62852.9,62492.7,62846.7,1495,500
2026-06-09 03:00:00,62846.2,62953.9,62637.8,62848.3,1012,501
2026-06-09 04:00:00,62845.4,63392.5,62687.8,63183.5,1788,500
2026-06-09 05:00:00,63196.4,63492.2,63061.6,63287.3,1822,504
2026-06-09 06:00:00,63287.4,63475.2,63166.8,63268.5,1428,501
2026-06-09 07:00:00,63227.8,63421.2,62954.8,63149.1,1125,524
2026-06-09 08:00:00,63106.8,63174.6,62711.5,62816.4,1513,525
2026-06-09 09:00:00,62830.3,62921.6,62540.6,62683.7,1383,501
2026-06-09 10:00:00,62648.8,62798.7,62535.8,62731.4,1375,503
2026-06-09 11:00:00,62723.4,62789.4,62442.6,62674.9,1638,500
2026-06-09 12:00:00,62639.9,62872.2,62386.3,62584.2,2091,501
2026-06-09 13:00:00,62585.3,62714.4,62095.4,62213.6,3930,505
2026-06-09 14:00:00,62201.8,62364.2,61092.9,61495.6,6357,503
2026-06-09 15:00:00,61515.8,61672.4,60970.4,61066.9,4999,502
2026-06-09 16:00:00,61064.7,61424.4,60720.0,61341.4,7253,503
2026-06-09 17:00:00,61346.9,61836.7,61312.5,61643.6,3120,504
2026-06-09 18:00:00,61618.2,61918.7,61532.8,61737.8,2829,501
2026-06-09 19:00:00,61734.8,62060.2,61647.5,62048.1,3285,501
2026-06-09 20:00:00,62049.3,62236.4,61873.0,62118.6,1485,502
2026-06-09 21:00:00,62089.6,62140.8,61621.1,61709.8,1691,500
2026-06-09 22:00:00,61689.8,61939.4,61596.9,61681.9,1169,504
2026-06-09 23:00:00,61681.3,61838.7,61489.9,61687.9,1807,501
2026-06-10 00:00:00,61657.8,61892.3,61373.8,61878.3,1795,512
2026-06-10 01:00:00,61876.8,61939.2,61535.9,61674.0,1711,501
2026-06-10 02:00:00,61630.8,61801.0,61173.6,61261.8,1682,512
2026-06-10 03:00:00,61260.3,61554.0,61223.8,61503.8,1194,502
2026-06-10 04:00:00,61481.3,61527.2,61126.2,61234.3,1175,502
2026-06-10 05:00:00,61262.1,61359.5,61010.6,61318.4,1430,505
2026-06-10 06:00:00,61318.5,61482.7,61080.5,61421.2,1311,502
2026-06-10 07:00:00,61394.1,61748.0,61358.4,61640.7,1429,501
2026-06-10 08:00:00,61616.2,61688.7,61101.3,61193.1,1825,501
2026-06-10 09:00:00,61193.0,61381.1,60674.9,61266.3,2271,501
2026-06-10 10:00:00,61284.9,61404.1,61081.3,61338.2,1983,501
2026-06-10 11:00:00,61325.9,61389.4,60794.5,60981.9,3893,507
2026-06-10 12:00:00,60962.1,61887.6,60886.5,61501.5,3236,502
2026-06-10 13:00:00,61498.2,62403.5,61371.3,62105.1,4245,500
2026-06-10 14:00:00,62077.7,62209.4,61740.9,62149.0,4228,501
2026-06-10 15:00:00,62120.8,62808.8,61779.1,62590.8,5372,504
2026-06-10 16:00:00,62567.8,62604.8,61855.8,62148.3,3956,501
2026-06-10 17:00:00,62177.9,62320.6,61574.3,61926.9,3899,501
2026-06-10 18:00:00,61902.1,62113.5,61536.7,61826.1,2899,501
2026-06-10 19:00:00,61796.7,62007.3,61590.4,61858.5,3129,500
2026-06-10 20:00:00,61887.8,61896.6,61607.3,61748.0,2322,500
2026-06-10 21:00:00,61720.1,61747.5,61106.6,61276.4,1945,500
2026-06-10 22:00:00,61276.2,61521.8,61029.4,61331.9,1617,508
2026-06-10 23:00:00,61304.6,61558.0,61083.5,61419.9,2133,501
2026-06-11 00:00:00,61437.8,61928.5,61437.8,61768.1,2335,500
2026-06-11 01:00:00,61758.2,62310.5,61746.5,62125.0,2269,501
2026-06-11 02:00:00,62125.0,62253.0,61855.5,62079.8,2249,500
2026-06-11 03:00:00,62079.6,62745.7,61909.1,62618.8,2335,500
2026-06-11 04:00:00,62612.4,62790.0,62452.4,62633.7,2553,500
2026-06-11 05:00:00,62634.1,62663.4,62466.0,62547.5,1803,500
2026-06-11 06:00:00,62553.9,62931.4,62455.4,62705.8,2434,500
2026-06-11 07:00:00,62672.4,62782.2,62512.0,62646.2,1491,500
2026-06-11 08:00:00,62633.5,62977.3,62628.5,62879.8,1794,500
2026-06-11 09:00:00,62858.6,62925.8,62696.0,62862.4,1398,500
2026-06-11 10:00:00,62839.8,63133.9,62712.4,63078.8,1537,500
2026-06-11 11:00:00,63062.7,63196.9,62952.0,63024.7,1513,514
2026-06-11 12:00:00,63028.2,63134.4,62428.8,62927.9,3317,503
2026-06-11 13:00:00,62921.6,63186.7,62588.0,63017.8,3622,500
2026-06-11 14:00:00,63021.1,63032.3,62645.6,62647.6,2915,500
2026-06-11 15:00:00,62654.4,62820.0,62458.5,62690.5,3062,501
2026-06-11 16:00:00,62690.7,62782.0,62463.3,62510.8,2409,501
2026-06-11 17:00:00,62512.8,63577.8,62252.4,63576.1,6046,534
2026-06-11 18:00:00,63575.0,63723.4,63232.7,63366.3,3694,503
2026-06-11 19:00:00,63366.2,63853.7,63302.3,63525.9,2741,502
2026-06-11 20:00:00,63529.6,63606.0,63188.3,63300.3,955,502
2026-06-11 21:00:00,63338.4,63544.3,63306.8,63468.9,597,500
2026-06-11 22:00:00,63436.2,63621.5,63387.8,63440.0,740,520
2026-06-11 23:00:00,63446.0,63637.3,63276.4,63538.5,966,500
2026-06-12 00:00:00,63538.1,63729.0,63439.2,63583.3,1501,503
2026-06-12 01:00:00,63552.4,63571.0,63211.1,63361.3,2036,500
2026-06-12 02:00:00,63332.4,63707.4,63332.4,63552.8,1275,500
2026-06-12 03:00:00,63546.4,63574.8,63242.1,63444.0,932,500
2026-06-12 04:00:00,63422.6,63781.7,63327.2,63625.3,1193,500
2026-06-12 05:00:00,63610.3,63645.1,63207.5,63278.7,1418,500
2026-06-12 06:00:00,63246.8,63339.8,62746.9,62885.0,1873,502
2026-06-12 07:00:00,62910.8,63115.8,62862.9,63020.3,1649,500
2026-06-12 08:00:00,63028.8,63521.4,62998.3,63401.8,2121,500
2026-06-12 09:00:00,63401.8,63887.4,63337.1,63685.0,2134,501
2026-06-12 10:00:00,63659.0,63784.2,63495.1,63631.1,2089,501
2026-06-12 11:00:00,63606.9,63822.4,63591.6,63692.4,2043,500
2026-06-12 12:00:00,63692.4,63706.1,63295.1,63370.8,2438,501
2026-06-12 13:00:00,63370.5,63471.9,62958.7,63161.1,4257,500
2026-06-12 14:00:00,63158.5,63921.8,63117.3,63921.8,4152,500
2026-06-12 15:00:00,63921.8,64351.7,63494.9,63556.6,2932,533
2026-06-12 16:00:00,63515.8,63963.6,63449.7,63924.3,2310,505
2026-06-12 17:00:00,63925.4,64042.5,63678.2,63803.2,1566,502
2026-06-12 18:00:00,63803.3,63897.6,63617.9,63627.7,1793,503
2026-06-12 19:00:00,63627.8,63790.4,63530.5,63530.5,1634,500
2026-06-12 20:00:00,63540.0,63671.7,63335.8,63420.1,1601,503
2026-06-12 21:00:00,63426.3,63599.4,63400.3,63442.8,249,513
2026-06-12 22:00:00,63370.8,63635.0,63370.8,63480.8,284,1153
2026-06-12 23:00:00,63475.8,63555.4,63384.5,63546.2,191,500
2026-06-13 00:00:00,63531.4,63619.5,63476.3,63568.5,206,500
2026-06-13 01:00:00,63573.4,63812.9,63544.8,63803.5,229,506
2026-06-13 02:00:00,63805.2,63805.8,63497.4,63611.1,206,501
2026-06-13 03:00:00,63611.2,63691.5,63388.4,63429.0,200,501
2026-06-13 04:00:00,63499.0,63618.9,63406.3,63480.6,153,701
2026-06-13 05:00:00,63485.7,63567.6,63409.5,63559.5,193,528
2026-06-13 06:00:00,63557.3,63710.9,63490.4,63701.2,159,512
2026-06-13 07:00:00,63703.9,63846.6,63640.8,63816.5,200,500
2026-06-13 08:00:00,63815.8,63883.5,63709.8,63772.5,202,527
2026-06-13 09:00:00,63776.0,63834.0,63661.5,63712.7,150,507
2026-06-13 10:00:00,63718.8,63875.3,63654.0,63802.3,171,541
2026-06-13 11:00:00,63807.1,63936.8,63739.8,63933.1,171,543
2026-06-13 12:00:00,63932.3,64180.2,63838.3,64100.3,210,542
2026-06-13 13:00:00,64103.6,64213.6,64021.2,64066.6,262,506
2026-06-13 14:00:00,64068.2,64200.2,64047.3,64186.3,199,500
2026-06-13 15:00:00,64191.2,64310.3,64126.9,64264.9,252,552
2026-06-13 16:00:00,64265.0,64274.4,63884.9,63992.9,364,500
2026-06-13 17:00:00,64003.7,64094.5,63909.9,63947.1,250,500
2026-06-13 18:00:00,63951.5,64255.3,63943.9,64131.3,232,533
2026-06-13 19:00:00,64129.8,64306.8,64064.9,64270.9,201,500
2026-06-13 20:00:00,64271.3,64272.6,64154.5,64255.9,152,500
2026-06-13 21:00:00,64262.6,64742.4,64169.8,64446.0,407,556
2026-06-13 22:00:00,64399.8,64535.0,64286.7,64433.1,488,1265
2026-06-13 23:00:00,64434.7,64572.9,64342.8,64428.4,186,504
2026-06-14 00:00:00,64425.9,64556.8,64347.6,64535.1,206,502
2026-06-14 01:00:00,64534.9,64688.4,64473.2,64551.7,229,500
2026-06-14 02:00:00,64552.7,64612.1,64398.5,64466.9,176,510
2026-06-14 03:00:00,64467.8,64522.7,64392.8,64520.7,142,568
2026-06-14 04:00:00,64516.1,64538.6,64269.5,64316.9,133,792
2026-06-14 05:00:00,64317.8,64384.1,64265.3,64326.1,147,527
2026-06-14 06:00:00,64326.4,64456.3,64217.4,64261.1,181,528
2026-06-14 07:00:00,64259.5,64417.7,64150.3,64399.2,164,883
2026-06-14 08:00:00,64399.7,64485.3,64338.1,64422.5,150,619
2026-06-14 09:00:00,64430.8,64586.3,64246.8,64582.0,212,968
2026-06-14 10:00:00,64580.5,64632.1,64452.7,64490.6,180,519
2026-06-14 11:00:00,64492.2,64613.6,64426.0,64512.9,161,504
2026-06-14 12:00:00,64516.8,64532.1,64266.5,64300.3,206,500
2026-06-14 13:00:00,64295.3,64373.8,64204.8,64290.1,246,501
2026-06-14 14:00:00,64294.7,64317.3,63825.3,63955.9,441,500
2026-06-14 15:00:00,63957.2,64121.0,63947.7,63988.4,281,502
2026-06-14 16:00:00,63989.5,64175.8,63903.9,63914.4,261,500
2026-06-14 17:00:00,63910.4,63989.4,63653.4,63701.0,285,519
2026-06-14 18:00:00,63702.5,63788.3,63643.2,63786.9,220,500
2026-06-14 19:00:00,63788.8,63832.8,63701.8,63770.3,170,505
2026-06-14 20:00:00,63776.0,64069.3,63714.7,63976.2,185,533
2026-06-14 21:00:00,63971.6,65624.7,63971.4,65277.8,1685,510
2026-06-14 22:00:00,65245.8,65510.5,64908.7,65362.3,1642,654
2026-06-14 23:00:00,65374.9,65770.0,65204.0,65708.7,1784,502
2026-06-15 00:00:00,65679.0,65869.0,65425.7,65568.2,1573,505
2026-06-15 01:00:00,65568.3,65687.6,65293.4,65476.8,1621,503
2026-06-15 02:00:00,65484.3,65755.4,65363.3,65412.0,1246,501
2026-06-15 03:00:00,65440.2,65961.3,65372.3,65895.9,1091,500
2026-06-15 04:00:00,65886.4,65888.4,65586.0,65611.4,756,500
2026-06-15 05:00:00,65586.1,65841.7,65555.6,65824.6,635,500
2026-06-15 06:00:00,65786.8,65930.7,65716.1,65775.3,657,510
2026-06-15 07:00:00,65745.8,65972.1,65568.8,65609.3,1430,502
2026-06-15 08:00:00,65609.4,65764.0,65552.8,65625.2,1212,500
2026-06-15 09:00:00,65600.8,65746.4,65442.9,65558.5,587,500
2026-06-15 10:00:00,65535.3,65933.7,65517.5,65882.2,932,500
2026-06-15 11:00:00,65858.7,66343.3,65782.0,66172.5,2305,500
2026-06-15 12:00:00,66172.6,66570.9,66042.4,66533.4,1680,501
2026-06-15 13:00:00,66536.5,66915.3,66347.9,66375.7,3411,504
2026-06-15 14:00:00,66375.5,66638.6,66224.1,66551.5,3068,500
2026-06-15 15:00:00,66530.4,67256.1,66516.0,67256.1,1918,500
2026-06-15 16:00:00,67251.0,67253.2,67031.9,67104.4,1855,500
2026-06-15 17:00:00,67104.3,67126.7,66618.9,66801.4,2224,500
2026-06-15 18:00:00,66801.6,66905.2,66656.7,66739.7,1935,500
2026-06-15 19:00:00,66697.9,66869.5,66288.2,66572.3,2187,500
2026-06-15 20:00:00,66547.6,66650.9,66434.8,66492.3,1249,500
2026-06-15 21:00:00,66465.4,66537.3,66283.8,66313.3,1184,500
2026-06-15 22:00:00,66313.2,66442.3,66023.1,66167.3,2275,500
2026-06-15 23:00:00,66172.2,66331.1,66060.6,66281.8,1554,500
2026-06-16 00:00:00,66251.7,66432.2,66174.5,66190.4,1508,500
2026-06-16 01:00:00,66190.5,66387.0,66186.0,66286.5,1732,500
2026-06-16 02:00:00,66286.6,66336.9,65628.0,65681.0,2473,500
2026-06-16 03:00:00,65681.1,66134.2,65580.2,66096.8,2045,502
2026-06-16 04:00:00,66096.9,66249.3,65733.4,65806.5,1995,500
2026-06-16 05:00:00,65781.4,66115.3,65781.3,66028.7,1473,500
2026-06-16 06:00:00,66001.5,66532.5,66001.5,66407.6,1444,501
2026-06-16 07:00:00,66393.2,66496.9,66245.1,66329.7,1131,500
2026-06-16 08:00:00,66328.1,66950.4,66274.0,66830.0,1450,500
2026-06-16 09:00:00,66834.2,66872.6,66407.1,66470.9,1707,500
2026-06-16 10:00:00,66469.0,66735.6,66421.8,66443.4,1388,500
2026-06-16 11:00:00,66443.2,66610.0,66291.6,66417.6,1901,500
2026-06-16 12:00:00,66417.7,66769.1,66294.1,66377.6,2539,501
2026-06-16 13:00:00,66358.4,66424.1,65830.6,65996.1,3361,501
2026-06-16 14:00:00,65967.0,66217.8,65280.7,65578.7,3791,500
2026-06-16 15:00:00,65578.8,65952.5,65539.5,65818.4,2667,500
2026-06-16 16:00:00,65823.5,65914.3,65624.8,65690.8,2316,500
2026-06-16 17:00:00,65680.9,65966.8,65630.8,65927.0,1756,500
2026-06-16 18:00:00,65933.3,66189.7,65718.1,65762.7,1602,501
2026-06-16 19:00:00,65792.8,65792.8,65476.5,65597.8,1664,500
2026-06-16 20:00:00,65596.3,65820.2,65504.5,65773.3,1213,500
2026-06-16 21:00:00,65800.3,65885.5,65563.8,65683.4,708,503
2026-06-16 22:00:00,65694.8,65824.2,65597.7,65695.1,943,525
2026-06-16 23:00:00,65695.2,65778.9,65545.5,65592.8,830,500
2026-06-17 00:00:00,65618.1,65795.6,65607.3,65627.4,985,500
2026-06-17 01:00:00,65630.1,65903.2,65388.0,65857.8,1473,500
2026-06-17 02:00:00,65858.2,66082.0,65709.1,65853.6,1239,500
2026-06-17 03:00:00,65848.9,65853.6,65628.4,65797.5,794,500
2026-06-17 04:00:00,65802.4,65996.8,65716.3,65806.4,663,500
2026-06-17 05:00:00,65806.3,65923.1,65644.1,65778.5,920,500
2026-06-17 06:00:00,65753.7,65844.1,65494.2,65566.4,1084,500
2026-06-17 07:00:00,65542.5,65662.4,65163.2,65456.6,1453,500
2026-06-17 08:00:00,65456.8,65522.9,64762.3,64869.3,2234,500
2026-06-17 09:00:00,64841.4,65028.2,64754.0,64859.1,1124,500
2026-06-17 10:00:00,64862.8,64947.4,64685.8,64725.5,1514,500
2026-06-17 11:00:00,64753.2,64815.8,64479.2,64757.4,2089,500
2026-06-17 12:00:00,64759.1,65057.4,64511.8,64960.2,1539,500
2026-06-17 13:00:00,64970.8,65323.3,64769.1,65203.9,2051,500
2026-06-17 14:00:00,65206.1,65413.0,64696.8,65021.6,3233,500
2026-06-17 15:00:00,65055.5,65807.7,64897.2,65705.8,2683,500
2026-06-17 16:00:00,65682.5,66391.3,65644.2,65787.6,2493,503
2026-06-17 17:00:00,65787.8,66148.6,65706.3,66047.8,2108,501
2026-06-17 18:00:00,66025.6,66055.8,64751.2,65440.9,5776,507
2026-06-17 19:00:00,65446.8,65594.5,63989.1,64246.0,6544,501
2026-06-17 20:00:00,64233.5,64443.3,64119.4,64357.8,2222,500
2026-06-17 21:00:00,64357.9,64407.6,64052.8,64173.1,1191,500
2026-06-17 22:00:00,64173.1,64386.3,63825.0,64221.3,1867,500
2026-06-17 23:00:00,64246.4,64478.1,64166.8,64427.8,1212,500
2026-06-18 00:00:00,64453.4,64655.7,64382.3,64387.1,1347,500
2026-06-18 01:00:00,64411.0,64762.0,64378.4,64498.7,1289,500
2026-06-18 02:00:00,64471.5,64720.6,64404.5,64595.0,1239,500
2026-06-18 03:00:00,64616.1,64622.4,64167.1,64203.1,1323,500
2026-06-18 04:00:00,64196.8,64277.3,63727.4,63816.3,2393,500
2026-06-18 05:00:00,63815.2,63964.0,63606.5,63905.9,1991,500
2026-06-18 06:00:00,63905.8,64068.1,63756.9,64019.6,1537,500
2026-06-18 07:00:00,64024.3,64454.4,63926.7,64421.4,1163,500
2026-06-18 08:00:00,64421.9,64585.5,64297.7,64316.2,1409,500
2026-06-18 09:00:00,64316.1,64433.8,64112.1,64127.6,1247,500
2026-06-18 10:00:00,64127.6,64184.5,63834.3,64033.9,1717,500
2026-06-18 11:00:00,64041.8,64155.4,63797.3,63889.5,1327,500
2026-06-18 12:00:00,63889.7,64337.9,63840.1,64312.8,1472,504
2026-06-18 13:00:00,64311.3,64383.2,63681.6,63891.8,2548,500
2026-06-18 14:00:00,63916.0,64135.3,63486.3,63722.5,4177,500
2026-06-18 15:00:00,63701.9,63748.8,62184.4,62303.9,5002,500
2026-06-18 16:00:00,62272.5,62742.8,62247.9,62619.8,3358,500
2026-06-18 17:00:00,62617.7,62673.8,62157.4,62505.0,2526,502
2026-06-18 18:00:00,62534.0,62887.8,62471.2,62627.9,2179,500
2026-06-18 19:00:00,62614.8,62939.4,62521.5,62852.2,2195,500
2026-06-18 20:00:00,62879.7,63207.2,62853.2,63016.8,1929,500
2026-06-18 21:00:00,62991.8,63061.7,62777.5,62869.6,1376,500
2026-06-18 22:00:00,62880.3,62930.5,62635.5,62818.4,1030,520
2026-06-18 23:00:00,62819.4,62921.0,62669.8,62886.2,1013,500
2026-06-19 00:00:00,62874.8,63025.2,62752.3,62960.8,1210,504
2026-06-19 01:00:00,62938.7,63036.6,62761.4,62935.8,1095,500
2026-06-19 02:00:00,62935.9,63051.4,62801.0,62940.9,967,500
2026-06-19 03:00:00,62942.7,62971.3,62283.2,62712.2,2040,500
2026-06-19 04:00:00,62717.1,62856.3,62328.1,62399.4,1750,500
2026-06-19 05:00:00,62401.7,62688.8,62365.9,62650.4,1230,500
2026-06-19 06:00:00,62650.3,62858.5,62644.9,62809.6,864,500
2026-06-19 07:00:00,62809.5,62850.2,62419.8,62546.7,1125,500
2026-06-19 08:00:00,62546.5,62725.5,62482.4,62544.7,1028,500
2026-06-19 09:00:00,62513.2,62600.0,62236.4,62329.7,1798,500
2026-06-19 10:00:00,62304.3,62537.7,62296.7,62455.6,1279,500
2026-06-19 11:00:00,62455.4,62633.7,62363.6,62575.9,836,500
2026-06-19 12:00:00,62579.8,62825.0,62267.8,62777.0,1505,500
2026-06-19 13:00:00,62753.0,63336.2,62587.4,63129.4,1940,501
2026-06-19 14:00:00,63127.4,63348.0,62932.9,63154.1,1528,500
2026-06-19 15:00:00,63155.4,63238.5,62933.9,63129.7,1798,500
2026-06-19 16:00:00,63129.6,63336.1,62835.4,62920.5,1609,500
2026-06-19 17:00:00,62919.0,63170.8,62787.9,63118.8,1342,500
2026-06-19 18:00:00,63128.8,63146.8,62910.4,63057.3,803,500
2026-06-19 19:00:00,63024.3,63084.9,62866.9,62975.7,715,500
2026-06-19 20:00:00,62951.8,63229.5,62887.4,63197.4,728,500
2026-06-19 21:00:00,63182.8,63225.1,62998.9,63023.3,212,1303
2026-06-19 22:00:00,62950.0,63319.6,62932.6,63264.6,157,1109
2026-06-19 23:00:00,63265.3,63602.6,63150.5,63485.2,214,556
2026-06-20 00:00:00,63472.5,63721.5,63410.1,63473.6,363,500
2026-06-20 01:00:00,63471.6,63564.2,63344.2,63529.4,232,502
2026-06-20 02:00:00,63515.6,63515.6,63264.7,63286.5,235,500
2026-06-20 03:00:00,63285.9,63456.6,63262.4,63421.9,162,795
2026-06-20 04:00:00,63416.4,63555.5,63341.4,63522.0,177,500
2026-06-20 05:00:00,63528.1,63840.5,63464.9,63619.9,390,501
2026-06-20 06:00:00,63621.0,63658.3,63507.7,63613.3,300,1291
2026-06-20 07:00:00,63671.8,63748.0,63525.8,63595.1,1097,724
2026-06-20 08:00:00,63568.6,63600.6,63306.2,63362.1,626,500
2026-06-20 09:00:00,63367.0,63727.8,63344.8,63647.2,593,513
2026-06-20 10:00:00,63648.4,63708.0,63506.9,63588.2,717,619
2026-06-20 11:00:00,63622.0,63739.8,63529.4,63598.3,682,527
2026-06-20 12:00:00,63599.6,63734.7,63461.0,63602.6,660,532
2026-06-20 13:00:00,63567.5,63596.6,63191.6,63314.1,1098,530
2026-06-20 14:00:00,63307.8,64081.4,63109.3,63867.9,2296,500
2026-06-20 15:00:00,63862.9,64320.3,63752.6,64059.5,2598,501
2026-06-20 16:00:00,64092.2,64113.5,63815.7,63939.6,1737,500
2026-06-20 17:00:00,63963.8,63973.3,63659.7,63741.3,1782,500
2026-06-20 18:00:00,63761.8,63858.8,63653.7,63736.8,881,806
2026-06-20 19:00:00,63732.2,63898.8,63700.1,63847.0,938,500
2026-06-20 20:00:00,63847.1,63907.8,63734.7,63857.8,556,539
2026-06-20 21:00:00,63868.7,64025.4,63807.3,63913.6,997,511
2026-06-20 22:00:00,63943.8,64280.4,63864.1,64200.8,1609,770
2026-06-20 23:00:00,64195.5,64254.7,64135.4,64227.7,661,500
2026-06-21 00:00:00,64228.8,64246.8,64123.4,64223.6,618,527
2026-06-21 01:00:00,64197.4,64248.7,64080.4,64174.1,568,763
2026-06-21 02:00:00,64177.8,64205.8,64078.2,64171.0,396,947
2026-06-21 03:00:00,64173.8,64398.2,64142.7,64347.0,956,518
2026-06-21 04:00:00,64356.8,64507.8,64173.5,64207.8,1005,500
2026-06-21 05:00:00,64202.1,64287.8,64108.8,64185.8,714,500
2026-06-21 06:00:00,64183.9,64253.2,64105.0,64226.1,407,501
2026-06-21 07:00:00,64227.7,64231.8,64053.8,64114.9,459,568
2026-06-21 08:00:00,64116.8,64151.8,63803.0,63917.1,1068,500
2026-06-21 09:00:00,63917.2,64173.6,63832.6,64108.9,1206,507
2026-06-21 10:00:00,64108.6,64343.8,64103.5,64300.8,904,500
2026-06-21 11:00:00,64301.8,64412.8,64021.6,64107.1,1621,500
2026-06-21 12:00:00,64109.8,64169.8,63860.4,64119.8,1711,501
2026-06-21 13:00:00,64114.9,64122.8,63900.8,64049.0,984,500
2026-06-21 14:00:00,64049.6,64083.5,63903.7,64076.8,932,500
2026-06-21 15:00:00,64050.2,64283.8,64023.3,64153.8,1199,500
2026-06-21 16:00:00,64142.6,64180.8,63949.2,64072.5,1239,500
2026-06-21 17:00:00,64070.2,64151.8,63936.8,64068.4,671,519
2026-06-21 18:00:00,64072.8,64169.7,63861.1,64139.8,1277,517
2026-06-21 19:00:00,64128.3,64231.9,64068.1,64130.1,800,501
2026-06-21 20:00:00,64108.1,64194.8,63603.5,63773.8,1369,534
2026-06-21 21:00:00,63746.8,63891.8,63415.6,63738.8,2485,500
2026-06-21 22:00:00,63738.8,63787.2,63472.6,63700.2,1825,650
2026-06-21 23:00:00,63700.2,63726.1,63166.6,63239.9,3406,500
2026-06-22 00:00:00,63239.8,64024.2,63224.2,63818.3,2768,502
2026-06-22 01:00:00,63823.0,64742.2,63751.1,64526.3,3305,500
2026-06-22 02:00:00,64508.8,64597.1,64143.4,64191.8,2122,500
2026-06-22 03:00:00,64188.9,64388.6,63788.6,63867.3,2469,500
2026-06-22 04:00:00,63897.6,64047.6,63761.0,64023.2,1684,500
2026-06-22 05:00:00,64019.5,64267.2,63972.6,64177.8,1371,500
2026-06-22 06:00:00,64149.5,64258.7,63850.6,63886.4,1214,500
2026-06-22 07:00:00,63886.1,64319.4,63866.9,64142.7,1399,500
2026-06-22 08:00:00,64143.5,64280.1,63948.2,64071.0,1781,500
2026-06-22 09:00:00,64071.3,64191.6,63959.6,64073.8,1309,500
2026-06-22 10:00:00,64054.9,64213.4,63986.7,64077.4,1000,500
2026-06-22 11:00:00,64047.1,64705.1,64005.7,64593.1,2377,500
2026-06-22 12:00:00,64596.9,65151.5,64490.5,65057.8,2327,500
2026-06-22 13:00:00,65069.0,65526.6,64846.6,65481.3,3432,500
2026-06-22 14:00:00,65482.3,65562.2,64738.2,64908.8,3598,500
2026-06-22 15:00:00,64891.6,65082.9,64664.3,64764.8,2767,500
2026-06-22 16:00:00,64754.1,64799.5,64424.5,64629.6,2534,500
2026-06-22 17:00:00,64632.6,64708.6,64293.7,64545.4,1709,500
2026-06-22 18:00:00,64549.3,64670.3,64223.6,64244.9,2065,500
2026-06-22 19:00:00,64247.8,64434.8,64178.6,64393.4,3151,500
2026-06-22 20:00:00,64404.2,64596.7,64271.2,64342.6,1611,501
2026-06-22 21:00:00,64342.5,64416.0,64060.4,64245.4,1245,500
2026-06-22 22:00:00,64223.4,64325.2,63706.2,63881.6,3016,500
2026-06-22 23:00:00,63881.3,63982.7,63803.3,63928.7,1584,500
2026-06-23 00:00:00,63928.0,64087.2,63745.8,64082.8,1779,500
2026-06-23 01:00:00,64086.7,64202.3,63802.8,64085.8,2385,500
2026-06-23 02:00:00,64079.0,64194.9,63952.8,64133.8,1659,500
2026-06-23 03:00:00,64132.8,64132.8,63868.5,63968.0,1377,501
2026-06-23 04:00:00,63968.1,64021.0,63512.4,63551.6,2019,500
2026-06-23 05:00:00,63550.6,63657.9,63268.4,63305.9,3265,500
2026-06-23 06:00:00,63306.0,63320.9,62473.6,62846.1,4231,502
2026-06-23 07:00:00,62850.2,63022.4,62765.6,62813.8,2791,500
2026-06-23 08:00:00,62803.8,62871.8,61829.7,62290.0,5040,501
2026-06-23 09:00:00,62295.8,62439.5,62254.9,62287.1,1643,500
2026-06-23 10:00:00,62294.2,62507.5,62144.0,62246.1,2036,501
2026-06-23 11:00:00,62258.8,62566.0,62218.8,62435.9,2375,501
2026-06-23 12:00:00,62442.8,62491.9,62100.4,62194.5,1961,500
2026-06-23 13:00:00,62166.5,62473.9,61861.3,62378.9,3770,500
2026-06-23 14:00:00,62385.8,62789.8,62301.6,62427.1,4185,501
2026-06-23 15:00:00,62400.6,62445.4,62097.1,62389.2,2635,500
2026-06-23 16:00:00,62407.8,62760.9,62323.1,62451.1,2385,500
2026-06-23 17:00:00,62450.7,62621.3,62223.6,62261.0,1977,500
2026-06-23 18:00:00,62261.1,62384.9,62007.9,62168.8,2135,500
2026-06-23 19:00:00,62169.8,62400.8,62127.6,62325.5,2300,500
2026-06-23 20:00:00,62288.3,62459.8,62280.5,62368.5,1494,501
2026-06-23 21:00:00,62368.7,62586.8,62368.7,62491.3,1713,500
2026-06-23 22:00:00,62491.1,62700.5,62419.9,62490.5,1926,500
2026-06-23 23:00:00,62490.4,62722.7,62400.6,62631.0,1840,500
2026-06-24 00:00:00,62647.6,62950.8,62630.5,62933.5,2494,501
2026-06-24 01:00:00,62938.8,63045.8,62666.9,62867.8,2373,501
2026-06-24 02:00:00,62854.1,62937.8,62499.3,62531.7,2332,501
2026-06-24 03:00:00,62531.6,62756.8,62355.3,62630.1,2292,501
2026-06-24 04:00:00,62630.2,62721.2,62425.0,62643.3,2279,503
2026-06-24 05:00:00,62643.4,62994.4,62602.2,62782.8,2307,501
2026-06-24 06:00:00,62782.9,62833.8,62615.1,62674.5,1705,503
2026-06-24 07:00:00,62674.3,62765.7,62500.1,62572.7,2254,501
2026-06-24 08:00:00,62546.5,62734.8,62493.8,62693.7,2108,501
2026-06-24 09:00:00,62693.5,62728.8,62522.5,62575.4,1782,502
2026-06-24 10:00:00,62575.5,62601.0,62312.9,62330.4,2109,500
2026-06-24 11:00:00,62330.0,63123.9,62201.3,62835.2,3445,500
2026-06-24 12:00:00,62806.2,62890.5,62477.5,62510.3,3061,500
2026-06-24 13:00:00,62510.4,62548.9,61132.6,61215.0,5343,500
2026-06-24 14:00:00,61214.2,61368.8,60782.1,61026.4,4465,501
2026-06-24 15:00:00,60996.5,61055.8,60146.8,60158.3,4213,500
2026-06-24 16:00:00,60158.4,60594.5,59516.0,59742.6,4191,501
2026-06-24 17:00:00,59781.6,59977.3,58998.2,59324.6,5220,500
2026-06-24 18:00:00,59295.8,59844.3,59204.4,59509.9,5023,501
2026-06-24 19:00:00,59501.0,59901.4,59413.9,59853.6,4690,500
2026-06-24 20:00:00,59841.0,61118.1,59738.5,60847.2,6341,501
2026-06-24 21:00:00,60862.7,61046.5,60550.4,60991.7,2838,500
2026-06-24 22:00:00,60991.8,61172.4,60697.5,60761.2,2851,500
2026-06-24 23:00:00,60761.1,61013.1,60706.5,60959.4,2489,500
2026-06-25 00:00:00,60959.8,61070.5,60617.9,60707.2,3605,500
2026-06-25 01:00:00,60706.1,60898.8,60602.1,60806.5,3155,500
2026-06-25 02:00:00,60806.6,60872.9,60583.7,60688.7,2472,500
2026-06-25 03:00:00,60688.9,60810.7,60568.6,60767.8,2113,500
2026-06-25 04:00:00,60767.9,61301.5,60671.2,61229.8,2209,500
2026-06-25 05:00:00,61240.1,61709.7,61152.4,61478.6,3683,501
2026-06-25 06:00:00,61502.6,61749.5,61479.4,61605.3,2896,500
2026-06-25 07:00:00,61605.2,61882.8,61549.9,61793.0,2464,503
2026-06-25 08:00:00,61792.8,61841.8,61562.1,61593.4,1540,504
2026-06-25 09:00:00,61625.2,61699.8,61497.9,61625.1,1645,503
2026-06-25 10:00:00,61625.0,61679.8,61151.1,61183.8,1821,515
2026-06-25 11:00:00,61178.2,61338.8,60951.8,61194.5,2595,503
2026-06-25 12:00:00,61167.1,61661.8,60963.9,61115.9,3248,502
2026-06-25 13:00:00,61116.1,61280.8,57993.6,58208.6,5461,503
2026-06-25 14:00:00,58193.8,60392.4,58187.8,59353.4,7816,506
2026-06-25 15:00:00,59353.8,59566.8,58755.0,59477.5,5996,502
2026-06-25 16:00:00,59483.8,59974.6,59036.6,59201.5,4941,500
2026-06-25 17:00:00,59201.6,59660.8,59025.6,59562.4,4327,521
2026-06-25 18:00:00,59563.3,59710.8,59242.6,59410.4,4408,503
2026-06-25 19:00:00,59385.5,59438.8,59059.6,59208.5,3599,503
2026-06-25 20:00:00,59198.9,59656.9,59196.6,59342.9,3269,500
2026-06-25 21:00:00,59343.2,60176.5,59332.7,60122.4,2257,508
2026-06-25 22:00:00,60098.0,60112.2,59628.9,59728.5,2862,502
2026-06-25 23:00:00,59727.5,60106.8,59629.0,59684.7,2893,500
2026-06-26 00:00:00,59706.2,59828.8,59521.7,59555.0,3867,502
2026-06-26 01:00:00,59573.4,59699.4,59116.2,59358.8,3734,501
2026-06-26 02:00:00,59361.7,59371.8,58243.3,58458.5,5982,501
2026-06-26 03:00:00,58480.6,60051.8,58220.9,59946.8,5717,506
2026-06-26 04:00:00,59926.0,60141.8,59717.9,59814.3,3708,502
2026-06-26 05:00:00,59814.6,59966.8,59620.5,59839.2,2749,503
2026-06-26 06:00:00,59839.3,60382.8,59589.5,60237.3,3130,506
2026-06-26 07:00:00,60251.8,60675.8,60166.1,60410.0,3350,503
2026-06-26 08:00:00,60406.4,60502.8,60032.3,60157.4,3290,502
2026-06-26 09:00:00,60171.8,60178.8,59472.8,59624.6,3663,501
2026-06-26 10:00:00,59663.8,59781.8,59129.7,59206.5,4186,501
2026-06-26 11:00:00,59206.4,59502.9,59154.3,59331.1,4087,501
2026-06-26 12:00:00,59332.7,59933.7,58852.7,59111.8,5331,500
2026-06-26 13:00:00,59108.7,60134.7,58404.1,60096.8,6546,508
2026-06-26 14:00:00,60096.8,60213.2,59280.3,59508.7,5898,503
2026-06-26 15:00:00,59487.3,60426.9,59460.8,60235.3,4645,501
2026-06-26 16:00:00,60262.4,60495.9,59842.8,59921.9,4110,501
2026-06-26 17:00:00,59922.0,60206.8,59828.4,59908.4,3562,500
2026-06-26 18:00:00,59908.5,60080.8,59440.0,59547.0,3600,501
2026-06-26 19:00:00,59552.9,60014.8,59489.5,59682.0,4342,501
2026-06-26 20:00:00,59706.5,59903.8,59470.8,59630.4,3574,504
2026-06-26 21:00:00,59626.9,59963.2,59586.1,59831.3,371,500
2026-06-26 22:00:00,59757.9,59999.2,59656.1,59959.9,308,1086
2026-06-26 23:00:00,59955.3,60029.8,59832.9,60016.7,219,502
2026-06-27 00:00:00,60019.7,60113.2,59760.9,59971.1,214,503
2026-06-27 01:00:00,59975.0,59984.8,59791.5,59861.6,164,511
2026-06-27 02:00:00,59857.4,60285.8,59827.6,60196.9,335,500
2026-06-27 03:00:00,60195.4,60321.6,60071.4,60211.9,274,500
2026-06-27 04:00:00,60212.7,60394.2,60057.7,60156.7,250,500
2026-06-27 05:00:00,60156.6,60223.2,60038.8,60146.9,239,500
2026-06-27 06:00:00,60149.5,60404.4,59987.4,60281.8,284,501
2026-06-27 07:00:00,60288.5,60503.8,60205.8,60460.5,402,500
2026-06-27 08:00:00,60460.1,60476.8,60279.1,60361.0,868,500
2026-06-27 09:00:00,60360.0,60430.8,60199.4,60330.9,714,500
2026-06-27 10:00:00,60328.4,60415.8,60260.2,60327.4,484,509
2026-06-27 11:00:00,60327.0,60377.8,60104.7,60273.4,866,500
2026-06-27 12:00:00,60262.6,60358.8,60144.6,60333.1,828,534
2026-06-27 13:00:00,60332.1,60581.8,60280.8,60512.8,1220,500
2026-06-27 14:00:00,60514.8,60654.8,60411.6,60519.8,1344,500
2026-06-27 15:00:00,60520.3,60872.8,60472.8,60748.7,1746,500
2026-06-27 16:00:00,60772.8,60784.8,60576.9,60718.8,1053,500
2026-06-27 17:00:00,60725.5,60745.8,60332.2,60430.8,1695,500
2026-06-27 18:00:00,60430.3,60500.8,60351.7,60476.7,885,500
2026-06-27 19:00:00,60490.6,60533.8,59987.9,60082.4,1537,506
2026-06-27 20:00:00,60105.8,60234.8,60081.0,60204.9,690,500
2026-06-27 21:00:00,60225.8,60413.8,60047.5,60131.8,1130,517
2026-06-27 22:00:00,60105.5,60184.8,59770.5,60140.4,1807,609
2026-06-27 23:00:00,60142.7,60249.8,59859.9,59940.8,1322,500
2026-06-28 00:00:00,59958.8,60118.8,59924.9,60062.2,881,500
2026-06-28 01:00:00,60060.7,60200.8,59895.2,60132.6,906,500
2026-06-28 02:00:00,60135.2,60269.8,59968.0,60057.9,884,500
2026-06-28 03:00:00,60064.9,60205.8,60064.9,60127.8,575,1303
2026-06-28 04:00:00,60117.7,60161.8,60005.6,60050.9,636,505
2026-06-28 05:00:00,60053.3,60069.8,59670.8,59903.3,1290,500
2026-06-28 06:00:00,59903.4,59959.8,59721.7,59912.5,1004,500
2026-06-28 07:00:00,59909.4,60191.8,59909.4,60149.8,885,500
2026-06-28 08:00:00,60128.8,60475.8,60047.0,60279.5,1301,500
2026-06-28 09:00:00,60287.2,60389.8,60164.2,60172.2,945,500
2026-06-28 10:00:00,60182.1,60222.8,59969.5,60083.4,974,500
2026-06-28 11:00:00,60086.9,60305.8,60023.9,60267.1,1194,500
2026-06-28 12:00:00,60261.4,60366.8,60103.3,60213.0,1359,500
2026-06-28 13:00:00,60204.5,60220.8,59897.4,59999.8,1927,500
2026-06-28 14:00:00,59989.6,60177.8,59925.2,59936.3,1567,500
2026-06-28 15:00:00,59944.0,60060.8,59734.3,59820.8,1700,500
2026-06-28 16:00:00,59821.8,59874.8,59503.3,59604.6,2694,500
2026-06-28 17:00:00,59616.8,59775.8,59312.6,59512.8,2118,500
2026-06-28 18:00:00,59490.4,59628.8,59415.1,59524.9,1558,500
2026-06-28 19:00:00,59538.8,59607.8,59177.4,59398.0,2110,500
2026-06-28 20:00:00,59390.5,59693.8,59390.2,59574.2,1144,500
2026-06-28 21:00:00,59493.9,59709.4,59239.8,59369.8,1563,706
2026-06-28 22:00:00,59362.8,59821.6,58784.6,58952.7,5272,577
2026-06-28 23:00:00,58952.2,59768.8,58888.7,59453.0,3813,502
2026-06-29 00:00:00,59453.3,59615.8,58887.6,59539.6,5618,501
2026-06-29 01:00:00,59542.1,59613.8,59078.9,59320.6,4868,500
2026-06-29 02:00:00,59351.6,59720.8,58781.2,59630.1,4851,501
2026-06-29 03:00:00,59630.2,60131.9,59630.2,59928.2,3900,503
2026-06-29 04:00:00,59928.3,59962.8,59619.6,59715.5,2670,501
2026-06-29 05:00:00,59745.5,60014.8,59263.5,59984.9,3302,501
2026-06-29 06:00:00,60027.8,60258.5,59930.1,59964.0,2770,503
2026-06-29 07:00:00,59964.1,60108.3,59808.4,59940.5,2139,502
2026-06-29 08:00:00,59912.4,60013.8,59628.8,59722.1,2623,500
2026-06-29 09:00:00,59722.2,60031.1,59669.5,59983.4,2145,500
2026-06-29 10:00:00,59986.9,60240.0,59958.2,60015.3,1681,500
2026-06-29 11:00:00,59987.0,60124.1,59691.1,59881.8,2060,500
2026-06-29 12:00:00,59880.8,60707.0,59474.2,59877.8,4699,503
2026-06-29 13:00:00,59855.0,60261.8,59211.7,59496.3,5052,506
2026-06-29 14:00:00,59467.9,59606.8,58881.2,59371.2,5730,539
2026-06-29 15:00:00,59340.2,59863.6,58960.1,59727.4,4194,533
2026-06-29 16:00:00,59688.8,59925.9,59455.2,59764.3,3203,551
2026-06-29 17:00:00,59764.4,60598.2,59764.2,60335.9,3818,619
2026-06-29 18:00:00,60344.8,60444.8,60085.7,60217.1,2359,506
2026-06-29 19:00:00,60199.1,60481.8,60047.7,60347.8,2534,520
2026-06-29 20:00:00,60317.6,60465.3,60182.3,60183.1,1664,501
2026-06-29 21:00:00,60183.0,60516.8,60155.3,60393.9,1408,551
2026-06-29 22:00:00,60403.8,60437.3,60235.7,60247.4,1522,514
2026-06-29 23:00:00,60247.5,60306.2,60095.4,60172.0,1135,500
2026-06-30 00:00:00,60181.9,60203.1,59584.5,59763.3,2630,507
2026-06-30 01:00:00,59725.5,59977.9,59660.7,59827.1,2036,506
2026-06-30 02:00:00,59827.3,59965.6,59633.8,59832.7,1100,505
2026-06-30 03:00:00,59832.9,59938.4,59472.0,59499.3,1603,517
2026-06-30 04:00:00,59500.2,59611.8,59305.3,59397.4,1972,538
2026-06-30 05:00:00,59400.1,59575.8,59241.2,59526.4,1508,584
2026-06-30 06:00:00,59526.5,59638.8,59393.5,59475.0,1449,514
2026-06-30 07:00:00,59475.1,59556.8,59328.1,59445.0,1599,526
2026-06-30 08:00:00,59408.8,59475.6,59079.9,59200.0,2355,529
2026-06-30 09:00:00,59199.6,59342.8,59135.2,59302.8,1312,507
2026-06-30 10:00:00,59300.8,59344.2,59174.1,59215.0,1324,609
2026-06-30 11:00:00,59215.5,59340.8,59008.3,59104.8,2074,546
2026-06-30 12:00:00,59104.2,59106.4,58278.4,58288.6,3201,527
2026-06-30 13:00:00,58321.9,58712.4,58114.4,58621.4,4153,572
2026-06-30 14:00:00,58653.1,59192.6,58297.6,58356.0,4542,517
2026-06-30 15:00:00,58356.7,58700.4,58059.0,58250.3,3872,583
2026-06-30 16:00:00,58250.4,58548.8,58137.2,58381.6,2912,574
2026-06-30 17:00:00,58381.7,58542.1,58201.6,58344.9,2056,568
2026-06-30 18:00:00,58351.2,58620.6,58235.7,58600.4,2290,563
2026-06-30 19:00:00,58601.8,58761.8,58461.8,58744.2,2492,506
2026-06-30 20:00:00,58740.3,58802.8,58530.8,58650.3,1644,521
2026-06-30 21:00:00,58615.1,58698.8,58392.3,58527.8,1609,503
2026-06-30 22:00:00,58527.7,58719.4,58400.4,58492.7,1650,500
2026-06-30 23:00:00,58490.9,58587.8,58438.5,58506.2,1385,522
2026-07-01 00:00:00,58506.3,58672.8,58193.5,58500.8,2212,539
2026-07-01 01:00:00,58477.4,58931.6,57719.4,58652.8,3869,509
2026-07-01 02:00:00,58653.0,59097.6,58552.7,59008.9,2874,510
2026-07-01 03:00:00,59013.4,59234.2,58735.2,59079.7,2153,511
2026-07-01 04:00:00,59079.8,59383.2,58947.8,59264.6,1581,502
2026-07-01 05:00:00,59259.8,59303.8,59012.9,59075.8,1438,504
2026-07-01 06:00:00,59040.8,59084.4,58431.0,58686.0,1701,520
2026-07-01 07:00:00,58663.7,58749.8,58499.5,58703.0,1285,501
2026-07-01 08:00:00,58695.8,58920.8,58392.2,58912.7,1222,500
2026-07-01 09:00:00,58886.4,59030.2,58751.0,58851.0,884,513
2026-07-01 10:00:00,58878.5,58878.8,58529.9,58591.5,729,500
2026-07-01 11:00:00,58593.2,58689.5,58453.4,58555.0,827,500
2026-07-01 12:00:00,58523.4,58617.6,58246.5,58432.4,1682,500
2026-07-01 13:00:00,58432.5,59447.9,58432.5,59432.0,2942,500
2026-07-01 14:00:00,59432.0,60031.0,59190.4,59489.5,3166,500
2026-07-01 15:00:00,59452.3,60485.1,59435.8,60096.1,2761,500
2026-07-01 16:00:00,60080.2,60198.2,59779.6,59835.4,1370,500
2026-07-01 17:00:00,59836.6,60187.0,59705.6,60136.3,1440,500
2026-07-01 18:00:00,60137.5,60244.0,59936.6,60083.6,1284,500
2026-07-01 19:00:00,60103.6,60304.7,59919.7,59949.2,1673,500
2026-07-01 20:00:00,59981.7,60140.7,59788.1,60049.2,1040,500
2026-07-01 21:00:00,60049.3,60791.6,60045.4,60732.3,1238,500
2026-07-01 22:00:00,60763.3,61264.5,60266.9,60415.3,2612,515
2026-07-01 23:00:00,60385.7,60414.1,59896.5,59942.7,1422,500
2026-07-02 00:00:00,59971.6,59978.6,59503.2,59665.8,1508,500
2026-07-02 01:00:00,59666.0,60265.0,59640.5,60118.1,1216,500
2026-07-02 02:00:00,60115.5,60430.9,59941.8,60359.6,1015,500
2026-07-02 03:00:00,60365.9,61061.7,60230.5,60969.6,1328,500
2026-07-02 04:00:00,60993.5,60996.9,60649.8,60725.4,995,500
2026-07-02 05:00:00,60722.1,60821.0,60389.2,60445.8,1478,500
2026-07-02 06:00:00,60415.5,60591.1,60167.2,60175.3,1314,500
2026-07-02 07:00:00,60175.0,60230.8,60003.1,60073.8,1057,501
2026-07-02 08:00:00,60069.0,60487.2,60030.1,60445.9,1034,500
2026-07-02 09:00:00,60443.0,61350.7,60285.5,61104.0,1990,500
2026-07-02 10:00:00,61097.3,61280.3,60938.2,61190.8,1553,502
2026-07-02 11:00:00,61192.0,61313.5,61029.9,61296.8,1200,500
2026-07-02 12:00:00,61291.8,61542.3,61063.1,61469.8,1962,500
2026-07-02 13:00:00,61458.3,61985.0,61419.0,61872.8,2675,500
2026-07-02 14:00:00,61881.1,62136.5,61315.7,61638.8,2923,500
2026-07-02 15:00:00,61638.8,61774.5,61341.6,61543.3,1747,500
2026-07-02 16:00:00,61556.0,61724.3,61067.3,61623.6,1409,500
2026-07-02 17:00:00,61621.8,61878.3,61547.4,61612.5,1018,500
2026-07-02 18:00:00,61590.6,61814.2,61585.5,61699.5,620,500
2026-07-02 19:00:00,61706.8,61706.8,61352.0,61403.0,685,500
2026-07-02 20:00:00,61419.9,61532.0,61253.6,61516.7,590,500
2026-07-02 21:00:00,61521.2,61595.3,61426.0,61495.6,411,500
2026-07-02 22:00:00,61495.6,61529.5,61305.1,61391.8,412,500
2026-07-02 23:00:00,61386.4,61539.6,61257.4,61459.5,638,500
2026-07-03 00:00:00,61458.9,61507.9,61152.4,61237.8,909,500
2026-07-03 01:00:00,61216.7,61661.8,61197.2,61509.0,1319,500
2026-07-03 02:00:00,61517.8,61596.2,61190.9,61360.8,969,500
2026-07-03 03:00:00,61351.5,61510.5,61221.3,61360.6,745,500
2026-07-03 04:00:00,61349.8,61456.7,61240.2,61348.5,648,500
2026-07-03 05:00:00,61365.4,61735.2,61342.5,61631.1,777,500
2026-07-03 06:00:00,61612.1,61781.4,61524.3,61642.4,656,500
2026-07-03 07:00:00,61637.1,61803.0,61568.6,61659.4,499,500
2026-07-03 08:00:00,61659.7,61837.8,61462.1,61514.1,757,500
2026-07-03 09:00:00,61518.8,61716.3,61422.7,61649.8,782,500
2026-07-03 10:00:00,61646.5,61977.8,61581.4,61851.8,793,500
2026-07-03 11:00:00,61856.0,62035.7,61750.7,61960.8,846,500
2026-07-03 12:00:00,61954.2,62105.6,61779.1,61914.2,920,500
2026-07-03 13:00:00,61892.4,62212.0,61853.7,62048.2,955,500
2026-07-03 14:00:00,62042.7,62214.5,61622.1,62109.6,1040,500
2026-07-03 15:00:00,62112.2,62344.3,61740.1,61867.9,1085,500
2026-07-03 16:00:00,61873.4,62075.2,61838.9,62056.1,600,500
2026-07-03 17:00:00,62052.6,62235.5,62007.5,62114.1,648,500
2026-07-03 18:00:00,62146.3,62199.1,62045.9,62152.2,512,500
2026-07-03 19:00:00,62151.7,62260.4,62082.3,62154.2,559,500
2026-07-03 20:00:00,62158.8,62848.3,62114.9,62720.7,992,500
2026-07-03 21:00:00,62719.7,62896.3,62455.1,62668.4,460,500
2026-07-03 22:00:00,62604.3,62681.6,62464.7,62512.6,252,1111
2026-07-03 23:00:00,62513.7,62646.6,62429.0,62523.4,209,508
2026-07-04 00:00:00,62524.8,62891.3,62522.3,62699.1,357,508
2026-07-04 01:00:00,62696.9,62696.9,62349.5,62413.3,382,500
2026-07-04 02:00:00,62413.4,62522.4,62372.1,62485.6,237,500
2026-07-04 03:00:00,62484.1,62693.6,62410.0,62571.0,247,504
2026-07-04 04:00:00,62574.3,62696.4,62532.2,62632.4,250,573
2026-07-04 05:00:00,62630.8,62630.8,62378.0,62412.2,205,502
2026-07-04 06:00:00,62416.1,62508.2,62278.7,62441.7,230,500
2026-07-04 07:00:00,62437.6,62579.0,62408.0,62511.7,220,844
2026-07-04 08:00:00,62512.2,62617.4,62452.5,62497.2,189,500
2026-07-04 09:00:00,62498.4,62532.6,62355.9,62437.0,180,500
2026-07-04 10:00:00,62436.3,62490.7,62339.7,62450.2,140,529
2026-07-04 11:00:00,62452.6,62502.7,62360.0,62431.7,137,528
2026-07-04 12:00:00,62432.6,62638.9,62432.6,62607.1,188,509
2026-07-04 13:00:00,62605.4,62729.2,62473.4,62539.8,252,534
2026-07-04 14:00:00,62538.3,62685.6,62532.8,62649.9,290,500
2026-07-04 15:00:00,62650.6,63018.8,62645.1,62886.4,627,500
2026-07-04 16:00:00,62893.0,62922.3,62729.5,62872.5,387,500
2026-07-04 17:00:00,62868.8,63375.8,62745.3,63228.2,450,500
2026-07-04 18:00:00,63228.6,63298.6,63043.4,63119.6,356,500
2026-07-04 19:00:00,63110.5,63414.3,63069.1,63246.2,319,500
2026-07-04 20:00:00,63241.0,63346.3,63103.5,63181.9,315,502
2026-07-04 21:00:00,63182.7,63406.5,63152.9,63247.4,267,500
2026-07-04 22:00:00,63172.9,63263.5,63070.8,63143.9,188,540
2026-07-04 23:00:00,63145.0,63189.9,62881.3,63093.0,290,501
2026-07-05 00:00:00,63094.4,63094.5,62850.5,62937.1,290,500
2026-07-05 01:00:00,62940.1,62999.3,62745.2,62835.9,333,500
2026-07-05 02:00:00,62835.0,62881.4,62541.3,62645.4,374,500
2026-07-05 03:00:00,62646.4,62747.2,62599.6,62716.3,206,505
2026-07-05 04:00:00,62726.3,62905.0,62654.9,62762.2,214,500
2026-07-05 05:00:00,62758.4,62761.2,62599.4,62689.7,198,501
2026-07-05 06:00:00,62691.5,62772.5,62614.4,62724.0,158,518
2026-07-05 07:00:00,62727.8,63008.0,62629.9,62968.6,209,1303
2026-07-05 08:00:00,62964.7,63054.8,62843.5,62860.1,247,500
2026-07-05 09:00:00,62864.6,62879.9,62388.4,62572.0,350,515
2026-07-05 10:00:00,62569.8,62706.2,62485.9,62706.2,211,500
2026-07-05 11:00:00,62702.2,62766.6,62557.8,62602.2,187,500
2026-07-05 12:00:00,62607.4,62725.5,62500.4,62692.3,214,511
2026-07-05 13:00:00,62684.9,62771.4,62596.4,62745.4,201,500
2026-07-05 14:00:00,62742.1,62768.9,62590.2,62765.2,188,522
2026-07-05 15:00:00,62765.1,62899.6,62607.9,62688.6,288,500
2026-07-05 16:00:00,62688.9,62721.0,62503.8,62587.6,208,520
2026-07-05 17:00:00,62593.0,62771.6,62526.8,62578.1,217,503
2026-07-05 18:00:00,62577.1,62835.9,62561.4,62760.8,202,500
2026-07-05 19:00:00,62757.9,62831.3,62673.2,62717.4,168,500
2026-07-05 20:00:00,62717.7,62792.8,62599.6,62679.3,140,577
2026-07-05 21:00:00,62679.2,63168.1,62552.8,63039.1,372,500
2026-07-05 22:00:00,63023.8,63881.2,62928.3,63659.2,2075,580
2026-07-05 23:00:00,63659.0,63946.2,63490.0,63586.9,1773,500
2026-07-06 00:00:00,63568.6,63713.0,63277.3,63696.4,1355,500
2026-07-06 01:00:00,63691.1,63859.8,63481.0,63514.1,1244,500
2026-07-06 02:00:00,63514.7,63617.6,63294.7,63375.9,980,500
2026-07-06 03:00:00,63392.6,63440.2,63058.2,63240.5,795,500
2026-07-06 04:00:00,63232.7,63341.0,63103.8,63188.2,739,500
2026-07-06 05:00:00,63208.2,63213.5,62878.8,63037.9,745,500
2026-07-06 06:00:00,63052.7,63093.9,62891.8,62899.1,617,500
2026-07-06 07:00:00,62898.9,63068.9,62801.9,63027.9,646,500
2026-07-06 08:00:00,63032.1,63184.6,62751.6,62839.9,644,500
2026-07-06 09:00:00,62833.0,62860.3,62548.2,62606.5,575,500
2026-07-06 10:00:00,62599.4,62979.1,62575.0,62765.3,636,500
2026-07-06 11:00:00,62747.9,62949.7,62416.0,62439.5,598,500
2026-07-06 12:00:00,62431.0,62435.5,61591.8,61699.1,2142,501
2026-07-06 13:00:00,61674.8,61986.8,61244.3,61697.6,2353,500
2026-07-06 14:00:00,61722.5,62358.9,61649.0,61997.4,2375,500
2026-07-06 15:00:00,61975.2,63506.0,61975.2,63499.6,2337,500
2026-07-06 16:00:00,63472.1,63819.2,63317.9,63670.7,2188,500
2026-07-06 17:00:00,63689.2,63934.4,63506.2,63541.9,1420,500
2026-07-06 18:00:00,63544.3,63845.1,63492.7,63656.7,1067,500
2026-07-06 19:00:00,63659.6,63857.4,63585.1,63698.9,1229,500
2026-07-06 20:00:00,63703.3,63857.4,63520.4,63758.0,744,500
2026-07-06 21:00:00,63758.2,64658.9,63747.0,64423.7,1504,500
2026-07-06 22:00:00,64423.7,64455.9,64085.4,64207.7,1318,508
2026-07-06 23:00:00,64201.1,64302.6,63961.9,63980.2,813,500
2026-07-07 00:00:00,63980.3,64278.0,63946.0,64158.4,1046,500
2026-07-07 01:00:00,64162.6,64162.6,63722.4,63775.5,1289,500
2026-07-07 02:00:00,63798.5,63871.3,63227.9,63285.7,1248,500
2026-07-07 03:00:00,63258.8,63374.0,63088.2,63139.1,869,500
2026-07-07 04:00:00,63134.2,63230.3,62992.2,63045.2,615,500
2026-07-07 05:00:00,63049.6,63218.3,62719.5,63055.4,768,500
2026-07-07 06:00:00,63073.2,63354.4,62918.5,63288.8,662,500
2026-07-07 07:00:00,63270.6,63402.3,63007.1,63034.8,699,500
2026-07-07 08:00:00,63011.3,63143.5,62931.1,63044.8,561,500
2026-07-07 09:00:00,63042.5,63288.8,62990.2,63189.7,512,500
2026-07-07 10:00:00,63190.2,63408.3,63156.1,63226.2,433,500
2026-07-07 11:00:00,63203.1,63398.3,63043.6,63342.1,638,500
2026-07-07 12:00:00,63346.6,63808.1,63311.9,63400.4,1186,500
2026-07-07 13:00:00,63416.3,63422.8,62912.3,62986.9,2201,500
2026-07-07 14:00:00,62968.0,63577.4,62590.8,63497.1,2968,500
2026-07-07 15:00:00,63499.8,64055.4,63295.3,63863.5,2065,500
2026-07-07 16:00:00,63882.6,64194.3,63738.1,63933.0,1537,500
2026-07-07 17:00:00,63937.3,64186.0,63817.7,64146.4,1125,500
2026-07-07 18:00:00,64119.6,64143.3,63604.2,63633.6,1207,500
2026-07-07 19:00:00,63622.8,63848.9,63330.7,63775.0,1526,500
2026-07-07 20:00:00,63778.9,63860.1,63552.6,63653.9,752,500
2026-07-07 21:00:00,63655.0,63828.3,63277.4,63385.3,1002,500
2026-07-07 22:00:00,63364.4,63619.1,63160.7,63503.9,749,508
2026-07-07 23:00:00,63473.5,63669.1,63256.4,63296.0,527,500
2026-07-08 00:00:00,63322.7,63716.6,63244.0,63569.4,879,500
2026-07-08 01:00:00,63570.1,63605.1,62863.2,62975.2,1136,500
2026-07-08 02:00:00,62968.7,63021.4,62469.9,62941.2,1306,500
2026-07-08 03:00:00,62949.1,63053.7,62632.4,62718.6,788,500
2026-07-08 04:00:00,62725.3,62857.5,62603.2,62743.9,756,500
2026-07-08 05:00:00,62749.4,62830.0,62482.8,62583.7,629,500
2026-07-08 06:00:00,62599.7,62696.3,62410.2,62603.6,912,500
2026-07-08 07:00:00,62604.6,62845.7,62475.0,62834.0,812,500
2026-07-08 08:00:00,62830.0,62889.7,61777.7,61959.8,2275,500
2026-07-08 09:00:00,61966.9,62110.2,61664.1,62008.4,1158,500
2026-07-08 10:00:00,61983.2,62144.9,61827.1,62126.1,625,500
2026-07-08 11:00:00,62124.5,62335.0,61979.8,62226.6,874,500
2026-07-08 12:00:00,62246.9,62373.8,61882.8,61902.7,818,500
2026-07-08 13:00:00,61897.4,62035.6,61554.3,61879.3,2069,500
2026-07-08 14:00:00,61876.7,62114.2,61628.0,61824.6,2252,500
2026-07-08 15:00:00,61839.0,61859.5,61462.3,61633.2,1972,500
2026-07-08 16:00:00,61633.8,62094.2,61605.5,62047.0,1243,500
2026-07-08 17:00:00,62046.3,62344.3,61952.8,62060.2,934,500
2026-07-08 18:00:00,62053.6,62304.7,61961.8,62125.1,857,500
2026-07-08 19:00:00,62135.7,62243.1,61999.4,62233.6,825,500
2026-07-08 20:00:00,62208.5,62266.3,62019.2,62054.7,644,500
2026-07-08 21:00:00,62064.4,62202.6,61890.4,62136.2,779,500
2026-07-08 22:00:00,62138.1,62306.4,62110.5,62281.5,591,500
2026-07-08 23:00:00,62277.5,62299.4,62098.3,62237.0,569,500
2026-07-09 00:00:00,62235.0,62268.3,61996.5,62079.7,803,500
2026-07-09 01:00:00,62082.6,62592.2,61770.1,61856.2,1434,500
2026-07-09 02:00:00,61858.8,62068.5,61623.1,61727.5,1039,500
2026-07-09 03:00:00,61735.1,62011.4,61648.5,61918.8,879,500
2026-07-09 04:00:00,61927.1,62408.9,61885.5,62401.1,629,500
2026-07-09 05:00:00,62383.2,62576.7,62163.3,62535.8,847,500
2026-07-09 06:00:00,62539.9,62916.6,62412.9,62902.7,777,500
2026-07-09 07:00:00,62902.6,63216.7,62729.8,62949.6,1019,500
2026-07-09 08:00:00,62958.7,63032.8,62770.0,62840.6,798,500
2026-07-09 09:00:00,62839.3,62947.8,62710.5,62898.8,718,500
2026-07-09 10:00:00,62897.5,63004.9,62607.9,62731.8,555,500
2026-07-09 11:00:00,62730.3,62776.4,62540.5,62700.6,738,500
2026-07-09 12:00:00,62728.3,62901.4,62389.2,62558.0,1190,500
2026-07-09 13:00:00,62556.2,63188.2,62438.6,62973.9,1798,500
2026-07-09 14:00:00,62981.9,63091.5,62580.9,62957.3,1756,500
2026-07-09 15:00:00,62964.0,63205.5,62737.9,62804.4,1079,500
2026-07-09 16:00:00,62807.8,62946.4,62483.7,62642.0,880,500
2026-07-09 17:00:00,62643.3,63122.3,62597.8,63066.9,811,500
2026-07-09 18:00:00,63067.3,63446.3,63003.9,63172.9,1357,500
2026-07-09 19:00:00,63141.3,63335.1,63077.7,63174.0,1072,500
2026-07-09 20:00:00,63208.3,63283.0,63105.3,63239.0,693,500
2026-07-09 21:00:00,63242.1,63353.6,63147.8,63229.2,495,500
2026-07-09 22:00:00,63230.9,63372.9,63150.5,63171.7,648,500
2026-07-09 23:00:00,63150.1,63280.9,62995.3,63181.3,603,500
2026-07-10 00:00:00,63178.4,63210.9,62869.0,63066.3,1147,500
2026-07-10 01:00:00,63071.7,63900.0,62883.8,63679.8,1425,500
2026-07-10 02:00:00,63689.0,63996.4,63616.4,63899.3,834,500
2026-07-10 03:00:00,63916.1,64000.6,63762.7,63901.8,452,500
2026-07-10 04:00:00,63880.8,64128.2,63792.3,63981.9,570,500
2026-07-10 05:00:00,63993.1,64156.6,63885.3,64044.9,553,500
2026-07-10 06:00:00,64045.5,64122.3,63770.9,63816.7,517,500
2026-07-10 07:00:00,63813.7,63976.2,63743.1,63939.5,616,500
2026-07-10 08:00:00,63939.1,64346.2,63918.0,64192.8,657,500
2026-07-10 09:00:00,64195.3,64442.1,64039.5,64345.2,704,500
2026-07-10 10:00:00,64351.5,64453.5,64215.1,64356.2,559,500
2026-07-10 11:00:00,64356.4,64437.3,64278.6,64359.3,609,500
2026-07-10 12:00:00,64387.2,64569.8,64208.0,64244.5,1140,500
2026-07-10 13:00:00,64249.0,64658.7,64078.3,64438.0,1394,500
2026-07-10 14:00:00,64403.7,64480.6,63751.1,63873.6,2769,500
2026-07-10 15:00:00,63842.7,64167.8,63826.5,63968.8,1609,500
2026-07-10 16:00:00,63967.8,64179.4,63757.5,64091.8,1272,500
2026-07-10 17:00:00,64089.6,64117.3,63756.5,63782.1,811,500
2026-07-10 18:00:00,63784.5,63966.6,63674.0,63742.4,941,500
2026-07-10 19:00:00,63742.2,64008.4,63709.3,63887.6,1119,500
2026-07-10 20:00:00,63883.7,63891.2,63593.6,63772.7,577,500
2026-07-10 21:00:00,63723.6,64054.8,63723.6,63971.9,237,600
2026-07-10 22:00:00,63903.1,64129.1,63882.8,64068.1,273,1121
2026-07-10 23:00:00,64071.5,64170.6,63977.9,64123.8,210,500
2026-07-11 00:00:00,64125.3,64133.3,63987.2,64079.1,179,501
2026-07-11 01:00:00,64084.9,64270.8,63962.3,63971.6,255,502
2026-07-11 02:00:00,63974.6,64130.2,63940.3,64117.1,188,500
2026-07-11 03:00:00,64115.2,64157.9,64026.4,64109.9,153,501
2026-07-11 04:00:00,64110.8,64174.0,64009.4,64107.9,133,661
2026-07-11 05:00:00,64105.7,64183.2,64048.8,64060.2,138,555
2026-07-11 06:00:00,64059.7,64232.4,64034.6,64169.9,122,559
2026-07-11 07:00:00,64168.8,64210.5,64037.8,64114.9,124,620
2026-07-11 08:00:00,64112.3,64269.0,64040.9,64222.3,118,559
2026-07-11 09:00:00,64222.0,64253.1,64102.1,64113.0,111,527
2026-07-11 10:00:00,64115.6,64155.6,64040.3,64141.1,98,766
2026-07-11 11:00:00,64144.3,64166.3,64057.1,64134.8,90,828
2026-07-11 12:00:00,64134.8,64184.5,64022.8,64139.1,91,581
2026-07-11 13:00:00,64143.9,64220.7,64054.6,64191.2,111,699
2026-07-11 14:00:00,64192.4,64459.1,64146.0,64301.4,216,547
2026-07-11 15:00:00,64305.1,64434.7,63879.6,64126.7,473,517
2026-07-11 16:00:00,64128.6,64233.7,64038.4,64137.5,308,501
2026-07-11 17:00:00,64136.5,64356.7,64104.8,64274.2,204,539
2026-07-11 18:00:00,64271.6,64346.2,64188.8,64288.4,169,500
2026-07-11 19:00:00,64281.3,64301.6,64152.9,64180.9,145,505
2026-07-11 20:00:00,64247.6,64420.2,64196.3,64339.1,135,543
2026-07-11 21:00:00,64340.7,64389.7,64234.4,64314.0,121,558
2026-07-11 22:00:00,64245.2,64392.0,64099.4,64158.9,256,615
2026-07-11 23:00:00,64157.9,64215.3,63776.0,63776.0,442,500
2026-07-12 00:00:00,63771.2,63876.5,63659.9,63796.0,476,500
2026-07-12 01:00:00,63795.5,64132.8,63771.6,64091.7,313,500
2026-07-12 02:00:00,64020.1,64095.8,63989.3,64036.5,183,671
2026-07-12 03:00:00,64032.6,64183.5,63970.7,64183.0,178,571
2026-07-12 04:00:00,64187.0,64206.0,63897.5,63962.4,157,533
2026-07-12 05:00:00,63962.0,63987.0,63822.8,63925.3,121,568
2026-07-12 06:00:00,63923.3,63924.3,63596.8,63718.2,291,500
2026-07-12 07:00:00,63716.0,63864.8,63692.4,63846.3,134,542
2026-07-12 08:00:00,63841.2,64068.5,63841.2,63941.1,183,522
2026-07-12 09:00:00,63945.1,64006.3,63722.2,63922.5,230,502
2026-07-12 10:00:00,63915.8,63919.1,63798.7,63830.2,156,500
2026-07-12 11:00:00,63832.2,64002.2,63770.2,63980.5,158,510
2026-07-12 12:00:00,63976.2,64096.7,63877.0,63987.1,167,515
2026-07-12 13:00:00,63984.6,64060.4,63896.9,63984.9,129,1303
2026-07-12 14:00:00,63989.8,64253.2,63882.4,64164.4,204,1298
2026-07-12 15:00:00,64161.2,64226.2,64030.1,64141.7,216,518
2026-07-12 16:00:00,64142.3,64174.1,64000.5,64135.6,172,500
2026-07-12 17:00:00,64141.0,64141.7,63988.5,64042.3,121,568
2026-07-12 18:00:00,64044.9,64117.3,63930.9,64107.8,119,527
2026-07-12 19:00:00,64114.1,64235.0,64053.2,64193.1,122,1298
2026-07-12 20:00:00,64197.2,64219.8,64077.3,64160.9,111,565
2026-07-12 21:00:00,64164.7,64201.2,63852.9,63884.1,238,537
2026-07-12 22:00:00,63879.5,63893.8,63611.8,63830.7,779,646
2026-07-12 23:00:00,63846.9,63881.8,63674.1,63745.8,660,500
2026-07-13 00:00:00,63722.7,64393.2,63497.5,64005.2,2608,500
2026-07-13 01:00:00,64031.0,64033.7,63342.2,63349.4,2661,500
2026-07-13 02:00:00,63349.6,63510.5,63179.9,63309.1,2168,500
2026-07-13 03:00:00,63334.8,63351.4,62672.6,62734.2,2326,500
2026-07-13 04:00:00,62734.1,62866.4,62564.8,62608.9,1292,500
2026-07-13 05:00:00,62638.9,62871.0,62442.0,62736.2,1303,500
2026-07-13 06:00:00,62764.8,62836.0,62643.1,62728.9,817,500
2026-07-13 07:00:00,62728.8,63017.1,62682.3,62940.5,797,500
2026-07-13 08:00:00,62945.1,63234.4,62872.2,63154.4,656,500
2026-07-13 09:00:00,63128.4,63158.2,63013.7,63022.2,205,500
2026-07-13 10:00:00,63022.1,63091.3,62781.2,62815.4,427,500
2026-07-13 11:00:00,62782.5,63083.6,62782.5,62822.1,559,500
2026-07-13 12:00:00,62822.4,62927.5,62489.1,62571.5,906,500
2026-07-13 13:00:00,62575.3,62706.5,62080.2,62236.0,1719,500
2026-07-13 14:00:00,62258.4,62736.1,62024.6,62727.0,2289,500
2026-07-13 15:00:00,62731.4,62923.4,62489.9,62551.6,1004,500
2026-07-13 16:00:00,62563.4,62572.6,62126.0,62217.3,1182,500
2026-07-13 17:00:00,62223.2,62313.2,61811.6,61843.2,1026,500
2026-07-13 18:00:00,61847.1,62041.9,61752.0,61960.4,1081,500
2026-07-13 19:00:00,61966.4,62233.7,61893.3,62224.5,819,500
2026-07-13 20:00:00,62224.5,62263.9,61969.1,62119.4,637,500
2026-07-13 21:00:00,62120.1,62166.7,61816.6,61981.4,484,500
2026-07-13 22:00:00,62010.2,62167.3,61812.9,61816.3,789,500
2026-07-13 23:00:00,61817.0,62281.1,61780.3,62237.1,854,500
2026-07-14 00:00:00,62237.3,62596.5,62176.4,62482.8,1204,500
2026-07-14 01:00:00,62485.9,62575.8,62370.8,62443.1,807,500
2026-07-14 02:00:00,62463.4,62574.2,62232.6,62476.6,645,500
2026-07-14 03:00:00,62455.0,62542.3,62223.6,62501.0,619,500
2026-07-14 04:00:00,62496.8,62705.0,62450.3,62673.6,531,500
2026-07-14 05:00:00,62671.1,62810.2,62609.2,62658.6,530,500
2026-07-14 06:00:00,62653.5,62704.5,62471.5,62547.6,519,500
2026-07-14 07:00:00,62548.0,62583.8,62416.3,62472.8,837,500
2026-07-14 08:00:00,62473.8,62733.8,62407.5,62609.4,683,500
2026-07-14 09:00:00,62635.2,62672.3,62444.8,62561.4,517,500
2026-07-14 10:00:00,62535.6,62835.4,62517.4,62729.6,607,500
2026-07-14 11:00:00,62735.0,62852.1,62623.5,62774.0,590,500
2026-07-14 12:00:00,62778.9,63919.1,62703.6,63871.5,1789,500
2026-07-14 13:00:00,63899.4,64110.2,63609.4,63774.6,1733,500
2026-07-14 14:00:00,63782.6,64275.2,63518.6,64239.5,1422,500
2026-07-14 15:00:00,64220.8,64910.2,64117.9,64678.3,1794,500
2026-07-14 16:00:00,64678.7,64853.9,64547.8,64684.7,1179,500
2026-07-14 17:00:00,64684.0,64684.0,64236.4,64587.5,858,500
2026-07-14 18:00:00,64563.0,64617.4,64421.1,64513.4,572,500
2026-07-14 19:00:00,64535.4,64660.8,64435.4,64529.8,631,500
2026-07-14 20:00:00,64534.0,64562.0,64362.9,64521.9,410,500
2026-07-14 21:00:00,64523.6,64857.7,64462.2,64604.6,565,500
2026-07-14 22:00:00,64637.2,65066.6,64455.3,64818.5,959,500
2026-07-14 23:00:00,64816.7,65000.5,64716.0,64969.4,655,500
2026-07-15 00:00:00,64969.5,65018.9,64704.1,64780.3,900,500
2026-07-15 01:00:00,64785.5,64811.5,64575.6,64607.2,884,500
2026-07-15 02:00:00,64624.5,64715.3,64419.1,64447.5,532,500
2026-07-15 03:00:00,64426.0,64796.4,64426.0,64740.8,632,500
2026-07-15 04:00:00,64735.6,64839.4,64644.3,64670.7,444,500
2026-07-15 05:00:00,64671.3,64920.4,64541.3,64868.2,546,500
2026-07-15 06:00:00,64900.5,65236.7,64741.7,64770.2,1064,500
2026-07-15 07:00:00,64745.5,64840.5,64420.1,64488.3,927,500
2026-07-15 08:00:00,64510.8,64736.6,64483.8,64721.9,719,500
2026-07-15 09:00:00,64718.4,64872.4,64572.5,64615.4,507,500
2026-07-15 10:00:00,64620.1,64806.4,64538.3,64588.7,625,502
2026-07-15 11:00:00,64607.1,64705.3,64546.7,64661.8,478,500
2026-07-15 12:00:00,64662.1,65202.5,64526.6,65086.8,1744,501
2026-07-15 13:00:00,65087.1,65516.4,64806.4,65059.8,3231,500
2026-07-15 14:00:00,65040.9,65465.9,64995.2,65317.9,2789,500
2026-07-15 15:00:00,65355.9,65539.8,65176.1,65343.4,1900,500
2026-07-15 16:00:00,65346.7,65411.2,64704.0,65036.6,1738,500
2026-07-15 17:00:00,65069.0,65139.9,64896.4,65009.7,954,500
2026-07-15 18:00:00,64986.7,65090.1,64775.9,64820.3,984,500
2026-07-15 19:00:00,64821.5,64959.8,64660.1,64932.3,1188,500
2026-07-15 20:00:00,64935.5,65017.7,64832.7,64926.2,546,500
2026-07-15 21:00:00,64934.3,64979.3,64723.0,64766.9,560,500
2026-07-15 22:00:00,64791.9,64924.5,64701.1,64825.1,554,527
2026-07-15 23:00:00,64825.2,64902.0,64629.5,64693.5,571,500
2026-07-16 00:00:00,64713.0,64811.5,64431.1,64527.2,929,512
2026-07-16 01:00:00,64543.9,64791.4,64321.0,64686.9,929,500
2026-07-16 02:00:00,64673.8,64695.5,64509.3,64595.4,771,500
2026-07-16 03:00:00,64564.0,64697.9,64478.3,64566.4,618,500
2026-07-16 04:00:00,64573.7,64645.5,64468.9,64590.1,454,500
2026-07-16 05:00:00,64559.5,64946.6,64532.9,64867.2,779,500
2026-07-16 06:00:00,64862.7,64922.5,64554.3,64725.0,675,500
2026-07-16 07:00:00,64723.3,64727.3,64010.8,64155.9,1197,500
2026-07-16 08:00:00,64154.7,64311.8,63808.4,64050.2,1469,500
2026-07-16 09:00:00,64072.9,64133.0,63935.6,64041.9,679,500
2026-07-16 10:00:00,64037.2,64213.1,63995.8,64142.1,568,500
2026-07-16 11:00:00,64175.0,64217.8,64017.5,64173.4,790,500
2026-07-16 12:00:00,64171.1,64202.2,63780.9,63912.3,1125,500
2026-07-16 13:00:00,63882.0,64422.9,63882.0,64303.3,2113,500
2026-07-16 14:00:00,64320.2,64797.7,64252.9,64486.9,2822,500
2026-07-16 15:00:00,64486.6,64842.3,64232.6,64655.3,2259,500
2026-07-16 16:00:00,64659.8,64667.9,64254.8,64432.0,1748,500
2026-07-16 17:00:00,64435.4,64437.2,63922.6,64025.8,1423,500
2026-07-16 18:00:00,64030.2,64288.7,63984.3,64174.4,1039,500
2026-07-16 19:00:00,64169.5,64256.7,64070.8,64221.6,1032,500
2026-07-16 20:00:00,64218.9,64228.0,64031.4,64068.0,546,500
2026-07-16 21:00:00,64067.4,64191.9,64014.3,64086.5,360,500
2026-07-16 22:00:00,64112.4,64192.3,63863.2,63919.3,508,507
2026-07-16 23:00:00,63914.9,63961.3,63678.7,63777.6,791,500
2026-07-17 00:00:00,63777.0,63857.6,63535.3,63808.3,1298,500
2026-07-17 01:00:00,63808.4,64013.8,63396.5,63462.1,1482,500
2026-07-17 02:00:00,63460.7,63608.1,63299.9,63429.6,1331,500
2026-07-17 03:00:00,63436.3,63665.6,63406.6,63487.9,810,500
2026-07-17 04:00:00,63487.8,63521.9,63238.5,63408.8,946,500
2026-07-17 05:00:00,63408.2,63417.7,62710.7,62759.8,1147,500
2026-07-17 06:00:00,62759.7,62944.6,62618.8,62872.2,1195,500
2026-07-17 07:00:00,62890.3,62928.1,62716.1,62747.5,788,500
2026-07-17 08:00:00,62770.2,62880.1,62571.4,62828.8,1020,500
2026-07-17 09:00:00,62828.7,63010.4,62785.5,62932.9,581,500
2026-07-17 10:00:00,62936.0,63137.9,62902.5,63096.1,760,500
2026-07-17 11:00:00,63122.0,63305.2,62976.9,63215.5,585,500
2026-07-17 12:00:00,63244.4,63291.0,62986.6,63039.8,708,500
2026-07-17 13:00:00,63042.8,63113.4,62448.4,63093.8,2876,500
2026-07-17 14:00:00,63059.0,63450.4,63004.6,63095.3,5574,502
2026-07-17 15:00:00,63095.9,63404.9,62781.9,63404.3,2051,500
2026-07-17 16:00:00,63408.2,63655.3,63239.4,63514.0,1683,500
2026-07-17 17:00:00,63545.3,64180.9,63523.8,63975.8,2870,500
2026-07-17 18:00:00,63975.5,64343.5,63819.5,64215.7,2385,500
2026-07-17 19:00:00,64197.9,64219.6,63907.7,64113.8,1875,500
2026-07-17 20:00:00,64111.2,64157.1,63885.3,64072.1,951,500
2026-07-17 21:00:00,64071.8,64182.3,63992.6,64063.0,225,500
2026-07-17 22:00:00,64000.9,64111.7,63858.5,63941.7,191,1072
2026-07-17 23:00:00,63940.4,63971.6,63808.6,63892.2,172,598
2026-07-18 00:00:00,63894.8,63977.1,63799.4,63864.2,150,519
2026-07-18 01:00:00,63868.0,63958.5,63796.8,63911.9,129,502
2026-07-18 02:00:00,63912.5,63992.8,63843.1,63918.2,135,981
2026-07-18 03:00:00,63920.6,63974.4,63830.9,63970.8,112,1303
2026-07-18 04:00:00,63972.7,63972.7,63837.2,63926.0,96,599
2026-07-18 05:00:00,63922.1,63960.7,63816.9,63915.8,103,646
2026-07-18 06:00:00,63917.2,63958.5,63845.6,63870.3,79,585
2026-07-18 07:00:00,63908.8,63979.9,63864.6,63957.2,99,662
2026-07-18 08:00:00,63965.9,63978.4,63855.0,63955.8,114,563
2026-07-18 09:00:00,63956.0,63967.8,63840.9,63935.3,86,570
2026-07-18 10:00:00,63935.2,63970.1,63874.2,63960.8,71,738
2026-07-18 11:00:00,63961.7,64046.2,63900.0,64012.7,80,728
2026-07-18 12:00:00,64016.3,64218.3,63981.9,64167.1,239,538
2026-07-18 13:00:00,64161.9,64164.5,63916.4,64059.9,272,500
2026-07-18 14:00:00,64060.2,64151.1,64024.5,64081.4,198,505
2026-07-18 15:00:00,64085.6,64118.4,63951.1,64077.4,129,581
2026-07-18 16:00:00,64075.8,64279.1,64016.8,64258.9,176,559
2026-07-18 17:00:00,64262.3,64447.4,64180.0,64436.0,326,523
2026-07-18 18:00:00,64438.5,64625.7,64371.7,64464.5,279,517
2026-07-18 19:00:00,64467.4,64555.2,64416.7,64515.5,167,529
2026-07-18 20:00:00,64514.5,64696.3,64450.4,64651.4,230,500
2026-07-18 21:00:00,64649.5,64806.0,64557.4,64687.0,274,501
2026-07-18 22:00:00,64626.9,64823.7,64625.9,64765.3,194,768
2026-07-18 23:00:00,64763.9,64803.6,64668.8,64791.8,155,600
2026-07-19 00:00:00,64791.5,64864.9,64667.7,64739.7,133,534
2026-07-19 01:00:00,64740.2,64747.3,64659.7,64722.2,79,589
2026-07-19 02:00:00,64694.8,64921.5,64642.6,64779.8,280,955
2026-07-19 03:00:00,64784.0,64800.0,64570.8,64666.5,145,528
2026-07-19 04:00:00,64670.3,64754.4,64550.8,64675.6,136,502
2026-07-19 05:00:00,64675.7,64769.9,64595.8,64676.9,135,528
2026-07-19 06:00:00,64675.2,64717.5,64588.9,64663.7,115,521
2026-07-19 07:00:00,64664.1,64742.3,64584.3,64672.6,111,561
2026-07-19 08:00:00,64673.5,64704.6,64533.9,64662.7,135,573
2026-07-19 09:00:00,64663.6,64677.7,64432.9,64468.9,168,549
2026-07-19 10:00:00,64464.2,64657.7,64415.0,64543.7,410,500
2026-07-19 11:00:00,64543.6,64596.2,64373.5,64422.9,284,500
2026-07-19 12:00:00,64420.4,64420.4,64207.0,64397.1,301,501
2026-07-19 13:00:00,64397.9,64471.4,64237.7,64431.3,250,512
2026-07-19 14:00:00,64432.1,64603.4,64345.8,64543.3,369,502
2026-07-19 15:00:00,64540.4,64573.9,64421.7,64532.2,248,532
2026-07-19 16:00:00,64534.2,64597.6,64429.7,64491.4,263,510
2026-07-19 17:00:00,64491.8,64705.7,64359.9,64502.6,465,502
2026-07-19 18:00:00,64503.2,64514.8,64242.0,64378.3,453,500
2026-07-19 19:00:00,64385.0,64419.6,64277.9,64414.2,197,1071
2026-07-19 20:00:00,64417.0,64508.5,64363.8,64485.8,230,524
2026-07-19 21:00:00,64491.0,64515.5,64270.3,64368.2,300,555
2026-07-19 22:00:00,64301.5,64849.6,64257.6,64609.5,1290,645
2026-07-19 23:00:00,64609.6,64726.2,64484.6,64677.4,1468,500
2026-07-20 00:00:00,64661.5,65056.9,64343.2,64481.9,1913,500
2026-07-20 01:00:00,64515.5,64980.8,64425.6,64550.4,2376,500
2026-07-20 02:00:00,64567.3,64917.3,64502.6,64751.6,2276,500
2026-07-20 03:00:00,64751.3,64864.4,64566.4,64817.2,1753,500
2026-07-20 04:00:00,64813.7,64820.2,64458.9,64487.9,1436,500
2026-07-20 05:00:00,64492.7,64511.3,63989.7,64078.0,2224,500
2026-07-20 06:00:00,64079.0,64168.6,63680.4,63860.9,1828,500
2026-07-20 07:00:00,63861.1,64246.1,63811.6,64187.8,1404,500
2026-07-20 08:00:00,64186.4,64298.3,63787.1,63992.5,1398,500
2026-07-20 09:00:00,63993.9,64228.4,63928.1,64118.4,843,500
2026-07-20 10:00:00,64115.2,64353.3,64075.2,64219.5,907,500
2026-07-20 11:00:00,64236.5,65009.5,64187.2,64947.8,1993,500
2026-07-20 12:00:00,64935.0,64945.8,64505.6,64564.1,1380,502
2026-07-20 13:00:00,64560.4,64699.9,64105.3,64254.2,2144,500
2026-07-20 14:00:00,64273.5,64507.4,63974.4,64320.7,2942,500
2026-07-20 15:00:00,64352.8,65605.2,64323.7,65543.5,3049,500
2026-07-20 16:00:00,65521.8,65583.4,65274.3,65452.0,2059,500
2026-07-20 17:00:00,65434.8,65589.9,65273.1,65514.4,1346,500
2026-07-20 18:00:00,65510.2,65747.3,65119.6,65163.5,1662,500
2026-07-20 19:00:00,65193.6,65225.3,64969.6,65094.6,1386,500
2026-07-20 20:00:00,65098.1,65386.7,64978.6,65299.2,1076,500
2026-07-20 21:00:00,65324.3,65400.5,65196.4,65239.6,548,500
2026-07-20 22:00:00,65231.5,65231.5,65009.6,65102.4,555,500
2026-07-20 23:00:00,65100.9,65229.2,65048.3,65208.7,511,500
2026-07-21 00:00:00,65178.6,65542.4,65076.5,65487.3,1428,500
2026-07-21 01:00:00,65502.8,65616.8,65160.3,65160.8,1316,500
2026-07-21 02:00:00,65161.3,65450.4,65112.5,65334.6,1181,500
2026-07-21 03:00:00,65333.9,65547.9,65333.9,65493.4,1225,500
2026-07-21 04:00:00,65492.0,65693.6,65402.9,65441.3,1215,500
2026-07-21 05:00:00,65454.5,65873.4,65410.6,65670.8,1295,500
2026-07-21 06:00:00,65667.5,65942.8,65560.5,65841.8,1307,500
2026-07-21 07:00:00,65840.6,66192.0,65784.4,66138.0,2076,500
2026-07-21 08:00:00,66139.1,66309.2,66050.8,66178.6,1847,500
2026-07-21 09:00:00,66178.2,66304.3,66078.1,66224.8,865,500
2026-07-21 10:00:00,66241.7,66376.4,66105.1,66117.3,1393,500
2026-07-21 11:00:00,66110.8,66308.6,66073.4,66267.1,938,500
2026-07-21 12:00:00,66305.7,66591.3,66193.5,66480.3,1650,500
2026-07-21 13:00:00,66479.0,66757.2,66249.0,66703.3,2818,500
2026-07-21 14:00:00,66733.2,66906.3,66573.3,66779.1,3484,500
2026-07-21 15:00:00,66778.6,66783.3,66462.6,66611.5,1918,500
2026-07-21 16:00:00,66626.5,66722.7,66399.7,66474.7,1484,500
2026-07-21 17:00:00,66473.3,66530.6,66007.7,66167.1,1414,500
2026-07-21 18:00:00,66171.2,66322.1,66029.9,66279.6,1474,502
2026-07-21 19:00:00,66284.1,66471.6,66195.5,66410.5,1120,500
2026-07-21 20:00:00,66412.2,66458.6,66291.8,66330.1,796,500
2026-07-21 21:00:00,66351.0,66375.8,66233.9,66338.8,803,500
2026-07-21 22:00:00,66325.0,66341.8,66124.8,66223.7,606,500
2026-07-21 23:00:00,66257.8,66531.9,66149.1,66476.2,1089,500
2026-07-22 00:00:00,66478.7,66691.4,66466.3,66552.8,1721,500
2026-07-22 01:00:00,66565.0,66614.8,66214.1,66355.4,1458,500
2026-07-22 02:00:00,66388.5,66486.4,66213.1,66237.6,1761,500
2026-07-22 03:00:00,66253.9,66325.9,66093.9,66151.8,1300,500
2026-07-22 04:00:00,66117.4,66379.8,66113.5,66336.4,739,500
2026-07-22 05:00:00,66332.7,66332.7,65873.7,65930.5,1239,500
2026-07-22 06:00:00,65936.0,65978.4,65754.2,65887.0,1184,500
2026-07-22 07:00:00,65860.3,65923.7,65637.5,65767.5,1277,500
2026-07-22 08:00:00,65768.1,66112.3,65768.1,65934.8,760,500
2026-07-22 09:00:00,65915.4,66035.0,65774.9,65861.2,614,500
2026-07-22 10:00:00,65850.3,66059.8,65819.8,65999.9,651,500
2026-07-22 11:00:00,65968.5,66043.9,65826.0,65964.9,711,500
2026-07-22 12:00:00,65968.6,65970.5,65464.8,65582.7,717,500
2026-07-22 13:00:00,65581.8,65933.4,65477.9,65874.2,1632,500
2026-07-22 14:00:00,65872.5,66159.8,65509.2,65757.7,2387,500
2026-07-22 15:00:00,65757.1,66096.1,65730.5,66010.3,1623,500
2026-07-22 16:00:00,65973.5,66356.4,65848.4,66163.5,1341,500
2026-07-22 17:00:00,66162.0,66241.0,65873.8,65958.3,1218,500
2026-07-22 18:00:00,65957.6,66046.7,65664.5,65819.3,1086,500
2026-07-22 19:00:00,65820.8,65925.7,65625.6,65876.1,1037,500
2026-07-22 20:00:00,65860.7,65948.7,65718.2,65885.1,852,500
2026-07-22 21:00:00,65884.7,66092.8,65822.5,66032.4,546,500
2026-07-22 22:00:00,66040.0,66041.8,65859.2,65973.5,597,511
2026-07-22 23:00:00,65976.8,66103.0,65773.5,66043.0,642,500
2026-07-23 00:00:00,66066.7,66274.1,65981.6,66012.1,1059,500
2026-07-23 01:00:00,65986.9,66170.5,65682.1,65758.7,1210,500
2026-07-23 02:00:00,65758.4,65804.0,65581.4,65735.9,933,500
2026-07-23 03:00:00,65778.4,65778.4,65507.2,65586.8,935,500
2026-07-23 04:00:00,65584.0,65695.6,65518.0,65570.8,856,500
2026-07-23 05:00:00,65571.5,65753.2,65495.6,65651.9,677,500
2026-07-23 06:00:00,65654.8,65781.2,65551.5,65748.4,556,500
2026-07-23 07:00:00,65729.4,65744.1,65275.9,65364.3,1317,500
2026-07-23 08:00:00,65364.5,65613.6,65337.6,65555.1,835,500
2026-07-23 09:00:00,65551.9,65714.0,65524.5,65599.9,658,500
2026-07-23 10:00:00,65579.7,65753.9,65511.8,65701.8,545,500
2026-07-23 11:00:00,65683.5,65707.8,65471.3,65486.0,478,500
2026-07-23 12:00:00,65486.2,65554.6,64913.8,65087.5,1252,500
2026-07-23 13:00:00,65128.7,65186.9,64782.5,64795.5,3088,500
2026-07-23 14:00:00,64836.7,65165.0,64737.5,64825.5,2623,500
2026-07-23 15:00:00,64822.9,64974.6,64650.8,64908.5,1285,500
2026-07-23 16:00:00,64905.5,64905.5,64624.0,64675.8,1060,500
2026-07-23 17:00:00,64664.3,64827.7,64566.2,64582.8,1350,500
2026-07-23 18:00:00,64615.2,64888.1,64581.9,64788.0,1058,500
2026-07-23 19:00:00,64812.1,64877.1,64604.4,64769.4,967,500
2026-07-23 20:00:00,64790.1,65141.8,64751.0,65091.3,835,500
2026-07-23 21:00:00,65090.6,65152.8,64925.5,65115.8,1050,500
2026-07-23 22:00:00,65116.4,65173.5,64927.5,65142.5,432,500
2026-07-23 23:00:00,65140.9,65176.5,64961.7,65030.3,498,500
2026-07-24 00:00:00,65051.2,65055.8,64683.6,64923.5,928,500
2026-07-24 01:00:00,64924.2,65121.8,64862.9,65025.3,1057,500
2026-07-24 02:00:00,65032.9,65135.5,64847.9,65032.2,1191,500
2026-07-24 03:00:00,65063.4,65411.5,64985.3,65402.4,1133,500
2026-07-24 04:00:00,65409.9,65418.0,65186.6,65260.8,707,500
2026-07-24 05:00:00,65259.0,65344.1,65165.1,65261.8,542,500
2026-07-24 06:00:00,65241.9,65464.2,65195.9,65422.0,633,500
2026-07-24 07:00:00,65422.8,65760.2,65285.3,65453.6,1406,500
2026-07-24 08:00:00,65450.1,65459.9,65225.5,65225.5,806,500
2026-07-24 09:00:00,65258.0,65274.9,64866.8,65064.0,1199,500
2026-07-24 10:00:00,65064.5,65105.0,64823.4,64899.3,879,500
2026-07-24 11:00:00,64903.2,65047.6,64771.5,64995.8,1229,500
2026-07-24 12:00:00,64991.8,65082.0,64674.6,64717.0,1187,500
2026-07-24 13:00:00,64684.2,64746.6,63823.7,64070.3,2889,500
2026-07-24 14:00:00,64062.5,64133.9,63629.6,63972.7,3545,500
2026-07-24 15:00:00,63972.2,64267.2,63763.8,64007.3,2560,500
2026-07-24 16:00:00,64016.8,64140.6,63782.6,63893.3,1310,500
2026-07-24 17:00:00,63888.3,64143.3,63813.8,64084.3,819,500
2026-07-24 18:00:00,64113.5,64230.9,64043.3,64198.8,629,500
2026-07-24 19:00:00,64211.6,64229.5,64055.6,64162.6,930,500
2026-07-24 20:00:00,64151.8,64224.2,64035.3,64069.1,629,500
2026-07-24 21:00:00,64104.8,64159.4,64025.5,64089.1,173,545
2026-07-24 22:00:00,64022.9,64151.7,64010.9,64100.4,143,973
2026-07-24 23:00:00,64035.4,64121.7,64027.7,64081.2,85,768
2026-07-25 00:00:00,64081.6,64118.2,63944.8,64010.7,97,671
2026-07-25 01:00:00,63943.9,64102.7,63912.2,64005.1,144,589
2026-07-25 02:00:00,64002.6,64034.8,63894.8,63976.3,108,1297
2026-07-25 03:00:00,63977.5,64038.3,63892.4,64016.9,102,569
2026-07-25 04:00:00,64016.8,64140.9,63975.6,64113.3,91,728
2026-07-25 05:00:00,64115.3,64134.8,63888.4,63957.0,100,657
2026-07-25 06:00:00,63956.7,64001.5,63837.7,63948.5,106,553
2026-07-25 07:00:00,63923.0,63971.4,63890.6,63915.4,406,516
2026-07-25 08:00:00,63909.0,63943.5,63711.0,63780.8,710,508
2026-07-25 09:00:00,63786.4,63962.5,63734.7,63910.1,664,500
2026-07-25 10:00:00,63910.0,63986.9,63860.5,63973.7,433,552
2026-07-25 11:00:00,63994.3,64039.8,63930.0,63971.9,404,529
2026-07-25 12:00:00,64004.7,64059.6,63909.8,64029.1,435,520
2026-07-25 13:00:00,64028.6,64198.2,63989.1,64079.0,673,649
2026-07-25 14:00:00,64078.9,64148.0,64026.7,64120.1,610,811
2026-07-25 15:00:00,64118.2,64211.9,64076.7,64113.3,781,500
2026-07-25 16:00:00,64115.2,64168.2,64029.9,64119.1,619,534
2026-07-25 17:00:00,64119.8,64280.0,64094.1,64175.0,682,537
2026-07-25 18:00:00,64176.9,64383.5,64176.9,64324.7,1022,501
2026-07-25 19:00:00,64328.5,64377.8,64293.9,64302.1,564,595
2026-07-25 20:00:00,64302.3,64335.0,64184.6,64235.3,467,1184
2026-07-25 21:00:00,64270.1,64368.1,64158.9,64245.9,588,544
2026-07-25 22:00:00,64222.9,64362.8,64222.9,64344.6,556,727
2026-07-25 23:00:00,64344.7,64361.2,64242.1,64276.3,368,819
2026-07-26 00:00:00,64307.6,64445.0,64259.8,64445.0,620,549
2026-07-26 01:00:00,64417.8,64477.4,64350.4,64372.8,567,803
2026-07-26 02:00:00,64376.9,64464.4,64315.5,64429.5,480,524
2026-07-26 03:00:00,64429.6,64516.1,64395.3,64458.9,542,508
2026-07-26 04:00:00,64492.6,64530.2,64385.6,64462.4,528,516
2026-07-26 05:00:00,64433.4,64459.4,64323.1,64325.5,455,558
2026-07-26 06:00:00,64326.8,64391.3,64200.6,64373.2,590,502
2026-07-26 07:00:00,64373.9,64389.9,64225.4,64279.1,432,513
2026-07-26 08:00:00,64282.2,64425.1,64230.5,64391.1,361,543
2026-07-26 09:00:00,64391.6,64486.1,64371.9,64447.1,316,1303
2026-07-26 10:00:00,64447.9,64514.6,64376.9,64449.3,275,962
2026-07-26 11:00:00,64447.8,64472.0,64366.5,64420.2,196,631
2026-07-26 12:00:00,64450.5,64585.2,64348.0,64375.8,734,501
2026-07-26 13:00:00,64374.7,64507.3,64320.4,64433.4,633,500
2026-07-26 14:00:00,64435.2,64702.7,64435.2,64627.6,1376,519
2026-07-26 15:00:00,64627.8,64763.7,64587.4,64678.9,1235,500
2026-07-26 16:00:00,64679.3,64869.5,64612.4,64641.7,1225,511
2026-07-26 17:00:00,64641.5,64728.8,64556.2,64632.1,560,500
2026-07-26 18:00:00,64631.4,64713.7,64562.2,64676.4,353,527
2026-07-26 19:00:00,64676.3,64695.6,64567.5,64610.8,345,575
2026-07-26 20:00:00,64611.6,64643.9,64518.4,64589.6,291,726
2026-07-26 21:00:00,64595.9,64857.8,64560.4,64790.5,1000,509
2026-07-26 22:00:00,64794.9,65437.8,64743.9,65329.0,1193,686
2026-07-26 23:00:00,65308.2,65514.7,65174.7,65340.4,1771,500
2026-07-27 00:00:00,65325.8,65361.9,64977.6,65068.1,2365,500
2026-07-27 01:00:00,65051.1,65153.0,64811.6,65110.8,2180,500
2026-07-27 02:00:00,65110.1,65212.6,65021.1,65082.4,1792,500
2026-07-27 03:00:00,65096.3,65301.8,65077.3,65220.3,1277,500
2026-07-27 04:00:00,65205.0,65437.9,65153.3,65193.8,1473,500
2026-07-27 05:00:00,65208.0,65431.9,65192.4,65400.2,1355,500
2026-07-27 06:00:00,65404.8,65679.7,65319.3,65319.7,1789,500
2026-07-27 07:00:00,65319.8,65387.1,65130.3,65165.1,1365,500
2026-07-27 08:00:00,65146.0,65198.5,65035.1,65078.3,1078,500
2026-07-27 09:00:00,65076.4,65280.7,65009.2,65167.8,842,500
2026-07-27 10:00:00,65187.8,65372.0,65140.9,65278.8,791,500
2026-07-27 11:00:00,65246.2,65278.8,65002.8,65014.1,759,500
2026-07-27 12:00:00,65015.4,65201.2,64755.1,65025.4,1537,500
2026-07-27 13:00:00,65029.7,65651.7,64821.5,65123.0,4139,500
2026-07-27 14:00:00,65138.0,65367.3,64359.3,64613.5,6691,500
2026-07-27 15:00:00,64621.8,64707.8,64307.8,64458.9,4370,500
2026-07-27 16:00:00,64479.5,64890.8,64418.9,64808.9,3460,500
2026-07-27 17:00:00,64817.8,65026.8,64696.0,64928.1,2338,500
2026-07-27 18:00:00,64928.4,64991.6,64656.1,64776.1,2232,500
2026-07-27 19:00:00,64787.9,65016.0,64716.3,64895.2,1480,500
2026-07-27 20:00:00,64918.6,64988.8,64807.1,64874.1,984,500
2026-07-27 21:00:00,64874.2,64892.2,64705.8,64757.2,724,500
2026-07-27 22:00:00,64731.0,64731.0,63695.8,63696.6,1132,500
2026-07-27 23:00:00,63733.3,63886.5,63512.0,63658.4,2123,500
2026-07-28 00:00:00,63677.7,63763.9,63386.0,63418.5,2165,500
2026-07-28 01:00:00,63422.7,63470.4,62976.4,63166.6,2073,500
2026-07-28 02:00:00,63165.9,63242.9,63012.8,63097.7,1195,500
2026-07-28 03:00:00,63085.9,63308.5,63076.0,63279.9,1174,502
2026-07-28 04:00:00,63253.2,63297.5,63129.7,63252.6,746,500
2026-07-28 05:00:00,63284.0,63551.4,63233.1,63356.8,1134,500
2026-07-28 06:00:00,63357.2,63594.2,63305.0,63570.8,1111,500
2026-07-28 07:00:00,63549.1,63583.3,63363.5,63413.9,1206,500
2026-07-28 08:00:00,63402.3,63466.8,63307.9,63335.6,1474,500
2026-07-28 09:00:00,63334.7,63510.4,63267.6,63317.8,1652,500
2026-07-28 10:00:00,63300.5,63487.8,63197.0,63405.6,1158,500
2026-07-28 11:00:00,63412.8,63529.0,63258.4,63361.6,1262,500
2026-07-28 12:00:00,63373.0,63502.8,63297.1,63479.6,1242,500
2026-07-28 13:00:00,63481.2,63526.5,62661.8,63034.9,2719,500
2026-07-28 14:00:00,63006.2,63477.6,62865.5,63311.2,4078,500
2026-07-28 15:00:00,63338.8,63953.9,63163.6,63829.8,3705,500
2026-07-28 16:00:00,63844.5,64039.8,63685.8,63974.2,1610,500
2026-07-28 17:00:00,63970.1,63970.1,63404.9,63624.9,1548,500
2026-07-28 18:00:00,63593.2,63784.9,63576.1,63663.2,1399,501
2026-07-28 19:00:00,63667.0,63829.6,63572.8,63829.5,1753,500
2026-07-28 20:00:00,63829.9,63942.3,63770.3,63839.2,1023,500
2026-07-28 21:00:00,63835.0,64001.3,63792.0,63894.1,673,500
2026-07-28 22:00:00,63898.2,63950.9,63657.3,63704.4,730,500
2026-07-28 23:00:00,63703.1,63882.8,63456.9,63830.2,1343,500
2026-07-29 00:00:00,63828.8,64111.4,63767.7,63848.8,2267,501
2026-07-29 01:00:00,63871.8,63923.2,63584.7,63604.8,2430,500
2026-07-29 02:00:00,63616.8,64047.2,63544.0,63866.6,2131,500
2026-07-29 03:00:00,63866.4,63925.6,63599.4,63638.9,2445,500
2026-07-29 04:00:00,63667.4,63888.1,63477.8,63856.9,3226,500
2026-07-29 05:00:00,63854.4,64017.8,63783.4,63977.8,3337,500
2026-07-29 06:00:00,63987.8,64385.8,63924.2,64358.8,3428,500
2026-07-29 07:00:00,64344.8,64496.1,64297.2,64490.1,2068,500
2026-07-29 08:00:00,64468.0,64508.6,64172.8,64321.6,1897,500
2026-07-29 09:00:00,64323.5,64665.0,64285.9,64616.0,1772,500
2026-07-29 10:00:00,64619.3,64643.3,64309.2,64372.2,1288,500
2026-07-29 11:00:00,64368.9,64523.5,64321.2,64439.3,1130,500
2026-07-29 12:00:00,64415.0,64440.5,64126.0,64201.8,1526,500
2026-07-29 13:00:00,64203.8,64597.6,64037.0,64594.7,3303,500
2026-07-29 14:00:00,64598.8,64638.8,63943.1,64027.6,4361,500
2026-07-29 15:00:00,64031.8,64112.1,63761.2,63851.8,4056,500
2026-07-29 16:00:00,63847.7,64063.8,63524.8,63701.7,3748,500
2026-07-29 17:00:00,63724.8,64201.7,63597.7,64166.6,2884,500
2026-07-29 18:00:00,64167.0,64566.3,63675.4,64406.4,5088,501
2026-07-29 19:00:00,64400.3,64528.8,63425.1,63492.6,4041,500
2026-07-29 20:00:00,63484.9,63672.1,63284.0,63407.0,2788,500
2026-07-29 21:00:00,63447.1,63793.6,63170.4,63793.6,1628,503
2026-07-29 22:00:00,63766.6,64058.9,63766.6,63824.3,1711,501
2026-07-29 23:00:00,63833.3,63993.6,63785.3,63874.0,1568,500
2026-07-30 00:00:00,63874.1,64042.3,63493.7,63621.5,2414,502
2026-07-30 01:00:00,63624.1,64295.9,63578.2,64191.6,2543,501
2026-07-30 02:00:00,64199.1,64337.5,64053.1,64109.8,1897,500
2026-07-30 03:00:00,64112.8,64226.0,64029.1,64058.3,1979,500
2026-07-30 04:00:00,64058.2,64103.8,63895.0,63914.5,1472,500
2026-07-30 05:00:00,63914.6,64099.8,63807.6,63934.8,2415,500
2026-07-30 06:00:00,63934.7,64008.3,63850.1,63891.3,2153,500
2026-07-30 07:00:00,63891.2,64073.1,63830.1,63892.7,2416,500
2026-07-30 08:00:00,63901.5,64274.4,63864.5,64214.8,2051,501
2026-07-30 09:00:00,64217.8,64551.4,64160.7,64478.8,2009,500
2026-07-30 10:00:00,64490.8,64553.8,64449.1,64487.0,1580,500
2026-07-30 11:00:00,64472.4,64807.2,64430.1,64690.1,2138,500
2026-07-30 12:00:00,64713.0,64944.8,64677.6,64833.8,2270,500
2026-07-30 13:00:00,64824.9,65094.8,64598.3,64955.8,5141,500
2026-07-30 14:00:00,64954.8,64977.8,64531.0,64613.8,3933,500
2026-07-30 15:00:00,64615.8,64819.8,64514.8,64657.4,3271,500
2026-07-30 16:00:00,64664.8,64897.8,64638.8,64747.2,2686,500
2026-07-30 17:00:00,64751.2,64920.8,64684.5,64802.8,2101,500
2026-07-30 18:00:00,64781.4,64840.4,64598.5,64635.8,1460,500
2026-07-30 19:00:00,64636.8,64842.3,64611.8,64714.6,1466,500
2026-07-30 20:00:00,64720.1,64880.9,64665.9,64712.6,2111,500
2026-07-30 21:00:00,64689.8,64746.5,64622.1,64644.4,834,500
2026-07-30 22:00:00,64673.7,64966.3,64576.4,64795.8,1105,500
2026-07-30 23:00:00,64795.6,65035.8,64661.9,64697.1,1276,500
2026-07-31 00:00:00,64713.8,64846.3,64607.7,64673.7,1372,503
2026-07-31 01:00:00,64642.4,65342.8,64405.4,64495.8,3283,500
2026-07-31 02:00:00,64494.8,64556.8,64114.8,64238.2,2359,500
2026-07-31 03:00:00,64233.3,64382.4,64090.5,64308.0,1943,500
2026-07-31 04:00:00,64296.6,64383.1,64147.3,64220.0,1347,500
2026-07-31 05:00:00,64241.8,64363.6,64183.2,64274.8,1364,500
2026-07-31 06:00:00,64291.6,64440.5,64115.7,64154.5,1376,500
2026-07-31 07:00:00,64148.0,64190.7,63779.8,63886.8,2086,500
2026-07-31 08:00:00,63885.8,63921.9,63718.9,63763.8,2188,500
2026-07-31 09:00:00,63761.8,63788.7,63548.4,63660.6,2211,500
2026-07-31 10:00:00,63644.0,63895.3,63519.3,63856.8,2092,500
2026-07-31 11:00:00,63834.6,63954.4,63705.0,63738.8,2186,500
2026-07-31 12:00:00,63739.8,63773.4,63523.7,63690.8,3261,500
2026-07-31 13:00:00,63689.8,63769.8,63151.2,63209.8,4959,500
2026-07-31 14:00:00,63205.8,63247.8,62371.2,62585.3,5211,503
2026-07-31 15:00:00,62620.8,62696.8,62371.6,62634.6,2870,500
2026-07-31 16:00:00,62613.5,62873.8,62597.3,62811.8,4452,500
2026-07-31 17:00:00,62806.8,63230.8,62700.8,63181.8,4392,500
2026-07-31 18:00:00,63181.3,63239.8,62872.0,63037.8,4250,500
2026-07-31 19:00:00,63036.8,63100.8,62846.9,62915.0,2462,500
2026-07-31 20:00:00,62888.1,62975.1,62837.6,62874.9,1198,500
2026-07-31 21:00:00,62891.3,62997.6,62779.2,62897.9,237,500
2026-07-31 22:00:00,62869.0,62969.6,62811.3,62888.0,136,500
2026-07-31 23:00:00,62894.2,62958.2,62798.2,62830.5,120,500
2026-08-01 00:00:00,62831.2,62971.4,62826.6,62879.0,116,500
2026-08-01 01:00:00,62883.8,62932.7,62861.2,62917.8,91,500
2026-08-01 02:00:00,62921.9,63043.8,62912.0,63015.6,78,500
2026-08-01 03:00:00,63004.9,63019.5,62902.2,62945.0,84,500
2026-08-01 04:00:00,62945.7,63043.5,62930.3,63037.0,62,500
2026-08-01 05:00:00,63036.4,63083.3,62936.7,62967.5,84,500
2026-08-01 06:00:00,62970.9,63021.6,62928.9,63018.4,88,500
2026-08-01 07:00:00,63019.8,63051.8,62939.2,62956.5,380,1364
2026-08-01 08:00:00,62993.4,63083.2,62961.2,63062.8,292,721
2026-08-01 09:00:00,63030.3,63075.8,62948.2,62979.6,494,566
2026-08-01 10:00:00,62979.1,63048.8,62890.0,62982.7,573,716
2026-08-01 11:00:00,62986.8,63024.0,62940.3,63013.8,340,1364
2026-08-01 12:00:00,63005.6,63060.8,62986.4,63037.6,287,584
2026-08-01 13:00:00,63037.5,63042.1,62960.4,62971.0,230,788
2026-08-01 14:00:00,62969.9,63071.5,62969.9,63052.5,342,587
2026-08-01 15:00:00,63061.8,63063.8,62909.0,62909.0,333,1364
2026-08-01 16:00:00,62940.6,62976.5,62777.9,62856.9,627,569
2026-08-01 17:00:00,62834.4,62933.8,62572.8,62618.3,1305,506
2026-08-01 18:00:00,62645.2,62674.5,62182.1,62504.3,2595,520
2026-08-01 19:00:00,62501.2,62567.3,62363.2,62458.8,1057,503
2026-08-01 20:00:00,62450.8,62615.3,62400.3,62604.2,798,500
2026-08-01 21:00:00,62604.1,62809.3,62604.1,62762.0,910,509
2026-08-01 22:00:00,62763.9,62811.6,62696.3,62754.3,525,597
2026-08-01 23:00:00,62755.4,62799.2,62678.2,62752.8,416,660
2026-08-02 00:00:00,62751.8,62915.7,62713.6,62741.4,541,716
2026-08-02 01:00:00,62742.3,63025.8,62742.3,62925.8,757,581
2026-08-02 02:00:00,62917.7,63481.8,62880.2,63389.8,2767,506
2026-08-02 03:00:00,63390.8,63491.8,63295.5,63392.4,1237,500
2026-08-02 04:00:00,63397.1,63555.8,63397.1,63529.8,537,777
2026-08-02 05:00:00,63516.0,63588.8,63352.7,63392.0,875,595
2026-08-02 06:00:00,63402.8,63446.8,63351.3,63432.8,396,932
2026-08-02 07:00:00,63420.1,63484.8,63395.6,63439.8,370,846
2026-08-02 08:00:00,63435.1,63470.8,63097.8,63138.8,1021,578
2026-08-02 09:00:00,63134.6,63265.8,63022.1,63206.7,967,521
2026-08-02 10:00:00,63206.9,63217.8,63039.6,63149.8,712,788
2026-08-02 11:00:00,63148.8,63148.8,62909.7,62964.5,1300,520
2026-08-02 12:00:00,62934.7,63169.8,62934.7,63062.3,1093,554
2026-08-02 13:00:00,63064.8,63090.8,62926.7,63069.8,903,652
2026-08-02 14:00:00,63068.8,63126.2,62978.4,63007.8,962,603
2026-08-02 15:00:00,63013.0,63120.8,62963.6,63054.8,574,541
2026-08-02 16:00:00,63051.1,63220.8,62989.7,63133.8,966,502
2026-08-02 17:00:00,63132.8,63287.8,63083.4,63235.2,617,530
2026-08-02 18:00:00,63237.7,63552.8,63217.8,63312.8,1054,500
2026-08-02 19:00:00,63310.6,63424.8,63248.8,63400.8,736,685
2026-08-02 20:00:00,63401.8,63448.8,63326.5,63440.8,751,608
2026-08-02 21:00:00,63428.6,63724.8,63398.2,63523.8,1367,525
2026-08-02 22:00:00,63514.0,63733.2,63275.4,63336.7,1606,505
2026-08-02 23:00:00,63354.5,63538.8,63238.4,63516.8,1504,500
2026-08-03 00:00:00,63512.0,63537.8,63108.7,63226.0,1490,500
2026-08-03 01:00:00,63219.0,63281.7,63004.3,63109.0,1048,500
2026-08-03 02:00:00,63130.8,63207.0,62989.0,63064.7,994,500
2026-08-03 03:00:00,63059.6,63099.6,62673.9,62803.8,970,500
2026-08-03 04:00:00,62744.6,62931.8,62675.6,62725.8,822,502
2026-08-03 05:00:00,62719.8,62803.8,62641.5,62749.5,747,500
2026-08-03 06:00:00,62718.7,62807.8,62501.1,62551.8,906,500
2026-08-03 07:00:00,62554.0,62634.8,62442.2,62512.2,1125,500
2026-08-03 08:00:00,62512.0,62581.8,62188.3,62436.1,1246,500
2026-08-03 09:00:00,62436.2,62794.8,62418.2,62766.8,720,500
2026-08-03 10:00:00,62754.2,62791.8,62498.2,62659.8,689,500
2026-08-03 11:00:00,62662.0,62691.7,62431.0,62457.9,684,500
2026-08-03 12:00:00,62457.8,62728.9,62329.1,62621.8,1847,500
2026-08-03 13:00:00,62634.8,63322.8,62455.9,63242.2,2719,500
2026-08-03 14:00:00,63241.5,63921.3,63021.6,63903.8,4089,500
2026-08-03 15:00:00,63892.7,63916.8,63540.2,63623.9,2247,500
2026-08-03 16:00:00,63608.0,63884.8,63556.1,63689.0,1296,500
2026-08-03 17:00:00,63689.6,63992.8,63614.9,63818.5,1105,500
2026-08-03 18:00:00,63817.9,63937.3,63668.2,63807.9,865,500
2026-08-03 19:00:00,63792.6,64038.8,63739.9,63809.9,860,500
2026-08-03 20:00:00,63812.5,63977.8,63683.9,63695.3,521,500
2026-08-03 21:00:00,63694.6,63744.8,63461.1,63491.4,946,500
2026-08-03 22:00:00,63544.8,63621.1,63293.5,63555.6,509,536
2026-08-03 23:00:00,63527.1,63570.8,63375.5,63441.5,870,500
2026-08-04 00:00:00,63469.3,63532.8,63221.7,63304.8,2285,500
2026-08-04 01:00:00,63307.8,63868.8,63276.1,63782.4,2791,500
2026-08-04 02:00:00,63787.5,63915.8,63591.4,63779.8,1438,500
2026-08-04 03:00:00,63762.9,63813.8,63555.8,63731.5,902,500
2026-08-04 04:00:00,63736.9,64188.5,63661.3,63973.2,1407,500
2026-08-04 05:00:00,63974.7,64002.7,63706.0,63759.0,892,500
2026-08-04 06:00:00,63770.8,63817.8,63562.3,63627.8,740,500
2026-08-04 07:00:00,63628.8,63704.8,63412.0,63583.6,1515,500
2026-08-04 08:00:00,63623.0,63693.8,63463.5,63494.2,729,500
2026-08-04 09:00:00,63512.7,63547.8,63410.5,63509.8,629,500
2026-08-04 10:00:00,63527.0,63771.8,63345.9,63703.8,1521,500
2026-08-04 11:00:00,63707.8,63894.8,63608.5,63853.0,1819,500
2026-08-04 12:00:00,63855.6,63987.0,63700.1,63806.3,1257,500
2026-08-04 13:00:00,63837.8,64041.8,63555.7,63597.4,2135,500
2026-08-04 14:00:00,63597.5,64140.8,63509.0,64069.7,3349,500
2026-08-04 15:00:00,64074.9,64181.8,63726.5,64064.3,2557,500
2026-08-04 16:00:00,64038.5,64087.8,63817.3,63859.0,2465,500
2026-08-04 17:00:00,63900.3,64131.8,63813.3,63918.6,2687,500
2026-08-04 18:00:00,63924.8,64366.8,63894.6,64268.8,3420,500
2026-08-04 19:00:00,64269.8,64375.8,64138.0,64198.8,2373,500
2026-08-04 20:00:00,64199.8,64372.7,63940.4,64295.5,2003,500
2026-08-04 21:00:00,64279.7,64292.3,64101.1,64111.7,1010,500
2026-08-04 22:00:00,64145.3,64245.5,64051.4,64194.5,461,500
2026-08-04 23:00:00,64194.6,64488.2,64016.5,64016.5,1256,500
2026-08-05 00:00:00,64026.3,64147.5,63908.5,63929.0,1271,500
2026-08-05 01:00:00,63928.6,64293.8,63872.4,64262.1,1615,500
2026-08-05 02:00:00,64285.8,64458.8,64254.2,64295.3,2155,500
2026-08-05 03:00:00,64315.2,64400.3,63980.1,64131.8,2152,500
2026-08-05 04:00:00,64130.8,64167.8,64016.3,64095.9,1188,500
2026-08-05 05:00:00,64111.4,64470.9,64083.2,64278.8,1813,500
2026-08-05 06:00:00,64276.8,64322.8,64162.6,64204.5,1390,500
2026-08-05 07:00:00,64206.8,64230.8,63906.5,64125.8,2092,500
2026-08-05 08:00:00,64126.8,64230.8,64003.9,64045.2,2388,500
2026-08-05 09:00:00,64065.6,64155.2,64017.1,64094.8,920,500
2026-08-05 10:00:00,64054.5,64183.5,63936.6,63993.8,602,500
2026-08-05 11:00:00,63988.1,64094.6,63961.5,63997.5,496,500
2026-08-05 12:00:00,63997.3,64527.6,63978.4,64275.1,1207,500
2026-08-05 13:00:00,64262.6,64354.5,63789.4,64353.5,2010,500
2026-08-05 14:00:00,64318.8,64528.7,64205.8,64389.9,2799,500
2026-08-05 15:00:00,64408.3,64695.9,64291.8,64293.9,2078,500
2026-08-05 16:00:00,64314.9,64702.1,64293.9,64568.5,1734,500
2026-08-05 17:00:00,64607.3,64717.8,64440.9,64692.7,1175,500
2026-08-05 18:00:00,64695.6,64777.8,64562.8,64696.9,1081,500
2026-08-05 19:00:00,64698.2,64876.8,64682.0,64785.2,1363,500
2026-08-05 20:00:00,64787.3,64954.8,64714.1,64740.6,1960,505
2026-08-05 21:00:00,64740.3,64767.7,64572.6,64655.4,1022,500
2026-08-05 22:00:00,64667.7,64721.6,64549.9,64576.7,318,500
2026-08-05 23:00:00,64552.6,64693.5,64482.7,64597.1,616,500
2026-08-06 00:00:00,64599.1,64660.9,64478.3,64554.6,520,500
2026-08-06 01:00:00,64582.0,64598.2,64401.7,64494.4,624,500
2026-08-06 02:00:00,64520.5,64587.2,64370.0,64519.5,737,500
2026-08-06 03:00:00,64490.6,64520.3,64400.7,64465.1,674,500
2026-08-06 04:00:00,64456.8,64676.4,64399.7,64666.5,687,500
2026-08-06 05:00:00,64667.7,64937.2,64637.2,64844.3,1178,500
2026-08-06 06:00:00,64812.2,64830.1,64649.2,64764.3,903,500
2026-08-06 07:00:00,64764.1,64900.2,64684.8,64741.8,1322,500
2026-08-06 08:00:00,64744.8,64930.8,64659.5,64845.2,1207,500
2026-08-06 09:00:00,64845.1,64870.8,64543.6,64607.8,1361,500
2026-08-06 10:00:00,64595.5,64618.2,64490.4,64530.6,1194,500
2026-08-06 11:00:00,64561.5,64591.5,64410.9,64516.6,807,500
2026-08-06 12:00:00,64518.0,64573.4,64277.1,64321.1,1134,500
2026-08-06 13:00:00,64320.9,64460.1,64071.8,64346.8,2646,500
2026-08-06 14:00:00,64359.0,64779.8,64261.6,64711.2,2174,500
2026-08-06 15:00:00,64714.9,64924.5,64539.1,64572.8,1698,500
2026-08-06 16:00:00,64577.4,64715.5,64499.1,64695.3,1409,500
2026-08-06 17:00:00,64700.8,64777.5,64455.7,64524.7,889,501
2026-08-06 18:00:00,64560.9,64562.5,64278.6,64360.6,876,500
2026-08-06 19:00:00,64360.8,64420.9,64279.4,64364.8,907,500
2026-08-06 20:00:00,64358.1,64478.5,64348.4,64385.4,397,500
2026-08-06 21:00:00,64385.9,64464.6,64314.7,64384.4,424,500
2026-08-06 22:00:00,64397.1,64397.6,64245.5,64295.3,363,500
2026-08-06 23:00:00,64291.3,64310.5,64108.4,64269.0,445,500
2026-08-07 00:00:00,64265.1,64357.1,64137.3,64239.8,726,500
2026-08-07 01:00:00,64239.2,64420.2,64209.9,64335.2,1025,500
2026-08-07 02:00:00,64364.7,64489.6,64164.6,64307.1,1003,500
2026-08-07 03:00:00,64339.4,64355.8,64177.7,64231.7,787,500
2026-08-07 04:00:00,64225.0,64306.7,64071.8,64169.1,880,500
2026-08-07 05:00:00,64168.9,64339.1,64087.5,64255.5,762,500
2026-08-07 06:00:00,64274.6,64412.6,64198.8,64251.2,694,500
2026-08-07 07:00:00,64247.4,64376.1,64178.9,64238.9,385,500
2026-08-07 08:00:00,64238.8,64621.9,64209.9,64522.5,619,500
2026-08-07 09:00:00,64522.6,64913.2,64522.6,64787.8,605,500
2026-08-07 10:00:00,64793.1,64865.1,64718.5,64812.3,494,500
2026-08-07 11:00:00,64849.1,65165.8,64807.1,64971.8,753,500
2026-08-07 12:00:00,64976.9,65339.8,64895.1,65208.0,2082,500
2026-08-07 13:00:00,65245.2,65290.7,64906.8,64941.1,2897,500
2026-08-07 14:00:00,64960.6,65224.8,64698.6,64902.2,3008,500
2026-08-07 15:00:00,64909.7,65081.6,64809.5,64858.4,1219,500
2026-08-07 16:00:00,64862.6,65024.7,64722.0,64722.0,1233,500
2026-08-07 17:00:00,64761.1,64781.6,64439.8,64720.6,965,500
2026-08-07 18:00:00,64680.7,64834.1,64608.0,64662.3,561,500
2026-08-07 19:00:00,64685.7,64982.5,64664.8,64875.1,689,501
2026-08-07 20:00:00,64896.3,64994.1,64872.7,64894.1,304,500
2026-08-07 21:00:00,64870.6,65062.3,64841.5,64892.5,133,1303
2026-08-07 22:00:00,64830.6,64910.4,64761.8,64847.2,98,843
2026-08-07 23:00:00,64846.8,64882.6,64782.0,64882.2,87,734
2026-08-08 00:00:00,64878.2,64920.4,64765.4,64886.9,80,607
2026-08-08 01:00:00,64882.8,64926.0,64806.2,64876.4,95,954
2026-08-08 02:00:00,64873.3,64925.8,64791.9,64883.4,86,684
2026-08-08 03:00:00,64822.9,65031.4,64818.0,64991.8,88,1303
2026-08-08 04:00:00,64992.4,65029.9,64866.5,64966.8,99,1001
2026-08-08 05:00:00,64966.2,64985.7,64882.3,64962.1,68,902
2026-08-08 06:00:00,64964.9,64981.5,64866.8,64900.4,67,715
2026-08-08 07:00:00,64900.4,64971.9,64848.2,64927.0,64,712
2026-08-08 08:00:00,64922.8,64975.8,64857.8,64951.2,67,915
2026-08-08 09:00:00,64953.9,65018.4,64884.6,64890.1,75,1017
2026-08-08 10:00:00,64950.0,64983.7,64887.9,64965.0,70,761
2026-08-08 11:00:00,64964.8,64986.0,64849.6,64921.0,69,688
2026-08-08 12:00:00,64920.4,65008.6,64850.6,64961.1,97,582
2026-08-08 13:00:00,64961.3,64984.2,64894.0,64969.7,76,760
2026-08-08 14:00:00,64966.2,65142.9,64908.5,65076.8,153,544
2026-08-08 15:00:00,65078.6,65108.0,64949.2,65028.2,78,528
2026-08-08 16:00:00,65026.1,65067.3,64947.0,65035.6,82,596
2026-08-08 17:00:00,65035.5,65107.6,64979.3,65069.1,90,1031
2026-08-08 18:00:00,65069.8,65077.3,64928.6,64988.9,90,526
2026-08-08 19:00:00,64989.0,65036.8,64901.5,65021.7,76,518
2026-08-08 20:00:00,65020.8,65040.8,64950.9,65024.9,76,633
2026-08-08 21:00:00,64967.0,65027.0,64915.0,64963.4,117,768
2026-08-08 22:00:00,64902.9,64991.4,64844.2,64888.4,116,715
2026-08-08 23:00:00,64887.8,64924.9,64824.4,64904.0,113,556
2026-08-09 00:00:00,64902.9,64933.6,64844.6,64919.3,77,500
2026-08-09 01:00:00,64919.5,64950.3,64760.0,64813.1,127,568
2026-08-09 02:00:00,64812.8,64813.2,64666.5,64766.4,127,644
2026-08-09 03:00:00,64765.1,64765.1,64657.6,64669.8,95,1092
2026-08-09 04:00:00,64707.8,64774.1,64661.8,64733.3,110,867
2026-08-09 05:00:00,64731.1,64750.8,64659.6,64750.0,140,771
2026-08-09 06:00:00,64729.8,64812.9,64678.6,64799.9,133,729
2026-08-09 07:00:00,64801.0,64810.4,64701.2,64776.8,97,1299
2026-08-09 08:00:00,64740.8,64882.4,64688.4,64704.9,116,846
2026-08-09 09:00:00,64745.8,64829.2,64697.4,64828.3,129,890
2026-08-09 10:00:00,64832.4,64928.0,64779.6,64907.2,100,606
2026-08-09 11:00:00,64907.5,64952.9,64845.1,64897.8,83,775
2026-08-09 12:00:00,64896.2,64906.0,64807.4,64899.5,125,862
2026-08-09 13:00:00,64904.8,65214.7,64903.8,65169.9,162,618
2026-08-09 14:00:00,65173.5,65247.7,65055.7,65206.8,128,536
2026-08-09 15:00:00,65208.7,65216.0,65112.3,65173.3,115,506
2026-08-09 16:00:00,65178.9,65212.5,65102.1,65180.2,120,611
2026-08-09 17:00:00,65179.9,65186.5,65081.2,65144.3,95,937
2026-08-09 18:00:00,65124.8,65173.3,65081.5,65082.0,125,914
2026-08-09 19:00:00,65108.8,65162.2,65079.8,65129.5,95,885
2026-08-09 20:00:00,65129.3,65137.7,65008.6,65089.7,171,543
2026-08-09 21:00:00,65089.6,65202.3,65018.5,65143.1,134,631
2026-08-09 22:00:00,65117.8,65408.9,64886.5,65007.2,696,644
2026-08-09 23:00:00,65007.0,65057.3,64752.6,64836.1,853,500
2026-08-10 00:00:00,64809.9,65270.1,64738.9,64922.0,1563,500
2026-08-10 01:00:00,64924.7,65341.3,64813.3,65142.6,1068,500
2026-08-10 02:00:00,65148.2,65167.3,64817.8,65044.8,975,500
2026-08-10 03:00:00,65023.3,65121.7,64821.9,64923.7,825,500
2026-08-10 04:00:00,64890.1,65050.5,64835.5,64922.7,593,500
2026-08-10 05:00:00,64919.4,65112.8,64892.9,65059.4,496,500
2026-08-10 06:00:00,65059.6,65284.1,65056.0,65247.5,621,500
2026-08-10 07:00:00,65245.0,65318.9,65115.4,65152.6,424,500
2026-08-10 08:00:00,65152.6,65278.0,65107.9,65191.9,471,500
2026-08-10 09:00:00,65158.5,65187.0,64879.4,64919.2,558,500
2026-08-10 10:00:00,64894.1,65025.4,64892.2,64939.8,515,500
2026-08-10 11:00:00,64936.8,65085.9,64901.6,65052.1,607,500
2026-08-10 12:00:00,65052.0,65185.6,64765.2,64816.0,621,500
2026-08-10 13:00:00,64783.6,64912.4,64418.5,64501.3,1641,500
2026-08-10 14:00:00,64475.7,64829.7,64439.0,64567.5,1775,500
2026-08-10 15:00:00,64541.6,64659.4,64117.1,64236.2,1468,500
2026-08-10 16:00:00,64213.8,64298.1,63734.9,63818.9,1506,500
2026-08-10 17:00:00,63845.4,63958.1,63739.1,63856.2,1337,500
2026-08-10 18:00:00,63866.2,63961.6,63723.9,63797.7,1126,500
2026-08-10 19:00:00,63797.4,64038.5,63796.8,63979.4,1037,500
2026-08-10 20:00:00,63951.5,64140.0,63922.2,64065.5,475,500
2026-08-10 21:00:00,64085.8,64099.6,63882.4,63915.6,432,500
2026-08-10 22:00:00,63901.8,63999.9,63841.1,63959.9,308,536
2026-08-10 23:00:00,63961.3,63961.3,63834.3,63914.7,465,500
2026-08-11 00:00:00,63913.7,64000.1,63805.7,63978.3,552,500
2026-08-11 01:00:00,63976.9,64018.2,63869.7,63981.2,460,500
2026-08-11 02:00:00,63967.2,64027.0,63938.5,63982.2,680,500
2026-08-11 03:00:00,63970.8,64113.9,63956.3,64078.1,668,500
2026-08-11 04:00:00,64077.2,64096.7,63938.6,63938.6,431,500
2026-08-11 05:00:00,63932.3,63997.0,63867.6,63915.9,508,500
2026-08-11 06:00:00,63932.0,63991.7,63766.6,63907.2,312,500
2026-08-11 07:00:00,63883.8,64047.9,63818.1,64003.7,544,500
2026-08-11 08:00:00,63973.7,64088.6,63951.1,64073.1,347,500
2026-08-11 09:00:00,64056.7,64245.5,64040.2,64216.7,436,500
2026-08-11 10:00:00,64216.6,64255.3,64103.0,64169.2,303,500
2026-08-11 11:00:00,64177.4,64343.9,64153.8,64326.1,352,500
2026-08-11 12:00:00,64329.4,64439.4,64201.2,64271.3,413,500
2026-08-11 13:00:00,64269.4,64318.0,63960.3,64114.1,1362,500
2026-08-11 14:00:00,64113.9,64208.1,63618.3,63685.0,1671,500
2026-08-11 15:00:00,63685.3,63816.8,63357.6,63528.4,1972,500
2026-08-11 16:00:00,63526.6,63597.5,63367.3,63420.4,1234,500
2026-08-11 17:00:00,63420.3,63567.3,63358.1,63515.3,1116,502
2026-08-11 18:00:00,63516.4,63566.8,63164.2,63284.7,874,500
2026-08-11 19:00:00,63284.2,63480.5,63138.8,63474.4,894,500
2026-08-11 20:00:00,63477.6,63693.6,63441.5,63658.2,528,505
2026-08-11 21:00:00,63658.3,63701.7,63527.3,63573.4,376,500
2026-08-11 22:00:00,63600.6,63712.0,63534.7,63606.6,519,500
2026-08-11 23:00:00,63579.0,63604.6,63460.1,63537.8,304,500
2026-08-12 00:00:00,63537.3,63686.0,63445.0,63656.5,599,500
2026-08-12 01:00:00,63656.4,63799.1,63601.4,63744.1,486,500
2026-08-12 02:00:00,63769.3,63846.4,63633.5,63669.3,303,500
2026-08-12 03:00:00,63689.4,63788.4,63610.9,63766.8,266,500
2026-08-12 04:00:00,63768.7,63830.0,63648.5,63714.6,290,500
2026-08-12 05:00:00,63715.1,63812.4,63630.9,63751.6,215,500
2026-08-12 06:00:00,63748.6,63768.7,63509.0,63630.2,420,500
2026-08-12 07:00:00,63656.1,63777.3,63556.4,63740.5,455,500
2026-08-12 08:00:00,63740.3,63801.7,63676.6,63701.2,597,500
2026-08-12 09:00:00,63728.7,64048.6,63670.8,64046.8,827,500
2026-08-12 10:00:00,64050.1,64159.4,63970.9,64048.7,924,500
2026-08-12 11:00:00,64082.3,64189.7,64023.2,64176.8,635,500
2026-08-12 12:00:00,64178.0,64404.5,63890.2,64040.9,1870,502
2026-08-12 13:00:00,64041.1,64104.1,63741.8,63754.5,1867,500
2026-08-12 14:00:00,63743.2,63863.6,63263.7,63304.9,2339,500
2026-08-12 15:00:00,63271.5,63504.1,63224.6,63375.2,1580,500
2026-08-12 16:00:00,63337.8,63514.8,63265.3,63422.9,1150,500
2026-08-12 17:00:00,63390.5,63484.2,63302.6,63380.5,651,500
2026-08-12 18:00:00,63363.7,63460.6,63278.9,63289.6,597,500
2026-08-12 19:00:00,63288.7,63398.9,63214.3,63355.9,1072,500
2026-08-12 20:00:00,63319.2,63536.9,63319.2,63513.1,709,500
2026-08-12 21:00:00,63539.1,63586.0,63332.9,63400.5,827,500
2026-08-12 22:00:00,63400.8,63472.9,63268.8,63336.1,539,520
2026-08-12 23:00:00,63364.9,63420.6,63280.6,63413.3,691,500
2026-08-13 00:00:00,63386.1,63644.6,63364.9,63473.3,1072,501
2026-08-13 01:00:00,63460.9,63564.7,63278.4,63372.8,1094,500
2026-08-13 02:00:00,63352.8,63516.6,63279.4,63460.8,1133,500
2026-08-13 03:00:00,63449.4,63617.3,63418.7,63567.8,1035,500
2026-08-13 04:00:00,63558.8,63711.5,63493.4,63597.4,890,500
2026-08-13 05:00:00,63597.8,63942.0,63574.5,63782.5,1119,500
2026-08-13 06:00:00,63778.6,63875.3,63658.0,63871.6,758,500
2026-08-13 07:00:00,63875.8,63882.8,63754.4,63769.7,661,500
2026-08-13 08:00:00,63797.7,63848.0,63644.5,63703.9,464,500
2026-08-13 09:00:00,63673.3,63721.1,63486.5,63683.4,546,500
2026-08-13 10:00:00,63696.5,63756.6,63486.9,63566.8,860,500
2026-08-13 11:00:00,63571.8,63592.8,63253.1,63414.1,880,500
2026-08-13 12:00:00,63405.8,63643.8,63346.2,63622.8,1211,500
2026-08-13 13:00:00,63622.3,63785.4,63461.0,63635.0,2238,500
2026-08-13 14:00:00,63635.3,63932.6,63585.1,63783.8,1751,500
2026-08-13 15:00:00,63790.8,63876.7,63317.9,63317.9,1406,500
2026-08-13 16:00:00,63320.3,63505.7,62752.2,63069.2,2225,500
2026-08-13 17:00:00,63082.8,63228.1,62977.5,63054.2,1414,500
2026-08-13 18:00:00,63034.9,63305.8,63016.4,63208.2,1031,500
2026-08-13 19:00:00,63239.1,63448.5,63212.8,63339.0,1114,500
2026-08-13 20:00:00,63331.8,63408.4,63270.9,63310.8,515,500
2026-08-13 21:00:00,63341.6,63437.9,63281.0,63372.2,528,500
2026-08-13 22:00:00,63409.0,63583.3,63392.4,63461.6,492,501
2026-08-13 23:00:00,63465.9,63476.1,63308.3,63422.3,399,500
2026-08-14 00:00:00,63403.2,63492.4,63310.6,63477.0,679,500
2026-08-14 01:00:00,63444.5,63531.5,63364.1,63485.6,748,500
2026-08-14 02:00:00,63507.2,63559.5,63372.0,63372.0,652,500
2026-08-14 03:00:00,63369.8,63515.1,63213.0,63217.4,973,500
2026-08-14 04:00:00,63215.8,63411.7,63186.2,63304.8,672,500
2026-08-14 05:00:00,63298.8,63332.5,63181.6,63307.8,852,500
2026-08-14 06:00:00,63288.5,63315.0,62857.0,62880.0,986,500
2026-08-14 07:00:00,62907.8,63047.8,62813.6,62837.8,1041,500
2026-08-14 08:00:00,62847.8,62927.9,62591.7,62870.6,1546,500
2026-08-14 09:00:00,62854.8,62863.3,62644.9,62693.4,1324,500
2026-08-14 10:00:00,62694.7,62872.4,62646.8,62728.3,1366,500
2026-08-14 11:00:00,62716.4,62867.7,62713.5,62780.5,933,500
2026-08-14 12:00:00,62800.7,62846.6,62627.7,62666.9,1061,500
2026-08-14 13:00:00,62675.4,62750.3,62500.4,62566.1,2360,500
2026-08-14 14:00:00,62595.4,62726.5,62440.2,62545.0,2304,500
2026-08-14 15:00:00,62540.3,63017.7,62516.4,62914.6,1338,500
2026-08-14 16:00:00,62893.2,63151.1,62869.0,63037.7,1059,500
2026-08-14 17:00:00,63062.8,63175.6,62897.6,62947.7,1091,500
2026-08-14 18:00:00,62934.1,63012.7,62787.4,62836.2,1082,500
2026-08-14 19:00:00,62857.1,62927.3,62729.3,62872.6,920,500
2026-08-14 20:00:00,62892.3,62955.8,62799.3,62814.5,426,500
2026-08-14 21:00:00,62844.1,62874.5,62738.9,62857.3,124,578
2026-08-14 22:00:00,62795.8,62898.7,62684.3,62816.1,134,1227
2026-08-14 23:00:00,62813.5,63002.4,62755.0,62981.2,156,519
2026-08-15 00:00:00,62980.7,62999.4,62868.6,62953.0,97,595
2026-08-15 01:00:00,62953.8,62978.1,62860.3,62972.3,97,713
2026-08-15 02:00:00,62975.3,63073.8,62900.9,63006.3,114,550
2026-08-15 03:00:00,63006.3,63123.8,62931.8,62988.6,114,1286
2026-08-15 04:00:00,62990.6,63085.6,62939.1,62986.9,77,663
2026-08-15 05:00:00,63051.8,63089.6,62921.5,63014.3,90,765
2026-08-15 06:00:00,63016.4,63069.4,62910.7,63043.6,103,585
2026-08-15 07:00:00,63017.7,63067.9,62939.9,63008.0,379,600
2026-08-15 08:00:00,62980.7,63023.0,62835.3,62839.6,367,589
2026-08-15 09:00:00,62844.0,62974.1,62787.5,62931.8,433,618
2026-08-15 10:00:00,62932.8,62982.9,62863.8,62944.4,251,902
2026-08-15 11:00:00,62943.2,62988.4,62891.3,62923.2,318,1303
2026-08-15 12:00:00,62922.7,62975.8,62820.8,62958.1,279,1032
2026-08-15 13:00:00,62957.3,63007.8,62896.5,62960.8,484,544
2026-08-15 14:00:00,62980.8,62982.8,62895.9,62957.8,371,554
2026-08-15 15:00:00,62957.8,63047.8,62898.1,62957.8,367,1073
2026-08-15 16:00:00,62958.3,63052.1,62951.3,62958.9,312,759
2026-08-15 17:00:00,63024.3,63027.3,62931.9,62974.5,287,753
2026-08-15 18:00:00,62993.8,63029.8,62909.2,62985.1,468,640
2026-08-15 19:00:00,62988.0,63051.9,62959.9,63025.6,347,544
2026-08-15 20:00:00,63023.5,63049.6,62934.9,62971.4,225,687
2026-08-15 21:00:00,62968.6,63090.0,62961.3,63082.8,382,750
2026-08-15 22:00:00,63082.1,63092.9,62995.8,63035.1,328,684
2026-08-15 23:00:00,62996.5,63068.8,62951.9,62953.6,268,1256
2026-08-16 00:00:00,62953.6,63021.0,62932.1,62986.0,259,1188
2026-08-16 01:00:00,62983.8,63009.2,62893.9,63009.2,315,742
2026-08-16 02:00:00,62986.8,63082.0,62893.2,63027.3,466,647
2026-08-16 03:00:00,63025.1,63060.6,62980.7,63059.4,168,1297
2026-08-16 04:00:00,63044.8,63079.5,62986.4,62988.8,212,798
2026-08-16 05:00:00,62987.8,63030.6,62917.1,62966.7,302,763
2026-08-16 06:00:00,62985.8,63016.0,62914.6,62996.5,190,744
2026-08-16 07:00:00,62996.1,62998.4,62917.4,62963.0,140,873
2026-08-16 08:00:00,62926.1,63004.8,62923.7,62997.7,156,1303
2026-08-16 09:00:00,62988.8,62998.2,62852.4,62852.4,237,1171
2026-08-16 10:00:00,62852.4,62943.0,62836.2,62936.2,157,610
2026-08-16 11:00:00,62911.0,62945.9,62846.6,62941.5,272,814
2026-08-16 12:00:00,62945.3,62957.2,62869.9,62928.8,138,787
2026-08-16 13:00:00,62882.9,62999.6,62882.0,62972.8,185,1302
2026-08-16 14:00:00,62985.8,63034.4,62928.8,63034.4,308,823
2026-08-16 15:00:00,63038.4,63065.3,62971.2,63045.1,268,617
2026-08-16 16:00:00,63045.6,63317.5,63037.5,63159.3,1173,509
2026-08-16 17:00:00,63160.2,63200.7,63019.9,63022.3,543,547
2026-08-16 18:00:00,63085.4,63104.8,63019.7,63065.8,1066,534
2026-08-16 19:00:00,63061.8,63164.4,63001.5,63038.3,639,620
2026-08-16 20:00:00,63038.5,63066.9,62925.5,62963.2,429,589
2026-08-16 21:00:00,62997.0,63020.8,62666.6,62826.4,824,524
2026-08-16 22:00:00,62797.7,62888.5,62612.8,62821.2,687,600
2026-08-16 23:00:00,62821.3,62925.3,62729.1,62831.9,676,500
2026-08-17 00:00:00,62801.2,62892.4,62653.6,62844.6,926,500
2026-08-17 01:00:00,62828.2,63178.1,62796.5,63039.2,1985,500
2026-08-17 02:00:00,63048.5,63434.4,62936.2,63320.8,1892,500
2026-08-17 03:00:00,63339.0,63460.7,63244.5,63369.5,866,500
2026-08-17 04:00:00,63373.9,63523.3,63344.1,63481.1,855,503
2026-08-17 05:00:00,63477.7,63532.0,63349.8,63440.7,744,500
2026-08-17 06:00:00,63424.0,63655.9,63384.3,63570.0,738,500
2026-08-17 07:00:00,63586.1,63601.8,63429.3,63430.2,811,500
2026-08-17 08:00:00,63434.2,63483.6,63251.4,63285.6,940,500
2026-08-17 09:00:00,63304.8,63364.1,63192.8,63229.8,773,500
2026-08-17 10:00:00,63235.8,63626.3,63194.0,63594.7,1531,500
2026-08-17 11:00:00,63605.8,63712.9,63500.0,63539.8,879,500
2026-08-17 12:00:00,63533.1,63613.2,63429.9,63463.8,1200,500
2026-08-17 13:00:00,63475.8,63729.1,63341.4,63577.3,2579,500
2026-08-17 14:00:00,63585.8,63832.5,63479.2,63825.3,2518,500
2026-08-17 15:00:00,63800.0,64169.7,63714.3,64120.0,1562,500
2026-08-17 16:00:00,64122.0,64155.5,63957.9,64025.4,1910,500
2026-08-17 17:00:00,64026.0,64373.5,63886.5,64243.9,2052,500
2026-08-17 18:00:00,64250.8,64555.7,64194.3,64374.5,1595,500
2026-08-17 19:00:00,64374.1,64374.1,64197.9,64252.9,779,500
2026-08-17 20:00:00,64250.7,64372.4,64175.4,64299.9,631,500
2026-08-17 21:00:00,64335.1,64382.0,64211.1,64291.1,600,500
2026-08-17 22:00:00,64326.4,64363.7,64185.3,64234.4,289,500
2026-08-17 23:00:00,64234.5,64523.2,64191.4,64446.9,707,500
2026-08-18 00:00:00,64445.8,64506.8,64272.2,64323.6,892,500
2026-08-18 01:00:00,64327.7,64331.4,64064.2,64149.5,786,500
2026-08-18 02:00:00,64127.0,64222.4,63958.9,64016.8,840,500
2026-08-18 03:00:00,64045.7,64124.3,63951.7,64112.8,590,500
2026-08-18 04:00:00,64108.8,64183.1,63999.2,64151.2,546,500
2026-08-18 05:00:00,64151.4,64209.4,64046.2,64143.4,698,500
2026-08-18 06:00:00,64141.2,64390.0,64067.7,64259.1,794,500
2026-08-18 07:00:00,64261.3,64290.4,64066.0,64108.0,843,500
2026-08-18 08:00:00,64107.1,64274.7,63992.3,64222.5,783,500
2026-08-18 09:00:00,64186.0,64219.8,64040.7,64078.5,631,500
2026-08-18 10:00:00,64103.1,64154.4,64030.5,64133.0,516,500
2026-08-18 11:00:00,64102.9,64339.1,64094.3,64264.1,551,500
2026-08-18 12:00:00,64246.9,64292.3,64126.1,64131.4,878,500
2026-08-18 13:00:00,64160.8,64222.0,63947.2,64153.2,1964,500
2026-08-18 14:00:00,64155.0,64996.9,64128.2,64663.1,2812,500
2026-08-18 15:00:00,64630.7,64840.1,64562.9,64807.6,1877,500
2026-08-18 16:00:00,64814.1,64845.5,64590.4,64779.3,1263,500
2026-08-18 17:00:00,64760.1,64787.7,64592.4,64592.4,935,500
2026-08-18 18:00:00,64590.7,64781.8,64577.8,64728.4,690,500
2026-08-18 19:00:00,64728.0,64751.0,64563.5,64603.8,481,500
2026-08-18 20:00:00,64603.2,64615.7,64489.4,64496.5,446,500
2026-08-18 21:00:00,64498.1,64609.3,64493.8,64560.1,399,500
2026-08-18 22:00:00,64555.3,64609.2,64476.9,64591.2,260,716
2026-08-18 23:00:00,64586.8,64739.0,64564.3,64644.9,380,500
2026-08-19 00:00:00,64666.8,64691.2,64404.0,64440.7,1103,500
2026-08-19 01:00:00,64407.5,64498.2,64308.1,64352.1,1227,500
2026-08-19 02:00:00,64317.1,64365.1,64262.0,64267.1,722,500
2026-08-19 03:00:00,64266.5,64364.3,64202.2,64245.3,522,500
2026-08-19 04:00:00,64243.3,64342.3,64209.1,64260.1,500,500
2026-08-19 05:00:00,64260.7,64355.2,64143.2,64181.2,465,500
2026-08-19 06:00:00,64187.8,64289.8,64078.3,64286.0,564,500
2026-08-19 07:00:00,64259.6,64339.3,64189.5,64235.7,571,503
2026-08-19 08:00:00,64239.4,64454.6,64165.6,64325.0,665,500
2026-08-19 09:00:00,64329.2,64417.0,64271.1,64363.8,516,500
2026-08-19 10:00:00,64364.4,64402.2,64280.9,64400.0,393,500
2026-08-19 11:00:00,64398.3,64477.9,64362.1,64436.8,575,500
2026-08-19 12:00:00,64436.6,64934.3,64381.0,64827.4,1283,500
2026-08-19 13:00:00,64827.3,65165.6,64701.8,64957.8,2926,501
2026-08-19 14:00:00,64957.3,65925.5,64928.9,65843.3,4283,500
2026-08-19 15:00:00,65844.7,69463.3,65807.8,68476.9,7603,509
2026-08-19 16:00:00,68473.2,68941.5,68356.6,68398.5,3443,500
2026-08-19 17:00:00,68397.6,68505.9,67762.2,68128.3,2270,501
2026-08-19 18:00:00,68167.5,68437.2,67969.9,68338.7,1326,500
2026-08-19 19:00:00,68337.1,68466.7,68048.3,68407.6,1370,500
2026-08-19 20:00:00,68410.9,69532.8,68326.1,68988.2,1967,500
2026-08-19 21:00:00,68992.3,70022.7,68926.9,69654.3,4447,500
2026-08-19 22:00:00,69807.6,69808.4,68916.9,69210.1,2515,500
2026-08-19 23:00:00,69214.8,69413.9,69084.2,69293.8,1974,500
2026-08-20 00:00:00,69258.3,69745.3,69251.6,69378.5,3799,500
2026-08-20 01:00:00,69378.6,69841.0,69199.2,69673.3,2564,500
2026-08-20 02:00:00,69673.9,69783.2,69198.8,69231.7,2103,500
2026-08-20 03:00:00,69248.4,69287.2,68823.7,69108.5,1820,500
2026-08-20 04:00:00,69131.4,69535.8,69073.5,69433.4,1291,500
2026-08-20 05:00:00,69396.7,69617.5,69271.1,69329.9,1197,500
2026-08-20 06:00:00,69369.3,69873.0,69262.8,69774.6,1360,500
2026-08-20 07:00:00,69771.7,69964.5,69413.8,69770.3,1901,500
2026-08-20 08:00:00,69770.4,71754.1,69699.3,71494.6,5305,502
2026-08-20 09:00:00,71505.8,71994.9,71408.4,71698.4,3773,500
2026-08-20 10:00:00,71731.9,72428.5,71605.3,71905.1,3115,501
2026-08-20 11:00:00,71902.7,72275.6,71727.0,71830.5,2654,500
2026-08-20 12:00:00,71867.4,71936.3,71414.4,71892.3,3205,500
2026-08-20 13:00:00,71865.2,72035.6,71073.2,71638.2,4458,500
2026-08-20 14:00:00,71626.3,71927.6,71292.4,71736.7,4807,500
2026-08-20 15:00:00,71772.9,72777.8,71705.8,72392.1,5504,502
2026-08-20 16:00:00,72392.5,72864.7,72148.4,72800.2,2541,500
2026-08-20 17:00:00,72788.2,72935.9,72476.1,72710.0,2133,500
2026-08-20 18:00:00,72674.9,72786.6,72328.2,72368.7,1668,500
2026-08-20 19:00:00,72360.1,72760.4,72272.6,72599.5,1443,500
2026-08-20 20:00:00,72620.8,73014.1,72545.7,72618.3,1181,502
2026-08-20 21:00:00,72617.3,72823.3,72499.2,72720.9,754,500
2026-08-20 22:00:00,72715.7,72858.9,72438.1,72654.6,1197,500
2026-08-20 23:00:00,72616.6,73371.7,72600.1,72985.8,1447,501
2026-08-21 00:00:00,72967.2,73965.3,72961.9,73682.2,2959,503
2026-08-21 01:00:00,73637.9,75738.5,73604.0,75066.0,4640,501
2026-08-21 02:00:00,75091.3,75163.3,74315.2,74404.6,3511,500
2026-08-21 03:00:00,74404.7,74837.5,74177.8,74476.1,2234,500
2026-08-21 04:00:00,74483.6,75016.1,74461.7,74956.5,1444,501
2026-08-21 05:00:00,74993.9,75463.5,74844.5,75396.1,3080,500
2026-08-21 06:00:00,75389.0,75687.0,75027.2,75602.2,3391,500
2026-08-21 07:00:00,75602.0,76840.9,75545.8,76260.4,4722,501
2026-08-21 08:00:00,76276.6,79462.9,76194.7,79237.9,6443,501
2026-08-21 09:00:00,79241.6,79328.9,77209.5,77852.0,6716,503
2026-08-21 10:00:00,77853.9,78228.5,77559.4,77750.8,3269,500
2026-08-21 11:00:00,77773.1,77826.0,76362.3,76670.4,3689,500
2026-08-21 12:00:00,76704.3,77446.5,76468.4,77190.9,2860,500
2026-08-21 13:00:00,77195.4,77677.7,76181.6,77222.0,4842,500
2026-08-21 14:00:00,77232.0,77411.4,76487.5,77319.4,4539,501
2026-08-21 15:00:00,77315.8,77837.6,77093.6,77167.4,3665,500
2026-08-21 16:00:00,77160.9,77529.6,76749.7,77444.0,2692,500
2026-08-21 17:00:00,77444.2,77686.3,77119.4,77368.3,1819,504
2026-08-21 18:00:00,77369.7,77518.3,76569.1,77073.0,1845,500
2026-08-21 19:00:00,77114.2,77315.0,76788.5,76984.8,1931,500
2026-08-21 20:00:00,77004.8,77515.2,76799.4,77455.4,2237,500
2026-08-21 21:00:00,77492.5,78664.3,77353.5,78485.1,1222,502
2026-08-21 22:00:00,78478.7,78741.8,78067.8,78443.6,1461,1125
2026-08-21 23:00:00,78445.4,78714.8,78106.3,78323.5,999,513
2026-08-22 00:00:00,78323.8,78487.1,77671.0,77927.2,1013,508
2026-08-22 01:00:00,77929.8,78223.8,77797.3,77812.1,827,500
2026-08-22 02:00:00,77814.0,78546.2,77770.2,78462.3,866,500
2026-08-22 03:00:00,78462.4,78806.5,78344.8,78390.4,768,500
2026-08-22 04:00:00,78394.7,78794.3,78183.8,78440.6,885,500
2026-08-22 05:00:00,78436.7,78568.7,76477.5,77370.8,2011,513
2026-08-22 06:00:00,77368.9,77554.2,76980.1,77469.3,1086,500
2026-08-22 07:00:00,77469.0,77652.8,77203.7,77276.7,940,500
2026-08-22 08:00:00,77291.8,77419.1,76986.1,77186.9,839,500
2026-08-22 09:00:00,77186.8,77375.5,76823.0,77044.8,717,500
2026-08-22 10:00:00,77045.8,77177.7,76510.9,76953.8,1075,500
2026-08-22 11:00:00,76957.2,77191.5,76785.8,77110.0,644,501
2026-08-22 12:00:00,77108.8,77371.4,77051.6,77280.4,572,500
2026-08-22 13:00:00,77281.5,77353.3,77091.8,77267.7,434,500
2026-08-22 14:00:00,77272.0,77299.8,76910.3,76988.5,610,500
2026-08-22 15:00:00,76993.0,77084.6,76865.5,76961.4,488,500
2026-08-22 16:00:00,76964.2,77535.5,76938.5,77264.6,521,500
2026-08-22 17:00:00,77271.0,77355.3,77053.8,77261.5,358,501
2026-08-22 18:00:00,77261.7,77343.6,77124.1,77253.8,294,500
2026-08-22 19:00:00,77253.9,77462.6,77192.9,77406.4,324,500
2026-08-22 20:00:00,77409.9,77453.9,77252.2,77303.8,241,502
2026-08-22 21:00:00,77299.4,77305.0,76814.0,76843.3,469,502
2026-08-22 22:00:00,76838.8,77148.9,76760.2,76987.8,513,688
2026-08-22 23:00:00,76991.8,77116.2,76879.9,77057.0,248,500
2026-08-23 00:00:00,77057.2,77352.5,76993.4,77283.4,414,500
2026-08-23 01:00:00,77282.7,77394.1,77144.3,77177.8,367,500
2026-08-23 02:00:00,77180.0,77204.0,77000.9,77065.6,360,500
2026-08-23 03:00:00,77066.8,77133.4,76825.7,76915.6,373,500
2026-08-23 04:00:00,76914.7,77028.6,76427.8,76593.2,712,500
2026-08-23 05:00:00,76593.0,76725.1,75553.2,76049.1,1303,500
2026-08-23 06:00:00,76046.1,76348.1,75875.7,76086.4,778,500
2026-08-23 07:00:00,76089.2,76336.3,75890.7,75991.5,506,500
2026-08-23 08:00:00,75992.5,76635.6,75931.5,76467.9,590,500
2026-08-23 09:00:00,76467.5,76631.6,76446.6,76531.5,384,500
2026-08-23 10:00:00,76528.1,76912.2,76523.4,76771.3,453,500
2026-08-23 11:00:00,76770.7,77373.9,76723.2,77289.3,521,500
2026-08-23 12:00:00,77288.5,77295.0,76995.0,77194.6,367,500
2026-08-23 13:00:00,77194.9,77744.1,77179.9,77476.5,833,501
2026-08-23 14:00:00,77475.6,77628.6,76788.8,77175.8,975,500
2026-08-23 15:00:00,77178.0,77321.3,76896.8,77138.3,675,500
2026-08-23 16:00:00,77141.6,77457.1,77140.1,77402.8,409,500
2026-08-23 17:00:00,77402.2,77432.0,77137.6,77170.9,509,500
2026-08-23 18:00:00,77166.3,77393.5,77096.2,77336.1,404,500
2026-08-23 19:00:00,77341.8,77471.4,77236.5,77322.4,295,500
2026-08-23 20:00:00,77322.5,77448.9,77183.9,77387.6,286,500
2026-08-23 21:00:00,77391.5,78032.5,77391.5,77825.1,843,500
2026-08-23 22:00:00,77829.2,77971.6,77521.8,77581.4,2743,580
2026-08-23 23:00:00,77560.6,77809.1,77256.5,77702.4,1863,500
2026-08-24 00:00:00,77724.7,77740.3,77113.6,77636.9,2365,500
2026-08-24 01:00:00,77645.4,77701.0,76874.4,76902.2,2568,501
2026-08-24 02:00:00,76876.6,77526.8,76833.1,77431.1,2357,500
2026-08-24 03:00:00,77431.0,77518.4,76888.1,76930.7,1457,500
2026-08-24 04:00:00,76932.9,77242.4,76626.3,76893.1,1275,500
2026-08-24 05:00:00,76889.8,77231.3,76802.8,77140.8,1990,500
2026-08-24 06:00:00,77125.8,77518.5,77027.6,77455.3,1502,500
2026-08-24 07:00:00,77454.1,77780.2,77249.4,77274.1,1172,500
2026-08-24 08:00:00,77274.3,77404.0,76789.6,76994.4,1200,500
2026-08-24 09:00:00,76989.9,77586.5,76978.1,77535.0,908,500
2026-08-24 10:00:00,77534.8,77994.4,77485.9,77597.6,1429,501
2026-08-24 11:00:00,77603.3,78581.4,77395.2,78388.0,2381,500
2026-08-24 12:00:00,78389.9,79296.5,77924.3,79139.9,2891,500
2026-08-24 13:00:00,79139.8,79392.1,77839.9,78526.3,4294,500
2026-08-24 14:00:00,78563.9,79814.6,78528.3,79488.6,3992,502
2026-08-24 15:00:00,79485.2,79988.0,78788.1,79040.0,3884,500
2026-08-24 16:00:00,79076.0,79841.8,78851.7,79002.6,3584,500
2026-08-24 17:00:00,79011.9,79187.0,78428.7,78741.2,3747,500
2026-08-24 18:00:00,78738.8,79071.7,78674.4,78887.4,2602,500
2026-08-24 19:00:00,78913.6,79101.3,78543.6,78735.4,2053,500
2026-08-24 20:00:00,78741.0,78981.9,78502.2,78917.8,1118,501
2026-08-24 21:00:00,78920.1,79029.7,78801.3,78952.4,658,500
2026-08-24 22:00:00,78910.8,78977.1,78667.4,78712.7,1068,520
2026-08-24 23:00:00,78734.8,78990.5,78576.3,78940.4,1093,500
2026-08-25 00:00:00,78941.4,79870.9,78668.8,79688.0,2838,500
2026-08-25 01:00:00,79686.3,79964.2,79437.9,79777.1,2673,500
2026-08-25 02:00:00,79816.5,81253.2,79684.8,80596.0,3288,503
2026-08-25 03:00:00,80637.4,80939.6,80262.7,80427.1,2452,500
2026-08-25 04:00:00,80421.5,80584.8,80094.1,80307.3,1906,500
2026-08-25 05:00:00,80328.0,80793.2,80259.4,80703.4,1706,501
2026-08-25 06:00:00,80714.2,80890.3,80347.8,80534.0,1412,500
2026-08-25 07:00:00,80515.0,80776.5,79303.0,79630.8,1583,500
2026-08-25 08:00:00,79687.3,80221.2,79543.1,79902.1,1754,500
2026-08-25 09:00:00,79901.3,79933.0,78837.6,79130.1,2198,500
2026-08-25 10:00:00,79131.0,79463.3,78934.8,79255.8,1707,500
2026-08-25 11:00:00,79256.5,79438.9,78987.6,79071.7,1890,500
2026-08-25 12:00:00,79070.4,79158.4,78592.5,78930.6,3116,500
2026-08-25 13:00:00,78934.8,79203.9,78081.8,78591.8,4360,500
2026-08-25 14:00:00,78592.2,79363.4,78482.3,79223.6,3553,501
2026-08-25 15:00:00,79225.5,79520.4,78975.7,79460.9,2520,500
2026-08-25 16:00:00,79496.5,79562.2,79023.7,79109.5,2224,500
2026-08-25 17:00:00,79109.1,79238.8,78705.5,79225.5,2213,500
2026-08-25 18:00:00,79227.7,79329.9,79001.5,79096.6,1133,500
2026-08-25 19:00:00,79077.0,79218.4,78685.2,78884.4,1287,500
2026-08-25 20:00:00,78886.3,78968.4,78130.7,78153.7,2063,501
2026-08-25 21:00:00,78148.3,78648.2,77814.6,78517.3,2079,500
2026-08-25 22:00:00,78494.8,78984.4,78494.8,78835.1,1170,512
2026-08-25 23:00:00,78871.2,78952.9,78348.8,78487.5,1365,500
2026-08-26 00:00:00,78487.9,78700.0,78268.0,78586.4,2612,500
2026-08-26 01:00:00,78579.5,78944.6,78555.8,78780.5,1475,500
2026-08-26 02:00:00,78811.6,79228.6,78698.1,79056.8,1075,500
2026-08-26 03:00:00,79056.6,79169.7,78843.4,79033.1,780,500
2026-08-26 04:00:00,79027.7,79177.9,78736.4,78812.5,1088,500
2026-08-26 05:00:00,78818.4,79119.3,78590.8,79035.7,1562,500
2026-08-26 06:00:00,79035.5,79189.5,78759.7,78892.8,1148,500
2026-08-26 07:00:00,78902.2,79077.8,78811.9,78874.7,981,500
2026-08-26 08:00:00,78909.5,79099.3,78555.9,78683.3,1405,500
2026-08-26 09:00:00,78683.5,78864.4,78197.0,78395.3,1984,500
2026-08-26 10:00:00,78391.3,78858.5,78240.2,78702.6,1329,500
2026-08-26 11:00:00,78704.0,78761.5,78261.6,78463.7,1243,500
2026-08-26 12:00:00,78469.4,78690.8,77954.3,78294.4,2612,500
2026-08-26 13:00:00,78259.2,78541.1,77867.5,78399.9,2996,500
2026-08-26 14:00:00,78435.7,78592.5,77723.3,77741.5,2748,500
2026-08-26 15:00:00,77742.2,78153.6,77591.1,77965.5,2270,501
2026-08-26 16:00:00,78002.6,78150.9,77811.0,77980.8,1765,500
2026-08-26 17:00:00,77980.9,78597.9,77951.0,78429.3,1398,500
2026-08-26 18:00:00,78427.9,78639.2,78243.2,78462.0,1055,500
2026-08-26 19:00:00,78461.3,78559.8,78238.3,78424.1,996,500
2026-08-26 20:00:00,78424.6,78513.9,78157.6,78440.9,1297,500
2026-08-26 21:00:00,78442.2,78833.3,78336.6,78678.8,1044,502
2026-08-26 22:00:00,78679.8,78972.0,78510.4,78654.2,1667,504
2026-08-26 23:00:00,78677.7,79161.4,78607.9,78982.5,1373,500
2026-08-27 00:00:00,78982.9,79004.2,78649.6,78649.6,1395,500
2026-08-27 01:00:00,78643.5,79011.2,78521.6,78855.9,1486,500
2026-08-27 02:00:00,78893.3,78973.4,78665.4,78678.3,912,500
2026-08-27 03:00:00,78678.4,78974.9,78589.5,78815.5,778,500
2026-08-27 04:00:00,78815.7,78882.3,78631.2,78759.4,592,500
2026-08-27 05:00:00,78762.5,78913.5,78543.8,78857.9,704,500
2026-08-27 06:00:00,78891.9,78891.9,78555.1,78773.2,718,500
2026-08-27 07:00:00,78785.1,79082.7,78694.9,79044.3,609,500
2026-08-27 08:00:00,79064.2,80006.8,78995.4,79708.3,2346,500
2026-08-27 09:00:00,79708.9,80511.2,79630.2,79942.3,2514,500
2026-08-27 10:00:00,79982.0,80136.3,79304.6,79586.9,2587,500
2026-08-27 11:00:00,79586.2,79765.4,79157.8,79432.0,1825,500
2026-08-27 12:00:00,79430.4,79578.2,79212.0,79266.1,1178,500
2026-08-27 13:00:00,79243.2,79560.9,78877.7,79490.9,2550,500
2026-08-27 14:00:00,79492.0,80385.5,79312.5,80167.2,3658,500
2026-08-27 15:00:00,80176.2,80789.6,80064.0,80272.7,3767,500
2026-08-27 16:00:00,80265.4,80624.3,80161.6,80335.1,3073,500
2026-08-27 17:00:00,80335.4,80823.7,80193.6,80405.0,2258,500
2026-08-27 18:00:00,80402.4,80434.1,79710.1,80116.9,2521,500
2026-08-27 19:00:00,80153.8,80288.0,79863.6,79889.5,1399,500
2026-08-27 20:00:00,79890.7,80118.0,79847.1,80065.9,1457,500
2026-08-27 21:00:00,80066.0,80185.2,79941.6,80177.0,1142,500
2026-08-27 22:00:00,80179.0,80439.5,80121.6,80277.2,1344,500
2026-08-27 23:00:00,80276.7,80391.6,80111.5,80225.1,1276,500
2026-08-28 00:00:00,80229.0,80710.7,80127.8,80550.1,2041,500
2026-08-28 01:00:00,80552.1,81448.4,80399.4,80463.2,2859,500
2026-08-28 02:00:00,80491.1,80491.1,79721.3,79893.0,2772,500
2026-08-28 03:00:00,79892.2,80054.3,79744.0,79780.1,1545,500
2026-08-28 04:00:00,79773.2,79963.0,79571.8,79610.3,1317,500
2026-08-28 05:00:00,79608.2,79877.1,79524.9,79654.1,1017,501
2026-08-28 06:00:00,79654.2,79995.1,79654.2,79865.7,711,500
2026-08-28 07:00:00,79865.6,79895.5,79546.1,79657.3,766,500
2026-08-28 08:00:00,79633.2,79837.8,79442.9,79510.8,979,500
2026-08-28 09:00:00,79472.9,79509.9,79220.4,79246.7,1176,500
2026-08-28 10:00:00,79250.0,79567.2,78984.3,79549.5,1066,500
2026-08-28 11:00:00,79527.3,79763.1,79512.5,79560.7,764,500
2026-08-28 12:00:00,79561.7,79717.8,79260.4,79377.0,871,500
2026-08-28 13:00:00,79372.6,79532.7,78997.1,79355.0,2288,500
2026-08-28 14:00:00,79316.5,79696.3,78410.9,79552.6,5150,502
2026-08-28 15:00:00,79521.9,79825.2,78280.2,78289.1,3075,507
2026-08-28 16:00:00,78320.0,78383.9,76842.2,77740.8,4595,500
2026-08-28 17:00:00,77741.4,78104.0,77614.1,77857.3,2551,500
2026-08-28 18:00:00,77854.3,77926.2,77216.7,77507.3,2165,500
2026-08-28 19:00:00,77508.2,77773.2,77326.5,77557.9,1660,500
2026-08-28 20:00:00,77543.0,77598.6,77257.3,77397.9,1127,500
2026-08-28 21:00:00,77401.7,77528.0,77238.7,77354.8,337,500
2026-08-28 22:00:00,77359.3,77762.6,77277.8,77745.5,365,1129
2026-08-28 23:00:00,77747.6,77833.6,77629.5,77833.6,246,500
2026-08-29 00:00:00,77833.5,77942.6,77711.9,77723.6,283,500
2026-08-29 01:00:00,77719.2,77841.5,77625.5,77788.1,186,500
2026-08-29 02:00:00,77787.8,77823.9,77574.6,77664.3,222,500
2026-08-29 03:00:00,77663.8,77722.1,77491.2,77501.3,191,515
2026-08-29 04:00:00,77503.9,77669.2,77503.9,77640.7,150,613
2026-08-29 05:00:00,77640.1,77706.9,77589.8,77628.1,148,696
2026-08-29 06:00:00,77632.3,77633.0,77372.4,77457.8,167,500
2026-08-29 07:00:00,77459.0,77663.4,77428.9,77614.9,155,1303
2026-08-29 08:00:00,77618.7,77632.0,77445.8,77630.3,183,551
2026-08-29 09:00:00,77634.0,77746.5,77554.6,77638.7,170,500
2026-08-29 10:00:00,77638.6,77720.5,77488.8,77627.4,173,524
2026-08-29 11:00:00,77627.0,77720.2,77546.1,77579.2,139,503
2026-08-29 12:00:00,77577.7,77652.1,77489.8,77579.4,132,567
2026-08-29 13:00:00,77578.4,77714.1,77555.5,77688.9,152,500
2026-08-29 14:00:00,77688.7,78145.1,77627.8,78001.2,354,527
2026-08-29 15:00:00,78002.5,78008.6,77796.5,77852.2,301,500
2026-08-29 16:00:00,77851.2,78101.2,77843.9,78013.4,345,500
2026-08-29 17:00:00,78013.7,78092.6,77889.2,78091.6,246,500
2026-08-29 18:00:00,78091.7,78240.4,78004.9,78148.9,242,500
2026-08-29 19:00:00,78149.2,78324.3,78131.5,78177.1,223,500
2026-08-29 20:00:00,78113.8,78290.6,78069.8,78115.9,196,623
2026-08-29 21:00:00,78116.2,78190.2,78041.7,78152.6,186,509
2026-08-29 22:00:00,78099.1,78229.4,78033.0,78215.3,134,597
2026-08-29 23:00:00,78215.6,78273.3,78164.8,78223.8,143,504
2026-08-30 00:00:00,78223.5,78317.1,78138.3,78169.4,202,500
2026-08-30 01:00:00,78166.1,78179.2,77975.6,78068.2,181,500
2026-08-30 02:00:00,78072.2,78169.3,77978.8,78089.9,176,500
2026-08-30 03:00:00,78090.4,78224.2,78011.7,78130.0,152,522
2026-08-30 04:00:00,78073.8,78214.9,77943.5,78103.7,143,1284
2026-08-30 05:00:00,78105.3,78210.4,78058.8,78124.0,114,572
2026-08-30 06:00:00,78127.9,78297.7,78044.8,78269.5,153,679
2026-08-30 07:00:00,78273.0,78286.1,78056.6,78107.8,104,768
2026-08-30 08:00:00,78108.1,78196.7,77969.0,78063.4,121,574
2026-08-30 09:00:00,78062.5,78110.6,77930.7,77985.3,127,629
2026-08-30 10:00:00,77980.6,78137.4,77917.0,78134.3,128,517
2026-08-30 11:00:00,78135.8,78231.6,78082.1,78157.1,146,518
2026-08-30 12:00:00,78158.6,78839.0,78158.6,78770.9,602,500
2026-08-30 13:00:00,78768.7,78957.7,78580.5,78847.6,453,500
2026-08-30 14:00:00,78848.1,78937.6,78703.1,78772.1,329,500
2026-08-30 15:00:00,78772.4,78897.4,78614.3,78815.0,381,500
2026-08-30 16:00:00,78814.2,79387.4,78735.4,79326.6,890,500
2026-08-30 17:00:00,79322.2,79327.3,78743.6,79006.9,592,500
2026-08-30 18:00:00,79005.7,79165.8,78759.4,79024.3,364,500
2026-08-30 19:00:00,79027.4,79029.7,78710.9,78850.2,271,500
2026-08-30 20:00:00,78854.2,78918.3,78429.9,78583.0,408,502
2026-08-30 21:00:00,78581.0,78719.7,78230.1,78642.3,657,500
2026-08-30 22:00:00,78646.3,78787.3,78238.5,78400.4,1733,565
2026-08-30 23:00:00,78380.4,78436.4,77006.5,77631.6,3526,500
2026-08-31 00:00:00,77633.1,78158.4,77393.8,77917.4,1846,500
2026-08-31 01:00:00,77881.5,77979.7,77515.5,77589.8,2145,500
2026-08-31 02:00:00,77589.4,77984.1,77333.6,77417.4,1834,500
2026-08-31 03:00:00,77416.8,77847.0,77337.8,77701.1,1216,500
2026-08-31 04:00:00,77705.1,77747.1,77409.0,77566.0,1300,500
2026-08-31 05:00:00,77565.0,78139.2,77458.6,77963.6,1387,500
2026-08-31 06:00:00,77963.3,78127.2,77819.2,78069.9,924,500
2026-08-31 07:00:00,78041.8,78297.6,77985.9,78180.7,772,500
2026-08-31 08:00:00,78161.9,78496.3,77931.9,78453.0,1050,500
2026-08-31 09:00:00,78452.4,78781.8,78341.0,78466.7,1092,500
2026-08-31 10:00:00,78498.1,78682.2,78259.0,78647.9,1012,500
2026-08-31 11:00:00,78651.2,78682.5,78231.9,78266.2,844,500
2026-08-31 12:00:00,78280.0,78510.5,77653.2,77876.8,1844,500
2026-08-31 13:00:00,77876.9,78259.1,77664.3,77831.9,2720,500
2026-08-31 14:00:00,77837.4,78652.9,77687.2,78547.7,2724,501
2026-08-31 15:00:00,78526.9,78745.0,78155.8,78555.9,1975,500
2026-08-31 16:00:00,78563.5,78855.5,78472.3,78612.6,1626,500
2026-08-31 17:00:00,78587.5,78987.6,78434.6,78878.8,1432,500
2026-08-31 18:00:00,78879.0,79196.3,78728.2,78965.9,1220,500
2026-08-31 19:00:00,79002.8,79237.9,78804.2,78870.9,1589,500
2026-08-31 20:00:00,78884.8,79150.0,78738.1,78805.2,909,500
2026-08-31 21:00:00,78807.4,79041.0,78675.3,78908.4,768,500
2026-08-31 22:00:00,78957.6,78994.6,78521.5,78531.9,587,500
2026-08-31 23:00:00,78527.2,78566.9,78343.6,78528.8,571,500
2026-09-01 00:00:00,78524.4,78873.8,78502.3,78624.3,737,500
2026-09-01 01:00:00,78628.2,78776.6,78317.1,78352.2,1208,500
2026-09-01 02:00:00,78373.5,78431.5,78127.7,78420.7,849,501
2026-09-01 03:00:00,78395.5,78848.7,78336.7,78616.9,993,500
2026-09-01 04:00:00,78617.5,78877.0,78596.0,78698.5,826,500
2026-09-01 05:00:00,78699.5,79191.3,78671.1,79113.6,825,504
2026-09-01 06:00:00,79145.1,79145.1,78670.0,78670.0,761,500
2026-09-01 07:00:00,78669.6,78777.5,78442.7,78609.7,763,500
2026-09-01 08:00:00,78612.6,78630.6,77758.8,77852.2,1835,500
2026-09-01 09:00:00,77855.3,78027.1,77720.8,77845.8,1086,500
2026-09-01 10:00:00,77842.4,78166.0,77695.3,77962.6,1123,500
2026-09-01 11:00:00,77963.0,78171.7,77830.2,78056.7,1247,500
2026-09-01 12:00:00,78058.6,78125.5,77678.4,77964.1,1495,500
2026-09-01 13:00:00,77945.4,78168.7,77453.2,78011.1,2828,500
2026-09-01 14:00:00,78012.0,78390.8,77999.0,78139.5,2067,500
2026-09-01 15:00:00,78138.9,78138.9,77665.8,77846.0,1907,500
2026-09-01 16:00:00,77849.5,77941.1,77256.2,77527.4,2165,500
2026-09-01 17:00:00,77553.0,77694.1,77184.6,77207.2,1421,500
2026-09-01 18:00:00,77208.9,77295.5,76357.9,77109.8,2411,500
2026-09-01 19:00:00,77125.9,77432.0,77043.0,77286.7,1496,500
2026-09-01 20:00:00,77250.6,77442.8,77169.7,77383.9,1434,500
2026-09-01 21:00:00,77384.2,77483.8,76848.6,77174.4,1760,500
2026-09-01 22:00:00,77156.8,77334.8,76955.0,77236.4,1360,500
2026-09-01 23:00:00,77237.4,77589.7,77144.2,77396.4,1321,502
2026-09-02 00:00:00,77379.3,77478.4,77068.9,77175.4,1234,502
2026-09-02 01:00:00,77149.5,77344.2,76648.7,76976.6,2551,500
2026-09-02 02:00:00,76972.8,77310.0,76878.8,77255.7,2255,511
2026-09-02 03:00:00,77255.5,77754.8,77238.8,77480.5,2148,500
2026-09-02 04:00:00,77525.2,77578.3,77214.7,77520.8,1143,501
2026-09-02 05:00:00,77521.0,77724.7,77360.8,77613.6,1326,500
2026-09-02 06:00:00,77575.7,77687.2,77391.7,77569.5,1514,542
2026-09-02 07:00:00,77578.3,77727.1,77410.8,77411.2,1103,500
2026-09-02 08:00:00,77411.6,77518.5,76679.7,76785.4,2130,500
2026-09-02 09:00:00,76785.3,77013.3,76414.6,76688.6,2232,500
2026-09-02 10:00:00,76725.5,76725.5,76211.4,76644.4,2325,500
2026-09-02 11:00:00,76642.7,76754.1,76288.4,76725.0,2362,501
2026-09-02 12:00:00,76755.1,77019.6,76546.7,76570.4,2167,501
2026-09-02 13:00:00,76576.9,77399.5,76546.7,77108.5,3351,500
2026-09-02 14:00:00,77110.5,77455.2,76937.4,76999.8,2573,502
2026-09-02 15:00:00,77000.2,77352.0,76671.9,77246.2,2501,500
2026-09-02 16:00:00,77246.5,77536.1,77115.1,77138.8,1721,500
2026-09-02 17:00:00,77140.0,77373.4,76887.4,77347.3,1362,500
2026-09-02 18:00:00,77327.4,77466.1,77236.8,77341.8,1406,500
2026-09-02 19:00:00,77302.6,77390.5,77053.9,77268.4,1006,500
2026-09-02 20:00:00,77308.1,77493.6,77145.6,77339.5,939,500
2026-09-02 21:00:00,77338.7,77406.5,77176.7,77259.8,766,500
2026-09-02 22:00:00,77235.1,77260.6,76960.3,76965.1,723,500
2026-09-02 23:00:00,77000.9,77345.3,76950.7,77275.4,736,500
2026-09-03 00:00:00,77275.6,77362.7,76936.4,77030.8,1083,500
2026-09-03 01:00:00,77011.3,77513.4,76906.1,77321.5,1708,500
2026-09-03 02:00:00,77282.5,77872.3,77169.5,77786.1,1640,500
2026-09-03 03:00:00,77757.4,77851.1,77571.3,77670.3,811,501
2026-09-03 04:00:00,77670.8,77801.6,77476.2,77722.0,813,501
2026-09-03 05:00:00,77726.1,77794.4,77047.3,77748.4,1785,500
2026-09-03 06:00:00,77748.2,77825.2,77626.9,77793.3,1056,501
2026-09-03 07:00:00,77789.3,78142.3,77526.6,77628.2,1573,500
2026-09-03 08:00:00,77600.7,78032.1,77600.7,77800.8,1428,500
2026-09-03 09:00:00,77798.8,77941.4,77540.6,77575.5,1054,500
2026-09-03 10:00:00,77574.7,77741.2,77408.3,77703.8,902,500
2026-09-03 11:00:00,77705.6,77968.6,77637.8,77886.4,1265,500
2026-09-03 12:00:00,77903.3,78759.3,77823.7,78616.1,2222,500
2026-09-03 13:00:00,78576.8,78968.5,78391.1,78780.5,2369,500
2026-09-03 14:00:00,78785.2,80554.6,78640.6,80510.5,3661,500
2026-09-03 15:00:00,80511.1,81368.0,80323.8,81326.0,3853,501
2026-09-03 16:00:00,81325.9,81370.0,80573.6,80963.5,2658,500
2026-09-03 17:00:00,80972.2,81190.6,80847.9,81009.7,1968,500
2026-09-03 18:00:00,81003.7,81336.2,80864.7,81257.8,1489,500
2026-09-03 19:00:00,81218.8,81792.5,81134.5,81755.2,1973,500
2026-09-03 20:00:00,81757.1,81787.3,81357.9,81464.0,1633,500
2026-09-03 21:00:00,81467.5,82274.6,81259.8,81595.8,1855,501
2026-09-03 22:00:00,81588.9,81613.5,80879.2,81145.5,1731,500
2026-09-03 23:00:00,81124.5,81330.2,81041.8,81260.6,1119,504
2026-09-04 00:00:00,81244.1,81426.3,80928.3,80969.1,1291,500
2026-09-04 01:00:00,80966.8,81095.4,80737.1,80937.8,1198,502
2026-09-04 02:00:00,80935.2,80968.0,80633.9,80792.4,1073,500
2026-09-04 03:00:00,80793.6,81021.6,80761.6,80842.8,683,501
2026-09-04 04:00:00,80841.3,81280.9,80776.0,81064.7,1057,500
2026-09-04 05:00:00,81064.2,81132.4,80820.0,80986.1,922,501
2026-09-04 06:00:00,80985.9,81084.4,80550.7,80757.1,1371,501
2026-09-04 07:00:00,80762.6,80956.8,80596.1,80645.7,1024,500
2026-09-04 08:00:00,80652.0,81223.2,80458.3,81136.0,1815,501
2026-09-04 09:00:00,81137.4,81296.6,80922.4,81040.7,1600,501
2026-09-04 10:00:00,81039.8,81183.7,80781.5,81147.6,1111,500
2026-09-04 11:00:00,81147.7,81405.2,81046.5,81216.4,970,500
2026-09-04 12:00:00,81199.9,81344.9,79159.5,79442.9,3505,502
2026-09-04 13:00:00,79444.8,79696.4,78942.9,79367.0,2971,500
2026-09-04 14:00:00,79364.2,79557.3,78600.8,78892.6,2706,500
2026-09-04 15:00:00,78896.7,79551.9,78743.1,79383.8,2314,500
2026-09-04 16:00:00,79376.0,79869.4,79340.1,79741.4,1807,503
2026-09-04 17:00:00,79741.7,79753.9,79348.8,79432.5,1246,500
2026-09-04 18:00:00,79433.3,79657.2,79433.3,79613.4,758,501
2026-09-04 19:00:00,79613.8,79821.1,79599.1,79758.2,992,500
2026-09-04 20:00:00,79800.3,79875.8,79641.3,79676.7,815,500
2026-09-04 21:00:00,79714.5,79833.0,79526.6,79647.9,296,513
2026-09-04 22:00:00,79589.0,79730.2,79589.0,79650.0,193,1065
2026-09-04 23:00:00,79645.8,79770.6,79558.7,79668.9,165,535
2026-09-05 00:00:00,79670.1,79731.4,79573.4,79590.8,208,521
2026-09-05 01:00:00,79592.4,79720.8,79546.3,79546.3,266,500
2026-09-05 02:00:00,79522.0,79628.2,79492.9,79578.9,165,500
2026-09-05 03:00:00,79579.2,79635.2,79524.4,79594.8,137,500
2026-09-05 04:00:00,79597.0,79600.3,79470.1,79509.2,133,600
2026-09-05 05:00:00,79512.3,79608.8,79454.8,79525.2,142,509
2026-09-05 06:00:00,79526.1,79720.8,79522.8,79655.4,126,588
2026-09-05 07:00:00,79650.7,79768.6,79626.8,79717.3,97,519
2026-09-05 08:00:00,79713.2,79723.7,79563.5,79649.6,133,533
2026-09-05 09:00:00,79649.4,79728.3,79585.8,79626.3,99,577
2026-09-05 10:00:00,79627.4,79666.1,79526.8,79614.5,112,604
2026-09-05 11:00:00,79614.4,79683.9,79554.8,79615.4,101,656
2026-09-05 12:00:00,79613.7,79775.0,79591.7,79707.4,142,604
2026-09-05 13:00:00,79706.6,79767.4,79551.1,79620.3,196,537
2026-09-05 14:00:00,79623.2,79750.6,79587.1,79717.8,128,531
2026-09-05 15:00:00,79716.1,79814.7,79642.6,79802.0,140,585
2026-09-05 16:00:00,79801.9,80204.7,79721.8,80036.2,318,510
2026-09-05 17:00:00,80037.0,80158.4,79970.1,80059.9,446,500
2026-09-05 18:00:00,80062.4,80078.2,79905.8,79996.3,228,500
2026-09-05 19:00:00,79996.4,79996.4,79711.5,79748.1,229,559
2026-09-05 20:00:00,79747.6,79836.9,79689.4,79734.9,280,500
2026-09-05 21:00:00,79735.3,79937.2,79707.8,79907.9,208,1303
2026-09-05 22:00:00,79911.8,79942.4,79755.1,79786.6,239,607
2026-09-05 23:00:00,79782.7,79903.1,79683.6,79825.2,178,533
2026-09-06 00:00:00,79827.9,79936.8,79771.2,79867.6,166,560
2026-09-06 01:00:00,79871.8,80059.8,79870.7,79948.7,239,504
2026-09-06 02:00:00,79950.7,80013.1,79848.8,79903.1,216,521
2026-09-06 03:00:00,79907.2,80109.0,79844.8,80024.3,168,586
2026-09-06 04:00:00,80028.2,80028.2,79845.8,79860.6,125,520
2026-09-06 05:00:00,79860.7,80112.9,79744.8,79986.0,206,501
2026-09-06 06:00:00,79990.5,79992.2,79682.6,79779.0,152,500
2026-09-06 07:00:00,79775.2,79856.5,79545.7,79804.1,237,500
2026-09-06 08:00:00,79804.8,79892.2,79731.8,79837.5,140,528
2026-09-06 09:00:00,79837.3,79992.4,79793.8,79882.3,184,501
2026-09-06 10:00:00,79889.2,80019.0,79857.8,80000.2,129,557
2026-09-06 11:00:00,79999.5,80001.6,79843.5,79915.5,169,545
2026-09-06 12:00:00,79852.8,80005.2,79834.9,79916.5,188,1338
2026-09-06 13:00:00,79917.3,79961.9,79735.8,79823.2,216,588
2026-09-06 14:00:00,79823.3,79835.4,79220.7,79539.3,506,500
2026-09-06 15:00:00,79539.4,79719.7,79384.6,79705.1,311,500
2026-09-06 16:00:00,79701.5,79777.5,79596.3,79674.0,246,500
2026-09-06 17:00:00,79670.2,79766.2,79577.7,79735.6,222,500
2026-09-06 18:00:00,79741.1,79962.7,79741.1,79939.1,186,500
2026-09-06 19:00:00,79943.4,79943.4,79760.2,79822.4,127,545
2026-09-06 20:00:00,79826.4,79965.9,79722.0,79904.7,148,539
2026-09-06 21:00:00,79908.6,80026.1,79865.5,79936.5,281,505
2026-09-06 22:00:00,79872.8,80085.2,79601.1,80026.3,1013,620
2026-09-06 23:00:00,80045.1,80543.0,79966.7,80334.8,1398,500
2026-09-07 00:00:00,80341.3,80434.5,80017.0,80148.2,1427,500
2026-09-07 01:00:00,80148.5,80231.5,79784.5,79880.5,1104,500
2026-09-07 02:00:00,79878.6,80411.2,79753.0,79862.6,1034,500
2026-09-07 03:00:00,79864.2,79972.1,79518.6,79543.4,901,500
2026-09-07 04:00:00,79547.5,79714.0,79493.3,79670.1,662,500
2026-09-07 05:00:00,79669.0,79904.9,79613.0,79701.0,574,500
2026-09-07 06:00:00,79700.5,79807.5,79605.1,79607.5,444,500
2026-09-07 07:00:00,79607.1,79678.9,78987.9,79383.1,1359,500
2026-09-07 08:00:00,79389.5,79517.6,79346.2,79418.3,805,504
2026-09-07 09:00:00,79420.4,79535.2,79250.4,79300.3,499,500
2026-09-07 10:00:00,79305.6,79444.1,79272.7,79349.7,380,507
2026-09-07 11:00:00,79347.0,79470.1,79235.6,79371.3,435,500
2026-09-07 12:00:00,79408.8,79615.8,79355.4,79557.4,487,500
2026-09-07 13:00:00,79553.4,79635.9,79260.8,79305.2,821,500
2026-09-07 14:00:00,79301.0,79385.1,78910.6,79144.5,1400,500
2026-09-07 15:00:00,79143.9,79171.8,78638.6,78783.5,1364,500
2026-09-07 16:00:00,78810.3,79017.9,78756.7,79006.5,772,500
2026-09-07 17:00:00,79009.0,79200.5,78961.9,79171.2,676,500
2026-09-07 18:00:00,79170.7,79233.6,79067.0,79184.0,364,500
2026-09-07 19:00:00,79182.4,79395.4,79126.8,79329.9,363,500
2026-09-07 20:00:00,79344.9,79383.7,79135.3,79219.9,370,500
2026-09-07 21:00:00,79220.5,79261.0,79139.6,79143.9,276,500
2026-09-07 22:00:00,79091.8,79198.6,78767.6,78932.7,674,539
2026-09-07 23:00:00,78906.4,79193.3,78893.0,79093.0,722,500
2026-09-08 00:00:00,79062.6,79298.1,78938.2,79264.9,1036,500
2026-09-08 01:00:00,79264.4,79439.8,79221.0,79416.3,1013,500
2026-09-08 02:00:00,79416.9,79465.5,78901.0,78914.4,546,500
2026-09-08 03:00:00,78914.0,78990.4,78700.1,78882.3,645,500
2026-09-08 04:00:00,78855.5,78911.2,78654.6,78654.6,431,500
2026-09-08 05:00:00,78654.9,78857.2,78526.4,78554.6,762,500
2026-09-08 06:00:00,78559.9,78607.9,78235.7,78299.2,888,500
2026-09-08 07:00:00,78303.4,78579.5,78161.1,78428.6,742,500
2026-09-08 08:00:00,78425.9,78543.4,78240.8,78370.4,1270,500
2026-09-08 09:00:00,78370.6,78776.4,78296.0,78729.4,878,500
2026-09-08 10:00:00,78725.0,78968.3,78533.9,78537.0,461,500
2026-09-08 11:00:00,78548.9,78549.1,78248.3,78399.1,613,500
2026-09-08 12:00:00,78398.5,78455.9,78176.8,78418.2,612,500
2026-09-08 13:00:00,78424.9,78515.1,77601.8,77908.6,1786,500
2026-09-08 14:00:00,77928.2,78593.5,77810.3,78535.4,1891,500
2026-09-08 15:00:00,78527.8,78892.4,78414.1,78889.0,1143,500
2026-09-08 16:00:00,78889.1,78962.0,78553.3,78723.1,836,500
2026-09-08 17:00:00,78725.4,78882.6,78473.0,78488.6,660,500
2026-09-08 18:00:00,78487.8,78800.4,78261.2,78419.5,749,500
2026-09-08 19:00:00,78424.3,78513.3,78291.2,78431.8,968,500
2026-09-08 20:00:00,78424.9,78607.5,78375.3,78476.7,644,500
2026-09-08 21:00:00,78461.1,78611.9,78371.6,78453.8,479,500
2026-09-08 22:00:00,78456.7,78641.1,78414.8,78547.4,468,509
2026-09-08 23:00:00,78547.7,78561.4,78379.4,78445.5,233,500
2026-09-09 00:00:00,78446.0,78786.6,78427.0,78765.0,449,500
2026-09-09 01:00:00,78765.4,78882.3,78610.3,78878.0,503,500
2026-09-09 02:00:00,78879.4,78918.2,78658.2,78713.1,406,500
2026-09-09 03:00:00,78711.0,78711.5,78524.9,78619.8,329,500
2026-09-09 04:00:00,78625.0,79199.3,78624.9,79153.0,954,500
2026-09-09 05:00:00,79157.3,79351.8,78815.8,78915.0,896,500
2026-09-09 06:00:00,78928.2,79271.5,78836.7,79144.3,525,500
2026-09-09 07:00:00,79145.8,79378.7,79118.9,79257.9,578,500
2026-09-09 08:00:00,79261.9,79752.2,79235.1,79684.3,712,500
2026-09-09 09:00:00,79686.9,79706.2,78879.2,78935.8,527,500
2026-09-09 10:00:00,78921.4,79170.5,78855.5,78903.9,621,500
2026-09-09 11:00:00,78905.7,79354.7,78713.6,79295.6,838,500
2026-09-09 12:00:00,79296.4,79639.7,79258.9,79557.7,835,500
2026-09-09 13:00:00,79564.6,79657.7,79079.3,79101.6,1137,500
2026-09-09 14:00:00,79115.7,79395.3,78844.2,78914.7,1610,500
2026-09-09 15:00:00,78917.4,79364.0,78011.7,78576.1,2382,500
2026-09-09 16:00:00,78576.4,78896.5,78422.6,78778.6,1144,500
2026-09-09 17:00:00,78774.7,78912.6,78639.2,78749.8,574,500
2026-09-09 18:00:00,78751.0,78768.8,78374.3,78393.6,564,500
2026-09-09 19:00:00,78392.8,78563.6,78134.3,78195.1,651,500
2026-09-09 20:00:00,78206.3,78321.3,77914.0,78298.9,657,500
2026-09-09 21:00:00,78299.4,78324.2,77971.2,78124.3,446,500
2026-09-09 22:00:00,78125.4,78177.8,77741.7,77898.0,796,516
2026-09-09 23:00:00,77896.9,78294.6,77880.0,78280.6,661,500
2026-09-10 00:00:00,78280.7,78360.2,78072.0,78152.7,752,500
2026-09-10 01:00:00,78153.0,78485.5,77912.9,78070.1,971,500
2026-09-10 02:00:00,78074.7,78345.1,77923.6,78323.9,794,500
2026-09-10 03:00:00,78327.9,78510.4,78223.9,78301.6,677,500
2026-09-10 04:00:00,78295.4,78412.5,78253.4,78369.2,393,500
2026-09-10 05:00:00,78365.4,78527.9,78226.3,78481.9,579,500
2026-09-10 06:00:00,78507.0,78515.9,78114.0,78394.3,693,500
2026-09-10 07:00:00,78395.5,78400.1,77877.4,78081.8,471,500
2026-09-10 08:00:00,78081.2,78147.7,77998.2,78081.1,606,500
2026-09-10 09:00:00,78081.0,78200.2,77882.9,77966.1,538,500
2026-09-10 10:00:00,77963.2,78019.4,77785.3,77824.2,542,500
2026-09-10 11:00:00,77815.8,78025.5,77654.5,77814.8,995,500
2026-09-10 12:00:00,77804.0,77923.2,76637.6,76871.5,2229,500
2026-09-10 13:00:00,76868.2,77215.5,76687.5,77148.0,1878,500
2026-09-10 14:00:00,77135.7,77399.6,76911.8,77384.6,1533,513
2026-09-10 15:00:00,77359.2,77387.4,77042.0,77221.4,893,500
2026-09-10 16:00:00,77196.8,77289.0,76753.9,77167.6,1381,500
2026-09-10 17:00:00,77164.9,77518.8,77068.1,77295.3,1333,500
2026-09-10 18:00:00,77269.9,77311.6,76932.0,77197.2,1285,500
2026-09-10 19:00:00,77219.6,77276.4,77044.2,77108.0,1138,500
2026-09-10 20:00:00,77108.5,77327.8,77061.1,77245.0,630,500
2026-09-10 21:00:00,77245.2,77279.3,77074.9,77102.4,484,500
2026-09-10 22:00:00,77129.5,77196.6,76779.9,76808.3,584,500
2026-09-10 23:00:00,76810.1,76853.4,76436.6,76510.9,1326,500
2026-09-11 00:00:00,76511.9,76911.7,76501.1,76860.7,1798,500
2026-09-11 01:00:00,76859.7,76980.6,76629.8,76912.6,1206,500
2026-09-11 02:00:00,76912.7,76988.5,76720.1,76816.1,970,500
2026-09-11 03:00:00,76815.0,76869.9,76651.6,76861.6,975,500
2026-09-11 04:00:00,76833.7,77169.2,76832.6,77083.1,1098,500
2026-09-11 05:00:00,77082.5,77227.4,77013.8,77195.3,435,500
2026-09-11 06:00:00,77196.5,77407.3,77127.6,77251.9,573,500
2026-09-11 07:00:00,77247.3,77382.4,77169.6,77197.9,240,500
2026-09-11 08:00:00,77197.6,77474.4,77086.8,77308.1,617,501
2026-09-11 09:00:00,77310.6,77347.3,76828.7,77012.0,385,500
2026-09-11 10:00:00,77009.8,77138.5,76911.1,76967.8,804,500
2026-09-11 11:00:00,76964.4,77016.8,76703.0,77001.4,943,500
2026-09-11 12:00:00,76972.6,78092.4,76026.8,77971.4,3242,510
2026-09-11 13:00:00,77999.1,79294.7,77221.2,79214.4,3065,500
2026-09-11 14:00:00,79217.0,79854.9,78471.5,78774.3,2724,501
2026-09-11 15:00:00,78775.5,78818.3,77293.8,77701.8,1787,500
2026-09-11 16:00:00,77701.0,78045.7,77371.2,77895.3,1653,500
2026-09-11 17:00:00,77900.7,77948.4,77459.7,77495.8,772,500
2026-09-11 18:00:00,77508.1,77527.6,76846.7,77035.9,1534,500
2026-09-11 19:00:00,77033.4,77351.2,76959.9,77245.8,925,500
2026-09-11 20:00:00,77266.7,77464.3,77161.8,77312.5,759,500
2026-09-11 21:00:00,77310.6,77412.5,77063.7,77101.4,295,534
2026-09-11 22:00:00,77041.1,77222.4,76955.2,77127.8,458,1077
2026-09-11 23:00:00,77125.9,77212.8,77103.0,77210.3,241,500
2026-09-12 00:00:00,77208.8,77309.8,77190.5,77275.9,166,508
2026-09-12 01:00:00,77275.0,77370.8,77243.4,77255.6,179,500
2026-09-12 02:00:00,77259.6,77310.8,77184.8,77273.2,153,566
2026-09-12 03:00:00,77266.3,77329.8,77166.2,77258.2,135,518
2026-09-12 04:00:00,77259.0,77303.9,77149.5,77211.3,131,510
2026-09-12 05:00:00,77212.4,77248.7,77152.6,77201.6,130,536
2026-09-12 06:00:00,77200.4,77343.0,77120.9,77278.0,96,619
2026-09-12 07:00:00,77282.1,77337.5,77194.6,77255.5,99,603
2026-09-12 08:00:00,77259.8,77357.4,77227.1,77344.0,115,535
2026-09-12 09:00:00,77344.4,77371.1,77249.1,77338.6,124,582
2026-09-12 10:00:00,77342.4,77384.2,77266.2,77316.5,91,660
2026-09-12 11:00:00,77317.4,77348.1,77206.0,77345.4,96,576
2026-09-12 12:00:00,77345.1,77352.4,77226.9,77322.4,128,704
2026-09-12 13:00:00,77320.6,77384.2,77198.7,77352.9,154,503
2026-09-12 14:00:00,77353.3,77490.6,77283.9,77447.5,98,693
2026-09-12 15:00:00,77454.3,77470.3,77295.2,77365.7,118,572
2026-09-12 16:00:00,77298.8,77405.2,77266.2,77346.6,114,1299
2026-09-12 17:00:00,77349.5,77387.4,77154.4,77196.6,114,767
2026-09-12 18:00:00,77196.0,77207.6,77071.6,77126.4,126,544
2026-09-12 19:00:00,77128.0,77175.2,77031.2,77108.9,127,521
2026-09-12 20:00:00,77110.8,77207.4,77077.1,77152.0,111,626
2026-09-12 21:00:00,77081.6,77261.1,77081.2,77241.0,154,999
2026-09-12 22:00:00,77175.6,77288.3,77118.2,77214.1,131,589
2026-09-12 23:00:00,77214.3,77281.2,77163.6,77263.1,92,561
2026-09-13 00:00:00,77262.8,77292.2,77145.2,77254.9,133,699
2026-09-13 01:00:00,77206.8,77327.2,77156.9,77234.4,104,619
2026-09-13 02:00:00,77305.0,77305.0,77155.0,77277.3,92,622
2026-09-13 03:00:00,77272.4,77303.7,77101.9,77181.6,101,794
2026-09-13 04:00:00,77182.0,77244.2,77123.3,77197.2,92,644
2026-09-13 05:00:00,77198.3,77307.5,77137.0,77295.8,84,713
2026-09-13 06:00:00,77246.8,77305.1,77043.1,77104.3,137,1097
2026-09-13 07:00:00,77100.1,77160.6,77024.5,77104.0,136,657
2026-09-13 08:00:00,77103.5,77158.4,76728.2,76788.1,269,523
2026-09-13 09:00:00,76783.4,76878.2,76541.0,76778.1,314,500
2026-09-13 10:00:00,76773.8,76791.9,76605.1,76654.9,161,660
2026-09-13 11:00:00,76653.5,76779.7,76481.9,76765.5,266,500
2026-09-13 12:00:00,76765.7,76844.4,76663.8,76737.2,168,517
2026-09-13 13:00:00,76731.3,76899.8,76533.5,76828.7,258,509
2026-09-13 14:00:00,76835.2,77234.2,76822.9,77183.8,302,500
2026-09-13 15:00:00,77186.0,77186.0,76988.0,77110.2,244,500
2026-09-13 16:00:00,77110.1,77338.8,77106.1,77260.2,250,500
2026-09-13 17:00:00,77261.9,77396.1,77178.9,77298.3,179,500
2026-09-13 18:00:00,77297.1,77363.0,77247.2,77247.2,143,500
2026-09-13 19:00:00,77319.9,77392.4,77149.7,77260.3,141,552
2026-09-13 20:00:00,77266.5,77345.7,77181.7,77321.5,119,542
2026-09-13 21:00:00,77321.6,77427.0,77264.8,77278.8,163,554
2026-09-13 22:00:00,77273.0,77273.0,76622.2,76667.7,1449,612
2026-09-13 23:00:00,76664.9,76843.6,76581.4,76805.1,1126,500
2026-09-14 00:00:00,76808.9,77059.2,76350.2,76743.0,1743,500
2026-09-14 01:00:00,76747.6,77136.3,76588.7,77052.8,1550,500
2026-09-14 02:00:00,77052.6,77682.8,76958.1,77572.1,1825,500
2026-09-14 03:00:00,77579.1,77835.5,77444.0,77561.8,1304,500
2026-09-14 04:00:00,77561.6,77669.9,77481.2,77645.9,947,500
2026-09-14 05:00:00,77645.4,77658.7,77438.6,77573.1,420,500
2026-09-14 06:00:00,77575.0,77857.5,77326.7,77559.9,1058,500
2026-09-14 07:00:00,77530.4,77859.4,77466.6,77857.3,914,500
2026-09-14 08:00:00,77825.3,77949.7,77607.3,77702.4,905,500
2026-09-14 09:00:00,77697.4,78342.9,77550.9,78116.6,1364,500
2026-09-14 10:00:00,78101.1,78140.5,77850.0,77870.2,616,500
2026-09-14 11:00:00,77867.3,77898.3,77642.5,77754.9,700,500
2026-09-14 12:00:00,77749.9,78052.4,77567.0,77665.0,1251,500
2026-09-14 13:00:00,77639.7,78450.8,77411.5,78145.3,2733,500
2026-09-14 14:00:00,78149.8,78681.8,78119.4,78495.1,1935,500
2026-09-14 15:00:00,78495.0,78660.7,78258.7,78549.8,1484,517
2026-09-14 16:00:00,78549.7,78889.4,78389.9,78754.5,1266,500
2026-09-14 17:00:00,78754.4,79029.7,78693.5,78932.8,842,500
2026-09-14 18:00:00,78932.9,79321.0,78818.8,79213.9,1048,500
2026-09-14 19:00:00,79211.5,79232.4,78937.5,78979.3,898,500
2026-09-14 20:00:00,78956.9,79586.7,78948.4,79059.4,1208,500
2026-09-14 21:00:00,79078.0,79103.7,78710.9,78718.9,1114,500
2026-09-14 22:00:00,78744.4,78838.7,78473.4,78535.6,877,500
2026-09-14 23:00:00,78535.4,78558.5,78105.8,78171.5,450,500
2026-09-15 00:00:00,78179.1,78230.6,77911.0,77943.8,667,500
2026-09-15 01:00:00,77918.2,78059.1,77725.5,77894.1,804,500
2026-09-15 02:00:00,77875.4,78004.4,77754.1,77883.6,572,500
2026-09-15 03:00:00,77883.0,77883.2,77615.6,77615.6,443,500
2026-09-15 04:00:00,77639.8,77720.1,77502.6,77543.9,496,500
2026-09-15 05:00:00,77545.0,77646.3,77274.9,77604.0,781,500
2026-09-15 06:00:00,77604.8,77706.0,77165.6,77260.9,467,500
2026-09-15 07:00:00,77256.9,77284.9,76819.0,76894.9,816,500
2026-09-15 08:00:00,76868.3,76970.0,76634.8,76962.4,1523,500
2026-09-15 09:00:00,76962.1,77030.2,76804.3,76947.9,1069,500
2026-09-15 10:00:00,76949.7,77140.5,76822.2,77018.7,889,500
2026-09-15 11:00:00,77019.4,77185.2,76792.3,76900.4,763,500
2026-09-15 12:00:00,76900.7,77103.3,76802.8,76920.7,1116,500
2026-09-15 13:00:00,76919.1,77101.3,76071.0,76574.0,2705,500
2026-09-15 14:00:00,76575.3,76653.1,75536.5,75857.8,2878,500
2026-09-15 15:00:00,75887.0,76557.6,75753.7,76467.9,2431,500
2026-09-15 16:00:00,76468.7,76533.5,76195.8,76331.7,1387,500
2026-09-15 17:00:00,76331.2,77293.1,76119.9,76913.8,1485,500
2026-09-15 18:00:00,76908.9,77155.9,74890.0,75901.4,3867,501
2026-09-15 19:00:00,75948.1,76256.4,75737.5,76126.3,2562,500
2026-09-15 20:00:00,76126.3,76184.7,75537.4,75876.8,1264,500
2026-09-15 21:00:00,75875.4,75906.4,75317.1,75395.5,864,500
2026-09-15 22:00:00,75394.4,75694.4,75078.0,75613.0,1382,506
2026-09-15 23:00:00,75618.5,75893.7,75493.7,75587.7,876,500
2026-09-16 00:00:00,75568.0,75859.7,75510.0,75713.9,853,500
2026-09-16 01:00:00,75712.9,75904.4,75385.5,75437.0,1014,500
2026-09-16 02:00:00,75437.8,76039.0,75403.8,75824.4,963,500
2026-09-16 03:00:00,75830.9,76020.3,75690.2,75759.8,707,500
2026-09-16 04:00:00,75759.7,75962.6,75732.3,75801.4,557,500
2026-09-16 05:00:00,75781.5,75920.4,75612.7,75902.8,593,500
2026-09-16 06:00:00,75905.2,75979.4,75736.2,75965.8,538,500
2026-09-16 07:00:00,75964.4,76034.0,75657.4,75698.5,701,500
2026-09-16 08:00:00,75698.5,75698.5,75269.0,75672.5,961,500
2026-09-16 09:00:00,75672.4,75925.9,75638.0,75924.8,703,500
2026-09-16 10:00:00,75921.3,75981.2,75819.8,75882.9,435,500
2026-09-16 11:00:00,75858.7,76246.5,75800.2,76179.7,962,500
2026-09-16 12:00:00,76174.6,76235.4,75713.0,75903.1,882,500
2026-09-16 13:00:00,75876.0,75901.0,75504.9,75585.5,1992,500
2026-09-16 14:00:00,75584.9,75767.3,75342.6,75643.3,1980,500
2026-09-16 15:00:00,75611.3,75881.8,75473.9,75734.1,1811,500
2026-09-16 16:00:00,75749.6,75833.5,75574.4,75701.8,1216,500
2026-09-16 17:00:00,75709.7,75856.2,75278.8,75673.7,1302,500
2026-09-16 18:00:00,75666.7,76497.7,74965.5,75564.4,5046,505
2026-09-16 19:00:00,75571.1,76111.7,75174.6,76006.3,3192,500
2026-09-16 20:00:00,76001.6,76346.6,75933.8,76105.8,1063,503
2026-09-16 21:00:00,76081.5,76155.1,75849.3,75911.0,514,500
2026-09-16 22:00:00,75910.2,75934.2,75570.9,75624.1,952,518
2026-09-16 23:00:00,75592.9,76220.1,75565.7,76149.4,983,500
2026-09-17 00:00:00,76155.8,76441.5,76106.7,76273.3,1111,500
2026-09-17 01:00:00,76275.1,76714.0,76134.4,76303.2,1456,500
2026-09-17 02:00:00,76302.9,76430.9,75985.6,76314.4,1045,500
2026-09-17 03:00:00,76316.0,76468.5,76281.5,76370.2,743,500
2026-09-17 04:00:00,76372.6,76524.3,76093.0,76476.8,665,500
2026-09-17 05:00:00,76458.6,76564.1,76219.0,76256.6,662,500
2026-09-17 06:00:00,76221.8,76531.8,76212.9,76407.8,616,500
2026-09-17 07:00:00,76405.1,76609.8,76337.3,76392.2,634,500
2026-09-17 08:00:00,76393.7,76524.2,76292.3,76506.8,549,500
2026-09-17 09:00:00,76503.7,76702.9,76393.5,76406.8,656,500
2026-09-17 10:00:00,76401.8,76408.0,76178.4,76339.9,568,500
2026-09-17 11:00:00,76343.4,76417.3,76083.5,76412.5,662,500
2026-09-17 12:00:00,76410.4,77095.5,76322.1,76666.1,1774,500
2026-09-17 13:00:00,76668.0,76819.8,75927.6,76617.8,2192,500
2026-09-17 14:00:00,76622.3,76989.7,76309.9,76427.9,2293,500
2026-09-17 15:00:00,76433.8,76794.8,76182.2,76713.4,1694,500
2026-09-17 16:00:00,76713.8,76747.2,76436.3,76692.5,1128,500
2026-09-17 17:00:00,76669.6,76911.5,76493.4,76605.9,1080,500
2026-09-17 18:00:00,76605.4,76727.7,76384.6,76507.8,712,500
2026-09-17 19:00:00,76501.3,76624.5,76414.2,76533.0,633,500
2026-09-17 20:00:00,76533.3,76674.0,76419.0,76503.7,423,500
2026-09-17 21:00:00,76504.2,76560.8,76332.8,76348.9,272,500
2026-09-17 22:00:00,76331.2,76404.8,76170.5,76337.6,517,500
2026-09-17 23:00:00,76338.3,76452.3,76302.5,76354.1,461,500
2026-09-18 00:00:00,76326.7,76531.9,76213.6,76530.0,561,500
2026-09-18 01:00:00,76533.0,76706.7,76438.3,76643.0,691,500
2026-09-18 02:00:00,76673.3,76974.3,76555.8,76913.1,700,500
2026-09-18 03:00:00,76915.8,77534.8,76892.7,77314.5,1184,500
2026-09-18 04:00:00,77315.4,77505.1,77129.6,77484.6,845,500
2026-09-18 05:00:00,77517.7,77653.8,77358.1,77401.2,1108,500
2026-09-18 06:00:00,77399.0,77610.4,77330.5,77534.0,737,500
2026-09-18 07:00:00,77534.0,77785.4,77483.4,77738.8,1216,500
2026-09-18 08:00:00,77740.4,78207.9,77586.6,78193.9,1209,503
2026-09-18 09:00:00,78168.5,78414.3,77933.7,78152.1,1195,500
2026-09-18 10:00:00,78145.5,78306.3,78023.9,78223.2,669,500
2026-09-18 11:00:00,78212.8,78365.6,77942.8,77992.4,950,500
2026-09-18 12:00:00,77993.3,78119.8,77895.8,77980.8,819,500
2026-09-18 13:00:00,77977.0,80453.2,77901.1,80016.3,2730,500
2026-09-18 14:00:00,80017.2,80939.2,79997.1,80905.6,2755,500
2026-09-18 15:00:00,80906.5,81106.0,80464.8,80691.5,1805,500
2026-09-18 16:00:00,80691.0,81233.6,80630.3,80817.9,1391,500
2026-09-18 17:00:00,80836.9,80991.0,80535.5,80973.0,1289,500
2026-09-18 18:00:00,80983.8,81124.5,80753.9,80891.2,1311,500
2026-09-18 19:00:00,80922.9,81370.9,80866.8,81187.6,1340,500
2026-09-18 20:00:00,81191.5,81221.0,80917.6,81101.6,752,500
2026-09-18 21:00:00,81105.0,81287.2,81074.5,81216.4,377,502
2026-09-18 22:00:00,81158.6,81358.9,81059.7,81123.5,336,1089
2026-09-18 23:00:00,81125.7,81192.2,80839.4,80873.7,385,500
2026-09-19 00:00:00,80877.5,81654.0,80821.9,81652.3,550,500
2026-09-19 01:00:00,81656.1,81715.3,81029.4,81260.3,634,500
2026-09-19 02:00:00,81272.3,81426.6,81226.7,81275.8,360,500
2026-09-19 03:00:00,81273.5,81386.7,81045.8,81105.1,219,500
2026-09-19 04:00:00,81104.4,81207.5,80895.9,80999.6,294,500
2026-09-19 05:00:00,80999.1,81129.6,80952.4,81021.2,314,530
2026-09-19 06:00:00,81021.1,81078.1,80834.9,81023.2,312,1244
2026-09-19 07:00:00,81023.4,81222.3,80938.5,81067.3,280,500
2026-09-19 08:00:00,81073.8,81385.1,81038.4,81293.9,451,500
2026-09-19 09:00:00,81294.2,81505.2,81225.8,81301.2,411,500
2026-09-19 10:00:00,81295.1,81312.1,81177.1,81197.4,273,500
2026-09-19 11:00:00,81191.4,81357.9,81184.3,81282.6,211,500
2026-09-19 12:00:00,81284.4,81341.3,81182.6,81306.8,217,528
2026-09-19 13:00:00,81307.7,81335.9,81146.7,81321.3,283,501
2026-09-19 14:00:00,81319.8,81608.7,81290.1,81555.0,389,510
2026-09-19 15:00:00,81550.9,81917.5,81533.4,81619.7,539,500
2026-09-19 16:00:00,81621.0,81886.2,81444.7,81809.2,432,500
2026-09-19 17:00:00,81810.6,81827.3,81418.4,81436.0,477,501
2026-09-19 18:00:00,81434.5,81521.8,81308.1,81415.1,370,500
2026-09-19 19:00:00,81419.1,81443.0,81237.8,81338.1,191,500
2026-09-19 20:00:00,81337.7,81409.5,81049.8,81128.9,221,500
2026-09-19 21:00:00,81129.1,81208.3,80878.1,81068.6,377,500
2026-09-19 22:00:00,80998.6,81238.8,80935.4,81232.7,276,516
2026-09-19 23:00:00,81233.1,81341.1,81187.6,81232.7,177,500
2026-09-20 00:00:00,81235.5,81302.9,81180.8,81259.2,212,500
2026-09-20 01:00:00,81257.6,81278.7,80998.5,81073.9,222,500
2026-09-20 02:00:00,81070.9,81135.5,80229.4,80306.3,510,526
2026-09-20 03:00:00,80305.2,80495.1,80100.6,80459.9,707,500
2026-09-20 04:00:00,80460.1,80510.2,80285.9,80398.6,409,500
2026-09-20 05:00:00,80405.8,80604.6,80382.1,80462.6,386,500
2026-09-20 06:00:00,80456.3,80581.1,80190.2,80280.9,427,500
2026-09-20 07:00:00,80281.5,80395.6,80251.7,80282.2,276,500
2026-09-20 08:00:00,80281.9,80428.3,80141.4,80229.7,259,500
2026-09-20 09:00:00,80225.5,80553.4,80222.1,80436.1,213,568
2026-09-20 10:00:00,80440.7,80486.4,80266.1,80289.3,250,500
2026-09-20 11:00:00,80284.9,80499.1,80250.4,80453.2,284,500
2026-09-20 12:00:00,80450.2,80502.6,80296.1,80459.4,281,500
2026-09-20 13:00:00,80460.1,80616.5,80395.8,80537.9,268,500
2026-09-20 14:00:00,80538.1,80753.6,80390.1,80648.2,352,501
2026-09-20 15:00:00,80649.4,80939.6,80634.5,80879.6,584,500
2026-09-20 16:00:00,80888.9,81464.9,80779.7,81307.2,993,500
2026-09-20 17:00:00,81310.0,81432.5,81046.1,81129.2,652,500
2026-09-20 18:00:00,81129.1,81297.9,81002.8,81017.0,392,500
2026-09-20 19:00:00,81016.7,81277.9,81016.7,81160.0,290,500
2026-09-20 20:00:00,81165.4,81213.1,81051.9,81069.8,275,500
2026-09-20 21:00:00,81070.6,81070.6,80569.7,80918.6,564,500
2026-09-20 22:00:00,80855.1,81273.8,80729.9,81180.5,1468,527
2026-09-20 23:00:00,81198.7,81314.4,81089.4,81135.2,1031,500
2026-09-21 00:00:00,81163.5,81824.7,81127.1,81588.7,2206,500
2026-09-21 01:00:00,81584.6,82076.9,80833.9,80973.4,1715,500
2026-09-21 02:00:00,80971.9,81488.6,80916.5,81290.8,1182,500
2026-09-21 03:00:00,81289.3,81554.7,81198.2,81408.3,952,500
2026-09-21 04:00:00,81409.2,81485.4,81196.8,81374.0,479,500
2026-09-21 05:00:00,81369.9,81770.1,81272.6,81535.2,701,500
2026-09-21 06:00:00,81544.0,81857.4,81378.9,81623.0,743,500
2026-09-21 07:00:00,81623.7,81707.7,81430.3,81703.1,734,500
2026-09-21 08:00:00,81701.8,84168.2,81699.1,83731.2,2699,500
2026-09-21 09:00:00,83726.6,85254.9,83655.4,84615.3,2602,500
2026-09-21 10:00:00,84615.2,84792.4,84094.8,84412.2,1420,500
2026-09-21 11:00:00,84412.0,84891.8,84366.6,84868.8,872,500
2026-09-21 12:00:00,84866.9,85403.2,84780.1,85295.9,2266,500
2026-09-21 13:00:00,85294.7,85815.5,84735.1,85438.2,2389,500
2026-09-21 14:00:00,85407.0,86106.1,85005.5,85826.8,2472,500
2026-09-21 15:00:00,85822.9,86330.2,85759.9,85923.3,1710,500
2026-09-21 16:00:00,85919.8,86112.3,85596.8,85954.4,1180,500
2026-09-21 17:00:00,85953.7,86108.5,85676.9,85893.6,996,500
2026-09-21 18:00:00,85895.5,86074.5,85791.4,86056.5,701,500
2026-09-21 19:00:00,86059.7,86884.4,85959.9,86484.0,1346,500
2026-09-21 20:00:00,86462.8,87377.9,86462.8,86980.7,1607,500
2026-09-21 21:00:00,86979.1,86980.7,86507.0,86556.3,899,500
2026-09-21 22:00:00,86541.4,86735.5,86256.7,86426.2,1346,500
2026-09-21 23:00:00,86409.4,86679.4,86318.7,86591.0,676,500
2026-09-22 00:00:00,86591.2,86605.7,85829.0,85858.6,1184,500
2026-09-22 01:00:00,85870.7,85952.9,85374.7,85595.5,1394,500
2026-09-22 02:00:00,85594.3,85849.3,85366.5,85693.6,1045,500
2026-09-22 03:00:00,85683.0,85732.7,85280.0,85649.5,880,500
2026-09-22 04:00:00,85647.4,85711.3,85397.8,85435.4,652,500
2026-09-22 05:00:00,85439.5,85576.1,85084.3,85386.1,1185,500
2026-09-22 06:00:00,85352.0,85551.0,85212.8,85352.0,775,500
2026-09-22 07:00:00,85347.2,85480.3,85135.5,85329.4,668,500
2026-09-22 08:00:00,85329.5,86336.5,85303.5,86190.6,1287,500
2026-09-22 09:00:00,86188.7,86246.0,85652.8,86229.7,1203,500
2026-09-22 10:00:00,86231.0,86237.4,85719.8,85866.8,840,500
2026-09-22 11:00:00,85862.9,86116.2,85741.5,85964.1,822,500
2026-09-22 12:00:00,85964.9,86158.7,85745.0,86005.6,1137,500
2026-09-22 13:00:00,86006.6,86343.7,85553.8,86319.6,1627,500
2026-09-22 14:00:00,86293.2,86411.7,85446.1,86229.2,2046,501
2026-09-22 15:00:00,86234.8,86685.7,86100.9,86405.0,1164,500
2026-09-22 16:00:00,86404.5,86584.2,86049.9,86417.0,973,500
2026-09-22 17:00:00,86420.1,86656.0,86246.7,86570.5,806,500
2026-09-22 18:00:00,86574.8,86645.8,86235.3,86460.1,668,500
2026-09-22 19:00:00,86459.4,86591.0,86138.3,86199.7,716,500
2026-09-22 20:00:00,86201.0,86382.1,86128.6,86268.2,376,500
2026-09-22 21:00:00,86255.9,86347.6,86170.2,86179.3,280,500
2026-09-22 22:00:00,86183.4,86284.3,85982.0,86116.1,508,500
2026-09-22 23:00:00,86116.8,86505.2,86080.6,86194.4,665,500
2026-09-23 00:00:00,86193.0,86574.3,86113.0,86450.1,781,500
2026-09-23 01:00:00,86435.6,86828.0,86154.2,86354.9,828,500
2026-09-23 02:00:00,86351.0,86619.4,86231.2,86531.2,708,500
2026-09-23 03:00:00,86530.7,86940.9,86398.3,86690.4,660,500
2026-09-23 04:00:00,86691.3,87269.5,86607.4,87150.1,865,500
2026-09-23 05:00:00,87152.9,87154.7,86403.1,86481.1,661,500
2026-09-23 06:00:00,86486.3,86598.3,86345.3,86453.0,410,500
2026-09-23 07:00:00,86452.5,86452.5,85982.9,86120.4,698,500
2026-09-23 08:00:00,86129.4,86263.1,85679.0,85892.8,655,500
2026-09-23 09:00:00,85893.3,86006.2,85717.3,85839.5,504,500
2026-09-23 10:00:00,85840.9,85912.3,85630.0,85889.1,615,500
2026-09-23 11:00:00,85903.0,85955.6,85419.2,85630.5,878,500
2026-09-23 12:00:00,85631.9,85661.1,85242.7,85476.5,948,500
2026-09-23 13:00:00,85472.3,85861.2,85253.8,85776.0,1465,500
2026-09-23 14:00:00,85774.9,85918.9,83839.2,84516.9,2931,500
2026-09-23 15:00:00,84517.0,84780.2,83941.4,83992.6,1489,500
2026-09-23 16:00:00,83990.7,84348.1,83501.1,84026.4,1688,500
2026-09-23 17:00:00,84028.0,84377.8,83694.2,84305.9,1389,500
2026-09-23 18:00:00,84310.3,84399.1,84104.8,84303.3,753,500
2026-09-23 19:00:00,84284.8,84555.2,84187.9,84490.7,692,500
2026-09-23 20:00:00,84506.8,84558.7,84192.8,84226.5,474,500
2026-09-23 21:00:00,84226.6,84499.4,84188.2,84402.4,451,500
2026-09-23 22:00:00,84404.5,84653.6,84313.1,84551.3,577,500
2026-09-23 23:00:00,84541.2,84556.3,84312.0,84374.4,391,500
2026-09-24 00:00:00,84373.8,84478.3,84196.1,84298.4,593,500
2026-09-24 01:00:00,84298.3,84454.0,84038.6,84087.8,728,500
2026-09-24 02:00:00,84096.2,84356.8,83720.4,84346.1,920,500
2026-09-24 03:00:00,84347.3,84467.7,83824.9,83920.4,627,500
2026-09-24 04:00:00,83922.1,84042.7,83747.2,84020.8,676,500
2026-09-24 05:00:00,84020.6,84387.3,83935.4,83964.1,883,500
2026-09-24 06:00:00,83962.3,84215.0,83888.7,84091.7,811,500
2026-09-24 07:00:00,84076.2,84589.2,83920.3,84499.9,983,500
2026-09-24 08:00:00,84504.9,84605.4,83256.4,83632.3,1312,500
2026-09-24 09:00:00,83610.3,83715.5,82862.1,83239.8,1626,500
2026-09-24 10:00:00,83235.7,83540.2,83107.8,83490.4,1173,500
2026-09-24 11:00:00,83489.7,83578.5,83360.1,83463.7,1115,501
2026-09-24 12:00:00,83451.8,83645.9,83291.1,83577.4,1072,500
2026-09-24 13:00:00,83577.9,84313.5,83563.4,84229.5,1758,500
2026-09-24 14:00:00,84223.3,84898.1,83353.0,83639.2,1964,500
2026-09-24 15:00:00,83634.1,84444.5,83468.1,84392.5,1750,506
2026-09-24 16:00:00,84400.3,84899.6,83998.0,84468.5,2002,500
2026-09-24 17:00:00,84444.1,84532.3,83982.0,84072.7,1359,500
2026-09-24 18:00:00,84083.0,84518.6,83852.7,84446.6,1093,500
2026-09-24 19:00:00,84450.9,84633.2,84243.0,84381.8,1076,500
2026-09-24 20:00:00,84387.2,84460.7,84137.7,84348.3,642,500
2026-09-24 21:00:00,84349.5,84479.5,84260.3,84318.7,312,500
2026-09-24 22:00:00,84315.0,84348.7,83929.4,84253.1,554,500
2026-09-24 23:00:00,84253.9,84445.1,84220.5,84380.8,429,500
2026-09-25 00:00:00,84381.1,84690.7,84368.3,84554.5,952,500
2026-09-25 01:00:00,84570.4,84776.4,84313.9,84589.1,898,500
2026-09-25 02:00:00,84567.8,84868.3,84142.8,84198.5,893,500
2026-09-25 03:00:00,84205.8,84361.2,84034.2,84192.2,683,500
2026-09-25 04:00:00,84215.1,84280.7,84032.9,84191.8,619,500
2026-09-25 05:00:00,84187.1,84332.9,84078.2,84179.4,570,500
2026-09-25 06:00:00,84175.3,84272.7,83907.1,84023.1,690,500
2026-09-25 07:00:00,84012.5,84084.2,83729.4,84020.0,668,500
2026-09-25 08:00:00,84021.7,84488.5,83991.2,84401.2,866,500
2026-09-25 09:00:00,84401.1,84834.8,84389.6,84558.5,599,500
2026-09-25 10:00:00,84554.1,84857.7,84366.8,84703.8,791,500
2026-09-25 11:00:00,84707.5,85243.8,84560.1,84569.0,1060,500
2026-09-25 12:00:00,84570.1,84686.6,83875.5,84424.9,1827,500
2026-09-25 13:00:00,84447.6,84552.4,83519.0,83902.0,1925,500
2026-09-25 14:00:00,83905.5,84019.4,83141.3,83998.5,2482,500
2026-09-25 15:00:00,83994.4,84079.5,83338.4,83783.7,1520,500
2026-09-25 16:00:00,83785.4,84098.6,83682.8,83728.1,1839,500
2026-09-25 17:00:00,83729.7,83969.3,83592.0,83765.9,867,500
2026-09-25 18:00:00,83774.5,84054.4,83749.3,83950.3,722,500
2026-09-25 19:00:00,83951.9,84053.5,83896.1,83996.4,718,500
2026-09-25 20:00:00,83996.6,84176.9,83811.4,83862.9,364,500
2026-09-25 21:00:00,83860.2,83908.2,83611.7,83780.5,304,500
2026-09-25 22:00:00,83722.8,84111.7,83717.1,84054.1,213,1022
2026-09-25 23:00:00,84054.7,84088.6,83997.4,84084.3,136,547
2026-09-26 00:00:00,84085.8,84124.9,83773.8,83896.4,248,500
2026-09-26 01:00:00,83892.5,84073.1,83880.5,84062.2,248,501
2026-09-26 02:00:00,84058.3,84124.6,83953.0,83996.7,187,505
2026-09-26 03:00:00,83995.2,84040.1,83857.5,83927.5,129,716
2026-09-26 04:00:00,83927.6,84033.8,83821.8,83965.1,149,534
2026-09-26 05:00:00,83966.1,83993.3,83817.2,83910.6,134,530
2026-09-26 06:00:00,83909.5,83960.4,83824.2,83878.9,118,551
2026-09-26 07:00:00,83883.0,84118.8,83883.0,84098.5,120,701
2026-09-26 08:00:00,84098.6,84313.6,83986.4,84191.2,184,510
2026-09-26 09:00:00,84191.3,84197.5,83936.8,84005.8,242,513
2026-09-26 10:00:00,84006.7,84169.7,84005.3,84163.4,158,547
2026-09-26 11:00:00,84161.7,84188.0,84095.9,84158.4,135,550
2026-09-26 12:00:00,84157.3,84182.4,83971.0,84032.3,145,500
2026-09-26 13:00:00,84031.4,84107.4,83841.1,83930.5,270,502
2026-09-26 14:00:00,83930.0,84034.8,83888.8,84006.3,139,529
2026-09-26 15:00:00,84013.0,84175.8,83976.6,84139.1,174,1302
2026-09-26 16:00:00,84140.5,84146.0,84029.3,84100.0,124,582
2026-09-26 17:00:00,84098.4,84125.5,83974.4,84122.0,153,500
2026-09-26 18:00:00,84121.9,84150.4,83923.2,83989.0,113,540
2026-09-26 19:00:00,83996.3,84037.3,83903.1,84001.9,114,539
2026-09-26 20:00:00,84003.0,84080.2,83816.5,84011.4,230,574
2026-09-26 21:00:00,84010.6,84241.3,84010.5,84072.5,167,519
2026-09-26 22:00:00,84139.7,84396.6,84137.5,84260.6,240,520
2026-09-26 23:00:00,84261.6,84445.9,84261.6,84420.9,255,500
2026-09-27 00:00:00,84422.3,84432.0,84173.2,84286.8,154,631
2026-09-27 01:00:00,84286.9,84558.4,84210.8,84471.8,201,554
2026-09-27 02:00:00,84473.2,84526.4,84366.8,84433.2,153,508
2026-09-27 03:00:00,84433.1,84500.6,84307.6,84372.7,131,552
2026-09-27 04:00:00,84371.6,84484.1,84234.3,84311.5,135,527
2026-09-27 05:00:00,84309.8,84621.2,84288.1,84455.4,193,592
2026-09-27 06:00:00,84453.7,84616.0,84422.3,84493.2,178,500
2026-09-27 07:00:00,84489.9,84770.0,84402.3,84766.1,245,568
2026-09-27 08:00:00,84765.3,84872.9,84677.9,84771.5,349,500
2026-09-27 09:00:00,84772.5,84940.6,84572.3,84933.2,331,505
2026-09-27 10:00:00,84928.7,85099.8,84780.5,84857.7,323,500
2026-09-27 11:00:00,84853.8,84929.4,84817.8,84879.0,228,500
2026-09-27 12:00:00,84877.2,85019.5,84776.0,84779.3,163,500
2026-09-27 13:00:00,84774.2,85144.0,84615.0,85013.8,563,500
2026-09-27 14:00:00,85014.5,85037.5,84426.7,84514.9,612,503
2026-09-27 15:00:00,84516.1,84624.9,84339.3,84445.6,579,500
2026-09-27 16:00:00,84446.5,84645.3,84350.4,84408.1,413,500
2026-09-27 17:00:00,84405.0,84554.8,84308.3,84551.0,228,500
2026-09-27 18:00:00,84546.3,84804.7,84518.0,84793.6,213,502
2026-09-27 19:00:00,84794.2,84823.1,84637.5,84714.2,209,508
2026-09-27 20:00:00,84714.9,84792.5,84521.2,84528.0,198,566
2026-09-27 21:00:00,84526.9,84704.7,84438.8,84666.3,243,500
2026-09-27 22:00:00,84664.7,84739.8,84104.0,84154.5,928,515
2026-09-27 23:00:00,84168.9,84519.9,84098.3,84455.8,919,500
2026-09-28 00:00:00,84457.4,84980.7,84117.3,84124.4,1724,500
2026-09-28 01:00:00,84122.9,84216.9,83586.0,83679.3,1305,500
2026-09-28 02:00:00,83673.9,83771.3,83366.5,83404.3,1046,500
2026-09-28 03:00:00,83409.0,83520.0,83174.4,83320.9,796,500
2026-09-28 04:00:00,83316.9,83501.3,83204.1,83449.1,540,500
2026-09-28 05:00:00,83470.3,83512.2,82664.4,83155.7,915,500
2026-09-28 06:00:00,83155.4,83272.2,83012.2,83107.7,855,500
2026-09-28 07:00:00,83109.5,83253.3,82852.9,82918.2,1596,500
2026-09-28 08:00:00,82890.5,83119.9,82722.9,82920.6,2139,500
2026-09-28 09:00:00,82919.1,82970.1,82539.5,82610.6,1651,500
2026-09-28 10:00:00,82612.1,83014.4,82612.1,82884.7,1204,500
2026-09-28 11:00:00,82884.4,83077.7,82884.4,83034.2,914,500
2026-09-28 12:00:00,83049.5,83607.4,82969.5,83536.1,1439,500
2026-09-28 13:00:00,83550.6,83797.8,83259.9,83619.2,1835,500
2026-09-28 14:00:00,83619.6,83619.6,82536.6,82995.4,1955,500
2026-09-28 15:00:00,83000.2,83371.0,82757.6,83339.9,1658,500
2026-09-28 16:00:00,83317.2,84158.0,83210.4,83693.2,1531,500
2026-09-28 17:00:00,83689.2,84338.8,83520.8,83838.2,1372,501
2026-09-28 18:00:00,83838.7,84018.6,83749.2,84006.6,867,500
2026-09-28 19:00:00,84009.0,84013.7,83072.0,83334.9,941,500
2026-09-28 20:00:00,83348.6,83574.7,83212.8,83479.8,816,500
2026-09-28 21:00:00,83501.6,83620.0,83153.5,83174.4,519,500
2026-09-28 22:00:00,83181.4,83504.5,83042.1,83484.3,542,500
2026-09-28 23:00:00,83477.2,83593.4,83385.3,83454.3,388,500
2026-09-29 00:00:00,83442.8,83576.5,83133.4,83144.8,588,500
2026-09-29 01:00:00,83141.1,83200.4,82732.3,83022.1,1138,500
2026-09-29 02:00:00,83021.8,83121.8,82844.0,82928.6,894,500
2026-09-29 03:00:00,82932.9,83175.8,82806.9,83033.4,631,500
2026-09-29 04:00:00,83033.7,83254.5,82978.6,83162.7,502,500
2026-09-29 05:00:00,83163.5,83389.6,82918.2,83389.6,681,500
2026-09-29 06:00:00,83390.0,83968.5,83367.0,83964.9,727,500
2026-09-29 07:00:00,83962.9,84153.6,83817.5,83942.2,598,500
2026-09-29 08:00:00,83944.6,84324.4,83755.6,83837.2,756,500
2026-09-29 09:00:00,83827.4,84281.7,83721.3,84215.0,553,500
2026-09-29 10:00:00,84213.3,84292.1,83935.8,83991.6,422,500
2026-09-29 11:00:00,83995.3,84458.7,83891.9,84314.9,690,500
2026-09-29 12:00:00,84316.9,84453.1,84080.7,84299.5,826,500
2026-09-29 13:00:00,84294.6,84516.3,83976.4,84173.2,1092,500
2026-09-29 14:00:00,84178.2,84263.8,83649.8,83717.3,1271,501
2026-09-29 15:00:00,83721.3,83721.3,82883.2,83049.6,1362,500
2026-09-29 16:00:00,83044.7,83269.6,82866.2,83029.7,1024,500
2026-09-29 17:00:00,83015.3,83190.4,82935.9,83046.2,818,500
2026-09-29 18:00:00,83068.9,83666.3,83068.9,83605.9,962,500
2026-09-29 19:00:00,83602.6,83660.8,83358.1,83562.9,642,500
2026-09-29 20:00:00,83545.6,83626.4,83455.3,83569.7,403,500
2026-09-29 21:00:00,83579.3,83582.0,83331.7,83439.5,355,500
2026-09-29 22:00:00,83412.8,83678.0,83412.8,83572.2,440,541
2026-09-29 23:00:00,83568.6,83811.1,83557.5,83624.2,368,500
2026-09-30 00:00:00,83624.6,83691.7,83299.9,83413.7,529,500
2026-09-30 01:00:00,83407.4,83513.3,83286.9,83403.9,532,500
2026-09-30 02:00:00,83404.9,83577.4,83244.3,83340.5,624,500
2026-09-30 03:00:00,83346.3,83386.1,83121.4,83265.6,446,500
2026-09-30 04:00:00,83263.4,83382.6,83149.0,83165.5,338,500
2026-09-30 05:00:00,83151.6,83479.5,83136.2,83343.7,483,500
2026-09-30 06:00:00,83343.5,83393.7,82932.4,83000.5,664,500
2026-09-30 07:00:00,83002.8,83427.0,82902.0,83252.2,640,500
2026-09-30 08:00:00,83251.0,83297.4,82970.8,83024.9,501,500
2026-09-30 09:00:00,83018.0,83766.3,82999.0,83591.5,852,500
2026-09-30 10:00:00,83592.5,83917.2,83580.7,83874.8,448,500
2026-09-30 11:00:00,83870.5,83941.0,83653.2,83875.2,545,500
2026-09-30 12:00:00,83876.1,85476.7,83706.8,85251.7,1674,500
2026-09-30 13:00:00,85250.3,85599.9,83985.8,84598.5,2048,500
2026-09-30 14:00:00,84584.4,84602.3,83316.9,83737.4,2193,500
2026-09-30 15:00:00,83742.3,84230.4,83618.7,84079.4,1171,500
2026-09-30 16:00:00,84084.2,84432.9,84062.3,84300.1,756,500
2026-09-30 17:00:00,84300.4,84375.5,83865.6,83981.7,719,500
2026-09-30 18:00:00,83975.8,84036.9,83739.0,83897.3,544,500
2026-09-30 19:00:00,83915.9,83926.0,83435.1,83553.1,612,500
2026-09-30 20:00:00,83537.0,83719.7,83446.8,83615.5,802,500
2026-09-30 21:00:00,83616.2,83765.2,83593.5,83705.0,305,500
2026-09-30 22:00:00,83662.8,83789.3,83515.4,83623.6,344,516
2026-09-30 23:00:00,83621.6,83774.4,83462.3,83558.1,449,500
2026-10-01 00:00:00,83546.2,83594.3,83359.5,83442.3,387,500
2026-10-01 01:00:00,83441.7,83632.7,83415.4,83452.0,428,500
2026-10-01 02:00:00,83449.9,83608.4,83341.2,83425.6,434,500
2026-10-01 03:00:00,83422.6,83717.3,83363.9,83696.3,551,500
2026-10-01 04:00:00,83705.2,84148.2,83635.7,84051.2,705,500
2026-10-01 05:00:00,84052.7,84313.4,83961.7,84217.9,515,500
2026-10-01 06:00:00,84223.9,84365.0,84054.2,84074.2,422,500
2026-10-01 07:00:00,84068.9,84175.7,83280.8,83370.4,1138,500
2026-10-01 08:00:00,83375.4,83528.3,83124.1,83512.9,874,500
2026-10-01 09:00:00,83507.8,83849.0,83492.7,83713.9,644,500
2026-10-01 10:00:00,83743.3,84052.5,83355.9,83930.0,708,500
2026-10-01 11:00:00,83931.0,84011.4,83729.1,83878.0,486,500
2026-10-01 12:00:00,83862.4,84025.7,83610.9,83707.4,550,500
2026-10-01 13:00:00,83706.7,83992.4,83415.4,83911.7,1400,500
2026-10-01 14:00:00,83907.4,84301.9,83510.4,84015.9,1875,501
2026-10-01 15:00:00,84016.6,84285.6,83774.5,84100.2,1209,500
2026-10-01 16:00:00,84096.9,84586.5,84011.6,84158.2,1166,500
2026-10-01 17:00:00,84134.1,85043.5,84134.1,84863.4,1496,500
2026-10-01 18:00:00,84866.3,85231.4,84615.5,84758.3,904,500
2026-10-01 19:00:00,84754.3,84855.0,84529.3,84638.3,603,500
2026-10-01 20:00:00,84631.6,84823.6,84518.9,84597.3,344,500
2026-10-01 21:00:00,84582.7,84658.0,84447.9,84507.8,249,500
2026-10-01 22:00:00,84508.7,84760.9,84504.0,84714.4,332,500
2026-10-01 23:00:00,84713.2,84873.2,84600.3,84843.3,259,500
2026-10-02 00:00:00,84838.7,84922.0,84663.3,84757.4,596,500
2026-10-02 01:00:00,84761.1,84961.9,84485.9,84873.5,568,500
2026-10-02 02:00:00,84875.5,85162.0,84812.9,85129.9,684,500
2026-10-02 03:00:00,85133.3,85534.5,85126.3,85464.2,865,500
2026-10-02 04:00:00,85481.3,86856.5,85409.2,86628.6,1540,501
2026-10-02 05:00:00,86624.1,86641.4,85848.9,85966.7,724,500
2026-10-02 06:00:00,85971.2,86072.7,85839.0,85959.1,676,500
2026-10-02 07:00:00,85955.8,86144.9,85725.8,86074.1,608,500
2026-10-02 08:00:00,86083.2,86598.6,86035.9,86223.8,818,500
2026-10-02 09:00:00,86225.9,86415.9,86086.0,86345.8,527,500
2026-10-02 10:00:00,86347.9,86482.5,86143.9,86270.7,546,500
2026-10-02 11:00:00,86262.7,86553.0,86242.5,86405.3,405,500
2026-10-02 12:00:00,86403.5,87203.8,86283.5,86797.8,1502,500
2026-10-02 13:00:00,86800.1,87136.5,86445.5,86558.1,1492,500
2026-10-02 14:00:00,86559.2,86831.9,85372.6,85667.7,1745,500
2026-10-02 15:00:00,85671.3,85736.7,85133.1,85313.0,1352,500
2026-10-02 16:00:00,85314.5,85486.3,84991.7,85137.0,1104,500
2026-10-02 17:00:00,85132.7,85241.5,84473.9,84758.7,1035,500
2026-10-02 18:00:00,84740.5,84886.0,83834.7,84233.1,1126,500
2026-10-02 19:00:00,84232.8,84319.9,83947.3,84277.3,970,500
2026-10-02 20:00:00,84292.3,84511.8,84181.9,84433.4,628,500
2026-10-02 21:00:00,84424.0,84529.4,84398.8,84506.3,221,501
2026-10-02 22:00:00,84448.9,84543.4,84431.1,84540.7,194,1184
2026-10-02 23:00:00,84538.2,84553.7,84406.4,84497.9,112,613
2026-10-03 00:00:00,84499.2,84663.9,84413.4,84630.7,166,519
2026-10-03 01:00:00,84633.7,84706.7,84531.2,84623.4,139,547
2026-10-03 02:00:00,84623.7,84679.6,84524.7,84580.8,93,661
2026-10-03 03:00:00,84519.9,84676.9,84479.4,84676.9,92,1303
2026-10-03 04:00:00,84678.7,84709.8,84455.9,84508.7,103,586
2026-10-03 05:00:00,84508.7,84641.5,84473.5,84627.0,80,840
2026-10-03 06:00:00,84629.8,84661.1,84605.2,84607.0,35,500
2026-10-03 07:00:00,84616.0,84637.8,84501.8,84539.1,70,545
2026-10-03 08:00:00,84536.6,84629.6,84498.5,84598.1,93,575
2026-10-03 09:00:00,84597.1,84645.5,84499.9,84518.2,72,657
2026-10-03 10:00:00,84516.0,84621.9,84484.9,84615.5,71,843
2026-10-03 11:00:00,84614.8,84677.4,84555.1,84657.1,67,841
2026-10-03 12:00:00,84658.3,84907.8,84613.4,84864.7,175,613
2026-10-03 13:00:00,84871.1,84949.6,84735.8,84849.8,146,513
2026-10-03 14:00:00,84854.5,84854.5,84682.8,84836.5,112,563
2026-10-03 15:00:00,84835.5,84861.4,84723.9,84850.6,130,539
2026-10-03 16:00:00,84849.2,84859.7,84713.2,84848.0,98,567
2026-10-03 17:00:00,84848.4,84996.1,84800.7,84990.9,175,547
2026-10-03 18:00:00,84991.4,85016.3,84865.8,84924.9,115,515
2026-10-03 19:00:00,84924.7,84924.7,84685.2,84828.7,116,695
2026-10-03 20:00:00,84828.2,84896.0,84687.2,84734.3,116,563
2026-10-03 21:00:00,84734.4,84759.3,84538.1,84699.1,168,500
2026-10-03 22:00:00,84643.4,84789.4,84643.4,84755.5,129,567
2026-10-03 23:00:00,84761.0,84793.9,84680.1,84736.9,135,603
2026-10-04 00:00:00,84738.0,84855.7,84714.8,84779.4,140,569
2026-10-04 01:00:00,84782.3,84803.3,84651.6,84789.2,86,561
2026-10-04 02:00:00,84729.6,84856.4,84708.6,84789.7,101,1302
2026-10-04 03:00:00,84787.1,84876.1,84722.7,84824.0,83,703
2026-10-04 04:00:00,84823.7,84832.8,84733.9,84801.1,62,1303
2026-10-04 05:00:00,84801.4,84914.3,84739.9,84894.3,78,800
2026-10-04 06:00:00,84894.4,85057.0,84816.7,85009.6,135,699
2026-10-04 07:00:00,85010.7,85097.5,84851.4,85091.0,109,677
2026-10-04 08:00:00,85092.4,85180.7,85003.5,85088.3,157,508
2026-10-04 09:00:00,85087.5,85313.2,85036.0,85215.3,163,605
2026-10-04 10:00:00,85217.1,85411.8,85150.3,85254.5,176,509
2026-10-04 11:00:00,85253.4,85313.7,85188.5,85296.1,118,572
2026-10-04 12:00:00,85296.0,85376.3,85088.4,85107.0,165,500
2026-10-04 13:00:00,85108.8,85310.3,85048.6,85226.0,133,565
2026-10-04 14:00:00,85225.7,85271.1,85059.8,85268.7,138,552
2026-10-04 15:00:00,85211.2,85462.6,85211.2,85239.6,204,1320
2026-10-04 16:00:00,85239.9,85422.6,85147.8,85353.5,159,544
2026-10-04 17:00:00,85356.6,85442.4,85241.8,85297.2,142,555
2026-10-04 18:00:00,85312.2,85346.5,85231.3,85317.6,103,605
2026-10-04 19:00:00,85317.7,85557.9,85307.9,85408.9,170,654
2026-10-04 20:00:00,85411.0,85854.4,85316.9,85814.6,227,579
2026-10-04 21:00:00,85813.5,86045.2,85763.5,85841.2,371,500
2026-10-04 22:00:00,85845.4,86669.4,85779.8,86390.3,1206,578
2026-10-04 23:00:00,86394.5,86775.9,86359.0,86499.0,823,500
2026-10-05 00:00:00,86488.3,86692.9,86158.5,86628.2,876,500
2026-10-05 01:00:00,86636.2,86979.2,86439.7,86594.4,940,500
2026-10-05 02:00:00,86594.6,86711.5,86380.3,86479.1,689,500
2026-10-05 03:00:00,86483.4,86511.4,85971.5,86052.6,512,500
2026-10-05 04:00:00,86053.3,86110.1,85457.5,85500.6,981,500
2026-10-05 05:00:00,85491.5,85756.8,85372.5,85735.5,666,500
2026-10-05 06:00:00,85739.3,86337.7,85715.4,86226.1,769,500
2026-10-05 07:00:00,86215.3,86455.4,86094.2,86227.7,807,500
2026-10-05 08:00:00,86225.6,86466.4,86023.3,86191.5,731,500
2026-10-05 09:00:00,86189.5,86196.9,85738.8,85952.3,453,500
2026-10-05 10:00:00,85957.3,86188.6,85916.8,86091.3,437,500
2026-10-05 11:00:00,86090.8,86251.7,85884.2,86186.5,450,500
2026-10-05 12:00:00,86178.2,86186.0,85811.6,85867.7,447,500
2026-10-05 13:00:00,85867.3,86466.4,85786.5,86402.8,1409,500
2026-10-05 14:00:00,86395.6,86698.3,85420.5,85615.2,1666,500
2026-10-05 15:00:00,85611.4,85656.5,85168.8,85250.9,1096,500
2026-10-05 16:00:00,85236.9,85312.8,84952.8,85291.4,776,500
2026-10-05 17:00:00,85290.8,85429.9,85180.3,85419.8,364,500
2026-10-05 18:00:00,85406.7,85648.1,85311.7,85636.8,491,500
2026-10-05 19:00:00,85646.8,85786.7,85534.4,85695.6,415,500
2026-10-05 20:00:00,85700.4,85850.6,85626.2,85766.4,306,500
2026-10-05 21:00:00,85766.7,85980.8,85669.7,85933.6,341,500
2026-10-05 22:00:00,85872.8,86016.6,85815.6,85918.7,449,524
2026-10-05 23:00:00,85919.5,86054.9,85707.1,85746.2,380,500
2026-10-06 00:00:00,85751.0,85959.3,85738.2,85894.4,468,500
2026-10-06 01:00:00,85897.7,86117.8,85581.8,85645.2,626,500
2026-10-06 02:00:00,85659.6,85742.4,85417.6,85511.9,507,500
2026-10-06 03:00:00,85514.5,85587.9,85292.2,85471.2,396,500
2026-10-06 04:00:00,85488.0,85612.9,85475.3,85598.0,239,500
2026-10-06 05:00:00,85599.3,85727.2,85474.6,85495.2,305,500
2026-10-06 06:00:00,85491.2,85491.2,85099.9,85282.8,419,500
2026-10-06 07:00:00,85285.2,85608.5,85230.8,85531.9,406,500
2026-10-06 08:00:00,85527.1,86034.8,85523.1,85998.5,729,500
2026-10-06 09:00:00,86004.3,86182.9,85632.2,85963.0,874,500
2026-10-06 10:00:00,85959.2,86242.0,85906.8,86127.6,622,500
2026-10-06 11:00:00,86142.8,86355.1,86034.8,86231.0,473,500
2026-10-06 12:00:00,86231.5,86389.9,86084.2,86193.9,516,500
2026-10-06 13:00:00,86189.9,86473.3,85954.1,86300.1,1089,500
2026-10-06 14:00:00,86299.2,86616.0,85929.5,86570.6,1629,500
2026-10-06 15:00:00,86597.7,86687.6,85695.3,85695.3,981,500
2026-10-06 16:00:00,85697.5,85842.4,85553.9,85578.4,707,500
2026-10-06 17:00:00,85577.5,85738.3,85458.6,85710.4,350,500
2026-10-06 18:00:00,85711.7,85804.6,85482.7,85496.9,323,500
2026-10-06 19:00:00,85491.2,85671.3,85398.7,85602.8,335,500
2026-10-06 20:00:00,85591.3,85658.9,85551.6,85601.9,154,500
2026-10-06 21:00:00,85612.7,85617.0,85475.7,85604.1,188,500
2026-10-06 22:00:00,85540.8,85647.7,85457.0,85521.7,253,579
2026-10-06 23:00:00,85510.8,85602.0,85332.4,85538.4,322,500
2026-10-07 00:00:00,85536.7,85589.1,85381.4,85528.5,282,500
2026-10-07 01:00:00,85524.6,85524.6,84366.2,84366.2,433,500
2026-10-07 02:00:00,84359.8,84486.8,83550.6,83834.4,1796,501
2026-10-07 03:00:00,83841.4,84214.1,83822.9,84123.4,608,500
2026-10-07 04:00:00,84118.4,84188.5,83991.0,84072.0,456,500
2026-10-07 05:00:00,84073.7,84320.7,84040.6,84301.1,344,500
2026-10-07 06:00:00,84300.4,84355.1,84107.4,84199.3,331,500
2026-10-07 07:00:00,84199.2,84283.1,84060.0,84101.2,344,500
2026-10-07 08:00:00,84086.4,84146.7,83906.6,83921.3,555,500
2026-10-07 09:00:00,83925.2,83981.5,83612.1,83776.5,558,500
2026-10-07 10:00:00,83776.7,83905.3,83398.7,83695.6,927,500
2026-10-07 11:00:00,83695.7,83808.4,83491.2,83686.3,2191,500
2026-10-07 12:00:00,83687.5,83736.3,83366.8,83457.2,1820,501
2026-10-07 13:00:00,83458.3,83517.1,82721.9,83145.3,2251,500
2026-10-07 14:00:00,83148.7,83273.1,82881.0,82971.0,2505,500
2026-10-07 15:00:00,82967.1,83422.0,82764.9,83386.9,2225,503
2026-10-07 16:00:00,83414.7,83649.7,83290.2,83346.6,1951,500
2026-10-07 17:00:00,83344.1,83588.0,82991.0,83074.4,1957,500
2026-10-07 18:00:00,83074.2,83440.8,83073.7,83348.4,1822,505
2026-10-07 19:00:00,83348.5,83476.2,83245.5,83372.4,2115,500
2026-10-07 20:00:00,83372.9,83569.9,83267.8,83363.6,1535,501
2026-10-07 21:00:00,83395.5,83419.1,83064.6,83116.2,632,500
2026-10-07 22:00:00,83116.2,83290.5,83088.3,83198.7,455,500
2026-10-07 23:00:00,83195.1,83373.1,83064.6,83256.5,1187,500
2026-10-08 00:00:00,83254.4,83397.3,83148.0,83304.1,1433,500
2026-10-08 01:00:00,83304.0,83471.3,83022.1,83057.8,1858,500
2026-10-08 02:00:00,83032.4,83238.1,82857.7,83095.7,2178,500
2026-10-08 03:00:00,83095.9,83156.1,82585.6,82682.2,2624,510
2026-10-08 04:00:00,82682.3,82881.1,82161.2,82599.5,3173,501
2026-10-08 05:00:00,82573.4,82978.5,82499.8,82630.6,2310,500
2026-10-08 06:00:00,82624.9,82901.6,82435.6,82825.5,2051,500
2026-10-08 07:00:00,82825.4,83232.3,82637.6,82913.5,1879,500
2026-10-08 08:00:00,82918.8,83009.9,82711.6,82789.6,1915,500
2026-10-08 09:00:00,82793.1,83120.4,82751.7,83042.1,1917,500
2026-10-08 10:00:00,83040.8,83124.4,82511.4,82639.2,2049,500
2026-10-08 11:00:00,82638.8,82683.8,82239.6,82405.8,3519,500
2026-10-08 12:00:00,82436.4,82454.7,81895.6,82230.9,2652,500
2026-10-08 13:00:00,82234.6,82587.9,81690.0,82115.4,2674,500
2026-10-08 14:00:00,82119.9,82725.8,82039.5,82645.2,3235,500
2026-10-08 15:00:00,82637.2,82643.9,80884.6,80975.0,3788,500
2026-10-08 16:00:00,80965.4,81397.3,80717.6,80894.1,3857,514
2026-10-08 17:00:00,80869.1,80956.8,80299.3,80655.3,3477,500
2026-10-08 18:00:00,80655.7,81510.7,80449.3,81441.9,2735,500
