Datetime,Open,High,Low,Close,Volume,Spread
2025-10-08 19:00:00,24588.666,24627.166,24588.666,24616.777,60,2628
2025-10-08 20:00:00,24616.899,24621.799,24613.699,24621.055,15,7463
2025-10-08 22:00:00,24627.099,24634.099,24626.666,24632.299,54,7400
2025-10-08 23:00:00,24632.455,24647.899,24628.777,24641.877,60,7445
2025-10-09 00:00:00,24641.155,24641.188,24613.577,24617.555,58,7415
2025-10-09 01:00:00,24616.099,24618.066,24548.566,24574.588,59,3826
2025-10-09 02:00:00,24574.066,24591.699,24565.077,24574.588,59,3846
2025-10-09 03:00:00,24576.077,24591.555,24574.599,24587.088,58,3815
2025-10-09 04:00:00,24587.599,24616.055,24585.588,24605.566,58,3839
2025-10-09 05:00:00,24606.088,24643.599,24594.566,24635.599,59,3812
2025-10-09 06:00:00,24636.566,24674.188,24622.677,24664.299,60,2633
2025-10-09 07:00:00,24670.899,24706.777,24613.799,24618.788,60,1407
2025-10-09 08:00:00,24619.766,24640.788,24599.266,24633.299,60,1408
2025-10-09 09:00:00,24632.788,24684.899,24617.899,24663.777,60,1406
2025-10-09 10:00:00,24666.899,24692.799,24655.399,24682.299,60,1401
2025-10-09 11:00:00,24680.766,24773.299,24675.755,24747.255,60,1404
2025-10-09 12:00:00,24747.799,24756.766,24705.777,24720.277,60,1405
2025-10-09 13:00:00,24720.755,24723.766,24618.255,24630.788,60,1433
2025-10-09 14:00:00,24627.799,24680.766,24627.799,24663.766,60,1412
2025-10-09 15:00:00,24664.777,24685.288,24604.299,24649.166,60,1407
2025-10-09 16:00:00,24649.699,24660.799,24586.188,24586.688,60,2615
2025-10-09 17:00:00,24584.677,24616.699,24571.655,24616.199,60,2613
2025-10-09 18:00:00,24616.677,24617.655,24582.155,24596.677,60,2609
2025-10-09 19:00:00,24596.177,24628.177,24593.166,24615.255,60,2609
2025-10-09 20:00:00,24615.277,24618.399,24608.477,24609.655,15,7432
2025-10-09 22:00:00,24620.755,24629.788,24612.466,24627.666,53,7457
2025-10-09 23:00:00,24628.099,24637.288,24623.566,24637.288,59,7404
2025-10-10 00:00:00,24637.588,24658.699,24625.577,24656.199,59,7420
2025-10-10 01:00:00,24656.699,24665.066,24641.088,24659.199,60,3808
2025-10-10 02:00:00,24658.699,24661.599,24645.077,24646.066,55,3823
2025-10-10 03:00:00,24646.599,24659.555,24640.077,24648.599,57,3817
2025-10-10 04:00:00,24649.555,24658.699,24625.566,24630.555,56,3857
2025-10-10 05:00:00,24630.055,24645.077,24607.566,24645.077,58,3815
2025-10-10 06:00:00,24644.555,24679.199,24631.688,24645.788,60,2648
2025-10-10 07:00:00,24649.255,24691.766,24640.755,24666.399,60,1408
2025-10-10 08:00:00,24665.255,24683.788,24616.255,24638.299,60,1408
2025-10-10 09:00:00,24637.899,24640.899,24532.766,24537.788,60,1410
2025-10-10 10:00:00,24537.288,24602.288,24528.766,24595.299,60,1411
2025-10-10 11:00:00,24592.777,24622.899,24573.755,24621.766,60,1411
2025-10-10 12:00:00,24621.266,24628.777,24567.288,24594.755,60,1417
2025-10-10 13:00:00,24595.266,24627.788,24575.755,24596.766,60,1413
2025-10-10 14:00:00,24602.799,24616.899,24438.766,24485.777,60,1414
2025-10-10 15:00:00,24484.899,24484.899,24176.655,24283.699,60,1409
2025-10-10 16:00:00,24282.688,24329.688,24250.688,24262.188,60,2606
2025-10-10 17:00:00,24260.177,24282.188,24223.677,24259.188,60,2607
2025-10-10 18:00:00,24261.199,24268.677,24186.699,24195.799,60,2608
2025-10-10 19:00:00,24198.799,24227.655,24165.155,24171.255,60,2613
2025-10-12 22:00:00,24292.099,24319.166,24262.399,24271.699,55,7422
2025-10-12 23:00:00,24272.866,24310.499,24250.366,24305.455,60,7426
2025-10-13 00:00:00,24305.766,24377.399,24288.599,24359.577,59,7407
2025-10-13 01:00:00,24360.099,24399.566,24351.555,24397.599,59,3819
2025-10-13 02:00:00,24398.055,24418.066,24380.066,24386.066,59,3816
2025-10-13 03:00:00,24384.077,24399.699,24337.599,24345.699,60,3806
2025-10-13 04:00:00,24346.199,24364.066,24331.555,24350.577,58,3845
2025-10-13 05:00:00,24348.099,24399.699,24337.088,24394.066,59,3800
2025-10-13 06:00:00,24394.588,24409.199,24350.655,24381.799,60,2619
2025-10-13 07:00:00,24382.766,24449.288,24348.766,24387.788,60,1421
2025-10-13 08:00:00,24387.399,24397.266,24347.777,24386.788,60,1410
2025-10-13 09:00:00,24387.399,24399.788,24348.277,24368.399,60,1404
2025-10-13 10:00:00,24367.266,24380.788,24335.266,24348.266,60,1404
2025-10-13 11:00:00,24348.899,24377.755,24289.755,24314.899,60,1402
2025-10-13 12:00:00,24311.255,24346.755,24282.277,24308.777,60,1406
2025-10-13 13:00:00,24309.399,24338.755,24255.899,24325.288,60,1411
2025-10-13 14:00:00,24326.266,24368.399,24303.255,24342.277,60,1408
2025-10-13 15:00:00,24343.399,24401.666,24335.788,24393.299,60,1426
2025-10-13 16:00:00,24393.799,24416.688,24380.655,24414.177,60,2608
2025-10-13 17:00:00,24414.699,24423.166,24387.166,24397.666,60,2620
2025-10-13 18:00:00,24398.299,24424.655,24394.666,24398.799,60,2611
2025-10-13 19:00:00,24399.155,24433.688,24395.688,24426.288,60,2609
2025-10-13 20:00:00,24426.399,24431.899,24420.677,24422.588,15,7415
2025-10-13 22:00:00,24428.999,24434.677,24418.066,24433.399,56,7406
2025-10-13 23:00:00,24432.166,24434.099,24414.066,24422.299,60,7420
2025-10-14 00:00:00,24420.888,24482.055,24417.177,24473.555,59,7402
2025-10-14 01:00:00,24473.055,24473.055,24443.055,24458.066,60,3811
2025-10-14 02:00:00,24458.577,24460.577,24420.555,24420.555,60,3823
2025-10-14 03:00:00,24421.566,24424.566,24395.555,24400.588,60,3824
2025-10-14 04:00:00,24399.577,24401.699,24277.555,24316.699,60,3823
2025-10-14 05:00:00,24314.588,24325.077,24202.555,24243.555,60,3813
2025-10-14 06:00:00,24243.699,24277.299,24215.699,24225.899,60,2610
2025-10-14 07:00:00,24222.755,24222.755,24063.288,24136.255,60,1407
2025-10-14 08:00:00,24136.899,24201.755,24106.755,24181.255,60,1407
2025-10-14 09:00:00,24182.766,24218.755,24137.288,24137.899,60,1414
2025-10-14 10:00:00,24138.255,24153.777,23981.755,24029.788,60,1411
2025-10-14 11:00:00,24031.899,24133.899,24021.266,24122.777,60,1410
2025-10-14 12:00:00,24123.266,24123.288,24041.799,24088.777,60,1406
2025-10-14 13:00:00,24086.755,24191.299,24086.299,24179.399,60,1408
2025-10-14 14:00:00,24178.255,24244.788,24166.399,24218.799,60,1407
2025-10-14 15:00:00,24219.766,24301.299,24211.788,24284.166,60,1404
2025-10-14 16:00:00,24284.655,24322.655,24258.699,24299.699,60,2608
2025-10-14 17:00:00,24299.199,24336.177,24284.677,24325.299,60,2617
2025-10-14 18:00:00,24325.655,24338.799,24313.666,24332.666,60,2615
2025-10-14 19:00:00,24333.188,24339.188,24234.666,24281.266,60,2619
2025-10-14 20:00:00,24280.288,24298.999,24254.277,24269.399,15,7414
2025-10-14 22:00:00,24286.555,24315.977,24281.255,24295.699,60,7412
2025-10-14 23:00:00,24294.999,24316.655,24290.877,24291.855,60,7404
2025-10-15 00:00:00,24292.477,24317.066,24278.788,24311.099,59,7402
2025-10-15 01:00:00,24310.088,24320.566,24282.599,24312.577,60,3806
2025-10-15 02:00:00,24312.099,24338.699,24305.588,24309.199,60,3823
2025-10-15 03:00:00,24309.555,24325.088,24303.077,24307.555,59,3837
2025-10-15 04:00:00,24308.055,24334.199,24304.566,24333.055,60,3808
2025-10-15 05:00:00,24334.199,24358.555,24332.566,24340.066,60,3814
2025-10-15 06:00:00,24340.577,24363.655,24283.299,24286.266,60,2611
2025-10-15 07:00:00,24283.777,24322.755,24235.399,24317.899,60,1415
2025-10-15 08:00:00,24318.755,24341.266,24215.766,24226.299,60,1424
2025-10-15 09:00:00,24225.788,24299.266,24217.755,24290.399,60,1428
2025-10-15 10:00:00,24291.777,24313.266,24249.299,24249.299,60,1428
2025-10-15 11:00:00,24250.266,24271.299,24199.799,24237.255,60,1416
2025-10-15 12:00:00,24236.777,24267.399,24187.799,24215.899,60,1434
2025-10-15 13:00:00,24214.777,24264.266,24179.755,24246.766,60,1414
2025-10-15 14:00:00,24250.299,24284.277,24195.899,24219.399,60,1404
2025-10-15 15:00:00,24219.766,24226.899,24123.688,24158.299,60,1416
2025-10-15 16:00:00,24157.799,24207.155,24147.177,24156.688,60,2607
2025-10-15 17:00:00,24157.677,24157.677,24004.666,24132.188,60,2606
2025-10-15 18:00:00,24131.699,24146.799,24099.299,24140.199,60,2610
2025-10-15 19:00:00,24139.666,24149.299,24115.188,24143.299,60,2610
2025-10-15 20:00:00,24142.788,24161.866,24134.855,24138.555,15,7412
2025-10-15 22:00:00,24161.966,24173.388,24146.688,24163.888,53,7420
2025-10-15 23:00:00,24162.588,24163.899,24134.399,24145.166,60,7421
2025-10-16 00:00:00,24145.477,24165.099,24132.766,24157.699,60,7408
2025-10-16 01:00:00,24155.555,24176.566,24146.555,24155.599,60,3806
2025-10-16 02:00:00,24157.099,24160.699,24121.699,24148.077,60,3820
2025-10-16 03:00:00,24147.588,24159.077,24125.566,24136.577,60,3814
2025-10-16 04:00:00,24136.066,24148.599,24127.577,24144.577,59,3810
2025-10-16 05:00:00,24143.566,24172.577,24135.199,24171.088,60,3813
2025-10-16 06:00:00,24172.077,24211.766,24165.188,24204.788,60,2617
2025-10-16 07:00:00,24209.299,24226.799,24046.766,24144.777,60,1416
2025-10-16 08:00:00,24143.288,24172.399,24102.899,24153.266,60,1406
2025-10-16 09:00:00,24152.755,24218.788,24148.799,24207.788,60,1415
2025-10-16 10:00:00,24208.299,24234.899,24195.777,24208.288,60,1418
2025-10-16 11:00:00,24208.766,24221.799,24173.288,24181.899,60,1414
2025-10-16 12:00:00,24180.899,24229.299,24160.266,24218.266,60,1425
2025-10-16 13:00:00,24216.755,24218.399,24141.899,24149.899,60,1424
2025-10-16 14:00:00,24151.777,24240.788,24115.277,24231.288,60,1404
2025-10-16 15:00:00,24232.788,24287.155,24232.399,24244.166,60,1410
2025-10-16 16:00:00,24244.799,24257.688,24091.699,24209.155,60,2613
2025-10-16 17:00:00,24210.699,24241.666,24163.155,24173.677,60,2610
2025-10-16 18:00:00,24173.177,24176.688,24043.677,24118.666,60,2606
2025-10-16 19:00:00,24117.677,24121.699,24016.655,24071.788,60,2611
2025-10-16 20:00:00,24070.899,24080.288,24027.199,24030.866,15,7423
2025-10-16 22:00:00,24067.077,24080.699,24019.655,24020.288,54,7409
2025-10-16 23:00:00,24020.588,24037.488,24013.466,24036.877,60,7410
2025-10-17 00:00:00,24035.055,24049.266,24001.066,24006.577,59,7396
2025-10-17 01:00:00,24006.088,24047.199,23967.599,23979.066,60,3818
2025-10-17 02:00:00,23978.088,23986.577,23952.066,23963.555,60,3819
2025-10-17 03:00:00,23963.099,23995.066,23951.588,23969.599,60,3835
2025-10-17 04:00:00,23970.066,23980.699,23959.099,23964.555,60,3806
2025-10-17 05:00:00,23966.599,23970.099,23899.077,23953.066,60,3820
2025-10-17 06:00:00,23953.588,23973.199,23877.655,23891.277,60,2618
2025-10-17 07:00:00,23889.255,23889.255,23675.399,23769.788,60,1406
2025-10-17 08:00:00,23772.777,23807.755,23721.788,23734.288,60,1415
2025-10-17 09:00:00,23733.788,23803.755,23728.399,23778.799,60,1406
2025-10-17 10:00:00,23778.288,23796.299,23724.777,23775.266,60,1406
2025-10-17 11:00:00,23778.299,23879.299,23759.766,23872.755,60,1412
2025-10-17 12:00:00,23872.266,23939.266,23870.777,23882.799,60,1408
2025-10-17 13:00:00,23883.399,23957.899,23828.766,23944.399,60,1409
2025-10-17 14:00:00,23943.799,23989.766,23867.266,23879.299,60,1412
2025-10-17 15:00:00,23876.799,23919.199,23824.688,23907.155,60,1410
2025-10-17 16:00:00,23907.699,23926.177,23886.666,23898.655,60,2614
2025-10-17 17:00:00,23899.155,23922.299,23874.177,23916.666,60,2603
2025-10-17 18:00:00,23917.199,23978.155,23917.199,23968.699,60,2608
2025-10-17 19:00:00,23969.299,23988.688,23962.799,23975.899,60,2610
2025-10-17 20:00:00,23975.255,23975.255,23970.799,23970.799,1,7430
2025-10-19 22:00:00,23999.388,24009.488,23990.266,23995.588,57,7415
2025-10-19 23:00:00,23996.466,23997.688,23960.388,23970.199,60,7418
2025-10-20 00:00:00,23969.877,23977.555,23912.077,23970.555,59,7397
2025-10-20 01:00:00,23970.099,24004.199,23964.055,23980.055,59,3823
2025-10-20 02:00:00,23979.077,24002.066,23971.055,23998.699,60,3810
2025-10-20 03:00:00,23999.077,24012.699,23986.555,24011.088,58,3855
2025-10-20 04:00:00,24010.066,24015.566,23998.588,24011.077,60,3846
2025-10-20 05:00:00,24010.588,24040.099,24010.055,24040.099,60,3832
2025-10-20 06:00:00,24040.699,24079.688,24006.299,24053.288,60,2628
2025-10-20 07:00:00,24054.777,24126.288,24008.788,24097.788,60,1407
2025-10-20 08:00:00,24098.788,24103.266,24023.266,24050.788,60,1414
2025-10-20 09:00:00,24047.766,24133.799,24039.799,24128.255,60,1414
2025-10-20 10:00:00,24127.777,24152.799,24095.766,24097.777,60,1404
2025-10-20 11:00:00,24093.788,24137.899,24083.399,24127.255,60,1408
2025-10-20 12:00:00,24130.788,24159.277,24106.766,24157.766,60,1413
2025-10-20 13:00:00,24159.899,24247.899,24157.788,24231.899,60,1405
2025-10-20 14:00:00,24234.788,24271.766,24219.755,24257.255,60,1415
2025-10-20 15:00:00,24258.255,24303.266,24254.199,24267.155,60,1406
2025-10-20 16:00:00,24268.166,24288.155,24262.655,24284.155,60,2606
2025-10-20 17:00:00,24283.699,24327.199,24283.699,24325.677,60,2606
2025-10-20 18:00:00,24325.166,24339.177,24318.166,24326.299,60,2613
2025-10-20 19:00:00,24325.699,24335.166,24306.155,24327.288,60,2629
2025-10-20 20:00:00,24326.899,24335.699,24316.677,24333.877,15,7416
2025-10-20 22:00:00,24338.077,24344.099,24333.355,24334.577,55,7403
2025-10-20 23:00:00,24335.799,24345.288,24331.499,24335.199,60,7416
2025-10-21 00:00:00,24334.866,24368.088,24330.855,24358.577,57,7403
2025-10-21 01:00:00,24358.199,24358.199,24341.099,24350.555,58,3839
2025-10-21 02:00:00,24350.055,24373.199,24349.099,24356.555,59,3809
2025-10-21 03:00:00,24357.099,24368.099,24340.199,24347.588,59,3810
2025-10-21 04:00:00,24348.577,24349.699,24311.555,24323.566,59,3809
2025-10-21 05:00:00,24324.588,24326.699,24277.555,24291.055,60,3819
2025-10-21 06:00:00,24288.055,24302.199,24265.166,24289.288,60,2625
2025-10-21 07:00:00,24293.277,24313.299,24258.766,24278.277,60,1407
2025-10-21 08:00:00,24279.255,24290.266,24216.766,24221.766,60,1417
2025-10-21 09:00:00,24221.255,24247.799,24220.255,24230.755,60,1407
2025-10-21 10:00:00,24231.399,24269.899,24197.777,24269.399,60,1408
2025-10-21 11:00:00,24269.777,24329.799,24261.266,24322.788,60,1412
2025-10-21 12:00:00,24323.277,24330.799,24275.277,24312.788,60,1413
2025-10-21 13:00:00,24313.299,24317.799,24227.399,24234.899,60,1404
2025-10-21 14:00:00,24235.755,24329.266,24226.766,24325.788,60,1406
2025-10-21 15:00:00,24326.777,24383.777,24319.655,24352.688,60,1424
2025-10-21 16:00:00,24345.699,24361.177,24315.655,24318.799,60,2609
2025-10-21 17:00:00,24319.199,24338.799,24295.166,24333.655,60,2601
2025-10-21 18:00:00,24333.199,24342.666,24316.299,24324.155,60,2615
2025-10-21 19:00:00,24322.699,24337.799,24317.155,24320.899,60,2607
2025-10-21 20:00:00,24320.799,24321.988,24301.599,24310.599,15,7407
2025-10-21 22:00:00,24326.077,24335.099,24323.888,24329.477,54,7423
2025-10-21 23:00:00,24330.099,24330.099,24314.177,24315.688,60,7412
2025-10-22 00:00:00,24316.688,24322.299,24274.566,24276.566,59,7417
2025-10-22 01:00:00,24278.588,24305.577,24263.199,24304.055,60,3804
2025-10-22 02:00:00,24303.566,24318.099,24300.055,24307.199,57,3857
2025-10-22 03:00:00,24306.599,24327.099,24285.566,24325.699,60,3825
2025-10-22 04:00:00,24326.055,24348.555,24325.588,24330.588,58,3832
2025-10-22 05:00:00,24330.199,24339.566,24295.566,24298.577,59,3813
2025-10-22 06:00:00,24302.099,24359.299,24276.177,24339.299,60,2614
2025-10-22 07:00:00,24339.799,24351.788,24252.777,24306.799,60,1405
2025-10-22 08:00:00,24306.266,24307.255,24230.299,24261.288,60,1416
2025-10-22 09:00:00,24258.788,24280.288,24228.766,24276.788,60,1426
2025-10-22 10:00:00,24278.299,24334.766,24273.255,24321.899,60,1411
2025-10-22 11:00:00,24320.299,24332.299,24276.255,24293.788,60,1405
2025-10-22 12:00:00,24294.766,24315.288,24278.277,24303.788,60,1403
2025-10-22 13:00:00,24304.399,24313.255,24235.255,24258.788,60,1406
2025-10-22 14:00:00,24257.799,24276.255,24174.255,24216.777,60,1407
2025-10-22 15:00:00,24213.777,24230.255,24136.255,24171.688,60,1421
2025-10-22 16:00:00,24172.155,24175.177,23949.677,24103.299,60,2603
2025-10-22 17:00:00,24102.688,24115.299,24016.166,24057.177,60,2609
2025-10-22 18:00:00,24055.688,24113.177,24039.299,24109.799,60,2603
2025-10-22 19:00:00,24109.166,24155.699,24082.155,24147.777,60,2613
2025-10-22 20:00:00,24141.766,24155.288,24138.966,24143.566,15,7408
2025-10-22 22:00:00,24146.777,24162.377,24142.455,24154.166,54,7424
2025-10-22 23:00:00,24153.888,24163.377,24127.166,24128.088,60,7408
2025-10-23 00:00:00,24127.188,24134.299,24078.577,24091.055,59,7402
2025-10-23 01:00:00,24090.555,24122.599,24079.199,24121.088,60,3813
2025-10-23 02:00:00,24120.555,24145.588,24120.055,24139.566,58,3842
2025-10-23 03:00:00,24140.077,24142.566,24102.077,24127.199,59,3812
2025-10-23 04:00:00,24128.099,24139.199,24114.566,24133.588,60,3801
2025-10-23 05:00:00,24134.055,24181.099,24126.588,24174.077,60,3835
2025-10-23 06:00:00,24173.555,24190.166,24138.166,24171.288,60,2636
2025-10-23 07:00:00,24173.788,24214.399,24087.788,24114.755,60,1406
2025-10-23 08:00:00,24120.266,24133.777,24042.899,24061.899,60,1405
2025-10-23 09:00:00,24063.288,24083.799,24033.777,24068.899,60,1410
2025-10-23 10:00:00,24068.266,24146.288,24040.899,24136.255,60,1423
2025-10-23 11:00:00,24130.755,24150.399,24086.266,24090.799,60,1410
2025-10-23 12:00:00,24089.755,24114.399,24072.899,24102.266,60,1408
2025-10-23 13:00:00,24100.266,24179.766,24074.899,24142.255,60,1410
2025-10-23 14:00:00,24144.277,24198.777,24118.755,24189.766,60,1405
2025-10-23 15:00:00,24189.255,24226.199,24178.777,24202.155,60,1421
2025-10-23 16:00:00,24201.688,24207.177,24184.677,24202.166,59,2633
2025-10-23 17:00:00,24201.699,24232.166,24171.177,24228.688,60,2619
2025-10-23 18:00:00,24229.299,24231.155,24208.177,24218.655,60,2618
2025-10-23 19:00:00,24219.666,24220.199,24198.166,24203.266,60,2600
2025-10-23 20:00:00,24202.788,24216.899,24199.866,24208.877,15,7401
2025-10-23 22:00:00,24220.399,24224.899,24217.577,24218.699,55,7407
2025-10-23 23:00:00,24217.355,24223.488,24216.599,24218.799,59,7409
2025-10-24 00:00:00,24218.988,24244.199,24209.877,24241.588,56,7408
2025-10-24 01:00:00,24240.588,24259.055,24238.588,24255.055,59,3805
2025-10-24 02:00:00,24254.555,24269.077,24253.077,24261.699,60,3814
2025-10-24 03:00:00,24260.577,24269.588,24252.055,24256.066,60,3833
2025-10-24 04:00:00,24256.555,24265.066,24244.055,24252.555,56,3804
2025-10-24 05:00:00,24253.199,24275.566,24243.077,24264.599,57,3857
2025-10-24 06:00:00,24261.599,24303.799,24254.166,24291.755,60,2639
2025-10-24 07:00:00,24292.255,24304.266,24172.788,24192.255,60,1421
2025-10-24 08:00:00,24193.899,24223.788,24139.299,24203.299,60,1406
2025-10-24 09:00:00,24201.266,24239.399,24170.399,24219.255,60,1404
2025-10-24 10:00:00,24218.288,24230.899,24181.777,24184.255,60,1415
2025-10-24 11:00:00,24185.255,24206.288,24171.899,24178.399,60,1409
2025-10-24 12:00:00,24178.755,24270.766,24155.799,24203.899,60,1407
2025-10-24 13:00:00,24204.799,24246.277,24196.766,24215.255,60,1420
2025-10-24 14:00:00,24221.777,24249.277,24195.277,24208.288,60,1404
2025-10-24 15:00:00,24206.899,24253.899,24198.288,24222.799,60,1407
2025-10-24 16:00:00,24223.799,24235.699,24200.666,24220.699,60,2609
2025-10-24 17:00:00,24220.177,24236.166,24219.166,24220.688,60,2607
2025-10-24 18:00:00,24220.166,24224.699,24210.188,24220.699,59,2611
2025-10-24 19:00:00,24219.666,24224.666,24198.755,24203.288,60,2611
2025-10-24 20:00:00,24202.788,24205.788,24202.788,24205.788,1,7405
2025-10-26 23:00:00,24312.499,24322.955,24305.655,24308.799,60,7420
2025-10-27 00:00:00,24308.099,24404.566,24304.455,24372.055,56,7416
2025-10-27 01:00:00,24371.699,24374.588,24319.588,24344.055,60,3810
2025-10-27 02:00:00,24343.566,24349.077,24328.088,24339.099,60,3855
2025-10-27 03:00:00,24338.088,24347.066,24295.555,24301.199,58,3833
2025-10-27 04:00:00,24300.699,24327.588,24293.566,24317.088,59,3809
2025-10-27 05:00:00,24316.588,24361.099,24316.055,24360.099,60,3809
2025-10-27 06:00:00,24358.577,24377.588,24337.199,24353.699,60,3820
2025-10-27 07:00:00,24350.066,24370.166,24307.255,24308.799,60,2650
2025-10-27 08:00:00,24310.788,24342.777,24250.755,24290.755,60,1418
2025-10-27 09:00:00,24290.399,24295.799,24241.255,24282.277,60,1408
2025-10-27 10:00:00,24283.788,24288.899,24247.777,24251.766,60,1416
2025-10-27 11:00:00,24250.766,24263.755,24199.899,24219.777,60,1412
2025-10-27 12:00:00,24220.799,24245.399,24215.788,24224.899,60,1430
2025-10-27 13:00:00,24225.266,24274.399,24186.399,24268.777,60,1411
2025-10-27 14:00:00,24269.755,24301.755,24261.266,24283.777,60,1416
2025-10-27 15:00:00,24284.277,24285.777,24243.299,24259.288,59,1412
2025-10-27 16:00:00,24263.266,24317.666,24261.777,24303.655,60,1423
2025-10-27 17:00:00,24304.155,24304.155,24267.666,24293.299,60,2617
2025-10-27 18:00:00,24293.799,24308.188,24288.199,24291.677,57,2624
2025-10-27 19:00:00,24291.188,24319.166,24281.688,24303.199,60,2611
2025-10-27 20:00:00,24303.688,24332.299,24301.155,24315.899,58,2618
2025-10-27 23:00:00,24309.455,24324.099,24307.966,24312.699,60,7417
2025-10-28 00:00:00,24313.266,24324.566,24306.677,24316.599,51,7413
2025-10-28 01:00:00,24316.199,24317.066,24289.055,24290.066,57,3836
2025-10-28 02:00:00,24289.555,24293.199,24266.099,24272.099,59,3804
2025-10-28 03:00:00,24272.577,24276.577,24259.055,24266.699,58,3850
2025-10-28 04:00:00,24266.077,24274.599,24235.099,24272.088,59,3795
2025-10-28 05:00:00,24270.088,24275.099,24245.555,24254.077,59,3812
2025-10-28 06:00:00,24253.566,24290.588,24249.588,24271.699,60,3817
2025-10-28 07:00:00,24273.077,24298.688,24260.166,24275.755,60,2671
2025-10-28 08:00:00,24276.755,24282.766,24182.255,24244.255,60,1414
2025-10-28 09:00:00,24243.799,24305.277,24239.255,24239.266,60,1406
2025-10-28 10:00:00,24242.266,24289.299,24239.766,24285.277,60,1403
2025-10-28 11:00:00,24286.277,24300.899,24255.277,24292.399,60,1417
2025-10-28 12:00:00,24291.255,24320.766,24274.399,24284.755,60,1404
2025-10-28 13:00:00,24284.277,24344.299,24258.255,24280.299,60,1411
2025-10-28 14:00:00,24280.777,24337.788,24268.299,24315.255,60,1416
2025-10-28 15:00:00,24317.788,24331.277,24298.288,24301.277,60,1418
2025-10-28 16:00:00,24301.777,24327.188,24274.299,24296.655,60,1411
2025-10-28 17:00:00,24297.677,24304.188,24278.177,24289.177,60,2606
2025-10-28 18:00:00,24289.655,24301.677,24273.677,24276.666,60,2614
2025-10-28 19:00:00,24276.166,24282.299,24233.177,24235.688,60,2607
2025-10-28 20:00:00,24236.655,24266.188,24233.688,24250.766,60,2639
2025-10-28 21:00:00,24248.288,24248.288,24248.288,24248.288,1,7424
2025-10-28 23:00:00,24243.166,24250.088,24238.966,24247.377,60,7420
2025-10-29 00:00:00,24248.099,24251.399,24191.077,24202.066,59,7386
2025-10-29 01:00:00,24202.699,24220.577,24158.088,24180.566,59,3818
2025-10-29 02:00:00,24181.699,24197.577,24173.055,24190.588,59,3829
2025-10-29 03:00:00,24191.077,24203.599,24181.088,24198.699,55,3804
2025-10-29 04:00:00,24198.077,24207.588,24171.599,24203.599,60,3804
2025-10-29 05:00:00,24204.066,24214.099,24190.566,24202.199,59,3819
2025-10-29 06:00:00,24201.199,24260.566,24194.566,24260.566,60,3812
2025-10-29 07:00:00,24257.099,24268.655,24226.188,24248.799,59,2671
2025-10-29 08:00:00,24245.277,24321.299,24224.399,24269.288,60,1409
2025-10-29 09:00:00,24268.899,24287.277,24245.399,24265.266,60,1411
2025-10-29 10:00:00,24266.299,24308.788,24254.266,24269.277,60,1409
2025-10-29 11:00:00,24267.277,24283.777,24239.255,24274.255,60,1411
2025-10-29 12:00:00,24273.777,24310.799,24257.277,24259.899,60,1421
2025-10-29 13:00:00,24256.299,24267.755,24190.788,24216.777,60,1432
2025-10-29 14:00:00,24215.899,24219.399,24082.788,24132.799,60,1417
2025-10-29 15:00:00,24131.766,24168.766,24123.788,24131.777,60,1417
2025-10-29 16:00:00,24128.788,24161.299,24105.255,24152.699,60,1415
2025-10-29 17:00:00,24153.155,24187.677,24149.166,24156.199,60,2623
2025-10-29 18:00:00,24155.655,24181.666,24003.188,24116.655,60,2614
2025-10-29 19:00:00,24118.799,24162.677,24077.177,24142.677,60,2607
2025-10-29 20:00:00,24142.199,24180.188,24108.699,24134.288,60,2613
2025-10-29 21:00:00,24133.755,24133.755,24128.755,24128.755,1,7427
2025-10-29 23:00:00,24119.166,24149.055,24110.355,24143.099,60,7409
2025-10-30 00:00:00,24143.699,24211.599,24143.055,24188.199,59,7411
2025-10-30 01:00:00,24189.566,24255.066,24187.577,24237.088,59,3821
2025-10-30 02:00:00,24237.566,24261.055,24225.055,24227.088,59,3812
2025-10-30 03:00:00,24227.699,24243.199,24192.055,24205.555,60,3813
2025-10-30 04:00:00,24206.066,24210.077,24056.055,24122.088,60,3821
2025-10-30 05:00:00,24122.699,24205.566,24114.577,24189.088,60,3806
2025-10-30 06:00:00,24190.199,24196.199,24146.099,24164.055,60,3820
2025-10-30 07:00:00,24167.588,24223.199,24139.177,24205.255,60,2670
2025-10-30 08:00:00,24213.288,24222.288,24147.255,24180.288,60,1406
2025-10-30 09:00:00,24181.288,24188.788,24075.766,24097.755,60,1404
2025-10-30 10:00:00,24097.255,24126.399,24054.777,24065.755,60,1417
2025-10-30 11:00:00,24067.799,24106.255,24052.799,24071.899,60,1419
2025-10-30 12:00:00,24071.299,24101.299,24054.277,24078.399,60,1406
2025-10-30 13:00:00,24078.777,24160.255,24028.777,24136.399,60,1407
2025-10-30 14:00:00,24137.299,24153.399,24088.788,24130.299,60,1423
2025-10-30 15:00:00,24133.399,24145.255,24101.755,24111.299,60,1416
2025-10-30 16:00:00,24109.399,24146.199,24096.277,24141.177,60,1416
2025-10-30 17:00:00,24140.799,24159.666,24120.177,24156.799,60,2625
2025-10-30 18:00:00,24156.299,24156.699,24125.155,24130.699,60,2616
2025-10-30 19:00:00,24130.199,24133.155,24071.655,24080.299,60,2610
2025-10-30 20:00:00,24078.699,24134.299,24078.177,24127.777,60,2629
2025-10-30 21:00:00,24122.399,24122.399,24117.288,24117.288,1,7363
2025-10-30 23:00:00,24122.599,24137.499,24111.255,24136.277,60,7406
2025-10-31 00:00:00,24136.899,24144.599,24114.566,24123.555,56,7414
2025-10-31 01:00:00,24123.088,24137.199,24106.566,24135.077,60,3820
2025-10-31 02:00:00,24135.566,24140.566,24102.577,24116.066,60,3806
2025-10-31 03:00:00,24115.555,24129.066,24098.088,24110.099,60,3810
2025-10-31 04:00:00,24109.199,24126.099,24101.599,24110.588,60,3825
2025-10-31 05:00:00,24109.555,24118.055,24072.077,24073.599,60,3837
2025-10-31 06:00:00,24073.199,24099.077,24064.077,24076.066,60,3805
2025-10-31 07:00:00,24072.055,24139.299,24070.599,24127.766,60,2696
2025-10-31 08:00:00,24130.777,24136.766,24003.288,24032.266,60,1411
2025-10-31 09:00:00,24035.299,24057.755,23985.799,24003.799,60,1411
2025-10-31 10:00:00,23999.799,24051.277,23974.899,24013.788,60,1409
2025-10-31 11:00:00,24012.277,24077.399,23984.777,24058.777,60,1417
2025-10-31 12:00:00,24059.266,24061.288,23993.766,24000.288,60,1412
2025-10-31 13:00:00,23999.399,24019.399,23931.777,23943.788,60,1403
2025-10-31 14:00:00,23944.755,23995.277,23917.277,23992.255,60,1414
2025-10-31 15:00:00,23992.766,24013.399,23952.277,23952.277,60,1409
2025-10-31 16:00:00,23953.277,23976.799,23928.655,23936.799,60,1410
2025-10-31 17:00:00,23935.666,23947.299,23906.677,23938.677,60,2605
2025-10-31 18:00:00,23939.155,23981.799,23937.688,23978.199,60,2611
2025-10-31 19:00:00,23977.677,24005.799,23973.677,23986.677,60,2605
2025-10-31 20:00:00,23987.177,23987.177,23958.699,23970.255,60,2643
2025-11-02 23:00:00,23986.477,24014.199,23984.966,24007.588,57,7411
2025-11-03 00:00:00,24007.999,24033.799,24006.655,24026.555,57,7379
2025-11-03 01:00:00,24026.088,24037.577,24016.077,24018.577,60,3860
2025-11-03 02:00:00,24019.066,24038.599,24012.566,24020.588,60,3827
2025-11-03 03:00:00,24020.066,24024.588,23988.088,24024.066,60,3832
2025-11-03 04:00:00,24023.588,24023.588,24008.577,24012.599,60,3810
2025-11-03 05:00:00,24012.199,24032.077,24010.066,24017.699,60,3807
2025-11-03 06:00:00,24018.077,24025.099,23992.055,24012.699,59,3823
2025-11-03 07:00:00,24009.599,24012.799,23970.166,23976.777,60,2662
2025-11-03 08:00:00,23978.255,24149.299,23962.777,24125.799,60,1407
2025-11-03 09:00:00,24124.766,24182.288,24115.766,24160.899,60,1403
2025-11-03 10:00:00,24161.777,24219.288,24143.399,24216.788,60,1410
2025-11-03 11:00:00,24216.266,24250.899,24207.899,24217.755,60,1418
2025-11-03 12:00:00,24216.899,24242.755,24182.255,24186.299,60,1406
2025-11-03 13:00:00,24185.299,24185.299,24113.788,24128.266,60,1408
2025-11-03 14:00:00,24130.277,24187.799,24117.255,24134.277,60,1405
2025-11-03 15:00:00,24136.288,24167.277,24108.755,24115.288,60,1407
2025-11-03 16:00:00,24115.799,24135.688,24103.255,24126.677,60,1416
2025-11-03 17:00:00,24127.299,24159.677,24117.677,24155.655,60,2612
2025-11-03 18:00:00,24156.299,24175.299,24151.666,24164.155,59,2602
2025-11-03 19:00:00,24166.677,24171.166,24149.699,24153.199,60,2608
2025-11-03 20:00:00,24155.799,24158.666,24124.277,24124.288,60,2617
2025-11-03 21:00:00,24123.788,24144.355,24121.388,24128.577,15,7417
2025-11-03 23:00:00,24122.899,24126.477,24104.955,24108.255,60,7408
2025-11-04 00:00:00,24108.099,24108.099,24030.255,24080.577,59,7391
2025-11-04 01:00:00,24082.066,24083.055,24054.055,24059.199,60,3823
2025-11-04 02:00:00,24058.577,24060.599,24030.588,24036.066,60,3807
2025-11-04 03:00:00,24036.577,24060.077,24034.066,24042.088,60,3806
2025-11-04 04:00:00,24043.088,24048.099,24016.577,24027.599,60,3817
2025-11-04 05:00:00,24028.088,24034.099,23938.066,23951.599,60,3808
2025-11-04 06:00:00,23955.066,23955.066,23868.066,23902.699,60,3818
2025-11-04 07:00:00,23901.588,23902.188,23800.655,23831.799,60,2624
2025-11-04 08:00:00,23831.255,23834.766,23710.399,23783.266,60,1403
2025-11-04 09:00:00,23785.277,23811.255,23673.255,23679.777,60,1411
2025-11-04 10:00:00,23680.255,23791.399,23670.766,23783.399,60,1411
2025-11-04 11:00:00,23782.766,23825.399,23775.788,23804.255,60,1414
2025-11-04 12:00:00,23805.266,23837.899,23765.788,23830.288,60,1419
2025-11-04 13:00:00,23829.255,23874.277,23820.299,23861.399,60,1412
2025-11-04 14:00:00,23860.255,23937.277,23830.299,23935.788,60,1409
2025-11-04 15:00:00,23937.299,23975.899,23908.755,23936.788,60,1405
2025-11-04 16:00:00,23936.299,23959.688,23907.766,23952.655,60,1404
2025-11-04 17:00:00,23952.199,23953.155,23900.655,23917.677,60,2606
2025-11-04 18:00:00,23916.677,23923.166,23885.166,23912.199,60,2614
2025-11-04 19:00:00,23911.699,23916.799,23872.699,23882.299,60,2610
2025-11-04 20:00:00,23883.199,23897.799,23866.655,23882.288,60,2604
2025-11-04 21:00:00,23881.788,23888.999,23874.588,23881.899,15,7402
2025-11-04 23:00:00,23886.255,23890.155,23858.755,23859.499,60,7403
2025-11-05 00:00:00,23858.199,23858.899,23730.055,23730.099,59,7425
2025-11-05 01:00:00,23730.588,23734.099,23579.077,23662.099,60,3814
2025-11-05 02:00:00,23663.555,23728.699,23654.699,23728.199,60,3813
2025-11-05 03:00:00,23731.555,23831.199,23729.088,23799.588,60,3802
2025-11-05 04:00:00,23798.699,23804.599,23772.099,23796.699,60,3805
2025-11-05 05:00:00,23797.066,23829.099,23785.566,23799.199,60,3811
2025-11-05 06:00:00,23798.555,23865.555,23771.599,23841.577,60,3805
2025-11-05 07:00:00,23840.588,23848.188,23782.688,23794.799,60,2639
2025-11-05 08:00:00,23800.299,23870.299,23745.255,23818.277,60,1412
2025-11-05 09:00:00,23819.288,23830.799,23751.255,23796.899,60,1409
2025-11-05 10:00:00,23795.788,23806.299,23751.399,23760.255,60,1415
2025-11-05 11:00:00,23759.899,23836.755,23728.288,23828.755,60,1409
2025-11-05 12:00:00,23831.255,23892.766,23825.766,23884.288,60,1400
2025-11-05 13:00:00,23883.277,23918.299,23859.277,23903.255,60,1411
2025-11-05 14:00:00,23903.799,23991.288,23874.788,23987.288,60,1413
2025-11-05 15:00:00,23995.799,24106.399,23976.277,24057.399,60,1409
2025-11-05 16:00:00,24057.777,24086.155,23998.399,24074.688,60,1415
2025-11-05 17:00:00,24074.188,24120.677,24071.655,24108.199,60,2613
2025-11-05 18:00:00,24108.688,24120.799,24101.188,24108.688,60,2617
2025-11-05 19:00:00,24108.199,24113.666,24096.177,24105.688,59,2605
2025-11-05 20:00:00,24106.299,24113.155,24080.255,24089.899,60,2625
2025-11-05 21:00:00,24089.255,24104.366,24078.455,24083.399,15,7413
2025-11-05 23:00:00,24102.999,24113.488,24079.777,24112.855,60,7412
2025-11-06 00:00:00,24113.499,24113.499,24038.566,24053.055,59,7403
2025-11-06 01:00:00,24054.199,24063.588,23999.555,24058.066,60,3799
2025-11-06 02:00:00,24057.599,24079.577,24042.566,24078.199,60,3843
2025-11-06 03:00:00,24077.555,24085.599,24057.099,24075.088,60,3818
2025-11-06 04:00:00,24074.088,24087.077,24060.066,24071.577,60,3833
2025-11-06 05:00:00,24073.055,24078.077,24042.588,24050.099,60,3818
2025-11-06 06:00:00,24049.555,24073.099,24036.088,24061.077,59,3813
2025-11-06 07:00:00,24063.099,24104.188,24034.799,24040.288,60,2627
2025-11-06 08:00:00,24039.288,24039.288,23928.766,23951.899,60,1403
2025-11-06 09:00:00,23953.255,24021.399,23945.288,23983.755,60,1433
2025-11-06 10:00:00,23984.299,24054.399,23973.255,24007.899,60,1414
2025-11-06 11:00:00,24007.255,24048.299,24001.899,24014.799,60,1407
2025-11-06 12:00:00,24020.277,24028.255,23964.899,24007.299,60,1414
2025-11-06 13:00:00,24006.788,24018.766,23967.777,23981.788,60,1403
2025-11-06 14:00:00,23982.899,23990.288,23814.766,23822.755,60,1417
2025-11-06 15:00:00,23823.755,23887.399,23726.799,23731.755,60,1409
2025-11-06 16:00:00,23732.799,23777.899,23683.677,23693.799,60,1416
2025-11-06 17:00:00,23693.166,23769.177,23693.166,23757.677,60,2614
2025-11-06 18:00:00,23756.177,23774.166,23707.677,23756.677,60,2606
2025-11-06 19:00:00,23756.166,23808.655,23752.177,23788.655,60,2605
2025-11-06 20:00:00,23789.655,23798.799,23728.766,23740.899,60,2607
2025-11-06 21:00:00,23737.766,23763.588,23737.188,23762.977,15,7416
2025-11-06 23:00:00,23758.355,23774.299,23743.077,23764.399,60,7446
2025-11-07 00:00:00,23764.088,23793.555,23742.255,23774.588,59,7408
2025-11-07 01:00:00,23775.099,23776.577,23707.055,23721.055,60,3804
2025-11-07 02:00:00,23722.099,23725.099,23681.577,23705.599,60,3824
2025-11-07 03:00:00,23708.088,23710.566,23670.077,23680.577,60,3836
2025-11-07 04:00:00,23680.077,23700.577,23650.588,23699.055,60,3818
2025-11-07 05:00:00,23698.566,23755.077,23696.555,23754.599,60,3803
2025-11-07 06:00:00,23754.099,23782.577,23747.099,23777.588,60,3819
2025-11-07 07:00:00,23774.077,23801.688,23756.155,23787.266,60,2648
2025-11-07 08:00:00,23787.755,23837.766,23726.899,23745.899,60,1411
2025-11-07 09:00:00,23747.266,23751.288,23634.755,23665.299,60,1408
2025-11-07 10:00:00,23663.399,23677.766,23579.288,23605.755,60,1408
2025-11-07 11:00:00,23606.799,23607.277,23471.277,23575.288,60,1408
2025-11-07 12:00:00,23573.255,23577.788,23490.277,23499.799,60,1405
2025-11-07 13:00:00,23498.755,23532.799,23483.799,23508.277,60,1415
2025-11-07 14:00:00,23509.255,23562.266,23451.299,23548.299,60,1403
2025-11-07 15:00:00,23552.755,23600.755,23518.277,23548.288,60,1414
2025-11-07 16:00:00,23549.277,23584.166,23530.266,23559.699,60,1418
2025-11-07 17:00:00,23560.177,23653.799,23544.166,23651.155,60,2615
2025-11-07 18:00:00,23651.655,23693.655,23650.799,23672.177,60,2609
2025-11-07 19:00:00,23671.699,23766.699,23667.155,23766.166,60,2606
2025-11-07 20:00:00,23764.155,23770.177,23727.677,23762.288,60,2610
2025-11-07 21:00:00,23762.788,23762.788,23762.288,23762.288,1,7435
2025-11-09 23:00:00,23837.699,23844.266,23816.088,23832.266,57,7407
2025-11-10 00:00:00,23830.455,23860.199,23801.055,23849.566,58,7407
2025-11-10 01:00:00,23849.055,23885.088,23846.588,23878.588,60,3827
2025-11-10 02:00:00,23876.555,23896.199,23862.555,23862.588,55,3810
2025-11-10 03:00:00,23863.077,23884.699,23859.088,23867.588,60,3846
2025-11-10 04:00:00,23868.077,23882.588,23858.588,23874.077,59,3857
2025-11-10 05:00:00,23876.199,23915.566,23864.566,23877.066,59,3841
2025-11-10 06:00:00,23877.699,23898.699,23855.199,23864.199,60,3810
2025-11-10 07:00:00,23865.099,23938.299,23865.099,23925.899,60,2638
2025-11-10 08:00:00,23932.288,23958.266,23851.399,23931.266,60,1412
2025-11-10 09:00:00,23930.755,23999.399,23905.766,23996.799,60,1408
2025-11-10 10:00:00,23997.266,24004.899,23972.266,23987.277,60,1415
2025-11-10 11:00:00,23987.755,24024.399,23925.899,24020.399,60,1414
2025-11-10 12:00:00,24019.777,24023.399,23970.277,23970.277,60,1402
2025-11-10 13:00:00,23969.788,24006.399,23969.777,23991.777,60,1414
2025-11-10 14:00:00,23992.288,24010.899,23940.766,23958.255,60,1413
2025-11-10 15:00:00,23959.288,24009.299,23945.266,23961.288,60,1405
2025-11-10 16:00:00,23965.799,23996.255,23946.688,23984.188,60,1419
2025-11-10 17:00:00,23983.655,24051.666,23982.655,24034.199,60,2609
2025-11-10 18:00:00,24034.666,24042.177,24027.166,24028.177,60,2612
2025-11-10 19:00:00,24028.688,24070.188,24028.166,24062.699,60,2609
2025-11-10 20:00:00,24062.188,24079.199,24058.255,24068.266,60,2605
2025-11-10 21:00:00,24067.777,24092.888,24062.477,24091.088,15,7405
2025-11-10 23:00:00,24083.999,24093.199,24073.355,24091.966,60,7423
2025-11-11 00:00:00,24092.299,24106.699,24066.277,24072.099,58,7404
2025-11-11 01:00:00,24073.066,24095.588,24066.055,24095.588,60,3808
2025-11-11 02:00:00,24095.088,24095.199,24063.055,24080.088,60,3819
2025-11-11 03:00:00,24080.699,24088.077,24070.055,24082.599,59,3831
2025-11-11 04:00:00,24082.066,24082.066,24047.577,24053.699,59,3806
2025-11-11 05:00:00,24054.199,24061.066,24030.055,24030.599,60,3801
2025-11-11 06:00:00,24031.577,24076.077,24020.599,24032.077,60,3818
2025-11-11 07:00:00,24034.166,24053.655,23999.166,24003.899,60,2606
2025-11-11 08:00:00,24005.299,24038.266,23970.799,23993.755,60,1405
2025-11-11 09:00:00,23994.288,24057.266,23983.299,23999.777,60,1418
2025-11-11 10:00:00,23999.399,24000.788,23959.799,23989.255,60,1422
2025-11-11 11:00:00,23988.777,24016.766,23954.288,23959.255,60,1415
2025-11-11 12:00:00,23960.277,24000.899,23948.766,23993.788,60,1404
2025-11-11 13:00:00,23994.788,24025.299,23970.288,24003.399,60,1412
2025-11-11 14:00:00,24003.799,24072.288,23991.277,24068.299,60,1413
2025-11-11 15:00:00,24066.277,24092.299,24044.777,24055.288,60,1406
2025-11-11 16:00:00,24057.277,24124.199,24049.255,24100.799,60,1417
2025-11-11 17:00:00,24100.166,24116.299,24089.677,24109.666,60,2606
2025-11-11 18:00:00,24109.177,24162.699,24108.677,24159.188,60,2601
2025-11-11 19:00:00,24158.655,24178.188,24144.299,24165.799,60,2625
2025-11-11 20:00:00,24166.199,24194.677,24165.666,24175.399,60,2619
2025-11-11 21:00:00,24174.766,24186.899,24164.555,24186.777,15,7406
2025-11-11 23:00:00,24182.088,24193.299,24174.055,24181.855,60,7447
2025-11-12 00:00:00,24181.588,24205.566,24180.499,24193.588,44,7387
2025-11-12 01:00:00,24193.199,24223.077,24193.199,24221.555,58,3805
2025-11-12 02:00:00,24222.055,24251.199,24212.199,24216.088,57,3852
2025-11-12 03:00:00,24215.566,24216.099,24207.555,24211.577,57,3835
2025-11-12 04:00:00,24210.555,24211.699,24192.566,24206.099,54,3846
2025-11-12 05:00:00,24205.577,24219.066,24200.066,24214.088,53,3848
2025-11-12 06:00:00,24213.599,24223.577,24198.588,24198.588,57,3843
2025-11-12 07:00:00,24199.199,24287.677,24199.199,24250.255,60,2621
2025-11-12 08:00:00,24259.255,24367.777,24224.799,24324.766,60,1415
2025-11-12 09:00:00,24324.288,24393.399,24303.266,24367.755,60,1406
2025-11-12 10:00:00,24368.788,24395.299,24338.399,24370.399,60,1422
2025-11-12 11:00:00,24371.277,24391.299,24317.255,24338.399,60,1406
2025-11-12 12:00:00,24340.266,24427.399,24331.255,24411.399,60,1404
2025-11-12 13:00:00,24410.299,24416.299,24357.799,24358.277,60,1403
2025-11-12 14:00:00,24357.277,24428.299,24336.755,24426.255,60,1406
2025-11-12 15:00:00,24425.255,24443.788,24345.255,24357.288,60,1417
2025-11-12 16:00:00,24357.755,24397.666,24353.266,24375.666,60,1415
2025-11-12 17:00:00,24376.166,24399.799,24366.666,24395.666,60,2608
2025-11-12 18:00:00,24396.177,24408.166,24384.699,24392.166,60,2605
2025-11-12 19:00:00,24392.799,24402.299,24377.655,24391.177,60,2613
2025-11-12 20:00:00,24390.688,24424.177,24385.655,24419.288,60,2636
2025-11-12 21:00:00,24418.788,24426.466,24405.955,24422.277,15,7419
2025-11-12 23:00:00,24410.199,24413.499,24349.188,24365.588,60,7437
2025-11-13 00:00:00,24365.255,24433.199,24365.255,24411.699,60,7401
2025-11-13 01:00:00,24411.077,24492.099,24407.566,24471.588,60,3801
2025-11-13 02:00:00,24471.099,24471.099,24439.555,24448.566,60,3806
2025-11-13 03:00:00,24449.555,24475.099,24441.066,24466.066,59,3803
2025-11-13 04:00:00,24465.555,24477.099,24454.577,24473.066,55,3831
2025-11-13 05:00:00,24473.566,24489.088,24460.088,24464.199,59,3850
2025-11-13 06:00:00,24463.555,24503.555,24437.066,24447.099,59,3819
2025-11-13 07:00:00,24447.599,24493.199,24415.899,24423.266,60,2629
2025-11-13 08:00:00,24422.899,24422.899,24369.399,24401.299,60,1405
2025-11-13 09:00:00,24402.288,24405.899,24281.788,24317.288,60,1406
2025-11-13 10:00:00,24316.766,24320.788,24261.755,24263.755,60,1408
2025-11-13 11:00:00,24264.266,24269.799,24192.755,24232.755,60,1411
2025-11-13 12:00:00,24233.266,24264.266,24207.399,24248.399,60,1411
2025-11-13 13:00:00,24248.799,24260.777,24218.266,24231.399,60,1406
2025-11-13 14:00:00,24230.799,24248.788,24153.266,24160.899,60,1411
2025-11-13 15:00:00,24161.799,24179.277,24065.788,24086.266,60,1407
2025-11-13 16:00:00,24085.277,24090.777,24000.155,24025.199,60,1413
2025-11-13 17:00:00,24024.688,24055.699,24008.166,24012.666,60,2606
2025-11-13 18:00:00,24013.699,24035.677,23941.155,23973.655,60,2603
2025-11-13 19:00:00,23974.655,23996.199,23931.188,23948.655,60,2608
2025-11-13 20:00:00,23950.299,24077.199,23944.677,24069.766,60,2615
2025-11-13 21:00:00,24069.277,24099.355,24067.755,24099.355,15,7407
2025-11-13 23:00:00,24062.266,24082.699,24059.355,24062.888,60,7406
2025-11-14 00:00:00,24063.155,24098.566,24059.055,24061.599,59,7417
2025-11-14 01:00:00,24061.066,24075.199,24044.566,24060.566,59,3832
2025-11-14 02:00:00,24059.199,24118.566,24056.588,24101.055,60,3857
2025-11-14 03:00:00,24101.577,24107.588,24073.066,24081.066,59,3805
2025-11-14 04:00:00,24081.588,24084.577,24045.099,24065.566,59,3810
2025-11-14 05:00:00,24066.055,24101.555,24034.566,24092.099,60,3798
2025-11-14 06:00:00,24094.199,24108.055,24048.199,24108.055,60,3812
2025-11-14 07:00:00,24106.566,24110.677,23980.288,23994.766,60,2627
2025-11-14 08:00:00,23997.277,24025.288,23812.255,23872.288,60,1405
2025-11-14 09:00:00,23873.288,23904.399,23792.788,23836.288,60,1409
2025-11-14 10:00:00,23835.277,23866.299,23771.766,23790.399,60,1427
2025-11-14 11:00:00,23789.799,23799.788,23648.288,23672.788,60,1409
2025-11-14 12:00:00,23669.266,23688.277,23626.288,23654.399,60,1420
2025-11-14 13:00:00,23652.299,23680.288,23608.399,23674.277,60,1405
2025-11-14 14:00:00,23673.777,23824.255,23656.755,23824.255,60,1409
2025-11-14 15:00:00,23826.288,23888.299,23800.766,23855.799,60,1409
2025-11-14 16:00:00,23856.899,23897.699,23804.255,23882.188,60,1410
2025-11-14 17:00:00,23881.799,23907.177,23858.677,23882.199,60,2624
2025-11-14 18:00:00,23881.699,23893.188,23827.666,23858.166,60,2610
2025-11-14 19:00:00,23857.299,23883.799,23840.699,23880.655,60,2605
2025-11-14 20:00:00,23879.299,23887.699,23832.688,23841.299,60,2606
2025-11-14 21:00:00,23840.799,23840.799,23840.255,23840.255,1,7441
2025-11-16 23:00:00,23802.199,23862.566,23790.655,23853.477,58,7416
2025-11-17 00:00:00,23852.899,23866.077,23816.799,23857.199,60,7406
2025-11-17 01:00:00,23857.555,23877.699,23837.588,23838.599,60,3820
2025-11-17 02:00:00,23839.555,23864.588,23833.055,23859.599,58,3801
2025-11-17 03:00:00,23859.199,23872.555,23849.066,23868.588,57,3831
2025-11-17 04:00:00,23869.199,23880.088,23869.066,23872.577,53,3846
2025-11-17 05:00:00,23871.088,23879.699,23854.055,23857.566,59,3801
2025-11-17 06:00:00,23857.199,23872.199,23846.199,23859.577,60,3798
2025-11-17 07:00:00,23855.588,23923.166,23836.199,23896.788,60,2633
2025-11-17 08:00:00,23897.777,23932.755,23867.777,23895.788,60,1407
2025-11-17 09:00:00,23894.899,23899.288,23812.766,23816.899,60,1407
2025-11-17 10:00:00,23815.799,23819.277,23735.288,23741.899,60,1411
2025-11-17 11:00:00,23739.755,23789.399,23723.799,23747.399,60,1405
2025-11-17 12:00:00,23749.399,23749.399,23686.766,23725.755,60,1415
2025-11-17 13:00:00,23726.799,23739.255,23633.277,23671.799,60,1413
2025-11-17 14:00:00,23670.766,23714.277,23642.766,23707.766,60,1416
2025-11-17 15:00:00,23708.266,23715.266,23572.755,23582.277,60,1413
2025-11-17 16:00:00,23582.766,23645.199,23525.788,23645.199,60,1407
2025-11-17 17:00:00,23644.699,23650.299,23571.299,23573.299,60,2612
2025-11-17 18:00:00,23572.188,23588.799,23498.688,23501.299,60,2607
2025-11-17 19:00:00,23498.699,23509.799,23383.177,23385.188,60,2609
2025-11-17 20:00:00,23383.188,23459.155,23352.799,23441.299,60,2606
2025-11-17 21:00:00,23442.266,23461.099,23442.055,23458.855,15,7419
2025-11-17 23:00:00,23456.499,23481.666,23450.399,23469.699,60,7414
2025-11-18 00:00:00,23470.399,23477.177,23383.066,23402.599,59,7407
2025-11-18 01:00:00,23403.066,23446.077,23395.577,23422.199,60,3804
2025-11-18 02:00:00,23421.055,23432.099,23376.099,23376.599,60,3820
2025-11-18 03:00:00,23379.099,23379.099,23305.088,23316.077,60,3811
2025-11-18 04:00:00,23313.577,23313.577,23170.099,23269.199,60,3821
2025-11-18 05:00:00,23268.566,23289.077,23223.199,23265.599,60,3806
2025-11-18 06:00:00,23268.088,23303.088,23228.077,23256.577,60,3806
2025-11-18 07:00:00,23252.699,23282.688,23141.188,23229.299,60,2626
2025-11-18 08:00:00,23223.399,23358.899,23218.899,23292.799,60,1417
2025-11-18 09:00:00,23294.755,23356.299,23277.755,23344.288,60,1417
2025-11-18 10:00:00,23343.755,23346.299,23275.755,23331.899,60,1408
2025-11-18 11:00:00,23327.777,23357.755,23284.755,23298.288,60,1411
2025-11-18 12:00:00,23297.899,23301.277,23223.277,23232.288,60,1405
2025-11-18 13:00:00,23232.777,23262.799,23191.899,23206.255,60,1414
2025-11-18 14:00:00,23205.899,23256.288,23157.299,23171.255,60,1407
2025-11-18 15:00:00,23169.288,23187.288,23081.777,23130.255,60,1411
2025-11-18 16:00:00,23128.755,23226.177,23101.755,23214.699,60,1409
2025-11-18 17:00:00,23215.155,23261.655,23151.166,23252.677,60,2605
2025-11-18 18:00:00,23253.166,23279.699,23224.666,23230.188,60,2607
2025-11-18 19:00:00,23231.166,23251.655,23203.799,23236.677,60,2611
2025-11-18 20:00:00,23237.299,23245.666,23189.299,23192.899,60,2606
2025-11-18 21:00:00,23193.277,23198.199,23165.977,23183.655,15,7403
2025-11-18 23:00:00,23181.866,23218.599,23178.099,23206.777,60,7417
2025-11-19 00:00:00,23206.177,23211.566,23132.766,23168.566,60,7400
2025-11-19 01:00:00,23170.055,23191.077,23138.699,23155.588,60,3806
2025-11-19 02:00:00,23156.066,23199.555,23156.066,23179.199,60,3809
2025-11-19 03:00:00,23178.566,23186.099,23109.099,23116.555,60,3807
2025-11-19 04:00:00,23119.099,23134.088,23100.577,23115.577,60,3814
2025-11-19 05:00:00,23116.099,23138.088,23071.066,23134.077,60,3814
2025-11-19 06:00:00,23138.566,23175.577,23119.566,23157.099,60,3833
2025-11-19 07:00:00,23155.555,23187.666,23133.688,23164.288,60,2624
2025-11-19 08:00:00,23157.277,23221.288,23110.299,23123.799,60,1407
2025-11-19 09:00:00,23122.288,23204.299,23100.277,23203.299,60,1409
2025-11-19 10:00:00,23202.299,23219.755,23170.255,23215.266,60,1406
2025-11-19 11:00:00,23214.899,23272.266,23198.766,23237.799,60,1408
2025-11-19 12:00:00,23235.799,23265.777,23214.788,23218.777,60,1404
2025-11-19 13:00:00,23219.299,23290.788,23194.266,23281.277,60,1406
2025-11-19 14:00:00,23280.288,23354.788,23267.288,23351.766,60,1420
2025-11-19 15:00:00,23352.766,23380.399,23232.777,23242.277,60,1411
2025-11-19 16:00:00,23242.777,23255.288,23152.699,23200.677,60,1406
2025-11-19 17:00:00,23198.666,23219.188,23162.666,23208.655,60,2611
2025-11-19 18:00:00,23209.177,23295.799,23202.166,23260.155,60,2608
2025-11-19 19:00:00,23262.199,23265.688,23197.188,23229.177,60,2604
2025-11-19 20:00:00,23227.199,23294.188,23217.688,23248.899,60,2609
2025-11-19 21:00:00,23247.788,23257.466,23225.166,23248.799,15,7407
2025-11-19 23:00:00,23315.977,23377.377,23315.499,23374.999,60,7407
2025-11-20 00:00:00,23374.299,23429.799,23360.677,23380.555,58,7410
2025-11-20 01:00:00,23381.077,23402.088,23365.055,23395.588,60,3818
2025-11-20 02:00:00,23395.066,23402.599,23372.599,23382.588,60,3803
2025-11-20 03:00:00,23384.066,23405.088,23359.566,23367.699,58,3812
2025-11-20 04:00:00,23368.055,23401.199,23365.588,23397.599,60,3815
2025-11-20 05:00:00,23398.066,23421.699,23379.099,23396.199,60,3813
2025-11-20 06:00:00,23396.566,23414.099,23372.555,23396.099,60,3833
2025-11-20 07:00:00,23394.577,23460.688,23379.177,23402.788,60,2638
2025-11-20 08:00:00,23400.799,23452.777,23362.766,23425.899,60,1406
2025-11-20 09:00:00,23427.288,23429.299,23309.299,23324.777,60,1414
2025-11-20 10:00:00,23325.266,23446.777,23315.777,23440.788,60,1417
2025-11-20 11:00:00,23441.266,23442.899,23331.777,23348.255,60,1408
2025-11-20 12:00:00,23347.399,23413.777,23321.899,23408.899,60,1405
2025-11-20 13:00:00,23410.288,23478.899,23389.277,23467.799,60,1410
2025-11-20 14:00:00,23468.399,23481.788,23403.766,23481.255,60,1421
2025-11-20 15:00:00,23481.766,23513.766,23424.766,23428.277,60,1409
2025-11-20 16:00:00,23428.788,23434.288,23122.188,23130.666,60,1407
2025-11-20 17:00:00,23129.666,23185.155,23015.199,23053.155,60,2612
2025-11-20 18:00:00,23052.699,23218.677,22979.699,23006.655,60,2604
2025-11-20 19:00:00,23007.155,23089.799,22981.688,23081.166,60,2604
2025-11-20 20:00:00,23078.799,23081.188,22917.699,22929.255,60,2607
2025-11-20 21:00:00,22928.288,22939.988,22910.999,22926.999,15,7408
2025-11-20 23:00:00,22935.799,22973.799,22897.166,22961.188,60,7406
2025-11-21 00:00:00,22960.855,23019.599,22950.999,23010.099,60,7408
2025-11-21 01:00:00,23009.566,23025.588,22982.066,23012.555,60,3845
2025-11-21 02:00:00,23014.066,23023.699,22989.588,22997.077,59,3812
2025-11-21 03:00:00,22998.699,23030.577,22985.588,22985.588,60,3824
2025-11-21 04:00:00,22986.066,22988.099,22929.577,22971.055,60,3822
2025-11-21 05:00:00,22970.055,22997.077,22960.566,22976.066,60,3818
2025-11-21 06:00:00,22977.199,23016.099,22966.077,22997.577,60,3812
2025-11-21 07:00:00,23002.599,23032.799,22939.699,22948.399,60,2617
2025-11-21 08:00:00,22951.399,23185.277,22938.255,23182.299,60,1407
2025-11-21 09:00:00,23182.899,23186.399,23025.255,23053.255,60,1406
2025-11-21 10:00:00,23052.899,23086.899,22946.399,23081.255,60,1414
2025-11-21 11:00:00,23081.899,23174.266,23076.899,23098.799,60,1410
2025-11-21 12:00:00,23102.777,23198.299,23032.788,23184.788,60,1405
2025-11-21 13:00:00,23185.766,23261.399,23150.766,23242.399,60,1409
2025-11-21 14:00:00,23240.899,23243.288,23155.255,23171.899,60,1405
2025-11-21 15:00:00,23177.277,23188.799,23067.266,23093.755,60,1407
2025-11-21 16:00:00,23092.266,23222.699,23056.299,23214.177,60,1405
2025-11-21 17:00:00,23215.166,23251.188,23197.688,23207.655,60,2612
2025-11-21 18:00:00,23209.299,23296.655,23138.688,23256.299,60,2606
2025-11-21 19:00:00,23255.666,23301.177,23229.677,23241.677,60,2605
2025-11-21 20:00:00,23240.666,23248.799,23204.155,23217.288,60,2610
2025-11-21 21:00:00,23217.788,23220.799,23217.788,23220.799,1,7428
2025-11-23 23:00:00,23300.999,23310.888,23281.555,23288.788,57,7416
2025-11-24 00:00:00,23287.599,23304.077,23243.699,23283.088,59,7401
2025-11-24 01:00:00,23283.588,23299.699,23252.055,23269.199,60,3808
2025-11-24 02:00:00,23269.699,23313.199,23259.077,23296.577,60,3808
2025-11-24 03:00:00,23297.699,23302.699,23287.566,23298.577,58,3832
2025-11-24 04:00:00,23298.066,23302.055,23267.088,23281.555,59,3813
2025-11-24 05:00:00,23282.066,23300.077,23269.199,23289.066,58,3816
2025-11-24 06:00:00,23289.566,23294.066,23263.055,23267.566,60,3826
2025-11-24 07:00:00,23261.699,23314.199,23238.166,23283.755,60,2631
2025-11-24 08:00:00,23284.288,23394.288,23224.399,23369.277,60,1406
2025-11-24 09:00:00,23369.766,23387.766,23203.288,23270.899,60,1414
2025-11-24 10:00:00,23271.766,23305.288,23163.266,23195.266,60,1410
2025-11-24 11:00:00,23194.255,23234.266,23144.399,23216.266,60,1409
2025-11-24 12:00:00,23215.288,23240.755,23188.755,23232.277,60,1419
2025-11-24 13:00:00,23232.755,23289.299,23193.299,23193.299,60,1409
2025-11-24 14:00:00,23192.266,23271.266,23177.899,23260.799,60,1421
2025-11-24 15:00:00,23260.266,23316.288,23256.777,23267.799,60,1405
2025-11-24 16:00:00,23266.799,23282.299,23182.166,23193.155,60,1407
2025-11-24 17:00:00,23192.677,23248.188,23169.688,23244.655,60,2605
2025-11-24 18:00:00,23245.177,23275.799,23239.677,23244.177,60,2616
2025-11-24 19:00:00,23243.666,23250.666,23186.155,23197.177,60,2611
2025-11-24 20:00:00,23197.677,23263.199,23196.699,23223.755,60,2619
2025-11-24 21:00:00,23223.266,23237.899,23222.666,23231.999,15,7413
2025-11-24 23:00:00,23238.599,23250.599,23237.555,23238.188,60,7409
2025-11-25 00:00:00,23237.566,23237.566,23188.577,23197.099,58,7418
2025-11-25 01:00:00,23196.566,23197.099,23161.588,23171.199,59,3806
2025-11-25 02:00:00,23171.699,23195.599,23169.088,23193.577,60,3844
2025-11-25 03:00:00,23195.077,23200.199,23160.599,23165.088,55,3857
2025-11-25 04:00:00,23165.588,23197.199,23164.577,23197.199,57,3824
2025-11-25 05:00:00,23196.599,23215.088,23177.066,23210.066,57,3836
2025-11-25 06:00:00,23213.055,23227.588,23184.077,23208.088,60,3803
2025-11-25 07:00:00,23208.655,23268.166,23208.177,23243.399,60,2605
2025-11-25 08:00:00,23244.399,23296.399,23159.899,23195.899,60,1417
2025-11-25 09:00:00,23196.255,23253.277,23135.255,23223.777,60,1405
2025-11-25 10:00:00,23224.399,23243.266,23159.899,23233.799,60,1409
2025-11-25 11:00:00,23234.277,23268.777,23219.755,23253.788,60,1407
2025-11-25 12:00:00,23254.799,23467.288,23248.399,23344.277,60,1406
2025-11-25 13:00:00,23343.788,23442.399,23340.266,23437.277,60,1403
2025-11-25 14:00:00,23441.899,23463.299,23271.288,23406.788,60,1408
2025-11-25 15:00:00,23412.899,23494.299,23346.266,23472.266,60,1405
2025-11-25 16:00:00,23472.788,23539.199,23440.277,23526.666,60,1414
2025-11-25 17:00:00,23525.699,23566.799,23522.655,23526.166,60,2608
2025-11-25 18:00:00,23526.655,23550.177,23519.655,23521.799,60,2621
2025-11-25 19:00:00,23521.155,23530.799,23496.177,23526.655,60,2606
2025-11-25 20:00:00,23527.155,23580.177,23527.155,23565.788,60,2633
2025-11-25 21:00:00,23565.266,23576.599,23559.866,23565.166,15,7453
2025-11-25 23:00:00,23562.666,23567.599,23551.699,23563.777,60,7411
2025-11-26 00:00:00,23563.977,23619.799,23555.788,23600.699,59,7403
2025-11-26 01:00:00,23601.055,23624.577,23587.555,23623.555,59,3813
2025-11-26 02:00:00,23622.599,23622.599,23592.099,23602.199,58,3830
2025-11-26 03:00:00,23601.699,23608.599,23595.066,23596.055,41,3813
2025-11-26 04:00:00,23593.199,23607.055,23586.088,23603.566,49,3846
2025-11-26 05:00:00,23603.077,23640.055,23601.588,23618.577,56,3835
2025-11-26 06:00:00,23618.199,23619.699,23596.599,23607.566,60,3799
2025-11-26 07:00:00,23604.599,23664.299,23586.655,23596.899,60,2647
2025-11-26 08:00:00,23595.277,23604.399,23501.399,23514.766,60,1405
2025-11-26 09:00:00,23516.255,23543.777,23444.288,23501.899,60,1415
2025-11-26 10:00:00,23503.277,23553.788,23498.755,23552.799,60,1406
2025-11-26 11:00:00,23555.899,23579.766,23516.755,23545.299,60,1404
2025-11-26 12:00:00,23544.255,23558.299,23447.799,23553.255,60,1403
2025-11-26 13:00:00,23552.766,23610.788,23540.788,23606.755,60,1405
2025-11-26 14:00:00,23607.288,23675.777,23569.255,23617.899,60,1409
2025-11-26 15:00:00,23615.266,23697.899,23600.788,23693.788,60,1406
2025-11-26 16:00:00,23694.766,23746.199,23682.655,23740.655,60,1409
2025-11-26 17:00:00,23741.655,23760.688,23718.199,23749.155,60,2627
2025-11-26 18:00:00,23750.655,23762.799,23714.677,23735.199,60,2614
2025-11-26 19:00:00,23734.699,23760.655,23732.299,23740.177,60,2605
2025-11-26 20:00:00,23739.655,23755.699,23729.699,23738.277,60,2616
2025-11-26 21:00:00,23737.766,23754.399,23737.766,23747.577,15,7414
2025-11-26 23:00:00,23753.555,23754.899,23737.555,23741.677,60,7421
2025-11-27 00:00:00,23741.355,23750.199,23730.766,23743.577,50,7415
2025-11-27 01:00:00,23744.099,23749.588,23720.088,23738.088,55,3857
2025-11-27 02:00:00,23740.199,23740.199,23721.055,23722.588,56,3816
2025-11-27 03:00:00,23723.199,23723.699,23712.099,23722.588,45,3824
2025-11-27 04:00:00,23722.055,23743.088,23715.077,23736.099,54,3857
2025-11-27 05:00:00,23735.588,23753.066,23732.066,23743.199,44,3817
2025-11-27 06:00:00,23742.577,23742.577,23701.077,23707.577,57,3853
2025-11-27 07:00:00,23707.055,23726.899,23691.699,23722.788,60,2680
2025-11-27 08:00:00,23722.399,23827.788,23701.788,23754.755,60,1417
2025-11-27 09:00:00,23754.299,23811.788,23750.255,23750.299,60,1415
2025-11-27 10:00:00,23750.799,23794.777,23740.766,23787.899,60,1413
2025-11-27 11:00:00,23787.255,23797.288,23765.266,23774.277,60,1405
2025-11-27 12:00:00,23776.266,23798.788,23767.277,23791.399,60,1420
2025-11-27 13:00:00,23792.755,23836.899,23766.288,23776.399,60,1424
2025-11-27 14:00:00,23777.788,23807.899,23762.299,23803.899,60,1420
2025-11-27 15:00:00,23803.399,23812.799,23780.755,23785.266,60,1412
2025-11-27 16:00:00,23786.266,23787.899,23727.666,23748.799,60,1404
2025-11-27 17:00:00,23750.688,23768.688,23745.199,23763.166,55,2639
2025-11-27 18:00:00,23765.666,23771.299,23763.177,23766.155,41,2657
2025-11-27 19:00:00,23766.666,23770.699,23765.655,23768.688,32,2668
2025-11-27 20:00:00,23768.188,23781.188,23768.188,23775.799,51,2613
2025-11-27 21:00:00,23775.277,23775.277,23775.277,23775.277,1,7468
2025-11-27 23:00:00,23773.399,23788.455,23771.666,23787.566,57,7446
2025-11-28 00:00:00,23788.188,23820.077,23784.888,23807.055,44,7413
2025-11-28 01:00:00,23808.077,23815.566,23790.055,23796.077,45,3852
2025-11-28 02:00:00,23795.066,23796.088,23785.599,23787.599,34,3863
2025-11-28 03:00:00,23787.055,23793.555,23781.099,23784.566,26,3802
2025-11-28 04:00:00,23784.055,23786.066,23771.055,23782.699,30,3824
2025-11-28 05:00:00,23783.566,23801.699,23771.199,23771.199,36,3846
2025-11-28 06:00:00,23770.566,23799.099,23768.066,23776.555,43,3839
2025-11-28 07:00:00,23773.099,23801.799,23760.655,23767.755,60,2633
2025-11-28 08:00:00,23764.277,23776.399,23715.777,23733.255,60,1415
2025-11-28 09:00:00,23728.755,23775.766,23721.799,23752.255,60,1417
2025-11-28 10:00:00,23753.266,23770.899,23748.277,23761.255,60,1409
2025-11-28 11:00:00,23760.899,23787.788,23751.766,23780.288,60,1422
2025-11-28 12:00:00,23781.255,23829.799,23779.399,23816.288,60,1408
2025-11-28 13:00:00,23815.399,23833.288,23792.288,23831.399,60,1413
2025-11-28 14:00:00,23831.777,23866.299,23819.288,23863.266,60,1404
2025-11-28 15:00:00,23865.266,23887.299,23821.266,23823.255,60,1419
2025-11-28 16:00:00,23825.277,23862.288,23819.266,23849.677,60,1410
2025-11-28 17:00:00,23850.188,23863.299,23835.666,23841.799,60,2608
2025-11-28 18:00:00,23841.299,23846.677,23832.655,23840.699,49,2646
2025-11-28 19:00:00,23841.166,23858.677,23836.299,23851.688,43,2624
2025-11-28 20:00:00,23851.155,23861.177,23832.288,23837.255,47,2613
2025-11-30 23:00:00,23847.977,23868.488,23833.199,23843.199,57,7409
2025-12-01 00:00:00,23844.099,23846.777,23745.699,23752.055,59,7390
2025-12-01 01:00:00,23753.099,23775.066,23720.699,23763.699,59,3805
2025-12-01 02:00:00,23763.088,23766.099,23727.599,23742.599,58,3816
2025-12-01 03:00:00,23742.077,23743.555,23717.588,23742.088,56,3822
2025-12-01 04:00:00,23741.588,23743.055,23708.566,23712.588,48,3868
2025-12-01 05:00:00,23713.088,23725.199,23679.599,23725.199,60,3813
2025-12-01 06:00:00,23722.566,23741.577,23709.555,23722.099,60,3814
2025-12-01 07:00:00,23722.577,23742.755,23675.799,23740.255,57,2640
2025-12-01 08:00:00,23739.255,23761.799,23652.288,23668.799,60,1414
2025-12-01 09:00:00,23669.399,23721.277,23569.288,23585.766,60,1408
2025-12-01 10:00:00,23587.277,23644.755,23525.755,23529.799,60,1407
2025-12-01 11:00:00,23527.766,23542.777,23476.255,23484.777,60,1405
2025-12-01 12:00:00,23483.788,23503.788,23426.766,23483.299,60,1417
2025-12-01 13:00:00,23482.899,23583.777,23482.899,23568.788,60,1410
2025-12-01 14:00:00,23567.788,23618.299,23542.766,23611.288,60,1418
2025-12-01 15:00:00,23612.266,23623.788,23572.266,23608.777,60,1404
2025-12-01 16:00:00,23608.266,23626.699,23575.199,23618.299,60,1420
2025-12-01 17:00:00,23617.699,23637.677,23595.166,23626.199,60,2607
2025-12-01 18:00:00,23625.799,23665.199,23625.799,23660.655,60,2610
2025-12-01 19:00:00,23660.299,23660.299,23566.177,23569.177,60,2624
2025-12-01 20:00:00,23568.199,23591.199,23549.299,23555.255,60,2610
2025-12-01 21:00:00,23556.266,23564.499,23546.855,23548.655,15,7425
2025-12-01 23:00:00,23559.899,23569.077,23547.988,23554.377,60,7419
2025-12-02 00:00:00,23554.655,23575.599,23546.299,23560.577,57,7408
2025-12-02 01:00:00,23562.555,23601.577,23561.555,23591.555,55,3812
2025-12-02 02:00:00,23584.566,23606.088,23572.199,23591.555,55,3802
2025-12-02 03:00:00,23592.077,23599.099,23567.077,23592.077,58,3802
2025-12-02 04:00:00,23589.199,23601.599,23579.555,23586.088,53,3802
2025-12-02 05:00:00,23585.599,23607.566,23584.699,23599.099,55,3810
2025-12-02 06:00:00,23599.577,23631.099,23575.199,23615.599,60,3832
2025-12-02 07:00:00,23615.199,23650.166,23613.677,23639.777,60,2636
2025-12-02 08:00:00,23635.788,23719.899,23599.777,23713.788,60,1406
2025-12-02 09:00:00,23714.288,23737.788,23690.777,23703.266,60,1413
2025-12-02 10:00:00,23702.799,23771.788,23675.266,23768.299,60,1421
2025-12-02 11:00:00,23767.799,23784.766,23738.266,23771.399,60,1425
2025-12-02 12:00:00,23770.755,23774.788,23682.766,23708.299,60,1413
2025-12-02 13:00:00,23707.399,23709.299,23657.899,23699.266,60,1409
2025-12-02 14:00:00,23697.799,23731.266,23685.299,23722.766,60,1406
2025-12-02 15:00:00,23726.299,23770.399,23684.299,23768.266,60,1405
2025-12-02 16:00:00,23767.277,23795.788,23694.299,23736.688,60,1420
2025-12-02 17:00:00,23736.299,23772.799,23694.199,23694.199,60,2607
2025-12-02 18:00:00,23689.799,23728.699,23689.166,23721.666,60,2625
2025-12-02 19:00:00,23721.177,23750.299,23715.166,23745.155,60,2621
2025-12-02 20:00:00,23745.677,23756.199,23722.399,23722.799,60,2607
2025-12-02 21:00:00,23722.777,23729.888,23720.499,23725.166,15,7420
2025-12-02 23:00:00,23737.699,23744.388,23730.766,23739.855,60,7405
2025-12-03 00:00:00,23740.155,23746.799,23705.699,23738.066,59,7414
2025-12-03 01:00:00,23738.699,23749.699,23725.066,23729.066,57,3846
2025-12-03 02:00:00,23729.566,23743.566,23723.599,23737.199,55,3861
2025-12-03 03:00:00,23736.577,23752.077,23728.566,23750.566,58,3809
2025-12-03 04:00:00,23750.088,23754.566,23742.588,23748.566,48,3819
2025-12-03 05:00:00,23748.099,23762.099,23737.077,23742.588,55,3814
2025-12-03 06:00:00,23743.199,23761.055,23731.555,23759.055,56,3807
2025-12-03 07:00:00,23759.699,23784.199,23749.799,23758.755,60,2638
2025-12-03 08:00:00,23759.277,23822.266,23754.288,23814.777,60,1410
2025-12-03 09:00:00,23812.788,23842.255,23772.755,23786.399,60,1411
2025-12-03 10:00:00,23784.255,23800.777,23741.399,23749.766,60,1425
2025-12-03 11:00:00,23750.399,23772.899,23726.899,23753.777,60,1407
2025-12-03 12:00:00,23750.777,23792.299,23741.766,23764.255,60,1410
2025-12-03 13:00:00,23763.299,23785.277,23720.755,23722.288,60,1409
2025-12-03 14:00:00,23721.788,23737.288,23640.255,23719.255,60,1420
2025-12-03 15:00:00,23720.255,23747.777,23696.899,23714.299,60,1417
2025-12-03 16:00:00,23713.255,23720.399,23663.155,23668.655,60,1416
2025-12-03 17:00:00,23668.199,23720.699,23666.655,23716.677,60,2605
2025-12-03 18:00:00,23717.166,23741.299,23702.677,23728.666,60,2602
2025-12-03 19:00:00,23726.655,23777.199,23726.655,23771.799,60,2608
2025-12-03 20:00:00,23773.177,23785.799,23759.177,23769.788,60,2615
2025-12-03 21:00:00,23769.766,23776.455,23766.855,23774.666,15,7407
2025-12-03 23:00:00,23782.466,23782.899,23770.155,23775.788,60,7429
2025-12-04 00:00:00,23775.477,23785.577,23758.599,23765.599,57,7398
2025-12-04 01:00:00,23765.066,23788.055,23762.099,23778.566,59,3811
2025-12-04 02:00:00,23778.099,23819.066,23770.566,23812.577,60,3806
2025-12-04 03:00:00,23813.055,23813.077,23780.088,23791.699,57,3857
2025-12-04 04:00:00,23791.066,23797.555,23783.555,23795.055,57,3811
2025-12-04 05:00:00,23795.588,23809.577,23792.599,23809.577,55,3853
2025-12-04 06:00:00,23809.088,23830.566,23805.088,23825.077,56,3839
2025-12-04 07:00:00,23825.677,23859.766,23821.666,23858.788,60,2602
2025-12-04 08:00:00,23857.777,23914.299,23817.766,23843.277,60,1420
2025-12-04 09:00:00,23844.288,23872.899,23794.788,23865.299,60,1407
2025-12-04 10:00:00,23866.299,23883.755,23836.266,23844.755,60,1410
2025-12-04 11:00:00,23843.899,23893.777,23843.899,23876.777,60,1405
2025-12-04 12:00:00,23877.266,23925.299,23855.755,23908.788,60,1416
2025-12-04 13:00:00,23909.277,23930.899,23880.277,23899.799,60,1409
2025-12-04 14:00:00,23900.755,23923.755,23861.788,23878.399,60,1408
2025-12-04 15:00:00,23879.288,23913.899,23864.299,23891.899,60,1405
2025-12-04 16:00:00,23892.277,23923.788,23875.177,23905.199,60,1412
2025-12-04 17:00:00,23904.199,23910.299,23890.655,23895.155,60,2622
2025-12-04 18:00:00,23894.677,23907.688,23886.166,23890.799,60,2613
2025-12-04 19:00:00,23891.188,23894.177,23826.655,23875.177,60,2627
2025-12-04 20:00:00,23874.188,23888.188,23853.155,23885.777,60,2619
2025-12-04 21:00:00,23884.799,23885.988,23875.899,23879.466,15,7426
2025-12-04 23:00:00,23886.599,23889.888,23870.899,23876.788,58,7419
2025-12-05 00:00:00,23875.566,23889.588,23871.755,23881.055,54,7397
2025-12-05 01:00:00,23882.199,23899.077,23878.577,23895.699,55,3828
2025-12-05 02:00:00,23895.088,23927.088,23894.077,23903.077,52,3846
2025-12-05 03:00:00,23903.588,23912.199,23896.077,23911.199,53,3815
2025-12-05 04:00:00,23907.566,23924.066,23907.566,23923.555,47,3822
2025-12-05 05:00:00,23924.055,23936.566,23924.055,23936.077,54,3821
2025-12-05 06:00:00,23936.588,23942.199,23923.599,23932.088,53,3805
2025-12-05 07:00:00,23930.077,23949.688,23918.699,23938.788,60,2647
2025-12-05 08:00:00,23939.766,24019.777,23920.755,23996.299,60,1409
2025-12-05 09:00:00,23997.255,24029.399,23962.777,24006.288,49,1406
2025-12-05 10:00:00,24005.755,24046.799,23979.255,24033.755,60,1416
2025-12-05 11:00:00,24033.277,24054.777,24011.899,24032.266,60,1419
2025-12-05 12:00:00,24033.288,24062.799,24027.899,24059.299,60,1413
2025-12-05 13:00:00,24058.799,24100.399,24050.399,24063.899,60,1422
2025-12-05 14:00:00,24063.277,24107.755,24061.255,24097.788,60,1425
2025-12-05 15:00:00,24099.788,24131.766,24050.766,24069.399,60,1406
2025-12-05 16:00:00,24070.777,24085.777,24015.655,24048.199,60,1405
2025-12-05 17:00:00,24048.666,24056.177,24023.666,24054.677,60,2613
2025-12-05 18:00:00,24055.155,24076.677,24048.799,24061.699,60,2607
2025-12-05 19:00:00,24062.188,24063.299,24036.155,24050.688,59,2608
2025-12-05 20:00:00,24049.666,24049.666,24014.899,24027.899,60,2629
2025-12-07 23:00:00,24044.399,24049.699,24035.266,24039.855,57,7403
2025-12-08 00:00:00,24040.188,24052.566,24020.566,24048.099,59,7400
2025-12-08 01:00:00,24047.066,24050.099,24030.588,24040.199,57,3810
2025-12-08 02:00:00,24039.555,24045.588,24029.577,24031.577,53,3801
2025-12-08 03:00:00,24032.077,24037.055,24025.577,24027.599,39,3795
2025-12-08 04:00:00,24029.077,24046.588,24028.555,24028.555,52,3857
2025-12-08 05:00:00,24028.055,24045.199,24019.699,24030.699,54,3804
2025-12-08 06:00:00,24030.199,24030.577,24001.599,24017.577,59,3816
2025-12-08 07:00:00,24014.566,24038.688,24003.155,24033.899,60,2670
2025-12-08 08:00:00,24034.288,24066.266,23987.777,24033.277,60,1417
2025-12-08 09:00:00,24033.799,24092.399,24019.766,24091.288,60,1403
2025-12-08 10:00:00,24091.799,24092.899,24060.788,24076.766,60,1413
2025-12-08 11:00:00,24076.277,24095.777,24055.799,24069.277,60,1410
2025-12-08 12:00:00,24070.899,24085.899,24057.766,24075.899,60,1402
2025-12-08 13:00:00,24076.766,24114.777,24071.755,24089.288,60,1402
2025-12-08 14:00:00,24090.266,24117.899,24079.255,24097.299,60,1411
2025-12-08 15:00:00,24096.788,24099.799,24011.277,24018.899,60,1413
2025-12-08 16:00:00,24017.777,24061.766,23995.755,24041.655,60,1406
2025-12-08 17:00:00,24041.199,24046.666,24011.799,24043.677,60,2611
2025-12-08 18:00:00,24044.188,24044.188,23999.166,24009.666,60,2609
2025-12-08 19:00:00,24009.299,24024.299,24005.177,24013.166,60,2615
2025-12-08 20:00:00,24015.177,24021.799,24007.655,24014.299,60,2613
2025-12-08 21:00:00,24016.277,24016.399,24006.788,24010.288,15,7421
2025-12-08 23:00:00,24035.699,24045.199,24024.955,24044.555,60,7408
2025-12-09 00:00:00,24044.255,24057.066,24028.788,24052.599,54,7416
2025-12-09 01:00:00,24052.099,24062.577,24036.055,24044.055,58,3816
2025-12-09 02:00:00,24045.099,24049.099,24035.099,24043.566,57,3838
2025-12-09 03:00:00,24042.566,24048.055,24035.555,24044.088,49,3833
2025-12-09 04:00:00,24043.588,24047.699,24040.099,24044.588,44,3812
2025-12-09 05:00:00,24043.588,24057.088,24035.088,24043.099,52,3835
2025-12-09 06:00:00,24043.577,24090.599,24031.066,24087.599,57,3842
2025-12-09 07:00:00,24088.588,24101.699,24066.655,24091.255,60,2611
2025-12-09 08:00:00,24093.766,24188.288,24069.266,24159.266,60,1408
2025-12-09 09:00:00,24160.288,24171.299,24124.299,24148.277,60,1406
2025-12-09 10:00:00,24148.777,24167.399,24118.777,24149.399,60,1409
2025-12-09 11:00:00,24150.277,24152.277,24096.399,24111.299,60,1418
2025-12-09 12:00:00,24110.299,24131.799,24092.777,24127.299,60,1415
2025-12-09 13:00:00,24126.266,24142.399,24101.766,24114.399,60,1413
2025-12-09 14:00:00,24113.755,24148.299,24087.899,24146.266,60,1413
2025-12-09 15:00:00,24147.266,24166.255,24129.755,24151.899,60,1407
2025-12-09 16:00:00,24151.299,24172.777,24144.655,24153.699,60,1405
2025-12-09 17:00:00,24154.688,24159.677,24113.688,24134.188,60,2611
2025-12-09 18:00:00,24133.688,24153.299,24123.677,24140.688,60,2609
2025-12-09 19:00:00,24141.188,24144.655,24127.188,24132.155,60,2631
2025-12-09 20:00:00,24131.666,24138.655,24110.766,24116.399,60,2629
2025-12-09 21:00:00,24115.899,24118.599,24107.677,24115.466,15,7407
2025-12-09 23:00:00,24119.466,24125.399,24119.355,24119.955,58,7407
2025-12-10 00:00:00,24119.666,24131.299,24097.199,24104.066,54,7387
2025-12-10 01:00:00,24104.599,24107.577,24083.077,24095.099,59,3816
2025-12-10 02:00:00,24094.577,24115.599,24094.577,24107.566,53,3809
2025-12-10 03:00:00,24108.055,24121.699,24108.055,24118.077,54,3838
2025-12-10 04:00:00,24118.699,24140.588,24118.588,24138.577,57,3874
2025-12-10 05:00:00,24138.077,24138.077,24098.599,24104.066,53,3807
2025-12-10 06:00:00,24104.699,24128.066,24101.555,24123.588,59,3813
2025-12-10 07:00:00,24122.066,24154.199,24107.688,24140.755,60,2672
2025-12-10 08:00:00,24141.766,24166.755,24049.777,24078.299,60,1406
2025-12-10 09:00:00,24078.799,24106.766,23996.277,24067.755,60,1406
2025-12-10 10:00:00,24067.288,24077.277,24016.899,24016.899,60,1419
2025-12-10 11:00:00,24016.266,24066.899,24005.288,24053.255,60,1408
2025-12-10 12:00:00,24055.288,24083.899,24042.277,24049.788,60,1407
2025-12-10 13:00:00,24049.277,24057.799,24021.788,24036.255,60,1408
2025-12-10 14:00:00,24037.288,24076.899,24027.255,24072.255,60,1410
2025-12-10 15:00:00,24072.777,24102.799,24054.255,24077.399,60,1412
2025-12-10 16:00:00,24075.266,24150.688,24062.788,24138.677,60,1412
2025-12-10 17:00:00,24137.677,24138.799,24105.699,24128.799,60,2608
2025-12-10 18:00:00,24128.177,24137.799,24112.299,24122.699,60,2631
2025-12-10 19:00:00,24123.666,24186.188,24093.199,24180.166,60,2614
2025-12-10 20:00:00,24179.666,24226.688,24171.655,24191.255,60,2590
2025-12-10 21:00:00,24192.399,24197.799,24173.788,24188.655,15,7416
2025-12-10 23:00:00,24185.788,24195.577,24174.499,24179.277,60,7408
2025-12-11 00:00:00,24179.555,24199.599,24168.555,24174.099,59,7399
2025-12-11 01:00:00,24173.566,24174.199,24145.566,24146.577,58,3840
2025-12-11 02:00:00,24147.066,24148.699,24076.099,24092.599,60,3821
2025-12-11 03:00:00,24094.077,24097.099,23971.088,24019.588,60,3811
2025-12-11 04:00:00,24017.099,24029.199,24007.588,24015.077,60,3825
2025-12-11 05:00:00,24014.599,24063.577,24011.588,24053.699,60,3803
2025-12-11 06:00:00,24054.055,24084.699,24033.555,24082.066,60,3820
2025-12-11 07:00:00,24078.599,24124.199,24036.166,24108.255,60,2684
2025-12-11 08:00:00,24107.766,24125.788,24004.788,24104.766,60,1403
2025-12-11 09:00:00,24104.266,24137.255,24083.777,24126.266,60,1410
2025-12-11 10:00:00,24126.799,24169.899,24107.399,24164.899,60,1408
2025-12-11 11:00:00,24165.277,24177.788,24132.255,24140.777,60,1411
2025-12-11 12:00:00,24144.277,24186.277,24126.799,24179.266,60,1410
2025-12-11 13:00:00,24179.766,24218.266,24171.399,24215.755,60,1433
2025-12-11 14:00:00,24216.277,24288.399,24213.766,24255.766,60,1403
2025-12-11 15:00:00,24256.899,24362.299,24251.766,24343.277,60,1410
2025-12-11 16:00:00,24343.766,24368.277,24266.799,24308.155,60,1408
2025-12-11 17:00:00,24306.666,24360.155,24304.655,24348.188,60,2613
2025-12-11 18:00:00,24347.166,24370.799,24344.199,24349.677,60,2611
2025-12-11 19:00:00,24350.155,24382.299,24350.155,24380.199,60,2610
2025-12-11 20:00:00,24378.299,24383.188,24336.699,24364.788,59,2603
2025-12-11 21:00:00,24356.377,24372.299,24352.766,24367.399,15,7409
2025-12-11 23:00:00,24361.299,24375.599,24346.055,24354.066,60,7407
2025-12-12 00:00:00,24353.177,24375.088,24340.299,24354.099,58,7407
2025-12-12 01:00:00,24351.099,24367.566,24346.055,24367.088,58,3820
2025-12-12 02:00:00,24367.599,24379.577,24359.699,24378.599,59,3820
2025-12-12 03:00:00,24380.055,24383.077,24363.055,24378.055,58,3810
2025-12-12 04:00:00,24378.699,24393.566,24361.055,24382.077,55,3837
2025-12-12 05:00:00,24382.599,24422.199,24380.066,24415.555,58,3809
2025-12-12 06:00:00,24416.099,24422.566,24391.699,24395.199,57,3812
2025-12-12 07:00:00,24395.666,24408.666,24382.288,24385.399,59,2602
2025-12-12 08:00:00,24386.277,24474.899,24356.288,24427.299,60,1406
2025-12-12 09:00:00,24426.299,24457.288,24400.255,24417.299,60,1409
2025-12-12 10:00:00,24418.255,24436.299,24346.255,24375.399,60,1419
2025-12-12 11:00:00,24374.255,24376.299,24327.399,24339.255,60,1419
2025-12-12 12:00:00,24338.288,24342.399,24310.399,24330.766,60,1412
2025-12-12 13:00:00,24330.277,24343.899,24302.399,24342.277,60,1414
2025-12-12 14:00:00,24342.899,24403.299,24340.277,24362.299,60,1414
2025-12-12 15:00:00,24359.277,24363.399,24194.899,24214.788,60,1411
2025-12-12 16:00:00,24212.755,24230.788,24155.655,24193.799,60,1410
2025-12-12 17:00:00,24193.188,24252.177,24189.166,24231.666,60,2611
2025-12-12 18:00:00,24232.188,24271.688,24226.188,24239.166,60,2605
2025-12-12 19:00:00,24239.799,24241.155,24217.688,24229.688,60,2612
2025-12-12 20:00:00,24228.699,24234.755,24185.177,24232.266,60,2616
2025-12-12 21:00:00,24231.755,24231.755,24231.755,24231.755,1,7468
2025-12-14 23:00:00,24223.388,24243.799,24206.755,24240.699,57,7407
2025-12-15 00:00:00,24239.966,24277.588,24229.399,24275.066,54,7423
2025-12-15 01:00:00,24275.588,24295.588,24269.199,24295.088,59,3824
2025-12-15 02:00:00,24295.566,24315.099,24293.199,24306.599,59,3820
2025-12-15 03:00:00,24307.088,24310.588,24295.055,24297.199,56,3840
2025-12-15 04:00:00,24296.566,24312.577,24289.599,24305.199,55,3796
2025-12-15 05:00:00,24304.066,24325.199,24302.077,24305.566,58,3816
2025-12-15 06:00:00,24304.588,24314.577,24282.099,24296.099,60,3807
2025-12-15 07:00:00,24296.677,24322.166,24283.188,24316.766,60,2624
2025-12-15 08:00:00,24313.799,24332.788,24243.799,24247.399,60,1410
2025-12-15 09:00:00,24247.777,24277.799,24229.777,24254.299,60,1411
2025-12-15 10:00:00,24253.788,24307.399,24248.255,24304.777,60,1420
2025-12-15 11:00:00,24305.399,24317.799,24298.399,24304.399,60,1407
2025-12-15 12:00:00,24303.255,24307.899,24246.288,24278.299,60,1416
2025-12-15 13:00:00,24279.255,24286.277,24258.777,24275.299,60,1423
2025-12-15 14:00:00,24274.299,24287.799,24225.299,24228.399,60,1413
2025-12-15 15:00:00,24227.255,24231.755,24167.266,24199.255,60,1405
2025-12-15 16:00:00,24201.277,24262.755,24189.255,24213.677,60,1405
2025-12-15 17:00:00,24213.166,24220.677,24153.166,24166.155,60,2605
2025-12-15 18:00:00,24165.688,24197.677,24151.799,24189.655,60,2622
2025-12-15 19:00:00,24189.199,24201.188,24167.699,24190.655,60,2606
2025-12-15 20:00:00,24190.166,24204.177,24180.677,24190.899,60,2611
2025-12-15 21:00:00,24189.799,24197.599,24182.455,24191.488,15,7413
2025-12-15 23:00:00,24198.388,24199.299,24163.277,24174.699,60,7417
2025-12-16 00:00:00,24174.299,24198.199,24148.299,24172.055,59,7401
2025-12-16 01:00:00,24171.588,24173.599,24082.066,24091.066,60,3835
2025-12-16 02:00:00,24090.599,24104.555,24069.588,24085.199,60,3813
2025-12-16 03:00:00,24085.599,24100.199,24056.599,24092.599,59,3846
2025-12-16 04:00:00,24093.055,24107.088,24070.588,24100.077,58,3835
2025-12-16 05:00:00,24100.566,24106.088,24056.099,24062.599,59,3834
2025-12-16 06:00:00,24063.066,24087.077,24059.099,24087.066,60,3801
2025-12-16 07:00:00,24090.599,24113.155,24070.655,24106.755,60,2626
2025-12-16 08:00:00,24109.255,24166.799,24072.255,24161.299,60,1403
2025-12-16 09:00:00,24158.299,24193.777,24114.277,24125.766,60,1412
2025-12-16 10:00:00,24123.766,24178.777,24114.899,24148.755,60,1408
2025-12-16 11:00:00,24147.766,24163.799,24117.766,24126.255,60,1419
2025-12-16 12:00:00,24125.277,24154.899,24108.755,24143.766,60,1418
2025-12-16 13:00:00,24145.799,24164.288,24114.266,24122.899,60,1406
2025-12-16 14:00:00,24122.288,24126.399,24066.799,24104.788,60,1404
2025-12-16 15:00:00,24107.777,24110.288,24007.266,24087.799,60,1408
2025-12-16 16:00:00,24086.777,24125.199,24056.766,24120.177,60,1406
2025-12-16 17:00:00,24121.299,24139.299,24063.155,24070.666,60,2607
2025-12-16 18:00:00,24069.688,24134.299,24000.299,24115.799,60,2606
2025-12-16 19:00:00,24115.188,24132.199,24075.166,24123.688,60,2617
2025-12-16 20:00:00,24123.188,24158.299,24118.155,24118.799,60,2622
2025-12-16 21:00:00,24117.277,24124.455,24109.477,24114.277,15,7404
2025-12-16 23:00:00,24116.977,24125.588,24096.399,24102.999,60,7406
2025-12-17 00:00:00,24102.288,24102.866,24067.755,24087.588,59,7418
2025-12-17 01:00:00,24088.699,24140.588,24088.699,24140.066,60,3807
2025-12-17 02:00:00,24140.588,24142.588,24100.199,24112.099,60,3813
2025-12-17 03:00:00,24111.055,24119.699,24101.099,24102.088,60,3803
2025-12-17 04:00:00,24102.599,24118.199,24081.555,24082.588,58,3854
2025-12-17 05:00:00,24083.555,24104.699,24070.055,24099.077,60,3848
2025-12-17 06:00:00,24098.599,24134.577,24098.599,24128.055,59,3810
2025-12-17 07:00:00,24128.566,24171.177,24118.155,24161.766,60,2643
2025-12-17 08:00:00,24164.255,24186.899,24123.255,24154.788,60,1409
2025-12-17 09:00:00,24155.755,24159.799,24096.777,24123.766,60,1418
2025-12-17 10:00:00,24123.255,24136.266,24081.255,24089.266,60,1413
2025-12-17 11:00:00,24089.788,24093.288,24047.777,24072.799,60,1409
2025-12-17 12:00:00,24073.255,24087.755,24036.266,24065.288,60,1403
2025-12-17 13:00:00,24063.899,24079.399,24024.799,24035.755,60,1416
2025-12-17 14:00:00,24037.799,24106.299,24027.277,24099.277,60,1413
2025-12-17 15:00:00,24100.266,24103.299,23969.755,23974.288,60,1406
2025-12-17 16:00:00,23972.799,23992.277,23942.299,23985.155,60,1409
2025-12-17 17:00:00,23985.799,23994.299,23947.188,23967.188,60,2617
2025-12-17 18:00:00,23968.177,23985.688,23895.155,23910.699,60,2610
2025-12-17 19:00:00,23911.199,23918.299,23880.155,23916.199,60,2606
2025-12-17 20:00:00,23918.155,23924.299,23877.655,23884.755,60,2617
2025-12-17 21:00:00,23886.777,23921.099,23886.099,23919.877,15,7427
2025-12-17 23:00:00,23913.688,23915.899,23884.955,23888.577,60,7403
2025-12-18 00:00:00,23889.199,23915.077,23873.555,23914.066,58,7411
2025-12-18 01:00:00,23913.577,23914.199,23861.555,23866.599,60,3837
2025-12-18 02:00:00,23869.066,23903.199,23864.099,23888.599,60,3803
2025-12-18 03:00:00,23888.099,23890.066,23853.577,23863.066,59,3809
2025-12-18 04:00:00,23863.599,23898.099,23860.555,23896.577,58,3807
2025-12-18 05:00:00,23895.566,23927.077,23887.566,23918.088,59,3807
2025-12-18 06:00:00,23917.588,23940.555,23911.199,23931.088,60,3820
2025-12-18 07:00:00,23929.599,23945.655,23906.177,23927.299,60,2627
2025-12-18 08:00:00,23930.299,23987.788,23916.299,23971.399,60,1412
2025-12-18 09:00:00,23970.766,24009.255,23949.799,23984.766,60,1436
2025-12-18 10:00:00,23985.288,24013.288,23979.799,23997.766,60,1426
2025-12-18 11:00:00,23998.799,24037.766,23989.799,24012.799,60,1420
2025-12-18 12:00:00,24014.899,24037.899,24006.255,24019.288,60,1404
2025-12-18 13:00:00,24018.899,24089.899,24016.777,24031.255,60,1419
2025-12-18 14:00:00,24030.788,24106.788,24029.288,24073.399,60,1422
2025-12-18 15:00:00,24072.777,24193.399,24058.266,24191.788,60,1424
2025-12-18 16:00:00,24190.777,24225.799,24159.777,24177.166,60,1409
2025-12-18 17:00:00,24177.699,24181.199,24080.177,24162.677,60,2605
2025-12-18 18:00:00,24163.699,24194.199,24143.177,24160.699,60,2604
2025-12-18 19:00:00,24161.199,24162.677,24116.666,24126.199,60,2622
2025-12-18 20:00:00,24126.699,24178.299,24123.799,24142.266,60,2607
2025-12-18 21:00:00,24142.399,24146.466,24114.377,24118.199,15,7410
2025-12-18 23:00:00,24130.899,24144.599,24118.988,24144.566,60,7406
2025-12-19 00:00:00,24143.966,24148.888,24115.699,24119.099,58,7416
2025-12-19 01:00:00,24118.566,24144.055,24096.566,24132.699,59,3818
2025-12-19 02:00:00,24131.555,24136.199,24111.055,24117.699,59,3804
2025-12-19 03:00:00,24116.055,24154.077,24110.077,24127.588,60,3852
2025-12-19 04:00:00,24129.599,24136.055,24121.099,24133.199,59,3834
2025-12-19 05:00:00,24133.555,24136.588,24111.699,24123.577,59,3817
2025-12-19 06:00:00,24121.077,24156.088,24114.588,24140.566,60,3809
2025-12-19 07:00:00,24145.099,24201.699,24145.099,24186.777,60,2652
2025-12-19 08:00:00,24196.755,24236.899,24163.288,24199.899,60,1417
2025-12-19 09:00:00,24197.788,24264.266,24173.766,24243.277,60,1410
2025-12-19 10:00:00,24244.288,24256.255,24197.266,24198.777,60,1409
2025-12-19 11:00:00,24199.288,24210.399,24155.899,24201.255,60,1412
2025-12-19 12:00:00,24204.299,24216.399,24155.766,24205.288,60,1405
2025-12-19 13:00:00,24206.399,24235.299,24202.899,24209.399,60,1409
2025-12-19 14:00:00,24210.399,24271.755,24202.266,24269.899,60,1405
2025-12-19 15:00:00,24269.277,24299.899,24251.266,24268.288,60,1402
2025-12-19 16:00:00,24266.266,24306.266,24259.277,24305.177,60,1409
2025-12-19 17:00:00,24304.666,24338.177,24295.688,24327.177,60,2603
2025-12-19 18:00:00,24326.666,24335.166,24302.177,24302.177,60,2642
2025-12-19 19:00:00,24301.677,24317.799,24295.666,24307.677,60,2603
2025-12-19 20:00:00,24305.699,24306.799,24260.199,24271.255,60,2607
2025-12-19 21:00:00,24270.255,24270.255,24270.255,24270.255,1,7457
2025-12-21 23:00:00,24311.999,24325.177,24307.455,24322.177,58,7405
2025-12-22 00:00:00,24323.388,24326.199,24302.566,24314.055,49,7411
2025-12-22 01:00:00,24314.599,24340.199,24314.577,24317.588,57,3846
2025-12-22 02:00:00,24318.099,24323.599,24307.588,24313.099,56,3817
2025-12-22 03:00:00,24313.599,24317.699,24300.066,24305.099,51,3838
2025-12-22 04:00:00,24306.055,24315.566,24265.077,24276.066,58,3841
2025-12-22 05:00:00,24276.599,24284.066,24261.555,24269.599,57,3853
2025-12-22 06:00:00,24269.088,24287.577,24255.199,24286.555,57,3846
2025-12-22 07:00:00,24287.155,24327.199,24285.177,24297.299,60,2604
2025-12-22 08:00:00,24295.266,24358.399,24285.288,24310.288,60,1413
2025-12-22 09:00:00,24309.399,24324.899,24287.788,24295.899,60,1417
2025-12-22 10:00:00,24295.399,24305.799,24262.288,24272.277,60,1417
2025-12-22 11:00:00,24272.799,24302.799,24264.399,24284.255,60,1402
2025-12-22 12:00:00,24285.755,24312.277,24283.299,24291.255,60,1415
2025-12-22 13:00:00,24291.788,24292.799,24228.766,24264.788,60,1410
2025-12-22 14:00:00,24265.255,24273.299,24204.755,24208.299,60,1407
2025-12-22 15:00:00,24207.266,24284.755,24199.299,24280.755,60,1410
2025-12-22 16:00:00,24280.255,24307.266,24270.166,24280.655,60,1410
2025-12-22 17:00:00,24281.655,24299.188,24270.677,24298.299,60,2602
2025-12-22 18:00:00,24297.655,24297.655,24275.166,24280.688,60,2605
2025-12-22 19:00:00,24281.166,24296.166,24277.177,24293.199,60,2642
2025-12-22 20:00:00,24292.799,24302.299,24286.655,24293.766,59,2607
2025-12-22 21:00:00,24293.266,24298.966,24293.266,24294.299,15,7412
2025-12-22 23:00:00,24293.255,24299.599,24291.066,24293.599,59,7428
2025-12-23 00:00:00,24294.088,24322.099,24290.455,24318.055,47,7413
2025-12-23 01:00:00,24318.588,24322.077,24296.066,24314.577,55,3851
2025-12-23 02:00:00,24314.099,24327.699,24312.077,24320.577,54,3822
2025-12-23 03:00:00,24321.088,24327.588,24317.066,24322.066,48,3803
2025-12-23 04:00:00,24319.599,24325.577,24301.588,24305.577,41,3853
2025-12-23 05:00:00,24306.055,24311.199,24297.055,24300.199,54,3846
2025-12-23 06:00:00,24299.699,24305.566,24283.199,24303.099,57,3815
2025-12-23 07:00:00,24306.066,24316.188,24291.288,24293.299,60,2645
2025-12-23 08:00:00,24295.788,24344.399,24281.399,24294.755,60,1421
2025-12-23 09:00:00,24294.277,24319.277,24282.777,24317.277,60,1409
2025-12-23 10:00:00,24317.788,24334.299,24309.277,24315.299,60,1415
2025-12-23 11:00:00,24314.777,24327.399,24299.755,24312.788,60,1412
2025-12-23 12:00:00,24312.277,24315.266,24283.299,24304.766,60,1420
2025-12-23 13:00:00,24305.799,24313.899,24252.277,24271.399,60,1428
2025-12-23 14:00:00,24270.288,24344.399,24262.288,24320.299,60,1415
2025-12-23 15:00:00,24320.755,24363.288,24306.755,24355.277,60,1407
2025-12-23 16:00:00,24355.899,24358.399,24327.799,24344.699,60,1418
2025-12-23 17:00:00,24345.166,24350.199,24324.199,24325.166,60,2603
2025-12-23 18:00:00,24324.666,24348.799,24324.155,24339.688,60,2627
2025-12-23 19:00:00,24339.166,24342.688,24320.799,24326.155,59,2628
2025-12-23 20:00:00,24325.199,24334.199,24317.399,24320.799,60,2623
2025-12-23 21:00:00,24320.255,24324.455,24313.888,24313.888,15,8213
2025-12-23 23:00:00,24314.166,24322.866,24313.299,24318.388,60,8231
2025-12-24 00:00:00,24319.266,24324.088,24318.055,24320.499,60,8210
2025-12-24 01:00:00,24321.055,24324.699,24314.466,24318.399,60,8210
2025-12-24 02:00:00,24317.666,24320.066,24312.855,24314.799,60,8220
2025-12-24 03:00:00,24314.966,24320.599,24312.299,24319.866,60,8216
2025-12-24 04:00:00,24320.177,24322.299,24315.788,24316.266,54,8257
2025-12-24 05:00:00,24316.888,24321.199,24313.966,24317.466,54,8209
2025-12-24 06:00:00,24316.888,24320.288,24316.299,24319.677,51,8246
2025-12-24 07:00:00,24319.988,24320.999,24314.988,24317.299,55,8227
2025-12-24 08:00:00,24317.899,24322.666,24317.288,24320.099,58,8253
2025-12-24 09:00:00,24319.799,24329.866,24318.455,24323.877,58,8209
2025-12-24 10:00:00,24323.288,24326.999,24319.655,24324.766,59,8257
2025-12-24 11:00:00,24324.499,24327.455,24322.066,24324.466,60,8239
2025-12-24 12:00:00,24324.788,24334.077,24323.266,24328.866,58,8225
2025-12-24 13:00:00,24328.277,24334.877,24321.055,24332.466,60,8239
2025-12-24 14:00:00,24333.099,24345.699,24322.266,24342.688,59,8202
2025-12-24 15:00:00,24342.077,24361.799,24338.466,24361.177,60,8213
2025-12-24 16:00:00,24361.455,24382.399,24358.777,24376.655,60,8209
2025-12-24 17:00:00,24377.399,24386.399,24368.077,24371.088,60,8219
2025-12-24 18:00:00,24369.899,24372.888,24357.966,24364.699,14,8218
2025-12-25 23:00:00,24371.877,24387.599,24368.277,24375.788,56,8213
2025-12-26 00:00:00,24375.499,24385.499,24374.399,24382.666,59,8231
2025-12-26 01:00:00,24382.966,24385.088,24368.399,24370.077,60,8223
2025-12-26 02:00:00,24370.366,24373.688,24367.077,24371.877,58,8211
2025-12-26 03:00:00,24372.499,24374.577,24367.055,24367.388,57,8248
2025-12-26 04:00:00,24367.077,24368.855,24364.655,24367.099,54,8246
2025-12-26 05:00:00,24366.755,24369.466,24362.399,24364.166,56,8231
2025-12-26 06:00:00,24364.499,24366.199,24361.166,24362.366,58,8192
2025-12-26 07:00:00,24362.699,24363.577,24352.766,24356.999,59,8238
2025-12-26 08:00:00,24355.799,24359.988,24350.399,24358.155,59,8216
2025-12-26 09:00:00,24356.966,24365.399,24356.955,24363.099,58,8232
2025-12-26 10:00:00,24363.288,24368.999,24362.377,24364.688,59,8220
2025-12-26 11:00:00,24365.099,24366.499,24353.388,24358.788,59,8202
2025-12-26 12:00:00,24359.366,24368.288,24356.799,24364.988,58,8240
2025-12-26 13:00:00,24365.266,24377.277,24362.066,24370.055,60,8217
2025-12-26 14:00:00,24370.699,24400.566,24362.966,24378.455,60,8219
2025-12-26 15:00:00,24379.077,24383.288,24350.966,24379.088,60,8221
2025-12-26 16:00:00,24378.499,24382.077,24353.955,24361.377,60,8205
2025-12-26 17:00:00,24360.899,24366.299,24346.955,24356.599,60,8225
2025-12-26 18:00:00,24357.155,24368.699,24343.355,24366.777,60,8204
2025-12-26 19:00:00,24367.366,24372.199,24360.766,24364.377,60,8234
2025-12-26 20:00:00,24364.066,24372.688,24361.977,24369.166,60,8257
2025-12-26 21:00:00,24370.266,24370.266,24368.399,24368.399,1,8233
2025-12-28 23:00:00,24377.188,24379.577,24366.466,24373.055,57,8203
2025-12-29 00:00:00,24372.477,24402.588,24366.399,24385.099,59,8207
2025-12-29 01:00:00,24384.555,24398.588,24380.566,24383.066,55,3815
2025-12-29 02:00:00,24383.577,24392.199,24375.099,24379.088,53,3845
2025-12-29 03:00:00,24378.566,24385.588,24369.588,24377.699,38,3836
2025-12-29 04:00:00,24377.555,24385.055,24375.588,24376.088,48,3839
2025-12-29 05:00:00,24375.066,24377.555,24365.077,24371.577,55,3853
2025-12-29 06:00:00,24372.555,24417.566,24370.566,24398.699,60,3846
2025-12-29 07:00:00,24398.055,24429.199,24386.199,24390.777,60,2643
2025-12-29 08:00:00,24391.799,24422.799,24250.266,24262.777,60,1411
2025-12-29 09:00:00,24264.755,24300.899,24248.755,24274.777,60,1408
2025-12-29 10:00:00,24273.799,24322.788,24260.788,24315.788,60,1407
2025-12-29 11:00:00,24316.255,24364.799,24315.288,24337.299,60,1422
2025-12-29 12:00:00,24335.788,24350.899,24305.766,24315.777,60,1409
2025-12-29 13:00:00,24315.288,24349.788,24310.399,24341.799,60,1409
2025-12-29 14:00:00,24342.266,24385.299,24317.755,24319.299,60,1411
2025-12-29 15:00:00,24320.799,24385.399,24307.755,24380.777,60,1411
2025-12-29 16:00:00,24381.777,24392.799,24337.155,24352.166,60,1406
2025-12-29 17:00:00,24351.199,24368.188,24340.688,24366.177,60,2619
2025-12-29 18:00:00,24364.166,24387.188,24360.666,24362.188,60,2613
2025-12-29 19:00:00,24361.799,24379.299,24354.166,24374.177,60,2603
2025-12-29 20:00:00,24373.677,24378.155,24345.688,24360.277,60,2608
2025-12-29 21:00:00,24359.899,24359.899,24350.399,24356.388,15,7420
2025-12-29 23:00:00,24365.688,24366.588,24346.655,24347.866,60,7414
2025-12-30 00:00:00,24348.477,24361.577,24338.055,24347.599,54,7397
2025-12-30 01:00:00,24349.077,24385.055,24341.199,24384.099,57,3824
2025-12-30 02:00:00,24386.577,24391.199,24369.577,24385.588,60,3804
2025-12-30 03:00:00,24386.599,24399.077,24385.566,24393.055,51,3857
2025-12-30 04:00:00,24392.588,24400.077,24388.066,24388.066,45,3802
2025-12-30 05:00:00,24387.699,24387.699,24369.055,24378.066,55,3824
2025-12-30 06:00:00,24377.077,24377.577,24351.577,24360.699,55,3836
2025-12-30 07:00:00,24363.066,24374.688,24319.766,24320.755,60,2756
2025-12-30 08:00:00,24321.399,24369.777,24321.399,24365.288,60,1407
2025-12-30 09:00:00,24363.266,24415.399,24359.777,24411.277,60,1406
2025-12-30 10:00:00,24413.277,24449.277,24412.255,24444.288,60,1407
2025-12-30 11:00:00,24445.255,24485.399,24404.777,24474.799,60,1423
2025-12-30 12:00:00,24475.266,24535.277,24471.299,24533.266,60,1427
2025-12-30 13:00:00,24532.266,24538.277,24494.777,24524.755,60,1432
2025-12-30 14:00:00,24525.799,24565.799,24519.288,24563.277,60,1417
2025-12-30 15:00:00,24564.766,24625.799,24554.899,24610.399,60,1420
2025-12-30 16:00:00,24608.399,24642.799,24601.755,24623.166,60,1408
2025-12-30 17:00:00,24623.666,24624.199,24587.655,24591.677,60,2607
2025-12-30 18:00:00,24591.155,24614.677,24587.155,24589.666,60,2612
2025-12-30 19:00:00,24590.299,24599.299,24576.166,24584.188,60,2617
2025-12-30 20:00:00,24583.677,24599.177,24556.788,24569.266,60,2627
2025-12-30 21:00:00,24568.799,24575.155,24562.166,24569.777,15,8205
2025-12-30 23:00:00,24571.566,24576.277,24555.199,24562.988,59,8210
2025-12-31 00:00:00,24562.577,24563.099,24540.677,24543.777,60,8220
2025-12-31 01:00:00,24543.177,24549.588,24531.677,24547.177,60,8231
2025-12-31 02:00:00,24545.877,24558.199,24545.255,24556.177,60,8207
2025-12-31 03:00:00,24555.577,24560.488,24548.966,24551.355,60,8236
2025-12-31 04:00:00,24551.988,24558.699,24549.699,24550.777,58,8241
2025-12-31 05:00:00,24551.377,24553.799,24537.599,24539.866,60,8208
2025-12-31 06:00:00,24540.499,24542.288,24531.955,24537.455,60,8236
2025-12-31 07:00:00,24536.877,24551.399,24533.155,24545.855,60,8208
2025-12-31 08:00:00,24545.399,24549.499,24526.788,24529.599,60,8204
2025-12-31 09:00:00,24528.999,24540.955,24528.266,24533.577,60,8215
2025-12-31 10:00:00,24533.888,24542.099,24528.688,24538.399,59,8204
2025-12-31 11:00:00,24538.955,24551.299,24537.777,24550.655,60,8210
2025-12-31 12:00:00,24550.055,24574.599,24546.455,24570.388,60,8202
2025-12-31 13:00:00,24569.899,24606.688,24567.499,24598.255,60,8215
2025-12-31 14:00:00,24598.866,24603.099,24541.388,24557.088,60,8219
2025-12-31 15:00:00,24556.477,24559.477,24515.866,24525.577,60,8216
2025-12-31 16:00:00,24525.099,24561.366,24524.977,24558.977,60,8209
2025-12-31 17:00:00,24559.599,24561.399,24539.355,24543.677,60,8214
2025-12-31 18:00:00,24543.088,24575.199,24541.855,24569.699,60,8220
2025-12-31 19:00:00,24570.266,24576.377,24522.277,24525.699,60,8220
2025-12-31 20:00:00,24525.066,24527.455,24490.977,24495.166,30,8208
2026-01-01 23:00:00,24506.599,24519.699,24502.566,24514.799,57,8204
2026-01-02 00:00:00,24514.155,24549.799,24461.555,24504.699,59,8180
2026-01-02 01:00:00,24505.088,24529.099,24495.555,24503.066,60,3805
2026-01-02 02:00:00,24506.599,24510.699,24490.599,24502.055,60,3820
2026-01-02 03:00:00,24498.066,24513.699,24484.199,24505.599,60,3805
2026-01-02 04:00:00,24504.599,24520.555,24496.588,24504.066,59,3805
2026-01-02 05:00:00,24505.588,24540.088,24493.588,24538.566,57,3811
2026-01-02 06:00:00,24539.099,24561.077,24525.055,24555.588,59,3839
2026-01-02 07:00:00,24552.055,24579.299,24474.666,24485.899,60,2663
2026-01-02 08:00:00,24487.288,24643.899,24454.899,24639.288,60,1406
2026-01-02 09:00:00,24638.299,24680.288,24581.766,24592.299,60,1422
2026-01-02 10:00:00,24595.277,24595.766,24476.766,24529.299,60,1406
2026-01-02 11:00:00,24528.799,24573.788,24518.399,24568.399,60,1407
2026-01-02 12:00:00,24566.755,24580.777,24523.899,24577.799,60,1410
2026-01-02 13:00:00,24578.255,24598.788,24556.255,24595.799,60,1408
2026-01-02 14:00:00,24595.299,24614.799,24559.755,24587.277,60,1418
2026-01-02 15:00:00,24587.799,24589.399,24464.277,24513.755,60,1415
2026-01-02 16:00:00,24512.788,24550.166,24446.755,24519.155,60,1407
2026-01-02 17:00:00,24518.199,24532.799,24482.666,24488.155,60,2605
2026-01-02 18:00:00,24487.666,24498.799,24460.155,24487.677,60,2622
2026-01-02 19:00:00,24488.199,24556.177,24487.155,24542.155,60,2607
2026-01-02 20:00:00,24542.666,24557.399,24526.699,24555.255,60,2615
2026-01-04 23:00:00,24571.899,24572.688,24546.399,24564.599,58,7407
2026-01-05 00:00:00,24565.166,24636.699,24557.866,24622.055,58,7413
2026-01-05 01:00:00,24624.199,24633.088,24603.555,24624.066,60,3841
2026-01-05 02:00:00,24623.599,24644.199,24617.699,24625.588,60,3803
2026-01-05 03:00:00,24625.099,24630.555,24614.555,24624.577,59,3808
2026-01-05 04:00:00,24623.699,24656.555,24622.588,24648.555,57,3815
2026-01-05 05:00:00,24648.055,24667.099,24642.077,24649.555,60,3807
2026-01-05 06:00:00,24650.699,24656.066,24616.555,24646.577,60,3809
2026-01-05 07:00:00,24648.055,24663.255,24618.666,24661.255,60,2623
2026-01-05 08:00:00,24661.777,24823.255,24635.299,24794.799,60,1408
2026-01-05 09:00:00,24793.788,24808.899,24713.255,24742.266,60,1410
2026-01-05 10:00:00,24741.399,24742.266,24676.255,24702.288,60,1409
2026-01-05 11:00:00,24703.299,24730.399,24674.755,24680.399,60,1419
2026-01-05 12:00:00,24680.788,24703.788,24657.288,24690.255,60,1406
2026-01-05 13:00:00,24691.288,24719.399,24680.255,24710.755,60,1405
2026-01-05 14:00:00,24711.788,24792.288,24707.277,24774.788,60,1412
2026-01-05 15:00:00,24772.788,24850.299,24758.255,24845.788,60,1412
2026-01-05 16:00:00,24846.277,24881.666,24825.255,24856.799,60,1414
2026-01-05 17:00:00,24857.177,24869.666,24844.166,24848.299,60,2613
2026-01-05 18:00:00,24847.688,24849.799,24820.688,24832.799,60,2621
2026-01-05 19:00:00,24833.699,24845.666,24827.655,24839.799,60,2628
2026-01-05 20:00:00,24839.166,24861.899,24837.655,24861.277,60,2624
2026-01-05 21:00:00,24861.299,24862.888,24853.255,24858.588,15,7420
2026-01-05 23:00:00,24860.388,24867.199,24851.755,24852.399,59,7430
2026-01-06 00:00:00,24852.966,24868.577,24843.566,24845.199,52,7402
2026-01-06 01:00:00,24845.599,24894.599,24841.066,24879.588,59,3809
2026-01-06 02:00:00,24880.066,24892.066,24871.077,24887.599,49,3809
2026-01-06 03:00:00,24887.199,24915.588,24880.555,24915.588,52,3802
2026-01-06 04:00:00,24916.055,24935.588,24913.577,24931.699,53,3868
2026-01-06 05:00:00,24932.099,24932.699,24905.577,24908.199,54,3844
2026-01-06 06:00:00,24907.055,24929.099,24903.599,24916.599,52,3846
2026-01-06 07:00:00,24917.555,24938.299,24876.677,24896.288,60,2667
2026-01-06 08:00:00,24893.255,24919.755,24831.755,24863.277,60,1411
2026-01-06 09:00:00,24864.755,24909.788,24850.255,24859.755,60,1409
2026-01-06 10:00:00,24860.799,24899.899,24857.766,24872.788,60,1409
2026-01-06 11:00:00,24871.766,24926.277,24870.755,24915.899,60,1409
2026-01-06 12:00:00,24916.766,24965.799,24910.799,24953.766,60,1425
2026-01-06 13:00:00,24958.899,24968.799,24929.788,24946.266,60,1415
2026-01-06 14:00:00,24946.899,24961.255,24910.755,24934.788,60,1408
2026-01-06 15:00:00,24935.799,24950.266,24865.799,24874.755,60,1407
2026-01-06 16:00:00,24873.777,24919.788,24861.777,24890.699,60,1421
2026-01-06 17:00:00,24890.155,24936.699,24884.655,24928.699,60,2616
2026-01-06 18:00:00,24929.166,24955.199,24927.177,24954.166,60,2613
2026-01-06 19:00:00,24955.155,24971.699,24954.199,24966.299,60,2632
2026-01-06 20:00:00,24965.299,24982.799,24956.277,24960.255,60,2621
2026-01-06 21:00:00,24958.777,24961.477,24955.366,24956.555,15,7426
2026-01-06 23:00:00,24962.099,24969.066,24956.166,24957.499,60,7398
2026-01-07 00:00:00,24958.688,24990.399,24956.155,24971.699,47,7408
2026-01-07 01:00:00,24970.577,24970.577,24942.055,24943.099,59,3816
2026-01-07 02:00:00,24942.555,24965.566,24941.077,24962.699,57,3802
2026-01-07 03:00:00,24963.099,24985.099,24962.055,24967.577,54,3809
2026-01-07 04:00:00,24968.055,24971.055,24947.055,24963.088,59,3823
2026-01-07 05:00:00,24962.577,24966.199,24937.555,24949.577,54,3829
2026-01-07 06:00:00,24950.699,24968.699,24947.199,24953.199,60,3829
2026-01-07 07:00:00,24950.699,25003.199,24950.077,24981.255,60,2641
2026-01-07 08:00:00,24984.299,25036.899,24981.799,24994.899,60,1405
2026-01-07 09:00:00,24990.755,25032.777,24979.399,25021.788,60,1408
2026-01-07 10:00:00,25022.288,25089.288,25014.299,25059.266,60,1405
2026-01-07 11:00:00,25060.266,25078.266,25031.288,25049.899,60,1419
2026-01-07 12:00:00,25048.788,25057.299,25012.266,25055.288,60,1431
2026-01-07 13:00:00,25054.299,25081.299,25038.266,25077.288,60,1407
2026-01-07 14:00:00,25076.788,25113.755,25055.299,25072.766,60,1413
2026-01-07 15:00:00,25075.255,25093.799,25036.899,25088.788,60,1412
2026-01-07 16:00:00,25090.266,25144.799,25082.155,25144.155,60,1414
2026-01-07 17:00:00,25146.299,25146.299,25116.199,25124.166,60,2613
2026-01-07 18:00:00,25123.799,25149.188,25110.166,25149.166,60,2620
2026-01-07 19:00:00,25148.688,25151.299,25120.666,25142.188,60,2619
2026-01-07 20:00:00,25142.666,25146.199,25096.277,25099.755,60,2635
2026-01-07 21:00:00,25100.777,25103.399,25091.966,25093.888,15,7408
2026-01-07 23:00:00,25122.155,25123.777,25105.555,25108.099,60,7441
2026-01-08 00:00:00,25107.899,25110.499,25063.099,25103.555,56,7412
2026-01-08 01:00:00,25103.088,25138.066,25096.588,25137.577,58,3846
2026-01-08 02:00:00,25134.577,25149.699,25092.577,25110.077,60,3818
2026-01-08 03:00:00,25110.588,25117.577,25096.055,25107.699,57,3810
2026-01-08 04:00:00,25107.055,25111.566,25087.099,25089.566,53,3821
2026-01-08 05:00:00,25089.077,25095.199,25046.077,25050.699,59,3846
2026-01-08 06:00:00,25052.066,25052.088,25006.588,25046.066,60,3818
2026-01-08 07:00:00,25046.588,25117.199,25046.055,25094.766,60,2651
2026-01-08 08:00:00,25091.399,25221.255,25071.788,25173.277,60,1406
2026-01-08 09:00:00,25175.288,25191.299,25111.255,25125.299,60,1425
2026-01-08 10:00:00,25125.755,25126.299,25066.277,25079.255,60,1424
2026-01-08 11:00:00,25080.255,25113.788,25069.766,25105.277,60,1413
2026-01-08 12:00:00,25103.399,25108.899,25039.766,25044.299,60,1418
2026-01-08 13:00:00,25043.299,25090.288,25021.277,25073.788,60,1418
2026-01-08 14:00:00,25074.255,25098.277,25040.899,25081.255,60,1417
2026-01-08 15:00:00,25081.899,25164.899,25076.288,25142.288,60,1414
2026-01-08 16:00:00,25143.255,25151.777,25106.166,25134.699,60,1405
2026-01-08 17:00:00,25134.155,25170.799,25130.155,25167.699,60,2604
2026-01-08 18:00:00,25166.666,25170.799,25143.688,25155.155,60,2623
2026-01-08 19:00:00,25154.688,25165.299,25146.177,25151.688,60,2621
2026-01-08 20:00:00,25149.677,25178.799,25145.666,25172.799,60,2603
2026-01-08 21:00:00,25169.277,25179.899,25168.666,25176.677,15,7404
2026-01-08 23:00:00,25198.899,25200.477,25173.077,25175.299,60,7404
2026-01-09 00:00:00,25175.099,25194.055,25172.577,25177.599,59,7413
2026-01-09 01:00:00,25177.066,25187.599,25151.077,25163.077,60,3802
2026-01-09 02:00:00,25164.066,25173.699,25153.577,25155.699,58,3835
2026-01-09 03:00:00,25155.077,25159.699,25138.555,25140.199,57,3810
2026-01-09 04:00:00,25140.566,25166.066,25137.066,25158.555,56,3850
2026-01-09 05:00:00,25159.588,25171.599,25152.088,25169.555,56,3846
2026-01-09 06:00:00,25170.088,25186.088,25152.077,25165.077,57,3805
2026-01-09 07:00:00,25165.566,25173.666,25137.188,25145.788,60,2675
2026-01-09 08:00:00,25147.766,25150.399,25103.288,25135.299,60,1404
2026-01-09 09:00:00,25135.899,25163.299,25125.755,25136.899,60,1408
2026-01-09 10:00:00,25135.288,25169.255,25124.899,25165.755,60,1415
2026-01-09 11:00:00,25165.277,25230.899,25164.755,25228.788,60,1415
2026-01-09 12:00:00,25230.777,25266.255,25221.766,25235.899,60,1407
2026-01-09 13:00:00,25234.766,25277.777,25203.899,25277.777,60,1410
2026-01-09 14:00:00,25278.799,25280.399,25209.799,25225.899,60,1409
2026-01-09 15:00:00,25226.299,25253.755,25138.255,25242.899,60,1409
2026-01-09 16:00:00,25243.299,25271.755,25223.755,25253.177,60,1406
2026-01-09 17:00:00,25252.688,25263.688,25240.177,25241.188,60,2623
2026-01-09 18:00:00,25239.155,25273.177,25234.166,25261.688,60,2617
2026-01-09 19:00:00,25261.299,25270.799,25247.677,25261.155,60,2646
2026-01-09 20:00:00,25258.688,25281.299,25256.155,25275.799,60,2612
2026-01-11 23:00:00,25261.155,25278.099,25255.866,25261.988,58,7403
2026-01-12 00:00:00,25262.399,25264.499,25224.077,25225.055,59,7406
2026-01-12 01:00:00,25224.699,25241.066,25203.599,25233.555,60,3802
2026-01-12 02:00:00,25232.566,25240.599,25218.077,25232.555,58,3827
2026-01-12 03:00:00,25233.088,25237.199,25222.077,25230.077,52,3814
2026-01-12 04:00:00,25230.566,25237.588,25217.055,25229.199,60,3822
2026-01-12 05:00:00,25229.577,25233.555,25205.599,25214.055,60,3824
2026-01-12 06:00:00,25211.577,25238.199,25205.599,25235.599,58,3816
2026-01-12 07:00:00,25234.699,25261.199,25201.677,25230.766,60,2622
2026-01-12 08:00:00,25224.299,25283.766,25208.788,25272.277,60,1414
2026-01-12 09:00:00,25273.266,25298.277,25264.766,25282.288,60,1406
2026-01-12 10:00:00,25282.788,25330.399,25270.288,25310.288,60,1414
2026-01-12 11:00:00,25312.255,25357.777,25310.277,25354.255,60,1415
2026-01-12 12:00:00,25355.755,25412.299,25355.255,25411.399,60,1418
2026-01-12 13:00:00,25410.788,25411.288,25344.777,25355.266,60,1407
2026-01-12 14:00:00,25355.777,25414.299,25341.755,25411.266,60,1414
2026-01-12 15:00:00,25409.299,25422.899,25367.277,25421.266,60,1406
2026-01-12 16:00:00,25420.255,25435.799,25395.899,25421.655,60,1420
2026-01-12 17:00:00,25421.155,25424.799,25402.655,25406.677,60,2606
2026-01-12 18:00:00,25407.155,25419.166,25405.166,25416.799,60,2604
2026-01-12 19:00:00,25417.299,25426.299,25410.666,25424.655,59,2613
2026-01-12 20:00:00,25425.199,25455.399,25411.166,25452.755,60,2621
2026-01-12 21:00:00,25452.899,25455.277,25447.277,25449.799,15,7430
2026-01-12 23:00:00,25444.299,25444.299,25418.699,25419.266,60,7446
2026-01-13 00:00:00,25418.699,25433.555,25405.088,25433.555,58,7395
2026-01-13 01:00:00,25433.199,25454.699,25423.577,25436.599,56,3829
2026-01-13 02:00:00,25437.077,25453.699,25435.066,25439.088,58,3835
2026-01-13 03:00:00,25438.588,25444.066,25429.077,25437.555,58,3808
2026-01-13 04:00:00,25438.588,25451.555,25433.055,25448.699,58,3812
2026-01-13 05:00:00,25449.099,25453.699,25432.055,25449.566,60,3822
2026-01-13 06:00:00,25450.699,25456.566,25429.077,25444.055,58,3798
2026-01-13 07:00:00,25447.099,25470.677,25428.166,25449.277,60,2696
2026-01-13 08:00:00,25449.755,25452.755,25393.777,25404.788,60,1410
2026-01-13 09:00:00,25403.777,25417.799,25359.799,25374.255,60,1409
2026-01-13 10:00:00,25373.755,25376.266,25337.266,25363.288,60,1413
2026-01-13 11:00:00,25363.777,25387.399,25355.766,25387.399,60,1410
2026-01-13 12:00:00,25386.799,25434.399,25376.255,25433.255,60,1412
2026-01-13 13:00:00,25433.799,25485.299,25432.266,25455.266,60,1404
2026-01-13 14:00:00,25454.399,25511.399,25421.766,25441.766,60,1410
2026-01-13 15:00:00,25441.266,25442.899,25390.755,25434.288,60,1409
2026-01-13 16:00:00,25434.788,25446.699,25392.788,25439.688,60,1412
2026-01-13 17:00:00,25440.177,25449.799,25418.199,25424.166,60,2614
2026-01-13 18:00:00,25424.799,25431.655,25396.655,25397.699,60,2607
2026-01-13 19:00:00,25398.166,25403.199,25376.677,25399.688,60,2603
2026-01-13 20:00:00,25399.199,25399.299,25356.688,25392.399,60,2611
2026-01-13 21:00:00,25389.399,25397.966,25386.066,25387.855,15,7421
2026-01-13 23:00:00,25382.277,25387.288,25375.455,25377.655,60,7422
2026-01-14 00:00:00,25377.355,25425.099,25374.277,25413.699,52,7413
2026-01-14 01:00:00,25414.199,25419.088,25389.588,25394.555,60,3841
2026-01-14 02:00:00,25394.199,25408.588,25388.566,25406.588,59,3817
2026-01-14 03:00:00,25407.055,25425.088,25404.577,25421.555,59,3818
2026-01-14 04:00:00,25419.088,25425.577,25404.555,25421.088,51,3812
2026-01-14 05:00:00,25420.577,25420.577,25389.066,25394.699,60,3809
2026-01-14 06:00:00,25395.077,25395.077,25359.099,25394.055,59,3826
2026-01-14 07:00:00,25397.699,25428.299,25397.699,25428.299,59,2657
2026-01-14 08:00:00,25427.255,25461.288,25406.255,25433.399,60,1409
2026-01-14 09:00:00,25432.755,25436.899,25383.799,25396.299,60,1412
2026-01-14 10:00:00,25397.799,25407.299,25311.788,25330.399,60,1422
2026-01-14 11:00:00,25329.766,25347.266,25298.255,25311.766,60,1412
2026-01-14 12:00:00,25311.288,25350.288,25296.255,25334.266,60,1412
2026-01-14 13:00:00,25333.399,25341.399,25283.766,25292.288,60,1406
2026-01-14 14:00:00,25295.299,25330.799,25289.277,25290.755,60,1405
2026-01-14 15:00:00,25288.899,25364.777,25271.766,25284.277,60,1413
2026-01-14 16:00:00,25286.255,25323.177,25245.666,25262.177,60,1404
2026-01-14 17:00:00,25261.699,25284.188,25242.655,25248.655,60,2618
2026-01-14 18:00:00,25247.655,25268.699,25218.655,25267.666,60,2608
2026-01-14 19:00:00,25265.177,25277.699,25244.188,25267.155,60,2619
2026-01-14 20:00:00,25267.655,25322.199,25247.166,25318.755,60,2622
2026-01-14 21:00:00,25319.366,25328.677,25293.999,25303.788,15,7413
2026-01-14 23:00:00,25291.399,25299.099,25270.355,25296.466,60,7403
2026-01-15 00:00:00,25296.199,25338.699,25292.166,25331.588,55,7401
2026-01-15 01:00:00,25332.055,25367.555,25330.077,25364.566,59,3821
2026-01-15 02:00:00,25365.055,25367.699,25341.088,25351.088,58,3816
2026-01-15 03:00:00,25350.099,25357.599,25322.588,25338.566,60,3806
2026-01-15 04:00:00,25339.199,25354.566,25339.055,25343.577,53,3807
2026-01-15 05:00:00,25342.588,25389.555,25329.599,25359.588,60,3829
2026-01-15 06:00:00,25359.199,25390.588,25330.588,25352.566,60,3803
2026-01-15 07:00:00,25353.599,25371.188,25311.655,25317.288,60,2620
2026-01-15 08:00:00,25315.299,25321.288,25234.277,25267.766,60,1413
2026-01-15 09:00:00,25266.899,25286.788,25233.788,25256.255,60,1409
2026-01-15 10:00:00,25257.399,25301.777,25247.766,25299.777,60,1407
2026-01-15 11:00:00,25300.899,25300.899,25247.788,25259.788,60,1414
2026-01-15 12:00:00,25258.899,25292.899,25247.755,25276.788,60,1404
2026-01-15 13:00:00,25276.266,25311.899,25275.755,25295.766,60,1405
2026-01-15 14:00:00,25296.766,25337.288,25285.899,25302.766,60,1409
2026-01-15 15:00:00,25301.777,25356.899,25285.255,25355.399,60,1406
2026-01-15 16:00:00,25356.777,25379.799,25340.177,25342.188,60,1404
2026-01-15 17:00:00,25341.666,25345.166,25296.188,25304.666,60,2622
2026-01-15 18:00:00,25302.677,25325.166,25302.677,25312.799,60,2612
2026-01-15 19:00:00,25313.199,25313.799,25275.155,25277.177,60,2605
2026-01-15 20:00:00,25276.666,25276.666,25234.199,25247.288,60,2619
2026-01-15 21:00:00,25249.899,25261.599,25245.155,25245.766,15,7408
2026-01-15 23:00:00,25258.066,25270.899,25251.866,25267.688,60,7399
2026-01-16 00:00:00,25268.266,25277.766,25262.755,25270.199,50,7415
2026-01-16 01:00:00,25271.199,25289.199,25266.077,25286.199,59,3807
2026-01-16 02:00:00,25285.566,25287.566,25278.077,25283.088,53,3808
2026-01-16 03:00:00,25283.555,25290.699,25275.588,25284.077,52,3868
2026-01-16 04:00:00,25284.555,25299.577,25279.588,25292.088,54,3841
2026-01-16 05:00:00,25291.599,25303.699,25284.055,25289.566,51,3847
2026-01-16 06:00:00,25288.555,25288.555,25264.066,25285.077,57,3804
2026-01-16 07:00:00,25287.088,25319.188,25287.088,25307.277,60,2685
2026-01-16 08:00:00,25315.777,25349.399,25294.899,25305.277,60,1413
2026-01-16 09:00:00,25308.399,25317.399,25275.299,25292.255,60,1407
2026-01-16 10:00:00,25292.777,25341.766,25289.266,25291.766,60,1432
2026-01-16 11:00:00,25292.255,25324.277,25280.255,25291.277,60,1411
2026-01-16 12:00:00,25292.277,25293.288,25261.266,25287.277,60,1407
2026-01-16 13:00:00,25288.899,25300.399,25279.277,25280.777,60,1404
2026-01-16 14:00:00,25280.288,25295.399,25213.255,25213.799,60,1410
2026-01-16 15:00:00,25214.299,25277.255,25200.255,25258.288,60,1405
2026-01-16 16:00:00,25258.766,25299.655,25252.399,25275.677,60,1416
2026-01-16 17:00:00,25275.188,25282.699,25263.166,25278.166,60,2620
2026-01-16 18:00:00,25277.677,25301.699,25275.299,25282.799,60,2623
2026-01-16 19:00:00,25281.688,25341.199,25275.688,25329.166,60,2621
2026-01-16 20:00:00,25328.699,25331.799,25299.799,25319.277,60,2602
2026-01-16 21:00:00,25320.255,25320.255,25319.899,25319.899,1,7324
2026-01-18 23:00:00,25097.455,25122.499,25059.088,25106.488,57,7397
2026-01-19 00:00:00,25105.877,25107.199,24925.766,24971.577,59,7415
2026-01-19 01:00:00,24969.088,24998.577,24928.099,24947.555,60,3806
2026-01-19 02:00:00,24949.077,25001.099,24948.566,24997.077,60,3813
2026-01-19 03:00:00,24995.577,25034.588,24965.088,25029.599,59,3810
2026-01-19 04:00:00,25030.088,25036.099,24974.566,24993.699,60,3803
2026-01-19 05:00:00,24993.099,25014.199,24934.088,25003.588,60,3805
2026-01-19 06:00:00,25003.088,25037.555,24926.099,24941.588,59,3806
2026-01-19 07:00:00,24936.588,24992.655,24925.255,24938.299,60,2623
2026-01-19 08:00:00,24935.299,25066.788,24916.399,25033.277,60,1406
2026-01-19 09:00:00,25034.255,25038.799,24949.255,24952.277,60,1407
2026-01-19 10:00:00,24951.777,24989.255,24906.788,24920.799,60,1405
2026-01-19 11:00:00,24921.899,24958.799,24919.755,24940.799,60,1419
2026-01-19 12:00:00,24940.277,25022.399,24938.899,25000.766,60,1405
2026-01-19 13:00:00,25000.266,25048.299,25000.266,25042.766,60,1420
2026-01-19 14:00:00,25043.799,25045.788,24966.277,25001.755,60,1420
2026-01-19 15:00:00,25002.288,25005.899,24932.755,24938.755,60,1413
2026-01-19 16:00:00,24939.288,24992.799,24933.255,24954.188,60,1409
2026-01-19 17:00:00,24952.688,24969.799,24942.155,24952.799,60,2602
2026-01-19 18:00:00,24953.155,24964.166,24950.155,24953.199,50,2635
2026-01-19 19:00:00,24951.299,24957.666,24948.666,24951.299,48,2588
2026-01-19 20:00:00,24951.699,24965.688,24944.766,24944.766,54,2652
2026-01-19 21:00:00,24941.777,24941.777,24941.777,24941.777,1,7435
2026-01-19 23:00:00,24963.788,24966.577,24933.455,24936.399,58,7405
2026-01-20 00:00:00,24936.899,24937.499,24822.555,24880.699,59,7408
2026-01-20 01:00:00,24881.699,24931.088,24881.699,24920.699,58,3813
2026-01-20 02:00:00,24921.099,24926.088,24887.566,24918.699,57,3841
2026-01-20 03:00:00,24918.077,24918.077,24903.699,24911.555,45,3857
2026-01-20 04:00:00,24911.088,24915.077,24899.199,24906.055,51,3846
2026-01-20 05:00:00,24905.066,24930.566,24899.088,24907.588,51,3836
2026-01-20 06:00:00,24907.099,24908.066,24750.699,24809.099,59,3806
2026-01-20 07:00:00,24808.566,24855.177,24770.188,24801.266,60,2639
2026-01-20 08:00:00,24803.277,24809.788,24650.777,24654.255,60,1417
2026-01-20 09:00:00,24659.255,24665.399,24549.288,24570.777,60,1417
2026-01-20 10:00:00,24568.788,24636.299,24538.799,24566.266,60,1415
2026-01-20 11:00:00,24564.766,24589.799,24504.266,24537.755,60,1409
2026-01-20 12:00:00,24536.277,24652.288,24530.266,24628.255,60,1418
2026-01-20 13:00:00,24629.255,24662.299,24590.399,24612.266,59,1409
2026-01-20 14:00:00,24612.777,24695.899,24594.255,24662.788,60,1409
2026-01-20 15:00:00,24664.899,24719.755,24625.777,24686.288,60,1410
2026-01-20 16:00:00,24686.799,24714.399,24664.688,24697.177,60,1406
2026-01-20 17:00:00,24696.677,24706.188,24626.299,24642.177,60,2614
2026-01-20 18:00:00,24640.677,24652.177,24580.155,24590.155,60,2616
2026-01-20 19:00:00,24589.799,24601.699,24555.655,24579.688,60,2606
2026-01-20 20:00:00,24579.299,24611.688,24555.166,24581.777,60,2610
2026-01-20 21:00:00,24580.399,24610.899,24580.399,24609.099,15,7407
2026-01-20 23:00:00,24601.766,24616.355,24577.099,24582.399,60,7403
2026-01-21 00:00:00,24582.799,24617.555,24581.288,24602.599,57,7408
2026-01-21 01:00:00,24602.055,24636.199,24598.099,24621.199,60,3801
2026-01-21 02:00:00,24622.055,24633.599,24610.077,24624.099,60,3816
2026-01-21 03:00:00,24622.588,24682.066,24622.588,24661.599,59,3840
2026-01-21 04:00:00,24660.599,24670.588,24645.088,24645.699,59,3842
2026-01-21 05:00:00,24646.055,24679.066,24638.199,24663.555,60,3829
2026-01-21 06:00:00,24660.088,24672.599,24637.566,24644.588,60,3822
2026-01-21 07:00:00,24644.055,24706.188,24637.177,24661.788,60,2648
2026-01-21 08:00:00,24660.799,24673.277,24592.255,24637.777,60,1411
2026-01-21 09:00:00,24636.755,24648.899,24540.766,24542.899,60,1422
2026-01-21 10:00:00,24543.766,24580.399,24521.288,24531.899,60,1421
2026-01-21 11:00:00,24531.399,24534.899,24433.266,24434.799,60,1416
2026-01-21 12:00:00,24431.288,24467.799,24397.777,24426.266,60,1405
2026-01-21 13:00:00,24425.799,24443.777,24346.266,24426.755,60,1416
2026-01-21 14:00:00,24425.788,24606.788,24387.266,24600.755,60,1412
2026-01-21 15:00:00,24603.788,24652.288,24563.755,24615.277,60,1407
2026-01-21 16:00:00,24613.788,24615.899,24476.199,24482.166,60,1420
2026-01-21 17:00:00,24481.655,24515.188,24412.666,24510.188,60,2606
2026-01-21 18:00:00,24510.688,24529.299,24457.166,24521.799,60,2607
2026-01-21 19:00:00,24522.655,24882.655,24495.655,24882.199,60,2606
2026-01-21 20:00:00,24884.799,24899.655,24800.655,24839.899,60,2613
2026-01-21 21:00:00,24839.266,24867.988,24838.277,24866.199,15,7413
2026-01-21 23:00:00,24868.999,24904.099,24868.999,24884.066,60,7412
2026-01-22 00:00:00,24885.355,24903.899,24855.599,24866.199,60,7413
2026-01-22 01:00:00,24866.588,24911.699,24857.588,24899.088,60,3810
2026-01-22 02:00:00,24898.566,24900.077,24851.699,24871.066,59,3810
2026-01-22 03:00:00,24872.699,24928.555,24865.199,24927.577,58,3837
2026-01-22 04:00:00,24927.088,24945.066,24893.588,24908.055,56,3842
2026-01-22 05:00:00,24908.588,24910.099,24854.577,24860.555,60,3832
2026-01-22 06:00:00,24861.099,24870.588,24812.566,24839.699,60,3821
2026-01-22 07:00:00,24836.599,24850.666,24776.655,24843.299,60,2678
2026-01-22 08:00:00,24841.755,24896.299,24821.766,24846.899,60,1411
2026-01-22 09:00:00,24848.277,24937.799,24839.755,24924.755,60,1405
2026-01-22 10:00:00,24925.777,24929.899,24849.799,24868.766,60,1405
2026-01-22 11:00:00,24869.266,24907.799,24814.277,24842.399,60,1405
2026-01-22 12:00:00,24841.266,24876.899,24817.288,24845.299,60,1405
2026-01-22 13:00:00,24844.899,24863.255,24792.277,24840.277,60,1403
2026-01-22 14:00:00,24839.899,24932.288,24815.266,24843.266,60,1405
2026-01-22 15:00:00,24843.799,24875.788,24769.755,24849.277,60,1412
2026-01-22 16:00:00,24849.777,24901.255,24828.699,24835.655,60,1416
2026-01-22 17:00:00,24835.199,24850.688,24816.299,24846.677,60,2631
2026-01-22 18:00:00,24845.677,24853.299,24816.166,24842.799,60,2605
2026-01-22 19:00:00,24843.177,24863.299,24824.177,24827.688,60,2617
2026-01-22 20:00:00,24827.188,24855.166,24818.155,24823.399,60,2605
2026-01-22 21:00:00,24822.777,24833.288,24814.599,24821.166,15,7405
2026-01-22 23:00:00,24809.699,24820.055,24793.355,24812.766,60,7406
2026-01-23 00:00:00,24812.055,24836.699,24800.755,24825.088,59,7394
2026-01-23 01:00:00,24824.699,24846.077,24819.066,24838.099,60,3810
2026-01-23 02:00:00,24836.699,24843.566,24809.699,24813.699,57,3819
2026-01-23 03:00:00,24814.077,24845.066,24813.099,24843.055,60,3803
2026-01-23 04:00:00,24842.599,24854.577,24836.088,24850.077,60,3811
2026-01-23 05:00:00,24851.099,24885.099,24848.199,24885.099,58,3827
2026-01-23 06:00:00,24885.699,24893.566,24851.099,24856.588,59,3826
2026-01-23 07:00:00,24854.199,24856.688,24818.166,24834.788,60,2622
2026-01-23 08:00:00,24835.399,24881.266,24809.266,24847.799,60,1409
2026-01-23 09:00:00,24848.266,24909.277,24833.266,24841.266,60,1410
2026-01-23 10:00:00,24840.255,24848.777,24793.766,24840.755,60,1419
2026-01-23 11:00:00,24840.266,24904.766,24835.899,24881.399,60,1405
2026-01-23 12:00:00,24883.288,24901.788,24852.766,24891.755,60,1409
2026-01-23 13:00:00,24892.799,24896.266,24839.777,24848.799,60,1406
2026-01-23 14:00:00,24849.755,24866.277,24799.777,24848.766,60,1412
2026-01-23 15:00:00,24849.899,24932.799,24842.255,24911.899,60,1415
2026-01-23 16:00:00,24909.777,24922.299,24844.199,24893.677,60,1407
2026-01-23 17:00:00,24894.166,24920.299,24849.155,24858.799,60,2613
2026-01-23 18:00:00,24858.199,24919.188,24857.299,24904.299,60,2623
2026-01-23 19:00:00,24903.677,24921.699,24890.688,24897.188,60,2620
2026-01-23 20:00:00,24896.299,24897.188,24873.177,24882.277,60,2616
2026-01-23 21:00:00,24882.777,24883.755,24882.777,24883.755,1,7446
2026-01-25 23:00:00,24700.344,24777.855,24682.755,24773.099,57,7418
2026-01-26 00:00:00,24773.577,24831.055,24759.699,24771.088,60,7405
2026-01-26 01:00:00,24769.588,24812.599,24750.077,24767.699,60,3819
2026-01-26 02:00:00,24768.599,24789.555,24734.066,24743.577,60,3823
2026-01-26 03:00:00,24745.077,24783.699,24744.566,24777.577,60,3804
2026-01-26 04:00:00,24777.055,24790.099,24762.088,24775.099,60,3833
2026-01-26 05:00:00,24773.588,24806.199,24763.566,24801.599,60,3825
2026-01-26 06:00:00,24801.099,24849.199,24794.699,24839.066,60,3814
2026-01-26 07:00:00,24838.566,24877.255,24838.177,24876.755,60,2634
2026-01-26 08:00:00,24877.766,24912.288,24856.766,24881.277,60,1410
2026-01-26 09:00:00,24881.788,24896.266,24791.266,24812.299,60,1406
2026-01-26 10:00:00,24811.288,24855.788,24796.777,24816.266,60,1417
2026-01-26 11:00:00,24816.788,24860.766,24815.899,24853.255,60,1408
2026-01-26 12:00:00,24849.277,24902.777,24848.777,24891.277,60,1406
2026-01-26 13:00:00,24892.277,24928.399,24879.266,24927.277,60,1401
2026-01-26 14:00:00,24928.255,24986.788,24928.255,24940.299,60,1427
2026-01-26 15:00:00,24941.288,24971.399,24892.277,24952.255,60,1416
2026-01-26 16:00:00,24953.255,24965.799,24918.799,24933.666,60,1402
2026-01-26 17:00:00,24934.199,24965.199,24930.166,24954.655,60,2608
2026-01-26 18:00:00,24954.177,24966.688,24937.166,24942.688,60,2615
2026-01-26 19:00:00,24942.299,24950.677,24916.177,24920.299,60,2632
2026-01-26 20:00:00,24919.666,24947.799,24916.155,24923.799,60,2635
2026-01-26 21:00:00,24923.255,24926.699,24919.355,24924.888,15,7424
2026-01-26 23:00:00,24919.677,24940.199,24903.599,24932.388,60,7407
2026-01-27 00:00:00,24932.655,24948.799,24923.866,24932.599,56,7396
2026-01-27 01:00:00,24933.066,24941.077,24925.566,24934.555,55,3820
2026-01-27 02:00:00,24933.599,24968.588,24932.555,24967.055,55,3824
2026-01-27 03:00:00,24965.088,24971.055,24951.577,24968.055,53,3846
2026-01-27 04:00:00,24968.699,24999.199,24966.588,24993.599,52,3812
2026-01-27 05:00:00,24991.699,25002.066,24972.555,25001.088,57,3837
2026-01-27 06:00:00,25002.588,25014.066,24986.055,24988.055,59,3819
2026-01-27 07:00:00,24988.699,25017.199,24980.655,24989.755,60,2619
2026-01-27 08:00:00,24990.299,25014.788,24901.288,24910.766,60,1406
2026-01-27 09:00:00,24910.255,24916.788,24860.777,24897.299,60,1412
2026-01-27 10:00:00,24896.266,24934.899,24891.255,24907.799,60,1411
2026-01-27 11:00:00,24907.277,24963.799,24897.288,24933.255,60,1406
2026-01-27 12:00:00,24934.266,24935.299,24897.288,24929.755,60,1421
2026-01-27 13:00:00,24930.288,24958.266,24899.255,24909.299,60,1404
2026-01-27 14:00:00,24910.299,24955.299,24905.399,24913.255,60,1404
2026-01-27 15:00:00,24914.766,24922.277,24846.288,24907.766,60,1408
2026-01-27 16:00:00,24908.299,24931.799,24861.655,24877.188,60,1407
2026-01-27 17:00:00,24877.677,24890.166,24865.666,24872.799,60,2620
2026-01-27 18:00:00,24871.699,24888.688,24853.666,24885.666,60,2620
2026-01-27 19:00:00,24885.199,24905.155,24882.166,24898.799,60,2608
2026-01-27 20:00:00,24898.155,24918.199,24849.677,24850.299,60,2606
2026-01-27 21:00:00,24849.799,24852.988,24843.366,24848.177,15,7412
2026-01-27 23:00:00,24860.855,24872.988,24860.855,24867.566,60,7412
2026-01-28 00:00:00,24868.166,24904.088,24866.966,24898.577,59,7413
2026-01-28 01:00:00,24899.577,24913.066,24875.077,24879.077,59,3837
2026-01-28 02:00:00,24875.077,24895.555,24873.077,24881.699,56,3813
2026-01-28 03:00:00,24882.099,24910.099,24879.555,24884.566,53,3811
2026-01-28 04:00:00,24885.055,24913.599,24885.055,24896.055,53,3826
2026-01-28 05:00:00,24894.588,24932.066,24894.588,24913.055,57,3835
2026-01-28 06:00:00,24931.577,24946.099,24905.555,24938.055,60,3817
2026-01-28 07:00:00,24937.077,24943.666,24864.299,24868.766,60,2635
2026-01-28 08:00:00,24870.399,24924.766,24790.299,24799.799,60,1406
2026-01-28 09:00:00,24801.799,24851.266,24796.755,24839.899,60,1406
2026-01-28 10:00:00,24838.777,24859.799,24815.777,24840.277,60,1404
2026-01-28 11:00:00,24839.899,24893.266,24828.755,24839.755,60,1412
2026-01-28 12:00:00,24840.788,24849.788,24706.266,24712.755,60,1406
2026-01-28 13:00:00,24711.266,24779.277,24710.766,24763.899,60,1407
2026-01-28 14:00:00,24762.766,24816.399,24746.755,24799.288,60,1405
2026-01-28 15:00:00,24800.299,24845.277,24786.788,24822.788,60,1416
2026-01-28 16:00:00,24822.299,24844.766,24781.677,24793.177,60,1411
2026-01-28 17:00:00,24793.799,24839.666,24792.655,24821.188,60,2609
2026-01-28 18:00:00,24820.688,24845.166,24817.799,24834.299,60,2614
2026-01-28 19:00:00,24824.155,24868.688,24818.199,24848.688,60,2614
2026-01-28 20:00:00,24846.799,24874.166,24844.777,24853.255,60,2613
2026-01-28 21:00:00,24855.299,24872.599,24788.955,24868.755,15,7406
2026-01-28 23:00:00,24887.788,24891.399,24830.999,24834.677,60,7418
2026-01-29 00:00:00,24834.099,24882.588,24808.866,24873.555,59,7400
2026-01-29 01:00:00,24874.599,24875.699,24799.699,24840.088,60,3810
2026-01-29 02:00:00,24840.699,24868.577,24823.699,24853.555,57,3829
2026-01-29 03:00:00,24854.066,24888.699,24851.555,24860.055,60,3822
2026-01-29 04:00:00,24860.566,24885.066,24853.577,24871.077,54,3835
2026-01-29 05:00:00,24874.066,24919.555,24751.577,24751.577,60,3803
2026-01-29 06:00:00,24751.099,24837.577,24750.088,24801.577,59,3806
2026-01-29 07:00:00,24798.588,24834.655,24780.755,24781.788,60,2677
2026-01-29 08:00:00,24782.788,24784.288,24582.799,24631.277,60,1407
2026-01-29 09:00:00,24630.799,24671.277,24520.266,24528.755,60,1405
2026-01-29 10:00:00,24529.777,24590.899,24508.766,24514.277,60,1411
2026-01-29 11:00:00,24514.788,24624.799,24504.399,24620.777,60,1407
2026-01-29 12:00:00,24620.255,24638.299,24562.266,24563.399,60,1411
2026-01-29 13:00:00,24563.788,24608.266,24540.277,24606.288,60,1419
2026-01-29 14:00:00,24607.766,24621.799,24429.755,24430.399,60,1407
2026-01-29 15:00:00,24430.766,24472.288,24272.755,24297.766,60,1407
2026-01-29 16:00:00,24297.266,24368.688,24263.755,24355.155,60,1410
2026-01-29 17:00:00,24354.688,24469.188,24352.666,24391.699,60,2609
2026-01-29 18:00:00,24392.199,24461.299,24386.655,24430.655,60,2615
2026-01-29 19:00:00,24429.188,24464.177,24427.666,24440.688,60,2625
2026-01-29 20:00:00,24441.299,24484.799,24432.688,24473.299,60,2606
2026-01-29 21:00:00,24474.455,24479.588,24460.788,24464.855,15,7411
2026-01-29 23:00:00,24474.799,24478.399,24416.477,24458.888,60,7405
2026-01-30 00:00:00,24459.477,24522.088,24446.399,24483.066,60,7410
2026-01-30 01:00:00,24483.555,24484.199,24411.088,24445.599,60,3828
2026-01-30 02:00:00,24447.566,24461.088,24389.055,24432.099,60,3806
2026-01-30 03:00:00,24434.055,24481.588,24434.055,24455.555,58,3826
2026-01-30 04:00:00,24455.099,24470.577,24429.566,24434.588,60,3801
2026-01-30 05:00:00,24435.077,24446.066,24408.055,24422.577,60,3816
2026-01-30 06:00:00,24425.099,24454.555,24406.077,24413.555,60,3809
2026-01-30 07:00:00,24412.055,24439.688,24316.266,24329.755,60,2676
2026-01-30 08:00:00,24332.899,24525.288,24308.788,24524.288,60,1413
2026-01-30 09:00:00,24523.777,24525.788,24451.799,24461.277,60,1406
2026-01-30 10:00:00,24461.899,24476.899,24406.277,24445.399,60,1406
2026-01-30 11:00:00,24446.255,24555.399,24435.399,24542.766,60,1415
2026-01-30 12:00:00,24542.288,24570.899,24505.288,24513.399,60,1405
2026-01-30 13:00:00,24512.799,24532.399,24470.255,24471.277,60,1412
2026-01-30 14:00:00,24470.788,24582.788,24466.755,24519.755,60,1407
2026-01-30 15:00:00,24518.799,24585.799,24512.766,24521.799,60,1406
2026-01-30 16:00:00,24520.777,24568.799,24490.777,24508.655,60,1411
2026-01-30 17:00:00,24507.699,24537.199,24478.655,24499.155,60,2607
2026-01-30 18:00:00,24497.655,24513.699,24423.666,24499.188,60,2605
2026-01-30 19:00:00,24499.799,24527.177,24486.699,24493.655,60,2607
2026-01-30 20:00:00,24494.188,24524.699,24482.299,24489.788,60,2610
2026-02-01 23:00:00,24382.099,24475.855,24376.866,24462.355,57,7407
2026-02-02 00:00:00,24461.777,24501.077,24441.977,24473.699,60,7406
2026-02-02 01:00:00,24475.555,24494.066,24358.699,24372.055,60,3809
2026-02-02 02:00:00,24371.077,24393.199,24337.066,24346.599,60,3822
2026-02-02 03:00:00,24347.088,24370.099,24260.599,24288.599,60,3822
2026-02-02 04:00:00,24289.088,24320.588,24221.699,24308.077,60,3808
2026-02-02 05:00:00,24307.566,24320.699,24243.099,24273.066,60,3816
2026-02-02 06:00:00,24273.555,24303.577,24204.588,24285.599,60,3810
2026-02-02 07:00:00,24285.066,24350.188,24250.177,24348.288,60,2624
2026-02-02 08:00:00,24347.277,24557.788,24346.266,24538.755,60,1413
2026-02-02 09:00:00,24541.299,24602.777,24502.899,24578.399,60,1415
2026-02-02 10:00:00,24577.899,24628.277,24577.899,24609.755,60,1407
2026-02-02 11:00:00,24610.799,24700.277,24609.755,24690.777,60,1411
2026-02-02 12:00:00,24691.766,24761.299,24685.755,24726.799,60,1419
2026-02-02 13:00:00,24727.788,24755.899,24697.777,24749.899,60,1406
2026-02-02 14:00:00,24750.899,24776.899,24729.299,24743.766,60,1413
2026-02-02 15:00:00,24744.399,24852.266,24730.766,24795.288,60,1410
2026-02-02 16:00:00,24794.777,24822.899,24771.177,24786.155,60,1413
2026-02-02 17:00:00,24785.199,24822.188,24783.177,24812.799,60,2610
2026-02-02 18:00:00,24812.155,24823.155,24791.155,24813.188,60,2622
2026-02-02 19:00:00,24812.799,24833.199,24807.155,24809.177,60,2615
2026-02-02 20:00:00,24809.688,24852.299,24803.699,24835.899,60,2615
2026-02-02 21:00:00,24836.299,24852.366,24827.977,24845.666,15,7437
2026-02-02 23:00:00,24850.277,24895.199,24840.988,24878.999,60,7421
2026-02-03 00:00:00,24878.266,24881.399,24857.066,24875.099,59,7399
2026-02-03 01:00:00,24874.588,24897.199,24874.077,24896.577,60,3805
2026-02-03 02:00:00,24896.199,24896.199,24856.099,24877.088,58,3809
2026-02-03 03:00:00,24878.077,24890.077,24863.699,24889.088,52,3853
2026-02-03 04:00:00,24891.088,24942.099,24891.088,24927.055,59,3857
2026-02-03 05:00:00,24927.599,24928.099,24862.577,24883.599,60,3816
2026-02-03 06:00:00,24883.099,24916.699,24874.599,24912.077,60,3834
2026-02-03 07:00:00,24911.566,24972.677,24906.299,24947.299,60,2671
2026-02-03 08:00:00,24946.288,25099.899,24935.299,25070.255,60,1414
2026-02-03 09:00:00,25068.799,25088.777,24925.266,24942.299,60,1406
2026-02-03 10:00:00,24943.399,24968.266,24847.255,24847.799,60,1404
2026-02-03 11:00:00,24846.899,24884.899,24814.399,24880.288,60,1423
2026-02-03 12:00:00,24879.399,24916.288,24843.255,24856.255,60,1405
2026-02-03 13:00:00,24858.399,24875.299,24791.255,24804.288,60,1416
2026-02-03 14:00:00,24803.799,24813.399,24705.277,24710.277,60,1410
2026-02-03 15:00:00,24709.788,24813.299,24702.777,24797.777,60,1414
2026-02-03 16:00:00,24798.777,24817.788,24739.655,24758.188,60,1416
2026-02-03 17:00:00,24757.799,24762.299,24681.677,24702.199,60,2604
2026-02-03 18:00:00,24701.199,24739.177,24644.699,24645.655,60,2623
2026-02-03 19:00:00,24644.666,24715.699,24618.688,24712.188,60,2607
2026-02-03 20:00:00,24710.688,24754.766,24689.677,24748.799,60,2616
2026-02-03 21:00:00,24745.799,24757.599,24737.655,24749.699,15,7413
2026-02-03 23:00:00,24729.388,24752.799,24721.088,24748.188,60,7411
2026-02-04 00:00:00,24748.455,24788.088,24730.255,24772.066,59,7393
2026-02-04 01:00:00,24772.699,24822.199,24772.699,24805.588,56,3853
2026-02-04 02:00:00,24806.099,24829.088,24777.077,24783.066,60,3824
2026-02-04 03:00:00,24785.055,24812.555,24772.099,24803.099,54,3801
2026-02-04 04:00:00,24802.588,24808.599,24777.599,24783.555,58,3829
2026-02-04 05:00:00,24783.077,24789.699,24761.588,24784.077,56,3831
2026-02-04 06:00:00,24784.699,24822.055,24764.077,24815.577,59,3808
2026-02-04 07:00:00,24814.555,24871.799,24812.799,24855.288,60,2633
2026-02-04 08:00:00,24863.255,24876.299,24692.777,24697.777,60,1413
2026-02-04 09:00:00,24698.799,24709.788,24616.755,24700.766,60,1405
2026-02-04 10:00:00,24700.288,24776.266,24696.255,24756.755,60,1416
2026-02-04 11:00:00,24757.899,24783.777,24709.755,24773.277,60,1408
2026-02-04 12:00:00,24769.777,24796.288,24680.777,24707.399,60,1417
2026-02-04 13:00:00,24707.788,24722.255,24671.799,24674.899,60,1406
2026-02-04 14:00:00,24672.788,24709.899,24626.766,24636.255,60,1406
2026-02-04 15:00:00,24638.299,24757.299,24623.755,24671.766,60,1408
2026-02-04 16:00:00,24671.255,24682.299,24563.155,24631.199,60,1404
2026-02-04 17:00:00,24631.666,24643.155,24516.299,24581.655,60,2606
2026-02-04 18:00:00,24581.155,24605.799,24527.155,24586.177,60,2604
2026-02-04 19:00:00,24585.666,24666.799,24557.655,24651.155,60,2605
2026-02-04 20:00:00,24650.177,24661.155,24592.255,24605.777,60,2606
2026-02-04 21:00:00,24607.799,24652.988,24572.666,24648.199,15,7410
2026-02-04 23:00:00,24646.266,24664.299,24627.899,24638.177,60,7427
2026-02-05 00:00:00,24638.455,24683.088,24617.788,24673.566,60,7400
2026-02-05 01:00:00,24675.099,24718.699,24668.566,24712.588,59,3839
2026-02-05 02:00:00,24712.199,24717.088,24592.055,24593.699,60,3806
2026-02-05 03:00:00,24595.099,24643.699,24571.055,24584.699,59,3807
2026-02-05 04:00:00,24587.088,24614.699,24543.699,24604.588,60,3834
2026-02-05 05:00:00,24605.088,24643.599,24567.099,24607.077,60,3835
2026-02-05 06:00:00,24608.566,24647.088,24607.099,24642.055,60,3812
2026-02-05 07:00:00,24643.099,24676.166,24611.666,24620.777,60,2660
2026-02-05 08:00:00,24619.777,24663.799,24494.277,24494.788,60,1404
2026-02-05 09:00:00,24497.766,24532.799,24428.777,24485.299,60,1407
2026-02-05 10:00:00,24485.766,24565.899,24449.899,24551.299,60,1412
2026-02-05 11:00:00,24549.766,24602.266,24523.277,24577.288,60,1411
2026-02-05 12:00:00,24579.299,24600.299,24371.255,24417.266,60,1407
2026-02-05 13:00:00,24416.899,24455.766,24318.788,24326.899,60,1416
2026-02-05 14:00:00,24327.755,24475.799,24278.255,24395.799,60,1408
2026-02-05 15:00:00,24394.288,24420.899,24329.399,24388.277,60,1406
2026-02-05 16:00:00,24387.755,24519.699,24333.777,24518.188,60,1408
2026-02-05 17:00:00,24518.666,24571.166,24453.166,24500.699,60,2608
2026-02-05 18:00:00,24500.199,24523.177,24443.188,24467.177,60,2610
2026-02-05 19:00:00,24466.699,24534.666,24457.688,24510.177,60,2604
2026-02-05 20:00:00,24510.799,24540.699,24449.677,24456.766,60,2613
2026-02-05 21:00:00,24455.777,24472.599,24403.199,24441.066,15,7412
2026-02-05 23:00:00,24388.955,24411.555,24338.566,24355.377,60,7414
2026-02-06 00:00:00,24355.199,24389.099,24197.788,24389.077,55,7399
2026-02-06 01:00:00,24388.055,24474.055,24342.055,24474.055,60,3810
2026-02-06 02:00:00,24474.555,24494.099,24455.055,24474.577,60,3808
2026-02-06 03:00:00,24472.099,24482.199,24432.699,24470.099,59,3821
2026-02-06 04:00:00,24469.088,24469.088,24389.555,24414.566,60,3814
2026-02-06 05:00:00,24415.699,24530.699,24390.077,24513.699,59,3813
2026-02-06 06:00:00,24512.555,24537.055,24467.099,24496.199,60,3805
2026-02-06 07:00:00,24490.599,24533.199,24439.188,24526.277,60,2689
2026-02-06 08:00:00,24524.299,24531.399,24386.755,24462.777,60,1410
2026-02-06 09:00:00,24463.766,24576.777,24446.788,24527.788,60,1411
2026-02-06 10:00:00,24528.266,24604.799,24516.266,24597.799,60,1405
2026-02-06 11:00:00,24595.799,24650.266,24595.799,24639.755,60,1410
2026-02-06 12:00:00,24640.788,24657.266,24594.288,24602.788,60,1405
2026-02-06 13:00:00,24602.277,24632.399,24576.288,24587.899,60,1409
2026-02-06 14:00:00,24586.777,24688.255,24582.255,24627.799,60,1406
2026-02-06 15:00:00,24629.255,24719.788,24604.755,24707.399,60,1405
2026-02-06 16:00:00,24705.299,24737.755,24694.677,24704.188,60,1409
2026-02-06 17:00:00,24703.177,24740.299,24694.677,24715.699,60,2609
2026-02-06 18:00:00,24715.199,24741.177,24706.188,24720.699,60,2606
2026-02-06 19:00:00,24720.188,24745.677,24720.155,24738.199,60,2606
2026-02-06 20:00:00,24737.199,24781.188,24733.677,24773.299,60,2604
2026-02-06 21:00:00,24774.399,24774.399,24774.399,24774.399,1,7335
2026-02-08 23:00:00,24829.155,24856.788,24827.955,24844.355,57,7416
2026-02-09 00:00:00,24844.099,24860.299,24789.555,24801.555,59,7401
2026-02-09 01:00:00,24802.099,24803.599,24766.099,24781.088,60,3809
2026-02-09 02:00:00,24780.555,24816.099,24773.566,24780.566,60,3828
2026-02-09 03:00:00,24782.099,24793.088,24771.555,24780.566,60,3852
2026-02-09 04:00:00,24781.099,24794.055,24776.599,24787.555,59,3830
2026-02-09 05:00:00,24787.199,24820.077,24780.588,24814.055,60,3803
2026-02-09 06:00:00,24813.588,24827.699,24782.577,24813.566,60,3809
2026-02-09 07:00:00,24814.155,24843.199,24789.655,24797.288,60,2604
2026-02-09 08:00:00,24798.777,24942.788,24794.266,24817.266,60,1406
2026-02-09 09:00:00,24817.799,24846.899,24776.777,24797.799,60,1409
2026-02-09 10:00:00,24799.299,24804.899,24710.777,24768.899,60,1413
2026-02-09 11:00:00,24769.777,24813.399,24749.899,24804.788,60,1411
2026-02-09 12:00:00,24800.766,24840.799,24790.255,24833.266,60,1416
2026-02-09 13:00:00,24834.277,24852.799,24822.899,24835.899,60,1405
2026-02-09 14:00:00,24837.266,24871.299,24804.399,24847.399,60,1408
2026-02-09 15:00:00,24844.299,24984.788,24843.766,24974.255,60,1409
2026-02-09 16:00:00,24973.799,25023.699,24970.266,25004.199,60,1407
2026-02-09 17:00:00,25004.677,25015.655,24991.699,24998.688,60,2600
2026-02-09 18:00:00,24999.199,25012.155,24970.188,25004.155,59,2618
2026-02-09 19:00:00,25003.677,25036.166,25002.199,25031.666,60,2623
2026-02-09 20:00:00,25029.666,25039.799,25016.666,25022.399,60,2607
2026-02-09 21:00:00,25021.777,25031.999,25015.788,25030.788,15,7415
2026-02-09 23:00:00,25035.577,25048.299,25011.855,25018.299,60,7409
2026-02-10 00:00:00,25017.966,25023.855,24981.088,24997.055,60,7398
2026-02-10 01:00:00,24997.588,25009.088,24982.566,25004.199,60,3806
2026-02-10 02:00:00,25003.588,25003.588,24967.199,24982.066,58,3831
2026-02-10 03:00:00,24980.588,24986.577,24967.055,24979.088,60,3807
2026-02-10 04:00:00,24978.588,24999.099,24975.077,24997.588,51,3813
2026-02-10 05:00:00,24997.055,25008.577,24985.577,24995.199,59,3838
2026-02-10 06:00:00,24995.577,25001.199,24968.699,24983.077,59,3806
2026-02-10 07:00:00,24983.588,25032.188,24975.699,24996.277,60,2613
2026-02-10 08:00:00,24997.255,25007.266,24940.277,25000.766,60,1407
2026-02-10 09:00:00,25001.755,25084.277,24997.799,25051.266,60,1417
2026-02-10 10:00:00,25051.766,25058.788,25000.755,25015.799,60,1409
2026-02-10 11:00:00,25014.788,25040.777,24990.799,25023.899,60,1412
2026-02-10 12:00:00,25025.799,25035.299,24965.255,24966.777,60,1410
2026-02-10 13:00:00,24966.266,25001.255,24933.766,24982.899,60,1414
2026-02-10 14:00:00,24982.277,25011.766,24957.777,25005.266,60,1422
2026-02-10 15:00:00,25005.788,25036.255,24988.399,24991.799,60,1412
2026-02-10 16:00:00,24990.777,25024.188,24956.777,25019.299,60,1403
2026-02-10 17:00:00,25018.666,25038.199,25002.188,25029.199,60,2619
2026-02-10 18:00:00,25028.699,25028.799,24983.799,25009.177,60,2605
2026-02-10 19:00:00,25009.666,25024.666,24999.666,25017.177,60,2605
2026-02-10 20:00:00,25016.677,25019.666,24971.677,24980.766,60,2627
2026-02-10 21:00:00,24981.277,25005.799,24971.855,25004.599,15,7405
2026-02-10 23:00:00,25017.988,25033.288,25015.888,25030.188,60,7408
2026-02-11 00:00:00,25030.466,25036.399,25018.599,25018.599,57,7412
2026-02-11 01:00:00,25019.555,25031.566,25007.199,25017.099,57,3801
2026-02-11 02:00:00,25016.599,25031.555,25015.055,25024.077,57,3820
2026-02-11 03:00:00,25025.699,25031.199,25011.077,25027.199,57,3808
2026-02-11 04:00:00,25027.599,25027.599,24984.099,24992.588,51,3821
2026-02-11 05:00:00,24991.699,25016.077,24991.699,24999.699,54,3805
2026-02-11 06:00:00,25029.577,25045.699,25018.566,25024.055,59,3813
2026-02-11 07:00:00,25027.155,25039.299,24974.699,24986.255,60,2616
2026-02-11 08:00:00,24989.299,24989.299,24859.766,24877.777,60,1406
2026-02-11 09:00:00,24878.899,24951.799,24846.899,24870.299,60,1413
2026-02-11 10:00:00,24869.755,24919.277,24850.799,24903.777,60,1413
2026-02-11 11:00:00,24906.266,24970.399,24898.777,24922.266,60,1405
2026-02-11 12:00:00,24921.288,24973.788,24901.299,24901.766,60,1410
2026-02-11 13:00:00,24900.799,24988.799,24891.755,24964.799,60,1414
2026-02-11 14:00:00,24965.288,24999.266,24925.399,24960.788,60,1413
2026-02-11 15:00:00,24961.899,24971.755,24828.766,24904.399,60,1409
2026-02-11 16:00:00,24902.277,24938.299,24836.799,24841.699,60,1413
2026-02-11 17:00:00,24842.166,24901.188,24832.199,24882.299,60,2607
2026-02-11 18:00:00,24881.677,24902.666,24845.655,24895.799,60,2613
2026-02-11 19:00:00,24894.155,24948.199,24890.199,24932.688,60,2616
2026-02-11 20:00:00,24931.699,24937.655,24908.288,24912.399,60,2608
2026-02-11 21:00:00,24911.777,24930.566,24901.677,24919.199,15,7417
2026-02-11 23:00:00,24924.999,24935.199,24886.055,24899.466,60,7411
2026-02-12 00:00:00,24899.199,24933.588,24893.455,24931.577,59,7399
2026-02-12 01:00:00,24930.699,24950.588,24924.577,24947.088,60,3807
2026-02-12 02:00:00,24948.077,24950.577,24918.555,24929.099,59,3820
2026-02-12 03:00:00,24928.066,24955.088,24923.199,24949.555,55,3816
2026-02-12 04:00:00,24949.066,24966.577,24947.066,24957.066,60,3805
2026-02-12 05:00:00,24957.699,25010.699,24957.588,25005.599,58,3835
2026-02-12 06:00:00,25004.699,25030.699,24961.077,24978.099,60,3814
2026-02-12 07:00:00,24976.199,25015.766,24951.299,25015.766,60,2639
2026-02-12 08:00:00,25016.899,25146.899,25016.899,25132.899,60,1406
2026-02-12 09:00:00,25135.288,25201.899,25135.288,25187.266,60,1408
2026-02-12 10:00:00,25188.766,25219.299,25164.766,25196.255,60,1404
2026-02-12 11:00:00,25196.766,25219.399,25162.755,25195.799,60,1415
2026-02-12 12:00:00,25195.288,25226.277,25174.266,25220.266,60,1410
2026-02-12 13:00:00,25219.755,25220.766,25178.799,25203.299,60,1437
2026-02-12 14:00:00,25202.755,25237.788,25164.399,25168.255,60,1406
2026-02-12 15:00:00,25167.255,25195.399,24987.777,24991.777,60,1412
2026-02-12 16:00:00,24990.766,24991.777,24809.166,24881.177,60,1408
2026-02-12 17:00:00,24873.177,24953.699,24855.177,24875.155,60,2607
2026-02-12 18:00:00,24875.666,24942.699,24861.799,24933.699,60,2605
2026-02-12 19:00:00,24933.166,24968.799,24928.688,24952.666,60,2621
2026-02-12 20:00:00,24953.188,24966.799,24873.166,24894.299,60,2609
2026-02-12 21:00:00,24893.899,24905.855,24883.955,24903.099,15,7410
2026-02-12 23:00:00,24917.366,24924.988,24872.355,24907.599,60,7410
2026-02-13 00:00:00,24906.577,24934.599,24852.566,24872.699,59,7408
2026-02-13 01:00:00,24873.099,24935.699,24873.099,24923.077,58,3809
2026-02-13 02:00:00,24923.566,24946.599,24923.566,24945.099,60,3825
2026-02-13 03:00:00,24945.555,24956.088,24918.555,24921.199,60,3815
2026-02-13 04:00:00,24920.566,24948.199,24913.555,24925.066,60,3830
2026-02-13 05:00:00,24924.699,24928.699,24851.055,24855.066,60,3811
2026-02-13 06:00:00,24853.577,24871.199,24798.066,24844.599,60,3810
2026-02-13 07:00:00,24845.599,24890.655,24817.688,24845.899,60,2626
2026-02-13 08:00:00,24846.788,24886.255,24745.277,24865.788,60,1411
2026-02-13 09:00:00,24865.255,24870.777,24800.288,24827.399,60,1419
2026-02-13 10:00:00,24826.899,24878.288,24808.799,24817.899,60,1423
2026-02-13 11:00:00,24822.255,24861.799,24776.777,24857.277,60,1405
2026-02-13 12:00:00,24856.266,24874.899,24808.788,24847.788,60,1405
2026-02-13 13:00:00,24846.255,24935.799,24828.255,24907.899,60,1406
2026-02-13 14:00:00,24905.799,24944.755,24809.277,24836.277,60,1408
2026-02-13 15:00:00,24834.788,24949.266,24829.755,24896.255,60,1405
2026-02-13 16:00:00,24895.799,24955.799,24880.655,24922.799,60,1409
2026-02-13 17:00:00,24922.188,24983.177,24915.177,24946.299,60,2610
2026-02-13 18:00:00,24946.699,24977.655,24920.188,24936.688,60,2608
2026-02-13 19:00:00,24937.177,24956.799,24891.188,24893.177,60,2621
2026-02-13 20:00:00,24892.188,24922.188,24856.166,24901.899,60,2611
2026-02-13 21:00:00,24902.777,24905.288,24902.777,24905.288,1,7435
2026-02-15 23:00:00,24902.966,24935.788,24886.355,24935.788,58,7423
2026-02-16 00:00:00,24934.788,24943.388,24899.588,24908.588,59,7400
2026-02-16 01:00:00,24910.588,24922.088,24897.199,24920.055,57,3812
2026-02-16 02:00:00,24920.588,24931.599,24907.099,24921.077,58,3830
2026-02-16 03:00:00,24921.699,24938.199,24916.599,24938.055,58,3811
2026-02-16 04:00:00,24937.588,24956.577,24936.055,24950.566,51,3812
2026-02-16 05:00:00,24947.555,24948.066,24916.588,24926.055,54,3844
2026-02-16 06:00:00,24925.066,24946.599,24913.199,24946.599,56,3808
2026-02-16 07:00:00,24941.677,25011.899,24941.677,25011.899,60,2612
2026-02-16 08:00:00,25010.399,25018.288,24936.255,24956.799,60,1403
2026-02-16 09:00:00,24957.399,24993.299,24925.788,24939.288,60,1409
2026-02-16 10:00:00,24938.788,24950.777,24896.755,24929.788,60,1425
2026-02-16 11:00:00,24928.899,24951.266,24902.899,24937.777,60,1421
2026-02-16 12:00:00,24934.899,24957.788,24912.777,24920.399,60,1415
2026-02-16 13:00:00,24920.899,24931.788,24894.255,24909.299,60,1413
2026-02-16 14:00:00,24908.299,24913.799,24832.788,24865.788,60,1406
2026-02-16 15:00:00,24866.777,24895.766,24812.255,24813.755,60,1403
2026-02-16 16:00:00,24814.899,24832.299,24785.166,24819.655,60,1404
2026-02-16 17:00:00,24818.699,24833.799,24816.299,24830.299,59,2635
2026-02-16 18:00:00,24829.699,24832.688,24819.199,24819.199,37,2617
2026-02-16 19:00:00,24820.199,24826.199,24814.199,24826.199,31,2652
2026-02-16 20:00:00,24826.699,24829.299,24815.799,24823.799,39,2621
2026-02-16 23:00:00,24838.588,24874.077,24833.077,24859.377,58,7429
2026-02-17 00:00:00,24859.777,24862.466,24817.055,24824.699,57,7412
2026-02-17 01:00:00,24825.577,24843.088,24760.066,24768.566,59,3795
2026-02-17 02:00:00,24766.199,24791.577,24752.555,24783.566,60,3806
2026-02-17 03:00:00,24783.066,24784.055,24709.099,24727.588,59,3857
2026-02-17 04:00:00,24728.055,24732.699,24706.699,24721.599,59,3803
2026-02-17 05:00:00,24722.577,24729.577,24675.088,24695.599,60,3827
2026-02-17 06:00:00,24696.066,24735.566,24696.066,24718.599,60,3816
2026-02-17 07:00:00,24719.199,24757.188,24694.155,24746.266,60,2631
2026-02-17 08:00:00,24749.255,24822.777,24731.277,24796.788,60,1404
2026-02-17 09:00:00,24797.755,24877.288,24797.755,24863.788,60,1407
2026-02-17 10:00:00,24864.299,24881.788,24810.899,24815.277,60,1405
2026-02-17 11:00:00,24814.788,24870.788,24778.788,24860.788,60,1407
2026-02-17 12:00:00,24858.899,24867.899,24764.299,24770.399,60,1410
2026-02-17 13:00:00,24769.399,24877.399,24731.777,24838.288,60,1416
2026-02-17 14:00:00,24837.766,24941.777,24819.899,24832.299,60,1420
2026-02-17 15:00:00,24835.755,24925.755,24829.255,24894.755,60,1407
2026-02-17 16:00:00,24895.266,25024.299,24880.255,24998.799,60,1414
2026-02-17 17:00:00,24999.166,25002.166,24929.166,24970.799,60,2611
2026-02-17 18:00:00,24971.166,25051.666,24954.166,25042.677,60,2609
2026-02-17 19:00:00,25042.166,25046.799,25023.666,25027.177,60,2611
2026-02-17 20:00:00,25027.699,25040.299,25014.699,25032.766,60,2608
2026-02-17 21:00:00,25032.299,25040.488,25020.555,25030.999,15,7411
2026-02-17 23:00:00,25033.855,25036.699,24994.499,24995.888,60,7411
2026-02-18 00:00:00,24996.588,25030.199,24994.488,25019.566,57,7398
2026-02-18 01:00:00,25022.599,25037.055,25015.577,25023.077,59,3815
2026-02-18 02:00:00,25023.588,25028.699,25013.588,25018.566,52,3849
2026-02-18 03:00:00,25019.199,25033.577,25002.577,25030.099,52,3824
2026-02-18 04:00:00,25030.599,25072.099,25027.077,25070.699,57,3821
2026-02-18 05:00:00,25071.566,25081.577,25062.066,25071.566,57,3822
2026-02-18 06:00:00,25072.099,25084.066,25061.088,25065.588,58,3808
2026-02-18 07:00:00,25065.088,25076.177,25040.177,25054.255,60,2669
2026-02-18 08:00:00,25054.899,25174.766,25052.299,25163.755,60,1405
2026-02-18 09:00:00,25166.399,25200.799,25121.277,25189.799,60,1406
2026-02-18 10:00:00,25190.288,25245.399,25182.399,25244.255,60,1424
2026-02-18 11:00:00,25244.766,25264.288,25192.777,25205.277,60,1411
2026-02-18 12:00:00,25206.288,25246.788,25172.255,25208.266,60,1406
2026-02-18 13:00:00,25207.399,25211.299,25108.255,25115.788,60,1416
2026-02-18 14:00:00,25116.266,25240.777,25094.255,25239.266,60,1408
2026-02-18 15:00:00,25240.755,25310.399,25239.277,25303.755,60,1406
2026-02-18 16:00:00,25303.255,25318.766,25263.166,25269.666,60,1407
2026-02-18 17:00:00,25268.799,25298.799,25260.666,25289.166,60,2614
2026-02-18 18:00:00,25289.799,25301.799,25223.166,25250.166,60,2606
2026-02-18 19:00:00,25245.666,25260.166,25178.188,25193.299,60,2611
2026-02-18 20:00:00,25192.699,25247.299,25168.666,25225.899,60,2616
2026-02-18 21:00:00,25224.766,25233.566,25218.366,25224.566,15,7412
2026-02-18 23:00:00,25222.799,25249.299,25221.688,25229.177,60,7428
2026-02-19 00:00:00,25229.888,25239.299,25213.466,25234.599,57,7404
2026-02-19 01:00:00,25233.699,25270.577,25231.577,25249.199,60,3812
2026-02-19 02:00:00,25248.588,25261.077,25240.066,25251.055,55,3812
2026-02-19 03:00:00,25251.566,25261.066,25238.088,25244.699,51,3808
2026-02-19 04:00:00,25245.199,25251.599,25230.555,25233.599,42,3802
2026-02-19 05:00:00,25233.077,25235.099,25214.088,25218.588,56,3835
2026-02-19 06:00:00,25219.077,25227.066,25189.566,25203.566,58,3816
2026-02-19 07:00:00,25209.555,25219.199,25168.155,25187.899,60,2670
2026-02-19 08:00:00,25189.777,25226.399,25134.255,25139.255,60,1418
2026-02-19 09:00:00,25141.277,25160.799,25056.299,25060.766,60,1428
2026-02-19 10:00:00,25059.266,25080.899,25021.788,25070.788,60,1421
2026-02-19 11:00:00,25072.299,25113.399,25053.255,25060.299,60,1414
2026-02-19 12:00:00,25059.288,25082.788,25029.799,25055.777,60,1427
2026-02-19 13:00:00,25056.288,25068.766,24994.899,25043.788,60,1409
2026-02-19 14:00:00,25045.299,25052.899,24978.755,25020.399,60,1411
2026-02-19 15:00:00,25021.766,25060.799,24997.777,25036.255,60,1415
2026-02-19 16:00:00,25036.788,25052.166,24995.677,25008.199,60,1406
2026-02-19 17:00:00,25008.655,25027.199,24981.155,24987.155,60,2606
2026-02-19 18:00:00,24987.699,25022.699,24971.155,25017.799,60,2606
2026-02-19 19:00:00,25016.799,25018.155,24980.688,25001.688,60,2625
2026-02-19 20:00:00,25002.166,25028.655,25002.166,25021.299,60,2627
2026-02-19 21:00:00,25019.788,25026.199,25013.055,25019.555,15,7414
2026-02-19 23:00:00,25008.155,25035.366,25002.655,25028.855,60,7419
2026-02-20 00:00:00,25029.277,25065.699,25018.288,25056.555,58,7406
2026-02-20 01:00:00,25057.199,25082.055,25054.077,25057.588,59,3846
2026-02-20 02:00:00,25059.599,25076.588,25035.555,25053.588,60,3835
2026-02-20 03:00:00,25054.055,25060.599,25046.077,25048.699,48,3824
2026-02-20 04:00:00,25049.077,25065.599,25046.055,25063.199,54,3818
2026-02-20 05:00:00,25063.588,25091.577,25061.577,25090.088,58,3813
2026-02-20 06:00:00,25090.588,25104.699,25081.555,25085.588,60,3824
2026-02-20 07:00:00,25085.077,25098.188,25055.155,25071.288,60,2632
2026-02-20 08:00:00,25070.255,25088.766,25000.255,25087.255,60,1408
2026-02-20 09:00:00,25088.288,25141.777,25077.766,25108.277,60,1406
2026-02-20 10:00:00,25109.288,25134.799,25093.288,25093.755,60,1408
2026-02-20 11:00:00,25091.777,25124.299,25063.288,25100.899,60,1410
2026-02-20 12:00:00,25100.255,25114.777,25065.777,25080.788,60,1411
2026-02-20 13:00:00,25080.266,25122.777,25074.399,25104.277,60,1407
2026-02-20 14:00:00,25104.766,25160.399,25089.777,25155.755,60,1406
2026-02-20 15:00:00,25159.766,25338.399,25149.299,25278.255,60,1410
2026-02-20 16:00:00,25279.277,25285.666,25231.277,25256.199,60,1405
2026-02-20 17:00:00,25255.699,25261.688,25180.155,25230.166,60,2609
2026-02-20 18:00:00,25229.688,25264.799,25179.166,25258.677,60,2607
2026-02-20 19:00:00,25259.188,25263.177,25220.299,25221.799,60,2603
2026-02-20 20:00:00,25223.699,25253.666,25223.299,25237.266,60,2604
2026-02-22 23:00:00,25219.699,25224.088,25163.666,25181.399,58,7448
2026-02-23 00:00:00,25181.088,25181.088,25117.077,25121.088,59,7394
2026-02-23 01:00:00,25121.599,25131.588,25093.099,25100.077,60,3794
2026-02-23 02:00:00,25101.088,25121.088,25087.055,25106.555,58,3830
2026-02-23 03:00:00,25108.066,25113.555,25085.699,25100.088,57,3854
2026-02-23 04:00:00,25100.577,25107.199,25086.555,25091.566,55,3846
2026-02-23 05:00:00,25093.199,25093.199,25052.066,25075.599,55,3798
2026-02-23 06:00:00,25075.099,25110.088,25067.077,25109.699,60,3808
2026-02-23 07:00:00,25111.199,25140.677,25111.199,25130.788,60,2638
2026-02-23 08:00:00,25126.288,25175.799,25070.255,25174.255,60,1413
2026-02-23 09:00:00,25180.788,25196.899,25122.755,25122.788,60,1412
2026-02-23 10:00:00,25122.277,25154.899,25019.277,25141.777,60,1408
2026-02-23 11:00:00,25141.266,25163.255,25128.266,25147.799,60,1408
2026-02-23 12:00:00,25148.799,25161.399,25095.255,25109.799,60,1416
2026-02-23 13:00:00,25110.255,25177.788,25096.777,25158.755,60,1407
2026-02-23 14:00:00,25160.266,25174.788,25102.255,25118.277,60,1406
2026-02-23 15:00:00,25119.766,25137.777,24981.788,24988.755,60,1409
2026-02-23 16:00:00,24988.299,25017.677,24938.777,24993.677,60,1406
2026-02-23 17:00:00,24994.655,25003.177,24932.666,24983.688,60,2610
2026-02-23 18:00:00,24983.199,25025.655,24975.188,24979.199,60,2621
2026-02-23 19:00:00,24981.177,24993.188,24955.677,24984.166,60,2612
2026-02-23 20:00:00,24983.677,24997.299,24963.299,24976.288,60,2608
2026-02-23 21:00:00,24976.755,24994.488,24973.955,24992.488,15,7421
2026-02-23 23:00:00,25000.166,25007.799,24982.788,24988.277,60,7411
2026-02-24 00:00:00,24987.888,25008.066,24981.799,25003.055,59,7403
2026-02-24 01:00:00,25003.555,25007.699,24987.055,24994.077,59,3835
2026-02-24 02:00:00,24994.577,25040.099,24986.055,25029.066,58,3808
2026-02-24 03:00:00,25029.566,25037.699,25020.599,25033.055,49,3835
2026-02-24 04:00:00,25033.566,25047.599,25029.199,25045.599,47,3857
2026-02-24 05:00:00,25045.055,25051.699,25020.599,25022.077,59,3848
2026-02-24 06:00:00,25022.555,25026.577,25008.055,25012.066,58,3806
2026-02-24 07:00:00,25011.055,25030.677,24966.255,24969.288,60,2662
2026-02-24 08:00:00,24968.399,24981.266,24877.288,24905.755,60,1411
2026-02-24 09:00:00,24906.288,24963.255,24897.788,24957.788,60,1410
2026-02-24 10:00:00,24957.266,24985.266,24945.299,24966.777,60,1404
2026-02-24 11:00:00,24967.755,24996.755,24953.755,24993.755,60,1417
2026-02-24 12:00:00,24995.777,25010.788,24912.788,24940.299,60,1409
2026-02-24 13:00:00,24943.266,24991.288,24929.255,24981.777,60,1413
2026-02-24 14:00:00,24981.277,25051.766,24891.399,25031.266,60,1410
2026-02-24 15:00:00,25031.788,25091.399,25000.799,25011.255,60,1411
2026-02-24 16:00:00,25013.299,25027.799,24980.155,25014.188,60,1409
2026-02-24 17:00:00,25013.177,25040.699,24997.655,25034.799,60,2613
2026-02-24 18:00:00,25034.299,25059.666,25024.699,25051.299,60,2606
2026-02-24 19:00:00,25051.677,25062.166,25036.799,25053.677,60,2616
2026-02-24 20:00:00,25053.299,25069.699,25032.755,25037.277,60,2609
2026-02-24 21:00:00,25036.777,25040.999,25020.266,25027.088,15,7430
2026-02-24 23:00:00,25027.255,25040.199,25012.866,25036.199,60,7418
2026-02-25 00:00:00,25035.355,25051.699,25023.588,25049.555,55,7419
2026-02-25 01:00:00,25049.199,25058.566,25037.066,25049.588,58,3824
2026-02-25 02:00:00,25048.588,25053.588,25033.599,25048.555,54,3808
2026-02-25 03:00:00,25049.577,25053.088,24996.566,25041.577,60,3802
2026-02-25 04:00:00,25039.555,25043.577,25015.077,25031.599,57,3830
2026-02-25 05:00:00,25033.566,25043.199,25026.588,25031.099,60,3815
2026-02-25 06:00:00,25032.077,25038.055,25018.055,25020.555,59,3817
2026-02-25 07:00:00,25021.055,25068.799,25016.699,25043.766,60,2652
2026-02-25 08:00:00,25043.299,25095.288,24988.766,25047.266,60,1406
2026-02-25 09:00:00,25046.899,25068.288,25013.277,25067.255,60,1408
2026-02-25 10:00:00,25068.755,25105.899,25048.399,25078.299,60,1404
2026-02-25 11:00:00,25080.299,25103.899,25068.277,25091.399,60,1413
2026-02-25 12:00:00,25089.255,25119.766,25073.788,25078.255,60,1409
2026-02-25 13:00:00,25078.777,25156.788,25074.277,25144.799,60,1409
2026-02-25 14:00:00,25145.288,25185.777,25126.799,25163.899,60,1419
2026-02-25 15:00:00,25164.899,25178.399,25115.277,25137.766,60,1408
2026-02-25 16:00:00,25138.277,25183.699,25123.266,25169.677,60,1410
2026-02-25 17:00:00,25169.199,25202.666,25167.166,25195.688,60,2605
2026-02-25 18:00:00,25196.155,25201.199,25186.155,25196.155,59,2607
2026-02-25 19:00:00,25195.688,25204.655,25192.155,25194.199,59,2630
2026-02-25 20:00:00,25194.688,25213.799,25194.166,25205.299,60,2608
2026-02-25 21:00:00,25204.788,25220.155,25202.277,25217.499,15,7408
2026-02-25 23:00:00,25203.966,25220.888,25150.855,25169.199,60,7436
2026-02-26 00:00:00,25168.455,25193.255,25162.355,25176.588,56,7405
2026-02-26 01:00:00,25176.077,25177.088,25150.577,25167.699,58,3809
2026-02-26 02:00:00,25167.099,25167.599,25142.699,25151.199,60,3828
2026-02-26 03:00:00,25150.599,25167.055,25147.566,25148.055,55,3804
2026-02-26 04:00:00,25147.555,25152.577,25128.699,25136.066,59,3836
2026-02-26 05:00:00,25135.566,25139.066,25122.066,25130.099,60,3814
2026-02-26 06:00:00,25129.566,25135.699,25094.055,25131.577,60,3813
2026-02-26 07:00:00,25134.555,25176.177,25134.555,25152.299,59,2642
2026-02-26 08:00:00,25153.399,25168.288,25087.266,25143.277,60,1412
2026-02-26 09:00:00,25142.799,25213.899,25111.288,25191.299,60,1414
2026-02-26 10:00:00,25191.755,25262.777,25173.766,25234.755,60,1420
2026-02-26 11:00:00,25234.277,25292.299,25224.277,25284.277,60,1406
2026-02-26 12:00:00,25284.788,25302.788,25269.255,25274.288,60,1406
2026-02-26 13:00:00,25273.266,25309.399,25268.777,25268.899,60,1413
2026-02-26 14:00:00,25269.277,25315.766,25246.766,25253.766,60,1407
2026-02-26 15:00:00,25254.799,25307.266,25155.266,25296.299,60,1406
2026-02-26 16:00:00,25296.777,25311.255,25222.655,25224.666,60,1409
2026-02-26 17:00:00,25225.177,25264.199,25220.199,25234.699,60,2608
2026-02-26 18:00:00,25235.666,25310.799,25220.655,25280.199,60,2613
2026-02-26 19:00:00,25279.688,25333.677,25277.199,25329.166,60,2604
2026-02-26 20:00:00,25330.166,25352.299,25320.688,25336.766,60,2606
2026-02-26 21:00:00,25334.788,25339.299,25322.655,25328.866,15,7408
2026-02-26 23:00:00,25269.866,25286.699,25239.455,25264.188,60,7406
2026-02-27 00:00:00,25263.299,25289.699,25247.566,25254.588,60,7408
2026-02-27 01:00:00,25254.077,25268.088,25242.555,25257.588,60,3807
2026-02-27 02:00:00,25257.055,25277.599,25245.088,25275.588,60,3813
2026-02-27 03:00:00,25276.088,25284.599,25269.699,25278.088,57,3824
2026-02-27 04:00:00,25278.699,25286.555,25258.566,25279.566,59,3804
2026-02-27 05:00:00,25278.555,25302.588,25278.555,25281.055,59,3831
2026-02-27 06:00:00,25280.555,25285.066,25251.055,25268.099,58,3830
2026-02-27 07:00:00,25268.699,25314.755,25268.699,25308.299,60,2640
2026-02-27 08:00:00,25306.799,25388.255,25231.788,25367.255,60,1415
2026-02-27 09:00:00,25373.266,25406.777,25335.788,25355.255,60,1412
2026-02-27 10:00:00,25355.788,25363.788,25281.777,25295.288,60,1410
2026-02-27 11:00:00,25296.255,25324.799,25281.899,25314.266,60,1424
2026-02-27 12:00:00,25313.266,25357.399,25295.899,25312.299,60,1414
2026-02-27 13:00:00,25309.399,25320.299,25207.277,25275.766,60,1410
2026-02-27 14:00:00,25276.288,25277.899,25185.255,25217.266,60,1406
2026-02-27 15:00:00,25216.399,25295.299,25212.777,25282.288,60,1411
2026-02-27 16:00:00,25282.755,25334.288,25233.188,25236.699,60,1407
2026-02-27 17:00:00,25235.655,25272.677,25191.799,25218.188,60,2615
2026-02-27 18:00:00,25220.166,25225.188,25190.699,25209.166,60,2612
2026-02-27 19:00:00,25208.799,25230.299,25152.177,25159.166,60,2604
2026-02-27 20:00:00,25158.666,25203.799,25148.266,25167.288,60,2607
2026-03-01 23:00:00,24980.8,25018.199,24939.066,24958.399,57,10208
2026-03-02 00:00:00,24959.499,24982.299,24833.255,24927.066,59,10205
2026-03-02 01:00:00,24926.055,25012.599,24925.577,24957.566,60,3807
2026-03-02 02:00:00,24958.099,24964.588,24868.555,24931.599,60,3804
2026-03-02 03:00:00,24931.199,24958.077,24905.699,24947.066,60,3806
2026-03-02 04:00:00,24947.555,24972.555,24910.077,24917.055,59,3811
2026-03-02 05:00:00,24915.699,24943.577,24839.566,24842.588,60,3823
2026-03-02 06:00:00,24843.577,24877.077,24724.066,24781.099,60,3802
2026-03-02 07:00:00,24780.066,24789.188,24671.655,24701.766,60,2608
2026-03-02 08:00:00,24702.266,24815.277,24642.277,24755.277,60,1411
2026-03-02 09:00:00,24752.799,24889.899,24715.277,24849.788,60,1405
2026-03-02 10:00:00,24849.266,24901.399,24798.288,24832.755,60,1407
2026-03-02 11:00:00,24834.299,24872.288,24771.766,24791.799,60,1421
2026-03-02 12:00:00,24790.766,24802.755,24664.266,24685.899,60,1406
2026-03-02 13:00:00,24685.299,24704.799,24586.277,24604.777,60,1414
2026-03-02 14:00:00,24606.288,24719.399,24573.266,24661.899,60,1407
2026-03-02 15:00:00,24665.288,24716.899,24619.277,24623.777,60,1406
2026-03-02 16:00:00,24625.255,24722.199,24600.155,24699.688,60,1409
2026-03-02 17:00:00,24700.166,24734.655,24680.688,24716.299,60,2615
2026-03-02 18:00:00,24717.166,24727.299,24678.677,24680.666,60,2611
2026-03-02 19:00:00,24680.177,24721.677,24676.655,24695.688,60,2612
2026-03-02 20:00:00,24696.155,24704.299,24584.666,24610.399,60,2613
2026-03-02 21:00:00,24609.755,24619.599,24590.066,24601.466,15,7415
2026-03-02 23:00:00,24596.355,24604.066,24560.455,24576.888,60,7414
2026-03-03 00:00:00,24577.577,24641.599,24564.155,24624.588,58,7414
2026-03-03 01:00:00,24625.055,24658.066,24524.077,24524.099,60,3812
2026-03-03 02:00:00,24522.599,24552.555,24451.566,24517.555,60,3816
2026-03-03 03:00:00,24519.088,24534.699,24473.599,24500.088,60,3808
2026-03-03 04:00:00,24499.588,24510.699,24405.577,24416.077,60,3817
2026-03-03 05:00:00,24420.088,24444.066,24362.555,24377.577,59,3807
2026-03-03 06:00:00,24378.077,24428.099,24355.088,24377.555,60,3818
2026-03-03 07:00:00,24373.699,24388.299,24215.688,24250.266,60,2613
2026-03-03 08:00:00,24247.299,24269.277,23872.777,23888.277,60,1410
2026-03-03 09:00:00,23886.788,23974.777,23802.755,23844.788,60,1406
2026-03-03 10:00:00,23846.255,23889.288,23591.266,23727.266,60,1405
2026-03-03 11:00:00,23726.799,23760.799,23609.299,23738.788,60,1412
2026-03-03 12:00:00,23737.288,23856.766,23694.299,23831.788,60,1406
2026-03-03 13:00:00,23834.788,23847.799,23701.288,23723.766,60,1405
2026-03-03 14:00:00,23727.777,23776.799,23619.299,23657.288,60,1406
2026-03-03 15:00:00,23661.399,23711.788,23596.277,23698.277,60,1412
2026-03-03 16:00:00,23699.255,23941.188,23668.755,23887.188,60,1412
2026-03-03 17:00:00,23885.188,23916.666,23837.677,23872.188,60,2612
2026-03-03 18:00:00,23873.155,24020.677,23871.655,23990.299,60,2619
2026-03-03 19:00:00,23990.688,24118.299,23948.188,24076.688,60,2606
2026-03-03 20:00:00,24077.299,24096.155,23984.166,24024.777,60,2618
2026-03-03 21:00:00,24025.399,24029.499,24005.277,24015.155,15,7419
2026-03-03 23:00:00,23981.566,24012.299,23962.066,23977.999,60,7427
2026-03-04 00:00:00,23978.288,24046.088,23953.399,24007.588,59,7396
2026-03-04 01:00:00,24008.588,24033.199,23867.566,23898.599,60,3821
2026-03-04 02:00:00,23897.588,23918.055,23800.055,23826.099,60,3809
2026-03-04 03:00:00,23824.099,23835.555,23754.566,23830.555,60,3811
2026-03-04 04:00:00,23829.088,23843.599,23775.555,23796.066,60,3804
2026-03-04 05:00:00,23796.577,23817.566,23732.077,23764.077,60,3807
2026-03-04 06:00:00,23762.088,23888.088,23707.066,23825.055,60,3826
2026-03-04 07:00:00,23820.566,23922.299,23775.666,23880.255,60,2614
2026-03-04 08:00:00,23875.777,23949.288,23812.299,23846.255,60,1406
2026-03-04 09:00:00,23849.777,24025.899,23805.777,24022.799,60,1403
2026-03-04 10:00:00,24020.899,24175.788,23995.766,24165.755,60,1407
2026-03-04 11:00:00,24166.399,24220.788,24130.755,24137.766,60,1415
2026-03-04 12:00:00,24138.288,24171.266,24015.299,24110.899,60,1411
2026-03-04 13:00:00,24110.299,24224.788,24105.788,24180.266,60,1412
2026-03-04 14:00:00,24179.255,24181.777,24070.777,24168.788,60,1405
2026-03-04 15:00:00,24170.755,24243.899,24152.755,24211.299,60,1412
2026-03-04 16:00:00,24210.255,24239.288,24173.177,24215.177,60,1408
2026-03-04 17:00:00,24212.299,24230.655,24166.177,24214.688,60,2610
2026-03-04 18:00:00,24213.677,24277.188,24203.666,24263.155,60,2608
2026-03-04 19:00:00,24264.188,24295.699,24256.155,24277.677,60,2606
2026-03-04 20:00:00,24279.299,24285.799,24248.177,24260.755,60,2613
2026-03-04 21:00:00,24260.266,24268.299,24232.455,24264.877,15,7407
2026-03-04 23:00:00,24279.966,24300.888,24271.366,24291.255,60,7421
2026-03-05 00:00:00,24290.988,24325.899,24286.288,24318.199,58,7396
2026-03-05 01:00:00,24318.599,24320.099,24157.088,24186.099,60,3808
2026-03-05 02:00:00,24186.599,24212.066,24137.077,24181.566,60,3805
2026-03-05 03:00:00,24181.088,24193.588,24065.055,24080.099,60,3811
2026-03-05 04:00:00,24084.577,24162.577,24071.088,24157.055,60,3812
2026-03-05 05:00:00,24158.055,24164.099,24053.199,24057.099,60,3840
2026-03-05 06:00:00,24061.055,24122.066,24004.555,24122.066,60,3818
2026-03-05 07:00:00,24120.555,24201.666,24099.688,24138.299,60,2611
2026-03-05 08:00:00,24140.755,24175.299,24030.777,24173.788,60,1413
2026-03-05 09:00:00,24174.266,24369.799,24170.266,24275.755,60,1413
2026-03-05 10:00:00,24276.299,24309.288,24240.299,24266.755,60,1415
2026-03-05 11:00:00,24266.266,24326.799,24224.777,24235.755,60,1404
2026-03-05 12:00:00,24237.266,24267.255,24157.266,24166.766,60,1413
2026-03-05 13:00:00,24166.277,24176.777,23995.255,24012.399,60,1411
2026-03-05 14:00:00,24011.788,24082.288,23949.399,24081.777,60,1408
2026-03-05 15:00:00,24079.788,24110.399,23882.755,23935.777,60,1407
2026-03-05 16:00:00,23933.799,23944.288,23747.755,23892.677,60,1412
2026-03-05 17:00:00,23896.166,23941.188,23681.677,23692.799,60,2605
2026-03-05 18:00:00,23690.155,23780.666,23674.155,23736.166,60,2607
2026-03-05 19:00:00,23734.188,23767.666,23696.299,23734.177,60,2606
2026-03-05 20:00:00,23734.677,23871.166,23709.188,23837.766,60,2611
2026-03-05 21:00:00,23837.055,23839.099,23819.199,23823.655,15,7423
2026-03-05 23:00:00,23810.688,23866.999,23800.577,23861.577,60,7419
2026-03-06 00:00:00,23862.099,23897.299,23861.277,23883.066,59,7403
2026-03-06 01:00:00,23880.699,23918.077,23845.055,23896.577,60,3810
2026-03-06 02:00:00,23899.199,23977.555,23897.555,23925.577,60,3816
2026-03-06 03:00:00,23926.566,23969.699,23921.699,23967.699,60,3810
2026-03-06 04:00:00,23967.199,23971.599,23932.199,23948.077,59,3809
2026-03-06 05:00:00,23954.199,23997.099,23947.066,23961.566,60,3831
2026-03-06 06:00:00,23959.066,23991.199,23952.199,23960.077,59,3803
2026-03-06 07:00:00,23958.688,23969.299,23902.655,23940.399,60,2628
2026-03-06 08:00:00,23935.399,24031.766,23904.277,23983.788,60,1408
2026-03-06 09:00:00,23984.288,23996.299,23735.799,23783.777,60,1406
2026-03-06 10:00:00,23786.799,23883.288,23776.899,23789.766,60,1407
2026-03-06 11:00:00,23788.899,23800.799,23541.777,23562.788,60,1406
2026-03-06 12:00:00,23563.266,23659.799,23534.399,23609.766,60,1411
2026-03-06 13:00:00,23608.766,23690.266,23387.399,23409.755,60,1407
2026-03-06 14:00:00,23411.277,23498.255,23338.799,23446.299,60,1408
2026-03-06 15:00:00,23447.288,23622.788,23445.788,23548.755,60,1404
2026-03-06 16:00:00,23549.266,23655.299,23511.755,23621.655,60,1406
2026-03-06 17:00:00,23618.688,23638.799,23543.655,23570.677,60,2611
2026-03-06 18:00:00,23570.299,23680.177,23569.155,23625.655,60,2605
2026-03-06 19:00:00,23627.166,23672.688,23609.155,23656.177,60,2606
2026-03-06 20:00:00,23655.666,23699.666,23610.699,23641.766,60,2615
2026-03-06 21:00:00,23640.799,23641.266,23640.799,23641.266,1,7391
2026-03-08 23:00:00,23308.666,23312.588,23168.299,23188.699,60,7412
2026-03-09 00:00:00,23188.288,23213.599,22901.566,22939.099,57,7399
2026-03-09 01:00:00,22937.099,22961.566,22751.077,22752.599,60,3813
2026-03-09 02:00:00,22755.566,22844.555,22706.588,22779.555,60,3805
2026-03-09 03:00:00,22781.588,22813.077,22714.199,22744.077,60,3808
2026-03-09 04:00:00,22746.066,22806.099,22743.055,22753.555,59,3816
2026-03-09 05:00:00,22758.555,22978.588,22730.566,22975.577,60,3804
2026-03-09 06:00:00,22976.099,23066.099,22906.055,22916.088,60,3806
2026-03-09 07:00:00,22917.699,23077.666,22857.155,22972.766,60,2616
2026-03-09 08:00:00,22974.766,23104.288,22924.255,23039.799,60,1412
2026-03-09 09:00:00,23041.255,23289.277,22959.266,23229.288,60,1415
2026-03-09 10:00:00,23228.299,23258.777,23142.266,23207.266,60,1410
2026-03-09 11:00:00,23208.277,23245.755,23153.277,23210.299,60,1419
2026-03-09 12:00:00,23209.299,23315.399,23175.777,23214.255,60,1407
2026-03-09 13:00:00,23215.299,23354.777,23166.766,23239.255,60,1417
2026-03-09 14:00:00,23237.255,23354.299,23122.255,23327.288,60,1409
2026-03-09 15:00:00,23326.288,23472.788,23323.766,23418.299,60,1404
2026-03-09 16:00:00,23420.399,23469.699,23346.266,23454.666,60,1411
2026-03-09 17:00:00,23455.299,23458.177,23308.177,23352.666,60,2605
2026-03-09 18:00:00,23352.155,23448.799,23350.655,23366.155,60,2607
2026-03-09 19:00:00,23366.666,23948.699,23363.677,23784.188,60,2607
2026-03-09 20:00:00,23783.166,23812.677,23706.188,23798.288,60,2605
2026-03-09 23:00:00,23736.366,23751.299,23697.555,23709.299,60,7407
2026-03-10 00:00:00,23710.099,23766.577,23653.755,23716.199,59,7412
2026-03-10 01:00:00,23719.588,23755.088,23680.566,23739.555,60,3808
2026-03-10 02:00:00,23740.577,23754.555,23591.555,23604.566,60,3816
2026-03-10 03:00:00,23607.066,23636.566,23523.099,23531.055,60,3831
2026-03-10 04:00:00,23531.566,23596.199,23517.699,23568.699,60,3806
2026-03-10 05:00:00,23566.577,23676.066,23566.577,23665.077,60,3807
2026-03-10 06:00:00,23669.699,23717.566,23664.555,23692.577,60,3803
2026-03-10 07:00:00,23682.799,23877.899,23639.688,23876.766,60,2612
2026-03-10 08:00:00,23869.299,23999.766,23840.399,23897.788,60,1409
2026-03-10 09:00:00,23898.277,24047.277,23885.299,23955.399,60,1407
2026-03-10 10:00:00,23954.777,24005.899,23900.255,24002.788,60,1422
2026-03-10 11:00:00,24006.777,24067.755,23890.266,23908.399,60,1404
2026-03-10 12:00:00,23909.277,23931.266,23795.277,23916.766,60,1406
2026-03-10 13:00:00,23918.899,23971.777,23815.766,23831.788,60,1404
2026-03-10 14:00:00,23832.288,24054.899,23765.266,24039.399,60,1406
2026-03-10 15:00:00,24040.288,24067.399,23962.277,23969.777,60,1410
2026-03-10 16:00:00,23969.399,24029.166,23895.255,24028.188,60,1407
2026-03-10 17:00:00,24027.799,24106.188,23977.199,24028.699,60,2611
2026-03-10 18:00:00,24029.155,24035.155,23747.799,23816.799,60,2613
2026-03-10 19:00:00,23817.699,23875.799,23757.666,23789.166,60,2612
2026-03-10 20:00:00,23789.688,23814.799,23772.177,23808.399,60,2620
2026-03-10 21:00:00,23802.777,23802.777,23802.777,23802.777,1,7446
2026-03-10 23:00:00,23774.966,23816.599,23768.699,23809.999,60,7421
2026-03-11 00:00:00,23812.255,23937.755,23807.099,23894.199,59,7411
2026-03-11 01:00:00,23894.699,23955.699,23886.555,23933.699,60,3810
2026-03-11 02:00:00,23934.699,23959.088,23933.055,23946.077,60,3821
2026-03-11 03:00:00,23943.077,23993.555,23942.088,23988.099,59,3803
2026-03-11 04:00:00,23987.577,23987.577,23958.088,23960.555,58,3810
2026-03-11 05:00:00,23959.599,23963.199,23851.599,23853.566,60,3819
2026-03-11 06:00:00,23851.555,23869.699,23819.066,23850.599,60,3822
2026-03-11 07:00:00,23851.055,23883.177,23716.688,23720.255,60,2633
2026-03-11 08:00:00,23721.755,23728.788,23569.899,23603.288,60,1408
2026-03-11 09:00:00,23602.766,23615.899,23540.288,23555.277,60,1410
2026-03-11 10:00:00,23559.766,23807.899,23546.755,23800.299,60,1409
2026-03-11 11:00:00,23801.899,23817.766,23593.777,23640.777,60,1408
2026-03-11 12:00:00,23641.255,23702.299,23529.266,23579.399,60,1408
2026-03-11 13:00:00,23579.788,23721.299,23577.899,23707.255,60,1407
2026-03-11 14:00:00,23706.777,23823.788,23592.788,23738.255,60,1414
2026-03-11 15:00:00,23737.399,23743.899,23564.799,23602.266,60,1417
2026-03-11 16:00:00,23597.399,23691.188,23559.255,23685.677,60,1414
2026-03-11 17:00:00,23684.699,23702.688,23594.188,23654.155,60,2615
2026-03-11 18:00:00,23652.799,23696.799,23617.188,23679.199,60,2616
2026-03-11 19:00:00,23678.799,23709.688,23651.199,23700.699,60,2622
2026-03-11 20:00:00,23699.299,23704.299,23623.899,23623.899,60,2609
2026-03-11 21:00:00,23623.288,23623.288,23623.288,23623.288,1,7413
2026-03-11 23:00:00,23494.466,23497.799,23393.055,23447.399,60,7409
2026-03-12 00:00:00,23447.677,23449.688,23362.777,23424.077,59,7417
2026-03-12 01:00:00,23422.566,23497.699,23405.599,23427.088,60,3806
2026-03-12 02:00:00,23427.588,23434.088,23289.577,23298.077,60,3820
2026-03-12 03:00:00,23298.577,23317.555,23250.577,23288.555,60,3809
2026-03-12 04:00:00,23287.066,23326.088,23279.055,23302.199,60,3808
2026-03-12 05:00:00,23301.066,23367.066,23300.555,23358.577,60,3806
2026-03-12 06:00:00,23353.555,23413.077,23338.577,23396.566,60,3829
2026-03-12 07:00:00,23396.077,23498.799,23387.177,23489.399,60,2610
2026-03-12 08:00:00,23494.799,23622.266,23483.766,23607.299,60,1410
2026-03-12 09:00:00,23606.399,23643.777,23483.799,23635.277,60,1412
2026-03-12 10:00:00,23635.799,23667.299,23567.255,23619.899,60,1407
2026-03-12 11:00:00,23618.777,23705.788,23583.766,23620.299,60,1413
2026-03-12 12:00:00,23621.299,23627.399,23533.255,23601.255,60,1412
2026-03-12 13:00:00,23602.799,23635.399,23458.277,23501.399,60,1407
2026-03-12 14:00:00,23500.899,23572.399,23393.255,23512.299,60,1414
2026-03-12 15:00:00,23512.899,23556.799,23367.288,23543.255,60,1411
2026-03-12 16:00:00,23543.766,23631.299,23489.755,23570.155,60,1406
2026-03-12 17:00:00,23569.799,23640.199,23559.188,23587.199,60,2606
2026-03-12 18:00:00,23587.655,23617.199,23564.166,23567.155,60,2606
2026-03-12 19:00:00,23566.199,23596.699,23527.666,23537.155,60,2605
2026-03-12 20:00:00,23537.688,23552.688,23509.255,23512.399,60,2602
2026-03-12 23:00:00,23528.399,23541.599,23502.566,23503.899,60,7412
2026-03-13 00:00:00,23502.599,23613.099,23464.455,23608.199,59,7406
2026-03-13 01:00:00,23607.699,23674.577,23607.699,23628.555,60,3831
2026-03-13 02:00:00,23628.099,23653.066,23611.555,23613.199,60,3809
2026-03-13 03:00:00,23612.077,23634.577,23591.577,23631.555,60,3815
2026-03-13 04:00:00,23631.066,23644.066,23594.555,23606.088,60,3806
2026-03-13 05:00:00,23605.699,23619.566,23583.577,23614.066,60,3813
2026-03-13 06:00:00,23615.088,23615.199,23494.577,23503.577,60,3807
2026-03-13 07:00:00,23496.555,23510.677,23386.688,23408.299,60,2625
2026-03-13 08:00:00,23402.299,23425.277,23287.777,23412.788,60,1414
2026-03-13 09:00:00,23413.777,23463.777,23367.255,23425.266,60,1405
2026-03-13 10:00:00,23426.266,23563.899,23410.755,23558.288,60,1422
2026-03-13 11:00:00,23556.799,23610.255,23532.777,23608.799,60,1403
2026-03-13 12:00:00,23607.899,23705.299,23583.399,23650.788,60,1416
2026-03-13 13:00:00,23651.299,23767.266,23623.277,23677.766,60,1408
2026-03-13 14:00:00,23677.277,23697.766,23491.255,23495.299,60,1410
2026-03-13 15:00:00,23496.255,23558.799,23409.788,23415.255,60,1418
2026-03-13 16:00:00,23413.766,23466.299,23380.755,23415.188,60,1408
2026-03-13 17:00:00,23415.666,23456.677,23374.155,23383.155,60,2608
2026-03-13 18:00:00,23384.699,23443.799,23366.666,23432.166,60,2614
2026-03-13 19:00:00,23431.699,23431.699,23355.166,23394.155,60,2616
2026-03-13 20:00:00,23393.688,23401.155,23325.766,23325.766,59,2604
2026-03-15 23:00:00,23439.966,23454.599,23384.555,23414.466,60,7404
2026-03-16 00:00:00,23414.777,23559.788,23413.899,23543.599,59,7405
2026-03-16 01:00:00,23544.099,23561.055,23455.588,23496.055,60,3807
2026-03-16 02:00:00,23495.588,23497.699,23444.599,23461.077,60,3807
2026-03-16 03:00:00,23461.566,23538.599,23451.055,23536.088,58,3806
2026-03-16 04:00:00,23531.599,23535.199,23476.099,23477.088,59,3832
2026-03-16 05:00:00,23477.588,23538.555,23468.555,23530.066,60,3816
2026-03-16 06:00:00,23529.599,23567.555,23515.699,23561.577,60,3804
2026-03-16 07:00:00,23561.088,23562.688,23450.777,23459.255,60,2638
2026-03-16 08:00:00,23460.299,23507.899,23390.788,23432.766,60,1407
2026-03-16 09:00:00,23434.266,23459.255,23331.399,23342.799,60,1414
2026-03-16 10:00:00,23342.277,23499.299,23334.899,23498.777,60,1411
2026-03-16 11:00:00,23497.755,23542.777,23471.399,23539.777,60,1414
2026-03-16 12:00:00,23540.777,23623.399,23536.277,23574.766,60,1420
2026-03-16 13:00:00,23575.288,23680.255,23575.288,23678.288,60,1417
2026-03-16 14:00:00,23678.788,23703.788,23566.777,23652.266,60,1410
2026-03-16 15:00:00,23653.288,23696.299,23616.777,23616.777,60,1405
2026-03-16 16:00:00,23617.266,23640.399,23556.666,23572.177,60,1410
2026-03-16 17:00:00,23571.677,23623.677,23559.666,23582.655,60,2610
2026-03-16 18:00:00,23583.299,23633.655,23581.188,23622.666,60,2622
2026-03-16 19:00:00,23622.188,23673.155,23595.666,23639.155,60,2611
2026-03-16 20:00:00,23639.699,23642.677,23608.277,23613.288,60,2618
2026-03-16 23:00:00,23589.677,23621.377,23589.199,23620.666,60,7416
2026-03-17 00:00:00,23620.999,23621.499,23529.077,23542.199,60,7401
2026-03-17 01:00:00,23541.066,23592.699,23536.699,23574.199,60,3802
2026-03-17 02:00:00,23573.555,23580.055,23551.099,23551.555,60,3826
2026-03-17 03:00:00,23552.599,23577.566,23540.588,23545.077,60,3824
2026-03-17 04:00:00,23544.588,23571.588,23529.099,23560.588,60,3829
2026-03-17 05:00:00,23560.199,23563.199,23442.077,23443.088,60,3820
2026-03-17 06:00:00,23443.555,23464.699,23409.088,23454.566,60,3810
2026-03-17 07:00:00,23449.588,23535.155,23437.177,23500.288,60,2628
2026-03-17 08:00:00,23499.399,23551.799,23459.266,23505.899,60,1415
2026-03-17 09:00:00,23506.766,23656.766,23506.766,23639.288,60,1411
2026-03-17 10:00:00,23639.777,23639.777,23533.799,23596.788,60,1409
2026-03-17 11:00:00,23595.788,23642.288,23594.288,23598.288,60,1413
2026-03-17 12:00:00,23600.255,23707.755,23596.799,23684.777,60,1415
2026-03-17 13:00:00,23685.899,23793.277,23682.755,23757.266,60,1410
2026-03-17 14:00:00,23757.766,23818.399,23721.766,23815.288,60,1415
2026-03-17 15:00:00,23814.288,23823.788,23699.277,23741.899,60,1410
2026-03-17 16:00:00,23740.799,23744.288,23680.399,23701.188,60,1406
2026-03-17 17:00:00,23700.177,23748.299,23700.177,23727.166,60,2614
2026-03-17 18:00:00,23729.799,23734.199,23672.188,23700.688,60,2616
2026-03-17 19:00:00,23701.177,23707.688,23677.666,23700.688,60,2610
2026-03-17 20:00:00,23701.155,23712.299,23684.166,23701.299,59,2615
2026-03-17 21:00:00,23700.766,23700.766,23700.766,23700.766,1,7335
2026-03-17 23:00:00,23683.188,23691.799,23672.955,23676.277,60,7422
2026-03-18 00:00:00,23675.588,23747.699,23672.955,23744.555,59,7411
2026-03-18 01:00:00,23745.577,23775.588,23743.699,23760.088,60,3818
2026-03-18 02:00:00,23761.699,23787.555,23754.077,23778.555,60,3819
2026-03-18 03:00:00,23779.099,23821.055,23778.566,23812.199,58,3852
2026-03-18 04:00:00,23812.599,23847.055,23812.599,23837.599,59,3841
2026-03-18 05:00:00,23838.199,23890.588,23830.588,23886.699,60,3791
2026-03-18 06:00:00,23885.555,23920.599,23881.055,23915.699,60,3835
2026-03-18 07:00:00,23915.077,23932.655,23824.655,23845.299,60,2607
2026-03-18 08:00:00,23842.777,23893.899,23803.755,23878.266,60,1410
2026-03-18 09:00:00,23879.299,23942.266,23856.299,23909.755,60,1410
2026-03-18 10:00:00,23908.799,23959.766,23896.788,23899.788,60,1418
2026-03-18 11:00:00,23898.755,23954.277,23835.299,23846.777,60,1413
2026-03-18 12:00:00,23847.788,23855.899,23595.766,23609.288,60,1405
2026-03-18 13:00:00,23609.777,23671.799,23556.277,23604.277,60,1406
2026-03-18 14:00:00,23603.777,23651.399,23447.266,23508.766,60,1406
2026-03-18 15:00:00,23508.266,23577.255,23480.266,23509.255,60,1408
2026-03-18 16:00:00,23510.299,23544.899,23480.399,23501.655,60,1405
2026-03-18 17:00:00,23503.177,23537.799,23468.188,23520.699,60,2605
2026-03-18 18:00:00,23521.155,23547.688,23383.155,23385.666,60,2608
2026-03-18 19:00:00,23386.177,23405.688,23236.199,23253.799,60,2608
2026-03-18 20:00:00,23252.199,23264.699,23116.166,23141.788,60,2605
2026-03-18 23:00:00,23133.966,23179.177,23132.999,23161.899,60,7409
2026-03-19 00:00:00,23163.199,23181.288,23088.099,23132.555,59,7409
2026-03-19 01:00:00,23134.088,23214.066,23121.066,23185.599,60,3827
2026-03-19 02:00:00,23186.088,23274.577,23163.077,23244.699,60,3819
2026-03-19 03:00:00,23245.599,23260.099,23226.055,23228.588,59,3845
2026-03-19 04:00:00,23227.588,23227.588,23097.099,23126.088,60,3824
2026-03-19 05:00:00,23127.088,23143.599,23059.099,23061.555,60,3827
2026-03-19 06:00:00,23062.055,23145.077,23062.055,23097.699,60,3829
2026-03-19 07:00:00,23094.077,23172.155,23031.799,23132.266,60,2655
2026-03-19 08:00:00,23134.399,23193.288,22926.755,22964.755,60,1407
2026-03-19 09:00:00,22965.755,23061.755,22861.266,23039.399,60,1413
2026-03-19 10:00:00,23039.766,23040.899,22918.788,22936.288,60,1409
2026-03-19 11:00:00,22939.255,22973.277,22889.788,22952.777,60,1405
2026-03-19 12:00:00,22949.399,22968.755,22791.899,22826.399,60,1405
2026-03-19 13:00:00,22827.899,22981.255,22761.288,22966.777,60,1410
2026-03-19 14:00:00,22965.266,23006.755,22860.755,22880.266,60,1406
2026-03-19 15:00:00,22879.899,23000.266,22850.288,22928.255,60,1403
2026-03-19 16:00:00,22929.277,22984.299,22782.177,22812.655,60,1408
2026-03-19 17:00:00,22813.666,22842.699,22726.799,22796.299,60,2606
2026-03-19 18:00:00,22795.177,22857.199,22762.688,22845.677,60,2606
2026-03-19 19:00:00,22843.299,23125.177,22843.299,22992.655,60,2606
2026-03-19 20:00:00,22992.299,23048.699,22979.166,22992.277,60,2614
2026-03-19 23:00:00,23026.566,23039.699,23008.177,23012.755,60,7431
2026-03-20 00:00:00,23013.066,23066.899,22996.777,23016.555,59,7402
2026-03-20 01:00:00,23015.577,23088.077,23007.055,23051.066,60,3811
2026-03-20 02:00:00,23056.066,23056.066,23027.055,23029.599,60,3807
2026-03-20 03:00:00,23030.077,23035.588,22999.099,23009.066,59,3820
2026-03-20 04:00:00,23009.588,23023.088,22979.577,22987.588,59,3820
2026-03-20 05:00:00,22987.088,23014.566,22953.088,23001.077,60,3803
2026-03-20 06:00:00,23002.555,23018.588,22940.077,22954.588,60,3810
2026-03-20 07:00:00,22947.199,23074.655,22899.688,23067.899,60,2626
2026-03-20 08:00:00,23067.255,23176.299,23042.266,23054.777,60,1410
2026-03-20 09:00:00,23055.399,23065.788,22837.777,22879.288,60,1411
2026-03-20 10:00:00,22877.399,22887.277,22694.266,22738.288,60,1406
2026-03-20 11:00:00,22733.755,22917.399,22729.277,22906.399,60,1413
2026-03-20 12:00:00,22907.755,22933.299,22843.766,22906.277,60,1408
2026-03-20 13:00:00,22907.299,22918.299,22679.255,22688.277,60,1406
2026-03-20 14:00:00,22686.399,22693.266,22399.266,22436.799,60,1407
2026-03-20 15:00:00,22437.266,22523.399,22378.799,22432.899,60,1423
2026-03-20 16:00:00,22431.777,22488.755,22280.155,22326.688,60,1404
2026-03-20 17:00:00,22327.699,22360.199,22254.799,22304.166,60,2613
2026-03-20 18:00:00,22306.699,22315.188,22152.166,22174.177,60,2605
2026-03-20 19:00:00,22174.677,22205.188,22087.166,22176.166,60,2610
2026-03-20 20:00:00,22177.799,22229.299,22174.177,22209.277,60,2619
2026-03-20 21:00:00,22208.399,22208.399,22208.399,22208.399,1,7302
2026-03-22 23:00:00,21987.866,22035.088,21949.766,21966.866,60,7408
2026-03-23 00:00:00,21968.455,22117.299,21952.966,21992.199,60,7409
2026-03-23 01:00:00,21991.199,22205.199,21974.699,22167.055,60,3813
2026-03-23 02:00:00,22167.555,22185.699,22078.577,22094.088,60,3811
2026-03-23 03:00:00,22092.088,22110.599,22010.199,22020.055,60,3821
2026-03-23 04:00:00,22020.555,22063.077,21997.566,22063.077,60,3804
2026-03-23 05:00:00,22066.077,22102.588,21998.588,22040.088,60,3815
2026-03-23 06:00:00,22040.588,22047.066,21903.066,21927.099,60,3806
2026-03-23 07:00:00,21924.577,22009.166,21865.666,21885.266,60,2629
2026-03-23 08:00:00,21882.755,22002.899,21878.288,21962.799,60,1405
2026-03-23 09:00:00,21961.788,22037.399,21883.266,21923.399,60,1410
2026-03-23 10:00:00,21922.399,21972.777,21859.777,21918.399,60,1408
2026-03-23 11:00:00,21917.755,23282.766,21917.755,22647.999,51,10210
2026-03-23 12:00:00,22646.999,22939.855,22570.355,22889.377,60,10202
2026-03-23 13:00:00,22891.877,22940.355,22684.888,22854.399,60,3207
2026-03-23 14:00:00,22861.377,23008.877,22812.866,22972.377,60,3210
2026-03-23 15:00:00,22977.388,23092.377,22665.288,22677.299,60,2209
2026-03-23 16:00:00,22671.899,22741.255,22581.155,22693.666,60,1407
2026-03-23 17:00:00,22696.155,22867.666,22669.699,22813.666,60,2606
2026-03-23 18:00:00,22813.188,22897.799,22725.188,22849.166,60,2610
2026-03-23 19:00:00,22848.699,22850.655,22727.655,22751.655,60,2619
2026-03-23 20:00:00,22752.699,22792.188,22718.166,22781.288,60,2607
2026-03-23 21:00:00,22780.788,22780.788,22775.255,22775.255,1,7457
2026-03-23 23:00:00,22845.677,22847.988,22810.155,22828.988,60,7398
2026-03-24 00:00:00,22827.688,22829.099,22553.088,22579.599,59,7399
2026-03-24 01:00:00,22581.599,22584.555,22406.588,22455.099,60,3807
2026-03-24 02:00:00,22453.555,22512.066,22397.577,22464.555,60,3811
2026-03-24 03:00:00,22462.099,22485.199,22416.066,22483.088,60,3801
2026-03-24 04:00:00,22485.055,22499.599,22433.599,22446.066,60,3807
2026-03-24 05:00:00,22446.566,22485.577,22370.588,22449.577,60,3824
2026-03-24 06:00:00,22447.588,22587.088,22438.199,22563.555,60,3813
2026-03-24 07:00:00,22560.599,22703.655,22560.155,22647.299,60,2632
2026-03-24 08:00:00,22648.299,22733.766,22468.288,22485.299,60,1404
2026-03-24 09:00:00,22489.277,22592.777,22403.899,22573.277,60,1414
2026-03-24 10:00:00,22575.755,22638.799,22520.255,22582.277,60,1409
2026-03-24 11:00:00,22585.788,22649.399,22501.299,22627.899,60,1406
2026-03-24 12:00:00,22629.788,22640.799,22421.766,22435.266,60,1411
2026-03-24 13:00:00,22433.899,22459.899,22344.766,22448.266,60,1406
2026-03-24 14:00:00,22449.299,22644.777,22423.266,22582.299,60,1412
2026-03-24 15:00:00,22581.899,22673.299,22552.766,22552.799,60,1409
2026-03-24 16:00:00,22553.299,22660.677,22542.755,22590.799,60,1409
2026-03-24 17:00:00,22592.199,22599.199,22478.655,22595.699,60,2605
2026-03-24 18:00:00,22593.166,22677.677,22546.155,22610.799,60,2610
2026-03-24 19:00:00,22611.155,22658.299,22567.199,22576.166,60,2606
2026-03-24 20:00:00,22575.155,22934.799,22558.188,22852.799,60,2609
2026-03-24 23:00:00,22874.499,22886.977,22853.188,22867.499,60,7429
2026-03-25 00:00:00,22866.799,22987.077,22851.066,22946.699,60,7401
2026-03-25 01:00:00,22945.555,22985.088,22915.055,22917.099,60,3813
2026-03-25 02:00:00,22916.099,22917.555,22832.566,22838.199,60,3817
2026-03-25 03:00:00,22838.577,22867.577,22820.588,22863.066,60,3805
2026-03-25 04:00:00,22863.599,22923.566,22859.588,22918.555,60,3829
2026-03-25 05:00:00,22919.566,22919.566,22870.599,22880.577,60,3818
2026-03-25 06:00:00,22880.099,22880.099,22834.555,22858.088,60,3804
2026-03-25 07:00:00,22853.588,22921.899,22804.177,22921.399,60,2617
2026-03-25 08:00:00,22925.266,23070.299,22918.266,22985.755,60,1409
2026-03-25 09:00:00,22985.255,23060.288,22913.799,22987.766,60,1411
2026-03-25 10:00:00,22999.266,23030.799,22950.799,22995.266,60,1409
2026-03-25 11:00:00,22994.277,23052.399,22964.788,23032.766,60,1411
2026-03-25 12:00:00,23033.399,23083.777,22879.788,22990.788,60,1407
2026-03-25 13:00:00,22991.788,23054.399,22934.277,22949.299,60,1409
2026-03-25 14:00:00,22950.277,23029.899,22903.788,22977.399,60,1406
2026-03-25 15:00:00,22979.788,22985.299,22808.788,22899.299,60,1407
2026-03-25 16:00:00,22898.255,22994.188,22867.899,22950.199,60,1406
2026-03-25 17:00:00,22950.655,23002.655,22920.655,22937.155,60,2625
2026-03-25 18:00:00,22936.699,22959.155,22864.155,22910.299,60,2603
2026-03-25 19:00:00,22909.166,22955.199,22884.677,22925.299,60,2611
2026-03-25 20:00:00,22926.155,22933.166,22893.688,22912.899,60,2606
2026-03-25 21:00:00,22911.766,22913.799,22911.766,22913.799,1,7450
2026-03-25 23:00:00,22885.377,22890.866,22852.866,22870.488,60,7414
2026-03-26 00:00:00,22871.399,22914.555,22868.455,22887.199,60,7402
2026-03-26 01:00:00,22887.555,22908.577,22857.566,22868.099,60,3821
2026-03-26 02:00:00,22867.588,22885.099,22755.077,22775.566,60,3810
2026-03-26 03:00:00,22773.588,22849.599,22760.077,22812.199,60,3804
2026-03-26 04:00:00,22811.055,22825.588,22793.055,22810.066,60,3828
2026-03-26 05:00:00,22805.577,22821.055,22704.099,22710.566,60,3814
2026-03-26 06:00:00,22710.077,22776.566,22692.066,22762.055,60,3815
2026-03-26 07:00:00,22758.099,22767.799,22672.155,22706.255,60,2711
2026-03-26 08:00:00,22700.288,22771.899,22628.788,22685.255,60,1412
2026-03-26 09:00:00,22683.799,22687.766,22562.788,22627.788,60,1411
2026-03-26 10:00:00,22627.399,22718.799,22598.399,22667.799,60,1405
2026-03-26 11:00:00,22672.788,22698.788,22574.288,22574.788,60,1413
2026-03-26 12:00:00,22575.299,22662.266,22548.399,22616.299,60,1413
2026-03-26 13:00:00,22615.766,22771.299,22576.255,22766.266,60,1405
2026-03-26 14:00:00,22767.299,22820.788,22654.288,22699.399,60,1411
2026-03-26 15:00:00,22701.788,22722.799,22629.766,22655.255,60,1412
2026-03-26 16:00:00,22653.899,22699.777,22559.188,22613.199,60,1410
2026-03-26 17:00:00,22612.155,22653.299,22556.799,22578.799,60,2607
2026-03-26 18:00:00,22578.177,22615.799,22578.177,22609.655,60,2614
2026-03-26 19:00:00,22611.155,22612.699,22511.188,22517.655,60,2608
2026-03-26 20:00:00,22520.799,22881.299,22505.188,22618.788,60,2607
2026-03-26 23:00:00,22665.755,22682.088,22651.955,22676.255,60,7410
2026-03-27 00:00:00,22676.899,22698.277,22566.199,22584.699,59,7410
2026-03-27 01:00:00,22584.066,22657.099,22573.555,22656.099,60,3820
2026-03-27 02:00:00,22658.077,22689.577,22649.577,22666.577,60,3813
2026-03-27 03:00:00,22664.699,22726.199,22652.577,22720.599,60,3814
2026-03-27 04:00:00,22720.099,22730.199,22698.099,22722.088,60,3841
2026-03-27 05:00:00,22721.699,22778.599,22721.699,22724.566,60,3810
2026-03-27 06:00:00,22724.088,22751.055,22659.599,22670.555,60,3819
2026-03-27 07:00:00,22671.199,22685.699,22624.655,22644.799,60,2615
2026-03-27 08:00:00,22647.299,22647.299,22369.255,22373.799,60,1405
2026-03-27 09:00:00,22383.266,22400.777,22275.755,22316.299,60,1412
2026-03-27 10:00:00,22316.788,22385.288,22263.766,22271.788,60,1407
2026-03-27 11:00:00,22272.399,22357.799,22209.266,22309.277,60,1404
2026-03-27 12:00:00,22309.788,22357.899,22251.299,22326.788,60,1407
2026-03-27 13:00:00,22325.766,22361.399,22249.277,22274.766,60,1412
2026-03-27 14:00:00,22263.266,22363.755,22262.255,22291.777,60,1407
2026-03-27 15:00:00,22290.788,22413.288,22231.399,22313.399,60,1404
2026-03-27 16:00:00,22315.288,22336.199,22268.755,22305.155,60,1408
2026-03-27 17:00:00,22305.666,22354.666,22244.299,22249.155,60,2620
2026-03-27 18:00:00,22248.177,22258.299,22196.155,22225.688,60,2605
2026-03-27 19:00:00,22226.199,22231.799,22142.677,22195.299,60,2607
2026-03-27 20:00:00,22194.677,22228.699,22091.788,22098.755,60,2610
2026-03-27 21:00:00,22099.799,22099.799,22099.799,22099.799,1,7435
2026-03-29 22:00:00,22025.255,22045.999,21966.266,22023.199,57,9207
2026-03-29 23:00:00,22022.899,22044.699,21956.155,21965.799,60,7407
2026-03-30 00:00:00,21964.999,22115.366,21931.388,21973.366,59,7404
2026-03-30 01:00:00,21973.899,22031.388,21940.888,22021.999,60,6210
2026-03-30 02:00:00,22023.355,22127.888,22013.899,22099.499,60,6215
2026-03-30 03:00:00,22100.999,22163.388,22094.888,22150.877,59,6210
2026-03-30 04:00:00,22152.499,22205.377,22143.166,22155.299,59,6218
2026-03-30 05:00:00,22153.199,22198.655,22146.188,22146.655,60,4715
2026-03-30 06:00:00,22142.655,22295.688,22136.299,22247.399,60,2646
2026-03-30 07:00:00,22243.799,22301.266,22205.266,22275.899,60,1408
2026-03-30 08:00:00,22274.777,22356.777,22227.277,22351.788,60,1407
2026-03-30 09:00:00,22352.399,22372.777,22237.899,22251.277,60,1406
2026-03-30 10:00:00,22252.288,22314.788,22233.277,22314.788,60,1416
2026-03-30 11:00:00,22315.788,22533.777,22311.799,22358.755,60,1412
2026-03-30 12:00:00,22359.899,22414.299,22325.288,22413.288,60,1405
2026-03-30 13:00:00,22412.755,22441.799,22342.277,22353.755,60,1406
2026-03-30 14:00:00,22352.766,22496.277,22352.766,22495.755,60,1408
2026-03-30 15:00:00,22496.777,22625.299,22455.766,22598.299,60,1410
2026-03-30 16:00:00,22599.299,22603.199,22517.699,22535.699,60,2610
2026-03-30 17:00:00,22535.199,22551.188,22448.166,22480.799,60,2611
2026-03-30 18:00:00,22479.655,22493.688,22392.688,22403.166,60,2605
2026-03-30 19:00:00,22404.155,22457.299,22336.666,22447.277,60,2604
2026-03-30 20:00:00,22448.299,22449.566,22411.699,22414.377,15,7407
2026-03-30 22:00:00,22439.455,22461.399,22434.155,22435.299,60,7414
2026-03-30 23:00:00,22434.755,22434.755,22351.966,22363.999,60,7407
2026-03-31 00:00:00,22364.299,22567.199,22290.655,22529.666,60,7404
2026-03-31 01:00:00,22526.155,22728.188,22467.299,22687.699,60,4706
2026-03-31 02:00:00,22692.799,22712.188,22650.699,22651.677,60,4716
2026-03-31 03:00:00,22651.166,22695.677,22589.677,22595.655,60,4712
2026-03-31 04:00:00,22595.155,22611.199,22560.666,22561.177,60,4702
2026-03-31 05:00:00,22560.799,22728.166,22503.655,22674.655,60,4706
2026-03-31 06:00:00,22670.188,22688.677,22570.155,22586.766,60,2638
2026-03-31 07:00:00,22591.299,22740.755,22482.288,22739.766,60,1419
2026-03-31 08:00:00,22740.899,22770.899,22657.299,22684.288,60,1412
2026-03-31 09:00:00,22683.899,22757.788,22678.766,22728.399,60,1407
2026-03-31 10:00:00,22727.766,22780.288,22616.766,22698.266,60,1411
2026-03-31 11:00:00,22697.788,22827.777,22672.766,22753.766,60,1415
2026-03-31 12:00:00,22755.799,22814.277,22690.766,22757.788,60,1405
2026-03-31 13:00:00,22760.399,22831.766,22711.799,22805.255,60,1414
2026-03-31 14:00:00,22804.299,22813.277,22651.266,22667.399,60,1409
2026-03-31 15:00:00,22668.277,22754.777,22591.677,22641.188,60,1412
2026-03-31 16:00:00,22639.188,23064.177,22624.155,22869.188,60,2608
2026-03-31 17:00:00,22871.199,22959.188,22844.299,22896.677,60,2610
2026-03-31 18:00:00,22897.188,22951.199,22893.688,22943.666,60,2608
2026-03-31 19:00:00,22943.166,23041.688,22933.166,23016.277,60,2604
2026-03-31 20:00:00,23015.899,23020.388,22982.955,23008.477,15,7415
2026-03-31 22:00:00,22993.088,23025.299,22987.066,23022.399,60,7410
2026-03-31 23:00:00,23021.577,23079.577,23012.966,23074.288,60,7413
2026-04-01 00:00:00,23072.977,23099.588,23037.666,23088.177,59,7409
2026-04-01 01:00:00,23088.799,23095.799,23017.188,23034.699,60,4705
2026-04-01 02:00:00,23036.688,23054.666,23019.155,23020.677,60,4716
2026-04-01 03:00:00,23019.188,23053.799,23014.188,23044.799,60,4709
2026-04-01 04:00:00,23045.155,23074.799,23038.699,23070.188,60,4737
2026-04-01 05:00:00,23070.666,23112.655,23066.166,23093.699,60,4726
2026-04-01 06:00:00,23092.688,23300.188,23092.688,23295.299,60,2659
2026-04-01 07:00:00,23296.399,23354.288,23143.777,23149.899,60,1414
2026-04-01 08:00:00,23150.299,23221.755,23106.755,23171.299,60,1414
2026-04-01 09:00:00,23174.755,23198.788,23020.266,23132.766,60,1414
2026-04-01 10:00:00,23133.255,23219.399,23081.766,23212.788,60,1414
2026-04-01 11:00:00,23209.799,23331.266,23205.266,23307.288,60,1415
2026-04-01 12:00:00,23308.255,23397.255,23195.266,23208.755,60,1412
2026-04-01 13:00:00,23210.777,23294.766,23146.299,23194.899,60,1408
2026-04-01 14:00:00,23195.299,23307.288,23175.288,23296.288,60,1406
2026-04-01 15:00:00,23296.755,23379.188,23253.655,23375.688,60,1408
2026-04-01 16:00:00,23376.177,23384.688,23313.799,23355.699,60,2607
2026-04-01 17:00:00,23356.166,23378.677,23310.188,23311.166,60,2621
2026-04-01 18:00:00,23311.677,23314.199,23183.177,23219.155,60,2606
2026-04-01 19:00:00,23219.699,23347.799,23212.188,23310.266,60,2608
2026-04-01 20:00:00,23313.266,23324.299,23304.255,23316.966,15,7415
2026-04-01 22:00:00,23306.499,23312.799,23283.166,23288.477,60,7410
2026-04-01 23:00:00,23289.188,23305.899,23281.766,23293.788,60,7408
2026-04-02 00:00:00,23294.299,23349.666,23263.677,23343.155,59,7403
2026-04-02 01:00:00,23344.177,23344.177,22935.166,22976.799,60,5606
2026-04-02 02:00:00,22971.699,22984.688,22904.155,22931.299,60,4705
2026-04-02 03:00:00,22929.688,22929.688,22858.166,22867.799,60,4706
2026-04-02 04:00:00,22868.188,22884.655,22813.299,22841.799,60,4722
2026-04-02 05:00:00,22840.688,22871.666,22797.155,22805.177,60,4709
2026-04-02 06:00:00,22809.199,22898.777,22809.199,22890.799,60,2671
2026-04-02 07:00:00,22890.399,22998.277,22882.755,22993.799,60,1408
2026-04-02 08:00:00,22994.277,23001.766,22925.788,22955.788,60,1407
2026-04-02 09:00:00,22956.299,22971.788,22876.755,22899.799,60,1411
2026-04-02 10:00:00,22898.766,22906.277,22784.399,22819.899,60,1413
2026-04-02 11:00:00,22817.755,22839.799,22717.755,22717.755,60,1405
2026-04-02 12:00:00,22718.299,22785.288,22669.788,22759.288,60,1413
2026-04-02 13:00:00,22760.399,22896.799,22745.399,22889.277,60,1407
2026-04-02 14:00:00,22890.299,23248.766,22849.755,23137.788,60,1404
2026-04-02 15:00:00,23137.255,23164.899,23069.199,23108.666,60,1411
2026-04-02 16:00:00,23109.299,23160.677,23069.155,23132.188,60,2605
2026-04-02 17:00:00,23132.688,23211.199,23124.655,23161.688,60,2606
2026-04-02 18:00:00,23162.155,23196.688,23160.677,23181.688,60,2611
2026-04-02 19:00:00,23182.655,23211.788,23164.799,23206.277,60,2610
2026-04-02 20:00:00,23206.899,23209.266,23193.788,23203.099,14,8188
2026-04-05 22:00:00,23038.155,23071.699,22993.488,23066.099,58,8210
2026-04-05 23:00:00,23066.899,23070.499,23039.566,23059.766,60,8208
2026-04-06 00:00:00,23060.088,23159.266,23057.755,23157.655,60,8212
2026-04-06 01:00:00,23157.988,23190.177,23157.366,23169.277,60,8206
2026-04-06 02:00:00,23168.999,23267.488,23165.966,23190.166,60,8212
2026-04-06 03:00:00,23189.555,23192.299,23115.777,23165.277,60,8208
2026-04-06 04:00:00,23165.555,23206.388,23162.666,23202.488,60,8204
2026-04-06 05:00:00,23202.755,23214.099,23180.399,23190.488,60,8213
2026-04-06 06:00:00,23189.866,23233.588,23184.188,23226.066,60,8212
2026-04-06 07:00:00,23228.366,23268.199,23198.888,23256.155,60,8207
2026-04-06 08:00:00,23257.177,23344.588,23256.477,23326.966,60,8209
2026-04-06 09:00:00,23327.499,23342.999,23288.855,23291.455,60,8209
2026-04-06 10:00:00,23293.299,23311.088,23228.099,23260.266,60,8208
2026-04-06 11:00:00,23257.955,23259.999,23227.055,23240.799,60,8211
2026-04-06 12:00:00,23240.999,23256.899,23218.766,23240.966,60,8213
2026-04-06 13:00:00,23242.255,23307.299,23212.166,23307.299,60,8210
2026-04-06 14:00:00,23307.877,23335.366,23231.099,23274.066,60,8210
2026-04-06 15:00:00,23275.077,23290.099,23233.966,23280.366,60,8203
2026-04-06 16:00:00,23281.055,23304.299,23268.177,23289.666,60,8133
2026-04-06 17:00:00,23290.399,23291.088,23195.477,23227.277,60,8206
2026-04-06 18:00:00,23227.966,23312.866,23217.666,23301.277,60,8210
2026-04-06 19:00:00,23302.566,23320.999,23285.055,23320.299,60,8210
2026-04-06 20:00:00,23321.599,23325.166,23307.966,23310.577,15,8216
2026-04-06 22:00:00,23324.088,23352.977,23288.166,23288.888,60,8222
2026-04-06 23:00:00,23289.577,23320.066,23288.866,23295.199,60,8212
2026-04-07 00:00:00,23291.877,23358.288,23268.188,23274.177,60,8205
2026-04-07 01:00:00,23270.166,23291.699,23164.166,23176.299,60,4716
2026-04-07 02:00:00,23175.655,23197.166,23150.155,23180.299,60,4703
2026-04-07 03:00:00,23180.699,23186.688,23153.688,23163.666,60,4706
2026-04-07 04:00:00,23164.299,23191.688,23127.688,23130.299,60,4707
2026-04-07 05:00:00,23131.177,23149.199,23103.666,23123.799,60,4711
2026-04-07 06:00:00,23124.666,23161.788,23072.699,23157.899,60,2638
2026-04-07 07:00:00,23153.766,23201.255,23089.788,23175.266,60,1410
2026-04-07 08:00:00,23176.266,23384.777,23169.788,23327.788,60,1405
2026-04-07 09:00:00,23326.266,23409.788,23322.299,23372.399,60,1413
2026-04-07 10:00:00,23373.799,23390.399,23091.277,23116.277,60,1415
2026-04-07 11:00:00,23120.799,23178.399,23069.266,23095.277,60,1408
2026-04-07 12:00:00,23097.777,23182.799,23015.899,23081.399,60,1409
2026-04-07 13:00:00,23083.788,23133.399,22929.299,22930.755,60,1406
2026-04-07 14:00:00,22932.799,23032.899,22835.299,22885.288,60,1411
2026-04-07 15:00:00,22883.277,22941.199,22845.788,22909.688,60,1407
2026-04-07 16:00:00,22910.799,23057.799,22901.677,23028.188,60,2612
2026-04-07 17:00:00,23027.699,23102.699,22987.677,23057.655,60,2604
2026-04-07 18:00:00,23057.188,23076.166,23001.666,23014.177,60,2604
2026-04-07 19:00:00,23013.688,23388.799,22986.677,23215.277,60,2606
2026-04-07 20:00:00,23215.299,23231.377,23191.299,23226.355,15,10206
2026-04-07 22:00:00,23343.099,23740.899,23317.166,23736.588,60,9406
2026-04-07 23:00:00,23736.899,23833.788,23730.955,23776.877,60,10206
2026-04-08 00:00:00,23775.199,23974.188,23750.466,23927.688,54,10205
2026-04-08 01:00:00,23928.655,24054.677,23893.688,24049.666,60,4707
2026-04-08 02:00:00,24050.199,24078.188,24019.666,24031.177,60,4705
2026-04-08 03:00:00,24024.666,24045.299,23992.655,24013.666,60,4722
2026-04-08 04:00:00,24013.199,24138.199,24012.188,24104.677,60,4704
2026-04-08 05:00:00,24104.199,24129.199,24022.155,24112.299,60,4708
2026-04-08 06:00:00,24117.699,24246.666,24079.188,24137.288,60,2638
2026-04-08 07:00:00,24139.766,24159.288,23951.799,23965.299,60,1407
2026-04-08 08:00:00,23961.288,24015.288,23898.277,23962.788,60,1417
2026-04-08 09:00:00,23963.899,24007.299,23870.755,23941.288,60,1409
2026-04-08 10:00:00,23940.255,24064.255,23913.755,24043.799,60,1407
2026-04-08 11:00:00,24046.255,24145.255,24018.777,24108.255,60,1415
2026-04-08 12:00:00,24107.266,24166.399,24020.299,24135.299,60,1406
2026-04-08 13:00:00,24136.399,24163.288,24014.266,24072.755,60,1411
2026-04-08 14:00:00,24074.766,24116.299,23955.277,24016.766,60,1406
2026-04-08 15:00:00,24019.255,24107.199,23962.277,24091.166,60,1410
2026-04-08 16:00:00,24090.188,24113.166,24052.866,24078.666,60,3209
2026-04-08 17:00:00,24078.155,24088.699,24012.666,24048.699,60,2610
2026-04-08 18:00:00,24047.166,24073.799,23923.688,23930.799,60,2624
2026-04-08 19:00:00,23928.688,24049.755,23914.799,24031.788,60,2604
2026-04-08 20:00:00,24031.288,24035.999,24007.955,24008.655,15,7410
2026-04-08 22:00:00,23991.455,24021.077,23988.199,23996.166,60,7416
2026-04-08 23:00:00,23995.799,24009.299,23983.166,23984.466,60,7409
2026-04-09 00:00:00,23985.166,23987.155,23909.655,23910.166,59,7401
2026-04-09 01:00:00,23912.188,23924.655,23862.699,23903.799,60,4722
2026-04-09 02:00:00,23906.666,23913.677,23888.699,23895.188,60,4712
2026-04-09 03:00:00,23895.799,23909.699,23872.177,23885.699,60,4711
2026-04-09 04:00:00,23886.799,23899.299,23875.188,23890.199,59,4706
2026-04-09 05:00:00,23890.677,23964.166,23877.799,23927.188,60,4715
2026-04-09 06:00:00,23927.688,23970.166,23890.666,23943.899,60,2783
2026-04-09 07:00:00,23947.255,24005.799,23796.799,23837.899,60,1405
2026-04-09 08:00:00,23839.299,23843.766,23757.255,23762.777,60,1407
2026-04-09 09:00:00,23762.288,23814.266,23744.288,23800.399,60,1413
2026-04-09 10:00:00,23801.399,23815.899,23763.766,23766.766,60,1406
2026-04-09 11:00:00,23766.255,23843.777,23750.399,23828.288,60,1413
2026-04-09 12:00:00,23828.755,23841.899,23762.277,23770.777,60,1412
2026-04-09 13:00:00,23772.277,23781.899,23686.277,23714.266,60,1412
2026-04-09 14:00:00,23712.788,23731.277,23672.255,23707.899,60,1407
2026-04-09 15:00:00,23709.277,23891.177,23669.255,23880.199,60,1414
2026-04-09 16:00:00,23880.688,23939.799,23852.688,23883.666,60,2614
2026-04-09 17:00:00,23884.188,23934.666,23866.677,23910.799,60,2610
2026-04-09 18:00:00,23911.677,23911.699,23825.666,23865.166,60,2618
2026-04-09 19:00:00,23864.699,23908.799,23856.666,23891.277,60,2618
2026-04-09 20:00:00,23891.777,23891.777,23871.599,23879.466,15,7421
2026-04-09 22:00:00,23877.655,23885.166,23856.866,23859.499,60,7407
2026-04-09 23:00:00,23860.166,23873.377,23851.466,23866.899,60,7413
2026-04-10 00:00:00,23867.099,23871.188,23843.677,23869.699,58,7401
2026-04-10 01:00:00,23863.155,23924.188,23853.799,23897.155,60,4725
2026-04-10 02:00:00,23899.166,23902.199,23864.199,23887.666,60,4711
2026-04-10 03:00:00,23888.177,23909.188,23874.155,23891.655,60,4737
2026-04-10 04:00:00,23890.799,23925.688,23879.666,23901.166,60,4714
2026-04-10 05:00:00,23901.677,23920.799,23877.177,23888.666,60,4707
2026-04-10 06:00:00,23888.299,23905.188,23836.166,23853.788,60,2770
2026-04-10 07:00:00,23854.755,23871.299,23796.899,23853.899,60,1404
2026-04-10 08:00:00,23854.899,23863.255,23764.755,23779.755,60,1406
2026-04-10 09:00:00,23779.288,23947.799,23776.777,23928.899,60,1414
2026-04-10 10:00:00,23925.899,24005.899,23881.255,23978.766,60,1406
2026-04-10 11:00:00,23979.799,24024.777,23946.788,23959.299,58,1416
2026-04-10 12:00:00,23959.777,24043.747,23948.788,23971.788,50,2322
2026-04-10 13:00:00,23970.266,24000.899,23867.788,23924.299,60,1413
2026-04-10 14:00:00,23923.288,23976.899,23856.755,23868.899,60,1411
2026-04-10 15:00:00,23867.799,23897.899,23732.166,23739.655,60,1405
2026-04-10 16:00:00,23741.677,23784.799,23729.177,23776.799,60,2613
2026-04-10 17:00:00,23776.188,23778.188,23709.177,23765.699,60,2605
2026-04-10 18:00:00,23766.177,23783.199,23745.188,23778.299,60,2616
2026-04-10 19:00:00,23779.166,23800.199,23765.155,23788.255,60,2606
2026-04-10 20:00:00,23786.255,23786.255,23786.255,23786.255,1,7457
2026-04-12 22:00:00,23479.644,23481.599,23399.366,23429.455,57,10836
2026-04-12 23:00:00,23429.066,23442.599,23408.055,23440.866,60,7411
2026-04-13 00:00:00,23441.455,23567.177,23419.266,23555.677,58,7410
2026-04-13 01:00:00,23558.688,23568.177,23523.677,23547.177,60,4707
2026-04-13 02:00:00,23546.299,23550.199,23507.166,23529.699,60,4716
2026-04-13 03:00:00,23532.666,23535.677,23483.677,23499.299,60,4711
2026-04-13 04:00:00,23499.655,23525.666,23486.155,23512.666,60,4716
2026-04-13 05:00:00,23513.299,23516.188,23472.699,23478.177,60,4713
2026-04-13 06:00:00,23481.199,23534.299,23466.655,23506.266,60,2657
2026-04-13 07:00:00,23505.255,23591.766,23505.255,23582.266,60,1414
2026-04-13 08:00:00,23581.266,23615.788,23547.299,23574.277,60,1418
2026-04-13 09:00:00,23574.799,23611.766,23533.755,23559.899,60,1419
2026-04-13 10:00:00,23560.399,23589.299,23551.288,23572.299,60,1409
2026-04-13 11:00:00,23571.799,23608.777,23485.266,23493.255,60,1407
2026-04-13 12:00:00,23495.299,23548.755,23478.255,23547.777,60,1416
2026-04-13 13:00:00,23550.399,23745.755,23544.788,23721.399,60,1407
2026-04-13 14:00:00,23719.255,23754.266,23684.766,23742.255,60,1408
2026-04-13 15:00:00,23741.799,23758.299,23701.655,23724.655,60,1404
2026-04-13 16:00:00,23725.799,23896.177,23710.177,23859.199,60,2610
2026-04-13 17:00:00,23857.188,23893.677,23855.688,23871.166,60,2612
2026-04-13 18:00:00,23870.699,23913.199,23870.699,23904.666,60,2611
2026-04-13 19:00:00,23905.188,23944.788,23879.677,23940.788,60,2618
2026-04-13 20:00:00,23940.788,23941.599,23923.455,23937.855,15,7405
2026-04-13 22:00:00,23948.699,23963.088,23947.955,23953.855,58,7438
2026-04-13 23:00:00,23954.599,23992.366,23949.888,23976.277,60,7441
2026-04-14 00:00:00,23975.699,23975.699,23920.199,23923.166,59,7404
2026-04-14 01:00:00,23922.799,23924.299,23888.188,23894.177,60,4750
2026-04-14 02:00:00,23895.177,23915.799,23886.155,23893.299,59,4714
2026-04-14 03:00:00,23892.155,23894.655,23871.655,23879.666,58,4722
2026-04-14 04:00:00,23880.299,23892.655,23874.655,23879.188,60,4707
2026-04-14 05:00:00,23878.799,23915.699,23863.188,23903.799,60,4711
2026-04-14 06:00:00,23904.199,23947.788,23897.177,23941.755,60,2681
2026-04-14 07:00:00,23943.288,24017.277,23900.799,23996.899,60,1408
2026-04-14 08:00:00,23997.277,24040.266,23967.788,24036.288,60,1423
2026-04-14 09:00:00,24035.777,24056.266,23943.755,23973.777,60,1405
2026-04-14 10:00:00,23973.299,23988.766,23935.766,23953.266,60,1405
2026-04-14 11:00:00,23951.399,24049.266,23941.755,24009.899,60,1417
2026-04-14 12:00:00,24011.266,24094.299,23988.288,24021.399,60,1416
2026-04-14 13:00:00,24020.899,24062.277,24006.266,24051.777,60,1408
2026-04-14 14:00:00,24050.799,24090.299,24037.788,24056.299,60,1409
2026-04-14 15:00:00,24055.899,24073.199,23997.255,24060.655,60,1415
2026-04-14 16:00:00,24060.177,24083.166,24025.799,24029.199,60,2619
2026-04-14 17:00:00,24029.799,24061.188,24029.799,24045.666,60,2612
2026-04-14 18:00:00,24047.677,24066.299,24024.688,24046.688,60,2615
2026-04-14 19:00:00,24045.666,24066.666,24036.655,24048.788,60,2622
2026-04-14 20:00:00,24050.799,24051.299,24032.655,24039.177,15,7409
2026-04-14 22:00:00,24045.099,24070.977,24043.466,24056.599,60,7416
2026-04-14 23:00:00,24055.899,24086.499,24054.299,24071.599,60,7406
2026-04-15 00:00:00,24070.977,24071.588,24028.655,24045.188,59,7407
2026-04-15 01:00:00,24045.666,24061.655,24028.655,24039.177,60,4729
2026-04-15 02:00:00,24040.699,24041.666,24007.155,24017.799,60,4740
2026-04-15 03:00:00,24018.199,24039.199,24008.666,24029.799,59,4725
2026-04-15 04:00:00,24031.166,24040.155,24007.155,24010.166,58,4727
2026-04-15 05:00:00,24009.299,24055.666,23978.166,24016.799,60,4709
2026-04-15 06:00:00,24020.677,24080.799,24014.699,24069.899,60,2711
2026-04-15 07:00:00,24070.277,24095.288,24029.755,24046.255,60,1406
2026-04-15 08:00:00,24048.255,24104.399,24013.255,24090.777,60,1410
2026-04-15 09:00:00,24090.255,24103.255,24029.766,24045.788,60,1413
2026-04-15 10:00:00,24046.788,24087.399,23994.755,24037.299,60,1425
2026-04-15 11:00:00,24036.899,24146.266,24023.255,24068.277,60,1405
2026-04-15 12:00:00,24066.299,24076.899,24028.788,24059.277,60,1410
2026-04-15 13:00:00,24056.899,24119.288,24044.277,24103.277,60,1407
2026-04-15 14:00:00,24102.299,24120.899,24060.266,24090.277,60,1408
2026-04-15 15:00:00,24091.299,24108.277,24048.677,24055.677,60,1410
2026-04-15 16:00:00,24054.688,24083.677,24016.688,24031.199,60,2605
2026-04-15 17:00:00,24032.655,24064.199,24030.177,24044.299,60,2616
2026-04-15 18:00:00,24042.677,24096.688,24033.655,24092.688,60,2604
2026-04-15 19:00:00,24092.155,24103.677,24065.788,24068.288,60,2615
2026-04-15 20:00:00,24067.799,24071.499,24050.899,24054.677,15,7407
2026-04-15 22:00:00,24059.477,24097.399,24058.855,24096.988,59,7408
2026-04-15 23:00:00,24096.688,24114.999,24092.766,24112.677,59,7425
2026-04-16 00:00:00,24112.988,24150.188,24102.566,24142.299,59,7408
2026-04-16 01:00:00,24141.188,24142.199,24101.155,24109.299,60,4713
2026-04-16 02:00:00,24110.199,24129.177,24105.666,24124.188,60,4709
2026-04-16 03:00:00,24123.677,24150.677,24115.166,24121.155,60,4707
2026-04-16 04:00:00,24119.299,24133.688,24107.655,24126.188,60,4707
2026-04-16 05:00:00,24126.666,24151.799,24115.199,24145.699,60,4710
2026-04-16 06:00:00,24146.166,24184.299,24140.688,24157.766,60,2639
2026-04-16 07:00:00,24155.755,24158.777,24057.399,24100.299,60,1412
2026-04-16 08:00:00,24099.255,24124.399,24055.277,24118.399,60,1417
2026-04-16 09:00:00,24118.788,24155.799,24110.255,24149.266,60,1408
2026-04-16 10:00:00,24149.755,24198.255,24145.777,24194.799,60,1415
2026-04-16 11:00:00,24195.777,24233.399,24182.755,24230.799,60,1409
2026-04-16 12:00:00,24231.255,24248.799,24203.788,24234.255,60,1414
2026-04-16 13:00:00,24236.299,24258.277,24088.755,24139.788,60,1419
2026-04-16 14:00:00,24141.777,24177.899,24099.799,24127.799,60,1415
2026-04-16 15:00:00,24126.799,24194.655,24126.799,24162.655,60,1413
2026-04-16 16:00:00,24162.166,24170.688,24086.199,24088.299,60,2615
2026-04-16 17:00:00,24088.799,24095.299,24049.655,24085.299,60,2616
2026-04-16 18:00:00,24085.688,24110.199,24071.155,24107.688,60,2608
2026-04-16 19:00:00,24108.166,24119.799,24093.166,24097.266,60,2605
2026-04-16 20:00:00,24097.399,24103.677,24094.055,24095.966,15,7404
2026-04-16 22:00:00,24102.777,24132.199,24102.155,24129.877,60,7408
2026-04-16 23:00:00,24129.177,24146.166,24128.555,24139.055,60,7416
2026-04-17 00:00:00,24139.799,24172.699,24097.766,24164.188,59,7407
2026-04-17 01:00:00,24161.166,24170.188,24140.177,24156.199,60,4717
2026-04-17 02:00:00,24158.177,24166.199,24148.166,24151.155,60,4702
2026-04-17 03:00:00,24150.166,24153.688,24120.166,24130.177,60,4714
2026-04-17 04:00:00,24129.688,24154.199,24120.177,24149.155,58,4729
2026-04-17 05:00:00,24148.666,24171.199,24127.199,24154.799,60,4739
2026-04-17 06:00:00,24159.188,24169.699,24106.177,24131.799,60,2673
2026-04-17 07:00:00,24133.399,24246.288,24116.255,24235.277,60,1404
2026-04-17 08:00:00,24235.777,24318.255,24225.277,24315.899,60,1409
2026-04-17 09:00:00,24314.788,24365.899,24289.755,24330.288,60,1408
2026-04-17 10:00:00,24327.299,24338.399,24281.766,24312.266,60,1408
2026-04-17 11:00:00,24311.277,24327.788,24254.288,24266.766,60,1421
2026-04-17 12:00:00,24266.399,24677.799,24253.777,24615.155,60,1409
2026-04-17 13:00:00,24614.666,24740.688,24577.288,24655.288,60,1706
2026-04-17 14:00:00,24656.755,24797.399,24636.277,24745.788,60,1405
2026-04-17 15:00:00,24743.899,24756.766,24681.777,24702.688,60,1405
2026-04-17 16:00:00,24703.799,24718.299,24668.177,24695.666,60,2625
2026-04-17 17:00:00,24695.199,24702.188,24572.688,24638.677,60,2617
2026-04-17 18:00:00,24639.177,24646.699,24592.799,24606.155,60,2610
2026-04-17 19:00:00,24606.799,24650.177,24601.677,24638.899,60,2603
2026-04-17 20:00:00,24638.255,24638.899,24638.255,24638.899,1,7385
2026-04-19 22:00:00,24372.699,24426.566,24358.099,24413.099,58,9185
2026-04-19 23:00:00,24413.699,24423.488,24382.399,24392.699,60,7430
2026-04-20 00:00:00,24392.855,24426.688,24379.899,24413.299,55,7407
2026-04-20 01:00:00,24414.166,24460.299,24412.699,24443.699,60,4711
2026-04-20 02:00:00,24443.177,24447.677,24420.655,24430.677,60,4722
2026-04-20 03:00:00,24430.188,24443.166,24412.188,24414.199,59,4711
2026-04-20 04:00:00,24413.677,24427.299,24378.677,24406.155,60,4714
2026-04-20 05:00:00,24405.699,24406.299,24322.166,24365.688,60,4701
2026-04-20 06:00:00,24364.699,24388.655,24314.199,24343.777,60,2655
2026-04-20 07:00:00,24343.299,24445.799,24329.766,24359.277,60,1412
2026-04-20 08:00:00,24358.277,24373.266,24286.766,24338.788,60,1414
2026-04-20 09:00:00,24337.777,24384.399,24327.766,24366.899,60,1412
2026-04-20 10:00:00,24367.299,24412.799,24356.899,24376.266,60,1407
2026-04-20 11:00:00,24375.255,24394.288,24339.277,24387.799,60,1419
2026-04-20 12:00:00,24388.766,24398.277,24346.755,24360.777,60,1413
2026-04-20 13:00:00,24361.777,24499.288,24342.288,24495.266,60,1416
2026-04-20 14:00:00,24494.777,24496.277,24339.299,24407.755,60,1419
2026-04-20 15:00:00,24406.899,24445.255,24385.299,24400.666,60,1406
2026-04-20 16:00:00,24399.655,24405.688,24375.199,24388.677,60,2616
2026-04-20 17:00:00,24391.199,24434.199,24385.799,24419.299,60,2620
2026-04-20 18:00:00,24419.666,24439.655,24409.655,24429.688,60,2606
2026-04-20 19:00:00,24430.188,24468.788,24426.177,24466.399,60,2610
2026-04-20 20:00:00,24465.399,24467.877,24460.777,24460.777,14,7431
2026-04-20 22:00:00,24490.599,24518.077,24490.599,24510.599,60,7403
2026-04-20 23:00:00,24510.399,24510.966,24499.655,24501.566,59,7411
2026-04-21 00:00:00,24502.166,24508.955,24467.155,24496.166,59,7416
2026-04-21 01:00:00,24497.188,24508.166,24474.655,24499.799,60,4709
2026-04-21 02:00:00,24500.155,24512.699,24489.299,24499.699,59,4728
2026-04-21 03:00:00,24500.799,24502.699,24475.655,24493.677,59,4717
2026-04-21 04:00:00,24492.299,24518.188,24490.799,24512.655,57,4744
2026-04-21 05:00:00,24513.166,24561.699,24511.655,24540.677,60,4725
2026-04-21 06:00:00,24538.199,24550.699,24494.655,24516.255,60,2636
2026-04-21 07:00:00,24517.899,24602.277,24490.755,24556.788,60,1405
2026-04-21 08:00:00,24555.755,24609.788,24512.288,24581.755,60,1417
2026-04-21 09:00:00,24582.277,24608.399,24543.288,24583.799,60,1404
2026-04-21 10:00:00,24583.255,24597.255,24547.755,24591.799,60,1415
2026-04-21 11:00:00,24590.777,24594.799,24513.299,24515.255,60,1404
2026-04-21 12:00:00,24518.899,24523.299,24442.799,24456.766,60,1406
2026-04-21 13:00:00,24457.755,24479.788,24408.755,24474.299,60,1407
2026-04-21 14:00:00,24475.299,24475.299,24282.277,24289.288,60,1404
2026-04-21 15:00:00,24288.777,24325.399,24227.155,24253.199,60,1411
2026-04-21 16:00:00,24255.199,24303.688,24201.655,24202.655,60,2612
2026-04-21 17:00:00,24202.188,24259.699,24129.155,24206.699,60,2610
2026-04-21 18:00:00,24207.655,24242.155,24146.666,24194.155,60,2606
2026-04-21 19:00:00,24195.655,24251.699,24022.199,24068.277,60,2619
2026-04-21 20:00:00,24068.799,24182.988,24050.055,24153.166,15,7407
2026-04-21 22:00:00,24166.066,24195.788,24165.188,24180.488,60,7407
2026-04-21 23:00:00,24180.199,24202.699,24176.888,24202.199,60,7420
2026-04-22 00:00:00,24202.688,24260.299,24202.688,24242.655,59,7413
2026-04-22 01:00:00,24242.166,24248.799,24203.688,24219.799,60,4726
2026-04-22 02:00:00,24221.688,24254.799,24220.155,24241.799,59,4708
2026-04-22 03:00:00,24242.688,24251.677,24207.188,24217.688,59,4707
2026-04-22 04:00:00,24218.799,24243.677,24197.688,24201.677,60,4703
2026-04-22 05:00:00,24201.299,24342.166,24195.199,24317.299,60,4722
2026-04-22 06:00:00,24324.166,24355.299,24298.655,24355.299,60,2674
2026-04-22 07:00:00,24358.266,24392.755,24305.777,24305.788,60,1407
2026-04-22 08:00:00,24307.777,24323.899,24212.277,24284.299,60,1407
2026-04-22 09:00:00,24285.777,24322.255,24196.766,24213.399,60,1406
2026-04-22 10:00:00,24210.899,24245.288,24154.755,24228.277,60,1416
2026-04-22 11:00:00,24227.399,24298.266,24219.399,24280.255,60,1406
2026-04-22 12:00:00,24281.288,24315.777,24216.799,24229.799,60,1411
2026-04-22 13:00:00,24230.799,24307.288,24201.277,24225.755,60,1406
2026-04-22 14:00:00,24224.899,24258.277,24148.766,24182.755,60,1406
2026-04-22 15:00:00,24181.899,24218.155,24159.777,24186.299,60,1406
2026-04-22 16:00:00,24188.677,24214.677,24174.155,24179.677,60,2605
2026-04-22 17:00:00,24180.688,24233.155,24176.155,24215.166,60,2606
2026-04-22 18:00:00,24214.677,24214.688,24153.155,24171.688,60,2621
2026-04-22 19:00:00,24172.188,24220.799,24130.666,24208.755,60,2606
2026-04-22 20:00:00,24204.899,24206.655,24187.555,24188.299,15,7404
2026-04-22 22:00:00,24188.277,24190.766,24171.555,24177.799,60,7407
2026-04-22 23:00:00,24177.988,24186.077,24174.499,24184.088,59,7404
2026-04-23 00:00:00,24184.599,24185.355,23883.255,24096.199,60,7400
2026-04-23 01:00:00,24095.688,24101.166,23986.666,23993.199,60,4716
2026-04-23 02:00:00,23993.655,23995.655,23905.166,23909.177,60,4714
2026-04-23 03:00:00,23910.166,23934.166,23866.188,23890.688,60,4714
2026-04-23 04:00:00,23890.188,23938.688,23876.688,23933.655,60,4703
2026-04-23 05:00:00,23935.166,24003.677,23930.166,24003.677,60,4718
2026-04-23 06:00:00,24003.166,24046.799,24003.166,24035.288,60,2688
2026-04-23 07:00:00,24036.288,24189.788,24025.266,24161.777,60,1415
2026-04-23 08:00:00,24160.788,24163.277,24052.255,24053.777,60,1406
2026-04-23 09:00:00,24052.299,24101.799,23993.266,24038.255,60,1408
2026-04-23 10:00:00,24041.799,24120.899,24013.777,24113.799,60,1406
2026-04-23 11:00:00,24113.277,24150.288,24042.399,24132.799,60,1409
2026-04-23 12:00:00,24131.766,24205.288,24043.788,24122.299,60,1412
2026-04-23 13:00:00,24123.255,24183.799,24095.899,24152.299,60,1415
2026-04-23 14:00:00,24158.266,24203.277,24130.266,24195.788,60,1411
2026-04-23 15:00:00,24193.788,24257.188,24066.799,24218.688,60,1405
2026-04-23 16:00:00,24218.188,24250.677,24187.688,24226.177,60,2602
2026-04-23 17:00:00,24226.688,24232.299,23837.677,24030.666,60,2606
2026-04-23 18:00:00,24030.177,24130.199,24018.155,24055.155,60,2609
2026-04-23 19:00:00,24054.166,24099.699,24034.188,24085.399,60,2613
2026-04-23 20:00:00,24087.299,24096.199,24066.877,24069.499,15,7407
2026-04-23 22:00:00,24105.199,24182.799,24102.299,24180.499,60,7409
2026-04-23 23:00:00,24180.177,24197.099,24169.366,24196.955,60,7418
2026-04-24 00:00:00,24198.288,24203.399,24140.199,24156.655,59,7400
2026-04-24 01:00:00,24156.177,24161.199,24085.299,24111.177,60,4708
2026-04-24 02:00:00,24109.799,24110.166,24039.155,24053.655,60,4721
2026-04-24 03:00:00,24053.299,24090.199,24033.166,24067.655,60,4708
2026-04-24 04:00:00,24067.299,24125.199,24054.188,24119.199,60,4711
2026-04-24 05:00:00,24119.655,24197.199,24114.688,24191.155,60,4706
2026-04-24 06:00:00,24190.699,24211.655,24164.688,24179.899,60,2675
2026-04-24 07:00:00,24177.399,24213.899,24110.777,24175.255,60,1405
2026-04-24 08:00:00,24167.777,24202.399,24017.755,24041.755,60,1405
2026-04-24 09:00:00,24043.399,24069.299,23990.755,24028.299,60,1406
2026-04-24 10:00:00,24027.899,24101.288,24024.777,24071.799,60,1410
2026-04-24 11:00:00,24075.777,24335.777,24072.766,24212.266,60,1417
2026-04-24 12:00:00,24212.755,24261.899,24084.766,24138.266,60,1416
2026-04-24 13:00:00,24141.755,24179.788,24106.288,24119.799,60,1411
2026-04-24 14:00:00,24123.899,24179.299,24092.899,24154.288,60,1408
2026-04-24 15:00:00,24155.255,24299.655,24118.199,24205.199,60,1405
2026-04-24 16:00:00,24204.699,24220.677,24167.699,24208.655,60,2612
2026-04-24 17:00:00,24209.677,24256.677,24191.666,24224.699,60,2603
2026-04-24 18:00:00,24225.677,24228.299,24202.299,24220.155,60,2630
2026-04-24 19:00:00,24221.166,24268.788,24221.166,24266.288,60,2604
2026-04-24 20:00:00,24263.788,24263.788,24258.766,24258.766,1,7441
2026-04-26 22:00:00,24194.566,24195.288,24138.655,24164.166,58,8793
2026-04-26 23:00:00,24164.599,24167.199,24148.055,24158.255,60,7424
2026-04-27 00:00:00,24159.299,24196.677,24139.699,24180.666,60,7406
2026-04-27 01:00:00,24181.799,24264.155,24179.677,24262.699,60,4707
2026-04-27 02:00:00,24263.299,24269.177,24223.688,24231.699,60,4704
2026-04-27 03:00:00,24230.666,24244.177,24220.166,24225.177,60,4707
2026-04-27 04:00:00,24225.666,24237.177,24194.199,24202.677,60,4719
2026-04-27 05:00:00,24203.177,24203.666,24140.155,24162.155,60,4716
2026-04-27 06:00:00,24162.655,24197.666,24151.688,24183.788,60,2700
2026-04-27 07:00:00,24180.266,24235.899,24155.399,24162.777,60,1409
2026-04-27 08:00:00,24162.288,24246.299,24134.777,24223.399,60,1414
2026-04-27 09:00:00,24222.288,24286.288,24219.255,24273.777,60,1405
2026-04-27 10:00:00,24273.299,24348.266,24260.288,24335.777,60,1410
2026-04-27 11:00:00,24336.799,24382.399,24317.777,24332.777,60,1407
2026-04-27 12:00:00,24333.266,24339.755,24197.266,24207.255,60,1405
2026-04-27 13:00:00,24207.755,24250.399,24126.899,24185.788,60,1405
2026-04-27 14:00:00,24186.755,24194.788,24087.399,24091.299,60,1412
2026-04-27 15:00:00,24093.777,24145.688,24045.755,24141.155,60,1423
2026-04-27 16:00:00,24143.299,24155.799,24124.677,24137.177,60,2607
2026-04-27 17:00:00,24138.666,24164.688,24109.188,24134.655,60,2610
2026-04-27 18:00:00,24133.799,24152.666,24122.155,24135.655,60,2608
2026-04-27 19:00:00,24135.199,24153.699,24090.266,24098.766,60,2609
2026-04-27 20:00:00,24089.755,24091.099,24079.677,24083.466,15,7429
2026-04-27 22:00:00,24090.988,24135.355,24089.655,24126.999,60,7406
2026-04-27 23:00:00,24126.699,24136.366,24122.777,24129.499,60,7429
2026-04-28 00:00:00,24130.466,24148.399,24109.699,24130.299,59,7421
2026-04-28 01:00:00,24129.166,24157.677,24114.677,24121.699,60,4708
2026-04-28 02:00:00,24122.666,24143.666,24110.299,24118.655,60,4709
2026-04-28 03:00:00,24119.177,24147.166,24111.155,24137.155,60,4714
2026-04-28 04:00:00,24138.199,24166.699,24127.666,24151.666,60,4710
2026-04-28 05:00:00,24152.166,24156.666,24052.177,24085.677,60,4719
2026-04-28 06:00:00,24085.188,24107.188,24054.688,24080.288,60,2644
2026-04-28 07:00:00,24081.288,24116.899,23988.288,24112.788,60,1406
2026-04-28 08:00:00,24111.766,24146.266,24020.755,24132.255,60,1407
2026-04-28 09:00:00,24129.288,24149.788,24086.288,24109.255,60,1406
2026-04-28 10:00:00,24109.755,24146.799,24091.266,24138.899,60,1414
2026-04-28 11:00:00,24137.788,24156.299,23946.266,23964.788,60,1415
2026-04-28 12:00:00,23965.799,24072.277,23890.255,24058.899,60,1412
2026-04-28 13:00:00,24056.766,24064.255,23973.799,24024.766,60,1404
2026-04-28 14:00:00,24024.277,24041.755,23942.299,24018.299,60,1413
2026-04-28 15:00:00,24023.288,24054.288,23964.699,24023.299,60,1412
2026-04-28 16:00:00,24023.655,24047.188,23983.688,23997.799,60,2617
2026-04-28 17:00:00,23998.688,24008.299,23970.677,23983.188,60,2602
2026-04-28 18:00:00,23983.699,24003.177,23972.155,23987.166,60,2632
2026-04-28 19:00:00,23986.699,24003.699,23971.677,23988.255,60,2605
2026-04-28 20:00:00,23988.766,23997.488,23976.055,23990.599,15,7416
2026-04-28 22:00:00,24001.166,24013.299,24000.699,24008.877,59,7432
2026-04-28 23:00:00,24009.488,24018.377,24005.077,24017.666,57,7435
2026-04-29 00:00:00,24018.055,24055.188,24018.055,24044.688,59,7373
2026-04-29 01:00:00,24044.199,24044.799,23988.666,24014.177,60,4707
2026-04-29 02:00:00,24015.199,24044.177,24013.699,24016.688,60,4719
2026-04-29 03:00:00,24018.188,24038.688,24008.666,24029.799,60,4707
2026-04-29 04:00:00,24031.199,24065.688,24026.666,24048.677,59,4721
2026-04-29 05:00:00,24049.177,24101.188,24047.655,24090.688,60,4720
2026-04-29 06:00:00,24089.666,24121.155,24043.766,24045.766,60,2715
2026-04-29 07:00:00,24047.288,24094.766,23989.766,24000.277,60,1404
2026-04-29 08:00:00,23999.266,24029.788,23923.777,23949.788,60,1405
2026-04-29 09:00:00,23950.399,24003.299,23913.799,23934.766,60,1408
2026-04-29 10:00:00,23932.399,24030.266,23922.266,23989.288,60,1410
2026-04-29 11:00:00,23988.266,24020.399,23959.288,24007.755,60,1406
2026-04-29 12:00:00,24007.299,24027.788,23961.788,23999.899,60,1407
2026-04-29 13:00:00,24001.899,24043.255,23873.799,23936.777,60,1417
2026-04-29 14:00:00,23938.266,24008.766,23931.899,23992.766,60,1406
2026-04-29 15:00:00,23993.255,24007.288,23855.677,23883.799,60,1410
2026-04-29 16:00:00,23884.655,23909.799,23818.177,23860.155,60,2613
2026-04-29 17:00:00,23860.677,23887.699,23819.799,23880.677,60,2612
2026-04-29 18:00:00,23882.677,23892.699,23783.677,23854.299,60,2613
2026-04-29 19:00:00,23857.177,23877.177,23814.155,23831.766,60,2607
2026-04-29 20:00:00,23831.755,23886.999,23750.988,23767.799,15,7410
2026-04-29 22:00:00,23797.288,23903.099,23791.066,23872.999,60,7405
2026-04-29 23:00:00,23873.699,23878.699,23843.355,23871.955,60,7420
2026-04-30 00:00:00,23872.255,23919.655,23867.399,23909.166,59,7403
2026-04-30 01:00:00,23908.677,23931.666,23886.666,23930.166,60,4714
2026-04-30 02:00:00,23930.655,23937.688,23794.677,23819.177,60,4705
2026-04-30 03:00:00,23818.166,23826.688,23781.299,23785.655,60,4727
2026-04-30 04:00:00,23787.177,23787.177,23641.299,23652.177,60,4708
2026-04-30 05:00:00,23653.299,23731.188,23645.666,23678.655,60,4706
2026-04-30 06:00:00,23673.677,23723.799,23611.688,23709.799,60,2629
2026-04-30 07:00:00,23710.277,23898.299,23655.788,23878.899,60,1410
2026-04-30 08:00:00,23879.266,23934.899,23871.255,23876.755,60,1410
2026-04-30 09:00:00,23876.288,24017.755,23869.399,23990.299,60,1409
2026-04-30 10:00:00,23989.288,24066.277,23987.299,24057.277,60,1412
2026-04-30 11:00:00,24062.799,24150.277,24058.755,24134.766,60,1418
2026-04-30 12:00:00,24135.899,24208.755,24119.288,24164.788,60,1408
2026-04-30 13:00:00,24167.777,24203.399,24089.788,24100.255,60,1415
2026-04-30 14:00:00,24105.266,24265.277,24089.255,24234.788,60,1410
2026-04-30 15:00:00,24234.288,24322.677,24224.266,24273.166,60,1405
2026-04-30 16:00:00,24274.688,24291.699,24259.666,24271.166,60,2610
2026-04-30 17:00:00,24270.688,24309.199,24270.655,24298.655,60,2607
2026-04-30 18:00:00,24297.688,24332.666,24297.166,24308.299,60,2612
2026-04-30 19:00:00,24307.699,24337.699,24286.277,24288.799,60,2610
2026-04-30 20:00:00,24288.277,24292.555,24268.877,24288.155,15,8204
2026-04-30 22:00:00,24322.566,24337.899,24296.099,24304.899,60,8204
2026-04-30 23:00:00,24305.666,24327.199,24302.855,24317.799,60,8214
2026-05-01 00:00:00,24319.699,24346.577,24312.699,24338.955,60,8208
2026-05-01 01:00:00,24338.677,24359.188,24333.266,24354.555,59,8205
2026-05-01 02:00:00,24353.977,24355.399,24334.255,24340.599,58,8210
2026-05-01 03:00:00,24340.999,24353.155,24336.755,24338.688,58,8220
2026-05-01 04:00:00,24339.288,24339.855,24330.455,24333.399,60,8218
2026-05-01 05:00:00,24333.588,24341.799,24330.455,24334.066,60,8222
2026-05-01 06:00:00,24334.666,24335.677,24307.866,24310.155,60,8209
2026-05-01 07:00:00,24310.488,24317.099,24299.866,24301.299,60,8215
2026-05-01 08:00:00,24303.066,24308.499,24293.055,24300.055,60,8207
2026-05-01 09:00:00,24299.666,24309.488,24285.788,24307.277,60,8219
2026-05-01 10:00:00,24306.977,24310.755,24296.255,24309.166,60,8205
2026-05-01 11:00:00,24309.477,24317.166,24296.866,24316.599,60,8228
2026-05-01 12:00:00,24317.155,24373.088,24312.466,24336.266,60,8223
2026-05-01 13:00:00,24335.577,24456.355,24334.966,24455.388,60,8206
2026-05-01 14:00:00,24456.666,24481.988,24393.055,24401.377,60,8209
2026-05-01 15:00:00,24401.966,24464.399,24377.966,24417.466,60,8207
2026-05-01 16:00:00,24416.755,24422.499,24349.788,24359.899,60,8206
2026-05-01 17:00:00,24359.288,24405.955,24359.288,24395.277,60,8221
2026-05-01 18:00:00,24396.599,24398.599,24323.377,24331.566,60,8203
2026-05-01 19:00:00,24330.999,24367.288,24308.666,24308.666,60,8218
2026-05-01 20:00:00,24306.755,24307.488,24304.855,24304.855,1,8257
2026-05-03 22:00:00,24353.399,24357.099,24326.166,24338.699,58,8217
2026-05-03 23:00:00,24338.377,24348.899,24317.255,24323.599,60,8211
2026-05-04 00:00:00,24322.988,24375.388,24281.166,24319.688,59,8193
2026-05-04 01:00:00,24320.188,24336.799,24287.155,24333.199,60,4712
2026-05-04 02:00:00,24332.199,24352.688,24309.655,24340.677,60,4717
2026-05-04 03:00:00,24341.155,24360.799,24321.666,24345.188,59,4723
2026-05-04 04:00:00,24345.699,24351.155,24316.688,24330.677,59,4706
2026-05-04 05:00:00,24331.299,24384.799,24327.188,24372.677,60,4702
2026-05-04 06:00:00,24371.699,24387.166,24276.666,24308.399,60,2659
2026-05-04 07:00:00,24296.266,24399.777,24253.255,24338.766,60,1405
2026-05-04 08:00:00,24336.277,24346.699,24290.699,24299.177,60,1404
2026-05-04 09:00:00,24298.188,24402.999,24293.799,24376.488,60,1409
2026-05-04 10:00:00,24382.466,24397.477,24063.999,24271.988,60,1405
2026-05-04 11:00:00,24277.955,24312.488,24200.977,24258.466,60,1406
2026-05-04 12:00:00,24258.999,24314.999,24236.488,24248.977,60,1405
2026-05-04 13:00:00,24245.599,24257.099,24156.966,24190.977,60,1413
2026-05-04 14:00:00,24189.477,24222.977,24112.099,24116.977,60,1410
2026-05-04 15:00:00,24110.955,24157.977,23921.866,23956.999,60,1414
2026-05-04 16:00:00,23957.499,23966.855,23845.855,23877.877,60,2608
2026-05-04 17:00:00,23880.399,23987.355,23876.355,23957.866,60,2603
2026-05-04 18:00:00,23956.399,23976.399,23862.399,23887.388,60,2615
2026-05-04 19:00:00,23888.366,23922.355,23878.388,23906.455,60,2606
2026-05-04 20:00:00,23907.488,23910.099,23888.766,23894.999,15,7404
2026-05-04 22:00:00,23908.099,23926.099,23903.855,23905.188,60,7431
2026-05-04 23:00:00,23904.477,23916.599,23900.899,23909.855,59,7435
2026-05-05 00:00:00,23910.166,23938.055,23890.355,23914.355,59,7397
2026-05-05 01:00:00,23913.855,23921.888,23876.999,23902.866,60,4711
2026-05-05 02:00:00,23903.866,23925.888,23898.877,23909.888,60,4729
2026-05-05 03:00:00,23910.355,23935.366,23900.866,23926.855,60,4729
2026-05-05 04:00:00,23927.355,23945.499,23921.355,23927.855,59,4708
2026-05-05 05:00:00,23924.388,23976.888,23913.355,23960.355,60,4722
2026-05-05 06:00:00,23956.888,24014.988,23916.877,24013.955,60,2665
2026-05-05 07:00:00,24013.455,24209.977,23987.099,24134.499,60,1415
2026-05-05 08:00:00,24133.966,24254.999,24124.477,24249.488,60,1406
2026-05-05 09:00:00,24251.466,24275.988,24207.988,24262.999,60,1409
2026-05-05 10:00:00,24263.966,24322.599,24245.988,24299.099,60,1407
2026-05-05 11:00:00,24299.477,24364.099,24263.099,24323.966,60,1406
2026-05-05 12:00:00,24323.599,24393.099,24293.466,24323.099,60,1409
2026-05-05 13:00:00,24323.966,24367.499,24265.988,24294.955,60,1409
2026-05-05 14:00:00,24297.477,24334.099,24220.455,24322.977,60,1410
2026-05-05 15:00:00,24324.999,24435.399,24316.999,24407.866,60,1415
2026-05-05 16:00:00,24407.499,24410.499,24374.499,24377.377,60,2609
2026-05-05 17:00:00,24377.877,24410.999,24368.355,24382.999,60,2613
2026-05-05 18:00:00,24383.366,24407.499,24377.855,24402.399,60,2618
2026-05-05 19:00:00,24402.888,24432.499,24392.855,24415.488,60,2613
2026-05-05 20:00:00,24414.966,24426.099,24414.166,24425.299,15,7427
2026-05-05 22:00:00,24441.955,24542.888,24436.866,24539.799,60,7406
2026-05-05 23:00:00,24537.755,24552.499,24535.255,24541.355,60,7404
2026-05-06 00:00:00,24541.966,24553.355,24507.388,24549.888,59,7409
2026-05-06 01:00:00,24549.366,24570.366,24521.855,24527.866,60,4706
2026-05-06 02:00:00,24525.866,24536.999,24488.855,24492.399,60,4706
2026-05-06 03:00:00,24492.999,24547.877,24489.399,24521.866,60,4709
2026-05-06 04:00:00,24522.877,24593.866,24519.399,24573.388,60,4714
2026-05-06 05:00:00,24573.855,24608.399,24532.999,24607.388,60,4715
2026-05-06 06:00:00,24603.999,24637.877,24579.866,24624.955,60,2648
2026-05-06 07:00:00,24627.488,24772.999,24616.955,24765.477,60,1405
2026-05-06 08:00:00,24766.466,25072.999,24756.466,25005.477,60,1412
2026-05-06 09:00:00,25005.955,25030.499,24922.488,25025.988,60,1413
2026-05-06 10:00:00,25026.999,25148.455,25007.977,25115.999,60,1407
2026-05-06 11:00:00,25115.099,25154.999,25012.488,25025.599,60,1409
2026-05-06 12:00:00,25023.966,25030.499,24838.455,24935.599,60,1408
2026-05-06 13:00:00,24933.966,24949.999,24829.099,24869.999,60,1414
2026-05-06 14:00:00,24871.455,24987.455,24841.455,24948.966,60,1405
2026-05-06 15:00:00,24950.099,24970.599,24894.899,24906.399,60,1402
2026-05-06 16:00:00,24905.388,24934.388,24881.388,24896.366,60,2611
2026-05-06 17:00:00,24894.399,24919.999,24885.855,24909.366,60,2614
2026-05-06 18:00:00,24908.866,24937.899,24906.355,24932.999,60,2619
2026-05-06 19:00:00,24931.366,24972.855,24929.366,24938.988,60,2626
2026-05-06 20:00:00,24939.477,24964.177,24919.577,24961.077,15,7414
2026-05-06 22:00:00,24934.266,24939.566,24920.355,24924.766,60,7405
2026-05-06 23:00:00,24924.177,24933.677,24921.555,24924.399,60,7437
2026-05-07 00:00:00,24923.799,24945.399,24904.466,24941.366,59,7402
2026-05-07 01:00:00,24940.888,24991.499,24919.855,24967.877,60,4716
2026-05-07 02:00:00,24968.899,24978.355,24951.999,24957.355,60,4714
2026-05-07 03:00:00,24957.866,24962.999,24941.355,24942.877,60,4707
2026-05-07 04:00:00,24941.399,24970.877,24935.499,24959.355,60,4720
2026-05-07 05:00:00,24960.388,24973.399,24916.999,24920.399,60,4723
2026-05-07 06:00:00,24919.499,24966.888,24899.499,24954.999,60,2651
2026-05-07 07:00:00,24957.466,25016.455,24913.966,24949.999,60,1414
2026-05-07 08:00:00,24948.999,24977.966,24876.466,24885.966,60,1407
2026-05-07 09:00:00,24885.466,24920.599,24861.466,24875.499,60,1408
2026-05-07 10:00:00,24872.499,24904.477,24843.599,24856.499,60,1408
2026-05-07 11:00:00,24859.099,24895.099,24840.966,24864.488,60,1406
2026-05-07 12:00:00,24863.977,24947.977,24857.966,24917.988,60,1406
2026-05-07 13:00:00,24916.599,24916.599,24763.599,24811.466,60,1409
2026-05-07 14:00:00,24806.599,24811.499,24725.988,24756.966,60,1408
2026-05-07 15:00:00,24756.499,24760.477,24609.399,24622.855,60,1412
2026-05-07 16:00:00,24625.499,24635.399,24547.999,24561.366,60,2605
2026-05-07 17:00:00,24563.366,24581.899,24442.399,24513.366,60,2608
2026-05-07 18:00:00,24517.855,24528.399,24427.999,24477.388,60,2615
2026-05-07 19:00:00,24478.366,24499.899,24410.366,24421.499,60,2606
2026-05-07 20:00:00,24421.988,24488.199,24416.355,24449.999,15,7418
2026-05-07 22:00:00,24383.877,24407.699,24368.155,24385.499,60,7415
2026-05-07 23:00:00,24386.177,24436.299,24382.955,24436.299,60,7448
2026-05-08 00:00:00,24439.966,24489.977,24420.366,24445.388,59,7415
2026-05-08 01:00:00,24446.366,24477.366,24431.855,24440.499,60,4716
2026-05-08 02:00:00,24441.399,24472.377,24401.366,24440.899,60,4703
2026-05-08 03:00:00,24441.899,24465.399,24428.888,24446.366,60,4706
2026-05-08 04:00:00,24446.855,24469.377,24423.899,24455.355,60,4708
2026-05-08 05:00:00,24457.366,24477.877,24442.866,24464.366,60,4711
2026-05-08 06:00:00,24461.888,24500.866,24424.877,24455.477,60,2634
2026-05-08 07:00:00,24454.955,24491.599,24382.999,24489.477,60,1416
2026-05-08 08:00:00,24489.999,24494.099,24400.966,24413.477,60,1415
2026-05-08 09:00:00,24416.455,24515.499,24408.499,24447.499,60,1408
2026-05-08 10:00:00,24448.455,24499.499,24426.455,24484.488,60,1407
2026-05-08 11:00:00,24483.955,24499.599,24406.466,24436.455,60,1416
2026-05-08 12:00:00,24434.477,24477.966,24376.466,24399.988,60,1408
2026-05-08 13:00:00,24398.099,24483.499,24382.966,24482.966,60,1408
2026-05-08 14:00:00,24479.477,24488.466,24329.977,24338.488,60,1406
2026-05-08 15:00:00,24337.477,24364.499,24274.399,24356.877,60,1410
2026-05-08 16:00:00,24354.399,24388.888,24337.399,24341.499,60,2613
2026-05-08 17:00:00,24340.877,24373.877,24334.888,24344.866,60,2622
2026-05-08 18:00:00,24343.366,24397.366,24324.888,24334.366,60,2606
2026-05-08 19:00:00,24332.366,24419.399,24332.366,24401.988,60,2617
2026-05-10 22:00:00,24315.099,24318.999,24285.255,24314.588,58,7403
2026-05-10 23:00:00,24314.099,24329.099,24312.066,24322.288,60,7403
2026-05-11 00:00:00,24322.588,24337.199,24227.877,24258.388,59,7401
2026-05-11 01:00:00,24257.877,24291.499,24243.877,24275.899,60,4706
2026-05-11 02:00:00,24275.366,24291.399,24264.866,24269.999,60,4712
2026-05-11 03:00:00,24269.366,24311.999,24249.499,24300.366,60,4713
2026-05-11 04:00:00,24299.999,24314.999,24272.355,24279.366,60,4741
2026-05-11 05:00:00,24280.899,24292.399,24253.355,24277.855,60,4713
2026-05-11 06:00:00,24279.399,24310.477,24267.866,24306.977,60,2638
2026-05-11 07:00:00,24313.477,24348.966,24261.955,24296.966,60,1406
2026-05-11 08:00:00,24301.466,24368.499,24276.488,24292.966,60,1409
2026-05-11 09:00:00,24290.977,24357.988,24277.466,24305.955,60,1419
2026-05-11 10:00:00,24304.099,24316.955,24272.966,24289.488,60,1406
2026-05-11 11:00:00,24289.955,24312.455,24213.955,24235.488,60,1413
2026-05-11 12:00:00,24235.988,24277.977,24197.977,24259.988,60,1409
2026-05-11 13:00:00,24258.955,24336.955,24255.455,24315.099,60,1417
2026-05-11 14:00:00,24311.966,24316.988,24253.955,24290.999,60,1412
2026-05-11 15:00:00,24290.599,24358.599,24282.955,24324.388,60,1407
2026-05-11 16:00:00,24322.888,24325.499,24245.888,24255.366,60,2608
2026-05-11 17:00:00,24257.877,24292.499,24240.355,24280.877,60,2620
2026-05-11 18:00:00,24281.899,24299.855,24259.377,24260.366,60,2615
2026-05-11 19:00:00,24261.377,24285.988,24238.499,24283.955,60,2617
2026-05-11 20:00:00,24283.966,24285.799,24253.399,24272.399,15,7416
2026-05-11 22:00:00,24285.255,24302.199,24283.655,24297.766,59,7415
2026-05-11 23:00:00,24298.077,24299.099,24287.355,24291.666,59,7424
2026-05-12 00:00:00,24290.366,24290.366,24231.866,24237.366,59,7412
2026-05-12 01:00:00,24237.899,24245.499,24062.855,24132.899,60,4699
2026-05-12 02:00:00,24133.877,24196.999,24123.388,24189.877,60,4712
2026-05-12 03:00:00,24190.377,24197.355,24141.355,24145.499,60,4712
2026-05-12 04:00:00,24146.355,24165.499,24125.499,24129.855,60,4707
2026-05-12 05:00:00,24126.999,24170.366,24123.399,24166.499,60,4713
2026-05-12 06:00:00,24168.377,24181.366,24051.466,24063.599,60,2644
2026-05-12 07:00:00,24060.966,24201.999,24011.955,24136.499,60,1410
2026-05-12 08:00:00,24138.988,24189.988,24106.955,24135.955,60,1407
2026-05-12 09:00:00,24133.599,24212.955,24093.955,24104.488,60,1411
2026-05-12 10:00:00,24105.977,24128.099,24073.977,24095.966,60,1409
2026-05-12 11:00:00,24094.499,24154.477,24075.488,24094.099,60,1416
2026-05-12 12:00:00,24091.966,24164.955,24047.988,24138.099,60,1407
2026-05-12 13:00:00,24138.455,24141.466,24016.977,24029.488,60,1410
2026-05-12 14:00:00,24032.966,24073.499,23972.966,23976.466,60,1412
2026-05-12 15:00:00,23976.966,23984.999,23926.499,23963.899,60,1407
2026-05-12 16:00:00,23964.377,23999.999,23949.855,23987.877,60,2606
2026-05-12 17:00:00,23988.355,24043.499,23986.855,24021.999,60,2606
2026-05-12 18:00:00,24021.355,24054.499,24005.866,24041.388,60,2607
2026-05-12 19:00:00,24040.899,24080.888,24038.499,24055.955,60,2624
2026-05-12 20:00:00,24055.977,24055.999,24015.755,24026.066,15,7415
2026-05-12 22:00:00,24031.799,24051.877,24027.788,24037.855,60,7405
2026-05-12 23:00:00,24038.599,24041.177,24002.077,24002.077,60,7420
2026-05-13 00:00:00,24001.499,24049.877,23992.477,24036.888,59,7407
2026-05-13 01:00:00,24035.899,24083.388,24032.499,24057.388,60,4727
2026-05-13 02:00:00,24056.355,24068.399,24043.355,24050.499,60,4720
2026-05-13 03:00:00,24046.866,24096.388,24043.855,24088.377,60,4712
2026-05-13 04:00:00,24086.888,24119.499,24075.855,24117.899,60,4732
2026-05-13 05:00:00,24118.355,24147.388,24087.388,24141.855,60,4731
2026-05-13 06:00:00,24138.877,24186.377,24130.499,24174.488,60,2663
2026-05-13 07:00:00,24173.466,24206.977,24092.966,24142.099,60,1406
2026-05-13 08:00:00,24141.477,24225.099,24115.955,24145.466,60,1405
2026-05-13 09:00:00,24146.455,24165.966,24073.488,24147.455,60,1413
2026-05-13 10:00:00,24146.988,24174.977,24089.999,24117.955,60,1409
2026-05-13 11:00:00,24119.466,24186.488,24102.988,24178.955,60,1405
2026-05-13 12:00:00,24179.477,24190.988,24002.988,24059.599,60,1411
2026-05-13 13:00:00,24061.499,24116.599,24060.955,24086.977,56,1407
2026-05-13 14:00:00,24093.455,24146.999,24072.455,24111.499,60,1405
2026-05-13 15:00:00,24110.999,24163.888,24083.366,24113.888,60,1412
2026-05-13 16:00:00,24114.388,24186.999,24112.377,24174.388,60,2607
2026-05-13 17:00:00,24173.877,24191.355,24166.355,24167.999,60,2608
2026-05-13 18:00:00,24166.888,24205.899,24165.855,24198.499,60,2613
2026-05-13 19:00:00,24199.388,24231.499,24196.866,24222.955,60,2624
2026-05-13 20:00:00,24216.488,24237.366,24216.488,24234.877,15,7403
2026-05-13 22:00:00,24252.199,24277.399,24245.666,24270.655,60,7408
2026-05-13 23:00:00,24271.288,24277.999,24258.988,24273.288,60,7405
2026-05-14 00:00:00,24272.699,24289.999,24252.999,24282.877,59,7398
2026-05-14 01:00:00,24282.377,24286.866,24216.899,24218.888,60,4719
2026-05-14 02:00:00,24220.866,24234.399,24199.855,24214.866,60,4707
2026-05-14 03:00:00,24214.499,24232.999,24200.366,24207.399,60,4725
2026-05-14 04:00:00,24207.888,24236.899,24189.366,24210.888,60,4713
2026-05-14 05:00:00,24212.855,24248.499,24185.888,24243.355,60,4710
2026-05-14 06:00:00,24244.499,24344.388,24244.499,24328.977,60,2706
2026-05-14 07:00:00,24320.977,24402.488,24311.977,24324.477,60,1406
2026-05-14 08:00:00,24320.966,24432.999,24318.466,24420.099,60,1405
2026-05-14 09:00:00,24420.466,24465.455,24386.466,24445.966,60,1408
2026-05-14 10:00:00,24442.955,24494.988,24419.466,24453.488,60,1415
2026-05-14 11:00:00,24452.599,24491.988,24430.466,24470.477,60,1408
2026-05-14 12:00:00,24471.466,24488.999,24412.466,24442.477,60,1412
2026-05-14 13:00:00,24442.099,24446.977,24356.455,24363.477,60,1402
2026-05-14 14:00:00,24362.599,24477.988,24354.999,24458.966,60,1412
2026-05-14 15:00:00,24458.599,24486.499,24425.866,24434.399,60,1407
2026-05-14 16:00:00,24435.355,24446.499,24358.388,24377.899,60,2607
2026-05-14 17:00:00,24378.888,24393.877,24303.888,24335.899,60,2614
2026-05-14 18:00:00,24336.877,24372.377,24298.366,24368.899,60,2609
2026-05-14 19:00:00,24369.888,24374.855,24327.866,24332.966,60,2609
2026-05-14 20:00:00,24329.099,24338.699,24327.266,24333.799,15,7407
2026-05-14 22:00:00,24324.288,24335.299,24319.966,24328.455,60,7418
2026-05-14 23:00:00,24328.799,24349.399,24320.155,24321.555,59,7426
2026-05-15 00:00:00,24321.877,24347.599,24272.866,24282.877,59,7401
2026-05-15 01:00:00,24279.355,24286.355,24153.399,24154.999,60,4713
2026-05-15 02:00:00,24155.366,24217.888,24134.888,24196.855,60,4709
2026-05-15 03:00:00,24195.999,24205.855,24140.377,24184.877,60,4707
2026-05-15 04:00:00,24185.399,24186.399,24133.888,24135.855,60,4710
2026-05-15 05:00:00,24136.399,24139.999,24075.355,24099.855,60,4705
2026-05-15 06:00:00,24099.366,24204.366,24098.999,24203.966,60,2620
2026-05-15 07:00:00,24198.999,24297.099,24177.999,24201.977,60,1410
2026-05-15 08:00:00,24208.999,24208.999,24004.488,24083.488,60,1405
2026-05-15 09:00:00,24082.477,24097.966,24014.455,24053.599,60,1409
2026-05-15 10:00:00,24055.999,24171.955,24026.455,24159.455,60,1406
2026-05-15 11:00:00,24158.488,24175.988,24010.466,24013.966,60,1412
2026-05-15 12:00:00,24010.977,24010.977,23937.499,23984.488,60,1418
2026-05-15 13:00:00,23985.466,24023.499,23922.977,23935.466,60,1404
2026-05-15 14:00:00,23933.977,24022.466,23912.966,23991.477,60,1406
2026-05-15 15:00:00,23989.988,24004.599,23859.499,23887.866,60,1415
2026-05-15 16:00:00,23892.888,23909.999,23866.999,23899.877,60,2607
2026-05-15 17:00:00,23899.355,23948.877,23895.366,23944.855,60,2611
2026-05-15 18:00:00,23945.877,23955.999,23891.866,23917.399,60,2605
2026-05-15 19:00:00,23917.999,23925.355,23889.377,23902.499,60,2608
2026-05-15 20:00:00,23901.955,23901.955,23901.955,23901.955,1,7468
2026-05-17 22:00:00,23868.999,23899.088,23867.399,23885.755,57,7412
2026-05-17 23:00:00,23886.799,23888.877,23787.655,23815.955,60,7420
2026-05-18 00:00:00,23815.199,23825.388,23706.399,23811.899,60,7410
2026-05-18 01:00:00,23813.855,23818.877,23677.888,23737.499,60,4704
2026-05-18 02:00:00,23735.855,23766.899,23690.877,23697.366,60,4713
2026-05-18 03:00:00,23697.899,23734.399,23674.366,23712.888,60,4715
2026-05-18 04:00:00,23712.366,23769.355,23696.877,23716.877,60,4714
2026-05-18 05:00:00,23717.866,23774.399,23699.888,23737.399,60,4717
2026-05-18 06:00:00,23732.399,23759.988,23630.999,23759.977,60,2654
2026-05-18 07:00:00,23762.599,23899.966,23762.099,23872.988,60,1406
2026-05-18 08:00:00,23874.966,23999.455,23870.955,23992.099,60,1408
2026-05-18 09:00:00,23992.488,24013.988,23964.488,24010.988,60,1412
2026-05-18 10:00:00,24011.955,24025.988,23941.955,23983.488,60,1409
2026-05-18 11:00:00,23981.988,24243.955,23927.455,24133.988,60,1407
2026-05-18 12:00:00,24134.977,24378.955,24122.955,24378.466,60,1408
2026-05-18 13:00:00,24379.477,24435.966,24306.455,24408.499,60,1404
2026-05-18 14:00:00,24407.988,24434.488,24306.966,24353.955,60,1403
2026-05-18 15:00:00,24354.499,24363.099,24236.388,24309.899,60,1412
2026-05-18 16:00:00,24310.899,24330.499,24230.899,24257.877,60,2615
2026-05-18 17:00:00,24255.399,24309.377,24233.355,24283.866,60,2608
2026-05-18 18:00:00,24284.377,24290.888,24152.999,24158.866,60,2612
2026-05-18 19:00:00,24157.855,24390.955,24152.377,24386.099,60,2610
2026-05-18 20:00:00,24385.488,24385.488,24354.566,24368.277,15,7407
2026-05-18 22:00:00,24376.666,24430.999,24376.666,24421.288,60,7410
2026-05-18 23:00:00,24421.699,24432.899,24395.455,24397.688,60,7406
2026-05-19 00:00:00,24398.299,24404.499,24317.388,24325.399,59,7410
2026-05-19 01:00:00,24324.899,24361.355,24278.888,24313.899,60,4707
2026-05-19 02:00:00,24309.377,24313.888,24260.866,24279.399,60,4717
2026-05-19 03:00:00,24278.855,24331.999,24257.855,24271.877,60,4722
2026-05-19 04:00:00,24270.888,24275.866,24192.388,24263.866,60,4722
2026-05-19 05:00:00,24264.377,24305.499,24226.377,24281.388,60,4707
2026-05-19 06:00:00,24280.888,24359.999,24255.877,24330.488,60,2700
2026-05-19 07:00:00,24324.477,24662.999,24324.477,24635.955,60,1408
2026-05-19 08:00:00,24637.488,24652.955,24525.977,24640.955,60,1410
2026-05-19 09:00:00,24639.099,24654.488,24564.099,24618.988,60,1409
2026-05-19 10:00:00,24618.488,24695.977,24594.499,24660.977,60,1414
2026-05-19 11:00:00,24661.488,24669.599,24559.099,24562.499,60,1404
2026-05-19 12:00:00,24562.988,24635.499,24546.966,24611.988,60,1406
2026-05-19 13:00:00,24610.988,24619.599,24434.477,24492.599,60,1405
2026-05-19 14:00:00,24494.099,24550.488,24357.499,24437.988,60,1406
2026-05-19 15:00:00,24439.599,24478.977,24365.855,24382.888,60,1406
2026-05-19 16:00:00,24384.877,24411.355,24341.366,24389.377,60,2611
2026-05-19 17:00:00,24388.855,24405.888,24372.366,24396.877,60,2620
2026-05-19 18:00:00,24397.899,24416.866,24331.855,24339.377,60,2612
2026-05-19 19:00:00,24339.888,24386.499,24298.355,24322.955,60,2615
2026-05-19 20:00:00,24322.099,24323.099,24292.877,24305.899,15,7423
2026-05-19 22:00:00,24318.388,24338.366,24305.088,24322.955,60,7412
2026-05-19 23:00:00,24322.699,24391.155,24320.255,24361.466,60,7429
2026-05-20 00:00:00,24361.099,24361.099,24224.399,24293.888,60,7404
2026-05-20 01:00:00,24289.399,24324.999,24214.999,24284.999,60,4709
2026-05-20 02:00:00,24285.499,24316.888,24195.877,24203.866,60,4720
2026-05-20 03:00:00,24203.377,24254.355,24157.499,24234.366,60,4706
2026-05-20 04:00:00,24235.377,24279.855,24222.888,24236.377,60,4711
2026-05-20 05:00:00,24235.377,24295.366,24235.377,24286.377,60,4705
2026-05-20 06:00:00,24283.388,24366.399,24278.999,24363.455,60,2627
2026-05-20 07:00:00,24362.466,24415.988,24311.499,24312.977,60,1405
2026-05-20 08:00:00,24311.966,24459.499,24282.499,24439.999,60,1411
2026-05-20 09:00:00,24435.966,24500.988,24427.455,24490.977,60,1404
2026-05-20 10:00:00,24490.466,24594.988,24488.455,24524.466,60,1404
2026-05-20 11:00:00,24522.999,24546.999,24487.988,24506.999,60,1414
2026-05-20 12:00:00,24505.955,24569.455,24472.466,24474.499,60,1404
2026-05-20 13:00:00,24473.977,24552.999,24441.499,24544.999,60,1406
2026-05-20 14:00:00,24546.477,24735.977,24462.966,24676.477,60,1408
2026-05-20 15:00:00,24677.455,24889.466,24667.099,24711.877,60,1610
2026-05-20 16:00:00,24711.355,24744.388,24671.366,24718.377,60,2606
2026-05-20 17:00:00,24718.999,24762.888,24700.866,24737.877,60,2607
2026-05-20 18:00:00,24736.999,24764.388,24725.855,24754.377,60,2617
2026-05-20 19:00:00,24753.899,24788.377,24743.877,24771.955,60,2618
2026-05-20 20:00:00,24770.999,24770.999,24751.866,24762.077,15,7408
2026-05-20 22:00:00,24731.899,24735.277,24673.799,24701.855,60,7408
2026-05-20 23:00:00,24702.299,24710.677,24686.088,24698.588,60,7415
2026-05-21 00:00:00,24698.177,24745.399,24669.466,24737.877,59,7406
2026-05-21 01:00:00,24738.499,24787.499,24737.366,24778.888,60,4714
2026-05-21 02:00:00,24780.377,24805.499,24737.366,24746.877,60,4726
2026-05-21 03:00:00,24746.366,24762.366,24702.888,24722.999,60,4708
2026-05-21 04:00:00,24721.855,24770.366,24720.366,24759.355,60,4706
2026-05-21 05:00:00,24759.888,24775.999,24642.366,24681.366,60,4719
2026-05-21 06:00:00,24684.399,24733.888,24652.366,24670.966,60,2685
2026-05-21 07:00:00,24672.988,24736.455,24600.477,24714.955,60,1410
2026-05-21 08:00:00,24715.455,24861.455,24710.499,24795.477,60,1405
2026-05-21 09:00:00,24793.455,24896.999,24785.466,24863.966,60,1408
2026-05-21 10:00:00,24862.988,24882.099,24529.455,24571.099,60,1412
2026-05-21 11:00:00,24564.099,24654.488,24551.477,24599.455,60,1406
2026-05-21 12:00:00,24598.999,24620.988,24538.955,24580.999,60,1410
2026-05-21 13:00:00,24580.455,24706.999,24529.477,24691.988,60,1405
2026-05-21 14:00:00,24692.499,24716.488,24603.455,24710.599,60,1406
2026-05-21 15:00:00,24711.499,24718.977,24600.399,24633.366,60,1409
2026-05-21 16:00:00,24635.366,24674.999,24627.366,24644.999,60,2605
2026-05-21 17:00:00,24644.499,24919.366,24644.499,24888.499,60,2610
2026-05-21 18:00:00,24885.877,24906.499,24769.388,24799.877,60,2612
2026-05-21 19:00:00,24799.366,24868.399,24790.377,24831.977,60,2610
2026-05-21 20:00:00,24831.477,24840.888,24823.977,24836.477,15,7413
2026-05-21 22:00:00,24844.999,24885.199,24841.455,24882.688,60,7419
2026-05-21 23:00:00,24883.099,24897.377,24878.966,24886.755,60,7415
2026-05-22 00:00:00,24887.199,24898.988,24850.377,24857.499,59,7411
2026-05-22 01:00:00,24854.377,24879.366,24836.866,24861.855,60,4707
2026-05-22 02:00:00,24862.866,24885.499,24833.877,24875.999,60,4703
2026-05-22 03:00:00,24875.377,24883.399,24838.377,24861.999,59,4706
2026-05-22 04:00:00,24862.999,24918.855,24857.899,24884.355,60,4711
2026-05-22 05:00:00,24882.999,24921.866,24831.366,24833.877,60,4709
2026-05-22 06:00:00,24834.999,24888.399,24813.855,24864.466,60,2611
2026-05-22 07:00:00,24865.477,24865.477,24706.988,24749.477,60,1404
2026-05-22 08:00:00,24750.455,24789.466,24671.966,24737.499,60,1417
2026-05-22 09:00:00,24734.499,24786.499,24703.955,24780.499,60,1409
2026-05-22 10:00:00,24780.977,24816.988,24766.455,24778.599,60,1413
2026-05-22 11:00:00,24779.455,24847.477,24742.977,24806.499,60,1408
2026-05-22 12:00:00,24805.988,24944.499,24803.466,24920.599,60,1418
2026-05-22 13:00:00,24926.466,24944.599,24872.455,24887.955,60,1411
2026-05-22 14:00:00,24882.988,24919.599,24829.499,24910.099,60,1412
2026-05-22 15:00:00,24910.599,24937.466,24845.899,24860.499,60,1408
2026-05-22 16:00:00,24860.888,24873.999,24838.855,24849.999,60,2621
2026-05-22 17:00:00,24850.388,24937.888,24815.866,24853.866,60,2605
2026-05-22 18:00:00,24852.999,24868.377,24824.499,24842.366,60,2623
2026-05-22 19:00:00,24841.355,24843.855,24788.888,24798.988,60,2608
2026-05-24 22:00:00,24957.955,24993.766,24949.566,24985.088,57,9221
2026-05-24 23:00:00,24985.377,25025.877,24985.377,25002.666,60,7411
2026-05-25 00:00:00,25003.277,25095.399,24997.077,25041.888,59,7418
2026-05-25 01:00:00,25046.999,25119.899,25037.855,25110.499,60,4718
2026-05-25 02:00:00,25111.399,25139.855,25106.355,25126.888,59,4710
2026-05-25 03:00:00,25129.899,25176.499,25117.877,25147.888,60,4702
2026-05-25 04:00:00,25148.877,25204.499,25144.888,25178.499,60,4707
2026-05-25 05:00:00,25179.499,25231.866,25152.377,25152.999,59,4711
2026-05-25 06:00:00,25151.899,25163.366,25099.888,25127.988,60,2676
2026-05-25 07:00:00,25128.955,25215.499,25057.966,25174.977,60,1712
2026-05-25 08:00:00,25174.488,25199.488,25144.499,25179.999,60,1413
2026-05-25 09:00:00,25179.488,25247.499,25176.988,25227.466,60,1420
2026-05-25 10:00:00,25224.988,25269.988,25216.977,25250.488,60,1409
2026-05-25 11:00:00,25251.099,25293.499,25223.099,25267.488,60,1407
2026-05-25 12:00:00,25266.977,25312.466,25256.466,25274.488,60,1418
2026-05-25 13:00:00,25272.466,25332.999,25259.477,25318.599,60,1407
2026-05-25 14:00:00,25319.466,25378.488,25312.099,25364.955,60,1409
2026-05-25 15:00:00,25364.466,25443.955,25341.477,25397.499,60,1403
2026-05-25 16:00:00,25395.899,25398.888,25372.355,25393.888,60,2600
2026-05-25 17:00:00,25394.866,25412.377,25382.999,25390.355,50,2609
2026-05-25 18:00:00,25389.899,25393.399,25374.866,25383.888,48,2657
2026-05-25 19:00:00,25384.499,25392.999,25373.377,25382.888,55,2625
2026-05-25 22:00:00,25405.577,25405.577,25342.377,25345.755,60,7411
2026-05-25 23:00:00,25345.199,25350.399,25314.766,25334.355,60,7411
2026-05-26 00:00:00,25335.088,25341.599,25249.099,25304.577,59,8209
2026-05-26 01:00:00,25305.199,25335.699,25279.566,25315.599,60,8212
2026-05-26 02:00:00,25316.588,25338.199,25299.588,25327.099,60,8217
2026-05-26 03:00:00,25329.055,25349.588,25301.088,25342.088,60,8206
2026-05-26 04:00:00,25343.199,25343.599,25301.077,25316.077,60,8201
2026-05-26 05:00:00,25315.588,25324.555,25290.577,25300.088,60,8220
2026-05-26 06:00:00,25300.577,25377.366,25291.066,25356.466,60,8206
2026-05-26 07:00:00,25354.477,25372.488,25242.466,25272.488,60,1408
2026-05-26 08:00:00,25273.999,25286.099,25181.455,25186.599,60,1408
2026-05-26 09:00:00,25185.955,25240.599,25171.977,25213.988,60,1408
2026-05-26 10:00:00,25213.599,25300.966,25195.499,25272.488,60,1404
2026-05-26 11:00:00,25272.955,25290.966,25209.999,25259.977,60,1411
2026-05-26 12:00:00,25258.955,25287.599,25223.955,25266.599,60,1418
2026-05-26 13:00:00,25264.988,25289.999,25212.466,25255.488,60,1410
2026-05-26 14:00:00,25255.999,25288.455,25212.466,25239.455,60,1411
2026-05-26 15:00:00,25239.988,25240.599,25163.388,25197.366,60,1413
2026-05-26 16:00:00,25198.355,25229.999,25189.388,25197.877,60,2615
2026-05-26 17:00:00,25197.377,25207.355,25181.355,25185.899,60,2612
2026-05-26 18:00:00,25185.355,25209.866,25174.399,25204.388,60,2612
2026-05-26 19:00:00,25203.899,25249.399,25194.855,25237.499,60,2604
2026-05-26 20:00:00,25237.488,25240.699,25228.688,25228.688,15,7414
2026-05-26 22:00:00,25227.855,25232.877,25204.477,25221.999,60,7436
2026-05-26 23:00:00,25222.299,25260.888,25221.999,25259.688,60,7438
2026-05-27 00:00:00,25259.088,25276.977,25241.366,25263.899,59,7391
2026-05-27 01:00:00,25264.399,25266.999,25229.366,25232.366,60,4706
2026-05-27 02:00:00,25231.877,25260.999,25226.899,25242.899,60,4717
2026-05-27 03:00:00,25243.366,25254.499,25219.366,25222.999,60,4706
2026-05-27 04:00:00,25222.499,25259.899,25217.877,25254.499,60,4709
2026-05-27 05:00:00,25250.388,25287.866,25239.377,25279.999,60,4719
2026-05-27 06:00:00,25281.366,25297.499,25246.877,25287.966,60,2726
2026-05-27 07:00:00,25289.999,25363.599,25286.455,25339.488,60,1406
2026-05-27 08:00:00,25337.499,25370.499,25307.977,25334.988,60,1418
2026-05-27 09:00:00,25333.455,25395.099,25331.499,25355.488,60,1408
2026-05-27 10:00:00,25356.099,25381.488,25320.455,25351.988,60,1419
2026-05-27 11:00:00,25352.955,25360.599,25258.488,25259.977,60,1409
2026-05-27 12:00:00,25260.955,25372.966,25226.977,25261.488,60,1405
2026-05-27 13:00:00,25261.099,25284.599,25214.966,25251.466,60,1412
2026-05-27 14:00:00,25253.955,25261.966,25118.488,25212.977,60,1407
2026-05-27 15:00:00,25213.999,25235.899,25128.388,25158.377,60,1421
2026-05-27 16:00:00,25157.888,25202.399,25134.399,25187.355,60,2615
2026-05-27 17:00:00,25186.399,25191.866,25148.399,25161.499,60,2602
2026-05-27 18:00:00,25160.388,25199.877,25144.877,25187.877,60,2606
2026-05-27 19:00:00,25189.899,25223.877,25188.355,25201.466,60,2616
2026-05-27 20:00:00,25199.499,25211.999,25196.655,25209.977,15,7406
2026-05-27 22:00:00,25244.799,25262.099,25213.466,25225.777,60,7409
2026-05-27 23:00:00,25226.077,25233.699,25173.166,25175.588,60,7412
2026-05-28 00:00:00,25175.866,25202.877,25139.355,25196.377,59,7409
2026-05-28 01:00:00,25196.899,25202.399,25141.866,25175.888,60,4706
2026-05-28 02:00:00,25176.377,25190.377,25110.866,25113.377,60,4714
2026-05-28 03:00:00,25113.855,25119.888,24959.899,24962.855,60,4727
2026-05-28 04:00:00,24963.499,24973.499,24907.366,24955.877,60,4707
2026-05-28 05:00:00,24956.866,25068.899,24937.377,25055.499,60,4713
2026-05-28 06:00:00,25055.888,25101.488,25044.355,25087.466,60,2641
2026-05-28 07:00:00,25088.966,25158.499,25073.466,25146.466,60,1404
2026-05-28 08:00:00,25150.455,25181.599,25123.499,25164.466,60,1410
2026-05-28 09:00:00,25163.955,25182.955,25109.466,25126.966,60,1410
2026-05-28 10:00:00,25126.477,25140.466,25007.599,25039.977,60,1426
2026-05-28 11:00:00,25035.499,25072.099,25027.477,25027.599,60,1406
2026-05-28 12:00:00,25026.466,25077.977,24993.488,25072.599,60,1421
2026-05-28 13:00:00,25072.988,25098.599,24968.988,25038.455,60,1409
2026-05-28 14:00:00,25042.477,25245.499,25000.466,25047.466,60,1406
2026-05-28 15:00:00,25048.477,25097.966,25042.488,25084.855,60,1414
2026-05-28 16:00:00,25085.499,25155.999,25069.855,25150.366,60,2614
2026-05-28 17:00:00,25151.355,25154.877,25114.355,25121.877,60,2617
2026-05-28 18:00:00,25121.377,25130.866,25075.999,25091.899,60,2604
2026-05-28 19:00:00,25092.388,25100.499,25077.377,25081.988,60,2614
2026-05-28 20:00:00,25080.955,25112.299,25076.299,25111.699,15,7406
2026-05-28 22:00:00,25109.377,25131.099,25108.766,25109.599,60,7404
2026-05-28 23:00:00,25109.999,25121.788,25103.666,25108.599,59,7426
2026-05-29 00:00:00,25107.266,25111.399,25058.855,25076.866,59,7406
2026-05-29 01:00:00,25075.888,25112.399,25062.899,25098.888,60,4713
2026-05-29 02:00:00,25099.366,25124.877,25093.399,25104.866,60,4715
2026-05-29 03:00:00,25107.899,25151.899,25103.499,25136.866,60,4711
2026-05-29 04:00:00,25136.377,25168.899,25135.855,25166.399,45,4728
2026-05-29 05:00:00,25160.888,25168.999,25141.877,25157.499,45,4701
2026-05-29 06:00:00,25152.855,25194.988,25145.855,25177.599,22,2627
2026-05-29 07:00:00,25180.477,25180.477,25078.599,25165.599,60,1417
2026-05-29 08:00:00,25167.977,25186.977,25116.466,25121.466,60,1413
2026-05-29 09:00:00,25120.488,25206.099,25111.466,25157.455,60,1408
2026-05-29 10:00:00,25159.599,25163.599,25105.955,25141.999,60,1404
2026-05-29 11:00:00,25140.999,25155.477,25035.966,25095.988,60,1414
2026-05-29 12:00:00,25095.499,25120.977,25061.477,25108.499,60,1419
2026-05-29 13:00:00,25107.955,25139.955,25043.955,25056.966,60,1406
2026-05-29 14:00:00,25062.988,25199.477,25041.955,25152.955,60,1408
2026-05-29 15:00:00,25154.977,25209.477,25054.388,25111.366,60,1413
2026-05-29 16:00:00,25112.388,25135.377,25096.355,25109.888,60,2604
2026-05-29 17:00:00,25109.355,25121.899,25060.355,25061.499,60,2619
2026-05-29 18:00:00,25062.399,25088.499,25027.866,25042.888,60,2619
2026-05-29 19:00:00,25041.499,25079.377,25037.388,25049.955,60,2608
2026-05-31 22:00:00,25035.555,25074.299,25020.399,25070.488,58,7405
2026-05-31 23:00:00,25071.199,25089.199,25067.366,25086.066,60,7412
2026-06-01 00:00:00,25086.899,25120.355,25084.999,25116.899,59,7398
2026-06-01 01:00:00,25116.388,25133.877,25089.866,25127.899,60,4715
2026-06-01 02:00:00,25127.355,25146.355,25124.355,25133.999,60,4706
2026-06-01 03:00:00,25134.877,25142.499,25077.866,25086.399,60,4719
2026-06-01 04:00:00,25087.377,25137.388,25080.866,25121.499,60,4710
2026-06-01 05:00:00,25120.388,25133.899,25100.855,25128.888,60,4705
2026-06-01 06:00:00,25128.377,25139.377,25058.866,25088.988,60,2701
2026-06-01 07:00:00,25082.455,25152.455,25063.455,25133.988,60,1406
2026-06-01 08:00:00,25134.488,25185.966,25099.499,25148.966,60,1415
2026-06-01 09:00:00,25150.488,25214.099,25118.955,25141.599,60,1413
2026-06-01 10:00:00,25141.955,25250.488,25126.488,25210.499,60,1413
2026-06-01 11:00:00,25211.988,25246.977,25174.466,25236.455,60,1419
2026-06-01 12:00:00,25235.955,25303.099,25212.488,25265.999,60,1419
2026-06-01 13:00:00,25267.988,25270.455,24919.488,24933.988,60,1406
2026-06-01 14:00:00,24930.988,25032.488,24897.099,24920.488,60,1406
2026-06-01 15:00:00,24919.466,25070.399,24903.977,24988.888,60,1408
2026-06-01 16:00:00,24989.399,25062.888,24952.866,25056.366,60,2606
2026-06-01 17:00:00,25056.866,25171.499,25017.366,25110.899,60,2611
2026-06-01 18:00:00,25111.366,25130.888,25105.888,25111.388,60,2618
2026-06-01 19:00:00,25111.855,25129.388,25071.466,25074.499,60,2623
2026-06-01 20:00:00,25073.455,25079.199,25069.766,25077.999,15,7423
2026-06-01 22:00:00,25062.299,25062.299,24997.499,25007.388,60,7412
2026-06-01 23:00:00,25008.099,25019.388,24999.577,25007.588,60,7429
2026-06-02 00:00:00,25006.999,25041.399,24977.899,24988.377,60,7395
2026-06-02 01:00:00,24987.888,25065.499,24987.888,25014.388,60,4707
2026-06-02 02:00:00,25014.855,25064.877,25014.855,25059.355,60,4714
2026-06-02 03:00:00,25058.888,25082.999,25032.855,25078.377,60,4711
2026-06-02 04:00:00,25078.999,25117.999,25074.355,25117.999,60,4710
2026-06-02 05:00:00,25120.855,25143.999,25102.377,25122.888,60,4721
2026-06-02 06:00:00,25123.366,25186.455,25117.899,25184.966,60,2672
2026-06-02 07:00:00,25186.099,25325.455,25173.099,25324.455,60,1403
2026-06-02 08:00:00,25325.455,25363.499,25245.477,25265.599,60,1405
2026-06-02 09:00:00,25264.955,25274.499,25190.099,25241.466,60,1417
2026-06-02 10:00:00,25241.999,25273.099,25224.977,25230.455,60,1408
2026-06-02 11:00:00,25229.977,25232.999,25185.999,25206.999,60,1406
2026-06-02 12:00:00,25207.499,25220.599,25139.455,25147.455,60,1406
2026-06-02 13:00:00,25146.999,25154.499,25060.455,25072.599,60,1405
2026-06-02 14:00:00,25075.455,25137.099,25058.488,25103.599,60,1409
2026-06-02 15:00:00,25104.466,25148.377,25080.966,25128.388,60,1408
2026-06-02 16:00:00,25130.399,25138.899,25060.355,25083.377,60,2608
2026-06-02 17:00:00,25083.866,25093.999,25053.366,25060.366,60,2608
2026-06-02 18:00:00,25061.877,25098.366,25059.366,25086.877,60,2609
2026-06-02 19:00:00,25087.366,25112.366,25086.999,25100.477,60,2605
2026-06-02 20:00:00,25096.455,25112.366,25094.955,25108.077,15,7417
2026-06-02 22:00:00,25110.299,25111.699,25096.066,25097.988,60,7419
2026-06-02 23:00:00,25098.277,25100.155,25051.566,25098.499,60,7408
2026-06-03 00:00:00,25098.999,25114.388,25065.999,25108.499,60,7393
2026-06-03 01:00:00,25107.899,25111.888,25076.877,25103.499,60,4709
2026-06-03 02:00:00,25104.999,25111.399,25075.399,25083.999,60,4716
2026-06-03 03:00:00,25082.355,25116.377,25081.855,25109.999,60,4717
2026-06-03 04:00:00,25106.999,25121.999,25086.355,25089.399,59,4709
2026-06-03 05:00:00,25088.888,25102.377,25030.377,25037.388,60,4711
2026-06-03 06:00:00,25041.899,25063.899,24983.466,24995.099,60,2670
2026-06-03 07:00:00,24993.955,25000.099,24878.955,24949.488,60,1410
2026-06-03 08:00:00,24951.977,24966.499,24909.466,24933.966,60,1406
2026-06-03 09:00:00,24932.977,24950.977,24843.099,24850.599,60,1415
2026-06-03 10:00:00,24849.966,24933.455,24830.966,24876.466,60,1407
2026-06-03 11:00:00,24875.499,24939.599,24860.477,24913.599,60,1410
2026-06-03 12:00:00,24913.955,24927.488,24857.455,24896.488,60,1406
2026-06-03 13:00:00,24896.999,24919.599,24806.499,24864.466,60,1416
2026-06-03 14:00:00,24858.977,24878.966,24755.477,24795.466,60,1419
2026-06-03 15:00:00,24797.499,24824.888,24772.455,24799.366,60,1410
2026-06-03 16:00:00,24798.999,24804.899,24751.388,24780.877,60,2606
2026-06-03 17:00:00,24781.866,24797.366,24758.355,24782.388,60,2603
2026-06-03 18:00:00,24783.399,24791.399,24771.355,24779.888,60,2607
2026-06-03 19:00:00,24779.355,24779.999,24723.999,24728.455,60,2614
2026-06-03 20:00:00,24725.488,24738.799,24716.066,24718.866,15,7407
2026-06-03 22:00:00,24650.888,24694.699,24650.888,24687.799,60,7410
2026-06-03 23:00:00,24688.366,24690.299,24651.188,24663.677,60,7408
2026-06-04 00:00:00,24659.399,24761.855,24657.566,24752.899,59,7412
2026-06-04 01:00:00,24755.377,24786.499,24726.388,24741.855,60,4708
2026-06-04 02:00:00,24740.999,24744.999,24692.366,24736.877,60,4707
2026-06-04 03:00:00,24737.499,24769.377,24725.866,24752.499,60,4724
2026-06-04 04:00:00,24753.866,24764.866,24739.899,24757.377,60,4710
2026-06-04 05:00:00,24756.855,24769.399,24717.855,24760.377,60,4715
2026-06-04 06:00:00,24759.888,24828.599,24756.355,24827.977,60,2626
2026-06-04 07:00:00,24829.099,24952.099,24827.499,24940.977,60,1405
2026-06-04 08:00:00,24940.455,25001.488,24883.977,24885.966,60,1407
2026-06-04 09:00:00,24885.099,24973.599,24841.455,24964.966,60,1421
2026-06-04 10:00:00,24964.488,24966.455,24855.955,24905.977,60,1415
2026-06-04 11:00:00,24906.477,24958.488,24894.477,24950.488,60,1416
2026-06-04 12:00:00,24949.977,25001.988,24914.599,24974.988,60,1415
2026-06-04 13:00:00,24973.599,25008.099,24921.488,24961.988,60,1409
2026-06-04 14:00:00,24960.999,24988.499,24892.966,24892.977,60,1411
2026-06-04 15:00:00,24892.599,24952.877,24865.955,24918.866,60,1406
2026-06-04 16:00:00,24919.866,24949.355,24917.399,24938.499,60,2615
2026-06-04 17:00:00,24937.877,24951.399,24923.366,24943.366,60,2602
2026-06-04 18:00:00,24942.855,24949.499,24930.388,24943.355,60,2606
2026-06-04 19:00:00,24942.855,24967.899,24933.388,24937.488,60,2618
2026-06-04 20:00:00,24935.988,24935.988,24913.855,24915.766,15,7427
2026-06-04 22:00:00,24896.899,24898.999,24867.077,24885.466,60,7407
2026-06-04 23:00:00,24886.199,24887.366,24838.755,24838.799,60,7422
2026-06-05 00:00:00,24839.366,24839.366,24760.877,24804.855,59,7406
2026-06-05 01:00:00,24808.355,24844.355,24779.366,24838.499,60,4709
2026-06-05 02:00:00,24837.366,24859.999,24818.355,24820.399,59,4709
2026-06-05 03:00:00,24819.399,24836.888,24775.855,24781.355,58,4712
2026-06-05 04:00:00,24785.377,24828.866,24780.999,24819.888,60,4714
2026-06-05 05:00:00,24819.499,24853.499,24799.999,24820.399,60,4717
2026-06-05 06:00:00,24820.899,24897.888,24820.899,24880.477,60,2654
2026-06-05 07:00:00,24883.977,24943.966,24813.455,24910.599,60,1415
2026-06-05 08:00:00,24911.488,24954.099,24864.999,24939.999,60,1405
2026-06-05 09:00:00,24940.488,25029.499,24930.999,24993.455,60,1409
2026-06-05 10:00:00,24993.955,25016.477,24966.455,24992.999,60,1415
2026-06-05 11:00:00,24991.955,25019.988,24950.977,24994.455,60,1414
2026-06-05 12:00:00,24993.466,25007.466,24894.977,24907.099,60,1414
2026-06-05 13:00:00,24905.966,24959.599,24790.988,24810.599,60,1409
2026-06-05 14:00:00,24811.099,24866.599,24764.655,24817.299,60,1408
2026-06-05 15:00:00,24818.688,24826.799,24742.588,24759.199,60,1414
2026-06-05 16:00:00,24758.588,24759.066,24679.699,24713.099,60,2618
2026-06-05 17:00:00,24714.099,24721.099,24667.555,24704.588,60,2607
2026-06-05 18:00:00,24707.088,24713.099,24571.066,24594.099,60,2614
2026-06-05 19:00:00,24593.199,24606.599,24503.055,24569.199,60,2605
2026-06-07 22:00:00,24453.966,24539.677,24412.255,24447.199,57,7409
2026-06-07 23:00:00,24448.466,24560.877,24448.466,24551.888,60,7412
2026-06-08 00:00:00,24551.266,24606.588,24524.577,24553.066,59,7400
2026-06-08 01:00:00,24555.088,24572.199,24366.599,24531.088,60,4710
2026-06-08 02:00:00,24532.055,24613.055,24515.577,24583.577,60,4706
2026-06-08 03:00:00,24585.066,24592.566,24520.699,24545.077,60,4708
2026-06-08 04:00:00,24548.199,24555.699,24411.199,24422.055,60,4705
2026-06-08 05:00:00,24429.555,24469.099,24359.099,24382.577,60,4707
2026-06-08 06:00:00,24385.088,24433.577,24331.599,24418.177,60,2641
2026-06-08 07:00:00,24417.699,24595.666,24403.655,24530.699,60,1409
2026-06-08 08:00:00,24531.166,24560.155,24486.155,24532.188,60,1407
2026-06-08 09:00:00,24533.655,24649.699,24530.199,24625.655,60,1405
2026-06-08 10:00:00,24627.155,24710.199,24581.299,24609.188,60,1411
2026-06-08 11:00:00,24605.155,24742.166,24575.166,24660.677,60,1404
2026-06-08 12:00:00,24660.177,24705.299,24629.177,24650.166,60,1408
2026-06-08 13:00:00,24651.166,24705.188,24637.166,24677.299,60,1411
2026-06-08 14:00:00,24678.199,24684.299,24605.177,24666.166,59,1406
2026-06-08 15:00:00,24666.799,24684.199,24610.055,24617.577,57,1404
2026-06-08 16:00:00,24609.588,24630.699,24587.566,24588.577,50,2606
2026-06-08 17:00:00,24587.199,24588.588,24538.099,24565.599,60,2608
2026-06-08 18:00:00,24566.699,24626.088,24566.699,24609.199,60,2605
2026-06-08 19:00:00,24610.055,24610.699,24544.055,24581.188,60,2605
2026-06-08 20:00:00,24579.177,24586.655,24567.966,24572.499,15,7423
2026-06-08 22:00:00,24578.799,24582.699,24512.899,24565.499,60,7407
2026-06-08 23:00:00,24565.688,24586.599,24547.299,24569.966,60,7406
2026-06-09 00:00:00,24569.399,24573.677,24484.555,24508.077,60,7406
2026-06-09 01:00:00,24510.066,24593.599,24491.066,24564.055,60,4714
2026-06-09 02:00:00,24564.699,24583.566,24542.566,24561.066,60,4710
2026-06-09 03:00:00,24560.055,24620.077,24555.577,24592.077,60,4723
2026-06-09 04:00:00,24591.599,24641.199,24580.099,24619.066,60,4702
2026-06-09 05:00:00,24620.055,24635.088,24589.088,24593.555,60,4740
2026-06-09 06:00:00,24596.588,24628.588,24574.155,24583.699,60,2791
2026-06-09 07:00:00,24584.655,24659.677,24534.188,24626.199,41,1408
2026-06-09 08:00:00,24664.666,24751.299,24650.299,24744.666,59,1411
2026-06-09 09:00:00,24745.155,24808.166,24734.188,24791.688,60,1406
2026-06-09 10:00:00,24792.188,24821.155,24739.655,24784.699,60,1409
2026-06-09 11:00:00,24783.688,24791.799,24715.299,24729.166,60,1406
2026-06-09 12:00:00,24729.699,24754.688,24698.299,24753.299,60,1412
2026-06-09 13:00:00,24752.166,24814.188,24732.666,24770.655,60,1405
2026-06-09 14:00:00,24773.177,24790.666,24552.666,24615.799,60,1406
2026-06-09 15:00:00,24618.155,24631.799,24391.099,24418.199,60,1406
2026-06-09 16:00:00,24419.077,24455.077,24229.699,24292.066,60,2611
2026-06-09 17:00:00,24295.588,24471.555,24291.055,24448.199,60,2608
2026-06-09 18:00:00,24447.566,24546.055,24433.066,24537.099,60,2607
2026-06-09 19:00:00,24537.577,24549.577,24467.566,24520.177,60,2610
2026-06-09 20:00:00,24520.199,24535.199,24498.355,24511.088,15,7415
2026-06-09 22:00:00,24506.399,24506.666,24419.499,24435.499,60,7405
2026-06-09 23:00:00,24435.966,24468.099,24422.577,24465.188,60,7423
2026-06-10 00:00:00,24467.077,24518.299,24431.599,24503.699,59,7405
2026-06-10 01:00:00,24499.199,24539.566,24461.199,24473.566,60,4707
2026-06-10 02:00:00,24475.077,24492.088,24434.588,24438.599,60,4707
2026-06-10 03:00:00,24439.055,24481.699,24431.099,24449.066,60,4711
2026-06-10 04:00:00,24450.099,24454.199,24386.555,24396.577,60,4706
2026-06-10 05:00:00,24394.699,24478.077,24388.555,24477.077,60,4707
2026-06-10 06:00:00,24477.577,24510.199,24460.666,24473.199,60,2664
2026-06-10 07:00:00,24474.299,24519.299,24413.677,24450.755,60,1408
2026-06-10 08:00:00,24450.255,24458.755,24301.799,24314.255,60,1406
2026-06-10 09:00:00,24314.766,24341.399,24233.788,24308.788,60,1406
2026-06-10 10:00:00,24309.755,24310.399,24215.755,24245.799,60,1406
2026-06-10 11:00:00,24246.288,24253.277,24034.266,24223.777,60,1407
2026-06-10 12:00:00,24222.766,24329.299,24196.766,24287.777,60,1408
2026-06-10 13:00:00,24287.277,24362.777,24240.266,24340.899,60,1406
2026-06-10 14:00:00,24341.766,24346.255,24227.399,24241.755,60,1406
2026-06-10 15:00:00,24243.288,24279.255,24118.666,24201.666,60,1408
2026-06-10 16:00:00,24202.688,24217.688,24140.655,24162.655,60,2610
2026-06-10 17:00:00,24162.299,24183.799,24106.799,24173.299,60,2608
2026-06-10 18:00:00,24176.699,24203.299,24108.655,24125.666,60,2610
2026-06-10 19:00:00,24126.666,24137.699,24068.788,24073.899,60,2606
2026-06-10 20:00:00,24074.777,24080.088,24037.999,24062.399,15,7406
2026-06-10 22:00:00,24038.888,24049.788,23991.955,23993.288,60,7410
2026-06-10 23:00:00,23993.599,24019.399,23947.088,23984.877,60,7407
2026-06-11 00:00:00,23986.177,24061.799,23965.699,24051.799,60,7407
2026-06-11 01:00:00,24052.799,24159.799,24049.299,24075.199,60,4705
2026-06-11 02:00:00,24075.799,24096.799,23996.666,24062.677,60,4706
2026-06-11 03:00:00,24065.166,24140.188,24035.166,24137.799,60,4704
2026-06-11 04:00:00,24138.677,24193.166,24116.655,24170.666,60,4708
2026-06-11 05:00:00,24172.299,24177.155,24127.655,24150.655,60,4714
2026-06-11 06:00:00,24149.299,24219.399,24104.177,24207.399,60,2651
2026-06-11 07:00:00,24208.255,24247.899,24152.788,24166.777,60,1407
2026-06-11 08:00:00,24165.266,24264.255,24165.266,24210.777,60,1410
2026-06-11 09:00:00,24211.277,24275.266,24175.255,24251.755,60,1413
2026-06-11 10:00:00,24252.755,24288.266,24240.299,24256.255,60,1406
2026-06-11 11:00:00,24256.899,24294.766,24226.399,24266.777,60,1406
2026-06-11 12:00:00,24266.299,24269.277,24073.799,24206.777,60,1414
2026-06-11 13:00:00,24207.799,24324.266,24155.777,24300.899,60,1409
2026-06-11 14:00:00,24301.299,24330.766,24189.777,24200.299,60,1412
2026-06-11 15:00:00,24199.288,24280.277,24189.755,24233.188,60,1407
2026-06-11 16:00:00,24233.799,24255.299,24196.688,24198.199,60,2606
2026-06-11 17:00:00,24197.677,24574.688,24166.199,24519.177,60,2605
2026-06-11 18:00:00,24519.677,24541.699,24455.799,24512.699,60,2605
2026-06-11 19:00:00,24513.188,24649.299,24507.655,24612.755,60,2604
2026-06-11 20:00:00,24609.899,24638.899,24593.066,24636.299,15,7414
2026-06-11 22:00:00,24614.599,24664.499,24614.177,24649.588,60,7414
2026-06-11 23:00:00,24650.266,24662.388,24627.466,24659.688,60,7407
2026-06-12 00:00:00,24658.466,24661.999,24592.166,24607.188,59,7404
2026-06-12 01:00:00,24610.166,24621.677,24536.666,24619.655,60,4720
2026-06-12 02:00:00,24620.666,24631.677,24576.166,24597.155,60,4722
2026-06-12 03:00:00,24596.666,24599.799,24564.688,24596.155,60,4710
2026-06-12 04:00:00,24596.699,24623.655,24566.677,24608.666,60,4717
2026-06-12 05:00:00,24609.655,24626.688,24522.166,24540.799,60,4714
2026-06-12 06:00:00,24539.799,24599.166,24520.666,24564.766,60,2681
2026-06-12 07:00:00,24564.277,24720.299,24492.399,24650.255,60,1407
2026-06-12 08:00:00,24650.755,24758.399,24590.277,24622.766,60,1410
2026-06-12 09:00:00,24623.777,24706.255,24620.299,24661.788,60,1411
2026-06-12 10:00:00,24662.288,24674.799,24552.255,24587.755,60,1412
2026-06-12 11:00:00,24590.788,24639.299,24570.777,24577.788,60,1416
2026-06-12 12:00:00,24577.399,24582.799,24455.299,24465.788,60,1411
2026-06-12 13:00:00,24466.266,24553.777,24413.255,24497.399,60,1404
2026-06-12 14:00:00,24501.799,24634.899,24478.788,24623.299,60,1409
2026-06-12 15:00:00,24623.799,24656.188,24554.299,24561.177,60,1404
2026-06-12 16:00:00,24560.677,24640.299,24535.699,24625.655,60,2606
2026-06-12 17:00:00,24626.677,24665.199,24626.677,24646.177,60,2616
2026-06-12 18:00:00,24645.155,24676.199,24634.699,24650.166,60,2607
2026-06-12 19:00:00,24647.299,24689.299,24647.299,24668.899,60,2617
2026-06-14 22:00:00,24901.399,24954.098,24891.955,24939.099,57,7404
2026-06-14 23:00:00,24939.677,24952.398,24895.598,24946.777,68,6819
2026-06-15 00:00:00,24947.088,25080.299,24930.798,25042.299,60,4484
2026-06-15 01:00:00,25040.699,25067.177,25011.199,25017.188,60,3894
2026-06-15 02:00:00,25017.155,25039.188,24996.048,25036.155,59,3879
2026-06-15 03:00:00,25035.299,25051.688,25009.188,25011.188,59,3742
2026-06-15 04:00:00,25011.199,25031.299,24993.037,25030.155,60,3889
2026-06-15 05:00:00,25029.952,25059.666,25008.655,25025.799,60,3734
2026-06-15 06:00:00,25026.299,25084.472,24988.437,25052.452,60,2536
2026-06-15 07:00:00,25052.275,25089.799,25020.755,25021.777,73,1604
2026-06-15 08:00:00,25022.777,25047.399,24937.028,24944.984,93,1368
2026-06-15 09:00:00,24945.754,24951.799,24895.277,24918.277,79,1520
2026-06-15 10:00:00,24919.438,24957.228,24908.785,24942.288,68,1911
2026-06-15 11:00:00,24942.766,24972.277,24934.299,24962.755,62,1380
2026-06-15 12:00:00,24962.277,24994.899,24954.255,24989.755,64,1397
2026-06-15 13:00:00,24989.454,25010.899,24916.266,24921.766,101,1390
2026-06-15 14:00:00,24922.228,24971.399,24891.755,24935.288,61,1349
2026-06-15 15:00:00,24934.788,24943.855,24879.207,24921.688,62,1288
2026-06-15 16:00:00,24921.799,24924.758,24896.774,24907.625,60,2417
2026-06-15 17:00:00,24907.155,24908.677,24868.177,24876.258,60,2231
2026-06-15 18:00:00,24875.688,24879.299,24843.666,24851.666,60,2564
2026-06-15 19:00:00,24852.666,24860.799,24833.166,24857.125,61,2589
2026-06-15 20:00:00,24851.799,24862.686,24847.855,24852.077,16,6978
2026-06-15 22:00:00,24849.099,24854.288,24797.655,24812.655,60,7394
2026-06-15 23:00:00,24812.277,24831.098,24802.588,24821.999,60,7419
2026-06-16 00:00:00,24821.066,24869.55,24809.335,24856.155,60,6908
2026-06-16 01:00:00,24856.199,24867.199,24835.666,24848.677,60,4573
2026-06-16 02:00:00,24848.655,24852.188,24828.799,24837.299,58,5100
2026-06-16 03:00:00,24837.799,24882.688,24835.688,24859.677,50,4736
2026-06-16 04:00:00,24860.699,24870.688,24850.677,24858.299,56,4748
2026-06-16 05:00:00,24858.655,24900.677,24858.655,24883.166,60,4606
2026-06-16 06:00:00,24883.188,24949.788,24866.199,24945.788,60,2528
2026-06-16 07:00:00,24946.288,24996.299,24894.755,24989.266,74,2197
2026-06-16 08:00:00,24989.399,25110.899,24974.944,25092.399,66,1379
2026-06-16 09:00:00,25091.899,25096.799,25040.688,25079.766,62,1414
2026-06-16 10:00:00,25079.062,25089.705,25038.592,25051.755,60,1281
2026-06-16 11:00:00,25051.899,25056.288,24994.777,25010.255,64,1778
2026-06-16 12:00:00,25010.899,25055.799,24980.255,24984.788,68,1541
2026-06-16 13:00:00,24984.799,24987.899,24927.299,24984.299,62,1385
2026-06-16 14:00:00,24983.899,24983.899,24905.755,24925.899,60,1409
2026-06-16 15:00:00,24926.288,24937.199,24802.655,24829.699,60,1411
2026-06-16 16:00:00,24828.655,24849.699,24815.655,24832.188,60,2605
2026-06-16 17:00:00,24832.677,24836.199,24797.166,24833.655,60,2610
2026-06-16 18:00:00,24833.299,24833.799,24799.177,24802.155,60,2607
2026-06-16 19:00:00,24802.655,24810.188,24754.755,24754.788,60,2614
2026-06-16 20:00:00,24755.766,24762.099,24744.355,24746.199,15,7414
2026-06-16 22:00:00,24754.577,24800.366,24754.577,24798.155,60,7402
2026-06-16 23:00:00,24797.599,24798.477,24779.877,24786.599,60,7436
2026-06-17 00:00:00,24787.166,24803.355,24767.799,24794.155,59,7401
2026-06-17 01:00:00,24793.666,24822.199,24785.655,24821.155,60,4706
2026-06-17 02:00:00,24821.666,24827.799,24797.677,24801.188,50,4695
2026-06-17 03:00:00,24800.299,24814.199,24784.155,24812.155,58,4710
2026-06-17 04:00:00,24812.799,24825.799,24793.699,24823.199,57,4703
2026-06-17 05:00:00,24822.688,24847.799,24818.666,24828.299,57,4702
2026-06-17 06:00:00,24837.655,24862.188,24804.688,24823.755,60,2656
2026-06-17 07:00:00,24824.755,24868.899,24794.266,24829.777,60,1416
2026-06-17 08:00:00,24828.277,24840.755,24758.777,24827.788,60,1410
2026-06-17 09:00:00,24826.777,24916.055,24825.255,24912.557,44,1411
2026-06-17 10:00:00,24912.024,24954.734,24881.255,24940.899,80,2304
2026-06-17 11:00:00,24940.552,24956.008,24849.755,24859.288,67,2016
2026-06-17 12:00:00,24858.766,24900.33,24855.277,24873.766,71,2286
2026-06-17 13:00:00,24872.399,24897.887,24823.266,24865.399,77,1616
2026-06-17 14:00:00,24864.755,24942.277,24818.766,24887.238,71,1460
2026-06-17 15:00:00,24887.716,24979.788,24878.299,24955.188,88,2309
2026-06-17 16:00:00,24954.199,24971.415,24930.754,24943.415,66,3998
2026-06-17 17:00:00,24942.948,24959.699,24911.155,24956.244,61,4010
2026-06-17 18:00:00,24955.766,24975.177,24824.199,24898.199,60,3837
2026-06-17 19:00:00,24897.799,24921.155,24780.666,24805.255,63,2721
2026-06-17 20:00:00,24805.399,24835.765,24798.476,24804.724,15,5918
2026-06-17 22:00:00,24863.599,24907.646,24843.755,24897.477,60,7408
2026-06-17 23:00:00,24897.999,24938.465,24895.055,24937.399,60,6906
2026-06-18 00:00:00,24938.699,25045.648,24832.188,24841.799,70,7278
2026-06-18 01:00:00,24840.699,24895.548,24830.199,24878.057,60,4705
2026-06-18 02:00:00,24878.537,24906.646,24851.699,24856.799,59,7016
2026-06-18 03:00:00,24855.299,24878.188,24833.688,24875.799,53,6479
2026-06-18 04:00:00,24870.799,24889.799,24829.188,24845.166,57,6996
2026-06-18 05:00:00,24844.655,24892.004,24834.166,24892.004,59,4702
2026-06-18 06:00:00,24888.166,24994.037,24874.015,24994.037,92,4019
2026-06-18 07:00:00,24993.148,25065.497,24951.799,24980.799,140,2307
2026-06-18 08:00:00,24980.288,25005.898,24850.277,24859.408,74,2435
2026-06-18 09:00:00,24857.399,24996.899,24834.755,24968.788,75,2129
2026-06-18 10:00:00,24966.777,24988.788,24921.755,24927.478,93,1787
2026-06-18 11:00:00,24930.899,24943.899,24869.234,24935.399,72,1767
2026-06-18 12:00:00,24935.266,25033.777,24931.755,25021.399,60,1483
2026-06-18 13:00:00,25021.266,25041.266,24917.285,24946.675,61,1397
2026-06-18 14:00:00,24947.15,25047.277,24931.488,25045.574,60,1413
2026-06-18 15:00:00,25045.052,25071.288,25000.666,25057.688,60,1314
2026-06-18 16:00:00,25057.188,25079.166,25035.848,25052.177,60,2624
2026-06-18 17:00:00,25053.655,25084.799,25043.655,25074.177,60,3096
2026-06-18 18:00:00,25073.896,25084.688,25042.699,25058.852,60,1916
2026-06-18 19:00:00,25058.677,25066.425,25022.098,25058.899,60,2922
2026-06-18 20:00:00,25058.899,25087.05,25044.766,25080.388,16,8424
2026-06-18 22:00:00,25084.999,25094.688,25036.187,25042.199,60,7936
2026-06-18 23:00:00,25042.155,25062.598,25040.255,25054.355,60,8229
2026-06-19 00:00:00,25053.755,25054.999,24932.177,24975.155,60,6681
2026-06-19 01:00:00,24975.177,24991.799,24947.199,24947.799,59,6219
2026-06-19 02:00:00,24947.655,24957.199,24929.655,24945.688,54,6003
2026-06-19 03:00:00,24944.704,24955.155,24927.666,24943.699,59,7048
2026-06-19 04:00:00,24943.655,24964.177,24890.299,24906.155,60,5679
2026-06-19 05:00:00,24906.299,24956.799,24900.166,24951.177,60,6286
2026-06-19 06:00:00,24951.188,25038.22,24948.155,25033.766,60,2655
2026-06-19 07:00:00,25033.69,25164.147,25029.024,25161.347,74,1789
2026-06-19 08:00:00,25161.385,25173.288,25100.766,25122.288,64,2304
2026-06-19 09:00:00,25122.207,25135.288,25057.766,25107.777,61,2307
2026-06-19 10:00:00,25108.255,25123.777,25013.255,25043.954,66,1668
2026-06-19 11:00:00,25039.755,25059.025,25008.277,25040.788,64,2089
2026-06-19 12:00:00,25040.777,25064.299,24946.399,25059.399,68,2123
2026-06-19 13:00:00,25059.899,25092.899,25017.485,25050.788,61,1754
2026-06-19 14:00:00,25051.899,25083.899,25027.288,25036.755,60,1824
2026-06-19 15:00:00,25037.266,25064.899,24971.974,25008.545,60,1412
2026-06-19 16:00:00,25009.045,25040.51,24984.214,24995.188,59,4104
2026-06-19 17:00:00,24994.677,25006.51,24985.027,25003.299,59,6365
2026-06-19 18:00:00,25003.799,25011.166,24991.618,24996.288,57,6245
2026-06-19 19:00:00,24995.677,25008.613,24983.368,24993.788,59,5808
2026-06-21 22:00:00,24976.855,24987.366,24910.755,24942.455,56,7395
2026-06-21 23:00:00,24942.455,24943.299,24845.698,24860.477,65,5859
2026-06-22 00:00:00,24861.299,25002.615,24857.377,24999.699,68,5444
2026-06-22 01:00:00,24999.699,25026.699,24973.299,24977.655,60,4670
2026-06-22 02:00:00,24976.048,24993.199,24955.004,24960.299,59,2546
2026-06-22 03:00:00,24959.688,24979.699,24941.155,24957.199,58,2588
2026-06-22 04:00:00,24958.188,24971.799,24938.166,24971.699,60,4174
2026-06-22 05:00:00,24971.688,25019.299,24969.526,25015.27,60,5709
2026-06-22 06:00:00,25015.666,25079.755,24999.475,25070.755,60,3541
2026-06-22 07:00:00,25073.788,25082.399,24984.799,25011.399,70,1580
2026-06-22 08:00:00,25011.288,25015.399,24941.128,24948.487,65,1505
2026-06-22 09:00:00,24947.825,24974.899,24898.766,24898.766,81,1639
2026-06-22 10:00:00,24899.799,24940.795,24894.277,24913.435,64,1407
2026-06-22 11:00:00,24912.299,25002.799,24897.777,25001.255,65,2492
2026-06-22 12:00:00,25001.899,25035.899,24975.788,25025.287,62,1544
2026-06-22 13:00:00,25027.255,25153.277,25026.495,25150.788,64,1707
2026-06-22 14:00:00,25150.355,25179.399,25085.899,25115.288,60,1816
2026-06-22 15:00:00,25115.799,25171.299,25092.788,25108.677,64,2308
2026-06-22 16:00:00,25111.188,25111.993,25074.348,25093.699,60,2605
2026-06-22 17:00:00,25094.188,25097.799,25063.993,25091.166,60,6074
2026-06-22 18:00:00,25090.655,25111.677,25072.585,25076.166,60,2720
2026-06-22 19:00:00,25075.677,25100.188,25067.015,25090.788,60,1449
2026-06-22 20:00:00,25092.266,25107.315,25089.755,25103.577,15,7430
2026-06-22 22:00:00,25089.055,25100.766,25052.955,25055.788,60,7403
2026-06-22 23:00:00,25055.799,25058.255,25035.265,25052.687,60,7410
2026-06-23 00:00:00,25052.698,25099.05,25026.504,25085.655,61,6178
2026-06-23 01:00:00,25085.799,25095.688,25032.655,25052.155,60,4630
2026-06-23 02:00:00,25052.155,25061.799,24996.655,25000.799,60,4722
2026-06-23 03:00:00,25000.666,25006.563,24920.177,24982.677,60,4659
2026-06-23 04:00:00,24982.655,24989.799,24913.166,24919.799,60,4736
2026-06-23 05:00:00,24920.155,24940.677,24867.648,24885.166,60,4659
2026-06-23 06:00:00,24885.155,24913.199,24827.526,24836.899,60,1972
2026-06-23 07:00:00,24835.777,24881.255,24769.234,24790.399,68,2208
2026-06-23 08:00:00,24790.399,24799.899,24725.788,24774.799,64,1393
2026-06-23 09:00:00,24774.788,24861.777,24757.265,24856.766,61,1539
2026-06-23 10:00:00,24855.755,24912.015,24834.556,24855.655,62,2088
2026-06-23 11:00:00,24854.766,24926.636,24836.799,24903.799,75,2385
2026-06-23 12:00:00,24902.899,24924.899,24858.766,24906.766,61,1358
2026-06-23 13:00:00,24906.445,24944.32,24852.766,24943.17,67,1320
2026-06-23 14:00:00,24944.34,24991.608,24922.995,24955.777,77,1299
2026-06-23 15:00:00,24954.245,24979.202,24874.475,24934.177,66,1312
2026-06-23 16:00:00,24934.188,24972.799,24930.177,24963.199,60,2241
2026-06-23 17:00:00,24962.699,24969.299,24928.688,24931.108,60,2544
2026-06-23 18:00:00,24930.677,24946.964,24882.464,24901.608,65,2404
2026-06-23 19:00:00,24901.155,24936.188,24887.964,24895.598,65,2433
2026-06-23 20:00:00,24896.054,24918.558,24890.036,24907.755,15,7395
2026-06-23 22:00:00,24936.588,24951.677,24875.298,24895.799,60,7405
2026-06-23 23:00:00,24896.355,24937.598,24859.099,24932.998,62,7307
2026-06-24 00:00:00,24932.976,24972.399,24900.166,24930.688,74,5772
2026-06-24 01:00:00,24930.688,24948.688,24899.699,24940.199,60,4531
2026-06-24 02:00:00,24938.188,24942.655,24862.666,24863.188,60,4640
2026-06-24 03:00:00,24863.648,24931.299,24855.666,24886.799,60,4546
2026-06-24 04:00:00,24887.177,24892.299,24829.655,24882.199,60,4601
2026-06-24 05:00:00,24881.199,24938.299,24879.677,24912.688,60,4676
2026-06-24 06:00:00,24912.699,24930.155,24870.766,24870.777,60,2666
2026-06-24 07:00:00,24871.766,24871.766,24666.26,24697.266,116,1652
2026-06-24 08:00:00,24697.266,24740.017,24686.255,24701.115,94,1532
2026-06-24 09:00:00,24700.288,24711.984,24642.277,24655.899,63,1427
2026-06-24 10:00:00,24655.266,24673.899,24617.766,24635.766,60,1406
2026-06-24 11:00:00,24637.399,24669.288,24603.266,24664.799,60,1416
2026-06-24 12:00:00,24665.788,24695.299,24616.288,24629.399,60,1416
2026-06-24 13:00:00,24629.755,24690.899,24589.266,24659.899,60,1405
2026-06-24 14:00:00,24659.299,24711.788,24614.299,24705.755,60,1408
2026-06-24 15:00:00,24707.266,24756.699,24653.766,24731.666,60,1407
2026-06-24 16:00:00,24731.299,24753.188,24697.155,24705.155,60,2613
2026-06-24 17:00:00,24704.799,24725.688,24632.155,24653.699,60,2611
2026-06-24 18:00:00,24654.188,24715.677,24643.155,24658.166,60,2610
2026-06-24 19:00:00,24658.688,24704.666,24630.177,24679.788,60,2611
2026-06-24 20:00:00,24675.777,24760.199,24659.177,24753.666,15,7408
2026-06-24 22:00:00,24778.955,24801.899,24741.877,24743.055,60,7411
2026-06-24 23:00:00,24742.788,24773.577,24733.455,24753.577,60,7408
2026-06-25 00:00:00,24755.155,24763.799,24716.677,24736.188,60,7412
2026-06-25 01:00:00,24735.166,24763.699,24702.188,24705.799,60,4714
2026-06-25 02:00:00,24706.655,24719.166,24684.199,24708.199,60,4703
2026-06-25 03:00:00,24709.177,24725.799,24688.177,24719.177,60,4720
2026-06-25 04:00:00,24720.688,24737.155,24696.188,24731.688,60,4722
2026-06-25 05:00:00,24731.177,24779.666,24717.677,24752.677,60,4712
2026-06-25 06:00:00,24753.188,24796.288,24736.155,24795.788,60,2757
2026-06-25 07:00:00,24796.777,24859.788,24762.277,24859.326,60,1410
2026-06-25 08:00:00,24859.682,24900.399,24821.938,24875.899,60,1232
2026-06-25 09:00:00,24875.504,24919.399,24873.167,24911.637,60,1740
2026-06-25 10:00:00,24911.225,24933.277,24890.288,24923.299,60,1261
2026-06-25 11:00:00,24921.437,24928.243,24862.918,24909.724,60,1309
2026-06-25 12:00:00,24910.864,24995.899,24908.799,24978.755,60,2525
2026-06-25 13:00:00,24980.078,25012.399,24845.965,24854.305,60,1288
2026-06-25 14:00:00,24854.414,25092.399,24854.414,25059.755,63,1574
2026-06-25 15:00:00,25060.799,25076.755,24963.755,25027.655,65,1542
2026-06-25 16:00:00,25025.699,25057.166,24970.655,24996.166,60,2612
2026-06-25 17:00:00,24997.199,25023.799,24978.655,25002.199,60,2609
2026-06-25 18:00:00,25003.155,25005.795,24949.655,24972.155,65,4000
2026-06-25 19:00:00,24973.299,24980.799,24941.177,24963.766,60,2607
2026-06-25 20:00:00,24968.816,25013.466,24953.866,24988.188,18,7299
2026-06-25 22:00:00,24975.799,24981.499,24923.266,24942.054,60,7415
2026-06-25 23:00:00,24942.087,25033.376,24925.455,24941.288,63,5006
2026-06-26 00:00:00,24941.699,24986.288,24915.426,24930.485,62,7183
2026-06-26 01:00:00,24930.666,24953.5,24852.926,24873.985,60,7644
2026-06-26 02:00:00,24874.0,24878.177,24737.352,24753.5,60,4458
2026-06-26 03:00:00,24753.166,24800.463,24701.937,24800.0,60,4335
2026-06-26 04:00:00,24800.5,24808.5,24752.448,24763.0,60,2068
2026-06-26 05:00:00,24764.155,24824.0,24749.448,24782.5,60,12498
2026-06-26 06:00:00,24781.0,24897.666,24773.155,24869.399,61,2832
2026-06-26 07:00:00,24868.255,24884.399,24790.8,24820.126,69,1528
2026-06-26 08:00:00,24820.266,24829.899,24725.877,24751.904,61,1281
2026-06-26 09:00:00,24750.594,24753.277,24679.799,24706.937,62,1905
2026-06-26 10:00:00,24707.608,24711.899,24666.166,24680.018,61,2305
2026-06-26 11:00:00,24680.938,24719.755,24663.358,24670.786,60,1994
2026-06-26 12:00:00,24670.813,24712.899,24621.726,24632.214,60,1421
2026-06-26 13:00:00,24633.899,24663.848,24547.584,24658.454,61,1703
2026-06-26 14:00:00,24658.976,24701.299,24594.864,24608.648,89,1657
2026-06-26 15:00:00,24610.299,24707.688,24590.714,24676.301,108,1514
2026-06-26 16:00:00,24676.566,24678.577,24600.677,24644.428,97,2142
2026-06-26 17:00:00,24642.655,24675.147,24632.485,24652.299,75,1963
2026-06-26 18:00:00,24653.544,24667.299,24614.188,24625.045,76,2382
2026-06-26 19:00:00,24625.545,24657.038,24609.699,24633.555,83,1935
2026-06-28 22:00:00,24717.099,24758.399,24706.099,24724.055,58,7401
2026-06-28 23:00:00,24723.788,24773.854,24720.255,24744.877,65,6590
2026-06-29 00:00:00,24743.966,24744.888,24679.655,24735.177,65,5396
2026-06-29 01:00:00,24735.299,24751.188,24695.199,24721.666,60,4624
2026-06-29 02:00:00,24721.677,24758.666,24683.677,24753.177,60,4419
2026-06-29 03:00:00,24753.748,24775.688,24731.155,24766.655,60,4528
2026-06-29 04:00:00,24767.188,24767.299,24725.204,24731.177,60,4312
2026-06-29 05:00:00,24731.348,24795.799,24718.655,24789.299,60,4605
2026-06-29 06:00:00,24789.177,24797.799,24737.204,24752.777,60,2500
2026-06-29 07:00:00,24752.204,24766.225,24681.288,24742.255,67,1769
2026-06-29 08:00:00,24743.68,24757.788,24645.135,24645.745,77,2180
2026-06-29 09:00:00,24645.266,24716.288,24642.766,24681.255,77,1429
2026-06-29 10:00:00,24682.235,24695.128,24651.255,24681.186,66,1457
2026-06-29 11:00:00,24683.18,24696.399,24632.755,24689.899,65,1294
2026-06-29 12:00:00,24690.262,24713.106,24661.266,24703.899,62,1483
2026-06-29 13:00:00,24704.899,24721.755,24648.777,24672.266,62,2733
2026-06-29 14:00:00,24672.277,24672.799,24567.755,24594.788,100,1608
2026-06-29 15:00:00,24596.085,24649.688,24559.266,24640.799,74,1474
2026-06-29 16:00:00,24641.299,24686.626,24637.166,24674.666,60,2606
2026-06-29 17:00:00,24674.677,24703.7,24674.666,24694.666,60,2577
2026-06-29 18:00:00,24695.677,24749.299,24691.177,24741.166,60,2560
2026-06-29 19:00:00,24740.799,24748.688,24721.666,24743.399,60,2567
2026-06-29 20:00:00,24744.266,24744.266,24720.355,24733.766,17,5967
2026-06-29 22:00:00,24731.099,24737.388,24720.888,24730.788,60,7402
2026-06-29 23:00:00,24730.477,24743.388,24717.998,24727.688,60,7399
2026-06-30 00:00:00,24727.377,24748.299,24674.166,24709.655,63,7126
2026-06-30 01:00:00,24709.699,24771.248,24692.177,24752.666,60,4625
2026-06-30 02:00:00,24751.155,24752.166,24720.199,24740.655,60,4704
2026-06-30 03:00:00,24740.299,24771.799,24734.177,24759.177,59,4757
2026-06-30 04:00:00,24758.688,24794.799,24754.199,24783.655,60,4526
2026-06-30 05:00:00,24785.666,24824.177,24782.655,24803.188,60,4694
2026-06-30 06:00:00,24801.848,24819.635,24755.155,24819.635,60,2526
2026-06-30 07:00:00,24819.635,24871.899,24791.788,24803.266,90,1640
2026-06-30 08:00:00,24806.318,24870.777,24804.255,24820.915,68,2053
2026-06-30 09:00:00,24819.899,24933.299,24817.288,24906.288,66,1472
2026-06-30 10:00:00,24906.399,24989.518,24900.266,24977.732,61,1586
2026-06-30 11:00:00,24976.417,25024.255,24960.101,24993.899,60,1452
2026-06-30 12:00:00,24993.788,24996.899,24895.755,24947.777,82,1407
2026-06-30 13:00:00,24947.201,24951.788,24875.755,24937.788,100,1420
2026-06-30 14:00:00,24937.288,24955.712,24893.777,24912.277,79,1528
2026-06-30 15:00:00,24911.777,25015.299,24911.766,24986.558,73,1965
2026-06-30 16:00:00,24986.036,25010.799,24975.155,25004.299,60,2750
2026-06-30 17:00:00,25005.199,25018.445,24995.666,25014.688,60,3109
2026-06-30 18:00:00,25013.199,25034.558,25005.014,25029.155,60,2975
2026-06-30 19:00:00,25029.688,25041.728,25000.199,25007.399,62,2960
2026-06-30 20:00:00,25010.184,25026.875,24995.355,25003.466,16,8764
2026-06-30 22:00:00,24999.888,25022.687,24997.266,25000.977,60,7404
2026-06-30 23:00:00,25001.977,25011.399,24997.866,25005.166,60,7053
2026-07-01 00:00:00,25005.599,25019.299,25001.977,25005.699,70,9066
2026-07-01 01:00:00,25006.774,25022.299,24967.188,24969.688,60,5293
2026-07-01 02:00:00,24971.115,24989.166,24945.666,24974.655,60,5205
2026-07-01 03:00:00,24974.199,24993.248,24967.177,24989.104,60,5458
2026-07-01 04:00:00,24989.604,24996.126,24973.177,24975.104,60,4675
2026-07-01 05:00:00,24975.615,24995.248,24965.688,24994.177,60,4689
2026-07-01 06:00:00,24994.188,25025.615,24977.655,25023.575,60,2441
2026-07-01 07:00:00,25023.615,25053.899,24950.299,25052.399,96,2133
2026-07-01 08:00:00,25052.266,25094.968,25015.805,25067.255,83,1320
2026-07-01 09:00:00,25067.277,25091.899,25037.277,25078.894,72,1439
2026-07-01 10:00:00,25078.766,25083.338,25029.255,25066.605,61,1858
2026-07-01 11:00:00,25067.277,25083.899,24988.455,24995.845,65,1915
2026-07-01 12:00:00,24995.828,25026.255,24946.677,24946.788,60,1447
2026-07-01 13:00:00,24946.755,25005.755,24884.335,24987.518,65,1501
2026-07-01 14:00:00,24986.768,25020.524,24959.875,24983.632,68,1574
2026-07-01 15:00:00,24982.616,25086.058,24979.408,25059.057,65,1615
2026-07-01 16:00:00,25059.046,25090.677,25045.466,25048.478,60,3631
2026-07-01 17:00:00,25048.978,25083.297,25043.638,25046.288,60,3417
2026-07-01 18:00:00,25046.177,25060.678,25035.754,25043.578,60,3047
2026-07-01 19:00:00,25044.067,25065.666,25038.657,25052.578,61,2764
2026-07-01 20:00:00,25051.528,25051.528,25013.699,25029.006,16,8459
2026-07-01 22:00:00,25037.855,25052.998,25025.099,25049.287,60,7413
2026-07-01 23:00:00,25050.498,25050.976,25020.754,25037.387,60,9926
2026-07-02 00:00:00,25037.787,25050.737,24988.336,25040.226,60,7924
2026-07-02 01:00:00,25040.215,25151.215,25033.226,25132.348,61,5996
2026-07-02 02:00:00,25131.737,25150.294,25124.704,25132.704,58,5911
2026-07-02 03:00:00,25131.715,25141.699,25109.704,25137.204,58,6171
2026-07-02 04:00:00,25139.237,25150.166,25077.226,25102.737,60,6186
2026-07-02 05:00:00,25102.726,25128.15,25060.046,25067.215,60,4820
2026-07-02 06:00:00,25067.348,25079.737,24978.799,24981.125,63,2081
2026-07-02 07:00:00,24982.899,25143.777,24964.867,25110.101,96,1498
2026-07-02 08:00:00,25110.167,25167.805,25095.18,25151.034,71,1300
2026-07-02 09:00:00,25151.255,25200.765,25133.755,25180.799,60,1249
2026-07-02 10:00:00,25180.525,25290.899,25162.266,25281.665,60,1580
2026-07-02 11:00:00,25281.186,25311.299,25261.799,25302.788,60,1287
2026-07-02 12:00:00,25303.299,25468.399,25295.299,25440.777,78,1328
2026-07-02 13:00:00,25440.777,25662.657,25428.124,25635.377,60,1262
2026-07-02 14:00:00,25635.205,25648.788,25574.585,25632.288,62,2451
2026-07-02 15:00:00,25629.698,25642.399,25535.386,25547.742,60,1798
2026-07-02 16:00:00,25548.299,25597.655,25521.454,25532.666,60,2554
2026-07-02 17:00:00,25532.799,25535.199,25479.655,25482.666,60,2142
2026-07-02 18:00:00,25484.155,25543.299,25470.364,25534.666,60,2416
2026-07-02 19:00:00,25536.188,25619.766,25498.375,25611.766,60,1949
2026-07-02 20:00:00,25610.399,25611.558,25587.436,25604.199,15,6624
2026-07-02 22:00:00,25610.155,25644.998,25608.966,25642.498,60,7404
2026-07-02 23:00:00,25642.476,25648.076,25623.055,25642.599,60,5971
2026-07-03 00:00:00,25642.799,25655.676,25599.155,25614.688,62,6019
2026-07-03 01:00:00,25614.677,25705.299,25608.526,25684.666,60,2691
2026-07-03 02:00:00,25683.188,25694.799,25670.666,25682.666,60,2763
2026-07-03 03:00:00,25683.155,25709.188,25671.004,25707.299,59,4227
2026-07-03 04:00:00,25707.166,25718.688,25692.296,25696.799,60,2173
2026-07-03 05:00:00,25696.155,25698.699,25663.537,25684.199,60,3971
2026-07-03 06:00:00,25684.166,25746.255,25684.048,25742.414,60,2409
2026-07-03 07:00:00,25743.788,25816.899,25680.516,25681.299,67,1699
2026-07-03 08:00:00,25682.266,25737.888,25625.223,25627.601,67,1500
2026-07-03 09:00:00,25627.768,25666.384,25607.766,25650.277,60,1481
2026-07-03 10:00:00,25650.799,25704.899,25636.277,25700.766,60,1476
2026-07-03 11:00:00,25699.508,25706.675,25655.255,25702.875,60,1411
2026-07-03 12:00:00,25705.266,25749.277,25698.558,25748.266,60,1505
2026-07-03 13:00:00,25747.755,25782.799,25724.577,25767.755,60,1236
2026-07-03 14:00:00,25767.799,25817.3,25736.777,25805.713,60,1260
2026-07-03 15:00:00,25805.766,25831.645,25774.474,25792.885,61,1497
2026-07-03 16:00:00,25793.655,25816.177,25785.985,25799.799,60,2674
2026-07-03 17:00:00,25799.384,25804.688,25789.218,25801.188,56,3085
2026-07-03 18:00:00,25800.0,25802.216,25784.507,25787.618,52,3687
2026-07-03 19:00:00,25787.496,25818.199,25783.985,25807.199,57,3442
2026-07-05 22:00:00,25817.777,25843.398,25800.099,25829.755,58,7462
2026-07-05 23:00:00,25830.355,25850.598,25820.854,25847.854,65,8809
2026-07-06 00:00:00,25848.298,25889.748,25818.298,25864.166,74,8165
2026-07-06 01:00:00,25861.248,25879.799,25813.648,25829.126,60,3552
2026-07-06 02:00:00,25828.615,25837.199,25781.648,25799.148,60,6266
2026-07-06 03:00:00,25797.604,25812.655,25778.115,25794.126,60,6275
2026-07-06 04:00:00,25797.666,25827.166,25784.637,25821.177,60,6648
2026-07-06 05:00:00,25821.155,25821.155,25772.626,25782.626,59,6014
2026-07-06 06:00:00,25788.188,25804.615,25762.748,25791.277,60,2684
2026-07-06 07:00:00,25791.255,25903.899,25753.188,25887.288,81,1790
2026-07-06 08:00:00,25886.814,25896.583,25821.266,25827.288,83,1751
2026-07-06 09:00:00,25826.777,25860.201,25795.255,25841.028,61,1536
2026-07-06 10:00:00,25841.068,25845.899,25784.266,25789.299,60,1771
2026-07-06 11:00:00,25787.399,25795.299,25750.766,25763.355,60,1667
2026-07-06 12:00:00,25764.774,25784.725,25736.788,25740.755,60,2325
2026-07-06 13:00:00,25741.644,25769.608,25693.766,25767.755,83,1605
2026-07-06 14:00:00,25766.777,25813.399,25755.899,25806.865,68,1523
2026-07-06 15:00:00,25807.002,25843.677,25782.266,25801.666,65,1435
2026-07-06 16:00:00,25802.199,25811.138,25787.166,25795.699,60,2578
2026-07-06 17:00:00,25794.655,25824.188,25788.688,25800.655,60,2575
2026-07-06 18:00:00,25801.299,25816.699,25799.155,25808.516,60,2523
2026-07-06 19:00:00,25808.199,25826.494,25801.177,25814.766,60,2540
2026-07-06 20:00:00,25816.088,25828.166,25802.255,25824.777,15,7373
2026-07-06 22:00:00,25826.877,25837.599,25816.799,25819.177,60,7414
2026-07-06 23:00:00,25819.199,25830.199,25789.855,25793.499,60,6432
2026-07-07 00:00:00,25791.455,25819.299,25780.688,25788.299,60,6172
2026-07-07 01:00:00,25788.699,25815.688,25780.666,25796.299,60,4610
2026-07-07 02:00:00,25796.655,25806.799,25763.666,25769.655,58,4702
2026-07-07 03:00:00,25770.199,25785.688,25737.655,25749.188,60,4681
2026-07-07 04:00:00,25748.799,25764.104,25735.677,25739.166,60,4717
2026-07-07 05:00:00,25738.699,25778.799,25703.166,25764.166,60,4634
2026-07-07 06:00:00,25763.699,25795.299,25744.188,25791.777,60,2569
2026-07-07 07:00:00,25788.277,25811.799,25750.424,25783.952,83,1695
2026-07-07 08:00:00,25784.277,25805.288,25713.056,25714.262,60,1460
2026-07-07 09:00:00,25714.277,25733.755,25686.255,25693.899,60,1413
2026-07-07 10:00:00,25693.736,25711.266,25651.23,25667.288,60,1193
2026-07-07 11:00:00,25666.558,25676.777,25618.824,25641.274,60,1268
2026-07-07 12:00:00,25641.336,25705.255,25636.492,25656.899,61,1261
2026-07-07 13:00:00,25655.777,25673.788,25537.118,25556.387,70,1491
2026-07-07 14:00:00,25556.399,25561.799,25482.667,25511.606,80,1306
2026-07-07 15:00:00,25511.266,25514.266,25460.155,25505.276,63,1404
2026-07-07 16:00:00,25505.254,25546.034,25501.228,25537.188,60,2532
2026-07-07 17:00:00,25536.655,25548.299,25525.155,25546.714,60,2535
2026-07-07 18:00:00,25547.247,25551.177,25495.155,25498.38,64,2606
2026-07-07 19:00:00,25499.236,25502.45,25409.199,25465.255,68,1631
2026-07-07 20:00:00,25465.277,25469.408,25454.266,25461.288,15,7101
2026-07-07 22:00:00,25436.677,25442.998,25414.799,25438.666,60,7410
2026-07-07 23:00:00,25438.666,25455.576,25404.855,25407.355,60,7241
2026-07-08 00:00:00,25406.455,25507.299,25385.777,25504.155,60,4873
2026-07-08 01:00:00,25504.848,25529.166,25475.666,25494.199,60,4587
2026-07-08 02:00:00,25496.799,25497.199,25441.155,25463.898,59,4490
2026-07-08 03:00:00,25463.776,25488.948,25455.304,25472.299,60,3285
2026-07-08 04:00:00,25473.799,25476.199,25432.299,25458.837,58,4374
2026-07-08 05:00:00,25458.815,25472.808,25400.655,25411.799,60,3557
2026-07-08 06:00:00,25410.915,25418.925,25293.299,25312.515,61,1852
2026-07-08 07:00:00,25312.295,25334.164,25149.056,25197.399,65,1877
2026-07-08 08:00:00,25198.788,25204.277,24877.108,24901.288,65,1562
2026-07-08 09:00:00,24901.899,24921.277,24824.788,24855.899,63,1757
2026-07-08 10:00:00,24853.534,24958.277,24834.277,24934.288,60,2014
2026-07-08 11:00:00,24927.788,25080.777,24895.854,24993.788,62,2747
2026-07-08 12:00:00,24992.766,25059.266,24958.766,24995.266,60,1849
2026-07-08 13:00:00,24994.299,25083.007,24965.27,25036.924,73,1675
2026-07-08 14:00:00,25036.446,25054.277,24929.266,24941.799,63,1827
2026-07-08 15:00:00,24944.266,24946.766,24845.799,24892.316,74,2036
2026-07-08 16:00:00,24892.155,25010.974,24886.155,25002.199,92,2555
2026-07-08 17:00:00,25002.155,25013.454,24971.655,24983.655,63,2607
2026-07-08 18:00:00,24984.801,25017.878,24971.655,25009.688,66,3140
2026-07-08 19:00:00,25009.688,25020.967,24980.677,25012.394,62,3359
2026-07-08 20:00:00,25009.277,25013.577,24980.577,24991.855,16,6433
2026-07-08 22:00:00,24980.388,25006.288,24979.177,24994.155,60,7405
2026-07-08 23:00:00,24994.455,25020.998,24987.699,25016.787,60,5732
2026-07-09 00:00:00,25016.754,25050.716,25002.115,25031.148,68,4755
2026-07-09 01:00:00,25031.615,25063.1,25018.655,25038.666,60,4081
2026-07-09 02:00:00,25038.299,25081.748,24996.655,24999.655,60,4659
2026-07-09 03:00:00,24999.677,25053.148,24978.199,25042.655,60,2627
2026-07-09 04:00:00,25043.699,25059.199,25016.166,25054.699,60,4640
2026-07-09 05:00:00,25055.299,25107.604,25019.155,25103.166,61,4216
2026-07-09 06:00:00,25103.199,25113.287,25049.666,25074.799,60,3085
2026-07-09 07:00:00,25074.799,25124.799,24994.338,25028.926,70,2166
2026-07-09 08:00:00,25028.855,25037.899,24917.755,24934.965,97,1517
2026-07-09 09:00:00,24934.788,24967.399,24899.788,24948.799,69,1983
2026-07-09 10:00:00,24948.755,24970.858,24862.899,24911.299,67,1849
2026-07-09 11:00:00,24911.277,24972.79,24902.755,24947.399,64,1458
2026-07-09 12:00:00,24947.899,25015.766,24937.826,24999.799,66,1485
2026-07-09 13:00:00,24999.899,25069.777,24976.777,25047.799,69,1511
2026-07-09 14:00:00,25047.146,25096.399,25002.766,25096.299,78,1454
2026-07-09 15:00:00,25096.294,25130.437,25078.435,25101.155,65,1301
2026-07-09 16:00:00,25100.994,25124.799,25097.188,25104.688,60,2464
2026-07-09 17:00:00,25104.166,25141.288,25103.677,25130.699,60,2335
2026-07-09 18:00:00,25130.345,25139.699,25099.666,25114.188,60,2467
2026-07-09 19:00:00,25114.677,25123.167,25095.045,25122.795,60,2024
2026-07-09 20:00:00,25123.716,25127.838,25109.194,25123.294,15,3823
2026-07-09 22:00:00,25109.999,25115.899,25103.099,25111.327,60,7408
2026-07-09 23:00:00,25111.316,25128.038,25106.099,25117.827,60,6434
2026-07-10 00:00:00,25119.166,25120.327,25078.237,25096.848,59,7015
2026-07-10 01:00:00,25097.848,25134.199,25089.666,25118.655,60,4054
2026-07-10 02:00:00,25118.716,25143.677,25102.799,25114.199,60,4683
2026-07-10 03:00:00,25113.155,25135.848,25097.799,25110.699,58,4232
2026-07-10 04:00:00,25110.799,25110.799,25076.704,25081.848,58,4416
2026-07-10 05:00:00,25082.737,25102.348,25065.188,25075.748,60,4059
2026-07-10 06:00:00,25075.826,25132.237,25075.826,25105.755,60,2049
2026-07-10 07:00:00,25107.899,25197.352,25074.537,25118.299,88,1899
2026-07-10 08:00:00,25119.328,25167.766,25065.788,25079.755,75,1539
2026-07-10 09:00:00,25079.766,25123.766,25051.766,25080.945,63,1625
2026-07-10 10:00:00,25079.434,25158.788,25078.277,25135.899,61,1383
2026-07-10 11:00:00,25135.899,25152.399,25091.755,25104.399,61,1528
2026-07-10 12:00:00,25104.299,25189.324,25069.288,25124.277,61,3211
2026-07-10 13:00:00,25124.266,25159.918,25087.916,25090.173,63,1462
2026-07-10 14:00:00,25091.155,25127.798,24933.638,25041.094,72,1764
2026-07-10 15:00:00,25040.277,25088.91,25009.266,25077.785,61,1813
2026-07-10 16:00:00,25078.199,25113.285,25073.155,25112.274,60,1819
2026-07-10 17:00:00,25111.91,25126.598,25098.177,25111.807,60,1804
2026-07-10 18:00:00,25112.274,25128.938,25105.155,25113.817,60,1633
2026-07-10 19:00:00,25113.806,25121.785,25095.166,25107.16,60,2536
2026-07-12 22:00:00,25033.566,25034.299,24971.466,25003.455,58,7404
2026-07-12 23:00:00,25002.899,25004.077,24979.799,24995.488,60,5576
2026-07-13 00:00:00,24995.455,25064.5,24934.177,24949.304,61,6723
2026-07-13 01:00:00,24949.848,24954.448,24893.655,24910.948,60,4669
2026-07-13 02:00:00,24910.837,24925.348,24885.177,24889.158,60,2177
2026-07-13 03:00:00,24889.147,24891.448,24840.177,24845.804,60,1709
2026-07-13 04:00:00,24845.448,24845.448,24789.799,24804.315,60,1984
2026-07-13 05:00:00,24800.666,24859.315,24770.655,24849.948,60,2939
2026-07-13 06:00:00,24846.177,24929.948,24846.166,24925.899,62,2164
2026-07-13 07:00:00,24930.11,25070.399,24926.277,25068.626,65,1806
2026-07-13 08:00:00,25067.245,25119.498,25048.774,25114.399,60,1610
2026-07-13 09:00:00,25114.135,25156.299,25087.048,25144.899,60,1585
2026-07-13 10:00:00,25144.827,25154.788,25063.266,25103.788,61,1355
2026-07-13 11:00:00,25103.899,25131.788,25085.755,25097.513,60,1387
2026-07-13 12:00:00,25097.766,25124.266,25048.777,25119.266,65,1384
2026-07-13 13:00:00,25119.255,25131.292,25063.299,25115.186,72,1398
2026-07-13 14:00:00,25117.545,25130.814,24970.799,25117.766,87,1504
2026-07-13 15:00:00,25115.799,25126.548,25065.255,25082.699,68,2526
2026-07-13 16:00:00,25082.155,25100.655,25021.155,25044.166,64,3367
2026-07-13 17:00:00,25046.395,25075.299,25008.688,25010.688,60,2307
2026-07-13 18:00:00,25011.699,25021.395,24978.166,25014.166,60,2659
2026-07-13 19:00:00,25014.799,25025.823,24963.155,25008.399,61,3009
2026-07-13 20:00:00,25009.799,25009.799,24995.055,24999.488,15,5780
2026-07-13 22:00:00,24983.055,25007.166,24978.777,24981.399,60,7408
2026-07-13 23:00:00,24980.977,24981.588,24931.277,24959.966,61,7418
2026-07-14 00:00:00,24961.288,24985.15,24826.155,24907.655,72,5669
2026-07-14 01:00:00,24908.799,24919.799,24848.199,24859.326,61,4692
2026-07-14 02:00:00,24859.166,24895.448,24830.155,24832.688,62,4163
2026-07-14 03:00:00,24836.304,24869.826,24784.155,24865.666,62,4193
2026-07-14 04:00:00,24866.299,24950.348,24844.166,24945.188,60,4535
2026-07-14 05:00:00,24945.166,25003.304,24928.666,24977.177,60,4644
2026-07-14 06:00:00,24977.199,25016.326,24860.755,24871.288,60,2786
2026-07-14 07:00:00,24872.766,25016.766,24851.277,24982.302,93,2048
2026-07-14 08:00:00,24982.788,25010.766,24928.799,24940.518,88,1405
2026-07-14 09:00:00,24940.758,25010.799,24929.255,24995.385,70,1381
2026-07-14 10:00:00,24995.899,25022.346,24920.628,24949.755,70,1272
2026-07-14 11:00:00,24949.566,24955.755,24889.266,24916.799,76,1371
2026-07-14 12:00:00,24917.277,25096.255,24869.606,24985.277,84,1366
2026-07-14 13:00:00,24985.846,25107.266,24978.777,25104.506,102,1256
2026-07-14 14:00:00,25101.777,25221.308,25040.255,25130.794,68,1512
2026-07-14 15:00:00,25132.288,25185.266,25077.666,25092.677,60,1227
2026-07-14 16:00:00,25093.199,25109.177,25072.677,25109.177,60,1545
2026-07-14 17:00:00,25108.666,25117.188,25077.666,25080.199,60,1553
2026-07-14 18:00:00,25081.155,25085.677,25046.699,25059.199,60,1541
2026-07-14 19:00:00,25059.677,25070.199,25035.166,25040.177,60,1528
2026-07-14 20:00:00,25040.666,25045.299,25033.855,25037.566,15,4551
2026-07-14 22:00:00,25041.255,25050.899,25027.877,25044.177,60,4551
2026-07-14 23:00:00,25043.899,25091.755,25040.655,25087.999,60,4567
2026-07-15 00:00:00,25091.088,25092.399,25042.699,25080.688,60,4552
2026-07-15 01:00:00,25081.677,25084.999,25035.188,25067.688,59,2555
2026-07-15 02:00:00,25065.699,25090.166,25065.155,25072.666,59,2582
2026-07-15 03:00:00,25073.655,25096.177,25068.699,25090.999,58,2652
2026-07-15 04:00:00,25090.499,25101.699,25082.677,25099.199,55,2549
2026-07-15 05:00:00,25106.699,25140.677,25034.999,25066.199,60,2557
2026-07-15 06:00:00,25063.666,25072.699,24994.655,25020.466,60,1589
2026-07-15 07:00:00,25020.999,25021.499,24831.966,24917.955,60,1047
2026-07-15 08:00:00,24918.977,25024.299,24901.799,25005.466,60,1041
2026-07-15 09:00:00,25005.999,25036.799,24937.455,24944.466,60,1058
2026-07-15 10:00:00,24942.988,24987.455,24934.955,24934.955,60,1060
2026-07-15 11:00:00,24935.955,25006.499,24911.955,25000.466,60,1035
2026-07-15 12:00:00,25002.466,25033.799,24976.455,25016.455,60,1058
2026-07-15 13:00:00,25017.477,25053.488,24956.455,25017.977,60,1048
2026-07-15 14:00:00,25019.466,25059.955,24994.955,25038.477,60,1049
2026-07-15 15:00:00,25038.999,25042.699,24992.966,24996.699,60,1051
2026-07-15 16:00:00,24997.499,25001.177,24922.999,24964.166,60,1552
2026-07-15 17:00:00,24965.699,25035.699,24964.155,25020.177,60,1544
2026-07-15 18:00:00,25021.188,25028.699,24996.655,24999.655,60,1533
2026-07-15 19:00:00,25000.499,25018.166,24977.166,24996.666,60,1645
2026-07-15 20:00:00,24998.188,25003.377,24978.066,24992.255,15,4540
2026-07-15 22:00:00,24999.888,25018.599,24990.655,24999.055,60,4542
2026-07-15 23:00:00,24998.688,25018.099,24996.555,24999.088,60,4579
2026-07-16 00:00:00,24998.477,25042.199,24960.677,24967.155,59,4525
2026-07-16 01:00:00,24967.999,24970.677,24911.155,24938.655,60,2531
2026-07-16 02:00:00,24939.199,24992.166,24917.999,24988.655,60,2534
2026-07-16 03:00:00,24989.177,25033.677,24984.999,25033.155,59,2530
2026-07-16 04:00:00,25031.677,25038.177,24991.699,24998.177,58,2538
2026-07-16 05:00:00,25000.999,25067.677,24998.155,25026.499,60,2556
2026-07-16 06:00:00,25023.155,25042.188,24970.499,25029.955,60,1558
2026-07-16 07:00:00,25029.799,25057.299,24843.999,24869.977,60,1082
2026-07-16 08:00:00,24870.477,24940.799,24820.799,24902.999,60,1054
2026-07-16 09:00:00,24903.966,24947.455,24834.455,24854.799,60,1049
2026-07-16 10:00:00,24855.299,24877.955,24813.955,24833.488,60,1047
2026-07-16 11:00:00,24834.299,24839.299,24690.799,24771.955,60,1033
2026-07-16 12:00:00,24772.955,24795.466,24698.455,24731.488,60,1052
2026-07-16 13:00:00,24733.977,24797.966,24722.955,24776.488,60,1052
2026-07-16 14:00:00,24776.999,24823.988,24772.488,24819.466,60,1040
2026-07-16 15:00:00,24818.977,24937.677,24811.488,24884.699,60,1039
2026-07-16 16:00:00,24885.655,24912.499,24833.666,24906.166,60,1568
2026-07-16 17:00:00,24906.699,24915.999,24874.177,24883.166,60,1580
2026-07-16 18:00:00,24884.999,24897.999,24860.655,24875.677,60,1552
2026-07-16 19:00:00,24875.499,24886.655,24824.699,24878.666,60,1563
2026-07-16 20:00:00,24878.188,24884.966,24852.399,24853.566,15,4547
2026-07-16 22:00:00,24865.699,24876.499,24848.199,24853.399,60,4537
2026-07-16 23:00:00,24853.699,24856.199,24818.377,24822.399,60,4561
2026-07-17 00:00:00,24823.066,24831.899,24776.666,24807.699,59,4531
2026-07-17 01:00:00,24810.999,24828.177,24727.666,24736.688,60,2582
2026-07-17 02:00:00,24737.499,24753.677,24716.188,24725.666,59,2565
2026-07-17 03:00:00,24728.166,24774.677,24707.199,24708.677,56,2602
2026-07-17 04:00:00,24710.199,24710.199,24608.655,24670.999,60,2568
2026-07-17 05:00:00,24669.688,24711.688,24645.699,24705.688,60,2583
2026-07-17 06:00:00,24694.188,24789.177,24684.655,24738.299,60,1575
2026-07-17 07:00:00,24738.466,24839.477,24709.966,24813.999,60,1039
2026-07-17 08:00:00,24815.455,24851.499,24689.488,24724.955,60,1040
2026-07-17 09:00:00,24726.299,24726.299,24650.955,24692.488,60,1037
2026-07-17 10:00:00,24693.488,24796.955,24680.455,24770.488,60,1051
2026-07-17 11:00:00,24769.455,24802.999,24732.477,24798.488,60,1046
2026-07-17 12:00:00,24797.955,24810.999,24754.455,24765.955,60,1062
2026-07-17 13:00:00,24766.988,24803.988,24694.499,24803.466,60,1038
2026-07-17 14:00:00,24805.488,24822.977,24761.988,24799.988,60,1040
2026-07-17 15:00:00,24799.499,24878.999,24761.955,24876.199,60,1058
2026-07-17 16:00:00,24876.655,24880.199,24816.155,24852.155,60,1551
2026-07-17 17:00:00,24852.999,24877.177,24815.666,24817.188,60,1583
2026-07-17 18:00:00,24818.177,24830.188,24788.666,24805.655,60,1566
2026-07-17 19:00:00,24806.155,24845.688,24762.699,24826.666,60,1539
2026-07-19 22:00:00,24799.377,24841.499,24781.566,24821.866,58,4562
2026-07-19 23:00:00,24821.566,24853.299,24812.555,24852.799,60,4558
2026-07-20 00:00:00,24854.355,24884.166,24807.666,24818.499,60,4527
2026-07-20 01:00:00,24818.677,24860.155,24772.677,24791.188,60,2547
2026-07-20 02:00:00,24792.688,24844.177,24774.688,24825.177,59,2567
2026-07-20 03:00:00,24826.155,24847.999,24809.677,24831.188,60,2591
2026-07-20 04:00:00,24831.999,24868.199,24811.655,24842.688,60,2571
2026-07-20 05:00:00,24842.166,24848.199,24757.666,24763.155,60,2546
2026-07-20 06:00:00,24767.199,24785.999,24726.655,24744.477,60,1539
2026-07-20 07:00:00,24745.477,24906.499,24732.955,24857.988,60,1044
2026-07-20 08:00:00,24858.488,24913.499,24836.499,24904.488,60,1064
2026-07-20 09:00:00,24905.455,24947.988,24875.477,24920.799,60,1061
2026-07-20 10:00:00,24921.499,24928.299,24817.988,24859.499,60,1037
2026-07-20 11:00:00,24860.499,24976.466,24859.455,24942.955,60,1062
2026-07-20 12:00:00,24942.499,24945.488,24827.955,24836.299,60,1052
2026-07-20 13:00:00,24835.477,24846.966,24755.499,24786.488,60,1047
2026-07-20 14:00:00,24787.455,24843.999,24761.999,24838.999,40,1065
2026-07-20 15:00:00,24849.466,24880.466,24820.955,24849.999,57,1041
2026-07-20 16:00:00,24848.677,24883.166,24806.499,24816.499,60,1562
2026-07-20 17:00:00,24817.155,24824.999,24788.155,24800.699,60,1583
2026-07-20 18:00:00,24801.666,24816.499,24728.699,24745.999,60,1548
2026-07-20 19:00:00,24746.699,24760.177,24693.999,24700.655,60,1563
2026-07-20 20:00:00,24700.177,24719.177,24688.999,24691.199,15,4548
2026-07-20 22:00:00,24697.388,24698.599,24662.199,24667.488,59,4544
2026-07-20 23:00:00,24668.799,24723.088,24665.966,24703.788,60,4531
2026-07-21 00:00:00,24702.788,24744.199,24667.655,24727.177,60,4546
2026-07-21 01:00:00,24720.677,24784.177,24715.177,24744.166,60,2537
2026-07-21 02:00:00,24747.666,24780.199,24733.655,24779.188,60,2566
2026-07-21 03:00:00,24783.155,24829.155,24782.677,24819.655,60,2548
2026-07-21 04:00:00,24819.499,24833.699,24813.166,24822.688,57,2557
2026-07-21 05:00:00,24821.166,24866.166,24791.999,24857.199,60,2562
2026-07-21 06:00:00,24857.999,24871.999,24826.655,24864.488,60,1561
2026-07-21 07:00:00,24865.477,24934.988,24820.466,24873.988,60,1056
2026-07-21 08:00:00,24873.477,24906.488,24834.999,24883.488,60,1054
2026-07-21 09:00:00,24882.977,24956.477,24880.799,24928.488,60,1052
2026-07-21 10:00:00,24929.488,24989.799,24928.488,24931.477,60,1082
2026-07-21 11:00:00,24931.988,24937.488,24862.955,24895.999,60,1036
2026-07-21 12:00:00,24898.799,24908.488,24827.477,24895.466,60,1045
2026-07-21 13:00:00,24894.955,24902.999,24810.977,24826.988,60,1051
2026-07-21 14:00:00,24827.499,24973.477,24825.955,24963.477,60,1049
2026-07-21 15:00:00,24962.955,25042.999,24944.299,25034.655,60,1040
2026-07-21 16:00:00,25035.699,25062.188,25033.666,25045.188,60,1545
2026-07-21 17:00:00,25044.677,25052.999,25033.177,25039.177,60,1556
2026-07-21 18:00:00,25038.666,25061.999,25038.655,25056.199,60,1552
2026-07-21 19:00:00,25056.655,25077.199,25045.166,25069.699,60,1547
2026-07-21 20:00:00,25069.499,25074.777,25061.055,25068.566,15,4557
2026-07-21 22:00:00,25066.588,25067.266,25047.066,25052.677,60,4582
2026-07-21 23:00:00,25052.055,25062.099,25050.177,25059.888,60,4595
2026-07-22 00:00:00,25061.166,25089.655,25055.055,25089.188,52,4547
2026-07-22 01:00:00,25088.999,25104.699,25067.677,25092.166,58,2533
2026-07-22 02:00:00,25090.655,25090.655,25067.166,25073.188,60,2559
2026-07-22 03:00:00,25072.677,25088.999,25044.655,25056.688,60,2607
2026-07-22 04:00:00,25056.177,25080.177,25051.677,25067.999,59,2577
2026-07-22 05:00:00,25066.666,25066.666,25042.188,25051.188,60,2575
2026-07-22 06:00:00,25048.699,25072.199,24955.155,24968.966,60,1557
2026-07-22 07:00:00,24971.299,25087.299,24971.299,25068.999,60,1037
2026-07-22 08:00:00,25068.499,25192.999,25061.466,25171.455,60,1065
2026-07-22 09:00:00,25171.955,25240.977,25113.455,25166.477,60,1048
2026-07-22 10:00:00,25165.988,25269.955,25125.955,25128.466,60,1045
2026-07-22 11:00:00,25127.988,25133.955,25042.455,25053.966,60,1063
2026-07-22 12:00:00,25054.999,25175.999,25044.966,25137.799,60,1048
2026-07-22 13:00:00,25138.955,25210.477,25118.499,25192.477,60,1050
2026-07-22 14:00:00,25193.799,25197.299,25138.988,25167.977,60,1037
2026-07-22 15:00:00,25168.466,25205.655,25151.966,25197.666,60,1040
2026-07-22 16:00:00,25198.666,25201.177,25162.666,25197.699,60,1544
2026-07-22 17:00:00,25198.199,25203.688,25164.999,25167.499,60,1572
2026-07-22 18:00:00,25167.699,25169.699,25133.166,25147.999,60,1554
2026-07-22 19:00:00,25148.155,25151.999,25130.655,25144.677,60,1542
2026-07-22 20:00:00,25145.166,25180.666,25129.166,25180.399,15,4547
2026-07-22 22:00:00,25138.066,25143.399,25101.777,25117.455,60,4553
2026-07-22 23:00:00,25117.777,25137.599,25103.955,25137.566,60,4564
2026-07-23 00:00:00,25138.855,25215.655,25126.555,25207.199,59,4557
2026-07-23 01:00:00,25207.688,25217.699,25168.666,25175.177,60,2549
2026-07-23 02:00:00,25172.666,25184.699,25140.199,25154.155,60,2546
2026-07-23 03:00:00,25155.166,25163.199,25119.166,25155.177,60,2556
2026-07-23 04:00:00,25155.655,25162.699,25103.999,25112.177,60,2561
2026-07-23 05:00:00,25112.999,25131.677,25036.699,25038.188,60,2543
2026-07-23 06:00:00,25040.699,25078.999,25007.955,25018.466,60,1567
2026-07-23 07:00:00,25017.299,25023.488,24895.999,24984.799,60,1037
2026-07-23 08:00:00,24987.499,25070.799,24965.977,25031.466,60,1046
2026-07-23 09:00:00,25030.799,25074.477,24981.299,24992.499,60,1039
2026-07-23 10:00:00,24992.988,25049.499,24961.999,25027.299,60,1049
2026-07-23 11:00:00,25025.299,25029.955,24931.466,24997.466,60,1035
2026-07-23 12:00:00,24997.988,25002.466,24833.966,24845.488,60,1058
2026-07-23 13:00:00,24844.466,24877.988,24746.955,24820.488,60,1062
2026-07-23 14:00:00,24822.477,24863.488,24745.955,24788.499,60,1063
2026-07-23 15:00:00,24789.299,24796.799,24691.177,24781.688,60,1045
2026-07-23 16:00:00,24783.166,24836.688,24775.688,24790.499,60,1533
2026-07-23 17:00:00,24791.499,24801.188,24755.155,24755.688,60,1535
2026-07-23 18:00:00,24755.188,24765.999,24735.177,24751.688,60,1559
2026-07-23 19:00:00,24752.699,24765.999,24715.177,24741.699,60,1545
2026-07-23 20:00:00,24745.688,24771.999,24742.566,24765.055,15,4538
2026-07-23 22:00:00,24785.999,24788.499,24758.555,24787.188,60,4545
2026-07-23 23:00:00,24787.455,24788.799,24765.599,24776.277,60,4535
2026-07-24 00:00:00,24778.799,24791.899,24733.166,24766.499,59,4529
2026-07-24 01:00:00,24768.199,24784.666,24747.655,24752.999,60,2560
2026-07-24 02:00:00,24755.166,24766.199,24701.677,24704.666,60,2537
2026-07-24 03:00:00,24705.188,24732.999,24695.177,24712.677,60,2538
2026-07-24 04:00:00,24713.155,24741.677,24699.666,24739.699,60,2566
2026-07-24 05:00:00,24740.199,24789.499,24732.999,24758.155,60,2558
2026-07-24 06:00:00,24757.699,24785.699,24708.666,24741.999,60,1648
2026-07-24 07:00:00,24740.955,24948.299,24735.999,24888.799,60,1055
2026-07-24 08:00:00,24883.455,24971.955,24858.466,24942.988,60,1058
2026-07-24 09:00:00,24944.299,25006.455,24931.955,24993.488,60,1042
2026-07-24 10:00:00,24993.299,24998.799,24942.977,24961.477,60,1050
2026-07-24 11:00:00,24960.955,24985.477,24915.988,24967.799,60,1052
2026-07-24 12:00:00,24969.466,24988.999,24904.955,24912.977,60,1062
2026-07-24 13:00:00,24912.466,24998.299,24911.966,24952.455,60,1040
2026-07-24 14:00:00,24951.999,25000.799,24935.488,24994.988,60,1061
2026-07-24 15:00:00,24996.799,25134.688,24977.999,25110.166,60,1043
2026-07-24 16:00:00,25110.688,25127.199,25080.499,25106.499,60,1559
2026-07-24 17:00:00,25106.655,25122.155,25058.655,25088.499,60,1565
2026-07-24 18:00:00,25087.166,25096.499,25037.199,25058.155,60,1554
2026-07-24 19:00:00,25059.666,25075.999,25023.666,25074.999,60,1543
2026-07-26 22:00:00,25289.977,25304.199,25263.366,25272.466,58,4545
2026-07-26 23:00:00,25272.777,25340.799,25270.888,25338.288,60,4562
2026-07-27 00:00:00,25337.288,25340.766,25193.166,25205.499,59,4530
2026-07-27 01:00:00,25203.655,25246.199,25177.166,25243.655,60,2565
2026-07-27 02:00:00,25244.666,25265.699,25237.155,25255.666,60,2650
2026-07-27 03:00:00,25255.177,25297.199,25250.499,25261.999,59,2547
2026-07-27 04:00:00,25262.155,25334.688,25261.177,25319.177,58,2550
2026-07-27 05:00:00,25319.677,25372.499,25313.666,25354.199,60,2521
2026-07-27 06:00:00,25355.666,25446.999,25355.666,25434.488,60,1558
2026-07-27 07:00:00,25433.799,25478.488,25380.477,25383.799,60,1046
2026-07-27 08:00:00,25383.977,25504.488,25361.499,25503.477,60,1038
2026-07-27 09:00:00,25504.499,25508.299,25460.955,25474.455,60,1040
2026-07-27 10:00:00,25473.955,25526.299,25455.477,25503.955,60,1067
2026-07-27 11:00:00,25503.477,25539.299,25496.977,25521.488,60,1037
2026-07-27 12:00:00,25521.299,25537.955,25478.455,25507.499,60,1046
2026-07-27 13:00:00,25506.488,25559.977,25467.977,25471.999,60,1067
2026-07-27 14:00:00,25473.455,25503.977,25391.488,25469.988,60,1058
2026-07-27 15:00:00,25471.299,25471.299,25354.655,25390.699,60,1038
2026-07-27 16:00:00,25391.499,25462.677,25383.655,25392.155,60,1554
2026-07-27 17:00:00,25394.188,25433.688,25371.655,25432.999,60,1560
2026-07-27 18:00:00,25433.155,25462.199,25406.699,25462.177,60,1536
2026-07-27 19:00:00,25461.999,25478.688,25446.677,25470.499,60,1563
2026-07-27 20:00:00,25467.199,25474.399,25450.877,25458.599,15,4594
2026-07-27 22:00:00,25489.077,25489.077,25451.766,25452.799,60,4576
2026-07-27 23:00:00,25453.066,25464.855,25441.455,25459.499,60,4595
2026-07-28 00:00:00,25460.699,25469.799,25399.499,25401.188,60,4530
2026-07-28 01:00:00,25400.677,25424.699,25372.677,25387.188,60,2570
2026-07-28 02:00:00,25389.199,25412.499,25374.499,25395.699,60,2634
2026-07-28 03:00:00,25398.499,25497.999,25377.166,25484.177,60,2545
2026-07-28 04:00:00,25481.666,25485.699,25422.999,25433.666,60,2610
2026-07-28 05:00:00,25437.688,25448.188,25390.499,25406.688,60,2548
2026-07-28 06:00:00,25410.188,25478.188,25396.177,25455.466,60,1633
2026-07-28 07:00:00,25454.977,25552.999,25433.488,25472.499,60,1048
2026-07-28 08:00:00,25472.299,25514.988,25428.477,25492.999,60,1054
2026-07-28 09:00:00,25492.477,25535.988,25479.466,25507.999,60,1035
2026-07-28 10:00:00,25507.466,25519.977,25425.477,25445.455,60,1061
2026-07-28 11:00:00,25446.466,25448.799,25347.455,25397.966,60,1043
2026-07-28 12:00:00,25398.455,25423.477,25331.455,25339.477,60,1046
2026-07-28 13:00:00,25337.977,25374.299,25300.977,25347.999,60,1065
2026-07-28 14:00:00,25345.799,25418.299,25343.999,25389.799,60,1050
2026-07-28 15:00:00,25388.988,25507.699,25362.455,25498.999,60,1038
2026-07-28 16:00:00,25499.166,25544.677,25479.655,25534.177,60,1570
2026-07-28 17:00:00,25533.655,25545.166,25498.166,25509.188,60,1560
2026-07-28 18:00:00,25509.677,25518.499,25491.166,25512.166,60,1567
2026-07-28 19:00:00,25512.999,25526.166,25496.688,25501.499,60,1581
2026-07-28 20:00:00,25499.166,25504.999,25477.666,25498.588,15,4539
2026-07-28 22:00:00,25512.399,25530.099,25471.0,25473.499,60,4549
2026-07-28 23:00:00,25474.066,25592.677,25455.977,25591.699,60,4511
2026-07-29 00:00:00,25590.777,25606.977,25468.188,25471.655,60,4541
2026-07-29 01:00:00,25470.655,25472.699,25360.677,25361.177,60,2538
2026-07-29 02:00:00,25363.155,25382.666,25349.999,25362.655,59,2549
2026-07-29 03:00:00,25361.655,25386.699,25290.499,25303.155,60,2569
2026-07-29 04:00:00,25300.655,25327.999,25269.188,25326.999,60,2536
2026-07-29 05:00:00,25332.166,25411.677,25327.666,25385.199,60,2564
2026-07-29 06:00:00,25385.688,25487.988,25380.655,25487.988,60,1574
2026-07-29 07:00:00,25488.999,25558.999,25479.988,25480.999,60,1043
2026-07-29 08:00:00,25482.299,25483.488,25355.988,25429.999,60,1043
2026-07-29 09:00:00,25429.299,25430.988,25335.955,25368.977,60,1042
2026-07-29 10:00:00,25368.299,25480.477,25350.988,25448.499,60,1057
2026-07-29 11:00:00,25448.977,25556.499,25433.477,25553.499,60,1036
2026-07-29 12:00:00,25553.299,25574.299,25439.988,25494.477,60,1045
2026-07-29 13:00:00,25494.988,25536.488,25451.455,25498.477,60,1039
2026-07-29 14:00:00,25498.966,25537.455,25431.455,25460.499,60,1047
2026-07-29 15:00:00,25460.999,25497.966,25418.655,25434.177,60,1036
2026-07-29 16:00:00,25441.688,25473.699,25401.199,25473.199,60,1551
2026-07-29 17:00:00,25473.677,25509.688,25466.166,25500.677,60,1544
2026-07-29 18:00:00,25501.499,25587.199,25472.199,25558.688,60,1540
2026-07-29 19:00:00,25559.699,25571.999,25356.499,25376.166,60,1534
2026-07-29 20:00:00,25376.199,25391.466,25318.366,25345.366,15,4541
2026-07-29 22:00:00,25360.177,25447.555,25357.255,25425.688,60,4552
2026-07-29 23:00:00,25425.988,25459.099,25425.688,25448.055,60,4565
2026-07-30 00:00:00,25447.688,25477.499,25412.188,25443.688,60,4538
2026-07-30 01:00:00,25445.188,25548.655,25445.188,25523.166,58,2661
2026-07-30 02:00:00,25523.655,25530.699,25439.155,25441.188,59,2609
2026-07-30 03:00:00,25441.688,25464.177,25412.177,25430.688,60,2541
2026-07-30 04:00:00,25431.699,25431.699,25371.166,25372.999,60,2572
2026-07-30 05:00:00,25373.699,25426.999,25351.188,25400.688,60,2562
2026-07-30 06:00:00,25394.688,25405.188,25321.155,25359.999,60,1598
2026-07-30 07:00:00,25359.299,25421.988,25296.499,25380.966,60,1035
2026-07-30 08:00:00,25383.488,25463.488,25356.977,25432.977,60,1042
2026-07-30 09:00:00,25434.955,25511.488,25415.466,25418.455,60,1054
2026-07-30 10:00:00,25418.988,25496.299,25401.455,25446.955,60,1055
2026-07-30 11:00:00,25446.455,25555.299,25436.988,25531.477,60,1052
2026-07-30 12:00:00,25530.988,25550.799,25484.488,25506.988,60,1054
2026-07-30 13:00:00,25508.299,25634.955,25506.988,25624.977,60,1066
2026-07-30 14:00:00,25625.999,25654.477,25585.988,25611.488,60,1053
2026-07-30 15:00:00,25610.966,25638.677,25563.455,25623.177,60,1048
2026-07-30 16:00:00,25623.999,25655.999,25614.166,25642.655,60,1570
2026-07-30 17:00:00,25646.666,25685.177,25646.177,25669.199,60,1544
2026-07-30 18:00:00,25670.677,25691.199,25662.155,25690.177,60,1549
2026-07-30 19:00:00,25691.499,25713.655,25676.155,25689.655,60,1541
2026-07-30 20:00:00,25690.999,25746.499,25687.655,25722.577,15,4550
2026-07-30 22:00:00,25673.099,25716.599,25665.855,25714.266,60,4589
2026-07-30 23:00:00,25714.899,25732.399,25703.599,25722.666,60,4554
2026-07-31 00:00:00,25722.099,25735.588,25671.155,25698.655,59,4536
2026-07-31 01:00:00,25699.655,25730.177,25664.999,25670.999,60,2566
2026-07-31 02:00:00,25668.999,25689.155,25654.677,25688.699,60,2527
2026-07-31 03:00:00,25685.999,25709.655,25666.677,25687.677,60,2579
2026-07-31 04:00:00,25688.677,25736.655,25672.677,25732.999,60,2598
2026-07-31 05:00:00,25732.177,25740.999,25718.699,25736.499,60,2638
2026-07-31 06:00:00,25739.666,25763.188,25697.688,25727.466,60,1545
2026-07-31 07:00:00,25727.299,25893.988,25698.477,25873.466,60,1055
2026-07-31 08:00:00,25872.988,25887.488,25817.955,25844.799,60,1040
2026-07-31 09:00:00,25847.988,25857.299,25785.988,25794.988,60,1068
2026-07-31 10:00:00,25794.455,25825.988,25770.455,25780.488,60,1059
2026-07-31 11:00:00,25780.999,25803.488,25668.999,25713.455,60,1051
2026-07-31 12:00:00,25714.466,25717.799,25621.799,25637.488,60,1045
2026-07-31 13:00:00,25636.966,25665.499,25565.955,25586.999,60,1060
2026-07-31 14:00:00,25587.799,25693.799,25548.999,25691.488,60,1040
2026-07-31 15:00:00,25692.799,25712.999,25599.999,25671.199,60,1036
2026-07-31 16:00:00,25671.666,25694.188,25644.677,25681.166,60,1559
2026-07-31 17:00:00,25681.666,25715.166,25676.499,25683.199,60,1582
2026-07-31 18:00:00,25684.699,25709.699,25682.155,25695.655,60,1551
2026-07-31 19:00:00,25696.666,25733.499,25685.655,25697.666,60,1564
2026-08-02 22:00:00,25854.555,25864.055,25823.955,25827.188,57,4543
2026-08-02 23:00:00,25826.877,25846.999,25821.788,25838.266,60,4622
2026-08-03 00:00:00,25837.655,25858.166,25798.366,25848.677,60,4531
2026-08-03 01:00:00,25849.699,25855.677,25816.666,25850.655,59,2575
2026-08-03 02:00:00,25849.655,25866.699,25837.188,25858.188,54,2547
2026-08-03 03:00:00,25859.499,25918.166,25852.666,25893.155,56,2552
2026-08-03 04:00:00,25893.999,25924.188,25885.688,25902.199,57,2575
2026-08-03 05:00:00,25900.177,25911.677,25885.666,25898.166,60,2652
2026-08-03 06:00:00,25899.166,25907.166,25851.666,25877.799,60,1585
2026-08-03 07:00:00,25875.477,25986.977,25843.488,25967.488,60,1055
2026-08-03 08:00:00,25968.955,26006.477,25941.455,26002.455,60,1071
2026-08-03 09:00:00,26003.477,26029.977,25980.977,25997.999,60,1038
2026-08-03 10:00:00,25996.955,26024.466,25976.455,25992.977,60,1038
2026-08-03 11:00:00,25995.477,26030.988,25984.466,26009.955,60,1054
2026-08-03 12:00:00,26007.988,26008.466,25930.955,25997.966,60,1047
2026-08-03 13:00:00,25998.499,26050.299,25944.799,26045.955,60,1054
2026-08-03 14:00:00,26045.477,26097.299,26029.799,26065.466,60,1038
2026-08-03 15:00:00,26066.977,26071.477,25989.199,26019.999,60,1072
2026-08-03 16:00:00,26020.499,26037.188,26007.655,26008.999,60,1538
2026-08-03 17:00:00,26009.155,26045.166,26002.655,26042.499,60,1524
2026-08-03 18:00:00,26043.655,26079.655,26043.155,26061.688,60,1564
2026-08-03 19:00:00,26062.666,26076.199,26062.666,26070.166,60,1544
2026-08-03 20:00:00,26070.666,26088.799,26066.166,26086.599,15,4567
2026-08-03 22:00:00,26089.255,26108.999,26088.555,26107.066,60,4560
2026-08-03 23:00:00,26107.388,26108.399,26098.266,26106.099,60,4573
2026-08-04 00:00:00,26105.077,26108.577,26067.155,26072.699,59,4518
2026-08-04 01:00:00,26071.999,26145.999,26063.166,26135.499,60,2567
2026-08-04 02:00:00,26135.699,26135.699,26102.177,26116.177,55,2528
2026-08-04 03:00:00,26110.499,26119.999,26084.155,26107.177,59,2529
2026-08-04 04:00:00,26107.688,26118.188,26099.155,26109.177,58,2557
2026-08-04 05:00:00,26109.999,26132.688,26093.655,26129.688,57,2575
2026-08-04 06:00:00,26128.999,26155.655,26117.655,26136.499,60,1594
2026-08-04 07:00:00,26135.455,26268.955,26114.466,26263.955,60,1052
2026-08-04 08:00:00,26262.988,26263.477,26125.966,26143.977,60,1062
2026-08-04 09:00:00,26143.466,26163.988,26107.477,26129.966,60,1059
2026-08-04 10:00:00,26128.988,26176.477,26078.977,26142.966,60,1063
2026-08-04 11:00:00,26143.488,26226.299,26128.988,26222.477,60,1041
2026-08-04 12:00:00,26221.488,26235.977,26139.488,26140.988,60,1053
2026-08-04 13:00:00,26140.799,26243.299,26135.466,26196.999,60,1039
2026-08-04 14:00:00,26197.466,26255.988,26172.477,26205.488,60,1069
2026-08-04 15:00:00,26206.955,26257.699,26190.466,26230.699,60,1062
2026-08-04 16:00:00,26229.688,26256.499,26225.155,26254.155,60,1551
2026-08-04 17:00:00,26253.677,26302.999,26252.155,26289.177,60,1539
2026-08-04 18:00:00,26289.677,26310.999,26280.666,26295.688,60,1552
2026-08-04 19:00:00,26296.177,26350.199,26296.177,26341.166,60,1555
2026-08-04 20:00:00,26340.677,26382.177,26332.755,26363.066,15,4555
2026-08-04 22:00:00,26378.277,26414.199,26372.477,26408.077,60,4572
2026-08-04 23:00:00,26409.666,26414.488,26396.999,26400.488,60,4582
2026-08-05 00:00:00,26401.799,26408.199,26341.166,26367.999,59,4540
2026-08-05 01:00:00,26366.666,26389.655,26343.688,26386.699,56,2574
2026-08-05 02:00:00,26388.199,26420.499,26387.699,26406.655,60,2554
2026-08-05 03:00:00,26406.166,26431.688,26403.666,26422.499,55,2521
2026-08-05 04:00:00,26422.677,26425.188,26394.499,26398.688,57,2558
2026-08-05 05:00:00,26403.199,26413.999,26348.177,26409.177,57,2562
2026-08-05 06:00:00,26413.677,26431.799,26383.188,26428.988,60,1562
2026-08-05 07:00:00,26430.799,26439.488,26289.488,26294.299,60,1041
2026-08-05 08:00:00,26295.299,26295.299,26218.988,26238.477,60,1063
2026-08-05 09:00:00,26239.299,26247.299,26192.455,26212.977,60,1044
2026-08-05 10:00:00,26213.955,26215.999,26172.299,26181.988,60,1069
2026-08-05 11:00:00,26181.488,26261.499,26173.955,26255.466,60,1066
2026-08-05 12:00:00,26254.455,26271.488,26223.955,26240.988,60,1038
2026-08-05 13:00:00,26242.299,26278.999,26228.455,26265.799,60,1051
2026-08-05 14:00:00,26261.488,26262.977,26161.966,26182.988,60,1052
2026-08-05 15:00:00,26183.477,26206.799,26122.688,26130.155,60,1046
2026-08-05 16:00:00,26129.677,26180.499,26128.499,26174.199,60,1560
2026-08-05 17:00:00,26174.699,26196.666,26164.999,26191.166,60,1554
2026-08-05 18:00:00,26191.655,26197.155,26183.155,26184.199,60,1532
2026-08-05 19:00:00,26183.499,26199.999,26179.155,26185.199,60,1540
2026-08-05 20:00:00,26182.166,26217.999,26173.955,26215.766,15,4544
2026-08-05 22:00:00,26221.977,26265.299,26221.088,26246.099,60,4540
2026-08-05 23:00:00,26246.388,26253.899,26225.677,26226.977,60,4552
2026-08-06 00:00:00,26226.677,26228.766,26184.166,26200.999,55,4556
2026-08-06 01:00:00,26200.188,26212.199,26159.677,26178.699,60,2537
2026-08-06 02:00:00,26179.166,26226.499,26173.166,26223.166,58,2603
2026-08-06 03:00:00,26220.666,26244.666,26215.655,26244.499,60,2554
2026-08-06 04:00:00,26248.155,26248.155,26213.677,26225.677,59,2568
2026-08-06 05:00:00,26226.177,26248.677,26161.155,26177.655,58,2668
2026-08-06 06:00:00,26185.155,26214.977,26153.699,26199.799,60,1575
2026-08-06 07:00:00,26197.977,26210.999,26098.488,26116.977,60,1051
2026-08-06 08:00:00,26117.966,26188.466,26081.966,26183.455,60,1035
2026-08-06 09:00:00,26185.799,26204.799,26154.466,26201.466,60,1043
2026-08-06 10:00:00,26200.466,26211.299,26177.455,26200.799,60,1054
2026-08-06 11:00:00,26199.499,26214.955,26152.466,26178.488,60,1053
2026-08-06 12:00:00,26178.299,26209.499,26131.299,26148.999,60,1039
2026-08-06 13:00:00,26149.499,26186.477,26100.999,26175.999,60,1039
2026-08-06 14:00:00,26175.488,26226.966,26168.955,26192.988,60,1033
2026-08-06 15:00:00,26192.799,26217.999,26136.999,26165.688,60,1051
2026-08-06 16:00:00,26167.166,26183.199,26138.688,26182.177,60,1542
2026-08-06 17:00:00,26183.199,26188.999,26162.655,26176.666,60,1571
2026-08-06 18:00:00,26178.499,26189.166,26163.155,26172.666,60,1570
2026-08-06 19:00:00,26172.177,26181.199,26139.166,26166.666,60,1544
2026-08-06 20:00:00,26168.655,26181.277,26168.655,26172.677,15,4548
2026-08-06 22:00:00,26160.555,26174.899,26143.166,26170.155,60,4577
2026-08-06 23:00:00,26169.788,26180.055,26166.655,26177.166,60,4555
2026-08-07 00:00:00,26175.977,26183.899,26120.177,26149.677,59,4557
2026-08-07 01:00:00,26151.666,26173.155,26135.677,26151.655,60,2536
2026-08-07 02:00:00,26150.677,26168.699,26140.155,26156.677,57,2572
2026-08-07 03:00:00,26158.655,26164.999,26151.155,26160.499,59,2547
2026-08-07 04:00:00,26159.666,26172.166,26147.155,26163.999,59,2522
2026-08-07 05:00:00,26162.699,26192.655,26156.166,26160.199,60,2565
2026-08-07 06:00:00,26162.188,26202.299,26159.166,26186.799,60,1681
2026-08-07 07:00:00,26188.799,26292.477,26188.799,26260.955,60,1036
2026-08-07 08:00:00,26261.799,26320.799,26241.955,26316.799,60,1042
2026-08-07 09:00:00,26316.955,26334.299,26290.466,26328.799,60,1072
2026-08-07 10:00:00,26328.299,26368.488,26324.955,26365.499,60,1043
2026-08-07 11:00:00,26364.799,26383.988,26335.966,26349.299,60,1039
2026-08-07 12:00:00,26349.499,26442.488,26348.488,26419.977,60,1127
2026-08-07 13:00:00,26421.977,26425.977,26332.988,26339.299,60,1053
2026-08-07 14:00:00,26341.455,26408.999,26300.477,26378.455,60,1044
2026-08-07 15:00:00,26378.988,26381.977,26311.177,26316.188,60,1039
2026-08-07 16:00:00,26317.155,26324.999,26286.166,26301.199,60,1568
2026-08-07 17:00:00,26301.666,26314.199,26292.166,26309.166,60,1542
2026-08-07 18:00:00,26309.677,26310.688,26279.177,26298.199,60,1536
2026-08-07 19:00:00,26299.166,26370.166,26299.166,26363.166,60,1565
2026-08-09 22:00:00,26353.999,26353.999,26314.588,26332.788,58,4545
2026-08-09 23:00:00,26333.099,26348.588,26327.655,26327.655,60,4566
2026-08-10 00:00:00,26327.055,26358.177,26281.666,26286.677,59,4562
2026-08-10 01:00:00,26285.699,26337.999,26283.666,26333.499,59,2559
2026-08-10 02:00:00,26333.655,26335.166,26316.666,26317.677,53,2563
2026-08-10 03:00:00,26321.177,26339.499,26318.677,26338.655,55,2589
2026-08-10 04:00:00,26339.677,26353.699,26332.666,26345.677,60,2576
2026-08-10 05:00:00,26347.199,26365.155,26346.666,26352.199,54,2646
2026-08-10 06:00:00,26353.155,26360.177,26317.177,26341.966,60,1624
2026-08-10 07:00:00,26347.966,26375.977,26310.455,26370.466,60,1035
2026-08-10 08:00:00,26370.977,26392.799,26326.799,26391.799,60,1045
2026-08-10 09:00:00,26391.299,26414.988,26375.499,26398.488,60,1056
2026-08-10 10:00:00,26397.455,26440.799,26385.966,26412.299,60,1042
2026-08-10 11:00:00,26410.977,26416.477,26385.466,26400.955,60,1045
2026-08-10 12:00:00,26401.477,26404.299,26354.488,26375.499,60,1069
2026-08-10 13:00:00,26375.999,26384.499,26300.477,26309.455,60,1039
2026-08-10 14:00:00,26311.488,26372.799,26302.477,26349.499,60,1088
2026-08-10 15:00:00,26347.799,26368.955,26319.666,26334.666,60,1047
2026-08-10 16:00:00,26335.155,26344.188,26299.699,26325.199,60,1584
2026-08-10 17:00:00,26325.666,26331.688,26301.155,26315.188,60,1539
2026-08-10 18:00:00,26315.999,26322.499,26305.677,26319.177,60,1553
2026-08-10 19:00:00,26320.177,26342.177,26315.699,26341.666,60,1546
2026-08-10 20:00:00,26334.688,26335.288,26328.266,26329.299,15,4551
2026-08-10 22:00:00,26346.966,26352.499,26320.255,26325.699,59,4568
2026-08-10 23:00:00,26325.955,26326.599,26303.177,26313.988,56,4607
2026-08-11 00:00:00,26313.655,26344.999,26306.355,26341.499,57,4504
2026-08-11 01:00:00,26340.177,26373.688,26329.166,26353.155,60,2543
2026-08-11 02:00:00,26352.677,26369.699,26350.688,26358.199,59,2551
2026-08-11 03:00:00,26358.688,26370.699,26352.655,26354.499,56,2642
2026-08-11 04:00:00,26354.999,26379.499,26353.999,26370.666,58,2609
2026-08-11 05:00:00,26369.999,26374.999,26346.499,26354.499,60,2540
2026-08-11 06:00:00,26358.199,26377.155,26324.688,26360.955,60,1615
2026-08-11 07:00:00,26361.955,26386.488,26255.466,26277.955,60,1050
2026-08-11 08:00:00,26275.966,26296.988,26259.966,26260.499,60,1035
2026-08-11 09:00:00,26259.455,26290.488,26244.455,26286.955,60,1040
2026-08-11 10:00:00,26287.466,26320.499,26273.466,26306.477,60,1034
2026-08-11 11:00:00,26305.477,26377.455,26301.966,26369.955,60,1048
2026-08-11 12:00:00,26370.455,26408.988,26360.977,26404.999,60,1038
2026-08-11 13:00:00,26405.499,26466.299,26395.966,26444.966,60,1060
2026-08-11 14:00:00,26443.977,26505.299,26427.299,26464.988,60,1042
2026-08-11 15:00:00,26465.977,26468.988,26383.177,26392.699,60,1041
2026-08-11 16:00:00,26394.688,26418.688,26386.188,26388.666,60,1565
2026-08-11 17:00:00,26389.177,26394.688,26362.199,26366.688,60,1558
2026-08-11 18:00:00,26366.155,26366.155,26336.999,26363.499,60,1540
2026-08-11 19:00:00,26363.666,26381.699,26351.655,26378.655,60,1578
2026-08-11 20:00:00,26379.999,26382.355,26366.999,26380.455,15,4532
2026-08-11 22:00:00,26394.588,26395.499,26380.055,26385.888,59,4571
2026-08-11 23:00:00,26386.499,26395.199,26383.266,26394.299,60,4560
2026-08-12 00:00:00,26393.599,26393.599,26365.666,26374.199,58,4522
2026-08-12 01:00:00,26373.677,26379.177,26362.166,26370.699,59,2550
2026-08-12 02:00:00,26371.155,26378.999,26364.677,26378.188,51,2628
2026-08-12 03:00:00,26378.666,26380.655,26363.666,26369.666,60,2641
2026-08-12 04:00:00,26369.166,26391.155,26369.166,26391.155,57,2574
2026-08-12 05:00:00,26390.188,26395.699,26374.188,26392.688,59,2570
2026-08-12 06:00:00,26396.688,26425.199,26388.699,26419.999,60,1555
2026-08-12 07:00:00,26418.999,26461.488,26397.466,26414.955,60,1072
2026-08-12 08:00:00,26413.988,26477.488,26406.799,26469.466,60,1053
2026-08-12 09:00:00,26468.955,26526.488,26464.477,26491.977,60,1039
2026-08-12 10:00:00,26493.299,26535.977,26489.488,26525.955,60,1040
2026-08-12 11:00:00,26526.477,26540.966,26482.966,26484.455,60,1044
2026-08-12 12:00:00,26487.499,26580.599,26469.955,26469.988,60,1103
2026-08-12 13:00:00,26469.799,26488.499,26429.455,26429.488,60,1041
2026-08-12 14:00:00,26430.477,26436.977,26344.966,26368.988,60,1040
2026-08-12 15:00:00,26370.977,26370.977,26314.455,26338.699,60,1052
2026-08-12 16:00:00,26339.166,26346.677,26322.699,26337.499,60,1556
2026-08-12 17:00:00,26336.666,26344.155,26328.655,26339.155,60,1534
2026-08-12 18:00:00,26339.999,26356.688,26337.677,26349.999,59,1559
2026-08-12 19:00:00,26350.166,26376.177,26349.688,26375.699,59,1575
2026-08-12 20:00:00,26376.177,26389.399,26365.755,26375.366,15,4545
2026-08-12 22:00:00,26368.366,26369.699,26358.866,26362.288,60,4548
2026-08-12 23:00:00,26361.988,26369.977,26359.377,26361.699,59,4641
2026-08-13 00:00:00,26361.988,26391.999,26359.077,26383.499,58,4547
2026-08-13 01:00:00,26382.699,26394.155,26364.666,26390.199,60,2594
2026-08-13 02:00:00,26391.188,26410.688,26384.155,26407.688,56,2630
2026-08-13 03:00:00,26405.655,26425.199,26403.155,26422.199,53,2668
2026-08-13 04:00:00,26423.177,26425.677,26406.655,26415.688,60,2652
2026-08-13 05:00:00,26416.499,26437.199,26408.499,26409.666,58,2596
2026-08-13 06:00:00,26410.999,26449.299,26398.688,26444.466,60,1701
2026-08-13 07:00:00,26444.955,26500.466,26403.999,26427.466,60,1055
2026-08-13 08:00:00,26429.477,26461.977,26416.799,26451.466,60,1071
2026-08-13 09:00:00,26451.955,26478.799,26441.799,26470.477,60,1033
2026-08-13 10:00:00,26470.977,26488.499,26459.966,26472.488,60,1040
2026-08-13 11:00:00,26471.299,26478.988,26425.799,26436.955,60,1048
2026-08-13 12:00:00,26435.966,26456.466,26396.299,26404.799,60,1047
2026-08-13 13:00:00,26405.299,26414.477,26355.466,26366.488,60,1050
2026-08-13 14:00:00,26365.999,26388.477,26347.488,26368.988,60,1038
2026-08-13 15:00:00,26369.488,26374.299,26282.966,26318.688,60,1042
2026-08-13 16:00:00,26319.655,26345.999,26318.999,26344.655,60,1553
2026-08-13 17:00:00,26345.188,26356.699,26333.666,26340.155,60,1546
2026-08-13 18:00:00,26340.666,26391.999,26340.666,26380.688,60,1543
2026-08-13 19:00:00,26380.177,26411.999,26375.677,26410.677,60,1597
2026-08-13 20:00:00,26399.655,26406.688,26390.177,26399.999,15,4543
2026-08-13 22:00:00,26406.888,26415.899,26404.355,26405.288,56,4674
2026-08-13 23:00:00,26405.577,26414.499,26404.377,26409.366,59,4571
2026-08-14 00:00:00,26410.666,26417.699,26396.677,26404.177,53,4547
2026-08-14 01:00:00,26403.999,26422.999,26388.177,26419.166,60,2533
2026-08-14 02:00:00,26419.699,26432.677,26416.999,26421.499,57,2536
2026-08-14 03:00:00,26421.666,26437.666,26416.666,26416.666,58,2565
2026-08-14 04:00:00,26418.155,26425.499,26413.699,26414.699,53,2536
2026-08-14 05:00:00,26415.177,26418.999,26397.155,26397.177,55,2577
2026-08-14 06:00:00,26399.499,26453.299,26393.499,26448.455,60,1580
2026-08-14 07:00:00,26450.488,26496.499,26428.988,26481.955,60,1037
2026-08-14 08:00:00,26482.455,26489.499,26402.977,26441.466,60,1038
2026-08-14 09:00:00,26438.955,26491.499,26421.466,26483.499,60,1047
2026-08-14 10:00:00,26481.966,26503.499,26466.455,26494.799,60,1033
2026-08-14 11:00:00,26495.499,26538.499,26468.477,26536.488,60,1035
2026-08-14 12:00:00,26536.977,26542.299,26494.999,26511.999,60,1034
2026-08-14 13:00:00,26512.488,26524.455,26440.455,26466.955,60,1043
2026-08-14 14:00:00,26464.988,26468.299,26409.488,26449.466,60,1056
2026-08-14 15:00:00,26449.999,26456.488,26410.477,26446.677,60,1044
2026-08-14 16:00:00,26446.188,26459.688,26437.499,26440.199,60,1596
2026-08-14 17:00:00,26441.155,26456.177,26436.199,26446.999,60,1606
2026-08-14 18:00:00,26447.688,26462.499,26443.188,26454.188,60,1542
2026-08-14 19:00:00,26453.188,26465.699,26439.166,26453.999,60,1581
2026-08-16 22:00:00,26460.966,26473.677,26460.966,26471.766,51,4561
2026-08-16 23:00:00,26471.166,26485.099,26469.255,26482.899,49,4607
2026-08-17 00:00:00,26481.877,26494.699,26471.699,26482.188,58,4553
2026-08-17 01:00:00,26481.688,26508.499,26475.999,26482.155,58,2602
2026-08-17 02:00:00,26481.699,26481.699,26466.199,26476.166,53,2641
2026-08-17 03:00:00,26476.677,26502.188,26475.666,26502.188,47,2668
2026-08-17 04:00:00,26501.699,26511.177,26478.655,26480.499,51,2560
2026-08-17 05:00:00,26479.666,26503.188,26477.666,26502.688,58,2570
2026-08-17 06:00:00,26503.699,26513.655,26461.688,26475.977,60,1596
2026-08-17 07:00:00,26474.977,26495.988,26422.477,26472.477,60,1054
2026-08-17 08:00:00,26473.455,26474.799,26392.455,26438.799,60,1038
2026-08-17 09:00:00,26437.977,26449.477,26403.988,26422.799,60,1065
2026-08-17 10:00:00,26421.988,26500.955,26409.466,26447.999,60,1036
2026-08-17 11:00:00,26448.966,26463.977,26432.466,26454.966,60,1109
2026-08-17 12:00:00,26455.455,26457.799,26384.488,26397.977,60,1081
2026-08-17 13:00:00,26398.488,26421.799,26359.988,26420.455,60,1034
2026-08-17 14:00:00,26419.477,26421.988,26380.977,26385.966,60,1044
2026-08-17 15:00:00,26386.488,26400.977,26328.166,26342.999,60,1049
2026-08-17 16:00:00,26343.199,26361.688,26337.677,26344.166,60,1547
2026-08-17 17:00:00,26344.677,26347.188,26306.155,26307.666,60,1615
2026-08-17 18:00:00,26307.166,26318.199,26295.655,26299.999,60,1550
2026-08-17 19:00:00,26298.655,26321.499,26291.199,26315.166,60,1574
2026-08-17 20:00:00,26315.655,26316.699,26306.455,26310.955,15,4541
2026-08-17 22:00:00,26308.388,26310.999,26296.955,26300.977,60,4546
2026-08-17 23:00:00,26300.388,26308.999,26295.877,26307.955,58,4544
2026-08-18 00:00:00,26307.399,26325.188,26295.166,26303.199,59,4556
2026-08-18 01:00:00,26303.699,26310.666,26262.699,26286.677,60,2542
2026-08-18 02:00:00,26287.177,26288.666,26241.499,26257.677,60,2544
2026-08-18 03:00:00,26258.688,26260.499,26226.699,26248.188,57,2554
2026-08-18 04:00:00,26247.699,26249.688,26230.666,26249.188,56,2560
2026-08-18 05:00:00,26248.655,26273.677,26224.655,26257.166,57,2546
2026-08-18 06:00:00,26254.677,26295.799,26229.155,26294.977,60,1559
2026-08-18 07:00:00,26300.499,26312.977,26171.966,26179.455,60,1059
2026-08-18 08:00:00,26180.466,26245.455,26152.466,26244.799,60,1049
2026-08-18 09:00:00,26244.977,26261.999,26201.988,26251.455,60,1044
2026-08-18 10:00:00,26250.799,26271.799,26242.455,26261.799,60,1042
2026-08-18 11:00:00,26258.488,26275.488,26238.455,26258.477,60,1048
2026-08-18 12:00:00,26259.799,26274.499,26239.955,26257.466,60,1042
2026-08-18 13:00:00,26257.988,26258.799,26179.299,26201.999,60,1041
2026-08-18 14:00:00,26203.966,26221.299,26119.466,26129.488,60,1063
2026-08-18 15:00:00,26128.499,26174.999,26119.177,26165.199,60,1060
2026-08-18 16:00:00,26164.999,26194.188,26155.655,26185.999,60,1551
2026-08-18 17:00:00,26185.188,26189.199,26164.177,26164.499,60,1536
2026-08-18 18:00:00,26163.188,26183.655,26158.666,26166.155,60,1579
2026-08-18 19:00:00,26165.166,26180.699,26142.688,26152.155,60,1538
2026-08-18 20:00:00,26145.999,26150.499,26142.499,26146.255,15,4577
2026-08-18 22:00:00,26151.599,26157.799,26125.266,26125.899,60,4553
2026-08-18 23:00:00,26126.266,26144.199,26123.677,26135.566,60,4593
2026-08-19 00:00:00,26135.266,26152.188,26092.666,26121.999,59,4536
2026-08-19 01:00:00,26122.677,26140.999,26107.655,26116.155,60,2621
2026-08-19 02:00:00,26116.666,26127.699,26107.655,26117.155,59,2598
2026-08-19 03:00:00,26118.199,26124.699,26105.155,26110.155,60,2611
2026-08-19 04:00:00,26109.688,26125.655,26101.677,26124.199,58,2559
2026-08-19 05:00:00,26123.699,26137.677,26109.655,26114.688,60,2539
2026-08-19 06:00:00,26111.699,26202.299,26088.177,26189.488,60,1561
2026-08-19 07:00:00,26188.999,26194.999,26100.988,26132.955,60,1063
2026-08-19 08:00:00,26130.966,26149.299,26091.988,26103.499,60,1056
2026-08-19 09:00:00,26101.455,26116.999,26071.799,26114.988,60,1044
2026-08-19 10:00:00,26114.477,26127.999,26089.455,26103.999,60,1043
2026-08-19 11:00:00,26103.477,26128.977,26086.955,26089.999,60,1089
2026-08-19 12:00:00,26090.988,26189.455,26071.455,26110.488,60,1066
2026-08-19 13:00:00,26111.299,26122.488,26064.988,26083.966,60,1053
2026-08-19 14:00:00,26085.799,26140.488,26070.999,26138.988,60,1068
2026-08-19 15:00:00,26139.999,26142.988,26084.188,26110.655,60,1057
2026-08-19 16:00:00,26109.655,26132.188,26084.177,26087.166,60,1544
2026-08-19 17:00:00,26086.677,26095.999,26067.666,26078.699,60,1533
2026-08-19 18:00:00,26078.499,26092.499,26056.666,26071.999,60,1577
2026-08-19 19:00:00,26072.666,26094.499,26070.655,26083.699,60,1569
2026-08-19 20:00:00,26086.199,26086.199,26069.799,26075.788,15,4551
2026-08-19 22:00:00,26093.288,26130.366,26088.255,26129.577,59,4557
2026-08-19 23:00:00,26129.855,26139.088,26124.188,26125.499,60,4548
2026-08-20 00:00:00,26123.599,26123.599,26093.499,26098.166,60,4537
2026-08-20 01:00:00,26097.677,26097.677,26066.666,26070.177,60,2564
2026-08-20 02:00:00,26069.688,26086.699,26057.666,26069.655,60,2571
2026-08-20 03:00:00,26070.177,26084.499,26065.155,26075.699,60,2589
2026-08-20 04:00:00,26075.166,26092.999,26070.655,26086.677,58,2560
2026-08-20 05:00:00,26087.166,26107.499,26080.155,26085.655,60,2536
2026-08-20 06:00:00,26086.677,26138.499,26085.199,26110.488,60,1582
2026-08-20 07:00:00,26106.988,26107.488,25968.966,25971.955,60,1062
2026-08-20 08:00:00,25971.499,25988.499,25924.488,25937.499,60,1057
2026-08-20 09:00:00,25937.955,25993.999,25934.466,25980.966,60,1043
2026-08-20 10:00:00,25981.499,25995.999,25951.477,25994.499,60,1047
2026-08-20 11:00:00,25993.955,26010.499,25955.299,25955.799,60,1057
2026-08-20 12:00:00,25955.999,25967.455,25911.466,25967.455,60,1045
2026-08-20 13:00:00,25968.499,25991.966,25944.455,25971.977,60,1067
2026-08-20 14:00:00,25971.477,26014.499,25940.455,26013.499,60,1081
2026-08-20 15:00:00,26013.988,26036.799,25969.655,25995.188,60,1056
2026-08-20 16:00:00,25995.688,26018.999,25982.199,26015.199,60,1563
2026-08-20 17:00:00,26014.688,26015.199,25975.155,25983.188,60,1553
2026-08-20 18:00:00,25982.655,25982.666,25950.688,25963.166,60,1571
2026-08-20 19:00:00,25962.688,25988.155,25960.655,25963.166,60,1546
2026-08-20 20:00:00,25963.199,25967.655,25951.077,25952.966,15,4606
2026-08-20 22:00:00,25983.066,25987.266,25972.155,25986.499,60,4557
2026-08-20 23:00:00,25985.899,25986.199,25972.888,25978.255,59,4641
2026-08-21 00:00:00,25977.955,25999.166,25973.199,25979.688,59,4558
2026-08-21 01:00:00,25977.666,26010.499,25973.155,25998.166,57,2549
2026-08-21 02:00:00,25998.688,26012.677,25993.677,26006.655,55,2549
2026-08-21 03:00:00,26007.155,26009.155,25994.166,25999.155,55,2641
2026-08-21 04:00:00,26000.655,26014.199,25992.999,26012.666,55,2555
2026-08-21 05:00:00,26013.166,26017.199,25994.999,26004.677,59,2651
2026-08-21 06:00:00,26000.699,26050.455,25999.699,26040.988,60,1584
2026-08-21 07:00:00,26046.955,26068.466,25966.499,26047.999,60,1073
2026-08-21 08:00:00,26047.477,26084.499,26023.966,26079.999,60,1042
2026-08-21 09:00:00,26080.955,26089.977,26033.799,26040.499,60,1071
2026-08-21 10:00:00,26038.955,26060.799,26007.499,26017.488,60,1074
2026-08-21 11:00:00,26016.988,26080.799,26008.499,26050.988,60,1036
2026-08-21 12:00:00,26051.488,26100.977,26046.966,26090.299,60,1072
2026-08-21 13:00:00,26088.299,26159.477,26085.966,26148.999,60,1055
2026-08-21 14:00:00,26149.488,26165.299,26116.966,26155.299,60,1077
2026-08-21 15:00:00,26155.488,26157.699,26109.655,26130.677,60,1049
2026-08-21 16:00:00,26130.166,26132.666,26101.666,26115.677,60,1572
2026-08-21 17:00:00,26115.155,26117.155,26096.155,26100.155,60,1593
2026-08-21 18:00:00,26100.666,26105.699,26090.999,26105.199,60,1551
2026-08-21 19:00:00,26104.699,26130.199,26097.666,26115.666,59,1582
2026-08-23 22:00:00,26102.277,26120.399,26093.277,26118.755,58,4551
2026-08-23 23:00:00,26117.788,26156.299,26117.788,26155.677,58,4646
2026-08-24 00:00:00,26155.299,26158.877,26086.188,26119.677,59,4532
2026-08-24 01:00:00,26118.177,26139.677,26105.166,26106.155,60,2534
2026-08-24 02:00:00,26105.677,26134.166,26096.199,26127.677,60,2646
2026-08-24 03:00:00,26127.188,26127.677,26092.499,26095.999,60,2573
2026-08-24 04:00:00,26096.188,26116.699,26096.188,26103.666,59,2568
2026-08-24 05:00:00,26103.199,26112.188,26070.655,26082.155,60,2550
2026-08-24 06:00:00,26079.166,26107.166,26075.188,26079.799,60,1581
2026-08-24 07:00:00,26080.999,26101.799,26033.966,26044.988,60,1045
2026-08-24 08:00:00,26045.488,26155.999,26036.477,26121.799,60,1042
2026-08-24 09:00:00,26121.299,26156.477,26110.988,26148.299,60,1038
2026-08-24 10:00:00,26148.466,26174.799,26125.455,26130.799,60,1077
2026-08-24 11:00:00,26128.477,26168.999,26105.488,26132.988,60,1039
2026-08-24 12:00:00,26134.799,26141.488,26095.955,26111.455,60,1057
2026-08-24 13:00:00,26111.977,26113.977,26038.477,26085.988,60,1050
2026-08-24 14:00:00,26085.499,26111.799,26047.488,26106.455,60,1033
2026-08-24 15:00:00,26105.966,26128.188,26079.455,26122.199,60,1042
2026-08-24 16:00:00,26121.155,26144.155,26102.699,26110.655,60,1556
2026-08-24 17:00:00,26110.188,26136.166,26102.177,26109.688,60,1594
2026-08-24 18:00:00,26109.188,26133.999,26109.188,26117.188,60,1551
2026-08-24 19:00:00,26116.688,26119.677,26098.655,26114.699,60,1540
2026-08-24 20:00:00,26108.166,26117.777,26104.377,26111.399,15,4556
2026-08-24 22:00:00,26127.699,26140.499,26125.799,26131.877,59,4577
2026-08-24 23:00:00,26132.166,26135.299,26114.066,26119.255,56,4565
2026-08-25 00:00:00,26117.288,26137.166,26087.188,26127.199,59,4530
2026-08-25 01:00:00,26127.699,26158.199,26123.677,26144.655,60,2559
2026-08-25 02:00:00,26144.199,26150.166,26120.666,26124.677,60,2545
2026-08-25 03:00:00,26124.166,26158.188,26124.166,26152.688,59,2553
2026-08-25 04:00:00,26149.666,26163.666,26149.499,26159.688,60,2539
2026-08-25 05:00:00,26160.155,26186.999,26158.699,26181.999,60,2591
2026-08-25 06:00:00,26182.199,26230.999,26179.666,26219.455,60,1574
2026-08-25 07:00:00,26211.477,26247.799,26164.455,26190.955,60,1038
2026-08-25 08:00:00,26191.466,26276.299,26162.977,26249.299,60,1063
2026-08-25 09:00:00,26248.488,26337.999,26230.966,26310.988,60,1039
2026-08-25 10:00:00,26311.999,26346.499,26304.455,26331.488,60,1058
2026-08-25 11:00:00,26330.999,26331.999,26278.499,26315.955,60,1078
2026-08-25 12:00:00,26316.477,26331.455,26271.955,26280.466,60,1039
2026-08-25 13:00:00,26281.799,26290.977,26249.966,26263.488,60,1053
2026-08-25 14:00:00,26262.966,26327.966,26249.988,26297.499,60,1054
2026-08-25 15:00:00,26299.955,26306.666,26257.655,26269.999,60,1045
2026-08-25 16:00:00,26269.155,26270.655,26251.666,26262.699,60,1562
2026-08-25 17:00:00,26262.199,26262.199,26235.655,26243.999,60,1559
2026-08-25 18:00:00,26242.677,26255.199,26233.666,26250.666,60,1563
2026-08-25 19:00:00,26251.155,26282.699,26241.199,26275.677,60,1643
2026-08-25 20:00:00,26273.166,26284.188,26273.166,26280.955,15,4557
2026-08-25 22:00:00,26282.466,26286.299,26278.566,26282.466,53,4639
2026-08-25 23:00:00,26282.766,26283.799,26246.588,26249.177,55,4646
2026-08-26 00:00:00,26248.488,26268.999,26233.177,26238.499,59,4548
2026-08-26 01:00:00,26238.999,26258.666,26227.155,26245.677,60,2532
2026-08-26 02:00:00,26246.199,26298.499,26241.666,26293.999,59,2542
2026-08-26 03:00:00,26293.166,26297.688,26282.166,26291.699,56,2544
2026-08-26 04:00:00,26291.155,26296.999,26265.177,26271.155,58,2635
2026-08-26 05:00:00,26270.655,26285.188,26254.699,26260.999,60,2549
2026-08-26 06:00:00,26262.166,26290.166,26237.655,26271.455,60,1547
2026-08-26 07:00:00,26272.977,26282.466,26195.999,26266.999,60,1063
2026-08-26 08:00:00,26267.499,26284.499,26228.988,26261.966,60,1054
2026-08-26 09:00:00,26262.466,26327.955,26260.466,26325.499,60,1061
2026-08-26 10:00:00,26325.977,26330.499,26294.966,26299.466,60,1073
2026-08-26 11:00:00,26299.988,26344.488,26293.488,26342.499,60,1073
2026-08-26 12:00:00,26342.999,26402.988,26342.299,26369.999,60,1044
2026-08-26 13:00:00,26371.299,26465.488,26351.488,26427.966,60,1034
2026-08-26 14:00:00,26427.466,26436.499,26355.999,26355.999,60,1040
2026-08-26 15:00:00,26357.488,26367.488,26274.666,26276.188,60,1072
2026-08-26 16:00:00,26275.166,26276.688,26233.677,26256.155,60,1568
2026-08-26 17:00:00,26255.699,26273.499,26252.155,26261.499,60,1564
2026-08-26 18:00:00,26260.177,26275.188,26252.199,26271.666,60,1568
2026-08-26 19:00:00,26272.166,26295.999,26272.166,26284.199,60,1573
2026-08-26 20:00:00,26279.199,26307.088,26273.066,26304.199,15,4562
2026-08-26 22:00:00,26365.477,26386.188,26355.699,26373.377,60,4626
2026-08-26 23:00:00,26373.088,26375.599,26361.255,26373.066,59,4555
2026-08-27 00:00:00,26373.099,26374.999,26315.155,26324.688,59,4523
2026-08-27 01:00:00,26325.188,26358.166,26320.188,26345.999,60,2538
2026-08-27 02:00:00,26346.999,26353.677,26332.199,26347.666,60,2566
2026-08-27 03:00:00,26346.677,26359.177,26338.177,26344.188,58,2544
2026-08-27 04:00:00,26343.155,26352.999,26328.655,26344.999,59,2543
2026-08-27 05:00:00,26344.155,26377.666,26329.666,26369.699,60,2565
2026-08-27 06:00:00,26369.166,26388.955,26333.155,26376.988,60,1630
2026-08-27 07:00:00,26376.799,26377.488,26285.966,26322.966,60,1042
2026-08-27 08:00:00,26323.488,26381.988,26305.988,26306.999,60,1066
2026-08-27 09:00:00,26305.488,26369.988,26301.299,26347.799,60,1043
2026-08-27 10:00:00,26346.977,26371.299,26319.488,26348.466,60,1059
2026-08-27 11:00:00,26347.499,26397.499,26332.966,26396.799,60,1045
2026-08-27 12:00:00,26395.488,26400.799,26338.966,26346.499,60,1065
2026-08-27 13:00:00,26347.955,26375.488,26296.499,26321.466,60,1044
2026-08-27 14:00:00,26320.988,26333.499,26239.466,26327.977,60,1065
2026-08-27 15:00:00,26328.966,26380.166,26318.455,26374.199,60,1045
2026-08-27 16:00:00,26373.166,26389.188,26366.677,26384.199,60,1544
2026-08-27 17:00:00,26384.699,26385.677,26352.688,26355.177,60,1547
2026-08-27 18:00:00,26355.655,26368.177,26338.166,26367.155,60,1562
2026-08-27 19:00:00,26367.699,26396.188,26365.188,26394.177,60,1572
2026-08-27 20:00:00,26393.999,26398.499,26377.955,26377.955,15,4563
2026-08-27 22:00:00,26373.399,26376.599,26352.577,26364.766,60,4558
2026-08-27 23:00:00,26365.388,26365.399,26351.966,26355.799,57,4582
2026-08-28 00:00:00,26356.799,26436.166,26353.866,26426.166,59,4513
2026-08-28 01:00:00,26426.666,26451.155,26424.666,26450.177,60,2623
2026-08-28 02:00:00,26450.699,26482.155,26447.166,26454.499,59,2550
2026-08-28 03:00:00,26455.699,26477.166,26449.655,26473.155,58,2603
2026-08-28 04:00:00,26472.499,26474.688,26454.677,26458.499,60,2561
2026-08-28 05:00:00,26456.699,26461.677,26430.155,26434.166,60,2589
2026-08-28 06:00:00,26435.166,26499.966,26430.999,26495.988,60,1582
2026-08-28 07:00:00,26498.488,26550.988,26471.299,26500.455,60,1064
2026-08-28 08:00:00,26499.955,26553.477,26495.966,26517.999,60,1065
2026-08-28 09:00:00,26518.455,26552.799,26517.999,26536.477,60,1049
2026-08-28 10:00:00,26536.988,26541.955,26481.488,26494.488,60,1067
2026-08-28 11:00:00,26493.999,26529.466,26486.999,26499.999,60,1060
2026-08-28 12:00:00,26500.499,26548.477,26488.966,26522.299,60,1072
2026-08-28 13:00:00,26522.988,26550.999,26482.977,26498.488,60,1077
2026-08-28 14:00:00,26499.299,26619.299,26486.466,26600.799,60,1056
2026-08-28 15:00:00,26599.966,26608.799,26539.166,26540.155,60,1052
2026-08-28 16:00:00,26539.688,26555.188,26509.999,26531.155,60,1538
2026-08-28 17:00:00,26530.655,26531.688,26512.677,26523.155,60,1535
2026-08-28 18:00:00,26524.199,26533.655,26514.688,26525.199,60,1547
2026-08-28 19:00:00,26525.688,26558.177,26523.155,26551.688,60,1562
2026-08-30 22:00:00,26547.199,26547.899,26506.577,26519.377,58,5307
2026-08-30 23:00:00,26518.966,26520.299,26456.355,26456.777,60,4606
2026-08-31 00:00:00,26457.366,26504.199,26445.755,26486.177,60,4558
2026-08-31 01:00:00,26485.688,26500.499,26464.677,26470.188,60,2532
2026-08-31 02:00:00,26469.688,26471.188,26448.155,26470.177,60,2544
2026-08-31 03:00:00,26472.666,26481.499,26467.688,26474.688,59,2538
2026-08-31 04:00:00,26474.166,26505.499,26467.655,26501.155,59,2552
2026-08-31 05:00:00,26502.188,26542.499,26496.666,26512.166,59,2566
2026-08-31 06:00:00,26515.177,26527.999,26480.455,26485.488,60,1553
2026-08-31 07:00:00,26484.977,26484.977,26364.966,26382.455,60,1045
2026-08-31 08:00:00,26383.999,26420.488,26364.988,26416.977,60,1037
2026-08-31 09:00:00,26416.499,26418.799,26367.966,26371.488,60,1062
2026-08-31 10:00:00,26371.988,26373.488,26328.466,26367.299,60,1039
2026-08-31 11:00:00,26367.455,26396.999,26364.466,26391.955,60,1060
2026-08-31 12:00:00,26392.499,26413.999,26340.977,26358.477,60,1053
2026-08-31 13:00:00,26357.488,26389.799,26314.466,26351.299,60,1067
2026-08-31 14:00:00,26351.999,26363.799,26287.488,26300.455,60,1040
2026-08-31 15:00:00,26301.955,26317.999,26226.688,26230.655,60,1049
2026-08-31 16:00:00,26231.688,26236.677,26206.655,26210.999,60,1543
2026-08-31 17:00:00,26210.177,26211.688,26172.655,26202.177,60,1551
2026-08-31 18:00:00,26201.699,26204.666,26175.688,26187.677,60,1558
2026-08-31 19:00:00,26188.499,26218.499,26183.166,26192.688,60,1546
2026-08-31 20:00:00,26193.188,26214.355,26192.688,26206.777,15,4541
2026-08-31 22:00:00,26210.888,26215.466,26207.655,26210.977,57,4646
2026-08-31 23:00:00,26210.599,26222.099,26209.655,26216.655,58,4569
2026-09-01 00:00:00,26217.399,26241.699,26209.066,26235.688,59,4543
2026-09-01 01:00:00,26235.499,26239.188,26210.688,26226.688,60,2574
2026-09-01 02:00:00,26226.199,26234.699,26203.655,26220.199,60,2550
2026-09-01 03:00:00,26220.677,26222.999,26209.677,26217.155,60,2592
2026-09-01 04:00:00,26216.677,26221.499,26207.655,26209.499,59,2562
2026-09-01 05:00:00,26210.499,26227.699,26186.677,26218.166,60,2522
2026-09-01 06:00:00,26221.155,26229.499,26118.955,26136.977,60,1583
2026-09-01 07:00:00,26138.799,26199.977,26110.466,26180.299,60,1050
2026-09-01 08:00:00,26181.799,26195.477,25962.488,25967.488,60,1040
2026-09-01 09:00:00,25967.966,25992.799,25921.977,25954.499,60,1074
2026-09-01 10:00:00,25953.955,26035.477,25953.499,25964.988,60,1071
2026-09-01 11:00:00,25963.299,26030.966,25941.999,25999.466,60,1062
2026-09-01 12:00:00,25999.966,26041.455,25985.299,26034.955,60,1051
2026-09-01 13:00:00,26035.499,26044.499,25966.455,25991.466,60,1049
2026-09-01 14:00:00,25994.799,26000.477,25920.955,25923.477,60,1056
2026-09-01 15:00:00,25924.299,25982.188,25916.455,25974.155,60,1064
2026-09-01 16:00:00,25973.666,25978.999,25892.499,25909.666,60,1537
2026-09-01 17:00:00,25910.166,25910.199,25866.177,25882.699,60,1546
2026-09-01 18:00:00,25883.188,25886.177,25801.677,25833.677,60,1543
2026-09-01 19:00:00,25833.188,25852.199,25819.166,25819.166,60,1553
2026-09-01 20:00:00,25818.688,25828.099,25811.955,25820.788,15,4555
2026-09-01 22:00:00,25826.599,25830.999,25816.377,25825.899,59,4595
2026-09-01 23:00:00,25825.566,25831.999,25822.699,25830.077,59,4574
2026-09-02 00:00:00,25830.988,25854.677,25802.688,25802.688,60,4524
2026-09-02 01:00:00,25802.155,25839.199,25794.155,25822.199,60,2547
2026-09-02 02:00:00,25821.699,25828.666,25804.499,25817.155,60,2538
2026-09-02 03:00:00,25817.999,25823.688,25794.688,25802.177,60,2547
2026-09-02 04:00:00,25804.199,25815.999,25793.177,25813.166,60,2553
2026-09-02 05:00:00,25813.677,25849.188,25800.177,25833.688,60,2562
2026-09-02 06:00:00,25832.688,25882.155,25817.188,25875.966,60,1621
2026-09-02 07:00:00,25877.488,25923.999,25839.999,25853.999,60,1038
2026-09-02 08:00:00,25854.799,25886.977,25804.488,25810.955,60,1040
2026-09-02 09:00:00,25811.977,25843.999,25748.966,25791.988,60,1041
2026-09-02 10:00:00,25792.477,25796.966,25723.988,25752.977,60,1063
2026-09-02 11:00:00,25750.988,25859.966,25732.988,25859.966,60,1056
2026-09-02 12:00:00,25863.955,25896.999,25833.966,25835.455,60,1041
2026-09-02 13:00:00,25836.299,25901.988,25818.466,25884.488,60,1053
2026-09-02 14:00:00,25883.966,25897.966,25822.977,25836.299,60,1063
2026-09-02 15:00:00,25836.488,25860.688,25804.966,25823.655,60,1039
2026-09-02 16:00:00,25824.155,25836.699,25813.688,25828.655,60,1583
2026-09-02 17:00:00,25829.199,25849.199,25819.677,25845.177,60,1539
2026-09-02 18:00:00,25845.999,25866.655,25821.677,25823.166,60,1589
2026-09-02 19:00:00,25823.666,25862.499,25818.655,25850.188,60,1578
2026-09-02 20:00:00,25847.188,25855.699,25843.377,25849.999,15,4540
2026-09-02 22:00:00,25840.355,25859.588,25836.977,25852.088,59,4559
2026-09-02 23:00:00,25852.655,25869.366,25848.966,25865.599,58,4568
2026-09-03 00:00:00,25864.977,25864.988,25821.666,25840.655,59,4520
2026-09-03 01:00:00,25841.499,25867.155,25833.677,25849.188,60,2565
2026-09-03 02:00:00,25850.177,25883.655,25848.677,25863.499,60,2556
2026-09-03 03:00:00,25863.688,25871.699,25858.655,25861.155,59,2581
2026-09-03 04:00:00,25860.199,25872.499,25857.177,25866.699,60,2556
2026-09-03 05:00:00,25866.199,25889.199,25800.155,25888.166,60,2542
2026-09-03 06:00:00,25881.999,25902.699,25845.977,25853.977,60,1566
2026-09-03 07:00:00,25852.499,25889.488,25802.488,25842.455,60,1043
2026-09-03 08:00:00,25843.966,25936.499,25834.477,25895.799,60,1052
2026-09-03 09:00:00,25896.488,25915.799,25810.477,25810.477,60,1069
2026-09-03 10:00:00,25810.477,25834.477,25784.477,25817.499,53,1039
2026-09-03 11:00:00,25817.955,25871.799,25816.799,25839.299,60,1047
2026-09-03 12:00:00,25840.799,25962.299,25826.499,25950.466,60,1062
2026-09-03 13:00:00,25949.455,26000.499,25942.988,25998.466,60,1042
2026-09-03 14:00:00,25994.966,25994.966,25912.955,25964.999,60,1042
2026-09-03 15:00:00,25964.477,26018.699,25959.466,26007.199,60,1042
2026-09-03 16:00:00,26007.666,26015.999,25990.666,26010.199,60,1540
2026-09-03 17:00:00,26010.999,26027.499,25997.188,26027.499,60,1559
2026-09-03 18:00:00,26027.688,26038.999,26021.155,26023.655,59,1580
2026-09-03 19:00:00,26024.188,26044.699,26018.177,26040.155,60,1552
2026-09-03 20:00:00,26039.999,26039.999,26021.066,26026.799,15,4544
2026-09-03 22:00:00,26021.255,26028.299,26015.655,26027.899,56,4529
2026-09-03 23:00:00,26026.988,26032.488,26023.166,26029.388,55,4552
2026-09-04 00:00:00,26028.399,26039.677,26018.199,26025.199,58,4491
2026-09-04 01:00:00,26024.666,26039.688,26014.699,26038.499,60,2539
2026-09-04 02:00:00,26038.699,26054.655,26035.177,26052.199,60,2587
2026-09-04 03:00:00,26053.499,26053.655,26037.699,26040.166,56,2533
2026-09-04 04:00:00,26040.655,26062.177,26032.499,26060.666,57,2613
2026-09-04 05:00:00,26060.166,26076.499,26054.188,26062.999,59,2516
2026-09-04 06:00:00,26062.188,26081.999,26000.955,26006.955,60,1550
2026-09-04 07:00:00,26005.988,26085.988,25955.299,26050.955,60,1064
2026-09-04 08:00:00,26051.955,26068.299,25981.999,26013.999,60,1063
2026-09-04 09:00:00,26012.977,26032.499,25975.988,26013.988,60,1049
2026-09-04 10:00:00,26012.988,26091.955,26009.488,26083.488,60,1057
2026-09-04 11:00:00,26082.455,26116.488,26058.999,26105.955,60,1046
2026-09-04 12:00:00,26106.488,26164.977,26021.955,26128.988,60,1078
2026-09-04 13:00:00,26130.299,26157.455,26068.999,26116.955,60,1054
2026-09-04 14:00:00,26117.955,26133.988,26021.966,26033.999,60,1066
2026-09-04 15:00:00,26034.999,26075.199,26012.955,26069.655,60,1049
2026-09-04 16:00:00,26070.999,26093.699,26062.199,26076.999,60,1578
2026-09-04 17:00:00,26075.666,26078.188,26032.666,26042.666,60,1553
2026-09-04 18:00:00,26043.688,26055.699,26041.677,26050.666,60,1540
2026-09-04 19:00:00,26051.699,26061.699,26031.177,26060.688,60,1570
2026-09-06 22:00:00,26060.255,26063.399,26058.355,26061.199,51,4548
2026-09-06 23:00:00,26061.166,26063.377,26053.866,26056.799,57,4654
2026-09-07 00:00:00,26055.766,26064.088,26019.499,26023.655,59,4571
2026-09-07 01:00:00,26022.188,26042.999,26018.199,26021.199,60,2545
2026-09-07 02:00:00,26020.655,26031.999,26013.155,26015.166,59,2620
2026-09-07 03:00:00,26014.177,26030.999,26010.655,26018.677,60,2549
2026-09-07 04:00:00,26019.155,26019.699,25997.166,26011.199,60,2585
2026-09-07 05:00:00,26010.666,26024.666,25989.155,25997.499,60,2569
2026-09-07 06:00:00,25996.155,26016.999,25968.199,25999.477,60,1578
2026-09-07 07:00:00,26000.988,26070.999,25928.299,25989.455,60,1049
2026-09-07 08:00:00,25988.477,26004.499,25952.499,25984.466,60,1047
2026-09-07 09:00:00,25984.955,25992.499,25950.455,25966.466,60,1061
2026-09-07 10:00:00,25967.455,25979.799,25936.466,25954.466,60,1043
2026-09-07 11:00:00,25955.466,25964.488,25928.955,25932.977,60,1039
2026-09-07 12:00:00,25932.466,25986.455,25922.477,25965.999,60,1066
2026-09-07 13:00:00,25965.488,26009.799,25953.455,26004.499,60,1038
2026-09-07 14:00:00,26004.966,26010.999,25978.299,25978.488,60,1061
2026-09-07 15:00:00,25978.299,26023.499,25972.477,25999.188,60,1032
2026-09-07 16:00:00,26000.188,26009.677,25995.688,26004.655,60,1548
2026-09-07 17:00:00,26005.166,26010.655,26003.677,26005.677,43,1542
2026-09-07 18:00:00,26006.677,26008.499,25997.666,25998.199,24,1663
2026-09-07 19:00:00,25998.677,26007.999,25997.655,25998.688,43,1661
2026-09-07 22:00:00,25995.477,26008.099,25989.066,25995.499,60,4561
2026-09-07 23:00:00,25994.188,26013.455,25978.177,26013.455,59,4599
2026-09-08 00:00:00,26013.166,26023.655,25992.688,26014.199,59,4565
2026-09-08 01:00:00,26014.699,26044.688,25996.655,26042.677,60,2564
2026-09-08 02:00:00,26043.155,26043.999,26005.155,26005.655,60,2552
2026-09-08 03:00:00,26005.188,26028.188,25998.655,26025.166,57,2553
2026-09-08 04:00:00,26026.199,26026.999,25994.655,25995.666,59,2561
2026-09-08 05:00:00,25994.677,25996.499,25930.688,25931.499,60,2543
2026-09-08 06:00:00,25931.688,25937.188,25893.666,25912.299,60,1617
2026-09-08 07:00:00,25912.977,25985.499,25845.499,25866.455,60,1042
2026-09-08 08:00:00,25865.977,25875.499,25796.955,25837.466,60,1065
2026-09-08 09:00:00,25836.455,25939.299,25825.455,25934.455,60,1057
2026-09-08 10:00:00,25933.966,25974.999,25912.988,25953.299,60,1061
2026-09-08 11:00:00,25953.988,25992.488,25940.977,25988.966,60,1056
2026-09-08 12:00:00,25988.799,26030.999,25959.988,26008.955,60,1038
2026-09-08 13:00:00,26010.299,26029.466,25952.499,25970.299,60,1035
2026-09-08 14:00:00,25971.299,25992.299,25904.999,25990.499,60,1054
2026-09-08 15:00:00,25989.988,26013.166,25974.166,25974.666,60,1060
2026-09-08 16:00:00,25975.199,25979.999,25927.666,25945.199,60,1581
2026-09-08 17:00:00,25945.677,25963.666,25939.699,25945.499,60,1570
2026-09-08 18:00:00,25945.666,25961.199,25901.177,25916.199,60,1554
2026-09-08 19:00:00,25916.655,25918.655,25857.166,25869.999,60,1538
2026-09-08 20:00:00,25864.155,25867.355,25845.888,25859.188,15,4546
2026-09-08 22:00:00,25861.999,25876.499,25855.066,25876.499,57,4539
2026-09-08 23:00:00,25875.866,25876.499,25851.599,25855.999,59,4550
2026-09-09 00:00:00,25855.377,25883.966,25852.499,25875.999,58,4529
2026-09-09 01:00:00,25876.166,25881.999,25859.666,25863.199,59,2543
2026-09-09 02:00:00,25862.499,25869.188,25850.166,25862.199,59,2563
2026-09-09 03:00:00,25862.666,25863.177,25846.177,25851.999,58,2574
2026-09-09 04:00:00,25851.199,25872.999,25839.666,25872.499,59,2551
2026-09-09 05:00:00,25872.677,25886.699,25849.499,25885.688,60,2560
2026-09-09 06:00:00,25882.199,25882.666,25786.799,25795.477,60,1695
2026-09-09 07:00:00,25796.455,25904.499,25784.466,25855.966,60,1043
2026-09-09 08:00:00,25855.499,25874.499,25768.977,25796.455,60,1049
2026-09-09 09:00:00,25796.999,25804.799,25696.955,25699.488,60,1080
2026-09-09 10:00:00,25698.966,25701.455,25576.999,25586.799,60,1035
2026-09-09 11:00:00,25585.955,25630.988,25572.999,25574.977,60,1037
2026-09-09 12:00:00,25576.977,25656.299,25540.988,25652.966,60,1038
2026-09-09 13:00:00,25652.799,25675.477,25540.466,25573.477,60,1061
2026-09-09 14:00:00,25572.988,25593.488,25515.455,25558.477,60,1044
2026-09-09 15:00:00,25557.466,25603.199,25512.999,25549.155,60,1064
2026-09-09 16:00:00,25549.999,25564.677,25525.677,25559.188,60,1544
2026-09-09 17:00:00,25558.188,25566.677,25546.155,25557.699,60,1559
2026-09-09 18:00:00,25558.499,25559.999,25538.166,25544.188,60,1576
2026-09-09 19:00:00,25545.177,25550.499,25518.688,25523.699,60,1556
2026-09-09 20:00:00,25521.199,25527.799,25515.588,25525.299,15,4544
2026-09-09 22:00:00,25533.199,25548.699,25532.299,25539.299,58,4536
2026-09-09 23:00:00,25538.277,25551.399,25533.188,25549.455,58,4649
2026-09-10 00:00:00,25550.999,25578.499,25534.655,25546.699,58,4521
2026-09-10 01:00:00,25546.199,25575.199,25538.199,25574.699,60,2562
2026-09-10 02:00:00,25575.166,25592.677,25564.199,25588.188,60,2550
2026-09-10 03:00:00,25585.688,25594.655,25580.677,25589.999,59,2560
2026-09-10 04:00:00,25589.499,25603.999,25586.155,25598.666,57,2548
2026-09-10 05:00:00,25599.688,25624.155,25581.699,25607.155,60,2568
2026-09-10 06:00:00,25600.155,25618.155,25580.655,25588.455,60,1597
2026-09-10 07:00:00,25587.999,25618.799,25544.299,25572.477,60,1043
2026-09-10 08:00:00,25571.955,25587.488,25499.977,25507.488,60,1056
2026-09-10 09:00:00,25508.455,25558.466,25502.499,25543.799,60,1055
2026-09-10 10:00:00,25543.977,25602.955,25539.955,25566.955,60,1051
2026-09-10 11:00:00,25566.299,25601.299,25529.977,25530.455,60,1065
2026-09-10 12:00:00,25531.299,25553.455,25390.955,25414.466,60,1038
2026-09-10 13:00:00,25413.977,25466.499,25391.955,25401.999,60,1040
2026-09-10 14:00:00,25402.966,25488.799,25377.966,25414.966,60,1041
2026-09-10 15:00:00,25413.977,25414.499,25333.688,25335.666,60,1050
2026-09-10 16:00:00,25337.677,25355.199,25310.155,25353.699,60,1553
2026-09-10 17:00:00,25352.999,25370.666,25320.199,25325.688,60,1534
2026-09-10 18:00:00,25326.188,25341.188,25297.655,25327.699,60,1531
2026-09-10 19:00:00,25326.677,25334.999,25300.155,25329.655,60,1553
2026-09-10 20:00:00,25329.166,25347.488,25321.755,25346.788,15,4536
2026-09-10 22:00:00,25344.177,25351.799,25329.599,25332.666,60,4547
2026-09-10 23:00:00,25333.255,25337.999,25315.555,25317.066,60,4525
2026-09-11 00:00:00,25317.399,25370.999,25315.599,25369.677,59,4548
2026-09-11 01:00:00,25370.688,25383.166,25330.655,25339.699,60,2551
2026-09-11 02:00:00,25340.199,25346.688,25314.499,25322.499,60,2539
2026-09-11 03:00:00,25319.699,25337.166,25307.999,25331.166,60,2587
2026-09-11 04:00:00,25330.666,25395.177,25321.655,25372.155,60,2560
2026-09-11 05:00:00,25373.155,25447.688,25370.688,25438.655,60,2555
2026-09-11 06:00:00,25436.699,25467.488,25410.166,25458.466,60,1558
2026-09-11 07:00:00,25457.466,25495.499,25409.455,25424.988,60,1042
2026-09-11 08:00:00,25424.499,25508.466,25395.455,25508.466,54,1036
2026-09-11 09:00:00,25508.988,25531.799,25478.977,25522.955,60,1045
2026-09-11 10:00:00,25524.488,25556.988,25495.466,25538.499,60,1048
2026-09-11 11:00:00,25539.799,25544.799,25495.455,25511.977,60,1039
2026-09-11 12:00:00,25511.477,25564.799,25456.255,25563.455,60,1074
2026-09-11 13:00:00,25563.955,25584.455,25513.477,25581.499,60,1057
2026-09-11 14:00:00,25580.999,25581.477,25488.999,25515.988,60,1054
2026-09-11 15:00:00,25515.466,25587.499,25511.799,25546.166,60,1062
2026-09-11 16:00:00,25546.699,25568.677,25532.666,25562.188,60,1556
2026-09-11 17:00:00,25563.199,25582.499,25559.199,25562.155,60,1544
2026-09-11 18:00:00,25562.688,25570.199,25541.155,25545.188,60,1553
2026-09-11 19:00:00,25546.166,25557.688,25540.166,25552.166,60,1555
2026-09-13 22:00:00,25423.466,25429.999,25377.066,25404.266,58,4560
2026-09-13 23:00:00,25404.299,25421.499,25401.755,25403.777,59,4549
2026-09-14 00:00:00,25403.155,25511.699,25400.555,25496.166,59,4527
2026-09-14 01:00:00,25492.188,25537.677,25487.699,25534.499,59,2548
2026-09-14 02:00:00,25529.999,25536.199,25518.688,25521.188,59,2572
2026-09-14 03:00:00,25520.166,25520.688,25491.655,25495.677,58,2536
2026-09-14 04:00:00,25496.188,25504.688,25480.499,25486.199,60,2543
2026-09-14 05:00:00,25486.688,25494.688,25453.188,25464.999,60,2584
2026-09-14 06:00:00,25465.177,25504.499,25420.188,25448.499,60,1596
2026-09-14 07:00:00,25447.466,25545.488,25390.477,25438.977,60,1054
2026-09-14 08:00:00,25439.988,25471.966,25380.966,25423.477,60,1056
2026-09-14 09:00:00,25421.988,25435.488,25338.955,25434.988,60,1036
2026-09-14 10:00:00,25434.977,25497.299,25411.966,25489.966,60,1049
2026-09-14 11:00:00,25488.488,25499.499,25429.477,25432.966,60,1053
2026-09-14 12:00:00,25431.955,25451.799,25372.488,25448.455,60,1038
2026-09-14 13:00:00,25448.977,25481.455,25394.466,25454.799,60,1070
2026-09-14 14:00:00,25453.488,25472.299,25325.999,25346.466,60,1051
2026-09-14 15:00:00,25345.477,25512.155,25332.955,25499.655,60,1037
2026-09-14 16:00:00,25498.499,25579.655,25491.999,25570.666,60,1533
2026-09-14 17:00:00,25570.188,25572.499,25537.499,25554.699,60,1550
2026-09-14 18:00:00,25554.177,25576.677,25547.666,25569.666,60,1565
2026-09-14 19:00:00,25570.199,25571.499,25500.699,25500.699,60,1558
2026-09-14 20:00:00,25499.666,25503.655,25490.155,25494.555,15,4535
2026-09-14 22:00:00,25509.099,25510.066,25499.277,25503.666,59,4557
2026-09-14 23:00:00,25503.999,25506.099,25497.355,25501.777,60,4542
2026-09-15 00:00:00,25502.366,25527.499,25490.155,25516.177,60,4537
2026-09-15 01:00:00,25515.666,25522.166,25466.177,25473.666,60,2540
2026-09-15 02:00:00,25473.199,25491.655,25466.666,25470.166,60,2582
2026-09-15 03:00:00,25471.177,25474.155,25448.666,25451.499,60,2540
2026-09-15 04:00:00,25450.666,25460.155,25387.666,25387.666,60,2547
2026-09-15 05:00:00,25386.677,25458.999,25373.688,25445.499,60,2533
2026-09-15 06:00:00,25445.677,25467.699,25397.455,25403.999,60,1578
2026-09-15 07:00:00,25401.499,25408.477,25190.977,25234.466,60,1057
2026-09-15 08:00:00,25235.799,25286.466,25167.499,25248.455,60,1036
2026-09-15 09:00:00,25248.955,25363.488,25211.455,25363.488,60,1053
2026-09-15 10:00:00,25364.477,25430.799,25353.299,25425.488,60,1046
2026-09-15 11:00:00,25426.477,25454.799,25407.799,25446.466,60,1040
2026-09-15 12:00:00,25445.466,25474.499,25402.799,25466.299,60,1064
2026-09-15 13:00:00,25464.455,25480.988,25417.455,25461.955,60,1039
2026-09-15 14:00:00,25460.477,25478.466,25354.955,25384.955,60,1041
2026-09-15 15:00:00,25384.799,25450.155,25369.455,25423.199,60,1056
2026-09-15 16:00:00,25422.166,25454.188,25406.155,25446.155,60,1566
2026-09-15 17:00:00,25447.155,25453.688,25433.155,25449.166,60,1548
2026-09-15 18:00:00,25449.688,25462.666,25420.155,25442.155,60,1552
2026-09-15 19:00:00,25441.499,25443.688,25414.188,25426.155,60,1546
2026-09-15 20:00:00,25426.499,25442.988,25424.266,25441.799,15,4580
2026-09-15 22:00:00,25449.288,25460.399,25443.377,25458.888,58,4593
2026-09-15 23:00:00,25458.599,25458.899,25448.855,25456.399,57,4615
2026-09-16 00:00:00,25455.788,25471.666,25446.699,25456.166,59,4541
2026-09-16 01:00:00,25455.677,25468.155,25423.166,25425.499,60,2580
2026-09-16 02:00:00,25425.688,25465.677,25424.166,25459.188,60,2582
2026-09-16 03:00:00,25459.999,25495.166,25459.999,25482.177,60,2565
2026-09-16 04:00:00,25482.999,25488.677,25452.666,25452.688,60,2620
2026-09-16 05:00:00,25452.188,25490.666,25445.177,25483.199,60,2581
2026-09-16 06:00:00,25482.177,25499.955,25453.688,25493.977,60,1616
2026-09-16 07:00:00,25492.466,25525.955,25433.999,25442.455,60,1042
2026-09-16 08:00:00,25443.299,25444.977,25360.988,25425.955,60,1064
2026-09-16 09:00:00,25427.299,25460.299,25389.988,25445.955,60,1059
2026-09-16 10:00:00,25446.977,25490.966,25414.988,25488.999,60,1042
2026-09-16 11:00:00,25494.299,25510.999,25475.966,25505.455,60,1039
2026-09-16 12:00:00,25504.977,25512.499,25456.955,25496.999,60,1059
2026-09-16 13:00:00,25496.299,25529.977,25455.977,25515.977,60,1070
2026-09-16 14:00:00,25512.455,25559.299,25483.455,25559.299,60,1043
2026-09-16 15:00:00,25557.977,25603.699,25535.677,25553.188,60,1044
2026-09-16 16:00:00,25552.999,25556.199,25518.188,25518.677,60,1574
2026-09-16 17:00:00,25518.188,25558.999,25508.655,25558.499,60,1549
2026-09-16 18:00:00,25557.699,25607.655,25473.655,25474.677,60,1567
2026-09-16 19:00:00,25475.677,25512.188,25398.666,25510.655,60,1553
2026-09-16 20:00:00,25510.177,25517.588,25504.099,25507.577,15,4572
2026-09-16 22:00:00,25503.277,25554.399,25489.366,25553.055,60,4555
2026-09-16 23:00:00,25552.799,25602.699,25551.177,25601.188,60,4553
2026-09-17 00:00:00,25600.599,25679.499,25592.699,25671.199,59,4544
2026-09-17 01:00:00,25677.655,25703.166,25655.166,25656.199,60,2553
2026-09-17 02:00:00,25655.655,25691.499,25653.666,25675.166,60,2558
2026-09-17 03:00:00,25675.688,25708.655,25666.677,25701.666,60,2567
2026-09-17 04:00:00,25703.166,25708.666,25677.199,25688.155,58,2644
2026-09-17 05:00:00,25690.177,25692.188,25632.677,25637.688,59,2599
2026-09-17 06:00:00,25634.499,25695.677,25625.666,25676.799,60,1588
2026-09-17 07:00:00,25676.988,25752.955,25642.799,25645.499,60,1060
2026-09-17 08:00:00,25644.988,25691.477,25591.999,25667.488,60,1037
2026-09-17 09:00:00,25666.477,25708.799,25645.477,25677.477,60,1051
2026-09-17 10:00:00,25676.977,25683.299,25643.455,25667.988,60,1043
2026-09-17 11:00:00,25665.466,25732.977,25661.966,25732.488,60,1041
2026-09-17 12:00:00,25731.488,25805.477,25703.988,25752.466,60,1065
2026-09-17 13:00:00,25751.799,25784.466,25717.955,25755.499,60,1042
2026-09-17 14:00:00,25755.999,25778.466,25733.455,25745.299,60,1044
2026-09-17 15:00:00,25744.499,25759.966,25700.699,25724.155,60,1042
2026-09-17 16:00:00,25723.666,25730.999,25647.655,25665.999,60,1545
2026-09-17 17:00:00,25665.155,25680.999,25651.666,25656.666,60,1539
2026-09-17 18:00:00,25657.199,25659.699,25638.177,25651.155,60,1550
2026-09-17 19:00:00,25651.688,25671.199,25630.188,25647.177,60,1579
2026-09-17 20:00:00,25647.999,25657.555,25646.899,25647.455,15,4603
2026-09-17 22:00:00,25639.988,25643.499,25626.155,25631.755,58,4551
2026-09-17 23:00:00,25632.455,25640.299,25631.799,25636.177,59,4685
2026-09-18 00:00:00,25635.888,25638.777,25565.677,25570.499,59,4500
2026-09-18 01:00:00,25571.188,25585.177,25564.999,25579.666,59,2589
2026-09-18 02:00:00,25580.199,25598.688,25576.188,25588.999,60,2556
2026-09-18 03:00:00,25589.499,25622.666,25587.177,25621.166,59,2563
2026-09-18 04:00:00,25621.999,25639.999,25611.688,25636.655,60,2521
2026-09-18 05:00:00,25636.199,25681.177,25633.499,25665.499,59,2618
2026-09-18 06:00:00,25664.666,25685.688,25627.699,25638.455,60,1570
2026-09-18 07:00:00,25638.299,25652.466,25580.488,25628.488,60,1039
2026-09-18 08:00:00,25629.466,25633.966,25539.955,25610.999,60,1042
2026-09-18 09:00:00,25610.455,25626.499,25526.455,25528.488,60,1103
2026-09-18 10:00:00,25528.955,25552.799,25502.955,25506.966,60,1036
2026-09-18 11:00:00,25508.488,25595.488,25452.466,25457.977,60,1065
2026-09-18 12:00:00,25458.799,25467.499,25378.455,25423.988,60,1041
2026-09-18 13:00:00,25422.977,25438.955,25313.966,25325.477,60,1044
2026-09-18 14:00:00,25325.299,25376.999,25300.966,25327.466,60,1061
2026-09-18 15:00:00,25327.977,25330.477,25279.199,25285.999,60,1036
2026-09-18 16:00:00,25286.155,25301.199,25264.655,25291.199,60,1534
2026-09-18 17:00:00,25290.666,25297.177,25282.499,25290.677,60,1601
2026-09-18 18:00:00,25290.499,25298.177,25277.655,25291.655,60,1557
2026-09-18 19:00:00,25291.166,25318.199,25286.199,25301.199,60,1574
2026-09-20 22:00:00,25283.566,25335.877,25273.066,25334.377,57,4648
2026-09-20 23:00:00,25333.366,25343.799,25327.866,25342.888,57,4658
2026-09-21 00:00:00,25343.166,25387.699,25336.155,25375.188,59,4648
2026-09-21 01:00:00,25375.655,25411.188,25374.155,25405.677,60,2649
2026-09-21 02:00:00,25406.166,25414.199,25383.177,25383.688,60,2650
2026-09-21 03:00:00,25384.177,25413.699,25381.677,25409.188,60,2648
2026-09-21 04:00:00,25410.177,25428.688,25410.177,25420.166,60,2651
2026-09-21 05:00:00,25420.677,25458.199,25416.655,25457.188,60,2650
2026-09-21 06:00:00,25457.677,25492.499,25429.155,25489.499,60,1648
2026-09-21 07:00:00,25488.488,25516.499,25436.488,25481.477,60,1147
2026-09-21 08:00:00,25482.466,25556.455,25479.999,25533.499,60,1147
2026-09-21 09:00:00,25533.977,25576.977,25519.955,25572.966,60,1151
2026-09-21 10:00:00,25571.977,25601.455,25564.955,25564.955,60,1149
2026-09-21 11:00:00,25567.455,25614.488,25564.466,25595.488,60,1151
2026-09-21 12:00:00,25594.955,25619.466,25576.955,25596.499,60,1148
2026-09-21 13:00:00,25595.988,25617.999,25520.977,25546.488,60,1147
2026-09-21 14:00:00,25545.466,25594.499,25523.977,25561.955,60,1149
2026-09-21 15:00:00,25561.455,25609.155,25560.977,25584.688,60,1147
2026-09-21 16:00:00,25582.666,25639.177,25580.199,25633.688,60,1658
2026-09-21 17:00:00,25633.155,25640.199,25613.155,25621.188,60,1652
2026-09-21 18:00:00,25622.177,25647.199,25620.166,25645.177,60,1645
2026-09-21 19:00:00,25644.677,25659.699,25626.155,25630.188,60,1657
2026-09-21 20:00:00,25629.699,25633.088,25617.988,25623.855,15,4647
2026-09-21 22:00:00,25617.399,25630.499,25613.755,25627.966,60,4644
2026-09-21 23:00:00,25628.299,25637.366,25625.577,25633.266,60,4645
2026-09-22 00:00:00,25633.855,25648.655,25627.155,25635.677,59,4650
2026-09-22 01:00:00,25634.699,25640.199,25621.666,25626.177,60,2647
2026-09-22 02:00:00,25625.655,25641.688,25623.688,25629.666,60,2647
2026-09-22 03:00:00,25628.666,25629.199,25614.155,25619.199,60,2652
2026-09-22 04:00:00,25619.699,25624.677,25609.688,25616.699,60,2650
2026-09-22 05:00:00,25616.155,25622.199,25592.166,25617.655,60,2651
2026-09-22 06:00:00,25616.177,25617.655,25571.666,25594.966,60,1680
2026-09-22 07:00:00,25598.999,25630.955,25458.966,25470.955,60,1147
2026-09-22 08:00:00,25471.966,25633.988,25417.966,25592.988,60,1147
2026-09-22 09:00:00,25593.999,25728.988,25565.966,25720.955,60,1147
2026-09-22 10:00:00,25718.988,25754.999,25673.955,25708.477,60,1149
2026-09-22 11:00:00,25707.499,25721.499,25652.955,25675.977,60,1150
2026-09-22 12:00:00,25674.988,25758.499,25672.955,25740.466,60,1147
2026-09-22 13:00:00,25739.999,25785.966,25661.977,25668.488,60,1146
2026-09-22 14:00:00,25668.955,25688.488,25568.455,25601.499,60,1149
2026-09-22 15:00:00,25601.977,25633.955,25550.666,25581.666,60,1148
2026-09-22 16:00:00,25582.155,25630.699,25571.666,25615.666,60,1646
2026-09-22 17:00:00,25614.688,25666.188,25587.655,25665.677,60,1645
2026-09-22 18:00:00,25666.666,25685.688,25652.166,25668.699,60,1648
2026-09-22 19:00:00,25669.199,25727.177,25661.155,25683.688,60,1647
2026-09-22 20:00:00,25684.666,25691.299,25683.155,25686.899,15,4651
2026-09-22 22:00:00,25683.166,25692.099,25679.477,25683.188,60,4646
2026-09-22 23:00:00,25683.888,25689.799,25682.855,25688.499,57,4657
2026-09-23 00:00:00,25687.866,25698.699,25664.155,25666.199,59,4649
2026-09-23 01:00:00,25665.688,25674.666,25655.655,25668.177,60,2646
2026-09-23 02:00:00,25667.155,25673.199,25647.677,25671.188,59,2647
2026-09-23 03:00:00,25670.699,25694.155,25664.666,25685.199,59,2653
2026-09-23 04:00:00,25684.677,25714.666,25684.677,25704.199,59,2653
2026-09-23 05:00:00,25705.699,25712.177,25681.166,25695.177,60,2647
2026-09-23 06:00:00,25696.188,25752.155,25690.677,25709.966,60,1678
2026-09-23 07:00:00,25709.466,25735.955,25558.966,25606.499,60,1147
2026-09-23 08:00:00,25607.955,25609.488,25476.477,25503.477,60,1146
2026-09-23 09:00:00,25502.466,25513.966,25449.455,25463.955,60,1147
2026-09-23 10:00:00,25463.466,25483.499,25438.966,25445.499,60,1146
2026-09-23 11:00:00,25444.955,25444.955,25361.455,25419.966,60,1146
2026-09-23 12:00:00,25420.999,25450.477,25371.977,25449.488,60,1147
2026-09-23 13:00:00,25450.466,25464.455,25407.455,25445.977,60,1149
2026-09-23 14:00:00,25446.955,25480.466,25377.488,25435.477,60,1147
2026-09-23 15:00:00,25434.999,25460.477,25380.155,25400.155,60,1147
2026-09-23 16:00:00,25399.655,25400.699,25272.655,25288.166,60,1649
2026-09-23 17:00:00,25287.655,25364.177,25278.155,25363.166,60,1646
2026-09-23 18:00:00,25362.166,25377.199,25346.177,25373.166,60,1649
2026-09-23 19:00:00,25372.666,25382.699,25347.166,25360.155,60,1650
2026-09-23 20:00:00,25359.677,25359.799,25349.977,25351.755,15,4646
2026-09-23 22:00:00,25364.555,25384.288,25364.555,25373.877,59,4650
2026-09-23 23:00:00,25373.499,25375.377,25354.455,25356.855,60,4652
2026-09-24 00:00:00,25358.055,25361.199,25319.666,25348.155,59,4644
2026-09-24 01:00:00,25347.666,25348.688,25302.666,25327.666,60,2649
2026-09-24 02:00:00,25328.155,25354.188,25304.177,25341.155,60,2651
2026-09-24 03:00:00,25340.677,25340.688,25317.166,25332.188,60,2649
2026-09-24 04:00:00,25331.655,25344.177,25300.699,25336.666,60,2646
2026-09-24 05:00:00,25336.188,25360.666,25295.166,25295.166,60,2646
2026-09-24 06:00:00,25298.155,25340.166,25280.199,25322.966,60,1672
2026-09-24 07:00:00,25323.488,25398.477,25258.488,25309.477,60,1146
2026-09-24 08:00:00,25310.466,25323.466,25161.977,25226.455,60,1147
2026-09-24 09:00:00,25225.977,25308.488,25225.499,25303.966,60,1148
2026-09-24 10:00:00,25302.999,25378.977,25274.977,25362.955,60,1147
2026-09-24 11:00:00,25363.466,25385.499,25308.977,25365.966,60,1152
2026-09-24 12:00:00,25364.955,25376.988,25310.988,25371.988,60,1149
2026-09-24 13:00:00,25372.499,25426.955,25353.499,25389.488,60,1147
2026-09-24 14:00:00,25389.977,25397.977,25287.955,25290.977,60,1150
2026-09-24 15:00:00,25289.499,25302.477,25242.655,25281.155,60,1146
2026-09-24 16:00:00,25281.666,25459.688,25264.699,25410.666,60,1648
2026-09-24 17:00:00,25409.655,25432.677,25356.699,25378.688,60,1647
2026-09-24 18:00:00,25379.188,25417.177,25333.655,25394.677,60,1648
2026-09-24 19:00:00,25394.188,25396.188,25364.655,25386.699,60,1646
2026-09-24 20:00:00,25387.188,25388.688,25366.755,25367.366,15,4654
2026-09-24 22:00:00,25360.155,25375.388,25347.655,25353.077,60,4647
2026-09-24 23:00:00,25352.788,25358.699,25336.255,25337.477,60,4652
2026-09-25 00:00:00,25336.588,25374.199,25335.777,25353.199,59,4645
2026-09-25 01:00:00,25353.666,25404.199,25343.666,25382.166,60,2647
2026-09-25 02:00:00,25382.655,25396.677,25365.177,25388.188,60,2645
2026-09-25 03:00:00,25387.155,25417.677,25385.199,25404.166,60,2646
2026-09-25 04:00:00,25404.677,25406.677,25383.677,25391.699,60,2645
2026-09-25 05:00:00,25391.155,25447.199,25388.188,25435.666,60,2651
2026-09-25 06:00:00,25433.188,25483.199,25426.977,25428.477,60,1662
2026-09-25 07:00:00,25430.477,25469.499,25394.455,25402.488,60,1147
2026-09-25 08:00:00,25401.977,25527.977,25375.499,25508.466,60,1147
2026-09-25 09:00:00,25507.988,25517.499,25446.466,25476.455,60,1146
2026-09-25 10:00:00,25477.488,25486.488,25404.966,25431.955,60,1147
2026-09-25 11:00:00,25431.477,25478.499,25413.466,25440.999,60,1148
2026-09-25 12:00:00,25441.477,25487.466,25406.988,25443.955,60,1146
2026-09-25 13:00:00,25444.466,25478.999,25407.955,25428.999,60,1149
2026-09-25 14:00:00,25430.977,25434.988,25344.455,25381.477,60,1147
2026-09-25 15:00:00,25380.466,25466.699,25366.455,25466.699,60,1149
2026-09-25 16:00:00,25467.655,25572.199,25460.199,25514.677,60,1646
2026-09-25 17:00:00,25515.166,25553.199,25509.677,25541.155,60,1652
2026-09-25 18:00:00,25542.188,25560.655,25527.677,25552.166,60,1647
2026-09-25 19:00:00,25552.677,25562.199,25520.188,25547.655,60,1646
2026-09-27 22:00:00,25493.666,25512.188,25466.366,25468.777,58,4650
2026-09-27 23:00:00,25468.199,25478.699,25463.266,25474.555,60,4648
2026-09-28 00:00:00,25475.299,25497.699,25472.477,25480.688,59,4647
2026-09-28 01:00:00,25481.155,25497.177,25475.166,25477.177,60,2646
2026-09-28 02:00:00,25476.677,25490.177,25450.655,25480.177,60,2645
2026-09-28 03:00:00,25480.688,25493.688,25448.155,25452.688,60,2646
2026-09-28 04:00:00,25453.188,25481.688,25441.699,25462.655,60,2648
2026-09-28 05:00:00,25462.166,25473.677,25420.177,25448.166,60,2646
2026-09-28 06:00:00,25447.688,25460.655,25392.177,25449.955,60,1682
2026-09-28 07:00:00,25450.466,25488.477,25393.955,25462.955,60,1148
2026-09-28 08:00:00,25460.977,25510.499,25427.955,25436.466,60,1149
2026-09-28 09:00:00,25435.966,25459.466,25366.966,25419.999,60,1150
2026-09-28 10:00:00,25418.955,25431.488,25361.488,25379.466,60,1147
2026-09-28 11:00:00,25382.988,25426.499,25354.499,25406.966,60,1147
2026-09-28 12:00:00,25406.466,25518.477,25384.466,25509.499,60,1148
2026-09-28 13:00:00,25508.966,25549.477,25438.966,25545.477,60,1148
2026-09-28 14:00:00,25544.955,25577.499,25438.466,25447.977,60,1146
2026-09-28 15:00:00,25448.488,25454.477,25366.655,25434.177,60,1147
2026-09-28 16:00:00,25433.699,25600.199,25430.155,25518.188,60,1648
2026-09-28 17:00:00,25517.155,25631.166,25496.655,25532.655,60,1647
2026-09-28 18:00:00,25532.177,25543.199,25508.188,25534.188,60,1648
2026-09-28 19:00:00,25534.677,25535.199,25493.188,25499.688,60,1647
2026-09-28 20:00:00,25500.177,25504.577,25489.566,25492.077,15,4652
2026-09-28 22:00:00,25501.655,25518.388,25487.677,25512.199,60,4648
2026-09-28 23:00:00,25511.766,25518.899,25503.255,25508.855,60,4648
2026-09-29 00:00:00,25510.155,25516.366,25455.666,25464.677,60,4645
2026-09-29 01:00:00,25465.655,25487.199,25448.699,25462.155,60,2647
2026-09-29 02:00:00,25462.688,25482.699,25444.155,25457.666,60,2650
2026-09-29 03:00:00,25458.655,25466.188,25413.655,25423.166,60,2646
2026-09-29 04:00:00,25423.688,25429.166,25403.155,25404.155,60,2650
2026-09-29 05:00:00,25403.688,25428.177,25377.177,25428.155,60,2648
2026-09-29 06:00:00,25426.188,25461.199,25398.966,25402.988,60,1676
2026-09-29 07:00:00,25399.999,25495.999,25333.477,25411.955,60,1147
2026-09-29 08:00:00,25413.477,25498.477,25397.477,25491.966,60,1148
2026-09-29 09:00:00,25491.477,25521.466,25453.966,25490.988,60,1146
2026-09-29 10:00:00,25490.455,25554.466,25483.466,25553.966,60,1148
2026-09-29 11:00:00,25552.977,25617.955,25536.966,25587.977,60,1146
2026-09-29 12:00:00,25587.466,25609.466,25529.988,25541.966,60,1149
2026-09-29 13:00:00,25541.455,25552.999,25467.955,25492.988,60,1145
2026-09-29 14:00:00,25495.988,25537.999,25451.966,25457.988,60,1147
2026-09-29 15:00:00,25458.477,25458.999,25354.977,25376.688,60,1149
2026-09-29 16:00:00,25376.199,25383.688,25332.666,25344.677,60,1647
2026-09-29 17:00:00,25344.155,25374.655,25326.699,25345.155,60,1650
2026-09-29 18:00:00,25345.655,25422.666,25345.655,25420.166,60,1648
2026-09-29 19:00:00,25420.666,25441.699,25415.155,25441.688,60,1650
2026-09-29 20:00:00,25442.188,25455.899,25441.588,25449.677,15,4646
2026-09-29 22:00:00,25458.588,25517.199,25456.766,25490.866,60,4649
2026-09-29 23:00:00,25491.155,25511.399,25489.066,25511.377,60,4652
2026-09-30 00:00:00,25510.788,25519.488,25479.688,25490.166,59,4645
2026-09-30 01:00:00,25490.677,25513.199,25465.155,25512.188,60,2649
2026-09-30 02:00:00,25512.699,25536.166,25506.677,25522.188,60,2648
2026-09-30 03:00:00,25523.199,25552.188,25517.155,25546.699,60,2648
2026-09-30 04:00:00,25546.177,25574.166,25545.177,25568.666,60,2646
2026-09-30 05:00:00,25568.166,25568.677,25506.155,25534.666,60,2651
2026-09-30 06:00:00,25533.199,25548.155,25438.999,25443.966,60,1666
2026-09-30 07:00:00,25447.477,25584.466,25439.955,25560.499,60,1147
2026-09-30 08:00:00,25552.488,25578.955,25398.466,25399.455,60,1148
2026-09-30 09:00:00,25400.499,25405.477,25345.455,25361.455,60,1147
2026-09-30 10:00:00,25361.966,25373.999,25332.455,25342.999,60,1147
2026-09-30 11:00:00,25343.455,25360.488,25274.499,25323.988,60,1147
2026-09-30 12:00:00,25323.466,25388.488,25274.955,25350.955,60,1148
2026-09-30 13:00:00,25350.466,25374.499,25209.966,25283.977,60,1147
2026-09-30 14:00:00,25284.488,25308.988,25211.466,25211.477,60,1146
2026-09-30 15:00:00,25211.966,25225.988,25151.155,25195.655,60,1149
2026-09-30 16:00:00,25195.155,25212.688,25175.688,25181.177,60,1647
2026-09-30 17:00:00,25181.688,25183.699,25141.655,25166.199,60,1649
2026-09-30 18:00:00,25165.677,25165.699,25110.155,25127.677,60,1645
2026-09-30 19:00:00,25127.199,25130.699,25080.655,25085.166,60,1651
2026-09-30 20:00:00,25084.666,25106.166,25064.788,25103.077,15,4648
2026-09-30 22:00:00,25107.277,25146.599,25098.666,25141.077,60,4647
2026-09-30 23:00:00,25141.655,25178.299,25138.555,25174.555,60,4647
2026-10-01 00:00:00,25173.955,25175.166,25017.155,25044.699,59,4648
2026-10-01 01:00:00,25045.688,25079.699,25031.155,25034.188,60,2650
2026-10-01 02:00:00,25035.688,25050.699,25018.188,25045.166,60,2646
2026-10-01 03:00:00,25044.688,25060.688,25035.199,25054.155,60,2647
2026-10-01 04:00:00,25057.166,25091.199,25047.699,25090.677,60,2657
2026-10-01 05:00:00,25091.177,25118.199,25074.199,25086.666,60,2659
2026-10-01 06:00:00,25086.166,25119.199,24995.988,24998.999,60,1654
2026-10-01 07:00:00,24999.977,25094.488,24850.988,24872.499,60,1146
2026-10-01 08:00:00,24871.955,24952.988,24828.477,24952.966,60,1147
2026-10-01 09:00:00,24952.499,25059.988,24949.488,25036.955,60,1146
2026-10-01 10:00:00,25036.466,25185.499,24996.466,25169.955,60,1146
2026-10-01 11:00:00,25171.477,25203.466,25110.455,25203.466,60,1146
2026-10-01 12:00:00,25203.988,25234.499,25172.477,25178.488,60,1148
2026-10-01 13:00:00,25178.966,25204.966,25045.966,25049.488,60,1146
2026-10-01 14:00:00,25048.455,25051.966,24948.999,24978.988,60,1146
2026-10-01 15:00:00,24979.499,24996.499,24917.688,24954.666,60,1146
2026-10-01 16:00:00,24955.166,24973.699,24918.666,24933.199,60,1646
2026-10-01 17:00:00,24933.677,25050.199,24924.666,24975.166,60,1646
2026-10-01 18:00:00,24975.699,24989.699,24928.655,24972.155,60,1647
2026-10-01 19:00:00,24971.677,24985.166,24942.199,24984.655,60,1651
2026-10-01 20:00:00,24984.188,24995.188,24979.888,24993.588,15,4647
2026-10-01 22:00:00,24979.855,24991.488,24974.999,24989.088,60,4651
2026-10-01 23:00:00,24988.488,24997.999,24978.866,24995.599,60,4668
2026-10-02 00:00:00,24994.999,25002.555,24942.699,24946.688,60,4643
2026-10-02 01:00:00,24948.155,24963.166,24934.655,24959.188,60,2648
2026-10-02 02:00:00,24960.155,24981.699,24950.666,24979.655,60,2647
2026-10-02 03:00:00,24981.188,24999.188,24973.177,24998.666,60,2647
2026-10-02 04:00:00,24999.188,25056.155,24995.655,25056.155,60,2646
2026-10-02 05:00:00,25056.655,25063.199,25008.188,25016.188,60,2646
2026-10-02 06:00:00,25011.655,25053.166,24992.177,25031.499,60,1668
2026-10-02 07:00:00,25030.455,25155.966,24962.966,25123.499,60,1146
2026-10-02 08:00:00,25121.455,25234.999,25096.477,25222.966,60,1147
2026-10-02 09:00:00,25224.488,25239.499,25132.455,25170.988,60,1148
2026-10-02 10:00:00,25170.477,25234.466,25075.455,25221.488,60,1148
2026-10-02 11:00:00,25221.966,25252.499,25165.455,25176.477,60,1145
2026-10-02 12:00:00,25175.977,25272.966,25145.455,25252.466,60,1187
2026-10-02 13:00:00,25253.477,25296.466,25196.988,25257.999,60,1148
2026-10-02 14:00:00,25258.988,25305.466,25219.966,25280.499,60,1148
2026-10-02 15:00:00,25281.466,25292.499,25188.988,25242.677,60,1146
2026-10-02 16:00:00,25243.188,25264.177,25201.177,25230.188,60,1647
2026-10-02 17:00:00,25231.199,25257.688,25210.677,25250.177,60,1650
2026-10-02 18:00:00,25251.188,25259.655,25230.188,25253.177,60,1646
2026-10-02 19:00:00,25254.166,25282.199,25254.155,25273.199,60,1649
2026-10-04 22:00:00,25315.055,25316.588,25301.866,25314.199,58,4647
2026-10-04 23:00:00,25313.877,25317.588,25295.499,25305.299,60,4654
2026-10-05 00:00:00,25304.055,25311.877,25257.666,25280.655,59,4644
2026-10-05 01:00:00,25281.188,25311.699,25270.655,25293.655,60,2650
2026-10-05 02:00:00,25293.177,25300.177,25266.666,25274.699,60,2649
2026-10-05 03:00:00,25273.699,25281.699,25230.677,25230.677,60,2647
2026-10-05 04:00:00,25232.166,25242.655,25186.199,25202.155,60,2647
2026-10-05 05:00:00,25201.699,25247.188,25196.677,25244.166,60,2648
2026-10-05 06:00:00,25242.155,25346.488,25240.699,25316.955,60,1689
2026-10-05 07:00:00,25302.455,25302.455,25159.488,25178.988,60,1147
2026-10-05 08:00:00,25177.999,25311.999,25140.466,25211.966,60,1147
2026-10-05 09:00:00,25212.455,25227.955,25169.999,25207.988,60,1147
2026-10-05 10:00:00,25208.455,25275.988,25180.499,25266.488,60,1146
2026-10-05 11:00:00,25267.466,25317.455,25210.955,25314.477,60,1145
2026-10-05 12:00:00,25313.477,25326.988,25256.466,25278.999,60,1147
2026-10-05 13:00:00,25279.499,25321.466,25199.455,25223.977,60,1148
2026-10-05 14:00:00,25223.455,25297.999,25192.455,25290.955,60,1147
2026-10-05 15:00:00,25290.466,25290.466,25216.488,25260.188,60,1148
2026-10-05 16:00:00,25261.155,25293.199,25248.155,25270.188,60,1646
2026-10-05 17:00:00,25269.655,25299.699,25263.155,25295.699,60,1647
2026-10-05 18:00:00,25297.166,25316.677,25287.155,25316.677,60,1650
2026-10-05 19:00:00,25315.666,25350.188,25302.188,25305.655,60,1648
2026-10-05 20:00:00,25308.177,25328.188,25308.177,25316.066,15,4654
2026-10-05 22:00:00,25323.999,25332.877,25319.499,25320.666,59,4645
2026-10-05 23:00:00,25320.099,25329.199,25318.155,25319.466,59,4648
2026-10-06 00:00:00,25320.066,25340.677,25311.688,25340.677,60,4646
2026-10-06 01:00:00,25341.155,25343.177,25311.677,25331.666,60,2647
2026-10-06 02:00:00,25330.199,25331.688,25313.699,25325.666,60,2651
2026-10-06 03:00:00,25326.188,25337.655,25301.155,25305.166,60,2651
2026-10-06 04:00:00,25305.688,25324.199,25284.655,25296.188,60,2659
2026-10-06 05:00:00,25295.166,25338.699,25293.188,25338.699,60,2675
2026-10-06 06:00:00,25340.166,25437.966,25335.688,25429.955,60,1656
2026-10-06 07:00:00,25433.955,25487.466,25354.977,25463.966,60,1146
2026-10-06 08:00:00,25464.488,25522.999,25425.988,25459.488,60,1148
2026-10-06 09:00:00,25458.988,25501.988,25412.955,25433.955,60,1148
2026-10-06 10:00:00,25434.488,25445.999,25394.999,25413.966,60,1149
2026-10-06 11:00:00,25416.488,25451.455,25392.466,25438.466,60,1150
2026-10-06 12:00:00,25437.999,25440.455,25363.966,25385.988,60,1148
2026-10-06 13:00:00,25387.477,25450.477,25353.466,25423.455,60,1145
2026-10-06 14:00:00,25424.466,25474.488,25391.488,25451.455,60,1147
2026-10-06 15:00:00,25451.999,25477.477,25441.488,25447.699,60,1149
2026-10-06 16:00:00,25448.155,25453.188,25385.188,25396.177,60,1649
2026-10-06 17:00:00,25396.655,25396.666,25369.677,25385.666,60,1647
2026-10-06 18:00:00,25386.188,25388.688,25369.166,25375.177,60,1654
2026-10-06 19:00:00,25375.666,25381.199,25345.166,25352.655,60,1648
2026-10-06 20:00:00,25352.199,25355.299,25346.166,25352.888,15,4650
2026-10-06 22:00:00,25370.177,25378.199,25367.799,25372.755,59,4647
2026-10-06 23:00:00,25373.377,25376.977,25370.277,25370.988,57,4657
2026-10-07 00:00:00,25370.255,25377.555,25331.199,25355.188,58,4645
2026-10-07 01:00:00,25354.699,25364.699,25338.655,25339.699,60,2647
2026-10-07 02:00:00,25339.199,25340.699,25313.177,25318.677,59,2652
2026-10-07 03:00:00,25317.199,25332.166,25313.155,25323.688,60,2654
2026-10-07 04:00:00,25325.177,25345.699,25322.699,25327.177,60,2645
2026-10-07 05:00:00,25327.677,25332.199,25287.677,25289.688,60,2646
2026-10-07 06:00:00,25293.188,25296.166,25239.999,25245.988,60,1660
2026-10-07 07:00:00,25245.477,25296.499,25195.966,25229.455,60,1146
2026-10-07 08:00:00,25230.977,25348.488,25218.466,25302.966,60,1146
2026-10-07 09:00:00,25303.955,25310.977,25109.499,25138.499,60,1146
2026-10-07 10:00:00,25136.488,25170.488,25075.955,25088.988,60,1147
2026-10-07 11:00:00,25087.988,25119.477,25050.455,25117.477,60,1149
2026-10-07 12:00:00,25116.466,25161.999,25097.999,25144.988,60,1148
2026-10-07 13:00:00,25145.999,25149.999,25035.955,25070.999,60,1148
2026-10-07 14:00:00,25069.977,25094.955,25039.988,25091.966,60,1149
2026-10-07 15:00:00,25090.999,25132.699,25049.955,25113.177,60,1146
2026-10-07 16:00:00,25112.655,25142.699,25100.655,25113.677,60,1647
2026-10-07 17:00:00,25112.666,25159.199,25108.688,25135.199,60,1650
2026-10-07 18:00:00,25131.688,25151.677,25125.155,25140.199,60,1651
2026-10-07 19:00:00,25140.677,25145.199,25113.177,25119.188,60,1649
2026-10-07 20:00:00,25118.155,25124.177,25118.155,25120.577,15,4653
2026-10-07 22:00:00,25121.766,25134.477,25120.277,25128.455,59,4652
2026-10-07 23:00:00,25128.177,25141.188,25126.088,25128.466,60,4645
2026-10-08 00:00:00,25127.299,25129.688,25094.655,25095.655,59,4643
2026-10-08 01:00:00,25095.155,25107.699,25079.677,25099.199,60,2647
2026-10-08 02:00:00,25101.177,25105.699,25072.177,25078.155,60,2646
2026-10-08 03:00:00,25078.666,25087.166,25056.166,25056.677,60,2646
2026-10-08 04:00:00,25057.155,25090.199,25053.155,25084.677,59,2645
2026-10-08 05:00:00,25084.177,25108.699,25000.699,25001.177,60,2650
2026-10-08 06:00:00,25002.677,25033.166,24916.988,24919.466,60,1654
2026-10-08 07:00:00,24919.988,24919.988,24829.955,24897.966,60,1146
2026-10-08 08:00:00,24896.977,24996.955,24879.966,24897.955,60,1146
2026-10-08 09:00:00,24897.488,24944.999,24867.988,24905.999,60,1148
2026-10-08 10:00:00,24906.966,24914.955,24788.466,24846.977,60,1147
2026-10-08 11:00:00,24844.966,24889.988,24800.955,24888.999,60,1147
2026-10-08 12:00:00,24886.966,24923.988,24871.499,24921.488,60,1149
2026-10-08 13:00:00,24920.999,24974.988,24917.955,24955.966,60,1146
2026-10-08 14:00:00,24957.477,24978.977,24847.966,24847.988,60,1146
2026-10-08 15:00:00,24847.477,24855.499,24787.177,24814.677,60,1146
2026-10-08 16:00:00,24814.199,24920.688,24808.655,24889.188,60,1651
2026-10-08 17:00:00,24887.699,24951.177,24869.199,24935.666,60,1646
2026-10-08 18:00:00,24936.655,24948.688,24917.677,24936.677,60,1650
