Datetime,Open,High,Low,Close,Volume,Spread
2025-10-08 19:00:00,25069.108,25142.205,25066.466,25127.803,60,1119
2025-10-08 20:00:00,25127.705,25135.825,25118.999,25130.933,15,1124
2025-10-08 22:00:00,25151.742,25170.783,25143.753,25167.272,60,2369
2025-10-08 23:00:00,25167.62,25194.511,25164.827,25180.838,60,1126
2025-10-09 00:00:00,25180.914,25180.914,25158.653,25164.208,60,1124
2025-10-09 01:00:00,25163.077,25170.399,25122.077,25133.077,60,1131
2025-10-09 02:00:00,25133.149,25140.208,25108.881,25111.794,60,1119
2025-10-09 03:00:00,25111.5,25146.011,25111.131,25128.186,60,1123
2025-10-09 04:00:00,25128.529,25143.719,25125.87,25142.022,60,1130
2025-10-09 05:00:00,25141.969,25165.686,25137.62,25157.077,60,1132
2025-10-09 06:00:00,25158.827,25168.653,25128.0,25138.664,60,1126
2025-10-09 07:00:00,25138.529,25150.149,25125.261,25136.794,60,1125
2025-10-09 08:00:00,25136.469,25142.779,25094.142,25100.044,60,1127
2025-10-09 09:00:00,25100.25,25138.529,25095.522,25120.425,60,1135
2025-10-09 10:00:00,25120.261,25132.044,25103.153,25117.436,60,1123
2025-10-09 11:00:00,25117.577,25140.675,25111.588,25112.783,60,1128
2025-10-09 12:00:00,25113.088,25133.529,25110.12,25132.066,60,1186
2025-10-09 13:00:00,25131.87,25136.653,25052.838,25078.816,60,1118
2025-10-09 14:00:00,25073.827,25088.208,24994.958,25052.403,60,1121
2025-10-09 15:00:00,25052.077,25077.608,24998.914,25066.325,60,1121
2025-10-09 16:00:00,25066.799,25077.02,25000.347,25007.716,60,1131
2025-10-09 17:00:00,25007.586,25034.566,24964.131,25019.381,60,1121
2025-10-09 18:00:00,25019.219,25046.531,24986.953,25039.422,60,1126
2025-10-09 19:00:00,25039.933,25099.738,25037.422,25099.411,60,1118
2025-10-09 20:00:00,25098.792,25103.799,25088.455,25088.988,15,1128
2025-10-09 22:00:00,25103.786,25135.708,25102.436,25133.305,60,1699
2025-10-09 23:00:00,25133.142,25150.399,25124.283,25149.511,60,1139
2025-10-10 00:00:00,25149.631,25160.186,25135.87,25150.794,60,1132
2025-10-10 01:00:00,25150.925,25164.279,25147.566,25162.881,60,1121
2025-10-10 02:00:00,25162.149,25166.327,25147.719,25149.272,60,1127
2025-10-10 03:00:00,25149.381,25153.099,25121.708,25128.327,60,1114
2025-10-10 04:00:00,25128.197,25137.779,25111.62,25119.022,60,1148
2025-10-10 05:00:00,25118.62,25144.969,25107.925,25144.719,60,1118
2025-10-10 06:00:00,25144.75,25165.436,25106.469,25115.261,60,1125
2025-10-10 07:00:00,25115.588,25137.686,25109.816,25130.055,60,1119
2025-10-10 08:00:00,25129.544,25153.599,25124.805,25148.279,60,1119
2025-10-10 09:00:00,25147.849,25150.153,25062.772,25067.899,60,1130
2025-10-10 10:00:00,25067.403,25112.649,25065.697,25111.533,60,1119
2025-10-10 11:00:00,25111.708,25134.87,25111.577,25134.349,60,1126
2025-10-10 12:00:00,25133.947,25146.149,25100.305,25109.186,60,1119
2025-10-10 13:00:00,25108.969,25198.779,25105.664,25167.72,60,1119
2025-10-10 14:00:00,25168.264,25181.37,24988.808,25004.569,59,1150
2025-10-10 15:00:00,25004.808,25004.808,24485.197,24645.283,60,3069
2025-10-10 16:00:00,24642.558,24666.142,24468.511,24479.077,60,1125
2025-10-10 17:00:00,24478.838,24570.649,24424.327,24499.533,60,1132
2025-10-10 18:00:00,24499.697,24538.761,24392.392,24409.208,60,1125
2025-10-10 19:00:00,24407.5,24454.903,24206.881,24224.425,60,1119
2025-10-10 20:00:00,24223.772,24270.066,24215.414,24264.469,15,1132
2025-10-13 00:00:00,24611.664,24658.925,24582.055,24652.022,60,1138
2025-10-13 01:00:00,24652.175,24680.664,24647.381,24678.0,60,1124
2025-10-13 02:00:00,24678.153,24680.349,24631.577,24632.392,60,1145
2025-10-13 03:00:00,24631.675,24670.219,24588.761,24602.958,60,1131
2025-10-13 04:00:00,24603.529,24647.447,24599.555,24643.75,60,1124
2025-10-13 05:00:00,24642.566,24666.186,24628.099,24662.316,60,1120
2025-10-13 06:00:00,24661.772,24678.399,24612.544,24675.914,60,1126
2025-10-13 07:00:00,24676.338,24770.827,24659.0,24729.761,60,1129
2025-10-13 08:00:00,24728.555,24733.12,24666.25,24699.153,60,1127
2025-10-13 09:00:00,24698.794,24705.208,24660.914,24670.779,60,1122
2025-10-13 10:00:00,24670.25,24701.599,24650.903,24675.186,60,1134
2025-10-13 11:00:00,24675.283,24689.775,24558.058,24622.077,60,1211
2025-10-13 12:00:00,24621.849,24660.033,24591.708,24611.794,60,1126
2025-10-13 13:00:00,24611.958,24715.316,24549.294,24711.381,60,1137
2025-10-13 14:00:00,24711.0,24736.458,24567.294,24582.022,60,1127
2025-10-13 15:00:00,24581.555,24720.197,24569.816,24711.381,60,1122
2025-10-13 16:00:00,24712.5,24774.529,24687.827,24766.631,60,1122
2025-10-13 17:00:00,24766.947,24776.75,24707.381,24745.164,60,1119
2025-10-13 18:00:00,24745.077,24780.566,24708.425,24719.316,60,1128
2025-10-13 19:00:00,24719.947,24767.577,24701.664,24740.279,60,1121
2025-10-13 20:00:00,24740.588,24746.149,24718.719,24734.533,15,1132
2025-10-13 22:00:00,24728.749,24753.892,24720.761,24753.892,60,1993
2025-10-13 23:00:00,24754.033,24755.458,24722.131,24735.149,60,1139
2025-10-14 00:00:00,24730.458,24867.066,24727.436,24830.029,60,1122
2025-10-14 01:00:00,24828.077,24835.664,24791.131,24828.555,60,1126
2025-10-14 02:00:00,24828.425,24843.779,24773.87,24776.794,60,1119
2025-10-14 03:00:00,24776.62,24781.316,24727.719,24733.903,60,1133
2025-10-14 04:00:00,24734.153,24739.447,24573.522,24628.899,60,1124
2025-10-14 05:00:00,24627.805,24637.588,24474.914,24528.914,60,1123
2025-10-14 06:00:00,24531.399,24572.208,24488.87,24508.947,60,1182
2025-10-14 07:00:00,24508.37,24547.414,24421.992,24470.794,60,1126
2025-10-14 08:00:00,24470.947,24519.816,24409.425,24514.653,60,1127
2025-10-14 09:00:00,24514.014,24535.522,24452.283,24462.0,60,1182
2025-10-14 10:00:00,24461.925,24466.588,24325.708,24381.055,60,1135
2025-10-14 11:00:00,24381.555,24487.686,24369.316,24477.044,60,1125
2025-10-14 12:00:00,24476.892,24483.761,24379.029,24443.175,60,1118
2025-10-14 13:00:00,24442.75,24478.649,24247.219,24398.805,60,1121
2025-10-14 14:00:00,24396.033,24571.25,24380.414,24517.0,60,1121
2025-10-14 15:00:00,24517.261,24661.675,24508.055,24628.522,60,1121
2025-10-14 16:00:00,24628.261,24770.511,24585.914,24715.599,60,1127
2025-10-14 17:00:00,24715.708,24761.208,24681.631,24723.399,60,1129
2025-10-14 18:00:00,24723.447,24750.088,24705.381,24722.447,60,1125
2025-10-14 19:00:00,24723.392,24750.392,24510.186,24580.399,60,1125
2025-10-14 20:00:00,24579.903,24613.022,24524.642,24553.653,15,1129
2025-10-14 22:00:00,24578.753,24642.399,24577.414,24605.131,60,2444
2025-10-14 23:00:00,24605.022,24644.425,24595.142,24599.399,60,1378
2025-10-15 00:00:00,24599.425,24625.399,24567.392,24623.75,60,1256
2025-10-15 01:00:00,24623.327,24641.077,24590.164,24627.316,60,1126
2025-10-15 02:00:00,24627.088,24681.649,24626.805,24639.305,60,1127
2025-10-15 03:00:00,24638.675,24656.87,24615.338,24635.164,60,1120
2025-10-15 04:00:00,24635.099,24674.327,24628.75,24670.294,60,1128
2025-10-15 05:00:00,24687.925,24745.447,24681.783,24711.838,60,1220
2025-10-15 06:00:00,24711.62,24734.816,24695.011,24728.899,60,1119
2025-10-15 07:00:00,24728.522,24752.469,24703.316,24726.044,60,1130
2025-10-15 08:00:00,24725.142,24761.029,24724.631,24755.62,60,1127
2025-10-15 09:00:00,24755.436,24817.099,24751.849,24799.149,60,1127
2025-10-15 10:00:00,24799.022,24805.903,24776.305,24792.088,60,1119
2025-10-15 11:00:00,24789.783,24798.675,24764.305,24786.675,60,1119
2025-10-15 12:00:00,24786.338,24851.279,24781.849,24848.055,60,1292
2025-10-15 13:00:00,24848.25,24849.186,24723.914,24840.131,60,1122
2025-10-15 14:00:00,24840.316,24939.208,24839.936,24922.164,60,1128
2025-10-15 15:00:00,24922.761,24932.149,24698.25,24756.664,60,1125
2025-10-15 16:00:00,24756.599,24814.436,24718.347,24727.911,60,1123
2025-10-15 17:00:00,24727.869,24738.549,24489.694,24729.108,60,1144
2025-10-15 18:00:00,24728.858,24783.238,24684.65,24776.999,60,1120
2025-10-15 19:00:00,24777.064,24781.053,24671.097,24750.249,60,1119
2025-10-15 20:00:00,24749.172,24788.053,24745.825,24766.292,15,1123
2025-10-15 22:00:00,24763.819,24819.208,24763.819,24804.219,60,1936
2025-10-15 23:00:00,24804.469,24806.447,24752.761,24770.414,60,1126
2025-10-16 00:00:00,24770.555,24783.783,24702.219,24740.783,60,1207
2025-10-16 01:00:00,24739.849,24773.044,24733.261,24764.794,60,1144
2025-10-16 02:00:00,24764.925,24776.37,24723.044,24764.588,60,1124
2025-10-16 03:00:00,24764.664,24774.914,24734.794,24742.892,60,1123
2025-10-16 04:00:00,24742.577,24767.649,24738.131,24756.588,60,1119
2025-10-16 05:00:00,24758.099,24803.044,24746.719,24780.599,60,1119
2025-10-16 06:00:00,24781.033,24855.033,24780.772,24852.436,60,1151
2025-10-16 07:00:00,24852.588,24883.219,24800.87,24867.149,60,1132
2025-10-16 08:00:00,24866.75,24883.458,24833.022,24846.761,60,1135
2025-10-16 09:00:00,24847.149,24873.066,24833.197,24869.077,60,1126
2025-10-16 10:00:00,24869.272,24898.544,24866.772,24880.522,60,1134
2025-10-16 11:00:00,24880.708,24912.25,24873.044,24892.511,60,1128
2025-10-16 12:00:00,24892.033,24926.544,24857.816,24907.392,60,1332
2025-10-16 13:00:00,24907.529,24952.664,24854.566,24890.044,60,1127
2025-10-16 14:00:00,24888.881,25003.779,24838.892,24929.37,60,1192
2025-10-16 15:00:00,24929.077,24953.925,24769.044,24794.37,60,1120
2025-10-16 16:00:00,24787.588,24818.969,24559.044,24753.783,60,1122
2025-10-16 17:00:00,24754.649,24790.011,24652.914,24691.305,60,1127
2025-10-16 18:00:00,24691.62,24697.708,24472.881,24626.719,60,1131
2025-10-16 19:00:00,24627.077,24674.066,24521.283,24659.142,60,1129
2025-10-16 20:00:00,24658.969,24681.794,24579.642,24581.175,15,1122
2025-10-16 22:00:00,24622.742,24692.436,24574.903,24576.62,60,2229
2025-10-16 23:00:00,24578.099,24602.779,24555.033,24594.294,60,1134
2025-10-17 00:00:00,24594.544,24626.849,24580.761,24612.099,60,1125
2025-10-17 01:00:00,24612.219,24670.088,24564.599,24592.522,60,1123
2025-10-17 02:00:00,24592.75,24606.653,24564.055,24599.447,60,1130
2025-10-17 03:00:00,24599.066,24602.399,24540.533,24566.338,60,1126
2025-10-17 04:00:00,24566.077,24574.649,24535.164,24540.903,60,1129
2025-10-17 05:00:00,24540.719,24545.0,24450.664,24494.794,60,1121
2025-10-17 06:00:00,24496.131,24525.022,24405.631,24415.899,60,1122
2025-10-17 07:00:00,24412.719,24422.719,24265.392,24308.208,60,1129
2025-10-17 08:00:00,24308.947,24362.088,24244.642,24325.761,60,1133
2025-10-17 09:00:00,24325.544,24396.153,24319.599,24330.279,60,1125
2025-10-17 10:00:00,24332.925,24409.279,24317.261,24408.381,60,1154
2025-10-17 11:00:00,24408.958,24566.131,24402.708,24563.327,60,1163
2025-10-17 12:00:00,24563.522,24635.969,24544.925,24572.279,60,1173
2025-10-17 13:00:00,24572.392,24723.914,24506.87,24657.25,60,1224
2025-10-17 14:00:00,24656.903,24794.588,24583.186,24599.175,60,1130
2025-10-17 15:00:00,24598.761,24707.414,24510.044,24684.164,60,1122
2025-10-17 16:00:00,24683.381,24807.294,24683.381,24734.555,60,1121
2025-10-17 17:00:00,24734.175,24779.088,24662.186,24768.077,60,1119
2025-10-17 18:00:00,24767.5,24860.044,24767.447,24827.436,60,1120
2025-10-17 19:00:00,24828.077,24883.399,24810.149,24818.197,60,1133
2025-10-17 20:00:00,24818.316,24846.305,24807.029,24840.827,15,1120
2025-10-20 00:00:00,24845.12,24889.529,24790.033,24880.305,60,1130
2025-10-20 01:00:00,24880.275,24909.947,24864.022,24880.197,60,1177
2025-10-20 02:00:00,24880.011,24892.279,24860.892,24885.708,60,1124
2025-10-20 03:00:00,24885.816,24932.279,24884.653,24928.566,60,1121
2025-10-20 04:00:00,24928.827,24953.279,24918.279,24945.458,60,1129
2025-10-20 05:00:00,24945.686,24960.958,24929.058,24946.399,60,1130
2025-10-20 06:00:00,24946.088,24958.899,24921.011,24944.62,60,1118
2025-10-20 07:00:00,24944.294,24988.149,24932.316,24956.522,60,1117
2025-10-20 08:00:00,24957.914,24968.631,24901.87,24909.533,60,1123
2025-10-20 09:00:00,24909.761,24934.779,24897.033,24922.529,60,1125
2025-10-20 10:00:00,24923.029,24938.279,24875.175,24876.899,60,1126
2025-10-20 11:00:00,24874.458,24925.399,24874.294,24919.805,60,1120
2025-10-20 12:00:00,24918.779,24967.529,24911.022,24965.899,60,1126
2025-10-20 13:00:00,24965.294,25074.664,24950.055,25057.055,60,1123
2025-10-20 14:00:00,25057.208,25157.208,25047.197,25149.62,60,1123
2025-10-20 15:00:00,25149.447,25177.599,25124.87,25148.029,60,1125
2025-10-20 16:00:00,25147.697,25157.436,25121.338,25144.903,60,1122
2025-10-20 17:00:00,25144.175,25183.555,25142.175,25166.936,60,1125
2025-10-20 18:00:00,25165.849,25183.458,25137.399,25157.827,60,1122
2025-10-20 19:00:00,25157.958,25166.186,25127.588,25132.849,60,1124
2025-10-20 20:00:00,25132.458,25154.936,25122.12,25149.399,15,1135
2025-10-20 22:00:00,25159.999,25164.436,25144.219,25156.599,60,1182
2025-10-20 23:00:00,25156.653,25180.088,25153.077,25159.529,60,1142
2025-10-21 00:00:00,25159.838,25178.838,25147.077,25177.664,60,1125
2025-10-21 01:00:00,25177.533,25193.458,25166.164,25180.381,60,1127
2025-10-21 02:00:00,25179.664,25203.794,25178.664,25183.349,60,1126
2025-10-21 03:00:00,25183.066,25191.642,25154.469,25165.533,60,1127
2025-10-21 04:00:00,25165.349,25167.029,25131.25,25143.272,60,1124
2025-10-21 05:00:00,25144.399,25152.675,25112.12,25132.958,60,1117
2025-10-21 06:00:00,25133.272,25134.131,25102.12,25114.533,60,1121
2025-10-21 07:00:00,25114.794,25126.642,25098.033,25113.055,60,1122
2025-10-21 08:00:00,25114.029,25120.399,25089.055,25103.719,60,1121
2025-10-21 09:00:00,25103.599,25131.772,25101.838,25117.588,60,1143
2025-10-21 10:00:00,25118.055,25124.392,25094.925,25115.599,60,1120
2025-10-21 11:00:00,25115.469,25144.349,25109.849,25143.033,60,1121
2025-10-21 12:00:00,25142.761,25151.029,25127.044,25134.899,60,1123
2025-10-21 13:00:00,25133.697,25141.566,25050.153,25070.708,60,1127
2025-10-21 14:00:00,25070.75,25137.186,25039.555,25133.653,60,1134
2025-10-21 15:00:00,25133.761,25162.649,25078.599,25158.436,60,1123
2025-10-21 16:00:00,25153.022,25182.958,25113.761,25121.544,60,1131
2025-10-21 17:00:00,25120.816,25150.577,25086.37,25148.903,60,1119
2025-10-21 18:00:00,25149.164,25159.469,25126.381,25143.469,60,1126
2025-10-21 19:00:00,25142.772,25169.425,25122.197,25127.414,60,1123
2025-10-21 20:00:00,25126.544,25134.0,25064.719,25080.164,15,1120
2025-10-21 22:00:00,25118.0,25122.914,25097.577,25109.87,60,1922
2025-10-21 23:00:00,25109.805,25110.805,25079.761,25084.761,60,1120
2025-10-22 00:00:00,25084.642,25095.029,25060.164,25065.577,60,1125
2025-10-22 01:00:00,25064.272,25107.533,25056.338,25105.631,60,1121
2025-10-22 02:00:00,25105.772,25121.649,25092.75,25113.022,60,1122
2025-10-22 03:00:00,25113.327,25131.447,25083.761,25129.958,60,1127
2025-10-22 04:00:00,25130.011,25172.197,25128.947,25156.653,60,1120
2025-10-22 05:00:00,25156.599,25165.055,25137.12,25146.958,60,1121
2025-10-22 06:00:00,25147.25,25177.708,25133.261,25158.011,60,1129
2025-10-22 07:00:00,25158.338,25160.649,25110.816,25137.305,60,1121
2025-10-22 08:00:00,25136.899,25138.338,25090.914,25106.511,60,1129
2025-10-22 09:00:00,25106.529,25113.399,25070.87,25111.529,60,1150
2025-10-22 10:00:00,25111.414,25144.779,25103.022,25126.186,60,1118
2025-10-22 11:00:00,25126.272,25129.969,25046.153,25063.686,60,1135
2025-10-22 12:00:00,25063.425,25107.12,25058.186,25099.925,60,1121
2025-10-22 13:00:00,25100.044,25128.838,25012.761,25097.642,60,1120
2025-10-22 14:00:00,25097.392,25119.631,24888.775,25010.927,60,1122
2025-10-22 15:00:00,25010.981,25028.786,24841.319,24939.558,60,1119
2025-10-22 16:00:00,24939.427,24948.481,24707.408,24831.188,60,1126
2025-10-22 17:00:00,24823.379,24847.349,24647.569,24715.677,60,1135
2025-10-22 18:00:00,24715.416,24803.492,24670.6,24801.753,60,1125
2025-10-22 19:00:00,24801.905,24900.314,24768.611,24882.499,60,1125
2025-10-22 20:00:00,24882.694,24919.249,24875.186,24897.929,15,1397
2025-10-22 22:00:00,24853.249,24905.649,24847.036,24891.131,60,1926
2025-10-22 23:00:00,24891.469,24910.381,24839.272,24842.936,60,1130
2025-10-23 00:00:00,24842.827,24901.088,24797.75,24895.899,60,1124
2025-10-23 01:00:00,24895.197,24951.544,24892.37,24945.022,60,1118
2025-10-23 02:00:00,24945.772,24958.077,24936.969,24945.316,60,1120
2025-10-23 03:00:00,24946.029,24959.399,24922.088,24932.511,60,1127
2025-10-23 04:00:00,24932.414,24940.849,24908.131,24917.708,60,1120
2025-10-23 05:00:00,24917.772,24940.175,24900.186,24937.892,60,1118
2025-10-23 06:00:00,24937.349,24958.208,24922.022,24950.555,60,1121
2025-10-23 07:00:00,24950.899,24973.62,24915.022,24937.87,60,1128
2025-10-23 08:00:00,24938.208,24961.599,24916.0,24930.577,60,1121
2025-10-23 09:00:00,24930.719,24938.272,24872.088,24905.577,60,1132
2025-10-23 10:00:00,24906.142,24913.794,24881.794,24895.414,60,1128
2025-10-23 11:00:00,24894.947,24899.399,24809.522,24820.142,60,1122
2025-10-23 12:00:00,24819.849,24858.149,24783.761,24855.044,60,1120
2025-10-23 13:00:00,24854.816,25025.947,24788.566,25006.033,60,1127
2025-10-23 14:00:00,25006.414,25042.899,24931.272,25034.392,60,1162
2025-10-23 15:00:00,25034.186,25058.849,24961.87,25037.131,60,1125
2025-10-23 16:00:00,25036.969,25083.511,25027.649,25082.588,60,1125
2025-10-23 17:00:00,25082.447,25123.469,25032.544,25119.522,60,1121
2025-10-23 18:00:00,25119.403,25125.87,25086.175,25116.338,60,1129
2025-10-23 19:00:00,25116.403,25125.149,25073.458,25094.149,60,1119
2025-10-23 20:00:00,25094.761,25121.914,25090.099,25110.925,15,1128
2025-10-23 22:00:00,25127.014,25152.779,25127.014,25141.283,60,1749
2025-10-23 23:00:00,25141.936,25153.649,25140.316,25147.522,60,1123
2025-10-24 00:00:00,25147.686,25154.675,25135.37,25150.62,60,1141
2025-10-24 01:00:00,25150.066,25170.805,25147.077,25168.399,60,1121
2025-10-24 02:00:00,25167.881,25175.899,25153.131,25159.62,60,1120
2025-10-24 03:00:00,25160.37,25179.899,25154.664,25179.279,60,1126
2025-10-24 04:00:00,25178.903,25185.279,25169.761,25182.305,60,1141
2025-10-24 05:00:00,25182.197,25197.197,25177.425,25196.653,60,1127
2025-10-24 06:00:00,25196.544,25230.827,25195.12,25210.779,60,1125
2025-10-24 07:00:00,25210.37,25218.399,25183.794,25187.197,60,1120
2025-10-24 08:00:00,25187.458,25221.294,25173.87,25203.305,60,1123
2025-10-24 09:00:00,25202.294,25243.458,25201.892,25226.653,60,1136
2025-10-24 10:00:00,25227.029,25240.708,25214.664,25216.697,60,1118
2025-10-24 11:00:00,25216.577,25235.892,25213.25,25224.12,60,1140
2025-10-24 12:00:00,25224.055,25373.066,25198.569,25310.033,60,1389
2025-10-24 13:00:00,25310.12,25381.649,25281.697,25357.819,60,1119
2025-10-24 14:00:00,25357.808,25392.25,25284.175,25319.029,60,1560
2025-10-24 15:00:00,25318.675,25396.903,25307.469,25373.164,60,1120
2025-10-24 16:00:00,25373.25,25412.399,25370.936,25401.631,60,1128
2025-10-24 17:00:00,25400.588,25418.088,25389.164,25399.708,60,1117
2025-10-24 18:00:00,25399.283,25405.37,25379.066,25394.175,60,1132
2025-10-24 19:00:00,25394.469,25416.936,25348.708,25359.011,60,1124
2025-10-24 20:00:00,25358.936,25373.066,25348.153,25356.936,15,1130
2025-10-27 00:00:00,25571.455,25597.429,25561.694,25576.619,60,1129
2025-10-27 01:00:00,25577.183,25585.814,25565.042,25571.716,60,1123
2025-10-27 02:00:00,25571.52,25604.679,25566.281,25604.205,60,1120
2025-10-27 03:00:00,25604.799,25626.679,25601.869,25614.803,60,1137
2025-10-27 04:00:00,25614.249,25622.679,25607.053,25616.161,60,1120
2025-10-27 05:00:00,25616.303,25640.799,25615.15,25636.488,60,1130
2025-10-27 06:00:00,25637.031,25655.847,25633.933,25637.444,60,1126
2025-10-27 07:00:00,25637.347,25669.933,25633.281,25646.429,60,1126
2025-10-27 08:00:00,25646.499,25660.955,25622.488,25656.27,60,1127
2025-10-27 09:00:00,25656.433,25693.097,25644.086,25693.097,60,1125
2025-10-27 10:00:00,25693.586,25706.299,25682.999,25692.358,60,1127
2025-10-27 11:00:00,25691.933,25702.049,25665.064,25673.738,60,1125
2025-10-27 12:00:00,25673.586,25699.303,25671.814,25684.847,60,1125
2025-10-27 13:00:00,25684.564,25713.049,25650.183,25702.369,60,1129
2025-10-27 14:00:00,25702.564,25745.189,25676.999,25710.987,60,1126
2025-10-27 15:00:00,25711.439,25761.564,25709.008,25748.303,59,1126
2025-10-27 16:00:00,25746.672,25770.727,25742.77,25767.679,60,1122
2025-10-27 17:00:00,25767.542,25782.679,25746.358,25780.575,60,1127
2025-10-27 18:00:00,25780.292,25800.049,25773.738,25795.619,60,1133
2025-10-27 19:00:00,25795.792,25834.727,25774.847,25815.064,60,1132
2025-10-27 20:00:00,25814.933,25829.299,25814.683,25827.803,15,1126
2025-10-27 22:00:00,25853.599,25857.033,25843.12,25852.87,60,1184
2025-10-27 23:00:00,25853.131,25874.75,25850.62,25852.149,60,1127
2025-10-28 00:00:00,25851.511,25852.838,25831.261,25832.533,60,1130
2025-10-28 01:00:00,25832.261,25838.447,25818.653,25826.0,60,1128
2025-10-28 02:00:00,25826.399,25838.279,25821.055,25834.066,60,1126
2025-10-28 03:00:00,25834.399,25845.899,25824.316,25839.022,60,1118
2025-10-28 04:00:00,25838.555,25840.279,25813.077,25814.642,60,1131
2025-10-28 05:00:00,25815.849,25824.399,25803.533,25818.12,60,1123
2025-10-28 06:00:00,25820.399,25841.947,25810.816,25814.881,60,1130
2025-10-28 07:00:00,25814.719,25837.599,25809.208,25815.011,60,1127
2025-10-28 08:00:00,25815.958,25830.164,25800.261,25825.305,60,1125
2025-10-28 09:00:00,25825.588,25838.197,25819.903,25832.577,60,1125
2025-10-28 10:00:00,25832.772,25846.392,25824.414,25834.783,60,1125
2025-10-28 11:00:00,25835.294,25860.197,25834.838,25850.403,60,1122
2025-10-28 12:00:00,25850.522,25881.403,25849.175,25869.899,60,1118
2025-10-28 13:00:00,25869.12,25950.761,25865.492,25920.069,60,1137
2025-10-28 14:00:00,25920.797,25933.529,25865.914,25892.208,60,1345
2025-10-28 15:00:00,25892.305,25916.969,25863.392,25916.599,60,1121
2025-10-28 16:00:00,25916.37,26000.208,25916.37,25963.749,60,1126
2025-10-28 17:00:00,25963.394,26012.719,25958.305,26008.399,60,1127
2025-10-28 18:00:00,26007.969,26050.62,26002.208,26049.12,60,1120
2025-10-28 19:00:00,26049.529,26085.772,26011.436,26013.719,60,1118
2025-10-28 20:00:00,26013.175,26026.153,26003.697,26009.969,15,1121
2025-10-28 22:00:00,26036.547,26046.37,26025.381,26029.272,60,1591
2025-10-28 23:00:00,26029.186,26045.279,26021.522,26040.175,60,1146
2025-10-29 00:00:00,26041.153,26050.153,26022.414,26031.529,60,1134
2025-10-29 01:00:00,26031.219,26078.899,26029.153,26072.029,60,1119
2025-10-29 02:00:00,26072.011,26109.029,26070.708,26095.892,60,1127
2025-10-29 03:00:00,26096.011,26107.099,26080.827,26101.186,60,1149
2025-10-29 04:00:00,26100.142,26105.925,26077.131,26102.436,60,1136
2025-10-29 05:00:00,26102.186,26120.149,26101.414,26117.208,60,1121
2025-10-29 06:00:00,26117.033,26147.599,26112.816,26137.653,60,1123
2025-10-29 07:00:00,26137.566,26155.153,26117.686,26148.827,60,1127
2025-10-29 08:00:00,26148.577,26166.338,26117.208,26125.175,60,1124
2025-10-29 09:00:00,26125.447,26126.899,26083.055,26093.664,60,1119
2025-10-29 10:00:00,26094.029,26129.779,26086.914,26106.349,60,1128
2025-10-29 11:00:00,26107.272,26152.892,26104.642,26131.425,60,1129
2025-10-29 12:00:00,26131.577,26144.349,26100.649,26116.925,60,1120
2025-10-29 13:00:00,26117.055,26176.529,26112.5,26176.0,60,1132
2025-10-29 14:00:00,26176.305,26183.675,26101.316,26117.279,60,1121
2025-10-29 15:00:00,26117.131,26135.149,26076.164,26095.175,60,1120
2025-10-29 16:00:00,26095.011,26121.649,26061.099,26109.708,60,1120
2025-10-29 17:00:00,26109.794,26123.903,26077.011,26106.47,60,1121
2025-10-29 18:00:00,26107.025,26142.447,25905.819,26041.577,60,4023
2025-10-29 19:00:00,26042.458,26138.25,25969.264,26138.153,60,1131
2025-10-29 20:00:00,26138.219,26230.536,26014.742,26084.958,15,3952
2025-10-29 22:00:00,26018.286,26104.22,26012.764,26058.261,60,3864
2025-10-29 23:00:00,26058.153,26105.779,26029.319,26093.588,60,1204
2025-10-30 00:00:00,26093.925,26176.149,26093.925,26147.219,60,1130
2025-10-30 01:00:00,26147.849,26169.925,26118.742,26156.642,60,1125
2025-10-30 02:00:00,26156.588,26229.947,26154.522,26215.327,60,1122
2025-10-30 03:00:00,26215.208,26257.272,26215.208,26236.219,60,1128
2025-10-30 04:00:00,26236.283,26240.149,25997.881,26064.055,60,1196
2025-10-30 05:00:00,26064.403,26186.425,26054.055,26139.522,60,1171
2025-10-30 06:00:00,26139.283,26142.149,26070.447,26081.414,60,1163
2025-10-30 07:00:00,26081.827,26143.947,26047.753,26127.87,60,1208
2025-10-30 08:00:00,26128.077,26148.649,26091.529,26128.392,60,1410
2025-10-30 09:00:00,26128.025,26149.414,26054.022,26064.664,60,1182
2025-10-30 10:00:00,26064.772,26102.794,26056.827,26090.283,60,1192
2025-10-30 11:00:00,26090.12,26145.279,26082.783,26118.381,60,1124
2025-10-30 12:00:00,26119.305,26130.899,25944.403,25945.892,60,1291
2025-10-30 13:00:00,25945.761,26005.555,25802.816,25983.327,60,1122
2025-10-30 14:00:00,25983.649,26035.272,25837.925,25875.12,60,1127
2025-10-30 15:00:00,25875.316,25933.529,25825.069,25850.779,60,1125
2025-10-30 16:00:00,25850.62,25955.37,25845.197,25932.153,60,1122
2025-10-30 17:00:00,25931.969,25934.279,25858.381,25926.653,60,1120
2025-10-30 18:00:00,25926.261,25926.261,25834.066,25849.469,60,1123
2025-10-30 19:00:00,25849.511,25854.153,25729.533,25729.533,60,1125
2025-10-30 20:00:00,25730.914,25865.458,25713.164,25856.261,15,1591
2025-10-30 22:00:00,26014.503,26046.12,25999.25,26013.029,60,3040
2025-10-30 23:00:00,26012.969,26038.5,25991.294,26034.827,60,1128
2025-10-31 00:00:00,26035.164,26063.088,26000.925,26058.077,60,1118
2025-10-31 01:00:00,26057.25,26072.649,26034.077,26071.142,60,1121
2025-10-31 02:00:00,26071.022,26077.279,26029.153,26048.697,60,1128
2025-10-31 03:00:00,26048.338,26061.899,26024.827,26055.37,60,1133
2025-10-31 04:00:00,26055.305,26072.899,26050.761,26056.425,60,1126
2025-10-31 05:00:00,26056.349,26058.649,26024.219,26028.522,60,1125
2025-10-31 06:00:00,26028.642,26056.149,26018.511,26024.566,60,1126
2025-10-31 07:00:00,26022.925,26083.414,26008.153,26081.305,60,1129
2025-10-31 08:00:00,26081.425,26081.588,26021.969,26062.294,60,1125
2025-10-31 09:00:00,26062.75,26074.599,26041.272,26045.529,60,1140
2025-10-31 10:00:00,26046.055,26059.279,26025.12,26045.153,60,1158
2025-10-31 11:00:00,26045.555,26095.783,26030.175,26085.399,60,1129
2025-10-31 12:00:00,26084.599,26136.588,26068.425,26075.761,60,1121
2025-10-31 13:00:00,26075.708,26080.708,25944.838,25965.794,60,1128
2025-10-31 14:00:00,25966.37,26045.131,25925.327,26028.544,60,1126
2025-10-31 15:00:00,26028.436,26045.153,25913.186,25914.925,60,1121
2025-10-31 16:00:00,25906.649,25916.088,25794.805,25812.338,60,1124
2025-10-31 17:00:00,25812.208,25844.577,25753.164,25811.425,60,1121
2025-10-31 18:00:00,25811.283,25886.305,25808.642,25877.936,60,1121
2025-10-31 19:00:00,25878.077,25981.649,25856.458,25857.414,60,1120
2025-11-03 00:00:00,25946.294,25983.294,25944.533,25982.066,60,1134
2025-11-03 01:00:00,25981.294,25988.208,25953.294,25954.761,60,1118
2025-11-03 02:00:00,25954.5,25979.511,25935.272,25948.044,60,1118
2025-11-03 03:00:00,25947.783,25950.649,25916.272,25941.349,60,1119
2025-11-03 04:00:00,25941.153,25951.022,25930.881,25950.099,60,1131
2025-11-03 05:00:00,25949.805,25953.279,25921.772,25933.029,60,1123
2025-11-03 06:00:00,25933.642,25946.794,25897.055,25913.381,60,1129
2025-11-03 07:00:00,25913.327,25914.599,25882.653,25896.12,60,1122
2025-11-03 08:00:00,25896.469,25962.631,25884.881,25951.533,60,1120
2025-11-03 09:00:00,25952.327,26021.149,25948.142,25995.066,60,1131
2025-11-03 10:00:00,25996.675,26028.649,25989.25,26004.077,60,1128
2025-11-03 11:00:00,26004.522,26043.958,26004.392,26018.779,60,1132
2025-11-03 12:00:00,26018.403,26047.283,26009.686,26018.272,60,1127
2025-11-03 13:00:00,26018.142,26056.761,25999.25,26054.414,60,1126
2025-11-03 14:00:00,26054.327,26131.149,25985.458,25999.97,60,1132
2025-11-03 15:00:00,25994.808,26020.011,25883.011,25953.936,60,1508
2025-11-03 16:00:00,25954.219,25994.425,25911.272,25985.816,60,1119
2025-11-03 17:00:00,25986.316,26026.838,25950.849,26017.305,60,1123
2025-11-03 18:00:00,26017.392,26031.349,25992.283,25996.816,60,1118
2025-11-03 19:00:00,25996.349,26005.131,25933.719,25983.772,60,1141
2025-11-03 20:00:00,25983.719,25992.12,25939.783,25979.283,60,1120
2025-11-03 21:00:00,25977.664,26042.249,25965.077,25993.131,15,1494
2025-11-03 23:00:00,25966.231,25969.761,25931.731,25939.175,60,2280
2025-11-04 00:00:00,25938.903,25938.903,25853.261,25885.029,60,1538
2025-11-04 01:00:00,25885.294,25901.414,25859.544,25878.403,60,1131
2025-11-04 02:00:00,25878.25,25878.25,25812.055,25812.588,60,1120
2025-11-04 03:00:00,25812.381,25846.899,25794.958,25798.533,60,1127
2025-11-04 04:00:00,25798.827,25811.87,25776.522,25793.642,60,1122
2025-11-04 05:00:00,25794.664,25797.779,25678.164,25692.664,60,1121
2025-11-04 06:00:00,25692.599,25695.511,25614.783,25646.511,60,1142
2025-11-04 07:00:00,25645.631,25671.958,25608.719,25662.642,60,1131
2025-11-04 08:00:00,25662.75,25662.75,25600.294,25636.261,60,1128
2025-11-04 09:00:00,25636.208,25659.75,25539.208,25545.12,60,1128
2025-11-04 10:00:00,25544.0,25642.719,25515.5,25628.305,60,1130
2025-11-04 11:00:00,25628.088,25662.436,25617.87,25637.511,60,1126
2025-11-04 12:00:00,25638.022,25660.653,25596.164,25626.029,60,1124
2025-11-04 13:00:00,25623.969,25636.827,25555.664,25586.458,60,1128
2025-11-04 14:00:00,25586.772,25751.403,25533.892,25746.149,60,1123
2025-11-04 15:00:00,25745.761,25763.761,25634.87,25659.62,60,1123
2025-11-04 16:00:00,25659.469,25693.25,25594.5,25626.936,60,1119
2025-11-04 17:00:00,25627.208,25628.197,25513.25,25551.899,60,1126
2025-11-04 18:00:00,25551.436,25557.197,25475.533,25541.849,60,1121
2025-11-04 19:00:00,25541.566,25559.305,25447.75,25477.131,60,1120
2025-11-04 20:00:00,25477.892,25515.044,25418.208,25451.649,60,1120
2025-11-04 21:00:00,25451.686,25465.279,25426.827,25439.294,15,1128
2025-11-04 23:00:00,25426.133,25449.499,25378.199,25379.949,60,1396
2025-11-05 00:00:00,25379.992,25379.992,25284.242,25285.872,60,1136
2025-11-05 01:00:00,25286.166,25286.819,25159.372,25214.014,60,1120
2025-11-05 02:00:00,25213.905,25299.611,25172.655,25291.297,60,1122
2025-11-05 03:00:00,25291.438,25394.199,25291.438,25392.308,60,1127
2025-11-05 04:00:00,25392.775,25393.379,25320.275,25341.644,60,1124
2025-11-05 05:00:00,25341.999,25411.427,25338.97,25357.6,60,1121
2025-11-05 06:00:00,25358.129,25429.155,25332.025,25404.514,60,1125
2025-11-05 07:00:00,25404.927,25411.47,25347.188,25350.166,60,1124
2025-11-05 08:00:00,25350.927,25413.938,25330.6,25389.514,60,1140
2025-11-05 09:00:00,25389.405,25428.35,25357.144,25395.35,60,1134
2025-11-05 10:00:00,25395.499,25413.492,25288.133,25289.731,60,1142
2025-11-05 11:00:00,25289.622,25360.499,25280.611,25357.525,60,1129
2025-11-05 12:00:00,25357.731,25411.6,25334.742,25405.047,60,1131
2025-11-05 13:00:00,25405.1,25472.129,25384.749,25463.319,60,1148
2025-11-05 14:00:00,25463.405,25566.629,25364.416,25560.842,60,1133
2025-11-05 15:00:00,25561.419,25610.681,25494.768,25595.576,60,1564
2025-11-05 16:00:00,25596.685,25662.288,25534.958,25648.359,60,1124
2025-11-05 17:00:00,25648.434,25702.979,25615.31,25687.504,60,1119
2025-11-05 18:00:00,25687.309,25748.241,25680.369,25740.532,60,1129
2025-11-05 19:00:00,25740.326,25751.263,25699.428,25738.523,60,1124
2025-11-05 20:00:00,25738.621,25752.016,25606.094,25617.209,60,1120
2025-11-05 21:00:00,25615.995,25638.646,25573.697,25579.907,15,1127
2025-11-05 23:00:00,25629.069,25652.958,25581.294,25651.544,60,1722
2025-11-06 00:00:00,25651.914,25653.197,25531.577,25577.272,60,1122
2025-11-06 01:00:00,25576.653,25576.653,25495.75,25552.447,60,1125
2025-11-06 02:00:00,25552.175,25597.327,25518.272,25593.899,60,1124
2025-11-06 03:00:00,25592.958,25613.316,25579.294,25599.697,60,1139
2025-11-06 04:00:00,25599.37,25620.779,25583.925,25617.186,60,1130
2025-11-06 05:00:00,25617.294,25621.044,25567.088,25571.588,60,1135
2025-11-06 06:00:00,25570.805,25591.392,25551.349,25560.62,60,1119
2025-11-06 07:00:00,25560.827,25593.899,25522.142,25524.566,60,1127
2025-11-06 08:00:00,25525.381,25562.392,25508.25,25551.029,60,1130
2025-11-06 09:00:00,25551.316,25625.969,25550.261,25606.533,60,1134
2025-11-06 10:00:00,25607.555,25656.219,25605.055,25631.399,60,1133
2025-11-06 11:00:00,25630.969,25654.642,25621.649,25626.783,60,1120
2025-11-06 12:00:00,25626.62,25670.149,25625.525,25657.925,60,1288
2025-11-06 13:00:00,25656.403,25700.925,25640.794,25645.436,60,1121
2025-11-06 14:00:00,25645.511,25652.772,25389.12,25392.261,60,1121
2025-11-06 15:00:00,25392.5,25424.399,25172.306,25181.74,60,1121
2025-11-06 16:00:00,25182.829,25250.486,25083.424,25102.789,60,1125
2025-11-06 17:00:00,25102.615,25238.896,25081.343,25221.386,60,1120
2025-11-06 18:00:00,25220.973,25254.189,25111.444,25212.406,60,1126
2025-11-06 19:00:00,25212.895,25320.324,25204.009,25287.734,60,1117
2025-11-06 20:00:00,25286.979,25297.211,25109.022,25140.399,60,1140
2025-11-06 21:00:00,25140.649,25173.506,25124.009,25171.83,15,1126
2025-11-06 23:00:00,25185.797,25224.529,25160.97,25205.294,60,2526
2025-11-07 00:00:00,25205.838,25238.899,25169.022,25212.588,60,1146
2025-11-07 01:00:00,25212.447,25222.088,25089.653,25161.029,60,1121
2025-11-07 02:00:00,25160.686,25163.529,25096.772,25157.447,60,1131
2025-11-07 03:00:00,25157.653,25170.149,25092.272,25112.779,60,1129
2025-11-07 04:00:00,25112.664,25153.425,25051.242,25139.219,60,1194
2025-11-07 05:00:00,25138.272,25221.279,25136.186,25221.186,60,1121
2025-11-07 06:00:00,25220.849,25229.544,25196.436,25214.305,60,1130
2025-11-07 07:00:00,25214.175,25237.566,25202.283,25224.936,60,1122
2025-11-07 08:00:00,25224.838,25244.12,25161.761,25202.469,60,1131
2025-11-07 09:00:00,25202.044,25217.914,25130.403,25149.327,60,1124
2025-11-07 10:00:00,25149.392,25167.208,25076.925,25108.414,60,1140
2025-11-07 11:00:00,25108.522,25109.533,24974.338,25069.381,60,1141
2025-11-07 12:00:00,25069.794,25084.779,24952.522,24982.011,60,1217
2025-11-07 13:00:00,24981.936,25036.649,24956.469,25001.283,60,1415
2025-11-07 14:00:00,25001.186,25013.783,24807.794,24890.547,60,1135
2025-11-07 15:00:00,24904.297,24933.327,24715.141,24715.159,60,1502
2025-11-07 16:00:00,24715.109,24752.632,24611.694,24637.933,60,1120
2025-11-07 17:00:00,24638.444,24754.659,24601.887,24736.405,60,1126
2025-11-07 18:00:00,24735.927,24848.439,24717.637,24817.899,60,1119
2025-11-07 19:00:00,24816.913,25010.609,24796.16,25008.847,60,1120
2025-11-07 20:00:00,25008.488,25065.768,24918.893,25057.272,60,1126
2025-11-07 21:00:00,25057.49,25099.579,25054.651,25092.449,15,1125
2025-11-10 00:00:00,25225.697,25238.892,25162.761,25224.033,60,1134
2025-11-10 01:00:00,25223.131,25330.649,25219.903,25322.153,60,1131
2025-11-10 02:00:00,25322.25,25342.131,25303.25,25325.62,60,1120
2025-11-10 03:00:00,25325.566,25382.029,25325.099,25354.055,60,1135
2025-11-10 04:00:00,25353.914,25379.279,25349.664,25359.783,60,1121
2025-11-10 05:00:00,25360.088,25389.37,25360.088,25377.022,60,1131
2025-11-10 06:00:00,25376.566,25395.149,25361.044,25363.5,60,1125
2025-11-10 07:00:00,25364.719,25393.881,25357.392,25384.044,60,1125
2025-11-10 08:00:00,25384.392,25428.327,25351.805,25426.686,60,1120
2025-11-10 09:00:00,25427.099,25462.077,25412.399,25447.175,60,1125
2025-11-10 10:00:00,25448.338,25452.272,25420.914,25423.947,60,1137
2025-11-10 11:00:00,25424.088,25440.522,25399.197,25440.0,60,1123
2025-11-10 12:00:00,25440.142,25445.827,25407.75,25433.805,60,1122
2025-11-10 13:00:00,25433.719,25453.529,25413.87,25449.87,60,1132
2025-11-10 14:00:00,25450.011,25551.469,25416.164,25532.197,60,1119
2025-11-10 15:00:00,25532.279,25561.197,25414.71,25420.859,60,1127
2025-11-10 16:00:00,25421.277,25435.189,25351.283,25419.527,60,1117
2025-11-10 17:00:00,25417.482,25543.136,25406.247,25531.012,60,1121
2025-11-10 18:00:00,25531.209,25577.708,25524.451,25542.236,60,1124
2025-11-10 19:00:00,25542.04,25610.918,25538.139,25597.249,60,1119
2025-11-10 20:00:00,25596.6,25654.83,25592.899,25607.784,60,1120
2025-11-10 21:00:00,25607.653,25637.629,25604.106,25629.663,15,1122
2025-11-10 23:00:00,25628.999,25644.164,25600.947,25640.75,60,2499
2025-11-11 00:00:00,25640.779,25667.5,25628.044,25637.75,60,1124
2025-11-11 01:00:00,25638.066,25666.279,25632.261,25641.958,60,1131
2025-11-11 02:00:00,25641.686,25652.577,25619.566,25633.805,60,1128
2025-11-11 03:00:00,25634.403,25644.029,25616.131,25635.37,60,1122
2025-11-11 04:00:00,25635.511,25638.511,25582.25,25588.849,60,1119
2025-11-11 05:00:00,25588.719,25594.022,25551.272,25551.75,60,1119
2025-11-11 06:00:00,25551.469,25602.761,25551.294,25582.566,60,1128
2025-11-11 07:00:00,25581.947,25588.892,25543.055,25550.029,60,1120
2025-11-11 08:00:00,25549.011,25579.208,25527.686,25530.914,60,1119
2025-11-11 09:00:00,25532.011,25551.899,25493.947,25500.055,60,1118
2025-11-11 10:00:00,25499.925,25529.675,25493.164,25517.649,60,1121
2025-11-11 11:00:00,25517.642,25540.011,25505.131,25519.719,60,1133
2025-11-11 12:00:00,25519.436,25535.349,25479.436,25487.544,60,1134
2025-11-11 13:00:00,25487.664,25522.149,25469.131,25493.392,60,1128
2025-11-11 14:00:00,25493.529,25542.149,25457.458,25523.414,60,1125
2025-11-11 15:00:00,25523.219,25524.279,25383.5,25408.662,60,1129
2025-11-11 16:00:00,25409.539,25486.773,25377.655,25407.043,60,1124
2025-11-11 17:00:00,25407.419,25525.634,25403.693,25512.805,60,1126
2025-11-11 18:00:00,25512.697,25589.108,25501.782,25583.79,60,1120
2025-11-11 19:00:00,25583.819,25583.819,25536.959,25555.998,60,1122
2025-11-11 20:00:00,25556.259,25580.841,25512.957,25539.312,60,1126
2025-11-11 21:00:00,25539.573,25569.999,25519.793,25568.334,15,1126
2025-11-11 23:00:00,25562.386,25569.569,25525.492,25546.379,60,1206
2025-11-12 00:00:00,25548.427,25593.97,25545.85,25580.547,60,1132
2025-11-12 01:00:00,25580.438,25634.558,25575.416,25626.503,60,1128
2025-11-12 02:00:00,25626.655,25656.699,25606.6,25621.166,60,1119
2025-11-12 03:00:00,25621.938,25630.449,25606.286,25625.058,60,1122
2025-11-12 04:00:00,25624.905,25627.438,25590.394,25612.199,60,1119
2025-11-12 05:00:00,25611.916,25650.379,25608.047,25639.231,60,1121
2025-11-12 06:00:00,25639.1,25670.999,25637.155,25667.166,60,1123
2025-11-12 07:00:00,25667.253,25708.927,25667.253,25674.629,60,1119
2025-11-12 08:00:00,25677.1,25706.133,25660.22,25689.405,60,1119
2025-11-12 09:00:00,25689.297,25721.177,25666.905,25715.199,60,1123
2025-11-12 10:00:00,25715.319,25725.879,25675.753,25692.85,60,1118
2025-11-12 11:00:00,25693.372,25700.047,25625.622,25632.558,60,1122
2025-11-12 12:00:00,25632.677,25699.308,25617.22,25688.449,60,1125
2025-11-12 13:00:00,25687.416,25708.249,25683.499,25696.253,60,1132
2025-11-12 14:00:00,25696.547,25697.379,25459.503,25491.249,60,1119
2025-11-12 15:00:00,25491.308,25556.514,25429.817,25453.591,60,1120
2025-11-12 16:00:00,25454.059,25504.123,25387.341,25430.195,60,1127
2025-11-12 17:00:00,25431.659,25524.328,25418.767,25506.531,60,1131
2025-11-12 18:00:00,25506.347,25536.135,25481.475,25512.29,60,1120
2025-11-12 19:00:00,25512.812,25523.681,25451.866,25479.459,60,1120
2025-11-12 20:00:00,25478.99,25547.218,25443.636,25523.088,60,1122
2025-11-12 21:00:00,25530.411,25549.729,25515.357,25543.456,15,1120
2025-11-12 23:00:00,25521.367,25529.781,25398.832,25437.391,60,1420
2025-11-13 00:00:00,25437.207,25495.078,25434.858,25461.279,60,1130
2025-11-13 01:00:00,25460.729,25615.085,25453.565,25586.695,60,1129
2025-11-13 02:00:00,25586.912,25597.389,25543.131,25554.995,60,1121
2025-11-13 03:00:00,25555.103,25588.844,25529.624,25571.924,60,1123
2025-11-13 04:00:00,25572.039,25591.779,25560.828,25585.319,60,1120
2025-11-13 05:00:00,25585.237,25605.279,25582.463,25592.867,60,1127
2025-11-13 06:00:00,25592.997,25616.661,25581.132,25607.432,60,1121
2025-11-13 07:00:00,25607.628,25617.369,25561.253,25563.156,60,1126
2025-11-13 08:00:00,25563.254,25583.489,25539.949,25574.254,60,1124
2025-11-13 09:00:00,25573.852,25580.975,25428.4,25464.492,60,1123
2025-11-13 10:00:00,25465.047,25526.179,25459.414,25494.454,60,1122
2025-11-13 11:00:00,25494.346,25523.729,25445.592,25487.806,60,1131
2025-11-13 12:00:00,25486.599,25512.709,25448.121,25482.721,60,1124
2025-11-13 13:00:00,25478.001,25494.333,25389.975,25396.064,60,1148
2025-11-13 14:00:00,25396.195,25407.369,25181.529,25281.347,60,1133
2025-11-13 15:00:00,25283.707,25396.5,25099.225,25159.229,60,1125
2025-11-13 16:00:00,25158.636,25177.629,25059.47,25093.132,60,1122
2025-11-13 17:00:00,25092.512,25154.572,25027.873,25037.592,60,1119
2025-11-13 18:00:00,25037.778,25064.622,24914.124,24971.016,60,1127
2025-11-13 19:00:00,24974.865,25032.782,24905.106,24955.42,60,1126
2025-11-13 20:00:00,24955.949,25044.848,24917.906,24998.62,60,1119
2025-11-13 21:00:00,25000.11,25055.815,24994.032,25055.815,15,1123
2025-11-13 23:00:00,24995.264,25056.881,24995.264,25014.338,60,2553
2025-11-14 00:00:00,25013.272,25047.529,25000.522,25012.055,60,1125
2025-11-14 01:00:00,25011.62,25054.399,25008.697,25023.131,60,1123
2025-11-14 02:00:00,25023.436,25058.75,25023.436,25039.272,60,1131
2025-11-14 03:00:00,25039.219,25049.529,24992.316,25015.631,60,1115
2025-11-14 04:00:00,25016.327,25023.719,24927.794,24941.458,60,1121
2025-11-14 05:00:00,24941.511,25023.142,24880.153,25006.544,60,1125
2025-11-14 06:00:00,25006.279,25008.447,24910.316,24974.708,60,1126
2025-11-14 07:00:00,24974.892,24979.436,24839.12,24904.208,60,1129
2025-11-14 08:00:00,24906.219,24917.022,24806.077,24888.805,60,1128
2025-11-14 09:00:00,24889.088,24940.881,24836.925,24846.175,60,1121
2025-11-14 10:00:00,24846.25,24899.033,24833.12,24849.414,60,1125
2025-11-14 11:00:00,24848.708,24848.708,24682.642,24734.077,60,1119
2025-11-14 12:00:00,24734.283,24737.153,24576.577,24629.305,60,1122
2025-11-14 13:00:00,24628.436,24671.914,24563.316,24622.779,60,1603
2025-11-14 14:00:00,24622.794,24875.522,24531.794,24859.544,60,1126
2025-11-14 15:00:00,24858.37,25086.774,24771.805,25052.502,60,1124
2025-11-14 16:00:00,25052.23,25175.681,24979.596,25156.328,60,1126
2025-11-14 17:00:00,25156.523,25200.758,25069.529,25111.899,60,1125
2025-11-14 18:00:00,25112.197,25132.009,24997.305,25080.311,60,1119
2025-11-14 19:00:00,25079.377,25148.793,25032.582,25136.018,60,1123
2025-11-14 20:00:00,25135.68,25158.713,24981.531,25013.718,60,1122
2025-11-14 21:00:00,25014.925,25050.347,24986.059,25041.691,15,1118
2025-11-17 00:00:00,25082.283,25155.779,25025.697,25143.077,60,1378
2025-11-17 01:00:00,25143.631,25168.381,25110.381,25111.588,60,1133
2025-11-17 02:00:00,25112.914,25171.399,25111.914,25163.838,60,1120
2025-11-17 03:00:00,25162.969,25181.849,25148.947,25177.338,60,1119
2025-11-17 04:00:00,25177.653,25197.149,25169.631,25187.197,60,1125
2025-11-17 05:00:00,25187.37,25198.599,25154.958,25158.403,60,1122
2025-11-17 06:00:00,25158.686,25183.529,25141.403,25150.899,60,1131
2025-11-17 07:00:00,25149.414,25239.436,25143.936,25225.708,60,1125
2025-11-17 08:00:00,25225.75,25273.529,25214.511,25268.164,60,1134
2025-11-17 09:00:00,25267.708,25273.316,25176.631,25195.881,60,1129
2025-11-17 10:00:00,25196.033,25201.925,25083.87,25111.219,60,1138
2025-11-17 11:00:00,25110.283,25156.914,25082.969,25115.022,60,1133
2025-11-17 12:00:00,25115.219,25115.219,25024.816,25043.599,60,1120
2025-11-17 13:00:00,25043.708,25051.381,24922.936,24990.805,60,1134
2025-11-17 14:00:00,24991.033,25166.294,24867.914,25110.849,60,1128
2025-11-17 15:00:00,25111.533,25127.208,24969.475,24993.433,60,1126
2025-11-17 16:00:00,24993.933,25110.39,24860.144,25106.334,60,1120
2025-11-17 17:00:00,25107.509,25109.662,24909.741,24913.449,60,1130
2025-11-17 18:00:00,24914.297,24963.65,24801.673,24809.831,60,1127
2025-11-17 19:00:00,24808.299,24825.389,24668.386,24670.148,60,1129
2025-11-17 20:00:00,24670.246,24803.739,24646.62,24799.751,60,1132
2025-11-17 21:00:00,24800.208,24838.689,24799.762,24833.404,15,1125
2025-11-17 23:00:00,24812.003,24869.279,24797.797,24836.131,60,2029
2025-11-18 00:00:00,24836.011,24853.708,24746.555,24767.742,60,1123
2025-11-18 01:00:00,24770.327,24875.066,24768.947,24850.947,60,1121
2025-11-18 02:00:00,24850.805,24869.349,24753.87,24756.399,60,1121
2025-11-18 03:00:00,24754.37,24757.029,24678.316,24701.469,60,1120
2025-11-18 04:00:00,24701.033,24701.142,24523.664,24646.099,60,1128
2025-11-18 05:00:00,24646.131,24682.631,24606.566,24625.305,60,1126
2025-11-18 06:00:00,24626.899,24663.349,24556.75,24576.719,60,1122
2025-11-18 07:00:00,24574.779,24658.029,24520.044,24616.219,60,1150
2025-11-18 08:00:00,24616.511,24771.522,24616.436,24720.088,60,1124
2025-11-18 09:00:00,24719.783,24774.279,24682.099,24752.142,60,1122
2025-11-18 10:00:00,24752.686,24761.414,24703.425,24740.708,60,1125
2025-11-18 11:00:00,24740.783,24750.088,24675.794,24715.899,60,1134
2025-11-18 12:00:00,24716.381,24716.425,24574.642,24609.219,60,1130
2025-11-18 13:00:00,24612.631,24682.899,24610.458,24647.0,60,1121
2025-11-18 14:00:00,24646.697,24746.5,24437.469,24438.392,60,1130
2025-11-18 15:00:00,24436.481,24524.447,24345.794,24373.881,60,1343
2025-11-18 16:00:00,24374.088,24611.356,24296.772,24567.984,60,1123
2025-11-18 17:00:00,24566.82,24696.691,24410.779,24666.089,60,1123
2025-11-18 18:00:00,24666.865,24717.32,24607.579,24624.687,60,1125
2025-11-18 19:00:00,24624.48,24723.864,24601.366,24690.137,60,1127
2025-11-18 20:00:00,24690.709,24710.481,24493.994,24496.832,60,1127
2025-11-18 21:00:00,24495.875,24507.756,24440.013,24478.509,15,1126
2025-11-18 23:00:00,24463.297,24547.794,24458.731,24509.219,60,3401
2025-11-19 00:00:00,24509.566,24518.805,24416.805,24474.708,60,1140
2025-11-19 01:00:00,24474.511,24544.642,24429.779,24469.414,60,1130
2025-11-19 02:00:00,24469.686,24566.881,24469.686,24564.947,60,1159
2025-11-19 03:00:00,24564.653,24574.599,24454.381,24460.599,60,1123
2025-11-19 04:00:00,24460.649,24480.675,24410.631,24440.62,60,1127
2025-11-19 05:00:00,24441.653,24476.25,24365.261,24453.566,60,1195
2025-11-19 06:00:00,24453.381,24490.772,24439.003,24470.529,60,1162
2025-11-19 07:00:00,24470.425,24544.653,24450.599,24526.899,60,1129
2025-11-19 08:00:00,24526.327,24569.827,24490.338,24508.555,60,1126
2025-11-19 09:00:00,24508.708,24600.899,24487.903,24595.555,60,1124
2025-11-19 10:00:00,24595.642,24627.827,24581.511,24618.327,60,1121
2025-11-19 11:00:00,24618.12,24648.033,24606.544,24610.425,60,1132
2025-11-19 12:00:00,24610.827,24640.577,24591.708,24613.87,60,1120
2025-11-19 13:00:00,24613.708,24627.279,24559.403,24583.447,60,1127
2025-11-19 14:00:00,24583.327,24819.458,24492.022,24812.381,60,1123
2025-11-19 15:00:00,24812.529,24905.208,24666.381,24687.544,60,1125
2025-11-19 16:00:00,24687.25,24704.12,24570.658,24635.766,60,1121
2025-11-19 17:00:00,24635.599,24640.772,24429.822,24553.651,60,1124
2025-11-19 18:00:00,24553.52,24631.391,24507.51,24606.429,60,1123
2025-11-19 19:00:00,24606.526,24619.26,24491.769,24578.551,60,1855
2025-11-19 20:00:00,24578.312,24747.006,24564.294,24642.524,60,1118
2025-11-19 21:00:00,24642.893,24666.049,24593.507,24641.926,15,1221
2025-11-19 23:00:00,24871.275,25026.272,24871.275,25024.153,60,3168
2025-11-20 00:00:00,25023.529,25077.077,25004.392,25042.969,60,1122
2025-11-20 01:00:00,25043.099,25082.779,25018.914,25072.25,60,1123
2025-11-20 02:00:00,25071.794,25086.279,25045.294,25084.399,60,1124
2025-11-20 03:00:00,25083.947,25111.399,25054.969,25084.62,60,1127
2025-11-20 04:00:00,25084.436,25104.197,25066.794,25103.088,60,1127
2025-11-20 05:00:00,25103.305,25124.577,25074.219,25084.599,60,1122
2025-11-20 06:00:00,25085.142,25100.779,25048.664,25091.414,60,1138
2025-11-20 07:00:00,25090.022,25122.649,25053.816,25066.399,60,1122
2025-11-20 08:00:00,25066.588,25100.149,25037.425,25048.381,60,1153
2025-11-20 09:00:00,25050.642,25060.149,24962.436,24975.25,60,1122
2025-11-20 10:00:00,24976.392,25041.37,24938.522,25028.642,60,1121
2025-11-20 11:00:00,25029.149,25042.588,24963.425,25003.469,60,1128
2025-11-20 12:00:00,25004.827,25074.011,24976.794,25072.029,60,1124
2025-11-20 13:00:00,25071.436,25180.469,25036.827,25145.892,60,1417
2025-11-20 14:00:00,25146.088,25207.175,25062.577,25189.87,60,1125
2025-11-20 15:00:00,25189.899,25221.939,25072.658,25077.211,60,1159
2025-11-20 16:00:00,25077.375,25077.789,24432.633,24473.982,60,1134
2025-11-20 17:00:00,24473.286,24561.205,24229.758,24315.765,60,1190
2025-11-20 18:00:00,24317.102,24519.313,24159.954,24200.39,60,1159
2025-11-20 19:00:00,24200.086,24322.504,24128.505,24317.472,60,1137
2025-11-20 20:00:00,24317.755,24317.755,24020.897,24055.499,60,1123
2025-11-20 21:00:00,24057.601,24058.852,24011.924,24034.274,15,1151
2025-11-20 23:00:00,24004.97,24093.0,23946.349,24062.838,60,2376
2025-11-21 00:00:00,24063.033,24131.399,24039.75,24109.055,60,1127
2025-11-21 01:00:00,24108.903,24161.029,24093.0,24132.5,60,1124
2025-11-21 02:00:00,24133.697,24142.599,24083.805,24099.5,60,1145
2025-11-21 03:00:00,24099.338,24163.761,24086.649,24118.447,60,1121
2025-11-21 04:00:00,24118.25,24129.0,24024.936,24097.349,60,1126
2025-11-21 05:00:00,24096.208,24133.029,24054.047,24067.631,60,1128
2025-11-21 06:00:00,24069.029,24126.055,24056.529,24101.805,60,1137
2025-11-21 07:00:00,24102.088,24125.279,23987.511,24004.664,60,1128
2025-11-21 08:00:00,24004.75,24141.011,24004.75,24133.425,60,1302
2025-11-21 09:00:00,24133.969,24143.261,23957.588,23961.697,60,1161
2025-11-21 10:00:00,23961.533,24021.033,23831.011,24018.279,60,1128
2025-11-21 11:00:00,24017.686,24079.631,23936.761,23983.022,60,1124
2025-11-21 12:00:00,23982.675,24188.029,23881.149,24117.914,60,1127
2025-11-21 13:00:00,24117.697,24218.447,24070.816,24170.029,60,1124
2025-11-21 14:00:00,24170.327,24223.914,24027.881,24100.992,60,1177
2025-11-21 15:00:00,24100.275,24154.649,23853.761,23948.788,60,1812
2025-11-21 16:00:00,23948.179,24300.639,23863.934,24299.891,60,1121
2025-11-21 17:00:00,24299.38,24342.097,24235.891,24277.244,60,1134
2025-11-21 18:00:00,24277.549,24479.921,24130.908,24401.659,60,1122
2025-11-21 19:00:00,24402.599,24520.071,24352.989,24384.0,60,1121
2025-11-21 20:00:00,24383.664,24420.94,24212.908,24241.531,60,1121
2025-11-21 21:00:00,24240.585,24280.584,24229.785,24251.073,15,1122
2025-11-24 00:00:00,24401.675,24401.675,24335.327,24376.153,60,1144
2025-11-24 01:00:00,24376.088,24412.577,24345.327,24379.925,60,1134
2025-11-24 02:00:00,24379.544,24447.044,24363.936,24445.649,60,1128
2025-11-24 03:00:00,24445.761,24453.029,24406.783,24414.914,60,1130
2025-11-24 04:00:00,24414.261,24421.653,24362.349,24383.055,60,1125
2025-11-24 05:00:00,24382.958,24441.631,24376.414,24425.914,60,1125
2025-11-24 06:00:00,24426.219,24431.555,24392.87,24406.642,60,1119
2025-11-24 07:00:00,24406.425,24455.219,24380.75,24443.914,60,1119
2025-11-24 08:00:00,24440.219,24493.088,24386.838,24482.664,60,1121
2025-11-24 09:00:00,24481.555,24493.077,24297.399,24353.055,60,1123
2025-11-24 10:00:00,24353.219,24368.838,24292.481,24332.403,60,1145
2025-11-24 11:00:00,24332.0,24392.392,24308.219,24386.099,60,1122
2025-11-24 12:00:00,24386.153,24446.649,24353.653,24436.272,60,1136
2025-11-24 13:00:00,24436.164,24494.12,24422.131,24429.077,60,1130
2025-11-24 14:00:00,24429.164,24652.219,24425.599,24612.779,60,1121
2025-11-24 15:00:00,24612.186,24743.984,24594.044,24706.699,60,1137
2025-11-24 16:00:00,24707.319,24816.78,24706.714,24773.789,60,1122
2025-11-24 17:00:00,24775.707,24867.075,24755.766,24847.503,60,1125
2025-11-24 18:00:00,24848.059,24880.668,24841.387,24853.004,60,1123
2025-11-24 19:00:00,24853.612,24887.35,24820.919,24840.957,60,1125
2025-11-24 20:00:00,24841.098,24920.138,24839.959,24864.79,60,1123
2025-11-24 21:00:00,24864.453,24898.849,24853.143,24887.687,15,1117
2025-11-24 23:00:00,24895.892,24917.044,24882.305,24890.392,60,2905
2025-11-25 00:00:00,24890.899,24894.272,24850.011,24888.75,60,1123
2025-11-25 01:00:00,24888.936,24893.305,24850.675,24854.511,60,1119
2025-11-25 02:00:00,24854.261,24886.708,24851.708,24878.12,60,1124
2025-11-25 03:00:00,24877.936,24889.838,24846.175,24854.577,60,1122
2025-11-25 04:00:00,24855.522,24884.522,24851.577,24865.392,60,1128
2025-11-25 05:00:00,24865.555,24886.327,24844.522,24851.849,60,1124
2025-11-25 06:00:00,24851.958,24869.649,24825.458,24832.664,60,1132
2025-11-25 07:00:00,24833.697,24866.327,24812.142,24845.403,60,1127
2025-11-25 08:00:00,24845.305,24862.044,24787.131,24797.25,60,1124
2025-11-25 09:00:00,24798.37,24830.149,24753.142,24788.044,60,1126
2025-11-25 10:00:00,24787.958,24824.62,24767.022,24817.566,60,1132
2025-11-25 11:00:00,24818.088,24828.403,24775.425,24805.805,60,1128
2025-11-25 12:00:00,24805.25,24906.272,24797.055,24842.029,60,1121
2025-11-25 13:00:00,24841.947,24888.664,24804.686,24814.588,60,1641
2025-11-25 14:00:00,24814.642,24823.029,24533.899,24748.253,60,1118
2025-11-25 15:00:00,24748.499,24804.511,24588.469,24749.055,60,1325
2025-11-25 16:00:00,24749.142,24844.779,24705.577,24831.175,60,1119
2025-11-25 17:00:00,24830.827,24991.675,24825.544,24917.294,60,1132
2025-11-25 18:00:00,24918.044,24980.175,24915.142,24955.425,60,1123
2025-11-25 19:00:00,24955.642,24964.566,24869.772,24945.37,60,1124
2025-11-25 20:00:00,24945.283,25066.381,24945.283,25011.649,60,1128
2025-11-25 21:00:00,25010.772,25031.029,25001.914,25008.653,15,1119
2025-11-25 23:00:00,25014.577,25031.925,25000.914,25024.816,60,1987
2025-11-26 00:00:00,25024.719,25065.12,25005.697,25059.055,60,1118
2025-11-26 01:00:00,25058.881,25109.044,25051.011,25104.305,60,1127
2025-11-26 02:00:00,25104.033,25121.719,25095.305,25120.338,60,1128
2025-11-26 03:00:00,25120.425,25134.197,25106.969,25119.697,60,1127
2025-11-26 04:00:00,25119.533,25126.675,25099.469,25106.686,60,1123
2025-11-26 05:00:00,25106.555,25140.899,25105.555,25138.055,60,1136
2025-11-26 06:00:00,25138.25,25159.794,25124.87,25149.631,60,1132
2025-11-26 07:00:00,25150.197,25174.077,25147.131,25150.816,60,1121
2025-11-26 08:00:00,25150.642,25163.029,25110.022,25110.899,60,1119
2025-11-26 09:00:00,25110.588,25112.827,25076.142,25087.099,60,1140
2025-11-26 10:00:00,25087.849,25142.279,25087.077,25135.458,60,1126
2025-11-26 11:00:00,25135.305,25152.914,25112.294,25117.599,60,1133
2025-11-26 12:00:00,25117.664,25122.279,25057.533,25113.772,60,1128
2025-11-26 13:00:00,25113.425,25157.62,25106.783,25153.033,60,1163
2025-11-26 14:00:00,25152.399,25217.779,25094.958,25106.055,60,1131
2025-11-26 15:00:00,25105.805,25206.491,25074.37,25203.939,60,1121
2025-11-26 16:00:00,25203.634,25310.038,25199.685,25288.284,60,1119
2025-11-26 17:00:00,25288.437,25302.935,25247.505,25272.81,60,1124
2025-11-26 18:00:00,25273.268,25294.389,25218.143,25251.653,60,1125
2025-11-26 19:00:00,25251.783,25290.569,25232.936,25268.118,60,1126
2025-11-26 20:00:00,25268.204,25296.344,25232.283,25233.294,60,1126
2025-11-26 21:00:00,25233.219,25268.065,25231.816,25250.387,15,1121
2025-11-26 23:00:00,25253.192,25273.479,25249.508,25260.777,60,3708
2025-11-27 00:00:00,25260.599,25270.099,25251.95,25267.516,60,1144
2025-11-27 01:00:00,25267.875,25276.479,25241.331,25270.994,60,1125
2025-11-27 02:00:00,25271.255,25274.994,25251.853,25253.472,60,1117
2025-11-27 03:00:00,25253.983,25259.342,25242.244,25250.599,60,1131
2025-11-27 04:00:00,25249.994,25263.266,25245.722,25261.972,60,1118
2025-11-27 05:00:00,25262.114,25274.049,25257.57,25261.277,60,1119
2025-11-27 06:00:00,25261.45,25264.729,25235.983,25239.82,60,1125
2025-11-27 07:00:00,25240.549,25263.099,25233.527,25259.95,60,1135
2025-11-27 08:00:00,25259.733,25265.799,25230.353,25238.599,60,1118
2025-11-27 09:00:00,25238.125,25263.755,25233.897,25240.581,60,1131
2025-11-27 10:00:00,25240.549,25256.419,25236.777,25254.799,60,1124
2025-11-27 11:00:00,25254.908,25262.266,25242.766,25243.494,60,1134
2025-11-27 12:00:00,25243.222,25252.494,25231.233,25234.211,60,1121
2025-11-27 13:00:00,25234.147,25252.397,25227.353,25237.647,60,1121
2025-11-27 14:00:00,25237.538,25254.853,25224.408,25233.364,60,1127
2025-11-27 15:00:00,25233.211,25244.729,25227.244,25237.994,60,1121
2025-11-27 16:00:00,25237.82,25241.527,25223.266,25233.516,60,1124
2025-11-27 17:00:00,25234.099,25239.849,25231.505,25237.005,59,1119
2025-11-27 23:00:00,25250.458,25276.358,25245.686,25272.194,60,2859
2025-11-28 00:00:00,25272.299,25295.299,25268.999,25285.488,60,1123
2025-11-28 01:00:00,25285.575,25310.52,25276.131,25283.708,60,3150
2025-11-28 02:00:00,25283.175,25294.553,25281.197,25291.161,44,4939
2025-11-28 07:00:00,25291.15,25291.15,25291.15,25291.15,1,1194
2025-11-28 13:00:00,25311.803,25337.686,25306.631,25314.414,29,3205
2025-11-28 14:00:00,25314.436,25365.411,25275.131,25314.099,60,3130
2025-11-28 15:00:00,25313.588,25365.186,25297.529,25353.89,60,1310
2025-11-28 16:00:00,25354.01,25379.939,25312.029,25369.269,60,1120
2025-11-28 17:00:00,25369.317,25431.528,25336.38,25428.729,60,1120
2025-12-01 00:00:00,25418.197,25419.327,25257.197,25270.533,60,1129
2025-12-01 01:00:00,25269.686,25294.029,25216.055,25267.338,60,1129
2025-12-01 02:00:00,25267.12,25276.588,25217.392,25232.403,60,1129
2025-12-01 03:00:00,25232.033,25233.805,25188.099,25209.011,60,1129
2025-12-01 04:00:00,25208.577,25215.279,25176.631,25180.149,60,1121
2025-12-01 05:00:00,25180.099,25206.533,25143.316,25201.511,60,1131
2025-12-01 06:00:00,25201.131,25220.208,25182.044,25217.686,60,1123
2025-12-01 07:00:00,25219.399,25233.827,25187.794,25228.577,57,1124
2025-12-01 08:00:00,25229.077,25292.12,25217.794,25256.903,60,1119
2025-12-01 09:00:00,25256.761,25289.649,25221.088,25229.566,60,1126
2025-12-01 10:00:00,25230.142,25281.708,25230.142,25261.779,60,1121
2025-12-01 11:00:00,25261.664,25265.827,25228.544,25244.011,60,1115
2025-12-01 12:00:00,25243.75,25255.779,25159.653,25173.947,60,1131
2025-12-01 13:00:00,25174.219,25219.088,25163.283,25214.686,60,1124
2025-12-01 14:00:00,25214.425,25327.697,25157.631,25307.992,60,1126
2025-12-01 15:00:00,25323.753,25368.404,25217.669,25361.545,60,1439
2025-12-01 16:00:00,25361.871,25398.713,25272.297,25383.649,60,1120
2025-12-01 17:00:00,25383.213,25443.669,25363.022,25398.547,60,1124
2025-12-01 18:00:00,25398.394,25439.679,25394.568,25433.859,60,1120
2025-12-01 19:00:00,25432.722,25434.777,25304.723,25322.308,60,1120
2025-12-01 20:00:00,25322.014,25369.232,25313.882,25350.081,60,1128
2025-12-01 21:00:00,25349.875,25358.591,25331.854,25337.714,15,1126
2025-12-01 23:00:00,25362.808,25376.447,25330.533,25350.208,60,1306
2025-12-02 00:00:00,25350.469,25369.399,25335.522,25359.87,60,1120
2025-12-02 01:00:00,25360.044,25395.772,25351.566,25364.794,60,1126
2025-12-02 02:00:00,25364.958,25383.544,25337.783,25375.577,60,1128
2025-12-02 03:00:00,25375.077,25377.779,25300.403,25342.12,60,1118
2025-12-02 04:00:00,25342.675,25351.511,25318.294,25323.272,60,1133
2025-12-02 05:00:00,25323.881,25335.529,25311.522,25324.675,60,1121
2025-12-02 06:00:00,25322.925,25338.12,25286.055,25320.5,60,1122
2025-12-02 07:00:00,25319.544,25338.403,25302.219,25309.588,60,1128
2025-12-02 08:00:00,25309.175,25378.011,25276.653,25372.349,60,1125
2025-12-02 09:00:00,25371.0,25402.399,25370.577,25393.327,60,1121
2025-12-02 10:00:00,25393.011,25451.149,25388.033,25441.208,60,1131
2025-12-02 11:00:00,25441.436,25460.029,25429.599,25432.827,60,1121
2025-12-02 12:00:00,25432.37,25451.555,25409.719,25450.458,60,1128
2025-12-02 13:00:00,25450.555,25465.783,25432.425,25457.761,60,1132
2025-12-02 14:00:00,25458.279,25564.033,25423.283,25548.599,60,1120
2025-12-02 15:00:00,25548.805,25621.149,25483.577,25599.066,60,1120
2025-12-02 16:00:00,25599.186,25614.779,25367.008,25461.661,60,1128
2025-12-02 17:00:00,25461.911,25574.169,25456.939,25458.779,60,1120
2025-12-02 18:00:00,25458.663,25538.799,25449.422,25529.026,60,1124
2025-12-02 19:00:00,25528.862,25593.399,25515.019,25583.99,60,1124
2025-12-02 20:00:00,25584.176,25597.539,25542.729,25551.303,60,1119
2025-12-02 21:00:00,25550.967,25558.087,25541.382,25546.905,15,1131
2025-12-02 23:00:00,25575.816,25586.529,25563.731,25577.219,60,1315
2025-12-03 00:00:00,25577.649,25592.272,25529.794,25580.208,60,1127
2025-12-03 01:00:00,25580.381,25602.414,25578.12,25593.077,60,1122
2025-12-03 02:00:00,25593.219,25627.088,25590.25,25608.349,60,1121
2025-12-03 03:00:00,25608.381,25628.279,25596.283,25621.294,60,1115
2025-12-03 04:00:00,25621.055,25626.261,25610.653,25613.055,60,1118
2025-12-03 05:00:00,25613.12,25630.142,25609.279,25613.783,60,1120
2025-12-03 06:00:00,25613.653,25618.279,25591.197,25610.969,60,1136
2025-12-03 07:00:00,25610.772,25630.029,25597.164,25604.338,60,1120
2025-12-03 08:00:00,25604.779,25620.511,25566.62,25613.164,60,1125
2025-12-03 09:00:00,25613.011,25614.425,25567.349,25590.892,60,1133
2025-12-03 10:00:00,25590.838,25603.969,25559.0,25577.588,60,1118
2025-12-03 11:00:00,25577.899,25597.653,25563.664,25587.305,60,1131
2025-12-03 12:00:00,25587.899,25617.164,25568.12,25608.153,60,1124
2025-12-03 13:00:00,25607.794,25630.153,25593.458,25602.011,60,1148
2025-12-03 14:00:00,25602.219,25606.153,25374.838,25448.003,60,1127
2025-12-03 15:00:00,25448.47,25560.251,25445.319,25518.199,60,1633
2025-12-03 16:00:00,25517.611,25574.818,25477.146,25514.666,60,1121
2025-12-03 17:00:00,25514.547,25591.169,25509.511,25579.689,60,1124
2025-12-03 18:00:00,25580.619,25608.001,25562.515,25583.275,60,1124
2025-12-03 19:00:00,25583.069,25626.229,25580.48,25623.915,60,1120
2025-12-03 20:00:00,25623.795,25639.199,25595.056,25611.248,60,1126
2025-12-03 21:00:00,25610.595,25614.956,25596.765,25602.374,15,1123
2025-12-03 23:00:00,25605.253,25614.425,25590.761,25603.719,60,1383
2025-12-04 00:00:00,25603.425,25621.25,25578.566,25588.958,60,1123
2025-12-04 01:00:00,25589.175,25618.649,25584.522,25597.197,60,1127
2025-12-04 02:00:00,25597.294,25611.37,25575.414,25604.761,60,1127
2025-12-04 03:00:00,25605.055,25605.338,25570.131,25586.62,60,1138
2025-12-04 04:00:00,25587.055,25599.029,25575.436,25595.631,60,1131
2025-12-04 05:00:00,25595.511,25605.349,25584.816,25595.827,60,1116
2025-12-04 06:00:00,25595.87,25618.011,25595.533,25610.761,60,1138
2025-12-04 07:00:00,25610.642,25625.675,25607.261,25612.447,60,1117
2025-12-04 08:00:00,25613.0,25613.0,25559.719,25590.305,60,1122
2025-12-04 09:00:00,25590.164,25648.208,25567.62,25640.425,60,1122
2025-12-04 10:00:00,25640.208,25647.197,25596.87,25600.279,60,1127
2025-12-04 11:00:00,25599.827,25612.958,25582.719,25611.686,60,1130
2025-12-04 12:00:00,25611.936,25629.969,25608.925,25614.805,60,1127
2025-12-04 13:00:00,25613.469,25622.149,25574.794,25588.5,60,1142
2025-12-04 14:00:00,25587.827,25688.186,25496.642,25510.849,60,1119
2025-12-04 15:00:00,25511.011,25594.998,25476.899,25526.169,60,1121
2025-12-04 16:00:00,25525.766,25605.219,25462.988,25597.626,60,1125
2025-12-04 17:00:00,25597.339,25606.238,25542.014,25573.369,60,1126
2025-12-04 18:00:00,25572.971,25587.999,25530.532,25560.014,60,1124
2025-12-04 19:00:00,25559.873,25567.699,25445.69,25544.09,60,1121
2025-12-04 20:00:00,25543.548,25586.379,25507.061,25580.811,60,1120
2025-12-04 21:00:00,25581.949,25588.839,25571.255,25586.191,15,1130
2025-12-04 23:00:00,25593.047,25607.403,25568.0,25581.892,60,1741
2025-12-05 00:00:00,25581.719,25616.011,25571.033,25613.838,60,1126
2025-12-05 01:00:00,25614.327,25642.969,25612.099,25641.0,60,1120
2025-12-05 02:00:00,25641.12,25672.414,25638.925,25648.649,60,1118
2025-12-05 03:00:00,25648.294,25666.208,25642.936,25660.279,60,1122
2025-12-05 04:00:00,25659.719,25676.588,25656.925,25671.511,60,1119
2025-12-05 05:00:00,25671.261,25683.529,25667.186,25682.772,60,1121
2025-12-05 06:00:00,25682.381,25689.649,25663.272,25672.279,60,1126
2025-12-05 07:00:00,25671.838,25688.414,25663.992,25684.458,60,1146
2025-12-05 08:00:00,25684.327,25714.779,25680.881,25684.338,60,1118
2025-12-05 09:00:00,25684.186,25695.511,25665.631,25677.403,60,1123
2025-12-05 10:00:00,25677.164,25691.664,25671.816,25675.772,60,1122
2025-12-05 11:00:00,25675.719,25686.327,25664.099,25678.599,60,1139
2025-12-05 12:00:00,25678.283,25692.088,25648.511,25663.029,60,1125
2025-12-05 13:00:00,25662.708,25669.279,25538.805,25573.37,60,1122
2025-12-05 14:00:00,25573.816,25762.399,25571.175,25749.664,60,1123
2025-12-05 15:00:00,25749.892,25826.533,25677.147,25703.322,60,1554
2025-12-05 16:00:00,25703.224,25727.339,25613.71,25691.369,60,1128
2025-12-05 17:00:00,25689.439,25701.019,25626.552,25690.721,60,1122
2025-12-05 18:00:00,25690.96,25719.318,25661.545,25688.466,60,1123
2025-12-05 19:00:00,25689.184,25704.819,25664.799,25698.301,60,1118
2025-12-05 20:00:00,25697.106,25701.17,25638.625,25687.014,60,1122
2025-12-05 21:00:00,25687.145,25704.549,25685.188,25695.002,15,1129
2025-12-08 00:00:00,25708.914,25713.772,25664.033,25710.066,60,1121
2025-12-08 01:00:00,25710.447,25734.899,25706.675,25731.794,60,1127
2025-12-08 02:00:00,25731.599,25746.649,25725.794,25745.827,60,1132
2025-12-08 03:00:00,25745.958,25757.779,25740.588,25752.816,60,1132
2025-12-08 04:00:00,25753.149,25766.219,25750.794,25762.279,60,1119
2025-12-08 05:00:00,25762.219,25767.436,25754.37,25757.827,60,1122
2025-12-08 06:00:00,25757.881,25774.279,25749.186,25753.653,60,1125
2025-12-08 07:00:00,25752.272,25784.399,25741.599,25768.37,60,1134
2025-12-08 08:00:00,25769.0,25769.649,25731.936,25737.969,60,1139
2025-12-08 09:00:00,25738.022,25760.899,25732.011,25737.599,60,1136
2025-12-08 10:00:00,25737.914,25761.947,25725.838,25757.149,60,1132
2025-12-08 11:00:00,25757.279,25760.686,25734.794,25738.805,60,1129
2025-12-08 12:00:00,25737.294,25774.403,25728.425,25767.088,60,1121
2025-12-08 13:00:00,25766.892,25796.149,25748.208,25773.899,60,1125
2025-12-08 14:00:00,25773.436,25823.892,25686.555,25707.779,60,1124
2025-12-08 15:00:00,25707.458,25741.099,25614.07,25625.859,60,1123
2025-12-08 16:00:00,25627.113,25634.403,25592.236,25603.224,60,1120
2025-12-08 17:00:00,25603.387,25652.599,25557.612,25643.497,60,1134
2025-12-08 18:00:00,25643.083,25659.01,25529.779,25556.537,60,1126
2025-12-08 19:00:00,25556.939,25584.6,25532.049,25554.669,60,1119
2025-12-08 20:00:00,25554.506,25634.806,25545.867,25632.762,60,1119
2025-12-08 21:00:00,25631.794,25637.883,25619.718,25623.968,15,1123
2025-12-08 23:00:00,25680.033,25695.149,25659.447,25693.577,60,1354
2025-12-09 00:00:00,25693.899,25694.279,25678.425,25686.349,60,1126
2025-12-09 01:00:00,25686.279,25695.399,25652.425,25659.044,60,1117
2025-12-09 02:00:00,25658.903,25675.066,25642.458,25659.327,60,1119
2025-12-09 03:00:00,25659.164,25668.399,25652.261,25665.631,60,1121
2025-12-09 04:00:00,25665.316,25666.719,25650.458,25654.708,60,1127
2025-12-09 05:00:00,25655.164,25656.649,25629.914,25630.153,60,1127
2025-12-09 06:00:00,25630.631,25654.794,25614.099,25650.599,60,1127
2025-12-09 07:00:00,25650.12,25663.649,25643.131,25658.827,60,1133
2025-12-09 08:00:00,25658.881,25679.279,25649.675,25661.903,60,1128
2025-12-09 09:00:00,25661.088,25662.529,25616.816,25622.783,60,1128
2025-12-09 10:00:00,25623.142,25658.399,25576.742,25634.664,60,1121
2025-12-09 11:00:00,25634.261,25647.566,25597.381,25638.12,60,1144
2025-12-09 12:00:00,25638.947,25642.186,25611.903,25630.783,60,1122
2025-12-09 13:00:00,25628.838,25631.577,25573.925,25582.653,60,1134
2025-12-09 14:00:00,25582.75,25619.399,25527.175,25596.708,60,1125
2025-12-09 15:00:00,25596.436,25650.885,25584.686,25650.755,60,1227
2025-12-09 16:00:00,25650.58,25680.965,25634.583,25674.007,60,1120
2025-12-09 17:00:00,25673.888,25697.498,25654.871,25682.466,60,1119
2025-12-09 18:00:00,25683.205,25700.181,25656.334,25685.842,60,1120
2025-12-09 19:00:00,25686.115,25688.569,25649.035,25668.187,60,1125
2025-12-09 20:00:00,25668.045,25687.476,25654.182,25668.68,60,1121
2025-12-09 21:00:00,25669.529,25669.615,25648.38,25651.468,15,1129
2025-12-09 23:00:00,25649.503,25659.164,25640.044,25642.5,60,1364
2025-12-10 00:00:00,25642.649,25663.925,25620.936,25621.5,60,1130
2025-12-10 01:00:00,25621.175,25634.649,25610.381,25626.12,60,1120
2025-12-10 02:00:00,25626.283,25649.208,25625.066,25644.055,60,1126
2025-12-10 03:00:00,25644.12,25655.399,25634.261,25644.022,60,1123
2025-12-10 04:00:00,25644.219,25679.892,25644.219,25664.153,60,1123
2025-12-10 05:00:00,25663.936,25664.566,25639.099,25652.022,60,1126
2025-12-10 06:00:00,25652.12,25683.827,25651.533,25674.044,60,1131
2025-12-10 07:00:00,25673.947,25700.664,25668.697,25698.708,60,1135
2025-12-10 08:00:00,25700.327,25715.914,25676.011,25691.044,60,1134
2025-12-10 09:00:00,25691.149,25701.925,25674.338,25679.555,60,1121
2025-12-10 10:00:00,25679.697,25703.947,25586.044,25621.403,60,1124
2025-12-10 11:00:00,25619.936,25662.697,25609.577,25636.272,60,1354
2025-12-10 12:00:00,25638.392,25638.392,25598.044,25618.719,60,1126
2025-12-10 13:00:00,25618.936,25685.764,25615.414,25643.37,60,1224
2025-12-10 14:00:00,25644.153,25653.044,25537.881,25601.294,60,1122
2025-12-10 15:00:00,25599.37,25627.044,25521.349,25536.919,60,1122
2025-12-10 16:00:00,25537.267,25627.152,25500.215,25619.807,60,1135
2025-12-10 17:00:00,25619.709,25649.599,25585.58,25634.091,60,1125
2025-12-10 18:00:00,25633.471,25636.589,25565.131,25584.576,60,1122
2025-12-10 19:00:00,25585.087,25802.039,25573.117,25792.916,60,3203
2025-12-10 20:00:00,25793.046,25833.778,25757.228,25769.43,60,1128
2025-12-10 21:00:00,25769.256,25777.146,25728.348,25757.513,15,1128
2025-12-10 23:00:00,25743.547,25762.903,25689.719,25703.0,60,1755
2025-12-11 00:00:00,25702.958,25706.664,25644.775,25657.327,60,1229
2025-12-11 01:00:00,25657.392,25657.392,25625.055,25633.186,60,1124
2025-12-11 02:00:00,25633.425,25634.779,25497.816,25522.664,60,1134
2025-12-11 03:00:00,25522.783,25523.849,25356.514,25459.5,60,1127
2025-12-11 04:00:00,25459.75,25506.149,25449.772,25481.631,60,1131
2025-12-11 05:00:00,25481.838,25495.029,25457.425,25487.305,60,1132
2025-12-11 06:00:00,25487.697,25496.899,25445.599,25482.881,60,1120
2025-12-11 07:00:00,25483.881,25515.969,25448.392,25513.055,60,1124
2025-12-11 08:00:00,25512.892,25516.779,25447.62,25510.131,60,1134
2025-12-11 09:00:00,25509.12,25596.37,25502.708,25576.936,60,1124
2025-12-11 10:00:00,25578.649,25590.149,25553.642,25570.899,60,1126
2025-12-11 11:00:00,25570.75,25603.279,25564.675,25596.447,60,1120
2025-12-11 12:00:00,25594.316,25674.149,25590.794,25665.899,60,1125
2025-12-11 13:00:00,25664.794,25672.75,25605.783,25617.279,60,1137
2025-12-11 14:00:00,25617.447,25654.164,25374.066,25386.533,60,1128
2025-12-11 15:00:00,25387.511,25603.694,25364.153,25506.236,60,1127
2025-12-11 16:00:00,25506.062,25563.535,25432.221,25477.121,60,1125
2025-12-11 17:00:00,25477.046,25621.289,25471.501,25568.98,60,1128
2025-12-11 18:00:00,25565.676,25660.663,25558.846,25613.181,60,1123
2025-12-11 19:00:00,25612.92,25697.738,25610.855,25664.508,60,1129
2025-12-11 20:00:00,25664.388,25692.587,25634.613,25687.989,60,1119
2025-12-11 21:00:00,25688.314,25721.373,25682.046,25717.069,15,1122
2025-12-11 23:00:00,25684.569,25714.399,25630.308,25652.772,60,1730
2025-12-12 00:00:00,25653.197,25667.186,25623.75,25628.511,60,1137
2025-12-12 01:00:00,25628.816,25661.958,25628.12,25659.5,60,1124
2025-12-12 02:00:00,25659.708,25684.827,25656.381,25675.827,60,1127
2025-12-12 03:00:00,25675.969,25678.283,25645.653,25650.783,60,1122
2025-12-12 04:00:00,25650.458,25654.62,25635.349,25640.283,60,1121
2025-12-12 05:00:00,25639.849,25679.969,25639.272,25671.925,60,1137
2025-12-12 06:00:00,25672.055,25685.533,25657.511,25660.903,60,1127
2025-12-12 07:00:00,25659.044,25659.899,25638.794,25647.033,60,1122
2025-12-12 08:00:00,25646.958,25663.653,25633.011,25643.936,60,1129
2025-12-12 09:00:00,25643.849,25648.805,25543.62,25569.208,60,1120
2025-12-12 10:00:00,25567.675,25602.599,25547.12,25565.077,60,1134
2025-12-12 11:00:00,25565.142,25569.469,25514.208,25533.947,60,1127
2025-12-12 12:00:00,25534.75,25577.142,25519.37,25549.142,60,1129
2025-12-12 13:00:00,25548.87,25607.294,25540.664,25606.947,60,1134
2025-12-12 14:00:00,25606.805,25613.925,25484.033,25540.327,60,1119
2025-12-12 15:00:00,25539.555,25540.62,25200.831,25227.518,60,1120
2025-12-12 16:00:00,25226.007,25262.037,25102.351,25159.18,60,1129
2025-12-12 17:00:00,25158.757,25294.308,25147.233,25261.791,60,1124
2025-12-12 18:00:00,25263.28,25353.001,25248.16,25262.189,60,1120
2025-12-12 19:00:00,25262.498,25269.776,25198.485,25227.11,60,1123
2025-12-12 20:00:00,25227.067,25246.075,25129.99,25193.679,60,1125
2025-12-12 21:00:00,25192.705,25209.219,25182.98,25199.991,15,1125
2025-12-15 00:00:00,25179.533,25227.022,25173.555,25220.5,60,1129
2025-12-15 01:00:00,25220.529,25250.649,25207.5,25247.775,60,1138
2025-12-15 02:00:00,25247.492,25269.649,25240.272,25246.914,60,1219
2025-12-15 03:00:00,25247.022,25258.899,25231.131,25240.914,60,1147
2025-12-15 04:00:00,25241.033,25261.279,25219.469,25254.838,60,1126
2025-12-15 05:00:00,25254.338,25268.279,25240.447,25263.153,60,1127
2025-12-15 06:00:00,25262.197,25264.936,25235.469,25259.022,60,1139
2025-12-15 07:00:00,25259.399,25268.066,25223.272,25238.631,60,1267
2025-12-15 08:00:00,25238.294,25277.399,25216.749,25270.664,60,1137
2025-12-15 09:00:00,25269.47,25319.279,25260.261,25311.022,60,1293
2025-12-15 10:00:00,25310.838,25328.327,25303.0,25322.566,60,1242
2025-12-15 11:00:00,25322.664,25343.458,25314.077,25340.816,60,1121
2025-12-15 12:00:00,25340.631,25347.197,25310.327,25337.783,60,1125
2025-12-15 13:00:00,25337.958,25369.197,25322.783,25366.338,60,1333
2025-12-15 14:00:00,25366.099,25394.447,25197.039,25207.38,60,1124
2025-12-15 15:00:00,25206.478,25217.754,25015.687,25132.931,60,1124
2025-12-15 16:00:00,25132.595,25244.938,25099.03,25142.595,60,1123
2025-12-15 17:00:00,25142.181,25165.619,25064.479,25111.048,60,1124
2025-12-15 18:00:00,25111.298,25147.759,25060.521,25131.223,60,1123
2025-12-15 19:00:00,25131.723,25161.129,25086.027,25128.654,60,1127
2025-12-15 20:00:00,25128.807,25134.629,25060.298,25062.519,60,1122
2025-12-15 21:00:00,25063.248,25087.672,25057.65,25077.43,15,1129
2025-12-15 23:00:00,25085.566,25104.522,25019.761,25040.649,60,2018
2025-12-16 00:00:00,25039.566,25050.414,24974.033,24985.779,60,1122
2025-12-16 01:00:00,24985.37,24995.899,24846.088,24884.838,60,1119
2025-12-16 02:00:00,24885.414,24918.936,24858.87,24883.029,60,1126
2025-12-16 03:00:00,24883.283,24902.066,24836.522,24893.849,60,1121
2025-12-16 04:00:00,24893.088,24908.599,24855.436,24896.62,60,1137
2025-12-16 05:00:00,24896.392,24898.925,24838.294,24846.316,60,1122
2025-12-16 06:00:00,24847.719,24869.399,24837.719,24866.37,60,1127
2025-12-16 07:00:00,24868.588,24879.533,24808.272,24859.75,60,1127
2025-12-16 08:00:00,24859.925,24945.099,24858.675,24936.87,60,1122
2025-12-16 09:00:00,24934.219,24964.805,24899.425,24916.197,60,1124
2025-12-16 10:00:00,24915.403,25007.794,24901.153,24979.947,60,1120
2025-12-16 11:00:00,24979.849,25027.279,24970.642,25027.279,60,1135
2025-12-16 12:00:00,25022.664,25057.522,25014.327,25031.675,60,1130
2025-12-16 13:00:00,25031.5,25116.149,24974.566,24985.283,60,1780
2025-12-16 14:00:00,24985.925,25132.131,24938.881,25125.664,60,1122
2025-12-16 15:00:00,25126.327,25141.261,24912.447,25055.5,60,1136
2025-12-16 16:00:00,25055.131,25076.779,24946.816,25068.316,60,1125
2025-12-16 17:00:00,25068.708,25088.349,24926.164,24933.719,60,1122
2025-12-16 18:00:00,24934.164,25082.794,24908.12,25049.599,60,1120
2025-12-16 19:00:00,25049.0,25083.149,24958.522,25051.708,60,1133
2025-12-16 20:00:00,25052.099,25189.659,25044.5,25120.036,60,1123
2025-12-16 21:00:00,25119.786,25122.618,25084.125,25090.903,15,1127
2025-12-16 23:00:00,25095.749,25111.37,25044.558,25065.797,60,2425
2025-12-17 00:00:00,25064.514,25078.149,25016.253,25055.044,60,2430
2025-12-17 01:00:00,25055.327,25109.719,25055.327,25107.62,60,1118
2025-12-17 02:00:00,25107.055,25124.899,25078.642,25113.197,60,1132
2025-12-17 03:00:00,25113.316,25130.349,25091.849,25100.881,60,1131
2025-12-17 04:00:00,25101.164,25116.399,25061.772,25064.642,60,1120
2025-12-17 05:00:00,25064.805,25107.458,25042.272,25103.0,60,1121
2025-12-17 06:00:00,25102.279,25165.925,25102.099,25143.958,60,1122
2025-12-17 07:00:00,25144.219,25182.533,25132.011,25163.149,60,1143
2025-12-17 08:00:00,25162.588,25186.599,25138.469,25166.029,60,1131
2025-12-17 09:00:00,25166.219,25220.279,25153.153,25214.294,60,1122
2025-12-17 10:00:00,25214.399,25241.577,25205.686,25233.12,60,1120
2025-12-17 11:00:00,25233.522,25249.399,25217.816,25244.197,60,1125
2025-12-17 12:00:00,25244.533,25258.066,25224.272,25237.186,60,1118
2025-12-17 13:00:00,25236.87,25247.283,25149.261,25214.675,60,1135
2025-12-17 14:00:00,25214.783,25230.033,24996.25,25085.838,60,1120
2025-12-17 15:00:00,25085.642,25101.208,24793.87,24819.349,60,1117
2025-12-17 16:00:00,24817.925,24881.958,24745.805,24796.349,60,1125
2025-12-17 17:00:00,24797.175,24847.756,24745.066,24786.693,60,1124
2025-12-17 18:00:00,24787.679,24841.845,24700.855,24723.949,60,1126
2025-12-17 19:00:00,24723.986,24749.689,24687.818,24740.361,60,1119
2025-12-17 20:00:00,24740.23,24748.169,24650.525,24652.804,60,1119
2025-12-17 21:00:00,24652.989,24756.271,24652.989,24753.072,15,1124
2025-12-17 23:00:00,24751.786,24762.892,24689.958,24697.044,60,1575
2025-12-18 00:00:00,24697.87,24762.279,24666.175,24751.533,60,1124
2025-12-18 01:00:00,24751.686,24760.899,24715.577,24725.903,60,1123
2025-12-18 02:00:00,24726.088,24776.327,24720.75,24733.327,60,1123
2025-12-18 03:00:00,24733.164,24736.779,24667.175,24705.066,60,1124
2025-12-18 04:00:00,24705.469,24755.529,24703.283,24752.899,60,1129
2025-12-18 05:00:00,24751.066,24759.149,24729.969,24749.772,60,1124
2025-12-18 06:00:00,24749.62,24755.779,24718.511,24747.664,60,1124
2025-12-18 07:00:00,24748.033,24804.447,24746.5,24795.555,60,1120
2025-12-18 08:00:00,24794.899,24837.469,24772.794,24819.219,60,1120
2025-12-18 09:00:00,24817.794,24861.631,24795.447,24860.599,60,1125
2025-12-18 10:00:00,24861.338,24863.533,24829.794,24843.816,60,1143
2025-12-18 11:00:00,24843.925,24868.088,24838.533,24864.958,60,1121
2025-12-18 12:00:00,24864.686,24879.022,24849.783,24859.392,60,1206
2025-12-18 13:00:00,24859.399,25028.131,24829.283,24987.469,60,1387
2025-12-18 14:00:00,24987.399,25093.899,24925.947,25040.142,60,1120
2025-12-18 15:00:00,25040.25,25160.338,24932.485,25118.865,60,1126
2025-12-18 16:00:00,25118.93,25164.229,25097.142,25140.391,60,1123
2025-12-18 17:00:00,25139.042,25139.429,24943.275,25109.384,60,1119
2025-12-18 18:00:00,25109.994,25155.499,25072.819,25094.479,60,1123
2025-12-18 19:00:00,25094.359,25095.086,24953.341,24968.283,60,1123
2025-12-18 20:00:00,24968.174,25099.096,24952.024,25008.888,60,1134
2025-12-18 21:00:00,25009.389,25014.082,24962.071,24966.718,15,1122
2025-12-18 23:00:00,25003.47,25021.577,24974.403,25021.186,60,2655
2025-12-19 00:00:00,25021.414,25030.969,24985.675,25008.697,60,1122
2025-12-19 01:00:00,25008.272,25041.029,24976.577,25031.022,60,1125
2025-12-19 02:00:00,25030.892,25051.033,25014.37,25016.349,60,1142
2025-12-19 03:00:00,25016.142,25086.279,25001.392,25071.522,60,1130
2025-12-19 04:00:00,25071.447,25082.077,25051.12,25070.153,60,1118
2025-12-19 05:00:00,25070.077,25077.279,25046.283,25055.5,60,1121
2025-12-19 06:00:00,25055.914,25069.399,25031.349,25063.044,60,1127
2025-12-19 07:00:00,25063.149,25136.642,25063.142,25112.283,60,1119
2025-12-19 08:00:00,25111.577,25152.033,25105.175,25134.969,60,1123
2025-12-19 09:00:00,25135.044,25157.5,25121.0,25148.077,60,1125
2025-12-19 10:00:00,25148.153,25148.816,25119.305,25125.011,60,1127
2025-12-19 11:00:00,25125.186,25129.164,25081.279,25105.399,60,1132
2025-12-19 12:00:00,25106.131,25121.653,25043.75,25045.142,60,1131
2025-12-19 13:00:00,25044.881,25104.029,25038.294,25087.12,60,1120
2025-12-19 14:00:00,25087.458,25337.447,25063.0,25323.783,60,1124
2025-12-19 15:00:00,25320.231,25363.925,25227.131,25245.414,60,1462
2025-12-19 16:00:00,25244.899,25326.399,25221.469,25266.936,60,1124
2025-12-19 17:00:00,25266.827,25358.675,25264.033,25339.414,60,1126
2025-12-19 18:00:00,25339.149,25353.197,25305.936,25313.272,60,1118
2025-12-19 19:00:00,25313.219,25350.849,25312.436,25330.37,60,1119
2025-12-19 20:00:00,25330.522,25353.827,25311.425,25342.153,60,1128
2025-12-19 21:00:00,25343.881,25357.033,25329.164,25342.5,15,1126
2025-12-22 00:00:00,25431.458,25444.149,25407.75,25417.522,60,1123
2025-12-22 01:00:00,25417.816,25459.219,25416.653,25450.794,60,1124
2025-12-22 02:00:00,25451.033,25460.555,25443.153,25458.316,60,1128
2025-12-22 03:00:00,25458.555,25461.458,25436.022,25441.186,60,1132
2025-12-22 04:00:00,25441.066,25452.708,25434.772,25443.0,60,1134
2025-12-22 05:00:00,25443.153,25444.947,25424.969,25436.425,60,1119
2025-12-22 06:00:00,25436.327,25461.279,25436.327,25452.305,60,1120
2025-12-22 07:00:00,25452.522,25473.197,25451.338,25464.779,60,1125
2025-12-22 08:00:00,25464.783,25479.029,25443.708,25450.849,60,1123
2025-12-22 09:00:00,25449.399,25487.414,25446.175,25474.708,60,1128
2025-12-22 10:00:00,25474.783,25483.149,25469.153,25469.827,60,1124
2025-12-22 11:00:00,25470.011,25481.566,25461.164,25462.349,60,1124
2025-12-22 12:00:00,25462.642,25501.149,25460.0,25498.827,60,1132
2025-12-22 13:00:00,25499.697,25519.149,25493.652,25515.261,60,1119
2025-12-22 14:00:00,25515.12,25556.719,25434.805,25510.099,60,1129
2025-12-22 15:00:00,25509.805,25516.772,25392.697,25439.403,60,1119
2025-12-22 16:00:00,25439.25,25486.529,25438.566,25479.849,60,1120
2025-12-22 17:00:00,25480.011,25491.827,25452.544,25486.697,60,1121
2025-12-22 18:00:00,25486.947,25487.649,25438.958,25454.958,60,1120
2025-12-22 19:00:00,25454.75,25477.436,25441.719,25456.055,60,1121
2025-12-22 20:00:00,25456.208,25467.044,25445.381,25453.077,60,1125
2025-12-22 21:00:00,25453.555,25471.719,25453.555,25465.899,15,1124
2025-12-22 23:00:00,25469.486,25490.288,25468.725,25481.886,60,1298
2025-12-23 00:00:00,25481.95,25491.288,25476.57,25490.527,60,1119
2025-12-23 01:00:00,25490.408,25498.081,25464.244,25478.777,60,1126
2025-12-23 02:00:00,25478.625,25506.419,25477.461,25491.169,60,1119
2025-12-23 03:00:00,25491.277,25499.349,25476.592,25480.169,60,1124
2025-12-23 04:00:00,25479.983,25481.349,25451.472,25456.581,60,1140
2025-12-23 05:00:00,25456.7,25466.729,25446.147,25446.244,60,1125
2025-12-23 06:00:00,25445.711,25449.472,25421.961,25436.169,60,1138
2025-12-23 07:00:00,25436.479,25447.266,25426.549,25438.711,60,1139
2025-12-23 08:00:00,25438.82,25476.147,25433.961,25458.538,60,1127
2025-12-23 09:00:00,25457.919,25496.897,25456.961,25487.222,60,1129
2025-12-23 10:00:00,25487.386,25492.897,25466.972,25474.777,60,1146
2025-12-23 11:00:00,25474.614,25477.979,25454.647,25462.092,60,1122
2025-12-23 12:00:00,25462.636,25469.57,25429.494,25453.005,60,1121
2025-12-23 13:00:00,25453.125,25454.729,25376.897,25388.342,60,1130
2025-12-23 14:00:00,25388.636,25519.277,25377.419,25459.961,60,1118
2025-12-23 15:00:00,25459.874,25509.469,25398.034,25500.33,60,1146
2025-12-23 16:00:00,25500.516,25543.711,25496.402,25540.384,60,1127
2025-12-23 17:00:00,25540.515,25544.806,25518.453,25522.154,60,1120
2025-12-23 18:00:00,25522.382,25546.807,25519.613,25540.331,60,1125
2025-12-23 19:00:00,25540.636,25566.109,25539.04,25563.069,60,1124
2025-12-23 20:00:00,25562.921,25587.439,25560.461,25578.058,60,1138
2025-12-23 21:00:00,25579.2,25590.228,25574.605,25577.866,15,1115
2025-12-23 23:00:00,25579.736,25593.233,25574.736,25583.386,60,2922
2025-12-24 00:00:00,25583.125,25598.538,25582.82,25590.2,60,1127
2025-12-24 01:00:00,25590.788,25596.277,25576.7,25581.516,60,1134
2025-12-24 02:00:00,25581.625,25586.479,25557.45,25567.979,60,1124
2025-12-24 03:00:00,25567.636,25576.979,25560.864,25570.908,60,1126
2025-12-24 04:00:00,25570.777,25576.349,25554.625,25555.038,60,1119
2025-12-24 05:00:00,25554.82,25572.875,25551.972,25564.994,60,1124
2025-12-24 06:00:00,25565.114,25574.222,25564.57,25567.049,60,1129
2025-12-24 07:00:00,25567.125,25568.729,25558.603,25562.45,60,1140
2025-12-24 08:00:00,25562.647,25570.972,25561.136,25563.57,60,1161
2025-12-24 09:00:00,25563.979,25580.842,25557.592,25573.222,60,1117
2025-12-24 10:00:00,25573.114,25573.114,25561.549,25567.229,60,1114
2025-12-24 11:00:00,25566.831,25575.038,25559.961,25566.2,60,1146
2025-12-24 12:00:00,25566.092,25591.494,25563.038,25590.299,60,1125
2025-12-24 13:00:00,25589.972,25605.766,25574.842,25596.994,60,1174
2025-12-24 14:00:00,25596.636,25601.479,25558.408,25584.092,60,1122
2025-12-24 15:00:00,25583.461,25614.625,25578.603,25602.842,60,1119
2025-12-24 16:00:00,25603.07,25657.873,25602.57,25648.539,60,1142
2025-12-24 17:00:00,25648.603,25665.098,25638.138,25651.456,60,1126
2025-12-24 18:00:00,25651.348,25658.005,25632.273,25642.841,14,1120
2025-12-25 23:00:00,25659.536,25677.969,25646.914,25668.294,60,5093
2025-12-26 00:00:00,25667.892,25690.447,25666.025,25683.783,60,1125
2025-12-26 01:00:00,25683.899,25696.697,25663.947,25670.088,60,1130
2025-12-26 02:00:00,25669.881,25680.022,25663.544,25676.5,60,1135
2025-12-26 03:00:00,25676.838,25683.279,25661.816,25663.0,60,1132
2025-12-26 04:00:00,25662.675,25664.381,25655.077,25659.153,60,1140
2025-12-26 05:00:00,25659.414,25669.279,25652.392,25656.055,60,1131
2025-12-26 06:00:00,25656.772,25661.029,25648.631,25651.794,60,1122
2025-12-26 07:00:00,25651.881,25653.436,25630.131,25640.399,60,1164
2025-12-26 08:00:00,25640.316,25642.649,25623.566,25637.697,60,1154
2025-12-26 09:00:00,25635.772,25658.261,25635.566,25656.511,60,1120
2025-12-26 10:00:00,25657.25,25671.899,25656.903,25664.077,60,1123
2025-12-26 11:00:00,25664.283,25668.838,25647.099,25656.75,60,1123
2025-12-26 12:00:00,25656.925,25677.599,25649.392,25670.316,60,1140
2025-12-26 13:00:00,25670.403,25703.283,25667.099,25677.099,60,1119
2025-12-26 14:00:00,25677.261,25715.011,25645.186,25661.279,60,1122
2025-12-26 15:00:00,25661.327,25688.186,25614.947,25681.697,60,1121
2025-12-26 16:00:00,25681.686,25693.279,25639.798,25656.34,60,1122
2025-12-26 17:00:00,25657.09,25663.788,25632.039,25654.145,60,1128
2025-12-26 18:00:00,25654.254,25673.847,25636.861,25672.422,60,1120
2025-12-26 19:00:00,25672.651,25679.139,25655.553,25671.596,60,1121
2025-12-26 20:00:00,25671.182,25672.312,25638.98,25647.177,60,1125
2025-12-26 21:00:00,25646.273,25655.299,25642.502,25650.557,15,1127
2025-12-29 00:00:00,25655.088,25677.838,25637.783,25675.62,60,1125
2025-12-29 01:00:00,25675.055,25677.055,25620.392,25626.783,60,1118
2025-12-29 02:00:00,25626.588,25634.305,25609.5,25629.892,60,1121
2025-12-29 03:00:00,25630.279,25638.055,25609.87,25637.044,60,1124
2025-12-29 04:00:00,25636.947,25652.279,25636.305,25640.099,60,1140
2025-12-29 05:00:00,25640.447,25640.447,25602.283,25604.969,60,1127
2025-12-29 06:00:00,25604.686,25627.066,25596.338,25600.25,60,1136
2025-12-29 07:00:00,25600.219,25606.969,25569.958,25584.272,60,1126
2025-12-29 08:00:00,25584.131,25588.077,25516.511,25523.279,60,1122
2025-12-29 09:00:00,25528.649,25555.077,25518.12,25547.5,60,1121
2025-12-29 10:00:00,25547.436,25553.425,25528.958,25531.022,60,1130
2025-12-29 11:00:00,25530.914,25559.675,25520.631,25555.022,60,1135
2025-12-29 12:00:00,25554.208,25561.033,25518.761,25530.779,60,1125
2025-12-29 13:00:00,25529.399,25547.399,25446.011,25478.055,60,1124
2025-12-29 14:00:00,25479.066,25602.794,25441.261,25507.947,60,1121
2025-12-29 15:00:00,25508.719,25557.283,25446.522,25487.219,60,1124
2025-12-29 16:00:00,25487.022,25502.779,25464.816,25483.266,60,1120
2025-12-29 17:00:00,25483.015,25494.686,25437.694,25486.722,60,1120
2025-12-29 18:00:00,25486.471,25516.503,25468.29,25482.499,60,1123
2025-12-29 19:00:00,25482.439,25559.099,25472.371,25550.69,60,1124
2025-12-29 20:00:00,25550.244,25551.643,25514.15,25525.783,60,1121
2025-12-29 21:00:00,25525.686,25528.481,25512.15,25521.362,15,1129
2025-12-29 23:00:00,25529.753,25531.899,25493.316,25494.283,60,1520
2025-12-30 00:00:00,25494.779,25514.12,25487.686,25491.0,60,1118
2025-12-30 01:00:00,25491.719,25512.272,25483.849,25511.381,60,1126
2025-12-30 02:00:00,25511.697,25515.779,25488.511,25497.577,60,1128
2025-12-30 03:00:00,25497.805,25528.327,25496.555,25523.208,60,1129
2025-12-30 04:00:00,25523.529,25539.577,25516.903,25536.338,60,1123
2025-12-30 05:00:00,25536.447,25541.761,25509.088,25531.697,60,1121
2025-12-30 06:00:00,25531.75,25531.75,25503.153,25513.533,60,1127
2025-12-30 07:00:00,25512.87,25513.219,25472.261,25491.399,60,1141
2025-12-30 08:00:00,25491.469,25528.153,25490.794,25526.555,60,1119
2025-12-30 09:00:00,25526.899,25539.577,25516.686,25526.649,60,1129
2025-12-30 10:00:00,25526.131,25532.87,25506.37,25515.279,60,1128
2025-12-30 11:00:00,25515.327,25523.708,25489.838,25520.279,60,1121
2025-12-30 12:00:00,25519.849,25530.849,25499.805,25514.12,60,1122
2025-12-30 13:00:00,25514.305,25532.077,25478.783,25501.283,60,1130
2025-12-30 14:00:00,25501.577,25562.0,25461.794,25543.881,60,1126
2025-12-30 15:00:00,25543.664,25547.936,25471.631,25532.259,60,1133
2025-12-30 16:00:00,25532.379,25579.28,25504.161,25507.121,60,1119
2025-12-30 17:00:00,25506.403,25526.009,25489.235,25517.391,60,1120
2025-12-30 18:00:00,25517.337,25531.217,25496.8,25519.134,60,1118
2025-12-30 19:00:00,25519.015,25529.199,25494.169,25500.446,60,1119
2025-12-30 20:00:00,25499.598,25506.97,25456.235,25465.534,60,1127
2025-12-30 21:00:00,25465.339,25476.947,25458.41,25473.952,15,1133
2025-12-30 23:00:00,25472.697,25482.029,25437.599,25450.588,60,1890
2025-12-31 00:00:00,25450.697,25450.697,25400.186,25408.779,60,1128
2025-12-31 01:00:00,25408.349,25417.838,25382.186,25411.588,60,1129
2025-12-31 02:00:00,25411.327,25429.066,25398.164,25419.175,60,1134
2025-12-31 03:00:00,25419.088,25426.294,25400.511,25409.686,60,1140
2025-12-31 04:00:00,25409.827,25426.899,25407.403,25409.827,60,1132
2025-12-31 05:00:00,25411.349,25419.816,25388.055,25392.838,60,1117
2025-12-31 06:00:00,25392.697,25399.055,25373.686,25389.305,60,1119
2025-12-31 07:00:00,25389.208,25402.958,25370.761,25391.349,60,1119
2025-12-31 08:00:00,25391.066,25397.186,25345.12,25351.272,60,1130
2025-12-31 09:00:00,25349.642,25376.899,25348.761,25360.533,60,1118
2025-12-31 10:00:00,25360.899,25383.529,25353.011,25376.805,60,1134
2025-12-31 11:00:00,25376.708,25402.675,25373.761,25401.294,60,1127
2025-12-31 12:00:00,25400.772,25422.958,25390.642,25420.653,60,1123
2025-12-31 13:00:00,25420.469,25506.316,25414.649,25494.5,60,1168
2025-12-31 14:00:00,25494.327,25508.099,25373.25,25398.601,60,1118
2025-12-31 15:00:00,25398.569,25411.055,25338.644,25350.649,60,1122
2025-12-31 16:00:00,25350.485,25401.759,25348.95,25399.314,60,1118
2025-12-31 17:00:00,25399.586,25400.828,25362.891,25376.183,60,1125
2025-12-31 18:00:00,25376.074,25420.764,25367.247,25405.992,60,1128
2025-12-31 19:00:00,25406.58,25425.889,25326.942,25331.161,60,1119
2025-12-31 20:00:00,25331.411,25334.686,25239.248,25248.323,60,1128
2026-01-01 23:00:00,25284.236,25303.699,25251.236,25297.964,60,1836
2026-01-02 00:00:00,25297.388,25315.008,25275.377,25311.811,60,1139
2026-01-02 01:00:00,25312.975,25357.699,25311.67,25356.42,60,1136
2026-01-02 02:00:00,25356.649,25408.377,25356.322,25404.953,60,1132
2026-01-02 03:00:00,25404.019,25425.42,25394.8,25424.714,60,1153
2026-01-02 04:00:00,25424.822,25436.583,25417.247,25425.05,60,1125
2026-01-02 05:00:00,25425.497,25442.572,25412.605,25438.736,60,1126
2026-01-02 06:00:00,25438.594,25448.949,25434.008,25436.888,60,1120
2026-01-02 07:00:00,25436.105,25446.844,25423.544,25436.327,60,1125
2026-01-02 08:00:00,25436.088,25516.599,25435.914,25508.099,60,1123
2026-01-02 09:00:00,25508.149,25536.719,25503.664,25530.838,60,1119
2026-01-02 10:00:00,25532.0,25534.664,25505.164,25527.892,60,1119
2026-01-02 11:00:00,25528.0,25540.055,25511.414,25524.392,60,1126
2026-01-02 12:00:00,25524.566,25524.566,25477.881,25500.0,60,1124
2026-01-02 13:00:00,25500.197,25510.294,25482.131,25494.761,60,1127
2026-01-02 14:00:00,25494.62,25602.779,25437.697,25535.881,60,1130
2026-01-02 15:00:00,25535.849,25582.077,25169.707,25184.039,60,1128
2026-01-02 16:00:00,25183.864,25237.054,25105.229,25155.301,60,1125
2026-01-02 17:00:00,25155.128,25217.133,25127.988,25139.538,60,1131
2026-01-02 18:00:00,25139.614,25178.462,25081.76,25110.94,60,1119
2026-01-02 19:00:00,25111.136,25268.685,25105.159,25213.607,60,1123
2026-01-02 20:00:00,25213.716,25263.263,25182.471,25199.449,60,1128
2026-01-02 21:00:00,25200.454,25229.335,25196.21,25211.407,15,1122
2026-01-05 00:00:00,25275.392,25297.186,25252.731,25285.522,60,1126
2026-01-05 01:00:00,25285.649,25305.077,25268.414,25276.055,60,1122
2026-01-05 02:00:00,25275.849,25301.425,25271.37,25292.283,60,1120
2026-01-05 03:00:00,25292.164,25300.529,25276.37,25282.283,60,1135
2026-01-05 04:00:00,25282.066,25309.279,25275.555,25305.599,60,1120
2026-01-05 05:00:00,25306.75,25314.87,25283.827,25313.077,60,1128
2026-01-05 06:00:00,25312.899,25324.892,25286.708,25323.805,60,1123
2026-01-05 07:00:00,25324.903,25326.577,25273.25,25295.544,60,1126
2026-01-05 08:00:00,25295.805,25373.653,25285.588,25329.522,60,1118
2026-01-05 09:00:00,25329.283,25349.899,25313.599,25329.642,60,1119
2026-01-05 10:00:00,25329.849,25376.522,25328.75,25372.261,60,1124
2026-01-05 11:00:00,25371.805,25395.279,25362.088,25385.838,60,1120
2026-01-05 12:00:00,25385.5,25404.316,25362.675,25375.055,60,1122
2026-01-05 13:00:00,25378.529,25408.283,25338.153,25393.697,60,1126
2026-01-05 14:00:00,25393.577,25490.261,25358.349,25407.349,60,1121
2026-01-05 15:00:00,25406.536,25504.569,25382.947,25478.788,60,1833
2026-01-05 16:00:00,25478.624,25521.394,25465.601,25472.579,60,1117
2026-01-05 17:00:00,25472.35,25486.674,25422.361,25441.434,60,1119
2026-01-05 18:00:00,25441.564,25446.394,25372.286,25427.134,60,1126
2026-01-05 19:00:00,25427.254,25432.719,25365.004,25391.468,60,1123
2026-01-05 20:00:00,25391.565,25427.115,25380.78,25401.796,60,1127
2026-01-05 21:00:00,25402.177,25405.115,25387.861,25393.898,15,1120
2026-01-05 23:00:00,25402.469,25414.577,25378.392,25383.099,60,1915
2026-01-06 00:00:00,25383.305,25399.327,25370.588,25381.272,60,1126
2026-01-06 01:00:00,25380.197,25420.279,25373.164,25415.066,60,1125
2026-01-06 02:00:00,25415.947,25442.447,25410.033,25441.033,60,1117
2026-01-06 03:00:00,25440.914,25446.708,25435.066,25437.947,60,1119
2026-01-06 04:00:00,25437.653,25465.088,25437.653,25464.044,60,1117
2026-01-06 05:00:00,25463.969,25470.649,25456.044,25460.816,60,1129
2026-01-06 06:00:00,25460.522,25491.399,25459.577,25486.522,60,1120
2026-01-06 07:00:00,25486.708,25487.327,25460.12,25464.0,60,1118
2026-01-06 08:00:00,25463.892,25464.029,25344.533,25389.37,60,1121
2026-01-06 09:00:00,25389.099,25425.099,25374.511,25403.088,60,1124
2026-01-06 10:00:00,25403.783,25414.555,25389.131,25410.066,60,1119
2026-01-06 11:00:00,25410.925,25427.664,25407.761,25413.936,60,1129
2026-01-06 12:00:00,25414.044,25466.197,25409.088,25458.272,60,1128
2026-01-06 13:00:00,25457.838,25467.149,25408.294,25434.066,60,1122
2026-01-06 14:00:00,25433.958,25577.925,25410.338,25570.142,60,1119
2026-01-06 15:00:00,25570.316,25592.999,25492.208,25504.521,60,1120
2026-01-06 16:00:00,25504.39,25526.259,25457.139,25513.752,60,1124
2026-01-06 17:00:00,25513.198,25601.191,25493.09,25576.229,60,1122
2026-01-06 18:00:00,25576.146,25620.159,25561.521,25619.103,60,1122
2026-01-06 19:00:00,25619.289,25633.979,25608.283,25621.106,60,1123
2026-01-06 20:00:00,25622.107,25651.801,25615.12,25628.21,60,1129
2026-01-06 21:00:00,25628.537,25640.907,25625.828,25635.169,15,1125
2026-01-06 23:00:00,25651.5,25661.779,25633.469,25642.529,60,1213
2026-01-07 00:00:00,25643.969,25659.349,25636.881,25646.522,60,1129
2026-01-07 01:00:00,25647.153,25652.279,25629.349,25633.892,60,1122
2026-01-07 02:00:00,25633.719,25649.697,25619.164,25624.294,60,1116
2026-01-07 03:00:00,25625.399,25639.399,25615.37,25617.261,60,1121
2026-01-07 04:00:00,25617.653,25620.649,25598.283,25603.838,60,1123
2026-01-07 05:00:00,25603.686,25611.469,25592.899,25600.529,60,1133
2026-01-07 06:00:00,25600.392,25617.149,25585.62,25586.555,60,1119
2026-01-07 07:00:00,25584.958,25597.055,25582.403,25583.272,60,1119
2026-01-07 08:00:00,25583.197,25605.349,25570.892,25571.044,60,1127
2026-01-07 09:00:00,25571.149,25576.425,25544.349,25570.719,60,1119
2026-01-07 10:00:00,25570.588,25579.5,25545.414,25557.033,60,1123
2026-01-07 11:00:00,25557.447,25586.011,25549.544,25585.399,60,1120
2026-01-07 12:00:00,25585.066,25599.588,25570.849,25583.544,60,1131
2026-01-07 13:00:00,25581.022,25611.029,25573.033,25605.958,60,1143
2026-01-07 14:00:00,25606.099,25700.12,25579.399,25675.275,60,1118
2026-01-07 15:00:00,25676.187,25730.669,25632.151,25725.403,60,1138
2026-01-07 16:00:00,25727.23,25788.824,25699.15,25787.369,60,1120
2026-01-07 17:00:00,25787.352,25812.939,25778.631,25788.376,60,1128
2026-01-07 18:00:00,25787.626,25796.719,25746.093,25773.775,60,1130
2026-01-07 19:00:00,25774.471,25774.471,25710.425,25722.992,60,1127
2026-01-07 20:00:00,25723.167,25733.799,25636.042,25653.559,60,1121
2026-01-07 21:00:00,25654.281,25655.881,25642.615,25647.481,15,1128
2026-01-07 23:00:00,25664.636,25672.729,25642.32,25646.658,60,1117
2026-01-08 00:00:00,25646.744,25666.729,25630.729,25665.788,60,1119
2026-01-08 01:00:00,25665.875,25667.516,25640.777,25660.733,60,1126
2026-01-08 02:00:00,25660.908,25663.729,25599.049,25609.233,60,1126
2026-01-08 03:00:00,25609.408,25618.7,25593.364,25600.027,60,1123
2026-01-08 04:00:00,25599.777,25616.788,25597.016,25601.95,60,1148
2026-01-08 05:00:00,25602.599,25608.229,25561.255,25561.57,60,1122
2026-01-08 06:00:00,25562.538,25565.386,25494.483,25528.897,60,1124
2026-01-08 07:00:00,25530.169,25626.483,25504.461,25573.233,60,1125
2026-01-08 08:00:00,25573.229,25626.733,25571.722,25603.875,60,1119
2026-01-08 09:00:00,25603.788,25619.027,25574.625,25591.925,60,1120
2026-01-08 10:00:00,25591.761,25596.529,25566.186,25594.779,60,1120
2026-01-08 11:00:00,25594.708,25608.338,25562.261,25593.066,60,1124
2026-01-08 12:00:00,25593.881,25600.149,25569.305,25589.761,60,1118
2026-01-08 13:00:00,25588.436,25640.555,25579.838,25622.055,60,1122
2026-01-08 14:00:00,25621.142,25633.436,25422.425,25427.761,60,1120
2026-01-08 15:00:00,25428.011,25538.435,25394.631,25510.087,60,1127
2026-01-08 16:00:00,25510.968,25511.032,25410.531,25495.837,60,1129
2026-01-08 17:00:00,25495.401,25527.519,25452.382,25505.153,60,1127
2026-01-08 18:00:00,25505.436,25508.664,25445.585,25457.328,60,1121
2026-01-08 19:00:00,25456.468,25482.894,25423.603,25458.16,60,1134
2026-01-08 20:00:00,25457.92,25521.407,25449.726,25504.228,60,1129
2026-01-08 21:00:00,25504.271,25523.131,25503.313,25511.266,15,1131
2026-01-08 23:00:00,25543.775,25554.899,25500.25,25503.533,60,1727
2026-01-09 00:00:00,25501.719,25522.899,25492.514,25494.186,60,1124
2026-01-09 01:00:00,25494.077,25506.892,25455.642,25479.805,60,1128
2026-01-09 02:00:00,25479.522,25521.772,25477.316,25512.305,60,1126
2026-01-09 03:00:00,25511.403,25518.055,25495.044,25502.272,60,1131
2026-01-09 04:00:00,25502.37,25508.719,25485.899,25505.75,60,1137
2026-01-09 05:00:00,25505.969,25523.044,25495.186,25521.219,60,1122
2026-01-09 06:00:00,25520.719,25529.653,25500.719,25518.414,60,1125
2026-01-09 07:00:00,25518.783,25519.566,25480.5,25500.055,60,1121
2026-01-09 08:00:00,25502.436,25528.664,25492.881,25502.316,60,1122
2026-01-09 09:00:00,25502.164,25553.149,25489.772,25549.522,60,1125
2026-01-09 10:00:00,25550.219,25564.686,25544.686,25554.969,60,1118
2026-01-09 11:00:00,25555.022,25594.399,25548.75,25568.099,60,1139
2026-01-09 12:00:00,25567.936,25579.75,25541.881,25576.0,60,1119
2026-01-09 13:00:00,25577.011,25634.761,25554.055,25632.186,60,1141
2026-01-09 14:00:00,25632.088,25651.958,25475.958,25561.753,60,1126
2026-01-09 15:00:00,25559.797,25706.396,25443.12,25641.269,60,1401
2026-01-09 16:00:00,25642.1,25745.737,25642.1,25735.726,60,1120
2026-01-09 17:00:00,25736.193,25761.109,25712.089,25748.696,60,1121
2026-01-09 18:00:00,25748.566,25793.175,25711.669,25787.149,60,1118
2026-01-09 19:00:00,25787.019,25799.097,25774.622,25780.829,60,1128
2026-01-09 20:00:00,25780.409,25812.289,25759.265,25759.668,60,1124
2026-01-09 21:00:00,25760.505,25770.694,25754.14,25760.817,15,1128
2026-01-12 00:00:00,25724.399,25732.675,25603.458,25619.5,60,1125
2026-01-12 01:00:00,25618.37,25627.447,25554.5,25608.327,60,1126
2026-01-12 02:00:00,25608.436,25608.522,25561.925,25578.055,60,1129
2026-01-12 03:00:00,25579.088,25583.399,25541.131,25568.399,60,1122
2026-01-12 04:00:00,25569.327,25569.958,25545.631,25557.099,60,1137
2026-01-12 05:00:00,25557.305,25573.197,25507.599,25529.761,60,1130
2026-01-12 06:00:00,25530.588,25556.349,25527.12,25548.0,60,1128
2026-01-12 07:00:00,25548.149,25578.25,25546.208,25563.577,60,1118
2026-01-12 08:00:00,25563.381,25582.131,25466.186,25492.511,60,1122
2026-01-12 09:00:00,25496.533,25538.066,25493.772,25530.529,60,1121
2026-01-12 10:00:00,25530.186,25554.631,25518.947,25539.164,60,1130
2026-01-12 11:00:00,25539.914,25564.631,25537.414,25550.899,60,1123
2026-01-12 12:00:00,25550.522,25593.279,25545.283,25584.783,60,1138
2026-01-12 13:00:00,25584.686,25594.653,25560.316,25575.649,60,1119
2026-01-12 14:00:00,25575.794,25757.208,25552.599,25734.436,60,1133
2026-01-12 15:00:00,25734.827,25765.549,25696.844,25749.107,60,1118
2026-01-12 16:00:00,25749.238,25799.808,25735.337,25791.181,60,1118
2026-01-12 17:00:00,25790.463,25804.425,25770.886,25799.885,60,1123
2026-01-12 18:00:00,25800.255,25828.319,25797.196,25809.923,60,1126
2026-01-12 19:00:00,25809.837,25847.872,25793.526,25846.253,60,1128
2026-01-12 20:00:00,25846.439,25851.296,25782.387,25782.93,60,1119
2026-01-12 21:00:00,25782.659,25795.348,25779.752,25790.039,15,1138
2026-01-12 23:00:00,25784.753,25788.458,25728.011,25730.175,60,1472
2026-01-13 00:00:00,25728.925,25733.272,25706.142,25709.708,60,1128
2026-01-13 01:00:00,25709.588,25725.305,25680.783,25713.816,60,1120
2026-01-13 02:00:00,25714.925,25731.649,25708.794,25712.5,60,1124
2026-01-13 03:00:00,25712.436,25726.469,25696.164,25717.827,60,1118
2026-01-13 04:00:00,25718.279,25726.066,25703.827,25719.816,60,1125
2026-01-13 05:00:00,25720.261,25741.349,25712.033,25736.011,60,1129
2026-01-13 06:00:00,25735.469,25766.805,25735.25,25750.544,60,1136
2026-01-13 07:00:00,25750.338,25759.899,25741.642,25751.599,60,1125
2026-01-13 08:00:00,25751.75,25758.555,25730.283,25740.425,60,1121
2026-01-13 09:00:00,25740.631,25771.088,25727.761,25744.272,60,1124
2026-01-13 10:00:00,25744.0,25748.899,25705.958,25712.566,60,1117
2026-01-13 11:00:00,25713.399,25735.529,25705.555,25735.25,60,1126
2026-01-13 12:00:00,25735.066,25753.088,25723.011,25729.5,60,1121
2026-01-13 13:00:00,25729.381,25879.783,25721.425,25805.044,60,1245
2026-01-13 14:00:00,25804.414,25877.099,25765.779,25782.425,60,1121
2026-01-13 15:00:00,25780.492,25803.761,25644.529,25731.479,60,1239
2026-01-13 16:00:00,25731.229,25859.674,25684.547,25842.234,60,1125
2026-01-13 17:00:00,25842.332,25851.249,25693.525,25712.039,60,1128
2026-01-13 18:00:00,25711.875,25746.146,25669.439,25675.701,60,1127
2026-01-13 19:00:00,25675.875,25721.197,25657.586,25702.569,60,1119
2026-01-13 20:00:00,25702.421,25745.873,25640.393,25738.085,60,1124
2026-01-13 21:00:00,25739.108,25760.951,25739.108,25745.784,15,1122
2026-01-13 23:00:00,25735.37,25749.899,25723.469,25727.816,60,1564
2026-01-14 00:00:00,25727.164,25760.279,25720.87,25743.544,60,1124
2026-01-14 01:00:00,25743.899,25760.794,25715.5,25722.697,60,1126
2026-01-14 02:00:00,25722.903,25733.142,25712.772,25730.099,60,1132
2026-01-14 03:00:00,25729.958,25762.279,25726.25,25751.447,60,1119
2026-01-14 04:00:00,25751.316,25755.403,25709.87,25718.533,60,1117
2026-01-14 05:00:00,25718.316,25719.529,25689.511,25692.697,60,1122
2026-01-14 06:00:00,25692.5,25700.186,25672.153,25696.338,60,1144
2026-01-14 07:00:00,25696.469,25708.149,25685.577,25699.327,60,1119
2026-01-14 08:00:00,25698.529,25712.588,25676.881,25694.294,60,1119
2026-01-14 09:00:00,25694.37,25714.892,25672.522,25688.511,60,1124
2026-01-14 10:00:00,25688.914,25689.392,25548.511,25573.849,60,1123
2026-01-14 11:00:00,25573.881,25605.066,25551.686,25579.925,60,1122
2026-01-14 12:00:00,25579.566,25620.899,25538.055,25615.675,60,1120
2026-01-14 13:00:00,25615.029,25638.231,25569.153,25590.772,60,1197
2026-01-14 14:00:00,25590.511,25626.055,25419.186,25422.011,60,1119
2026-01-14 15:00:00,25421.969,25532.197,25310.333,25332.161,60,1281
2026-01-14 16:00:00,25332.477,25429.359,25281.061,25301.043,60,1118
2026-01-14 17:00:00,25300.51,25348.449,25274.456,25290.639,60,1122
2026-01-14 18:00:00,25289.997,25364.13,25262.251,25353.669,60,1125
2026-01-14 19:00:00,25352.614,25372.046,25325.061,25339.209,60,1122
2026-01-14 20:00:00,25338.556,25477.539,25302.264,25472.426,60,1121
2026-01-14 21:00:00,25470.653,25491.889,25454.993,25469.078,15,1119
2026-01-14 23:00:00,25430.536,25452.719,25400.555,25442.414,60,1453
2026-01-15 00:00:00,25442.899,25446.555,25423.686,25440.149,60,1118
2026-01-15 01:00:00,25439.719,25480.153,25400.022,25467.055,60,1118
2026-01-15 02:00:00,25467.164,25471.208,25435.044,25446.522,60,1118
2026-01-15 03:00:00,25446.261,25464.599,25417.066,25419.529,60,1133
2026-01-15 04:00:00,25419.208,25436.816,25407.208,25415.87,60,1124
2026-01-15 05:00:00,25416.175,25485.055,25413.87,25459.675,60,1126
2026-01-15 06:00:00,25459.779,25560.149,25448.914,25538.131,60,1127
2026-01-15 07:00:00,25538.294,25545.392,25515.208,25526.208,60,1121
2026-01-15 08:00:00,25526.392,25584.719,25511.458,25577.338,60,1124
2026-01-15 09:00:00,25576.87,25672.338,25572.947,25651.936,60,1118
2026-01-15 10:00:00,25651.631,25669.338,25639.686,25656.805,60,1117
2026-01-15 11:00:00,25656.914,25694.914,25656.164,25681.164,60,1119
2026-01-15 12:00:00,25681.055,25693.066,25650.675,25691.925,60,1128
2026-01-15 13:00:00,25691.599,25756.029,25673.577,25732.903,60,1128
2026-01-15 14:00:00,25733.279,25791.529,25682.142,25703.164,60,1120
2026-01-15 15:00:00,25702.914,25759.652,25640.455,25720.774,60,1131
2026-01-15 16:00:00,25720.11,25771.199,25714.368,25759.61,60,1128
2026-01-15 17:00:00,25760.019,25772.478,25686.862,25690.852,60,1127
2026-01-15 18:00:00,25688.002,25746.309,25686.719,25722.336,60,1126
2026-01-15 19:00:00,25721.977,25721.977,25582.281,25592.792,60,1119
2026-01-15 20:00:00,25592.672,25607.024,25516.738,25552.786,60,1119
2026-01-15 21:00:00,25553.765,25563.003,25536.363,25538.353,15,1127
2026-01-15 23:00:00,25563.055,25597.279,25550.783,25587.653,60,1134
2026-01-16 00:00:00,25587.805,25608.675,25577.522,25606.849,60,1119
2026-01-16 01:00:00,25608.044,25629.649,25594.925,25616.272,60,1122
2026-01-16 02:00:00,25616.279,25643.066,25609.436,25633.642,60,1122
2026-01-16 03:00:00,25633.5,25646.279,25630.664,25633.294,60,1132
2026-01-16 04:00:00,25633.522,25656.779,25630.794,25656.25,60,1138
2026-01-16 05:00:00,25656.469,25666.779,25649.327,25654.283,60,1125
2026-01-16 06:00:00,25653.588,25673.283,25650.066,25669.664,60,1136
2026-01-16 07:00:00,25669.838,25683.099,25653.381,25669.022,60,1132
2026-01-16 08:00:00,25668.783,25690.779,25640.794,25662.37,60,1124
2026-01-16 09:00:00,25662.327,25687.653,25655.469,25660.708,60,1125
2026-01-16 10:00:00,25661.447,25709.899,25655.914,25700.029,60,1109
2026-01-16 11:00:00,25700.0,25718.149,25671.338,25678.664,60,1126
2026-01-16 12:00:00,25677.458,25698.197,25651.649,25676.197,60,1120
2026-01-16 13:00:00,25676.327,25683.75,25647.708,25671.414,60,1127
2026-01-16 14:00:00,25671.599,25735.87,25573.305,25575.827,60,1126
2026-01-16 15:00:00,25574.261,25610.649,25437.305,25526.011,60,1124
2026-01-16 16:00:00,25526.175,25597.384,25506.969,25561.926,60,1123
2026-01-16 17:00:00,25561.991,25566.23,25503.232,25505.201,60,1120
2026-01-16 18:00:00,25505.114,25575.769,25499.209,25559.47,60,1119
2026-01-16 19:00:00,25557.948,25590.599,25516.814,25560.259,60,1126
2026-01-16 20:00:00,25559.796,25572.799,25525.139,25527.799,60,1136
2026-01-16 21:00:00,25527.341,25544.987,25514.084,25521.87,15,1119
2026-01-19 00:00:00,25309.087,25312.446,25219.163,25272.159,60,1126
2026-01-19 01:00:00,25272.109,25293.609,25229.718,25241.848,60,1117
2026-01-19 02:00:00,25241.946,25266.909,25234.76,25259.293,60,1173
2026-01-19 03:00:00,25259.098,25261.271,25207.576,25230.039,60,1120
2026-01-19 04:00:00,25229.968,25237.659,25214.641,25222.793,60,1129
2026-01-19 05:00:00,25222.609,25262.289,25214.163,25236.793,60,1125
2026-01-19 06:00:00,25236.935,25257.159,25223.859,25228.289,60,1131
2026-01-19 07:00:00,25227.88,25235.413,25168.891,25195.109,60,1123
2026-01-19 08:00:00,25196.032,25253.315,25191.163,25233.554,60,1121
2026-01-19 09:00:00,25234.304,25239.289,25105.402,25123.63,60,1132
2026-01-19 10:00:00,25123.848,25155.957,25100.641,25112.087,60,1134
2026-01-19 11:00:00,25111.532,25160.479,25107.532,25133.554,60,1127
2026-01-19 12:00:00,25133.01,25191.718,25114.63,25171.804,60,1123
2026-01-19 13:00:00,25171.424,25186.946,25127.141,25163.782,60,1124
2026-01-19 14:00:00,25163.598,25190.289,25079.663,25159.337,60,1123
2026-01-19 15:00:00,25159.837,25186.789,25130.902,25169.609,60,1134
2026-01-19 16:00:00,25170.674,25226.659,25164.174,25221.468,60,1118
2026-01-19 17:00:00,25221.598,25259.859,25215.663,25243.902,59,1117
2026-01-19 23:00:00,25229.264,25250.87,25213.381,25225.399,60,2470
2026-01-20 00:00:00,25224.816,25250.544,25171.599,25207.794,60,1121
2026-01-20 01:00:00,25208.447,25278.838,25208.447,25266.697,60,1133
2026-01-20 02:00:00,25266.588,25284.338,25238.022,25270.642,60,1127
2026-01-20 03:00:00,25271.029,25278.029,25249.925,25256.5,60,1138
2026-01-20 04:00:00,25256.425,25258.529,25216.761,25226.936,60,1126
2026-01-20 05:00:00,25227.088,25258.827,25213.566,25229.25,60,1122
2026-01-20 06:00:00,25229.044,25236.881,25108.327,25160.153,60,1135
2026-01-20 07:00:00,25161.029,25168.75,25106.011,25132.153,60,1133
2026-01-20 08:00:00,25131.708,25137.077,25015.653,25049.566,60,1119
2026-01-20 09:00:00,25049.381,25068.577,24944.849,24982.772,60,1120
2026-01-20 10:00:00,24983.131,25055.87,24958.631,25023.664,60,1141
2026-01-20 11:00:00,25023.261,25076.649,25021.458,25054.044,60,1124
2026-01-20 12:00:00,25054.149,25132.055,25040.403,25106.131,60,1131
2026-01-20 13:00:00,25107.011,25125.131,25029.914,25061.044,59,1126
2026-01-20 14:00:00,25060.805,25223.022,25050.175,25178.208,60,1124
2026-01-20 15:00:00,25177.164,25272.042,25111.011,25220.279,60,1145
2026-01-20 16:00:00,25219.892,25283.646,25190.589,25253.312,60,1117
2026-01-20 17:00:00,25251.8,25260.298,25113.204,25147.16,60,1122
2026-01-20 18:00:00,25147.29,25165.739,25028.161,25055.654,60,1130
2026-01-20 19:00:00,25055.371,25080.609,24984.548,25024.69,60,1122
2026-01-20 20:00:00,25025.148,25025.148,24953.438,24996.057,60,1125
2026-01-20 21:00:00,24995.371,25020.158,24982.263,25016.535,15,1126
2026-01-20 23:00:00,25000.847,25031.508,24960.769,24972.497,60,1346
2026-01-21 00:00:00,24973.449,25042.475,24972.953,25035.725,60,1124
2026-01-21 01:00:00,25035.475,25075.355,25035.311,25058.714,60,1127
2026-01-21 02:00:00,25058.997,25065.583,25024.931,25036.322,60,1136
2026-01-21 03:00:00,25036.627,25084.061,25035.822,25053.899,60,1123
2026-01-21 04:00:00,25053.747,25070.079,25039.681,25053.329,60,1121
2026-01-21 05:00:00,25052.975,25082.579,25042.997,25076.811,60,1121
2026-01-21 06:00:00,25076.453,25087.899,25048.681,25053.269,60,1119
2026-01-21 07:00:00,25053.508,25103.329,25049.942,25068.975,60,1119
2026-01-21 08:00:00,25068.236,25090.475,25051.953,25060.92,60,1120
2026-01-21 09:00:00,25060.866,25081.877,24985.464,24986.388,60,1128
2026-01-21 10:00:00,24986.127,25045.079,24978.475,25010.094,60,1116
2026-01-21 11:00:00,25009.986,25016.329,24897.116,24904.236,60,1117
2026-01-21 12:00:00,24904.399,24946.699,24882.086,24942.855,60,1160
2026-01-21 13:00:00,24942.931,24981.855,24898.258,24941.329,60,1124
2026-01-21 14:00:00,24940.833,25196.256,24930.181,25183.902,60,1174
2026-01-21 15:00:00,25182.436,25344.129,25154.854,25325.952,60,1172
2026-01-21 16:00:00,25325.855,25348.472,25079.425,25087.708,60,1126
2026-01-21 17:00:00,25087.512,25119.592,25002.58,25104.799,60,1118
2026-01-21 18:00:00,25104.358,25151.827,25010.992,25140.217,60,1131
2026-01-21 19:00:00,25140.369,25492.995,25091.684,25490.326,60,1150
2026-01-21 20:00:00,25490.13,25502.64,25301.47,25324.731,60,1124
2026-01-21 21:00:00,25326.507,25381.923,25326.507,25377.692,15,1135
2026-01-21 23:00:00,25389.67,25427.027,25380.994,25409.908,60,2028
2026-01-22 00:00:00,25412.288,25439.419,25396.375,25417.375,60,1121
2026-01-22 01:00:00,25417.766,25458.277,25410.364,25451.831,60,1130
2026-01-22 02:00:00,25452.027,25460.479,25422.461,25425.516,60,1127
2026-01-22 03:00:00,25426.266,25452.375,25425.82,25447.255,60,1130
2026-01-22 04:00:00,25447.114,25447.669,25423.831,25432.766,60,1123
2026-01-22 05:00:00,25432.592,25434.849,25385.527,25391.2,60,1120
2026-01-22 06:00:00,25391.538,25405.766,25341.125,25397.255,60,1125
2026-01-22 07:00:00,25397.147,25451.07,25357.244,25445.788,60,1125
2026-01-22 08:00:00,25445.158,25564.799,25440.349,25541.016,60,1130
2026-01-22 09:00:00,25541.222,25573.233,25530.527,25556.472,60,1126
2026-01-22 10:00:00,25557.016,25561.419,25528.005,25546.081,60,1132
2026-01-22 11:00:00,25546.479,25571.908,25524.625,25533.729,60,1139
2026-01-22 12:00:00,25533.342,25553.972,25517.158,25548.95,60,1124
2026-01-22 13:00:00,25548.979,25597.479,25535.45,25593.722,60,1122
2026-01-22 14:00:00,25593.45,25596.599,25412.472,25435.692,60,1123
2026-01-22 15:00:00,25438.699,25516.585,25394.983,25464.733,60,1488
2026-01-22 16:00:00,25464.418,25555.349,25462.732,25525.509,60,1118
2026-01-22 17:00:00,25525.128,25575.061,25509.036,25567.376,60,1122
2026-01-22 18:00:00,25567.093,25576.262,25523.812,25530.301,60,1119
2026-01-22 19:00:00,25530.41,25570.629,25490.99,25496.302,60,1119
2026-01-22 20:00:00,25496.574,25520.765,25442.643,25519.584,60,1122
2026-01-22 21:00:00,25519.449,25532.673,25486.59,25501.419,15,1127
2026-01-22 23:00:00,25476.358,25493.455,25442.869,25481.836,60,1384
2026-01-23 00:00:00,25481.075,25518.716,25461.27,25518.194,60,1119
2026-01-23 01:00:00,25518.075,25551.929,25513.194,25550.847,60,1126
2026-01-23 02:00:00,25550.661,25553.679,25529.52,25532.999,60,1130
2026-01-23 03:00:00,25533.299,25572.429,25532.499,25559.9,60,1126
2026-01-23 04:00:00,25559.825,25571.738,25550.65,25564.227,60,1118
2026-01-23 05:00:00,25564.369,25578.749,25557.694,25577.738,60,1122
2026-01-23 06:00:00,25577.369,25595.847,25567.847,25569.77,60,1123
2026-01-23 07:00:00,25570.799,25588.869,25546.958,25556.608,60,1136
2026-01-23 08:00:00,25555.52,25556.042,25445.27,25465.4,60,1122
2026-01-23 09:00:00,25465.672,25493.281,25404.803,25422.933,60,1119
2026-01-23 10:00:00,25421.716,25438.9,25414.429,25438.679,60,1119
2026-01-23 11:00:00,25438.608,25522.064,25436.249,25470.911,60,1129
2026-01-23 12:00:00,25472.683,25496.749,25448.292,25492.608,60,1119
2026-01-23 13:00:00,25492.672,25499.444,25425.216,25435.542,60,1118
2026-01-23 14:00:00,25434.683,25528.999,25421.466,25528.381,60,1118
2026-01-23 15:00:00,25535.697,25691.659,25526.892,25690.728,60,1381
2026-01-23 16:00:00,25690.771,25709.244,25625.852,25651.399,60,1123
2026-01-23 17:00:00,25651.453,25670.555,25548.83,25559.744,60,1122
2026-01-23 18:00:00,25558.896,25630.429,25554.556,25591.754,60,1118
2026-01-23 19:00:00,25592.635,25640.164,25585.872,25614.346,60,1119
2026-01-23 20:00:00,25613.693,25621.529,25558.199,25601.122,60,1121
2026-01-23 21:00:00,25600.23,25604.0,25568.456,25569.539,15,1122
2026-01-26 00:00:00,25430.555,25487.458,25415.522,25452.649,60,1147
2026-01-26 01:00:00,25455.149,25538.447,25440.761,25519.469,60,1121
2026-01-26 02:00:00,25520.055,25535.816,25468.186,25479.272,60,1118
2026-01-26 03:00:00,25479.566,25527.649,25478.892,25504.664,60,1120
2026-01-26 04:00:00,25504.772,25529.011,25493.12,25505.077,60,1118
2026-01-26 05:00:00,25505.305,25545.899,25496.75,25544.436,60,1134
2026-01-26 06:00:00,25544.794,25572.447,25535.838,25539.261,60,1125
2026-01-26 07:00:00,25539.279,25580.642,25535.969,25569.697,60,1119
2026-01-26 08:00:00,25570.066,25611.686,25568.969,25597.649,60,1135
2026-01-26 09:00:00,25596.892,25604.399,25452.066,25487.577,60,1119
2026-01-26 10:00:00,25485.914,25543.544,25483.392,25520.849,60,1126
2026-01-26 11:00:00,25520.599,25541.936,25511.588,25539.686,60,1135
2026-01-26 12:00:00,25539.414,25583.816,25539.414,25557.283,60,1124
2026-01-26 13:00:00,25557.599,25590.779,25527.631,25585.925,60,1120
2026-01-26 14:00:00,25586.649,25722.186,25574.261,25707.0,60,1122
2026-01-26 15:00:00,25706.653,25765.429,25672.653,25748.574,60,1118
2026-01-26 16:00:00,25748.379,25794.049,25718.891,25772.433,60,1120
2026-01-26 17:00:00,25772.238,25796.745,25749.014,25758.059,60,1123
2026-01-26 18:00:00,25757.748,25796.532,25740.971,25766.858,60,1118
2026-01-26 19:00:00,25766.531,25780.269,25747.093,25747.63,60,1129
2026-01-26 20:00:00,25747.849,25761.134,25709.136,25712.562,60,1124
2026-01-26 21:00:00,25712.519,25724.789,25702.566,25723.053,15,1129
2026-01-26 23:00:00,25730.175,25768.149,25712.014,25761.436,60,2402
2026-01-27 00:00:00,25761.327,25774.279,25746.686,25770.153,60,1191
2026-01-27 01:00:00,25768.849,25797.279,25766.87,25794.077,60,1120
2026-01-27 02:00:00,25793.849,25846.12,25792.925,25842.12,60,1132
2026-01-27 03:00:00,25841.599,25850.708,25834.631,25847.399,60,1131
2026-01-27 04:00:00,25847.555,25874.077,25843.338,25860.958,60,1128
2026-01-27 05:00:00,25860.838,25881.066,25844.0,25879.708,60,1132
2026-01-27 06:00:00,25879.305,25899.719,25870.392,25873.62,60,1122
2026-01-27 07:00:00,25873.761,25891.914,25863.881,25877.272,60,1119
2026-01-27 08:00:00,25877.011,25883.066,25838.772,25855.816,60,1129
2026-01-27 09:00:00,25855.544,25865.899,25839.142,25845.555,60,1122
2026-01-27 10:00:00,25845.783,25878.779,25841.947,25877.403,60,1140
2026-01-27 11:00:00,25877.044,25914.279,25863.338,25903.305,60,1124
2026-01-27 12:00:00,25900.947,25904.5,25862.653,25875.686,60,1120
2026-01-27 13:00:00,25874.947,25889.555,25854.186,25861.969,60,1120
2026-01-27 14:00:00,25861.772,25928.969,25788.969,25923.925,60,1132
2026-01-27 15:00:00,25924.37,25966.235,25894.25,25946.249,60,1167
2026-01-27 16:00:00,25946.28,25973.926,25941.22,25946.555,60,1124
2026-01-27 17:00:00,25946.914,25959.985,25918.91,25929.952,60,1121
2026-01-27 18:00:00,25930.159,25965.129,25907.069,25958.882,60,1122
2026-01-27 19:00:00,25958.142,25967.747,25942.937,25960.322,60,1122
2026-01-27 20:00:00,25960.202,25982.416,25937.04,25943.251,60,1135
2026-01-27 21:00:00,25943.089,25955.387,25929.308,25946.848,15,1122
2026-01-27 23:00:00,25984.522,26017.414,25984.522,26008.779,60,1747
2026-01-28 00:00:00,26008.62,26078.697,26006.0,26076.827,60,1120
2026-01-28 01:00:00,26078.011,26098.849,26072.349,26075.458,60,1129
2026-01-28 02:00:00,26075.294,26092.077,26073.761,26084.599,60,1118
2026-01-28 03:00:00,26085.022,26089.327,26063.349,26070.044,60,1118
2026-01-28 04:00:00,26070.529,26097.708,26070.12,26090.5,60,1122
2026-01-28 05:00:00,26090.305,26119.055,26090.033,26116.099,60,1117
2026-01-28 06:00:00,26133.066,26219.0,26129.149,26172.522,60,1173
2026-01-28 07:00:00,26172.631,26194.186,26159.25,26185.555,60,1121
2026-01-28 08:00:00,26185.686,26201.899,26141.555,26150.197,60,1121
2026-01-28 09:00:00,26149.958,26160.653,26123.029,26155.261,60,1122
2026-01-28 10:00:00,26155.436,26190.838,26142.794,26187.044,60,1125
2026-01-28 11:00:00,26187.447,26196.947,26158.011,26189.099,60,1129
2026-01-28 12:00:00,26189.272,26191.088,26135.25,26151.142,60,1132
2026-01-28 13:00:00,26151.37,26176.022,26125.914,26143.925,60,1120
2026-01-28 14:00:00,26143.642,26168.555,26084.153,26123.329,60,1126
2026-01-28 15:00:00,26122.893,26134.396,26030.609,26033.568,60,1124
2026-01-28 16:00:00,26033.361,26069.014,25971.473,25986.961,60,1119
2026-01-28 17:00:00,25987.147,26035.458,25981.485,26012.155,60,1123
2026-01-28 18:00:00,26012.013,26050.666,25993.807,26039.534,60,1120
2026-01-28 19:00:00,26039.24,26079.833,25984.988,26031.203,60,2951
2026-01-28 20:00:00,26031.486,26081.649,26003.968,26018.603,60,1120
2026-01-28 21:00:00,26018.789,26068.462,25866.743,26065.83,15,2062
2026-01-28 23:00:00,26155.869,26166.203,26032.847,26042.464,60,1637
2026-01-29 00:00:00,26041.583,26052.149,25976.949,26035.008,60,1258
2026-01-29 01:00:00,26037.061,26040.329,25958.311,26000.931,60,1123
2026-01-29 02:00:00,26000.899,26048.649,25995.079,26034.203,60,1120
2026-01-29 03:00:00,26033.931,26071.949,26033.931,26070.949,60,1118
2026-01-29 04:00:00,26070.769,26105.579,26067.583,26100.366,60,1120
2026-01-29 05:00:00,26100.497,26121.736,26083.072,26105.975,60,1124
2026-01-29 06:00:00,26106.127,26140.638,26104.116,26118.508,60,1126
2026-01-29 07:00:00,26118.181,26149.072,26103.561,26127.714,60,1138
2026-01-29 08:00:00,26127.453,26152.42,26099.431,26121.519,60,1127
2026-01-29 09:00:00,26121.399,26145.105,26082.583,26083.758,60,1124
2026-01-29 10:00:00,26083.449,26109.079,26059.138,26063.649,60,1127
2026-01-29 11:00:00,26064.203,26080.699,26047.899,26072.199,60,1120
2026-01-29 12:00:00,26073.442,26093.877,26029.042,26047.616,60,1139
2026-01-29 13:00:00,26048.008,26076.105,26023.094,26066.638,60,1137
2026-01-29 14:00:00,26066.855,26068.866,25731.5,25736.425,60,1121
2026-01-29 15:00:00,25737.153,25740.936,25410.794,25451.975,60,1123
2026-01-29 16:00:00,25452.334,25619.155,25414.592,25591.986,60,1125
2026-01-29 17:00:00,25591.811,25756.605,25589.626,25640.449,60,1121
2026-01-29 18:00:00,25639.981,25768.11,25638.669,25716.289,60,1120
2026-01-29 19:00:00,25716.093,25777.0,25699.69,25727.288,60,1130
2026-01-29 20:00:00,25727.396,25895.89,25719.641,25868.929,60,1121
2026-01-29 21:00:00,25869.683,25893.567,25844.649,25859.752,15,1146
2026-01-29 23:00:00,25880.22,25900.279,25765.547,25853.631,60,2772
2026-01-30 00:00:00,25853.305,25873.0,25788.697,25811.399,60,1136
2026-01-30 01:00:00,25811.316,25815.055,25677.653,25733.881,60,1128
2026-01-30 02:00:00,25734.794,25747.305,25617.947,25725.029,60,1126
2026-01-30 03:00:00,25725.0,25769.349,25709.425,25728.719,60,1119
2026-01-30 04:00:00,25728.469,25777.414,25725.066,25740.305,60,1120
2026-01-30 05:00:00,25741.447,25768.033,25713.25,25714.447,60,1116
2026-01-30 06:00:00,25715.892,25720.529,25618.164,25632.761,60,1122
2026-01-30 07:00:00,25632.719,25685.794,25582.436,25590.399,60,1124
2026-01-30 08:00:00,25591.283,25673.903,25563.675,25649.544,60,1195
2026-01-30 09:00:00,25648.87,25668.044,25531.381,25579.0,60,1140
2026-01-30 10:00:00,25578.914,25671.37,25575.899,25646.37,60,1144
2026-01-30 11:00:00,25646.175,25764.892,25645.208,25752.779,60,1123
2026-01-30 12:00:00,25751.414,25786.577,25704.338,25727.414,60,1121
2026-01-30 13:00:00,25727.131,25768.077,25659.492,25707.827,60,3146
2026-01-30 14:00:00,25707.511,25820.381,25687.069,25709.631,60,1124
2026-01-30 15:00:00,25709.925,25815.888,25652.899,25725.655,60,1127
2026-01-30 16:00:00,25725.009,25751.394,25628.531,25641.701,60,1121
2026-01-30 17:00:00,25640.995,25679.509,25563.769,25565.001,60,1120
2026-01-30 18:00:00,25564.649,25654.887,25454.7,25624.99,60,1122
2026-01-30 19:00:00,25624.904,25664.257,25536.879,25541.587,60,1118
2026-01-30 20:00:00,25541.979,25611.299,25455.169,25553.239,60,1124
2026-02-02 00:00:00,25419.0,25532.088,25374.22,25491.779,60,1252
2026-02-02 01:00:00,25491.403,25523.469,25287.436,25294.186,60,1138
2026-02-02 02:00:00,25294.099,25336.719,25244.642,25253.316,60,1126
2026-02-02 03:00:00,25254.588,25274.077,25150.055,25167.208,60,1119
2026-02-02 04:00:00,25167.022,25262.75,25103.936,25229.555,60,1128
2026-02-02 05:00:00,25229.392,25235.338,25122.914,25136.761,60,1126
2026-02-02 06:00:00,25136.522,25160.708,25068.279,25120.305,60,1144
2026-02-02 07:00:00,25121.338,25237.649,25119.631,25235.294,60,1125
2026-02-02 08:00:00,25235.881,25309.219,25227.338,25288.044,60,1126
2026-02-02 09:00:00,25288.381,25349.37,25242.511,25340.149,60,1122
2026-02-02 10:00:00,25339.783,25357.511,25277.25,25293.153,60,1130
2026-02-02 11:00:00,25293.033,25378.029,25286.653,25338.029,60,1129
2026-02-02 12:00:00,25337.697,25413.529,25337.555,25374.779,60,1134
2026-02-02 13:00:00,25374.066,25426.208,25342.914,25415.349,60,1120
2026-02-02 14:00:00,25415.805,25685.208,25406.653,25637.025,60,1123
2026-02-02 15:00:00,25634.503,25797.656,25621.675,25725.925,60,1840
2026-02-02 16:00:00,25725.664,25785.229,25689.011,25778.206,60,1129
2026-02-02 17:00:00,25777.858,25826.57,25772.549,25809.31,60,1129
2026-02-02 18:00:00,25810.746,25833.119,25784.016,25826.539,60,1119
2026-02-02 19:00:00,25826.332,25829.668,25727.443,25731.228,60,1127
2026-02-02 20:00:00,25731.043,25784.183,25707.511,25741.133,60,1122
2026-02-02 21:00:00,25740.759,25781.948,25721.909,25761.49,15,1125
2026-02-02 23:00:00,25769.853,25865.788,25755.236,25837.038,60,2142
2026-02-03 00:00:00,25836.908,25873.669,25804.288,25841.994,60,1130
2026-02-03 01:00:00,25841.788,25879.505,25837.7,25848.82,60,1125
2026-02-03 02:00:00,25848.375,25848.733,25789.853,25817.592,60,1129
2026-02-03 03:00:00,25817.158,25853.229,25802.288,25845.494,60,1122
2026-02-03 04:00:00,25845.233,25876.979,25842.45,25868.777,60,1121
2026-02-03 05:00:00,25868.82,25885.722,25841.214,25876.386,60,1123
2026-02-03 06:00:00,25876.864,25896.005,25862.364,25881.038,60,1123
2026-02-03 07:00:00,25880.7,25916.849,25863.897,25900.994,60,1121
2026-02-03 08:00:00,25901.349,25912.788,25859.397,25866.136,60,1130
2026-02-03 09:00:00,25866.229,25899.353,25847.419,25858.494,60,1132
2026-02-03 10:00:00,25858.636,25878.875,25834.222,25845.479,60,1117
2026-02-03 11:00:00,25845.349,25854.7,25824.408,25834.636,60,1120
2026-02-03 12:00:00,25834.472,25885.277,25812.114,25871.353,60,1121
2026-02-03 13:00:00,25871.2,25892.081,25850.636,25856.479,60,1118
2026-02-03 14:00:00,25856.331,25865.744,25512.886,25521.233,60,1122
2026-02-03 15:00:00,25521.027,25535.599,25363.936,25509.022,60,1197
2026-02-03 16:00:00,25509.197,25511.399,25361.77,25384.803,60,1120
2026-02-03 17:00:00,25384.727,25395.353,25238.223,25279.253,60,1121
2026-02-03 18:00:00,25277.759,25315.545,25139.141,25139.315,60,1122
2026-02-03 19:00:00,25139.152,25250.96,25111.788,25210.929,60,1124
2026-02-03 20:00:00,25210.085,25351.204,25164.356,25337.142,60,1126
2026-02-03 21:00:00,25338.74,25364.914,25329.246,25340.369,15,1121
2026-02-03 23:00:00,25279.203,25337.136,25258.681,25323.397,60,3140
2026-02-04 00:00:00,25323.538,25331.07,25272.103,25272.233,60,1121
2026-02-04 01:00:00,25272.483,25350.729,25272.342,25335.614,60,1119
2026-02-04 02:00:00,25335.081,25369.729,25296.229,25309.016,60,1123
2026-02-04 03:00:00,25309.158,25347.479,25298.722,25330.099,60,1121
2026-02-04 04:00:00,25330.331,25344.599,25313.494,25330.125,60,1120
2026-02-04 05:00:00,25330.038,25339.364,25305.07,25339.103,60,1120
2026-02-04 06:00:00,25338.82,25385.375,25331.408,25367.099,60,1126
2026-02-04 07:00:00,25366.849,25410.7,25364.777,25399.005,60,1125
2026-02-04 08:00:00,25396.744,25405.849,25297.538,25322.479,60,1118
2026-02-04 09:00:00,25322.331,25345.299,25252.57,25298.897,60,1122
2026-02-04 10:00:00,25299.038,25362.081,25292.299,25346.125,60,1125
2026-02-04 11:00:00,25345.983,25379.331,25332.636,25370.222,60,1123
2026-02-04 12:00:00,25370.331,25386.799,25293.711,25302.669,60,1129
2026-02-04 13:00:00,25300.961,25313.027,25239.364,25253.897,60,1129
2026-02-04 14:00:00,25254.016,25284.2,25082.777,25090.692,60,1130
2026-02-04 15:00:00,25085.997,25200.408,25005.114,25046.422,60,1391
2026-02-04 16:00:00,25046.52,25067.021,24824.892,24931.131,60,1119
2026-02-04 17:00:00,24929.719,24952.421,24680.097,24770.372,60,1127
2026-02-04 18:00:00,24770.307,24855.996,24716.771,24821.399,60,1121
2026-02-04 19:00:00,24820.463,25014.445,24762.811,25004.897,60,1127
2026-02-04 20:00:00,25004.479,25017.338,24878.52,24896.76,57,1119
2026-02-04 21:00:00,24898.011,24961.783,24775.689,24944.59,15,2090
2026-02-04 23:00:00,24959.808,25023.849,24943.011,24967.719,60,3778
2026-02-05 00:00:00,24967.947,25035.327,24932.0,25007.892,60,1177
2026-02-05 01:00:00,25008.522,25069.153,25000.175,25023.697,60,1127
2026-02-05 02:00:00,25023.75,25035.099,24860.077,24861.761,60,1129
2026-02-05 03:00:00,24862.914,24937.544,24829.947,24847.958,60,1155
2026-02-05 04:00:00,24848.088,24927.099,24816.447,24911.149,60,1133
2026-02-05 05:00:00,24911.805,24945.055,24863.447,24896.697,60,1120
2026-02-05 06:00:00,24897.033,24977.414,24893.055,24972.533,60,1124
2026-02-05 07:00:00,24972.649,24989.675,24941.642,24944.525,60,1167
2026-02-05 08:00:00,24947.014,25024.399,24898.481,24900.599,60,1852
2026-02-05 09:00:00,24899.62,24996.849,24878.838,24930.12,60,1183
2026-02-05 10:00:00,24930.272,24992.131,24922.305,24934.055,60,1200
2026-02-05 11:00:00,24934.149,24965.088,24891.436,24929.22,60,1149
2026-02-05 12:00:00,24928.514,24956.599,24608.469,24693.447,60,3441
2026-02-05 13:00:00,24693.577,24768.164,24659.349,24668.066,60,1312
2026-02-05 14:00:00,24667.631,24860.044,24553.279,24670.571,60,1246
2026-02-05 15:00:00,24670.888,24701.738,24453.651,24534.994,60,1885
2026-02-05 16:00:00,24535.396,24757.171,24449.799,24731.337,60,1121
2026-02-05 17:00:00,24731.021,24788.038,24626.495,24685.091,60,1122
2026-02-05 18:00:00,24684.971,24735.293,24563.585,24601.399,60,1119
2026-02-05 19:00:00,24600.55,24738.09,24574.213,24612.962,60,1125
2026-02-05 20:00:00,24613.115,24707.117,24468.445,24540.236,60,1129
2026-02-05 21:00:00,24539.811,24589.429,24454.549,24505.983,15,1904
2026-02-05 23:00:00,24319.014,24381.569,24202.305,24243.75,60,2817
2026-02-06 00:00:00,24243.642,24317.12,24149.816,24309.149,60,1774
2026-02-06 01:00:00,24308.697,24443.899,24249.47,24438.338,60,1180
2026-02-06 02:00:00,24438.892,24484.153,24419.719,24442.436,60,1176
2026-02-06 03:00:00,24442.305,24473.969,24381.175,24435.066,60,1161
2026-02-06 04:00:00,24435.12,24437.022,24335.892,24362.392,60,1133
2026-02-06 05:00:00,24363.0,24505.458,24339.511,24491.022,60,1192
2026-02-06 06:00:00,24490.881,24521.414,24449.686,24455.903,60,1126
2026-02-06 07:00:00,24455.753,24487.149,24415.088,24466.033,60,1217
2026-02-06 08:00:00,24465.577,24514.522,24399.772,24492.294,60,1142
2026-02-06 09:00:00,24492.555,24691.349,24470.588,24658.75,60,1193
2026-02-06 10:00:00,24658.697,24706.099,24620.686,24702.599,60,1125
2026-02-06 11:00:00,24702.219,24781.279,24700.392,24763.283,60,1122
2026-02-06 12:00:00,24763.066,24769.142,24669.338,24690.838,60,1129
2026-02-06 13:00:00,24691.708,24761.208,24666.458,24706.469,60,1154
2026-02-06 14:00:00,24706.186,24892.029,24609.783,24759.058,60,1129
2026-02-06 15:00:00,24769.544,24869.935,24652.316,24805.797,60,1597
2026-02-06 16:00:00,24806.119,24959.288,24791.579,24910.897,60,1127
2026-02-06 17:00:00,24911.092,25019.386,24897.407,25003.638,60,1124
2026-02-06 18:00:00,25003.822,25034.345,24985.326,24995.769,60,1124
2026-02-06 19:00:00,24995.273,25018.405,24976.481,24980.811,60,1118
2026-02-06 20:00:00,24979.985,25132.089,24966.381,25056.779,60,1132
2026-02-06 21:00:00,25056.339,25075.364,25035.018,25040.118,15,1130
2026-02-09 00:00:00,25189.197,25259.936,25171.686,25176.533,60,1171
2026-02-09 01:00:00,25176.469,25178.719,25110.261,25130.664,60,1118
2026-02-09 02:00:00,25130.816,25176.816,25121.708,25141.219,60,1132
2026-02-09 03:00:00,25141.708,25155.447,25102.272,25103.153,60,1120
2026-02-09 04:00:00,25103.649,25136.279,25094.022,25100.87,60,1126
2026-02-09 05:00:00,25100.458,25141.958,25090.242,25128.5,60,1126
2026-02-09 06:00:00,25129.142,25135.338,25070.294,25080.142,60,1226
2026-02-09 07:00:00,25080.899,25094.899,25034.392,25072.599,60,1124
2026-02-09 08:00:00,25073.033,25128.279,25062.197,25074.75,60,1118
2026-02-09 09:00:00,25074.272,25098.899,24987.75,25001.197,60,1136
2026-02-09 10:00:00,25001.279,25007.131,24881.577,24957.958,60,1131
2026-02-09 11:00:00,24957.75,24985.077,24934.436,24961.088,60,1119
2026-02-09 12:00:00,24965.414,25018.029,24929.131,25014.87,60,1130
2026-02-09 13:00:00,25013.849,25068.947,24988.208,24992.838,60,1118
2026-02-09 14:00:00,24993.088,25101.599,24869.164,25028.649,60,1120
2026-02-09 15:00:00,25027.522,25241.198,25017.783,25224.353,60,1127
2026-02-09 16:00:00,25225.604,25315.799,25218.2,25303.056,60,1121
2026-02-09 17:00:00,25302.828,25328.669,25262.458,25267.928,60,1119
2026-02-09 18:00:00,25267.798,25299.454,25224.819,25280.868,60,1121
2026-02-09 19:00:00,25280.319,25338.846,25275.099,25310.521,60,1124
2026-02-09 20:00:00,25310.804,25324.1,25246.915,25251.526,60,1120
2026-02-09 21:00:00,25250.918,25287.044,25249.242,25283.848,15,1118
2026-02-09 23:00:00,25286.731,25310.066,25243.772,25259.399,60,2933
2026-02-10 00:00:00,25259.599,25277.153,25227.338,25249.642,60,1132
2026-02-10 01:00:00,25249.779,25266.349,25214.761,25249.399,60,1128
2026-02-10 02:00:00,25249.327,25250.399,25202.0,25220.631,60,1132
2026-02-10 03:00:00,25221.029,25228.029,25193.425,25214.022,60,1118
2026-02-10 04:00:00,25214.12,25261.088,25213.5,25259.349,60,1127
2026-02-10 05:00:00,25259.827,25272.338,25226.327,25266.208,60,1119
2026-02-10 06:00:00,25266.25,25268.164,25206.588,25227.529,60,1127
2026-02-10 07:00:00,25227.686,25263.87,25221.0,25263.87,60,1127
2026-02-10 08:00:00,25264.25,25280.903,25236.958,25248.588,60,1120
2026-02-10 09:00:00,25248.294,25318.588,25248.294,25278.338,60,1121
2026-02-10 10:00:00,25277.783,25289.022,25256.142,25270.0,60,1136
2026-02-10 11:00:00,25270.175,25288.164,25247.892,25284.272,60,1129
2026-02-10 12:00:00,25285.555,25336.279,25252.033,25252.925,60,1130
2026-02-10 13:00:00,25253.055,25288.914,25207.197,25286.925,60,1175
2026-02-10 14:00:00,25286.805,25323.827,25170.75,25306.708,60,1121
2026-02-10 15:00:00,25306.066,25361.044,25263.891,25289.762,60,1126
2026-02-10 16:00:00,25290.269,25315.304,25230.9,25241.61,60,1120
2026-02-10 17:00:00,25240.687,25312.129,25220.329,25298.221,60,1120
2026-02-10 18:00:00,25297.721,25299.232,25186.89,25227.602,60,1132
2026-02-10 19:00:00,25227.739,25237.913,25190.735,25210.307,60,1130
2026-02-10 20:00:00,25210.035,25212.186,25113.903,25134.332,60,1117
2026-02-10 21:00:00,25134.832,25154.688,25123.525,25149.654,15,1123
2026-02-10 23:00:00,25173.231,25204.511,25170.514,25190.555,60,1967
2026-02-11 00:00:00,25191.149,25213.816,25183.881,25207.87,60,1122
2026-02-11 01:00:00,25208.208,25243.175,25208.022,25232.892,60,1124
2026-02-11 02:00:00,25233.186,25247.077,25224.044,25239.272,60,1137
2026-02-11 03:00:00,25239.447,25262.153,25220.381,25255.349,60,1132
2026-02-11 04:00:00,25255.033,25257.414,25213.153,25224.044,60,1120
2026-02-11 05:00:00,25223.87,25243.044,25196.805,25204.816,60,1127
2026-02-11 06:00:00,25205.149,25233.779,25185.392,25186.261,60,1120
2026-02-11 07:00:00,25186.892,25207.529,25170.458,25188.044,60,1140
2026-02-11 08:00:00,25187.936,25195.899,25127.5,25167.849,60,1126
2026-02-11 09:00:00,25167.914,25195.719,25121.631,25122.381,60,1125
2026-02-11 10:00:00,25122.588,25124.899,25064.783,25124.458,60,1138
2026-02-11 11:00:00,25125.719,25167.511,25123.338,25127.958,60,1123
2026-02-11 12:00:00,25126.936,25193.261,25126.936,25164.425,60,1122
2026-02-11 13:00:00,25164.816,25368.077,25153.631,25361.044,60,1322
2026-02-11 14:00:00,25361.153,25382.529,25206.335,25219.759,60,1121
2026-02-11 15:00:00,25221.041,25258.589,24976.609,25162.745,60,1125
2026-02-11 16:00:00,25163.093,25192.841,25095.009,25099.149,60,1124
2026-02-11 17:00:00,25097.257,25240.904,25060.688,25181.531,60,1129
2026-02-11 18:00:00,25182.304,25229.659,25119.593,25218.621,60,1123
2026-02-11 19:00:00,25216.631,25276.386,25175.609,25225.239,60,1122
2026-02-11 20:00:00,25224.798,25238.919,25188.685,25194.669,60,1122
2026-02-11 21:00:00,25195.293,25224.095,25185.482,25193.028,15,1129
2026-02-11 23:00:00,25200.311,25212.449,25126.17,25154.561,60,2967
2026-02-12 00:00:00,25153.377,25192.699,25133.888,25185.105,60,1120
2026-02-12 01:00:00,25186.355,25234.329,25162.3,25220.579,60,1124
2026-02-12 02:00:00,25220.214,25229.949,25188.561,25212.725,60,1129
2026-02-12 03:00:00,25212.605,25240.449,25201.561,25229.931,60,1123
2026-02-12 04:00:00,25230.329,25259.079,25222.953,25246.072,60,1132
2026-02-12 05:00:00,25245.899,25264.127,25245.899,25258.579,60,1120
2026-02-12 06:00:00,25258.17,25263.699,25212.214,25239.42,60,1129
2026-02-12 07:00:00,25239.329,25278.829,25233.075,25270.508,60,1124
2026-02-12 08:00:00,25270.605,25288.714,25244.616,25273.329,60,1123
2026-02-12 09:00:00,25273.17,25283.594,25249.627,25274.486,60,1127
2026-02-12 10:00:00,25274.811,25293.377,25254.311,25269.583,60,1122
2026-02-12 11:00:00,25269.949,25290.449,25258.019,25285.866,60,1119
2026-02-12 12:00:00,25286.05,25303.829,25262.833,25276.344,60,1133
2026-02-12 13:00:00,25276.42,25339.333,25240.3,25315.322,60,1122
2026-02-12 14:00:00,25315.594,25317.699,25106.366,25126.594,60,1125
2026-02-12 15:00:00,25127.05,25180.12,24928.309,24931.853,60,1160
2026-02-12 16:00:00,24933.376,24952.564,24727.813,24800.941,60,1128
2026-02-12 17:00:00,24801.127,24862.645,24746.586,24747.47,60,1120
2026-02-12 18:00:00,24747.427,24850.371,24725.248,24826.479,60,1131
2026-02-12 19:00:00,24826.163,24863.442,24767.255,24819.001,60,1121
2026-02-12 20:00:00,24818.881,24832.453,24642.57,24686.675,60,1120
2026-02-12 21:00:00,24683.162,24726.969,24664.86,24724.352,15,1129
2026-02-12 23:00:00,24769.25,24781.529,24671.642,24749.783,60,1285
2026-02-13 00:00:00,24750.186,24790.5,24636.381,24658.219,60,1185
2026-02-13 01:00:00,24658.338,24748.153,24656.936,24714.577,60,1124
2026-02-13 02:00:00,24713.708,24758.653,24713.522,24729.686,60,1128
2026-02-13 03:00:00,24730.349,24747.208,24672.403,24676.62,60,1126
2026-02-13 04:00:00,24676.925,24729.149,24672.25,24683.761,60,1125
2026-02-13 05:00:00,24684.566,24698.219,24619.392,24639.022,60,1126
2026-02-13 06:00:00,24638.892,24657.899,24570.675,24640.588,60,1128
2026-02-13 07:00:00,24640.279,24689.414,24638.219,24673.316,60,1123
2026-02-13 08:00:00,24674.25,24710.414,24601.772,24701.827,60,1122
2026-02-13 09:00:00,24702.088,24735.029,24658.219,24701.044,60,1121
2026-02-13 10:00:00,24701.029,24726.099,24654.675,24656.153,60,1125
2026-02-13 11:00:00,24656.099,24665.37,24552.925,24648.164,60,1123
2026-02-13 12:00:00,24647.522,24672.066,24593.525,24622.425,60,1127
2026-02-13 13:00:00,24622.208,24749.5,24547.903,24708.338,60,2552
2026-02-13 14:00:00,24706.599,24775.827,24506.631,24624.708,60,1120
2026-02-13 15:00:00,24625.153,24857.444,24622.12,24740.726,60,1166
2026-02-13 16:00:00,24741.682,24861.619,24693.374,24823.262,60,1123
2026-02-13 17:00:00,24822.599,24921.501,24812.778,24867.573,60,1121
2026-02-13 18:00:00,24867.312,24923.158,24830.539,24869.329,60,1124
2026-02-13 19:00:00,24870.129,24897.218,24779.619,24782.649,60,1125
2026-02-13 20:00:00,24782.044,24818.621,24661.74,24733.725,60,1125
2026-02-13 21:00:00,24731.877,24756.867,24705.38,24727.56,15,1132
2026-02-16 00:00:00,24767.742,24781.305,24742.742,24766.969,60,3062
2026-02-16 01:00:00,24767.186,24800.899,24755.642,24792.761,60,1136
2026-02-16 02:00:00,24792.642,24805.029,24760.0,24764.022,60,1124
2026-02-16 03:00:00,24764.12,24768.899,24740.881,24756.033,60,1119
2026-02-16 04:00:00,24756.219,24772.849,24751.947,24758.044,60,1122
2026-02-16 05:00:00,24758.175,24760.529,24727.533,24743.5,60,1118
2026-02-16 06:00:00,24744.022,24759.577,24726.599,24756.208,60,1128
2026-02-16 07:00:00,24756.529,24803.403,24754.033,24791.566,60,1122
2026-02-16 08:00:00,24792.186,24833.805,24771.555,24825.544,60,1126
2026-02-16 09:00:00,24825.631,24851.0,24818.675,24838.794,60,1127
2026-02-16 10:00:00,24838.708,24840.936,24797.87,24806.827,60,1139
2026-02-16 11:00:00,24806.936,24807.708,24772.469,24794.197,60,1132
2026-02-16 12:00:00,24795.0,24812.153,24779.653,24800.87,60,1121
2026-02-16 13:00:00,24800.849,24805.899,24774.827,24774.827,60,1130
2026-02-16 14:00:00,24774.914,24775.399,24622.772,24698.425,60,1121
2026-02-16 15:00:00,24698.588,24727.772,24609.75,24623.197,60,1120
2026-02-16 16:00:00,24622.958,24683.816,24601.761,24658.631,60,1121
2026-02-16 17:00:00,24656.511,24700.511,24644.414,24666.25,59,1118
2026-02-16 23:00:00,24679.753,24771.838,24671.003,24747.414,60,3348
2026-02-17 00:00:00,24748.338,24765.055,24706.447,24718.436,60,1179
2026-02-17 01:00:00,24718.631,24754.511,24581.686,24597.903,60,1142
2026-02-17 02:00:00,24593.761,24614.899,24548.403,24592.261,60,1137
2026-02-17 03:00:00,24592.544,24595.414,24506.12,24540.186,60,1142
2026-02-17 04:00:00,24540.022,24560.0,24523.969,24553.029,60,1127
2026-02-17 05:00:00,24552.958,24555.936,24488.881,24512.522,60,1128
2026-02-17 06:00:00,24512.697,24571.149,24512.697,24558.819,60,1164
2026-02-17 07:00:00,24559.327,24594.279,24515.022,24590.022,60,1223
2026-02-17 08:00:00,24590.899,24656.664,24554.664,24570.653,60,1136
2026-02-17 09:00:00,24570.599,24626.011,24566.87,24616.827,60,1139
2026-02-17 10:00:00,24617.077,24628.044,24521.338,24537.066,60,1133
2026-02-17 11:00:00,24537.338,24566.794,24503.12,24553.719,60,1127
2026-02-17 12:00:00,24553.903,24597.675,24508.131,24515.414,60,1129
2026-02-17 13:00:00,24515.294,24632.816,24449.088,24542.75,60,1435
2026-02-17 14:00:00,24542.925,24745.75,24406.175,24414.5,60,1122
2026-02-17 15:00:00,24414.003,24573.529,24381.642,24532.578,60,1229
2026-02-17 16:00:00,24532.414,24726.508,24525.909,24691.057,60,1124
2026-02-17 17:00:00,24690.568,24695.7,24542.062,24629.779,60,1120
2026-02-17 18:00:00,24630.583,24802.719,24582.107,24776.059,60,1119
2026-02-17 19:00:00,24773.998,24819.779,24740.027,24746.766,60,1125
2026-02-17 20:00:00,24745.287,24773.629,24668.753,24708.357,60,1129
2026-02-17 21:00:00,24707.335,24726.763,24698.231,24709.234,15,1119
2026-02-17 23:00:00,24706.276,24714.559,24637.49,24645.459,60,2627
2026-02-18 00:00:00,24645.654,24689.889,24643.382,24661.339,60,1149
2026-02-18 01:00:00,24661.023,24680.904,24644.545,24679.154,60,1128
2026-02-18 02:00:00,24679.251,24705.339,24670.632,24693.251,60,1129
2026-02-18 03:00:00,24694.045,24733.639,24671.121,24728.545,60,1123
2026-02-18 04:00:00,24728.437,24774.889,24718.882,24771.001,60,1121
2026-02-18 05:00:00,24770.915,24779.143,24755.317,24760.089,60,1130
2026-02-18 06:00:00,24759.871,24781.165,24744.36,24758.889,60,1131
2026-02-18 07:00:00,24755.784,24776.871,24737.382,24768.709,60,1139
2026-02-18 08:00:00,24768.795,24850.519,24768.165,24838.709,60,1121
2026-02-18 09:00:00,24838.556,24876.269,24834.459,24844.426,60,1120
2026-02-18 10:00:00,24844.295,24874.556,24842.99,24856.828,60,1126
2026-02-18 11:00:00,24856.893,24862.86,24825.023,24830.176,60,1125
2026-02-18 12:00:00,24830.078,24896.519,24779.404,24825.198,60,1121
2026-02-18 13:00:00,24825.012,24855.415,24751.839,24763.067,60,1123
2026-02-18 14:00:00,24763.534,24892.773,24687.36,24875.11,60,1122
2026-02-18 15:00:00,24875.501,25030.504,24872.501,25018.769,60,1126
2026-02-18 16:00:00,25019.089,25047.579,24990.238,24994.203,60,1122
2026-02-18 17:00:00,24994.019,25059.794,24991.054,25029.92,60,1121
2026-02-18 18:00:00,25029.389,25058.109,24914.536,24955.472,60,1122
2026-02-18 19:00:00,24956.45,24967.937,24797.604,24818.526,60,1311
2026-02-18 20:00:00,24818.113,24931.187,24791.411,24891.732,60,1123
2026-02-18 21:00:00,24891.178,24901.079,24866.586,24878.283,15,1122
2026-02-18 23:00:00,24878.719,24928.044,24876.142,24898.164,60,1127
2026-02-19 00:00:00,24897.838,24906.686,24850.577,24880.903,60,1124
2026-02-19 01:00:00,24880.708,24927.899,24871.392,24906.62,60,1121
2026-02-19 02:00:00,24906.555,24921.649,24887.761,24913.044,60,1125
2026-02-19 03:00:00,24913.164,24932.783,24900.208,24917.414,60,1121
2026-02-19 04:00:00,24917.642,24927.349,24887.099,24889.5,60,1120
2026-02-19 05:00:00,24889.37,24937.708,24874.142,24929.969,60,1121
2026-02-19 06:00:00,24930.0,24953.816,24921.338,24951.969,60,1127
2026-02-19 07:00:00,24952.294,24980.827,24941.283,24953.055,60,1128
2026-02-19 08:00:00,24952.719,24987.208,24878.903,24888.208,60,1133
2026-02-19 09:00:00,24887.925,24906.761,24784.414,24826.664,60,1127
2026-02-19 10:00:00,24826.261,24835.87,24758.936,24788.208,60,1130
2026-02-19 11:00:00,24788.294,24819.044,24769.958,24812.279,60,1124
2026-02-19 12:00:00,24811.903,24830.186,24748.381,24802.077,60,1125
2026-02-19 13:00:00,24802.261,24814.066,24733.805,24787.37,60,1184
2026-02-19 14:00:00,24787.316,24852.969,24697.0,24814.25,60,1132
2026-02-19 15:00:00,24813.047,24883.392,24782.533,24857.702,60,1188
2026-02-19 16:00:00,24858.431,24892.499,24737.673,24778.341,60,1122
2026-02-19 17:00:00,24778.711,24838.106,24701.021,24715.965,60,1132
2026-02-19 18:00:00,24716.319,24782.484,24685.527,24776.319,60,1123
2026-02-19 19:00:00,24775.655,24783.379,24687.028,24717.184,60,1119
2026-02-19 20:00:00,24717.043,24799.759,24712.361,24796.497,60,1121
2026-02-19 21:00:00,24796.279,24806.098,24785.936,24787.012,15,1126
2026-02-19 23:00:00,24779.22,24829.75,24767.392,24818.892,60,1267
2026-02-20 00:00:00,24819.279,24854.175,24800.044,24842.805,60,1128
2026-02-20 01:00:00,24842.261,24876.399,24832.936,24847.783,60,1138
2026-02-20 02:00:00,24848.599,24875.077,24820.011,24838.5,60,1134
2026-02-20 03:00:00,24838.62,24852.316,24830.261,24831.327,60,1130
2026-02-20 04:00:00,24831.761,24855.399,24826.75,24842.805,60,1136
2026-02-20 05:00:00,24843.099,24889.029,24842.566,24884.022,60,1122
2026-02-20 06:00:00,24884.779,24897.529,24872.12,24884.403,60,1119
2026-02-20 07:00:00,24884.522,24896.029,24849.208,24862.838,60,1134
2026-02-20 08:00:00,24862.899,24883.642,24838.142,24877.794,60,1128
2026-02-20 09:00:00,24878.447,24925.577,24873.164,24877.588,60,1122
2026-02-20 10:00:00,24878.958,24888.055,24842.12,24843.62,60,1123
2026-02-20 11:00:00,24843.349,24843.349,24752.783,24770.914,60,1142
2026-02-20 12:00:00,24771.779,24791.029,24732.164,24771.077,60,1127
2026-02-20 13:00:00,24770.947,24805.305,24664.544,24711.022,60,1171
2026-02-20 14:00:00,24710.761,24898.37,24620.588,24835.569,60,1120
2026-02-20 15:00:00,24835.481,25066.191,24802.047,25059.175,60,2775
2026-02-20 16:00:00,25060.251,25079.439,24909.931,25037.551,60,1119
2026-02-20 17:00:00,25037.236,25048.057,24822.3,24974.739,60,1123
2026-02-20 18:00:00,24974.134,25059.842,24868.604,25036.425,60,1135
2026-02-20 19:00:00,25036.588,25056.519,24957.789,24962.156,60,1118
2026-02-20 20:00:00,24962.276,25017.853,24953.334,25015.777,60,1120
2026-02-20 21:00:00,25013.504,25027.487,25004.35,25018.361,15,1123
2026-02-23 00:00:00,24914.903,24914.903,24791.533,24796.349,60,1194
2026-02-23 01:00:00,24794.37,24825.186,24776.131,24787.066,60,1131
2026-02-23 02:00:00,24786.914,24800.022,24753.664,24782.011,60,1128
2026-02-23 03:00:00,24781.838,24805.794,24756.283,24784.719,60,1128
2026-02-23 04:00:00,24784.87,24795.899,24754.349,24776.566,60,1120
2026-02-23 05:00:00,24777.099,24786.469,24750.522,24781.772,60,1120
2026-02-23 06:00:00,24781.544,24812.338,24775.599,24810.827,60,1129
2026-02-23 07:00:00,24810.044,24857.399,24806.186,24841.805,60,1131
2026-02-23 08:00:00,24842.914,24876.899,24821.011,24872.599,60,1121
2026-02-23 09:00:00,24872.827,24946.899,24872.827,24926.272,60,1134
2026-02-23 10:00:00,24927.779,24943.37,24888.742,24913.011,60,1138
2026-02-23 11:00:00,24912.947,24930.349,24850.522,24872.066,60,1121
2026-02-23 12:00:00,24872.175,24885.399,24827.294,24847.947,60,1122
2026-02-23 13:00:00,24847.37,24896.827,24831.503,24877.838,60,1464
2026-02-23 14:00:00,24877.697,24982.719,24801.164,24857.036,60,1122
2026-02-23 15:00:00,24857.547,24895.425,24685.259,24689.449,60,1320
2026-02-23 16:00:00,24689.453,24733.67,24613.843,24681.121,60,1122
2026-02-23 17:00:00,24681.012,24709.106,24623.242,24689.452,60,1121
2026-02-23 18:00:00,24690.398,24764.409,24665.36,24671.991,60,1128
2026-02-23 19:00:00,24674.379,24699.678,24629.278,24636.743,60,1140
2026-02-23 20:00:00,24636.96,24717.223,24624.635,24711.721,60,1122
2026-02-23 21:00:00,24712.526,24731.117,24702.926,24726.842,15,1120
2026-02-23 23:00:00,24739.492,24772.469,24717.5,24736.588,60,3078
2026-02-24 00:00:00,24736.447,24771.088,24722.522,24764.197,60,1163
2026-02-24 01:00:00,24763.261,24783.279,24743.153,24770.131,60,1123
2026-02-24 02:00:00,24771.149,24826.664,24764.697,24817.316,60,1119
2026-02-24 03:00:00,24816.772,24832.011,24814.816,24821.529,60,1120
2026-02-24 04:00:00,24821.425,24831.675,24813.664,24824.033,60,1121
2026-02-24 05:00:00,24824.529,24835.305,24774.403,24788.544,60,1132
2026-02-24 06:00:00,24788.649,24801.029,24770.75,24785.903,60,1121
2026-02-24 07:00:00,24785.783,24816.675,24778.925,24781.088,60,1122
2026-02-24 08:00:00,24780.403,24782.577,24709.533,24740.149,60,1126
2026-02-24 09:00:00,24739.783,24796.149,24737.011,24795.544,60,1128
2026-02-24 10:00:00,24795.772,24814.029,24774.458,24790.5,60,1130
2026-02-24 11:00:00,24791.838,24802.011,24757.533,24782.029,60,1118
2026-02-24 12:00:00,24779.327,24848.219,24744.047,24765.142,60,1118
2026-02-24 13:00:00,24765.588,24839.827,24763.381,24825.719,60,1130
2026-02-24 14:00:00,24825.599,24911.958,24644.566,24822.808,60,1124
2026-02-24 15:00:00,24820.481,24975.189,24766.761,24920.726,60,1240
2026-02-24 16:00:00,24921.059,24990.259,24914.415,24972.77,60,1119
2026-02-24 17:00:00,24973.314,25019.749,24965.821,24991.146,60,1121
2026-02-24 18:00:00,24989.341,25022.528,24956.916,24973.799,60,1119
2026-02-24 19:00:00,24973.983,24999.34,24933.145,24967.159,60,1120
2026-02-24 20:00:00,24967.029,25017.236,24941.135,24977.108,60,1120
2026-02-24 21:00:00,24975.563,24982.696,24949.86,24964.967,15,1132
2026-02-24 23:00:00,24964.908,24999.6,24942.003,24993.894,60,3221
2026-02-25 00:00:00,24993.416,25023.764,24968.405,25020.499,60,1120
2026-02-25 01:00:00,25020.405,25061.861,25011.742,25052.677,60,1120
2026-02-25 02:00:00,25052.536,25063.275,25034.177,25055.992,60,1127
2026-02-25 03:00:00,25055.633,25058.379,24949.47,25015.992,60,1121
2026-02-25 04:00:00,25016.242,25017.047,24983.633,24999.677,60,1126
2026-02-25 05:00:00,24999.905,25016.319,24979.688,24989.438,60,1130
2026-02-25 06:00:00,24989.47,25007.819,24981.1,24990.514,60,1120
2026-02-25 07:00:00,24992.199,25002.558,24967.111,24985.449,60,1128
2026-02-25 08:00:00,24985.6,25039.499,24985.6,25022.879,60,1118
2026-02-25 09:00:00,25020.883,25036.677,25004.449,25031.188,60,1136
2026-02-25 10:00:00,25031.253,25042.981,25014.492,25022.786,60,1118
2026-02-25 11:00:00,25022.677,25077.379,25017.503,25074.069,60,1121
2026-02-25 12:00:00,25071.492,25098.166,25054.85,25087.916,60,1131
2026-02-25 13:00:00,25088.558,25114.879,25073.372,25099.308,60,1122
2026-02-25 14:00:00,25099.372,25299.999,25079.361,25292.047,60,1122
2026-02-25 15:00:00,25292.633,25309.058,25214.456,25244.337,60,1121
2026-02-25 16:00:00,25244.412,25280.622,25231.236,25265.026,60,1127
2026-02-25 17:00:00,25265.178,25302.089,25262.916,25299.685,60,1124
2026-02-25 18:00:00,25299.815,25304.861,25283.322,25299.925,60,1127
2026-02-25 19:00:00,25299.642,25326.553,25298.913,25318.396,60,1119
2026-02-25 20:00:00,25318.277,25346.306,25302.701,25334.05,60,1124
2026-02-25 21:00:00,25333.582,25354.928,25321.333,25341.433,15,1126
2026-02-25 23:00:00,25336.525,25370.75,25227.761,25269.403,60,2234
2026-02-26 00:00:00,25268.279,25294.149,25255.5,25268.653,60,1133
2026-02-26 01:00:00,25268.892,25272.664,25218.0,25269.316,60,1123
2026-02-26 02:00:00,25269.12,25272.279,25242.099,25259.881,60,1127
2026-02-26 03:00:00,25259.529,25275.958,25247.403,25253.761,60,1126
2026-02-26 04:00:00,25253.62,25263.279,25245.805,25253.338,60,1120
2026-02-26 05:00:00,25253.436,25262.566,25236.142,25260.544,60,1120
2026-02-26 06:00:00,25262.783,25297.077,25259.642,25280.175,60,1128
2026-02-26 07:00:00,25280.349,25317.5,25279.283,25300.272,60,1120
2026-02-26 08:00:00,25300.544,25345.149,25296.653,25302.664,60,1127
2026-02-26 09:00:00,25301.697,25354.529,25299.099,25331.37,60,1126
2026-02-26 10:00:00,25332.099,25341.529,25300.272,25309.761,60,1129
2026-02-26 11:00:00,25310.708,25323.029,25298.381,25314.947,60,1122
2026-02-26 12:00:00,25315.029,25343.529,25313.761,25326.316,60,1125
2026-02-26 13:00:00,25326.555,25367.899,25314.631,25336.947,60,1155
2026-02-26 14:00:00,25336.425,25351.088,25137.095,25146.517,60,1124
2026-02-26 15:00:00,25146.212,25162.977,24818.562,24956.431,60,1136
2026-02-26 16:00:00,24957.128,25041.676,24909.707,24918.267,60,1119
2026-02-26 17:00:00,24918.148,24963.454,24868.24,24890.842,60,1127
2026-02-26 18:00:00,24890.397,24983.604,24845.715,24955.424,60,1120
2026-02-26 19:00:00,24954.261,25052.039,24943.574,25017.245,60,1119
2026-02-26 20:00:00,25016.767,25045.779,24977.295,25035.734,60,1120
2026-02-26 21:00:00,25034.342,25042.969,25011.334,25022.986,15,1121
2026-02-26 23:00:00,24974.886,24994.129,24913.342,24953.611,60,1430
2026-02-27 00:00:00,24951.503,24983.699,24912.503,24943.981,60,1129
2026-02-27 01:00:00,24943.938,24974.894,24928.242,24950.361,60,1126
2026-02-27 02:00:00,24950.264,24990.492,24943.361,24989.188,60,1119
2026-02-27 03:00:00,24989.499,24993.427,24960.677,24982.372,60,1120
2026-02-27 04:00:00,24983.22,24993.629,24969.438,24981.166,60,1135
2026-02-27 05:00:00,24981.069,25017.808,24980.394,24997.133,60,1130
2026-02-27 06:00:00,24997.981,25003.499,24949.405,24988.536,60,1124
2026-02-27 07:00:00,24988.883,25036.35,24988.883,25030.286,60,1125
2026-02-27 08:00:00,25030.622,25045.499,24995.992,25025.069,60,1129
2026-02-27 09:00:00,25024.879,25056.379,24982.22,24987.253,60,1123
2026-02-27 10:00:00,24986.6,25002.286,24924.133,24958.014,60,1137
2026-02-27 11:00:00,24958.275,24969.999,24887.85,24910.35,60,1122
2026-02-27 12:00:00,24911.155,24951.949,24855.6,24878.177,60,1123
2026-02-27 13:00:00,24877.97,24899.808,24753.111,24828.155,60,1303
2026-02-27 14:00:00,24828.688,24896.166,24740.558,24838.058,60,1121
2026-02-27 15:00:00,24834.231,24975.888,24824.111,24941.835,60,1127
2026-02-27 16:00:00,24942.118,24979.46,24889.973,24926.2,60,1122
2026-02-27 17:00:00,24926.755,24992.765,24858.006,24902.529,60,1126
2026-02-27 18:00:00,24902.402,24912.269,24833.313,24860.345,60,1124
2026-02-27 19:00:00,24860.17,24916.789,24832.429,24852.127,60,1119
2026-02-27 20:00:00,24850.833,24980.259,24850.833,24953.838,60,1121
2026-03-02 00:00:00,24701.105,24756.986,24673.997,24746.811,60,1160
2026-03-02 01:00:00,24746.942,24861.449,24733.758,24822.844,60,1123
2026-03-02 02:00:00,24822.92,24834.736,24757.975,24781.019,60,1129
2026-03-02 03:00:00,24781.138,24796.116,24747.811,24751.953,60,1134
2026-03-02 04:00:00,24753.366,24777.638,24701.097,24720.258,60,1159
2026-03-02 05:00:00,24718.725,24729.692,24633.866,24637.258,60,1128
2026-03-02 06:00:00,24637.094,24663.019,24496.825,24550.758,60,1134
2026-03-02 07:00:00,24550.855,24563.3,24491.986,24501.119,60,1246
2026-03-02 08:00:00,24501.814,24551.464,24438.333,24523.703,60,1357
2026-03-02 09:00:00,24523.855,24615.199,24513.116,24589.888,60,1125
2026-03-02 10:00:00,24589.964,24645.329,24586.92,24618.747,60,1151
2026-03-02 11:00:00,24618.083,24689.181,24596.008,24647.072,60,1133
2026-03-02 12:00:00,24650.579,24665.747,24570.247,24590.269,60,1126
2026-03-02 13:00:00,24589.964,24698.997,24556.127,24581.519,60,1161
2026-03-02 14:00:00,24582.258,24858.616,24568.942,24819.064,60,1128
2026-03-02 15:00:00,24808.086,24920.649,24764.388,24887.877,60,2281
2026-03-02 16:00:00,24888.269,25004.938,24814.46,24994.005,60,1122
2026-03-02 17:00:00,24993.961,25036.732,24969.196,25025.418,60,1125
2026-03-02 18:00:00,25025.787,25033.571,24929.924,24933.662,60,1123
2026-03-02 19:00:00,24933.586,25059.122,24927.805,25042.385,60,1124
2026-03-02 20:00:00,25042.45,25050.236,24908.79,24983.108,60,1128
2026-03-02 21:00:00,24982.911,24989.06,24936.69,24958.148,15,1123
2026-03-02 23:00:00,24957.514,24972.697,24908.5,24934.849,60,1846
2026-03-03 00:00:00,24934.936,24945.529,24889.142,24894.011,60,1155
2026-03-03 01:00:00,24894.208,24923.533,24832.675,24836.664,60,1119
2026-03-03 02:00:00,24836.903,24841.903,24769.775,24824.838,60,1125
2026-03-03 03:00:00,24824.653,24846.75,24768.631,24809.653,60,1126
2026-03-03 04:00:00,24809.783,24826.436,24752.242,24774.033,60,1152
2026-03-03 05:00:00,24774.219,24792.522,24714.099,24728.899,60,1121
2026-03-03 06:00:00,24728.588,24762.75,24701.914,24717.305,60,1132
2026-03-03 07:00:00,24717.022,24730.719,24632.283,24639.088,60,1130
2026-03-03 08:00:00,24638.522,24658.197,24469.142,24479.783,60,1127
2026-03-03 09:00:00,24480.12,24545.197,24410.981,24417.503,60,1145
2026-03-03 10:00:00,24418.529,24446.338,24357.761,24415.272,60,2038
2026-03-03 11:00:00,24414.838,24478.899,24333.981,24453.164,60,1205
2026-03-03 12:00:00,24453.149,24569.5,24443.011,24546.197,60,1138
2026-03-03 13:00:00,24546.499,24551.697,24418.403,24460.0,60,2011
2026-03-03 14:00:00,24459.272,24623.719,24420.37,24453.149,60,1132
2026-03-03 15:00:00,24453.458,24519.447,24315.588,24411.062,60,1166
2026-03-03 16:00:00,24409.921,24686.758,24400.789,24634.254,60,1156
2026-03-03 17:00:00,24634.34,24673.74,24565.977,24603.207,60,1126
2026-03-03 18:00:00,24603.944,24794.79,24603.585,24761.887,60,1122
2026-03-03 19:00:00,24762.43,24811.164,24672.255,24749.169,60,1120
2026-03-03 20:00:00,24748.57,24782.735,24681.151,24718.84,60,1128
2026-03-03 21:00:00,24719.09,24719.09,24688.896,24699.849,15,1123
2026-03-03 23:00:00,24676.014,24723.392,24635.294,24666.447,60,3126
2026-03-04 00:00:00,24667.414,24767.099,24640.97,24713.131,60,1451
2026-03-04 01:00:00,24713.066,24736.533,24596.077,24640.577,60,1158
2026-03-04 02:00:00,24642.011,24667.805,24554.149,24601.783,60,1159
2026-03-04 03:00:00,24601.779,24602.827,24490.283,24564.283,60,1122
2026-03-04 04:00:00,24563.686,24609.283,24531.529,24553.279,60,1145
2026-03-04 05:00:00,24552.816,24582.414,24497.12,24539.153,60,1129
2026-03-04 06:00:00,24538.903,24555.349,24464.283,24535.87,60,1123
2026-03-04 07:00:00,24536.219,24642.0,24501.447,24620.697,60,1170
2026-03-04 08:00:00,24622.5,24652.892,24577.149,24610.066,60,1213
2026-03-04 09:00:00,24610.283,24735.649,24586.642,24719.783,60,1314
2026-03-04 10:00:00,24719.12,24830.033,24700.305,24807.279,60,1526
2026-03-04 11:00:00,24807.764,24859.305,24766.555,24771.055,60,1168
2026-03-04 12:00:00,24771.272,24809.066,24685.599,24765.642,60,1173
2026-03-04 13:00:00,24765.12,24890.816,24760.675,24854.642,60,1158
2026-03-04 14:00:00,24854.75,24935.022,24792.881,24883.97,60,1121
2026-03-04 15:00:00,24907.558,25112.033,24857.761,25090.958,60,1292
2026-03-04 16:00:00,25090.686,25133.386,25014.763,25109.471,60,1124
2026-03-04 17:00:00,25109.407,25144.439,25069.636,25133.06,60,1126
2026-03-04 18:00:00,25132.582,25178.652,25104.799,25157.929,60,1133
2026-03-04 19:00:00,25158.179,25181.669,25145.637,25154.989,60,1125
2026-03-04 20:00:00,25154.112,25160.527,25080.167,25087.116,60,1121
2026-03-04 21:00:00,25087.497,25119.287,25057.546,25114.253,15,1139
2026-03-04 23:00:00,25118.981,25155.664,25107.058,25136.827,60,3248
2026-03-05 00:00:00,25136.899,25207.969,25125.764,25173.783,60,1138
2026-03-05 01:00:00,25176.447,25182.899,25009.783,25035.827,60,1128
2026-03-05 02:00:00,25035.87,25090.272,25015.044,25056.653,60,1119
2026-03-05 03:00:00,25055.447,25066.511,24991.153,25014.033,60,1120
2026-03-05 04:00:00,25013.87,25071.761,24997.044,25068.219,60,1126
2026-03-05 05:00:00,25068.649,25069.892,24998.37,25000.088,60,1124
2026-03-05 06:00:00,25000.914,25058.029,24946.37,25057.566,60,1126
2026-03-05 07:00:00,25056.969,25061.631,25007.044,25037.12,60,1141
2026-03-05 08:00:00,25037.149,25041.447,24939.099,25016.066,60,1147
2026-03-05 09:00:00,25016.529,25170.794,25006.969,25078.786,60,1189
2026-03-05 10:00:00,25080.599,25108.653,25054.036,25072.153,60,1196
2026-03-05 11:00:00,25072.414,25116.197,25053.577,25058.75,60,1138
2026-03-05 12:00:00,25058.914,25121.779,25003.186,25035.011,60,1124
2026-03-05 13:00:00,25034.5,25040.761,24947.283,24959.675,60,1207
2026-03-05 14:00:00,24960.208,25153.029,24928.25,25151.816,60,1123
2026-03-05 15:00:00,25151.077,25171.87,24899.536,25048.932,60,1120
2026-03-05 16:00:00,25048.606,25058.709,24916.04,25008.003,60,1121
2026-03-05 17:00:00,25007.861,25087.37,24754.51,24772.248,60,1188
2026-03-05 18:00:00,24771.596,24853.522,24741.453,24782.659,60,1121
2026-03-05 19:00:00,24781.843,24848.753,24760.304,24825.014,60,1129
2026-03-05 20:00:00,24824.851,25022.169,24793.88,25013.764,60,1122
2026-03-05 21:00:00,25014.819,25017.045,24987.546,24997.765,15,1136
2026-03-05 23:00:00,24986.117,25039.767,24970.812,25030.386,60,3589
2026-03-06 00:00:00,25031.125,25067.349,25029.289,25044.331,60,1135
2026-03-06 01:00:00,25044.19,25061.469,25008.451,25037.099,60,1124
2026-03-06 02:00:00,25036.995,25086.469,25030.603,25039.951,60,1121
2026-03-06 03:00:00,25040.245,25085.169,25040.081,25083.625,60,1126
2026-03-06 04:00:00,25083.886,25107.756,25064.278,25079.201,60,1119
2026-03-06 05:00:00,25079.719,25111.539,25076.625,25088.103,60,1122
2026-03-06 06:00:00,25088.289,25105.495,25071.19,25075.853,60,1123
2026-03-06 07:00:00,25076.495,25110.081,25061.614,25095.07,60,1124
2026-03-06 08:00:00,25095.267,25098.349,25003.919,25044.147,60,1128
2026-03-06 09:00:00,25043.94,25051.995,24852.712,24890.375,60,1124
2026-03-06 10:00:00,24893.099,24950.017,24888.79,24918.017,60,1369
2026-03-06 11:00:00,24917.842,24932.719,24806.842,24827.349,60,1213
2026-03-06 12:00:00,24827.969,24854.719,24775.984,24805.969,60,1124
2026-03-06 13:00:00,24805.82,24846.897,24589.114,24616.07,60,2893
2026-03-06 14:00:00,24613.386,24711.581,24582.886,24661.843,60,1150
2026-03-06 15:00:00,24662.43,24864.958,24637.631,24831.28,60,1148
2026-03-06 16:00:00,24830.672,24886.986,24764.901,24852.509,60,1124
2026-03-06 17:00:00,24851.932,24892.329,24716.922,24756.474,60,1123
2026-03-06 18:00:00,24756.18,24868.552,24751.385,24770.941,60,1120
2026-03-06 19:00:00,24771.159,24823.315,24744.552,24778.756,60,1126
2026-03-06 20:00:00,24778.626,24822.888,24577.085,24639.526,60,1122
2026-03-06 21:00:00,24639.124,24649.395,24596.94,24628.888,15,1123
2026-03-09 00:00:00,24188.12,24212.088,24065.97,24091.779,60,1144
2026-03-09 01:00:00,24091.794,24111.149,23978.805,23981.522,60,1184
2026-03-09 02:00:00,23981.838,24076.099,23973.761,24057.969,60,1149
2026-03-09 03:00:00,24058.055,24105.305,24051.088,24066.697,60,1124
2026-03-09 04:00:00,24067.403,24107.529,24065.469,24074.544,60,1123
2026-03-09 05:00:00,24074.697,24231.599,24059.642,24231.511,60,1135
2026-03-09 06:00:00,24229.447,24289.529,24200.142,24218.522,60,1130
2026-03-09 07:00:00,24218.414,24287.153,24184.055,24250.142,60,1149
2026-03-09 08:00:00,24250.392,24310.533,24207.022,24286.349,60,1252
2026-03-09 09:00:00,24286.577,24468.392,24257.881,24394.099,60,1137
2026-03-09 10:00:00,24394.12,24407.686,24321.033,24344.197,60,1141
2026-03-09 11:00:00,24343.849,24396.25,24323.783,24357.279,60,1144
2026-03-09 12:00:00,24357.392,24432.899,24324.153,24353.327,60,1134
2026-03-09 13:00:00,24353.0,24493.522,24287.055,24344.522,60,1130
2026-03-09 14:00:00,24338.805,24556.892,24297.587,24521.765,58,1138
2026-03-09 15:00:00,24521.619,24630.164,24521.619,24614.763,60,1129
2026-03-09 16:00:00,24615.307,24719.919,24604.007,24680.01,60,1127
2026-03-09 17:00:00,24680.293,24682.598,24546.881,24582.457,60,1124
2026-03-09 18:00:00,24582.271,24677.469,24580.293,24625.358,60,1120
2026-03-09 19:00:00,24625.52,25022.429,24612.244,24960.052,59,1134
2026-03-09 20:00:00,24960.835,24993.327,24902.91,24931.555,15,1135
2026-03-09 22:00:00,24948.788,24948.788,24844.192,24879.82,60,3561
2026-03-09 23:00:00,24880.103,24905.277,24831.255,24854.364,60,1194
2026-03-10 00:00:00,24850.603,24942.494,24805.549,24907.505,60,1144
2026-03-10 01:00:00,24907.114,24970.729,24898.353,24960.527,60,1127
2026-03-10 02:00:00,24960.599,24971.549,24879.527,24899.233,60,1125
2026-03-10 03:00:00,24899.461,24933.729,24827.016,24859.897,60,1120
2026-03-10 04:00:00,24860.005,24891.603,24835.669,24876.722,60,1132
2026-03-10 05:00:00,24875.788,24934.549,24875.788,24929.581,60,1122
2026-03-10 06:00:00,24930.081,24955.114,24913.919,24926.349,60,1133
2026-03-10 07:00:00,24926.211,25049.038,24912.614,25046.016,60,1130
2026-03-10 08:00:00,25045.853,25119.027,25036.136,25059.299,60,1135
2026-03-10 09:00:00,25059.386,25107.103,25053.831,25062.799,60,1125
2026-03-10 10:00:00,25063.2,25068.07,24993.777,25039.136,60,1132
2026-03-10 11:00:00,25038.82,25078.038,24931.331,24943.722,60,1145
2026-03-10 12:00:00,24943.842,24971.82,24865.331,24941.766,60,1125
2026-03-10 13:00:00,24941.038,25053.599,24920.494,24935.442,54,1120
2026-03-10 14:00:00,24938.508,25123.306,24868.147,25122.784,60,1206
2026-03-10 15:00:00,25122.414,25152.774,25081.838,25120.284,60,1119
2026-03-10 16:00:00,25121.078,25140.3,25051.96,25127.295,60,1119
2026-03-10 17:00:00,25127.023,25188.771,25075.013,25142.014,60,1120
2026-03-10 18:00:00,25142.253,25153.167,24960.949,25002.171,60,1140
2026-03-10 19:00:00,25002.062,25045.233,24913.369,24957.592,60,1125
2026-03-10 20:00:00,24958.219,25010.567,24957.875,25005.544,15,1136
2026-03-10 22:00:00,24985.553,24993.449,24927.061,24945.627,60,3140
2026-03-10 23:00:00,24944.866,25000.388,24939.072,24991.616,60,1131
2026-03-11 00:00:00,24994.931,25060.811,24985.953,25036.725,60,1128
2026-03-11 01:00:00,25036.844,25072.877,25026.627,25066.55,60,1121
2026-03-11 02:00:00,25066.344,25076.42,25049.464,25069.486,60,1124
2026-03-11 03:00:00,25069.627,25098.55,25061.681,25094.105,60,1137
2026-03-11 04:00:00,25094.594,25097.199,25062.061,25066.464,60,1121
2026-03-11 05:00:00,25066.649,25070.638,25000.888,25005.449,60,1121
2026-03-11 06:00:00,25004.583,25028.344,24983.355,25015.986,60,1121
2026-03-11 07:00:00,25014.431,25022.311,24922.986,24981.203,60,1131
2026-03-11 08:00:00,24980.55,25012.649,24909.399,24941.269,60,1127
2026-03-11 09:00:00,24941.116,24945.888,24874.964,24877.725,60,1287
2026-03-11 10:00:00,24878.877,24999.747,24870.877,24993.877,60,1135
2026-03-11 11:00:00,24992.975,25018.519,24913.192,24921.681,60,1124
2026-03-11 12:00:00,24921.8,24991.325,24885.105,24920.442,60,1748
2026-03-11 13:00:00,24926.17,25090.333,24922.769,25075.888,60,1120
2026-03-11 14:00:00,25076.061,25107.699,24934.453,25040.844,57,1127
2026-03-11 15:00:00,25040.594,25065.199,24866.575,24909.8,60,1125
2026-03-11 16:00:00,24909.822,24986.328,24874.105,24983.09,60,1120
2026-03-11 17:00:00,24982.242,25000.078,24850.829,24927.581,60,1121
2026-03-11 18:00:00,24925.538,24952.278,24866.998,24933.362,60,1128
2026-03-11 19:00:00,24933.59,24981.561,24889.36,24959.345,60,1123
2026-03-11 20:00:00,24959.181,24966.709,24923.013,24939.74,15,1121
2026-03-11 22:00:00,24923.319,24923.319,24796.272,24828.947,60,1917
2026-03-11 23:00:00,24828.805,24832.664,24713.055,24767.544,60,1137
2026-03-12 00:00:00,24767.37,24784.055,24720.327,24770.283,60,1125
2026-03-12 01:00:00,24771.088,24821.219,24749.779,24768.805,60,1120
2026-03-12 02:00:00,24768.958,24775.044,24683.779,24709.142,60,1133
2026-03-12 03:00:00,24709.261,24737.899,24676.458,24709.12,60,1125
2026-03-12 04:00:00,24708.892,24730.283,24689.088,24697.969,60,1126
2026-03-12 05:00:00,24697.642,24757.044,24696.936,24750.642,60,1120
2026-03-12 06:00:00,24750.772,24792.87,24726.011,24788.708,60,1144
2026-03-12 07:00:00,24788.533,24851.511,24787.033,24850.761,60,1123
2026-03-12 08:00:00,24851.436,24881.149,24816.447,24856.969,60,1131
2026-03-12 09:00:00,24857.197,24900.533,24793.131,24897.055,60,1120
2026-03-12 10:00:00,24896.533,24906.392,24854.87,24863.892,60,1120
2026-03-12 11:00:00,24863.544,24907.649,24832.283,24836.75,60,1121
2026-03-12 12:00:00,24837.011,24841.779,24781.305,24813.219,60,1175
2026-03-12 13:00:00,24813.392,24832.279,24612.316,24637.816,60,1126
2026-03-12 14:00:00,24638.12,24727.469,24553.992,24601.204,60,1137
2026-03-12 15:00:00,24600.857,24689.446,24541.929,24644.706,60,1169
2026-03-12 16:00:00,24645.065,24714.132,24570.773,24642.719,60,1123
2026-03-12 17:00:00,24642.534,24703.547,24564.966,24603.521,60,1133
2026-03-12 18:00:00,24604.445,24649.387,24574.271,24578.729,60,1120
2026-03-12 19:00:00,24578.114,24620.252,24520.78,24533.286,60,1120
2026-03-12 20:00:00,24532.884,24551.602,24495.095,24509.955,15,1127
2026-03-12 22:00:00,24560.749,24584.599,24523.319,24570.033,60,3308
2026-03-12 23:00:00,24569.761,24596.899,24510.349,24512.077,60,1132
2026-03-13 00:00:00,24511.914,24625.399,24476.708,24609.197,60,1127
2026-03-13 01:00:00,24609.403,24644.436,24602.469,24613.261,60,1135
2026-03-13 02:00:00,24613.142,24634.294,24582.816,24587.62,60,1130
2026-03-13 03:00:00,24587.403,24612.642,24565.697,24608.066,60,1125
2026-03-13 04:00:00,24608.399,24610.947,24547.283,24558.827,60,1135
2026-03-13 05:00:00,24559.349,24582.511,24537.186,24569.066,60,1122
2026-03-13 06:00:00,24568.892,24578.794,24460.327,24463.708,60,1120
2026-03-13 07:00:00,24463.349,24470.914,24393.772,24431.588,60,1125
2026-03-13 08:00:00,24431.719,24507.149,24380.775,24496.403,60,1171
2026-03-13 09:00:00,24497.469,24558.0,24494.029,24513.925,60,1187
2026-03-13 10:00:00,24514.936,24606.077,24509.077,24600.794,60,1146
2026-03-13 11:00:00,24600.925,24648.425,24585.838,24646.077,60,1156
2026-03-13 12:00:00,24645.903,24717.261,24613.816,24665.033,60,1190
2026-03-13 13:00:00,24664.958,24788.327,24594.925,24709.742,60,1122
2026-03-13 14:00:00,24709.275,24747.577,24465.925,24472.719,60,1310
2026-03-13 15:00:00,24473.642,24552.708,24377.159,24392.716,59,1148
2026-03-13 16:00:00,24392.9,24471.666,24371.875,24380.833,60,1121
2026-03-13 17:00:00,24381.007,24457.532,24337.927,24358.221,60,1125
2026-03-13 18:00:00,24358.396,24455.083,24352.549,24431.452,60,1120
2026-03-13 19:00:00,24431.246,24432.072,24334.587,24378.609,60,1118
2026-03-13 20:00:00,24378.054,24382.849,24343.277,24346.755,15,1125
2026-03-16 00:00:00,24425.838,24510.925,24422.903,24496.164,60,1742
2026-03-16 01:00:00,24496.779,24509.631,24454.481,24501.279,60,1716
2026-03-16 02:00:00,24500.925,24503.708,24460.62,24474.794,60,1607
2026-03-16 03:00:00,24475.077,24525.0,24473.742,24517.338,60,1910
2026-03-16 04:00:00,24517.469,24534.75,24492.208,24492.794,60,1146
2026-03-16 05:00:00,24492.664,24547.279,24492.308,24545.522,60,1182
2026-03-16 06:00:00,24543.631,24551.686,24522.599,24550.653,60,1213
2026-03-16 07:00:00,24550.805,24569.149,24490.058,24499.599,60,1170
2026-03-16 08:00:00,24499.675,24555.208,24483.514,24514.631,60,1479
2026-03-16 09:00:00,24514.892,24521.75,24464.022,24477.925,60,1702
2026-03-16 10:00:00,24478.197,24599.5,24472.992,24590.272,60,1331
2026-03-16 11:00:00,24590.033,24622.029,24562.642,24611.708,60,1575
2026-03-16 12:00:00,24611.761,24674.279,24610.664,24643.447,60,1398
2026-03-16 13:00:00,24643.838,24726.697,24609.164,24722.022,60,1121
2026-03-16 14:00:00,24722.149,24746.872,24605.133,24677.205,60,1131
2026-03-16 15:00:00,24678.031,24722.41,24631.44,24659.509,60,1125
2026-03-16 16:00:00,24659.551,24687.351,24601.603,24657.886,60,1126
2026-03-16 17:00:00,24658.908,24705.319,24636.022,24665.418,60,1231
2026-03-16 18:00:00,24665.211,24716.229,24660.7,24686.559,60,1130
2026-03-16 19:00:00,24686.989,24796.616,24619.708,24650.44,60,1145
2026-03-16 20:00:00,24650.969,24667.709,24633.733,24663.015,15,1120
2026-03-16 22:00:00,24645.719,24650.414,24608.403,24612.436,60,4273
2026-03-16 23:00:00,24612.425,24655.814,24610.164,24654.219,60,2267
2026-03-17 00:00:00,24653.881,24655.799,24579.153,24589.042,60,2105
2026-03-17 01:00:00,24589.679,24622.799,24585.197,24610.966,60,1233
2026-03-17 02:00:00,24611.075,24614.179,24562.466,24567.608,60,1483
2026-03-17 03:00:00,24567.466,24586.549,24555.653,24567.27,60,1727
2026-03-17 04:00:00,24566.369,24624.119,24564.436,24612.358,60,1296
2026-03-17 05:00:00,24612.477,24629.549,24530.369,24532.619,60,1494
2026-03-17 06:00:00,24532.825,24551.049,24506.12,24531.292,60,1370
2026-03-17 07:00:00,24530.869,24591.899,24514.27,24545.275,60,1225
2026-03-17 08:00:00,24545.319,24583.653,24514.283,24543.936,60,1550
2026-03-17 09:00:00,24543.544,24624.099,24543.544,24617.253,60,1323
2026-03-17 10:00:00,24617.458,24617.816,24567.783,24605.899,60,1325
2026-03-17 11:00:00,24604.044,24630.958,24583.014,24584.808,60,2164
2026-03-17 12:00:00,24584.514,24711.794,24584.514,24704.219,60,2437
2026-03-17 13:00:00,24704.392,24882.37,24701.231,24859.199,60,2282
2026-03-17 14:00:00,24861.938,24861.938,24766.231,24844.257,60,1377
2026-03-17 15:00:00,24844.579,24856.686,24721.822,24759.584,60,1127
2026-03-17 16:00:00,24759.681,24794.789,24717.079,24764.686,60,1124
2026-03-17 17:00:00,24764.555,24812.269,24763.565,24803.846,60,1118
2026-03-17 18:00:00,24803.704,24826.474,24760.307,24771.943,60,1125
2026-03-17 19:00:00,24772.443,24795.264,24750.743,24778.093,60,1121
2026-03-17 20:00:00,24778.616,24797.086,24772.914,24795.301,15,1121
2026-03-17 22:00:00,24793.47,24796.058,24761.208,24777.033,60,1402
2026-03-17 23:00:00,24776.936,24794.338,24765.75,24775.011,60,1123
2026-03-18 00:00:00,24770.914,24852.5,24768.447,24849.316,60,1121
2026-03-18 01:00:00,24849.599,24868.425,24849.599,24867.149,60,1127
2026-03-18 02:00:00,24866.838,24900.149,24864.827,24888.5,60,1134
2026-03-18 03:00:00,24888.305,24914.349,24878.131,24907.0,60,1133
2026-03-18 04:00:00,24906.686,24918.75,24901.283,24909.903,60,1119
2026-03-18 05:00:00,24910.12,24940.899,24905.936,24939.066,60,1122
2026-03-18 06:00:00,24938.522,24981.099,24936.827,24952.208,60,1119
2026-03-18 07:00:00,24952.327,24958.533,24929.153,24932.149,60,1119
2026-03-18 08:00:00,24931.816,24956.149,24924.033,24942.077,60,1120
2026-03-18 09:00:00,24941.761,24961.149,24929.044,24939.664,60,1128
2026-03-18 10:00:00,24939.566,24968.066,24928.731,24931.261,60,1134
2026-03-18 11:00:00,24931.783,24947.338,24868.175,24882.599,60,1121
2026-03-18 12:00:00,24883.055,24888.779,24640.903,24651.349,60,1485
2026-03-18 13:00:00,24649.186,24768.219,24634.5,24738.797,60,1119
2026-03-18 14:00:00,24739.764,24755.229,24587.113,24656.609,60,1246
2026-03-18 15:00:00,24656.326,24704.279,24634.794,24672.859,60,1126
2026-03-18 16:00:00,24672.352,24684.154,24604.277,24618.285,60,1124
2026-03-18 17:00:00,24618.73,24656.795,24569.35,24653.076,60,1123
2026-03-18 18:00:00,24653.304,24688.347,24514.962,24517.224,60,1420
2026-03-18 19:00:00,24517.05,24574.147,24416.925,24426.856,60,1123
2026-03-18 20:00:00,24426.247,24455.569,24392.74,24399.052,15,1134
2026-03-18 22:00:00,24402.764,24405.036,24341.022,24372.033,60,1735
2026-03-18 23:00:00,24372.316,24422.338,24370.772,24395.392,60,1125
2026-03-19 00:00:00,24395.12,24421.838,24365.588,24397.881,60,1133
2026-03-19 01:00:00,24397.772,24448.566,24383.511,24418.294,60,1118
2026-03-19 02:00:00,24418.399,24503.719,24379.099,24473.969,60,1131
2026-03-19 03:00:00,24474.208,24493.447,24441.783,24442.436,60,1125
2026-03-19 04:00:00,24442.349,24442.37,24388.708,24408.066,60,1122
2026-03-19 05:00:00,24408.958,24426.077,24355.153,24373.903,60,1120
2026-03-19 06:00:00,24374.186,24417.522,24352.599,24384.099,60,1120
2026-03-19 07:00:00,24383.969,24405.197,24322.25,24335.522,60,1127
2026-03-19 08:00:00,24336.099,24371.783,24284.12,24324.088,60,1127
2026-03-19 09:00:00,24324.399,24429.0,24281.142,24407.577,60,1131
2026-03-19 10:00:00,24405.631,24407.197,24351.0,24370.675,60,1120
2026-03-19 11:00:00,24370.566,24392.849,24288.599,24326.958,60,1128
2026-03-19 12:00:00,24324.797,24335.827,24201.958,24225.033,60,1242
2026-03-19 13:00:00,24225.186,24298.914,24106.175,24280.569,60,1133
2026-03-19 14:00:00,24280.749,24326.533,24188.94,24270.558,60,1230
2026-03-19 15:00:00,24270.667,24358.239,24181.101,24255.811,60,1123
2026-03-19 16:00:00,24256.639,24302.922,24206.066,24237.083,60,1122
2026-03-19 17:00:00,24236.582,24262.478,24162.232,24234.657,60,1121
2026-03-19 18:00:00,24233.841,24303.334,24200.922,24290.087,60,1123
2026-03-19 19:00:00,24289.76,24470.271,24287.161,24352.325,60,1124
2026-03-19 20:00:00,24351.9,24391.752,24340.691,24388.878,15,1124
2026-03-19 22:00:00,24430.719,24440.153,24386.808,24418.447,60,1934
2026-03-19 23:00:00,24416.925,24441.077,24387.892,24402.279,60,1140
2026-03-20 00:00:00,24402.649,24424.664,24365.011,24380.783,60,1131
2026-03-20 01:00:00,24381.219,24442.772,24374.772,24400.12,60,1121
2026-03-20 02:00:00,24403.099,24424.327,24393.936,24403.011,60,1123
2026-03-20 03:00:00,24402.838,24410.958,24380.283,24393.055,60,1126
2026-03-20 04:00:00,24393.529,24404.849,24367.414,24368.414,60,1121
2026-03-20 05:00:00,24368.522,24385.279,24341.947,24375.044,60,1118
2026-03-20 06:00:00,24374.903,24386.649,24302.0,24311.675,60,1119
2026-03-20 07:00:00,24309.5,24389.066,24265.131,24375.936,60,1129
2026-03-20 08:00:00,24375.664,24397.779,24336.044,24341.349,60,1120
2026-03-20 09:00:00,24341.761,24367.631,24191.044,24214.099,60,1122
2026-03-20 10:00:00,24214.588,24222.033,24102.283,24188.925,60,1124
2026-03-20 11:00:00,24189.208,24250.392,24184.055,24226.649,60,1120
2026-03-20 12:00:00,24226.349,24283.642,24208.708,24278.947,60,1126
2026-03-20 13:00:00,24279.055,24309.719,24062.653,24068.649,60,1124
2026-03-20 14:00:00,24067.719,24113.219,24019.186,24059.872,60,1126
2026-03-20 15:00:00,24059.317,24117.191,24026.383,24100.958,60,1127
2026-03-20 16:00:00,24101.219,24144.182,24024.119,24059.959,60,1129
2026-03-20 17:00:00,24060.427,24079.709,23956.259,24000.349,60,1123
2026-03-20 18:00:00,24000.472,24009.817,23860.579,23880.545,60,1124
2026-03-20 19:00:00,23881.139,23904.286,23758.867,23898.311,60,1124
2026-03-20 20:00:00,23899.954,23937.89,23883.449,23931.653,15,1125
2026-03-23 00:00:00,23793.588,23877.088,23728.25,23737.272,60,1122
2026-03-23 01:00:00,23736.903,23860.186,23724.5,23831.25,60,1131
2026-03-23 02:00:00,23831.522,23855.5,23777.261,23796.631,60,1129
2026-03-23 03:00:00,23796.914,23814.197,23737.425,23741.055,60,1121
2026-03-23 04:00:00,23740.925,23791.164,23733.283,23784.399,60,1126
2026-03-23 05:00:00,23784.0,23820.838,23722.149,23761.077,60,1119
2026-03-23 06:00:00,23760.87,23763.653,23614.469,23643.164,60,1127
2026-03-23 07:00:00,23642.066,23701.197,23561.033,23629.958,60,1197
2026-03-23 08:00:00,23629.12,23742.642,23629.12,23719.219,60,1143
2026-03-23 09:00:00,23719.37,23758.37,23632.686,23670.414,60,1136
2026-03-23 10:00:00,23670.664,23716.305,23603.197,23667.779,60,1126
2026-03-23 11:00:00,23668.783,24488.521,23663.947,24177.453,48,6433
2026-03-23 12:00:00,24177.932,24408.597,24133.098,24396.964,60,6427
2026-03-23 13:00:00,24397.742,24431.464,24222.242,24382.153,60,3443
2026-03-23 14:00:00,24381.965,24465.953,24310.253,24388.154,60,1432
2026-03-23 15:00:00,24388.408,24465.42,24151.798,24161.664,60,1435
2026-03-23 16:00:00,24162.22,24246.786,24091.108,24151.289,60,1432
2026-03-23 17:00:00,24151.02,24254.799,24093.997,24250.498,60,1427
2026-03-23 18:00:00,24251.609,24318.819,24200.443,24296.919,60,1429
2026-03-23 19:00:00,24295.031,24299.597,24183.253,24195.443,60,1433
2026-03-23 20:00:00,24195.497,24201.489,24141.021,24193.875,15,1430
2026-03-23 22:00:00,24192.308,24272.253,24161.932,24265.253,60,3443
2026-03-23 23:00:00,24265.353,24265.52,24210.765,24239.531,60,3436
2026-03-24 00:00:00,24239.319,24241.076,24051.942,24107.321,60,3432
2026-03-24 01:00:00,24108.419,24109.253,24015.997,24046.509,60,3439
2026-03-24 02:00:00,24046.986,24076.799,24006.275,24032.475,60,3432
2026-03-24 03:00:00,24032.419,24065.086,24014.321,24059.41,60,3433
2026-03-24 04:00:00,24059.319,24086.231,24024.287,24040.965,60,3437
2026-03-24 05:00:00,24040.476,24087.854,23976.887,24045.299,60,3431
2026-03-24 06:00:00,24045.386,24178.754,24042.832,24160.409,60,3429
2026-03-24 07:00:00,24159.387,24289.599,24154.565,24249.798,60,3431
2026-03-24 08:00:00,24250.531,24273.987,24147.022,24163.12,60,3424
2026-03-24 09:00:00,24163.414,24215.219,24090.5,24206.088,60,1663
2026-03-24 10:00:00,24206.283,24219.588,24154.088,24190.47,60,1231
2026-03-24 11:00:00,24191.827,24209.044,24082.414,24168.719,60,1204
2026-03-24 12:00:00,24168.892,24181.947,24050.892,24065.077,60,1124
2026-03-24 13:00:00,24065.327,24101.914,23920.447,24001.022,60,1130
2026-03-24 14:00:00,24000.381,24075.988,23965.501,24015.994,54,1150
2026-03-24 15:00:00,24024.53,24173.375,24024.53,24083.697,58,1435
2026-03-24 16:00:00,24084.565,24134.854,24032.01,24068.854,60,1430
2026-03-24 17:00:00,24068.808,24082.531,23951.243,24032.332,60,1430
2026-03-24 18:00:00,24032.521,24137.832,23999.698,24065.697,60,1432
2026-03-24 19:00:00,24065.532,24107.599,23979.243,24006.289,60,1438
2026-03-24 20:00:00,24009.565,24026.609,24002.554,24025.076,15,1441
2026-03-24 22:00:00,24227.864,24246.32,24170.709,24216.153,60,3437
2026-03-24 23:00:00,24216.021,24231.776,24191.842,24202.209,60,3430
2026-03-25 00:00:00,24202.397,24282.632,24173.299,24238.253,60,3427
2026-03-25 01:00:00,24238.098,24257.308,24182.12,24185.32,60,3435
2026-03-25 02:00:00,24185.589,24189.709,24123.589,24126.599,60,3429
2026-03-25 03:00:00,24126.309,24178.265,24110.131,24170.119,60,3434
2026-03-25 04:00:00,24169.787,24209.989,24165.132,24208.021,60,3431
2026-03-25 05:00:00,24208.143,24218.154,24163.142,24171.054,60,3434
2026-03-25 06:00:00,24170.343,24178.989,24114.264,24166.82,60,3431
2026-03-25 07:00:00,24166.321,24208.819,24141.631,24197.254,60,3438
2026-03-25 08:00:00,24197.353,24323.376,24197.353,24228.887,60,3441
2026-03-25 09:00:00,24229.165,24270.175,24201.876,24243.365,60,3429
2026-03-25 10:00:00,24243.308,24276.631,24216.032,24236.842,60,3434
2026-03-25 11:00:00,24237.175,24311.389,24231.608,24284.287,60,3435
2026-03-25 12:00:00,24284.631,24328.887,24162.786,24237.686,60,3432
2026-03-25 13:00:00,24238.319,24315.589,24150.319,24156.589,60,3431
2026-03-25 14:00:00,24157.509,24307.889,24118.309,24271.208,60,1430
2026-03-25 15:00:00,24272.189,24281.199,24075.189,24165.21,60,1438
2026-03-25 16:00:00,24165.275,24236.753,24118.765,24209.097,60,1441
2026-03-25 17:00:00,24208.676,24280.153,24165.654,24213.275,60,1432
2026-03-25 18:00:00,24213.142,24238.475,24111.142,24142.742,60,1437
2026-03-25 19:00:00,24141.954,24179.91,24099.076,24161.143,60,1431
2026-03-25 20:00:00,24161.264,24180.076,24154.931,24159.953,15,1432
2026-03-25 22:00:00,24141.521,24150.553,24098.208,24102.642,60,3429
2026-03-25 23:00:00,24102.587,24120.643,24072.732,24111.287,60,3434
2026-03-26 00:00:00,24113.098,24198.499,24106.787,24143.709,60,3435
2026-03-26 01:00:00,24144.476,24170.289,24119.598,24150.008,60,3432
2026-03-26 02:00:00,24149.775,24167.108,24039.075,24073.208,60,3429
2026-03-26 03:00:00,24071.798,24209.231,24070.987,24168.299,60,3436
2026-03-26 04:00:00,24168.719,24173.389,24106.454,24113.465,60,3435
2026-03-26 05:00:00,24114.319,24128.899,24039.753,24043.62,60,3428
2026-03-26 06:00:00,24044.198,24083.686,24021.319,24078.643,60,3431
2026-03-26 07:00:00,24078.91,24086.309,23991.575,24051.047,60,3443
2026-03-26 08:00:00,24053.186,24078.899,23945.025,23986.219,60,1179
2026-03-26 09:00:00,23985.708,23987.903,23901.414,23947.577,60,1264
2026-03-26 10:00:00,23947.816,23994.349,23925.036,23969.522,60,1142
2026-03-26 11:00:00,23969.469,23980.794,23891.631,23894.75,60,1125
2026-03-26 12:00:00,23894.392,23940.077,23867.772,23910.544,60,1176
2026-03-26 13:00:00,23910.099,24025.131,23859.055,24009.088,60,1125
2026-03-26 14:00:00,24008.316,24028.838,23828.295,23898.275,59,1130
2026-03-26 15:00:00,23898.394,23924.679,23848.387,23889.785,60,1125
2026-03-26 16:00:00,23890.003,23898.289,23767.954,23794.887,60,1123
2026-03-26 17:00:00,23795.213,23814.533,23651.061,23660.214,60,1120
2026-03-26 18:00:00,23660.04,23699.457,23645.711,23683.087,60,1121
2026-03-26 19:00:00,23684.403,23686.714,23576.83,23588.042,60,1123
2026-03-26 20:00:00,23588.347,23732.824,23564.318,23699.969,14,3522
2026-03-26 22:00:00,23659.975,23695.094,23634.292,23675.92,60,2765
2026-03-26 23:00:00,23674.811,23697.829,23648.105,23682.888,60,1179
2026-03-27 00:00:00,23683.714,23712.866,23612.953,23624.181,60,1140
2026-03-27 01:00:00,23623.8,23680.769,23612.638,23678.116,60,1122
2026-03-27 02:00:00,23678.214,23691.949,23651.269,23660.236,60,1119
2026-03-27 03:00:00,23660.116,23704.083,23645.55,23701.769,60,1127
2026-03-27 04:00:00,23701.844,23726.725,23688.214,23722.561,60,1121
2026-03-27 05:00:00,23722.703,23781.322,23721.17,23733.127,60,1120
2026-03-27 06:00:00,23733.17,23761.079,23701.692,23711.649,60,1119
2026-03-27 07:00:00,23712.649,23712.649,23660.692,23677.747,60,1118
2026-03-27 08:00:00,23677.975,23693.061,23577.572,23584.453,60,1130
2026-03-27 09:00:00,23585.061,23618.92,23516.072,23545.138,60,1126
2026-03-27 10:00:00,23545.199,23572.822,23438.822,23455.486,60,1133
2026-03-27 11:00:00,23456.829,23495.269,23418.866,23469.811,60,1123
2026-03-27 12:00:00,23469.975,23473.311,23403.833,23419.964,60,1120
2026-03-27 13:00:00,23421.692,23469.329,23278.736,23285.097,60,1129
2026-03-27 14:00:00,23286.597,23367.449,23251.997,23321.333,60,1518
2026-03-27 15:00:00,23321.138,23421.018,23272.422,23363.059,59,1121
2026-03-27 16:00:00,23362.749,23369.809,23259.564,23288.457,60,1123
2026-03-27 17:00:00,23288.338,23307.73,23160.609,23174.304,60,1124
2026-03-27 18:00:00,23174.468,23205.989,23141.929,23154.134,60,1125
2026-03-27 19:00:00,23154.265,23175.299,23086.218,23124.925,60,1124
2026-03-27 20:00:00,23125.011,23138.14,23091.963,23096.806,15,1125
2026-03-30 00:00:00,22946.077,23081.414,22913.5,22969.305,60,1561
2026-03-30 01:00:00,22969.544,23028.149,22954.783,23020.469,60,1126
2026-03-30 02:00:00,23020.055,23092.969,23014.253,23071.381,60,1158
2026-03-30 03:00:00,23071.099,23124.761,23069.631,23114.37,60,1134
2026-03-30 04:00:00,23115.149,23174.577,23107.044,23139.686,60,1121
2026-03-30 05:00:00,23139.5,23178.783,23138.403,23164.805,60,1140
2026-03-30 06:00:00,23164.653,23233.947,23156.414,23208.783,60,1124
2026-03-30 07:00:00,23209.305,23232.566,23178.783,23216.838,60,1119
2026-03-30 08:00:00,23216.25,23268.555,23192.708,23262.011,60,1166
2026-03-30 09:00:00,23262.947,23268.425,23209.0,23222.305,60,1140
2026-03-30 10:00:00,23222.664,23235.529,23192.761,23230.436,60,1128
2026-03-30 11:00:00,23230.642,23336.058,23225.914,23277.969,60,3084
2026-03-30 12:00:00,23279.719,23342.099,23257.261,23324.881,60,1131
2026-03-30 13:00:00,23325.055,23356.131,23111.544,23120.849,60,1128
2026-03-30 14:00:00,23121.077,23198.779,23080.042,23192.904,60,1119
2026-03-30 15:00:00,23192.709,23249.431,23098.539,23188.921,60,1118
2026-03-30 16:00:00,23189.063,23194.759,23083.164,23102.71,60,1120
2026-03-30 17:00:00,23102.679,23119.958,22985.309,23026.068,60,1122
2026-03-30 18:00:00,23025.621,23027.439,22930.702,22936.26,60,1121
2026-03-30 19:00:00,22935.891,22980.506,22841.095,22952.202,60,1122
2026-03-30 20:00:00,22951.469,22959.895,22907.751,22910.547,15,1140
2026-03-30 22:00:00,22926.72,22964.686,22917.272,22918.599,60,2082
2026-03-30 23:00:00,22918.414,22918.414,22841.969,22863.077,60,1127
2026-03-31 00:00:00,22863.447,23101.62,22780.544,23019.131,60,1125
2026-03-31 01:00:00,23019.555,23215.044,22978.37,23157.642,60,1158
2026-03-31 02:00:00,23157.533,23221.099,23140.816,23163.653,60,1121
2026-03-31 03:00:00,23163.555,23215.349,23130.392,23136.969,60,1136
2026-03-31 04:00:00,23136.664,23160.208,23095.881,23101.675,60,1131
2026-03-31 05:00:00,23101.577,23156.649,23052.272,23127.881,60,1118
2026-03-31 06:00:00,23128.088,23136.62,23083.697,23110.469,60,1154
2026-03-31 07:00:00,23109.62,23189.208,23056.219,23187.838,60,1125
2026-03-31 08:00:00,23187.022,23208.197,23112.316,23130.827,60,1123
2026-03-31 09:00:00,23131.149,23169.0,23111.914,23124.044,60,1176
2026-03-31 10:00:00,23123.947,23150.149,23056.12,23102.381,60,1129
2026-03-31 11:00:00,23103.279,23203.088,23081.469,23177.425,60,1202
2026-03-31 12:00:00,23183.5,23253.447,23129.881,23187.261,60,1748
2026-03-31 13:00:00,23189.077,23389.958,23175.849,23383.286,60,1123
2026-03-31 14:00:00,23385.22,23404.522,23195.474,23226.469,60,1288
2026-03-31 15:00:00,23233.284,23374.014,23227.507,23262.883,60,1121
2026-03-31 16:00:00,23262.525,23644.568,23253.47,23588.419,60,1123
2026-03-31 17:00:00,23588.39,23689.738,23562.953,23575.555,60,1127
2026-03-31 18:00:00,23575.457,23686.239,23574.598,23671.658,60,1125
2026-03-31 19:00:00,23671.979,23789.548,23650.583,23731.049,60,1119
2026-03-31 20:00:00,23729.896,23751.688,23688.441,23744.399,15,1142
2026-03-31 22:00:00,23714.044,23792.944,23700.338,23778.629,60,2805
2026-03-31 23:00:00,23777.705,23865.302,23763.052,23857.059,60,1120
2026-04-01 00:00:00,23856.716,23867.291,23812.194,23855.65,60,1125
2026-04-01 01:00:00,23855.846,23861.824,23786.999,23797.302,60,1152
2026-04-01 02:00:00,23797.607,23815.559,23776.118,23786.552,60,1119
2026-04-01 03:00:00,23786.835,23812.433,23784.249,23801.857,60,1131
2026-04-01 04:00:00,23801.683,23841.813,23798.65,23832.357,60,1120
2026-04-01 05:00:00,23833.78,23892.868,23827.03,23860.596,60,1117
2026-04-01 06:00:00,23860.444,23996.716,23858.738,23988.541,60,1119
2026-04-01 07:00:00,23988.846,24000.672,23895.857,23897.835,60,1123
2026-04-01 08:00:00,23897.727,23926.499,23849.533,23890.672,60,1125
2026-04-01 09:00:00,23890.791,23910.661,23823.661,23888.977,60,1160
2026-04-01 10:00:00,23889.309,23959.059,23870.455,23947.249,60,1171
2026-04-01 11:00:00,23947.357,24025.052,23942.683,24010.107,60,1125
2026-04-01 12:00:00,24009.929,24013.988,23869.824,23881.129,58,1152
2026-04-01 13:00:00,23881.574,24013.596,23856.552,23934.764,60,1135
2026-04-01 14:00:00,23936.308,24083.4,23927.72,24074.806,60,1262
2026-04-01 15:00:00,24074.131,24139.78,24044.114,24127.466,60,1126
2026-04-01 16:00:00,24127.302,24144.739,24102.722,24133.013,60,1125
2026-04-01 17:00:00,24133.502,24161.822,24080.424,24081.185,60,1121
2026-04-01 18:00:00,24081.75,24087.45,23938.59,23972.887,60,1122
2026-04-01 19:00:00,23972.969,24068.296,23967.939,24017.807,60,1120
2026-04-01 20:00:00,24017.393,24031.859,23997.587,24020.807,15,1118
2026-04-01 22:00:00,24006.928,24029.447,23982.87,23994.795,60,1213
2026-04-01 23:00:00,23996.273,24027.149,23984.119,24008.306,60,1153
2026-04-02 00:00:00,24008.425,24070.339,23979.403,24061.925,60,1135
2026-04-02 01:00:00,24061.708,24064.186,23737.653,23767.328,60,3782
2026-04-02 02:00:00,23766.697,23791.317,23681.686,23710.142,60,1198
2026-04-02 03:00:00,23709.828,23719.034,23640.251,23646.251,60,1132
2026-04-02 04:00:00,23646.769,23666.269,23620.001,23628.892,60,1122
2026-04-02 05:00:00,23631.49,23651.649,23579.762,23581.839,60,1128
2026-04-02 06:00:00,23582.045,23643.392,23577.262,23640.458,60,1133
2026-04-02 07:00:00,23640.49,23705.795,23620.273,23703.578,60,1127
2026-04-02 08:00:00,23704.534,23706.519,23647.545,23659.469,60,1125
2026-04-02 09:00:00,23661.649,23684.649,23643.773,23655.37,60,1134
2026-04-02 10:00:00,23655.578,23665.273,23599.914,23637.306,60,1142
2026-04-02 11:00:00,23638.686,23646.675,23507.751,23508.012,60,1147
2026-04-02 12:00:00,23509.317,23582.381,23491.653,23550.469,60,1192
2026-04-02 13:00:00,23550.089,23732.425,23503.339,23721.675,60,1131
2026-04-02 14:00:00,23722.067,24035.99,23684.078,24000.056,57,1124
2026-04-02 15:00:00,24001.208,24038.697,23914.089,23960.87,60,1132
2026-04-02 16:00:00,23960.899,24000.131,23882.664,23946.24,60,1130
2026-04-02 17:00:00,23945.881,24007.001,23888.556,23915.414,60,1124
2026-04-02 18:00:00,23915.328,23989.399,23915.328,23964.87,60,1124
2026-04-02 19:00:00,23965.519,24050.131,23959.545,24045.903,60,1120
2026-04-02 20:00:00,24045.839,24053.708,24024.881,24035.001,14,1121
2026-04-06 00:00:00,23919.272,24042.577,23914.753,24036.522,60,1409
2026-04-06 01:00:00,24036.529,24067.029,24012.0,24020.522,60,1230
2026-04-06 02:00:00,24021.149,24154.033,24015.697,24050.969,60,1326
2026-04-06 03:00:00,24050.761,24057.066,23971.066,24039.708,60,1145
2026-04-06 04:00:00,24039.783,24088.436,24035.338,24080.37,60,1130
2026-04-06 05:00:00,24080.969,24095.599,24040.414,24060.142,60,1122
2026-04-06 06:00:00,24059.175,24117.772,24043.761,24083.827,60,1126
2026-04-06 07:00:00,24087.458,24152.899,24034.753,24137.149,60,1156
2026-04-06 08:00:00,24136.697,24220.327,24136.697,24197.399,60,1138
2026-04-06 09:00:00,24197.469,24225.425,24159.414,24164.349,60,1122
2026-04-06 10:00:00,24164.794,24186.522,24115.742,24142.142,60,1124
2026-04-06 11:00:00,24142.25,24143.914,24110.316,24133.816,60,1127
2026-04-06 12:00:00,24133.697,24164.914,24115.827,24134.153,60,1125
2026-04-06 13:00:00,24134.338,24241.22,24074.544,24241.22,60,1135
2026-04-06 14:00:00,24242.058,24274.175,24088.846,24132.209,60,1751
2026-04-06 15:00:00,24132.149,24162.675,24078.125,24149.012,60,1124
2026-04-06 16:00:00,24148.37,24171.786,24109.646,24133.961,60,1127
2026-04-06 17:00:00,24135.267,24157.129,24033.463,24094.268,60,1121
2026-04-06 18:00:00,24094.833,24190.914,24076.361,24178.371,60,1120
2026-04-06 19:00:00,24178.262,24200.522,24154.643,24190.691,60,1121
2026-04-06 20:00:00,24191.329,24197.359,24170.87,24173.615,15,1117
2026-04-06 22:00:00,24173.047,24213.283,24132.403,24133.142,60,2916
2026-04-06 23:00:00,24133.316,24162.029,24129.338,24130.381,60,1137
2026-04-07 00:00:00,24130.522,24188.816,24108.947,24133.0,60,1246
2026-04-07 01:00:00,24133.555,24141.029,23999.208,24008.044,60,1137
2026-04-07 02:00:00,24008.142,24050.899,23983.481,24042.175,60,1139
2026-04-07 03:00:00,24042.283,24061.316,24023.392,24051.283,60,1120
2026-04-07 04:00:00,24051.142,24092.969,24029.153,24077.425,60,1127
2026-04-07 05:00:00,24078.779,24089.653,24035.175,24058.088,60,1121
2026-04-07 06:00:00,24057.981,24075.029,24037.881,24072.827,60,1157
2026-04-07 07:00:00,24072.653,24086.099,24039.969,24077.12,60,1155
2026-04-07 08:00:00,24077.305,24212.816,24077.099,24191.029,60,1642
2026-04-07 09:00:00,24191.936,24250.947,24183.131,24216.164,60,1271
2026-04-07 10:00:00,24218.653,24230.186,24015.775,24033.753,59,3248
2026-04-07 11:00:00,24036.914,24087.631,24008.588,24041.197,60,1541
2026-04-07 12:00:00,24042.511,24079.555,23971.731,24046.0,60,1297
2026-04-07 13:00:00,24045.892,24122.149,23949.077,23951.761,60,1138
2026-04-07 14:00:00,23951.642,23974.873,23824.761,23843.566,60,1127
2026-04-07 15:00:00,23842.772,23961.954,23776.334,23941.571,60,1128
2026-04-07 16:00:00,23941.529,24072.877,23938.761,24034.467,60,1121
2026-04-07 17:00:00,24034.804,24128.489,24002.998,24057.464,60,1126
2026-04-07 18:00:00,24057.225,24069.808,23910.533,23936.113,60,1125
2026-04-07 19:00:00,23935.739,24211.276,23917.191,24199.986,59,1129
2026-04-07 20:00:00,24200.453,24229.502,24177.521,24220.499,15,1117
2026-04-07 22:00:00,24340.336,24756.27,24271.847,24746.792,60,4507
2026-04-07 23:00:00,24747.758,24919.844,24747.075,24884.605,60,3151
2026-04-08 00:00:00,24885.497,24935.019,24842.019,24915.019,60,1133
2026-04-08 01:00:00,24914.627,24942.605,24881.453,24927.997,60,1143
2026-04-08 02:00:00,24928.579,24945.199,24925.3,24944.8,60,1121
2026-04-08 03:00:00,24945.149,24952.083,24920.42,24936.322,60,1124
2026-04-08 04:00:00,24936.699,24990.203,24936.3,24958.519,60,1122
2026-04-08 05:00:00,24958.561,25024.508,24952.377,25021.127,60,1128
2026-04-08 06:00:00,25020.692,25031.377,24991.747,25000.442,60,1132
2026-04-08 07:00:00,25000.561,25019.449,24965.822,24971.747,60,1124
2026-04-08 08:00:00,24971.703,25050.699,24964.399,25045.579,60,1129
2026-04-08 09:00:00,25044.844,25075.199,25013.986,25030.833,60,1128
2026-04-08 10:00:00,25030.05,25061.699,25015.355,25034.105,60,1129
2026-04-08 11:00:00,25030.105,25064.594,25010.975,25039.105,60,1124
2026-04-08 12:00:00,25039.449,25086.475,24994.949,25043.149,60,1129
2026-04-08 13:00:00,25042.931,25066.725,24895.258,24909.844,60,1121
2026-04-08 14:00:00,24909.725,24932.079,24752.103,24814.353,60,1121
2026-04-08 15:00:00,24814.506,24912.184,24801.952,24903.216,60,1121
2026-04-08 16:00:00,24902.824,24982.784,24888.529,24967.518,60,1125
2026-04-08 17:00:00,24967.593,24981.833,24890.048,24918.019,60,1121
2026-04-08 18:00:00,24918.106,24955.119,24773.985,24778.883,60,1147
2026-04-08 19:00:00,24778.437,24913.664,24768.718,24906.354,60,1133
2026-04-08 20:00:00,24906.099,24920.267,24878.968,24885.123,15,1119
2026-04-08 22:00:00,24867.303,24892.869,24841.653,24862.955,60,1423
2026-04-08 23:00:00,24862.325,24883.336,24851.194,24854.4,60,1125
2026-04-09 00:00:00,24854.549,24862.292,24828.172,24840.086,60,1120
2026-04-09 01:00:00,24839.988,24853.433,24809.369,24851.477,60,1123
2026-04-09 02:00:00,24851.542,24877.683,24851.27,24859.075,60,1119
2026-04-09 03:00:00,24859.586,24865.466,24837.358,24847.249,60,1126
2026-04-09 04:00:00,24848.65,24851.933,24835.705,24842.466,60,1130
2026-04-09 05:00:00,24842.281,24874.911,24822.661,24857.575,60,1122
2026-04-09 06:00:00,24857.911,24886.27,24845.65,24867.679,60,1121
2026-04-09 07:00:00,24867.586,24876.727,24793.672,24814.031,60,1132
2026-04-09 08:00:00,24814.781,24831.944,24781.553,24801.042,60,1134
2026-04-09 09:00:00,24801.227,24846.597,24792.411,24845.097,60,1124
2026-04-09 10:00:00,24845.292,24855.216,24809.694,24812.325,60,1121
2026-04-09 11:00:00,24812.455,24866.869,24805.4,24858.292,60,1122
2026-04-09 12:00:00,24858.216,24881.433,24845.031,24857.249,60,1318
2026-04-09 13:00:00,24875.499,24938.064,24834.336,24861.411,60,1121
2026-04-09 14:00:00,24862.314,24881.553,24787.115,24868.549,60,1129
2026-04-09 15:00:00,24868.401,25023.696,24843.943,25016.478,60,1121
2026-04-09 16:00:00,25016.184,25090.383,24988.134,25022.449,60,1122
2026-04-09 17:00:00,25022.453,25081.529,25013.996,25052.805,60,1120
2026-04-09 18:00:00,25053.447,25057.599,24974.514,25008.199,60,1126
2026-04-09 19:00:00,25008.91,25096.48,25003.772,25078.129,60,1128
2026-04-09 20:00:00,25077.939,25078.945,25048.479,25064.044,15,1129
2026-04-09 22:00:00,25069.109,25089.457,25038.229,25042.229,60,2289
2026-04-09 23:00:00,25042.435,25070.282,25028.174,25059.402,60,1142
2026-04-10 00:00:00,25058.38,25110.891,25040.796,25106.098,60,1132
2026-04-10 01:00:00,25105.837,25133.163,25090.543,25119.424,60,1135
2026-04-10 02:00:00,25119.804,25125.289,25089.163,25108.685,60,1116
2026-04-10 03:00:00,25108.804,25137.043,25106.359,25126.109,60,1123
2026-04-10 04:00:00,25126.039,25128.609,25100.521,25104.391,60,1128
2026-04-10 05:00:00,25104.609,25119.793,25094.641,25097.229,60,1133
2026-04-10 06:00:00,25097.543,25102.789,25056.315,25063.88,60,1119
2026-04-10 07:00:00,25063.641,25089.718,25058.435,25077.163,60,1133
2026-04-10 08:00:00,25077.271,25078.554,25038.13,25043.902,60,1125
2026-04-10 09:00:00,25044.685,25096.718,25040.968,25093.554,59,1120
2026-04-10 10:00:00,25094.696,25118.409,25075.576,25106.663,60,1119
2026-04-10 11:00:00,25106.532,25135.968,25096.598,25103.391,60,1127
2026-04-10 12:00:00,25104.446,25198.752,25098.521,25139.159,60,2375
2026-04-10 13:00:00,25139.076,25203.891,25127.159,25154.848,60,1139
2026-04-10 14:00:00,25154.641,25208.098,25103.793,25187.207,60,1276
2026-04-10 15:00:00,25187.576,25227.685,25080.293,25099.304,60,1123
2026-04-10 16:00:00,25099.718,25136.457,25057.232,25098.71,60,1119
2026-04-10 17:00:00,25099.609,25108.789,25058.394,25106.293,60,1120
2026-04-10 18:00:00,25106.206,25115.38,25073.944,25096.032,60,1123
2026-04-10 19:00:00,25095.956,25136.193,25093.843,25116.849,60,1127
2026-04-10 20:00:00,25116.936,25134.378,25109.394,25127.689,15,1122
2026-04-13 00:00:00,24818.903,24891.425,24785.099,24891.186,60,1124
2026-04-13 01:00:00,24891.099,24925.588,24887.37,24918.697,60,1121
2026-04-13 02:00:00,24919.164,24920.794,24892.283,24913.149,60,1120
2026-04-13 03:00:00,24912.849,24919.529,24889.5,24895.533,60,1132
2026-04-13 04:00:00,24895.142,24930.566,24887.522,24916.279,60,1122
2026-04-13 05:00:00,24916.186,24925.827,24896.044,24914.675,60,1129
2026-04-13 06:00:00,24916.099,24954.675,24913.544,24950.522,60,1125
2026-04-13 07:00:00,24953.588,24963.316,24923.533,24936.653,60,1122
2026-04-13 08:00:00,24936.827,24965.175,24924.849,24933.338,60,1125
2026-04-13 09:00:00,24933.458,24968.055,24933.458,24951.5,60,1119
2026-04-13 10:00:00,24952.75,24992.664,24945.088,24992.219,60,1134
2026-04-13 11:00:00,24991.529,25013.149,24920.283,24925.279,60,1125
2026-04-13 12:00:00,24924.925,25014.827,24909.153,25003.566,60,1122
2026-04-13 13:00:00,25003.469,25144.469,24992.175,25143.088,60,1119
2026-04-13 14:00:00,25142.642,25194.843,25088.655,25188.989,60,1123
2026-04-13 15:00:00,25188.287,25189.791,25135.056,25145.92,60,1119
2026-04-13 16:00:00,25145.42,25269.929,25119.308,25246.369,60,1129
2026-04-13 17:00:00,25246.254,25274.151,25232.569,25239.669,60,1127
2026-04-13 18:00:00,25239.826,25289.379,25232.28,25280.487,60,1126
2026-04-13 19:00:00,25280.943,25386.604,25266.549,25374.527,60,1124
2026-04-13 20:00:00,25374.429,25394.635,25369.992,25391.785,15,1141
2026-04-13 22:00:00,25415.099,25436.279,25403.786,25433.392,60,1676
2026-04-13 23:00:00,25433.779,25457.779,25422.697,25425.149,60,1140
2026-04-14 00:00:00,25425.219,25439.12,25399.37,25430.697,60,1125
2026-04-14 01:00:00,25430.279,25432.664,25411.338,25421.066,60,1122
2026-04-14 02:00:00,25420.794,25436.529,25415.164,25435.403,60,1138
2026-04-14 03:00:00,25434.936,25435.12,25414.142,25422.62,60,1132
2026-04-14 04:00:00,25422.0,25434.088,25420.208,25433.208,60,1114
2026-04-14 05:00:00,25433.088,25437.62,25411.272,25413.458,60,1124
2026-04-14 06:00:00,25413.588,25432.294,25403.892,25424.816,60,1129
2026-04-14 07:00:00,25424.272,25482.25,25421.316,25458.099,60,1125
2026-04-14 08:00:00,25457.414,25503.577,25449.675,25502.349,60,1118
2026-04-14 09:00:00,25502.066,25513.175,25471.403,25476.947,60,1131
2026-04-14 10:00:00,25476.577,25494.914,25462.392,25465.044,60,1127
2026-04-14 11:00:00,25465.12,25525.529,25459.642,25505.87,60,1122
2026-04-14 12:00:00,25506.305,25553.772,25497.033,25515.599,60,1139
2026-04-14 13:00:00,25515.414,25603.149,25491.392,25559.919,60,1119
2026-04-14 14:00:00,25559.94,25655.666,25550.071,25643.384,60,1119
2026-04-14 15:00:00,25643.481,25736.846,25600.459,25713.577,60,1120
2026-04-14 16:00:00,25713.294,25773.524,25710.978,25749.638,60,1122
2026-04-14 17:00:00,25749.959,25804.522,25747.442,25793.545,60,1127
2026-04-14 18:00:00,25793.425,25799.387,25719.444,25751.027,60,1118
2026-04-14 19:00:00,25750.733,25836.071,25748.503,25835.489,60,1126
2026-04-14 20:00:00,25835.145,25836.102,25806.957,25827.174,15,1119
2026-04-14 22:00:00,25820.67,25850.464,25814.866,25833.866,60,1153
2026-04-14 23:00:00,25834.199,25873.449,25831.8,25856.079,60,1132
2026-04-15 00:00:00,25856.127,25860.05,25832.736,25856.199,60,1132
2026-04-15 01:00:00,25855.181,25880.008,25851.55,25875.736,60,1128
2026-04-15 02:00:00,25875.583,25876.329,25828.681,25833.431,60,1120
2026-04-15 03:00:00,25833.649,25863.997,25832.822,25859.464,60,1116
2026-04-15 04:00:00,25859.377,25863.333,25847.833,25850.92,60,1118
2026-04-15 05:00:00,25851.116,25894.449,25803.75,25815.642,60,1171
2026-04-15 06:00:00,25815.599,25834.338,25805.186,25824.816,60,1119
2026-04-15 07:00:00,25825.283,25845.599,25814.208,25841.25,60,1128
2026-04-15 08:00:00,25841.708,25875.149,25837.447,25868.403,60,1121
2026-04-15 09:00:00,25868.708,25874.599,25813.316,25815.0,60,1128
2026-04-15 10:00:00,25815.153,25834.279,25771.719,25821.794,60,1126
2026-04-15 11:00:00,25822.186,25866.381,25810.686,25834.686,60,1122
2026-04-15 12:00:00,25834.936,25843.029,25797.761,25826.305,60,1142
2026-04-15 13:00:00,25826.458,25906.279,25816.761,25906.077,60,1119
2026-04-15 14:00:00,25905.794,26013.16,25885.881,26000.734,60,1121
2026-04-15 15:00:00,26000.484,26052.243,25976.242,26032.954,60,1123
2026-04-15 16:00:00,26033.107,26086.609,25936.037,25976.498,60,1125
2026-04-15 17:00:00,25976.541,26052.766,25969.144,26023.227,60,1123
2026-04-15 18:00:00,26023.358,26147.718,26006.936,26135.972,60,1119
2026-04-15 19:00:00,26136.109,26212.591,26125.059,26199.0,60,1119
2026-04-15 20:00:00,26199.414,26206.745,26169.571,26176.588,15,1118
2026-04-15 22:00:00,26191.12,26231.577,26183.503,26227.761,60,2203
2026-04-15 23:00:00,26228.816,26253.805,26222.958,26245.827,60,1149
2026-04-16 00:00:00,26245.903,26283.399,26229.761,26276.686,60,1124
2026-04-16 01:00:00,26275.697,26303.87,26265.403,26279.772,60,1126
2026-04-16 02:00:00,26279.914,26297.914,26278.436,26281.327,60,1123
2026-04-16 03:00:00,26280.925,26299.399,26278.164,26282.327,60,1127
2026-04-16 04:00:00,26282.186,26283.469,26267.664,26273.338,60,1121
2026-04-16 05:00:00,26273.392,26300.149,26255.631,26293.936,60,1125
2026-04-16 06:00:00,26294.914,26324.131,26294.664,26318.936,60,1125
2026-04-16 07:00:00,26319.011,26325.055,26290.75,26298.088,60,1130
2026-04-16 08:00:00,26297.892,26303.566,26251.149,26279.066,60,1123
2026-04-16 09:00:00,26279.186,26296.511,26272.283,26292.0,60,1129
2026-04-16 10:00:00,26292.686,26304.029,26203.5,26244.772,60,1121
2026-04-16 11:00:00,26245.044,26261.279,26222.055,26257.349,60,1120
2026-04-16 12:00:00,26257.522,26270.522,26232.697,26240.779,60,1170
2026-04-16 13:00:00,26240.899,26290.033,26115.272,26164.029,60,1121
2026-04-16 14:00:00,26160.642,26260.874,26129.772,26243.809,60,1127
2026-04-16 15:00:00,26243.559,26378.235,26243.358,26370.946,60,1138
2026-04-16 16:00:00,26371.294,26400.589,26278.751,26312.267,60,1122
2026-04-16 17:00:00,26312.114,26347.747,26271.123,26299.395,60,1126
2026-04-16 18:00:00,26299.298,26322.265,26194.097,26273.206,60,1123
2026-04-16 19:00:00,26273.326,26336.208,26270.324,26323.122,60,1120
2026-04-16 20:00:00,26323.057,26328.558,26279.33,26294.93,15,1133
2026-04-16 22:00:00,26303.808,26331.969,26291.753,26319.566,60,1378
2026-04-16 23:00:00,26319.272,26333.469,26316.186,26325.022,60,1138
2026-04-17 00:00:00,26326.219,26341.529,26301.772,26332.349,60,1119
2026-04-17 01:00:00,26332.142,26342.653,26326.349,26334.272,60,1128
2026-04-17 02:00:00,26334.044,26339.969,26301.066,26310.25,60,1132
2026-04-17 03:00:00,26310.066,26313.772,26295.316,26304.75,60,1128
2026-04-17 04:00:00,26304.914,26326.827,26300.827,26308.261,60,1122
2026-04-17 05:00:00,26308.686,26315.37,26288.783,26311.022,60,1120
2026-04-17 06:00:00,26311.164,26325.055,26292.403,26302.399,60,1121
2026-04-17 07:00:00,26302.055,26338.349,26302.055,26336.175,60,1120
2026-04-17 08:00:00,26336.675,26367.029,26323.903,26365.555,60,1126
2026-04-17 09:00:00,26365.642,26387.805,26353.631,26383.62,60,1130
2026-04-17 10:00:00,26384.164,26392.599,26352.414,26373.066,60,1129
2026-04-17 11:00:00,26373.175,26415.088,26369.469,26412.816,60,1120
2026-04-17 12:00:00,26413.149,26592.316,26407.914,26588.649,60,1137
2026-04-17 13:00:00,26583.892,26657.525,26476.75,26577.914,60,1128
2026-04-17 14:00:00,26577.838,26697.532,26570.066,26669.469,60,1120
2026-04-17 15:00:00,26669.506,26716.869,26638.779,26644.36,60,1123
2026-04-17 16:00:00,26644.176,26720.11,26631.949,26698.179,60,1122
2026-04-17 17:00:00,26698.059,26715.338,26576.709,26647.657,60,1126
2026-04-17 18:00:00,26648.352,26660.827,26595.554,26623.838,60,1120
2026-04-17 19:00:00,26625.029,26670.409,26597.481,26667.65,60,1120
2026-04-17 20:00:00,26668.129,26681.918,26662.145,26680.166,15,1121
2026-04-20 00:00:00,26501.805,26507.794,26459.577,26499.686,60,1121
2026-04-20 01:00:00,26499.392,26557.529,26496.719,26548.305,60,1124
2026-04-20 02:00:00,26548.447,26549.142,26527.914,26536.914,60,1122
2026-04-20 03:00:00,26537.029,26544.399,26520.283,26522.316,60,1115
2026-04-20 04:00:00,26522.011,26524.849,26497.533,26518.305,60,1118
2026-04-20 05:00:00,26518.469,26521.849,26455.664,26478.649,60,1119
2026-04-20 06:00:00,26479.186,26543.588,26476.631,26530.599,60,1119
2026-04-20 07:00:00,26537.969,26563.827,26493.697,26511.75,60,1120
2026-04-20 08:00:00,26510.881,26550.87,26462.25,26539.399,60,1125
2026-04-20 09:00:00,26538.87,26562.099,26528.903,26537.599,60,1128
2026-04-20 10:00:00,26538.316,26570.794,26534.5,26543.958,60,1126
2026-04-20 11:00:00,26543.25,26565.827,26523.305,26553.029,60,1133
2026-04-20 12:00:00,26553.761,26617.969,26545.142,26593.555,60,1121
2026-04-20 13:00:00,26593.533,26668.197,26560.219,26624.011,60,1125
2026-04-20 14:00:00,26625.588,26630.697,26470.431,26479.584,60,1127
2026-04-20 15:00:00,26482.097,26549.459,26411.648,26502.108,60,1137
2026-04-20 16:00:00,26502.325,26541.711,26484.018,26523.287,60,1119
2026-04-20 17:00:00,26523.798,26570.548,26505.255,26551.378,60,1129
2026-04-20 18:00:00,26551.236,26590.615,26541.999,26575.165,60,1128
2026-04-20 19:00:00,26575.73,26594.191,26552.51,26588.19,60,1132
2026-04-20 20:00:00,26588.006,26595.409,26578.764,26585.222,15,1119
2026-04-20 22:00:00,26613.892,26662.142,26602.242,26656.099,60,2170
2026-04-20 23:00:00,26656.131,26657.599,26637.25,26641.533,60,1136
2026-04-21 00:00:00,26643.392,26676.87,26631.022,26669.697,60,1137
2026-04-21 01:00:00,26670.033,26682.566,26653.261,26658.044,60,1131
2026-04-21 02:00:00,26658.283,26668.436,26654.011,26657.5,60,1136
2026-04-21 03:00:00,26658.022,26662.022,26637.153,26657.447,60,1121
2026-04-21 04:00:00,26657.529,26676.469,26656.805,26670.62,60,1120
2026-04-21 05:00:00,26670.849,26688.899,26664.272,26671.381,60,1132
2026-04-21 06:00:00,26671.022,26702.279,26668.544,26691.838,60,1129
2026-04-21 07:00:00,26691.925,26692.849,26651.511,26658.969,60,1138
2026-04-21 08:00:00,26659.0,26700.077,26643.197,26682.142,60,1140
2026-04-21 09:00:00,26681.533,26692.816,26651.099,26686.338,60,1122
2026-04-21 10:00:00,26687.458,26727.779,26680.316,26717.088,60,1118
2026-04-21 11:00:00,26716.577,26746.816,26694.708,26716.75,60,1130
2026-04-21 12:00:00,26716.577,26725.649,26658.033,26666.219,60,1147
2026-04-21 13:00:00,26666.055,26684.208,26573.044,26684.208,60,1119
2026-04-21 14:00:00,26684.099,26730.279,26575.708,26582.338,60,1129
2026-04-21 15:00:00,26582.62,26631.261,26508.399,26576.899,60,1129
2026-04-21 16:00:00,26577.279,26623.642,26515.059,26517.223,60,1120
2026-04-21 17:00:00,26517.376,26586.8,26447.595,26545.339,60,1132
2026-04-21 18:00:00,26546.889,26587.329,26511.379,26569.742,60,1122
2026-04-21 19:00:00,26569.879,26631.568,26399.352,26488.539,60,1127
2026-04-21 20:00:00,26487.978,26639.194,26448.496,26593.826,14,1308
2026-04-21 22:00:00,26584.929,26609.78,26578.977,26590.559,60,1627
2026-04-21 23:00:00,26590.194,26626.357,26584.555,26622.835,60,1145
2026-04-22 00:00:00,26623.074,26666.444,26621.194,26646.324,60,1133
2026-04-22 01:00:00,26646.063,26681.335,26642.802,26670.346,60,1122
2026-04-22 02:00:00,26670.499,26681.809,26665.585,26666.791,60,1132
2026-04-22 03:00:00,26666.911,26675.552,26653.802,26657.161,60,1125
2026-04-22 04:00:00,26657.28,26667.172,26623.846,26626.552,60,1127
2026-04-22 05:00:00,26627.585,26706.179,26619.835,26680.868,60,1126
2026-04-22 06:00:00,26681.683,26694.368,26652.618,26685.749,60,1126
2026-04-22 07:00:00,26685.607,26714.059,26675.541,26694.955,60,1129
2026-04-22 08:00:00,26695.835,26699.716,26629.607,26668.944,60,1123
2026-04-22 09:00:00,26668.4,26711.999,26657.302,26675.096,60,1145
2026-04-22 10:00:00,26675.824,26698.661,26655.161,26675.4,60,1122
2026-04-22 11:00:00,26676.052,26687.835,26655.694,26683.357,60,1121
2026-04-22 12:00:00,26683.107,26749.183,26668.944,26670.857,60,1132
2026-04-22 13:00:00,26670.966,26741.063,26662.661,26713.802,60,1124
2026-04-22 14:00:00,26713.966,26854.816,26701.153,26820.399,60,1121
2026-04-22 15:00:00,26821.131,26855.87,26789.522,26828.458,60,1126
2026-04-22 16:00:00,26828.899,26851.447,26804.804,26812.741,60,1123
2026-04-22 17:00:00,26812.759,26895.357,26812.759,26877.104,60,1127
2026-04-22 18:00:00,26876.68,26888.209,26840.161,26860.901,60,1122
2026-04-22 19:00:00,26861.098,26940.568,26825.473,26928.057,60,1120
2026-04-22 20:00:00,26928.318,26982.62,26918.46,26959.063,15,1128
2026-04-22 22:00:00,26919.947,26950.029,26919.947,26939.675,60,1246
2026-04-22 23:00:00,26939.881,26951.881,26934.349,26948.327,60,1125
2026-04-23 00:00:00,26949.936,26951.149,26701.066,26912.208,60,1291
2026-04-23 01:00:00,26912.533,26915.022,26845.892,26852.697,60,1122
2026-04-23 02:00:00,26853.099,26853.099,26798.381,26804.12,60,1142
2026-04-23 03:00:00,26804.327,26811.849,26717.969,26760.142,60,1125
2026-04-23 04:00:00,26760.066,26809.805,26745.761,26807.903,60,1119
2026-04-23 05:00:00,26808.099,26832.816,26791.794,26830.294,60,1130
2026-04-23 06:00:00,26830.664,26858.827,26829.794,26843.708,60,1133
2026-04-23 07:00:00,26843.12,26866.349,26822.838,26849.029,60,1121
2026-04-23 08:00:00,26849.399,26854.529,26770.631,26779.969,60,1120
2026-04-23 09:00:00,26780.033,26814.022,26742.697,26794.62,60,1135
2026-04-23 10:00:00,26794.5,26837.197,26768.805,26831.903,60,1145
2026-04-23 11:00:00,26831.816,26901.208,26794.544,26884.664,60,1136
2026-04-23 12:00:00,26881.197,26931.794,26834.264,26861.566,60,1124
2026-04-23 13:00:00,26864.022,26954.779,26817.566,26869.349,60,1133
2026-04-23 14:00:00,26869.649,26955.749,26822.97,26943.335,60,1130
2026-04-23 15:00:00,26944.108,27005.929,26911.892,26943.069,60,1121
2026-04-23 16:00:00,26943.319,26967.478,26889.609,26937.868,60,1128
2026-04-23 17:00:00,26938.03,26948.559,26535.103,26733.049,59,1126
2026-04-23 18:00:00,26732.988,26833.659,26699.47,26713.76,60,1136
2026-04-23 19:00:00,26713.848,26795.215,26695.514,26777.606,60,1192
2026-04-23 20:00:00,26777.399,26839.409,26761.024,26800.97,15,1129
2026-04-23 22:00:00,26857.381,26909.197,26857.381,26900.164,60,1560
2026-04-23 23:00:00,26899.779,26938.779,26891.958,26938.511,60,1135
2026-04-24 00:00:00,26944.149,26993.75,26928.642,26976.511,60,1125
2026-04-24 01:00:00,26977.055,26985.664,26957.783,26976.664,60,1127
2026-04-24 02:00:00,26976.588,26978.686,26917.011,26928.349,60,1125
2026-04-24 03:00:00,26928.761,26936.186,26881.566,26889.522,60,1121
2026-04-24 04:00:00,26889.649,26914.697,26875.186,26912.186,60,1126
2026-04-24 05:00:00,26912.044,26944.338,26889.272,26943.903,60,1132
2026-04-24 06:00:00,26944.511,26957.077,26924.642,26932.653,60,1126
2026-04-24 07:00:00,26932.772,26972.399,26929.066,26967.011,60,1121
2026-04-24 08:00:00,26965.544,27010.414,26931.088,26952.697,60,1120
2026-04-24 09:00:00,26953.436,26978.175,26922.055,26967.142,60,1130
2026-04-24 10:00:00,26967.279,27050.414,26966.197,27030.0,60,1126
2026-04-24 11:00:00,27029.849,27221.186,27028.469,27132.914,60,1131
2026-04-24 12:00:00,27133.849,27170.066,27060.914,27095.403,60,1128
2026-04-24 13:00:00,27100.149,27124.219,26988.414,27052.014,60,1127
2026-04-24 14:00:00,27052.036,27154.772,27017.033,27148.011,60,1292
2026-04-24 15:00:00,27148.164,27269.142,27144.783,27254.529,59,1124
2026-04-24 16:00:00,27254.142,27288.029,27217.969,27267.018,60,1122
2026-04-24 17:00:00,27266.724,27311.779,27224.16,27289.075,60,1119
2026-04-24 18:00:00,27289.347,27299.465,27242.003,27267.845,60,1119
2026-04-24 19:00:00,27267.377,27313.769,27264.012,27295.429,60,1134
2026-04-24 20:00:00,27295.21,27300.955,27270.6,27276.036,15,1136
2026-04-27 00:00:00,27249.577,27327.164,27243.436,27319.25,60,1121
2026-04-27 01:00:00,27320.838,27403.425,27320.838,27401.783,60,1122
2026-04-27 02:00:00,27401.779,27405.779,27375.786,27383.642,60,1121
2026-04-27 03:00:00,27382.794,27398.958,27378.316,27389.327,60,1133
2026-04-27 04:00:00,27388.805,27404.12,27372.697,27382.186,60,1119
2026-04-27 05:00:00,27382.436,27384.279,27308.099,27313.761,60,1124
2026-04-27 06:00:00,27314.305,27319.649,27286.249,27298.642,60,1117
2026-04-27 07:00:00,27298.827,27308.279,27270.499,27290.077,60,1118
2026-04-27 08:00:00,27289.816,27309.149,27252.87,27304.338,60,1124
2026-04-27 09:00:00,27304.381,27330.529,27300.686,27319.261,60,1130
2026-04-27 10:00:00,27319.649,27347.958,27304.925,27339.849,60,1121
2026-04-27 11:00:00,27340.37,27363.779,27340.25,27345.153,60,1120
2026-04-27 12:00:00,27345.838,27346.529,27253.642,27282.936,60,1119
2026-04-27 13:00:00,27282.469,27296.175,27162.588,27265.011,60,1120
2026-04-27 14:00:00,27265.272,27272.849,27185.425,27230.713,60,1121
2026-04-27 15:00:00,27232.431,27244.767,27170.218,27229.859,60,1125
2026-04-27 16:00:00,27229.026,27270.185,27210.759,27253.641,60,1120
2026-04-27 17:00:00,27254.566,27302.798,27243.946,27291.89,60,1121
2026-04-27 18:00:00,27290.869,27299.794,27254.468,27263.485,60,1122
2026-04-27 19:00:00,27263.18,27314.148,27254.374,27307.189,60,1124
2026-04-27 20:00:00,27307.069,27307.775,27285.002,27289.761,15,1122
2026-04-27 22:00:00,27290.881,27366.399,27290.881,27350.708,60,1127
2026-04-27 23:00:00,27349.249,27368.87,27340.708,27355.529,60,1164
2026-04-28 00:00:00,27355.219,27377.219,27316.088,27333.779,60,1132
2026-04-28 01:00:00,27333.631,27349.958,27283.283,27286.969,60,1121
2026-04-28 02:00:00,27287.029,27302.077,27251.686,27260.279,60,1124
2026-04-28 03:00:00,27260.131,27293.708,27254.447,27275.719,60,1122
2026-04-28 04:00:00,27275.783,27304.849,27270.544,27282.533,60,1132
2026-04-28 05:00:00,27283.175,27288.761,27215.62,27229.142,60,1120
2026-04-28 06:00:00,27229.261,27243.338,27188.305,27202.392,60,1129
2026-04-28 07:00:00,27202.664,27217.294,27186.077,27203.164,60,1126
2026-04-28 08:00:00,27202.947,27224.458,27168.0,27217.686,60,1131
2026-04-28 09:00:00,27217.816,27220.529,27122.033,27150.033,60,1124
2026-04-28 10:00:00,27149.899,27166.279,27104.219,27127.033,60,1119
2026-04-28 11:00:00,27129.708,27134.936,26946.37,26959.783,60,1138
2026-04-28 12:00:00,26959.642,27018.779,26901.849,27014.033,59,1123
2026-04-28 13:00:00,27013.936,27115.827,26965.664,27068.761,58,1121
2026-04-28 14:00:00,27064.642,27098.772,26877.65,26956.69,60,1153
2026-04-28 15:00:00,26958.959,26983.246,26875.829,26919.755,60,1120
2026-04-28 16:00:00,26918.961,26961.458,26895.422,26950.132,60,1119
2026-04-28 17:00:00,26950.307,27010.329,26914.177,27007.858,60,1122
2026-04-28 18:00:00,27008.531,27060.487,26987.789,27060.248,60,1127
2026-04-28 19:00:00,27060.509,27090.126,27019.303,27032.88,60,1122
2026-04-28 20:00:00,27033.163,27063.624,27010.923,27049.877,15,1126
2026-04-28 22:00:00,27072.675,27099.549,27069.719,27090.455,60,2156
2026-04-28 23:00:00,27090.303,27114.799,27080.727,27113.499,60,1133
2026-04-29 00:00:00,27113.799,27160.586,27113.4,27130.738,60,1119
2026-04-29 01:00:00,27131.429,27136.619,27058.608,27113.65,60,1187
2026-04-29 02:00:00,27113.803,27148.586,27110.444,27134.705,60,1127
2026-04-29 03:00:00,27134.781,27160.299,27133.053,27150.586,60,1122
2026-04-29 04:00:00,27150.369,27178.803,27149.619,27164.977,60,1123
2026-04-29 05:00:00,27165.429,27175.966,27143.433,27163.661,60,1125
2026-04-29 06:00:00,27163.429,27184.216,27127.586,27132.358,60,1119
2026-04-29 07:00:00,27132.608,27155.179,27077.075,27105.179,60,1122
2026-04-29 08:00:00,27108.488,27128.825,27065.619,27107.988,60,1127
2026-04-29 09:00:00,27108.02,27136.738,27089.031,27095.216,60,1132
2026-04-29 10:00:00,27093.444,27155.064,27078.661,27130.679,60,1121
2026-04-29 11:00:00,27130.097,27151.814,27102.4,27117.608,60,1125
2026-04-29 12:00:00,27117.238,27119.619,27059.097,27092.299,60,1130
2026-04-29 13:00:00,27091.966,27116.999,26990.619,27087.358,60,1130
2026-04-29 14:00:00,27087.586,27182.12,27045.988,27169.732,60,1126
2026-04-29 15:00:00,27169.863,27176.679,27071.829,27107.229,60,1120
2026-04-29 16:00:00,27106.815,27138.832,27019.4,27064.732,60,1122
2026-04-29 17:00:00,27064.971,27118.679,27036.327,27114.409,60,1126
2026-04-29 18:00:00,27113.986,27165.747,27024.158,27160.973,60,3178
2026-04-29 19:00:00,27160.469,27202.689,27126.91,27197.858,60,1126
2026-04-29 20:00:00,27198.27,27268.864,26983.598,26993.852,15,3180
2026-04-29 22:00:00,27087.084,27366.748,27085.293,27338.487,60,2513
2026-04-29 23:00:00,27338.79,27422.819,27320.226,27418.41,60,1118
2026-04-30 00:00:00,27418.726,27489.606,27418.726,27462.367,60,1121
2026-04-30 01:00:00,27462.584,27468.693,27423.29,27447.704,60,1122
2026-04-30 02:00:00,27447.921,27454.998,27254.171,27294.128,60,1138
2026-04-30 03:00:00,27294.009,27320.439,27270.051,27276.987,60,1125
2026-04-30 04:00:00,27276.726,27278.189,27098.432,27100.432,60,1128
2026-04-30 05:00:00,27102.584,27175.91,27089.193,27091.069,60,1131
2026-04-30 06:00:00,27090.704,27174.009,27052.693,27150.759,60,1123
2026-04-30 07:00:00,27151.189,27244.748,27137.04,27219.193,60,1120
2026-04-30 08:00:00,27218.834,27263.726,27192.084,27227.259,60,1133
2026-04-30 09:00:00,27230.073,27308.04,27198.378,27234.943,60,1122
2026-04-30 10:00:00,27234.823,27290.073,27221.282,27241.304,60,1127
2026-04-30 11:00:00,27242.043,27361.204,27238.573,27307.069,60,1341
2026-04-30 12:00:00,27307.084,27412.498,27305.389,27390.79,60,1275
2026-04-30 13:00:00,27391.062,27406.682,27072.319,27113.715,60,1129
2026-04-30 14:00:00,27113.617,27239.979,27030.875,27225.307,60,1123
2026-04-30 15:00:00,27224.48,27300.599,27198.719,27254.118,60,1119
2026-04-30 16:00:00,27254.069,27299.857,27215.326,27236.949,60,1121
2026-04-30 17:00:00,27236.981,27411.849,27235.905,27407.435,60,1121
2026-04-30 18:00:00,27407.337,27455.285,27406.161,27415.345,60,1124
2026-04-30 19:00:00,27415.225,27484.226,27406.641,27444.122,60,1121
2026-04-30 20:00:00,27442.743,27466.963,27430.268,27452.995,15,1143
2026-04-30 22:00:00,27504.786,27517.899,27428.783,27451.5,60,1871
2026-04-30 23:00:00,27451.197,27494.279,27448.62,27465.761,60,1147
2026-05-01 00:00:00,27470.066,27513.533,27463.936,27497.077,60,1132
2026-05-01 01:00:00,27497.37,27530.088,27485.25,27521.958,60,1125
2026-05-01 02:00:00,27521.164,27524.349,27496.566,27514.164,60,1125
2026-05-01 03:00:00,27514.283,27545.37,27506.525,27514.697,60,1127
2026-05-01 04:00:00,27514.5,27515.719,27492.87,27500.011,60,1123
2026-05-01 05:00:00,27500.37,27511.349,27484.783,27488.5,60,1132
2026-05-01 06:00:00,27488.936,27500.529,27463.642,27467.903,60,1131
2026-05-01 07:00:00,27467.838,27497.033,27444.664,27451.599,60,1123
2026-05-01 08:00:00,27454.577,27469.37,27426.87,27439.279,60,1136
2026-05-01 09:00:00,27438.588,27448.088,27417.142,27442.392,60,1119
2026-05-01 10:00:00,27442.088,27452.599,27408.458,27441.87,60,1121
2026-05-01 11:00:00,27442.381,27446.219,27410.12,27436.033,60,1128
2026-05-01 12:00:00,27435.969,27497.529,27419.511,27448.772,60,1123
2026-05-01 13:00:00,27449.022,27743.297,27448.077,27742.764,60,1123
2026-05-01 14:00:00,27747.249,27779.153,27624.783,27687.62,60,1483
2026-05-01 15:00:00,27687.779,27790.447,27644.011,27764.779,60,1123
2026-05-01 16:00:00,27764.272,27775.599,27679.886,27705.21,60,1119
2026-05-01 17:00:00,27703.547,27770.187,27702.742,27757.652,60,1122
2026-05-01 18:00:00,27757.588,27764.253,27670.867,27697.081,60,1153
2026-05-01 19:00:00,27698.593,27775.831,27693.72,27713.893,60,1119
2026-05-01 20:00:00,27713.459,27713.459,27691.342,27696.449,15,1120
2026-05-04 00:00:00,27703.833,27777.449,27682.225,27773.105,60,1127
2026-05-04 01:00:00,27774.199,27802.079,27738.953,27799.519,60,1128
2026-05-04 02:00:00,27801.072,27823.769,27762.247,27809.747,60,1134
2026-05-04 03:00:00,27809.572,27824.833,27798.605,27811.638,60,1120
2026-05-04 04:00:00,27811.486,27832.949,27807.627,27818.616,60,1126
2026-05-04 05:00:00,27819.442,27844.322,27811.92,27815.236,60,1125
2026-05-04 06:00:00,27815.05,27820.949,27752.855,27776.116,60,1133
2026-05-04 07:00:00,27776.322,27831.449,27761.388,27793.333,60,1121
2026-05-04 08:00:00,27793.192,27793.192,27745.258,27774.061,60,1118
2026-05-04 09:00:00,27774.199,27803.192,27764.079,27770.747,60,1119
2026-05-04 10:00:00,27772.05,27777.431,27543.519,27694.247,59,1168
2026-05-04 11:00:00,27694.442,27726.192,27658.325,27708.079,60,1153
2026-05-04 12:00:00,27711.899,27760.714,27710.899,27726.594,60,1120
2026-05-04 13:00:00,27705.519,27775.561,27667.758,27775.366,60,1133
2026-05-04 14:00:00,27775.758,27820.758,27728.072,27761.486,60,1128
2026-05-04 15:00:00,27761.67,27793.758,27577.619,27614.486,60,1134
2026-05-04 16:00:00,27613.822,27626.855,27510.138,27589.139,60,1124
2026-05-04 17:00:00,27589.11,27686.571,27587.94,27674.598,60,1128
2026-05-04 18:00:00,27674.64,27699.799,27600.596,27641.04,60,1120
2026-05-04 19:00:00,27640.693,27673.795,27621.923,27661.369,60,1128
2026-05-04 20:00:00,27661.21,27661.21,27620.227,27635.35,15,1125
2026-05-04 22:00:00,27640.558,27668.529,27624.903,27636.316,60,1844
2026-05-04 23:00:00,27636.088,27646.294,27615.816,27629.686,60,1139
2026-05-05 00:00:00,27630.029,27676.719,27624.175,27668.533,60,1123
2026-05-05 01:00:00,27668.186,27710.033,27651.631,27698.436,60,1120
2026-05-05 02:00:00,27698.272,27724.529,27684.72,27698.794,60,1131
2026-05-05 03:00:00,27698.914,27731.327,27694.958,27724.033,60,1119
2026-05-05 04:00:00,27723.686,27742.686,27710.75,27711.033,60,1121
2026-05-05 05:00:00,27710.131,27737.649,27703.261,27736.469,60,1130
2026-05-05 06:00:00,27735.708,27768.664,27701.958,27763.142,60,1124
2026-05-05 07:00:00,27763.708,27809.425,27758.62,27764.936,60,1123
2026-05-05 08:00:00,27764.75,27824.208,27762.62,27812.153,60,1124
2026-05-05 09:00:00,27812.838,27838.529,27792.653,27819.055,60,1127
2026-05-05 10:00:00,27819.664,27841.425,27806.186,27818.316,60,1139
2026-05-05 11:00:00,27817.088,27830.283,27783.403,27826.392,60,1128
2026-05-05 12:00:00,27825.055,27889.529,27812.294,27856.599,60,1124
2026-05-05 13:00:00,27857.149,27995.131,27855.164,27965.297,60,1119
2026-05-05 14:00:00,27965.47,28018.169,27913.0,27976.227,60,1328
2026-05-05 15:00:00,27976.03,28028.014,27967.891,28007.557,60,1124
2026-05-05 16:00:00,28007.677,28033.044,27972.109,28004.411,60,1121
2026-05-05 17:00:00,28004.542,28046.923,27987.544,28038.293,60,1121
2026-05-05 18:00:00,28038.479,28064.659,28032.838,28046.594,60,1120
2026-05-05 19:00:00,28046.822,28065.448,27986.616,28013.759,60,1125
2026-05-05 20:00:00,28013.73,28034.649,28007.022,28033.39,15,1128
2026-05-05 22:00:00,28137.999,28296.72,28127.37,28256.033,60,1323
2026-05-05 23:00:00,28256.544,28266.338,28226.708,28250.761,60,1130
2026-05-06 00:00:00,28252.838,28253.566,28129.283,28156.631,60,1123
2026-05-06 01:00:00,28156.544,28188.011,28149.12,28173.261,60,1123
2026-05-06 02:00:00,28173.186,28177.279,28144.022,28169.0,60,1127
2026-05-06 03:00:00,28168.936,28215.338,28164.175,28193.37,60,1126
2026-05-06 04:00:00,28193.294,28225.186,28191.25,28216.164,60,1119
2026-05-06 05:00:00,28216.447,28240.529,28207.316,28235.164,60,1135
2026-05-06 06:00:00,28235.349,28249.392,28180.816,28216.261,60,1125
2026-05-06 07:00:00,28216.719,28233.577,28189.772,28228.283,60,1121
2026-05-06 08:00:00,28228.219,28397.033,28205.022,28363.305,58,1126
2026-05-06 09:00:00,28363.533,28394.827,28296.631,28387.458,60,1124
2026-05-06 10:00:00,28388.816,28492.186,28383.87,28466.022,60,1120
2026-05-06 11:00:00,28458.381,28514.392,28398.588,28419.447,60,1131
2026-05-06 12:00:00,28420.029,28421.555,28307.275,28338.783,60,1227
2026-05-06 13:00:00,28338.25,28386.458,28218.066,28350.044,60,1128
2026-05-06 14:00:00,28349.642,28430.646,28267.099,28418.349,60,1122
2026-05-06 15:00:00,28417.342,28466.608,28399.463,28440.731,60,1119
2026-05-06 16:00:00,28441.869,28481.827,28392.652,28418.356,60,1130
2026-05-06 17:00:00,28419.16,28489.497,28408.746,28478.482,60,1129
2026-05-06 18:00:00,28478.602,28544.206,28471.27,28517.525,60,1124
2026-05-06 19:00:00,28517.689,28605.416,28515.015,28591.491,60,1127
2026-05-06 20:00:00,28591.241,28679.241,28582.1,28673.03,15,1121
2026-05-06 22:00:00,28545.47,28579.566,28535.569,28560.425,60,2119
2026-05-06 23:00:00,28560.294,28576.899,28538.914,28553.164,60,1118
2026-05-07 00:00:00,28553.827,28576.558,28520.87,28545.392,60,1121
2026-05-07 01:00:00,28545.566,28599.381,28521.761,28581.566,60,1120
2026-05-07 02:00:00,28581.529,28589.87,28535.772,28569.261,60,1123
2026-05-07 03:00:00,28570.088,28585.779,28556.783,28575.219,60,1118
2026-05-07 04:00:00,28575.261,28596.761,28568.772,28587.75,60,1132
2026-05-07 05:00:00,28587.892,28611.349,28578.392,28603.849,60,1121
2026-05-07 06:00:00,28602.653,28631.294,28578.197,28621.164,60,1119
2026-05-07 07:00:00,28620.316,28688.327,28611.794,28662.283,60,1139
2026-05-07 08:00:00,28661.62,28698.279,28612.294,28620.838,60,1128
2026-05-07 09:00:00,28620.469,28645.805,28596.175,28613.75,60,1127
2026-05-07 10:00:00,28612.719,28626.099,28578.011,28610.794,60,1127
2026-05-07 11:00:00,28610.555,28634.12,28588.849,28615.783,60,1124
2026-05-07 12:00:00,28610.958,28643.399,28600.783,28638.5,60,1134
2026-05-07 13:00:00,28638.316,28685.62,28592.25,28665.849,60,1125
2026-05-07 14:00:00,28664.838,28825.563,28662.708,28809.19,60,1124
2026-05-07 15:00:00,28809.081,28810.596,28654.99,28666.176,60,1124
2026-05-07 16:00:00,28664.632,28665.299,28518.045,28576.391,60,1120
2026-05-07 17:00:00,28576.599,28592.137,28433.513,28575.683,60,1124
2026-05-07 18:00:00,28575.846,28596.561,28463.67,28525.019,60,1121
2026-05-07 19:00:00,28525.236,28588.775,28466.507,28564.615,60,1122
2026-05-07 20:00:00,28564.507,28646.453,28533.01,28591.857,15,1133
2026-05-07 22:00:00,28455.231,28556.436,28452.231,28501.649,60,2755
2026-05-07 23:00:00,28501.719,28566.649,28494.305,28565.892,60,1124
2026-05-08 00:00:00,28566.349,28633.555,28566.349,28631.914,60,1130
2026-05-08 01:00:00,28632.261,28669.149,28631.381,28647.649,60,1129
2026-05-08 02:00:00,28647.522,28659.761,28597.12,28634.414,60,1119
2026-05-08 03:00:00,28634.511,28663.529,28630.958,28659.783,60,1125
2026-05-08 04:00:00,28660.958,28682.533,28645.088,28666.529,60,1118
2026-05-08 05:00:00,28666.599,28716.099,28666.055,28692.033,60,1120
2026-05-08 06:00:00,28691.761,28724.936,28671.066,28723.142,60,1128
2026-05-08 07:00:00,28722.675,28724.153,28696.099,28715.029,60,1126
2026-05-08 08:00:00,28715.305,28755.816,28711.392,28749.044,60,1131
2026-05-08 09:00:00,28749.25,28784.029,28718.881,28738.794,60,1119
2026-05-08 10:00:00,28738.892,28776.588,28729.131,28750.261,60,1132
2026-05-08 11:00:00,28750.186,28801.529,28750.186,28785.279,60,1121
2026-05-08 12:00:00,28784.827,28862.925,28764.25,28799.544,60,1369
2026-05-08 13:00:00,28799.653,28993.544,28750.327,28993.544,60,1127
2026-05-08 14:00:00,28993.242,29059.779,28960.925,29049.772,60,1266
2026-05-08 15:00:00,29048.719,29104.279,29012.436,29077.653,60,1130
2026-05-08 16:00:00,29078.131,29134.697,29077.958,29128.149,60,1131
2026-05-08 17:00:00,29127.838,29204.305,29122.131,29150.642,60,1119
2026-05-08 18:00:00,29150.761,29181.697,29124.969,29127.186,60,1133
2026-05-08 19:00:00,29126.838,29226.011,29125.392,29223.903,60,1121
2026-05-08 20:00:00,29225.149,29270.011,29220.631,29230.925,15,1121
2026-05-11 00:00:00,29195.762,29291.139,29159.556,29187.36,60,1123
2026-05-11 01:00:00,29187.545,29244.654,29142.665,29231.001,60,1121
2026-05-11 02:00:00,29230.023,29252.459,29215.709,29228.882,60,1131
2026-05-11 03:00:00,29228.459,29239.769,29207.459,29216.269,60,1122
2026-05-11 04:00:00,29216.139,29235.567,29184.751,29233.328,60,1125
2026-05-11 05:00:00,29233.959,29245.371,29210.187,29213.578,60,1131
2026-05-11 06:00:00,29213.034,29246.139,29192.36,29213.567,60,1121
2026-05-11 07:00:00,29213.437,29218.893,29178.74,29214.49,60,1122
2026-05-11 08:00:00,29214.426,29221.578,29155.751,29189.198,60,1120
2026-05-11 09:00:00,29188.295,29256.904,29186.948,29207.426,60,1133
2026-05-11 10:00:00,29207.556,29224.773,29181.067,29193.534,60,1117
2026-05-11 11:00:00,29193.61,29280.306,29193.61,29240.089,60,1122
2026-05-11 12:00:00,29239.904,29245.019,29151.415,29189.404,60,1127
2026-05-11 13:00:00,29188.871,29326.262,29173.937,29202.056,60,1128
2026-05-11 14:00:00,29202.621,29308.595,29140.827,29281.467,60,1129
2026-05-11 15:00:00,29281.292,29364.169,29250.235,29354.528,60,1121
2026-05-11 16:00:00,29354.876,29369.357,29262.493,29296.116,60,1131
2026-05-11 17:00:00,29295.996,29366.329,29268.362,29331.199,60,1119
2026-05-11 18:00:00,29331.35,29364.629,29276.78,29278.327,60,1120
2026-05-11 19:00:00,29278.664,29324.349,29259.148,29317.177,60,1125
2026-05-11 20:00:00,29317.525,29318.557,29214.902,29279.999,15,1148
2026-05-11 22:00:00,29292.205,29348.683,29292.205,29337.988,60,1556
2026-05-11 23:00:00,29338.422,29346.358,29314.564,29321.216,60,1137
2026-05-12 00:00:00,29312.042,29312.042,29246.929,29271.205,60,1130
2026-05-12 01:00:00,29271.477,29284.299,29120.281,29163.161,60,1129
2026-05-12 02:00:00,29162.672,29257.314,29153.238,29253.727,60,1124
2026-05-12 03:00:00,29253.836,29256.955,29213.847,29217.803,60,1120
2026-05-12 04:00:00,29217.9,29230.858,29175.227,29175.227,60,1130
2026-05-12 05:00:00,29176.299,29196.108,29163.411,29174.77,60,1120
2026-05-12 06:00:00,29174.336,29184.799,29106.381,29111.316,60,1126
2026-05-12 07:00:00,29110.675,29146.283,29068.338,29131.75,60,1119
2026-05-12 08:00:00,29132.099,29137.529,29066.055,29106.447,60,1128
2026-05-12 09:00:00,29104.425,29137.914,29067.653,29112.447,60,1123
2026-05-12 10:00:00,29112.642,29139.649,29078.153,29099.892,60,1128
2026-05-12 11:00:00,29100.197,29108.708,29025.164,29057.392,60,1127
2026-05-12 12:00:00,29058.272,29123.881,29005.903,29115.458,60,1774
2026-05-12 13:00:00,29115.066,29186.529,29005.011,29018.708,60,1125
2026-05-12 14:00:00,29020.849,29117.779,28893.261,28905.87,60,1133
2026-05-12 15:00:00,28906.066,28922.588,28719.692,28731.262,60,1122
2026-05-12 16:00:00,28731.067,28803.937,28632.204,28638.926,60,1124
2026-05-12 17:00:00,28638.632,28820.869,28638.502,28813.49,60,1126
2026-05-12 18:00:00,28812.501,28901.185,28806.345,28848.573,60,1119
2026-05-12 19:00:00,28848.856,29080.205,28848.856,29065.582,60,1130
2026-05-12 20:00:00,29066.029,29067.713,28996.081,29017.239,15,1123
2026-05-12 22:00:00,29034.167,29082.447,29029.762,29038.631,60,1280
2026-05-12 23:00:00,29039.328,29052.839,28973.914,28978.131,60,1130
2026-05-13 00:00:00,28978.089,29052.186,28952.631,29040.925,60,1122
2026-05-13 01:00:00,29040.045,29155.817,29038.403,29110.817,60,1120
2026-05-13 02:00:00,29110.881,29136.664,29098.436,29118.653,60,1126
2026-05-13 03:00:00,29117.251,29160.649,29099.512,29144.37,60,1130
2026-05-13 04:00:00,29144.664,29193.001,29139.534,29183.12,60,1131
2026-05-13 05:00:00,29182.899,29205.769,29171.24,29192.37,60,1119
2026-05-13 06:00:00,29192.556,29248.269,29186.403,29205.381,60,1132
2026-05-13 07:00:00,29205.208,29266.806,29185.164,29266.175,60,1119
2026-05-13 08:00:00,29266.469,29342.686,29265.664,29308.556,60,1124
2026-05-13 09:00:00,29308.708,29321.631,29262.642,29316.578,60,1119
2026-05-13 10:00:00,29316.399,29319.186,29263.523,29280.784,60,1130
2026-05-13 11:00:00,29280.62,29290.219,29244.295,29265.719,60,1130
2026-05-13 12:00:00,29265.425,29296.149,29096.034,29131.899,60,1216
2026-05-13 13:00:00,29131.839,29200.219,28971.664,29105.806,56,1130
2026-05-13 14:00:00,29065.545,29217.189,29010.458,29213.472,60,1125
2026-05-13 15:00:00,29212.863,29276.116,29177.027,29203.944,60,1120
2026-05-13 16:00:00,29203.726,29355.869,29193.893,29340.315,60,1118
2026-05-13 17:00:00,29342.25,29388.113,29333.667,29335.081,60,1117
2026-05-13 18:00:00,29335.44,29455.594,29333.211,29361.744,60,1126
2026-05-13 19:00:00,29362.109,29429.578,29340.748,29365.829,60,1125
2026-05-13 20:00:00,29365.144,29407.787,29338.644,29400.761,15,1131
2026-05-13 22:00:00,29433.797,29501.033,29421.392,29482.838,60,1402
2026-05-13 23:00:00,29482.969,29541.033,29482.969,29525.149,60,1163
2026-05-14 00:00:00,29525.349,29585.522,29483.881,29573.881,60,1130
2026-05-14 01:00:00,29574.088,29575.283,29496.022,29500.958,60,1121
2026-05-14 02:00:00,29501.283,29528.029,29464.327,29480.447,60,1125
2026-05-14 03:00:00,29479.947,29503.022,29414.503,29428.642,60,1127
2026-05-14 04:00:00,29428.588,29492.197,29407.25,29460.219,60,1124
2026-05-14 05:00:00,29459.947,29507.149,29428.425,29496.12,60,1122
2026-05-14 06:00:00,29496.316,29533.414,29495.849,29501.399,60,1130
2026-05-14 07:00:00,29501.0,29526.088,29459.577,29466.881,60,1124
2026-05-14 08:00:00,29468.044,29521.914,29439.75,29469.164,60,1150
2026-05-14 09:00:00,29469.469,29481.958,29374.447,29426.403,60,1129
2026-05-14 10:00:00,29426.577,29486.149,29407.958,29437.761,60,1129
2026-05-14 11:00:00,29437.588,29469.708,29401.761,29432.414,60,1120
2026-05-14 12:00:00,29432.399,29468.149,29371.697,29387.555,60,1258
2026-05-14 13:00:00,29387.338,29577.381,29341.305,29434.349,60,1124
2026-05-14 14:00:00,29430.392,29623.283,29430.392,29568.0,60,1122
2026-05-14 15:00:00,29568.294,29669.697,29559.436,29651.139,60,1126
2026-05-14 16:00:00,29650.932,29676.999,29591.629,29624.04,60,1132
2026-05-14 17:00:00,29626.059,29649.728,29491.432,29626.302,60,1122
2026-05-14 18:00:00,29626.194,29626.194,29536.608,29603.889,60,1128
2026-05-14 19:00:00,29603.512,29629.599,29574.363,29581.747,60,1128
2026-05-14 20:00:00,29580.877,29632.419,29580.737,29603.659,15,1122
2026-05-14 22:00:00,29590.28,29619.724,29569.724,29606.974,60,1241
2026-05-14 23:00:00,29607.474,29631.963,29574.191,29586.746,60,1147
2026-05-15 00:00:00,29586.648,29625.876,29536.735,29582.843,60,1121
2026-05-15 01:00:00,29582.496,29590.56,29412.115,29417.876,60,1124
2026-05-15 02:00:00,29418.126,29496.159,29393.713,29479.974,60,1125
2026-05-15 03:00:00,29479.518,29492.202,29430.876,29463.018,60,1121
2026-05-15 04:00:00,29463.202,29463.202,29354.93,29360.365,60,1123
2026-05-15 05:00:00,29360.463,29361.137,29179.952,29179.952,60,1123
2026-05-15 06:00:00,29179.876,29314.137,29146.985,29304.06,60,1134
2026-05-15 07:00:00,29303.648,29368.709,29277.018,29305.441,60,1120
2026-05-15 08:00:00,29305.839,29307.821,29086.354,29164.582,60,1135
2026-05-15 09:00:00,29165.082,29189.191,29077.952,29124.648,60,1122
2026-05-15 10:00:00,29124.43,29268.974,29100.279,29229.941,60,1142
2026-05-15 11:00:00,29228.541,29254.571,29151.107,29154.089,60,1129
2026-05-15 12:00:00,29154.409,29155.398,29043.202,29090.68,60,1128
2026-05-15 13:00:00,29090.604,29190.843,28989.93,29044.582,60,1133
2026-05-15 14:00:00,29044.409,29281.839,29031.974,29183.768,60,1130
2026-05-15 15:00:00,29184.191,29281.891,29116.338,29183.909,60,1121
2026-05-15 16:00:00,29184.196,29253.019,29154.254,29225.479,60,1118
2026-05-15 17:00:00,29224.793,29352.649,29213.867,29350.316,60,1120
2026-05-15 18:00:00,29350.403,29388.882,29218.741,29291.18,60,1126
2026-05-15 19:00:00,29290.81,29299.889,29109.868,29132.584,60,1122
2026-05-15 20:00:00,29130.474,29132.225,29012.063,29055.611,15,1124
2026-05-18 00:00:00,29018.823,29047.498,28841.79,28937.106,60,1171
2026-05-18 01:00:00,28936.823,28954.084,28830.062,28925.726,60,1141
2026-05-18 02:00:00,28925.819,28997.171,28895.128,28913.715,60,1192
2026-05-18 03:00:00,28913.987,28974.476,28907.139,28959.215,60,1129
2026-05-18 04:00:00,28960.117,29020.073,28924.443,28954.432,60,1123
2026-05-18 05:00:00,28954.215,29001.069,28925.16,28946.79,60,1123
2026-05-18 06:00:00,28946.737,29016.248,28894.726,29014.498,60,1124
2026-05-18 07:00:00,29015.248,29078.965,28962.628,29024.04,60,1121
2026-05-18 08:00:00,29026.889,29145.649,29025.051,29144.12,60,1123
2026-05-18 09:00:00,29144.403,29151.779,29072.403,29092.783,60,1128
2026-05-18 10:00:00,29093.186,29098.37,28983.697,29023.055,60,1123
2026-05-18 11:00:00,29023.436,29177.164,28955.805,29079.914,60,1128
2026-05-18 12:00:00,29080.022,29322.529,29074.62,29311.066,60,1121
2026-05-18 13:00:00,29313.294,29321.327,29041.294,29143.415,60,1135
2026-05-18 14:00:00,29144.557,29199.894,28873.678,28981.624,60,1138
2026-05-18 15:00:00,28981.7,29025.009,28842.476,28897.844,60,1125
2026-05-18 16:00:00,28897.42,28972.341,28744.674,28906.979,60,1122
2026-05-18 17:00:00,28902.65,28937.93,28861.461,28914.24,60,1127
2026-05-18 18:00:00,28914.415,28921.007,28716.155,28744.361,60,1120
2026-05-18 19:00:00,28743.991,29012.682,28739.529,28997.778,60,1143
2026-05-18 20:00:00,28998.484,29006.38,28969.114,28979.899,15,1120
2026-05-18 22:00:00,28997.503,29076.37,28997.503,29061.099,60,1671
2026-05-18 23:00:00,29061.175,29088.077,29017.338,29037.881,60,1142
2026-05-19 00:00:00,29041.37,29091.62,28982.022,28988.099,60,1124
2026-05-19 01:00:00,28987.131,28998.447,28893.708,28917.022,60,1128
2026-05-19 02:00:00,28916.37,28917.164,28833.903,28875.338,60,1127
2026-05-19 03:00:00,28875.436,28941.649,28848.469,28893.208,60,1121
2026-05-19 04:00:00,28893.664,28894.164,28808.033,28864.349,60,1120
2026-05-19 05:00:00,28864.5,28879.649,28788.772,28838.903,60,1124
2026-05-19 06:00:00,28840.533,28924.327,28808.761,28924.142,60,1126
2026-05-19 07:00:00,28924.022,29028.631,28909.12,29005.794,60,1121
2026-05-19 08:00:00,29005.958,29020.75,28877.631,28908.838,60,1129
2026-05-19 09:00:00,28909.0,28909.175,28742.87,28818.529,60,1123
2026-05-19 10:00:00,28818.649,28834.077,28743.686,28827.425,60,1127
2026-05-19 11:00:00,28827.197,28853.958,28757.772,28757.772,60,1127
2026-05-19 12:00:00,28757.316,28840.925,28736.566,28817.044,60,1126
2026-05-19 13:00:00,28816.022,28971.142,28706.62,28837.753,60,1124
2026-05-19 14:00:00,28839.525,28841.805,28567.296,28707.567,60,1169
2026-05-19 15:00:00,28708.759,28781.715,28632.767,28721.366,60,1119
2026-05-19 16:00:00,28720.746,28938.191,28697.565,28926.044,60,1120
2026-05-19 17:00:00,28926.261,29031.869,28915.096,28976.225,60,1125
2026-05-19 18:00:00,28975.594,29008.81,28848.069,28864.122,60,1124
2026-05-19 19:00:00,28864.22,28963.519,28772.107,28826.229,60,1121
2026-05-19 20:00:00,28826.461,28844.458,28801.523,28825.985,15,1122
2026-05-19 22:00:00,28833.613,28863.239,28772.982,28817.83,60,1721
2026-05-19 23:00:00,28817.591,28930.493,28809.952,28857.352,60,1207
2026-05-20 00:00:00,28842.754,28878.989,28705.352,28845.309,60,1325
2026-05-20 01:00:00,28845.504,28904.852,28765.232,28887.048,60,1360
2026-05-20 02:00:00,28887.113,28923.015,28772.874,28791.46,60,1139
2026-05-20 03:00:00,28791.33,28820.609,28746.037,28802.609,60,1140
2026-05-20 04:00:00,28803.298,28855.885,28777.482,28789.418,60,1134
2026-05-20 05:00:00,28789.668,28888.21,28789.418,28861.798,60,1162
2026-05-20 06:00:00,28861.982,28946.239,28857.124,28945.863,60,1157
2026-05-20 07:00:00,28945.776,28971.21,28921.58,28933.385,60,1135
2026-05-20 08:00:00,28935.537,29042.982,28930.918,29005.407,60,1170
2026-05-20 09:00:00,29005.048,29055.765,28972.721,29030.798,60,1129
2026-05-20 10:00:00,29030.679,29062.993,29010.243,29014.885,60,1190
2026-05-20 11:00:00,29014.548,29035.276,28970.246,28987.885,60,1143
2026-05-20 12:00:00,28987.102,29075.232,28979.71,29010.863,60,1130
2026-05-20 13:00:00,29010.754,29100.841,28930.33,29006.602,60,1126
2026-05-20 14:00:00,29006.874,29187.561,28914.613,29169.549,58,1127
2026-05-20 15:00:00,29170.494,29267.379,29140.57,29241.129,58,1128
2026-05-20 16:00:00,29240.785,29245.786,29120.774,29172.976,60,1126
2026-05-20 17:00:00,29173.04,29229.473,29140.465,29212.378,60,1545
2026-05-20 18:00:00,29212.628,29254.488,29186.357,29210.41,60,1524
2026-05-20 19:00:00,29210.378,29304.429,29207.975,29302.689,60,1122
2026-05-20 20:00:00,29303.839,29304.959,29250.83,29265.706,15,1133
2026-05-20 22:00:00,29166.286,29188.305,29022.742,29100.522,60,3316
2026-05-20 23:00:00,29101.425,29133.849,29077.849,29102.414,60,2156
2026-05-21 00:00:00,29102.279,29141.969,29080.558,29130.566,60,2031
2026-05-21 01:00:00,29130.649,29229.969,29130.649,29222.772,60,1120
2026-05-21 02:00:00,29223.577,29286.283,29221.981,29238.403,60,1157
2026-05-21 03:00:00,29238.544,29290.686,29235.294,29271.327,60,1120
2026-05-21 04:00:00,29271.12,29333.566,29269.414,29328.649,60,1124
2026-05-21 05:00:00,29328.544,29348.827,29207.819,29276.653,60,1133
2026-05-21 06:00:00,29276.447,29302.664,29188.936,29210.697,60,1680
2026-05-21 07:00:00,29210.577,29242.279,29116.088,29231.381,60,1234
2026-05-21 08:00:00,29231.577,29371.805,29220.0,29283.403,60,2380
2026-05-21 09:00:00,29283.316,29338.294,29276.47,29290.381,60,1187
2026-05-21 10:00:00,29290.686,29302.529,29102.249,29154.72,60,3110
2026-05-21 11:00:00,29154.308,29202.511,29113.764,29162.899,60,2251
2026-05-21 12:00:00,29162.522,29193.492,29095.469,29103.142,60,1188
2026-05-21 13:00:00,29103.011,29224.022,29084.029,29197.936,60,1192
2026-05-21 14:00:00,29197.566,29247.969,29039.48,29148.002,60,1125
2026-05-21 15:00:00,29147.752,29215.292,29052.17,29178.97,60,1124
2026-05-21 16:00:00,29179.489,29223.089,29121.88,29170.341,60,1121
2026-05-21 17:00:00,29170.729,29463.394,29170.729,29406.974,60,1145
2026-05-21 18:00:00,29407.149,29431.457,29208.056,29248.37,60,1123
2026-05-21 19:00:00,29248.131,29372.607,29248.131,29354.084,60,1142
2026-05-21 20:00:00,29354.639,29381.069,29343.634,29367.585,15,1127
2026-05-21 22:00:00,29365.949,29461.338,29365.949,29456.099,60,3168
2026-05-21 23:00:00,29456.663,29489.305,29452.88,29468.349,60,1141
2026-05-22 00:00:00,29469.577,29520.424,29452.772,29483.279,60,1205
2026-05-22 01:00:00,29483.272,29496.435,29411.827,29447.909,58,1127
2026-05-22 02:00:00,29447.468,29473.305,29426.794,29466.979,60,1128
2026-05-22 03:00:00,29466.349,29495.649,29448.772,29495.175,60,1135
2026-05-22 04:00:00,29495.425,29520.279,29487.175,29514.794,60,1126
2026-05-22 05:00:00,29515.664,29528.827,29464.708,29469.088,60,1129
2026-05-22 06:00:00,29468.511,29515.399,29456.219,29485.131,60,1161
2026-05-22 07:00:00,29486.436,29507.469,29451.022,29505.62,60,1126
2026-05-22 08:00:00,29505.947,29587.529,29485.761,29487.283,60,1130
2026-05-22 09:00:00,29487.794,29488.305,29399.87,29449.022,60,1154
2026-05-22 10:00:00,29448.903,29448.903,29357.797,29387.719,60,1147
2026-05-22 11:00:00,29388.686,29449.899,29375.208,29431.392,60,1131
2026-05-22 12:00:00,29431.088,29517.936,29418.664,29517.149,60,1313
2026-05-22 13:00:00,29516.088,29637.783,29470.62,29563.22,60,1187
2026-05-22 14:00:00,29563.297,29577.932,29413.316,29570.993,60,1839
2026-05-22 15:00:00,29572.929,29635.116,29568.344,29610.283,60,1119
2026-05-22 16:00:00,29609.566,29616.355,29557.59,29596.817,60,1123
2026-05-22 17:00:00,29597.273,29667.321,29573.218,29603.289,60,1162
2026-05-22 18:00:00,29603.44,29611.96,29549.576,29575.734,60,1123
2026-05-22 19:00:00,29575.169,29582.239,29455.9,29474.304,60,1130
2026-05-22 20:00:00,29474.434,29501.008,29464.934,29484.784,15,1129
2026-05-25 00:00:00,29769.664,29858.62,29749.72,29838.436,60,1133
2026-05-25 01:00:00,29838.816,29871.779,29830.088,29848.066,60,1121
2026-05-25 02:00:00,29848.175,29883.892,29826.675,29881.077,60,1120
2026-05-25 03:00:00,29880.838,29911.708,29878.881,29885.642,60,1122
2026-05-25 04:00:00,29885.555,29909.197,29885.37,29898.149,60,1119
2026-05-25 05:00:00,29897.827,29918.029,29892.044,29892.338,60,1132
2026-05-25 06:00:00,29892.649,29908.279,29873.022,29891.197,60,1119
2026-05-25 07:00:00,29892.044,29910.838,29812.936,29895.458,60,1121
2026-05-25 08:00:00,29897.403,29897.969,29850.772,29886.279,60,1126
2026-05-25 09:00:00,29886.305,29899.969,29877.783,29879.599,60,1126
2026-05-25 10:00:00,29879.403,29898.149,29870.283,29895.37,60,1129
2026-05-25 11:00:00,29894.642,29912.436,29889.175,29896.197,60,1129
2026-05-25 12:00:00,29895.87,29910.511,29861.925,29865.011,60,1132
2026-05-25 13:00:00,29864.197,29917.149,29861.469,29916.761,60,1121
2026-05-25 14:00:00,29916.914,29917.088,29833.708,29852.5,60,1128
2026-05-25 15:00:00,29851.827,29913.316,29839.066,29846.37,60,1128
2026-05-25 16:00:00,29846.719,29882.399,29836.892,29879.664,59,1124
2026-05-25 22:00:00,29900.938,29900.938,29808.525,29816.894,60,2743
2026-05-25 23:00:00,29817.025,29827.144,29761.133,29805.394,60,1230
2026-05-26 00:00:00,29806.264,29806.47,29727.308,29748.525,60,1172
2026-05-26 01:00:00,29748.35,29760.503,29697.125,29738.286,60,1119
2026-05-26 02:00:00,29739.286,29754.786,29724.036,29744.069,60,1128
2026-05-26 03:00:00,29744.699,29755.629,29728.905,29746.405,60,1120
2026-05-26 04:00:00,29746.503,29755.379,29719.97,29727.405,60,1119
2026-05-26 05:00:00,29727.249,29742.35,29710.6,29732.547,60,1118
2026-05-26 06:00:00,29733.999,29771.927,29726.481,29751.253,60,1187
2026-05-26 07:00:00,29755.35,29756.449,29672.122,29700.416,60,1129
2026-05-26 08:00:00,29701.253,29737.249,29685.003,29734.525,60,1120
2026-05-26 09:00:00,29734.731,29777.308,29731.177,29773.688,60,1126
2026-05-26 10:00:00,29773.383,29841.058,29770.449,29781.416,60,1120
2026-05-26 11:00:00,29781.481,29800.731,29745.416,29792.297,60,1125
2026-05-26 12:00:00,29792.629,29856.749,29779.342,29847.129,60,1146
2026-05-26 13:00:00,29848.558,29929.981,29753.427,29929.981,60,1124
2026-05-26 14:00:00,29931.699,30042.995,29902.742,29979.864,60,1171
2026-05-26 15:00:00,29980.125,29991.543,29811.253,29850.609,60,1125
2026-05-26 16:00:00,29850.913,29939.831,29846.043,29899.943,60,1121
2026-05-26 17:00:00,29900.129,29937.534,29879.38,29921.906,60,1124
2026-05-26 18:00:00,29921.749,29984.919,29907.396,29937.985,60,1125
2026-05-26 19:00:00,29938.355,30036.549,29929.854,30004.117,60,1128
2026-05-26 20:00:00,30003.704,30007.444,29980.194,29982.151,15,1119
2026-05-26 22:00:00,29992.025,30005.399,29958.164,29967.958,60,2310
2026-05-26 23:00:00,29968.0,30033.077,29967.642,30028.599,60,1124
2026-05-27 00:00:00,30028.62,30065.827,30000.381,30058.327,60,1126
2026-05-27 01:00:00,30058.566,30087.588,30044.011,30052.033,60,1135
2026-05-27 02:00:00,30052.142,30087.649,30049.577,30066.261,60,1127
2026-05-27 03:00:00,30066.381,30083.649,30022.75,30026.511,60,1122
2026-05-27 04:00:00,30026.327,30053.077,30004.011,30034.469,60,1119
2026-05-27 05:00:00,30034.761,30049.186,29997.338,30032.011,60,1132
2026-05-27 06:00:00,30031.881,30039.219,29985.033,30004.577,60,1130
2026-05-27 07:00:00,30004.903,30072.761,30004.458,30069.436,60,1120
2026-05-27 08:00:00,30069.947,30145.779,30060.697,30125.316,60,1121
2026-05-27 09:00:00,30125.175,30142.779,30101.958,30142.197,60,1129
2026-05-27 10:00:00,30142.261,30176.969,30141.077,30163.899,60,1124
2026-05-27 11:00:00,30164.631,30225.425,30164.577,30194.186,60,1118
2026-05-27 12:00:00,30193.686,30306.827,30172.066,30190.653,59,1125
2026-05-27 13:00:00,30190.305,30199.779,29867.261,29990.077,60,1133
2026-05-27 14:00:00,29989.577,30027.664,29814.505,29866.419,60,1125
2026-05-27 15:00:00,29866.505,29905.569,29808.667,29861.022,60,1128
2026-05-27 16:00:00,29860.663,29976.576,29845.846,29915.448,60,1127
2026-05-27 17:00:00,29915.759,29924.104,29822.336,29899.528,60,1121
2026-05-27 18:00:00,29899.397,29986.936,29889.717,29966.307,60,1124
2026-05-27 19:00:00,29966.383,29997.079,29937.464,29971.312,60,1121
2026-05-27 20:00:00,29972.509,29997.166,29962.409,29984.401,15,1123
2026-05-27 22:00:00,30041.547,30066.099,29957.272,29991.316,60,3226
2026-05-27 23:00:00,29991.849,30009.511,29897.142,29909.881,60,1134
2026-05-28 00:00:00,29911.447,30019.783,29900.529,30001.849,60,1123
2026-05-28 01:00:00,30001.294,30010.566,29964.772,30001.588,60,1121
2026-05-28 02:00:00,30001.283,30009.849,29901.697,29903.816,60,1125
2026-05-28 03:00:00,29904.62,29915.458,29726.969,29742.044,60,1125
2026-05-28 04:00:00,29742.164,29755.25,29694.642,29718.925,60,1129
2026-05-28 05:00:00,29719.099,29841.947,29699.588,29835.164,60,1118
2026-05-28 06:00:00,29835.327,29868.469,29810.849,29839.469,60,1135
2026-05-28 07:00:00,29842.425,29895.099,29842.425,29886.719,60,1129
2026-05-28 08:00:00,29886.447,29924.816,29877.816,29914.261,60,1126
2026-05-28 09:00:00,29914.566,29928.529,29871.903,29906.153,60,1126
2026-05-28 10:00:00,29905.055,29906.142,29807.077,29815.294,60,1123
2026-05-28 11:00:00,29815.447,29870.175,29801.664,29854.827,60,1123
2026-05-28 12:00:00,29855.149,29997.794,29852.849,29986.197,60,1174
2026-05-28 13:00:00,29986.529,30042.642,29850.011,29917.952,60,1120
2026-05-28 14:00:00,29917.865,30114.991,29890.241,30112.119,54,1150
2026-05-28 15:00:00,30111.494,30217.328,30105.166,30187.692,60,1131
2026-05-28 16:00:00,30187.572,30252.838,30162.174,30250.342,60,1128
2026-05-28 17:00:00,30250.299,30264.434,30206.018,30240.77,60,1126
2026-05-28 18:00:00,30242.021,30260.452,30204.031,30215.474,60,1120
2026-05-28 19:00:00,30215.343,30250.086,30195.747,30223.371,60,1120
2026-05-28 20:00:00,30223.86,30252.396,30209.058,30250.874,15,1129
2026-05-28 22:00:00,30255.759,30287.829,30214.893,30223.774,60,1973
2026-05-28 23:00:00,30224.013,30253.509,30222.502,30227.991,60,1152
2026-05-29 00:00:00,30227.882,30227.882,30161.241,30174.36,60,1133
2026-05-29 01:00:00,30174.241,30189.959,30143.079,30174.002,60,1121
2026-05-29 02:00:00,30174.307,30197.48,30154.263,30164.61,60,1120
2026-05-29 03:00:00,30165.807,30200.889,30162.698,30187.23,60,1119
2026-05-29 04:00:00,30187.557,30228.535,30186.513,30227.176,45,1119
2026-05-29 05:00:00,30232.639,30244.687,30218.643,30229.198,45,1118
2026-05-29 06:00:00,30257.002,30277.024,30249.132,30275.426,22,1128
2026-05-29 07:00:00,30275.176,30275.176,30193.013,30226.709,60,1130
2026-05-29 08:00:00,30223.513,30251.889,30214.209,30242.046,60,1131
2026-05-29 09:00:00,30241.86,30295.329,30236.024,30258.513,60,1123
2026-05-29 10:00:00,30258.632,30276.187,30227.36,30266.959,60,1118
2026-05-29 11:00:00,30266.889,30298.307,30225.557,30275.774,60,1118
2026-05-29 12:00:00,30276.509,30277.389,30226.404,30275.491,60,1119
2026-05-29 13:00:00,30275.654,30449.643,30262.882,30448.632,60,1127
2026-05-29 14:00:00,30448.307,30466.429,30206.002,30298.002,60,1120
2026-05-29 15:00:00,30297.394,30377.859,30276.389,30299.429,60,1122
2026-05-29 16:00:00,30299.755,30384.938,30296.859,30334.989,60,1129
2026-05-29 17:00:00,30335.042,30347.794,30233.346,30239.586,60,1127
2026-05-29 18:00:00,30239.347,30338.497,30229.018,30260.359,60,1127
2026-05-29 19:00:00,30259.755,30377.646,30250.854,30328.841,60,1118
2026-06-01 00:00:00,30418.658,30493.222,30409.842,30479.136,60,1124
2026-06-01 01:00:00,30479.255,30490.897,30460.592,30486.994,60,1125
2026-06-01 02:00:00,30487.472,30507.277,30482.125,30487.994,60,1128
2026-06-01 03:00:00,30488.099,30532.788,30475.755,30484.092,60,1120
2026-06-01 04:00:00,30484.244,30519.386,30482.494,30512.147,60,1125
2026-06-01 05:00:00,30511.908,30529.799,30489.581,30517.658,60,1126
2026-06-01 06:00:00,30517.777,30527.972,30493.636,30517.849,60,1118
2026-06-01 07:00:00,30517.777,30530.45,30425.233,30449.961,60,1125
2026-06-01 08:00:00,30449.849,30454.494,30382.711,30437.908,60,1126
2026-06-01 09:00:00,30438.038,30450.849,30392.669,30400.766,60,1133
2026-06-01 10:00:00,30403.038,30443.125,30393.103,30432.614,60,1125
2026-06-01 11:00:00,30432.483,30439.961,30390.799,30401.538,60,1118
2026-06-01 12:00:00,30400.886,30434.45,30355.169,30387.908,60,1122
2026-06-01 13:00:00,30388.027,30405.016,30230.538,30247.536,57,1133
2026-06-01 14:00:00,30257.308,30389.838,30231.775,30379.816,60,1414
2026-06-01 15:00:00,30379.881,30497.029,30358.827,30444.708,60,1129
2026-06-01 16:00:00,30444.566,30527.088,30393.783,30524.316,60,1143
2026-06-01 17:00:00,30524.12,30634.664,30477.914,30613.272,60,1132
2026-06-01 18:00:00,30612.958,30617.599,30557.458,30566.066,60,1132
2026-06-01 19:00:00,30565.892,30590.403,30498.772,30514.37,60,1119
2026-06-01 20:00:00,30514.164,30516.131,30491.272,30499.436,15,1120
2026-06-01 22:00:00,30483.036,30490.547,30378.283,30405.029,60,1824
2026-06-01 23:00:00,30404.653,30426.029,30389.697,30415.881,60,1135
2026-06-02 00:00:00,30415.783,30415.783,30309.805,30319.969,60,1124
2026-06-02 01:00:00,30319.511,30347.772,30279.914,30280.272,60,1138
2026-06-02 02:00:00,30280.022,30331.099,30269.577,30320.425,60,1137
2026-06-02 03:00:00,30320.12,30329.899,30264.414,30310.044,60,1127
2026-06-02 04:00:00,30310.208,30391.349,30305.349,30389.794,60,1126
2026-06-02 05:00:00,30390.529,30439.511,30377.033,30423.066,60,1120
2026-06-02 06:00:00,30422.925,30462.149,30415.761,30461.219,60,1121
2026-06-02 07:00:00,30461.055,30493.649,30456.197,30476.338,60,1125
2026-06-02 08:00:00,30476.62,30515.011,30476.62,30494.947,60,1121
2026-06-02 09:00:00,30494.5,30532.599,30472.044,30511.794,60,1125
2026-06-02 10:00:00,30511.675,30517.838,30474.772,30475.686,60,1120
2026-06-02 11:00:00,30475.533,30520.011,30450.338,30477.381,60,1125
2026-06-02 12:00:00,30479.022,30506.197,30469.805,30475.544,60,1127
2026-06-02 13:00:00,30476.033,30550.099,30370.892,30548.675,60,1133
2026-06-02 14:00:00,30547.881,30593.529,30484.392,30591.572,60,1180
2026-06-02 15:00:00,30592.399,30646.729,30560.712,30638.823,60,1117
2026-06-02 16:00:00,30638.681,30660.579,30589.138,30638.941,60,1131
2026-06-02 17:00:00,30638.691,30650.46,30555.597,30573.245,60,1128
2026-06-02 18:00:00,30573.599,30607.426,30546.955,30585.844,60,1125
2026-06-02 19:00:00,30585.713,30668.449,30585.105,30655.593,60,1121
2026-06-02 20:00:00,30655.969,30711.504,30646.981,30686.854,15,1126
2026-06-02 22:00:00,30693.392,30710.149,30651.5,30657.566,60,1147
2026-06-02 23:00:00,30657.349,30666.899,30521.719,30660.414,60,1135
2026-06-03 00:00:00,30660.588,30678.131,30624.555,30673.164,60,1131
2026-06-03 01:00:00,30673.0,30675.327,30606.294,30636.279,60,1123
2026-06-03 02:00:00,30636.142,30647.279,30618.447,30632.5,60,1121
2026-06-03 03:00:00,30632.458,30662.316,30625.316,30659.566,60,1126
2026-06-03 04:00:00,30659.75,30683.522,30654.272,30655.838,60,1129
2026-06-03 05:00:00,30655.664,30676.469,30633.164,30642.436,60,1126
2026-06-03 06:00:00,30643.349,30670.899,30625.511,30651.403,60,1120
2026-06-03 07:00:00,30651.447,30692.529,30639.816,30675.327,60,1119
2026-06-03 08:00:00,30675.458,30704.649,30655.066,30670.425,60,1122
2026-06-03 09:00:00,30670.5,30723.279,30664.566,30687.349,60,1117
2026-06-03 10:00:00,30687.294,30736.566,30669.279,30707.555,60,1124
2026-06-03 11:00:00,30707.392,30746.649,30707.392,30733.305,60,1131
2026-06-03 12:00:00,30733.458,30749.914,30653.697,30670.458,60,1123
2026-06-03 13:00:00,30670.62,30759.925,30449.308,30512.286,60,1137
2026-06-03 14:00:00,30513.536,30691.969,30510.499,30620.011,60,1380
2026-06-03 15:00:00,30620.197,30665.243,30516.815,30553.215,60,1121
2026-06-03 16:00:00,30552.171,30571.157,30453.682,30554.38,60,1127
2026-06-03 17:00:00,30554.729,30596.968,30465.805,30592.92,60,1121
2026-06-03 18:00:00,30593.181,30630.547,30557.711,30599.18,60,1122
2026-06-03 19:00:00,30598.746,30638.955,30557.355,30580.303,60,1123
2026-06-03 20:00:00,30577.084,30581.543,30540.666,30551.229,15,1167
2026-06-03 22:00:00,30388.558,30440.936,30317.25,30399.761,60,2587
2026-06-03 23:00:00,30400.175,30405.925,30314.197,30336.969,60,1175
2026-06-04 00:00:00,30336.838,30445.0,30336.533,30441.75,60,1358
2026-06-04 01:00:00,30439.816,30473.305,30381.5,30396.316,60,1121
2026-06-04 02:00:00,30398.969,30398.969,30296.529,30355.936,60,1123
2026-06-04 03:00:00,30356.022,30429.805,30352.75,30423.0,60,1133
2026-06-04 04:00:00,30423.522,30450.279,30410.142,30440.577,60,1131
2026-06-04 05:00:00,30440.316,30442.958,30393.381,30426.642,60,1130
2026-06-04 06:00:00,30426.914,30476.458,30408.077,30472.37,60,1132
2026-06-04 07:00:00,30472.555,30486.969,30433.447,30442.599,60,1127
2026-06-04 08:00:00,30441.783,30443.555,30269.899,30287.349,60,1215
2026-06-04 09:00:00,30287.219,30291.708,30191.936,30279.142,60,1198
2026-06-04 10:00:00,30279.261,30280.403,30147.588,30187.881,60,1132
2026-06-04 11:00:00,30187.816,30231.175,30107.631,30223.029,60,1130
2026-06-04 12:00:00,30222.653,30272.697,30166.469,30253.425,60,1181
2026-06-04 13:00:00,30253.033,30307.0,30131.149,30189.145,60,1129
2026-06-04 14:00:00,30189.351,30297.16,30091.883,30295.791,60,1127
2026-06-04 15:00:00,30296.498,30409.679,30293.888,30353.911,60,1120
2026-06-04 16:00:00,30354.346,30434.089,30335.612,30420.384,60,1118
2026-06-04 17:00:00,30417.139,30504.669,30405.775,30500.817,60,1126
2026-06-04 18:00:00,30500.959,30540.379,30488.389,30495.52,60,1154
2026-06-04 19:00:00,30495.299,30539.153,30415.005,30418.866,60,1122
2026-06-04 20:00:00,30419.008,30428.736,30373.968,30385.905,15,1120
2026-06-04 22:00:00,30350.806,30364.697,30259.686,30309.567,60,3491
2026-06-04 23:00:00,30309.251,30314.149,30198.339,30206.925,60,1141
2026-06-05 00:00:00,30207.381,30207.381,30074.828,30085.99,60,1121
2026-06-05 01:00:00,30086.284,30140.019,29996.067,30139.001,60,1120
2026-06-05 02:00:00,30138.62,30191.958,30114.839,30157.175,60,1131
2026-06-05 03:00:00,30157.37,30171.769,30089.164,30106.078,60,1128
2026-06-05 04:00:00,30106.686,30186.149,30100.219,30172.414,60,1130
2026-06-05 05:00:00,30172.892,30176.49,30105.99,30112.925,60,1124
2026-06-05 06:00:00,30112.381,30156.958,30056.458,30066.131,60,1125
2026-06-05 07:00:00,30066.089,30101.697,30005.403,30094.012,60,1125
2026-06-05 08:00:00,30096.392,30165.899,30063.512,30102.175,60,1129
2026-06-05 09:00:00,30102.317,30178.425,30095.208,30141.399,59,1129
2026-06-05 10:00:00,30142.925,30179.512,30135.414,30138.708,60,1131
2026-06-05 11:00:00,30138.251,30140.523,30083.914,30090.925,60,1146
2026-06-05 12:00:00,30089.958,30100.175,29986.762,29998.186,60,1852
2026-06-05 13:00:00,29997.675,30042.399,29714.839,29716.012,57,1131
2026-06-05 14:00:00,29717.284,29884.556,29702.208,29804.341,53,1157
2026-06-05 15:00:00,29804.989,29820.584,29563.691,29607.69,60,1131
2026-06-05 16:00:00,29608.593,29609.364,29330.942,29436.586,60,1128
2026-06-05 17:00:00,29436.466,29454.62,29309.431,29422.683,60,1120
2026-06-05 18:00:00,29419.569,29427.757,29048.643,29141.783,60,1128
2026-06-05 19:00:00,29140.902,29161.609,28926.927,28967.994,60,1122
2026-06-05 20:00:00,28968.505,28994.484,28771.391,28785.568,15,1251
2026-06-08 00:00:00,29043.131,29245.033,29017.5,29174.708,60,1305
2026-06-08 01:00:00,29174.838,29193.425,28980.22,29116.164,60,1655
2026-06-08 02:00:00,29116.838,29200.62,29062.522,29168.044,60,1454
2026-06-08 03:00:00,29168.403,29189.403,29133.529,29169.099,60,1189
2026-06-08 04:00:00,29169.399,29179.805,29045.794,29047.838,60,1135
2026-06-08 05:00:00,29047.958,29096.5,28930.316,28973.469,60,1148
2026-06-08 06:00:00,28973.529,29108.149,28957.805,29059.219,60,1504
2026-06-08 07:00:00,29059.066,29237.936,29040.903,29213.794,60,1181
2026-06-08 08:00:00,29213.892,29224.305,29114.525,29134.649,60,1140
2026-06-08 09:00:00,29134.914,29196.914,29102.327,29196.914,60,1134
2026-06-08 10:00:00,29197.077,29215.779,29133.036,29199.099,59,1130
2026-06-08 11:00:00,29199.392,29395.044,29170.958,29332.425,60,1254
2026-06-08 12:00:00,29332.029,29463.425,29323.827,29443.327,60,1126
2026-06-08 13:00:00,29443.719,29561.649,29299.958,29308.066,60,1139
2026-06-08 14:00:00,29307.599,29624.946,29289.088,29623.814,59,1130
2026-06-08 15:00:00,29628.193,29697.619,29513.703,29603.537,56,1194
2026-06-08 16:00:00,29588.2,29647.067,29509.885,29535.843,52,1118
2026-06-08 17:00:00,29536.071,29578.269,29442.379,29513.744,60,1130
2026-06-08 18:00:00,29513.265,29572.459,29483.559,29497.5,60,1130
2026-06-08 19:00:00,29497.772,29503.379,29333.292,29408.685,60,1122
2026-06-08 20:00:00,29408.826,29425.38,29382.779,29399.755,15,1125
2026-06-08 22:00:00,29411.503,29428.649,29282.664,29386.338,60,2676
2026-06-08 23:00:00,29386.849,29442.153,29344.797,29385.249,60,1245
2026-06-09 00:00:00,29384.503,29401.077,29265.522,29298.208,60,2172
2026-06-09 01:00:00,29298.327,29507.279,29290.631,29452.892,60,1165
2026-06-09 02:00:00,29453.577,29484.849,29421.436,29475.149,60,1136
2026-06-09 03:00:00,29475.099,29553.327,29461.925,29542.279,60,1159
2026-06-09 04:00:00,29542.261,29591.577,29529.772,29564.544,60,1186
2026-06-09 05:00:00,29564.708,29612.164,29550.036,29594.838,60,1136
2026-06-09 06:00:00,29594.903,29635.599,29562.272,29583.899,60,1121
2026-06-09 07:00:00,29580.142,29648.827,29547.783,29565.566,41,1149
2026-06-09 08:00:00,29549.261,29646.219,29527.805,29601.261,58,1250
2026-06-09 09:00:00,29601.029,29655.708,29595.588,29639.37,60,1125
2026-06-09 10:00:00,29640.838,29656.849,29586.514,29644.522,60,1211
2026-06-09 11:00:00,29644.425,29686.649,29630.936,29640.664,60,1121
2026-06-09 12:00:00,29640.533,29698.077,29614.555,29692.999,60,1128
2026-06-09 13:00:00,29687.649,29807.131,29596.827,29634.261,60,1132
2026-06-09 14:00:00,29634.514,29672.664,29048.483,29199.476,60,1196
2026-06-09 15:00:00,29199.628,29259.921,28641.426,28656.458,60,1135
2026-06-09 16:00:00,28656.709,28745.316,28239.466,28438.856,55,1141
2026-06-09 17:00:00,28438.439,28885.769,28428.235,28790.564,60,1436
2026-06-09 18:00:00,28790.967,29051.509,28746.271,29026.593,60,1145
2026-06-09 19:00:00,29026.973,29105.677,28799.581,29073.002,60,1150
2026-06-09 20:00:00,29072.882,29152.279,29042.223,29060.298,15,1533
2026-06-09 22:00:00,29044.149,29077.167,28948.189,28988.873,60,4028
2026-06-09 23:00:00,28989.501,29061.156,28943.351,29027.197,60,3573
2026-06-10 00:00:00,29027.899,29131.219,28923.425,29037.395,60,1678
2026-06-10 01:00:00,29036.59,29075.339,28973.373,28997.153,60,3120
2026-06-10 02:00:00,28996.899,29004.175,28923.62,28932.689,60,1995
2026-06-10 03:00:00,28932.928,29008.142,28928.84,28954.881,60,1315
2026-06-10 04:00:00,28955.019,28964.806,28831.656,28859.84,60,2141
2026-06-10 05:00:00,28859.917,28928.664,28817.689,28904.947,60,2872
2026-06-10 06:00:00,28906.567,28974.501,28896.439,28928.779,60,1403
2026-06-10 07:00:00,28928.783,28960.816,28888.686,28923.62,60,1231
2026-06-10 08:00:00,28923.761,28924.838,28702.569,28723.25,60,1321
2026-06-10 09:00:00,28722.969,28778.279,28644.808,28739.164,60,1204
2026-06-10 10:00:00,28740.399,28804.099,28660.142,28786.749,60,1658
2026-06-10 11:00:00,28787.275,28805.294,28570.797,28638.327,54,2546
2026-06-10 12:00:00,28644.555,28952.588,28623.286,28792.827,60,3304
2026-06-10 13:00:00,28792.925,29122.272,28738.011,28984.996,60,1185
2026-06-10 14:00:00,28999.695,29213.224,28819.534,28865.408,60,1314
2026-06-10 15:00:00,28863.855,28948.299,28630.168,28816.761,58,1560
2026-06-10 16:00:00,28817.033,28857.843,28627.083,28680.484,60,1659
2026-06-10 17:00:00,28679.712,28755.469,28579.936,28740.749,60,1255
2026-06-10 18:00:00,28741.542,28793.486,28538.888,28570.472,60,1132
2026-06-10 19:00:00,28570.609,28630.549,28456.377,28490.55,60,1130
2026-06-10 20:00:00,28489.781,28496.629,28394.354,28460.012,15,2422
2026-06-10 22:00:00,28413.658,28437.383,28296.72,28308.592,60,4234
2026-06-10 23:00:00,28309.32,28412.919,28233.636,28330.147,60,3426
2026-06-11 00:00:00,28330.938,28538.125,28302.364,28518.144,60,2626
2026-06-11 01:00:00,28518.636,28730.629,28517.775,28611.6,60,2080
2026-06-11 02:00:00,28610.999,28664.97,28498.408,28603.938,60,1737
2026-06-11 03:00:00,28604.249,28712.655,28548.581,28706.775,60,1753
2026-06-11 04:00:00,28708.22,28770.144,28672.603,28743.525,60,1545
2026-06-11 05:00:00,28743.819,28749.558,28678.875,28715.003,60,1578
2026-06-11 06:00:00,28714.85,28764.749,28653.331,28760.1,60,2016
2026-06-11 07:00:00,28759.879,28835.992,28735.361,28811.664,60,1362
2026-06-11 08:00:00,28811.544,28901.529,28811.544,28876.903,60,1340
2026-06-11 09:00:00,28877.208,28888.779,28824.925,28844.881,60,1449
2026-06-11 10:00:00,28845.029,28883.316,28842.794,28845.566,60,1726
2026-06-11 11:00:00,28844.653,28875.425,28779.783,28867.881,60,1241
2026-06-11 12:00:00,28870.529,28881.219,28604.742,28779.719,56,2992
2026-06-11 13:00:00,28779.186,28978.058,28618.914,28866.555,58,1183
2026-06-11 14:00:00,28867.719,29015.222,28575.27,28616.31,60,1538
2026-06-11 15:00:00,28616.339,28870.369,28544.986,28823.164,60,1485
2026-06-11 16:00:00,28825.387,28940.398,28734.099,28734.332,60,1428
2026-06-11 17:00:00,28735.275,29266.587,28646.01,29179.71,60,1431
2026-06-11 18:00:00,29179.099,29274.854,29035.11,29234.789,60,1430
2026-06-11 19:00:00,29234.597,29506.543,29195.698,29431.643,60,1433
2026-06-11 20:00:00,29429.51,29484.121,29382.632,29479.786,15,1432
2026-06-11 22:00:00,29421.786,29557.231,29419.265,29530.242,60,3440
2026-06-11 23:00:00,29531.287,29563.342,29467.51,29548.954,60,3434
2026-06-12 00:00:00,29546.975,29616.332,29508.331,29560.087,60,3446
2026-06-12 01:00:00,29560.598,29561.487,29439.253,29523.587,60,3436
2026-06-12 02:00:00,29523.576,29555.509,29476.443,29533.964,60,3428
2026-06-12 03:00:00,29534.497,29534.989,29463.297,29501.243,60,3430
2026-06-12 04:00:00,29501.289,29520.298,29460.243,29515.32,60,3438
2026-06-12 05:00:00,29515.02,29525.954,29346.443,29372.81,60,3431
2026-06-12 06:00:00,29372.421,29445.421,29307.22,29332.465,60,3434
2026-06-12 07:00:00,29332.464,29424.021,29232.742,29400.321,60,3436
2026-06-12 08:00:00,29401.619,29537.865,29388.519,29451.265,60,3437
2026-06-12 09:00:00,29451.31,29640.576,29449.464,29593.742,60,3437
2026-06-12 10:00:00,29593.776,29628.387,29489.519,29521.109,60,3435
2026-06-12 11:00:00,29524.587,29630.598,29521.031,29609.243,60,3438
2026-06-12 12:00:00,29607.92,29617.387,29360.232,29383.232,60,3434
2026-06-12 13:00:00,29383.842,29469.92,29206.308,29331.554,60,3434
2026-06-12 14:00:00,29330.608,29621.998,29325.009,29611.753,60,1437
2026-06-12 15:00:00,29612.543,29736.51,29387.064,29415.865,60,1442
2026-06-12 16:00:00,29417.243,29656.064,29388.253,29648.343,60,1432
2026-06-12 17:00:00,29653.742,29722.199,29624.509,29657.921,60,1430
2026-06-12 18:00:00,29659.531,29694.699,29584.864,29622.42,60,1429
2026-06-12 19:00:00,29621.432,29686.954,29554.232,29625.142,60,1430
2026-06-12 20:00:00,29622.343,29692.676,29622.343,29688.176,15,1429
2026-06-15 00:00:00,30026.054,30143.597,30015.82,30111.989,60,3430
2026-06-15 01:00:00,30111.854,30156.589,30098.875,30141.397,60,3430
2026-06-15 02:00:00,30140.91,30183.319,30136.331,30174.109,60,3436
2026-06-15 03:00:00,30174.299,30190.964,30155.354,30159.965,60,3430
2026-06-15 04:00:00,30160.919,30204.789,30144.398,30203.254,60,3447
2026-06-15 05:00:00,30203.076,30216.886,30177.264,30207.397,60,3433
2026-06-15 06:00:00,30208.008,30229.689,30193.287,30222.599,60,3437
2026-06-15 07:00:00,30222.454,30241.886,30193.487,30217.489,60,3437
2026-06-15 08:00:00,30217.021,30296.82,30211.387,30260.086,60,3442
2026-06-15 09:00:00,30259.919,30271.854,30179.31,30217.119,60,3434
2026-06-15 10:00:00,30217.253,30239.499,30199.854,30230.276,58,3435
2026-06-15 11:00:00,30229.276,30290.789,30224.589,30267.265,60,3438
2026-06-15 12:00:00,30267.409,30285.589,30208.732,30251.265,60,3429
2026-06-15 13:00:00,30251.165,30473.089,30233.354,30376.331,60,3427
2026-06-15 14:00:00,30376.408,30473.398,30345.21,30448.986,60,1428
2026-06-15 15:00:00,30449.354,30561.85,30446.254,30555.244,60,1435
2026-06-15 16:00:00,30555.113,30587.498,30524.82,30542.353,60,1195
2026-06-15 17:00:00,30542.32,30565.686,30508.175,30533.394,60,1178
2026-06-15 18:00:00,30533.499,30564.753,30499.687,30536.126,60,1308
2026-06-15 19:00:00,30536.257,30550.559,30489.731,30540.453,60,1232
2026-06-15 20:00:00,30541.309,30567.289,30529.01,30545.722,15,1252
2026-06-15 22:00:00,30532.247,30544.247,30432.297,30482.489,60,1871
2026-06-15 23:00:00,30482.299,30521.527,30472.765,30512.82,60,1723
2026-06-16 00:00:00,30505.031,30531.636,30443.875,30450.976,60,2278
2026-06-16 01:00:00,30450.81,30480.472,30434.2,30462.244,60,3345
2026-06-16 02:00:00,30462.331,30483.777,30445.41,30461.864,60,2143
2026-06-16 03:00:00,30458.221,30534.665,30453.787,30509.853,60,3345
2026-06-16 04:00:00,30510.349,30513.847,30473.103,30492.961,60,3392
2026-06-16 05:00:00,30492.82,30523.525,30474.577,30484.211,60,3386
2026-06-16 06:00:00,30484.505,30514.733,30476.733,30506.647,60,3365
2026-06-16 07:00:00,30506.908,30525.114,30483.431,30514.865,60,3386
2026-06-16 08:00:00,30518.34,30622.82,30505.364,30604.842,60,3318
2026-06-16 09:00:00,30605.479,30610.027,30542.102,30549.081,60,1606
2026-06-16 10:00:00,30544.82,30615.32,30544.82,30612.538,60,3366
2026-06-16 11:00:00,30612.7,30652.599,30599.987,30618.831,60,1840
2026-06-16 12:00:00,30617.85,30630.516,30492.532,30505.229,60,1858
2026-06-16 13:00:00,30504.614,30566.908,30429.489,30481.209,60,2067
2026-06-16 14:00:00,30482.876,30529.475,30237.142,30275.261,60,1302
2026-06-16 15:00:00,30274.936,30336.289,30081.306,30141.167,60,1083
2026-06-16 16:00:00,30141.298,30244.944,30119.232,30169.026,60,1187
2026-06-16 17:00:00,30169.179,30191.697,30074.284,30148.075,60,963
2026-06-16 18:00:00,30148.153,30167.265,30090.346,30107.258,60,1205
2026-06-16 19:00:00,30108.12,30144.211,29967.762,29970.453,60,1159
2026-06-16 20:00:00,29970.856,29992.399,29957.494,29973.765,15,1428
2026-06-16 22:00:00,30004.808,30054.921,29995.97,30044.827,60,1902
2026-06-16 23:00:00,30044.642,30045.708,29974.525,29995.153,60,4167
2026-06-17 00:00:00,30002.753,30067.577,30002.753,30048.783,60,1891
2026-06-17 01:00:00,30049.414,30114.827,30032.892,30112.164,60,1893
2026-06-17 02:00:00,30112.011,30128.279,30098.37,30105.87,60,4854
2026-06-17 03:00:00,30106.153,30134.649,30082.675,30131.533,60,1742
2026-06-17 04:00:00,30130.936,30152.029,30112.75,30151.5,60,3696
2026-06-17 05:00:00,30152.142,30192.033,30145.903,30165.75,60,2734
2026-06-17 06:00:00,30165.697,30210.903,30150.261,30209.338,60,4347
2026-06-17 07:00:00,30209.305,30244.5,30204.055,30225.142,60,4701
2026-06-17 08:00:00,30224.947,30249.649,30130.338,30175.164,60,1832
2026-06-17 09:00:00,30175.392,30191.854,30114.544,30128.033,60,4677
2026-06-17 10:00:00,30127.892,30163.899,30086.294,30125.029,60,2614
2026-06-17 11:00:00,30124.675,30157.349,30053.425,30080.838,60,4194
2026-06-17 12:00:00,30083.87,30185.642,30080.675,30156.022,60,3098
2026-06-17 13:00:00,30155.958,30206.719,30012.555,30017.519,60,2215
2026-06-17 14:00:00,30016.076,30212.399,29988.903,30028.789,60,1335
2026-06-17 15:00:00,30028.483,30128.424,30015.221,30119.652,60,1049
2026-06-17 16:00:00,30120.208,30143.089,30067.386,30078.999,60,1125
2026-06-17 17:00:00,30078.487,30143.764,29997.932,30143.764,60,1427
2026-06-17 18:00:00,30143.797,30197.119,29749.91,29953.699,60,1771
2026-06-17 19:00:00,29952.521,30049.71,29600.443,29673.41,60,1427
2026-06-17 20:00:00,29672.443,29766.975,29667.164,29706.904,15,1382
2026-06-17 22:00:00,29839.992,29937.219,29774.475,29913.999,60,3441
2026-06-17 23:00:00,29913.654,29990.089,29904.431,29989.809,60,3428
2026-06-18 00:00:00,29991.699,30110.297,29984.919,30044.943,60,3430
2026-06-18 01:00:00,30045.386,30116.654,30041.709,30059.442,60,3428
2026-06-18 02:00:00,30059.754,30108.798,30052.376,30079.697,60,3432
2026-06-18 03:00:00,30079.121,30097.309,30048.71,30078.589,60,3438
2026-06-18 04:00:00,30078.687,30083.421,29962.643,30019.843,60,3430
2026-06-18 05:00:00,30019.786,30056.276,30003.41,30032.808,60,3444
2026-06-18 06:00:00,30032.897,30102.121,30000.931,30097.943,60,3436
2026-06-18 07:00:00,30098.443,30122.92,30061.32,30121.819,60,3435
2026-06-18 08:00:00,30122.832,30177.489,30071.375,30087.153,60,3437
2026-06-18 09:00:00,30087.511,30173.342,30066.375,30167.31,60,3434
2026-06-18 10:00:00,30167.143,30172.72,30100.931,30113.332,60,3431
2026-06-18 11:00:00,30114.665,30135.742,30037.732,30101.42,60,3431
2026-06-18 12:00:00,30101.854,30214.732,30075.331,30193.664,60,3431
2026-06-18 13:00:00,30192.798,30294.398,30073.699,30159.75,60,3429
2026-06-18 14:00:00,30159.533,30347.297,30141.425,30303.765,60,1354
2026-06-18 15:00:00,30305.232,30357.499,30181.125,30323.539,60,1304
2026-06-18 16:00:00,30323.299,30389.61,30310.031,30367.432,60,1237
2026-06-18 17:00:00,30368.486,30415.913,30339.62,30388.845,60,1433
2026-06-18 18:00:00,30389.732,30400.589,30347.2,30372.589,60,1053
2026-06-18 19:00:00,30372.253,30463.229,30325.111,30383.452,60,1424
2026-06-18 20:00:00,30384.476,30407.459,30364.448,30395.635,15,1265
2026-06-18 22:00:00,30423.275,30453.431,30331.566,30350.932,60,2629
2026-06-18 23:00:00,30350.843,30391.698,30338.577,30380.208,60,3208
2026-06-19 00:00:00,30379.876,30382.409,30316.305,30330.831,60,3429
2026-06-19 01:00:00,30332.876,30351.953,30280.71,30283.853,60,3434
2026-06-19 02:00:00,30283.71,30307.82,30263.886,30281.354,60,3433
2026-06-19 03:00:00,30282.21,30293.999,30193.932,30207.12,60,3427
2026-06-19 04:00:00,30206.508,30214.642,30096.732,30114.838,60,3437
2026-06-19 05:00:00,30115.153,30171.742,30078.443,30170.019,60,3427
2026-06-19 06:00:00,30169.998,30249.654,30167.308,30242.987,60,3427
2026-06-19 07:00:00,30241.886,30320.875,30240.419,30317.821,60,3428
2026-06-19 08:00:00,30318.676,30348.121,30296.089,30337.665,60,3426
2026-06-19 09:00:00,30337.798,30353.965,30299.897,30314.731,60,3427
2026-06-19 10:00:00,30314.297,30321.321,30227.686,30262.32,60,3428
2026-06-19 11:00:00,30262.243,30288.997,30225.764,30279.499,60,3432
2026-06-19 12:00:00,30279.41,30357.419,30216.397,30340.61,60,3430
2026-06-19 13:00:00,30341.198,30383.321,30315.154,30370.986,60,3437
2026-06-19 14:00:00,30368.997,30387.209,30329.642,30379.642,60,1435
2026-06-19 15:00:00,30379.798,30393.898,30342.776,30373.343,60,1437
2026-06-19 16:00:00,30373.431,30390.832,30332.275,30336.892,59,1434
2026-06-22 00:00:00,30043.889,30312.709,30037.875,30306.532,60,2602
2026-06-22 01:00:00,30306.643,30346.687,30294.976,30296.564,60,3427
2026-06-22 02:00:00,30297.097,30310.543,30266.816,30273.686,60,3425
2026-06-22 03:00:00,30274.219,30299.088,30234.469,30245.121,60,3439
2026-06-22 04:00:00,30245.576,30276.199,30207.881,30266.425,60,3428
2026-06-22 05:00:00,30267.149,30351.289,30259.25,30330.076,60,3433
2026-06-22 06:00:00,30333.364,30427.431,30327.598,30420.294,60,3435
2026-06-22 07:00:00,30419.903,30469.099,30419.903,30448.408,60,3407
2026-06-22 08:00:00,30448.187,30454.709,30377.509,30413.899,60,3424
2026-06-22 09:00:00,30420.932,30445.898,30388.343,30389.709,60,3438
2026-06-22 10:00:00,30389.108,30455.199,30389.108,30409.442,60,3446
2026-06-22 11:00:00,30409.81,30517.354,30401.143,30439.838,60,3418
2026-06-22 12:00:00,30440.544,30532.999,30440.519,30489.12,60,3419
2026-06-22 13:00:00,30491.389,30617.664,30445.772,30615.987,60,3438
2026-06-22 14:00:00,30617.599,30646.932,30227.108,30320.586,60,1206
2026-06-22 15:00:00,30320.31,30364.044,30222.454,30237.908,60,1307
2026-06-22 16:00:00,30236.931,30303.063,30184.886,30275.876,60,1434
2026-06-22 17:00:00,30275.876,30338.5,30220.931,30302.143,60,1301
2026-06-22 18:00:00,30302.689,30351.649,30241.683,30249.28,60,1147
2026-06-22 19:00:00,30249.04,30358.921,30223.143,30351.921,60,1354
2026-06-22 20:00:00,30340.789,30363.959,30326.93,30338.632,15,1154
2026-06-22 22:00:00,30349.569,30389.338,30257.783,30272.631,60,1841
2026-06-22 23:00:00,30272.332,30278.327,30231.316,30266.175,60,1200
2026-06-23 00:00:00,30265.997,30325.033,30151.783,30291.511,60,1450
2026-06-23 01:00:00,30292.066,30306.279,30097.131,30150.261,60,1226
2026-06-23 02:00:00,30150.697,30164.088,30081.088,30095.392,60,1236
2026-06-23 03:00:00,30095.294,30103.142,29992.131,30090.033,60,1188
2026-06-23 04:00:00,30090.447,30105.197,29921.653,29932.208,60,1157
2026-06-23 05:00:00,29932.099,29958.642,29783.708,29798.631,60,1191
2026-06-23 06:00:00,29798.522,29824.149,29640.958,29661.272,60,1234
2026-06-23 07:00:00,29659.588,29744.197,29580.403,29598.399,60,1597
2026-06-23 08:00:00,29597.731,29608.432,29467.231,29518.327,60,1940
2026-06-23 09:00:00,29518.631,29623.511,29514.414,29576.599,60,1304
2026-06-23 10:00:00,29576.936,29606.794,29442.947,29508.316,60,1228
2026-06-23 11:00:00,29507.588,29574.142,29478.294,29563.149,60,1298
2026-06-23 12:00:00,29563.399,29590.958,29398.009,29425.469,60,1365
2026-06-23 13:00:00,29425.143,29637.509,29307.779,29633.298,60,1470
2026-06-23 14:00:00,29630.575,29746.764,29513.067,29553.169,60,1439
2026-06-23 15:00:00,29552.619,29584.349,29394.71,29496.222,60,1239
2026-06-23 16:00:00,29496.385,29613.182,29491.902,29559.048,60,1205
2026-06-23 17:00:00,29558.72,29594.609,29428.113,29428.549,60,1301
2026-06-23 18:00:00,29428.385,29477.542,29273.903,29328.354,60,1185
2026-06-23 19:00:00,29327.589,29448.354,29310.466,29344.997,60,1184
2026-06-23 20:00:00,29343.61,29410.708,29324.675,29400.919,15,1434
2026-06-23 22:00:00,29469.91,29495.419,29325.069,29371.04,60,3107
2026-06-23 23:00:00,29371.203,29457.521,29279.169,29438.651,60,2314
2026-06-24 00:00:00,29438.434,29583.976,29428.239,29537.389,60,1660
2026-06-24 01:00:00,29540.508,29545.064,29453.79,29519.453,60,1428
2026-06-24 02:00:00,29517.669,29531.186,29328.128,29330.17,60,2106
2026-06-24 03:00:00,29329.692,29471.199,29308.062,29438.069,60,1530
2026-06-24 04:00:00,29440.019,29482.508,29346.681,29477.008,60,1717
2026-06-24 05:00:00,29478.569,29576.019,29471.747,29511.453,60,1445
2026-06-24 06:00:00,29511.725,29557.208,29489.79,29515.856,60,1552
2026-06-24 07:00:00,29515.508,29532.876,29455.714,29462.449,60,1445
2026-06-24 08:00:00,29462.345,29558.681,29455.301,29510.54,60,1685
2026-06-24 09:00:00,29510.889,29535.819,29446.573,29501.069,60,2386
2026-06-24 10:00:00,29501.019,29543.703,29466.195,29485.725,60,3451
2026-06-24 11:00:00,29487.128,29557.449,29427.14,29553.106,60,1498
2026-06-24 12:00:00,29553.356,29564.475,29444.508,29454.681,60,4025
2026-06-24 13:00:00,29455.225,29532.976,29259.367,29376.423,60,3416
2026-06-24 14:00:00,29375.703,29585.219,29220.925,29583.389,60,2152
2026-06-24 15:00:00,29582.676,29597.993,29394.521,29450.872,60,1204
2026-06-24 16:00:00,29451.993,29497.689,29289.521,29304.075,60,1190
2026-06-24 17:00:00,29303.086,29356.997,29063.454,29085.087,60,1018
2026-06-24 18:00:00,29085.162,29261.076,29020.685,29040.269,60,1361
2026-06-24 19:00:00,29039.93,29223.547,28960.646,29213.376,60,1433
2026-06-24 20:00:00,29214.389,29581.099,29187.339,29575.621,15,2401
2026-06-24 22:00:00,29785.014,29868.419,29747.476,29751.986,60,2659
2026-06-24 23:00:00,29752.364,29834.087,29747.914,29796.575,60,3426
2026-06-25 00:00:00,29796.942,29801.689,29637.11,29667.189,60,3430
2026-06-25 01:00:00,29667.665,29731.453,29647.631,29698.542,60,3435
2026-06-25 02:00:00,29698.697,29721.089,29625.597,29698.876,60,3438
2026-06-25 03:00:00,29699.175,29745.198,29683.108,29734.321,60,3431
2026-06-25 04:00:00,29734.619,29764.008,29699.098,29741.142,60,3431
2026-06-25 05:00:00,29741.553,29821.986,29740.621,29789.82,60,3429
2026-06-25 06:00:00,29789.821,29828.689,29778.508,29802.0,60,3431
2026-06-25 07:00:00,29802.653,29886.521,29802.653,29877.899,60,3480
2026-06-25 08:00:00,29877.219,29918.789,29810.794,29816.62,60,3453
2026-06-25 09:00:00,29816.805,29856.675,29809.686,29828.533,60,2742
2026-06-25 10:00:00,29832.531,29881.414,29825.521,29855.914,60,3455
2026-06-25 11:00:00,29856.0,29893.409,29796.675,29827.392,60,3456
2026-06-25 12:00:00,29832.321,29958.908,29818.42,29902.421,60,3416
2026-06-25 13:00:00,29903.599,29914.876,28990.536,29010.153,60,3438
2026-06-25 14:00:00,29010.164,29468.719,29004.053,29326.699,60,1481
2026-06-25 15:00:00,29328.21,29457.242,29157.589,29357.666,60,1742
2026-06-25 16:00:00,29354.91,29564.843,29285.497,29379.811,60,1227
2026-06-25 17:00:00,29379.681,29507.569,29370.31,29491.89,60,1062
2026-06-25 18:00:00,29491.444,29585.257,29376.932,29466.821,60,1324
2026-06-25 19:00:00,29468.764,29471.943,29310.476,29440.808,60,974
2026-06-25 20:00:00,29442.464,29611.419,29442.464,29500.196,15,1249
2026-06-25 22:00:00,29441.962,29463.376,29308.498,29381.031,60,1935
2026-06-25 23:00:00,29381.289,29593.176,29369.865,29409.487,60,2733
2026-06-26 00:00:00,29409.81,29474.104,29319.319,29338.469,60,2155
2026-06-26 01:00:00,29339.157,29379.071,29164.965,29194.66,60,2452
2026-06-26 02:00:00,29194.737,29207.376,28932.642,28966.709,60,2937
2026-06-26 03:00:00,28966.731,29071.712,28865.171,29068.626,60,2479
2026-06-26 04:00:00,29068.69,29087.701,28954.52,28973.017,60,2962
2026-06-26 05:00:00,28973.115,29112.354,28958.843,29027.986,60,1974
2026-06-26 06:00:00,29028.969,29237.215,28991.421,29205.031,60,2425
2026-06-26 07:00:00,29205.02,29265.089,29137.42,29229.582,60,2476
2026-06-26 08:00:00,29229.69,29259.847,29066.153,29101.887,60,2172
2026-06-26 09:00:00,29101.182,29147.039,29047.182,29073.734,60,2151
2026-06-26 10:00:00,29073.659,29102.339,29021.66,29063.693,60,2473
2026-06-26 11:00:00,29064.009,29128.376,29007.767,29053.332,60,2436
2026-06-26 12:00:00,29052.175,29152.071,29001.528,29018.278,60,1276
2026-06-26 13:00:00,29019.104,29169.026,28886.664,29147.104,60,1846
2026-06-26 14:00:00,29146.339,29369.231,29137.06,29208.037,60,3182
2026-06-26 15:00:00,29207.732,29415.049,29114.864,29320.647,60,1289
2026-06-26 16:00:00,29320.168,29346.125,29196.831,29313.225,60,1203
2026-06-26 17:00:00,29314.9,29401.375,29238.064,29246.573,60,1372
2026-06-26 18:00:00,29246.562,29283.775,29093.484,29119.746,60,1213
2026-06-26 19:00:00,29119.866,29272.199,29075.705,29085.854,60,1297
2026-06-26 20:00:00,29006.743,29102.589,28973.787,29056.133,15,1890
2026-06-29 00:00:00,29324.308,29327.521,29071.308,29203.164,60,1775
2026-06-29 01:00:00,29202.152,29267.425,29128.586,29225.22,60,1467
2026-06-29 02:00:00,29225.85,29253.75,29096.098,29232.72,60,1435
2026-06-29 03:00:00,29232.047,29314.899,29189.931,29303.029,60,1472
2026-06-29 04:00:00,29302.544,29302.544,29211.875,29228.599,60,1522
2026-06-29 05:00:00,29227.558,29381.055,29199.309,29378.014,60,1342
2026-06-29 06:00:00,29378.165,29393.599,29298.486,29340.099,60,1385
2026-06-29 07:00:00,29336.553,29403.511,29285.743,29371.775,60,1443
2026-06-29 08:00:00,29371.22,29438.566,29361.397,29369.992,60,1477
2026-06-29 09:00:00,29370.533,29397.219,29327.989,29370.598,60,1946
2026-06-29 10:00:00,29369.964,29455.088,29369.964,29451.149,60,2202
2026-06-29 11:00:00,29445.854,29466.011,29393.3,29414.447,60,2033
2026-06-29 12:00:00,29414.088,29448.12,29359.615,29414.219,60,1573
2026-06-29 13:00:00,29415.776,29543.808,29267.453,29325.731,60,1826
2026-06-29 14:00:00,29324.764,29434.764,28982.198,29432.816,60,1413
2026-06-29 15:00:00,29431.968,29564.998,29380.33,29557.596,60,1308
2026-06-29 16:00:00,29557.454,29648.436,29552.976,29629.231,60,1121
2026-06-29 17:00:00,29629.254,29750.908,29629.254,29718.927,60,1165
2026-06-29 18:00:00,29718.665,29783.057,29701.342,29748.007,60,1189
2026-06-29 19:00:00,29747.909,29782.732,29690.254,29765.886,60,1151
2026-06-29 20:00:00,29765.854,29767.56,29712.897,29740.675,15,1428
2026-06-29 22:00:00,29733.058,29759.131,29689.064,29727.521,60,2649
2026-06-29 23:00:00,29727.353,29778.261,29721.864,29755.52,60,3436
2026-06-30 00:00:00,29755.176,29808.783,29652.132,29725.421,60,3426
2026-06-30 01:00:00,29725.143,29798.708,29666.665,29769.342,60,3429
2026-06-30 02:00:00,29769.52,29775.899,29693.631,29735.998,60,3435
2026-06-30 03:00:00,29735.909,29845.442,29727.12,29811.587,60,3429
2026-06-30 04:00:00,29811.842,29924.209,29810.342,29901.842,60,3433
2026-06-30 05:00:00,29901.698,29940.305,29832.121,29882.51,60,3431
2026-06-30 06:00:00,29882.899,29894.149,29814.132,29856.881,60,3435
2026-06-30 07:00:00,29857.164,29865.698,29785.187,29797.121,60,3432
2026-06-30 08:00:00,29797.397,29850.761,29737.921,29785.576,60,3442
2026-06-30 09:00:00,29785.487,29811.131,29750.31,29798.065,60,3433
2026-06-30 10:00:00,29798.364,29866.442,29784.089,29855.943,60,3432
2026-06-30 11:00:00,29855.698,29893.399,29831.92,29853.509,60,3436
2026-06-30 12:00:00,29853.51,29858.12,29720.643,29728.899,60,3424
2026-06-30 13:00:00,29728.497,30089.11,29712.843,30089.11,60,3473
2026-06-30 14:00:00,30089.381,30166.186,29999.186,30030.803,60,1227
2026-06-30 15:00:00,30031.39,30206.375,30025.709,30185.639,60,1225
2026-06-30 16:00:00,30185.154,30270.919,30177.661,30252.465,60,1051
2026-06-30 17:00:00,30251.825,30287.299,30240.719,30249.682,60,961
2026-06-30 18:00:00,30249.595,30300.275,30223.608,30279.393,60,1030
2026-06-30 19:00:00,30279.6,30325.248,30241.619,30247.969,60,1119
2026-06-30 20:00:00,30246.553,30267.709,30230.542,30230.542,15,1392
2026-06-30 22:00:00,30237.453,30261.849,30222.875,30235.389,60,3428
2026-06-30 23:00:00,30235.232,30267.697,30234.521,30257.808,60,3427
2026-07-01 00:00:00,30258.289,30277.142,30232.386,30248.609,60,3434
2026-07-01 01:00:00,30248.32,30253.71,30176.621,30177.71,60,3425
2026-07-01 02:00:00,30178.286,30180.599,30092.132,30162.754,60,3436
2026-07-01 03:00:00,30162.632,30202.186,30154.708,30191.587,60,3432
2026-07-01 04:00:00,30192.264,30199.386,30154.054,30168.775,60,3435
2026-07-01 05:00:00,30168.408,30187.989,30147.52,30154.308,60,3432
2026-07-01 06:00:00,30154.553,30168.809,30089.386,30116.154,60,3431
2026-07-01 07:00:00,30116.297,30119.809,30024.119,30107.733,60,3432
2026-07-01 08:00:00,30108.158,30108.158,30042.632,30102.053,60,3429
2026-07-01 09:00:00,30101.664,30110.621,30063.489,30109.099,60,3429
2026-07-01 10:00:00,30108.62,30140.114,30076.52,30132.108,60,3436
2026-07-01 11:00:00,30132.309,30160.186,30079.743,30087.499,60,3436
2026-07-01 12:00:00,30088.389,30119.286,29962.21,29992.853,60,3438
2026-07-01 13:00:00,29991.731,30044.07,29823.647,30019.899,60,3440
2026-07-01 14:00:00,30019.72,30059.722,29873.222,29926.109,60,1840
2026-07-01 15:00:00,29925.961,30091.508,29923.197,29984.522,60,1227
2026-07-01 16:00:00,29984.762,30011.449,29905.936,29920.281,60,1419
2026-07-01 17:00:00,29920.521,29970.207,29887.298,29892.712,60,1232
2026-07-01 18:00:00,29893.071,29922.976,29828.67,29861.226,60,1170
2026-07-01 19:00:00,29861.559,29962.887,29786.573,29819.898,60,1309
2026-07-01 20:00:00,29825.043,29830.887,29742.981,29792.834,15,1265
2026-07-01 22:00:00,29840.058,29857.349,29791.353,29851.87,60,3434
2026-07-01 23:00:00,29852.0,29854.566,29755.97,29789.37,60,3415
2026-07-02 00:00:00,29774.175,29854.043,29692.953,29845.586,60,3148
2026-07-02 01:00:00,29846.487,29964.565,29834.442,29947.62,60,3438
2026-07-02 02:00:00,29947.469,29975.783,29917.564,29944.108,60,3428
2026-07-02 03:00:00,29943.81,29949.831,29871.475,29909.153,60,3441
2026-07-02 04:00:00,29909.386,29925.189,29793.654,29850.331,60,3429
2026-07-02 05:00:00,29849.897,29899.719,29782.555,29787.131,60,3086
2026-07-02 06:00:00,29787.664,29802.409,29631.91,29665.033,60,3423
2026-07-02 07:00:00,29666.316,29688.649,29563.409,29637.099,60,3425
2026-07-02 08:00:00,29636.055,29782.849,29566.42,29778.088,60,3416
2026-07-02 09:00:00,29775.286,29777.649,29680.953,29694.719,60,3419
2026-07-02 10:00:00,29695.065,29752.772,29661.619,29748.338,60,3427
2026-07-02 11:00:00,29749.197,29815.327,29707.331,29779.131,60,3431
2026-07-02 12:00:00,29779.958,30056.599,29758.675,29920.01,60,3503
2026-07-02 13:00:00,29919.576,30009.164,29750.542,29999.249,60,2846
2026-07-02 14:00:00,30001.533,30037.419,29476.555,29586.011,60,1609
2026-07-02 15:00:00,29586.164,29598.209,29363.654,29423.529,60,1280
2026-07-02 16:00:00,29423.403,29435.425,29191.686,29219.243,60,1257
2026-07-02 17:00:00,29220.354,29239.299,29087.72,29097.654,60,1431
2026-07-02 18:00:00,29097.864,29284.349,29090.164,29246.33,60,1430
2026-07-02 19:00:00,29245.961,29347.675,29106.817,29308.798,60,1233
2026-07-02 20:00:00,29307.664,29312.209,29269.376,29305.065,15,1429
2026-07-02 22:00:00,29328.947,29388.499,29312.231,29382.764,60,3443
2026-07-02 23:00:00,29382.543,29383.886,29306.47,29366.619,60,3428
2026-07-03 00:00:00,29365.898,29404.776,29289.608,29303.721,60,3426
2026-07-03 01:00:00,29303.898,29464.789,29300.564,29448.621,60,3433
2026-07-03 02:00:00,29449.087,29521.31,29447.598,29516.387,60,3430
2026-07-03 03:00:00,29516.389,29540.854,29484.365,29534.11,60,3434
2026-07-03 04:00:00,29534.053,29586.51,29529.231,29569.11,60,3430
2026-07-03 05:00:00,29569.698,29599.209,29557.054,29591.121,60,3427
2026-07-03 06:00:00,29591.398,29653.889,29588.842,29606.887,60,3430
2026-07-03 07:00:00,29607.153,29634.989,29592.52,29611.097,60,3429
2026-07-03 08:00:00,29610.675,29639.687,29598.297,29615.664,60,3430
2026-07-03 09:00:00,29615.808,29665.889,29594.153,29637.387,60,3429
2026-07-03 10:00:00,29637.01,29655.387,29619.447,29646.697,60,3434
2026-07-03 11:00:00,29646.489,29674.489,29632.686,29668.299,60,3432
2026-07-03 12:00:00,29667.289,29689.242,29642.31,29668.697,60,3443
2026-07-03 13:00:00,29668.821,29722.665,29652.565,29706.675,60,3431
2026-07-03 14:00:00,29706.887,29713.187,29656.175,29685.886,60,1436
2026-07-03 15:00:00,29686.053,29692.164,29652.532,29673.62,60,1427
2026-07-03 16:00:00,29673.764,29691.919,29658.643,29671.219,59,1450
2026-07-06 00:00:00,29752.331,29771.198,29612.298,29681.064,60,3436
2026-07-06 01:00:00,29682.403,29687.031,29518.198,29559.409,60,3434
2026-07-06 02:00:00,29559.231,29585.399,29450.276,29492.608,60,3433
2026-07-06 03:00:00,29493.065,29573.286,29460.843,29497.643,60,3438
2026-07-06 04:00:00,29497.176,29607.11,29470.186,29595.532,60,3435
2026-07-06 05:00:00,29596.342,29598.854,29508.661,29557.398,60,3438
2026-07-06 06:00:00,29557.308,29624.787,29510.922,29614.319,60,3435
2026-07-06 07:00:00,29615.61,29642.02,29583.219,29618.989,60,3433
2026-07-06 08:00:00,29618.899,29650.097,29535.988,29636.264,60,3432
2026-07-06 09:00:00,29636.175,29655.089,29593.999,29644.22,60,3433
2026-07-06 10:00:00,29644.586,29658.099,29614.132,29651.232,60,3432
2026-07-06 11:00:00,29651.076,29681.176,29608.843,29645.243,60,3436
2026-07-06 12:00:00,29646.165,29702.799,29632.876,29700.809,60,3428
2026-07-06 13:00:00,29700.62,29762.65,29541.197,29687.232,60,3426
2026-07-06 14:00:00,29688.075,29821.335,29659.798,29779.464,60,1539
2026-07-06 15:00:00,29781.076,29837.477,29695.931,29827.142,60,1140
2026-07-06 16:00:00,29827.208,29846.366,29736.654,29745.904,60,1107
2026-07-06 17:00:00,29745.392,29791.579,29638.631,29653.858,60,1207
2026-07-06 18:00:00,29653.89,29759.689,29652.054,29747.164,60,1111
2026-07-06 19:00:00,29747.632,29811.786,29693.489,29711.319,60,1130
2026-07-06 20:00:00,29711.365,29730.666,29692.344,29721.898,15,1167
2026-07-06 22:00:00,29716.131,29735.849,29651.903,29656.533,60,1790
2026-07-06 23:00:00,29657.305,29691.577,29602.454,29615.044,60,1154
2026-07-07 00:00:00,29614.154,29676.25,29570.881,29579.892,60,1348
2026-07-07 01:00:00,29579.783,29597.0,29479.903,29535.779,60,1162
2026-07-07 02:00:00,29535.349,29581.458,29501.414,29509.838,60,1153
2026-07-07 03:00:00,29510.099,29546.899,29391.975,29430.642,60,1133
2026-07-07 04:00:00,29431.664,29442.708,29369.921,29387.794,60,1130
2026-07-07 05:00:00,29387.708,29466.783,29320.827,29451.272,60,1129
2026-07-07 06:00:00,29451.0,29463.327,29394.011,29451.914,60,1138
2026-07-07 07:00:00,29452.486,29506.403,29405.969,29408.653,60,1141
2026-07-07 08:00:00,29409.298,29471.577,29404.338,29421.522,60,1419
2026-07-07 09:00:00,29421.349,29456.055,29385.432,29424.686,60,1437
2026-07-07 10:00:00,29425.186,29451.153,29389.164,29421.827,60,1418
2026-07-07 11:00:00,29421.305,29423.316,29354.305,29404.197,60,1439
2026-07-07 12:00:00,29402.986,29478.511,29384.12,29405.131,60,1387
2026-07-07 13:00:00,29404.947,29447.349,29185.605,29231.959,60,1240
2026-07-07 14:00:00,29231.839,29266.176,28974.162,29067.856,60,1250
2026-07-07 15:00:00,29067.595,29152.376,29013.444,29150.622,60,1174
2026-07-07 16:00:00,29150.513,29322.491,29140.94,29303.807,60,1370
2026-07-07 17:00:00,29303.415,29344.779,29275.255,29333.103,60,1293
2026-07-07 18:00:00,29332.864,29339.812,29150.725,29157.138,60,1130
2026-07-07 19:00:00,29156.582,29174.708,29036.853,29159.443,60,1027
2026-07-07 20:00:00,29159.309,29202.709,29154.52,29182.811,15,1074
2026-07-07 22:00:00,29116.649,29167.608,29088.947,29151.399,60,1983
2026-07-07 23:00:00,29152.022,29175.194,29061.554,29069.915,60,1400
2026-07-08 00:00:00,29070.04,29315.362,29034.909,29312.086,60,1488
2026-07-08 01:00:00,29312.365,29326.608,29194.889,29204.631,60,1170
2026-07-08 02:00:00,29205.592,29244.336,29156.889,29230.24,60,1190
2026-07-08 03:00:00,29230.547,29301.25,29227.954,29236.325,60,1140
2026-07-08 04:00:00,29236.527,29242.737,29144.531,29185.115,60,1161
2026-07-08 05:00:00,29184.617,29215.867,29081.597,29117.086,60,1174
2026-07-08 06:00:00,29116.869,29132.661,29051.009,29098.94,60,1159
2026-07-08 07:00:00,29098.815,29177.35,29049.531,29150.042,60,1578
2026-07-08 08:00:00,29150.6,29183.564,28728.131,28779.042,60,2342
2026-07-08 09:00:00,28778.917,28802.933,28677.065,28727.186,60,1855
2026-07-08 10:00:00,28728.152,28829.4,28693.381,28787.186,60,1988
2026-07-08 11:00:00,28787.77,28889.187,28742.597,28858.172,60,1454
2026-07-08 12:00:00,28858.27,29007.549,28821.82,28923.465,60,1368
2026-07-08 13:00:00,28923.525,29174.153,28916.376,29144.354,60,1503
2026-07-08 14:00:00,29144.799,29156.966,28928.0,28988.076,60,1302
2026-07-08 15:00:00,28987.962,28996.686,28807.316,28871.95,60,1232
2026-07-08 16:00:00,28872.288,29154.076,28870.385,29151.699,60,1220
2026-07-08 17:00:00,29151.209,29231.989,29101.421,29128.698,60,1222
2026-07-08 18:00:00,29128.546,29201.589,29106.449,29182.002,60,1326
2026-07-08 19:00:00,29182.133,29279.669,29154.676,29234.589,60,1255
2026-07-08 20:00:00,29235.899,29248.038,29184.446,29205.119,15,1141
2026-07-08 22:00:00,29198.208,29232.929,29183.086,29204.032,60,2497
2026-07-08 23:00:00,29203.664,29286.825,29179.542,29276.049,60,3434
2026-07-09 00:00:00,29274.175,29365.705,29272.709,29288.042,60,3425
2026-07-09 01:00:00,29287.619,29333.754,29230.02,29233.422,60,1717
2026-07-09 02:00:00,29233.161,29359.403,29201.575,29213.542,60,2059
2026-07-09 03:00:00,29213.869,29301.499,29180.825,29285.187,60,1554
2026-07-09 04:00:00,29285.232,29342.738,29246.65,29331.632,60,2096
2026-07-09 05:00:00,29331.41,29387.92,29258.403,29385.975,60,1569
2026-07-09 06:00:00,29385.786,29426.303,29352.21,29396.194,60,3416
2026-07-09 07:00:00,29396.325,29490.299,29382.51,29463.187,60,2535
2026-07-09 08:00:00,29463.298,29514.12,29427.65,29440.264,60,1657
2026-07-09 09:00:00,29440.497,29449.197,29395.008,29428.803,60,2011
2026-07-09 10:00:00,29428.661,29453.179,29347.098,29384.597,60,1391
2026-07-09 11:00:00,29384.869,29501.679,29361.142,29479.988,60,2642
2026-07-09 12:00:00,29480.172,29567.429,29464.65,29514.498,60,3260
2026-07-09 13:00:00,29514.431,29713.031,29455.661,29687.321,60,3430
2026-07-09 14:00:00,29687.697,29706.179,29398.212,29571.382,60,1334
2026-07-09 15:00:00,29571.296,29686.251,29564.166,29665.765,60,1161
2026-07-09 16:00:00,29666.019,29703.655,29646.2,29674.386,60,1167
2026-07-09 17:00:00,29674.497,29772.716,29670.742,29751.497,60,1435
2026-07-09 18:00:00,29751.22,29763.805,29709.221,29721.661,60,1328
2026-07-09 19:00:00,29721.574,29739.073,29679.348,29727.545,60,1179
2026-07-09 20:00:00,29728.61,29754.55,29723.998,29748.485,15,1163
2026-07-09 22:00:00,29726.553,29749.094,29692.254,29710.931,60,1592
2026-07-09 23:00:00,29710.825,29752.725,29696.725,29722.017,60,2517
2026-07-10 00:00:00,29722.399,29741.355,29593.675,29655.397,60,1456
2026-07-10 01:00:00,29656.192,29711.964,29606.965,29681.638,60,2131
2026-07-10 02:00:00,29683.377,29741.3,29643.4,29740.74,60,1502
2026-07-10 03:00:00,29740.525,29751.95,29701.352,29722.105,60,2052
2026-07-10 04:00:00,29723.079,29737.964,29664.9,29672.192,60,1439
2026-07-10 05:00:00,29672.138,29686.399,29628.809,29634.74,60,2377
2026-07-10 06:00:00,29634.8,29645.725,29563.821,29605.875,60,1615
2026-07-10 07:00:00,29608.4,29614.515,29550.686,29563.329,60,1625
2026-07-10 08:00:00,29562.615,29593.083,29532.525,29562.64,60,2214
2026-07-10 09:00:00,29562.949,29616.949,29507.898,29604.829,60,1525
2026-07-10 10:00:00,29604.681,29650.672,29597.287,29636.864,60,3265
2026-07-10 11:00:00,29639.517,29676.117,29596.35,29601.342,60,1713
2026-07-10 12:00:00,29601.621,29664.336,29559.219,29589.415,60,2032
2026-07-10 13:00:00,29589.35,29757.572,29577.809,29713.253,60,2113
2026-07-10 14:00:00,29712.061,29755.708,29465.058,29606.91,60,1325
2026-07-10 15:00:00,29607.215,29781.097,29570.967,29731.919,60,1354
2026-07-10 16:00:00,29732.665,29828.465,29731.367,29811.191,60,1225
2026-07-10 17:00:00,29811.387,29858.608,29781.902,29825.689,60,1168
2026-07-10 18:00:00,29824.638,29853.932,29808.353,29822.089,60,1145
2026-07-10 19:00:00,29822.339,29859.115,29809.715,29823.159,60,1206
2026-07-10 20:00:00,29821.961,29846.453,29816.474,29832.69,15,1141
2026-07-13 00:00:00,29680.208,29829.088,29595.676,29622.588,60,1320
2026-07-13 01:00:00,29623.0,29638.305,29524.043,29549.029,60,1726
2026-07-13 02:00:00,29550.697,29596.642,29502.958,29504.469,60,1210
2026-07-13 03:00:00,29504.838,29515.25,29470.805,29476.25,60,1130
2026-07-13 04:00:00,29476.566,29477.458,29400.992,29415.25,60,1140
2026-07-13 05:00:00,29415.022,29481.261,29334.831,29438.186,60,1133
2026-07-13 06:00:00,29437.5,29453.708,29373.599,29418.164,60,1174
2026-07-13 07:00:00,29418.381,29477.849,29393.531,29440.675,60,1243
2026-07-13 08:00:00,29440.936,29541.653,29436.197,29534.881,60,1248
2026-07-13 09:00:00,29534.761,29564.529,29505.41,29559.149,60,1138
2026-07-13 10:00:00,29559.12,29565.936,29524.009,29544.327,60,1159
2026-07-13 11:00:00,29544.077,29587.381,29517.577,29528.697,60,1206
2026-07-13 12:00:00,29528.794,29545.253,29443.597,29506.675,60,1151
2026-07-13 13:00:00,29506.794,29535.899,29306.294,29425.208,60,1152
2026-07-13 14:00:00,29426.086,29515.436,29288.025,29509.425,60,1339
2026-07-13 15:00:00,29509.399,29546.942,29389.686,29403.131,60,1213
2026-07-13 16:00:00,29403.381,29431.189,29252.875,29317.399,60,1163
2026-07-13 17:00:00,29317.18,29370.868,29258.038,29268.399,60,1429
2026-07-13 18:00:00,29268.485,29327.429,29245.564,29283.914,60,1360
2026-07-13 19:00:00,29283.794,29315.459,29188.621,29260.743,60,1286
2026-07-13 20:00:00,29259.709,29265.965,29228.961,29245.421,15,1196
2026-07-13 22:00:00,29234.058,29274.381,29189.903,29194.349,60,2459
2026-07-13 23:00:00,29194.653,29218.555,29122.544,29215.599,60,1302
2026-07-14 00:00:00,29215.447,29329.399,29121.283,29316.849,60,1961
2026-07-14 01:00:00,29316.609,29335.653,29232.327,29243.011,60,1703
2026-07-14 02:00:00,29242.675,29283.649,29161.566,29183.294,60,1240
2026-07-14 03:00:00,29183.289,29223.279,29098.5,29219.0,60,1205
2026-07-14 04:00:00,29219.779,29310.297,29167.12,29304.425,60,1249
2026-07-14 05:00:00,29304.397,29426.469,29284.447,29387.62,60,1225
2026-07-14 06:00:00,29387.487,29444.399,29358.142,29359.533,60,1262
2026-07-14 07:00:00,29359.12,29416.175,29340.827,29368.649,60,1311
2026-07-14 08:00:00,29368.544,29430.719,29342.816,29367.153,60,1560
2026-07-14 09:00:00,29367.02,29424.066,29353.12,29397.142,60,1250
2026-07-14 10:00:00,29398.75,29427.653,29373.533,29401.686,60,1202
2026-07-14 11:00:00,29401.577,29465.25,29349.719,29428.25,60,1566
2026-07-14 12:00:00,29428.164,29715.119,29365.305,29568.077,60,2626
2026-07-14 13:00:00,29567.958,29627.25,29481.272,29575.119,60,1265
2026-07-14 14:00:00,29575.575,29627.172,29365.423,29570.053,60,1154
2026-07-14 15:00:00,29570.432,29691.497,29550.265,29582.108,60,935
2026-07-14 16:00:00,29584.409,29626.842,29501.276,29623.876,60,932
2026-07-14 17:00:00,29624.22,29661.331,29606.286,29658.098,60,934
2026-07-14 18:00:00,29658.453,29672.808,29608.053,29619.576,60,940
2026-07-14 19:00:00,29619.532,29633.599,29566.32,29585.753,60,928
2026-07-14 20:00:00,29584.264,29606.421,29570.297,29585.489,15,1428
2026-07-14 22:00:00,29593.489,29599.842,29546.497,29573.565,60,1430
2026-07-14 23:00:00,29573.41,29699.787,29558.52,29688.242,60,1431
2026-07-15 00:00:00,29693.064,29733.92,29638.097,29718.609,60,1429
2026-07-15 01:00:00,29718.232,29758.598,29660.508,29756.71,60,1430
2026-07-15 02:00:00,29756.521,29786.81,29749.221,29760.343,60,1428
2026-07-15 03:00:00,29760.299,29818.898,29747.386,29812.364,60,1436
2026-07-15 04:00:00,29812.876,29822.787,29783.354,29821.775,60,1437
2026-07-15 05:00:00,29829.819,29858.31,29767.887,29831.109,60,1437
2026-07-15 06:00:00,29831.221,29849.599,29809.975,29830.765,60,1431
2026-07-15 07:00:00,29829.865,29862.032,29728.92,29796.386,60,1433
2026-07-15 08:00:00,29796.119,29797.619,29671.71,29736.953,60,1432
2026-07-15 09:00:00,29737.098,29763.031,29715.776,29723.821,60,1429
2026-07-15 10:00:00,29724.199,29746.989,29686.764,29726.765,60,1426
2026-07-15 11:00:00,29725.731,29753.343,29705.21,29712.476,60,1428
2026-07-15 12:00:00,29711.51,29795.299,29656.021,29780.021,60,1435
2026-07-15 13:00:00,29780.364,29799.331,29554.82,29621.986,60,1435
2026-07-15 14:00:00,29622.586,29690.864,29336.21,29430.265,60,933
2026-07-15 15:00:00,29428.287,29460.689,29335.42,29380.519,60,930
2026-07-15 16:00:00,29380.287,29398.254,29196.42,29311.875,60,929
2026-07-15 17:00:00,29311.253,29503.886,29303.997,29485.519,60,928
2026-07-15 18:00:00,29484.842,29541.542,29396.21,29413.219,60,929
2026-07-15 19:00:00,29412.242,29508.699,29390.031,29495.597,60,939
2026-07-15 20:00:00,29495.776,29539.108,29464.297,29503.91,15,1427
2026-07-15 22:00:00,29516.953,29552.999,29481.775,29521.886,60,1434
2026-07-15 23:00:00,29521.608,29540.519,29487.221,29495.342,60,1445
2026-07-16 00:00:00,29494.608,29567.289,29426.51,29456.275,60,1429
2026-07-16 01:00:00,29457.043,29490.854,29398.92,29454.409,60,1440
2026-07-16 02:00:00,29454.476,29539.965,29425.119,29532.119,60,1437
2026-07-16 03:00:00,29531.076,29556.064,29511.432,29548.108,60,1437
2026-07-16 04:00:00,29548.076,29560.189,29500.853,29512.764,60,1430
2026-07-16 05:00:00,29513.089,29600.599,29471.553,29491.464,60,1431
2026-07-16 06:00:00,29491.799,29552.976,29447.92,29489.475,60,1437
2026-07-16 07:00:00,29487.576,29490.975,29352.965,29367.253,60,1430
2026-07-16 08:00:00,29367.008,29399.387,29282.72,29395.964,60,1437
2026-07-16 09:00:00,29396.053,29449.265,29332.52,29335.343,60,1430
2026-07-16 10:00:00,29335.087,29365.986,29307.743,29334.489,60,1428
2026-07-16 11:00:00,29334.689,29335.797,29168.987,29251.387,60,1430
2026-07-16 12:00:00,29251.289,29262.419,29168.075,29197.064,60,1432
2026-07-16 13:00:00,29196.942,29334.932,29065.853,29153.732,60,1434
2026-07-16 14:00:00,29151.375,29318.775,29128.075,29241.265,60,932
2026-07-16 15:00:00,29241.243,29271.943,29142.087,29197.554,60,940
2026-07-16 16:00:00,29198.332,29201.332,29069.486,29143.019,60,930
2026-07-16 17:00:00,29143.597,29148.41,29024.097,29048.008,60,932
2026-07-16 18:00:00,29048.643,29108.698,29002.797,29014.753,60,936
2026-07-16 19:00:00,29015.41,29046.798,28883.72,29019.431,60,930
2026-07-16 20:00:00,29020.499,29034.564,28970.665,28972.021,15,1444
2026-07-16 22:00:00,29017.964,29030.421,28927.698,28947.232,60,1440
2026-07-16 23:00:00,28946.608,28956.519,28872.421,28908.143,60,1428
2026-07-17 00:00:00,28908.189,28935.465,28807.286,28868.999,60,1430
2026-07-17 01:00:00,28869.487,28917.465,28757.731,28783.399,60,1433
2026-07-17 02:00:00,28783.221,28798.132,28714.519,28736.819,60,1432
2026-07-17 03:00:00,28739.042,28837.432,28722.22,28723.154,60,1430
2026-07-17 04:00:00,28722.809,28724.389,28586.298,28617.699,60,1435
2026-07-17 05:00:00,28620.142,28633.732,28538.442,28567.586,60,1434
2026-07-17 06:00:00,28567.464,28636.153,28535.631,28555.21,60,1439
2026-07-17 07:00:00,28555.475,28578.798,28495.808,28498.742,60,1435
2026-07-17 08:00:00,28498.02,28546.019,28362.389,28440.819,60,1431
2026-07-17 09:00:00,28441.02,28538.989,28431.199,28522.621,60,1435
2026-07-17 10:00:00,28522.697,28636.51,28505.065,28595.709,60,1430
2026-07-17 11:00:00,28595.465,28619.542,28529.786,28551.997,60,1441
2026-07-17 12:00:00,28552.065,28556.954,28457.243,28476.71,60,1431
2026-07-17 13:00:00,28476.475,28502.453,28231.789,28498.099,60,1428
2026-07-17 14:00:00,28497.51,28718.499,28491.032,28550.264,60,930
2026-07-17 15:00:00,28549.287,28770.998,28495.908,28757.099,60,931
2026-07-17 16:00:00,28756.053,28850.909,28668.453,28797.753,60,930
2026-07-17 17:00:00,28797.098,28872.976,28707.199,28718.908,60,934
2026-07-17 18:00:00,28719.519,28757.921,28617.586,28682.365,60,935
2026-07-17 19:00:00,28683.265,28690.008,28539.842,28582.587,60,930
2026-07-17 20:00:00,28585.319,28585.521,28533.321,28558.553,15,1436
2026-07-20 00:00:00,28694.498,28786.254,28629.419,28681.564,60,1435
2026-07-20 01:00:00,28681.531,28740.987,28586.321,28619.308,60,1430
2026-07-20 02:00:00,28619.599,28761.92,28616.275,28709.854,60,1435
2026-07-20 03:00:00,28709.589,28760.486,28673.786,28720.531,60,1435
2026-07-20 04:00:00,28720.331,28765.042,28667.297,28719.742,60,1436
2026-07-20 05:00:00,28719.865,28725.598,28611.787,28629.931,60,1430
2026-07-20 06:00:00,28630.089,28645.999,28589.22,28627.808,60,1436
2026-07-20 07:00:00,28630.375,28748.421,28621.321,28732.519,60,1430
2026-07-20 08:00:00,28732.989,28762.487,28683.608,28703.92,60,1430
2026-07-20 09:00:00,28703.886,28820.932,28677.531,28775.243,60,1434
2026-07-20 10:00:00,28775.619,28802.599,28744.376,28792.575,60,1430
2026-07-20 11:00:00,28794.909,28931.365,28787.098,28896.031,60,1428
2026-07-20 12:00:00,28895.919,28898.954,28805.576,28847.764,60,1434
2026-07-20 13:00:00,28847.286,29015.054,28804.775,28819.898,60,1438
2026-07-20 14:00:00,28821.376,28874.009,28699.064,28716.275,60,937
2026-07-20 15:00:00,28716.387,28888.789,28698.375,28874.353,60,936
2026-07-20 16:00:00,28874.276,28941.808,28779.331,28806.52,60,935
2026-07-20 17:00:00,28806.432,28822.589,28724.998,28780.689,60,929
2026-07-20 18:00:00,28780.909,28833.898,28681.31,28697.753,60,929
2026-07-20 19:00:00,28698.797,28722.599,28595.076,28608.076,60,937
2026-07-20 20:00:00,28610.919,28659.089,28594.409,28600.22,15,1435
2026-07-20 22:00:00,28620.276,28623.008,28530.454,28546.599,60,1432
2026-07-20 23:00:00,28546.01,28657.253,28541.875,28609.22,60,1431
2026-07-21 00:00:00,28608.565,28726.419,28536.419,28687.231,60,1432
2026-07-21 01:00:00,28687.019,28750.431,28667.354,28713.064,60,1428
2026-07-21 02:00:00,28715.819,28785.597,28689.054,28783.521,60,1436
2026-07-21 03:00:00,28783.997,28907.086,28781.789,28901.575,60,1428
2026-07-21 04:00:00,28901.564,28918.464,28878.108,28884.875,60,1440
2026-07-21 05:00:00,28884.464,28934.099,28846.421,28927.864,60,1432
2026-07-21 06:00:00,28927.989,28984.542,28925.419,28976.299,60,1429
2026-07-21 07:00:00,28976.253,28989.609,28917.364,28947.598,60,1431
2026-07-21 08:00:00,28946.942,29005.51,28934.265,28996.876,60,1435
2026-07-21 09:00:00,28996.798,29025.189,28980.832,28984.086,60,1437
2026-07-21 10:00:00,28984.932,29032.732,28984.875,28996.409,60,1441
2026-07-21 11:00:00,28997.043,29013.689,28950.431,28982.442,60,1431
2026-07-21 12:00:00,28982.953,29024.089,28941.442,29002.486,60,1442
2026-07-21 13:00:00,29001.842,29075.409,28922.597,28981.932,60,1430
2026-07-21 14:00:00,28983.498,29080.043,28894.064,29062.375,60,936
2026-07-21 15:00:00,29061.608,29144.589,29006.689,29084.586,60,934
2026-07-21 16:00:00,29084.421,29176.787,29079.343,29156.742,60,939
2026-07-21 17:00:00,29156.808,29187.831,29148.42,29166.876,60,932
2026-07-21 18:00:00,29166.71,29186.865,29137.553,29154.81,60,927
2026-07-21 19:00:00,29155.321,29178.398,29117.887,29137.097,60,935
2026-07-21 20:00:00,29137.465,29143.832,29114.787,29133.92,15,1429
2026-07-21 22:00:00,29131.51,29132.542,29083.064,29104.031,60,1437
2026-07-21 23:00:00,29104.242,29133.921,29091.508,29127.986,60,1433
2026-07-22 00:00:00,29127.786,29166.431,29089.289,29118.321,60,1439
2026-07-22 01:00:00,29118.564,29135.419,29062.41,29106.764,60,1431
2026-07-22 02:00:00,29106.931,29114.253,29059.397,29069.387,60,1433
2026-07-22 03:00:00,29068.264,29097.308,29020.476,29029.432,60,1432
2026-07-22 04:00:00,29029.419,29068.589,29018.265,29051.41,60,1429
2026-07-22 05:00:00,29052.465,29055.599,28970.854,29002.82,60,1434
2026-07-22 06:00:00,28998.91,29003.109,28889.987,28922.542,60,1435
2026-07-22 07:00:00,28922.408,28953.887,28856.365,28886.586,60,1439
2026-07-22 08:00:00,28889.997,28947.599,28869.92,28940.319,60,1432
2026-07-22 09:00:00,28940.098,28979.589,28919.832,28957.731,60,1430
2026-07-22 10:00:00,28957.497,29003.119,28943.531,28984.789,60,1429
2026-07-22 11:00:00,28983.987,28995.108,28848.087,28884.497,60,1432
2026-07-22 12:00:00,28884.586,28901.599,28796.319,28847.032,60,1435
2026-07-22 13:00:00,28857.289,29109.298,28852.521,29108.408,60,1429
2026-07-22 14:00:00,29108.764,29115.41,29005.032,29072.299,60,932
2026-07-22 15:00:00,29073.387,29173.887,29073.387,29161.798,60,931
2026-07-22 16:00:00,29161.508,29166.689,29107.842,29141.589,60,930
2026-07-22 17:00:00,29141.509,29161.553,29065.189,29075.065,60,930
2026-07-22 18:00:00,29074.409,29101.019,29038.586,29076.042,60,935
2026-07-22 19:00:00,29076.119,29089.886,28991.597,28997.275,60,929
2026-07-22 20:00:00,28992.008,29080.72,28950.487,29078.532,15,1431
2026-07-22 22:00:00,28965.364,28974.276,28872.598,28905.242,60,1437
2026-07-22 23:00:00,28905.998,28976.776,28860.908,28975.943,60,1440
2026-07-23 00:00:00,28979.397,29114.531,28965.808,29088.608,60,1431
2026-07-23 01:00:00,29088.375,29106.054,29008.931,29009.586,60,1441
2026-07-23 02:00:00,29009.432,29033.098,28891.875,28924.689,60,1438
2026-07-23 03:00:00,28924.343,28961.042,28863.619,28944.764,60,1432
2026-07-23 04:00:00,28944.542,28998.354,28900.821,28957.343,60,1433
2026-07-23 05:00:00,28957.086,29016.009,28912.065,28919.821,60,1429
2026-07-23 06:00:00,28920.032,28952.487,28908.986,28916.732,60,1428
2026-07-23 07:00:00,28916.853,28919.989,28755.054,28820.376,60,1435
2026-07-23 08:00:00,28820.91,28943.865,28791.886,28936.189,60,1438
2026-07-23 09:00:00,28936.097,28970.032,28878.41,28888.108,60,1428
2026-07-23 10:00:00,28887.865,28955.087,28869.954,28935.487,60,1438
2026-07-23 11:00:00,28935.809,28940.508,28746.72,28797.786,60,1437
2026-07-23 12:00:00,28797.71,28799.875,28588.408,28620.309,60,1435
2026-07-23 13:00:00,28618.854,28720.232,28490.821,28547.598,60,1435
2026-07-23 14:00:00,28546.731,28641.265,28417.931,28437.319,60,933
2026-07-23 15:00:00,28437.253,28445.286,28273.064,28428.397,60,936
2026-07-23 16:00:00,28431.798,28578.589,28413.832,28481.565,60,931
2026-07-23 17:00:00,28481.487,28516.432,28406.042,28408.499,60,937
2026-07-23 18:00:00,28407.743,28443.599,28366.919,28391.442,60,930
2026-07-23 19:00:00,28390.597,28471.342,28324.42,28450.189,60,931
2026-07-23 20:00:00,28451.089,28584.299,28447.721,28564.576,15,1433
2026-07-23 22:00:00,28545.719,28576.686,28469.11,28574.908,60,1432
2026-07-23 23:00:00,28575.12,28578.889,28503.51,28524.298,60,1445
2026-07-24 00:00:00,28524.264,28569.219,28460.865,28515.576,60,1429
2026-07-24 01:00:00,28514.842,28546.232,28456.198,28458.131,60,1437
2026-07-24 02:00:00,28458.209,28476.275,28362.031,28364.386,60,1438
2026-07-24 03:00:00,28365.187,28405.143,28326.043,28330.489,60,1435
2026-07-24 04:00:00,28330.675,28416.089,28311.698,28410.089,60,1433
2026-07-24 05:00:00,28409.387,28451.899,28389.02,28390.499,60,1436
2026-07-24 06:00:00,28390.798,28420.319,28326.643,28388.687,60,1428
2026-07-24 07:00:00,28388.289,28507.764,28384.897,28460.399,60,1436
2026-07-24 08:00:00,28459.665,28493.787,28402.053,28465.754,60,1435
2026-07-24 09:00:00,28466.809,28548.786,28456.587,28545.02,60,1430
2026-07-24 10:00:00,28544.597,28550.298,28478.108,28484.531,60,1436
2026-07-24 11:00:00,28484.198,28543.165,28447.121,28524.709,60,1432
2026-07-24 12:00:00,28524.786,28539.865,28433.265,28436.799,60,1439
2026-07-24 13:00:00,28436.71,28466.554,28159.131,28168.853,60,1434
2026-07-24 14:00:00,28169.119,28305.176,28099.354,28293.709,60,930
2026-07-24 15:00:00,28296.919,28426.419,28200.032,28420.054,60,931
2026-07-24 16:00:00,28420.786,28474.053,28303.376,28337.364,60,930
2026-07-24 17:00:00,28337.808,28387.12,28271.52,28309.809,60,932
2026-07-24 18:00:00,28311.164,28329.719,28103.032,28144.832,60,937
2026-07-24 19:00:00,28145.264,28171.708,28056.642,28135.31,60,928
2026-07-24 20:00:00,28133.064,28147.264,28104.609,28135.843,15,1434
2026-07-27 00:00:00,28575.087,28578.764,28429.221,28444.62,60,1434
2026-07-27 01:00:00,28445.389,28480.531,28374.775,28460.753,60,1429
2026-07-27 02:00:00,28461.109,28504.221,28434.143,28461.053,60,1433
2026-07-27 03:00:00,28460.989,28497.109,28440.276,28460.309,60,1434
2026-07-27 04:00:00,28462.053,28509.742,28444.687,28491.12,60,1431
2026-07-27 05:00:00,28490.765,28550.631,28484.808,28541.731,60,1435
2026-07-27 06:00:00,28541.887,28574.989,28527.242,28541.32,60,1438
2026-07-27 07:00:00,28539.819,28578.364,28508.354,28508.354,60,1429
2026-07-27 08:00:00,28509.153,28595.52,28506.042,28583.298,60,1434
2026-07-27 09:00:00,28583.197,28609.589,28565.253,28592.809,60,1433
2026-07-27 10:00:00,28592.665,28604.621,28573.631,28588.254,60,1431
2026-07-27 11:00:00,28588.132,28591.143,28493.131,28519.653,60,1431
2026-07-27 12:00:00,28519.598,28544.109,28476.131,28537.353,60,1434
2026-07-27 13:00:00,28537.397,28546.353,28188.032,28193.409,60,1432
2026-07-27 14:00:00,28193.299,28217.631,27786.187,28016.81,60,936
2026-07-27 15:00:00,28017.187,28045.154,27828.053,27909.264,60,930
2026-07-27 16:00:00,27909.576,28048.886,27874.553,27893.709,60,932
2026-07-27 17:00:00,27897.51,27953.11,27834.31,27951.532,60,929
2026-07-27 18:00:00,27954.698,28038.043,27866.553,28035.165,60,929
2026-07-27 19:00:00,28035.842,28102.097,28003.186,28039.289,60,930
2026-07-27 20:00:00,28039.808,28065.887,28016.209,28037.797,15,1426
2026-07-27 22:00:00,28074.543,28076.654,27974.308,27982.142,60,1430
2026-07-27 23:00:00,27982.108,28028.11,27955.143,28012.308,60,1434
2026-07-28 00:00:00,28012.899,28043.653,27904.676,27920.698,60,1432
2026-07-28 01:00:00,27921.653,27946.354,27818.608,27870.319,60,1430
2026-07-28 02:00:00,27872.099,27879.489,27801.099,27841.776,60,1428
2026-07-28 03:00:00,27842.72,27919.886,27782.775,27896.886,60,1437
2026-07-28 04:00:00,27897.031,27897.031,27799.731,27804.22,60,1431
2026-07-28 05:00:00,27804.375,27831.053,27719.753,27728.821,60,1434
2026-07-28 06:00:00,27729.032,27806.086,27687.832,27794.809,60,1433
2026-07-28 07:00:00,27794.621,27836.542,27756.776,27781.532,60,1432
2026-07-28 08:00:00,27782.031,27899.887,27729.054,27842.132,60,1431
2026-07-28 09:00:00,27841.864,27864.599,27790.598,27805.075,60,1442
2026-07-28 10:00:00,27803.375,27827.819,27753.764,27792.097,60,1429
2026-07-28 11:00:00,27791.308,27822.097,27697.887,27811.376,60,1429
2026-07-28 12:00:00,27810.387,27880.753,27797.287,27841.719,60,1430
2026-07-28 13:00:00,27842.02,27876.542,27495.421,27515.976,60,1430
2026-07-28 14:00:00,27515.619,27741.476,27456.176,27653.542,60,930
2026-07-28 15:00:00,27654.575,27914.289,27620.053,27897.743,60,929
2026-07-28 16:00:00,27897.964,27929.897,27804.21,27907.389,60,943
2026-07-28 17:00:00,27907.208,27915.642,27774.731,27822.765,60,937
2026-07-28 18:00:00,27825.965,27849.275,27762.909,27823.354,60,938
2026-07-28 19:00:00,27822.987,27872.942,27761.821,27763.887,60,936
2026-07-28 20:00:00,27767.275,27816.976,27734.697,27768.887,15,1435
2026-07-28 22:00:00,27826.519,27864.986,27609.698,27609.731,60,1432
2026-07-28 23:00:00,27610.431,27956.519,27588.697,27954.62,60,1432
2026-07-29 00:00:00,27951.132,28028.599,27853.189,27862.821,60,1433
2026-07-29 01:00:00,27862.653,27893.599,27637.199,27639.198,60,1429
2026-07-29 02:00:00,27638.419,27764.242,27623.31,27692.398,60,1429
2026-07-29 03:00:00,27691.854,27734.265,27554.82,27569.453,60,1431
2026-07-29 04:00:00,27570.298,27611.408,27493.71,27609.465,60,1435
2026-07-29 05:00:00,27612.498,27706.389,27588.689,27647.253,60,1442
2026-07-29 06:00:00,27646.897,27793.964,27589.376,27781.831,60,1431
2026-07-29 07:00:00,27781.776,27814.099,27743.82,27759.409,60,1435
2026-07-29 08:00:00,27759.32,27791.389,27672.454,27755.942,60,1433
2026-07-29 09:00:00,27755.808,27912.442,27753.31,27870.275,60,1435
2026-07-29 10:00:00,27871.187,27896.919,27783.942,27801.265,60,1435
2026-07-29 11:00:00,27800.965,27875.399,27787.719,27855.754,60,1440
2026-07-29 12:00:00,27854.908,27858.998,27697.654,27760.62,60,1434
2026-07-29 13:00:00,27760.908,27848.364,27523.275,27589.143,60,1435
2026-07-29 14:00:00,27588.909,27681.042,27365.909,27458.119,60,929
2026-07-29 15:00:00,27459.01,27513.843,27322.61,27375.286,60,931
2026-07-29 16:00:00,27377.209,27461.353,27268.297,27461.353,60,931
2026-07-29 17:00:00,27462.089,27607.089,27454.198,27576.354,60,928
2026-07-29 18:00:00,27676.831,27952.675,27565.32,27913.386,60,931
2026-07-29 19:00:00,27914.599,27954.443,27174.442,27200.164,60,932
2026-07-29 20:00:00,27204.409,27220.987,27063.332,27155.497,15,1431
2026-07-29 22:00:00,27103.153,27346.464,27091.575,27308.098,60,1428
2026-07-29 23:00:00,27308.589,27416.898,27304.586,27380.119,60,1440
2026-07-30 00:00:00,27379.675,27468.465,27331.354,27404.421,60,1432
2026-07-30 01:00:00,27405.565,27554.476,27393.065,27508.698,60,1435
2026-07-30 02:00:00,27509.621,27545.543,27397.954,27399.175,60,1430
2026-07-30 03:00:00,27399.498,27434.419,27329.631,27388.898,60,1431
2026-07-30 04:00:00,27389.021,27402.019,27293.143,27304.943,60,1429
2026-07-30 05:00:00,27305.009,27404.475,27279.454,27345.843,60,1440
2026-07-30 06:00:00,27345.854,27364.589,27273.931,27293.132,60,1437
2026-07-30 07:00:00,27292.32,27379.421,27210.509,27252.497,60,1434
2026-07-30 08:00:00,27253.887,27384.586,27196.509,27343.065,60,1441
2026-07-30 09:00:00,27342.12,27444.099,27328.865,27374.431,60,1434
2026-07-30 10:00:00,27374.397,27505.719,27346.453,27476.509,60,1432
2026-07-30 11:00:00,27477.064,27603.089,27471.454,27582.654,60,1438
2026-07-30 12:00:00,27582.564,27677.108,27554.442,27664.031,60,1432
2026-07-30 13:00:00,27665.353,28017.099,27651.998,28013.997,60,1428
2026-07-30 14:00:00,28014.42,28107.419,27885.809,27933.831,60,932
2026-07-30 15:00:00,27933.897,27999.099,27861.521,27944.199,60,934
2026-07-30 16:00:00,27943.487,28056.597,27920.053,27991.321,60,931
2026-07-30 17:00:00,27991.897,28072.353,27991.521,28042.897,60,934
2026-07-30 18:00:00,28042.02,28069.619,28013.354,28045.532,60,933
2026-07-30 19:00:00,28045.808,28162.065,28044.619,28107.22,60,930
2026-07-30 20:00:00,28107.819,28220.92,28072.876,28191.398,15,1428
2026-07-30 22:00:00,28199.643,28285.699,28181.086,28266.632,60,1431
2026-07-30 23:00:00,28266.931,28318.189,28234.675,28296.097,60,1435
2026-07-31 00:00:00,28295.086,28397.042,28270.143,28394.875,60,1432
2026-07-31 01:00:00,28394.953,28444.599,28328.32,28349.375,60,1438
2026-07-31 02:00:00,28349.598,28371.853,28262.453,28304.953,60,1430
2026-07-31 03:00:00,28304.609,28350.699,28270.498,28331.019,60,1433
2026-07-31 04:00:00,28330.919,28429.042,28295.676,28422.197,60,1429
2026-07-31 05:00:00,28421.931,28462.708,28411.387,28458.899,60,1428
2026-07-31 06:00:00,28458.375,28483.619,28323.12,28358.675,60,1441
2026-07-31 07:00:00,28357.398,28456.299,28328.332,28446.332,60,1431
2026-07-31 08:00:00,28446.289,28483.076,28396.954,28475.354,60,1439
2026-07-31 09:00:00,28475.399,28512.987,28402.653,28404.199,60,1435
2026-07-31 10:00:00,28403.61,28462.632,28392.62,28437.389,60,1436
2026-07-31 11:00:00,28437.919,28498.054,28395.364,28426.187,60,1434
2026-07-31 12:00:00,28426.464,28427.931,28305.676,28340.82,60,1430
2026-07-31 13:00:00,28341.187,28598.008,28169.086,28230.709,60,1429
2026-07-31 14:00:00,28231.064,28263.021,27952.075,28180.486,60,931
2026-07-31 15:00:00,28179.921,28214.319,27988.431,28146.543,60,930
2026-07-31 16:00:00,28147.742,28262.999,28118.275,28240.11,60,930
2026-07-31 17:00:00,28239.254,28375.787,28233.209,28301.676,60,929
2026-07-31 18:00:00,28301.865,28334.676,28268.854,28307.299,60,932
2026-07-31 19:00:00,28306.989,28399.689,28270.086,28272.187,60,928
2026-08-03 00:00:00,28486.698,28507.92,28415.821,28499.886,60,1435
2026-08-03 01:00:00,28500.519,28527.565,28442.665,28522.442,60,1435
2026-08-03 02:00:00,28524.476,28558.909,28509.454,28539.208,60,1435
2026-08-03 03:00:00,28541.186,28575.965,28518.943,28548.321,60,1428
2026-08-03 04:00:00,28547.943,28566.531,28526.61,28529.598,60,1436
2026-08-03 05:00:00,28529.432,28545.075,28495.921,28519.397,60,1436
2026-08-03 06:00:00,28519.432,28538.864,28454.165,28471.598,60,1431
2026-08-03 07:00:00,28471.709,28511.976,28436.32,28465.831,60,1429
2026-08-03 08:00:00,28465.419,28473.11,28350.543,28471.697,60,1434
2026-08-03 09:00:00,28471.897,28478.431,28399.575,28436.954,60,1431
2026-08-03 10:00:00,28436.498,28442.543,28367.421,28419.62,60,1431
2026-08-03 11:00:00,28418.997,28424.964,28282.01,28299.175,60,1435
2026-08-03 12:00:00,28298.087,28369.609,28261.421,28337.697,60,1431
2026-08-03 13:00:00,28337.608,28503.986,28192.031,28501.753,60,1429
2026-08-03 14:00:00,28501.642,28675.721,28406.297,28674.131,60,929
2026-08-03 15:00:00,28673.986,28685.164,28594.831,28664.81,60,931
2026-08-03 16:00:00,28664.81,28719.853,28663.232,28694.465,60,929
2026-08-03 17:00:00,28694.887,28796.589,28686.81,28792.597,60,937
2026-08-03 18:00:00,28792.387,28838.789,28757.942,28782.076,60,932
2026-08-03 19:00:00,28782.32,28818.419,28740.976,28774.343,60,943
2026-08-03 20:00:00,28774.108,28791.589,28753.299,28785.719,15,1429
2026-08-03 22:00:00,28805.465,28838.789,28799.42,28822.508,60,1450
2026-08-03 23:00:00,28822.121,28848.799,28807.632,28848.032,60,1431
2026-08-04 00:00:00,28846.854,28853.219,28741.954,28754.51,60,1433
2026-08-04 01:00:00,28753.087,28924.608,28708.799,28918.209,60,1429
2026-08-04 02:00:00,28917.975,28921.689,28820.387,28850.01,60,1439
2026-08-04 03:00:00,28850.186,28882.699,28810.098,28872.31,60,1430
2026-08-04 04:00:00,28872.699,28900.454,28845.51,28893.089,60,1436
2026-08-04 05:00:00,28893.119,28951.554,28855.81,28950.043,60,1431
2026-08-04 06:00:00,28950.299,28975.431,28919.853,28949.875,60,1433
2026-08-04 07:00:00,28949.554,28994.621,28914.554,28948.408,60,1428
2026-08-04 08:00:00,28948.509,29008.821,28915.687,28946.109,60,1437
2026-08-04 09:00:00,28945.654,28962.509,28884.632,28954.508,60,1443
2026-08-04 10:00:00,28954.843,29020.41,28943.898,28993.153,60,1432
2026-08-04 11:00:00,28993.219,29122.486,28993.175,29114.432,60,1442
2026-08-04 12:00:00,29114.186,29114.843,29065.465,29079.965,60,1428
2026-08-04 13:00:00,29079.997,29380.076,29068.109,29338.864,60,1436
2026-08-04 14:00:00,29340.886,29443.675,29308.054,29423.621,60,937
2026-08-04 15:00:00,29423.61,29570.965,29419.008,29547.487,60,935
2026-08-04 16:00:00,29547.031,29620.442,29537.51,29618.998,60,935
2026-08-04 17:00:00,29618.51,29772.654,29615.043,29709.197,60,930
2026-08-04 18:00:00,29708.997,29768.431,29684.175,29754.686,60,932
2026-08-04 19:00:00,29755.109,29828.043,29721.132,29736.132,60,932
2026-08-04 20:00:00,29736.076,29820.889,29724.176,29787.043,15,1427
2026-08-04 22:00:00,29674.81,29718.589,29652.487,29701.043,60,1437
2026-08-04 23:00:00,29700.842,29731.164,29678.032,29709.931,60,1440
2026-08-05 00:00:00,29709.842,29751.089,29687.942,29723.121,60,1430
2026-08-05 01:00:00,29723.01,29757.875,29673.019,29744.032,60,1427
2026-08-05 02:00:00,29744.454,29762.698,29716.908,29734.908,60,1430
2026-08-05 03:00:00,29734.42,29768.299,29731.053,29764.065,60,1428
2026-08-05 04:00:00,29764.031,29791.389,29734.419,29777.487,60,1430
2026-08-05 05:00:00,29777.031,29859.908,29769.542,29855.175,60,1431
2026-08-05 06:00:00,29852.376,29864.553,29800.109,29843.986,60,1430
2026-08-05 07:00:00,29846.942,29861.32,29759.921,29777.953,60,1430
2026-08-05 08:00:00,29777.864,29800.189,29673.386,29711.619,60,1437
2026-08-05 09:00:00,29711.653,29768.399,29689.321,29732.697,60,1432
2026-08-05 10:00:00,29732.508,29746.099,29708.575,29738.364,60,1436
2026-08-05 11:00:00,29740.476,29817.597,29740.476,29794.108,60,1441
2026-08-05 12:00:00,29794.165,29821.199,29767.354,29789.998,60,1430
2026-08-05 13:00:00,29789.82,29947.189,29770.887,29924.053,60,1428
2026-08-05 14:00:00,29924.608,29924.608,29663.32,29722.664,60,935
2026-08-05 15:00:00,29722.686,29765.608,29589.176,29613.186,60,937
2026-08-05 16:00:00,29613.386,29714.197,29576.987,29684.076,60,935
2026-08-05 17:00:00,29684.453,29694.199,29610.132,29631.421,60,932
2026-08-05 18:00:00,29631.719,29660.965,29599.031,29601.208,60,929
2026-08-05 19:00:00,29601.199,29653.976,29469.486,29481.91,60,938
2026-08-05 20:00:00,29479.821,29492.908,29407.008,29479.32,15,1434
2026-08-05 22:00:00,29449.699,29555.375,29443.653,29499.154,60,1429
2026-08-05 23:00:00,29499.608,29526.099,29444.01,29460.143,60,1430
2026-08-06 00:00:00,29460.975,29485.464,29412.81,29415.931,60,1430
2026-08-06 01:00:00,29415.208,29417.653,29331.81,29375.164,60,1439
2026-08-06 02:00:00,29375.498,29497.789,29367.132,29470.832,60,1441
2026-08-06 03:00:00,29470.598,29486.199,29403.043,29458.187,60,1432
2026-08-06 04:00:00,29458.52,29477.408,29412.997,29452.464,60,1430
2026-08-06 05:00:00,29452.299,29473.132,29422.365,29456.02,60,1436
2026-08-06 06:00:00,29456.508,29457.943,29362.376,29398.553,60,1439
2026-08-06 07:00:00,29398.699,29439.708,29378.31,29383.621,60,1432
2026-08-06 08:00:00,29385.509,29408.698,29321.408,29395.009,60,1440
2026-08-06 09:00:00,29395.365,29407.609,29315.497,29403.842,60,1428
2026-08-06 10:00:00,29403.409,29411.075,29344.687,29362.076,60,1428
2026-08-06 11:00:00,29360.565,29391.821,29242.531,29343.886,60,1435
2026-08-06 12:00:00,29343.854,29352.519,29265.432,29276.675,60,1433
2026-08-06 13:00:00,29276.52,29433.397,29119.086,29410.819,60,1429
2026-08-06 14:00:00,29412.798,29549.099,29371.665,29539.853,60,931
2026-08-06 15:00:00,29540.732,29569.299,29389.32,29399.064,60,931
2026-08-06 16:00:00,29398.532,29441.298,29332.254,29439.897,60,929
2026-08-06 17:00:00,29439.686,29457.142,29376.753,29411.797,60,933
2026-08-06 18:00:00,29411.621,29458.719,29383.742,29397.587,60,927
2026-08-06 19:00:00,29398.676,29452.686,29356.276,29377.676,60,933
2026-08-06 20:00:00,29377.098,29431.631,29377.098,29417.031,15,1427
2026-08-06 22:00:00,29412.686,29468.964,29382.998,29453.487,60,1434
2026-08-06 23:00:00,29452.553,29490.631,29443.142,29482.853,60,1451
2026-08-07 00:00:00,29482.498,29506.908,29386.364,29450.143,60,1434
2026-08-07 01:00:00,29449.876,29469.987,29371.543,29414.587,60,1432
2026-08-07 02:00:00,29414.864,29436.386,29364.865,29414.465,60,1432
2026-08-07 03:00:00,29414.898,29434.699,29373.421,29376.01,60,1440
2026-08-07 04:00:00,29376.154,29412.687,29344.32,29397.698,60,1433
2026-08-07 05:00:00,29397.619,29444.789,29393.421,29410.919,60,1439
2026-08-07 06:00:00,29411.189,29471.689,29408.531,29440.908,60,1429
2026-08-07 07:00:00,29439.954,29480.689,29420.165,29471.81,60,1432
2026-08-07 08:00:00,29472.153,29534.986,29472.031,29521.086,60,1431
2026-08-07 09:00:00,29522.12,29537.142,29504.343,29505.854,60,1428
2026-08-07 10:00:00,29505.686,29516.143,29480.465,29495.376,60,1433
2026-08-07 11:00:00,29495.176,29557.51,29495.176,29502.699,60,1429
2026-08-07 12:00:00,29502.321,29754.675,29493.175,29731.008,60,1431
2026-08-07 13:00:00,29733.376,29738.464,29534.208,29570.189,60,1430
2026-08-07 14:00:00,29569.389,29668.809,29454.531,29607.619,60,937
2026-08-07 15:00:00,29607.543,29741.786,29595.72,29700.899,60,938
2026-08-07 16:00:00,29700.743,29716.889,29556.486,29626.576,60,938
2026-08-07 17:00:00,29627.289,29654.689,29613.319,29630.497,60,928
2026-08-07 18:00:00,29630.298,29641.389,29563.999,29609.476,60,935
2026-08-07 19:00:00,29609.632,29747.032,29609.632,29715.298,60,931
2026-08-07 20:00:00,29715.91,29736.743,29691.953,29706.565,15,1437
2026-08-10 00:00:00,29717.289,29791.842,29676.52,29690.354,60,1434
2026-08-10 01:00:00,29690.286,29781.508,29679.031,29771.876,60,1435
2026-08-10 02:00:00,29772.031,29785.999,29736.532,29767.932,60,1433
2026-08-10 03:00:00,29768.754,29785.742,29755.91,29765.276,60,1429
2026-08-10 04:00:00,29765.786,29789.954,29752.099,29768.597,60,1437
2026-08-10 05:00:00,29769.089,29817.599,29768.02,29816.41,60,1440
2026-08-10 06:00:00,29816.543,29849.265,29793.431,29795.876,60,1430
2026-08-10 07:00:00,29796.52,29870.699,29774.065,29840.189,60,1433
2026-08-10 08:00:00,29840.087,29867.508,29826.731,29858.586,60,1431
2026-08-10 09:00:00,29858.976,29870.586,29823.109,29825.497,60,1430
2026-08-10 10:00:00,29825.765,29845.353,29796.319,29799.22,60,1428
2026-08-10 11:00:00,29799.42,29812.287,29733.253,29758.599,60,1430
2026-08-10 12:00:00,29758.421,29770.799,29658.875,29664.732,60,1429
2026-08-10 13:00:00,29664.421,29726.976,29606.842,29695.919,60,1429
2026-08-10 14:00:00,29694.864,29787.842,29666.331,29667.831,60,931
2026-08-10 15:00:00,29667.608,29742.999,29629.875,29732.309,60,933
2026-08-10 16:00:00,29732.008,29746.199,29618.82,29668.064,60,932
2026-08-10 17:00:00,29667.821,29698.876,29632.708,29647.197,60,931
2026-08-10 18:00:00,29647.076,29672.343,29630.087,29670.198,60,941
2026-08-10 19:00:00,29670.31,29683.698,29609.575,29629.853,60,932
2026-08-10 20:00:00,29629.619,29640.986,29626.832,29631.475,15,1428
2026-08-10 22:00:00,29670.854,29677.008,29611.853,29621.886,60,1430
2026-08-10 23:00:00,29621.698,29623.665,29567.289,29592.664,60,1428
2026-08-11 00:00:00,29591.076,29682.865,29556.465,29674.409,60,1434
2026-08-11 01:00:00,29674.132,29731.599,29654.153,29707.497,60,1430
2026-08-11 02:00:00,29707.065,29732.075,29701.664,29707.342,60,1441
2026-08-11 03:00:00,29707.465,29736.519,29704.198,29721.021,60,1441
2026-08-11 04:00:00,29722.189,29750.564,29721.897,29728.376,60,1429
2026-08-11 05:00:00,29728.375,29743.289,29678.01,29682.089,60,1442
2026-08-11 06:00:00,29682.065,29716.409,29621.553,29643.987,60,1435
2026-08-11 07:00:00,29644.443,29669.099,29617.609,29663.332,60,1428
2026-08-11 08:00:00,29663.789,29693.143,29607.431,29637.997,60,1434
2026-08-11 09:00:00,29637.576,29672.654,29607.532,29658.154,60,1434
2026-08-11 10:00:00,29658.453,29722.054,29639.632,29706.597,60,1436
2026-08-11 11:00:00,29707.531,29775.643,29700.453,29721.365,60,1428
2026-08-11 12:00:00,29721.197,29760.189,29708.464,29721.432,60,1431
2026-08-11 13:00:00,29722.042,29739.932,29527.089,29622.054,60,1428
2026-08-11 14:00:00,29623.175,29696.397,29608.865,29668.121,60,936
2026-08-11 15:00:00,29668.154,29683.631,29551.91,29555.099,60,937
2026-08-11 16:00:00,29554.909,29573.042,29511.109,29519.608,60,936
2026-08-11 17:00:00,29520.099,29534.054,29466.375,29522.065,60,936
2026-08-11 18:00:00,29522.398,29528.153,29427.021,29476.099,60,940
2026-08-11 19:00:00,29477.589,29552.099,29465.519,29527.431,60,931
2026-08-11 20:00:00,29533.453,29543.31,29506.987,29531.998,15,1431
2026-08-11 22:00:00,29544.999,29558.999,29523.454,29544.275,60,1433
2026-08-11 23:00:00,29544.375,29556.998,29528.81,29556.153,60,1429
2026-08-12 00:00:00,29555.999,29573.408,29520.465,29561.221,60,1429
2026-08-12 01:00:00,29561.265,29577.599,29534.099,29552.154,60,1431
2026-08-12 02:00:00,29552.253,29597.321,29544.386,29596.765,60,1430
2026-08-12 03:00:00,29596.943,29604.176,29579.765,29589.198,60,1428
2026-08-12 04:00:00,29588.999,29609.989,29577.931,29608.399,60,1430
2026-08-12 05:00:00,29607.976,29612.209,29562.942,29609.886,60,1445
2026-08-12 06:00:00,29609.989,29631.589,29592.398,29631.298,60,1437
2026-08-12 07:00:00,29631.153,29648.864,29622.32,29645.509,60,1436
2026-08-12 08:00:00,29645.797,29693.632,29642.41,29688.742,60,1435
2026-08-12 09:00:00,29688.497,29742.776,29687.61,29710.442,60,1428
2026-08-12 10:00:00,29710.999,29738.508,29682.91,29709.62,60,1440
2026-08-12 11:00:00,29709.432,29740.475,29699.921,29739.91,60,1434
2026-08-12 12:00:00,29739.92,29826.61,29694.31,29814.21,60,1433
2026-08-12 13:00:00,29813.842,29895.389,29748.442,29802.189,60,1440
2026-08-12 14:00:00,29801.776,29839.753,29732.489,29763.497,60,937
2026-08-12 15:00:00,29762.642,29785.999,29713.719,29726.265,60,935
2026-08-12 16:00:00,29727.599,29811.987,29724.11,29799.91,60,934
2026-08-12 17:00:00,29800.675,29818.989,29784.265,29804.864,60,929
2026-08-12 18:00:00,29804.942,29822.686,29780.121,29784.699,60,934
2026-08-12 19:00:00,29784.919,29799.142,29720.743,29749.431,60,934
2026-08-12 20:00:00,29749.153,29799.875,29725.743,29741.12,15,1439
2026-08-12 22:00:00,29725.099,29728.497,29677.62,29694.454,60,1433
2026-08-12 23:00:00,29694.153,29711.289,29690.497,29701.389,60,1439
2026-08-13 00:00:00,29701.42,29762.643,29693.208,29743.599,60,1428
2026-08-13 01:00:00,29742.897,29761.443,29705.476,29753.608,60,1430
2026-08-13 02:00:00,29753.697,29773.919,29730.386,29765.487,60,1429
2026-08-13 03:00:00,29765.108,29776.699,29762.075,29775.165,60,1443
2026-08-13 04:00:00,29774.709,29792.154,29750.81,29776.054,60,1433
2026-08-13 05:00:00,29775.886,29820.119,29771.342,29780.698,60,1435
2026-08-13 06:00:00,29781.789,29802.089,29755.41,29785.154,60,1446
2026-08-13 07:00:00,29785.332,29789.909,29741.831,29755.687,60,1429
2026-08-13 08:00:00,29756.043,29771.464,29724.62,29757.789,60,1431
2026-08-13 09:00:00,29757.497,29776.032,29718.02,29773.376,60,1431
2026-08-13 10:00:00,29772.919,29782.865,29759.899,29777.142,60,1433
2026-08-13 11:00:00,29776.865,29791.399,29752.475,29765.187,60,1429
2026-08-13 12:00:00,29765.709,29785.586,29709.686,29777.599,60,1430
2026-08-13 13:00:00,29776.508,30077.589,29760.92,30073.589,60,1437
2026-08-13 14:00:00,30072.954,30161.143,30052.964,30093.864,60,930
2026-08-13 15:00:00,30094.486,30132.686,29998.953,30009.689,60,936
2026-08-13 16:00:00,30009.331,30097.598,30008.675,30087.889,60,936
2026-08-13 17:00:00,30087.82,30144.143,30087.82,30099.019,60,935
2026-08-13 18:00:00,30099.41,30140.01,30075.842,30138.443,60,930
2026-08-13 19:00:00,30138.876,30166.92,30069.998,30089.097,60,936
2026-08-13 20:00:00,30089.799,30115.108,30041.686,30104.708,15,1431
2026-08-13 22:00:00,30107.31,30119.586,30090.175,30105.608,60,1434
2026-08-13 23:00:00,30105.219,30127.586,30092.586,30105.198,60,1438
2026-08-14 00:00:00,30105.364,30134.099,30068.91,30071.931,60,1436
2026-08-14 01:00:00,30071.719,30071.719,30026.653,30053.942,60,1431
2026-08-14 02:00:00,30053.898,30082.909,30051.719,30056.464,60,1436
2026-08-14 03:00:00,30056.208,30084.299,30052.653,30054.876,60,1433
2026-08-14 04:00:00,30054.598,30067.189,30040.175,30049.931,60,1446
2026-08-14 05:00:00,30049.986,30083.699,30030.02,30076.343,60,1436
2026-08-14 06:00:00,30076.476,30080.342,30050.442,30075.019,60,1438
2026-08-14 07:00:00,30075.097,30105.289,30073.864,30096.332,60,1439
2026-08-14 08:00:00,30096.565,30141.619,30089.431,30123.575,60,1437
2026-08-14 09:00:00,30123.432,30137.699,30109.31,30136.908,60,1435
2026-08-14 10:00:00,30137.176,30153.789,30124.821,30153.789,60,1435
2026-08-14 11:00:00,30153.886,30169.708,30139.52,30166.421,60,1428
2026-08-14 12:00:00,30167.164,30182.064,30111.82,30170.342,60,1438
2026-08-14 13:00:00,30170.376,30183.943,30072.931,30128.931,60,1436
2026-08-14 14:00:00,30127.697,30175.832,30028.51,30028.52,60,930
2026-08-14 15:00:00,30028.342,30047.119,29935.121,29971.632,60,934
2026-08-14 16:00:00,29972.409,30012.565,29956.719,29963.843,60,930
2026-08-14 17:00:00,29965.087,29988.789,29953.653,29985.389,60,930
2026-08-14 18:00:00,29985.686,30008.31,29967.565,29992.831,60,942
2026-08-14 19:00:00,29992.821,30050.121,29981.342,30047.042,60,933
2026-08-14 20:00:00,30047.875,30055.608,30033.832,30035.521,15,1434
2026-08-17 00:00:00,30114.809,30131.389,30090.61,30106.143,60,1436
2026-08-17 01:00:00,30106.399,30143.098,30091.732,30096.632,60,1437
2026-08-17 02:00:00,30096.989,30135.532,30090.709,30127.343,60,1440
2026-08-17 03:00:00,30127.886,30151.399,30126.842,30151.121,60,1431
2026-08-17 04:00:00,30151.089,30158.832,30138.032,30139.798,60,1428
2026-08-17 05:00:00,30139.843,30178.709,30135.609,30177.321,60,1429
2026-08-17 06:00:00,30177.198,30231.599,30172.221,30229.22,60,1433
2026-08-17 07:00:00,30229.142,30236.265,30166.076,30217.586,60,1432
2026-08-17 08:00:00,30217.232,30232.397,30189.064,30202.753,60,1438
2026-08-17 09:00:00,30203.119,30207.543,30172.364,30186.254,60,1435
2026-08-17 10:00:00,30186.332,30244.489,30181.275,30219.553,60,1435
2026-08-17 11:00:00,30219.632,30229.399,30191.131,30191.131,60,1434
2026-08-17 12:00:00,30191.319,30193.419,30085.809,30106.898,60,1434
2026-08-17 13:00:00,30106.531,30170.764,30071.131,30139.608,60,1438
2026-08-17 14:00:00,30140.276,30151.276,30063.321,30149.12,60,932
2026-08-17 15:00:00,30150.597,30191.81,30113.798,30145.119,60,929
2026-08-17 16:00:00,30144.843,30148.821,30081.087,30089.131,60,933
2026-08-17 17:00:00,30089.221,30092.809,29992.308,30007.698,60,935
2026-08-17 18:00:00,30007.642,30041.809,29985.142,30027.899,60,930
2026-08-17 19:00:00,30028.489,30029.686,29972.243,29996.586,60,929
2026-08-17 20:00:00,29997.542,30004.087,29976.243,29983.286,15,1427
2026-08-17 22:00:00,29994.942,29998.854,29970.031,29986.508,60,1434
2026-08-17 23:00:00,29986.999,30007.689,29977.931,30001.997,60,1431
2026-08-18 00:00:00,30000.487,30028.108,29991.486,30005.986,60,1439
2026-08-18 01:00:00,30006.319,30017.119,29878.787,29920.364,60,1430
2026-08-18 02:00:00,29919.742,29928.886,29788.464,29816.109,60,1430
2026-08-18 03:00:00,29816.354,29823.299,29760.931,29800.989,60,1428
2026-08-18 04:00:00,29800.498,29834.699,29778.042,29824.942,60,1435
2026-08-18 05:00:00,29824.554,29825.932,29743.831,29748.365,60,1431
2026-08-18 06:00:00,29748.331,29802.831,29693.321,29800.919,60,1431
2026-08-18 07:00:00,29800.787,29804.098,29716.386,29717.832,60,1434
2026-08-18 08:00:00,29719.587,29721.52,29643.397,29674.221,60,1432
2026-08-18 09:00:00,29673.254,29685.076,29594.92,29640.221,60,1434
2026-08-18 10:00:00,29640.242,29659.808,29611.487,29646.087,60,1439
2026-08-18 11:00:00,29646.308,29681.189,29634.854,29655.31,60,1439
2026-08-18 12:00:00,29655.231,29692.932,29588.931,29620.831,60,1433
2026-08-18 13:00:00,29620.098,29681.189,29516.942,29558.587,60,1435
2026-08-18 14:00:00,29558.498,29617.032,29448.387,29459.365,60,935
2026-08-18 15:00:00,29459.609,29552.509,29426.243,29548.275,60,930
2026-08-18 16:00:00,29549.599,29582.489,29515.519,29561.276,60,929
2026-08-18 17:00:00,29561.343,29572.564,29477.042,29477.042,60,927
2026-08-18 18:00:00,29477.608,29526.387,29459.189,29482.009,60,931
2026-08-18 19:00:00,29481.475,29517.587,29469.831,29493.865,60,927
2026-08-18 20:00:00,29493.354,29506.787,29476.364,29483.265,15,1424
2026-08-18 22:00:00,29489.698,29505.299,29429.91,29431.719,60,1433
2026-08-18 23:00:00,29432.053,29479.21,29427.608,29440.232,60,1442
2026-08-19 00:00:00,29440.809,29497.764,29362.51,29452.576,60,1432
2026-08-19 01:00:00,29452.198,29521.899,29442.619,29490.642,60,1431
2026-08-19 02:00:00,29494.389,29495.709,29427.421,29443.686,60,1438
2026-08-19 03:00:00,29443.453,29478.721,29428.532,29437.943,60,1430
2026-08-19 04:00:00,29437.932,29455.532,29376.143,29417.954,60,1430
2026-08-19 05:00:00,29418.131,29446.899,29359.187,29369.075,60,1434
2026-08-19 06:00:00,29369.021,29473.799,29343.219,29470.809,60,1430
2026-08-19 07:00:00,29471.276,29518.697,29433.286,29512.797,60,1434
2026-08-19 08:00:00,29513.031,29552.721,29505.11,29520.208,60,1436
2026-08-19 09:00:00,29519.953,29542.498,29448.608,29466.042,60,1438
2026-08-19 10:00:00,29466.399,29470.965,29422.62,29433.498,60,1430
2026-08-19 11:00:00,29434.154,29489.953,29419.732,29447.731,60,1439
2026-08-19 12:00:00,29447.021,29669.119,29423.72,29654.742,60,1436
2026-08-19 13:00:00,29654.653,29659.975,29320.954,29406.776,60,1431
2026-08-19 14:00:00,29407.664,29536.087,29288.764,29534.764,60,940
2026-08-19 15:00:00,29536.532,29541.999,29462.521,29518.975,60,936
2026-08-19 16:00:00,29518.054,29579.199,29465.164,29471.165,60,932
2026-08-19 17:00:00,29471.889,29484.564,29422.664,29456.486,60,935
2026-08-19 18:00:00,29456.708,29503.009,29403.92,29446.986,60,928
2026-08-19 19:00:00,29446.954,29501.608,29397.619,29427.565,60,939
2026-08-19 20:00:00,29427.931,29453.654,29425.02,29426.931,15,1427
2026-08-19 22:00:00,29478.164,29560.109,29464.732,29557.287,60,1438
2026-08-19 23:00:00,29557.209,29595.286,29533.319,29537.264,60,1434
2026-08-20 00:00:00,29534.753,29582.865,29489.631,29578.389,60,1431
2026-08-20 01:00:00,29578.243,29591.197,29531.542,29550.176,60,1431
2026-08-20 02:00:00,29550.719,29590.098,29517.721,29537.489,60,1434
2026-08-20 03:00:00,29537.289,29563.81,29502.553,29525.253,60,1431
2026-08-20 04:00:00,29524.898,29562.899,29515.787,29524.254,60,1431
2026-08-20 05:00:00,29525.021,29548.289,29495.599,29513.165,60,1439
2026-08-20 06:00:00,29513.108,29593.354,29510.697,29579.599,60,1435
2026-08-20 07:00:00,29579.742,29579.742,29500.565,29501.743,60,1441
2026-08-20 08:00:00,29501.32,29512.12,29363.097,29384.608,60,1432
2026-08-20 09:00:00,29384.253,29453.898,29374.142,29434.908,60,1431
2026-08-20 10:00:00,29435.053,29473.065,29419.775,29472.875,60,1432
2026-08-20 11:00:00,29473.608,29490.176,29256.331,29268.254,60,1433
2026-08-20 12:00:00,29268.108,29281.753,29149.22,29253.654,60,1433
2026-08-20 13:00:00,29253.219,29380.365,29220.565,29266.21,60,1437
2026-08-20 14:00:00,29268.799,29345.898,29220.098,29305.864,60,932
2026-08-20 15:00:00,29306.775,29368.875,29181.953,29242.819,60,928
2026-08-20 16:00:00,29242.897,29301.689,29215.409,29292.21,60,929
2026-08-20 17:00:00,29292.489,29294.453,29195.487,29205.043,60,932
2026-08-20 18:00:00,29204.976,29204.976,29115.42,29156.097,60,933
2026-08-20 19:00:00,29156.753,29248.199,29155.354,29209.031,60,932
2026-08-20 20:00:00,29208.92,29233.298,29189.81,29193.454,15,1426
2026-08-20 22:00:00,29256.489,29258.808,29191.61,29239.687,60,1439
2026-08-20 23:00:00,29238.743,29245.576,29204.299,29211.019,60,1428
2026-08-21 00:00:00,29210.797,29281.819,29208.72,29238.52,60,1439
2026-08-21 01:00:00,29238.454,29289.699,29209.598,29270.586,60,1428
2026-08-21 02:00:00,29271.042,29316.253,29260.275,29301.453,60,1434
2026-08-21 03:00:00,29301.521,29305.076,29260.009,29269.776,60,1436
2026-08-21 04:00:00,29271.11,29289.199,29238.631,29275.197,60,1431
2026-08-21 05:00:00,29275.664,29297.643,29257.942,29283.198,60,1429
2026-08-21 06:00:00,29282.964,29318.175,29272.519,29303.743,60,1436
2026-08-21 07:00:00,29303.642,29373.61,29297.543,29363.799,60,1434
2026-08-21 08:00:00,29364.189,29384.476,29308.154,29370.276,60,1430
2026-08-21 09:00:00,29371.097,29408.989,29328.954,29402.454,60,1431
2026-08-21 10:00:00,29402.554,29432.453,29387.421,29396.587,60,1429
2026-08-21 11:00:00,29395.189,29456.108,29370.308,29416.753,60,1430
2026-08-21 12:00:00,29416.786,29449.509,29396.032,29428.41,60,1439
2026-08-21 13:00:00,29429.119,29432.987,29178.519,29223.176,60,1430
2026-08-21 14:00:00,29223.91,29253.597,29140.054,29251.52,60,931
2026-08-21 15:00:00,29251.943,29409.321,29246.543,29365.564,60,939
2026-08-21 16:00:00,29364.297,29372.286,29301.932,29333.298,60,930
2026-08-21 17:00:00,29333.075,29344.832,29297.798,29304.819,60,932
2026-08-21 18:00:00,29304.809,29326.364,29275.409,29321.298,60,929
2026-08-21 19:00:00,29322.453,29353.021,29296.931,29317.321,60,932
2026-08-21 20:00:00,29318.498,29318.498,29293.087,29302.843,15,1429
2026-08-24 00:00:00,29388.608,29395.165,29258.475,29348.997,60,1435
2026-08-24 01:00:00,29348.808,29371.52,29244.319,29245.942,60,1435
2026-08-24 02:00:00,29245.41,29300.789,29224.642,29293.889,60,1438
2026-08-24 03:00:00,29293.798,29295.087,29187.476,29194.754,60,1428
2026-08-24 04:00:00,29195.632,29226.289,29186.976,29189.11,60,1443
2026-08-24 05:00:00,29189.498,29219.998,29118.22,29122.942,60,1435
2026-08-24 06:00:00,29123.021,29141.799,29048.798,29086.465,60,1431
2026-08-24 07:00:00,29087.964,29135.499,29055.619,29069.064,60,1435
2026-08-24 08:00:00,29072.554,29162.931,29040.209,29137.131,60,1431
2026-08-24 09:00:00,29137.686,29172.699,29124.608,29155.165,60,1431
2026-08-24 10:00:00,29154.665,29169.999,29103.032,29107.975,60,1434
2026-08-24 11:00:00,29104.286,29206.465,29069.176,29170.265,60,1433
2026-08-24 12:00:00,29170.186,29170.186,29097.187,29128.765,60,1430
2026-08-24 13:00:00,29128.664,29164.132,28872.976,28947.276,60,1430
2026-08-24 14:00:00,28945.798,29035.165,28878.564,29008.121,60,932
2026-08-24 15:00:00,29008.932,29129.476,28964.465,29093.554,60,932
2026-08-24 16:00:00,29093.709,29149.109,29081.932,29095.797,60,932
2026-08-24 17:00:00,29096.209,29135.287,29040.843,29047.665,60,929
2026-08-24 18:00:00,29048.089,29157.375,29047.542,29078.575,60,933
2026-08-24 19:00:00,29077.631,29096.91,29019.175,29021.587,60,932
2026-08-24 20:00:00,29022.054,29045.553,29019.608,29031.598,15,1427
2026-08-24 22:00:00,29066.675,29073.319,29036.631,29045.542,60,1430
2026-08-24 23:00:00,29045.365,29052.799,28997.108,29020.719,60,1425
2026-08-25 00:00:00,29019.332,29069.419,28942.22,29050.608,60,1427
2026-08-25 01:00:00,29052.221,29080.031,29020.809,29051.209,60,1436
2026-08-25 02:00:00,29050.908,29092.764,29018.354,29026.831,60,1430
2026-08-25 03:00:00,29027.242,29114.409,29025.309,29089.164,60,1430
2026-08-25 04:00:00,29089.389,29141.664,29084.064,29124.819,60,1431
2026-08-25 05:00:00,29124.789,29165.643,29114.364,29156.853,60,1430
2026-08-25 06:00:00,29158.042,29212.221,29154.721,29187.853,60,1430
2026-08-25 07:00:00,29188.043,29214.764,29151.642,29157.553,60,1431
2026-08-25 08:00:00,29157.821,29248.775,29137.52,29226.708,60,1434
2026-08-25 09:00:00,29226.298,29340.143,29210.764,29315.542,60,1428
2026-08-25 10:00:00,29315.043,29335.776,29271.176,29283.575,60,1432
2026-08-25 11:00:00,29283.198,29315.399,29232.21,29297.843,60,1432
2026-08-25 12:00:00,29296.197,29333.121,29237.599,29258.608,60,1431
2026-08-25 13:00:00,29258.587,29342.789,29206.499,29241.165,60,1432
2026-08-25 14:00:00,29240.61,29244.119,29092.787,29161.343,60,928
2026-08-25 15:00:00,29161.319,29237.031,29127.21,29191.908,60,936
2026-08-25 16:00:00,29191.698,29228.265,29181.843,29204.321,60,935
2026-08-25 17:00:00,29204.376,29207.709,29144.119,29156.108,60,928
2026-08-25 18:00:00,29155.787,29203.72,29131.653,29184.753,60,930
2026-08-25 19:00:00,29184.754,29219.386,29141.787,29200.832,60,930
2026-08-25 20:00:00,29200.997,29222.965,29192.097,29218.353,15,1431
2026-08-25 22:00:00,29226.609,29241.219,29212.82,29216.087,60,1428
2026-08-25 23:00:00,29216.197,29219.553,29139.142,29143.075,60,1432
2026-08-26 00:00:00,29141.343,29170.599,29042.642,29044.132,60,1434
2026-08-26 01:00:00,29044.942,29079.465,29028.454,29064.986,60,1427
2026-08-26 02:00:00,29065.076,29161.689,29051.398,29152.875,60,1439
2026-08-26 03:00:00,29152.932,29206.997,29137.419,29196.865,60,1434
2026-08-26 04:00:00,29196.976,29213.519,29149.399,29160.419,60,1439
2026-08-26 05:00:00,29160.376,29193.387,29158.108,29173.954,60,1438
2026-08-26 06:00:00,29173.642,29208.131,29135.832,29183.831,60,1431
2026-08-26 07:00:00,29183.697,29189.598,29118.697,29144.565,60,1436
2026-08-26 08:00:00,29144.575,29181.889,29120.564,29159.564,60,1428
2026-08-26 09:00:00,29159.843,29168.699,29123.52,29166.119,60,1430
2026-08-26 10:00:00,29165.82,29173.899,29120.886,29168.843,60,1429
2026-08-26 11:00:00,29168.665,29210.208,29118.664,29150.987,60,1432
2026-08-26 12:00:00,29152.665,29193.087,29066.487,29083.089,60,1433
2026-08-26 13:00:00,29084.476,29265.697,29066.92,29265.542,60,1431
2026-08-26 14:00:00,29263.632,29264.931,29089.82,29185.931,60,936
2026-08-26 15:00:00,29185.608,29224.886,29148.921,29150.919,60,934
2026-08-26 16:00:00,29150.586,29157.364,29103.61,29149.92,60,930
2026-08-26 17:00:00,29150.021,29226.942,29143.854,29217.619,60,928
2026-08-26 18:00:00,29217.708,29262.589,29198.321,29254.342,60,934
2026-08-26 19:00:00,29254.421,29301.364,29214.086,29231.586,60,934
2026-08-26 20:00:00,29233.519,29304.921,29218.576,29294.597,15,1428
2026-08-26 22:00:00,29468.289,29563.842,29441.675,29541.664,60,1428
2026-08-26 23:00:00,29541.799,29588.799,29520.698,29582.998,60,1436
2026-08-27 00:00:00,29584.108,29589.875,29374.121,29380.098,60,1432
2026-08-27 01:00:00,29379.789,29489.91,29368.52,29466.697,60,1435
2026-08-27 02:00:00,29466.465,29495.508,29452.62,29484.997,60,1429
2026-08-27 03:00:00,29485.365,29511.019,29461.853,29474.119,60,1442
2026-08-27 04:00:00,29473.998,29486.854,29428.953,29434.864,60,1430
2026-08-27 05:00:00,29434.665,29439.842,29364.365,29373.831,60,1446
2026-08-27 06:00:00,29373.854,29435.899,29338.321,29434.008,60,1430
2026-08-27 07:00:00,29433.553,29485.198,29413.075,29473.642,60,1429
2026-08-27 08:00:00,29473.909,29596.41,29473.532,29559.676,60,1429
2026-08-27 09:00:00,29559.432,29569.487,29502.832,29537.054,60,1435
2026-08-27 10:00:00,29537.11,29541.986,29503.931,29533.564,60,1442
2026-08-27 11:00:00,29533.708,29564.421,29450.842,29494.099,60,1429
2026-08-27 12:00:00,29493.653,29525.908,29452.132,29458.453,60,1434
2026-08-27 13:00:00,29458.454,29540.175,29360.965,29417.542,60,1431
2026-08-27 14:00:00,29419.431,29556.931,29414.032,29538.009,60,929
2026-08-27 15:00:00,29536.332,29569.921,29448.564,29533.519,60,932
2026-08-27 16:00:00,29532.887,29594.397,29505.943,29587.799,60,942
2026-08-27 17:00:00,29588.631,29612.419,29543.61,29547.889,60,929
2026-08-27 18:00:00,29547.553,29558.397,29463.289,29508.519,60,930
2026-08-27 19:00:00,29508.699,29640.12,29504.454,29635.509,60,931
2026-08-27 20:00:00,29633.442,29643.342,29583.889,29584.164,15,1432
2026-08-27 22:00:00,29572.276,29586.489,29543.008,29576.697,60,1427
2026-08-27 23:00:00,29576.92,29579.509,29534.798,29543.21,60,1431
2026-08-28 00:00:00,29544.409,29609.499,29536.819,29587.464,60,1434
2026-08-28 01:00:00,29587.375,29621.389,29584.219,29619.321,60,1429
2026-08-28 02:00:00,29619.465,29645.153,29587.165,29605.819,60,1431
2026-08-28 03:00:00,29607.165,29648.519,29582.853,29610.519,60,1433
2026-08-28 04:00:00,29610.843,29613.199,29578.731,29584.019,60,1439
2026-08-28 05:00:00,29583.821,29586.689,29540.121,29540.721,60,1440
2026-08-28 06:00:00,29541.154,29587.708,29537.121,29587.297,60,1430
2026-08-28 07:00:00,29587.976,29595.454,29536.175,29549.443,60,1433
2026-08-28 08:00:00,29548.953,29575.698,29520.843,29561.919,60,1437
2026-08-28 09:00:00,29561.775,29563.399,29537.821,29548.919,60,1428
2026-08-28 10:00:00,29548.776,29566.689,29535.375,29563.931,60,1432
2026-08-28 11:00:00,29563.11,29581.876,29540.454,29544.842,60,1437
2026-08-28 12:00:00,29544.753,29606.398,29540.72,29601.275,60,1429
2026-08-28 13:00:00,29600.987,29647.243,29505.843,29576.564,60,1435
2026-08-28 14:00:00,29578.576,29743.154,29451.943,29742.408,60,937
2026-08-28 15:00:00,29742.097,29756.587,29488.931,29496.865,60,931
2026-08-28 16:00:00,29496.576,29535.531,29409.51,29445.589,60,938
2026-08-28 17:00:00,29446.198,29473.709,29381.164,29460.043,60,932
2026-08-28 18:00:00,29461.475,29465.943,29387.531,29400.597,60,938
2026-08-28 19:00:00,29400.398,29463.609,29388.509,29436.098,60,938
2026-08-28 20:00:00,29435.586,29451.709,29422.321,29432.009,15,1442
2026-08-31 00:00:00,29236.831,29344.598,29220.197,29303.364,60,1437
2026-08-31 01:00:00,29303.753,29304.554,29238.721,29271.089,60,1433
2026-08-31 02:00:00,29271.31,29308.798,29233.565,29291.042,60,1436
2026-08-31 03:00:00,29290.786,29313.332,29283.275,29298.032,60,1436
2026-08-31 04:00:00,29298.086,29369.843,29280.531,29361.864,60,1441
2026-08-31 05:00:00,29362.276,29423.299,29353.865,29407.786,60,1435
2026-08-31 06:00:00,29408.186,29474.198,29395.698,29463.11,60,1440
2026-08-31 07:00:00,29462.275,29468.042,29439.364,29454.809,60,1432
2026-08-31 08:00:00,29455.108,29481.098,29422.153,29431.775,60,1431
2026-08-31 09:00:00,29431.319,29455.089,29392.131,29397.376,60,1435
2026-08-31 10:00:00,29397.676,29417.775,29387.086,29405.789,60,1429
2026-08-31 11:00:00,29405.231,29416.365,29372.276,29375.71,60,1437
2026-08-31 12:00:00,29375.375,29428.187,29326.564,29336.299,60,1434
2026-08-31 13:00:00,29335.853,29462.789,29324.608,29386.653,60,1436
2026-08-31 14:00:00,29384.909,29394.097,29302.153,29361.754,60,929
2026-08-31 15:00:00,29362.132,29391.389,29329.909,29335.209,60,930
2026-08-31 16:00:00,29335.619,29389.564,29309.865,29386.364,60,940
2026-08-31 17:00:00,29386.743,29405.564,29336.798,29390.297,60,929
2026-08-31 18:00:00,29390.31,29409.121,29331.709,29352.565,60,930
2026-08-31 19:00:00,29352.553,29486.309,29352.51,29449.165,60,936
2026-08-31 20:00:00,29451.754,29475.399,29451.754,29459.797,15,1426
2026-08-31 22:00:00,29465.175,29472.008,29441.108,29443.786,60,1465
2026-08-31 23:00:00,29443.653,29469.698,29437.087,29450.442,60,1428
2026-09-01 00:00:00,29451.02,29471.032,29428.52,29456.697,60,1434
2026-09-01 01:00:00,29456.576,29466.389,29425.52,29449.22,60,1432
2026-09-01 02:00:00,29449.132,29453.399,29386.221,29442.631,60,1429
2026-09-01 03:00:00,29442.489,29443.954,29409.753,29436.798,60,1436
2026-09-01 04:00:00,29436.689,29451.789,29416.976,29423.289,60,1432
2026-09-01 05:00:00,29423.61,29520.775,29397.642,29511.465,60,1440
2026-09-01 06:00:00,29511.587,29517.789,29464.721,29465.253,60,1428
2026-09-01 07:00:00,29465.543,29506.443,29381.743,29386.154,60,1438
2026-09-01 08:00:00,29386.486,29398.899,29185.309,29185.309,60,1435
2026-09-01 09:00:00,29185.389,29193.431,29134.61,29162.975,60,1428
2026-09-01 10:00:00,29163.289,29208.019,29148.165,29160.009,60,1428
2026-09-01 11:00:00,29160.289,29187.975,29117.754,29122.009,60,1432
2026-09-01 12:00:00,29122.276,29129.799,29074.108,29075.942,60,1430
2026-09-01 13:00:00,29075.986,29110.219,28993.219,29056.92,60,1434
2026-09-01 14:00:00,29058.432,29218.654,29040.831,29179.865,60,929
2026-09-01 15:00:00,29181.398,29268.419,29131.775,29247.397,60,929
2026-09-01 16:00:00,29247.386,29251.865,29084.443,29144.099,60,931
2026-09-01 17:00:00,29143.62,29144.198,29053.943,29092.186,60,933
2026-09-01 18:00:00,29092.854,29102.876,28953.687,29026.832,60,934
2026-09-01 19:00:00,29027.708,29092.41,29022.743,29077.732,60,934
2026-09-01 20:00:00,29077.631,29108.454,29064.754,29085.987,15,1442
2026-09-01 22:00:00,29096.231,29102.589,29056.21,29084.82,60,1432
2026-09-01 23:00:00,29084.91,29099.298,29073.253,29087.975,60,1436
2026-09-02 00:00:00,29088.31,29123.32,29057.22,29058.164,60,1441
2026-09-02 01:00:00,29057.887,29083.487,29001.61,29029.254,60,1436
2026-09-02 02:00:00,29029.186,29054.489,28998.832,29039.419,60,1430
2026-09-02 03:00:00,29039.219,29043.699,28999.932,29000.92,60,1429
2026-09-02 04:00:00,29001.464,29018.475,28989.509,29012.519,60,1434
2026-09-02 05:00:00,29012.71,29057.865,28991.332,29025.621,60,1429
2026-09-02 06:00:00,29025.654,29052.397,28970.508,29030.32,60,1431
2026-09-02 07:00:00,29030.387,29074.331,29003.986,29015.721,60,1429
2026-09-02 08:00:00,29017.431,29050.965,28908.797,28931.787,60,1434
2026-09-02 09:00:00,28931.676,28980.698,28894.742,28926.821,60,1429
2026-09-02 10:00:00,28927.154,28948.297,28901.308,28941.489,60,1429
2026-09-02 11:00:00,28940.931,29038.61,28881.309,29037.943,60,1432
2026-09-02 12:00:00,29037.254,29102.719,28986.964,28994.164,60,1429
2026-09-02 13:00:00,28993.886,29072.675,28971.809,29015.686,60,1430
2026-09-02 14:00:00,29016.319,29165.698,28986.953,29074.11,60,935
2026-09-02 15:00:00,29074.899,29162.231,29060.419,29139.308,60,931
2026-09-02 16:00:00,29139.389,29152.164,29091.132,29108.808,60,932
2026-09-02 17:00:00,29108.919,29136.709,29079.798,29113.343,60,931
2026-09-02 18:00:00,29113.476,29132.999,29084.731,29099.664,60,938
2026-09-02 19:00:00,29100.142,29150.921,29093.465,29144.308,60,930
2026-09-02 20:00:00,29144.631,29165.509,29142.008,29146.975,15,1431
2026-09-02 22:00:00,29124.076,29163.076,29103.443,29135.575,60,1445
2026-09-02 23:00:00,29134.932,29167.364,29122.498,29155.486,60,1430
2026-09-03 00:00:00,29155.242,29155.531,29096.009,29105.51,60,1437
2026-09-03 01:00:00,29104.954,29154.965,29090.72,29092.42,60,1429
2026-09-03 02:00:00,29092.309,29153.243,29088.097,29136.332,60,1431
2026-09-03 03:00:00,29136.41,29195.076,29134.221,29190.821,60,1432
2026-09-03 04:00:00,29190.565,29209.289,29159.42,29162.02,60,1433
2026-09-03 05:00:00,29161.886,29162.598,29030.853,29142.832,60,1429
2026-09-03 06:00:00,29141.398,29157.619,29114.332,29129.519,60,1436
2026-09-03 07:00:00,29127.321,29199.786,29114.276,29174.321,60,1436
2026-09-03 08:00:00,29174.599,29246.819,29167.509,29171.398,60,1435
2026-09-03 09:00:00,29171.453,29179.886,29082.009,29091.943,60,1433
2026-09-03 10:00:00,29093.497,29112.743,29060.576,29082.986,53,1437
2026-09-03 11:00:00,29084.787,29138.81,29056.742,29059.609,60,1432
2026-09-03 12:00:00,29062.064,29213.289,29058.365,29199.097,60,1431
2026-09-03 13:00:00,29199.01,29330.021,29150.786,29287.465,60,1434
2026-09-03 14:00:00,29286.731,29322.176,29198.632,29317.664,60,936
2026-09-03 15:00:00,29318.531,29497.132,29318.531,29493.654,60,930
2026-09-03 16:00:00,29493.264,29498.254,29437.787,29483.075,60,928
2026-09-03 17:00:00,29482.876,29507.575,29431.343,29498.732,60,930
2026-09-03 18:00:00,29498.32,29539.299,29498.198,29523.309,60,939
2026-09-03 19:00:00,29523.164,29525.489,29464.453,29485.965,60,930
2026-09-03 20:00:00,29486.508,29490.799,29461.91,29475.821,15,1428
2026-09-03 22:00:00,29461.653,29470.209,29440.298,29466.32,60,1433
2026-09-03 23:00:00,29466.032,29474.599,29456.286,29461.787,60,1432
2026-09-04 00:00:00,29459.889,29499.789,29454.331,29488.419,60,1433
2026-09-04 01:00:00,29488.121,29506.289,29474.753,29505.909,60,1438
2026-09-04 02:00:00,29506.043,29524.889,29495.175,29522.375,60,1431
2026-09-04 03:00:00,29522.243,29536.389,29515.21,29528.143,60,1445
2026-09-04 04:00:00,29528.275,29558.586,29514.743,29555.365,60,1431
2026-09-04 05:00:00,29555.698,29600.52,29549.51,29577.576,60,1429
2026-09-04 06:00:00,29577.589,29601.599,29531.831,29534.142,60,1434
2026-09-04 07:00:00,29534.031,29616.064,29533.175,29610.898,60,1432
2026-09-04 08:00:00,29610.653,29630.343,29593.021,29615.521,60,1429
2026-09-04 09:00:00,29615.676,29619.121,29574.342,29615.043,60,1431
2026-09-04 10:00:00,29614.797,29660.054,29612.553,29638.297,60,1432
2026-09-04 11:00:00,29638.754,29647.208,29608.81,29639.653,60,1428
2026-09-04 12:00:00,29639.819,29650.553,29460.11,29504.375,60,1439
2026-09-04 13:00:00,29504.164,29653.989,29481.142,29652.221,60,1430
2026-09-04 14:00:00,29652.887,29653.131,29461.821,29483.319,60,930
2026-09-04 15:00:00,29482.932,29505.389,29441.732,29477.62,60,927
2026-09-04 16:00:00,29477.343,29558.389,29468.131,29538.365,60,929
2026-09-04 17:00:00,29538.719,29542.989,29431.331,29454.265,60,932
2026-09-04 18:00:00,29453.843,29504.843,29434.276,29501.376,60,929
2026-09-04 19:00:00,29501.476,29549.298,29469.342,29532.475,60,931
2026-09-04 20:00:00,29532.921,29532.921,29491.753,29503.375,15,1424
2026-09-07 00:00:00,29521.776,29547.787,29500.876,29502.686,60,1436
2026-09-07 01:00:00,29502.832,29559.798,29497.509,29559.321,60,1437
2026-09-07 02:00:00,29559.432,29586.409,29536.465,29548.386,60,1437
2026-09-07 03:00:00,29548.642,29587.243,29537.432,29551.221,60,1431
2026-09-07 04:00:00,29551.465,29564.886,29535.453,29562.819,60,1431
2026-09-07 05:00:00,29563.276,29604.419,29542.909,29575.186,60,1436
2026-09-07 06:00:00,29575.498,29646.242,29573.842,29628.298,60,1432
2026-09-07 07:00:00,29628.842,29648.165,29582.187,29623.11,60,1433
2026-09-07 08:00:00,29622.798,29629.019,29601.231,29609.132,60,1430
2026-09-07 09:00:00,29608.864,29618.889,29566.765,29571.986,60,1431
2026-09-07 10:00:00,29572.431,29585.908,29534.12,29540.132,60,1430
2026-09-07 11:00:00,29540.275,29544.753,29500.41,29509.432,60,1427
2026-09-07 12:00:00,29509.431,29554.643,29501.132,29553.276,60,1428
2026-09-07 13:00:00,29552.953,29610.099,29541.786,29583.797,60,1435
2026-09-07 14:00:00,29583.997,29597.787,29555.942,29555.942,60,932
2026-09-07 15:00:00,29556.231,29574.999,29528.998,29556.186,60,931
2026-09-07 16:00:00,29557.821,29578.499,29554.331,29571.253,59,934
2026-09-07 22:00:00,29579.997,29580.889,29507.464,29524.631,60,1431
2026-09-07 23:00:00,29524.454,29565.389,29492.008,29551.519,60,1447
2026-09-08 00:00:00,29550.62,29608.799,29542.042,29599.521,60,1437
2026-09-08 01:00:00,29599.71,29676.242,29580.109,29672.986,60,1436
2026-09-08 02:00:00,29673.087,29687.721,29628.22,29628.22,60,1427
2026-09-08 03:00:00,29628.432,29713.999,29627.521,29709.442,60,1429
2026-09-08 04:00:00,29709.799,29731.489,29696.253,29704.631,60,1431
2026-09-08 05:00:00,29704.187,29706.486,29577.41,29577.989,60,1429
2026-09-08 06:00:00,29581.61,29588.997,29514.276,29565.797,60,1430
2026-09-08 07:00:00,29566.642,29606.299,29497.032,29501.942,60,1443
2026-09-08 08:00:00,29501.776,29508.108,29445.921,29474.508,60,1430
2026-09-08 09:00:00,29474.576,29567.019,29452.208,29566.786,60,1441
2026-09-08 10:00:00,29567.289,29611.91,29514.075,29535.076,60,1435
2026-09-08 11:00:00,29534.91,29568.698,29501.932,29567.709,60,1431
2026-09-08 12:00:00,29567.71,29621.789,29515.475,29621.498,60,1429
2026-09-08 13:00:00,29621.132,29652.987,29423.399,29470.519,60,1436
2026-09-08 14:00:00,29470.108,29530.443,29392.232,29530.019,60,936
2026-09-08 15:00:00,29530.476,29614.319,29513.41,29574.198,60,936
2026-09-08 16:00:00,29574.789,29591.789,29520.754,29544.008,60,933
2026-09-08 17:00:00,29542.698,29611.42,29542.209,29561.598,60,931
2026-09-08 18:00:00,29561.476,29586.699,29491.643,29547.154,60,929
2026-09-08 19:00:00,29547.286,29557.432,29468.22,29514.019,60,946
2026-09-08 20:00:00,29514.598,29521.987,29477.221,29495.698,15,1429
2026-09-08 22:00:00,29498.199,29521.064,29477.965,29519.02,60,1432
2026-09-08 23:00:00,29518.653,29520.299,29464.286,29474.475,60,1434
2026-09-09 00:00:00,29474.154,29537.019,29473.209,29534.454,60,1430
2026-09-09 01:00:00,29534.286,29582.199,29530.087,29567.053,60,1430
2026-09-09 02:00:00,29567.286,29599.489,29558.064,29585.543,60,1430
2026-09-09 03:00:00,29585.143,29588.499,29534.765,29536.22,60,1433
2026-09-09 04:00:00,29536.086,29593.286,29523.265,29588.742,60,1429
2026-09-09 05:00:00,29588.543,29595.686,29536.71,29595.686,60,1432
2026-09-09 06:00:00,29595.264,29607.954,29552.464,29554.775,60,1431
2026-09-09 07:00:00,29555.087,29587.01,29532.776,29563.008,60,1436
2026-09-09 08:00:00,29563.654,29583.508,29513.61,29538.654,60,1432
2026-09-09 09:00:00,29538.797,29549.475,29363.675,29373.954,60,1431
2026-09-09 10:00:00,29374.643,29406.242,29344.054,29365.665,60,1438
2026-09-09 11:00:00,29365.543,29425.432,29351.01,29370.299,60,1429
2026-09-09 12:00:00,29371.298,29377.953,29307.586,29364.797,60,1428
2026-09-09 13:00:00,29364.619,29540.508,29356.72,29532.719,60,1436
2026-09-09 14:00:00,29532.508,29567.053,29434.675,29502.342,60,933
2026-09-09 15:00:00,29502.219,29533.142,29332.042,29421.599,60,938
2026-09-09 16:00:00,29421.654,29451.42,29360.621,29431.843,60,931
2026-09-09 17:00:00,29431.608,29457.199,29403.087,29442.332,60,930
2026-09-09 18:00:00,29442.031,29447.889,29410.964,29421.054,60,932
2026-09-09 19:00:00,29421.599,29444.987,29397.454,29427.009,60,939
2026-09-09 20:00:00,29427.042,29432.91,29410.11,29424.575,15,1446
2026-09-09 22:00:00,29430.109,29446.943,29398.076,29405.799,60,1425
2026-09-09 23:00:00,29405.899,29444.031,29390.675,29437.987,60,1426
2026-09-10 00:00:00,29437.719,29454.108,29385.119,29387.464,60,1430
2026-09-10 01:00:00,29387.786,29400.765,29338.721,29384.889,60,1430
2026-09-10 02:00:00,29385.299,29396.998,29347.564,29392.053,60,1429
2026-09-10 03:00:00,29392.575,29411.064,29363.21,29401.797,60,1432
2026-09-10 04:00:00,29401.91,29436.286,29396.808,29432.986,60,1447
2026-09-10 05:00:00,29433.108,29482.521,29422.809,29459.031,60,1432
2026-09-10 06:00:00,29458.953,29466.297,29410.053,29450.609,60,1428
2026-09-10 07:00:00,29450.776,29452.042,29392.042,29418.142,60,1432
2026-09-10 08:00:00,29418.276,29433.942,29379.809,29386.721,60,1428
2026-09-10 09:00:00,29386.62,29404.621,29334.031,29380.497,60,1443
2026-09-10 10:00:00,29380.687,29397.399,29337.986,29349.51,60,1432
2026-09-10 11:00:00,29348.664,29349.931,29238.253,29238.253,60,1429
2026-09-10 12:00:00,29238.109,29252.765,29017.921,29031.309,60,1437
2026-09-10 13:00:00,29031.476,29177.489,29019.786,29075.499,60,1434
2026-09-10 14:00:00,29074.942,29250.065,29072.643,29236.899,60,938
2026-09-10 15:00:00,29237.389,29245.686,29159.642,29178.032,60,936
2026-09-10 16:00:00,29178.943,29215.753,29107.42,29206.143,60,928
2026-09-10 17:00:00,29205.621,29238.71,29149.197,29159.699,60,936
2026-09-10 18:00:00,29159.543,29173.008,29120.175,29147.41,60,936
2026-09-10 19:00:00,29147.475,29149.21,29095.989,29108.389,60,933
2026-09-10 20:00:00,29109.554,29129.01,29098.954,29125.499,15,1430
2026-09-10 22:00:00,29130.931,29137.41,29080.886,29087.086,60,1442
2026-09-10 23:00:00,29086.998,29094.932,29042.921,29044.687,60,1435
2026-09-11 00:00:00,29045.153,29145.453,29042.943,29140.521,60,1431
2026-09-11 01:00:00,29140.689,29150.598,29084.675,29109.331,60,1434
2026-09-11 02:00:00,29109.643,29118.009,29062.01,29072.843,60,1428
2026-09-11 03:00:00,29072.331,29076.654,29028.854,29039.597,60,1433
2026-09-11 04:00:00,29039.32,29131.089,29021.408,29104.699,60,1429
2026-09-11 05:00:00,29104.521,29222.82,29099.631,29213.697,60,1439
2026-09-11 06:00:00,29213.008,29241.089,29195.876,29234.599,60,1430
2026-09-11 07:00:00,29233.119,29248.089,29207.998,29222.164,60,1431
2026-09-11 08:00:00,29222.419,29304.599,29204.998,29304.599,54,1429
2026-09-11 09:00:00,29304.454,29313.408,29269.664,29299.632,60,1434
2026-09-11 10:00:00,29300.199,29319.487,29267.643,29290.453,60,1431
2026-09-11 11:00:00,29290.165,29317.709,29269.953,29303.51,60,1437
2026-09-11 12:00:00,29303.408,29455.509,29219.52,29448.954,60,1430
2026-09-11 13:00:00,29449.154,29479.62,29328.01,29449.943,60,1436
2026-09-11 14:00:00,29450.289,29450.289,29311.842,29348.553,60,932
2026-09-11 15:00:00,29348.032,29477.054,29339.689,29428.289,60,933
2026-09-11 16:00:00,29427.875,29462.709,29370.032,29414.397,60,930
2026-09-11 17:00:00,29415.01,29456.954,29413.565,29430.397,60,932
2026-09-11 18:00:00,29430.208,29437.897,29396.886,29406.565,60,930
2026-09-11 19:00:00,29406.964,29411.199,29358.587,29363.932,60,941
2026-09-11 20:00:00,29364.598,29370.589,29353.831,29358.831,15,1433
2026-09-14 00:00:00,28996.089,29055.376,28985.587,28995.832,60,1434
2026-09-14 01:00:00,28993.399,29053.599,28980.31,29049.32,60,1428
2026-09-14 02:00:00,29049.387,29060.875,29021.865,29034.075,60,1430
2026-09-14 03:00:00,29033.853,29039.289,28990.131,28996.975,60,1435
2026-09-14 04:00:00,28997.099,29015.653,28982.31,28996.12,60,1431
2026-09-14 05:00:00,28996.187,29005.189,28967.542,28994.442,60,1439
2026-09-14 06:00:00,28994.343,29016.42,28954.642,28957.421,60,1436
2026-09-14 07:00:00,28957.687,28966.886,28886.431,28897.598,60,1428
2026-09-14 08:00:00,28898.099,28922.875,28830.619,28857.054,60,1431
2026-09-14 09:00:00,28857.164,28870.465,28796.653,28836.62,60,1435
2026-09-14 10:00:00,28836.687,28920.899,28835.643,28906.964,60,1430
2026-09-14 11:00:00,28907.465,28957.789,28894.364,28909.554,60,1436
2026-09-14 12:00:00,28909.343,28927.089,28833.054,28861.353,60,1436
2026-09-14 13:00:00,28860.931,29031.509,28810.01,28989.408,60,1432
2026-09-14 14:00:00,28988.997,29074.898,28943.508,29001.489,60,934
2026-09-14 15:00:00,29001.198,29201.342,28975.842,29168.464,60,935
2026-09-14 16:00:00,29168.698,29271.399,29125.489,29253.919,60,935
2026-09-14 17:00:00,29254.242,29286.399,29234.089,29263.731,60,930
2026-09-14 18:00:00,29263.821,29281.821,29235.832,29239.231,60,934
2026-09-14 19:00:00,29240.343,29240.919,29127.009,29130.486,60,933
2026-09-14 20:00:00,29130.442,29146.009,29130.442,29140.887,15,1443
2026-09-14 22:00:00,29161.853,29162.219,29132.886,29142.331,60,1436
2026-09-14 23:00:00,29142.331,29150.009,29127.686,29140.253,60,1440
2026-09-15 00:00:00,29140.954,29172.898,29110.81,29151.399,60,1434
2026-09-15 01:00:00,29150.742,29178.265,29111.32,29147.231,60,1440
2026-09-15 02:00:00,29147.332,29158.889,29135.12,29144.189,60,1437
2026-09-15 03:00:00,29143.831,29151.489,29098.72,29099.464,60,1432
2026-09-15 04:00:00,29099.297,29115.954,29035.621,29035.819,60,1431
2026-09-15 05:00:00,29035.676,29087.499,28992.353,29062.365,60,1440
2026-09-15 06:00:00,29062.508,29078.642,29022.898,29035.887,60,1434
2026-09-15 07:00:00,29036.697,29065.731,28983.41,29000.499,60,1446
2026-09-15 08:00:00,29000.11,29000.11,28914.865,28955.143,60,1429
2026-09-15 09:00:00,28955.287,29029.399,28920.209,29022.865,60,1428
2026-09-15 10:00:00,29023.42,29079.399,29015.242,29076.519,60,1433
2026-09-15 11:00:00,29076.665,29110.443,29072.308,29099.831,60,1435
2026-09-15 12:00:00,29099.798,29167.731,29082.165,29117.886,60,1432
2026-09-15 13:00:00,29117.409,29141.953,29056.142,29119.599,60,1436
2026-09-15 14:00:00,29119.243,29121.154,28910.042,28933.731,60,936
2026-09-15 15:00:00,28934.332,28998.175,28933.364,28971.899,60,928
2026-09-15 16:00:00,28972.143,28997.808,28934.786,28975.265,60,931
2026-09-15 17:00:00,28974.064,28979.31,28937.732,28959.389,60,934
2026-09-15 18:00:00,28959.489,28982.597,28925.387,28948.053,60,932
2026-09-15 19:00:00,28948.242,28954.253,28903.765,28943.742,60,938
2026-09-15 20:00:00,28945.254,28984.289,28945.254,28980.297,15,1426
2026-09-15 22:00:00,28969.91,28984.499,28954.499,28978.989,60,1432
2026-09-15 23:00:00,28977.786,28982.865,28959.919,28975.008,60,1433
2026-09-16 00:00:00,28974.953,28982.41,28953.821,28967.731,60,1429
2026-09-16 01:00:00,28967.832,28984.699,28922.119,28925.531,60,1436
2026-09-16 02:00:00,28925.898,28979.565,28923.253,28978.886,60,1437
2026-09-16 03:00:00,28978.408,29051.609,28976.597,29025.521,60,1430
2026-09-16 04:00:00,29025.809,29037.898,28994.775,28999.097,60,1440
2026-09-16 05:00:00,28999.21,29044.109,28981.832,29030.743,60,1435
2026-09-16 06:00:00,29031.242,29067.897,29024.376,29061.009,60,1443
2026-09-16 07:00:00,29060.92,29093.776,29055.108,29063.808,60,1437
2026-09-16 08:00:00,29064.608,29072.599,29021.931,29068.387,60,1430
2026-09-16 09:00:00,29068.576,29087.908,29032.41,29075.575,60,1428
2026-09-16 10:00:00,29075.82,29084.286,29052.019,29084.286,60,1431
2026-09-16 11:00:00,29084.075,29114.498,29059.997,29112.354,60,1430
2026-09-16 12:00:00,29111.82,29134.821,29060.253,29098.231,60,1435
2026-09-16 13:00:00,29094.387,29172.52,29060.365,29169.608,60,1435
2026-09-16 14:00:00,29171.109,29191.753,29109.576,29190.264,60,928
2026-09-16 15:00:00,29190.231,29240.299,29173.465,29190.908,60,931
2026-09-16 16:00:00,29191.699,29192.832,29155.497,29159.519,60,940
2026-09-16 17:00:00,29159.897,29168.031,29110.509,29163.32,60,938
2026-09-16 18:00:00,29166.886,29229.421,28912.943,28921.797,60,1017
2026-09-16 19:00:00,28921.809,28993.92,28744.475,28947.431,60,930
2026-09-16 20:00:00,28946.432,28973.332,28939.031,28957.089,15,1427
2026-09-16 22:00:00,28967.864,29063.099,28942.053,29044.619,60,1431
2026-09-16 23:00:00,29044.31,29150.409,29043.421,29145.419,60,1439
2026-09-17 00:00:00,29143.543,29170.286,29103.831,29144.189,60,1431
2026-09-17 01:00:00,29143.743,29168.22,29100.443,29112.419,60,1430
2026-09-17 02:00:00,29112.71,29148.065,29100.308,29116.475,60,1430
2026-09-17 03:00:00,29116.531,29160.289,29113.343,29154.287,60,1436
2026-09-17 04:00:00,29157.398,29165.087,29133.542,29144.108,60,1437
2026-09-17 05:00:00,29144.264,29147.565,29065.087,29067.299,60,1428
2026-09-17 06:00:00,29065.599,29167.086,29062.821,29162.908,60,1430
2026-09-17 07:00:00,29162.808,29260.989,29155.975,29211.832,60,1439
2026-09-17 08:00:00,29212.031,29255.108,29179.221,29249.843,60,1435
2026-09-17 09:00:00,29249.776,29286.199,29239.71,29252.799,60,1434
2026-09-17 10:00:00,29252.909,29284.52,29251.986,29280.531,60,1428
2026-09-17 11:00:00,29280.82,29316.575,29249.864,29315.375,60,1441
2026-09-17 12:00:00,29313.954,29447.097,29289.92,29417.998,60,1429
2026-09-17 13:00:00,29418.01,29444.019,29300.075,29382.419,60,1429
2026-09-17 14:00:00,29382.754,29441.689,29333.91,29373.731,60,934
2026-09-17 15:00:00,29373.831,29438.743,29346.02,29437.499,60,928
2026-09-17 16:00:00,29437.019,29446.42,29398.254,29434.776,60,932
2026-09-17 17:00:00,29434.876,29456.099,29411.297,29435.809,60,937
2026-09-17 18:00:00,29436.431,29440.798,29399.108,29415.508,60,932
2026-09-17 19:00:00,29415.71,29486.764,29413.998,29425.821,60,946
2026-09-17 20:00:00,29428.22,29441.086,29417.042,29418.032,15,1433
2026-09-17 22:00:00,29426.053,29431.043,29376.731,29389.821,60,1437
2026-09-17 23:00:00,29389.775,29414.098,29388.864,29398.908,60,1426
2026-09-18 00:00:00,29399.032,29410.51,29363.086,29368.989,60,1438
2026-09-18 01:00:00,29368.919,29385.299,29350.897,29381.021,60,1431
2026-09-18 02:00:00,29381.387,29405.964,29365.82,29395.453,60,1441
2026-09-18 03:00:00,29395.431,29466.799,29391.465,29456.91,60,1442
2026-09-18 04:00:00,29457.619,29515.199,29457.22,29512.809,60,1437
2026-09-18 05:00:00,29513.009,29561.931,29505.543,29548.732,60,1431
2026-09-18 06:00:00,29548.442,29623.119,29548.321,29619.02,60,1433
2026-09-18 07:00:00,29618.553,29669.099,29612.897,29631.721,60,1430
2026-09-18 08:00:00,29629.509,29646.489,29593.986,29595.998,60,1435
2026-09-18 09:00:00,29595.81,29601.52,29538.386,29541.087,60,1434
2026-09-18 10:00:00,29540.998,29605.475,29540.998,29580.398,60,1437
2026-09-18 11:00:00,29579.32,29601.265,29526.909,29541.289,60,1430
2026-09-18 12:00:00,29543.364,29554.589,29470.397,29478.542,60,1433
2026-09-18 13:00:00,29478.432,29547.475,29447.553,29485.542,60,1432
2026-09-18 14:00:00,29485.398,29492.832,29403.765,29467.532,60,940
2026-09-18 15:00:00,29467.943,29479.297,29413.887,29419.365,60,931
2026-09-18 16:00:00,29419.331,29445.342,29370.531,29438.576,60,929
2026-09-18 17:00:00,29438.521,29478.454,29430.81,29474.165,60,930
2026-09-18 18:00:00,29474.086,29559.589,29459.01,29542.609,60,939
2026-09-18 19:00:00,29543.076,29648.599,29534.486,29627.153,60,930
2026-09-18 20:00:00,29627.897,29703.689,29623.976,29681.153,15,1429
2026-09-21 00:00:00,29740.531,29808.542,29729.319,29806.221,60,1476
2026-09-21 01:00:00,29806.765,29839.154,29781.575,29782.554,60,1478
2026-09-21 02:00:00,29782.475,29816.253,29775.808,29790.921,60,1474
2026-09-21 03:00:00,29790.943,29818.231,29789.721,29799.297,60,1472
2026-09-21 04:00:00,29799.042,29812.797,29782.432,29801.52,60,1471
2026-09-21 05:00:00,29801.653,29822.92,29787.086,29801.665,60,1476
2026-09-21 06:00:00,29801.643,29855.586,29801.643,29853.521,60,1475
2026-09-21 07:00:00,29853.21,29899.531,29837.808,29890.486,60,1478
2026-09-21 08:00:00,29889.764,29949.01,29884.243,29946.119,60,1473
2026-09-21 09:00:00,29945.731,29975.097,29940.319,29945.554,60,1472
2026-09-21 10:00:00,29945.21,29977.02,29944.575,29953.286,60,1471
2026-09-21 11:00:00,29952.221,29972.097,29930.12,29958.608,60,1473
2026-09-21 12:00:00,29959.042,29986.309,29934.72,29936.765,60,1473
2026-09-21 13:00:00,29936.464,30122.886,29914.131,30118.353,60,1475
2026-09-21 14:00:00,30118.387,30258.186,30099.12,30251.854,60,973
2026-09-21 15:00:00,30252.11,30340.21,30250.897,30311.676,60,972
2026-09-21 16:00:00,30311.642,30405.198,30303.12,30381.776,60,970
2026-09-21 17:00:00,30381.843,30425.831,30366.153,30414.121,60,971
2026-09-21 18:00:00,30415.164,30498.709,30413.854,30478.732,60,971
2026-09-21 19:00:00,30478.842,30554.808,30465.308,30477.086,60,973
2026-09-21 20:00:00,30477.065,30485.498,30456.321,30470.531,15,1470
2026-09-21 22:00:00,30484.286,30527.886,30477.564,30523.465,60,1476
2026-09-21 23:00:00,30523.331,30551.476,30518.597,30546.865,60,1471
2026-09-22 00:00:00,30547.508,30611.343,30545.32,30595.375,60,1472
2026-09-22 01:00:00,30595.053,30599.743,30562.576,30568.419,60,1471
2026-09-22 02:00:00,30568.231,30591.809,30561.609,30589.843,60,1471
2026-09-22 03:00:00,30589.331,30593.743,30559.242,30568.109,60,1476
2026-09-22 04:00:00,30567.776,30570.464,30504.454,30507.598,60,1472
2026-09-22 05:00:00,30507.931,30539.508,30474.753,30510.71,60,1472
2026-09-22 06:00:00,30510.786,30514.22,30461.764,30473.919,60,1472
2026-09-22 07:00:00,30473.887,30487.798,30456.554,30465.364,60,1473
2026-09-22 08:00:00,30465.097,30484.098,30365.975,30478.008,60,1471
2026-09-22 09:00:00,30478.097,30545.286,30449.064,30531.743,60,1471
2026-09-22 10:00:00,30531.51,30541.998,30489.92,30509.398,60,1475
2026-09-22 11:00:00,30509.421,30524.265,30458.619,30471.398,60,1472
2026-09-22 12:00:00,30471.508,30486.443,30442.953,30447.875,60,1475
2026-09-22 13:00:00,30447.553,30645.019,30444.042,30630.765,60,1473
2026-09-22 14:00:00,30630.421,30696.965,30590.931,30625.419,60,971
2026-09-22 15:00:00,30627.009,30648.253,30587.242,30610.964,60,973
2026-09-22 16:00:00,30611.243,30646.009,30589.786,30641.21,60,970
2026-09-22 17:00:00,30641.386,30687.376,30622.221,30677.819,60,972
2026-09-22 18:00:00,30677.509,30709.554,30651.575,30676.375,60,973
2026-09-22 19:00:00,30676.009,30765.809,30675.72,30729.921,60,971
2026-09-22 20:00:00,30731.831,30735.332,30717.321,30720.965,15,1471
2026-09-22 22:00:00,30713.242,30762.521,30713.242,30746.553,60,1472
2026-09-22 23:00:00,30746.954,30772.743,30745.986,30767.831,60,1476
2026-09-23 00:00:00,30767.065,30768.365,30715.497,30725.364,60,1472
2026-09-23 01:00:00,30727.21,30759.354,30713.021,30718.364,60,1478
2026-09-23 02:00:00,30718.253,30723.308,30686.076,30710.876,60,1473
2026-09-23 03:00:00,30710.376,30728.608,30694.554,30715.787,60,1472
2026-09-23 04:00:00,30715.842,30754.432,30713.575,30738.02,60,1472
2026-09-23 05:00:00,30737.732,30746.753,30721.808,30731.564,60,1472
2026-09-23 06:00:00,30731.308,30797.01,30730.831,30752.586,60,1476
2026-09-23 07:00:00,30752.519,30764.043,30730.91,30736.942,60,1473
2026-09-23 08:00:00,30736.853,30753.909,30706.254,30718.475,60,1471
2026-09-23 09:00:00,30718.553,30736.864,30700.31,30715.053,60,1475
2026-09-23 10:00:00,30714.91,30740.521,30712.331,30730.487,60,1473
2026-09-23 11:00:00,30730.853,30730.853,30613.897,30661.765,60,1470
2026-09-23 12:00:00,30661.587,30672.508,30622.754,30670.331,60,1472
2026-09-23 13:00:00,30670.053,30714.909,30538.231,30552.176,60,1472
2026-09-23 14:00:00,30551.397,30575.698,30348.32,30526.886,60,971
2026-09-23 15:00:00,30528.82,30532.354,30428.321,30451.708,60,974
2026-09-23 16:00:00,30451.82,30461.354,30373.342,30392.697,60,971
2026-09-23 17:00:00,30393.131,30479.343,30351.732,30476.708,60,971
2026-09-23 18:00:00,30476.143,30477.187,30431.343,30466.886,60,971
2026-09-23 19:00:00,30467.732,30487.387,30414.897,30478.32,60,974
2026-09-23 20:00:00,30481.242,30481.242,30454.61,30455.41,15,1473
2026-09-23 22:00:00,30495.087,30518.71,30485.564,30499.62,60,1478
2026-09-23 23:00:00,30499.432,30504.587,30453.654,30458.943,60,1478
2026-09-24 00:00:00,30458.986,30466.209,30410.564,30431.676,60,1474
2026-09-24 01:00:00,30432.075,30465.586,30419.654,30448.931,60,1474
2026-09-24 02:00:00,30450.264,30455.119,30414.698,30446.732,60,1471
2026-09-24 03:00:00,30446.42,30447.608,30394.097,30412.71,60,1474
2026-09-24 04:00:00,30412.564,30413.232,30357.109,30391.953,60,1472
2026-09-24 05:00:00,30391.565,30421.253,30313.319,30313.997,60,1474
2026-09-24 06:00:00,30313.009,30336.719,30241.265,30247.243,60,1475
2026-09-24 07:00:00,30247.098,30337.609,30219.265,30265.097,60,1472
2026-09-24 08:00:00,30264.497,30295.054,30112.921,30138.709,60,1471
2026-09-24 09:00:00,30138.742,30169.619,30076.921,30142.786,60,1471
2026-09-24 10:00:00,30142.554,30228.764,30120.965,30194.576,60,1471
2026-09-24 11:00:00,30194.443,30218.253,30133.765,30168.609,60,1473
2026-09-24 12:00:00,30166.653,30214.932,30126.554,30192.253,60,1472
2026-09-24 13:00:00,30192.308,30328.209,30190.719,30289.264,60,1474
2026-09-24 14:00:00,30289.643,30348.01,30241.931,30251.197,60,973
2026-09-24 15:00:00,30250.575,30281.464,30211.531,30263.298,60,975
2026-09-24 16:00:00,30262.764,30524.142,30215.686,30501.131,60,972
2026-09-24 17:00:00,30498.653,30535.742,30373.832,30404.232,60,974
2026-09-24 18:00:00,30404.487,30500.265,30330.331,30487.443,60,972
2026-09-24 19:00:00,30487.553,30497.843,30431.932,30465.72,60,974
2026-09-24 20:00:00,30465.865,30469.342,30403.919,30405.932,15,1468
2026-09-24 22:00:00,30448.787,30476.008,30422.02,30445.953,60,1474
2026-09-24 23:00:00,30447.464,30451.942,30400.953,30404.808,60,1470
2026-09-25 00:00:00,30403.965,30443.553,30398.898,30414.275,60,1471
2026-09-25 01:00:00,30414.431,30524.887,30400.221,30506.987,60,1474
2026-09-25 02:00:00,30507.108,30530.797,30477.508,30507.598,60,1471
2026-09-25 03:00:00,30507.432,30529.475,30491.231,30508.087,60,1476
2026-09-25 04:00:00,30507.786,30510.354,30483.81,30494.998,60,1471
2026-09-25 05:00:00,30494.731,30585.054,30492.376,30566.609,60,1475
2026-09-25 06:00:00,30566.753,30621.297,30566.253,30583.565,60,1478
2026-09-25 07:00:00,30583.397,30621.31,30572.543,30584.842,60,1473
2026-09-25 08:00:00,30583.931,30670.864,30554.565,30663.119,60,1472
2026-09-25 09:00:00,30662.52,30677.831,30628.908,30633.532,60,1471
2026-09-25 10:00:00,30633.908,30658.532,30617.253,30638.553,60,1473
2026-09-25 11:00:00,30638.864,30711.731,30629.898,30677.475,60,1475
2026-09-25 12:00:00,30677.475,30694.71,30588.008,30593.821,60,1473
2026-09-25 13:00:00,30594.364,30642.343,30484.842,30616.276,60,1472
2026-09-25 14:00:00,30618.331,30618.832,30407.61,30546.397,60,973
2026-09-25 15:00:00,30546.109,30593.664,30452.121,30578.353,60,973
2026-09-25 16:00:00,30578.009,30672.154,30561.209,30597.32,60,978
2026-09-25 17:00:00,30597.619,30646.897,30593.031,30631.397,60,970
2026-09-25 18:00:00,30631.876,30650.01,30587.021,30588.598,60,972
2026-09-25 19:00:00,30588.921,30654.909,30565.053,30610.965,60,973
2026-09-25 20:00:00,30611.42,30623.598,30600.954,30611.464,15,1472
2026-09-28 00:00:00,30571.308,30620.408,30514.364,30520.354,60,1474
2026-09-28 01:00:00,30522.186,30547.108,30464.886,30465.654,60,1471
2026-09-28 02:00:00,30465.521,30481.61,30390.331,30402.254,60,1475
2026-09-28 03:00:00,30402.71,30426.186,30364.131,30370.52,60,1473
2026-09-28 04:00:00,30370.587,30418.209,30360.875,30400.687,60,1471
2026-09-28 05:00:00,30400.897,30427.687,30352.386,30372.075,60,1472
2026-09-28 06:00:00,30372.087,30401.408,30303.619,30368.81,60,1476
2026-09-28 07:00:00,30366.32,30367.686,30294.531,30333.208,60,1472
2026-09-28 08:00:00,30330.754,30362.153,30293.543,30301.287,60,1473
2026-09-28 09:00:00,30301.375,30329.376,30258.631,30314.343,60,1472
2026-09-28 10:00:00,30314.209,30337.387,30272.064,30307.242,60,1472
2026-09-28 11:00:00,30307.376,30371.086,30307.376,30362.11,60,1475
2026-09-28 12:00:00,30360.742,30475.531,30334.376,30461.664,60,1475
2026-09-28 13:00:00,30461.665,30481.186,30308.921,30377.009,60,1472
2026-09-28 14:00:00,30376.875,30383.931,30080.843,30133.742,60,971
2026-09-28 15:00:00,30133.886,30254.864,30129.821,30246.719,60,971
2026-09-28 16:00:00,30246.398,30444.975,30222.976,30328.398,60,976
2026-09-28 17:00:00,30327.987,30414.798,30285.232,30346.498,60,971
2026-09-28 18:00:00,30346.842,30370.81,30299.976,30359.419,60,973
2026-09-28 19:00:00,30359.876,30361.687,30253.019,30282.821,60,975
2026-09-28 20:00:00,30282.898,30295.753,30266.154,30275.319,15,1473
2026-09-28 22:00:00,30291.331,30335.698,30258.198,30321.276,60,1472
2026-09-28 23:00:00,30320.921,30332.719,30289.219,30299.354,60,1470
2026-09-29 00:00:00,30299.386,30326.798,30216.11,30216.11,60,1472
2026-09-29 01:00:00,30215.643,30249.776,30151.509,30220.631,60,1473
2026-09-29 02:00:00,30220.764,30258.364,30162.242,30184.464,60,1471
2026-09-29 03:00:00,30184.687,30219.753,30134.12,30164.697,60,1471
2026-09-29 04:00:00,30164.343,30171.487,30140.62,30153.321,60,1474
2026-09-29 05:00:00,30153.709,30178.209,30093.231,30152.508,60,1471
2026-09-29 06:00:00,30152.308,30278.464,30146.242,30269.708,60,1473
2026-09-29 07:00:00,30268.397,30346.71,30249.176,30300.91,60,1471
2026-09-29 08:00:00,30301.664,30355.198,30290.776,30321.642,60,1471
2026-09-29 09:00:00,30321.197,30327.953,30258.72,30288.786,60,1471
2026-09-29 10:00:00,30288.82,30363.697,30286.264,30362.753,60,1472
2026-09-29 11:00:00,30362.797,30427.787,30350.22,30402.664,60,1471
2026-09-29 12:00:00,30402.798,30438.698,30350.353,30352.454,60,1473
2026-09-29 13:00:00,30352.454,30445.375,30266.853,30332.009,60,1476
2026-09-29 14:00:00,30331.687,30429.397,30313.676,30387.021,60,973
2026-09-29 15:00:00,30387.043,30388.608,30256.42,30311.964,60,974
2026-09-29 16:00:00,30312.009,30317.586,30229.086,30261.876,60,971
2026-09-29 17:00:00,30261.61,30308.397,30232.487,30245.965,60,976
2026-09-29 18:00:00,30246.087,30384.097,30246.087,30370.376,60,971
2026-09-29 19:00:00,30371.098,30380.01,30318.32,30333.919,60,972
2026-09-29 20:00:00,30333.942,30368.064,30329.975,30353.175,15,1471
2026-09-29 22:00:00,30389.742,30434.098,30387.264,30395.054,60,1472
2026-09-29 23:00:00,30395.164,30439.408,30389.754,30438.398,60,1471
2026-09-30 00:00:00,30438.254,30462.242,30369.786,30380.242,60,1472
2026-09-30 01:00:00,30380.186,30394.708,30351.221,30373.119,60,1471
2026-09-30 02:00:00,30372.765,30383.543,30297.731,30321.242,60,1474
2026-09-30 03:00:00,30321.365,30374.198,30316.854,30365.564,60,1474
2026-09-30 04:00:00,30365.264,30402.186,30357.02,30372.564,60,1471
2026-09-30 05:00:00,30372.786,30387.343,30306.153,30340.065,60,1471
2026-09-30 06:00:00,30338.376,30356.186,30266.11,30312.843,60,1475
2026-09-30 07:00:00,30309.865,30418.065,30307.619,30415.386,60,1471
2026-09-30 08:00:00,30412.832,30432.832,30347.132,30347.132,60,1471
2026-09-30 09:00:00,30346.397,30367.308,30313.886,30340.342,60,1472
2026-09-30 10:00:00,30339.408,30340.131,30297.819,30316.187,60,1473
2026-09-30 11:00:00,30316.321,30330.865,30238.031,30316.287,60,1471
2026-09-30 12:00:00,30315.331,30504.743,30263.81,30440.576,60,1472
2026-09-30 13:00:00,30440.331,30569.219,30410.198,30566.287,60,1472
2026-09-30 14:00:00,30566.909,30618.532,30509.521,30572.786,60,972
2026-09-30 15:00:00,30572.442,30634.442,30535.398,30608.743,60,975
2026-09-30 16:00:00,30608.319,30625.797,30548.897,30590.265,60,971
2026-09-30 17:00:00,30589.597,30599.798,30491.975,30586.831,60,973
2026-09-30 18:00:00,30586.521,30592.797,30520.009,30541.721,60,974
2026-09-30 19:00:00,30541.298,30587.354,30411.231,30414.775,60,971
2026-09-30 20:00:00,30415.008,30457.386,30366.576,30442.81,15,1469
2026-09-30 22:00:00,30440.431,30526.342,30417.553,30503.053,60,1472
2026-09-30 23:00:00,30503.832,30565.031,30486.931,30550.808,60,1471
2026-10-01 00:00:00,30550.453,30557.019,30457.098,30519.743,60,1471
2026-10-01 01:00:00,30519.721,30577.22,30515.21,30551.932,60,1473
2026-10-01 02:00:00,30552.254,30601.432,30547.332,30597.532,60,1473
2026-10-01 03:00:00,30597.431,30664.886,30592.353,30661.553,60,1476
2026-10-01 04:00:00,30661.342,30718.876,30654.254,30715.932,60,1474
2026-10-01 05:00:00,30716.365,30827.487,30716.365,30827.109,60,1477
2026-10-01 06:00:00,30826.831,30882.109,30756.508,30756.508,60,1475
2026-10-01 07:00:00,30756.264,30775.221,30529.375,30584.975,60,1471
2026-10-01 08:00:00,30585.02,30638.497,30489.408,30575.309,60,1471
2026-10-01 09:00:00,30575.843,30634.931,30569.954,30585.786,60,1472
2026-10-01 10:00:00,30585.497,30681.376,30515.409,30670.609,60,1473
2026-10-01 11:00:00,30669.942,30672.81,30546.754,30613.231,60,1474
2026-10-01 12:00:00,30613.376,30621.509,30546.032,30549.098,60,1475
2026-10-01 13:00:00,30548.921,30589.809,30437.853,30481.287,60,1472
2026-10-01 14:00:00,30479.808,30485.653,30294.042,30369.121,60,971
2026-10-01 15:00:00,30369.854,30412.319,30265.742,30348.62,60,971
2026-10-01 16:00:00,30349.165,30410.221,30293.376,30332.297,60,972
2026-10-01 17:00:00,30332.086,30620.419,30326.554,30531.576,60,971
2026-10-01 18:00:00,30534.787,30579.075,30442.275,30576.886,60,972
2026-10-01 19:00:00,30576.776,30593.109,30485.253,30510.542,60,971
2026-10-01 20:00:00,30510.119,30550.619,30505.898,30545.675,15,1470
2026-10-01 22:00:00,30519.41,30579.376,30514.921,30574.309,60,1472
2026-10-01 23:00:00,30574.197,30598.153,30545.11,30583.753,60,1469
2026-10-02 00:00:00,30582.41,30663.486,30554.376,30588.398,60,1473
2026-10-02 01:00:00,30588.743,30609.831,30534.92,30608.797,60,1473
2026-10-02 02:00:00,30608.365,30637.153,30586.486,30634.321,60,1471
2026-10-02 03:00:00,30634.165,30643.665,30606.164,30626.242,60,1473
2026-10-02 04:00:00,30626.364,30663.854,30626.364,30662.853,60,1471
2026-10-02 05:00:00,30662.631,30678.864,30608.786,30617.953,60,1476
2026-10-02 06:00:00,30617.243,30647.453,30584.442,30621.165,60,1472
2026-10-02 07:00:00,30622.176,30733.419,30610.81,30717.853,60,1475
2026-10-02 08:00:00,30714.342,30773.509,30697.176,30760.209,60,1473
2026-10-02 09:00:00,30760.375,30778.853,30727.864,30750.265,60,1471
2026-10-02 10:00:00,30750.153,30752.664,30684.12,30730.376,60,1474
2026-10-02 11:00:00,30731.298,30743.453,30657.287,30679.432,60,1474
2026-10-02 12:00:00,30678.22,30921.442,30663.12,30912.443,60,1498
2026-10-02 13:00:00,30912.709,30965.286,30800.787,30923.632,60,1471
2026-10-02 14:00:00,30924.953,31022.365,30896.632,30906.176,60,972
2026-10-02 15:00:00,30906.298,30921.298,30727.909,30841.397,60,972
2026-10-02 16:00:00,30841.82,30871.908,30784.832,30813.209,60,973
2026-10-02 17:00:00,30812.942,30850.709,30736.897,30789.675,60,973
2026-10-02 18:00:00,30789.919,30800.575,30753.687,30789.208,60,976
2026-10-02 19:00:00,30788.831,30834.975,30772.665,30812.675,60,974
2026-10-02 20:00:00,30815.854,30838.886,30809.131,30831.187,15,1472
2026-10-05 00:00:00,30893.387,30941.331,30872.521,30935.031,60,1473
2026-10-05 01:00:00,30934.909,30969.397,30928.831,30937.976,60,1473
2026-10-05 02:00:00,30937.919,30949.519,30848.61,30853.531,60,1473
2026-10-05 03:00:00,30853.609,30877.486,30821.019,30827.032,60,1475
2026-10-05 04:00:00,30827.175,30838.619,30784.387,30811.821,60,1473
2026-10-05 05:00:00,30811.864,30832.842,30769.421,30792.586,60,1473
2026-10-05 06:00:00,30793.042,30828.932,30752.109,30788.054,60,1473
2026-10-05 07:00:00,30788.032,30821.008,30770.453,30808.12,60,1475
2026-10-05 08:00:00,30808.364,30847.019,30722.586,30778.065,60,1472
2026-10-05 09:00:00,30777.919,30789.043,30708.398,30736.719,60,1471
2026-10-05 10:00:00,30736.464,30794.954,30708.654,30776.653,60,1471
2026-10-05 11:00:00,30776.719,30816.708,30734.476,30770.887,60,1472
2026-10-05 12:00:00,30771.097,30785.12,30713.942,30743.62,60,1474
2026-10-05 13:00:00,30743.698,30974.687,30737.109,30906.154,60,1474
2026-10-05 14:00:00,30904.998,31001.264,30864.776,30996.153,60,972
2026-10-05 15:00:00,30995.842,31002.321,30954.353,30983.821,60,972
2026-10-05 16:00:00,30983.721,31022.398,30948.632,30996.408,60,971
2026-10-05 17:00:00,30996.342,31066.776,30983.887,31042.654,60,972
2026-10-05 18:00:00,31042.386,31073.486,31021.976,31069.209,60,973
2026-10-05 19:00:00,31069.254,31119.386,31039.365,31076.31,60,971
2026-10-05 20:00:00,31079.687,31087.798,31065.919,31081.131,15,1476
2026-10-05 22:00:00,31097.197,31128.821,31075.943,31082.475,60,1473
2026-10-05 23:00:00,31081.465,31117.886,31079.319,31099.343,60,1479
2026-10-06 00:00:00,31099.675,31144.476,31087.997,31142.186,60,1474
2026-10-06 01:00:00,31141.943,31161.186,31081.276,31088.508,60,1473
2026-10-06 02:00:00,31088.331,31100.165,31059.442,31091.919,60,1477
2026-10-06 03:00:00,31092.92,31116.308,31089.753,31099.321,60,1472
2026-10-06 04:00:00,31099.453,31121.008,31083.498,31090.498,60,1471
2026-10-06 05:00:00,31090.375,31130.387,31088.497,31128.765,60,1473
2026-10-06 06:00:00,31128.92,31149.387,31115.432,31132.819,60,1471
2026-10-06 07:00:00,31132.997,31141.787,31090.643,31130.876,60,1472
2026-10-06 08:00:00,31130.753,31158.387,31111.476,31141.31,60,1472
2026-10-06 09:00:00,31140.798,31177.92,31137.81,31157.798,60,1476
2026-10-06 10:00:00,31157.887,31209.81,31143.454,31194.721,60,1472
2026-10-06 11:00:00,31193.443,31285.476,31190.676,31259.498,60,1474
2026-10-06 12:00:00,31259.232,31288.698,31206.008,31241.12,60,1475
2026-10-06 13:00:00,31241.232,31317.308,31208.621,31299.631,60,1472
2026-10-06 14:00:00,31298.797,31339.654,31231.121,31332.597,60,975
2026-10-06 15:00:00,31332.819,31364.919,31311.897,31318.01,60,973
2026-10-06 16:00:00,31318.12,31322.164,31265.164,31279.331,60,971
2026-10-06 17:00:00,31279.586,31295.787,31231.409,31276.265,60,975
2026-10-06 18:00:00,31276.576,31307.164,31255.631,31282.743,60,972
2026-10-06 19:00:00,31282.731,31287.297,31215.421,31228.032,60,971
2026-10-06 20:00:00,31228.421,31248.697,31224.476,31241.519,15,1474
2026-10-06 22:00:00,31261.721,31269.31,31234.932,31241.298,60,1473
2026-10-06 23:00:00,31241.187,31258.797,31235.254,31236.154,60,1474
2026-10-07 00:00:00,31235.019,31265.264,31228.875,31241.91,60,1479
2026-10-07 01:00:00,31241.964,31258.897,31227.397,31230.208,60,1473
2026-10-07 02:00:00,31229.91,31231.698,31180.41,31209.731,60,1475
2026-10-07 03:00:00,31209.519,31232.354,31194.754,31225.376,60,1472
2026-10-07 04:00:00,31225.287,31234.987,31214.309,31221.731,60,1473
2026-10-07 05:00:00,31222.732,31241.965,31201.865,31225.143,60,1472
2026-10-07 06:00:00,31225.32,31229.92,31199.142,31204.321,60,1471
2026-10-07 07:00:00,31204.464,31230.643,31150.397,31178.743,60,1471
2026-10-07 08:00:00,31179.019,31195.953,31155.22,31160.231,60,1471
2026-10-07 09:00:00,31160.143,31162.71,31074.131,31107.943,60,1474
2026-10-07 10:00:00,31107.853,31117.22,31030.464,31048.297,60,1474
2026-10-07 11:00:00,31048.21,31051.809,30967.175,31016.509,60,1479
2026-10-07 12:00:00,31015.721,31029.243,30955.776,31007.698,60,1478
2026-10-07 13:00:00,31008.221,31024.787,30902.153,30995.564,60,1475
2026-10-07 14:00:00,30995.075,31042.409,30949.653,31010.71,60,972
2026-10-07 15:00:00,31010.808,31130.265,30985.764,31095.776,60,972
2026-10-07 16:00:00,31095.554,31116.786,31071.297,31087.198,60,973
2026-10-07 17:00:00,31087.287,31143.165,31074.787,31113.61,60,971
2026-10-07 18:00:00,31112.186,31148.02,31099.608,31128.076,60,971
2026-10-07 19:00:00,31128.064,31169.109,31090.587,31150.331,60,975
2026-10-07 20:00:00,31149.209,31161.797,31146.264,31151.109,15,1471
2026-10-07 22:00:00,31173.731,31202.843,31164.32,31182.864,60,1475
2026-10-07 23:00:00,31181.443,31214.687,31181.443,31186.443,60,1477
2026-10-08 00:00:00,31185.386,31195.764,31128.665,31138.386,60,1471
2026-10-08 01:00:00,31138.298,31205.976,31134.632,31200.476,60,1473
2026-10-08 02:00:00,31201.709,31221.965,31162.753,31174.709,60,1473
2026-10-08 03:00:00,31174.786,31177.354,31106.142,31108.31,60,1476
2026-10-08 04:00:00,31108.264,31162.732,31105.797,31151.265,60,1472
2026-10-08 05:00:00,31150.898,31167.387,31077.932,31081.408,60,1472
2026-10-08 06:00:00,31081.41,31106.486,31005.753,31009.732,60,1475
2026-10-08 07:00:00,31009.487,31025.975,30953.431,30980.732,60,1476
2026-10-08 08:00:00,30982.687,31046.298,30972.009,30972.964,60,1476
2026-10-08 09:00:00,30972.197,31024.987,30971.72,30983.931,60,1475
2026-10-08 10:00:00,30984.243,30988.287,30876.332,30911.932,60,1472
2026-10-08 11:00:00,30911.819,30966.487,30887.997,30942.297,60,1472
2026-10-08 12:00:00,30942.908,30975.187,30924.987,30955.787,60,1473
2026-10-08 13:00:00,30955.864,31031.731,30914.309,30948.943,60,1471
2026-10-08 14:00:00,30949.776,31125.921,30947.198,31026.431,60,972
2026-10-08 15:00:00,31026.41,31029.342,30929.253,30949.919,60,973
2026-10-08 16:00:00,30950.176,31043.776,30725.354,30759.442,60,975
2026-10-08 17:00:00,30755.776,30772.976,30551.921,30659.232,60,971
2026-10-08 18:00:00,30660.143,30781.364,30618.253,30694.008,60,971
