Datetime,Open,High,Low,Close,Volume,Spread
2025-10-08 19:00:00,4049.805,4054.348,4031.875,4044.555,60,616
2025-10-08 20:00:00,4044.625,4046.455,4038.345,4040.745,60,548
2025-10-08 22:00:00,4042.415,4044.135,4014.748,4021.048,60,1583
2025-10-08 23:00:00,4021.048,4021.715,4001.025,4011.465,60,865
2025-10-09 00:00:00,4011.448,4027.785,4008.198,4022.755,60,682
2025-10-09 01:00:00,4022.825,4036.135,4007.745,4019.315,60,700
2025-10-09 02:00:00,4019.298,4021.115,4002.395,4018.385,60,678
2025-10-09 03:00:00,4018.365,4029.375,4016.915,4026.585,60,650
2025-10-09 04:00:00,4026.615,4040.845,4026.615,4038.725,60,636
2025-10-09 05:00:00,4038.555,4043.405,4034.098,4039.505,60,624
2025-10-09 06:00:00,4039.515,4040.695,4022.365,4025.648,60,588
2025-10-09 07:00:00,4025.655,4032.598,4024.475,4031.375,60,573
2025-10-09 08:00:00,4031.335,4040.215,4030.128,4038.068,60,562
2025-10-09 09:00:00,4038.068,4041.965,4033.805,4037.355,60,599
2025-10-09 10:00:00,4037.405,4044.005,4036.125,4043.975,60,582
2025-10-09 11:00:00,4043.995,4046.455,4033.355,4044.235,60,583
2025-10-09 12:00:00,4044.205,4053.465,4037.225,4053.155,60,678
2025-10-09 13:00:00,4053.175,4057.765,4016.725,4016.805,60,683
2025-10-09 14:00:00,4016.779,4028.875,4003.765,4023.885,60,1327
2025-10-09 15:00:00,4023.699,4028.635,4006.315,4014.395,60,629
2025-10-09 16:00:00,4014.285,4021.498,3963.435,3968.765,60,585
2025-10-09 17:00:00,3968.595,3974.085,3943.788,3950.005,60,837
2025-10-09 18:00:00,3949.745,3968.585,3949.248,3957.195,60,749
2025-10-09 19:00:00,3957.245,3981.865,3955.015,3972.895,60,662
2025-10-09 20:00:00,3972.985,3978.795,3972.755,3976.275,60,559
2025-10-09 22:00:00,3974.925,3980.848,3957.955,3974.818,60,1121
2025-10-09 23:00:00,3974.848,3990.715,3973.948,3989.548,60,1167
2025-10-10 00:00:00,3989.399,3994.175,3985.198,3990.875,60,718
2025-10-10 01:00:00,3990.845,3992.165,3969.588,3972.855,60,783
2025-10-10 02:00:00,3972.815,3986.585,3972.815,3978.175,60,675
2025-10-10 03:00:00,3978.175,3978.965,3960.498,3961.499,60,901
2025-10-10 04:00:00,3961.499,3966.515,3946.675,3965.965,60,877
2025-10-10 05:00:00,3965.935,3977.575,3965.415,3974.498,60,805
2025-10-10 06:00:00,3974.555,3975.698,3962.355,3968.045,60,685
2025-10-10 07:00:00,3968.045,3976.065,3952.245,3971.705,60,793
2025-10-10 08:00:00,3971.725,3994.515,3969.935,3991.698,60,770
2025-10-10 09:00:00,3991.698,4006.385,3990.095,3995.455,60,744
2025-10-10 10:00:00,3995.345,3999.895,3990.548,3993.645,60,674
2025-10-10 11:00:00,3993.675,3999.625,3982.988,3986.845,60,741
2025-10-10 12:00:00,3986.835,3993.235,3979.855,3985.475,60,735
2025-10-10 13:00:00,3985.415,3997.845,3975.175,3979.945,60,621
2025-10-10 14:00:00,3979.865,3993.798,3970.485,3989.635,60,1244
2025-10-10 15:00:00,3989.695,4022.748,3987.935,3997.525,60,972
2025-10-10 16:00:00,3997.605,3998.348,3976.885,3983.195,60,803
2025-10-10 17:00:00,3983.245,3991.728,3974.845,3989.605,60,664
2025-10-10 18:00:00,3989.735,4008.815,3984.005,3998.775,60,764
2025-10-10 19:00:00,3998.805,4021.075,3995.695,4011.015,60,620
2025-10-10 20:00:00,4011.055,4020.595,4005.465,4017.845,60,551
2025-10-12 22:00:00,4000.535,4044.845,4000.535,4041.948,60,1715
2025-10-12 23:00:00,4041.879,4059.938,4031.885,4034.705,60,1265
2025-10-13 00:00:00,4034.885,4059.425,4024.295,4043.415,60,854
2025-10-13 01:00:00,4043.365,4054.725,4035.445,4052.865,60,1047
2025-10-13 02:00:00,4052.585,4055.685,4041.125,4047.905,60,927
2025-10-13 03:00:00,4047.875,4056.045,4046.035,4051.728,60,774
2025-10-13 04:00:00,4051.728,4058.895,4050.675,4055.865,60,1154
2025-10-13 05:00:00,4055.865,4077.748,4054.309,4063.348,60,954
2025-10-13 06:00:00,4063.345,4073.315,4059.398,4069.098,60,890
2025-10-13 07:00:00,4068.929,4077.105,4066.145,4070.705,60,897
2025-10-13 08:00:00,4070.655,4079.015,4068.715,4077.535,60,797
2025-10-13 09:00:00,4077.505,4079.555,4069.945,4077.045,60,672
2025-10-13 10:00:00,4077.058,4085.065,4070.855,4080.785,60,671
2025-10-13 11:00:00,4080.745,4084.535,4073.435,4073.745,60,586
2025-10-13 12:00:00,4073.785,4085.785,4072.965,4079.445,60,567
2025-10-13 13:00:00,4079.475,4095.318,4078.035,4093.925,60,649
2025-10-13 14:00:00,4093.935,4103.575,4090.475,4097.085,60,574
2025-10-13 15:00:00,4097.095,4107.158,4091.418,4104.675,60,591
2025-10-13 16:00:00,4104.735,4117.005,4103.548,4105.415,60,595
2025-10-13 17:00:00,4105.435,4115.215,4099.925,4103.498,60,607
2025-10-13 18:00:00,4103.455,4107.295,4099.105,4101.585,60,550
2025-10-13 19:00:00,4101.575,4110.655,4090.565,4108.385,60,621
2025-10-13 20:00:00,4108.445,4112.448,4105.805,4109.095,60,566
2025-10-13 22:00:00,4110.225,4115.448,4106.365,4114.648,60,1235
2025-10-13 23:00:00,4114.275,4131.748,4112.655,4127.798,60,974
2025-10-14 00:00:00,4127.898,4130.085,4119.065,4124.155,60,681
2025-10-14 01:00:00,4124.155,4149.685,4122.845,4136.715,60,768
2025-10-14 02:00:00,4136.685,4149.635,4136.475,4145.645,60,825
2025-10-14 03:00:00,4145.685,4166.065,4144.865,4162.885,60,810
2025-10-14 04:00:00,4162.785,4169.665,4155.505,4167.865,60,900
2025-10-14 05:00:00,4167.835,4179.355,4110.448,4120.585,60,1003
2025-10-14 06:00:00,4120.535,4133.448,4089.805,4111.865,60,1184
2025-10-14 07:00:00,4111.298,4127.585,4102.325,4126.175,60,734
2025-10-14 08:00:00,4126.155,4144.898,4124.435,4143.598,60,726
2025-10-14 09:00:00,4143.555,4143.898,4121.288,4127.048,60,788
2025-10-14 10:00:00,4127.065,4144.065,4124.455,4131.298,60,764
2025-10-14 11:00:00,4131.298,4137.685,4125.569,4130.155,60,712
2025-10-14 12:00:00,4130.175,4134.335,4103.178,4106.318,60,620
2025-10-14 13:00:00,4106.318,4129.195,4097.598,4123.715,60,672
2025-10-14 14:00:00,4123.755,4137.435,4120.915,4128.975,60,645
2025-10-14 15:00:00,4129.015,4142.348,4126.055,4137.675,60,645
2025-10-14 16:00:00,4137.695,4155.075,4127.555,4140.135,60,672
2025-10-14 17:00:00,4140.145,4152.698,4137.015,4147.825,60,649
2025-10-14 18:00:00,4147.975,4152.365,4142.905,4148.015,60,674
2025-10-14 19:00:00,4147.985,4150.448,4134.195,4141.355,60,657
2025-10-14 20:00:00,4141.495,4145.765,4139.165,4140.925,60,569
2025-10-14 22:00:00,4141.955,4163.248,4140.065,4158.098,60,1181
2025-10-14 23:00:00,4158.209,4166.955,4156.675,4161.325,60,999
2025-10-15 00:00:00,4161.305,4169.415,4153.465,4162.215,60,707
2025-10-15 01:00:00,4162.185,4186.565,4161.745,4181.445,60,761
2025-10-15 02:00:00,4181.555,4184.345,4166.698,4176.275,60,701
2025-10-15 03:00:00,4176.345,4190.515,4175.955,4186.815,60,764
2025-10-15 04:00:00,4186.905,4187.325,4172.848,4179.405,60,797
2025-10-15 05:00:00,4179.365,4193.318,4176.295,4185.548,60,778
2025-10-15 06:00:00,4185.448,4200.155,4183.848,4199.255,60,618
2025-10-15 07:00:00,4199.125,4209.645,4194.145,4207.545,60,582
2025-10-15 08:00:00,4207.595,4217.995,4206.925,4207.885,60,672
2025-10-15 09:00:00,4207.885,4211.865,4163.149,4192.175,60,743
2025-10-15 10:00:00,4192.119,4206.048,4190.119,4202.525,60,671
2025-10-15 11:00:00,4202.425,4203.975,4193.385,4198.465,60,690
2025-10-15 12:00:00,4198.498,4202.465,4175.779,4190.425,60,938
2025-10-15 13:00:00,4190.415,4198.495,4182.645,4191.848,60,640
2025-10-15 14:00:00,4191.848,4212.135,4191.285,4199.805,60,726
2025-10-15 15:00:00,4199.825,4202.755,4179.145,4190.348,60,757
2025-10-15 16:00:00,4190.348,4199.675,4185.975,4198.735,60,727
2025-10-15 17:00:00,4198.745,4199.448,4182.345,4197.648,60,759
2025-10-15 18:00:00,4197.548,4204.498,4194.828,4200.455,60,710
2025-10-15 19:00:00,4200.448,4213.285,4200.245,4210.015,60,745
2025-10-15 20:00:00,4210.098,4212.548,4205.798,4206.575,60,792
2025-10-15 22:00:00,4208.395,4215.555,4199.285,4212.848,60,869
2025-10-15 23:00:00,4212.809,4215.448,4205.685,4209.285,60,1218
2025-10-16 00:00:00,4209.285,4226.995,4204.698,4210.125,60,720
2025-10-16 01:00:00,4210.125,4232.745,4210.125,4229.998,60,743
2025-10-16 02:00:00,4230.008,4239.335,4225.655,4239.295,60,804
2025-10-16 03:00:00,4239.115,4241.955,4228.798,4233.545,60,723
2025-10-16 04:00:00,4233.235,4239.185,4227.835,4233.315,60,711
2025-10-16 05:00:00,4233.325,4234.595,4203.175,4204.605,60,717
2025-10-16 06:00:00,4204.295,4227.095,4203.315,4222.575,60,732
2025-10-16 07:00:00,4222.285,4233.855,4222.148,4230.455,60,661
2025-10-16 08:00:00,4230.485,4235.785,4228.305,4232.705,60,641
2025-10-16 09:00:00,4232.785,4241.735,4221.665,4239.165,60,653
2025-10-16 10:00:00,4239.135,4245.905,4233.845,4242.555,60,663
2025-10-16 11:00:00,4242.425,4247.355,4239.215,4240.265,60,621
2025-10-16 12:00:00,4240.265,4250.775,4227.185,4235.805,60,950
2025-10-16 13:00:00,4235.825,4258.448,4234.715,4245.995,60,615
2025-10-16 14:00:00,4245.335,4267.315,4245.125,4263.048,60,678
2025-10-16 15:00:00,4263.055,4275.748,4260.275,4273.345,60,688
2025-10-16 16:00:00,4273.375,4291.848,4261.215,4282.495,60,552
2025-10-16 17:00:00,4282.475,4298.405,4279.655,4293.848,60,598
2025-10-16 18:00:00,4293.848,4294.635,4272.955,4290.535,60,582
2025-10-16 19:00:00,4290.529,4312.648,4287.435,4307.025,60,568
2025-10-16 20:00:00,4307.135,4330.465,4307.098,4327.195,60,615
2025-10-16 22:00:00,4330.965,4379.125,4326.285,4346.315,60,1339
2025-10-16 23:00:00,4346.315,4378.905,4340.908,4365.225,60,1367
2025-10-17 00:00:00,4365.205,4371.445,4353.365,4358.015,60,993
2025-10-17 01:00:00,4357.855,4362.075,4278.295,4313.705,60,881
2025-10-17 02:00:00,4313.735,4348.205,4311.668,4342.325,60,1280
2025-10-17 03:00:00,4342.265,4366.545,4338.535,4366.525,60,736
2025-10-17 04:00:00,4366.555,4377.005,4354.648,4376.155,60,664
2025-10-17 05:00:00,4376.135,4378.455,4341.625,4365.785,60,711
2025-10-17 06:00:00,4365.825,4369.385,4346.545,4359.845,60,613
2025-10-17 07:00:00,4359.915,4361.635,4308.235,4342.085,60,998
2025-10-17 08:00:00,4342.165,4349.505,4320.745,4347.418,60,678
2025-10-17 09:00:00,4347.418,4348.148,4332.085,4339.985,60,764
2025-10-17 10:00:00,4339.935,4341.965,4319.415,4327.395,60,615
2025-10-17 11:00:00,4327.355,4335.755,4286.435,4286.795,60,769
2025-10-17 12:00:00,4286.775,4319.785,4283.355,4314.209,60,869
2025-10-17 13:00:00,4314.349,4317.275,4258.115,4273.485,60,754
2025-10-17 14:00:00,4273.635,4274.225,4216.465,4248.635,60,1046
2025-10-17 15:00:00,4248.635,4259.125,4230.675,4237.235,60,844
2025-10-17 16:00:00,4237.245,4244.725,4200.055,4204.465,60,816
2025-10-17 17:00:00,4204.545,4228.248,4185.425,4220.648,60,1055
2025-10-17 18:00:00,4220.705,4244.445,4217.748,4235.335,60,896
2025-10-17 19:00:00,4235.645,4237.725,4212.385,4225.395,60,763
2025-10-17 20:00:00,4225.725,4252.198,4219.765,4250.855,60,1342
2025-10-19 22:00:00,4247.775,4273.685,4239.348,4254.898,60,1518
2025-10-19 23:00:00,4254.908,4255.535,4233.298,4237.605,60,1575
2025-10-20 00:00:00,4237.625,4250.345,4218.505,4248.955,60,1139
2025-10-20 01:00:00,4248.985,4268.785,4229.045,4262.135,60,933
2025-10-20 02:00:00,4262.165,4270.995,4253.105,4255.429,60,741
2025-10-20 03:00:00,4255.429,4265.009,4248.335,4264.379,60,746
2025-10-20 04:00:00,4264.379,4268.048,4260.165,4266.045,60,783
2025-10-20 05:00:00,4265.459,4266.439,4239.355,4239.445,60,797
2025-10-20 06:00:00,4239.525,4245.498,4221.005,4235.948,60,821
2025-10-20 07:00:00,4235.948,4260.615,4234.305,4254.895,60,825
2025-10-20 08:00:00,4254.875,4265.915,4252.115,4258.455,60,603
2025-10-20 09:00:00,4258.495,4263.495,4250.175,4260.475,60,596
2025-10-20 10:00:00,4260.455,4260.598,4245.435,4254.295,60,594
2025-10-20 11:00:00,4254.278,4279.235,4250.665,4278.905,60,712
2025-10-20 12:00:00,4278.905,4326.975,4272.355,4323.245,60,690
2025-10-20 13:00:00,4323.215,4324.655,4299.195,4300.525,60,747
2025-10-20 14:00:00,4300.495,4334.598,4292.628,4331.948,60,805
2025-10-20 15:00:00,4331.969,4355.345,4331.948,4348.898,60,707
2025-10-20 16:00:00,4348.898,4350.698,4342.379,4347.598,60,697
2025-10-20 17:00:00,4347.598,4350.855,4336.945,4347.298,60,709
2025-10-20 18:00:00,4347.635,4364.415,4344.335,4359.085,60,710
2025-10-20 19:00:00,4359.069,4381.298,4358.948,4377.848,60,681
2025-10-20 20:00:00,4377.885,4379.948,4345.948,4355.685,60,730
2025-10-20 22:00:00,4354.698,4375.248,4352.498,4366.998,60,1460
2025-10-20 23:00:00,4367.098,4371.198,4356.405,4359.905,60,1199
2025-10-21 00:00:00,4360.005,4370.885,4356.165,4368.398,60,626
2025-10-21 01:00:00,4368.398,4372.108,4332.595,4350.745,60,706
2025-10-21 02:00:00,4350.765,4355.198,4335.155,4338.715,60,657
2025-10-21 03:00:00,4338.495,4350.615,4337.735,4346.395,60,735
2025-10-21 04:00:00,4346.365,4346.825,4336.815,4341.725,60,609
2025-10-21 05:00:00,4341.548,4344.085,4316.965,4322.905,60,584
2025-10-21 06:00:00,4322.775,4343.995,4316.945,4343.045,60,652
2025-10-21 07:00:00,4343.015,4343.015,4293.125,4298.005,60,591
2025-10-21 08:00:00,4298.005,4301.425,4244.085,4273.795,60,1021
2025-10-21 09:00:00,4273.835,4277.785,4254.425,4264.795,60,612
2025-10-21 10:00:00,4264.895,4266.315,4249.185,4253.578,60,604
2025-10-21 11:00:00,4253.578,4272.205,4245.355,4253.145,60,577
2025-10-21 12:00:00,4253.165,4257.445,4205.505,4210.815,60,831
2025-10-21 13:00:00,4210.835,4225.298,4167.239,4173.175,60,731
2025-10-21 14:00:00,4173.355,4187.908,4078.259,4138.469,60,1044
2025-10-21 15:00:00,4138.419,4150.175,4119.685,4138.385,60,1096
2025-10-21 16:00:00,4138.405,4143.695,4100.305,4113.109,60,773
2025-10-21 17:00:00,4113.099,4120.135,4092.945,4110.925,60,752
2025-10-21 18:00:00,4110.945,4125.665,4106.175,4114.715,60,610
2025-10-21 19:00:00,4114.735,4122.035,4100.305,4108.685,60,617
2025-10-21 20:00:00,4108.638,4130.745,4105.905,4124.355,60,661
2025-10-21 22:00:00,4124.515,4132.235,4113.225,4122.698,60,1343
2025-10-21 23:00:00,4122.565,4127.575,4089.645,4092.618,60,1483
2025-10-22 00:00:00,4092.618,4093.345,4003.298,4074.598,60,1876
2025-10-22 01:00:00,4074.598,4120.265,4064.009,4086.715,60,1384
2025-10-22 02:00:00,4086.885,4117.525,4086.785,4114.685,60,1150
2025-10-22 03:00:00,4114.455,4142.815,4106.815,4128.248,60,1045
2025-10-22 04:00:00,4128.248,4133.175,4106.665,4127.865,60,1053
2025-10-22 05:00:00,4127.885,4146.745,4126.075,4134.729,60,831
2025-10-22 06:00:00,4134.798,4161.165,4127.285,4155.495,60,768
2025-10-22 07:00:00,4155.475,4156.225,4129.225,4132.715,60,719
2025-10-22 08:00:00,4132.618,4135.595,4061.909,4069.885,60,1025
2025-10-22 09:00:00,4069.925,4101.285,4061.375,4069.125,60,1329
2025-10-22 10:00:00,4069.009,4090.348,4022.748,4034.709,60,1013
2025-10-22 11:00:00,4034.649,4044.638,4014.758,4027.405,60,1218
2025-10-22 12:00:00,4027.435,4053.255,4022.645,4033.475,60,1012
2025-10-22 13:00:00,4033.495,4084.915,4032.958,4075.715,60,1064
2025-10-22 14:00:00,4075.575,4078.195,4010.795,4014.705,60,759
2025-10-22 15:00:00,4014.625,4047.028,4014.625,4036.785,60,688
2025-10-22 16:00:00,4036.885,4063.915,4022.955,4059.005,60,648
2025-10-22 17:00:00,4058.879,4070.815,4043.835,4069.769,60,722
2025-10-22 18:00:00,4069.769,4081.385,4066.415,4076.485,60,606
2025-10-22 19:00:00,4076.715,4113.365,4076.375,4102.145,60,592
2025-10-22 20:00:00,4101.885,4107.028,4088.305,4098.055,60,688
2025-10-22 22:00:00,4094.615,4116.055,4091.735,4101.518,60,1392
2025-10-22 23:00:00,4101.578,4104.278,4080.078,4087.305,60,1510
2025-10-23 00:00:00,4087.295,4096.348,4065.405,4081.745,60,893
2025-10-23 01:00:00,4081.775,4092.475,4071.605,4072.748,60,838
2025-10-23 02:00:00,4072.798,4085.065,4071.535,4082.078,60,937
2025-10-23 03:00:00,4082.198,4100.635,4077.635,4090.935,60,794
2025-10-23 04:00:00,4090.955,4092.835,4079.468,4089.295,60,706
2025-10-23 05:00:00,4089.325,4110.215,4083.695,4110.115,60,725
2025-10-23 06:00:00,4110.135,4137.448,4109.995,4113.365,60,819
2025-10-23 07:00:00,4113.345,4120.848,4091.565,4093.895,60,867
2025-10-23 08:00:00,4094.015,4118.735,4094.015,4116.085,60,743
2025-10-23 09:00:00,4116.075,4125.245,4110.865,4124.215,60,571
2025-10-23 10:00:00,4124.315,4125.045,4101.545,4108.825,60,785
2025-10-23 11:00:00,4108.925,4120.755,4107.455,4109.375,60,600
2025-10-23 12:00:00,4109.395,4129.098,4099.965,4127.165,60,860
2025-10-23 13:00:00,4126.875,4150.715,4125.585,4144.509,60,560
2025-10-23 14:00:00,4144.509,4154.435,4135.805,4147.945,60,769
2025-10-23 15:00:00,4148.125,4151.548,4136.855,4141.565,60,678
2025-10-23 16:00:00,4141.575,4148.335,4126.0,4132.585,60,692
2025-10-23 17:00:00,4132.549,4138.998,4124.655,4137.365,60,704
2025-10-23 18:00:00,4137.385,4143.225,4132.815,4135.735,60,710
2025-10-23 19:00:00,4135.798,4137.965,4116.285,4118.125,60,709
2025-10-23 20:00:00,4118.195,4126.798,4107.245,4125.185,60,689
2025-10-23 22:00:00,4127.098,4132.305,4111.085,4115.598,60,1253
2025-10-23 23:00:00,4115.698,4122.575,4105.675,4121.375,60,1225
2025-10-24 00:00:00,4121.405,4133.425,4117.555,4132.425,60,772
2025-10-24 01:00:00,4132.495,4144.145,4111.815,4118.465,60,717
2025-10-24 02:00:00,4118.465,4118.795,4109.148,4109.348,60,717
2025-10-24 03:00:00,4109.348,4123.265,4107.255,4122.125,60,713
2025-10-24 04:00:00,4122.085,4123.045,4102.548,4111.315,60,716
2025-10-24 05:00:00,4111.525,4117.675,4102.305,4104.048,60,702
2025-10-24 06:00:00,4104.048,4104.498,4081.048,4091.708,60,958
2025-10-24 07:00:00,4091.708,4095.648,4069.305,4073.948,60,907
2025-10-24 08:00:00,4073.965,4077.425,4047.315,4065.115,60,902
2025-10-24 09:00:00,4065.085,4073.385,4054.029,4060.625,60,659
2025-10-24 10:00:00,4060.655,4070.645,4053.355,4054.585,60,576
2025-10-24 11:00:00,4054.475,4065.415,4043.618,4061.255,60,610
2025-10-24 12:00:00,4061.205,4092.705,4059.615,4081.865,60,652
2025-10-24 13:00:00,4081.905,4121.845,4078.718,4104.725,60,697
2025-10-24 14:00:00,4105.425,4134.745,4101.725,4117.285,60,1250
2025-10-24 15:00:00,4117.255,4131.635,4113.035,4130.195,60,648
2025-10-24 16:00:00,4130.235,4138.325,4121.535,4129.135,60,589
2025-10-24 17:00:00,4129.165,4134.065,4105.545,4107.405,60,591
2025-10-24 18:00:00,4107.435,4113.395,4101.735,4110.075,60,604
2025-10-24 19:00:00,4110.125,4117.275,4102.005,4103.865,60,592
2025-10-24 20:00:00,4103.945,4113.655,4096.515,4111.555,60,720
2025-10-26 22:00:00,4064.051,4108.598,4063.585,4081.158,60,1703
2025-10-26 23:00:00,4081.188,4087.848,4061.315,4064.165,60,1438
2025-10-27 00:00:00,4064.275,4084.015,4057.845,4080.935,60,886
2025-10-27 01:00:00,4081.005,4097.545,4074.725,4081.705,60,780
2025-10-27 02:00:00,4081.625,4081.895,4070.015,4071.325,60,721
2025-10-27 03:00:00,4071.305,4081.615,4065.075,4069.465,60,700
2025-10-27 04:00:00,4069.405,4071.348,4053.505,4068.525,60,695
2025-10-27 05:00:00,4068.565,4084.295,4068.455,4079.455,60,719
2025-10-27 06:00:00,4079.395,4084.735,4073.615,4077.975,60,744
2025-10-27 07:00:00,4078.015,4079.525,4063.738,4068.515,60,709
2025-10-27 08:00:00,4068.365,4070.235,4024.475,4043.045,60,638
2025-10-27 09:00:00,4043.135,4049.915,4029.535,4039.565,60,898
2025-10-27 10:00:00,4039.595,4047.575,4028.655,4037.205,60,606
2025-10-27 11:00:00,4037.225,4041.215,4015.055,4023.825,60,683
2025-10-27 12:00:00,4023.855,4046.215,4022.175,4045.625,60,793
2025-10-27 13:00:00,4045.815,4050.095,4013.055,4021.758,60,833
2025-10-27 14:00:00,4021.905,4023.115,3982.635,3987.695,60,801
2025-10-27 15:00:00,3987.755,3993.205,3971.068,3989.748,59,765
2025-10-27 16:00:00,3989.698,4000.165,3983.728,3999.125,60,830
2025-10-27 17:00:00,3999.095,4008.605,3990.395,4006.255,60,784
2025-10-27 18:00:00,4006.255,4009.845,3997.675,3999.025,60,841
2025-10-27 19:00:00,3999.355,4005.305,3985.375,3989.965,60,778
2025-10-27 20:00:00,3989.975,3999.985,3978.885,3981.095,60,782
2025-10-27 22:00:00,3983.915,3996.015,3979.105,3989.468,60,1333
2025-10-27 23:00:00,3989.568,4004.295,3982.475,3998.205,60,906
2025-10-28 00:00:00,3998.175,4009.345,3972.445,4006.278,60,889
2025-10-28 01:00:00,4006.435,4019.405,4003.948,4010.655,60,804
2025-10-28 02:00:00,4010.638,4013.545,3980.405,3983.655,60,837
2025-10-28 03:00:00,3983.605,3994.215,3982.985,3992.635,60,879
2025-10-28 04:00:00,3992.685,3994.005,3963.288,3973.355,60,837
2025-10-28 05:00:00,3974.095,3979.765,3958.895,3966.135,60,726
2025-10-28 06:00:00,3966.315,3968.285,3938.015,3942.235,60,747
2025-10-28 07:00:00,3942.225,3948.385,3921.248,3932.115,60,761
2025-10-28 08:00:00,3932.145,3935.555,3896.125,3896.948,60,706
2025-10-28 09:00:00,3896.908,3910.815,3886.199,3904.375,60,752
2025-10-28 10:00:00,3904.405,3930.735,3899.748,3926.265,60,722
2025-10-28 11:00:00,3926.295,3929.775,3910.625,3923.055,60,701
2025-10-28 12:00:00,3923.375,3929.648,3905.335,3912.448,60,708
2025-10-28 13:00:00,3912.448,3940.115,3911.915,3938.425,60,764
2025-10-28 14:00:00,3938.365,3953.675,3934.675,3949.565,60,661
2025-10-28 15:00:00,3949.525,3969.405,3946.865,3964.585,60,532
2025-10-28 16:00:00,3964.595,3965.325,3950.758,3958.355,60,511
2025-10-28 17:00:00,3958.345,3970.205,3954.985,3962.175,60,529
2025-10-28 18:00:00,3962.185,3964.005,3944.935,3956.298,60,598
2025-10-28 19:00:00,3956.298,3962.555,3950.595,3960.275,60,607
2025-10-28 20:00:00,3960.125,3960.785,3949.365,3951.945,60,680
2025-10-28 22:00:00,3952.598,3960.475,3914.548,3933.348,60,1596
2025-10-28 23:00:00,3933.135,3967.515,3933.135,3964.535,60,1498
2025-10-29 00:00:00,3964.535,3982.075,3958.835,3975.015,60,755
2025-10-29 01:00:00,3975.045,3979.545,3965.815,3973.365,60,761
2025-10-29 02:00:00,3973.315,3974.015,3943.605,3960.825,60,847
2025-10-29 03:00:00,3960.845,3971.745,3958.255,3962.958,60,969
2025-10-29 04:00:00,3963.005,3964.675,3950.668,3951.755,60,961
2025-10-29 05:00:00,3951.775,3966.065,3950.825,3962.305,60,707
2025-10-29 06:00:00,3962.275,3984.595,3959.635,3978.045,60,754
2025-10-29 07:00:00,3978.035,4001.385,3974.565,4001.385,60,770
2025-10-29 08:00:00,4001.385,4018.335,4000.278,4016.705,60,582
2025-10-29 09:00:00,4016.695,4029.358,4013.165,4023.648,60,718
2025-10-29 10:00:00,4023.675,4029.525,4016.878,4023.195,60,710
2025-10-29 11:00:00,4023.215,4028.135,4013.135,4016.395,60,714
2025-10-29 12:00:00,4016.365,4029.955,4013.315,4025.205,60,790
2025-10-29 13:00:00,4025.235,4025.375,4002.085,4011.985,60,700
2025-10-29 14:00:00,4011.985,4022.085,4007.135,4008.005,60,778
2025-10-29 15:00:00,4008.015,4011.648,3989.165,3992.695,60,703
2025-10-29 16:00:00,3992.725,4000.978,3991.115,3992.545,60,697
2025-10-29 17:00:00,3992.398,3997.545,3985.495,3993.958,60,701
2025-10-29 18:00:00,3993.965,4007.025,3941.988,3969.035,60,1174
2025-10-29 19:00:00,3968.805,3979.675,3927.585,3945.475,60,802
2025-10-29 20:00:00,3945.435,3953.735,3927.615,3928.435,60,1069
2025-10-29 22:00:00,3921.725,3948.125,3916.348,3940.688,60,1409
2025-10-29 23:00:00,3940.698,3953.685,3938.948,3952.465,60,1511
2025-10-30 00:00:00,3952.495,3964.145,3937.305,3949.915,60,963
2025-10-30 01:00:00,3949.835,3966.215,3944.845,3947.575,60,868
2025-10-30 02:00:00,3947.605,3947.935,3921.575,3921.695,60,841
2025-10-30 03:00:00,3921.785,3937.935,3915.065,3937.805,60,831
2025-10-30 04:00:00,3937.835,3982.295,3934.505,3972.115,60,716
2025-10-30 05:00:00,3972.135,3977.888,3946.958,3963.515,60,762
2025-10-30 06:00:00,3963.435,3976.925,3956.065,3976.595,60,775
2025-10-30 07:00:00,3976.605,3977.025,3955.645,3961.005,60,726
2025-10-30 08:00:00,3960.995,3976.545,3959.895,3976.235,60,726
2025-10-30 09:00:00,3976.215,4011.498,3975.798,3998.335,60,713
2025-10-30 10:00:00,3998.275,4000.598,3973.345,3983.915,60,738
2025-10-30 11:00:00,3983.905,3984.795,3963.625,3974.225,60,708
2025-10-30 12:00:00,3974.245,3985.315,3960.745,3960.965,60,858
2025-10-30 13:00:00,3960.855,3995.048,3959.955,3995.048,60,846
2025-10-30 14:00:00,3995.048,4014.635,3986.515,3996.245,60,789
2025-10-30 15:00:00,3996.225,4008.505,3987.848,4001.585,60,662
2025-10-30 16:00:00,4001.565,4003.865,3990.905,4001.275,60,637
2025-10-30 17:00:00,4001.275,4017.775,3994.265,4004.325,60,514
2025-10-30 18:00:00,4004.345,4017.498,3999.885,4015.898,60,628
2025-10-30 19:00:00,4015.898,4025.705,4015.098,4023.205,60,724
2025-10-30 20:00:00,4023.155,4026.948,4016.098,4024.305,60,615
2025-10-30 22:00:00,4023.075,4045.925,4015.955,4037.348,60,1699
2025-10-30 23:00:00,4037.448,4042.835,4018.415,4036.345,60,1264
2025-10-31 00:00:00,4036.225,4036.625,4023.615,4024.845,60,750
2025-10-31 01:00:00,4024.675,4039.135,4012.458,4018.595,60,752
2025-10-31 02:00:00,4018.365,4018.995,4001.245,4010.795,60,753
2025-10-31 03:00:00,4010.765,4013.635,3990.938,3995.955,60,755
2025-10-31 04:00:00,3995.995,4010.295,3988.765,4005.505,60,759
2025-10-31 05:00:00,4005.275,4010.965,3993.785,4004.775,60,749
2025-10-31 06:00:00,4004.825,4014.525,4001.785,4012.845,60,755
2025-10-31 07:00:00,4012.865,4025.305,4007.305,4020.755,60,724
2025-10-31 08:00:00,4020.785,4026.808,4006.455,4010.205,60,749
2025-10-31 09:00:00,4009.995,4014.048,3998.515,4008.178,60,721
2025-10-31 10:00:00,4008.285,4016.505,4003.375,4007.175,60,750
2025-10-31 11:00:00,4007.075,4010.895,4001.435,4010.145,60,752
2025-10-31 12:00:00,4010.335,4036.035,4008.805,4022.758,60,812
2025-10-31 13:00:00,4022.758,4035.425,4009.985,4016.125,60,696
2025-10-31 14:00:00,4016.285,4027.025,4010.825,4020.465,60,648
2025-10-31 15:00:00,4020.575,4022.715,4009.375,4012.485,60,611
2025-10-31 16:00:00,4012.445,4014.945,3971.965,3980.465,60,645
2025-10-31 17:00:00,3980.595,4003.445,3980.165,3997.345,60,612
2025-10-31 18:00:00,3997.345,4009.765,3995.185,3999.748,60,605
2025-10-31 19:00:00,3999.748,4005.298,3990.918,4001.075,60,611
2025-10-31 20:00:00,4001.045,4006.248,3995.955,4001.505,60,1027
2025-11-02 23:00:00,3983.498,3998.625,3977.415,3979.435,60,2661
2025-11-03 00:00:00,3979.285,3987.545,3962.325,3970.405,60,913
2025-11-03 01:00:00,3970.395,4001.555,3965.305,3995.705,60,759
2025-11-03 02:00:00,3995.685,4006.255,3990.035,4003.795,60,753
2025-11-03 03:00:00,4003.865,4015.145,4001.925,4011.065,60,754
2025-11-03 04:00:00,4011.055,4014.115,4001.615,4003.368,60,626
2025-11-03 05:00:00,4003.378,4018.075,3997.479,4013.615,60,754
2025-11-03 06:00:00,4013.698,4018.335,4009.825,4017.205,60,751
2025-11-03 07:00:00,4017.225,4025.625,4013.275,4025.078,60,754
2025-11-03 08:00:00,4025.078,4027.865,4010.905,4019.395,60,730
2025-11-03 09:00:00,4019.645,4025.755,3992.875,4000.165,60,755
2025-11-03 10:00:00,4000.355,4004.615,3994.155,3998.375,60,749
2025-11-03 11:00:00,3998.358,4008.405,3994.098,4007.365,60,739
2025-11-03 12:00:00,4007.405,4013.365,4001.565,4013.235,60,745
2025-11-03 13:00:00,4013.235,4020.195,4010.525,4015.745,60,722
2025-11-03 14:00:00,4015.765,4025.825,4001.415,4022.085,60,729
2025-11-03 15:00:00,4023.726,4030.385,4002.945,4008.305,60,914
2025-11-03 16:00:00,4008.179,4013.209,3994.989,4008.095,60,713
2025-11-03 17:00:00,4008.115,4011.915,4003.215,4005.849,60,706
2025-11-03 18:00:00,4005.889,4009.335,3999.215,4006.125,60,713
2025-11-03 19:00:00,4006.089,4007.965,3995.075,4004.395,60,703
2025-11-03 20:00:00,4004.395,4014.695,4004.335,4010.105,60,729
2025-11-03 21:00:00,4010.105,4010.105,3999.695,4001.065,60,712
2025-11-03 23:00:00,4000.898,4005.195,3980.625,3996.925,60,1608
2025-11-04 00:00:00,3996.975,3999.045,3978.245,3986.125,60,755
2025-11-04 01:00:00,3986.155,3994.225,3979.198,3987.205,60,753
2025-11-04 02:00:00,3987.195,3987.195,3975.435,3986.475,60,698
2025-11-04 03:00:00,3986.515,3999.155,3981.485,3994.345,60,574
2025-11-04 04:00:00,3994.335,3994.965,3983.865,3985.375,60,596
2025-11-04 05:00:00,3985.335,3986.895,3972.475,3973.025,60,633
2025-11-04 06:00:00,3973.045,3987.905,3966.395,3984.865,60,593
2025-11-04 07:00:00,3984.885,3996.215,3982.075,3993.645,60,531
2025-11-04 08:00:00,3993.985,4000.475,3990.445,3995.895,60,547
2025-11-04 09:00:00,3995.915,3999.295,3990.235,3991.025,60,514
2025-11-04 10:00:00,3991.005,3997.415,3985.765,3993.635,60,613
2025-11-04 11:00:00,3993.805,3999.948,3991.465,3994.685,60,612
2025-11-04 12:00:00,3994.735,3997.295,3983.465,3984.455,60,615
2025-11-04 13:00:00,3984.475,3995.765,3971.648,3975.475,60,674
2025-11-04 14:00:00,3975.485,3977.495,3928.475,3956.708,60,683
2025-11-04 15:00:00,3956.728,3967.955,3941.005,3956.625,60,693
2025-11-04 16:00:00,3956.665,3975.405,3956.515,3968.855,60,613
2025-11-04 17:00:00,3968.945,3970.805,3952.148,3954.815,60,615
2025-11-04 18:00:00,3954.659,3956.585,3931.855,3937.605,60,613
2025-11-04 19:00:00,3937.635,3944.005,3934.405,3937.145,60,616
2025-11-04 20:00:00,3937.195,3941.925,3931.255,3938.505,60,611
2025-11-04 21:00:00,3938.655,3938.759,3930.275,3931.635,60,610
2025-11-04 23:00:00,3932.765,3939.985,3930.695,3934.328,60,1905
2025-11-05 00:00:00,3934.325,3942.705,3929.648,3939.455,60,619
2025-11-05 01:00:00,3939.635,3949.245,3934.255,3936.815,60,680
2025-11-05 02:00:00,3936.785,3950.775,3935.385,3948.345,60,577
2025-11-05 03:00:00,3948.315,3964.995,3947.335,3960.565,60,573
2025-11-05 04:00:00,3960.459,3973.475,3959.585,3970.065,60,749
2025-11-05 05:00:00,3970.085,3978.345,3961.648,3964.655,60,754
2025-11-05 06:00:00,3964.675,3973.415,3961.715,3966.045,60,567
2025-11-05 07:00:00,3966.095,3974.568,3963.485,3972.305,60,557
2025-11-05 08:00:00,3972.285,3986.915,3972.285,3979.805,60,667
2025-11-05 09:00:00,3979.685,3981.105,3963.305,3971.645,60,578
2025-11-05 10:00:00,3971.615,3971.645,3955.825,3964.275,60,588
2025-11-05 11:00:00,3964.285,3968.755,3957.195,3966.685,60,637
2025-11-05 12:00:00,3966.655,3969.695,3961.945,3969.485,60,532
2025-11-05 13:00:00,3969.505,3979.275,3964.645,3975.675,60,572
2025-11-05 14:00:00,3975.725,3985.425,3969.385,3973.005,60,533
2025-11-05 15:00:00,3972.945,3984.298,3963.695,3978.075,60,1099
2025-11-05 16:00:00,3978.175,3990.235,3974.745,3986.675,60,546
2025-11-05 17:00:00,3986.665,3989.445,3978.395,3981.875,60,541
2025-11-05 18:00:00,3981.845,3985.815,3978.735,3982.215,60,539
2025-11-05 19:00:00,3982.285,3988.598,3978.985,3987.498,60,587
2025-11-05 20:00:00,3987.598,3989.975,3981.405,3984.265,60,699
2025-11-05 21:00:00,3984.255,3984.845,3977.775,3979.755,60,528
2025-11-05 23:00:00,3975.455,3979.945,3966.095,3973.515,60,1944
2025-11-06 00:00:00,3973.475,3976.015,3969.395,3976.015,60,618
2025-11-06 01:00:00,3976.045,3977.175,3964.355,3976.375,60,580
2025-11-06 02:00:00,3976.395,3984.915,3974.025,3983.145,60,596
2025-11-06 03:00:00,3983.175,3990.205,3979.295,3987.315,60,559
2025-11-06 04:00:00,3987.345,3989.565,3984.448,3988.595,60,567
2025-11-06 05:00:00,3988.545,3990.545,3985.598,3987.375,60,592
2025-11-06 06:00:00,3987.548,3992.598,3982.035,3991.265,60,631
2025-11-06 07:00:00,3991.275,4009.045,3990.915,4005.445,60,726
2025-11-06 08:00:00,4005.398,4016.675,4004.415,4014.548,60,748
2025-11-06 09:00:00,4014.548,4014.935,4008.935,4010.695,60,743
2025-11-06 10:00:00,4010.715,4010.825,4004.155,4008.115,60,755
2025-11-06 11:00:00,4008.145,4019.175,4006.765,4017.785,60,753
2025-11-06 12:00:00,4017.745,4019.275,4002.615,4005.005,60,749
2025-11-06 13:00:00,4005.035,4015.905,4003.455,4011.955,60,747
2025-11-06 14:00:00,4011.945,4013.675,3988.805,3993.065,60,734
2025-11-06 15:00:00,3993.065,3993.495,3974.895,3979.945,60,712
2025-11-06 16:00:00,3979.975,3986.045,3976.235,3980.695,60,729
2025-11-06 17:00:00,3980.705,3987.865,3965.425,3985.945,60,721
2025-11-06 18:00:00,3985.945,3990.655,3979.945,3987.525,60,741
2025-11-06 19:00:00,3987.545,3994.975,3982.835,3984.998,60,657
2025-11-06 20:00:00,3984.635,3986.915,3979.088,3980.388,60,746
2025-11-06 21:00:00,3980.458,3981.935,3976.455,3976.525,60,742
2025-11-06 23:00:00,3976.195,3989.515,3973.655,3988.875,60,1548
2025-11-07 00:00:00,3988.905,3994.325,3984.295,3988.305,60,751
2025-11-07 01:00:00,3988.285,4002.505,3986.965,4001.465,60,749
2025-11-07 02:00:00,4001.475,4003.115,3991.265,3995.165,60,755
2025-11-07 03:00:00,3995.115,3996.375,3987.925,3990.155,60,611
2025-11-07 04:00:00,3990.125,3998.305,3985.275,3998.085,60,638
2025-11-07 05:00:00,3998.125,3998.685,3991.765,3994.748,60,635
2025-11-07 06:00:00,3994.675,4008.335,3992.065,4006.545,60,712
2025-11-07 07:00:00,4006.565,4009.595,4002.545,4007.615,60,549
2025-11-07 08:00:00,4007.708,4010.275,4003.445,4009.445,60,586
2025-11-07 09:00:00,4009.495,4013.975,4003.995,4006.495,60,623
2025-11-07 10:00:00,4006.535,4009.385,4002.995,4007.715,60,523
2025-11-07 11:00:00,4007.715,4011.685,3993.535,4002.725,60,554
2025-11-07 12:00:00,4002.745,4008.245,3991.545,3995.685,60,540
2025-11-07 13:00:00,3995.825,4001.765,3991.565,3997.495,60,876
2025-11-07 14:00:00,3997.465,4007.075,3984.065,3992.975,60,635
2025-11-07 15:00:00,3993.025,3998.945,3983.855,3990.775,60,741
2025-11-07 16:00:00,3990.775,4027.225,3989.785,4007.585,60,607
2025-11-07 17:00:00,4007.625,4009.545,3992.165,4005.245,60,611
2025-11-07 18:00:00,4005.385,4008.985,3999.365,4005.435,60,606
2025-11-07 19:00:00,4005.395,4008.795,4001.555,4006.505,60,600
2025-11-07 20:00:00,4006.429,4006.665,3994.245,4003.865,60,608
2025-11-07 21:00:00,4003.645,4004.955,3998.165,4000.289,60,618
2025-11-09 23:00:00,3997.898,4012.105,3996.698,4011.635,60,2396
2025-11-10 00:00:00,4011.665,4023.685,4010.915,4020.065,60,607
2025-11-10 01:00:00,4020.045,4053.125,4018.795,4043.855,60,753
2025-11-10 02:00:00,4043.825,4048.865,4037.435,4047.925,60,620
2025-11-10 03:00:00,4047.905,4052.635,4044.685,4049.975,60,581
2025-11-10 04:00:00,4049.835,4056.635,4049.615,4053.935,60,625
2025-11-10 05:00:00,4053.965,4069.715,4049.995,4069.225,60,668
2025-11-10 06:00:00,4069.295,4078.315,4066.635,4074.855,60,625
2025-11-10 07:00:00,4074.875,4078.875,4072.045,4075.075,60,562
2025-11-10 08:00:00,4075.105,4084.995,4074.925,4082.065,60,557
2025-11-10 09:00:00,4082.095,4086.115,4071.265,4076.395,60,549
2025-11-10 10:00:00,4076.415,4083.248,4075.705,4080.775,60,521
2025-11-10 11:00:00,4080.835,4085.295,4075.625,4085.165,60,645
2025-11-10 12:00:00,4085.205,4099.835,4084.195,4097.365,60,549
2025-11-10 13:00:00,4097.435,4105.715,4090.155,4091.435,60,575
2025-11-10 14:00:00,4091.405,4093.925,4074.065,4083.355,60,579
2025-11-10 15:00:00,4083.255,4094.125,4077.595,4084.145,60,571
2025-11-10 16:00:00,4084.125,4095.498,4081.815,4094.825,60,575
2025-11-10 17:00:00,4094.845,4102.545,4093.215,4102.365,60,512
2025-11-10 18:00:00,4102.385,4115.605,4101.445,4109.885,60,562
2025-11-10 19:00:00,4109.885,4115.235,4107.638,4113.025,60,609
2025-11-10 20:00:00,4113.045,4114.355,4106.425,4111.448,60,564
2025-11-10 21:00:00,4111.448,4116.395,4110.225,4115.615,60,585
2025-11-10 23:00:00,4113.098,4122.515,4112.908,4119.705,60,1889
2025-11-11 00:00:00,4119.995,4133.495,4116.055,4130.715,60,583
2025-11-11 01:00:00,4130.695,4141.045,4127.795,4136.105,60,722
2025-11-11 02:00:00,4136.085,4139.415,4129.325,4137.855,60,745
2025-11-11 03:00:00,4137.875,4147.845,4136.925,4146.675,60,612
2025-11-11 04:00:00,4146.655,4148.755,4141.758,4142.945,60,602
2025-11-11 05:00:00,4142.905,4144.175,4124.525,4130.775,60,622
2025-11-11 06:00:00,4130.745,4137.645,4126.555,4129.725,60,632
2025-11-11 07:00:00,4129.745,4132.848,4124.795,4129.425,60,560
2025-11-11 08:00:00,4129.305,4137.555,4128.585,4135.425,60,584
2025-11-11 09:00:00,4135.405,4145.725,4134.205,4141.605,60,520
2025-11-11 10:00:00,4141.655,4144.055,4136.595,4141.675,60,530
2025-11-11 11:00:00,4141.805,4144.525,4138.898,4142.599,60,549
2025-11-11 12:00:00,4142.599,4143.659,4132.995,4134.205,60,639
2025-11-11 13:00:00,4134.245,4146.545,4133.675,4142.425,60,548
2025-11-11 14:00:00,4142.385,4142.965,4119.655,4124.765,60,548
2025-11-11 15:00:00,4124.439,4125.935,4096.845,4106.475,60,614
2025-11-11 16:00:00,4106.465,4115.585,4105.0,4113.065,60,568
2025-11-11 17:00:00,4113.035,4117.665,4110.365,4114.155,60,527
2025-11-11 18:00:00,4114.185,4116.155,4106.435,4113.675,60,550
2025-11-11 19:00:00,4113.665,4125.945,4111.845,4122.885,60,485
2025-11-11 20:00:00,4122.985,4131.735,4122.235,4129.245,60,514
2025-11-11 21:00:00,4129.365,4131.245,4125.395,4125.495,60,612
2025-11-11 23:00:00,4125.498,4144.465,4125.498,4142.405,60,1643
2025-11-12 00:00:00,4142.375,4145.255,4131.995,4132.825,60,593
2025-11-12 01:00:00,4132.865,4136.965,4125.935,4131.248,60,628
2025-11-12 02:00:00,4131.205,4135.255,4118.485,4123.865,60,637
2025-11-12 03:00:00,4123.945,4125.135,4111.615,4111.785,60,573
2025-11-12 04:00:00,4111.745,4113.075,4103.505,4110.375,60,569
2025-11-12 05:00:00,4110.345,4110.835,4098.665,4104.465,60,615
2025-11-12 06:00:00,4104.495,4118.885,4102.975,4118.325,60,589
2025-11-12 07:00:00,4118.335,4125.045,4113.165,4116.925,60,655
2025-11-12 08:00:00,4116.955,4132.615,4112.015,4131.145,60,571
2025-11-12 09:00:00,4131.145,4133.385,4120.249,4124.475,60,534
2025-11-12 10:00:00,4124.505,4129.145,4117.715,4127.565,60,545
2025-11-12 11:00:00,4127.695,4131.015,4122.825,4125.765,60,530
2025-11-12 12:00:00,4125.795,4139.275,4124.735,4130.0,60,525
2025-11-12 13:00:00,4130.075,4132.435,4122.495,4126.975,60,564
2025-11-12 14:00:00,4127.015,4139.925,4124.795,4136.395,60,523
2025-11-12 15:00:00,4136.375,4185.415,4134.408,4181.109,60,667
2025-11-12 16:00:00,4181.095,4197.548,4179.835,4196.165,60,714
2025-11-12 17:00:00,4196.155,4206.259,4192.179,4199.299,60,703
2025-11-12 18:00:00,4199.299,4211.495,4190.219,4206.639,60,709
2025-11-12 19:00:00,4206.715,4209.859,4191.825,4197.229,60,698
2025-11-12 20:00:00,4197.179,4199.415,4190.305,4195.715,60,732
2025-11-12 21:00:00,4195.745,4201.845,4190.725,4194.605,60,707
2025-11-12 23:00:00,4194.275,4208.178,4187.005,4190.975,60,1358
2025-11-13 00:00:00,4190.965,4208.725,4185.709,4205.715,60,669
2025-11-13 01:00:00,4205.735,4209.025,4179.625,4191.995,60,858
2025-11-13 02:00:00,4191.945,4195.665,4183.255,4189.885,60,710
2025-11-13 03:00:00,4189.855,4212.905,4189.795,4212.565,60,759
2025-11-13 04:00:00,4212.545,4219.125,4203.145,4209.165,60,754
2025-11-13 05:00:00,4209.135,4217.545,4207.195,4211.749,60,712
2025-11-13 06:00:00,4211.749,4212.071,4203.065,4210.265,60,605
2025-11-13 07:00:00,4210.265,4219.985,4208.145,4219.965,60,541
2025-11-13 08:00:00,4219.945,4239.255,4218.975,4232.509,60,589
2025-11-13 09:00:00,4232.509,4239.315,4224.765,4232.925,60,604
2025-11-13 10:00:00,4232.895,4239.905,4221.455,4225.325,60,718
2025-11-13 11:00:00,4225.375,4232.105,4219.005,4230.315,60,692
2025-11-13 12:00:00,4230.165,4244.925,4229.898,4242.395,60,551
2025-11-13 13:00:00,4242.465,4243.645,4220.125,4231.498,60,614
2025-11-13 14:00:00,4231.765,4232.115,4184.355,4195.165,60,625
2025-11-13 15:00:00,4195.038,4204.865,4186.198,4202.275,60,732
2025-11-13 16:00:00,4202.305,4210.698,4195.425,4206.585,60,720
2025-11-13 17:00:00,4206.425,4208.265,4192.945,4201.545,60,725
2025-11-13 18:00:00,4201.615,4203.035,4144.965,4157.639,61,683
2025-11-13 19:00:00,4157.639,4170.355,4145.595,4163.655,60,702
2025-11-13 20:00:00,4163.675,4170.525,4159.995,4163.735,60,748
2025-11-13 21:00:00,4163.685,4180.905,4160.935,4170.865,60,711
2025-11-13 23:00:00,4168.408,4186.455,4168.408,4185.725,60,1447
2025-11-14 00:00:00,4185.795,4189.585,4177.835,4183.505,60,758
2025-11-14 01:00:00,4183.298,4193.498,4173.345,4189.645,60,757
2025-11-14 02:00:00,4189.735,4210.025,4188.365,4206.855,60,746
2025-11-14 03:00:00,4206.775,4211.015,4201.145,4204.115,60,751
2025-11-14 04:00:00,4204.085,4205.455,4196.675,4202.935,60,751
2025-11-14 05:00:00,4202.965,4203.315,4183.665,4189.598,60,749
2025-11-14 06:00:00,4189.598,4193.065,4169.395,4175.045,60,736
2025-11-14 07:00:00,4175.025,4182.185,4158.685,4180.955,60,755
2025-11-14 08:00:00,4180.895,4186.835,4169.875,4175.855,60,612
2025-11-14 09:00:00,4175.805,4180.385,4166.255,4169.145,60,618
2025-11-14 10:00:00,4169.105,4170.855,4159.028,4167.695,60,603
2025-11-14 11:00:00,4167.715,4169.705,4130.685,4132.725,60,615
2025-11-14 12:00:00,4132.725,4140.465,4107.595,4115.885,60,683
2025-11-14 13:00:00,4115.905,4118.835,4040.985,4055.535,60,984
2025-11-14 14:00:00,4055.265,4083.815,4031.955,4082.585,60,687
2025-11-14 15:00:00,4082.535,4096.425,4067.965,4093.405,60,620
2025-11-14 16:00:00,4093.515,4110.915,4080.735,4104.975,60,634
2025-11-14 17:00:00,4105.005,4110.445,4093.955,4099.715,60,557
2025-11-14 18:00:00,4099.695,4103.485,4080.645,4097.865,60,531
2025-11-14 19:00:00,4097.895,4099.825,4087.529,4089.785,60,513
2025-11-14 20:00:00,4089.855,4092.195,4075.345,4086.989,60,522
2025-11-14 21:00:00,4086.925,4086.925,4077.509,4082.019,60,621
2025-11-16 23:00:00,4084.898,4106.295,4070.395,4096.198,60,2605
2025-11-17 00:00:00,4096.248,4098.028,4080.435,4082.935,60,747
2025-11-17 01:00:00,4082.905,4101.605,4082.265,4090.915,60,752
2025-11-17 02:00:00,4090.785,4093.555,4080.465,4081.458,60,750
2025-11-17 03:00:00,4081.249,4085.405,4069.575,4082.655,60,756
2025-11-17 04:00:00,4082.635,4087.715,4076.645,4078.375,60,744
2025-11-17 05:00:00,4078.415,4078.515,4049.505,4058.105,60,655
2025-11-17 06:00:00,4058.135,4071.675,4054.515,4065.805,60,593
2025-11-17 07:00:00,4065.559,4088.985,4064.945,4087.895,60,577
2025-11-17 08:00:00,4088.095,4095.685,4071.885,4077.195,60,640
2025-11-17 09:00:00,4077.165,4088.515,4072.095,4081.915,60,524
2025-11-17 10:00:00,4081.925,4089.265,4068.105,4069.965,60,581
2025-11-17 11:00:00,4069.985,4085.695,4060.905,4078.255,60,572
2025-11-17 12:00:00,4078.245,4085.115,4074.465,4076.995,60,515
2025-11-17 13:00:00,4076.975,4092.065,4060.485,4065.155,60,718
2025-11-17 14:00:00,4065.175,4081.775,4060.435,4075.995,60,621
2025-11-17 15:00:00,4076.095,4077.325,4060.545,4064.075,60,614
2025-11-17 16:00:00,4063.945,4073.485,4051.985,4069.765,60,614
2025-11-17 17:00:00,4069.835,4080.895,4069.398,4073.098,60,617
2025-11-17 18:00:00,4073.135,4075.945,4062.105,4062.445,60,596
2025-11-17 19:00:00,4062.445,4064.965,4010.655,4011.015,60,678
2025-11-17 20:00:00,4010.985,4043.925,4006.735,4040.805,60,634
2025-11-17 21:00:00,4040.835,4045.898,4038.595,4044.505,60,654
2025-11-17 23:00:00,4042.498,4054.848,4028.585,4036.345,60,2241
2025-11-18 00:00:00,4036.435,4040.975,4027.045,4039.825,60,823
2025-11-18 01:00:00,4039.865,4044.935,4022.198,4024.825,60,772
2025-11-18 02:00:00,4024.339,4035.635,4015.085,4017.635,60,616
2025-11-18 03:00:00,4017.615,4026.255,4008.215,4013.075,60,642
2025-11-18 04:00:00,4013.095,4017.835,4004.419,4010.135,60,708
2025-11-18 05:00:00,4010.195,4024.985,4007.885,4018.705,60,603
2025-11-18 06:00:00,4018.785,4020.275,4007.415,4008.665,60,570
2025-11-18 07:00:00,4008.685,4017.295,3997.658,4013.565,60,542
2025-11-18 08:00:00,4013.585,4042.515,4010.225,4036.495,60,640
2025-11-18 09:00:00,4036.465,4046.995,4030.035,4040.015,60,555
2025-11-18 10:00:00,4040.005,4050.155,4037.185,4043.985,60,563
2025-11-18 11:00:00,4044.065,4050.185,4036.685,4039.295,60,526
2025-11-18 12:00:00,4039.315,4044.935,4028.905,4032.235,60,611
2025-11-18 13:00:00,4032.055,4070.165,4031.215,4065.025,60,622
2025-11-18 14:00:00,4065.115,4081.645,4057.955,4064.965,60,545
2025-11-18 15:00:00,4064.895,4072.175,4048.955,4052.765,60,1150
2025-11-18 16:00:00,4052.925,4068.985,4040.145,4066.635,60,571
2025-11-18 17:00:00,4066.625,4075.515,4059.125,4071.325,60,567
2025-11-18 18:00:00,4071.425,4074.565,4062.945,4072.375,60,521
2025-11-18 19:00:00,4072.355,4081.798,4072.355,4080.965,60,535
2025-11-18 20:00:00,4080.995,4082.275,4067.135,4069.395,60,515
2025-11-18 21:00:00,4069.425,4072.195,4064.735,4066.605,60,519
2025-11-18 23:00:00,4067.848,4077.725,4065.145,4076.635,60,1782
2025-11-19 00:00:00,4076.595,4078.105,4067.325,4069.135,60,639
2025-11-19 01:00:00,4069.165,4070.125,4056.155,4058.898,60,669
2025-11-19 02:00:00,4058.859,4080.445,4055.248,4075.445,60,622
2025-11-19 03:00:00,4075.375,4078.465,4065.895,4066.735,60,593
2025-11-19 04:00:00,4066.755,4076.785,4064.335,4074.985,60,598
2025-11-19 05:00:00,4075.025,4097.315,4074.045,4095.325,60,695
2025-11-19 06:00:00,4095.315,4098.415,4088.865,4090.795,60,588
2025-11-19 07:00:00,4090.795,4096.668,4084.625,4086.745,60,529
2025-11-19 08:00:00,4086.735,4088.615,4078.125,4083.215,60,520
2025-11-19 09:00:00,4083.065,4116.125,4080.945,4113.125,60,544
2025-11-19 10:00:00,4113.215,4118.905,4106.865,4108.845,60,626
2025-11-19 11:00:00,4108.805,4117.425,4106.245,4112.735,60,536
2025-11-19 12:00:00,4112.715,4119.635,4111.995,4114.355,60,602
2025-11-19 13:00:00,4114.395,4117.585,4100.615,4110.495,60,692
2025-11-19 14:00:00,4110.535,4128.755,4101.785,4127.605,60,527
2025-11-19 15:00:00,4127.585,4132.675,4089.855,4096.515,60,691
2025-11-19 16:00:00,4096.455,4098.365,4067.715,4074.455,60,591
2025-11-19 17:00:00,4074.465,4080.975,4055.385,4078.615,60,572
2025-11-19 18:00:00,4078.725,4091.165,4075.565,4086.785,60,554
2025-11-19 19:00:00,4086.775,4086.825,4069.045,4073.475,60,977
2025-11-19 20:00:00,4073.505,4081.955,4072.095,4076.145,60,515
2025-11-19 21:00:00,4076.115,4084.555,4065.425,4075.845,60,538
2025-11-19 23:00:00,4077.265,4107.825,4076.385,4104.165,60,1706
2025-11-20 00:00:00,4104.265,4109.805,4100.175,4102.865,60,705
2025-11-20 01:00:00,4102.825,4108.945,4080.925,4081.235,60,618
2025-11-20 02:00:00,4081.085,4081.415,4039.998,4066.715,60,783
2025-11-20 03:00:00,4066.665,4085.365,4064.615,4072.075,60,629
2025-11-20 04:00:00,4072.105,4080.275,4068.115,4075.295,60,720
2025-11-20 05:00:00,4075.305,4075.695,4064.185,4066.505,60,701
2025-11-20 06:00:00,4066.465,4077.545,4058.285,4068.155,60,616
2025-11-20 07:00:00,4068.095,4076.385,4054.025,4059.655,60,640
2025-11-20 08:00:00,4059.535,4069.225,4038.605,4063.275,60,624
2025-11-20 09:00:00,4063.255,4072.495,4055.405,4063.865,60,625
2025-11-20 10:00:00,4063.895,4067.965,4057.935,4059.555,60,691
2025-11-20 11:00:00,4059.545,4068.265,4050.755,4060.515,60,696
2025-11-20 12:00:00,4060.385,4081.735,4059.855,4081.525,60,692
2025-11-20 13:00:00,4081.565,4096.065,4066.218,4080.095,60,939
2025-11-20 14:00:00,4079.915,4107.055,4071.905,4092.675,60,761
2025-11-20 15:00:00,4092.675,4098.475,4069.898,4070.028,60,855
2025-11-20 16:00:00,4069.965,4082.295,4044.485,4048.895,60,696
2025-11-20 17:00:00,4048.765,4068.225,4043.348,4065.945,60,695
2025-11-20 18:00:00,4065.895,4072.315,4055.935,4060.285,60,697
2025-11-20 19:00:00,4060.265,4086.965,4058.699,4084.398,60,693
2025-11-20 20:00:00,4084.375,4084.848,4073.155,4077.105,60,665
2025-11-20 21:00:00,4077.105,4080.835,4074.095,4076.515,60,681
2025-11-20 23:00:00,4074.498,4088.645,4072.325,4078.675,60,2375
2025-11-21 00:00:00,4078.665,4081.015,4071.315,4073.605,60,983
2025-11-21 01:00:00,4073.625,4074.375,4060.265,4068.325,60,589
2025-11-21 02:00:00,4068.325,4079.805,4056.225,4056.945,60,636
2025-11-21 03:00:00,4056.955,4059.195,4049.065,4055.885,60,756
2025-11-21 04:00:00,4055.895,4062.155,4047.358,4052.005,60,753
2025-11-21 05:00:00,4052.005,4059.545,4039.635,4058.265,60,728
2025-11-21 06:00:00,4058.305,4064.645,4028.965,4032.435,60,868
2025-11-21 07:00:00,4032.329,4039.525,4024.538,4031.325,60,751
2025-11-21 08:00:00,4031.365,4047.785,4022.075,4040.835,60,752
2025-11-21 09:00:00,4040.805,4063.145,4039.905,4050.245,60,750
2025-11-21 10:00:00,4050.215,4052.425,4032.055,4036.795,60,757
2025-11-21 11:00:00,4036.775,4046.615,4030.805,4036.325,60,753
2025-11-21 12:00:00,4036.275,4071.548,4034.485,4065.595,60,743
2025-11-21 13:00:00,4065.645,4081.035,4058.889,4079.385,60,727
2025-11-21 14:00:00,4079.365,4083.645,4061.315,4071.025,60,747
2025-11-21 15:00:00,4070.698,4076.505,4054.878,4069.365,60,836
2025-11-21 16:00:00,4069.289,4100.425,4062.705,4099.675,60,613
2025-11-21 17:00:00,4099.619,4100.839,4078.795,4085.335,60,608
2025-11-21 18:00:00,4085.269,4087.969,4076.205,4082.609,60,601
2025-11-21 19:00:00,4082.609,4091.889,4082.345,4087.359,60,604
2025-11-21 20:00:00,4087.365,4088.495,4054.955,4067.098,60,635
2025-11-21 21:00:00,4067.098,4068.898,4054.385,4064.279,60,999
2025-11-23 23:00:00,4070.098,4077.285,4064.745,4074.905,60,3007
2025-11-24 00:00:00,4074.895,4075.855,4057.935,4067.198,60,649
2025-11-24 01:00:00,4067.258,4073.038,4042.385,4043.845,60,753
2025-11-24 02:00:00,4043.805,4051.385,4040.375,4043.345,60,753
2025-11-24 03:00:00,4043.325,4057.965,4043.325,4050.115,60,615
2025-11-24 04:00:00,4050.075,4061.095,4041.935,4043.885,60,749
2025-11-24 05:00:00,4043.925,4049.285,4039.945,4046.205,60,745
2025-11-24 06:00:00,4046.175,4057.755,4045.305,4053.045,60,873
2025-11-24 07:00:00,4053.055,4067.365,4051.185,4059.875,60,806
2025-11-24 08:00:00,4059.825,4066.775,4059.425,4063.175,60,604
2025-11-24 09:00:00,4063.135,4074.065,4062.845,4071.695,60,560
2025-11-24 10:00:00,4071.715,4077.015,4062.935,4063.595,60,749
2025-11-24 11:00:00,4063.555,4071.435,4062.885,4069.735,60,730
2025-11-24 12:00:00,4069.715,4083.785,4065.325,4080.085,60,741
2025-11-24 13:00:00,4080.115,4085.575,4073.335,4077.525,60,752
2025-11-24 14:00:00,4077.545,4085.968,4068.075,4081.125,60,754
2025-11-24 15:00:00,4081.235,4093.575,4080.985,4091.538,60,732
2025-11-24 16:00:00,4091.475,4098.675,4089.398,4096.965,60,729
2025-11-24 17:00:00,4096.975,4100.175,4088.548,4092.705,60,706
2025-11-24 18:00:00,4092.705,4125.555,4087.685,4120.205,60,703
2025-11-24 19:00:00,4120.265,4123.895,4113.725,4118.245,60,682
2025-11-24 20:00:00,4118.189,4133.405,4117.725,4132.315,60,738
2025-11-24 21:00:00,4132.248,4139.635,4129.745,4134.719,60,740
2025-11-24 23:00:00,4131.378,4144.148,4124.765,4143.498,60,3235
2025-11-25 00:00:00,4143.298,4144.198,4127.165,4129.285,60,752
2025-11-25 01:00:00,4129.465,4138.955,4122.265,4134.505,60,734
2025-11-25 02:00:00,4134.475,4155.585,4132.525,4150.358,60,749
2025-11-25 03:00:00,4150.368,4150.458,4139.215,4142.895,60,721
2025-11-25 04:00:00,4142.895,4148.045,4139.215,4140.445,60,750
2025-11-25 05:00:00,4140.498,4151.725,4140.498,4150.765,60,741
2025-11-25 06:00:00,4150.705,4151.815,4138.365,4141.235,60,733
2025-11-25 07:00:00,4141.185,4145.655,4129.785,4132.168,60,750
2025-11-25 08:00:00,4132.185,4139.138,4109.415,4115.709,60,713
2025-11-25 09:00:00,4115.795,4131.185,4113.765,4128.225,60,584
2025-11-25 10:00:00,4128.245,4138.585,4127.195,4131.115,60,576
2025-11-25 11:00:00,4131.095,4137.185,4127.625,4133.275,60,572
2025-11-25 12:00:00,4133.265,4138.585,4115.935,4129.625,60,527
2025-11-25 13:00:00,4129.685,4150.548,4129.215,4147.369,60,899
2025-11-25 14:00:00,4147.348,4148.338,4110.685,4125.055,60,742
2025-11-25 15:00:00,4125.055,4133.645,4117.645,4123.078,60,886
2025-11-25 16:00:00,4123.078,4141.058,4121.858,4136.145,60,729
2025-11-25 17:00:00,4136.145,4159.045,4135.805,4145.935,60,750
2025-11-25 18:00:00,4145.945,4150.665,4132.345,4133.975,60,743
2025-11-25 19:00:00,4133.945,4140.025,4128.298,4133.505,60,742
2025-11-25 20:00:00,4133.535,4138.129,4130.385,4132.005,60,736
2025-11-25 21:00:00,4132.059,4132.245,4127.678,4130.505,60,734
2025-11-25 23:00:00,4131.098,4136.715,4129.575,4133.505,60,2209
2025-11-26 00:00:00,4133.525,4144.105,4132.445,4142.555,60,751
2025-11-26 01:00:00,4142.675,4152.585,4138.315,4148.135,60,766
2025-11-26 02:00:00,4148.105,4166.375,4147.075,4161.435,60,752
2025-11-26 03:00:00,4161.745,4169.255,4159.945,4165.765,60,744
2025-11-26 04:00:00,4165.745,4166.775,4156.255,4161.665,60,743
2025-11-26 05:00:00,4161.685,4168.425,4159.995,4162.055,60,732
2025-11-26 06:00:00,4161.965,4162.505,4146.435,4149.815,60,750
2025-11-26 07:00:00,4149.825,4161.355,4148.945,4157.205,60,744
2025-11-26 08:00:00,4157.225,4168.215,4154.475,4160.775,60,749
2025-11-26 09:00:00,4160.715,4164.265,4156.175,4162.485,60,750
2025-11-26 10:00:00,4162.505,4164.845,4155.735,4159.775,60,744
2025-11-26 11:00:00,4159.848,4172.848,4157.475,4171.305,60,750
2025-11-26 12:00:00,4171.275,4173.145,4148.605,4154.955,60,758
2025-11-26 13:00:00,4154.985,4166.375,4148.795,4153.148,60,825
2025-11-26 14:00:00,4153.148,4156.665,4140.0,4141.825,60,738
2025-11-26 15:00:00,4141.825,4165.485,4135.675,4165.115,60,611
2025-11-26 16:00:00,4165.235,4168.385,4160.455,4166.915,60,609
2025-11-26 17:00:00,4166.945,4169.675,4164.865,4167.065,60,610
2025-11-26 18:00:00,4167.085,4171.485,4157.855,4164.555,60,603
2025-11-26 19:00:00,4164.525,4169.545,4162.285,4163.085,60,614
2025-11-26 20:00:00,4163.065,4167.285,4161.165,4163.795,60,610
2025-11-26 21:00:00,4163.795,4167.365,4161.985,4162.565,60,585
2025-11-26 23:00:00,4164.165,4168.405,4161.825,4164.248,60,3157
2025-11-27 00:00:00,4163.825,4166.798,4161.458,4164.285,60,866
2025-11-27 01:00:00,4164.265,4165.105,4148.485,4154.065,60,614
2025-11-27 02:00:00,4154.095,4156.005,4144.315,4145.265,60,612
2025-11-27 03:00:00,4145.235,4150.425,4143.945,4147.205,60,619
2025-11-27 04:00:00,4147.175,4154.485,4142.425,4150.665,60,630
2025-11-27 05:00:00,4150.655,4154.535,4144.425,4146.798,60,605
2025-11-27 06:00:00,4146.725,4158.995,4146.725,4157.305,60,588
2025-11-27 07:00:00,4157.305,4162.235,4155.295,4159.828,60,610
2025-11-27 08:00:00,4159.905,4166.825,4159.305,4165.555,60,685
2025-11-27 09:00:00,4165.555,4165.625,4148.165,4158.305,60,529
2025-11-27 10:00:00,4158.315,4160.335,4152.185,4156.225,60,599
2025-11-27 11:00:00,4156.205,4162.235,4155.675,4157.115,60,613
2025-11-27 12:00:00,4157.125,4159.005,4153.315,4153.885,60,614
2025-11-27 13:00:00,4153.655,4157.875,4148.895,4154.705,60,616
2025-11-27 14:00:00,4154.735,4160.505,4152.685,4153.065,60,616
2025-11-27 15:00:00,4153.085,4161.575,4152.745,4157.825,60,611
2025-11-27 16:00:00,4157.805,4158.145,4151.235,4156.095,60,614
2025-11-27 17:00:00,4156.115,4158.965,4154.465,4157.675,60,623
2025-11-27 18:00:00,4157.665,4159.655,4155.545,4158.965,60,620
2025-11-27 19:00:00,4158.955,4160.115,4157.448,4157.448,29,1051
2025-11-27 23:00:00,4156.825,4163.565,4156.355,4163.025,60,1937
2025-11-28 00:00:00,4163.025,4183.305,4162.625,4180.425,60,641
2025-11-28 01:00:00,4180.405,4193.015,4180.345,4190.955,60,679
2025-11-28 02:00:00,4190.895,4191.778,4185.755,4188.635,60,610
2025-11-28 03:00:00,4188.635,4191.655,4181.915,4183.635,59,1112
2025-11-28 04:00:00,4183.555,4188.585,4176.858,4188.435,60,1986
2025-11-28 05:00:00,4188.215,4188.515,4174.979,4181.825,60,1401
2025-11-28 06:00:00,4181.535,4188.495,4180.165,4186.895,60,1384
2025-11-28 07:00:00,4186.925,4187.355,4170.74,4174.295,60,1070
2025-11-28 08:00:00,4174.295,4174.745,4150.075,4167.985,46,7216
2025-11-28 09:00:00,4167.979,4167.979,4155.225,4165.319,60,8380
2025-11-28 10:00:00,4165.409,4177.379,4159.078,4162.569,60,2951
2025-11-28 11:00:00,4162.569,4179.455,4161.719,4170.918,60,2512
2025-11-28 12:00:00,4170.918,4177.458,4166.935,4175.935,60,2455
2025-11-28 13:00:00,4175.935,4182.715,4168.038,4182.385,60,1732
2025-11-28 14:00:00,4182.385,4208.635,4182.385,4197.775,60,698
2025-11-28 15:00:00,4197.765,4203.895,4185.415,4203.645,60,787
2025-11-28 16:00:00,4203.565,4210.655,4197.595,4206.085,60,578
2025-11-28 17:00:00,4206.095,4216.785,4204.165,4216.695,60,547
2025-11-28 18:00:00,4216.785,4226.735,4210.755,4220.205,60,615
2025-11-28 19:00:00,4220.185,4221.725,4216.055,4218.959,44,668
2025-11-30 23:00:00,4222.298,4230.349,4204.348,4221.805,60,2801
2025-12-01 00:00:00,4221.655,4233.375,4218.055,4230.525,60,621
2025-12-01 01:00:00,4230.495,4256.055,4219.565,4255.255,60,737
2025-12-01 02:00:00,4255.235,4256.245,4233.915,4242.475,60,724
2025-12-01 03:00:00,4242.475,4243.655,4232.325,4239.055,60,723
2025-12-01 04:00:00,4239.075,4246.665,4236.155,4245.355,60,706
2025-12-01 05:00:00,4245.395,4246.375,4215.275,4229.315,60,758
2025-12-01 06:00:00,4229.295,4240.235,4225.885,4236.725,60,745
2025-12-01 07:00:00,4237.045,4246.368,4231.628,4244.998,56,754
2025-12-01 08:00:00,4244.998,4253.325,4237.958,4244.375,60,719
2025-12-01 09:00:00,4244.395,4251.465,4243.415,4249.755,60,744
2025-12-01 10:00:00,4249.785,4262.025,4248.888,4255.265,60,747
2025-12-01 11:00:00,4255.395,4258.215,4247.945,4254.355,60,727
2025-12-01 12:00:00,4254.335,4256.445,4243.975,4246.345,60,630
2025-12-01 13:00:00,4246.375,4264.385,4245.445,4247.175,60,571
2025-12-01 14:00:00,4247.225,4249.095,4219.345,4239.355,60,573
2025-12-01 15:00:00,4239.355,4244.599,4219.425,4232.225,60,914
2025-12-01 16:00:00,4232.255,4242.345,4225.005,4226.005,60,590
2025-12-01 17:00:00,4226.125,4239.858,4222.835,4232.025,60,615
2025-12-01 18:00:00,4232.065,4244.485,4232.065,4240.075,60,596
2025-12-01 19:00:00,4240.115,4243.648,4229.089,4236.745,60,599
2025-12-01 20:00:00,4236.675,4241.225,4234.225,4237.195,60,565
2025-12-01 21:00:00,4237.055,4240.225,4229.995,4231.255,60,625
2025-12-01 23:00:00,4231.198,4235.855,4224.235,4227.248,60,1744
2025-12-02 00:00:00,4227.348,4229.475,4221.365,4226.525,60,745
2025-12-02 01:00:00,4226.415,4226.875,4197.895,4219.315,60,757
2025-12-02 02:00:00,4219.285,4224.355,4214.175,4221.405,60,660
2025-12-02 03:00:00,4221.385,4226.168,4215.435,4216.515,60,648
2025-12-02 04:00:00,4216.545,4220.425,4213.425,4218.515,60,622
2025-12-02 05:00:00,4218.475,4225.325,4214.865,4224.715,60,612
2025-12-02 06:00:00,4224.718,4226.105,4202.985,4212.575,60,664
2025-12-02 07:00:00,4212.595,4219.195,4209.455,4213.165,60,597
2025-12-02 08:00:00,4213.195,4216.955,4206.875,4209.985,60,587
2025-12-02 09:00:00,4209.935,4212.975,4180.895,4191.785,60,571
2025-12-02 10:00:00,4191.685,4192.215,4182.045,4185.525,60,627
2025-12-02 11:00:00,4185.495,4205.735,4184.735,4205.285,60,656
2025-12-02 12:00:00,4205.255,4209.395,4200.815,4208.455,60,619
2025-12-02 13:00:00,4208.715,4215.025,4201.915,4212.285,60,584
2025-12-02 14:00:00,4212.245,4230.365,4212.125,4218.735,60,578
2025-12-02 15:00:00,4218.635,4219.415,4163.458,4169.255,60,621
2025-12-02 16:00:00,4169.375,4190.035,4166.545,4184.655,60,645
2025-12-02 17:00:00,4184.745,4196.665,4184.465,4193.685,60,604
2025-12-02 18:00:00,4193.575,4196.695,4182.985,4190.615,60,588
2025-12-02 19:00:00,4190.645,4200.048,4190.645,4196.135,60,564
2025-12-02 20:00:00,4196.165,4212.215,4194.555,4209.895,60,721
2025-12-02 21:00:00,4209.885,4211.575,4204.998,4205.695,60,540
2025-12-02 23:00:00,4206.998,4215.825,4202.098,4212.435,60,2048
2025-12-03 00:00:00,4212.405,4212.605,4204.325,4211.665,60,622
2025-12-03 01:00:00,4211.408,4220.925,4211.408,4214.215,60,667
2025-12-03 02:00:00,4214.185,4228.765,4214.025,4226.435,60,661
2025-12-03 03:00:00,4226.415,4227.315,4219.825,4220.935,60,601
2025-12-03 04:00:00,4220.875,4225.185,4217.075,4222.155,60,641
2025-12-03 05:00:00,4222.085,4223.735,4203.155,4207.448,60,662
2025-12-03 06:00:00,4207.448,4211.655,4204.495,4207.905,60,661
2025-12-03 07:00:00,4207.975,4210.125,4200.065,4206.085,60,578
2025-12-03 08:00:00,4206.515,4210.008,4203.575,4206.245,60,556
2025-12-03 09:00:00,4206.175,4207.375,4196.935,4201.945,60,545
2025-12-03 10:00:00,4201.855,4204.695,4194.405,4200.415,60,588
2025-12-03 11:00:00,4200.445,4208.965,4196.865,4208.465,60,556
2025-12-03 12:00:00,4208.505,4214.135,4204.875,4213.305,60,577
2025-12-03 13:00:00,4213.365,4238.245,4210.758,4237.055,60,620
2025-12-03 14:00:00,4237.025,4241.235,4204.835,4211.855,60,614
2025-12-03 15:00:00,4209.815,4229.225,4205.795,4216.145,60,994
2025-12-03 16:00:00,4216.105,4224.985,4195.585,4200.615,60,627
2025-12-03 17:00:00,4200.615,4215.195,4200.075,4210.795,60,569
2025-12-03 18:00:00,4210.835,4211.295,4194.945,4196.745,60,583
2025-12-03 19:00:00,4196.935,4209.798,4196.705,4207.625,60,592
2025-12-03 20:00:00,4207.635,4212.565,4203.288,4205.945,60,609
2025-12-03 21:00:00,4206.025,4209.865,4201.915,4202.415,60,606
2025-12-03 23:00:00,4202.898,4208.739,4202.445,4206.985,60,1910
2025-12-04 00:00:00,4206.955,4215.645,4204.345,4211.475,60,763
2025-12-04 01:00:00,4211.445,4216.715,4205.585,4208.945,60,637
2025-12-04 02:00:00,4209.025,4209.025,4198.755,4200.365,60,617
2025-12-04 03:00:00,4200.395,4201.295,4187.125,4195.565,60,636
2025-12-04 04:00:00,4195.505,4198.885,4192.545,4196.745,60,617
2025-12-04 05:00:00,4196.705,4198.835,4175.005,4180.855,60,642
2025-12-04 06:00:00,4180.885,4190.135,4178.455,4189.975,60,632
2025-12-04 07:00:00,4190.015,4194.905,4186.335,4193.595,60,577
2025-12-04 08:00:00,4193.585,4196.198,4184.565,4184.565,60,596
2025-12-04 09:00:00,4184.755,4202.025,4183.315,4199.715,60,565
2025-12-04 10:00:00,4199.735,4202.535,4196.405,4197.125,60,590
2025-12-04 11:00:00,4197.165,4206.335,4196.919,4198.305,60,565
2025-12-04 12:00:00,4198.199,4201.605,4188.505,4190.245,60,594
2025-12-04 13:00:00,4190.145,4198.245,4185.155,4198.095,60,627
2025-12-04 14:00:00,4198.045,4213.275,4193.285,4201.025,60,562
2025-12-04 15:00:00,4201.025,4210.025,4191.215,4207.148,60,643
2025-12-04 16:00:00,4207.235,4219.255,4206.315,4215.465,60,566
2025-12-04 17:00:00,4215.575,4217.425,4208.655,4216.405,60,545
2025-12-04 18:00:00,4216.355,4217.395,4207.175,4207.755,60,549
2025-12-04 19:00:00,4207.835,4209.915,4199.435,4208.775,60,523
2025-12-04 20:00:00,4208.635,4210.148,4205.245,4209.685,60,529
2025-12-04 21:00:00,4209.675,4210.095,4206.905,4207.415,60,627
2025-12-04 23:00:00,4206.898,4209.598,4203.655,4205.915,60,1844
2025-12-05 00:00:00,4205.975,4210.255,4200.918,4201.485,60,683
2025-12-05 01:00:00,4201.415,4204.225,4194.465,4202.785,60,682
2025-12-05 02:00:00,4202.815,4208.375,4196.478,4206.998,60,655
2025-12-05 03:00:00,4206.998,4210.518,4201.445,4209.345,60,660
2025-12-05 04:00:00,4209.325,4217.255,4207.815,4216.565,60,619
2025-12-05 05:00:00,4216.565,4221.195,4214.135,4220.345,60,673
2025-12-05 06:00:00,4220.325,4229.005,4218.385,4224.365,60,662
2025-12-05 07:00:00,4224.405,4230.485,4222.285,4224.245,60,636
2025-12-05 08:00:00,4224.245,4226.985,4220.345,4220.385,60,578
2025-12-05 09:00:00,4220.218,4224.935,4215.735,4223.175,60,555
2025-12-05 10:00:00,4223.195,4227.305,4222.255,4222.758,60,571
2025-12-05 11:00:00,4222.758,4225.555,4219.835,4223.525,60,556
2025-12-05 12:00:00,4223.525,4229.585,4222.635,4228.545,60,570
2025-12-05 13:00:00,4228.575,4238.705,4221.285,4234.365,60,561
2025-12-05 14:00:00,4234.345,4245.198,4228.045,4241.495,60,555
2025-12-05 15:00:00,4241.485,4259.105,4233.945,4243.465,60,864
2025-12-05 16:00:00,4243.615,4245.525,4198.215,4213.785,60,626
2025-12-05 17:00:00,4213.915,4219.395,4206.295,4217.365,60,540
2025-12-05 18:00:00,4217.335,4219.105,4206.465,4208.705,60,558
2025-12-05 19:00:00,4208.655,4210.705,4202.195,4207.365,60,616
2025-12-05 20:00:00,4207.535,4207.535,4198.995,4201.935,60,527
2025-12-05 21:00:00,4201.955,4202.315,4191.815,4197.405,60,522
2025-12-07 23:00:00,4199.615,4202.495,4193.385,4200.665,28,5841
2025-12-08 00:00:00,4201.245,4211.605,4199.265,4210.505,60,870
2025-12-08 01:00:00,4210.525,4211.598,4197.225,4200.895,60,649
2025-12-08 02:00:00,4200.915,4212.325,4198.285,4208.195,60,669
2025-12-08 03:00:00,4208.225,4212.915,4206.635,4209.915,60,614
2025-12-08 04:00:00,4209.875,4213.045,4206.785,4208.385,60,624
2025-12-08 05:00:00,4208.355,4217.025,4204.435,4217.005,60,622
2025-12-08 06:00:00,4216.985,4218.755,4211.925,4216.805,60,650
2025-12-08 07:00:00,4216.835,4217.255,4206.075,4206.595,60,564
2025-12-08 08:00:00,4206.565,4216.405,4202.895,4209.595,60,569
2025-12-08 09:00:00,4209.385,4212.705,4204.035,4207.648,60,581
2025-12-08 10:00:00,4207.615,4210.255,4200.885,4203.395,60,645
2025-12-08 11:00:00,4203.355,4214.075,4199.418,4208.395,60,578
2025-12-08 12:00:00,4208.375,4215.275,4208.248,4213.575,60,569
2025-12-08 13:00:00,4213.565,4214.465,4197.525,4201.495,60,599
2025-12-08 14:00:00,4201.575,4211.605,4195.398,4196.305,60,593
2025-12-08 15:00:00,4196.278,4196.515,4175.998,4182.665,60,605
2025-12-08 16:00:00,4182.625,4197.655,4176.665,4191.395,60,556
2025-12-08 17:00:00,4191.375,4195.455,4185.395,4194.755,60,540
2025-12-08 18:00:00,4194.795,4195.505,4184.255,4187.035,60,528
2025-12-08 19:00:00,4187.105,4188.665,4184.035,4186.865,60,560
2025-12-08 20:00:00,4186.795,4195.355,4184.705,4191.415,60,522
2025-12-08 21:00:00,4191.425,4193.075,4188.165,4189.885,60,532
2025-12-08 23:00:00,4189.298,4195.065,4188.535,4194.535,60,1793
2025-12-09 00:00:00,4194.435,4195.515,4189.715,4190.255,60,665
2025-12-09 01:00:00,4190.205,4197.115,4188.545,4196.015,60,668
2025-12-09 02:00:00,4195.995,4196.955,4185.785,4189.665,60,642
2025-12-09 03:00:00,4189.705,4198.568,4189.705,4194.405,60,649
2025-12-09 04:00:00,4194.295,4195.435,4184.275,4186.575,60,615
2025-12-09 05:00:00,4186.555,4187.055,4177.805,4179.415,60,664
2025-12-09 06:00:00,4179.465,4183.825,4169.845,4181.755,60,660
2025-12-09 07:00:00,4181.825,4185.665,4175.615,4182.135,60,586
2025-12-09 08:00:00,4182.185,4191.725,4182.185,4191.355,60,617
2025-12-09 09:00:00,4191.398,4212.645,4190.498,4202.635,60,611
2025-12-09 10:00:00,4202.925,4208.165,4201.095,4203.825,60,564
2025-12-09 11:00:00,4203.795,4206.325,4200.965,4202.885,60,585
2025-12-09 12:00:00,4202.955,4207.355,4198.325,4203.948,60,616
2025-12-09 13:00:00,4204.025,4207.975,4195.445,4201.175,60,585
2025-12-09 14:00:00,4201.385,4210.195,4189.229,4204.485,60,565
2025-12-09 15:00:00,4204.465,4216.105,4189.805,4212.288,60,806
2025-12-09 16:00:00,4212.278,4221.345,4209.798,4212.105,60,606
2025-12-09 17:00:00,4212.125,4216.045,4201.475,4202.835,60,526
2025-12-09 18:00:00,4202.805,4209.665,4201.085,4208.895,60,536
2025-12-09 19:00:00,4208.655,4214.255,4206.975,4212.405,60,550
2025-12-09 20:00:00,4212.375,4215.805,4208.708,4211.925,60,567
2025-12-09 21:00:00,4211.985,4212.795,4206.915,4207.075,60,511
2025-12-09 23:00:00,4207.235,4212.798,4204.895,4210.448,60,2341
2025-12-10 00:00:00,4210.448,4212.365,4206.698,4207.985,60,693
2025-12-10 01:00:00,4207.999,4217.855,4206.648,4213.535,60,665
2025-12-10 02:00:00,4213.529,4218.615,4211.375,4216.835,60,655
2025-12-10 03:00:00,4216.815,4216.985,4203.365,4206.095,60,631
2025-12-10 04:00:00,4206.025,4209.505,4205.218,4206.825,60,605
2025-12-10 05:00:00,4206.748,4214.225,4201.525,4211.185,60,604
2025-12-10 06:00:00,4211.145,4211.505,4202.765,4207.085,60,633
2025-12-10 07:00:00,4207.095,4208.995,4202.985,4203.145,60,574
2025-12-10 08:00:00,4203.115,4206.435,4196.805,4197.715,60,553
2025-12-10 09:00:00,4197.655,4200.285,4192.445,4194.145,60,559
2025-12-10 10:00:00,4194.115,4196.305,4187.525,4192.995,60,582
2025-12-10 11:00:00,4193.085,4197.565,4192.415,4197.135,60,541
2025-12-10 12:00:00,4197.115,4202.095,4195.085,4196.265,60,555
2025-12-10 13:00:00,4196.215,4204.945,4192.855,4200.465,60,616
2025-12-10 14:00:00,4200.445,4206.825,4191.095,4192.285,60,566
2025-12-10 15:00:00,4192.315,4201.005,4188.645,4193.475,60,565
2025-12-10 16:00:00,4193.575,4204.915,4192.685,4204.645,60,576
2025-12-10 17:00:00,4204.645,4204.645,4196.698,4199.585,60,520
2025-12-10 18:00:00,4199.615,4200.555,4191.835,4193.398,60,524
2025-12-10 19:00:00,4193.408,4219.545,4181.565,4216.365,60,1407
2025-12-10 20:00:00,4216.335,4238.445,4210.935,4229.348,60,613
2025-12-10 21:00:00,4229.205,4232.065,4221.075,4227.645,60,652
2025-12-10 23:00:00,4228.448,4233.945,4223.835,4232.225,60,1627
2025-12-11 00:00:00,4232.235,4244.965,4231.205,4237.025,60,737
2025-12-11 01:00:00,4237.005,4247.465,4232.795,4238.055,60,669
2025-12-11 02:00:00,4238.035,4240.555,4220.225,4222.015,60,627
2025-12-11 03:00:00,4221.975,4224.705,4209.095,4216.535,60,637
2025-12-11 04:00:00,4216.469,4218.185,4208.235,4213.285,60,666
2025-12-11 05:00:00,4213.265,4216.045,4205.848,4207.115,60,603
2025-12-11 06:00:00,4207.155,4215.245,4203.905,4214.285,60,613
2025-12-11 07:00:00,4214.315,4218.495,4210.355,4215.845,60,583
2025-12-11 08:00:00,4215.865,4219.395,4212.635,4216.415,60,574
2025-12-11 09:00:00,4216.395,4221.285,4210.195,4218.195,60,633
2025-12-11 10:00:00,4218.225,4225.775,4211.545,4216.805,60,577
2025-12-11 11:00:00,4216.825,4218.935,4209.445,4210.995,60,589
2025-12-11 12:00:00,4211.015,4220.295,4208.525,4220.235,60,549
2025-12-11 13:00:00,4220.275,4223.235,4205.035,4220.775,60,669
2025-12-11 14:00:00,4220.885,4244.335,4217.685,4229.995,60,588
2025-12-11 15:00:00,4229.965,4261.215,4225.975,4255.785,60,624
2025-12-11 16:00:00,4255.825,4278.748,4249.855,4273.355,60,646
2025-12-11 17:00:00,4273.375,4281.498,4272.005,4278.485,60,608
2025-12-11 18:00:00,4278.465,4285.705,4266.515,4267.975,60,554
2025-12-11 19:00:00,4267.715,4277.495,4262.305,4273.315,60,568
2025-12-11 20:00:00,4273.285,4276.298,4263.995,4275.948,60,642
2025-12-11 21:00:00,4276.098,4283.548,4272.475,4279.395,60,593
2025-12-11 23:00:00,4278.898,4283.245,4271.935,4275.905,60,1325
2025-12-12 00:00:00,4275.905,4279.948,4268.745,4269.245,60,782
2025-12-12 01:00:00,4269.265,4275.925,4264.148,4270.755,60,713
2025-12-12 02:00:00,4270.705,4276.715,4269.045,4270.185,60,742
2025-12-12 03:00:00,4270.155,4274.415,4268.595,4270.425,60,666
2025-12-12 04:00:00,4270.405,4270.745,4266.055,4266.085,60,676
2025-12-12 05:00:00,4266.135,4280.425,4265.805,4278.608,60,640
2025-12-12 06:00:00,4278.608,4283.015,4276.198,4282.645,60,651
2025-12-12 07:00:00,4282.675,4290.245,4281.135,4286.975,60,592
2025-12-12 08:00:00,4286.895,4309.238,4286.895,4307.948,60,611
2025-12-12 09:00:00,4307.998,4320.278,4306.648,4318.038,60,619
2025-12-12 10:00:00,4318.078,4330.825,4314.565,4329.655,60,709
2025-12-12 11:00:00,4329.645,4339.075,4326.775,4336.165,60,714
2025-12-12 12:00:00,4336.135,4339.045,4324.485,4325.505,60,655
2025-12-12 13:00:00,4325.873,4345.935,4321.165,4340.825,60,650
2025-12-12 14:00:00,4340.835,4353.325,4330.785,4346.589,60,586
2025-12-12 15:00:00,4346.589,4351.215,4282.895,4290.075,60,741
2025-12-12 16:00:00,4290.055,4296.285,4256.845,4281.565,60,747
2025-12-12 17:00:00,4281.785,4298.225,4270.705,4294.075,60,606
2025-12-12 18:00:00,4294.105,4303.555,4290.385,4294.735,60,570
2025-12-12 19:00:00,4295.005,4299.545,4289.648,4296.385,60,525
2025-12-12 20:00:00,4296.365,4302.765,4288.475,4299.105,60,630
2025-12-12 21:00:00,4299.135,4303.935,4297.47,4298.705,60,707
2025-12-14 23:00:00,4299.298,4308.195,4293.798,4301.975,60,2491
2025-12-15 00:00:00,4302.155,4307.665,4299.945,4307.198,60,784
2025-12-15 01:00:00,4307.198,4325.555,4305.275,4322.315,60,792
2025-12-15 02:00:00,4322.125,4329.025,4320.478,4326.055,60,618
2025-12-15 03:00:00,4326.105,4329.415,4319.065,4327.005,60,630
2025-12-15 04:00:00,4326.955,4329.835,4322.915,4325.885,60,618
2025-12-15 05:00:00,4325.945,4344.155,4324.545,4343.335,60,617
2025-12-15 06:00:00,4343.315,4347.185,4339.128,4343.315,60,703
2025-12-15 07:00:00,4343.315,4344.445,4333.258,4338.985,60,655
2025-12-15 08:00:00,4338.975,4348.815,4338.465,4346.785,60,688
2025-12-15 09:00:00,4346.615,4349.995,4342.145,4342.305,60,749
2025-12-15 10:00:00,4342.345,4347.925,4337.505,4339.279,60,605
2025-12-15 11:00:00,4339.279,4343.415,4335.008,4342.575,60,727
2025-12-15 12:00:00,4342.555,4348.195,4342.338,4345.545,60,553
2025-12-15 13:00:00,4345.515,4345.985,4330.398,4331.785,60,626
2025-12-15 14:00:00,4331.815,4336.555,4317.175,4323.405,60,626
2025-12-15 15:00:00,4323.385,4327.625,4311.315,4318.035,60,879
2025-12-15 16:00:00,4318.005,4318.695,4285.055,4297.405,60,604
2025-12-15 17:00:00,4297.375,4306.405,4290.635,4304.195,60,634
2025-12-15 18:00:00,4304.245,4313.405,4299.675,4312.935,60,624
2025-12-15 19:00:00,4312.915,4317.548,4307.645,4314.015,60,571
2025-12-15 20:00:00,4314.035,4314.198,4299.365,4304.335,60,555
2025-12-15 21:00:00,4304.335,4305.538,4300.555,4303.995,60,553
2025-12-15 23:00:00,4304.898,4309.425,4303.175,4303.965,60,2135
2025-12-16 00:00:00,4303.955,4313.015,4302.645,4307.645,60,744
2025-12-16 01:00:00,4307.995,4317.695,4298.895,4308.555,60,638
2025-12-16 02:00:00,4308.455,4312.045,4286.335,4289.475,60,647
2025-12-16 03:00:00,4289.435,4294.295,4280.385,4290.725,60,648
2025-12-16 04:00:00,4290.695,4292.035,4286.475,4288.925,60,612
2025-12-16 05:00:00,4288.885,4292.055,4271.125,4283.865,60,618
2025-12-16 06:00:00,4283.955,4291.995,4282.275,4289.085,60,616
2025-12-16 07:00:00,4289.145,4289.735,4279.245,4287.455,60,588
2025-12-16 08:00:00,4287.355,4289.215,4275.225,4284.415,60,601
2025-12-16 09:00:00,4284.375,4285.645,4276.245,4280.215,60,596
2025-12-16 10:00:00,4280.275,4284.165,4274.428,4277.235,60,550
2025-12-16 11:00:00,4277.005,4279.435,4273.585,4278.345,60,551
2025-12-16 12:00:00,4278.345,4294.675,4276.605,4294.295,60,539
2025-12-16 13:00:00,4294.325,4313.075,4290.678,4312.795,60,742
2025-12-16 14:00:00,4312.825,4331.885,4311.185,4324.225,60,596
2025-12-16 15:00:00,4324.305,4334.935,4312.265,4319.625,60,636
2025-12-16 16:00:00,4319.595,4323.085,4291.075,4300.355,60,652
2025-12-16 17:00:00,4300.385,4310.785,4300.015,4303.415,60,495
2025-12-16 18:00:00,4303.385,4313.295,4298.015,4311.165,60,522
2025-12-16 19:00:00,4311.135,4315.535,4296.865,4310.315,60,541
2025-12-16 20:00:00,4310.299,4314.125,4302.548,4304.445,60,750
2025-12-16 21:00:00,4304.425,4305.305,4300.535,4301.045,60,521
2025-12-16 23:00:00,4302.098,4308.875,4300.848,4307.695,60,1637
2025-12-17 00:00:00,4307.765,4314.915,4307.275,4312.895,60,725
2025-12-17 01:00:00,4312.895,4326.495,4311.275,4326.415,60,634
2025-12-17 02:00:00,4326.475,4327.565,4310.885,4314.048,60,682
2025-12-17 03:00:00,4313.995,4324.935,4312.348,4323.565,60,744
2025-12-17 04:00:00,4323.585,4331.345,4320.285,4329.475,60,619
2025-12-17 05:00:00,4329.505,4342.255,4327.845,4333.568,60,645
2025-12-17 06:00:00,4333.568,4337.475,4324.448,4328.515,60,642
2025-12-17 07:00:00,4328.535,4328.535,4315.375,4317.715,60,610
2025-12-17 08:00:00,4317.625,4320.748,4308.145,4318.955,60,557
2025-12-17 09:00:00,4318.935,4323.075,4315.755,4316.715,60,628
2025-12-17 10:00:00,4316.695,4322.045,4306.305,4317.505,60,575
2025-12-17 11:00:00,4317.535,4320.235,4314.938,4316.115,60,589
2025-12-17 12:00:00,4316.125,4322.948,4314.725,4317.345,60,634
2025-12-17 13:00:00,4317.445,4343.878,4314.855,4341.878,60,586
2025-12-17 14:00:00,4341.878,4345.825,4322.725,4337.885,60,618
2025-12-17 15:00:00,4337.849,4348.675,4324.035,4330.115,60,692
2025-12-17 16:00:00,4330.355,4337.375,4319.985,4333.345,60,625
2025-12-17 17:00:00,4333.335,4342.345,4328.335,4342.345,60,540
2025-12-17 18:00:00,4342.365,4346.375,4328.548,4335.955,60,533
2025-12-17 19:00:00,4335.925,4340.785,4330.095,4336.895,60,553
2025-12-17 20:00:00,4336.935,4345.835,4335.085,4341.265,60,547
2025-12-17 21:00:00,4341.275,4346.135,4337.305,4337.335,60,542
2025-12-17 23:00:00,4339.53,4343.048,4335.415,4338.648,59,1948
2025-12-18 00:00:00,4338.648,4342.735,4332.955,4334.605,60,793
2025-12-18 01:00:00,4334.635,4336.875,4324.205,4331.445,60,679
2025-12-18 02:00:00,4331.405,4337.615,4329.665,4332.965,60,655
2025-12-18 03:00:00,4332.925,4336.565,4330.685,4332.955,60,671
2025-12-18 04:00:00,4332.925,4333.295,4328.375,4331.595,60,652
2025-12-18 05:00:00,4331.529,4337.215,4330.805,4333.035,60,632
2025-12-18 06:00:00,4332.985,4335.895,4330.445,4333.705,60,628
2025-12-18 07:00:00,4333.765,4337.595,4329.835,4331.205,60,555
2025-12-18 08:00:00,4331.185,4332.375,4321.665,4326.315,60,778
2025-12-18 09:00:00,4326.355,4328.445,4320.485,4323.275,60,735
2025-12-18 10:00:00,4323.245,4327.375,4321.765,4325.235,60,671
2025-12-18 11:00:00,4325.255,4328.555,4324.035,4325.465,60,652
2025-12-18 12:00:00,4325.455,4326.435,4317.005,4320.585,60,599
2025-12-18 13:00:00,4320.525,4342.845,4314.435,4336.315,60,783
2025-12-18 14:00:00,4336.315,4341.115,4308.285,4328.295,60,675
2025-12-18 15:00:00,4328.375,4341.385,4324.745,4337.868,60,712
2025-12-18 16:00:00,4337.745,4374.395,4337.495,4360.015,60,702
2025-12-18 17:00:00,4360.195,4363.095,4321.765,4333.075,60,679
2025-12-18 18:00:00,4333.135,4341.065,4325.465,4331.555,60,678
2025-12-18 19:00:00,4331.555,4334.635,4322.525,4324.735,60,630
2025-12-18 20:00:00,4324.795,4338.085,4324.355,4334.675,60,645
2025-12-18 21:00:00,4334.585,4334.585,4328.315,4330.625,60,678
2025-12-18 23:00:00,4331.698,4336.695,4331.395,4334.865,60,2302
2025-12-19 00:00:00,4334.845,4335.495,4325.555,4325.855,60,650
2025-12-19 01:00:00,4325.875,4328.305,4308.715,4323.035,60,717
2025-12-19 02:00:00,4323.155,4327.705,4313.965,4316.485,60,664
2025-12-19 03:00:00,4316.455,4322.215,4312.485,4317.835,60,789
2025-12-19 04:00:00,4317.805,4322.705,4316.725,4322.495,60,574
2025-12-19 05:00:00,4322.525,4328.755,4317.305,4325.685,60,688
2025-12-19 06:00:00,4325.665,4329.315,4321.415,4326.155,60,681
2025-12-19 07:00:00,4326.135,4329.415,4321.398,4322.445,60,590
2025-12-19 08:00:00,4322.335,4330.695,4320.815,4325.785,60,650
2025-12-19 09:00:00,4325.735,4333.475,4324.195,4329.255,60,618
2025-12-19 10:00:00,4329.275,4331.515,4322.235,4327.605,60,565
2025-12-19 11:00:00,4327.515,4329.325,4324.915,4327.075,60,685
2025-12-19 12:00:00,4327.075,4328.685,4320.475,4326.468,60,556
2025-12-19 13:00:00,4326.475,4335.155,4325.815,4328.075,60,616
2025-12-19 14:00:00,4328.105,4337.715,4319.528,4331.975,60,586
2025-12-19 15:00:00,4331.905,4348.975,4331.715,4347.635,60,642
2025-12-19 16:00:00,4347.595,4354.388,4341.845,4349.705,60,759
2025-12-19 17:00:00,4349.725,4355.715,4346.798,4353.305,60,543
2025-12-19 18:00:00,4353.345,4356.365,4342.995,4348.365,60,570
2025-12-19 19:00:00,4348.385,4350.375,4344.935,4345.065,60,560
2025-12-19 20:00:00,4345.025,4346.295,4336.565,4339.405,60,520
2025-12-19 21:00:00,4339.445,4340.045,4336.275,4338.669,60,599
2025-12-21 23:00:00,4338.898,4355.948,4336.635,4354.915,60,2542
2025-12-22 00:00:00,4354.885,4366.115,4354.885,4364.775,60,821
2025-12-22 01:00:00,4364.835,4384.628,4361.025,4382.605,60,821
2025-12-22 02:00:00,4382.539,4388.435,4378.345,4385.595,60,795
2025-12-22 03:00:00,4385.675,4394.615,4383.995,4392.265,60,824
2025-12-22 04:00:00,4392.248,4400.795,4390.948,4398.098,60,818
2025-12-22 05:00:00,4398.079,4409.245,4396.445,4399.768,60,796
2025-12-22 06:00:00,4399.835,4419.695,4398.515,4419.025,60,800
2025-12-22 07:00:00,4419.045,4420.165,4410.058,4414.019,60,775
2025-12-22 08:00:00,4414.019,4414.685,4405.895,4407.939,60,818
2025-12-22 09:00:00,4407.939,4414.535,4407.639,4410.785,60,826
2025-12-22 10:00:00,4410.825,4415.555,4405.798,4408.345,60,836
2025-12-22 11:00:00,4408.335,4411.468,4405.755,4410.045,60,766
2025-12-22 12:00:00,4410.025,4415.755,4405.905,4415.535,60,804
2025-12-22 13:00:00,4415.535,4427.035,4413.025,4423.475,60,674
2025-12-22 14:00:00,4423.505,4429.325,4414.485,4419.065,60,665
2025-12-22 15:00:00,4419.045,4435.338,4411.725,4431.548,60,680
2025-12-22 16:00:00,4431.548,4441.948,4427.975,4438.415,60,691
2025-12-22 17:00:00,4438.435,4441.885,4431.825,4438.275,60,671
2025-12-22 18:00:00,4438.325,4438.725,4429.205,4435.105,60,640
2025-12-22 19:00:00,4435.055,4435.705,4428.675,4433.395,60,672
2025-12-22 20:00:00,4433.298,4439.098,4431.385,4438.455,60,660
2025-12-22 21:00:00,4438.415,4448.945,4438.215,4442.805,60,671
2025-12-22 23:00:00,4446.098,4461.598,4444.269,4459.865,60,2562
2025-12-23 00:00:00,4459.865,4470.325,4457.705,4470.305,60,748
2025-12-23 01:00:00,4470.255,4490.485,4469.299,4486.455,60,719
2025-12-23 02:00:00,4486.435,4497.345,4481.015,4493.225,60,754
2025-12-23 03:00:00,4493.155,4496.475,4482.765,4486.425,60,648
2025-12-23 04:00:00,4486.335,4488.145,4478.645,4482.335,60,712
2025-12-23 05:00:00,4482.315,4485.375,4474.665,4475.045,60,639
2025-12-23 06:00:00,4475.025,4481.315,4469.265,4481.215,60,716
2025-12-23 07:00:00,4481.185,4489.405,4478.055,4486.375,60,830
2025-12-23 08:00:00,4486.345,4492.995,4484.425,4489.575,60,687
2025-12-23 09:00:00,4489.545,4490.835,4477.945,4479.945,60,831
2025-12-23 10:00:00,4479.995,4487.255,4479.125,4484.005,60,815
2025-12-23 11:00:00,4483.985,4494.005,4482.855,4493.325,60,832
2025-12-23 12:00:00,4493.265,4493.515,4482.975,4486.175,60,672
2025-12-23 13:00:00,4486.025,4497.175,4473.015,4478.915,60,702
2025-12-23 14:00:00,4478.915,4479.695,4441.138,4445.485,60,708
2025-12-23 15:00:00,4445.455,4459.065,4429.975,4458.148,60,1010
2025-12-23 16:00:00,4458.185,4476.385,4455.559,4474.055,60,668
2025-12-23 17:00:00,4474.045,4479.698,4469.505,4472.545,60,669
2025-12-23 18:00:00,4472.805,4484.815,4472.555,4484.305,60,668
2025-12-23 19:00:00,4484.345,4496.105,4484.059,4490.618,60,671
2025-12-23 20:00:00,4490.618,4499.669,4489.065,4497.448,60,676
2025-12-23 21:00:00,4497.448,4498.499,4483.215,4483.935,60,636
2025-12-23 23:00:00,4486.298,4510.175,4481.298,4503.125,60,2336
2025-12-24 00:00:00,4503.095,4518.035,4500.495,4511.748,60,805
2025-12-24 01:00:00,4511.748,4525.765,4506.675,4518.635,60,792
2025-12-24 02:00:00,4518.635,4519.035,4474.035,4477.275,60,788
2025-12-24 03:00:00,4477.185,4498.255,4467.919,4492.825,60,991
2025-12-24 04:00:00,4492.875,4501.225,4491.005,4498.995,60,798
2025-12-24 05:00:00,4498.945,4500.198,4484.775,4488.235,60,833
2025-12-24 06:00:00,4488.285,4497.735,4484.935,4493.365,60,826
2025-12-24 07:00:00,4493.355,4494.675,4483.195,4483.625,60,836
2025-12-24 08:00:00,4483.585,4492.548,4477.805,4481.995,60,778
2025-12-24 09:00:00,4482.005,4495.885,4481.635,4494.475,60,821
2025-12-24 10:00:00,4494.475,4499.525,4481.988,4489.175,60,803
2025-12-24 11:00:00,4489.215,4491.685,4482.795,4491.235,60,825
2025-12-24 12:00:00,4491.235,4495.705,4489.435,4490.345,60,837
2025-12-24 13:00:00,4490.485,4493.245,4474.175,4487.635,60,858
2025-12-24 14:00:00,4487.715,4489.195,4460.335,4464.445,60,822
2025-12-24 15:00:00,4464.595,4476.275,4447.895,4458.235,60,823
2025-12-24 16:00:00,4458.195,4477.775,4455.725,4476.475,60,829
2025-12-24 17:00:00,4476.455,4487.515,4475.125,4480.249,60,899
2025-12-24 18:00:00,4480.279,4481.979,4476.918,4479.029,44,1071
2025-12-25 23:00:00,4490.045,4499.625,4482.655,4494.785,56,3716
2025-12-26 00:00:00,4494.875,4517.465,4491.945,4517.335,60,829
2025-12-26 01:00:00,4517.375,4530.975,4496.855,4503.845,60,1052
2025-12-26 02:00:00,4503.545,4509.505,4491.535,4508.408,60,1004
2025-12-26 03:00:00,4508.408,4513.015,4497.175,4501.565,60,1051
2025-12-26 04:00:00,4501.589,4511.365,4500.235,4508.775,60,1062
2025-12-26 05:00:00,4508.769,4514.515,4505.645,4509.595,60,986
2025-12-26 06:00:00,4509.595,4519.155,4507.555,4511.275,60,1013
2025-12-26 07:00:00,4511.269,4515.225,4507.488,4510.555,60,1123
2025-12-26 08:00:00,4510.625,4519.145,4509.175,4518.505,60,1070
2025-12-26 09:00:00,4518.445,4520.178,4511.518,4512.258,60,1062
2025-12-26 10:00:00,4512.295,4523.165,4510.808,4513.865,60,1049
2025-12-26 11:00:00,4513.925,4515.228,4502.505,4509.495,60,1094
2025-12-26 12:00:00,4509.545,4514.905,4506.255,4508.535,60,832
2025-12-26 13:00:00,4508.485,4528.155,4503.205,4524.839,60,832
2025-12-26 14:00:00,4524.865,4532.855,4512.385,4520.675,60,756
2025-12-26 15:00:00,4520.695,4547.045,4519.275,4546.245,60,830
2025-12-26 16:00:00,4546.275,4549.715,4531.155,4536.155,60,821
2025-12-26 17:00:00,4536.155,4537.698,4509.625,4518.795,60,757
2025-12-26 18:00:00,4518.729,4532.535,4514.515,4530.875,60,830
2025-12-26 19:00:00,4530.895,4535.365,4519.625,4523.515,60,805
2025-12-26 20:00:00,4523.535,4535.395,4521.498,4530.755,60,838
2025-12-26 21:00:00,4530.779,4534.408,4526.835,4532.365,60,966
2025-12-28 23:00:00,4538.698,4549.298,4522.625,4526.448,60,2293
2025-12-29 00:00:00,4526.448,4527.545,4471.498,4496.998,60,1600
2025-12-29 01:00:00,4496.899,4516.959,4491.408,4496.795,60,1367
2025-12-29 02:00:00,4496.805,4515.595,4495.925,4512.025,60,1038
2025-12-29 03:00:00,4512.025,4520.175,4509.045,4516.315,60,968
2025-12-29 04:00:00,4516.145,4519.325,4507.569,4515.425,60,748
2025-12-29 05:00:00,4515.349,4519.245,4504.699,4506.225,60,741
2025-12-29 06:00:00,4506.325,4510.289,4470.815,4474.715,60,833
2025-12-29 07:00:00,4474.648,4481.619,4444.735,4474.175,60,1271
2025-12-29 08:00:00,4474.275,4488.255,4452.225,4460.599,60,997
2025-12-29 09:00:00,4460.599,4476.095,4458.805,4471.855,60,1146
2025-12-29 10:00:00,4471.795,4474.265,4456.735,4460.555,60,851
2025-12-29 11:00:00,4460.505,4467.535,4433.835,4446.325,60,828
2025-12-29 12:00:00,4446.545,4464.548,4445.215,4463.998,60,1077
2025-12-29 13:00:00,4464.098,4467.288,4406.775,4421.075,60,996
2025-12-29 14:00:00,4421.105,4421.105,4356.155,4359.845,60,910
2025-12-29 15:00:00,4359.885,4360.065,4300.698,4325.065,60,1002
2025-12-29 16:00:00,4325.015,4347.148,4323.215,4341.325,60,790
2025-12-29 17:00:00,4341.785,4342.645,4314.845,4328.005,60,818
2025-12-29 18:00:00,4327.975,4334.625,4322.545,4331.098,60,832
2025-12-29 19:00:00,4331.398,4337.635,4327.298,4336.655,60,782
2025-12-29 20:00:00,4336.685,4344.265,4325.545,4334.455,60,836
2025-12-29 21:00:00,4334.535,4339.085,4327.095,4331.475,60,813
2025-12-29 23:00:00,4332.498,4346.815,4322.965,4345.455,60,2020
2025-12-30 00:00:00,4345.465,4350.465,4334.285,4339.555,60,843
2025-12-30 01:00:00,4339.585,4359.965,4324.195,4359.965,60,772
2025-12-30 02:00:00,4359.935,4364.469,4348.598,4362.259,60,924
2025-12-30 03:00:00,4362.375,4368.925,4355.965,4358.875,60,834
2025-12-30 04:00:00,4358.895,4369.595,4357.285,4363.275,60,808
2025-12-30 05:00:00,4363.315,4379.765,4358.515,4377.348,60,786
2025-12-30 06:00:00,4377.275,4378.115,4359.605,4364.275,60,807
2025-12-30 07:00:00,4364.285,4383.035,4358.715,4372.098,60,834
2025-12-30 08:00:00,4372.098,4373.445,4349.955,4364.595,60,815
2025-12-30 09:00:00,4364.565,4376.245,4363.905,4371.915,60,831
2025-12-30 10:00:00,4371.895,4391.515,4367.575,4384.485,60,817
2025-12-30 11:00:00,4385.225,4390.035,4380.875,4383.965,60,829
2025-12-30 12:00:00,4383.965,4402.435,4383.115,4400.895,60,833
2025-12-30 13:00:00,4401.065,4403.998,4375.905,4388.035,60,816
2025-12-30 14:00:00,4388.075,4391.905,4355.335,4365.915,60,852
2025-12-30 15:00:00,4365.909,4377.245,4359.295,4364.885,60,831
2025-12-30 16:00:00,4365.085,4379.575,4354.585,4377.405,60,820
2025-12-30 17:00:00,4377.395,4381.625,4363.965,4369.885,60,798
2025-12-30 18:00:00,4369.925,4378.425,4362.355,4364.259,60,821
2025-12-30 19:00:00,4364.259,4367.755,4337.565,4348.345,60,991
2025-12-30 20:00:00,4348.345,4355.245,4337.735,4341.395,60,800
2025-12-30 21:00:00,4341.395,4350.065,4334.455,4338.029,60,708
2025-12-30 23:00:00,4340.098,4346.055,4328.765,4338.655,60,1276
2025-12-31 00:00:00,4338.655,4346.298,4332.385,4341.925,60,927
2025-12-31 01:00:00,4342.105,4372.905,4336.549,4365.595,60,901
2025-12-31 02:00:00,4365.698,4371.005,4346.375,4348.525,60,859
2025-12-31 03:00:00,4348.545,4359.415,4340.435,4347.898,60,913
2025-12-31 04:00:00,4348.098,4350.898,4330.255,4332.598,60,984
2025-12-31 05:00:00,4332.375,4342.865,4275.525,4285.365,60,890
2025-12-31 06:00:00,4285.385,4328.498,4273.805,4327.698,60,985
2025-12-31 07:00:00,4327.955,4334.835,4323.285,4330.738,60,976
2025-12-31 08:00:00,4330.738,4332.605,4302.998,4307.185,60,787
2025-12-31 09:00:00,4307.135,4337.065,4306.885,4325.448,60,836
2025-12-31 10:00:00,4325.448,4331.035,4303.015,4306.325,60,821
2025-12-31 11:00:00,4306.155,4316.165,4303.858,4310.725,60,837
2025-12-31 12:00:00,4310.775,4317.925,4302.598,4313.515,60,834
2025-12-31 13:00:00,4313.485,4347.915,4307.745,4345.395,60,871
2025-12-31 14:00:00,4345.465,4353.048,4332.315,4345.548,60,1111
2025-12-31 15:00:00,4345.548,4345.685,4326.418,4337.145,60,1113
2025-12-31 16:00:00,4337.175,4339.505,4316.685,4322.618,60,1042
2025-12-31 17:00:00,4322.618,4329.158,4317.885,4321.395,60,1024
2025-12-31 18:00:00,4321.555,4331.275,4315.365,4319.255,60,1059
2025-12-31 19:00:00,4319.545,4322.525,4307.585,4311.115,60,1091
2025-12-31 20:00:00,4311.125,4324.285,4304.195,4313.045,60,1120
2025-12-31 21:00:00,4313.305,4314.475,4306.835,4309.648,30,1069
2026-01-01 23:00:00,4323.698,4351.005,4323.198,4347.805,60,2722
2026-01-02 00:00:00,4347.798,4355.545,4341.075,4353.715,60,1328
2026-01-02 01:00:00,4353.695,4355.575,4344.295,4347.685,60,806
2026-01-02 02:00:00,4347.635,4362.915,4344.735,4362.585,60,818
2026-01-02 03:00:00,4362.555,4375.398,4361.785,4374.748,60,880
2026-01-02 04:00:00,4374.759,4378.135,4371.038,4372.898,60,883
2026-01-02 05:00:00,4373.215,4381.495,4370.598,4380.335,60,1041
2026-01-02 06:00:00,4380.345,4380.548,4372.965,4374.315,60,829
2026-01-02 07:00:00,4374.355,4383.165,4371.635,4382.525,60,831
2026-01-02 08:00:00,4382.545,4397.315,4380.555,4386.598,60,973
2026-01-02 09:00:00,4386.598,4391.248,4382.858,4385.055,60,1012
2026-01-02 10:00:00,4385.085,4398.235,4384.198,4395.818,60,1052
2026-01-02 11:00:00,4395.915,4398.998,4390.245,4392.535,60,1115
2026-01-02 12:00:00,4392.565,4397.875,4384.705,4393.978,60,1072
2026-01-02 13:00:00,4393.978,4401.928,4361.695,4365.785,60,995
2026-01-02 14:00:00,4365.905,4373.495,4347.635,4353.275,60,721
2026-01-02 15:00:00,4352.955,4356.905,4330.065,4335.095,60,767
2026-01-02 16:00:00,4335.055,4337.095,4314.845,4326.335,60,686
2026-01-02 17:00:00,4326.305,4333.215,4322.475,4322.825,60,673
2026-01-02 18:00:00,4322.785,4323.425,4309.618,4314.955,60,672
2026-01-02 19:00:00,4315.325,4326.005,4315.325,4317.845,60,673
2026-01-02 20:00:00,4317.815,4331.345,4316.925,4331.325,60,670
2026-01-02 21:00:00,4331.405,4333.165,4326.635,4331.575,60,675
2026-01-04 23:00:00,4360.875,4375.665,4344.425,4372.345,60,2307
2026-01-05 00:00:00,4372.275,4396.475,4370.025,4394.765,60,823
2026-01-05 01:00:00,4394.905,4421.195,4390.558,4401.655,60,972
2026-01-05 02:00:00,4401.695,4409.095,4388.365,4404.985,60,1023
2026-01-05 03:00:00,4404.948,4413.875,4399.485,4399.615,60,1003
2026-01-05 04:00:00,4399.645,4408.055,4397.005,4403.865,60,830
2026-01-05 05:00:00,4403.835,4414.335,4400.978,4412.185,60,812
2026-01-05 06:00:00,4412.125,4426.095,4411.025,4420.235,60,798
2026-01-05 07:00:00,4420.205,4424.695,4416.475,4421.465,60,796
2026-01-05 08:00:00,4421.465,4433.675,4419.025,4429.885,60,756
2026-01-05 09:00:00,4429.655,4438.025,4425.798,4434.525,60,823
2026-01-05 10:00:00,4434.485,4439.675,4430.505,4436.085,60,788
2026-01-05 11:00:00,4436.115,4437.305,4410.285,4419.035,60,601
2026-01-05 12:00:00,4419.065,4421.225,4405.265,4409.455,60,621
2026-01-05 13:00:00,4409.485,4418.765,4396.045,4416.635,60,629
2026-01-05 14:00:00,4416.685,4442.575,4416.685,4435.998,60,671
2026-01-05 15:00:00,4435.998,4455.425,4435.345,4448.275,60,1084
2026-01-05 16:00:00,4448.255,4454.125,4438.125,4441.535,60,674
2026-01-05 17:00:00,4441.815,4448.855,4432.095,4443.325,60,678
2026-01-05 18:00:00,4443.295,4448.348,4439.475,4448.348,60,673
2026-01-05 19:00:00,4448.348,4449.075,4434.585,4439.485,60,670
2026-01-05 20:00:00,4439.448,4446.715,4437.735,4444.555,60,675
2026-01-05 21:00:00,4444.545,4449.165,4443.058,4448.345,60,682
2026-01-05 23:00:00,4446.615,4459.815,4436.555,4440.285,60,2118
2026-01-06 00:00:00,4440.285,4444.548,4429.988,4436.285,60,683
2026-01-06 01:00:00,4436.325,4452.145,4427.725,4450.325,60,691
2026-01-06 02:00:00,4450.465,4461.125,4448.395,4454.695,60,761
2026-01-06 03:00:00,4454.695,4467.885,4453.875,4467.305,60,821
2026-01-06 04:00:00,4467.298,4468.275,4461.475,4467.205,60,805
2026-01-06 05:00:00,4467.175,4473.915,4449.198,4451.725,60,830
2026-01-06 06:00:00,4452.115,4466.655,4451.205,4465.595,60,827
2026-01-06 07:00:00,4465.565,4470.035,4456.695,4459.125,60,820
2026-01-06 08:00:00,4459.105,4475.485,4456.975,4467.948,60,813
2026-01-06 09:00:00,4467.948,4468.185,4444.498,4446.055,60,943
2026-01-06 10:00:00,4446.085,4455.549,4442.095,4451.455,60,964
2026-01-06 11:00:00,4451.425,4464.198,4448.285,4462.948,60,937
2026-01-06 12:00:00,4463.048,4466.065,4458.478,4463.365,60,999
2026-01-06 13:00:00,4463.345,4470.175,4453.535,4467.695,60,818
2026-01-06 14:00:00,4467.735,4489.448,4464.165,4487.425,60,819
2026-01-06 15:00:00,4487.255,4490.615,4462.955,4478.025,60,813
2026-01-06 16:00:00,4477.978,4488.575,4471.178,4487.915,60,831
2026-01-06 17:00:00,4487.945,4491.248,4481.345,4489.148,60,822
2026-01-06 18:00:00,4489.098,4493.775,4481.728,4488.215,60,784
2026-01-06 19:00:00,4488.245,4489.165,4477.195,4481.195,60,815
2026-01-06 20:00:00,4481.155,4496.498,4480.135,4493.448,60,742
2026-01-06 21:00:00,4493.448,4497.048,4491.548,4493.185,60,723
2026-01-06 23:00:00,4494.298,4500.348,4491.935,4493.235,60,1849
2026-01-07 00:00:00,4493.185,4494.475,4481.999,4491.735,60,710
2026-01-07 01:00:00,4491.695,4495.595,4460.625,4465.275,60,830
2026-01-07 02:00:00,4465.255,4478.405,4459.308,4474.255,60,904
2026-01-07 03:00:00,4474.305,4479.965,4471.365,4474.505,60,828
2026-01-07 04:00:00,4474.525,4475.755,4463.165,4464.515,60,811
2026-01-07 05:00:00,4464.495,4470.155,4442.935,4453.975,60,769
2026-01-07 06:00:00,4453.975,4460.105,4441.248,4443.798,60,827
2026-01-07 07:00:00,4443.798,4464.625,4441.375,4460.935,60,830
2026-01-07 08:00:00,4460.785,4474.648,4459.085,4468.075,60,741
2026-01-07 09:00:00,4467.895,4468.415,4459.215,4463.215,60,663
2026-01-07 10:00:00,4463.165,4467.475,4458.495,4464.095,60,653
2026-01-07 11:00:00,4464.065,4464.745,4446.255,4447.135,60,673
2026-01-07 12:00:00,4447.505,4454.805,4439.135,4444.685,60,818
2026-01-07 13:00:00,4444.609,4452.895,4427.505,4452.648,60,761
2026-01-07 14:00:00,4452.655,4454.095,4435.485,4444.548,60,668
2026-01-07 15:00:00,4444.548,4452.055,4423.135,4445.895,60,947
2026-01-07 16:00:00,4445.845,4468.075,4443.615,4463.865,60,659
2026-01-07 17:00:00,4463.875,4465.095,4449.455,4451.725,60,663
2026-01-07 18:00:00,4451.685,4458.655,4446.815,4451.835,60,670
2026-01-07 19:00:00,4451.865,4457.915,4445.105,4456.875,60,670
2026-01-07 20:00:00,4456.835,4461.365,4450.325,4451.805,60,579
2026-01-07 21:00:00,4452.075,4456.505,4449.688,4455.635,60,663
2026-01-07 23:00:00,4457.498,4463.735,4456.898,4463.205,60,2319
2026-01-08 00:00:00,4463.145,4466.075,4446.395,4449.815,60,699
2026-01-08 01:00:00,4449.835,4460.025,4441.678,4448.065,60,794
2026-01-08 02:00:00,4448.065,4449.205,4433.275,4440.975,60,821
2026-01-08 03:00:00,4440.965,4446.195,4437.005,4439.925,60,819
2026-01-08 04:00:00,4439.925,4440.255,4429.838,4431.275,60,801
2026-01-08 05:00:00,4431.225,4432.105,4415.215,4425.395,60,810
2026-01-08 06:00:00,4425.375,4437.348,4415.415,4433.025,60,821
2026-01-08 07:00:00,4432.995,4439.448,4428.005,4430.745,60,832
2026-01-08 08:00:00,4430.725,4433.175,4419.438,4431.435,60,822
2026-01-08 09:00:00,4431.239,4435.145,4425.825,4432.405,60,702
2026-01-08 10:00:00,4432.425,4434.615,4422.755,4433.048,60,669
2026-01-08 11:00:00,4433.048,4433.048,4421.885,4422.675,60,661
2026-01-08 12:00:00,4422.735,4431.055,4407.485,4427.415,60,676
2026-01-08 13:00:00,4427.375,4435.605,4417.095,4423.515,60,715
2026-01-08 14:00:00,4423.575,4439.185,4418.915,4432.755,60,679
2026-01-08 15:00:00,4432.725,4456.315,4427.615,4454.015,60,779
2026-01-08 16:00:00,4454.035,4464.255,4446.695,4462.935,60,666
2026-01-08 17:00:00,4462.945,4465.165,4457.275,4463.165,60,669
2026-01-08 18:00:00,4463.175,4463.175,4447.675,4449.235,60,668
2026-01-08 19:00:00,4449.208,4452.775,4444.565,4451.895,60,656
2026-01-08 20:00:00,4451.875,4477.898,4451.285,4475.925,60,670
2026-01-08 21:00:00,4475.835,4479.398,4472.398,4477.555,60,760
2026-01-08 23:00:00,4478.698,4483.548,4472.515,4475.485,60,1470
2026-01-09 00:00:00,4475.445,4476.675,4459.525,4462.218,60,699
2026-01-09 01:00:00,4462.238,4469.805,4452.585,4468.745,60,1134
2026-01-09 02:00:00,4468.715,4476.295,4465.425,4469.305,60,670
2026-01-09 03:00:00,4469.275,4469.765,4460.215,4463.905,60,708
2026-01-09 04:00:00,4463.875,4466.785,4460.558,4464.465,60,642
2026-01-09 05:00:00,4464.445,4471.535,4457.985,4467.845,60,596
2026-01-09 06:00:00,4468.335,4477.125,4465.815,4473.805,60,619
2026-01-09 07:00:00,4473.875,4475.235,4468.299,4469.935,60,636
2026-01-09 08:00:00,4470.025,4476.685,4463.905,4468.345,60,696
2026-01-09 09:00:00,4468.295,4477.445,4468.245,4470.815,60,646
2026-01-09 10:00:00,4470.785,4473.935,4466.798,4472.248,60,833
2026-01-09 11:00:00,4472.248,4475.898,4468.385,4475.048,60,820
2026-01-09 12:00:00,4474.995,4480.335,4460.705,4465.685,60,823
2026-01-09 13:00:00,4465.765,4491.595,4458.595,4482.178,60,915
2026-01-09 14:00:00,4482.178,4497.898,4478.985,4494.095,60,837
2026-01-09 15:00:00,4494.075,4516.898,4489.818,4511.988,60,834
2026-01-09 16:00:00,4511.988,4513.908,4499.498,4506.305,60,813
2026-01-09 17:00:00,4506.315,4511.455,4481.615,4484.205,60,776
2026-01-09 18:00:00,4484.105,4504.305,4482.655,4495.755,60,809
2026-01-09 19:00:00,4495.755,4501.498,4492.425,4498.925,60,766
2026-01-09 20:00:00,4498.865,4509.805,4497.405,4507.275,60,758
2026-01-09 21:00:00,4507.265,4510.998,4504.748,4509.015,60,801
2026-01-11 23:00:00,4520.298,4544.735,4511.898,4539.855,60,1917
2026-01-12 00:00:00,4539.775,4601.048,4536.055,4588.548,60,988
2026-01-12 01:00:00,4588.548,4594.498,4569.755,4569.755,60,961
2026-01-12 02:00:00,4569.725,4581.745,4561.355,4577.345,60,940
2026-01-12 03:00:00,4577.225,4581.255,4567.445,4570.285,60,709
2026-01-12 04:00:00,4570.305,4571.995,4563.118,4568.365,60,736
2026-01-12 05:00:00,4568.415,4584.695,4565.835,4580.575,60,689
2026-01-12 06:00:00,4580.615,4580.615,4569.455,4578.395,60,645
2026-01-12 07:00:00,4578.415,4589.465,4574.585,4587.485,60,588
2026-01-12 08:00:00,4587.455,4598.315,4579.235,4596.695,60,586
2026-01-12 09:00:00,4596.725,4599.245,4587.415,4588.945,60,622
2026-01-12 10:00:00,4588.965,4595.145,4585.835,4594.055,60,560
2026-01-12 11:00:00,4594.075,4594.725,4581.415,4584.995,60,704
2026-01-12 12:00:00,4585.015,4590.575,4578.145,4590.315,60,584
2026-01-12 13:00:00,4590.285,4620.185,4588.345,4615.555,60,657
2026-01-12 14:00:00,4615.585,4617.055,4584.615,4601.778,60,630
2026-01-12 15:00:00,4601.775,4627.275,4601.548,4621.135,60,616
2026-01-12 16:00:00,4620.765,4629.975,4607.508,4616.625,60,671
2026-01-12 17:00:00,4616.675,4620.448,4610.565,4616.155,60,735
2026-01-12 18:00:00,4616.195,4618.435,4600.215,4610.655,60,548
2026-01-12 19:00:00,4610.685,4618.695,4608.535,4610.975,60,537
2026-01-12 20:00:00,4611.015,4611.625,4591.405,4593.555,60,564
2026-01-12 21:00:00,4593.535,4598.815,4589.195,4598.545,60,568
2026-01-12 23:00:00,4599.498,4607.098,4577.335,4599.095,60,1900
2026-01-13 00:00:00,4599.205,4599.365,4584.148,4587.045,60,811
2026-01-13 01:00:00,4587.065,4595.555,4575.275,4577.655,60,799
2026-01-13 02:00:00,4577.625,4594.815,4576.455,4594.025,60,671
2026-01-13 03:00:00,4593.865,4599.455,4592.325,4593.955,60,677
2026-01-13 04:00:00,4593.925,4599.635,4593.725,4596.148,60,697
2026-01-13 05:00:00,4596.095,4601.945,4585.395,4591.925,60,705
2026-01-13 06:00:00,4591.815,4592.185,4573.325,4581.555,60,676
2026-01-13 07:00:00,4581.595,4586.945,4577.215,4580.445,60,670
2026-01-13 08:00:00,4580.495,4596.855,4579.505,4592.555,60,669
2026-01-13 09:00:00,4592.585,4595.515,4585.368,4585.698,60,731
2026-01-13 10:00:00,4585.948,4588.115,4580.065,4586.145,60,713
2026-01-13 11:00:00,4586.105,4591.915,4581.905,4588.365,60,667
2026-01-13 12:00:00,4588.435,4595.035,4577.615,4593.045,60,670
2026-01-13 13:00:00,4592.995,4620.548,4590.405,4611.145,60,959
2026-01-13 14:00:00,4611.165,4634.285,4608.695,4629.065,60,871
2026-01-13 15:00:00,4629.075,4629.555,4600.415,4618.905,60,853
2026-01-13 16:00:00,4618.885,4620.445,4592.775,4613.045,60,835
2026-01-13 17:00:00,4612.985,4615.725,4586.348,4590.255,60,849
2026-01-13 18:00:00,4590.255,4601.735,4580.835,4593.758,60,814
2026-01-13 19:00:00,4593.758,4598.765,4583.985,4597.305,60,854
2026-01-13 20:00:00,4597.325,4597.555,4569.185,4585.718,60,857
2026-01-13 21:00:00,4585.995,4589.585,4582.508,4585.655,60,861
2026-01-13 23:00:00,4586.165,4598.655,4586.165,4596.805,60,1614
2026-01-14 00:00:00,4596.795,4610.455,4596.745,4608.898,60,658
2026-01-14 01:00:00,4608.995,4619.765,4605.875,4619.025,60,679
2026-01-14 02:00:00,4619.055,4623.535,4613.935,4620.325,60,672
2026-01-14 03:00:00,4620.305,4629.865,4613.095,4627.955,60,661
2026-01-14 04:00:00,4627.975,4630.215,4625.015,4629.015,60,667
2026-01-14 05:00:00,4629.075,4639.535,4617.685,4619.565,60,717
2026-01-14 06:00:00,4619.605,4637.065,4618.305,4637.045,60,660
2026-01-14 07:00:00,4637.055,4639.495,4631.355,4632.145,60,675
2026-01-14 08:00:00,4632.125,4637.685,4621.265,4634.775,60,729
2026-01-14 09:00:00,4634.545,4639.425,4626.815,4630.345,60,631
2026-01-14 10:00:00,4630.335,4638.015,4627.605,4632.885,60,610
2026-01-14 11:00:00,4632.945,4637.315,4625.795,4630.145,60,656
2026-01-14 12:00:00,4630.375,4641.595,4630.055,4638.455,60,586
2026-01-14 13:00:00,4638.485,4641.395,4623.645,4635.495,60,877
2026-01-14 14:00:00,4635.535,4638.765,4606.655,4617.035,60,643
2026-01-14 15:00:00,4616.958,4626.415,4599.165,4617.715,60,718
2026-01-14 16:00:00,4617.735,4624.615,4608.445,4616.855,60,594
2026-01-14 17:00:00,4616.805,4618.905,4600.985,4614.125,60,548
2026-01-14 18:00:00,4614.075,4637.115,4612.645,4635.005,60,569
2026-01-14 19:00:00,4634.975,4642.695,4632.915,4638.995,60,652
2026-01-14 20:00:00,4639.045,4641.335,4625.485,4632.445,60,582
2026-01-14 21:00:00,4632.385,4632.875,4617.665,4626.065,60,542
2026-01-14 23:00:00,4629.225,4631.645,4602.575,4615.015,60,3126
2026-01-15 00:00:00,4614.935,4617.915,4609.945,4614.895,60,709
2026-01-15 01:00:00,4614.875,4617.395,4583.215,4599.665,60,746
2026-01-15 02:00:00,4599.748,4614.415,4595.255,4602.735,60,847
2026-01-15 03:00:00,4602.715,4604.095,4580.925,4592.015,60,699
2026-01-15 04:00:00,4592.015,4597.175,4586.695,4591.965,60,696
2026-01-15 05:00:00,4591.945,4598.685,4580.815,4594.945,60,726
2026-01-15 06:00:00,4594.975,4611.785,4593.255,4609.845,60,700
2026-01-15 07:00:00,4609.825,4613.365,4599.015,4601.565,60,696
2026-01-15 08:00:00,4601.585,4606.915,4597.685,4604.115,60,649
2026-01-15 09:00:00,4604.125,4612.935,4600.435,4612.445,60,588
2026-01-15 10:00:00,4612.415,4620.555,4609.155,4619.615,60,605
2026-01-15 11:00:00,4619.665,4622.755,4615.305,4619.005,60,576
2026-01-15 12:00:00,4619.105,4620.555,4611.465,4613.755,60,605
2026-01-15 13:00:00,4613.785,4615.905,4582.135,4588.015,60,686
2026-01-15 14:00:00,4588.195,4614.795,4583.105,4610.795,60,732
2026-01-15 15:00:00,4610.508,4617.708,4603.468,4615.145,60,839
2026-01-15 16:00:00,4615.165,4624.325,4600.975,4605.295,60,854
2026-01-15 17:00:00,4605.315,4616.625,4605.315,4616.198,60,844
2026-01-15 18:00:00,4616.065,4620.848,4613.168,4617.308,60,817
2026-01-15 19:00:00,4617.308,4621.295,4612.485,4615.635,60,735
2026-01-15 20:00:00,4615.635,4616.115,4600.399,4605.555,60,840
2026-01-15 21:00:00,4605.545,4616.088,4604.175,4614.819,60,834
2026-01-15 23:00:00,4613.498,4620.448,4606.055,4609.855,60,2083
2026-01-16 00:00:00,4609.835,4610.845,4598.098,4599.648,60,861
2026-01-16 01:00:00,4599.495,4608.325,4593.565,4600.335,60,760
2026-01-16 02:00:00,4600.305,4604.005,4590.975,4594.448,60,853
2026-01-16 03:00:00,4594.825,4599.615,4592.605,4596.115,60,701
2026-01-16 04:00:00,4596.055,4601.915,4595.835,4600.869,60,699
2026-01-16 05:00:00,4600.885,4615.735,4595.105,4611.275,60,685
2026-01-16 06:00:00,4611.235,4612.095,4593.865,4597.845,60,695
2026-01-16 07:00:00,4597.915,4611.825,4596.515,4607.285,60,700
2026-01-16 08:00:00,4607.245,4610.355,4600.945,4602.985,60,700
2026-01-16 09:00:00,4603.045,4608.335,4598.615,4600.395,60,702
2026-01-16 10:00:00,4600.325,4610.945,4599.465,4599.885,60,693
2026-01-16 11:00:00,4599.915,4615.965,4598.285,4612.335,60,691
2026-01-16 12:00:00,4612.365,4612.675,4596.915,4601.598,60,730
2026-01-16 13:00:00,4601.628,4605.305,4582.105,4601.625,60,700
2026-01-16 14:00:00,4601.605,4614.505,4595.748,4607.445,60,705
2026-01-16 15:00:00,4607.475,4620.035,4536.515,4570.855,60,719
2026-01-16 16:00:00,4570.835,4598.835,4567.138,4591.025,60,738
2026-01-16 17:00:00,4590.965,4592.985,4576.395,4581.185,60,700
2026-01-16 18:00:00,4581.155,4595.865,4579.648,4582.415,60,702
2026-01-16 19:00:00,4582.395,4592.149,4580.655,4590.245,60,701
2026-01-16 20:00:00,4590.285,4595.655,4580.335,4581.685,60,688
2026-01-16 21:00:00,4581.598,4598.085,4581.598,4595.515,60,696
2026-01-18 23:00:00,4625.755,4690.265,4618.988,4672.365,60,2416
2026-01-19 00:00:00,4672.375,4681.735,4660.685,4674.995,60,873
2026-01-19 01:00:00,4675.215,4678.285,4655.835,4657.045,60,761
2026-01-19 02:00:00,4657.025,4664.775,4652.845,4662.275,60,697
2026-01-19 03:00:00,4662.225,4669.675,4657.845,4658.048,60,738
2026-01-19 04:00:00,4658.208,4665.865,4657.898,4663.095,60,696
2026-01-19 05:00:00,4663.075,4674.165,4662.955,4669.815,60,695
2026-01-19 06:00:00,4669.815,4678.855,4666.529,4677.765,60,697
2026-01-19 07:00:00,4677.725,4678.415,4661.628,4664.955,60,683
2026-01-19 08:00:00,4664.955,4673.655,4661.345,4663.275,60,595
2026-01-19 09:00:00,4663.275,4672.645,4661.658,4668.205,60,654
2026-01-19 10:00:00,4668.155,4671.055,4660.948,4663.565,60,603
2026-01-19 11:00:00,4663.595,4667.335,4659.425,4660.295,60,584
2026-01-19 12:00:00,4660.335,4673.585,4659.825,4671.805,60,658
2026-01-19 13:00:00,4671.599,4673.565,4664.185,4665.905,60,616
2026-01-19 14:00:00,4665.885,4670.205,4661.198,4666.355,60,626
2026-01-19 15:00:00,4666.315,4675.955,4663.995,4674.055,60,609
2026-01-19 16:00:00,4674.085,4675.435,4670.145,4671.945,60,596
2026-01-19 17:00:00,4671.975,4678.665,4668.848,4676.035,60,570
2026-01-19 18:00:00,4676.015,4680.105,4673.475,4676.248,60,569
2026-01-19 19:00:00,4676.248,4676.348,4666.848,4669.975,29,760
2026-01-19 23:00:00,4671.298,4676.448,4664.185,4665.135,60,1366
2026-01-20 00:00:00,4665.145,4667.815,4659.245,4660.095,60,663
2026-01-20 01:00:00,4660.115,4675.885,4659.665,4669.505,60,654
2026-01-20 02:00:00,4669.395,4674.645,4665.205,4668.505,60,648
2026-01-20 03:00:00,4668.565,4681.355,4665.735,4679.985,60,654
2026-01-20 04:00:00,4679.965,4696.785,4679.405,4695.025,60,698
2026-01-20 05:00:00,4694.995,4716.395,4694.115,4714.148,60,655
2026-01-20 06:00:00,4714.148,4716.925,4705.355,4712.285,60,684
2026-01-20 07:00:00,4712.245,4722.505,4711.215,4715.915,60,646
2026-01-20 08:00:00,4715.945,4731.435,4714.745,4729.205,60,765
2026-01-20 09:00:00,4729.225,4737.285,4720.998,4732.165,60,632
2026-01-20 10:00:00,4732.195,4734.825,4722.785,4726.355,60,618
2026-01-20 11:00:00,4726.375,4735.145,4721.415,4732.885,60,572
2026-01-20 12:00:00,4732.678,4732.678,4723.765,4727.365,60,676
2026-01-20 13:00:00,4727.345,4738.165,4715.075,4736.855,59,622
2026-01-20 14:00:00,4736.905,4750.835,4728.295,4740.805,60,792
2026-01-20 15:00:00,4740.658,4748.295,4722.028,4737.215,60,858
2026-01-20 16:00:00,4737.235,4757.355,4728.685,4753.255,60,696
2026-01-20 17:00:00,4753.245,4762.205,4745.755,4758.898,60,689
2026-01-20 18:00:00,4758.915,4766.045,4752.485,4759.205,60,684
2026-01-20 19:00:00,4759.205,4766.145,4756.235,4760.555,60,695
2026-01-20 20:00:00,4760.505,4760.995,4747.048,4756.405,60,699
2026-01-20 21:00:00,4756.415,4763.775,4756.055,4762.945,60,679
2026-01-20 23:00:00,4761.375,4780.895,4756.578,4775.625,60,1777
2026-01-21 00:00:00,4775.605,4787.495,4770.198,4784.325,60,692
2026-01-21 01:00:00,4784.305,4843.925,4783.315,4835.045,60,734
2026-01-21 02:00:00,4835.155,4841.945,4817.005,4836.465,60,691
2026-01-21 03:00:00,4836.455,4849.545,4826.795,4844.735,60,671
2026-01-21 04:00:00,4844.675,4870.685,4837.695,4865.795,60,664
2026-01-21 05:00:00,4865.695,4878.065,4858.605,4869.745,60,666
2026-01-21 06:00:00,4869.805,4888.075,4845.455,4847.275,60,697
2026-01-21 07:00:00,4847.255,4856.875,4832.375,4855.055,60,803
2026-01-21 08:00:00,4855.075,4869.375,4851.325,4854.435,60,598
2026-01-21 09:00:00,4854.455,4876.965,4852.115,4860.175,60,601
2026-01-21 10:00:00,4860.135,4866.555,4859.235,4861.898,60,590
2026-01-21 11:00:00,4861.898,4871.305,4854.975,4866.705,60,597
2026-01-21 12:00:00,4866.735,4870.715,4855.415,4864.975,60,573
2026-01-21 13:00:00,4865.313,4880.135,4858.255,4879.215,60,502
2026-01-21 14:00:00,4879.195,4880.635,4839.115,4851.595,60,783
2026-01-21 15:00:00,4851.515,4868.575,4812.415,4847.505,60,767
2026-01-21 16:00:00,4847.535,4855.435,4819.615,4833.265,60,600
2026-01-21 17:00:00,4833.295,4834.135,4802.325,4826.125,60,608
2026-01-21 18:00:00,4826.155,4850.445,4819.515,4850.095,60,593
2026-01-21 19:00:00,4850.125,4853.875,4755.345,4780.995,60,1093
2026-01-21 20:00:00,4780.858,4827.675,4771.915,4826.345,60,892
2026-01-21 21:00:00,4826.315,4839.535,4813.005,4831.685,60,606
2026-01-21 23:00:00,4832.695,4833.415,4777.265,4777.915,60,1802
2026-01-22 00:00:00,4777.875,4798.665,4777.795,4797.975,60,804
2026-01-22 01:00:00,4797.955,4809.405,4772.185,4797.835,60,731
2026-01-22 02:00:00,4797.635,4798.165,4774.535,4788.845,60,729
2026-01-22 03:00:00,4788.845,4796.565,4784.055,4796.365,60,724
2026-01-22 04:00:00,4796.395,4800.245,4793.615,4797.305,60,736
2026-01-22 05:00:00,4797.275,4821.265,4793.505,4821.115,60,734
2026-01-22 06:00:00,4821.145,4829.195,4816.205,4826.405,60,733
2026-01-22 07:00:00,4826.605,4839.353,4825.575,4832.485,60,499
2026-01-22 08:00:00,4832.465,4835.325,4821.975,4830.435,60,555
2026-01-22 09:00:00,4830.495,4837.925,4813.605,4822.945,60,554
2026-01-22 10:00:00,4822.965,4831.645,4819.305,4828.795,60,501
2026-01-22 11:00:00,4828.835,4836.145,4824.445,4831.015,60,494
2026-01-22 12:00:00,4830.985,4832.365,4818.615,4819.405,60,543
2026-01-22 13:00:00,4819.365,4835.235,4810.535,4822.125,60,648
2026-01-22 14:00:00,4822.095,4847.505,4820.225,4834.845,60,505
2026-01-22 15:00:00,4834.498,4873.535,4825.358,4871.615,60,857
2026-01-22 16:00:00,4871.645,4885.235,4867.915,4877.835,60,530
2026-01-22 17:00:00,4877.875,4906.095,4869.195,4904.385,60,511
2026-01-22 18:00:00,4904.355,4919.385,4901.115,4915.815,60,475
2026-01-22 19:00:00,4915.775,4924.235,4905.755,4911.575,60,465
2026-01-22 20:00:00,4911.595,4928.295,4911.375,4916.875,60,540
2026-01-22 21:00:00,4916.805,4940.615,4914.485,4935.685,60,594
2026-01-22 23:00:00,4935.698,4960.435,4929.945,4958.795,60,1602
2026-01-23 00:00:00,4958.785,4965.765,4947.235,4965.025,60,685
2026-01-23 01:00:00,4965.055,4967.075,4935.995,4953.315,60,808
2026-01-23 02:00:00,4953.295,4962.125,4946.665,4955.395,60,762
2026-01-23 03:00:00,4955.365,4958.915,4937.845,4951.855,60,690
2026-01-23 04:00:00,4951.835,4958.295,4950.025,4956.095,60,580
2026-01-23 05:00:00,4956.075,4967.235,4954.395,4960.425,60,548
2026-01-23 06:00:00,4960.405,4963.035,4945.405,4953.595,60,545
2026-01-23 07:00:00,4953.635,4959.505,4943.105,4944.325,60,510
2026-01-23 08:00:00,4944.305,4947.565,4901.005,4913.535,60,596
2026-01-23 09:00:00,4913.635,4921.225,4899.545,4918.415,60,726
2026-01-23 10:00:00,4918.465,4932.265,4915.485,4929.635,60,736
2026-01-23 11:00:00,4929.715,4929.735,4911.625,4922.625,60,736
2026-01-23 12:00:00,4923.025,4942.295,4918.205,4939.225,60,718
2026-01-23 13:00:00,4939.175,4947.785,4923.305,4938.945,60,738
2026-01-23 14:00:00,4938.865,4956.325,4932.535,4942.995,60,599
2026-01-23 15:00:00,4943.005,4963.265,4937.965,4960.295,60,889
2026-01-23 16:00:00,4960.345,4988.095,4958.898,4980.125,60,604
2026-01-23 17:00:00,4980.165,4987.815,4961.845,4965.525,60,600
2026-01-23 18:00:00,4965.585,4983.885,4957.995,4966.375,60,602
2026-01-23 19:00:00,4966.505,4989.675,4966.505,4983.945,60,601
2026-01-23 20:00:00,4983.875,4985.455,4970.385,4980.725,60,593
2026-01-23 21:00:00,4980.805,4989.648,4977.925,4983.785,60,486
2026-01-25 23:00:00,5003.285,5039.695,5001.098,5039.395,60,2588
2026-01-26 00:00:00,5039.525,5051.885,5030.275,5041.495,60,825
2026-01-26 01:00:00,5041.565,5085.355,5028.745,5070.775,60,766
2026-01-26 02:00:00,5070.725,5092.785,5066.625,5080.695,60,752
2026-01-26 03:00:00,5080.685,5087.575,5069.905,5076.525,60,617
2026-01-26 04:00:00,5076.445,5077.985,5058.045,5070.175,60,595
2026-01-26 05:00:00,5070.145,5076.325,5052.175,5074.185,60,561
2026-01-26 06:00:00,5074.165,5110.885,5065.175,5077.235,60,586
2026-01-26 07:00:00,5077.235,5095.585,5073.575,5088.855,60,676
2026-01-26 08:00:00,5088.815,5098.225,5080.0,5083.185,60,510
2026-01-26 09:00:00,5082.965,5098.376,5075.145,5083.995,60,557
2026-01-26 10:00:00,5084.57,5094.895,5078.395,5091.545,60,498
2026-01-26 11:00:00,5091.525,5092.755,5078.215,5091.345,60,499
2026-01-26 12:00:00,5091.385,5096.835,5076.935,5078.745,60,493
2026-01-26 13:00:00,5078.665,5082.915,5054.375,5068.395,60,666
2026-01-26 14:00:00,5068.515,5096.805,5058.125,5095.898,60,510
2026-01-26 15:00:00,5095.898,5097.215,5073.845,5090.615,60,524
2026-01-26 16:00:00,5090.655,5105.015,5065.025,5089.375,60,825
2026-01-26 17:00:00,5089.375,5104.858,5080.205,5100.805,60,502
2026-01-26 18:00:00,5100.855,5103.105,5057.425,5068.685,60,544
2026-01-26 19:00:00,5068.665,5069.555,5008.018,5028.225,60,864
2026-01-26 20:00:00,5028.265,5062.055,5026.085,5055.095,60,800
2026-01-26 21:00:00,5055.105,5058.799,4989.805,5009.535,60,824
2026-01-26 23:00:00,5011.698,5061.195,5010.918,5043.195,60,2480
2026-01-27 00:00:00,5043.225,5053.765,5013.595,5032.645,60,775
2026-01-27 01:00:00,5032.665,5075.635,5018.248,5059.815,60,909
2026-01-27 02:00:00,5059.935,5079.575,5049.415,5072.315,60,765
2026-01-27 03:00:00,5072.345,5078.985,5060.005,5076.815,60,576
2026-01-27 04:00:00,5076.785,5078.575,5061.325,5067.565,60,574
2026-01-27 05:00:00,5067.505,5085.115,5057.005,5082.825,60,612
2026-01-27 06:00:00,5082.855,5093.825,5076.525,5085.575,60,640
2026-01-27 07:00:00,5085.585,5100.585,5081.095,5085.725,60,650
2026-01-27 08:00:00,5085.725,5087.985,5073.075,5079.335,60,604
2026-01-27 09:00:00,5079.315,5099.345,5077.558,5098.595,60,541
2026-01-27 10:00:00,5098.195,5098.425,5081.745,5086.195,60,509
2026-01-27 11:00:00,5086.225,5090.585,5066.808,5076.705,60,500
2026-01-27 12:00:00,5076.755,5091.015,5073.395,5084.825,60,556
2026-01-27 13:00:00,5084.835,5092.695,5069.435,5077.055,60,534
2026-01-27 14:00:00,5077.055,5081.975,5046.465,5052.555,60,623
2026-01-27 15:00:00,5052.048,5091.075,5047.485,5090.775,60,1212
2026-01-27 16:00:00,5090.575,5103.075,5083.065,5087.295,60,603
2026-01-27 17:00:00,5087.265,5093.845,5076.565,5081.005,60,603
2026-01-27 18:00:00,5081.035,5095.415,5076.135,5087.855,60,605
2026-01-27 19:00:00,5087.875,5099.875,5080.875,5098.745,60,603
2026-01-27 20:00:00,5098.715,5182.195,5097.745,5176.548,60,698
2026-01-27 21:00:00,5176.748,5190.235,5168.845,5178.675,60,869
2026-01-27 23:00:00,5178.725,5183.998,5158.525,5171.895,60,4683
2026-01-28 00:00:00,5171.975,5179.925,5157.115,5171.865,60,948
2026-01-28 01:00:00,5171.655,5224.985,5168.445,5204.265,60,768
2026-01-28 02:00:00,5204.305,5234.415,5201.375,5231.815,60,847
2026-01-28 03:00:00,5231.455,5247.475,5224.265,5234.945,60,690
2026-01-28 04:00:00,5234.845,5248.755,5232.105,5245.385,60,645
2026-01-28 05:00:00,5245.395,5266.395,5241.325,5261.135,60,657
2026-01-28 06:00:00,5261.185,5271.195,5251.695,5269.798,60,616
2026-01-28 07:00:00,5269.635,5292.565,5262.765,5290.335,60,661
2026-01-28 08:00:00,5290.285,5311.245,5280.385,5293.345,60,759
2026-01-28 09:00:00,5293.375,5297.205,5262.915,5278.055,60,791
2026-01-28 10:00:00,5278.095,5285.515,5269.245,5269.819,60,639
2026-01-28 11:00:00,5269.855,5270.625,5238.345,5261.375,60,768
2026-01-28 12:00:00,5261.385,5279.115,5251.515,5279.025,60,709
2026-01-28 13:00:00,5278.965,5289.235,5256.635,5266.295,60,683
2026-01-28 14:00:00,5266.575,5288.245,5248.535,5285.945,60,655
2026-01-28 15:00:00,5285.459,5298.125,5235.238,5278.085,60,1100
2026-01-28 16:00:00,5278.045,5300.005,5274.255,5299.645,60,637
2026-01-28 17:00:00,5299.585,5306.795,5282.935,5297.855,60,602
2026-01-28 18:00:00,5298.218,5325.755,5268.245,5279.248,60,601
2026-01-28 19:00:00,5279.258,5331.598,5269.165,5325.105,60,1452
2026-01-28 20:00:00,5324.889,5391.195,5320.955,5376.435,60,757
2026-01-28 21:00:00,5376.555,5418.945,5376.548,5414.575,60,906
2026-01-28 23:00:00,5417.098,5596.805,5417.098,5512.255,60,1888
2026-01-29 00:00:00,5512.795,5526.685,5452.305,5519.898,60,2344
2026-01-29 01:00:00,5519.865,5551.315,5444.348,5545.405,60,1462
2026-01-29 02:00:00,5545.355,5549.845,5503.845,5535.565,60,1102
2026-01-29 03:00:00,5535.625,5548.785,5507.835,5545.655,60,835
2026-01-29 04:00:00,5545.635,5564.335,5532.975,5557.855,60,673
2026-01-29 05:00:00,5557.448,5564.235,5515.485,5562.295,60,1007
2026-01-29 06:00:00,5562.475,5595.275,5554.515,5561.065,60,843
2026-01-29 07:00:00,5561.025,5574.835,5536.575,5548.755,60,939
2026-01-29 08:00:00,5548.725,5554.585,5472.965,5509.645,60,733
2026-01-29 09:00:00,5509.365,5529.605,5497.575,5513.715,60,772
2026-01-29 10:00:00,5513.755,5525.295,5482.225,5483.275,60,642
2026-01-29 11:00:00,5483.625,5528.695,5470.545,5522.445,60,730
2026-01-29 12:00:00,5522.425,5542.835,5518.305,5533.915,60,558
2026-01-29 13:00:00,5533.955,5540.925,5499.625,5510.155,60,826
2026-01-29 14:00:00,5510.325,5549.335,5490.775,5496.045,60,774
2026-01-29 15:00:00,5496.055,5496.055,5098.765,5181.848,60,3904
2026-01-29 16:00:00,5181.825,5310.815,5171.455,5263.765,60,1851
2026-01-29 17:00:00,5263.715,5375.255,5263.715,5334.385,60,1859
2026-01-29 18:00:00,5334.475,5361.525,5306.825,5338.628,60,1803
2026-01-29 19:00:00,5338.628,5344.935,5289.655,5305.385,60,1296
2026-01-29 20:00:00,5305.395,5406.785,5282.335,5393.565,60,1063
2026-01-29 21:00:00,5393.595,5425.165,5370.0,5378.815,60,1293
2026-01-29 23:00:00,5384.575,5447.649,5376.098,5437.995,60,2975
2026-01-30 00:00:00,5437.995,5450.745,5389.245,5406.815,60,1101
2026-01-30 01:00:00,5407.265,5409.275,5290.0,5300.125,60,1704
2026-01-30 02:00:00,5300.098,5312.098,5111.398,5223.885,60,2322
2026-01-30 03:00:00,5223.795,5228.645,5150.235,5195.415,60,2440
2026-01-30 04:00:00,5195.335,5229.995,5192.755,5214.545,60,2095
2026-01-30 05:00:00,5213.513,5240.865,5179.185,5184.035,60,1374
2026-01-30 06:00:00,5184.115,5204.835,5145.095,5155.385,60,1869
2026-01-30 07:00:00,5155.365,5185.665,5117.205,5180.805,60,2097
2026-01-30 08:00:00,5180.805,5180.805,5051.785,5116.455,60,1738
2026-01-30 09:00:00,5116.535,5132.275,4940.895,5012.365,60,2472
2026-01-30 10:00:00,5012.345,5121.348,4999.378,5118.765,60,2841
2026-01-30 11:00:00,5118.285,5144.288,5087.215,5135.285,60,2039
2026-01-30 12:00:00,5135.285,5145.445,5054.185,5063.545,60,1499
2026-01-30 13:00:00,5063.545,5099.255,4990.875,5018.965,60,3100
2026-01-30 14:00:00,5018.805,5112.258,5013.825,5031.825,60,1821
2026-01-30 15:00:00,5031.698,5073.408,4979.725,5050.045,60,2244
2026-01-30 16:00:00,5050.035,5051.528,4943.195,4984.465,60,1338
2026-01-30 17:00:00,4984.515,4985.515,4799.458,4848.898,60,1964
2026-01-30 18:00:00,4848.798,4892.365,4679.725,4877.498,60,3501
2026-01-30 19:00:00,4877.798,4947.475,4841.805,4931.925,60,3464
2026-01-30 20:00:00,4931.975,4932.245,4806.428,4846.808,60,2186
2026-01-30 21:00:00,4846.298,4895.615,4830.875,4895.118,60,2362
2026-02-01 23:00:00,4817.598,4820.748,4694.575,4741.745,51,5947
2026-02-02 00:00:00,4741.725,4884.248,4739.545,4765.848,60,2855
2026-02-02 01:00:00,4764.948,4783.748,4582.798,4736.205,60,3102
2026-02-02 02:00:00,4735.975,4772.045,4696.025,4709.698,60,2002
2026-02-02 03:00:00,4709.698,4728.258,4629.425,4645.605,60,2067
2026-02-02 04:00:00,4646.125,4712.188,4602.425,4678.565,60,2821
2026-02-02 05:00:00,4678.565,4695.568,4496.635,4547.988,60,2417
2026-02-02 06:00:00,4547.265,4572.658,4401.038,4504.005,60,3209
2026-02-02 07:00:00,4504.315,4618.295,4482.468,4586.155,60,3195
2026-02-02 08:00:00,4586.195,4650.585,4557.905,4639.735,60,2355
2026-02-02 09:00:00,4639.715,4730.268,4602.255,4718.315,60,2485
2026-02-02 10:00:00,4718.285,4732.848,4655.628,4704.508,60,2391
2026-02-02 11:00:00,4704.508,4779.025,4702.708,4765.245,60,1755
2026-02-02 12:00:00,4765.345,4811.895,4742.705,4793.485,60,1794
2026-02-02 13:00:00,4793.505,4803.268,4668.448,4705.619,60,2257
2026-02-02 14:00:00,4705.769,4792.989,4679.475,4715.975,60,1391
2026-02-02 15:00:00,4705.108,4744.698,4616.395,4619.345,60,3471
2026-02-02 16:00:00,4619.235,4708.098,4596.125,4665.528,60,1918
2026-02-02 17:00:00,4665.528,4713.318,4655.985,4673.385,60,1346
2026-02-02 18:00:00,4673.395,4673.645,4617.758,4657.385,60,1438
2026-02-02 19:00:00,4657.285,4712.218,4631.005,4684.708,60,1342
2026-02-02 20:00:00,4684.708,4700.295,4647.355,4652.675,60,1447
2026-02-02 21:00:00,4652.348,4686.495,4643.325,4657.245,60,1680
2026-02-02 23:00:00,4670.098,4775.415,4661.788,4773.935,60,4724
2026-02-03 00:00:00,4773.975,4829.895,4765.425,4779.425,60,1939
2026-02-03 01:00:00,4781.445,4856.248,4765.348,4840.875,60,2098
2026-02-03 02:00:00,4840.795,4841.195,4744.808,4782.845,60,1561
2026-02-03 03:00:00,4782.875,4812.865,4751.165,4808.795,60,1652
2026-02-03 04:00:00,4808.665,4824.765,4800.215,4808.765,60,1383
2026-02-03 05:00:00,4809.255,4841.365,4808.608,4824.605,60,1231
2026-02-03 06:00:00,4824.615,4893.535,4815.895,4880.745,60,1559
2026-02-03 07:00:00,4880.595,4933.305,4871.525,4916.935,60,1263
2026-02-03 08:00:00,4916.905,4949.395,4897.995,4912.125,60,800
2026-02-03 09:00:00,4912.085,4925.915,4884.275,4915.835,60,1029
2026-02-03 10:00:00,4915.845,4929.515,4901.415,4901.965,60,674
2026-02-03 11:00:00,4901.985,4918.905,4883.445,4916.475,60,881
2026-02-03 12:00:00,4916.991,4935.308,4891.855,4913.405,60,938
2026-02-03 13:00:00,4913.395,4950.835,4902.325,4932.745,60,1073
2026-02-03 14:00:00,4932.685,4936.195,4892.895,4916.245,60,1080
2026-02-03 15:00:00,4916.315,4948.355,4904.025,4935.115,60,1504
2026-02-03 16:00:00,4935.265,4993.458,4929.425,4955.348,60,817
2026-02-03 17:00:00,4955.358,4969.425,4906.975,4928.405,60,1050
2026-02-03 18:00:00,4928.405,4953.635,4882.365,4908.075,60,1101
2026-02-03 19:00:00,4908.075,4948.538,4880.295,4926.945,60,1017
2026-02-03 20:00:00,4926.925,4956.698,4901.945,4943.988,60,828
2026-02-03 21:00:00,4944.078,4963.965,4933.328,4944.665,60,979
2026-02-03 23:00:00,4940.908,4971.098,4904.069,4946.875,60,4750
2026-02-04 00:00:00,4946.895,5015.868,4945.725,5015.425,60,1629
2026-02-04 01:00:00,5015.865,5052.865,4984.635,5046.125,60,1461
2026-02-04 02:00:00,5046.115,5065.325,5035.085,5039.645,60,1394
2026-02-04 03:00:00,5039.309,5073.315,5035.675,5069.805,60,1259
2026-02-04 04:00:00,5069.815,5081.225,5055.895,5080.195,60,1038
2026-02-04 05:00:00,5080.125,5090.145,5068.855,5079.155,60,896
2026-02-04 06:00:00,5079.185,5082.595,5050.745,5076.275,60,997
2026-02-04 07:00:00,5076.265,5091.115,5061.785,5084.298,60,1008
2026-02-04 08:00:00,5084.298,5091.395,5068.475,5083.138,60,1006
2026-02-04 09:00:00,5083.148,5086.445,5042.655,5059.835,60,957
2026-02-04 10:00:00,5059.855,5064.068,5041.595,5048.285,60,939
2026-02-04 11:00:00,5048.295,5053.015,5013.015,5047.255,60,846
2026-02-04 12:00:00,5047.165,5062.905,5036.135,5040.645,60,867
2026-02-04 13:00:00,5040.955,5063.155,5022.975,5053.765,60,1145
2026-02-04 14:00:00,5053.775,5058.835,4966.515,4984.445,60,816
2026-02-04 15:00:00,4984.379,5007.485,4886.798,4919.995,60,1799
2026-02-04 16:00:00,4919.975,4939.555,4844.165,4904.165,60,1507
2026-02-04 17:00:00,4904.175,4930.625,4887.995,4897.435,60,1382
2026-02-04 18:00:00,4897.405,4934.625,4872.365,4926.965,60,1122
2026-02-04 19:00:00,4927.048,4957.335,4914.155,4941.535,60,892
2026-02-04 20:00:00,4941.515,4951.035,4914.135,4937.705,60,817
2026-02-04 21:00:00,4937.825,4970.475,4937.125,4964.125,60,1093
2026-02-04 23:00:00,4960.488,5023.405,4958.417,5011.895,60,4780
2026-02-05 00:00:00,5011.705,5020.175,4996.305,5006.335,60,1415
2026-02-05 01:00:00,5007.647,5011.725,4935.215,4958.285,60,2071
2026-02-05 02:00:00,4958.315,4961.565,4803.798,4810.648,60,1794
2026-02-05 03:00:00,4810.768,4887.095,4787.685,4879.905,60,2734
2026-02-05 04:00:00,4879.895,4890.705,4862.765,4863.425,60,1925
2026-02-05 05:00:00,4863.425,4905.508,4824.115,4895.655,60,1448
2026-02-05 06:00:00,4895.625,4933.575,4876.285,4919.315,60,2151
2026-02-05 07:00:00,4919.265,4939.925,4895.385,4915.505,60,1578
2026-02-05 08:00:00,4914.805,4943.215,4900.459,4911.275,60,1027
2026-02-05 09:00:00,4911.389,4913.625,4849.145,4853.935,60,1437
2026-02-05 10:00:00,4853.925,4886.871,4847.205,4876.565,60,1636
2026-02-05 11:00:00,4876.565,4894.195,4864.095,4867.845,60,1180
2026-02-05 12:00:00,4867.498,4877.905,4810.085,4853.075,60,1318
2026-02-05 13:00:00,4853.039,4866.955,4801.388,4835.055,60,1986
2026-02-05 14:00:00,4835.075,4869.198,4805.735,4845.215,60,1256
2026-02-05 15:00:00,4844.475,4865.575,4800.055,4817.345,60,1959
2026-02-05 16:00:00,4817.265,4906.095,4812.155,4888.708,60,1157
2026-02-05 17:00:00,4888.708,4890.045,4858.775,4868.625,60,953
2026-02-05 18:00:00,4868.655,4874.865,4850.735,4857.855,60,983
2026-02-05 19:00:00,4857.895,4864.995,4823.405,4829.135,60,795
2026-02-05 20:00:00,4828.879,4842.985,4792.575,4811.135,60,871
2026-02-05 21:00:00,4811.105,4825.855,4759.365,4775.805,60,862
2026-02-05 23:00:00,4791.698,4792.498,4702.915,4703.275,60,4692
2026-02-06 00:00:00,4703.265,4764.025,4654.355,4762.295,60,1995
2026-02-06 01:00:00,4762.275,4784.255,4692.648,4773.725,60,2653
2026-02-06 02:00:00,4773.765,4846.045,4759.705,4815.995,60,1770
2026-02-06 03:00:00,4815.905,4838.825,4800.288,4823.995,60,1780
2026-02-06 04:00:00,4823.915,4831.445,4806.895,4813.185,60,1414
2026-02-06 05:00:00,4814.105,4897.565,4807.075,4896.978,60,1556
2026-02-06 06:00:00,4896.885,4902.975,4824.548,4845.895,60,1759
2026-02-06 07:00:00,4845.925,4861.485,4837.435,4840.185,60,1312
2026-02-06 08:00:00,4840.185,4881.829,4828.575,4861.279,60,1402
2026-02-06 09:00:00,4861.279,4872.438,4837.905,4866.388,60,1337
2026-02-06 10:00:00,4866.165,4879.875,4851.555,4878.185,60,1067
2026-02-06 11:00:00,4878.075,4895.498,4863.468,4886.735,60,1076
2026-02-06 12:00:00,4886.725,4903.165,4871.555,4900.125,60,880
2026-02-06 13:00:00,4900.145,4938.035,4896.965,4928.605,60,1054
2026-02-06 14:00:00,4928.625,4949.408,4894.135,4947.058,60,874
2026-02-06 15:00:00,4947.038,4964.338,4928.055,4943.365,60,1471
2026-02-06 16:00:00,4943.455,4953.095,4921.578,4951.455,60,863
2026-02-06 17:00:00,4951.525,4968.255,4947.805,4960.165,60,751
2026-02-06 18:00:00,4960.305,4970.898,4943.615,4962.245,60,842
2026-02-06 19:00:00,4962.285,4963.085,4948.505,4957.015,60,648
2026-02-06 20:00:00,4957.065,4958.995,4936.385,4953.098,60,654
2026-02-06 21:00:00,4953.098,4967.598,4946.195,4964.298,60,681
2026-02-08 23:00:00,4980.098,5046.805,4962.605,5035.475,60,6216
2026-02-09 00:00:00,5035.475,5044.195,5011.298,5019.125,60,1515
2026-02-09 01:00:00,5020.135,5041.465,4975.485,4981.985,60,1709
2026-02-09 02:00:00,4981.985,5016.935,4967.835,5006.725,60,1493
2026-02-09 03:00:00,5006.619,5030.945,5005.305,5015.735,60,1077
2026-02-09 04:00:00,5015.885,5024.135,5006.895,5011.749,60,1451
2026-02-09 05:00:00,5011.749,5041.075,5011.015,5036.155,60,918
2026-02-09 06:00:00,5036.175,5045.615,5013.378,5030.889,60,1082
2026-02-09 07:00:00,5030.905,5030.905,4994.955,5006.095,60,1225
2026-02-09 08:00:00,5006.125,5035.605,5002.505,5027.125,60,743
2026-02-09 09:00:00,5027.165,5040.785,5002.355,5007.545,60,784
2026-02-09 10:00:00,5007.585,5015.075,4982.125,4990.785,60,846
2026-02-09 11:00:00,4990.785,5017.795,4988.425,5010.585,60,762
2026-02-09 12:00:00,5010.615,5021.655,5007.085,5013.105,60,711
2026-02-09 13:00:00,5013.135,5024.605,4994.855,5006.795,60,751
2026-02-09 14:00:00,5006.745,5040.695,5001.975,5037.875,60,818
2026-02-09 15:00:00,5037.605,5060.045,5023.345,5058.675,60,765
2026-02-09 16:00:00,5058.705,5080.495,5056.118,5073.115,60,782
2026-02-09 17:00:00,5073.105,5075.325,5040.635,5046.125,60,695
2026-02-09 18:00:00,5045.965,5063.745,5044.025,5062.525,60,701
2026-02-09 19:00:00,5062.505,5079.845,5062.188,5074.195,60,673
2026-02-09 20:00:00,5074.275,5086.265,5072.015,5079.385,60,795
2026-02-09 21:00:00,5079.655,5082.955,5048.315,5058.315,60,713
2026-02-09 23:00:00,5048.968,5074.398,4985.748,5031.245,60,3922
2026-02-10 00:00:00,5031.095,5048.045,5008.155,5018.405,60,1646
2026-02-10 01:00:00,5018.285,5037.205,5012.125,5031.915,60,1711
2026-02-10 02:00:00,5031.915,5055.935,5031.028,5037.875,60,990
2026-02-10 03:00:00,5037.595,5037.595,5015.705,5029.855,60,1215
2026-02-10 04:00:00,5029.655,5033.505,5017.195,5031.295,60,1089
2026-02-10 05:00:00,5031.119,5040.235,5010.925,5039.085,60,1001
2026-02-10 06:00:00,5039.055,5045.195,5018.465,5023.425,60,923
2026-02-10 07:00:00,5023.445,5035.825,5018.125,5033.765,60,989
2026-02-10 08:00:00,5033.519,5054.985,5028.605,5041.555,60,704
2026-02-10 09:00:00,5041.505,5063.055,5040.315,5046.535,60,843
2026-02-10 10:00:00,5046.555,5057.925,5036.745,5046.585,60,795
2026-02-10 11:00:00,5046.555,5057.205,5044.255,5055.675,60,800
2026-02-10 12:00:00,5055.695,5056.925,5019.415,5031.975,60,797
2026-02-10 13:00:00,5031.995,5058.725,5026.565,5050.765,60,955
2026-02-10 14:00:00,5050.795,5078.485,5020.225,5039.295,60,790
2026-02-10 15:00:00,5038.988,5047.865,4998.685,5019.028,60,806
2026-02-10 16:00:00,5019.035,5026.215,5005.495,5023.645,60,853
2026-02-10 17:00:00,5023.575,5039.875,5020.385,5025.915,60,784
2026-02-10 18:00:00,5025.639,5027.535,5004.558,5012.755,60,783
2026-02-10 19:00:00,5012.725,5029.995,5008.585,5027.685,60,781
2026-02-10 20:00:00,5027.705,5045.155,5020.125,5029.898,60,781
2026-02-10 21:00:00,5029.898,5032.505,5020.045,5024.378,60,782
2026-02-10 23:00:00,5022.498,5054.435,5022.498,5041.575,60,3183
2026-02-11 00:00:00,5041.535,5049.225,5027.755,5037.535,60,1111
2026-02-11 01:00:00,5037.565,5052.928,5030.125,5052.245,60,1004
2026-02-11 02:00:00,5052.215,5057.535,5032.255,5055.465,60,908
2026-02-11 03:00:00,5055.435,5060.425,5044.508,5054.055,60,961
2026-02-11 04:00:00,5054.025,5059.415,5045.538,5045.985,60,905
2026-02-11 05:00:00,5046.005,5063.675,5043.285,5052.485,60,818
2026-02-11 06:00:00,5052.515,5064.295,5049.145,5063.865,60,803
2026-02-11 07:00:00,5063.905,5069.125,5048.475,5055.255,60,915
2026-02-11 08:00:00,5054.735,5060.215,5045.365,5053.315,60,997
2026-02-11 09:00:00,5053.295,5071.955,5046.755,5062.485,60,983
2026-02-11 10:00:00,5062.545,5100.915,5062.095,5092.985,60,937
2026-02-11 11:00:00,5093.015,5116.185,5082.358,5111.405,60,971
2026-02-11 12:00:00,5112.065,5118.815,5049.495,5083.055,60,989
2026-02-11 13:00:00,5083.025,5089.745,5017.995,5065.455,60,1453
2026-02-11 14:00:00,5065.495,5083.008,5035.535,5059.008,60,843
2026-02-11 15:00:00,5059.008,5081.485,5038.885,5059.885,60,910
2026-02-11 16:00:00,5059.515,5078.005,5042.745,5074.775,60,883
2026-02-11 17:00:00,5074.748,5098.765,5067.815,5091.245,60,892
2026-02-11 18:00:00,5091.195,5092.508,5066.615,5082.275,60,930
2026-02-11 19:00:00,5082.265,5094.015,5076.955,5081.705,60,669
2026-02-11 20:00:00,5081.695,5089.948,5077.898,5086.625,60,722
2026-02-11 21:00:00,5086.615,5092.605,5069.665,5083.525,60,643
2026-02-11 23:00:00,5084.198,5099.798,5051.925,5060.785,60,3684
2026-02-12 00:00:00,5060.625,5067.385,5049.505,5062.645,60,1392
2026-02-12 01:00:00,5062.295,5063.935,5044.368,5063.095,60,1154
2026-02-12 02:00:00,5063.115,5072.665,5054.745,5065.705,60,938
2026-02-12 03:00:00,5065.675,5074.425,5054.419,5056.655,60,861
2026-02-12 04:00:00,5056.605,5069.845,5050.568,5069.165,60,851
2026-02-12 05:00:00,5069.215,5077.995,5064.285,5075.315,60,852
2026-02-12 06:00:00,5075.575,5076.095,5046.678,5059.445,60,979
2026-02-12 07:00:00,5059.435,5065.938,5051.535,5063.385,60,963
2026-02-12 08:00:00,5063.415,5073.128,5051.895,5068.345,60,981
2026-02-12 09:00:00,5068.325,5080.535,5066.075,5072.705,60,787
2026-02-12 10:00:00,5072.735,5076.775,5055.835,5061.805,60,854
2026-02-12 11:00:00,5061.925,5068.055,5059.175,5063.505,60,978
2026-02-12 12:00:00,5063.558,5068.455,5048.485,5052.515,60,968
2026-02-12 13:00:00,5052.475,5083.475,5051.165,5075.098,60,882
2026-02-12 14:00:00,5075.098,5077.485,5039.265,5044.055,60,794
2026-02-12 15:00:00,5044.045,5074.655,5039.575,5060.248,60,963
2026-02-12 16:00:00,5060.295,5067.895,4877.255,4954.275,60,1554
2026-02-12 17:00:00,4954.295,4982.335,4939.055,4940.865,60,1017
2026-02-12 18:00:00,4940.645,4951.855,4906.185,4935.245,60,1136
2026-02-12 19:00:00,4935.435,4957.955,4927.345,4945.325,60,918
2026-02-12 20:00:00,4945.425,4948.205,4910.865,4914.859,60,780
2026-02-12 21:00:00,4914.615,4926.655,4911.455,4921.265,60,794
2026-02-12 23:00:00,4916.308,4928.195,4886.258,4919.775,53,4424
2026-02-13 00:00:00,4919.875,4948.125,4913.505,4927.705,60,1332
2026-02-13 01:00:00,4928.235,4988.285,4926.675,4980.475,60,1412
2026-02-13 02:00:00,4980.445,4991.315,4971.815,4988.215,60,993
2026-02-13 03:00:00,4988.185,4988.905,4973.575,4981.115,60,959
2026-02-13 04:00:00,4981.095,4996.955,4972.655,4976.365,60,831
2026-02-13 05:00:00,4976.375,4986.305,4944.475,4945.855,60,983
2026-02-13 06:00:00,4946.185,4968.515,4945.835,4966.875,60,896
2026-02-13 07:00:00,4966.915,4982.485,4950.855,4974.845,60,822
2026-02-13 08:00:00,4974.705,4989.315,4971.318,4982.389,60,956
2026-02-13 09:00:00,4982.389,4982.545,4961.105,4970.085,60,753
2026-02-13 10:00:00,4970.085,4980.495,4946.825,4949.755,60,755
2026-02-13 11:00:00,4949.829,4955.155,4933.495,4953.795,60,789
2026-02-13 12:00:00,4953.355,4973.755,4951.795,4969.275,60,796
2026-02-13 13:00:00,4969.275,4999.185,4957.385,4986.775,60,945
2026-02-13 14:00:00,4986.298,5010.636,4963.748,4995.185,60,826
2026-02-13 15:00:00,4995.225,5020.155,4973.688,4976.338,60,1129
2026-02-13 16:00:00,4976.375,5033.618,4975.298,5007.605,60,889
2026-02-13 17:00:00,5007.635,5028.898,5005.655,5020.715,60,806
2026-02-13 18:00:00,5020.745,5035.215,5015.098,5030.855,60,780
2026-02-13 19:00:00,5030.915,5045.805,5023.285,5023.285,60,775
2026-02-13 20:00:00,5023.595,5034.498,5021.275,5032.315,60,787
2026-02-13 21:00:00,5032.295,5045.965,5029.425,5040.285,60,777
2026-02-15 23:00:00,5035.898,5051.678,5006.628,5019.898,60,4274
2026-02-16 00:00:00,5019.655,5022.235,4999.428,5015.265,60,1213
2026-02-16 01:00:00,5015.215,5030.945,5006.685,5028.585,60,799
2026-02-16 02:00:00,5028.605,5030.885,4991.815,4994.405,60,765
2026-02-16 03:00:00,4994.405,4999.665,4967.305,4987.195,60,831
2026-02-16 04:00:00,4987.195,4991.915,4971.238,4977.525,60,859
2026-02-16 05:00:00,4977.515,4990.485,4964.868,4990.375,60,782
2026-02-16 06:00:00,4990.155,5002.775,4984.325,4994.445,60,803
2026-02-16 07:00:00,4994.505,5009.738,4988.745,5006.985,60,724
2026-02-16 08:00:00,5006.985,5013.015,4995.295,5007.825,60,792
2026-02-16 09:00:00,5007.715,5017.055,5007.695,5013.195,60,788
2026-02-16 10:00:00,5012.955,5016.975,4999.945,5005.735,60,792
2026-02-16 11:00:00,5005.765,5007.845,4998.625,5004.075,60,791
2026-02-16 12:00:00,5004.115,5007.865,4992.558,5001.625,60,791
2026-02-16 13:00:00,5001.585,5003.405,4989.218,4996.995,60,820
2026-02-16 14:00:00,4996.975,4999.395,4981.425,4988.105,60,785
2026-02-16 15:00:00,4987.779,4988.025,4968.665,4979.405,60,725
2026-02-16 16:00:00,4979.365,4990.135,4972.875,4987.875,60,706
2026-02-16 17:00:00,4987.875,4995.795,4987.855,4991.375,60,866
2026-02-16 18:00:00,4991.695,4997.535,4988.305,4994.255,60,841
2026-02-16 19:00:00,4994.235,4996.025,4990.148,4990.375,29,861
2026-02-16 23:00:00,4994.098,5000.645,4984.445,4989.435,60,2920
2026-02-17 00:00:00,4989.465,4991.005,4931.785,4935.275,60,936
2026-02-17 01:00:00,4935.405,4963.565,4922.558,4957.535,60,956
2026-02-17 02:00:00,4957.178,4970.845,4954.225,4966.638,60,861
2026-02-17 03:00:00,4966.578,4969.778,4949.645,4956.505,60,881
2026-02-17 04:00:00,4956.425,4960.055,4946.245,4952.545,60,944
2026-02-17 05:00:00,4952.515,4953.975,4856.648,4888.485,60,1168
2026-02-17 06:00:00,4888.315,4913.848,4886.205,4910.105,60,1100
2026-02-17 07:00:00,4910.115,4921.905,4903.595,4916.765,60,697
2026-02-17 08:00:00,4916.885,4930.195,4916.165,4920.385,60,835
2026-02-17 09:00:00,4920.185,4932.175,4912.735,4925.655,60,856
2026-02-17 10:00:00,4925.635,4938.965,4907.355,4912.925,60,840
2026-02-17 11:00:00,4912.955,4930.735,4912.835,4929.015,60,850
2026-02-17 12:00:00,4928.679,4944.255,4927.925,4931.685,60,841
2026-02-17 13:00:00,4931.795,4933.055,4869.705,4870.485,60,1020
2026-02-17 14:00:00,4870.525,4906.675,4840.095,4863.305,60,1035
2026-02-17 15:00:00,4862.825,4882.098,4848.485,4878.135,60,1199
2026-02-17 16:00:00,4878.165,4893.085,4868.118,4868.755,60,922
2026-02-17 17:00:00,4868.775,4870.985,4849.645,4864.615,60,922
2026-02-17 18:00:00,4864.675,4910.165,4862.085,4898.505,60,903
2026-02-17 19:00:00,4898.525,4900.808,4876.135,4879.975,60,917
2026-02-17 20:00:00,4879.925,4883.885,4872.985,4877.558,60,900
2026-02-17 21:00:00,4877.575,4886.485,4874.545,4878.465,60,915
2026-02-17 23:00:00,4874.828,4884.155,4853.775,4858.815,58,7878
2026-02-18 00:00:00,4858.855,4882.925,4857.848,4874.495,60,1048
2026-02-18 01:00:00,4874.435,4892.448,4874.185,4889.615,60,939
2026-02-18 02:00:00,4889.555,4906.985,4886.115,4904.945,60,924
2026-02-18 03:00:00,4904.975,4921.975,4903.825,4920.425,60,903
2026-02-18 04:00:00,4920.445,4939.845,4918.015,4933.585,60,847
2026-02-18 05:00:00,4933.655,4939.525,4929.555,4933.165,60,926
2026-02-18 06:00:00,4933.205,4935.745,4924.925,4930.525,60,838
2026-02-18 07:00:00,4930.495,4942.095,4928.865,4929.995,60,840
2026-02-18 08:00:00,4929.945,4932.098,4916.345,4916.825,60,816
2026-02-18 09:00:00,4917.393,4922.875,4912.735,4917.105,60,695
2026-02-18 10:00:00,4917.135,4924.335,4909.225,4914.175,60,685
2026-02-18 11:00:00,4914.155,4917.435,4906.055,4912.735,60,683
2026-02-18 12:00:00,4912.775,4946.935,4911.765,4942.735,60,728
2026-02-18 13:00:00,4942.915,4968.585,4942.765,4954.265,60,807
2026-02-18 14:00:00,4954.285,4994.098,4951.985,4991.595,60,727
2026-02-18 15:00:00,4991.535,5008.698,4991.215,4997.625,60,749
2026-02-18 16:00:00,4997.765,5010.815,4991.145,5000.215,60,723
2026-02-18 17:00:00,5000.185,5001.395,4993.135,4998.875,60,710
2026-02-18 18:00:00,4998.855,5002.828,4980.295,4986.508,60,727
2026-02-18 19:00:00,4986.448,4995.215,4972.655,4980.315,60,1043
2026-02-18 20:00:00,4980.335,4987.335,4975.225,4984.595,60,722
2026-02-18 21:00:00,4984.505,4986.125,4975.235,4975.715,60,708
2026-02-18 23:00:00,4971.648,4988.495,4965.255,4975.635,60,3213
2026-02-19 00:00:00,4975.615,4975.975,4960.048,4960.995,60,876
2026-02-19 01:00:00,4960.985,4975.225,4960.198,4972.755,60,894
2026-02-19 02:00:00,4972.725,4977.095,4965.455,4967.925,60,870
2026-02-19 03:00:00,4967.885,4982.925,4966.075,4981.278,60,1007
2026-02-19 04:00:00,4981.115,4985.205,4976.655,4984.025,60,897
2026-02-19 05:00:00,4983.925,4998.405,4983.925,4996.665,60,880
2026-02-19 06:00:00,4996.645,5019.685,4996.335,5017.955,60,885
2026-02-19 07:00:00,5017.995,5021.555,5008.585,5010.025,60,695
2026-02-19 08:00:00,5010.005,5022.015,5006.045,5016.885,60,708
2026-02-19 09:00:00,5016.925,5020.265,4992.778,4995.485,60,693
2026-02-19 10:00:00,4995.445,4995.995,4981.138,4993.015,60,691
2026-02-19 11:00:00,4992.975,4996.215,4977.695,4984.115,60,836
2026-02-19 12:00:00,4984.125,4992.575,4980.135,4984.498,60,822
2026-02-19 13:00:00,4984.635,4998.205,4971.978,4996.815,60,823
2026-02-19 14:00:00,4996.795,5010.175,4962.638,5005.138,60,838
2026-02-19 15:00:00,5005.138,5021.948,4995.988,5013.445,60,857
2026-02-19 16:00:00,5013.398,5014.025,4989.965,4994.745,60,835
2026-02-19 17:00:00,4994.885,5001.495,4982.565,4984.605,60,837
2026-02-19 18:00:00,4984.635,4989.155,4975.065,4981.485,60,845
2026-02-19 19:00:00,4981.465,4990.035,4978.015,4987.675,60,820
2026-02-19 20:00:00,4987.715,5003.175,4987.715,5001.505,60,701
2026-02-19 21:00:00,5001.475,5003.885,4991.715,4993.685,60,737
2026-02-19 23:00:00,4992.808,5007.498,4985.135,4987.445,60,3117
2026-02-20 00:00:00,4987.508,5006.565,4985.045,5006.085,60,953
2026-02-20 01:00:00,5006.065,5014.515,4994.965,4996.615,60,852
2026-02-20 02:00:00,4996.645,5007.145,4992.415,4995.825,60,972
2026-02-20 03:00:00,4995.845,4998.885,4981.315,4987.685,60,835
2026-02-20 04:00:00,4988.045,5003.015,4986.365,4999.445,60,835
2026-02-20 05:00:00,4999.605,5011.555,4997.598,5011.535,60,861
2026-02-20 06:00:00,5011.578,5029.675,5011.498,5020.305,60,843
2026-02-20 07:00:00,5020.365,5027.975,5005.835,5006.005,60,718
2026-02-20 08:00:00,5006.035,5030.845,5004.665,5028.645,60,833
2026-02-20 09:00:00,5029.245,5042.325,5027.195,5027.345,60,835
2026-02-20 10:00:00,5027.485,5038.095,5019.258,5034.415,60,828
2026-02-20 11:00:00,5034.375,5034.505,5015.085,5016.955,60,838
2026-02-20 12:00:00,5017.395,5026.425,5006.775,5024.935,60,831
2026-02-20 13:00:00,5024.955,5048.555,5017.795,5043.285,60,842
2026-02-20 14:00:00,5043.265,5060.255,5036.885,5054.045,60,824
2026-02-20 15:00:00,5053.915,5063.775,4989.025,5042.318,60,1213
2026-02-20 16:00:00,5042.318,5068.825,5038.365,5066.435,60,914
2026-02-20 17:00:00,5065.968,5076.038,5054.155,5072.695,60,835
2026-02-20 18:00:00,5072.625,5074.755,5053.715,5071.098,60,823
2026-02-20 19:00:00,5071.105,5079.675,5068.498,5079.098,60,745
2026-02-20 20:00:00,5079.165,5098.035,5076.555,5096.635,60,801
2026-02-20 21:00:00,5096.825,5107.698,5091.465,5106.169,60,682
2026-02-22 23:00:00,5106.098,5171.565,5096.958,5165.025,60,4509
2026-02-23 00:00:00,5164.255,5166.295,5129.035,5144.235,60,1017
2026-02-23 01:00:00,5144.255,5167.465,5139.745,5157.015,60,869
2026-02-23 02:00:00,5156.885,5176.385,5156.275,5173.365,60,837
2026-02-23 03:00:00,5173.365,5175.685,5151.655,5166.415,60,865
2026-02-23 04:00:00,5166.345,5168.585,5155.105,5160.425,60,837
2026-02-23 05:00:00,5160.405,5161.438,5151.938,5157.965,60,814
2026-02-23 06:00:00,5157.945,5161.265,5144.715,5145.385,60,839
2026-02-23 07:00:00,5145.585,5154.175,5124.965,5136.535,60,770
2026-02-23 08:00:00,5136.245,5141.905,5121.818,5139.975,60,700
2026-02-23 09:00:00,5139.925,5149.835,5139.275,5149.375,60,711
2026-02-23 10:00:00,5149.395,5163.295,5144.748,5162.705,60,689
2026-02-23 11:00:00,5162.725,5163.215,5146.325,5149.475,60,709
2026-02-23 12:00:00,5149.275,5165.235,5145.225,5163.875,60,717
2026-02-23 13:00:00,5163.835,5165.188,5143.405,5146.055,60,709
2026-02-23 14:00:00,5145.995,5200.198,5141.225,5192.245,60,728
2026-02-23 15:00:00,5192.245,5204.875,5180.355,5195.928,60,798
2026-02-23 16:00:00,5195.588,5218.865,5175.545,5209.705,60,741
2026-02-23 17:00:00,5209.755,5213.225,5190.675,5207.665,60,746
2026-02-23 18:00:00,5207.748,5215.655,5200.998,5209.285,60,696
2026-02-23 19:00:00,5209.315,5217.935,5206.325,5215.298,60,716
2026-02-23 20:00:00,5215.265,5237.725,5214.515,5236.205,60,747
2026-02-23 21:00:00,5236.145,5237.055,5226.265,5226.635,60,751
2026-02-23 23:00:00,5225.898,5249.575,5221.639,5235.345,60,3240
2026-02-24 00:00:00,5235.395,5237.825,5217.295,5223.555,60,925
2026-02-24 01:00:00,5223.505,5223.715,5144.698,5176.855,60,1460
2026-02-24 02:00:00,5177.125,5190.665,5165.168,5189.695,60,952
2026-02-24 03:00:00,5189.665,5191.605,5170.735,5171.765,60,845
2026-02-24 04:00:00,5171.765,5174.985,5160.698,5167.935,60,856
2026-02-24 05:00:00,5167.865,5185.545,5163.715,5182.205,60,881
2026-02-24 06:00:00,5182.225,5184.545,5156.305,5173.165,60,863
2026-02-24 07:00:00,5173.305,5183.555,5163.845,5179.125,60,743
2026-02-24 08:00:00,5178.869,5181.648,5164.575,5173.175,60,1022
2026-02-24 09:00:00,5172.928,5179.958,5166.225,5171.038,60,996
2026-02-24 10:00:00,5171.038,5181.275,5162.845,5172.595,60,823
2026-02-24 11:00:00,5172.615,5178.295,5170.655,5172.545,60,685
2026-02-24 12:00:00,5172.525,5173.255,5144.815,5150.415,60,853
2026-02-24 13:00:00,5150.325,5161.105,5110.565,5114.635,60,826
2026-02-24 14:00:00,5114.665,5139.015,5093.225,5127.405,60,924
2026-02-24 15:00:00,5127.615,5155.045,5117.775,5150.098,60,991
2026-02-24 16:00:00,5150.098,5152.055,5130.498,5141.715,60,718
2026-02-24 17:00:00,5141.795,5163.555,5141.485,5163.435,60,732
2026-02-24 18:00:00,5163.348,5170.045,5153.305,5159.785,60,694
2026-02-24 19:00:00,5159.485,5160.185,5146.165,5153.705,60,705
2026-02-24 20:00:00,5153.735,5173.075,5146.415,5163.655,60,716
2026-02-24 21:00:00,5163.898,5165.615,5139.675,5141.345,60,706
2026-02-24 23:00:00,5137.095,5152.005,5127.048,5146.365,59,9087
2026-02-25 00:00:00,5146.395,5155.835,5136.535,5151.855,60,847
2026-02-25 01:00:00,5151.885,5189.635,5143.798,5176.505,60,943
2026-02-25 02:00:00,5176.465,5193.518,5166.205,5180.325,60,846
2026-02-25 03:00:00,5180.365,5189.805,5177.905,5181.648,60,870
2026-02-25 04:00:00,5181.648,5184.825,5171.945,5182.365,60,968
2026-02-25 05:00:00,5182.685,5210.335,5182.398,5201.275,60,833
2026-02-25 06:00:00,5201.298,5201.298,5182.175,5194.425,60,897
2026-02-25 07:00:00,5194.415,5194.865,5180.065,5184.455,60,761
2026-02-25 08:00:00,5184.415,5197.025,5183.895,5185.055,60,725
2026-02-25 09:00:00,5185.155,5194.375,5176.325,5193.095,60,698
2026-02-25 10:00:00,5193.115,5195.025,5169.745,5174.785,60,706
2026-02-25 11:00:00,5174.715,5182.305,5154.895,5181.315,60,731
2026-02-25 12:00:00,5181.295,5187.175,5177.035,5182.525,60,728
2026-02-25 13:00:00,5182.505,5191.275,5180.855,5184.935,60,741
2026-02-25 14:00:00,5184.895,5193.065,5158.445,5190.935,60,701
2026-02-25 15:00:00,5190.925,5202.355,5171.758,5194.645,60,747
2026-02-25 16:00:00,5194.625,5213.615,5189.445,5212.005,60,718
2026-02-25 17:00:00,5211.985,5217.385,5203.445,5206.585,60,699
2026-02-25 18:00:00,5206.615,5207.375,5200.375,5201.805,60,820
2026-02-25 19:00:00,5201.855,5207.948,5191.325,5204.745,60,951
2026-02-25 20:00:00,5204.785,5206.098,5144.958,5151.765,60,756
2026-02-25 21:00:00,5151.905,5173.235,5150.095,5164.915,60,882
2026-02-25 23:00:00,5157.898,5181.278,5154.955,5162.905,60,3953
2026-02-26 00:00:00,5162.925,5191.965,5154.835,5187.995,60,976
2026-02-26 01:00:00,5187.965,5198.285,5178.175,5191.235,60,866
2026-02-26 02:00:00,5191.195,5195.515,5173.698,5184.095,60,853
2026-02-26 03:00:00,5184.075,5193.565,5182.695,5192.455,60,848
2026-02-26 04:00:00,5192.425,5199.165,5190.065,5192.265,60,821
2026-02-26 05:00:00,5192.268,5205.215,5189.765,5198.105,60,936
2026-02-26 06:00:00,5198.085,5199.385,5190.105,5192.935,60,865
2026-02-26 07:00:00,5192.975,5194.595,5179.358,5185.745,60,708
2026-02-26 08:00:00,5186.075,5190.605,5167.265,5179.145,60,729
2026-02-26 09:00:00,5178.858,5189.335,5173.595,5186.215,60,707
2026-02-26 10:00:00,5186.155,5189.905,5165.458,5171.245,60,716
2026-02-26 11:00:00,5171.175,5178.145,5160.985,5164.405,60,729
2026-02-26 12:00:00,5164.465,5187.585,5157.495,5183.475,60,695
2026-02-26 13:00:00,5183.495,5185.395,5163.905,5165.765,60,808
2026-02-26 14:00:00,5165.735,5175.695,5139.485,5164.425,60,740
2026-02-26 15:00:00,5164.365,5192.535,5129.495,5185.388,60,997
2026-02-26 16:00:00,5185.388,5186.905,5172.735,5179.395,60,805
2026-02-26 17:00:00,5179.475,5190.035,5161.645,5167.005,60,703
2026-02-26 18:00:00,5167.315,5185.785,5160.115,5180.145,60,722
2026-02-26 19:00:00,5180.245,5193.845,5179.258,5186.765,60,692
2026-02-26 20:00:00,5186.548,5200.865,5186.495,5196.195,60,738
2026-02-26 21:00:00,5196.205,5200.485,5179.825,5182.715,60,718
2026-02-26 23:00:00,5180.488,5189.025,5172.845,5184.345,60,2353
2026-02-27 00:00:00,5184.375,5194.565,5169.865,5174.575,60,998
2026-02-27 01:00:00,5174.605,5194.155,5166.535,5193.825,60,866
2026-02-27 02:00:00,5193.775,5199.425,5173.185,5183.345,60,848
2026-02-27 03:00:00,5183.265,5190.435,5180.955,5183.675,60,867
2026-02-27 04:00:00,5183.645,5188.585,5180.645,5181.435,60,845
2026-02-27 05:00:00,5181.405,5200.075,5181.075,5197.465,60,824
2026-02-27 06:00:00,5197.285,5199.178,5184.645,5185.395,60,828
2026-02-27 07:00:00,5185.385,5189.475,5175.375,5175.705,60,707
2026-02-27 08:00:00,5176.135,5182.165,5174.045,5178.545,60,745
2026-02-27 09:00:00,5178.525,5182.355,5171.858,5175.645,60,753
2026-02-27 10:00:00,5175.665,5180.625,5168.155,5177.415,60,831
2026-02-27 11:00:00,5177.435,5185.515,5172.235,5185.495,60,984
2026-02-27 12:00:00,5185.465,5190.455,5182.638,5187.135,60,827
2026-02-27 13:00:00,5187.205,5240.235,5186.415,5222.795,60,1040
2026-02-27 14:00:00,5222.575,5236.145,5213.535,5223.395,60,830
2026-02-27 15:00:00,5223.315,5246.248,5214.378,5239.215,60,831
2026-02-27 16:00:00,5239.365,5257.405,5221.635,5228.855,60,827
2026-02-27 17:00:00,5228.785,5236.705,5220.375,5234.375,60,825
2026-02-27 18:00:00,5234.348,5246.565,5222.295,5245.065,60,805
2026-02-27 19:00:00,5245.045,5252.105,5239.778,5249.698,60,808
2026-02-27 20:00:00,5249.705,5265.198,5248.335,5262.995,60,819
2026-02-27 21:00:00,5263.005,5280.878,5256.858,5277.419,60,830
2026-03-01 23:00:00,5372.198,5392.995,5296.668,5386.545,59,6033
2026-03-02 00:00:00,5386.675,5387.645,5340.375,5347.045,60,1254
2026-03-02 01:00:00,5347.015,5347.015,5302.695,5324.615,60,1382
2026-03-02 02:00:00,5324.595,5351.435,5316.745,5346.195,60,1053
2026-03-02 03:00:00,5346.298,5366.535,5343.818,5366.095,60,860
2026-03-02 04:00:00,5366.065,5366.935,5344.505,5355.725,60,957
2026-03-02 05:00:00,5355.785,5365.985,5340.575,5365.785,60,867
2026-03-02 06:00:00,5365.815,5389.505,5363.385,5387.275,60,883
2026-03-02 07:00:00,5387.195,5418.875,5384.668,5408.105,60,738
2026-03-02 08:00:00,5408.075,5416.455,5391.045,5393.865,60,761
2026-03-02 09:00:00,5393.835,5402.815,5385.535,5391.755,60,736
2026-03-02 10:00:00,5391.775,5400.715,5378.645,5388.945,60,728
2026-03-02 11:00:00,5389.035,5399.795,5374.865,5385.155,60,782
2026-03-02 12:00:00,5385.035,5398.498,5378.705,5396.845,60,770
2026-03-02 13:00:00,5396.875,5416.625,5381.338,5393.655,60,847
2026-03-02 14:00:00,5393.675,5394.895,5305.069,5331.645,60,1301
2026-03-02 15:00:00,5331.248,5348.438,5307.885,5315.505,60,1343
2026-03-02 16:00:00,5314.925,5314.925,5260.095,5289.705,60,1149
2026-03-02 17:00:00,5289.725,5320.315,5286.555,5306.605,60,958
2026-03-02 18:00:00,5306.705,5316.465,5289.275,5315.385,60,838
2026-03-02 19:00:00,5315.335,5333.795,5313.575,5330.195,60,734
2026-03-02 20:00:00,5330.235,5346.045,5328.095,5331.995,60,922
2026-03-02 21:00:00,5332.105,5340.095,5321.005,5321.845,60,739
2026-03-02 23:00:00,5321.098,5346.658,5320.698,5345.695,60,3694
2026-03-03 00:00:00,5345.755,5361.788,5336.565,5349.905,60,866
2026-03-03 01:00:00,5349.925,5379.755,5337.685,5338.755,60,913
2026-03-03 02:00:00,5339.175,5367.695,5332.525,5366.625,60,960
2026-03-03 03:00:00,5366.645,5373.185,5358.598,5367.115,60,897
2026-03-03 04:00:00,5367.055,5375.255,5359.115,5360.855,60,859
2026-03-03 05:00:00,5360.835,5366.615,5304.465,5318.795,60,896
2026-03-03 06:00:00,5318.735,5322.675,5278.598,5310.315,60,1060
2026-03-03 07:00:00,5309.998,5330.855,5305.705,5327.435,60,798
2026-03-03 08:00:00,5327.395,5335.735,5289.835,5295.445,60,758
2026-03-03 09:00:00,5295.235,5303.645,5225.718,5274.795,60,1504
2026-03-03 10:00:00,5274.775,5287.555,5237.415,5247.735,60,867
2026-03-03 11:00:00,5247.695,5263.625,5071.645,5144.318,60,3130
2026-03-03 12:00:00,5144.485,5226.505,5137.805,5224.065,60,1421
2026-03-03 13:00:00,5224.045,5224.075,5127.075,5156.445,60,1410
2026-03-03 14:00:00,5156.405,5175.118,5015.725,5037.825,60,1069
2026-03-03 15:00:00,5038.195,5096.548,4995.475,5095.098,60,1888
2026-03-03 16:00:00,5094.998,5134.358,5090.175,5106.365,60,1003
2026-03-03 17:00:00,5106.788,5109.548,5065.045,5078.975,60,999
2026-03-03 18:00:00,5079.085,5138.088,5078.865,5135.775,60,866
2026-03-03 19:00:00,5135.795,5148.645,5099.088,5112.985,60,878
2026-03-03 20:00:00,5113.485,5130.085,5085.635,5096.985,60,896
2026-03-03 21:00:00,5097.035,5110.125,5082.955,5084.865,60,848
2026-03-03 23:00:00,5099.298,5129.545,5086.868,5125.035,60,3551
2026-03-04 00:00:00,5125.015,5139.995,5105.348,5138.375,60,973
2026-03-04 01:00:00,5138.395,5178.095,5138.325,5174.795,60,1048
2026-03-04 02:00:00,5174.755,5190.675,5153.495,5156.075,60,939
2026-03-04 03:00:00,5156.075,5177.185,5141.015,5173.978,60,978
2026-03-04 04:00:00,5173.795,5180.505,5151.805,5156.525,60,989
2026-03-04 05:00:00,5156.495,5168.065,5151.795,5159.438,60,845
2026-03-04 06:00:00,5159.395,5160.395,5119.395,5160.025,60,1045
2026-03-04 07:00:00,5160.095,5175.638,5158.175,5168.025,60,777
2026-03-04 08:00:00,5168.148,5181.815,5147.238,5167.285,60,758
2026-03-04 09:00:00,5167.225,5184.775,5158.549,5181.995,60,781
2026-03-04 10:00:00,5182.035,5202.048,5179.325,5189.635,60,937
2026-03-04 11:00:00,5189.695,5200.485,5187.485,5191.975,60,671
2026-03-04 12:00:00,5192.055,5205.995,5156.095,5170.945,60,808
2026-03-04 13:00:00,5171.195,5196.065,5167.135,5167.605,60,693
2026-03-04 14:00:00,5167.465,5184.875,5138.475,5145.855,60,745
2026-03-04 15:00:00,5142.758,5166.709,5130.965,5151.005,60,1250
2026-03-04 16:00:00,5150.995,5162.138,5137.948,5149.485,60,811
2026-03-04 17:00:00,5149.485,5152.835,5120.235,5140.935,60,823
2026-03-04 18:00:00,5140.765,5143.465,5108.678,5133.638,60,797
2026-03-04 19:00:00,5133.618,5139.385,5122.998,5137.725,60,805
2026-03-04 20:00:00,5137.495,5146.665,5123.495,5134.505,60,820
2026-03-04 21:00:00,5134.485,5143.805,5129.135,5140.325,60,827
2026-03-04 23:00:00,5148.898,5165.965,5142.675,5165.025,60,5654
2026-03-05 00:00:00,5164.995,5179.93,5159.105,5172.315,60,823
2026-03-05 01:00:00,5172.615,5186.025,5167.185,5172.315,60,761
2026-03-05 02:00:00,5172.089,5192.205,5171.295,5191.735,60,808
2026-03-05 03:00:00,5191.705,5194.615,5177.975,5179.915,60,745
2026-03-05 04:00:00,5179.935,5186.415,5165.995,5171.365,60,758
2026-03-05 05:00:00,5171.445,5176.555,5147.985,5148.325,60,768
2026-03-05 06:00:00,5148.685,5168.465,5119.995,5167.345,60,834
2026-03-05 07:00:00,5167.375,5172.475,5158.395,5161.845,60,723
2026-03-05 08:00:00,5161.805,5170.135,5137.218,5165.155,60,838
2026-03-05 09:00:00,5165.175,5180.165,5152.615,5160.765,60,839
2026-03-05 10:00:00,5160.745,5167.545,5145.855,5164.325,60,832
2026-03-05 11:00:00,5164.375,5167.855,5156.635,5163.655,60,834
2026-03-05 12:00:00,5163.615,5171.255,5160.545,5162.385,60,839
2026-03-05 13:00:00,5162.618,5163.895,5080.735,5117.755,60,1050
2026-03-05 14:00:00,5117.805,5129.725,5090.138,5101.705,60,831
2026-03-05 15:00:00,5101.675,5119.595,5060.025,5102.225,60,828
2026-03-05 16:00:00,5102.255,5104.475,5054.035,5077.405,60,831
2026-03-05 17:00:00,5077.435,5089.275,5054.665,5062.575,60,831
2026-03-05 18:00:00,5062.595,5085.245,5050.638,5069.185,60,822
2026-03-05 19:00:00,5069.075,5080.995,5055.235,5065.895,60,838
2026-03-05 20:00:00,5065.805,5094.545,5061.485,5076.405,60,826
2026-03-05 21:00:00,5076.495,5084.765,5071.945,5083.175,60,850
2026-03-05 23:00:00,5079.318,5101.705,5079.318,5085.885,58,9983
2026-03-06 00:00:00,5085.835,5092.055,5073.875,5084.365,60,860
2026-03-06 01:00:00,5083.678,5143.665,5066.215,5134.425,60,832
2026-03-06 02:00:00,5134.315,5138.115,5121.895,5125.985,60,785
2026-03-06 03:00:00,5125.945,5141.048,5124.085,5130.705,60,803
2026-03-06 04:00:00,5130.745,5136.095,5125.898,5127.295,60,808
2026-03-06 05:00:00,5127.185,5129.975,5113.975,5117.085,60,744
2026-03-06 06:00:00,5117.195,5122.695,5108.798,5115.395,60,749
2026-03-06 07:00:00,5115.425,5120.605,5105.495,5119.435,60,664
2026-03-06 08:00:00,5119.455,5122.765,5095.985,5108.525,60,817
2026-03-06 09:00:00,5108.048,5109.068,5083.048,5085.335,60,835
2026-03-06 10:00:00,5085.355,5093.055,5075.455,5090.725,60,862
2026-03-06 11:00:00,5090.745,5099.415,5062.125,5076.655,60,835
2026-03-06 12:00:00,5076.705,5096.295,5075.915,5082.735,60,1002
2026-03-06 13:00:00,5082.715,5130.615,5065.058,5084.775,60,1221
2026-03-06 14:00:00,5084.785,5131.705,5080.615,5129.835,60,848
2026-03-06 15:00:00,5129.828,5171.238,5127.498,5141.615,60,837
2026-03-06 16:00:00,5141.585,5152.905,5125.735,5139.475,60,832
2026-03-06 17:00:00,5139.805,5152.235,5128.715,5140.355,60,835
2026-03-06 18:00:00,5140.375,5167.415,5138.248,5160.565,60,830
2026-03-06 19:00:00,5160.558,5174.355,5156.385,5159.475,60,831
2026-03-06 20:00:00,5159.535,5162.435,5149.155,5153.195,60,837
2026-03-06 21:00:00,5152.995,5175.048,5150.565,5171.798,60,838
2026-03-08 22:00:00,5178.935,5196.698,5102.905,5129.448,60,2545
2026-03-08 23:00:00,5129.448,5134.518,5043.468,5075.675,60,2348
2026-03-09 00:00:00,5075.295,5079.518,5028.195,5049.735,60,1103
2026-03-09 01:00:00,5049.455,5087.345,5014.655,5069.885,60,1051
2026-03-09 02:00:00,5069.915,5098.915,5055.125,5094.355,60,787
2026-03-09 03:00:00,5094.375,5102.145,5081.385,5091.115,60,792
2026-03-09 04:00:00,5091.145,5096.985,5085.115,5090.005,60,758
2026-03-09 05:00:00,5090.125,5140.365,5080.765,5124.025,60,756
2026-03-09 06:00:00,5123.995,5133.745,5096.785,5097.385,60,768
2026-03-09 07:00:00,5097.415,5107.685,5088.095,5098.705,60,672
2026-03-09 08:00:00,5098.685,5110.715,5086.845,5096.375,60,676
2026-03-09 09:00:00,5095.985,5132.235,5094.725,5104.965,60,796
2026-03-09 10:00:00,5104.935,5110.855,5083.405,5086.975,60,833
2026-03-09 11:00:00,5086.955,5097.065,5079.235,5087.795,60,840
2026-03-09 12:00:00,5087.935,5111.865,5087.229,5094.598,60,822
2026-03-09 13:00:00,5094.615,5110.978,5067.125,5073.885,60,825
2026-03-09 14:00:00,5073.935,5115.795,5060.139,5093.665,60,819
2026-03-09 15:00:00,5093.665,5103.135,5079.175,5099.268,60,827
2026-03-09 16:00:00,5099.015,5110.428,5094.505,5104.368,60,815
2026-03-09 17:00:00,5104.368,5106.535,5088.685,5095.748,60,785
2026-03-09 18:00:00,5095.835,5126.098,5092.135,5122.915,60,677
2026-03-09 19:00:00,5122.945,5143.898,5118.078,5140.785,60,832
2026-03-09 20:00:00,5140.765,5147.905,5133.955,5138.935,60,827
2026-03-09 22:00:00,5138.475,5152.598,5117.065,5152.498,60,1825
2026-03-09 23:00:00,5152.498,5155.825,5135.125,5139.475,60,1375
2026-03-10 00:00:00,5139.305,5141.015,5124.535,5130.805,60,764
2026-03-10 01:00:00,5130.825,5186.075,5124.465,5183.965,60,774
2026-03-10 02:00:00,5183.905,5186.578,5163.505,5165.665,60,761
2026-03-10 03:00:00,5165.545,5173.225,5155.348,5157.375,60,737
2026-03-10 04:00:00,5157.238,5166.385,5154.125,5163.735,60,739
2026-03-10 05:00:00,5163.755,5179.125,5163.525,5177.735,60,741
2026-03-10 06:00:00,5177.755,5180.795,5171.495,5175.025,60,753
2026-03-10 07:00:00,5175.035,5181.306,5158.248,5180.855,60,663
2026-03-10 08:00:00,5180.815,5194.945,5174.718,5183.075,60,669
2026-03-10 09:00:00,5183.075,5189.225,5180.265,5182.335,60,675
2026-03-10 10:00:00,5182.275,5183.835,5156.175,5177.045,60,662
2026-03-10 11:00:00,5177.065,5191.725,5171.458,5174.975,60,631
2026-03-10 12:00:00,5175.005,5189.305,5162.225,5186.835,60,637
2026-03-10 13:00:00,5186.795,5228.445,5185.755,5204.885,60,638
2026-03-10 14:00:00,5204.795,5214.155,5185.035,5206.465,60,776
2026-03-10 15:00:00,5206.445,5238.365,5202.945,5228.395,60,772
2026-03-10 16:00:00,5228.365,5235.475,5222.445,5227.385,60,771
2026-03-10 17:00:00,5227.355,5235.125,5223.215,5227.305,60,783
2026-03-10 18:00:00,5227.365,5227.735,5160.445,5191.425,60,787
2026-03-10 19:00:00,5191.475,5207.365,5179.485,5198.648,60,785
2026-03-10 20:00:00,5198.648,5198.898,5190.485,5190.855,60,779
2026-03-10 22:00:00,5188.365,5197.545,5182.395,5188.578,59,4247
2026-03-10 23:00:00,5188.598,5197.175,5187.375,5197.175,60,1494
2026-03-11 00:00:00,5197.175,5219.175,5186.495,5215.005,60,707
2026-03-11 01:00:00,5214.985,5223.015,5208.185,5208.195,60,723
2026-03-11 02:00:00,5208.245,5220.245,5193.965,5217.145,60,714
2026-03-11 03:00:00,5217.035,5220.115,5199.065,5203.145,60,712
2026-03-11 04:00:00,5203.225,5208.375,5199.118,5204.215,60,707
2026-03-11 05:00:00,5204.195,5208.095,5190.275,5199.505,60,709
2026-03-11 06:00:00,5199.475,5210.485,5191.315,5197.265,60,709
2026-03-11 07:00:00,5197.325,5201.975,5184.425,5195.465,60,699
2026-03-11 08:00:00,5195.445,5198.465,5175.155,5187.465,60,634
2026-03-11 09:00:00,5187.415,5197.055,5179.365,5187.495,60,630
2026-03-11 10:00:00,5187.515,5195.185,5176.835,5185.625,60,639
2026-03-11 11:00:00,5185.645,5193.425,5175.425,5180.985,60,786
2026-03-11 12:00:00,5181.005,5195.958,5166.505,5167.225,60,867
2026-03-11 13:00:00,5167.265,5182.765,5149.065,5176.695,60,761
2026-03-11 14:00:00,5176.665,5195.898,5174.165,5182.975,60,759
2026-03-11 15:00:00,5182.945,5185.495,5163.675,5166.105,60,774
2026-03-11 16:00:00,5166.075,5177.615,5163.345,5175.455,60,774
2026-03-11 17:00:00,5175.475,5180.815,5154.165,5169.605,60,678
2026-03-11 18:00:00,5169.555,5178.325,5168.965,5172.205,60,783
2026-03-11 19:00:00,5172.265,5183.295,5168.998,5182.965,60,771
2026-03-11 20:00:00,5182.975,5183.345,5174.825,5176.115,60,766
2026-03-11 22:00:00,5178.078,5183.335,5129.175,5138.498,60,1067
2026-03-11 23:00:00,5138.075,5157.605,5132.765,5134.205,60,1260
2026-03-12 00:00:00,5134.225,5161.235,5125.185,5152.705,60,712
2026-03-12 01:00:00,5152.745,5172.825,5151.155,5168.295,60,721
2026-03-12 02:00:00,5168.265,5174.945,5145.525,5150.555,60,709
2026-03-12 03:00:00,5150.555,5155.515,5147.005,5152.648,60,708
2026-03-12 04:00:00,5152.848,5153.675,5140.205,5142.275,60,739
2026-03-12 05:00:00,5142.365,5157.655,5136.855,5154.365,60,710
2026-03-12 06:00:00,5154.345,5170.125,5147.025,5165.885,60,698
2026-03-12 07:00:00,5165.905,5185.085,5164.205,5181.858,60,632
2026-03-12 08:00:00,5182.225,5189.405,5175.515,5177.955,60,633
2026-03-12 09:00:00,5177.965,5190.055,5174.225,5187.955,60,635
2026-03-12 10:00:00,5187.925,5191.388,5175.895,5182.085,60,627
2026-03-12 11:00:00,5182.145,5183.695,5172.475,5178.835,60,626
2026-03-12 12:00:00,5178.855,5185.625,5163.525,5181.215,60,671
2026-03-12 13:00:00,5181.015,5185.965,5145.815,5151.025,60,695
2026-03-12 14:00:00,5150.945,5163.515,5138.158,5142.675,60,632
2026-03-12 15:00:00,5142.565,5144.665,5109.365,5132.115,60,644
2026-03-12 16:00:00,5131.938,5137.825,5120.838,5123.225,60,628
2026-03-12 17:00:00,5122.905,5129.435,5102.395,5105.185,60,626
2026-03-12 18:00:00,5105.085,5112.595,5090.615,5094.335,60,734
2026-03-12 19:00:00,5094.215,5096.665,5079.125,5084.595,60,621
2026-03-12 20:00:00,5084.725,5090.415,5054.795,5079.055,60,635
2026-03-12 22:00:00,5078.818,5095.498,5070.645,5095.298,60,2412
2026-03-12 23:00:00,5094.585,5101.015,5088.365,5097.775,60,1394
2026-03-13 00:00:00,5097.725,5115.125,5097.245,5113.515,60,707
2026-03-13 01:00:00,5113.485,5124.485,5108.575,5124.085,60,711
2026-03-13 02:00:00,5124.155,5128.225,5110.225,5111.865,60,709
2026-03-13 03:00:00,5111.795,5116.515,5106.015,5115.435,60,729
2026-03-13 04:00:00,5115.435,5117.755,5102.365,5104.025,60,706
2026-03-13 05:00:00,5104.045,5111.115,5097.775,5102.605,60,708
2026-03-13 06:00:00,5102.808,5107.655,5085.455,5088.035,60,733
2026-03-13 07:00:00,5088.015,5094.025,5071.455,5085.025,60,634
2026-03-13 08:00:00,5084.705,5087.765,5061.285,5087.155,60,635
2026-03-13 09:00:00,5087.125,5096.945,5082.945,5089.275,60,783
2026-03-13 10:00:00,5089.345,5098.105,5079.658,5094.625,60,633
2026-03-13 11:00:00,5094.595,5107.645,5085.958,5107.605,60,637
2026-03-13 12:00:00,5107.345,5121.645,5104.135,5118.095,60,721
2026-03-13 13:00:00,5118.115,5121.185,5096.355,5101.485,60,634
2026-03-13 14:00:00,5100.608,5107.845,5035.515,5041.315,60,955
2026-03-13 15:00:00,5041.335,5071.225,5031.355,5034.535,60,686
2026-03-13 16:00:00,5033.945,5052.725,5018.865,5045.755,60,625
2026-03-13 17:00:00,5045.725,5063.665,5043.245,5046.165,60,623
2026-03-13 18:00:00,5046.205,5051.635,5035.925,5046.285,60,613
2026-03-13 19:00:00,5046.335,5049.665,5009.495,5016.078,60,633
2026-03-13 20:00:00,5016.425,5025.048,5012.155,5018.098,60,672
2026-03-15 22:00:00,5003.001,5029.945,4997.215,5024.338,60,2374
2026-03-15 23:00:00,5024.205,5025.748,4967.125,4997.255,60,1292
2026-03-16 00:00:00,4997.275,5030.555,4996.425,5025.415,60,755
2026-03-16 01:00:00,5025.435,5026.255,4982.165,5015.705,60,800
2026-03-16 02:00:00,5015.675,5018.515,4997.445,5003.295,60,721
2026-03-16 03:00:00,5003.345,5020.365,4997.805,5018.925,60,714
2026-03-16 04:00:00,5018.945,5026.045,5012.105,5012.425,60,711
2026-03-16 05:00:00,5012.045,5019.845,5002.915,5017.355,60,719
2026-03-16 06:00:00,5017.395,5035.885,5005.045,5011.925,60,756
2026-03-16 07:00:00,5011.965,5016.285,4991.518,4995.395,60,679
2026-03-16 08:00:00,4995.395,5003.275,4984.665,4990.875,60,673
2026-03-16 09:00:00,4990.845,4991.465,4972.175,4975.195,60,647
2026-03-16 10:00:00,4975.175,4999.225,4970.115,4998.495,60,632
2026-03-16 11:00:00,4998.425,5022.485,4992.455,4996.845,60,631
2026-03-16 12:00:00,4996.965,5024.795,4994.175,5019.675,60,706
2026-03-16 13:00:00,5019.735,5034.345,5013.525,5029.625,60,632
2026-03-16 14:00:00,5029.575,5037.715,4987.715,4995.745,60,631
2026-03-16 15:00:00,4995.785,5005.585,4983.625,4986.875,60,657
2026-03-16 16:00:00,4986.875,4998.665,4973.785,4990.475,60,620
2026-03-16 17:00:00,4990.485,5003.705,4983.775,4991.105,60,622
2026-03-16 18:00:00,4991.135,5017.725,4989.795,5012.555,60,606
2026-03-16 19:00:00,5012.575,5020.095,5007.915,5012.605,60,642
2026-03-16 20:00:00,5012.608,5021.575,5004.265,5004.535,60,589
2026-03-16 22:00:00,5005.098,5015.875,4998.375,5001.818,60,1674
2026-03-16 23:00:00,5001.465,5015.335,5001.335,5012.645,60,1275
2026-03-17 00:00:00,5012.575,5013.855,4998.035,5002.685,60,710
2026-03-17 01:00:00,5002.385,5027.885,4994.605,5027.765,60,722
2026-03-17 02:00:00,5027.695,5029.335,5019.595,5022.265,60,716
2026-03-17 03:00:00,5022.155,5033.445,5020.375,5027.265,60,714
2026-03-17 04:00:00,5027.215,5041.725,5025.995,5037.705,60,709
2026-03-17 05:00:00,5037.675,5044.355,5019.915,5020.525,60,717
2026-03-17 06:00:00,5020.575,5022.595,5004.685,5009.735,60,727
2026-03-17 07:00:00,5009.825,5027.785,5008.735,5020.955,60,633
2026-03-17 08:00:00,5021.425,5029.375,5018.225,5024.665,60,633
2026-03-17 09:00:00,5024.685,5025.865,5009.775,5010.295,60,630
2026-03-17 10:00:00,5010.098,5016.315,4991.735,5000.105,60,631
2026-03-17 11:00:00,5000.025,5011.245,4996.595,5003.015,60,632
2026-03-17 12:00:00,5002.995,5023.725,4999.095,5011.415,60,692
2026-03-17 13:00:00,5011.395,5031.215,5005.345,5016.378,60,631
2026-03-17 14:00:00,5016.605,5020.395,5002.735,5007.495,60,679
2026-03-17 15:00:00,5007.265,5017.255,4973.495,4997.705,60,634
2026-03-17 16:00:00,4997.738,5005.735,4991.355,5001.675,60,623
2026-03-17 17:00:00,5001.695,5008.595,4996.295,5002.235,60,614
2026-03-17 18:00:00,5002.195,5008.845,4999.595,5003.575,60,627
2026-03-17 19:00:00,5003.555,5005.485,4996.175,5000.055,60,604
2026-03-17 20:00:00,5000.105,5006.685,4999.605,5006.505,60,611
2026-03-17 22:00:00,5004.865,5005.505,4993.015,4999.095,60,1074
2026-03-17 23:00:00,4999.035,5003.485,4998.498,5002.695,60,1753
2026-03-18 00:00:00,5002.705,5012.215,4999.898,5004.085,60,708
2026-03-18 01:00:00,5004.045,5015.675,4991.035,4998.485,60,731
2026-03-18 02:00:00,4998.515,5006.745,4989.995,4991.575,60,714
2026-03-18 03:00:00,4991.565,4997.345,4985.845,4990.965,60,709
2026-03-18 04:00:00,4991.005,4993.325,4981.425,4986.725,60,707
2026-03-18 05:00:00,4986.675,5002.265,4984.435,4997.445,60,707
2026-03-18 06:00:00,4997.465,5016.065,4995.978,5009.105,60,709
2026-03-18 07:00:00,5009.075,5014.625,4989.119,4994.209,60,632
2026-03-18 08:00:00,4994.259,4996.139,4975.429,4986.609,60,2312
2026-03-18 09:00:00,4986.649,4995.545,4983.779,4991.955,60,2082
2026-03-18 10:00:00,4991.985,4992.035,4958.575,4967.625,60,661
2026-03-18 11:00:00,4967.605,4973.725,4924.575,4930.055,60,669
2026-03-18 12:00:00,4930.085,4932.345,4870.365,4881.315,60,912
2026-03-18 13:00:00,4881.245,4885.305,4833.865,4877.875,60,769
2026-03-18 14:00:00,4877.875,4894.355,4856.298,4869.265,60,776
2026-03-18 15:00:00,4869.495,4879.775,4860.825,4862.185,60,774
2026-03-18 16:00:00,4862.165,4890.265,4860.668,4886.615,60,771
2026-03-18 17:00:00,4886.695,4898.795,4883.745,4889.545,60,578
2026-03-18 18:00:00,4889.485,4899.085,4852.185,4852.815,60,817
2026-03-18 19:00:00,4852.775,4865.095,4838.295,4842.935,60,628
2026-03-18 20:00:00,4842.575,4848.535,4806.675,4818.255,60,576
2026-03-18 22:00:00,4823.598,4838.825,4803.845,4833.998,60,2266
2026-03-18 23:00:00,4833.845,4842.245,4827.685,4836.505,60,1526
2026-03-19 00:00:00,4836.495,4848.465,4835.155,4841.095,60,891
2026-03-19 01:00:00,4841.115,4866.995,4832.745,4849.585,60,681
2026-03-19 02:00:00,4849.545,4861.825,4841.158,4858.505,60,673
2026-03-19 03:00:00,4858.435,4865.618,4850.388,4850.605,60,677
2026-03-19 04:00:00,4850.515,4853.565,4845.465,4849.495,60,656
2026-03-19 05:00:00,4849.595,4853.635,4826.675,4827.345,60,675
2026-03-19 06:00:00,4827.275,4842.265,4747.505,4763.385,60,687
2026-03-19 07:00:00,4763.475,4784.275,4726.755,4727.635,60,675
2026-03-19 08:00:00,4727.525,4740.145,4686.635,4708.985,60,736
2026-03-19 09:00:00,4708.835,4725.635,4687.545,4698.855,60,892
2026-03-19 10:00:00,4698.825,4719.388,4666.385,4678.925,60,877
2026-03-19 11:00:00,4678.955,4699.158,4650.675,4651.385,60,888
2026-03-19 12:00:00,4651.455,4653.785,4530.945,4573.985,60,930
2026-03-19 13:00:00,4573.915,4620.975,4502.108,4620.695,60,1083
2026-03-19 14:00:00,4620.505,4648.825,4581.055,4601.605,60,905
2026-03-19 15:00:00,4601.295,4638.445,4566.025,4596.155,60,724
2026-03-19 16:00:00,4596.035,4626.295,4576.585,4584.635,60,706
2026-03-19 17:00:00,4584.615,4629.555,4573.595,4615.749,60,721
2026-03-19 18:00:00,4615.765,4622.935,4595.835,4622.655,60,709
2026-03-19 19:00:00,4622.665,4663.215,4622.665,4643.765,60,722
2026-03-19 20:00:00,4643.525,4661.695,4642.725,4649.375,60,727
2026-03-19 22:00:00,4650.498,4676.865,4635.558,4635.858,60,1287
2026-03-19 23:00:00,4635.565,4647.745,4633.905,4643.325,60,1349
2026-03-20 00:00:00,4643.205,4664.815,4641.935,4648.385,60,715
2026-03-20 01:00:00,4648.355,4699.185,4639.215,4677.045,60,711
2026-03-20 02:00:00,4676.975,4703.415,4670.225,4697.995,60,702
2026-03-20 03:00:00,4698.265,4735.835,4692.985,4725.595,60,683
2026-03-20 04:00:00,4725.615,4727.265,4715.155,4721.505,60,674
2026-03-20 05:00:00,4721.535,4723.315,4685.485,4688.225,60,662
2026-03-20 06:00:00,4688.245,4700.785,4661.065,4668.885,60,731
2026-03-20 07:00:00,4668.835,4707.665,4667.655,4706.005,60,573
2026-03-20 08:00:00,4706.025,4734.645,4684.625,4693.595,60,577
2026-03-20 09:00:00,4693.615,4700.255,4659.655,4667.415,60,620
2026-03-20 10:00:00,4667.205,4669.925,4637.905,4645.135,60,716
2026-03-20 11:00:00,4645.155,4673.935,4636.845,4671.415,60,717
2026-03-20 12:00:00,4671.535,4695.295,4661.498,4677.905,60,740
2026-03-20 13:00:00,4677.935,4678.922,4612.618,4616.085,60,874
2026-03-20 14:00:00,4616.115,4622.415,4547.645,4563.735,60,868
2026-03-20 15:00:00,4563.705,4580.095,4540.455,4553.055,60,872
2026-03-20 16:00:00,4553.085,4613.575,4551.845,4582.898,60,856
2026-03-20 17:00:00,4582.898,4600.315,4554.055,4573.125,60,843
2026-03-20 18:00:00,4573.175,4578.205,4477.125,4499.575,60,860
2026-03-20 19:00:00,4499.625,4516.475,4485.055,4501.135,60,892
2026-03-20 20:00:00,4501.185,4514.118,4487.425,4490.055,60,1142
2026-03-22 22:00:00,4470.705,4535.815,4448.835,4497.358,60,2715
2026-03-22 23:00:00,4497.375,4509.858,4451.808,4464.415,60,1638
2026-03-23 00:00:00,4464.435,4472.975,4318.825,4353.515,60,923
2026-03-23 01:00:00,4353.425,4453.865,4328.168,4386.965,60,1729
2026-03-23 02:00:00,4388.025,4421.715,4354.535,4360.185,60,945
2026-03-23 03:00:00,4360.245,4377.655,4334.515,4352.665,60,759
2026-03-23 04:00:00,4352.645,4381.625,4349.598,4367.395,60,678
2026-03-23 05:00:00,4367.375,4379.795,4301.698,4309.865,60,700
2026-03-23 06:00:00,4309.658,4309.955,4162.445,4220.105,60,888
2026-03-23 07:00:00,4220.075,4232.235,4098.275,4203.965,60,2010
2026-03-23 08:00:00,4203.695,4270.385,4202.059,4251.078,60,1192
2026-03-23 09:00:00,4251.078,4308.225,4223.205,4253.245,60,796
2026-03-23 10:00:00,4253.465,4281.615,4240.835,4268.715,60,742
2026-03-23 11:00:00,4268.735,4463.015,4268.395,4378.795,60,2844
2026-03-23 12:00:00,4378.825,4492.185,4336.305,4478.095,60,1382
2026-03-23 13:00:00,4478.108,4484.905,4400.995,4453.975,60,1403
2026-03-23 14:00:00,4454.145,4512.665,4453.385,4461.695,60,812
2026-03-23 15:00:00,4461.238,4486.765,4350.798,4363.515,60,782
2026-03-23 16:00:00,4363.158,4391.505,4352.058,4375.325,60,915
2026-03-23 17:00:00,4375.285,4438.835,4370.575,4425.965,60,672
2026-03-23 18:00:00,4425.995,4466.895,4402.005,4448.785,60,587
2026-03-23 19:00:00,4448.625,4450.325,4392.885,4398.025,60,630
2026-03-23 20:00:00,4397.625,4412.975,4382.575,4405.895,60,642
2026-03-23 22:00:00,4411.898,4431.065,4359.348,4426.338,60,2248
2026-03-23 23:00:00,4424.509,4448.005,4421.705,4440.915,60,1678
2026-03-24 00:00:00,4440.895,4446.435,4330.695,4364.035,60,802
2026-03-24 01:00:00,4364.165,4373.895,4307.555,4321.765,60,1049
2026-03-24 02:00:00,4321.745,4378.965,4305.565,4365.725,60,931
2026-03-24 03:00:00,4365.655,4367.905,4334.835,4347.045,60,933
2026-03-24 04:00:00,4347.025,4357.005,4326.245,4333.115,60,699
2026-03-24 05:00:00,4333.115,4373.595,4319.515,4346.945,60,893
2026-03-24 06:00:00,4347.135,4404.765,4342.635,4401.855,60,1043
2026-03-24 07:00:00,4401.885,4432.785,4399.365,4416.855,60,1074
2026-03-24 08:00:00,4416.815,4420.735,4390.895,4411.535,60,1048
2026-03-24 09:00:00,4412.015,4430.625,4395.625,4425.945,60,1034
2026-03-24 10:00:00,4426.255,4441.308,4414.355,4438.445,60,959
2026-03-24 11:00:00,4438.445,4441.865,4373.048,4407.345,60,1174
2026-03-24 12:00:00,4407.375,4427.205,4361.545,4378.905,60,1275
2026-03-24 13:00:00,4378.885,4389.575,4350.838,4381.165,60,1022
2026-03-24 14:00:00,4381.175,4433.085,4380.019,4415.558,60,1158
2026-03-24 15:00:00,4415.005,4430.398,4395.758,4411.118,60,1326
2026-03-24 16:00:00,4411.158,4427.148,4402.198,4420.958,60,978
2026-03-24 17:00:00,4420.958,4426.058,4372.155,4388.395,60,977
2026-03-24 18:00:00,4388.365,4423.105,4383.545,4389.285,60,791
2026-03-24 19:00:00,4389.275,4411.108,4388.475,4400.085,60,789
2026-03-24 20:00:00,4399.998,4483.945,4397.025,4471.835,60,813
2026-03-24 22:00:00,4471.098,4485.185,4455.258,4484.118,60,2013
2026-03-24 23:00:00,4483.778,4551.118,4471.958,4546.375,60,1490
2026-03-25 00:00:00,4546.335,4571.738,4537.065,4562.698,60,1279
2026-03-25 01:00:00,4562.698,4600.955,4552.085,4594.655,60,1208
2026-03-25 02:00:00,4594.635,4602.125,4579.585,4583.325,60,1011
2026-03-25 03:00:00,4583.285,4585.905,4567.258,4569.738,60,987
2026-03-25 04:00:00,4569.595,4574.385,4565.295,4572.248,60,986
2026-03-25 05:00:00,4572.495,4573.295,4548.898,4555.215,60,999
2026-03-25 06:00:00,4555.235,4556.655,4532.668,4545.405,60,972
2026-03-25 07:00:00,4545.365,4562.915,4536.548,4539.065,60,940
2026-03-25 08:00:00,4539.135,4567.475,4535.428,4556.035,60,948
2026-03-25 09:00:00,4556.015,4567.455,4527.665,4551.755,60,680
2026-03-25 10:00:00,4551.715,4562.265,4550.975,4558.595,60,635
2026-03-25 11:00:00,4558.525,4585.475,4555.835,4578.665,60,643
2026-03-25 12:00:00,4578.605,4583.385,4521.695,4543.715,60,701
2026-03-25 13:00:00,4543.735,4576.285,4540.665,4544.565,60,636
2026-03-25 14:00:00,4544.595,4579.075,4532.975,4566.925,60,663
2026-03-25 15:00:00,4566.935,4568.781,4524.915,4558.725,60,634
2026-03-25 16:00:00,4558.775,4564.78,4544.758,4555.055,60,793
2026-03-25 17:00:00,4554.838,4563.645,4542.525,4550.365,60,684
2026-03-25 18:00:00,4550.365,4568.695,4530.665,4537.965,60,669
2026-03-25 19:00:00,4537.925,4539.445,4486.508,4530.835,60,646
2026-03-25 20:00:00,4530.745,4541.755,4494.585,4505.325,60,679
2026-03-25 22:00:00,4508.498,4534.525,4505.098,4517.058,60,2753
2026-03-25 23:00:00,4517.138,4517.518,4488.575,4497.875,60,1553
2026-03-26 00:00:00,4497.845,4538.875,4497.798,4534.938,60,991
2026-03-26 01:00:00,4534.515,4544.275,4522.215,4534.995,60,1036
2026-03-26 02:00:00,4535.015,4535.468,4505.535,4508.465,60,974
2026-03-26 03:00:00,4508.395,4518.555,4499.635,4516.425,60,820
2026-03-26 04:00:00,4516.585,4523.985,4511.315,4520.225,60,799
2026-03-26 05:00:00,4520.245,4522.095,4438.585,4438.715,60,745
2026-03-26 06:00:00,4439.055,4459.225,4415.505,4456.175,60,783
2026-03-26 07:00:00,4456.265,4463.665,4438.755,4452.565,60,664
2026-03-26 08:00:00,4452.355,4459.075,4412.595,4427.455,60,987
2026-03-26 09:00:00,4427.355,4436.695,4414.085,4423.465,60,958
2026-03-26 10:00:00,4423.495,4447.845,4416.525,4442.898,60,986
2026-03-26 11:00:00,4443.185,4456.505,4418.595,4422.795,60,979
2026-03-26 12:00:00,4422.775,4445.425,4416.335,4429.355,60,977
2026-03-26 13:00:00,4429.205,4460.205,4419.955,4452.238,60,979
2026-03-26 14:00:00,4452.205,4479.515,4436.905,4464.695,60,991
2026-03-26 15:00:00,4464.735,4468.618,4433.498,4437.945,60,954
2026-03-26 16:00:00,4437.945,4442.398,4366.455,4388.965,60,977
2026-03-26 17:00:00,4388.775,4402.215,4376.995,4381.205,60,802
2026-03-26 18:00:00,4381.095,4397.495,4367.228,4394.255,60,796
2026-03-26 19:00:00,4394.285,4399.145,4358.915,4363.765,60,818
2026-03-26 20:00:00,4363.685,4420.305,4350.995,4379.375,60,1270
2026-03-26 22:00:00,4389.735,4415.145,4375.775,4410.398,60,3232
2026-03-26 23:00:00,4410.498,4413.598,4389.405,4404.665,60,2225
2026-03-27 00:00:00,4404.775,4410.835,4375.235,4378.425,60,719
2026-03-27 01:00:00,4378.395,4420.275,4377.005,4417.045,60,731
2026-03-27 02:00:00,4417.205,4440.225,4416.755,4431.298,60,719
2026-03-27 03:00:00,4431.925,4445.935,4420.975,4437.265,60,732
2026-03-27 04:00:00,4437.315,4449.315,4431.215,4446.045,60,735
2026-03-27 05:00:00,4445.645,4474.915,4440.138,4454.315,60,799
2026-03-27 06:00:00,4454.275,4472.555,4451.595,4459.385,60,723
2026-03-27 07:00:00,4459.395,4462.915,4442.455,4447.435,60,632
2026-03-27 08:00:00,4447.465,4450.388,4423.235,4423.795,60,801
2026-03-27 09:00:00,4423.798,4438.095,4420.445,4428.615,60,931
2026-03-27 10:00:00,4428.615,4432.585,4410.598,4414.498,60,863
2026-03-27 11:00:00,4414.498,4426.045,4404.025,4419.745,60,851
2026-03-27 12:00:00,4419.495,4445.045,4412.295,4437.555,60,961
2026-03-27 13:00:00,4437.605,4443.448,4413.338,4430.675,60,964
2026-03-27 14:00:00,4430.465,4514.455,4430.095,4509.495,60,939
2026-03-27 15:00:00,4509.465,4554.965,4501.335,4523.685,60,949
2026-03-27 16:00:00,4523.905,4533.285,4505.148,4515.805,60,946
2026-03-27 17:00:00,4515.835,4521.368,4485.855,4486.395,60,798
2026-03-27 18:00:00,4486.378,4528.365,4486.145,4516.448,60,798
2026-03-27 19:00:00,4516.298,4525.825,4500.335,4514.115,60,783
2026-03-27 20:00:00,4514.105,4520.295,4490.885,4492.375,60,804
2026-03-29 22:00:00,4491.518,4514.675,4464.048,4483.998,60,3133
2026-03-29 23:00:00,4483.998,4491.898,4443.485,4448.495,60,1530
2026-03-30 00:00:00,4448.675,4466.515,4417.665,4431.775,60,955
2026-03-30 01:00:00,4431.725,4475.415,4431.385,4469.165,60,995
2026-03-30 02:00:00,4469.195,4498.965,4458.755,4481.065,60,931
2026-03-30 03:00:00,4481.095,4517.445,4478.498,4495.665,60,944
2026-03-30 04:00:00,4495.695,4498.535,4485.885,4496.325,60,903
2026-03-30 05:00:00,4496.318,4528.215,4496.285,4522.275,60,898
2026-03-30 06:00:00,4522.375,4550.485,4516.315,4532.395,60,756
2026-03-30 07:00:00,4532.305,4534.635,4515.585,4526.965,60,787
2026-03-30 08:00:00,4526.935,4540.245,4524.605,4537.935,60,800
2026-03-30 09:00:00,4537.975,4540.365,4523.248,4532.005,60,793
2026-03-30 10:00:00,4532.785,4539.775,4527.395,4532.125,60,792
2026-03-30 11:00:00,4532.115,4580.465,4525.255,4559.375,60,801
2026-03-30 12:00:00,4559.355,4577.695,4545.015,4569.185,60,824
2026-03-30 13:00:00,4569.345,4578.455,4516.515,4523.165,60,634
2026-03-30 14:00:00,4522.975,4541.365,4511.748,4538.385,60,693
2026-03-30 15:00:00,4538.565,4556.565,4524.445,4548.135,60,636
2026-03-30 16:00:00,4547.915,4549.405,4531.865,4539.795,60,631
2026-03-30 17:00:00,4539.695,4542.125,4511.015,4514.815,60,633
2026-03-30 18:00:00,4514.795,4522.865,4498.215,4498.845,60,623
2026-03-30 19:00:00,4498.865,4518.205,4492.885,4513.095,60,623
2026-03-30 20:00:00,4513.085,4516.245,4500.885,4510.885,60,641
2026-03-30 22:00:00,4510.638,4523.445,4501.905,4510.148,60,1503
2026-03-30 23:00:00,4510.148,4521.485,4492.445,4513.325,60,1614
2026-03-31 00:00:00,4513.375,4547.875,4482.115,4547.525,60,993
2026-03-31 01:00:00,4547.025,4619.195,4531.885,4604.805,60,804
2026-03-31 02:00:00,4604.825,4607.055,4565.185,4567.825,60,912
2026-03-31 03:00:00,4567.495,4576.675,4549.838,4556.935,60,910
2026-03-31 04:00:00,4556.915,4569.235,4556.705,4564.615,60,909
2026-03-31 05:00:00,4564.595,4581.515,4547.435,4568.465,60,904
2026-03-31 06:00:00,4568.485,4568.645,4552.865,4556.855,60,907
2026-03-31 07:00:00,4557.005,4565.605,4543.065,4564.205,60,905
2026-03-31 08:00:00,4564.028,4574.868,4560.105,4568.188,60,903
2026-03-31 09:00:00,4568.188,4572.115,4549.995,4555.275,60,776
2026-03-31 10:00:00,4555.255,4561.635,4529.115,4546.735,60,785
2026-03-31 11:00:00,4546.885,4592.955,4540.865,4582.115,60,790
2026-03-31 12:00:00,4582.155,4597.295,4568.818,4574.475,60,785
2026-03-31 13:00:00,4574.475,4609.415,4567.555,4606.705,60,803
2026-03-31 14:00:00,4606.295,4630.098,4594.665,4598.835,60,941
2026-03-31 15:00:00,4598.855,4625.325,4598.405,4609.165,60,786
2026-03-31 16:00:00,4609.065,4651.115,4606.795,4638.045,60,791
2026-03-31 17:00:00,4638.005,4667.145,4635.965,4654.205,60,786
2026-03-31 18:00:00,4654.125,4670.715,4653.215,4667.185,60,790
2026-03-31 19:00:00,4667.075,4685.325,4661.575,4682.465,60,786
2026-03-31 20:00:00,4682.685,4686.935,4664.445,4668.115,60,788
2026-03-31 22:00:00,4669.735,4696.185,4661.625,4680.148,60,1177
2026-03-31 23:00:00,4680.578,4699.825,4671.615,4696.065,60,1819
2026-04-01 00:00:00,4695.965,4722.385,4693.195,4710.475,60,967
2026-04-01 01:00:00,4710.495,4724.005,4680.915,4692.525,60,983
2026-04-01 02:00:00,4693.005,4700.275,4677.648,4684.405,60,917
2026-04-01 03:00:00,4684.315,4694.095,4679.265,4681.558,60,901
2026-04-01 04:00:00,4681.578,4681.715,4666.605,4676.155,60,898
2026-04-01 05:00:00,4676.195,4703.195,4674.535,4684.155,60,906
2026-04-01 06:00:00,4684.135,4732.785,4682.335,4730.115,60,868
2026-04-01 07:00:00,4730.655,4747.565,4709.385,4712.715,60,870
2026-04-01 08:00:00,4712.725,4740.185,4709.995,4728.315,60,866
2026-04-01 09:00:00,4728.345,4730.005,4712.775,4722.935,60,821
2026-04-01 10:00:00,4722.925,4738.395,4715.115,4730.985,60,788
2026-04-01 11:00:00,4730.935,4762.555,4728.085,4752.135,60,785
2026-04-01 12:00:00,4752.165,4753.475,4724.155,4724.635,60,864
2026-04-01 13:00:00,4724.535,4749.375,4716.005,4737.565,60,736
2026-04-01 14:00:00,4737.058,4768.605,4723.895,4760.495,60,858
2026-04-01 15:00:00,4760.525,4787.936,4758.285,4786.298,60,708
2026-04-01 16:00:00,4786.225,4790.405,4773.925,4786.955,60,784
2026-04-01 17:00:00,4786.855,4793.135,4773.395,4774.018,60,776
2026-04-01 18:00:00,4774.025,4774.915,4741.805,4752.935,60,783
2026-04-01 19:00:00,4752.985,4777.935,4751.065,4765.735,60,788
2026-04-01 20:00:00,4765.715,4770.835,4754.015,4757.565,60,782
2026-04-01 22:00:00,4757.505,4782.555,4747.875,4775.878,58,5288
2026-04-01 23:00:00,4776.118,4800.185,4772.875,4783.698,60,1426
2026-04-02 00:00:00,4783.655,4798.525,4774.755,4784.375,60,1159
2026-04-02 01:00:00,4784.375,4786.395,4648.335,4696.185,60,1266
2026-04-02 02:00:00,4696.108,4703.655,4654.838,4686.785,60,1751
2026-04-02 03:00:00,4686.765,4699.275,4675.695,4676.185,60,964
2026-04-02 04:00:00,4676.405,4681.445,4656.835,4672.445,60,800
2026-04-02 05:00:00,4672.555,4680.325,4585.405,4593.815,60,713
2026-04-02 06:00:00,4594.045,4608.465,4553.158,4599.065,60,858
2026-04-02 07:00:00,4598.485,4650.985,4596.915,4642.485,60,659
2026-04-02 08:00:00,4642.455,4648.555,4616.568,4620.645,60,648
2026-04-02 09:00:00,4620.625,4631.765,4612.745,4621.505,60,635
2026-04-02 10:00:00,4621.745,4634.915,4603.485,4620.265,60,789
2026-04-02 11:00:00,4620.295,4630.475,4592.445,4599.875,60,797
2026-04-02 12:00:00,4599.875,4630.035,4594.315,4601.598,60,849
2026-04-02 13:00:00,4601.695,4651.135,4580.625,4645.595,60,785
2026-04-02 14:00:00,4646.035,4699.635,4631.131,4681.098,60,818
2026-04-02 15:00:00,4681.045,4683.498,4652.208,4660.745,60,976
2026-04-02 16:00:00,4660.715,4670.248,4642.618,4658.685,60,924
2026-04-02 17:00:00,4658.715,4667.995,4645.535,4648.495,60,973
2026-04-02 18:00:00,4648.825,4671.698,4647.215,4668.138,60,894
2026-04-02 19:00:00,4668.138,4681.535,4661.175,4671.695,60,968
2026-04-02 20:00:00,4671.745,4677.605,4664.025,4675.805,59,930
2026-04-05 22:00:00,4651.645,4664.715,4606.885,4644.778,60,3435
2026-04-05 23:00:00,4644.485,4650.258,4604.378,4610.078,60,2321
2026-04-06 00:00:00,4610.078,4628.905,4600.385,4622.105,60,1168
2026-04-06 01:00:00,4622.175,4642.725,4619.995,4625.495,60,1165
2026-04-06 02:00:00,4625.545,4671.435,4623.505,4647.685,60,1186
2026-04-06 03:00:00,4647.625,4647.865,4625.115,4640.215,60,907
2026-04-06 04:00:00,4640.195,4659.755,4639.635,4658.785,60,906
2026-04-06 05:00:00,4658.805,4678.445,4650.998,4652.258,60,787
2026-04-06 06:00:00,4652.258,4667.465,4642.995,4665.765,60,778
2026-04-06 07:00:00,4665.745,4688.055,4644.735,4684.485,60,794
2026-04-06 08:00:00,4684.445,4697.975,4680.668,4695.555,60,793
2026-04-06 09:00:00,4695.885,4706.255,4690.585,4693.345,60,783
2026-04-06 10:00:00,4693.375,4697.335,4684.048,4689.425,60,791
2026-04-06 11:00:00,4689.955,4696.518,4676.755,4677.655,60,802
2026-04-06 12:00:00,4677.615,4686.425,4659.485,4675.515,60,875
2026-04-06 13:00:00,4675.505,4681.248,4659.455,4679.488,60,978
2026-04-06 14:00:00,4679.865,4697.575,4659.658,4682.418,60,1145
2026-04-06 15:00:00,4682.418,4683.578,4651.548,4667.678,60,980
2026-04-06 16:00:00,4667.698,4672.208,4657.815,4660.235,60,967
2026-04-06 17:00:00,4660.295,4660.985,4645.318,4653.405,60,927
2026-04-06 18:00:00,4653.495,4666.365,4648.665,4658.135,60,983
2026-04-06 19:00:00,4658.115,4659.135,4645.255,4655.098,60,908
2026-04-06 20:00:00,4655.098,4658.125,4646.848,4648.605,60,972
2026-04-06 22:00:00,4648.898,4667.615,4648.858,4657.838,60,1917
2026-04-06 23:00:00,4657.888,4660.648,4651.225,4658.555,60,1398
2026-04-07 00:00:00,4659.155,4661.32,4648.845,4654.775,60,783
2026-04-07 01:00:00,4654.715,4664.265,4616.025,4626.695,60,1092
2026-04-07 02:00:00,4626.725,4653.618,4619.625,4650.155,60,988
2026-04-07 03:00:00,4650.065,4653.785,4639.395,4649.268,60,989
2026-04-07 04:00:00,4649.228,4663.818,4645.185,4659.248,60,972
2026-04-07 05:00:00,4659.788,4660.948,4622.745,4642.625,60,964
2026-04-07 06:00:00,4642.625,4656.125,4637.725,4652.945,60,929
2026-04-07 07:00:00,4652.975,4656.615,4636.465,4645.795,60,941
2026-04-07 08:00:00,4645.765,4690.418,4643.785,4682.555,60,947
2026-04-07 09:00:00,4682.525,4693.955,4658.438,4670.438,60,983
2026-04-07 10:00:00,4670.438,4680.148,4649.095,4651.765,60,987
2026-04-07 11:00:00,4651.785,4663.765,4628.595,4659.265,60,974
2026-04-07 12:00:00,4659.535,4670.765,4646.398,4651.238,60,973
2026-04-07 13:00:00,4651.258,4663.205,4635.305,4643.655,60,957
2026-04-07 14:00:00,4643.635,4661.248,4607.335,4632.935,60,956
2026-04-07 15:00:00,4632.735,4659.065,4624.735,4655.098,60,984
2026-04-07 16:00:00,4655.098,4668.108,4652.158,4656.718,60,966
2026-04-07 17:00:00,4656.725,4686.415,4653.535,4675.415,60,926
2026-04-07 18:00:00,4675.385,4685.988,4657.075,4661.798,60,910
2026-04-07 19:00:00,4661.855,4718.465,4660.225,4700.415,60,955
2026-04-07 20:00:00,4700.475,4716.558,4696.748,4704.785,60,985
2026-04-07 22:00:00,4718.018,4819.058,4712.645,4817.738,60,2374
2026-04-07 23:00:00,4817.778,4836.105,4800.498,4832.958,60,1820
2026-04-08 00:00:00,4832.958,4856.998,4808.615,4817.335,60,892
2026-04-08 01:00:00,4817.375,4824.958,4787.965,4809.905,60,794
2026-04-08 02:00:00,4809.808,4825.165,4798.455,4803.695,60,793
2026-04-08 03:00:00,4803.675,4805.625,4794.725,4797.215,60,787
2026-04-08 04:00:00,4797.295,4806.475,4789.985,4803.345,60,784
2026-04-08 05:00:00,4803.305,4843.505,4800.135,4827.275,60,744
2026-04-08 06:00:00,4827.235,4839.575,4819.645,4819.695,60,637
2026-04-08 07:00:00,4819.675,4821.105,4804.925,4813.045,60,639
2026-04-08 08:00:00,4813.355,4819.555,4790.145,4793.585,60,790
2026-04-08 09:00:00,4793.615,4806.405,4775.728,4782.798,60,776
2026-04-08 10:00:00,4782.838,4795.805,4770.885,4782.298,60,972
2026-04-08 11:00:00,4782.298,4802.655,4777.865,4798.138,60,906
2026-04-08 12:00:00,4798.085,4807.005,4768.128,4799.325,60,790
2026-04-08 13:00:00,4799.295,4806.405,4767.945,4777.295,60,946
2026-04-08 14:00:00,4777.168,4791.565,4731.905,4735.845,60,952
2026-04-08 15:00:00,4735.905,4762.865,4733.855,4756.205,60,930
2026-04-08 16:00:00,4756.175,4765.298,4745.005,4760.098,60,766
2026-04-08 17:00:00,4760.098,4764.115,4731.288,4733.745,60,770
2026-04-08 18:00:00,4733.525,4744.335,4703.635,4705.105,60,943
2026-04-08 19:00:00,4704.825,4731.698,4699.235,4730.465,60,780
2026-04-08 20:00:00,4730.298,4731.975,4715.735,4715.835,60,793
2026-04-08 22:00:00,4718.098,4732.525,4704.075,4717.085,60,1951
2026-04-08 23:00:00,4715.715,4719.795,4704.998,4715.215,60,1308
2026-04-09 00:00:00,4715.375,4718.885,4698.085,4706.515,60,884
2026-04-09 01:00:00,4706.365,4728.125,4699.178,4727.155,60,786
2026-04-09 02:00:00,4727.235,4732.595,4717.075,4718.825,60,788
2026-04-09 03:00:00,4718.775,4720.065,4704.898,4711.165,60,795
2026-04-09 04:00:00,4711.185,4725.038,4709.435,4720.505,60,784
2026-04-09 05:00:00,4720.545,4726.375,4705.515,4712.705,60,789
2026-04-09 06:00:00,4712.725,4724.995,4703.185,4712.125,60,790
2026-04-09 07:00:00,4712.245,4730.995,4705.335,4724.065,60,787
2026-04-09 08:00:00,4724.005,4733.095,4719.428,4726.025,60,785
2026-04-09 09:00:00,4726.055,4733.375,4722.685,4728.938,60,792
2026-04-09 10:00:00,4728.918,4746.445,4723.485,4740.838,60,744
2026-04-09 11:00:00,4740.798,4757.465,4738.185,4756.335,60,744
2026-04-09 12:00:00,4756.615,4759.385,4734.695,4745.665,60,810
2026-04-09 13:00:00,4745.745,4777.015,4738.505,4764.048,60,810
2026-04-09 14:00:00,4764.048,4775.935,4747.075,4768.545,60,745
2026-04-09 15:00:00,4768.575,4797.855,4760.948,4792.515,60,755
2026-04-09 16:00:00,4792.738,4800.695,4784.195,4788.595,60,786
2026-04-09 17:00:00,4788.645,4801.015,4786.485,4797.525,60,791
2026-04-09 18:00:00,4797.625,4797.765,4767.498,4771.785,60,786
2026-04-09 19:00:00,4771.755,4782.385,4766.675,4768.665,60,790
2026-04-09 20:00:00,4768.855,4773.135,4760.505,4763.345,60,792
2026-04-09 22:00:00,4766.498,4779.285,4758.375,4763.838,60,1965
2026-04-09 23:00:00,4763.858,4764.065,4756.695,4763.435,60,1273
2026-04-10 00:00:00,4763.485,4763.485,4750.475,4762.745,60,711
2026-04-10 01:00:00,4762.705,4777.035,4757.665,4764.335,60,720
2026-04-10 02:00:00,4764.385,4765.235,4737.715,4752.925,60,711
2026-04-10 03:00:00,4752.815,4769.235,4752.805,4766.355,60,702
2026-04-10 04:00:00,4766.325,4770.525,4757.635,4758.255,60,706
2026-04-10 05:00:00,4758.315,4768.915,4756.928,4765.465,60,708
2026-04-10 06:00:00,4765.505,4765.625,4742.655,4746.165,60,619
2026-04-10 07:00:00,4745.725,4757.345,4741.045,4749.355,60,627
2026-04-10 08:00:00,4749.385,4753.155,4730.205,4740.398,60,638
2026-04-10 09:00:00,4740.735,4760.555,4740.545,4751.355,60,779
2026-04-10 10:00:00,4751.335,4760.468,4742.095,4756.895,60,786
2026-04-10 11:00:00,4756.915,4768.445,4753.025,4767.965,60,787
2026-04-10 12:00:00,4768.115,4782.315,4759.565,4771.565,60,818
2026-04-10 13:00:00,4771.615,4779.875,4764.615,4774.405,60,775
2026-04-10 14:00:00,4775.015,4794.765,4766.868,4774.418,60,979
2026-04-10 15:00:00,4774.418,4787.195,4755.245,4761.898,60,777
2026-04-10 16:00:00,4761.875,4765.785,4747.105,4763.525,60,768
2026-04-10 17:00:00,4763.605,4768.405,4757.715,4760.155,60,781
2026-04-10 18:00:00,4760.125,4772.765,4750.705,4764.895,60,788
2026-04-10 19:00:00,4764.935,4770.325,4758.085,4759.585,60,780
2026-04-10 20:00:00,4759.655,4759.785,4740.598,4746.935,60,848
2026-04-12 22:00:00,4634.998,4690.685,4634.998,4658.398,60,3072
2026-04-12 23:00:00,4658.398,4671.685,4644.015,4671.155,60,1435
2026-04-13 00:00:00,4671.175,4698.615,4664.325,4695.275,60,796
2026-04-13 01:00:00,4694.795,4728.035,4693.405,4721.035,60,785
2026-04-13 02:00:00,4721.005,4727.795,4710.925,4720.295,60,711
2026-04-13 03:00:00,4720.135,4723.625,4711.875,4717.695,60,709
2026-04-13 04:00:00,4717.675,4724.595,4708.335,4722.738,60,709
2026-04-13 05:00:00,4722.755,4730.605,4716.075,4729.145,60,707
2026-04-13 06:00:00,4729.125,4732.425,4720.635,4725.445,60,672
2026-04-13 07:00:00,4725.405,4739.815,4724.485,4733.435,60,617
2026-04-13 08:00:00,4733.465,4738.495,4720.065,4723.265,60,637
2026-04-13 09:00:00,4723.285,4728.575,4710.385,4714.545,60,617
2026-04-13 10:00:00,4714.565,4723.745,4708.135,4721.905,60,628
2026-04-13 11:00:00,4721.975,4728.955,4703.165,4706.875,60,625
2026-04-13 12:00:00,4706.745,4724.895,4703.485,4723.315,60,757
2026-04-13 13:00:00,4723.218,4744.315,4721.015,4730.158,60,896
2026-04-13 14:00:00,4730.115,4730.878,4708.285,4718.775,60,802
2026-04-13 15:00:00,4718.715,4719.565,4700.025,4714.225,60,777
2026-04-13 16:00:00,4714.195,4746.09,4708.975,4732.785,60,803
2026-04-13 17:00:00,4732.795,4749.725,4725.258,4729.648,60,785
2026-04-13 18:00:00,4729.725,4740.525,4723.295,4738.245,60,773
2026-04-13 19:00:00,4738.165,4747.235,4730.345,4740.968,60,811
2026-04-13 20:00:00,4740.938,4743.788,4737.915,4739.645,60,783
2026-04-13 22:00:00,4742.318,4759.375,4742.318,4757.468,60,2335
2026-04-13 23:00:00,4757.395,4765.668,4754.175,4757.365,60,1193
2026-04-14 00:00:00,4757.405,4775.565,4751.285,4769.495,60,712
2026-04-14 01:00:00,4769.535,4776.715,4761.465,4764.745,60,711
2026-04-14 02:00:00,4764.745,4777.075,4761.795,4774.875,60,761
2026-04-14 03:00:00,4774.855,4775.295,4765.298,4767.545,60,709
2026-04-14 04:00:00,4767.915,4776.935,4766.695,4773.825,60,704
2026-04-14 05:00:00,4773.845,4774.045,4757.638,4759.648,60,710
2026-04-14 06:00:00,4759.618,4782.855,4759.618,4782.005,60,620
2026-04-14 07:00:00,4781.945,4796.185,4767.575,4777.025,60,629
2026-04-14 08:00:00,4776.975,4789.825,4774.035,4786.685,60,626
2026-04-14 09:00:00,4786.715,4789.115,4771.395,4777.985,60,614
2026-04-14 10:00:00,4778.065,4787.955,4751.285,4768.175,60,616
2026-04-14 11:00:00,4768.145,4782.885,4766.665,4774.578,60,820
2026-04-14 12:00:00,4774.755,4777.365,4761.905,4771.235,60,996
2026-04-14 13:00:00,4771.265,4803.115,4770.965,4794.388,60,948
2026-04-14 14:00:00,4794.388,4817.598,4792.668,4803.635,60,769
2026-04-14 15:00:00,4803.645,4815.885,4790.995,4807.795,60,777
2026-04-14 16:00:00,4807.865,4819.995,4804.735,4809.885,60,832
2026-04-14 17:00:00,4809.965,4841.515,4809.198,4834.885,60,789
2026-04-14 18:00:00,4834.925,4843.018,4830.615,4835.308,60,771
2026-04-14 19:00:00,4835.375,4846.098,4835.305,4844.735,60,764
2026-04-14 20:00:00,4844.725,4845.955,4839.295,4841.155,60,783
2026-04-14 22:00:00,4836.618,4850.445,4832.928,4834.448,60,1526
2026-04-14 23:00:00,4834.448,4843.905,4833.128,4836.935,60,1227
2026-04-15 00:00:00,4836.965,4839.805,4826.855,4835.315,60,791
2026-04-15 01:00:00,4835.285,4871.165,4827.905,4846.855,60,789
2026-04-15 02:00:00,4846.695,4853.125,4820.395,4823.695,60,801
2026-04-15 03:00:00,4823.985,4829.395,4816.548,4823.825,60,796
2026-04-15 04:00:00,4823.745,4827.695,4820.105,4824.505,60,766
2026-04-15 05:00:00,4824.615,4830.325,4812.445,4819.365,60,791
2026-04-15 06:00:00,4819.435,4824.695,4810.855,4811.345,60,656
2026-04-15 07:00:00,4811.655,4816.775,4803.715,4810.955,60,678
2026-04-15 08:00:00,4810.755,4821.298,4804.215,4818.185,60,632
2026-04-15 09:00:00,4818.205,4819.345,4785.885,4798.065,60,631
2026-04-15 10:00:00,4797.925,4805.025,4789.915,4799.835,60,623
2026-04-15 11:00:00,4799.935,4814.805,4795.355,4812.475,60,631
2026-04-15 12:00:00,4812.495,4816.025,4806.765,4811.335,60,765
2026-04-15 13:00:00,4811.305,4829.995,4808.255,4828.595,60,641
2026-04-15 14:00:00,4828.555,4830.435,4813.165,4815.385,60,634
2026-04-15 15:00:00,4815.405,4816.025,4786.805,4801.445,60,623
2026-04-15 16:00:00,4801.435,4812.295,4799.975,4803.755,60,651
2026-04-15 17:00:00,4803.655,4808.575,4790.495,4792.315,60,629
2026-04-15 18:00:00,4792.345,4801.945,4790.105,4799.705,60,606
2026-04-15 19:00:00,4799.435,4803.315,4794.375,4795.605,60,603
2026-04-15 20:00:00,4795.635,4796.515,4787.595,4789.365,60,612
2026-04-15 22:00:00,4787.135,4811.665,4787.135,4807.058,60,1490
2026-04-15 23:00:00,4807.058,4826.425,4806.948,4823.205,60,1239
2026-04-16 00:00:00,4822.995,4837.455,4820.578,4832.398,60,710
2026-04-16 01:00:00,4832.418,4835.985,4811.048,4817.725,60,725
2026-04-16 02:00:00,4817.785,4824.765,4812.158,4819.525,60,770
2026-04-16 03:00:00,4819.315,4826.985,4818.765,4823.835,60,711
2026-04-16 04:00:00,4823.735,4833.315,4822.998,4832.895,60,741
2026-04-16 05:00:00,4832.875,4838.335,4821.085,4821.105,60,717
2026-04-16 06:00:00,4821.045,4830.465,4814.105,4825.805,60,649
2026-04-16 07:00:00,4825.845,4830.735,4816.945,4820.715,60,655
2026-04-16 08:00:00,4820.805,4821.645,4806.128,4813.438,60,794
2026-04-16 09:00:00,4813.438,4817.745,4806.535,4812.635,60,826
2026-04-16 10:00:00,4812.675,4817.015,4804.855,4816.975,60,789
2026-04-16 11:00:00,4817.035,4822.395,4815.195,4822.015,60,785
2026-04-16 12:00:00,4822.015,4822.915,4811.415,4815.905,60,868
2026-04-16 13:00:00,4815.955,4823.575,4784.745,4794.515,60,765
2026-04-16 14:00:00,4794.358,4805.185,4772.898,4788.575,60,682
2026-04-16 15:00:00,4788.555,4812.695,4788.015,4806.835,60,622
2026-04-16 16:00:00,4806.955,4810.098,4784.935,4791.865,60,609
2026-04-16 17:00:00,4791.915,4795.165,4781.215,4789.015,60,629
2026-04-16 18:00:00,4789.055,4794.235,4785.345,4789.405,60,651
2026-04-16 19:00:00,4789.435,4798.395,4789.258,4793.445,60,615
2026-04-16 20:00:00,4793.118,4793.655,4786.135,4787.975,60,610
2026-04-16 22:00:00,4790.395,4797.635,4790.395,4794.568,60,1411
2026-04-16 23:00:00,4794.568,4797.675,4791.505,4791.505,60,1507
2026-04-17 00:00:00,4791.475,4800.985,4785.635,4794.615,60,715
2026-04-17 01:00:00,4794.665,4795.495,4768.0,4789.215,60,727
2026-04-17 02:00:00,4789.175,4794.495,4784.145,4784.405,60,710
2026-04-17 03:00:00,4784.335,4797.915,4784.335,4792.948,60,714
2026-04-17 04:00:00,4792.808,4804.305,4792.265,4802.685,60,708
2026-04-17 05:00:00,4802.695,4805.935,4793.425,4794.075,60,781
2026-04-17 06:00:00,4794.005,4795.045,4779.235,4784.795,60,623
2026-04-17 07:00:00,4784.975,4794.565,4778.598,4784.295,60,610
2026-04-17 08:00:00,4784.255,4796.775,4780.695,4795.825,60,610
2026-04-17 09:00:00,4795.865,4800.785,4789.665,4790.125,60,611
2026-04-17 10:00:00,4790.175,4793.755,4782.045,4787.225,60,606
2026-04-17 11:00:00,4787.295,4811.555,4783.355,4798.935,60,602
2026-04-17 12:00:00,4799.005,4847.615,4797.418,4846.195,60,606
2026-04-17 13:00:00,4846.215,4889.335,4834.825,4880.175,60,774
2026-04-17 14:00:00,4880.613,4885.145,4860.525,4872.705,60,679
2026-04-17 15:00:00,4872.885,4880.275,4854.595,4867.145,60,777
2026-04-17 16:00:00,4867.078,4873.098,4863.375,4866.645,60,788
2026-04-17 17:00:00,4866.685,4869.315,4853.515,4862.248,60,881
2026-04-17 18:00:00,4862.325,4867.798,4855.378,4857.858,60,969
2026-04-17 19:00:00,4857.858,4860.985,4852.485,4854.098,60,856
2026-04-17 20:00:00,4854.135,4854.955,4825.925,4829.115,60,1123
2026-04-19 22:00:00,4767.405,4794.635,4758.085,4778.698,60,2329
2026-04-19 23:00:00,4778.698,4778.848,4736.635,4754.945,60,1284
2026-04-20 00:00:00,4754.995,4774.185,4744.295,4772.105,60,745
2026-04-20 01:00:00,4772.165,4814.035,4771.345,4807.525,60,722
2026-04-20 02:00:00,4807.415,4808.825,4792.908,4796.905,60,710
2026-04-20 03:00:00,4796.935,4798.285,4788.445,4790.645,60,708
2026-04-20 04:00:00,4790.975,4795.575,4786.858,4788.715,60,702
2026-04-20 05:00:00,4788.785,4795.845,4779.285,4790.705,60,716
2026-04-20 06:00:00,4790.665,4795.305,4783.578,4795.255,60,626
2026-04-20 07:00:00,4795.635,4805.605,4786.605,4789.465,60,625
2026-04-20 08:00:00,4789.445,4796.125,4785.835,4796.085,60,645
2026-04-20 09:00:00,4796.025,4797.765,4783.235,4791.335,60,630
2026-04-20 10:00:00,4791.315,4800.765,4789.485,4795.685,60,613
2026-04-20 11:00:00,4795.575,4810.775,4786.315,4810.395,60,614
2026-04-20 12:00:00,4810.325,4821.848,4798.795,4803.295,60,628
2026-04-20 13:00:00,4803.245,4826.188,4799.365,4817.545,60,764
2026-04-20 14:00:00,4817.855,4827.348,4792.045,4804.895,60,774
2026-04-20 15:00:00,4804.858,4809.315,4792.425,4799.495,60,772
2026-04-20 16:00:00,4799.515,4806.065,4792.725,4805.225,60,782
2026-04-20 17:00:00,4805.445,4811.935,4803.558,4806.515,60,771
2026-04-20 18:00:00,4806.535,4816.198,4806.535,4813.798,60,762
2026-04-20 19:00:00,4813.588,4821.058,4810.055,4814.135,60,726
2026-04-20 20:00:00,4813.978,4821.705,4811.975,4820.265,60,778
2026-04-20 22:00:00,4821.098,4832.845,4819.395,4827.318,60,1358
2026-04-20 23:00:00,4827.078,4831.338,4819.525,4821.485,60,1159
2026-04-21 00:00:00,4821.795,4830.565,4816.575,4823.825,60,719
2026-04-21 01:00:00,4823.845,4824.485,4805.365,4809.798,60,721
2026-04-21 02:00:00,4809.805,4810.115,4802.115,4806.595,60,708
2026-04-21 03:00:00,4806.645,4807.555,4792.345,4796.945,60,707
2026-04-21 04:00:00,4797.155,4797.675,4788.465,4788.765,60,710
2026-04-21 05:00:00,4789.055,4796.725,4782.785,4783.925,60,712
2026-04-21 06:00:00,4783.945,4790.535,4774.298,4778.535,60,761
2026-04-21 07:00:00,4778.065,4792.405,4772.395,4785.548,60,867
2026-04-21 08:00:00,4785.495,4792.735,4774.318,4785.895,60,931
2026-04-21 09:00:00,4786.25,4789.345,4780.895,4783.415,60,613
2026-04-21 10:00:00,4783.435,4790.295,4780.545,4789.685,60,621
2026-04-21 11:00:00,4789.655,4797.935,4775.195,4794.415,60,614
2026-04-21 12:00:00,4794.595,4796.895,4764.475,4778.535,60,728
2026-04-21 13:00:00,4778.955,4794.165,4759.585,4778.825,60,774
2026-04-21 14:00:00,4778.795,4782.485,4723.36,4738.915,60,645
2026-04-21 15:00:00,4739.095,4757.385,4727.595,4741.425,60,633
2026-04-21 16:00:00,4741.385,4746.86,4708.065,4710.865,60,614
2026-04-21 17:00:00,4710.935,4722.055,4696.645,4710.875,60,661
2026-04-21 18:00:00,4710.785,4714.455,4692.088,4709.165,60,772
2026-04-21 19:00:00,4709.605,4714.825,4668.275,4678.875,60,749
2026-04-21 20:00:00,4678.875,4720.585,4668.685,4720.045,60,967
2026-04-21 22:00:00,4720.145,4729.035,4715.055,4718.998,60,2619
2026-04-21 23:00:00,4718.968,4740.345,4717.528,4737.795,60,1187
2026-04-22 00:00:00,4737.765,4747.305,4737.765,4739.595,60,709
2026-04-22 01:00:00,4739.505,4754.585,4735.565,4751.985,60,721
2026-04-22 02:00:00,4752.205,4758.495,4749.728,4755.525,60,705
2026-04-22 03:00:00,4755.485,4764.795,4752.705,4757.965,60,708
2026-04-22 04:00:00,4757.935,4759.395,4751.868,4754.355,60,702
2026-04-22 05:00:00,4754.375,4771.935,4751.965,4767.345,60,706
2026-04-22 06:00:00,4767.335,4767.685,4758.595,4767.555,60,622
2026-04-22 07:00:00,4767.525,4772.165,4759.345,4760.245,60,612
2026-04-22 08:00:00,4760.315,4762.065,4751.645,4756.815,60,609
2026-04-22 09:00:00,4756.845,4762.285,4752.315,4755.065,60,606
2026-04-22 10:00:00,4755.235,4760.125,4745.585,4759.045,60,632
2026-04-22 11:00:00,4759.075,4760.625,4747.655,4750.115,60,612
2026-04-22 12:00:00,4750.155,4759.495,4742.655,4744.035,60,615
2026-04-22 13:00:00,4744.065,4760.825,4736.195,4752.735,60,633
2026-04-22 14:00:00,4752.685,4757.325,4729.835,4735.825,60,624
2026-04-22 15:00:00,4735.885,4740.045,4724.815,4727.415,60,622
2026-04-22 16:00:00,4727.395,4734.765,4723.685,4728.495,60,602
2026-04-22 17:00:00,4728.495,4739.285,4728.385,4736.915,60,536
2026-04-22 18:00:00,4736.935,4749.565,4729.725,4741.525,60,530
2026-04-22 19:00:00,4741.545,4745.265,4736.685,4739.985,60,552
2026-04-22 20:00:00,4740.025,4740.525,4734.265,4739.355,60,606
2026-04-22 22:00:00,4739.945,4746.245,4725.205,4725.638,60,1103
2026-04-22 23:00:00,4725.638,4729.715,4723.008,4727.525,60,1136
2026-04-23 00:00:00,4727.505,4753.585,4693.638,4747.815,60,717
2026-04-23 01:00:00,4747.485,4749.675,4722.255,4723.045,60,710
2026-04-23 02:00:00,4723.165,4724.535,4698.145,4698.745,60,721
2026-04-23 03:00:00,4698.695,4708.455,4697.985,4703.705,60,710
2026-04-23 04:00:00,4703.705,4706.945,4698.455,4704.115,60,700
2026-04-23 05:00:00,4704.155,4715.225,4692.078,4713.095,60,699
2026-04-23 06:00:00,4713.215,4721.035,4708.305,4712.665,60,670
2026-04-23 07:00:00,4712.615,4720.345,4702.945,4719.045,60,619
2026-04-23 08:00:00,4718.965,4724.695,4701.395,4703.155,60,531
2026-04-23 09:00:00,4703.105,4703.515,4694.515,4697.395,60,556
2026-04-23 10:00:00,4697.125,4701.525,4684.095,4696.425,60,538
2026-04-23 11:00:00,4696.465,4720.825,4695.285,4720.515,60,549
2026-04-23 12:00:00,4720.585,4742.985,4719.525,4739.905,60,718
2026-04-23 13:00:00,4740.005,4741.095,4723.675,4724.225,60,561
2026-04-23 14:00:00,4724.115,4736.465,4716.775,4733.495,60,618
2026-04-23 15:00:00,4733.515,4740.905,4715.975,4720.275,60,582
2026-04-23 16:00:00,4720.345,4736.985,4715.405,4732.835,60,579
2026-04-23 17:00:00,4732.825,4734.385,4664.045,4709.135,60,619
2026-04-23 18:00:00,4709.185,4721.915,4699.165,4700.745,60,662
2026-04-23 19:00:00,4700.665,4704.345,4689.195,4695.915,60,547
2026-04-23 20:00:00,4695.945,4698.045,4686.415,4692.355,60,567
2026-04-23 22:00:00,4698.245,4702.195,4689.845,4692.865,60,2155
2026-04-23 23:00:00,4692.765,4700.515,4686.625,4695.025,60,1094
2026-04-24 00:00:00,4695.025,4707.775,4690.495,4704.365,60,702
2026-04-24 01:00:00,4704.345,4710.935,4690.025,4699.225,60,703
2026-04-24 02:00:00,4699.195,4700.335,4672.965,4676.445,60,713
2026-04-24 03:00:00,4676.415,4678.065,4668.305,4671.975,60,711
2026-04-24 04:00:00,4671.665,4676.795,4657.485,4674.205,60,711
2026-04-24 05:00:00,4674.275,4687.115,4669.335,4686.345,60,710
2026-04-24 06:00:00,4686.375,4688.035,4666.515,4671.685,60,619
2026-04-24 07:00:00,4671.605,4694.995,4670.735,4694.285,60,593
2026-04-24 08:00:00,4694.245,4697.315,4684.925,4690.615,60,580
2026-04-24 09:00:00,4690.635,4696.535,4679.115,4681.815,60,545
2026-04-24 10:00:00,4681.805,4686.075,4674.455,4677.625,60,529
2026-04-24 11:00:00,4677.565,4717.195,4677.565,4706.685,60,541
2026-04-24 12:00:00,4706.705,4711.625,4690.155,4700.555,60,523
2026-04-24 13:00:00,4700.765,4717.185,4689.545,4710.665,60,591
2026-04-24 14:00:00,4711.475,4739.995,4706.725,4726.225,60,555
2026-04-24 15:00:00,4726.275,4733.155,4714.475,4726.935,60,559
2026-04-24 16:00:00,4726.935,4729.565,4718.965,4726.655,60,496
2026-04-24 17:00:00,4726.655,4730.065,4718.785,4723.245,60,507
2026-04-24 18:00:00,4723.245,4724.715,4716.605,4722.585,60,562
2026-04-24 19:00:00,4722.625,4725.995,4713.515,4716.265,60,550
2026-04-24 20:00:00,4716.115,4717.245,4705.085,4707.865,60,679
2026-04-26 22:00:00,4697.248,4703.995,4679.945,4684.078,60,2192
2026-04-26 23:00:00,4684.078,4684.705,4674.655,4679.825,60,1303
2026-04-27 00:00:00,4679.715,4698.145,4672.025,4697.605,60,707
2026-04-27 01:00:00,4697.555,4709.605,4690.535,4702.415,60,712
2026-04-27 02:00:00,4702.445,4723.175,4696.045,4718.055,60,680
2026-04-27 03:00:00,4717.925,4729.315,4714.105,4723.925,60,696
2026-04-27 04:00:00,4723.945,4729.875,4722.495,4724.775,60,683
2026-04-27 05:00:00,4724.805,4725.185,4708.425,4709.875,60,678
2026-04-27 06:00:00,4709.885,4715.565,4708.945,4712.595,60,608
2026-04-27 07:00:00,4712.538,4718.205,4709.785,4713.235,60,569
2026-04-27 08:00:00,4713.285,4714.575,4705.305,4706.735,60,396
2026-04-27 09:00:00,4706.805,4708.145,4699.155,4703.555,60,408
2026-04-27 10:00:00,4703.575,4710.865,4699.405,4708.765,60,416
2026-04-27 11:00:00,4708.795,4709.075,4700.005,4704.785,60,409
2026-04-27 12:00:00,4704.825,4712.475,4696.675,4699.015,60,556
2026-04-27 13:00:00,4699.045,4703.305,4688.825,4695.935,60,539
2026-04-27 14:00:00,4695.945,4696.585,4676.395,4678.005,60,573
2026-04-27 15:00:00,4678.045,4682.345,4667.055,4669.805,60,553
2026-04-27 16:00:00,4669.805,4679.325,4667.055,4676.525,60,581
2026-04-27 17:00:00,4676.525,4685.935,4668.115,4682.015,60,553
2026-04-27 18:00:00,4682.035,4685.325,4678.765,4680.465,60,545
2026-04-27 19:00:00,4680.445,4682.505,4676.485,4680.695,60,538
2026-04-27 20:00:00,4680.665,4682.315,4677.175,4680.565,60,578
2026-04-27 22:00:00,4681.698,4690.955,4681.175,4687.455,60,1530
2026-04-27 23:00:00,4687.448,4694.895,4686.785,4691.705,60,1107
2026-04-28 00:00:00,4691.855,4701.015,4690.105,4690.275,60,687
2026-04-28 01:00:00,4690.295,4691.375,4669.045,4670.345,60,702
2026-04-28 02:00:00,4670.295,4679.625,4666.065,4668.825,60,685
2026-04-28 03:00:00,4668.735,4675.675,4668.115,4670.765,60,688
2026-04-28 04:00:00,4670.715,4670.995,4666.135,4667.485,60,680
2026-04-28 05:00:00,4667.505,4667.835,4623.618,4631.795,60,684
2026-04-28 06:00:00,4631.805,4642.785,4623.145,4628.715,60,601
2026-04-28 07:00:00,4628.655,4639.195,4620.355,4633.035,60,608
2026-04-28 08:00:00,4632.925,4635.285,4614.535,4629.465,60,517
2026-04-28 09:00:00,4629.435,4629.875,4604.505,4604.755,60,541
2026-04-28 10:00:00,4604.415,4616.365,4603.115,4603.115,60,437
2026-04-28 11:00:00,4603.055,4608.655,4555.385,4562.375,60,547
2026-04-28 12:00:00,4562.535,4599.965,4554.675,4593.515,60,587
2026-04-28 13:00:00,4593.465,4594.395,4570.625,4580.305,60,684
2026-04-28 14:00:00,4580.225,4580.455,4557.085,4574.395,60,563
2026-04-28 15:00:00,4574.365,4586.325,4566.815,4586.215,60,558
2026-04-28 16:00:00,4586.215,4594.665,4577.655,4592.095,60,633
2026-04-28 17:00:00,4592.095,4601.245,4587.095,4594.565,60,567
2026-04-28 18:00:00,4594.585,4600.375,4591.875,4594.015,60,532
2026-04-28 19:00:00,4594.015,4599.755,4593.125,4595.385,60,525
2026-04-28 20:00:00,4595.425,4598.585,4590.925,4594.435,60,570
2026-04-28 22:00:00,4596.205,4599.515,4591.905,4593.585,60,1338
2026-04-28 23:00:00,4593.585,4596.115,4587.745,4595.365,60,1074
2026-04-29 00:00:00,4595.385,4610.195,4595.015,4600.045,60,684
2026-04-29 01:00:00,4600.015,4600.205,4575.825,4584.665,60,701
2026-04-29 02:00:00,4584.665,4603.905,4584.655,4593.565,60,700
2026-04-29 03:00:00,4593.565,4603.135,4591.885,4595.195,60,684
2026-04-29 04:00:00,4595.365,4605.505,4595.065,4604.635,60,677
2026-04-29 05:00:00,4604.635,4607.655,4590.365,4590.775,60,683
2026-04-29 06:00:00,4590.775,4598.545,4580.575,4584.325,60,603
2026-04-29 07:00:00,4584.325,4588.685,4567.125,4567.645,60,592
2026-04-29 08:00:00,4568.176,4576.635,4557.075,4572.995,60,565
2026-04-29 09:00:00,4573.025,4580.555,4551.445,4555.615,60,536
2026-04-29 10:00:00,4555.545,4576.425,4554.845,4569.745,60,572
2026-04-29 11:00:00,4569.715,4571.885,4559.105,4561.455,60,538
2026-04-29 12:00:00,4561.495,4568.845,4541.835,4544.745,60,737
2026-04-29 13:00:00,4544.855,4553.095,4509.875,4521.515,60,589
2026-04-29 14:00:00,4521.445,4542.555,4517.615,4539.195,60,626
2026-04-29 15:00:00,4539.105,4558.715,4536.085,4547.445,60,555
2026-04-29 16:00:00,4547.495,4564.715,4543.075,4545.235,60,617
2026-04-29 17:00:00,4545.245,4554.265,4541.465,4546.375,60,530
2026-04-29 18:00:00,4546.355,4552.775,4518.145,4537.915,60,973
2026-04-29 19:00:00,4537.945,4550.455,4533.045,4546.745,60,610
2026-04-29 20:00:00,4546.675,4553.465,4541.175,4543.425,60,624
2026-04-29 22:00:00,4543.185,4552.228,4539.075,4551.548,60,1446
2026-04-29 23:00:00,4551.495,4561.715,4549.335,4561.345,60,1250
2026-04-30 00:00:00,4561.325,4573.825,4556.168,4569.585,60,699
2026-04-30 01:00:00,4569.555,4582.178,4564.275,4578.725,60,706
2026-04-30 02:00:00,4578.755,4581.595,4559.595,4564.625,60,684
2026-04-30 03:00:00,4564.515,4568.985,4555.458,4555.855,60,703
2026-04-30 04:00:00,4555.835,4556.755,4540.545,4541.785,60,670
2026-04-30 05:00:00,4541.725,4569.445,4541.638,4562.405,60,698
2026-04-30 06:00:00,4562.415,4591.425,4559.935,4589.345,60,600
2026-04-30 07:00:00,4589.185,4605.465,4584.655,4598.295,60,593
2026-04-30 08:00:00,4598.325,4629.545,4597.155,4616.115,60,581
2026-04-30 09:00:00,4616.155,4631.555,4614.348,4624.995,60,578
2026-04-30 10:00:00,4624.985,4646.705,4623.445,4639.475,60,628
2026-04-30 11:00:00,4639.475,4645.545,4626.525,4630.015,60,670
2026-04-30 12:00:00,4630.105,4639.845,4624.115,4639.415,60,995
2026-04-30 13:00:00,4639.435,4645.845,4610.348,4610.625,60,593
2026-04-30 14:00:00,4610.515,4625.825,4609.255,4619.535,60,583
2026-04-30 15:00:00,4619.515,4625.355,4611.065,4615.045,60,570
2026-04-30 16:00:00,4615.075,4617.548,4605.158,4607.398,60,596
2026-04-30 17:00:00,4607.355,4621.305,4607.305,4616.645,60,549
2026-04-30 18:00:00,4616.695,4625.045,4616.625,4622.275,60,553
2026-04-30 19:00:00,4622.295,4627.275,4614.318,4616.925,60,688
2026-04-30 20:00:00,4617.045,4622.315,4615.215,4622.035,60,545
2026-04-30 22:00:00,4624.875,4635.085,4623.675,4629.858,60,2317
2026-04-30 23:00:00,4629.705,4633.885,4626.235,4626.395,60,1389
2026-05-01 00:00:00,4626.305,4630.915,4618.335,4619.545,60,701
2026-05-01 01:00:00,4619.575,4622.045,4613.735,4620.765,60,812
2026-05-01 02:00:00,4620.725,4635.695,4616.235,4618.875,60,698
2026-05-01 03:00:00,4618.845,4631.705,4617.445,4626.415,60,693
2026-05-01 04:00:00,4626.435,4628.438,4608.865,4608.865,60,696
2026-05-01 05:00:00,4608.885,4615.875,4602.675,4604.635,60,686
2026-05-01 06:00:00,4604.655,4607.615,4590.518,4594.555,60,601
2026-05-01 07:00:00,4594.455,4597.805,4575.555,4577.885,60,754
2026-05-01 08:00:00,4577.838,4582.225,4564.905,4568.725,60,736
2026-05-01 09:00:00,4568.745,4572.745,4560.045,4562.555,60,764
2026-05-01 10:00:00,4562.595,4575.895,4561.185,4566.695,60,571
2026-05-01 11:00:00,4566.715,4579.455,4562.325,4578.525,60,600
2026-05-01 12:00:00,4578.465,4607.655,4574.765,4591.065,60,591
2026-05-01 13:00:00,4591.045,4628.465,4586.315,4623.9,60,576
2026-05-01 14:00:00,4624.875,4660.065,4624.095,4631.925,60,779
2026-05-01 15:00:00,4631.965,4647.905,4618.785,4643.055,60,631
2026-05-01 16:00:00,4642.985,4649.795,4633.825,4638.605,60,598
2026-05-01 17:00:00,4638.575,4642.415,4626.655,4629.195,60,744
2026-05-01 18:00:00,4629.245,4630.465,4613.535,4624.095,60,587
2026-05-01 19:00:00,4624.275,4627.525,4608.625,4610.615,60,626
2026-05-01 20:00:00,4610.735,4616.635,4606.805,4613.558,60,988
2026-05-03 22:00:00,4632.938,4637.355,4612.195,4618.228,60,2242
2026-05-03 23:00:00,4618.188,4620.458,4611.105,4613.605,60,1393
2026-05-04 00:00:00,4613.578,4616.205,4601.665,4612.735,60,693
2026-05-04 01:00:00,4612.715,4613.735,4592.425,4612.795,60,685
2026-05-04 02:00:00,4612.825,4618.365,4590.795,4605.575,60,688
2026-05-04 03:00:00,4605.515,4616.925,4598.265,4614.835,60,680
2026-05-04 04:00:00,4614.795,4615.275,4604.915,4605.605,60,660
2026-05-04 05:00:00,4605.665,4612.895,4592.075,4598.835,60,699
2026-05-04 06:00:00,4598.865,4600.565,4583.595,4588.485,60,604
2026-05-04 07:00:00,4588.218,4593.215,4577.755,4578.835,60,586
2026-05-04 08:00:00,4578.775,4581.155,4573.455,4576.845,60,577
2026-05-04 09:00:00,4576.805,4584.375,4572.168,4575.255,60,577
2026-05-04 10:00:00,4575.365,4575.695,4525.855,4562.365,60,613
2026-05-04 11:00:00,4562.475,4570.595,4551.295,4560.215,60,621
2026-05-04 12:00:00,4560.165,4579.155,4559.085,4568.195,60,605
2026-05-04 13:00:00,4568.165,4576.29,4555.475,4563.875,60,681
2026-05-04 14:00:00,4563.785,4583.005,4553.435,4561.295,60,592
2026-05-04 15:00:00,4561.315,4565.885,4512.055,4521.455,60,710
2026-05-04 16:00:00,4521.375,4526.795,4500.665,4510.565,60,641
2026-05-04 17:00:00,4510.645,4531.315,4510.645,4522.215,60,564
2026-05-04 18:00:00,4522.235,4525.245,4509.655,4516.165,60,531
2026-05-04 19:00:00,4516.195,4526.955,4511.125,4517.585,60,550
2026-05-04 20:00:00,4517.595,4523.825,4511.605,4522.315,60,651
2026-05-04 22:00:00,4521.985,4524.535,4515.205,4516.988,60,1427
2026-05-04 23:00:00,4516.968,4521.435,4515.738,4518.815,60,1141
2026-05-05 00:00:00,4518.825,4530.275,4513.265,4529.885,60,691
2026-05-05 01:00:00,4529.555,4541.945,4525.045,4540.665,60,687
2026-05-05 02:00:00,4540.635,4546.565,4534.515,4538.855,60,684
2026-05-05 03:00:00,4538.825,4542.645,4532.215,4534.385,60,691
2026-05-05 04:00:00,4534.395,4536.475,4527.725,4533.405,60,687
2026-05-05 05:00:00,4533.435,4551.355,4531.065,4545.475,60,686
2026-05-05 06:00:00,4545.465,4551.825,4533.495,4547.955,60,593
2026-05-05 07:00:00,4547.975,4558.055,4543.105,4545.285,60,527
2026-05-05 08:00:00,4545.375,4559.405,4545.225,4558.255,60,549
2026-05-05 09:00:00,4558.255,4560.345,4550.825,4556.055,60,540
2026-05-05 10:00:00,4556.055,4556.715,4539.925,4543.635,60,537
2026-05-05 11:00:00,4543.645,4564.845,4539.815,4562.755,60,497
2026-05-05 12:00:00,4562.485,4574.435,4554.115,4564.425,60,571
2026-05-05 13:00:00,4564.135,4584.835,4564.045,4578.765,60,588
2026-05-05 14:00:00,4578.608,4586.415,4565.575,4582.145,60,813
2026-05-05 15:00:00,4582.175,4583.675,4568.195,4568.325,60,576
2026-05-05 16:00:00,4568.305,4568.875,4553.515,4561.055,60,587
2026-05-05 17:00:00,4561.055,4562.595,4553.155,4559.705,60,588
2026-05-05 18:00:00,4559.775,4565.665,4557.445,4560.875,60,506
2026-05-05 19:00:00,4560.975,4561.365,4551.385,4554.485,60,545
2026-05-05 20:00:00,4555.005,4559.865,4553.785,4554.875,60,593
2026-05-05 22:00:00,4555.965,4576.845,4545.975,4572.758,60,1663
2026-05-05 23:00:00,4572.745,4595.425,4568.908,4593.775,60,1266
2026-05-06 00:00:00,4593.735,4619.795,4588.015,4618.475,60,718
2026-05-06 01:00:00,4618.438,4628.755,4609.225,4625.885,60,692
2026-05-06 02:00:00,4625.865,4641.585,4625.095,4640.465,60,688
2026-05-06 03:00:00,4640.375,4651.755,4638.315,4643.455,60,678
2026-05-06 04:00:00,4643.475,4653.285,4643.225,4648.655,60,677
2026-05-06 05:00:00,4648.675,4663.605,4644.375,4662.875,60,698
2026-05-06 06:00:00,4662.795,4669.655,4656.815,4669.175,60,596
2026-05-06 07:00:00,4669.215,4681.715,4657.255,4681.495,60,602
2026-05-06 08:00:00,4681.165,4702.298,4671.435,4700.005,60,597
2026-05-06 09:00:00,4700.345,4708.435,4688.825,4701.565,60,563
2026-05-06 10:00:00,4701.605,4722.825,4695.275,4717.795,60,538
2026-05-06 11:00:00,4717.805,4721.025,4690.658,4691.748,60,612
2026-05-06 12:00:00,4691.995,4692.885,4660.195,4683.045,60,549
2026-05-06 13:00:00,4683.055,4707.655,4668.645,4701.925,60,555
2026-05-06 14:00:00,4701.758,4717.205,4697.395,4702.895,60,552
2026-05-06 15:00:00,4702.845,4705.685,4687.625,4687.625,60,541
2026-05-06 16:00:00,4687.455,4692.065,4679.315,4682.915,60,545
2026-05-06 17:00:00,4682.975,4687.985,4678.845,4684.005,60,499
2026-05-06 18:00:00,4684.075,4690.435,4681.805,4685.915,60,511
2026-05-06 19:00:00,4685.955,4700.025,4685.905,4692.245,60,571
2026-05-06 20:00:00,4692.215,4699.505,4685.005,4690.965,60,554
2026-05-06 22:00:00,4691.535,4699.625,4689.115,4694.495,60,1272
2026-05-06 23:00:00,4694.455,4699.325,4690.145,4698.745,60,1126
2026-05-07 00:00:00,4698.695,4701.025,4685.235,4688.385,60,697
2026-05-07 01:00:00,4688.505,4721.225,4684.965,4714.588,60,686
2026-05-07 02:00:00,4714.588,4718.395,4699.645,4707.005,60,681
2026-05-07 03:00:00,4706.785,4709.615,4698.615,4698.835,60,701
2026-05-07 04:00:00,4698.865,4700.745,4692.095,4696.195,60,697
2026-05-07 05:00:00,4696.215,4706.365,4694.625,4700.895,60,676
2026-05-07 06:00:00,4700.895,4749.805,4700.895,4738.885,60,595
2026-05-07 07:00:00,4738.766,4750.375,4731.345,4743.125,60,593
2026-05-07 08:00:00,4743.125,4753.275,4730.685,4730.845,60,534
2026-05-07 09:00:00,4730.945,4739.275,4721.665,4728.835,60,566
2026-05-07 10:00:00,4728.785,4739.725,4726.405,4735.585,60,553
2026-05-07 11:00:00,4735.895,4743.585,4727.115,4742.605,60,524
2026-05-07 12:00:00,4742.785,4752.455,4733.228,4749.955,60,705
2026-05-07 13:00:00,4749.915,4758.035,4730.995,4746.115,60,550
2026-05-07 14:00:00,4746.115,4763.285,4740.948,4762.575,60,577
2026-05-07 15:00:00,4762.565,4764.595,4726.255,4729.045,60,572
2026-05-07 16:00:00,4729.165,4729.595,4704.255,4714.865,60,551
2026-05-07 17:00:00,4714.855,4719.425,4687.565,4711.295,60,569
2026-05-07 18:00:00,4711.255,4716.015,4695.295,4709.495,60,564
2026-05-07 19:00:00,4709.555,4712.745,4697.675,4702.745,60,566
2026-05-07 20:00:00,4702.705,4718.915,4684.575,4685.145,60,590
2026-05-07 22:00:00,4679.745,4699.158,4675.648,4685.358,60,1032
2026-05-07 23:00:00,4685.175,4705.375,4683.978,4704.145,60,1332
2026-05-08 00:00:00,4704.085,4709.255,4693.835,4701.265,60,697
2026-05-08 01:00:00,4701.115,4725.245,4700.265,4722.625,60,703
2026-05-08 02:00:00,4722.695,4732.615,4706.625,4713.185,60,668
2026-05-08 03:00:00,4713.125,4730.995,4710.945,4719.455,60,685
2026-05-08 04:00:00,4719.435,4723.095,4708.735,4710.715,60,675
2026-05-08 05:00:00,4710.855,4730.958,4709.355,4727.155,60,699
2026-05-08 06:00:00,4727.185,4734.355,4712.295,4725.465,60,599
2026-05-08 07:00:00,4725.268,4726.215,4696.735,4707.595,60,601
2026-05-08 08:00:00,4707.645,4723.395,4706.405,4715.495,60,636
2026-05-08 09:00:00,4715.515,4722.595,4707.255,4711.625,60,592
2026-05-08 10:00:00,4711.645,4727.748,4710.955,4719.565,60,579
2026-05-08 11:00:00,4719.905,4727.195,4713.455,4717.585,60,594
2026-05-08 12:00:00,4717.615,4731.745,4701.708,4724.225,60,901
2026-05-08 13:00:00,4723.958,4747.565,4716.535,4747.515,60,551
2026-05-08 14:00:00,4747.635,4749.245,4713.225,4715.695,60,556
2026-05-08 15:00:00,4715.765,4720.845,4701.825,4706.985,60,588
2026-05-08 16:00:00,4707.015,4720.015,4705.315,4712.285,60,534
2026-05-08 17:00:00,4712.255,4722.615,4711.995,4720.765,60,538
2026-05-08 18:00:00,4720.835,4728.825,4719.735,4721.755,60,573
2026-05-08 19:00:00,4721.725,4726.655,4720.745,4723.765,60,545
2026-05-08 20:00:00,4723.775,4724.125,4711.415,4712.655,60,685
2026-05-10 22:00:00,4681.255,4700.195,4678.165,4691.345,60,2366
2026-05-10 23:00:00,4691.198,4698.345,4688.545,4691.465,60,1142
2026-05-11 00:00:00,4691.395,4693.035,4670.125,4683.265,60,760
2026-05-11 01:00:00,4683.055,4705.245,4674.255,4685.375,60,713
2026-05-11 02:00:00,4685.635,4700.065,4676.325,4681.495,60,723
2026-05-11 03:00:00,4681.495,4690.195,4674.898,4678.465,60,700
2026-05-11 04:00:00,4678.495,4679.615,4668.185,4671.865,60,672
2026-05-11 05:00:00,4671.845,4680.655,4647.825,4652.125,60,661
2026-05-11 06:00:00,4652.125,4680.255,4649.115,4678.315,60,599
2026-05-11 07:00:00,4678.265,4680.165,4664.235,4667.595,60,571
2026-05-11 08:00:00,4667.635,4678.575,4663.995,4667.395,60,532
2026-05-11 09:00:00,4667.475,4669.815,4650.335,4656.725,60,563
2026-05-11 10:00:00,4656.725,4667.355,4656.255,4663.968,60,567
2026-05-11 11:00:00,4664.225,4677.255,4663.895,4674.305,60,532
2026-05-11 12:00:00,4674.695,4701.115,4667.295,4699.895,60,548
2026-05-11 13:00:00,4699.835,4748.485,4698.585,4736.058,60,575
2026-05-11 14:00:00,4735.625,4738.198,4714.955,4725.405,60,604
2026-05-11 15:00:00,4725.445,4738.125,4722.695,4731.945,60,537
2026-05-11 16:00:00,4732.155,4733.365,4707.715,4716.405,60,574
2026-05-11 17:00:00,4716.305,4724.465,4715.835,4723.535,60,543
2026-05-11 18:00:00,4723.505,4729.235,4720.895,4724.755,60,553
2026-05-11 19:00:00,4724.895,4736.058,4722.298,4733.315,60,547
2026-05-11 20:00:00,4733.325,4738.335,4729.735,4735.185,60,573
2026-05-11 22:00:00,4734.698,4754.915,4732.745,4750.515,60,1053
2026-05-11 23:00:00,4751.135,4769.405,4745.845,4767.215,60,1104
2026-05-12 00:00:00,4767.215,4773.335,4748.225,4749.095,60,673
2026-05-12 01:00:00,4749.115,4755.375,4720.145,4726.905,60,715
2026-05-12 02:00:00,4726.875,4733.595,4722.015,4729.765,60,690
2026-05-12 03:00:00,4729.815,4733.135,4717.885,4719.935,60,697
2026-05-12 04:00:00,4719.905,4730.135,4710.985,4713.985,60,683
2026-05-12 05:00:00,4713.935,4721.835,4708.475,4714.035,60,715
2026-05-12 06:00:00,4714.055,4714.085,4694.295,4696.805,60,602
2026-05-12 07:00:00,4696.975,4703.705,4686.935,4699.615,60,603
2026-05-12 08:00:00,4699.695,4706.715,4696.975,4703.275,60,531
2026-05-12 09:00:00,4703.285,4705.125,4693.955,4699.305,60,518
2026-05-12 10:00:00,4699.295,4708.295,4684.935,4694.235,60,559
2026-05-12 11:00:00,4694.285,4708.985,4686.985,4706.395,60,534
2026-05-12 12:00:00,4706.495,4711.455,4689.435,4705.545,60,716
2026-05-12 13:00:00,4705.515,4708.895,4676.685,4679.075,60,556
2026-05-12 14:00:00,4679.155,4694.995,4669.345,4672.735,60,569
2026-05-12 15:00:00,4672.785,4675.955,4638.225,4666.025,60,571
2026-05-12 16:00:00,4665.995,4674.915,4664.045,4670.955,60,532
2026-05-12 17:00:00,4671.265,4682.165,4670.915,4678.605,60,536
2026-05-12 18:00:00,4678.545,4697.955,4676.045,4695.795,60,565
2026-05-12 19:00:00,4695.875,4715.518,4695.875,4715.435,60,575
2026-05-12 20:00:00,4715.355,4719.125,4711.885,4714.005,60,644
2026-05-12 22:00:00,4713.905,4722.138,4701.436,4716.435,60,1851
2026-05-12 23:00:00,4716.478,4723.755,4714.915,4716.695,60,1200
2026-05-13 00:00:00,4716.905,4726.618,4713.895,4714.385,60,737
2026-05-13 01:00:00,4714.415,4717.015,4700.845,4702.265,60,713
2026-05-13 02:00:00,4702.265,4707.425,4687.198,4691.645,60,558
2026-05-13 03:00:00,4691.775,4705.675,4688.695,4695.755,60,687
2026-05-13 04:00:00,4695.765,4703.235,4695.285,4699.335,60,564
2026-05-13 05:00:00,4699.335,4707.085,4693.275,4703.985,60,720
2026-05-13 06:00:00,4703.955,4715.155,4698.998,4701.585,60,616
2026-05-13 07:00:00,4701.655,4708.675,4696.585,4702.565,60,601
2026-05-13 08:00:00,4702.495,4704.015,4694.225,4700.535,60,582
2026-05-13 09:00:00,4700.555,4701.665,4685.755,4700.745,60,577
2026-05-13 10:00:00,4700.745,4710.295,4693.555,4693.975,60,579
2026-05-13 11:00:00,4693.935,4705.325,4691.355,4697.265,60,558
2026-05-13 12:00:00,4696.995,4701.285,4675.295,4683.635,60,865
2026-05-13 13:00:00,4683.385,4694.555,4669.415,4680.515,56,481
2026-05-13 14:00:00,4679.155,4690.808,4672.635,4679.625,60,590
2026-05-13 15:00:00,4679.625,4699.965,4678.785,4695.365,60,473
2026-05-13 16:00:00,4695.365,4709.635,4694.865,4695.515,60,566
2026-05-13 17:00:00,4695.605,4701.095,4684.295,4685.375,60,533
2026-05-13 18:00:00,4685.375,4693.895,4677.425,4684.725,60,548
2026-05-13 19:00:00,4684.805,4690.425,4683.155,4688.025,60,542
2026-05-13 20:00:00,4687.965,4693.315,4685.835,4688.605,60,587
2026-05-13 22:00:00,4689.298,4700.295,4688.708,4699.625,60,1750
2026-05-13 23:00:00,4699.618,4701.855,4693.065,4696.415,60,1041
2026-05-14 00:00:00,4696.395,4706.485,4689.225,4704.735,60,688
2026-05-14 01:00:00,4704.765,4706.865,4683.315,4688.665,60,700
2026-05-14 02:00:00,4688.685,4699.365,4679.555,4686.025,60,884
2026-05-14 03:00:00,4686.135,4693.055,4673.665,4674.645,60,1026
2026-05-14 04:00:00,4674.695,4712.438,4668.165,4702.015,60,937
2026-05-14 05:00:00,4702.075,4703.815,4688.625,4689.405,60,934
2026-05-14 06:00:00,4689.178,4702.345,4686.028,4699.865,60,893
2026-05-14 07:00:00,4699.715,4718.568,4690.595,4692.995,60,798
2026-05-14 08:00:00,4692.935,4706.445,4691.935,4693.115,60,690
2026-05-14 09:00:00,4693.225,4702.535,4688.335,4699.405,60,554
2026-05-14 10:00:00,4699.455,4705.245,4691.015,4696.785,60,482
2026-05-14 11:00:00,4696.845,4704.625,4688.908,4694.165,60,614
2026-05-14 12:00:00,4693.518,4709.748,4691.998,4704.628,60,876
2026-05-14 13:00:00,4704.535,4707.408,4665.975,4679.285,60,864
2026-05-14 14:00:00,4679.225,4700.648,4677.315,4679.175,60,872
2026-05-14 15:00:00,4679.205,4689.085,4676.775,4685.585,60,842
2026-05-14 16:00:00,4685.438,4686.638,4669.955,4678.175,60,804
2026-05-14 17:00:00,4678.325,4682.678,4676.135,4677.898,60,846
2026-05-14 18:00:00,4677.998,4678.018,4666.558,4671.395,60,883
2026-05-14 19:00:00,4671.575,4671.595,4652.675,4653.818,60,721
2026-05-14 20:00:00,4653.838,4656.738,4643.965,4648.895,60,860
2026-05-14 22:00:00,4650.795,4662.615,4645.925,4661.948,60,1928
2026-05-14 23:00:00,4661.775,4665.145,4646.628,4651.975,60,1060
2026-05-15 00:00:00,4651.935,4658.125,4613.225,4629.758,60,747
2026-05-15 01:00:00,4629.995,4631.115,4607.025,4613.805,60,899
2026-05-15 02:00:00,4614.055,4623.255,4609.115,4617.875,60,685
2026-05-15 03:00:00,4617.875,4622.185,4607.215,4615.245,60,672
2026-05-15 04:00:00,4615.295,4621.465,4604.125,4605.615,60,554
2026-05-15 05:00:00,4606.025,4606.305,4558.425,4558.425,60,691
2026-05-15 06:00:00,4558.445,4580.345,4556.245,4569.555,60,605
2026-05-15 07:00:00,4569.785,4588.575,4565.755,4570.685,60,592
2026-05-15 08:00:00,4570.575,4571.895,4549.845,4554.375,60,575
2026-05-15 09:00:00,4554.375,4563.685,4531.705,4545.715,60,568
2026-05-15 10:00:00,4545.735,4572.485,4543.965,4565.855,60,552
2026-05-15 11:00:00,4565.825,4570.035,4549.715,4551.855,60,566
2026-05-15 12:00:00,4551.885,4558.625,4543.515,4545.655,60,447
2026-05-15 13:00:00,4545.635,4557.505,4511.215,4533.285,60,571
2026-05-15 14:00:00,4533.285,4566.495,4525.155,4562.615,60,541
2026-05-15 15:00:00,4562.625,4563.555,4533.625,4539.755,60,487
2026-05-15 16:00:00,4539.765,4548.015,4529.255,4544.335,60,590
2026-05-15 17:00:00,4544.335,4564.325,4543.195,4559.445,60,518
2026-05-15 18:00:00,4559.485,4562.985,4552.235,4559.115,60,565
2026-05-15 19:00:00,4559.115,4559.965,4544.705,4545.585,60,538
2026-05-15 20:00:00,4545.665,4546.155,4532.915,4538.898,60,712
2026-05-17 22:00:00,4531.698,4554.575,4526.498,4545.688,60,2189
2026-05-17 23:00:00,4545.698,4547.588,4531.775,4536.795,60,1249
2026-05-18 00:00:00,4536.825,4542.315,4480.065,4515.715,60,712
2026-05-18 01:00:00,4514.525,4535.265,4489.235,4525.225,60,762
2026-05-18 02:00:00,4525.165,4542.545,4521.765,4533.405,60,730
2026-05-18 03:00:00,4533.295,4547.855,4525.005,4540.985,60,766
2026-05-18 04:00:00,4540.935,4549.675,4529.845,4540.445,60,657
2026-05-18 05:00:00,4540.515,4551.705,4529.625,4530.655,60,757
2026-05-18 06:00:00,4530.665,4547.865,4529.425,4546.635,60,743
2026-05-18 07:00:00,4546.565,4559.575,4538.155,4546.175,60,719
2026-05-18 08:00:00,4546.175,4556.825,4542.138,4549.745,60,614
2026-05-18 09:00:00,4549.555,4551.745,4539.935,4542.735,60,638
2026-05-18 10:00:00,4542.755,4547.545,4531.955,4540.025,60,578
2026-05-18 11:00:00,4540.035,4566.858,4529.815,4550.455,60,619
2026-05-18 12:00:00,4550.665,4574.875,4544.965,4571.015,60,558
2026-05-18 13:00:00,4571.065,4584.015,4561.665,4575.485,60,575
2026-05-18 14:00:00,4575.505,4575.505,4537.435,4546.385,60,555
2026-05-18 15:00:00,4546.365,4547.835,4531.575,4543.385,60,552
2026-05-18 16:00:00,4543.405,4554.395,4533.825,4549.955,60,547
2026-05-18 17:00:00,4549.918,4558.045,4545.515,4546.865,60,530
2026-05-18 18:00:00,4546.885,4547.655,4534.015,4535.545,60,559
2026-05-18 19:00:00,4535.515,4564.735,4535.035,4558.305,60,565
2026-05-18 20:00:00,4558.825,4566.575,4557.655,4566.325,60,610
2026-05-18 22:00:00,4566.825,4578.245,4566.025,4573.348,60,2020
2026-05-18 23:00:00,4573.288,4588.825,4573.255,4581.615,60,1301
2026-05-19 00:00:00,4582.005,4589.295,4561.225,4563.165,60,702
2026-05-19 01:00:00,4563.18,4572.075,4553.995,4563.565,60,712
2026-05-19 02:00:00,4563.595,4563.595,4545.715,4546.875,60,694
2026-05-19 03:00:00,4546.975,4555.015,4543.325,4544.985,60,688
2026-05-19 04:00:00,4545.005,4545.545,4537.675,4542.205,60,678
2026-05-19 05:00:00,4542.275,4546.275,4530.745,4540.615,60,683
2026-05-19 06:00:00,4540.675,4553.665,4533.405,4547.785,60,631
2026-05-19 07:00:00,4547.775,4559.115,4541.155,4556.975,60,652
2026-05-19 08:00:00,4557.285,4559.055,4535.995,4542.505,60,582
2026-05-19 09:00:00,4542.435,4546.655,4535.965,4541.585,60,594
2026-05-19 10:00:00,4541.605,4544.605,4525.225,4544.605,60,623
2026-05-19 11:00:00,4544.515,4547.775,4529.675,4530.535,60,612
2026-05-19 12:00:00,4530.405,4547.025,4527.028,4536.935,60,573
2026-05-19 13:00:00,4536.955,4537.235,4464.615,4503.595,60,657
2026-05-19 14:00:00,4503.088,4513.905,4484.305,4493.905,60,885
2026-05-19 15:00:00,4493.925,4509.105,4489.535,4508.275,60,561
2026-05-19 16:00:00,4508.275,4512.375,4495.965,4507.535,60,543
2026-05-19 17:00:00,4507.615,4510.965,4498.935,4500.668,60,528
2026-05-19 18:00:00,4500.668,4503.575,4490.005,4493.465,60,541
2026-05-19 19:00:00,4493.375,4497.595,4481.105,4483.275,60,527
2026-05-19 20:00:00,4483.255,4488.055,4480.765,4481.825,60,578
2026-05-19 22:00:00,4481.998,4485.685,4476.985,4483.885,60,1319
2026-05-19 23:00:00,4483.795,4496.095,4479.455,4489.055,60,1077
2026-05-20 00:00:00,4489.075,4508.745,4479.425,4500.645,60,690
2026-05-20 01:00:00,4500.615,4505.905,4455.625,4481.265,60,695
2026-05-20 02:00:00,4481.565,4486.905,4458.255,4465.065,60,852
2026-05-20 03:00:00,4465.105,4467.055,4453.145,4463.355,60,853
2026-05-20 04:00:00,4463.365,4470.395,4456.345,4461.825,60,840
2026-05-20 05:00:00,4461.665,4478.965,4461.375,4472.458,60,821
2026-05-20 06:00:00,4472.515,4478.265,4461.185,4474.015,60,814
2026-05-20 07:00:00,4473.975,4485.765,4471.628,4478.405,60,792
2026-05-20 08:00:00,4478.375,4490.105,4476.518,4484.005,60,584
2026-05-20 09:00:00,4483.965,4490.975,4472.475,4484.715,60,611
2026-05-20 10:00:00,4484.715,4496.745,4484.365,4494.445,60,535
2026-05-20 11:00:00,4494.445,4500.895,4490.715,4498.975,60,574
2026-05-20 12:00:00,4498.925,4505.205,4492.815,4495.955,60,596
2026-05-20 13:00:00,4495.965,4505.975,4481.828,4482.875,60,613
2026-05-20 14:00:00,4482.865,4537.025,4466.868,4531.025,60,775
2026-05-20 15:00:00,4531.145,4552.585,4522.975,4528.978,60,635
2026-05-20 16:00:00,4528.978,4535.455,4523.935,4534.265,60,560
2026-05-20 17:00:00,4534.275,4538.245,4529.675,4530.748,60,596
2026-05-20 18:00:00,4530.648,4544.848,4529.045,4542.178,60,606
2026-05-20 19:00:00,4542.025,4549.998,4541.365,4545.535,60,581
2026-05-20 20:00:00,4545.475,4550.315,4541.675,4543.705,60,636
2026-05-20 22:00:00,4542.695,4548.365,4534.935,4539.398,60,1409
2026-05-20 23:00:00,4539.325,4546.805,4534.265,4546.198,60,1039
2026-05-21 00:00:00,4546.198,4553.065,4537.085,4544.955,60,697
2026-05-21 01:00:00,4544.935,4570.725,4539.705,4560.695,60,761
2026-05-21 02:00:00,4560.725,4564.565,4531.345,4532.885,60,742
2026-05-21 03:00:00,4532.865,4540.025,4527.045,4527.985,60,742
2026-05-21 04:00:00,4527.985,4540.405,4527.045,4538.275,60,745
2026-05-21 05:00:00,4538.295,4540.365,4518.185,4527.795,60,758
2026-05-21 06:00:00,4527.765,4539.675,4518.695,4521.375,60,601
2026-05-21 07:00:00,4521.435,4524.325,4511.818,4519.418,60,597
2026-05-21 08:00:00,4519.425,4536.665,4518.105,4532.335,60,583
2026-05-21 09:00:00,4532.335,4542.625,4527.615,4530.475,60,544
2026-05-21 10:00:00,4530.495,4535.315,4504.695,4511.415,60,560
2026-05-21 11:00:00,4511.415,4521.165,4507.955,4513.905,60,542
2026-05-21 12:00:00,4513.905,4519.135,4501.815,4503.955,60,708
2026-05-21 13:00:00,4503.925,4520.995,4488.335,4513.055,60,563
2026-05-21 14:00:00,4513.075,4515.225,4498.005,4508.665,60,547
2026-05-21 15:00:00,4508.625,4515.245,4496.555,4511.705,60,541
2026-05-21 16:00:00,4511.735,4520.805,4511.735,4519.315,60,545
2026-05-21 17:00:00,4519.395,4559.005,4514.008,4551.305,60,549
2026-05-21 18:00:00,4551.365,4555.925,4527.265,4531.765,60,542
2026-05-21 19:00:00,4531.935,4543.645,4529.488,4542.925,60,569
2026-05-21 20:00:00,4542.905,4544.575,4539.575,4542.115,60,582
2026-05-21 22:00:00,4544.058,4545.755,4539.375,4542.875,60,2116
2026-05-21 23:00:00,4542.835,4544.595,4532.115,4535.205,60,1082
2026-05-22 00:00:00,4535.305,4540.925,4525.228,4526.348,60,691
2026-05-22 01:00:00,4526.348,4536.125,4520.815,4526.135,60,703
2026-05-22 02:00:00,4526.115,4529.305,4518.195,4522.895,60,671
2026-05-22 03:00:00,4522.945,4529.895,4518.838,4529.255,60,697
2026-05-22 04:00:00,4529.365,4532.885,4525.265,4526.925,60,680
2026-05-22 05:00:00,4526.905,4534.065,4506.978,4511.005,60,759
2026-05-22 06:00:00,4511.145,4528.625,4509.625,4526.425,60,759
2026-05-22 07:00:00,4526.465,4527.295,4515.975,4521.678,60,662
2026-05-22 08:00:00,4522.115,4530.995,4516.715,4521.695,60,558
2026-05-22 09:00:00,4521.715,4535.785,4514.498,4531.915,60,578
2026-05-22 10:00:00,4532.055,4536.605,4509.995,4514.465,60,595
2026-05-22 11:00:00,4514.215,4524.905,4511.295,4520.485,60,543
2026-05-22 12:00:00,4520.335,4535.935,4514.825,4528.025,60,627
2026-05-22 13:00:00,4528.711,4534.255,4510.175,4513.245,60,605
2026-05-22 14:00:00,4513.285,4513.285,4491.605,4500.365,60,637
2026-05-22 15:00:00,4500.445,4522.085,4500.115,4519.895,60,563
2026-05-22 16:00:00,4519.785,4526.605,4512.135,4514.795,60,559
2026-05-22 17:00:00,4514.885,4527.698,4512.915,4519.015,60,599
2026-05-22 18:00:00,4519.095,4520.185,4511.605,4515.065,60,543
2026-05-22 19:00:00,4515.015,4515.715,4504.208,4508.018,60,660
2026-05-22 20:00:00,4508.035,4510.345,4503.698,4508.395,60,679
2026-05-24 22:00:00,4535.098,4565.535,4532.885,4564.948,60,3011
2026-05-24 23:00:00,4564.948,4579.995,4564.485,4566.735,60,969
2026-05-25 00:00:00,4566.765,4579.285,4565.905,4569.238,60,690
2026-05-25 01:00:00,4569.238,4576.135,4560.105,4562.625,60,705
2026-05-25 02:00:00,4562.555,4569.995,4558.525,4561.175,60,678
2026-05-25 03:00:00,4561.235,4564.205,4556.4,4559.518,60,675
2026-05-25 04:00:00,4559.518,4565.625,4559.128,4564.785,60,664
2026-05-25 05:00:00,4564.715,4566.055,4551.598,4553.145,60,675
2026-05-25 06:00:00,4553.185,4563.155,4550.315,4562.315,60,590
2026-05-25 07:00:00,4562.355,4565.095,4552.245,4564.525,60,593
2026-05-25 08:00:00,4564.535,4564.898,4553.205,4555.948,60,582
2026-05-25 09:00:00,4555.825,4568.975,4554.665,4567.398,60,558
2026-05-25 10:00:00,4567.455,4573.585,4567.435,4568.415,60,581
2026-05-25 11:00:00,4568.665,4576.865,4567.395,4569.215,60,577
2026-05-25 12:00:00,4569.188,4570.115,4552.738,4567.445,60,582
2026-05-25 13:00:00,4567.415,4571.285,4559.855,4562.918,60,602
2026-05-25 14:00:00,4562.785,4570.435,4562.115,4566.615,60,574
2026-05-25 15:00:00,4566.615,4574.638,4565.468,4570.715,60,626
2026-05-25 16:00:00,4570.725,4574.445,4567.828,4573.305,60,573
2026-05-25 17:00:00,4573.145,4577.845,4563.055,4564.795,60,612
2026-05-25 18:00:00,4564.815,4571.415,4564.055,4569.675,29,612
2026-05-25 22:00:00,4568.898,4576.425,4568.898,4574.638,60,1200
2026-05-25 23:00:00,4574.405,4580.225,4554.835,4559.425,60,1204
2026-05-26 00:00:00,4559.555,4559.895,4539.135,4549.365,60,696
2026-05-26 01:00:00,4549.395,4550.075,4527.395,4536.785,60,734
2026-05-26 02:00:00,4536.675,4539.435,4529.805,4532.105,60,562
2026-05-26 03:00:00,4532.115,4545.315,4531.855,4542.245,60,667
2026-05-26 04:00:00,4542.245,4543.095,4523.245,4525.275,60,560
2026-05-26 05:00:00,4525.185,4535.025,4522.735,4527.045,60,595
2026-05-26 06:00:00,4527.025,4536.025,4526.815,4530.775,60,531
2026-05-26 07:00:00,4530.805,4538.955,4521.485,4538.095,60,587
2026-05-26 08:00:00,4538.095,4538.868,4519.815,4523.625,60,531
2026-05-26 09:00:00,4523.625,4526.305,4512.058,4522.615,60,530
2026-05-26 10:00:00,4522.635,4540.375,4519.408,4534.245,60,598
2026-05-26 11:00:00,4534.245,4536.125,4503.495,4507.095,60,612
2026-05-26 12:00:00,4507.035,4523.525,4500.475,4520.078,60,576
2026-05-26 13:00:00,4520.078,4531.155,4512.025,4514.045,60,654
2026-05-26 14:00:00,4514.175,4524.935,4507.625,4515.185,60,606
2026-05-26 15:00:00,4515.175,4515.425,4502.135,4506.225,60,577
2026-05-26 16:00:00,4506.275,4511.138,4499.505,4504.715,60,618
2026-05-26 17:00:00,4504.705,4507.485,4489.685,4490.905,60,553
2026-05-26 18:00:00,4490.925,4499.505,4482.365,4499.165,60,528
2026-05-26 19:00:00,4499.165,4509.698,4497.565,4508.735,60,546
2026-05-26 20:00:00,4508.695,4510.365,4503.755,4505.065,60,618
2026-05-26 22:00:00,4535.898,4537.698,4492.498,4510.535,58,3158
2026-05-26 23:00:00,4510.535,4527.555,4504.165,4519.335,60,1068
2026-05-27 00:00:00,4519.228,4525.645,4513.755,4514.895,60,754
2026-05-27 01:00:00,4514.875,4520.815,4506.675,4507.765,60,760
2026-05-27 02:00:00,4507.795,4509.335,4497.725,4505.625,60,755
2026-05-27 03:00:00,4505.655,4511.705,4496.355,4496.785,60,758
2026-05-27 04:00:00,4496.815,4517.005,4495.495,4509.915,60,745
2026-05-27 05:00:00,4509.965,4513.578,4491.355,4497.225,60,763
2026-05-27 06:00:00,4497.185,4498.865,4479.395,4484.895,60,738
2026-05-27 07:00:00,4485.445,4489.075,4475.605,4481.825,60,769
2026-05-27 08:00:00,4481.885,4498.645,4481.598,4497.745,60,571
2026-05-27 09:00:00,4497.745,4497.745,4486.845,4489.995,60,543
2026-05-27 10:00:00,4489.948,4490.435,4442.425,4445.775,60,535
2026-05-27 11:00:00,4445.775,4453.165,4424.755,4428.485,60,574
2026-05-27 12:00:00,4428.455,4466.315,4427.345,4438.765,60,621
2026-05-27 13:00:00,4438.735,4438.975,4401.325,4427.335,60,587
2026-05-27 14:00:00,4427.325,4455.248,4425.785,4433.815,60,568
2026-05-27 15:00:00,4433.785,4441.295,4427.875,4436.405,60,536
2026-05-27 16:00:00,4436.335,4453.115,4434.005,4450.638,60,526
2026-05-27 17:00:00,4450.675,4454.185,4441.315,4450.145,60,540
2026-05-27 18:00:00,4450.165,4458.135,4447.455,4454.168,60,527
2026-05-27 19:00:00,4454.168,4454.715,4448.565,4450.675,60,517
2026-05-27 20:00:00,4450.655,4458.688,4449.845,4451.875,60,566
2026-05-27 22:00:00,4454.915,4465.495,4454.915,4457.088,60,1771
2026-05-27 23:00:00,4457.088,4457.345,4443.535,4446.975,60,1059
2026-05-28 00:00:00,4446.955,4457.585,4443.338,4456.678,60,750
2026-05-28 01:00:00,4456.665,4458.355,4406.578,4409.668,60,905
2026-05-28 02:00:00,4409.668,4412.195,4392.195,4394.128,60,878
2026-05-28 03:00:00,4394.128,4397.525,4368.115,4374.515,60,894
2026-05-28 04:00:00,4374.495,4381.645,4366.048,4372.745,60,995
2026-05-28 05:00:00,4372.745,4395.548,4366.785,4387.745,60,879
2026-05-28 06:00:00,4387.798,4390.298,4373.685,4383.178,60,871
2026-05-28 07:00:00,4383.325,4395.955,4382.575,4387.255,60,915
2026-05-28 08:00:00,4387.238,4394.675,4385.615,4386.665,60,675
2026-05-28 09:00:00,4386.588,4398.845,4386.185,4393.405,60,641
2026-05-28 10:00:00,4393.435,4403.765,4374.678,4382.775,60,624
2026-05-28 11:00:00,4382.775,4390.505,4380.705,4387.745,60,726
2026-05-28 12:00:00,4387.855,4433.458,4379.375,4431.848,60,934
2026-05-28 13:00:00,4432.115,4438.895,4417.995,4429.995,60,803
2026-05-28 14:00:00,4429.775,4480.135,4420.525,4469.078,60,989
2026-05-28 15:00:00,4469.525,4484.995,4468.385,4481.938,60,851
2026-05-28 16:00:00,4482.005,4510.708,4477.255,4510.675,60,822
2026-05-28 17:00:00,4510.765,4514.205,4501.028,4508.738,60,732
2026-05-28 18:00:00,4508.738,4516.318,4498.258,4500.758,60,669
2026-05-28 19:00:00,4500.758,4503.498,4496.985,4497.788,60,846
2026-05-28 20:00:00,4497.588,4500.398,4494.505,4495.605,60,909
2026-05-28 22:00:00,4494.685,4499.265,4490.608,4490.638,60,2518
2026-05-28 23:00:00,4490.595,4496.658,4488.685,4494.735,60,1211
2026-05-29 00:00:00,4494.795,4500.375,4491.695,4495.935,60,978
2026-05-29 01:00:00,4495.905,4520.445,4491.995,4506.355,60,754
2026-05-29 02:00:00,4506.385,4511.015,4498.135,4501.525,60,736
2026-05-29 03:00:00,4501.415,4501.695,4494.535,4501.085,60,717
2026-05-29 04:00:00,4501.065,4514.675,4500.885,4513.905,60,730
2026-05-29 05:00:00,4513.845,4515.775,4502.435,4514.745,60,736
2026-05-29 06:00:00,4514.745,4524.045,4509.675,4523.515,60,604
2026-05-29 07:00:00,4523.465,4526.235,4510.585,4524.565,60,634
2026-05-29 08:00:00,4524.525,4524.635,4509.675,4514.705,60,574
2026-05-29 09:00:00,4514.735,4539.325,4513.085,4530.995,60,603
2026-05-29 10:00:00,4530.788,4543.025,4525.338,4538.435,60,571
2026-05-29 11:00:00,4538.268,4540.315,4525.585,4538.225,60,582
2026-05-29 12:00:00,4538.375,4538.415,4512.515,4522.825,60,625
2026-05-29 13:00:00,4522.935,4540.645,4516.865,4536.685,60,644
2026-05-29 14:00:00,4536.765,4570.335,4525.015,4563.995,60,595
2026-05-29 15:00:00,4563.845,4594.665,4556.485,4570.745,60,931
2026-05-29 16:00:00,4570.765,4573.095,4559.425,4566.575,60,948
2026-05-29 17:00:00,4566.845,4568.135,4551.085,4553.035,60,969
2026-05-29 18:00:00,4552.825,4561.245,4549.585,4552.965,60,956
2026-05-29 19:00:00,4552.825,4559.875,4542.265,4544.095,60,946
2026-05-29 20:00:00,4544.865,4548.645,4536.775,4537.498,60,1116
2026-05-31 22:00:00,4519.755,4540.195,4517.555,4534.765,60,2030
2026-05-31 23:00:00,4534.838,4545.485,4534.618,4539.335,60,1224
2026-06-01 00:00:00,4539.295,4545.695,4534.998,4540.495,60,734
2026-06-01 01:00:00,4540.295,4541.185,4523.515,4525.255,60,739
2026-06-01 02:00:00,4525.155,4534.355,4520.925,4521.195,60,722
2026-06-01 03:00:00,4521.225,4525.385,4509.615,4516.145,60,723
2026-06-01 04:00:00,4516.105,4519.525,4508.395,4514.145,60,726
2026-06-01 05:00:00,4514.185,4525.055,4512.365,4517.915,60,723
2026-06-01 06:00:00,4517.905,4518.435,4500.095,4501.505,60,645
2026-06-01 07:00:00,4501.285,4509.815,4492.195,4502.935,60,640
2026-06-01 08:00:00,4502.915,4504.345,4490.178,4497.855,60,658
2026-06-01 09:00:00,4497.705,4506.175,4488.965,4495.805,60,615
2026-06-01 10:00:00,4495.795,4510.785,4495.795,4503.785,60,547
2026-06-01 11:00:00,4503.775,4512.785,4499.605,4505.635,60,558
2026-06-01 12:00:00,4505.635,4510.325,4497.225,4501.945,60,577
2026-06-01 13:00:00,4502.365,4503.765,4448.105,4449.635,60,679
2026-06-01 14:00:00,4447.905,4464.675,4447.515,4458.635,60,787
2026-06-01 15:00:00,4458.645,4479.655,4455.325,4474.045,60,510
2026-06-01 16:00:00,4473.925,4481.955,4462.755,4479.875,60,550
2026-06-01 17:00:00,4479.885,4495.385,4471.205,4487.305,60,566
2026-06-01 18:00:00,4487.375,4489.995,4484.665,4486.465,60,558
2026-06-01 19:00:00,4486.405,4488.005,4478.885,4480.955,60,568
2026-06-01 20:00:00,4480.965,4485.575,4479.978,4484.515,60,581
2026-06-01 22:00:00,4487.098,4487.895,4479.415,4485.388,60,1129
2026-06-01 23:00:00,4484.948,4488.065,4479.065,4484.265,60,1357
2026-06-02 00:00:00,4484.455,4497.025,4476.455,4481.248,60,743
2026-06-02 01:00:00,4481.065,4492.145,4462.658,4473.575,60,757
2026-06-02 02:00:00,4473.618,4486.235,4471.688,4485.685,60,746
2026-06-02 03:00:00,4485.645,4499.335,4485.388,4499.115,60,725
2026-06-02 04:00:00,4499.115,4518.025,4497.635,4517.185,60,715
2026-06-02 05:00:00,4517.135,4527.975,4514.975,4516.828,60,728
2026-06-02 06:00:00,4516.835,4538.285,4516.755,4535.465,60,637
2026-06-02 07:00:00,4535.485,4541.385,4527.705,4534.835,60,622
2026-06-02 08:00:00,4534.808,4538.898,4525.755,4526.518,60,629
2026-06-02 09:00:00,4526.585,4535.535,4521.075,4529.585,60,574
2026-06-02 10:00:00,4529.695,4533.825,4524.455,4532.995,60,574
2026-06-02 11:00:00,4533.035,4534.515,4525.455,4527.425,60,532
2026-06-02 12:00:00,4527.735,4534.035,4513.285,4514.455,60,521
2026-06-02 13:00:00,4514.405,4524.725,4502.095,4502.095,60,584
2026-06-02 14:00:00,4502.285,4506.795,4490.105,4503.885,60,914
2026-06-02 15:00:00,4503.945,4508.395,4499.915,4501.865,60,573
2026-06-02 16:00:00,4502.075,4502.825,4486.125,4491.705,60,566
2026-06-02 17:00:00,4491.705,4492.875,4481.885,4484.455,60,558
2026-06-02 18:00:00,4484.565,4490.865,4478.535,4487.165,60,556
2026-06-02 19:00:00,4487.195,4490.065,4483.115,4487.885,60,547
2026-06-02 20:00:00,4487.885,4490.875,4486.075,4488.865,60,607
2026-06-02 22:00:00,4489.978,4492.855,4483.755,4484.418,60,1045
2026-06-02 23:00:00,4484.518,4488.555,4461.905,4474.125,60,1092
2026-06-03 00:00:00,4474.095,4496.515,4473.495,4485.855,60,731
2026-06-03 01:00:00,4485.835,4487.385,4462.978,4475.565,60,749
2026-06-03 02:00:00,4475.675,4484.915,4472.555,4481.655,60,713
2026-06-03 03:00:00,4481.538,4487.375,4481.535,4484.215,60,731
2026-06-03 04:00:00,4484.205,4488.035,4467.995,4469.245,60,716
2026-06-03 05:00:00,4469.245,4473.915,4456.298,4456.728,60,733
2026-06-03 06:00:00,4456.728,4470.705,4455.025,4462.755,60,657
2026-06-03 07:00:00,4462.695,4472.035,4452.595,4453.165,60,631
2026-06-03 08:00:00,4453.275,4458.995,4440.015,4443.905,60,591
2026-06-03 09:00:00,4443.865,4458.775,4438.735,4442.955,60,589
2026-06-03 10:00:00,4442.955,4467.055,4440.795,4458.755,60,631
2026-06-03 11:00:00,4458.935,4467.905,4458.328,4462.125,60,603
2026-06-03 12:00:00,4462.265,4466.965,4448.025,4460.155,60,600
2026-06-03 13:00:00,4460.035,4465.745,4426.195,4445.825,60,660
2026-06-03 14:00:00,4445.715,4459.435,4442.095,4456.985,60,732
2026-06-03 15:00:00,4456.925,4458.145,4436.495,4441.975,60,659
2026-06-03 16:00:00,4441.925,4443.695,4433.545,4441.695,60,661
2026-06-03 17:00:00,4441.665,4448.265,4435.235,4438.685,60,651
2026-06-03 18:00:00,4438.665,4442.675,4434.735,4441.805,60,647
2026-06-03 19:00:00,4441.825,4451.995,4441.125,4443.655,60,652
2026-06-03 20:00:00,4443.638,4445.075,4430.215,4434.475,60,648
2026-06-03 22:00:00,4437.698,4452.915,4423.685,4448.548,60,1041
2026-06-03 23:00:00,4448.558,4464.475,4444.675,4457.105,60,1245
2026-06-04 00:00:00,4457.215,4465.165,4443.775,4448.105,60,751
2026-06-04 01:00:00,4448.165,4473.395,4442.945,4465.368,60,751
2026-06-04 02:00:00,4465.395,4476.405,4455.265,4474.625,60,929
2026-06-04 03:00:00,4474.475,4476.895,4457.905,4463.575,60,980
2026-06-04 04:00:00,4463.575,4483.845,4462.125,4480.875,60,676
2026-06-04 05:00:00,4480.855,4482.265,4466.595,4469.125,60,720
2026-06-04 06:00:00,4469.125,4477.035,4462.665,4467.545,60,580
2026-06-04 07:00:00,4467.925,4470.665,4459.375,4461.555,60,640
2026-06-04 08:00:00,4461.475,4469.345,4458.415,4463.205,60,565
2026-06-04 09:00:00,4463.165,4475.525,4460.795,4470.155,60,566
2026-06-04 10:00:00,4470.185,4473.655,4464.045,4473.495,60,582
2026-06-04 11:00:00,4473.505,4514.535,4468.395,4511.185,60,586
2026-06-04 12:00:00,4511.185,4513.575,4490.915,4503.965,60,704
2026-06-04 13:00:00,4503.875,4515.175,4495.175,4495.555,60,580
2026-06-04 14:00:00,4495.625,4499.745,4457.045,4465.665,60,583
2026-06-04 15:00:00,4465.795,4478.985,4463.455,4477.235,60,592
2026-06-04 16:00:00,4477.205,4485.005,4475.205,4482.565,60,549
2026-06-04 17:00:00,4482.565,4482.565,4473.835,4477.935,60,578
2026-06-04 18:00:00,4477.975,4480.955,4472.605,4477.925,60,556
2026-06-04 19:00:00,4477.925,4483.315,4475.995,4480.715,60,557
2026-06-04 20:00:00,4480.715,4481.515,4474.205,4474.315,60,587
2026-06-04 22:00:00,4474.098,4481.315,4468.488,4469.278,60,1562
2026-06-04 23:00:00,4468.995,4473.915,4460.325,4461.375,60,988
2026-06-05 00:00:00,4461.405,4466.645,4450.495,4458.855,60,742
2026-06-05 01:00:00,4458.875,4469.745,4443.905,4446.655,60,744
2026-06-05 02:00:00,4446.655,4454.915,4438.165,4440.355,60,661
2026-06-05 03:00:00,4440.355,4443.775,4434.975,4442.185,60,737
2026-06-05 04:00:00,4442.205,4446.395,4437.395,4444.795,60,604
2026-06-05 05:00:00,4444.855,4449.875,4438.445,4439.715,60,734
2026-06-05 06:00:00,4439.665,4455.965,4428.335,4452.595,60,605
2026-06-05 07:00:00,4452.635,4467.195,4451.605,4460.735,60,630
2026-06-05 08:00:00,4460.685,4467.935,4458.575,4462.595,60,616
2026-06-05 09:00:00,4462.515,4469.265,4458.808,4464.725,60,564
2026-06-05 10:00:00,4464.725,4467.875,4461.625,4466.505,60,568
2026-06-05 11:00:00,4466.295,4475.085,4458.175,4469.995,60,576
2026-06-05 12:00:00,4470.035,4475.645,4404.675,4406.075,60,1048
2026-06-05 13:00:00,4406.355,4420.975,4364.938,4365.218,60,617
2026-06-05 14:00:00,4365.435,4379.155,4344.405,4369.535,60,582
2026-06-05 15:00:00,4369.535,4372.475,4333.735,4335.195,60,538
2026-06-05 16:00:00,4335.185,4344.915,4322.955,4344.455,60,567
2026-06-05 17:00:00,4344.775,4347.145,4335.575,4341.595,60,591
2026-06-05 18:00:00,4341.595,4341.915,4315.115,4322.155,60,579
2026-06-05 19:00:00,4322.195,4324.975,4313.635,4318.505,60,604
2026-06-05 20:00:00,4318.275,4330.585,4311.498,4326.705,60,621
2026-06-07 22:00:00,4326.898,4335.475,4309.688,4316.698,60,2482
2026-06-07 23:00:00,4316.715,4346.925,4316.685,4343.755,60,1249
2026-06-08 00:00:00,4343.835,4353.085,4339.465,4341.975,60,752
2026-06-08 01:00:00,4341.945,4345.595,4299.798,4325.445,60,708
2026-06-08 02:00:00,4325.585,4330.495,4307.205,4310.375,60,677
2026-06-08 03:00:00,4310.325,4317.045,4303.405,4316.775,60,660
2026-06-08 04:00:00,4316.965,4321.565,4307.375,4312.425,60,632
2026-06-08 05:00:00,4312.455,4315.965,4268.125,4291.675,60,671
2026-06-08 06:00:00,4291.675,4311.115,4291.675,4299.905,60,606
2026-06-08 07:00:00,4299.825,4316.805,4294.215,4294.345,60,609
2026-06-08 08:00:00,4294.285,4297.065,4285.155,4288.585,60,567
2026-06-08 09:00:00,4288.545,4301.805,4272.645,4294.135,60,564
2026-06-08 10:00:00,4294.405,4305.575,4285.835,4301.865,60,557
2026-06-08 11:00:00,4301.805,4333.145,4296.985,4331.145,60,557
2026-06-08 12:00:00,4330.948,4339.175,4319.995,4333.015,60,580
2026-06-08 13:00:00,4333.045,4346.615,4321.168,4326.815,60,568
2026-06-08 14:00:00,4326.785,4331.225,4314.805,4330.895,60,563
2026-06-08 15:00:00,4330.875,4345.515,4322.325,4341.565,60,592
2026-06-08 16:00:00,4341.585,4346.205,4337.725,4340.465,60,546
2026-06-08 17:00:00,4340.515,4342.285,4331.785,4338.895,60,550
2026-06-08 18:00:00,4338.935,4345.755,4332.845,4334.495,60,530
2026-06-08 19:00:00,4334.495,4337.965,4323.078,4326.475,60,537
2026-06-08 20:00:00,4326.455,4330.148,4324.355,4326.175,60,586
2026-06-08 22:00:00,4329.898,4332.375,4322.628,4327.588,60,1187
2026-06-08 23:00:00,4327.588,4328.505,4312.595,4317.615,60,1035
2026-06-09 00:00:00,4317.575,4323.565,4314.748,4319.645,60,690
2026-06-09 01:00:00,4319.585,4338.635,4318.265,4336.355,60,702
2026-06-09 02:00:00,4336.335,4340.845,4327.868,4335.835,60,611
2026-06-09 03:00:00,4335.755,4342.065,4331.075,4336.425,60,738
2026-06-09 04:00:00,4335.945,4339.068,4324.005,4332.075,60,756
2026-06-09 05:00:00,4332.095,4351.075,4330.645,4343.165,60,756
2026-06-09 06:00:00,4343.185,4348.635,4330.025,4330.405,60,761
2026-06-09 07:00:00,4330.375,4334.585,4322.055,4326.415,60,583
2026-06-09 08:00:00,4326.485,4336.765,4320.875,4326.415,60,530
2026-06-09 09:00:00,4326.455,4336.115,4323.865,4332.055,60,521
2026-06-09 10:00:00,4332.035,4340.645,4324.755,4339.015,60,525
2026-06-09 11:00:00,4338.925,4343.705,4335.445,4339.665,60,555
2026-06-09 12:00:00,4339.685,4344.305,4334.685,4341.225,60,532
2026-06-09 13:00:00,4341.245,4363.205,4324.985,4328.655,60,535
2026-06-09 14:00:00,4328.445,4335.765,4278.435,4300.285,60,739
2026-06-09 15:00:00,4300.285,4301.795,4262.865,4272.015,60,727
2026-06-09 16:00:00,4272.035,4280.855,4236.245,4251.905,60,829
2026-06-09 17:00:00,4251.815,4267.798,4250.925,4262.815,60,793
2026-06-09 18:00:00,4263.055,4274.095,4259.305,4269.735,60,616
2026-06-09 19:00:00,4269.875,4271.525,4249.715,4258.378,60,614
2026-06-09 20:00:00,4258.625,4261.945,4255.475,4260.635,60,609
2026-06-09 22:00:00,4252.015,4257.085,4232.185,4236.738,60,2030
2026-06-09 23:00:00,4236.465,4246.858,4210.115,4221.805,60,1350
2026-06-10 00:00:00,4221.805,4228.105,4198.705,4217.975,60,707
2026-06-10 01:00:00,4217.955,4218.545,4183.545,4188.525,60,714
2026-06-10 02:00:00,4188.575,4192.295,4173.058,4173.775,60,553
2026-06-10 03:00:00,4173.735,4186.195,4172.548,4184.625,60,680
2026-06-10 04:00:00,4184.625,4186.995,4172.135,4174.485,60,689
2026-06-10 05:00:00,4174.525,4208.825,4173.045,4204.885,60,678
2026-06-10 06:00:00,4204.915,4221.558,4201.428,4203.775,60,604
2026-06-10 07:00:00,4203.525,4207.875,4181.345,4185.885,60,602
2026-06-10 08:00:00,4185.865,4187.235,4161.205,4168.865,60,544
2026-06-10 09:00:00,4168.905,4179.335,4162.885,4168.545,60,528
2026-06-10 10:00:00,4168.545,4178.645,4155.435,4174.435,60,521
2026-06-10 11:00:00,4174.415,4175.895,4145.665,4147.505,60,546
2026-06-10 12:00:00,4147.535,4173.561,4130.345,4146.675,60,839
2026-06-10 13:00:00,4147.225,4186.125,4132.678,4179.455,60,774
2026-06-10 14:00:00,4179.475,4180.635,4117.588,4124.755,60,610
2026-06-10 15:00:00,4124.745,4136.815,4106.595,4128.715,60,618
2026-06-10 16:00:00,4128.675,4135.115,4115.685,4121.765,60,624
2026-06-10 17:00:00,4121.795,4134.805,4100.535,4111.485,60,611
2026-06-10 18:00:00,4111.615,4120.325,4096.848,4101.335,60,617
2026-06-10 19:00:00,4101.475,4101.885,4081.405,4082.505,60,614
2026-06-10 20:00:00,4082.405,4082.945,4066.945,4071.955,60,609
2026-06-10 22:00:00,4068.698,4072.505,4035.715,4045.748,60,1102
2026-06-10 23:00:00,4045.685,4064.555,4023.585,4046.855,60,1326
2026-06-11 00:00:00,4047.105,4077.745,4035.848,4075.545,60,762
2026-06-11 01:00:00,4075.495,4117.895,4065.975,4101.655,60,742
2026-06-11 02:00:00,4101.765,4102.395,4052.005,4067.535,60,881
2026-06-11 03:00:00,4067.465,4078.255,4056.655,4072.485,60,877
2026-06-11 04:00:00,4072.535,4085.595,4069.725,4082.255,60,831
2026-06-11 05:00:00,4082.365,4106.045,4072.278,4093.915,60,866
2026-06-11 06:00:00,4093.895,4097.365,4075.975,4094.195,60,839
2026-06-11 07:00:00,4094.525,4110.405,4091.465,4104.775,60,583
2026-06-11 08:00:00,4104.805,4112.485,4084.208,4084.208,60,541
2026-06-11 09:00:00,4084.245,4096.235,4077.295,4091.585,60,552
2026-06-11 10:00:00,4091.535,4094.495,4086.375,4089.825,60,524
2026-06-11 11:00:00,4089.805,4095.715,4079.635,4080.135,60,549
2026-06-11 12:00:00,4079.975,4086.965,4057.325,4081.815,60,801
2026-06-11 13:00:00,4081.715,4092.415,4066.795,4083.005,60,550
2026-06-11 14:00:00,4083.185,4085.255,4052.465,4073.355,60,750
2026-06-11 15:00:00,4073.235,4095.305,4070.225,4088.585,60,543
2026-06-11 16:00:00,4088.715,4107.455,4077.895,4080.095,60,567
2026-06-11 17:00:00,4080.085,4169.695,4071.445,4151.745,60,761
2026-06-11 18:00:00,4151.815,4171.455,4131.108,4161.525,60,640
2026-06-11 19:00:00,4161.615,4219.845,4161.615,4208.458,60,613
2026-06-11 20:00:00,4208.508,4218.278,4207.905,4212.005,60,760
2026-06-11 22:00:00,4211.498,4246.415,4204.995,4242.838,60,1340
2026-06-11 23:00:00,4242.525,4245.498,4213.865,4219.625,60,1260
2026-06-12 00:00:00,4219.558,4230.205,4200.355,4208.285,60,712
2026-06-12 01:00:00,4208.225,4211.051,4171.188,4186.495,60,700
2026-06-12 02:00:00,4186.318,4199.805,4182.485,4191.365,60,599
2026-06-12 03:00:00,4191.295,4204.815,4189.385,4196.885,60,739
2026-06-12 04:00:00,4196.935,4200.815,4189.345,4189.725,60,593
2026-06-12 05:00:00,4189.715,4192.825,4170.575,4173.135,60,735
2026-06-12 06:00:00,4173.065,4185.315,4172.035,4183.875,60,756
2026-06-12 07:00:00,4183.845,4194.295,4169.955,4194.295,60,758
2026-06-12 08:00:00,4194.315,4225.825,4191.745,4219.395,60,661
2026-06-12 09:00:00,4219.445,4227.725,4217.105,4221.635,60,572
2026-06-12 10:00:00,4221.525,4225.435,4202.575,4210.695,60,590
2026-06-12 11:00:00,4211.181,4215.235,4197.325,4206.725,60,575
2026-06-12 12:00:00,4206.845,4215.205,4188.375,4191.555,60,571
2026-06-12 13:00:00,4191.445,4210.125,4182.675,4185.905,60,637
2026-06-12 14:00:00,4185.935,4208.365,4176.945,4203.805,60,607
2026-06-12 15:00:00,4203.885,4235.298,4200.065,4211.675,60,610
2026-06-12 16:00:00,4211.685,4232.735,4207.925,4215.755,60,622
2026-06-12 17:00:00,4215.665,4226.165,4213.575,4221.065,60,612
2026-06-12 18:00:00,4221.165,4235.148,4213.815,4215.378,60,626
2026-06-12 19:00:00,4215.428,4219.028,4201.535,4210.425,60,715
2026-06-12 20:00:00,4210.435,4218.998,4209.285,4217.765,60,971
2026-06-14 22:00:00,4273.098,4308.255,4259.585,4285.038,60,2694
2026-06-14 23:00:00,4285.038,4295.025,4280.885,4293.865,60,1439
2026-06-15 00:00:00,4293.835,4308.105,4291.355,4292.325,60,702
2026-06-15 01:00:00,4292.355,4319.315,4285.185,4316.465,60,712
2026-06-15 02:00:00,4316.435,4335.425,4315.765,4329.445,60,683
2026-06-15 03:00:00,4329.435,4330.975,4320.878,4324.625,60,905
2026-06-15 04:00:00,4324.675,4330.015,4320.565,4328.225,60,698
2026-06-15 05:00:00,4328.255,4332.655,4307.215,4309.755,60,677
2026-06-15 06:00:00,4309.825,4313.165,4300.645,4307.985,60,606
2026-06-15 07:00:00,4308.245,4325.255,4305.125,4323.195,60,603
2026-06-15 08:00:00,4323.105,4345.285,4321.675,4333.995,60,431
2026-06-15 09:00:00,4334.025,4343.075,4334.025,4336.475,60,528
2026-06-15 10:00:00,4336.475,4341.295,4335.055,4337.935,60,575
2026-06-15 11:00:00,4338.055,4347.345,4331.575,4335.095,60,539
2026-06-15 12:00:00,4335.095,4349.175,4324.515,4348.855,60,533
2026-06-15 13:00:00,4348.805,4368.595,4341.065,4355.165,60,603
2026-06-15 14:00:00,4355.135,4369.485,4353.728,4356.515,60,589
2026-06-15 15:00:00,4356.495,4360.655,4349.345,4356.115,60,615
2026-06-15 16:00:00,4356.175,4358.545,4334.385,4339.095,60,613
2026-06-15 17:00:00,4339.015,4339.015,4320.175,4324.535,60,606
2026-06-15 18:00:00,4324.538,4327.855,4317.865,4325.455,60,599
2026-06-15 19:00:00,4325.485,4326.475,4316.365,4320.525,60,603
2026-06-15 20:00:00,4320.545,4321.855,4306.305,4309.315,60,614
2026-06-15 22:00:00,4308.898,4315.135,4305.755,4311.458,60,1050
2026-06-15 23:00:00,4311.458,4318.965,4311.185,4315.395,60,1201
2026-06-16 00:00:00,4315.375,4320.645,4306.665,4318.905,60,769
2026-06-16 01:00:00,4318.965,4325.715,4311.798,4313.375,60,709
2026-06-16 02:00:00,4313.285,4320.685,4307.325,4318.455,60,675
2026-06-16 03:00:00,4318.395,4332.845,4315.195,4330.275,60,694
2026-06-16 04:00:00,4330.205,4331.898,4321.005,4322.175,60,754
2026-06-16 05:00:00,4322.175,4330.465,4313.975,4315.595,60,759
2026-06-16 06:00:00,4315.565,4324.255,4313.105,4323.745,60,747
2026-06-16 07:00:00,4323.705,4335.465,4322.425,4334.945,60,591
2026-06-16 08:00:00,4334.945,4347.905,4332.575,4346.965,60,533
2026-06-16 09:00:00,4346.965,4348.285,4338.285,4345.165,60,438
2026-06-16 10:00:00,4345.165,4348.885,4342.185,4348.845,60,526
2026-06-16 11:00:00,4348.895,4349.355,4334.915,4340.755,60,472
2026-06-16 12:00:00,4340.705,4354.905,4337.155,4354.425,60,540
2026-06-16 13:00:00,4354.405,4354.785,4331.455,4331.525,60,547
2026-06-16 14:00:00,4331.435,4338.515,4313.005,4323.905,60,532
2026-06-16 15:00:00,4323.895,4343.315,4320.965,4335.035,60,536
2026-06-16 16:00:00,4335.035,4346.795,4334.605,4340.525,60,555
2026-06-16 17:00:00,4340.465,4341.105,4325.105,4340.195,60,525
2026-06-16 18:00:00,4340.035,4342.615,4335.995,4338.385,60,515
2026-06-16 19:00:00,4338.345,4342.705,4330.398,4334.105,60,513
2026-06-16 20:00:00,4334.105,4334.975,4329.315,4330.995,60,392
2026-06-16 22:00:00,4331.365,4335.955,4328.745,4334.885,60,1069
2026-06-16 23:00:00,4334.848,4338.245,4329.245,4330.735,60,1149
2026-06-17 00:00:00,4330.765,4341.545,4328.435,4336.895,60,701
2026-06-17 01:00:00,4336.855,4349.415,4334.185,4340.675,60,700
2026-06-17 02:00:00,4340.635,4344.335,4329.565,4331.475,60,561
2026-06-17 03:00:00,4331.345,4333.955,4328.555,4332.055,60,668
2026-06-17 04:00:00,4331.935,4333.965,4317.415,4326.625,60,540
2026-06-17 05:00:00,4326.705,4334.105,4321.025,4326.325,60,664
2026-06-17 06:00:00,4326.385,4331.695,4320.315,4331.575,60,550
2026-06-17 07:00:00,4331.595,4332.735,4324.525,4325.045,60,591
2026-06-17 08:00:00,4325.075,4327.795,4316.965,4324.485,60,410
2026-06-17 09:00:00,4324.445,4335.445,4321.045,4329.375,60,538
2026-06-17 10:00:00,4329.345,4335.035,4326.495,4331.305,60,531
2026-06-17 11:00:00,4331.305,4331.745,4320.785,4322.975,60,564
2026-06-17 12:00:00,4322.985,4335.415,4319.665,4333.475,60,634
2026-06-17 13:00:00,4333.455,4345.185,4323.895,4339.568,60,542
2026-06-17 14:00:00,4339.555,4363.875,4330.615,4344.205,60,561
2026-06-17 15:00:00,4344.158,4364.665,4343.555,4363.465,60,614
2026-06-17 16:00:00,4363.445,4366.355,4354.895,4359.278,60,606
2026-06-17 17:00:00,4359.278,4382.125,4355.025,4379.575,60,597
2026-06-17 18:00:00,4379.575,4379.575,4269.015,4285.985,60,1448
2026-06-17 19:00:00,4285.505,4295.115,4218.805,4235.585,60,812
2026-06-17 20:00:00,4235.515,4269.695,4234.775,4256.855,60,756
2026-06-17 22:00:00,4254.435,4270.925,4252.898,4266.238,60,1217
2026-06-17 23:00:00,4266.128,4283.795,4263.648,4277.665,60,1337
2026-06-18 00:00:00,4277.685,4315.015,4276.225,4308.125,60,707
2026-06-18 01:00:00,4308.098,4328.305,4306.645,4317.625,60,713
2026-06-18 02:00:00,4317.885,4329.865,4310.285,4310.725,60,553
2026-06-18 03:00:00,4310.695,4322.445,4308.915,4319.515,60,665
2026-06-18 04:00:00,4319.415,4323.865,4309.445,4315.865,60,684
2026-06-18 05:00:00,4315.545,4324.855,4301.075,4307.785,60,687
2026-06-18 06:00:00,4307.825,4309.875,4296.005,4306.325,60,606
2026-06-18 07:00:00,4306.285,4309.305,4287.225,4288.475,60,602
2026-06-18 08:00:00,4288.535,4292.655,4265.328,4266.635,60,532
2026-06-18 09:00:00,4266.635,4273.155,4259.535,4268.275,60,532
2026-06-18 10:00:00,4268.225,4272.635,4254.595,4255.325,60,552
2026-06-18 11:00:00,4255.655,4255.655,4239.648,4241.875,60,524
2026-06-18 12:00:00,4241.875,4269.025,4240.205,4246.465,60,683
2026-06-18 13:00:00,4246.405,4276.515,4244.725,4256.375,60,607
2026-06-18 14:00:00,4256.325,4257.575,4236.845,4252.175,60,608
2026-06-18 15:00:00,4252.155,4254.645,4222.855,4226.428,60,605
2026-06-18 16:00:00,4226.428,4233.295,4213.925,4219.445,60,583
2026-06-18 17:00:00,4219.661,4232.945,4218.545,4230.065,60,585
2026-06-18 18:00:00,4230.185,4232.995,4217.928,4218.185,60,617
2026-06-18 19:00:00,4218.148,4218.825,4201.145,4216.505,60,608
2026-06-18 20:00:00,4216.725,4219.335,4207.495,4208.875,60,925
2026-06-18 22:00:00,4209.298,4212.875,4202.335,4206.938,60,1095
2026-06-18 23:00:00,4206.695,4207.798,4186.745,4188.115,60,1172
2026-06-19 00:00:00,4187.998,4197.945,4183.738,4190.125,60,696
2026-06-19 01:00:00,4190.075,4194.335,4183.495,4184.725,60,707
2026-06-19 02:00:00,4184.675,4186.145,4171.565,4176.025,60,648
2026-06-19 03:00:00,4175.995,4177.065,4145.345,4153.555,60,660
2026-06-19 04:00:00,4153.265,4155.065,4124.805,4125.495,60,687
2026-06-19 05:00:00,4125.915,4141.215,4121.438,4139.275,60,691
2026-06-19 06:00:00,4139.395,4150.465,4132.635,4147.495,60,588
2026-06-19 07:00:00,4147.865,4162.895,4147.655,4157.765,60,479
2026-06-19 08:00:00,4157.785,4178.345,4154.975,4168.795,60,571
2026-06-19 09:00:00,4168.795,4170.635,4160.645,4162.725,60,575
2026-06-19 10:00:00,4162.765,4162.845,4147.955,4149.505,60,569
2026-06-19 11:00:00,4149.445,4154.835,4141.695,4152.385,60,679
2026-06-19 12:00:00,4152.395,4179.795,4147.025,4178.815,60,562
2026-06-19 13:00:00,4178.815,4182.825,4150.305,4151.195,60,612
2026-06-19 14:00:00,4151.165,4154.365,4142.455,4149.055,60,589
2026-06-19 15:00:00,4149.195,4153.865,4147.455,4150.855,60,558
2026-06-19 16:00:00,4150.845,4157.625,4144.078,4154.335,59,723
2026-06-21 22:00:00,4139.698,4159.625,4138.825,4156.038,60,2073
2026-06-21 23:00:00,4155.898,4164.525,4136.125,4139.985,60,965
2026-06-22 00:00:00,4140.015,4200.785,4139.755,4200.595,60,703
2026-06-22 01:00:00,4200.655,4220.778,4189.395,4190.745,60,733
2026-06-22 02:00:00,4190.705,4200.145,4183.258,4188.218,60,651
2026-06-22 03:00:00,4188.218,4189.768,4170.445,4171.265,60,695
2026-06-22 04:00:00,4171.305,4181.988,4170.375,4181.565,60,671
2026-06-22 05:00:00,4181.438,4198.375,4179.225,4193.515,60,680
2026-06-22 06:00:00,4193.515,4207.205,4190.985,4197.298,60,605
2026-06-22 07:00:00,4197.298,4201.665,4188.555,4190.195,60,645
2026-06-22 08:00:00,4190.195,4197.495,4188.405,4197.355,60,588
2026-06-22 09:00:00,4197.295,4210.095,4195.765,4208.095,60,561
2026-06-22 10:00:00,4208.045,4214.025,4203.445,4204.545,60,567
2026-06-22 11:00:00,4204.605,4215.005,4201.315,4207.225,60,566
2026-06-22 12:00:00,4207.285,4211.605,4192.075,4193.225,60,557
2026-06-22 13:00:00,4193.385,4205.405,4182.735,4199.635,60,678
2026-06-22 14:00:00,4199.905,4210.645,4186.365,4198.025,60,604
2026-06-22 15:00:00,4198.035,4201.115,4169.485,4182.695,60,560
2026-06-22 16:00:00,4182.755,4192.735,4174.195,4189.665,60,713
2026-06-22 17:00:00,4189.725,4191.485,4176.855,4182.868,60,730
2026-06-22 18:00:00,4182.868,4192.665,4182.185,4191.028,60,740
2026-06-22 19:00:00,4191.265,4193.198,4184.115,4190.355,60,692
2026-06-22 20:00:00,4190.485,4193.695,4188.645,4191.165,60,533
2026-06-22 22:00:00,4191.458,4194.365,4188.108,4189.438,60,1060
2026-06-22 23:00:00,4189.438,4195.095,4186.505,4187.475,60,1229
2026-06-23 00:00:00,4187.315,4194.405,4178.095,4193.145,60,713
2026-06-23 01:00:00,4193.145,4198.435,4149.705,4161.015,60,710
2026-06-23 02:00:00,4161.035,4163.295,4146.345,4146.695,60,703
2026-06-23 03:00:00,4146.765,4149.415,4130.488,4143.925,60,684
2026-06-23 04:00:00,4144.225,4146.795,4114.495,4117.875,60,666
2026-06-23 05:00:00,4117.905,4137.305,4115.095,4120.945,60,681
2026-06-23 06:00:00,4120.925,4126.745,4110.195,4114.205,60,590
2026-06-23 07:00:00,4114.105,4124.645,4096.375,4098.455,60,751
2026-06-23 08:00:00,4098.565,4110.705,4090.545,4104.975,60,759
2026-06-23 09:00:00,4105.065,4122.075,4103.715,4122.055,60,752
2026-06-23 10:00:00,4122.065,4133.055,4119.295,4119.465,60,754
2026-06-23 11:00:00,4119.445,4131.485,4117.145,4122.965,60,746
2026-06-23 12:00:00,4123.015,4127.115,4111.425,4112.908,60,748
2026-06-23 13:00:00,4112.885,4140.098,4105.138,4135.048,60,747
2026-06-23 14:00:00,4135.048,4144.795,4122.588,4129.985,60,703
2026-06-23 15:00:00,4130.175,4141.565,4123.118,4138.535,60,749
2026-06-23 16:00:00,4138.515,4143.565,4131.275,4134.035,60,747
2026-06-23 17:00:00,4134.015,4139.505,4127.448,4127.705,60,739
2026-06-23 18:00:00,4127.805,4130.775,4112.475,4117.675,60,751
2026-06-23 19:00:00,4117.655,4125.955,4111.395,4111.435,60,721
2026-06-23 20:00:00,4111.565,4112.575,4107.185,4111.035,60,749
2026-06-23 22:00:00,4111.898,4114.835,4096.685,4103.898,60,878
2026-06-23 23:00:00,4103.898,4103.898,4080.495,4099.035,60,1168
2026-06-24 00:00:00,4098.955,4111.965,4093.375,4097.055,60,763
2026-06-24 01:00:00,4097.075,4102.015,4068.255,4088.798,60,758
2026-06-24 02:00:00,4088.605,4095.815,4051.935,4060.905,60,685
2026-06-24 03:00:00,4061.155,4070.555,4050.185,4062.455,60,698
2026-06-24 04:00:00,4062.525,4067.085,4054.815,4064.195,60,659
2026-06-24 05:00:00,4064.225,4085.965,4060.535,4075.725,60,682
2026-06-24 06:00:00,4075.555,4097.335,4074.805,4086.635,60,834
2026-06-24 07:00:00,4086.525,4090.665,4073.525,4074.715,60,1012
2026-06-24 08:00:00,4074.665,4087.445,4072.935,4076.065,60,574
2026-06-24 09:00:00,4076.275,4079.015,4064.035,4064.395,60,590
2026-06-24 10:00:00,4064.385,4066.775,4054.515,4055.495,60,585
2026-06-24 11:00:00,4055.355,4058.445,4037.305,4046.495,60,527
2026-06-24 12:00:00,4046.515,4048.665,3987.365,3987.495,60,602
2026-06-24 13:00:00,3987.535,4041.905,3964.305,4037.975,60,738
2026-06-24 14:00:00,4037.945,4040.758,4002.698,4007.825,60,734
2026-06-24 15:00:00,4007.875,4016.725,3997.015,4002.335,60,699
2026-06-24 16:00:00,4002.405,4022.065,3995.215,4006.348,60,607
2026-06-24 17:00:00,4006.348,4011.085,3972.495,3972.808,60,602
2026-06-24 18:00:00,3972.865,3993.995,3958.695,3981.215,60,617
2026-06-24 19:00:00,3981.571,3990.615,3973.225,3987.755,60,614
2026-06-24 20:00:00,3987.698,4002.685,3984.485,3997.605,60,615
2026-06-24 22:00:00,4003.035,4008.545,3992.535,3995.898,60,981
2026-06-24 23:00:00,3995.705,4018.385,3990.228,4012.205,60,1172
2026-06-25 00:00:00,4012.185,4016.255,3978.035,3990.985,60,705
2026-06-25 01:00:00,3990.965,4005.565,3972.115,3976.555,60,937
2026-06-25 02:00:00,3976.525,3990.845,3961.755,3982.575,60,903
2026-06-25 03:00:00,3982.535,4000.885,3965.885,3995.215,60,763
2026-06-25 04:00:00,3995.155,3997.325,3983.365,3995.805,60,670
2026-06-25 05:00:00,3995.685,3999.735,3980.195,3986.315,60,754
2026-06-25 06:00:00,3986.305,3989.135,3973.765,3977.155,60,673
2026-06-25 07:00:00,3977.385,3989.615,3971.285,3987.765,60,593
2026-06-25 08:00:00,3987.655,4001.945,3984.105,3989.025,60,541
2026-06-25 09:00:00,3989.085,3997.595,3985.658,3988.085,60,554
2026-06-25 10:00:00,3988.025,3989.265,3981.118,3984.165,60,473
2026-06-25 11:00:00,3984.445,3987.715,3973.505,3979.895,60,485
2026-06-25 12:00:00,3979.905,4019.325,3978.805,4012.215,60,708
2026-06-25 13:00:00,4012.495,4033.885,4000.825,4002.005,60,742
2026-06-25 14:00:00,4002.115,4028.205,3998.955,4011.725,60,746
2026-06-25 15:00:00,4011.845,4042.388,4004.795,4040.778,60,737
2026-06-25 16:00:00,4041.045,4043.785,4023.485,4028.445,60,754
2026-06-25 17:00:00,4028.485,4036.705,4026.535,4034.575,60,740
2026-06-25 18:00:00,4034.535,4043.918,4025.728,4034.438,60,735
2026-06-25 19:00:00,4034.438,4043.458,4021.645,4026.525,60,750
2026-06-25 20:00:00,4026.425,4034.705,4024.095,4024.095,60,751
2026-06-25 22:00:00,4029.098,4036.225,4019.515,4025.808,60,1217
2026-06-25 23:00:00,4025.595,4030.175,4012.375,4014.255,60,1264
2026-06-26 00:00:00,4014.205,4024.255,4011.275,4020.075,60,700
2026-06-26 01:00:00,4020.145,4029.335,4013.945,4020.795,60,727
2026-06-26 02:00:00,4020.905,4022.898,3982.635,3990.465,60,699
2026-06-26 03:00:00,3990.425,4006.465,3986.365,4004.065,60,759
2026-06-26 04:00:00,4004.145,4015.195,3998.485,4011.085,60,692
2026-06-26 05:00:00,4011.395,4021.135,4005.395,4007.785,60,858
2026-06-26 06:00:00,4007.785,4032.975,4006.505,4031.855,60,732
2026-06-26 07:00:00,4031.835,4039.795,4026.618,4030.465,60,730
2026-06-26 08:00:00,4030.365,4037.685,4025.715,4030.795,60,465
2026-06-26 09:00:00,4030.775,4054.005,4029.285,4046.975,60,515
2026-06-26 10:00:00,4046.935,4054.745,4042.165,4054.605,60,533
2026-06-26 11:00:00,4054.605,4055.488,4042.358,4045.665,60,708
2026-06-26 12:00:00,4045.835,4061.305,4035.408,4058.645,60,749
2026-06-26 13:00:00,4059.305,4077.775,4043.005,4073.085,60,746
2026-06-26 14:00:00,4073.015,4092.895,4067.448,4080.215,60,765
2026-06-26 15:00:00,4080.145,4095.795,4075.385,4090.205,60,747
2026-06-26 16:00:00,4090.225,4093.148,4081.905,4084.785,60,757
2026-06-26 17:00:00,4084.845,4087.808,4073.505,4074.535,60,736
2026-06-26 18:00:00,4074.515,4078.635,4066.758,4067.015,60,760
2026-06-26 19:00:00,4067.115,4074.485,4064.285,4071.415,60,759
2026-06-26 20:00:00,4071.435,4089.798,4064.228,4087.915,60,1024
2026-06-28 22:00:00,4086.298,4086.298,4052.398,4065.798,60,1644
2026-06-28 23:00:00,4065.798,4070.278,4051.585,4062.585,60,1645
2026-06-29 00:00:00,4062.555,4073.955,4048.055,4069.305,60,708
2026-06-29 01:00:00,4069.445,4074.295,4053.615,4061.155,60,722
2026-06-29 02:00:00,4061.075,4071.555,4058.175,4066.105,60,697
2026-06-29 03:00:00,4066.155,4075.515,4064.795,4068.645,60,920
2026-06-29 04:00:00,4068.615,4068.765,4049.395,4052.015,60,685
2026-06-29 05:00:00,4051.858,4057.235,4039.015,4054.175,60,735
2026-06-29 06:00:00,4054.155,4064.855,4053.235,4062.175,60,697
2026-06-29 07:00:00,4062.205,4068.455,4055.855,4061.495,60,592
2026-06-29 08:00:00,4061.238,4066.555,4043.515,4046.925,60,464
2026-06-29 09:00:00,4046.805,4055.115,4024.168,4031.465,60,524
2026-06-29 10:00:00,4031.415,4039.655,4027.285,4036.755,60,482
2026-06-29 11:00:00,4036.775,4042.125,4027.085,4039.095,60,495
2026-06-29 12:00:00,4039.285,4052.385,4037.398,4043.455,60,486
2026-06-29 13:00:00,4043.485,4051.615,4028.125,4032.175,60,707
2026-06-29 14:00:00,4032.325,4035.225,3999.918,4025.355,60,630
2026-06-29 15:00:00,4025.365,4030.148,4016.398,4026.755,60,858
2026-06-29 16:00:00,4026.895,4028.445,4018.405,4023.565,60,804
2026-06-29 17:00:00,4023.645,4031.848,4019.025,4020.678,60,840
2026-06-29 18:00:00,4020.678,4024.948,4011.725,4013.165,60,841
2026-06-29 19:00:00,4013.175,4019.315,4005.155,4015.595,60,617
2026-06-29 20:00:00,4015.575,4017.845,4012.505,4015.925,60,619
2026-06-29 22:00:00,4015.898,4022.145,4009.298,4013.628,60,1270
2026-06-29 23:00:00,4014.138,4022.128,4013.135,4014.645,60,1185
2026-06-30 00:00:00,4014.605,4014.945,3979.608,3986.645,60,752
2026-06-30 01:00:00,3986.705,3986.705,3941.528,3969.095,60,1051
2026-06-30 02:00:00,3968.975,3973.125,3952.015,3962.605,60,744
2026-06-30 03:00:00,3962.475,3970.895,3959.835,3969.455,60,745
2026-06-30 04:00:00,3969.495,3997.825,3967.955,3985.285,60,743
2026-06-30 05:00:00,3985.305,3990.545,3974.865,3977.625,60,917
2026-06-30 06:00:00,3977.725,4033.815,3977.725,4029.258,60,809
2026-06-30 07:00:00,4029.268,4034.465,4023.548,4031.828,60,855
2026-06-30 08:00:00,4031.828,4037.278,4013.335,4015.218,60,825
2026-06-30 09:00:00,4015.218,4023.525,4012.085,4023.525,60,823
2026-06-30 10:00:00,4023.525,4031.005,4021.208,4029.415,60,774
2026-06-30 11:00:00,4029.345,4037.075,4024.995,4033.825,60,911
2026-06-30 12:00:00,4033.775,4034.275,4008.385,4009.595,60,879
2026-06-30 13:00:00,4009.565,4033.055,4009.055,4029.355,60,844
2026-06-30 14:00:00,4029.345,4063.205,4024.825,4037.125,60,861
2026-06-30 15:00:00,4037.125,4039.145,4021.945,4028.985,60,758
2026-06-30 16:00:00,4028.965,4033.595,4025.595,4025.835,60,755
2026-06-30 17:00:00,4025.815,4031.945,4020.345,4030.535,60,761
2026-06-30 18:00:00,4030.555,4033.525,4027.915,4028.215,60,754
2026-06-30 19:00:00,4028.005,4029.215,4014.365,4015.745,60,758
2026-06-30 20:00:00,4015.725,4020.775,4006.125,4007.165,60,767
2026-06-30 22:00:00,4009.785,4017.875,4009.275,4012.865,60,993
2026-06-30 23:00:00,4012.905,4017.655,4004.915,4005.485,60,2617
2026-07-01 00:00:00,4005.755,4009.475,3992.665,3996.485,60,727
2026-07-01 01:00:00,3996.435,3999.505,3973.745,3977.545,60,807
2026-07-01 02:00:00,3977.585,3985.885,3969.935,3978.935,60,723
2026-07-01 03:00:00,3978.935,3986.845,3976.265,3980.285,60,682
2026-07-01 04:00:00,3980.635,3982.465,3972.215,3976.345,60,725
2026-07-01 05:00:00,3976.325,3978.745,3969.595,3973.815,60,732
2026-07-01 06:00:00,3973.765,3977.205,3962.945,3971.695,60,703
2026-07-01 07:00:00,3971.665,3978.145,3959.905,3975.765,60,501
2026-07-01 08:00:00,3975.735,3984.075,3969.035,3974.185,60,854
2026-07-01 09:00:00,3974.145,3985.775,3972.565,3984.135,60,850
2026-07-01 10:00:00,3984.105,3998.415,3981.115,3997.995,60,854
2026-07-01 11:00:00,3998.025,4035.215,3997.465,4030.005,60,748
2026-07-01 12:00:00,4030.165,4033.375,4019.185,4022.435,60,758
2026-07-01 13:00:00,4022.415,4107.585,4012.545,4089.095,60,748
2026-07-01 14:00:00,4089.125,4115.485,4082.685,4093.045,60,775
2026-07-01 15:00:00,4092.965,4094.275,4076.555,4080.805,60,749
2026-07-01 16:00:00,4080.735,4088.115,4070.205,4070.855,60,763
2026-07-01 17:00:00,4070.825,4073.495,4066.905,4067.995,60,761
2026-07-01 18:00:00,4067.975,4070.445,4057.635,4061.795,60,756
2026-07-01 19:00:00,4061.775,4067.935,4034.145,4038.525,60,763
2026-07-01 20:00:00,4038.365,4039.425,4028.195,4030.745,60,763
2026-07-01 22:00:00,4033.175,4044.225,4032.105,4044.155,60,1067
2026-07-01 23:00:00,4043.775,4044.065,4033.105,4035.005,60,2029
2026-07-02 00:00:00,4034.975,4052.425,4030.525,4051.495,60,703
2026-07-02 01:00:00,4051.415,4068.365,4044.975,4049.935,60,767
2026-07-02 02:00:00,4049.915,4060.685,4040.985,4056.785,60,717
2026-07-02 03:00:00,4056.785,4073.965,4055.235,4069.765,60,698
2026-07-02 04:00:00,4069.725,4072.665,4060.335,4060.515,60,653
2026-07-02 05:00:00,4060.505,4067.465,4052.945,4065.865,60,699
2026-07-02 06:00:00,4065.865,4079.605,4065.745,4073.005,60,597
2026-07-02 07:00:00,4073.025,4075.405,4060.465,4064.355,60,607
2026-07-02 08:00:00,4064.025,4079.695,4061.105,4075.835,60,758
2026-07-02 09:00:00,4075.875,4076.755,4063.725,4065.115,60,730
2026-07-02 10:00:00,4065.225,4068.545,4061.355,4066.255,60,605
2026-07-02 11:00:00,4066.235,4072.045,4057.225,4064.935,60,559
2026-07-02 12:00:00,4064.985,4140.185,4061.015,4117.285,60,949
2026-07-02 13:00:00,4117.265,4143.715,4109.215,4136.485,60,735
2026-07-02 14:00:00,4136.485,4137.805,4113.805,4128.275,60,741
2026-07-02 15:00:00,4128.245,4131.425,4114.395,4128.255,60,754
2026-07-02 16:00:00,4128.285,4130.085,4100.005,4117.915,60,739
2026-07-02 17:00:00,4117.635,4119.655,4105.385,4106.495,60,741
2026-07-02 18:00:00,4106.435,4126.715,4105.585,4122.445,60,760
2026-07-02 19:00:00,4122.445,4124.155,4107.895,4121.095,60,747
2026-07-02 20:00:00,4121.015,4124.775,4116.135,4122.425,60,763
2026-07-02 22:00:00,4124.065,4127.825,4122.255,4123.685,60,908
2026-07-02 23:00:00,4123.755,4131.905,4120.785,4125.955,60,2018
2026-07-03 00:00:00,4125.775,4150.665,4122.625,4146.725,60,767
2026-07-03 01:00:00,4146.815,4195.365,4146.185,4182.165,60,749
2026-07-03 02:00:00,4182.105,4186.565,4176.245,4183.195,60,729
2026-07-03 03:00:00,4183.195,4184.325,4174.955,4175.735,60,761
2026-07-03 04:00:00,4175.735,4182.535,4172.975,4178.585,60,703
2026-07-03 05:00:00,4178.565,4181.675,4169.025,4171.025,60,766
2026-07-03 06:00:00,4171.045,4174.195,4160.225,4172.705,60,694
2026-07-03 07:00:00,4172.865,4181.685,4168.975,4177.385,60,765
2026-07-03 08:00:00,4177.185,4186.525,4176.775,4180.915,60,648
2026-07-03 09:00:00,4180.885,4181.865,4168.265,4171.925,60,647
2026-07-03 10:00:00,4171.885,4181.075,4170.535,4177.025,60,620
2026-07-03 11:00:00,4176.865,4186.325,4175.415,4180.895,60,596
2026-07-03 12:00:00,4181.015,4183.075,4171.805,4176.525,60,767
2026-07-03 13:00:00,4176.675,4178.975,4163.325,4164.365,60,749
2026-07-03 14:00:00,4164.305,4170.965,4155.085,4169.485,60,756
2026-07-03 15:00:00,4169.515,4174.265,4164.265,4164.545,60,763
2026-07-03 16:00:00,4164.565,4176.055,4162.535,4175.245,59,923
2026-07-05 22:00:00,4182.515,4191.215,4171.855,4187.405,60,4112
2026-07-05 23:00:00,4187.435,4201.705,4177.325,4182.915,60,2027
2026-07-06 00:00:00,4183.825,4188.695,4170.265,4179.235,60,712
2026-07-06 01:00:00,4178.915,4202.905,4172.325,4185.735,60,722
2026-07-06 02:00:00,4185.735,4187.465,4168.375,4173.895,60,693
2026-07-06 03:00:00,4173.885,4176.115,4160.725,4164.985,60,763
2026-07-06 04:00:00,4164.975,4166.385,4157.095,4159.415,60,708
2026-07-06 05:00:00,4159.485,4160.835,4144.535,4147.735,60,757
2026-07-06 06:00:00,4147.805,4159.425,4145.515,4150.055,60,593
2026-07-06 07:00:00,4150.055,4166.075,4146.985,4164.295,60,602
2026-07-06 08:00:00,4164.655,4165.845,4146.935,4150.225,60,596
2026-07-06 09:00:00,4150.275,4151.055,4136.315,4143.005,60,608
2026-07-06 10:00:00,4143.045,4155.635,4141.915,4154.685,60,580
2026-07-06 11:00:00,4154.755,4159.365,4151.285,4155.055,60,561
2026-07-06 12:00:00,4155.005,4158.235,4131.285,4139.395,60,534
2026-07-06 13:00:00,4139.685,4150.185,4135.625,4140.065,60,588
2026-07-06 14:00:00,4140.085,4146.985,4128.265,4137.845,60,690
2026-07-06 15:00:00,4137.845,4151.725,4137.305,4148.105,60,462
2026-07-06 16:00:00,4148.095,4156.005,4140.035,4154.755,60,611
2026-07-06 17:00:00,4154.735,4161.405,4150.035,4161.085,60,618
2026-07-06 18:00:00,4160.905,4167.325,4155.125,4163.555,60,617
2026-07-06 19:00:00,4163.675,4165.225,4158.565,4163.585,60,612
2026-07-06 20:00:00,4163.485,4165.375,4160.475,4164.325,60,663
2026-07-06 22:00:00,4163.245,4168.195,4161.075,4163.355,60,918
2026-07-06 23:00:00,4163.475,4165.515,4156.605,4156.975,60,2079
2026-07-07 00:00:00,4156.935,4162.455,4145.065,4145.725,60,696
2026-07-07 01:00:00,4145.655,4147.745,4125.485,4141.625,60,704
2026-07-07 02:00:00,4141.605,4144.995,4131.005,4136.385,60,728
2026-07-07 03:00:00,4136.345,4139.755,4124.235,4130.865,60,761
2026-07-07 04:00:00,4130.905,4140.995,4125.585,4126.425,60,669
2026-07-07 05:00:00,4126.425,4131.115,4116.515,4123.745,60,878
2026-07-07 06:00:00,4123.745,4132.665,4121.235,4130.165,60,695
2026-07-07 07:00:00,4130.145,4133.345,4124.155,4124.545,60,603
2026-07-07 08:00:00,4124.475,4139.045,4121.715,4125.865,60,599
2026-07-07 09:00:00,4125.715,4133.555,4119.805,4131.065,60,542
2026-07-07 10:00:00,4131.045,4138.855,4131.035,4135.565,60,536
2026-07-07 11:00:00,4135.705,4158.005,4131.665,4156.585,60,620
2026-07-07 12:00:00,4156.945,4174.915,4154.345,4172.085,60,598
2026-07-07 13:00:00,4172.295,4180.225,4155.755,4158.205,60,747
2026-07-07 14:00:00,4158.205,4163.475,4143.405,4154.005,60,763
2026-07-07 15:00:00,4153.935,4155.445,4135.545,4138.795,60,705
2026-07-07 16:00:00,4138.725,4147.025,4136.725,4144.725,60,698
2026-07-07 17:00:00,4144.745,4148.085,4140.235,4144.355,60,691
2026-07-07 18:00:00,4144.325,4145.035,4124.805,4126.685,60,690
2026-07-07 19:00:00,4126.705,4127.475,4091.845,4113.865,60,686
2026-07-07 20:00:00,4113.755,4115.595,4103.325,4105.225,60,705
2026-07-07 22:00:00,4093.905,4105.955,4093.535,4097.525,60,1292
2026-07-07 23:00:00,4097.455,4107.535,4095.385,4097.985,60,2022
2026-07-08 00:00:00,4098.205,4126.305,4096.545,4110.955,60,886
2026-07-08 01:00:00,4111.005,4117.555,4096.065,4110.945,60,829
2026-07-08 02:00:00,4111.045,4124.615,4105.685,4114.245,60,728
2026-07-08 03:00:00,4114.335,4130.915,4114.195,4123.425,60,793
2026-07-08 04:00:00,4123.365,4128.545,4120.285,4124.825,60,688
2026-07-08 05:00:00,4124.825,4133.685,4120.725,4127.535,60,789
2026-07-08 06:00:00,4127.535,4133.525,4121.955,4123.285,60,641
2026-07-08 07:00:00,4123.315,4127.065,4114.615,4120.755,60,688
2026-07-08 08:00:00,4120.915,4121.065,4051.825,4056.405,60,866
2026-07-08 09:00:00,4056.375,4060.955,4041.145,4042.785,60,804
2026-07-08 10:00:00,4042.825,4058.085,4040.405,4052.905,60,579
2026-07-08 11:00:00,4052.945,4072.425,4041.135,4061.785,60,730
2026-07-08 12:00:00,4061.655,4086.245,4058.385,4071.965,60,773
2026-07-08 13:00:00,4072.155,4082.685,4063.835,4070.595,60,694
2026-07-08 14:00:00,4070.135,4071.335,4033.475,4040.735,60,640
2026-07-08 15:00:00,4040.665,4043.605,4021.525,4033.815,60,617
2026-07-08 16:00:00,4033.945,4064.345,4032.945,4063.395,60,626
2026-07-08 17:00:00,4063.385,4076.115,4059.375,4064.325,60,663
2026-07-08 18:00:00,4064.325,4091.245,4063.075,4084.045,60,809
2026-07-08 19:00:00,4084.075,4091.075,4078.135,4079.625,60,700
2026-07-08 20:00:00,4079.665,4083.335,4071.195,4073.925,60,701
2026-07-08 22:00:00,4072.645,4079.745,4071.915,4073.095,60,1810
2026-07-08 23:00:00,4073.435,4077.785,4070.305,4075.925,60,7004
2026-07-09 00:00:00,4075.735,4089.775,4070.075,4073.885,60,849
2026-07-09 01:00:00,4073.525,4078.605,4062.035,4072.525,60,835
2026-07-09 02:00:00,4072.525,4082.425,4064.075,4064.735,60,727
2026-07-09 03:00:00,4064.655,4067.375,4053.985,4063.825,60,813
2026-07-09 04:00:00,4063.825,4064.355,4056.105,4064.235,60,695
2026-07-09 05:00:00,4064.155,4084.035,4063.405,4081.715,60,793
2026-07-09 06:00:00,4081.715,4107.835,4081.145,4107.575,60,694
2026-07-09 07:00:00,4107.625,4110.905,4101.215,4107.675,60,686
2026-07-09 08:00:00,4107.625,4117.515,4105.005,4108.105,60,688
2026-07-09 09:00:00,4108.085,4112.105,4102.895,4105.965,60,680
2026-07-09 10:00:00,4105.985,4109.795,4093.515,4098.755,60,682
2026-07-09 11:00:00,4098.715,4110.255,4097.625,4108.465,60,666
2026-07-09 12:00:00,4108.435,4122.405,4104.915,4107.485,60,795
2026-07-09 13:00:00,4107.565,4129.255,4106.475,4121.445,60,611
2026-07-09 14:00:00,4121.405,4135.585,4113.885,4127.575,60,752
2026-07-09 15:00:00,4127.545,4132.565,4124.485,4126.655,60,706
2026-07-09 16:00:00,4126.515,4138.175,4125.345,4127.765,60,703
2026-07-09 17:00:00,4127.835,4138.095,4124.715,4135.955,60,706
2026-07-09 18:00:00,4135.845,4136.095,4121.215,4124.485,60,701
2026-07-09 19:00:00,4124.485,4126.715,4118.725,4122.395,60,701
2026-07-09 20:00:00,4122.325,4125.335,4120.245,4123.365,60,701
2026-07-09 22:00:00,4124.065,4127.375,4120.415,4120.415,60,1257
2026-07-09 23:00:00,4120.475,4124.895,4120.005,4123.115,60,2714
2026-07-10 00:00:00,4123.065,4128.255,4114.035,4125.965,60,800
2026-07-10 01:00:00,4126.085,4130.735,4108.535,4116.495,60,846
2026-07-10 02:00:00,4116.635,4128.865,4115.745,4127.495,60,848
2026-07-10 03:00:00,4127.305,4134.555,4119.015,4119.915,60,885
2026-07-10 04:00:00,4119.935,4120.905,4111.625,4114.875,60,853
2026-07-10 05:00:00,4114.845,4116.945,4107.955,4116.585,60,886
2026-07-10 06:00:00,4116.555,4119.835,4110.865,4111.355,60,870
2026-07-10 07:00:00,4111.165,4115.085,4104.065,4108.795,60,882
2026-07-10 08:00:00,4108.705,4109.345,4094.585,4097.745,60,561
2026-07-10 09:00:00,4097.675,4105.255,4094.215,4104.155,60,548
2026-07-10 10:00:00,4104.165,4112.485,4103.915,4104.395,60,552
2026-07-10 11:00:00,4104.395,4108.055,4095.875,4102.165,60,574
2026-07-10 12:00:00,4102.205,4117.435,4097.405,4100.535,60,525
2026-07-10 13:00:00,4100.805,4106.485,4085.345,4099.735,60,600
2026-07-10 14:00:00,4099.755,4109.025,4072.585,4092.735,60,667
2026-07-10 15:00:00,4093.185,4113.115,4091.265,4112.785,60,725
2026-07-10 16:00:00,4112.865,4115.365,4104.115,4104.495,60,703
2026-07-10 17:00:00,4104.285,4106.695,4100.045,4100.265,60,704
2026-07-10 18:00:00,4100.375,4105.275,4097.725,4100.955,60,895
2026-07-10 19:00:00,4101.025,4108.855,4097.515,4108.265,60,703
2026-07-10 20:00:00,4107.945,4120.765,4107.945,4120.555,60,704
2026-07-12 22:00:00,4094.225,4103.265,4069.035,4075.325,60,2150
2026-07-12 23:00:00,4075.415,4084.635,4067.295,4084.135,60,2690
2026-07-13 00:00:00,4084.155,4090.805,4060.705,4073.665,60,842
2026-07-13 01:00:00,4073.695,4089.575,4064.935,4071.885,60,855
2026-07-13 02:00:00,4071.935,4077.235,4064.125,4068.255,60,848
2026-07-13 03:00:00,4068.255,4069.065,4052.625,4060.155,60,883
2026-07-13 04:00:00,4060.135,4060.205,4050.085,4058.455,60,773
2026-07-13 05:00:00,4058.455,4072.965,4052.015,4053.365,60,796
2026-07-13 06:00:00,4053.345,4063.315,4043.585,4055.245,60,679
2026-07-13 07:00:00,4055.415,4064.935,4048.815,4064.675,60,691
2026-07-13 08:00:00,4064.615,4080.535,4062.795,4074.295,60,676
2026-07-13 09:00:00,4074.085,4076.465,4067.915,4068.025,60,689
2026-07-13 10:00:00,4068.035,4070.345,4046.275,4060.345,60,690
2026-07-13 11:00:00,4060.455,4068.415,4054.515,4056.285,60,884
2026-07-13 12:00:00,4056.285,4067.165,4053.365,4067.145,60,884
2026-07-13 13:00:00,4067.175,4067.355,4041.695,4043.035,60,855
2026-07-13 14:00:00,4043.025,4046.805,3999.845,4015.015,60,794
2026-07-13 15:00:00,4015.005,4020.265,4010.085,4015.815,60,658
2026-07-13 16:00:00,4015.835,4017.725,3985.165,3992.985,60,696
2026-07-13 17:00:00,3993.025,4001.715,3991.685,3992.995,60,697
2026-07-13 18:00:00,3993.105,4004.845,3986.415,4001.275,60,709
2026-07-13 19:00:00,4001.265,4004.315,3993.185,4001.705,60,705
2026-07-13 20:00:00,4001.745,4005.885,3996.065,4001.255,60,705
2026-07-13 22:00:00,4004.225,4006.195,3999.815,4000.425,60,1378
2026-07-13 23:00:00,4000.525,4002.015,3992.355,4000.795,60,3085
2026-07-14 00:00:00,4000.825,4007.075,3983.285,4003.815,60,834
2026-07-14 01:00:00,4003.875,4011.995,3991.635,4010.535,60,818
2026-07-14 02:00:00,4010.325,4018.855,4005.685,4012.005,60,786
2026-07-14 03:00:00,4012.055,4018.725,4010.795,4016.555,60,781
2026-07-14 04:00:00,4016.555,4023.455,4013.165,4020.025,60,784
2026-07-14 05:00:00,4020.325,4034.005,4019.325,4031.145,60,794
2026-07-14 06:00:00,4031.135,4032.875,4021.515,4023.645,60,667
2026-07-14 07:00:00,4023.625,4029.775,4019.865,4020.505,60,677
2026-07-14 08:00:00,4020.425,4023.695,4014.045,4015.835,60,684
2026-07-14 09:00:00,4015.885,4024.265,4013.415,4021.455,60,663
2026-07-14 10:00:00,4021.395,4022.605,4014.905,4021.435,60,676
2026-07-14 11:00:00,4021.475,4031.555,4015.195,4030.945,60,697
2026-07-14 12:00:00,4030.885,4100.785,4022.935,4075.915,60,862
2026-07-14 13:00:00,4075.895,4088.625,4070.715,4076.315,60,851
2026-07-14 14:00:00,4076.275,4090.135,4070.205,4084.915,60,709
2026-07-14 15:00:00,4084.895,4100.615,4064.515,4065.945,60,729
2026-07-14 16:00:00,4065.965,4066.615,4056.965,4061.385,60,707
2026-07-14 17:00:00,4061.445,4064.765,4054.255,4062.505,60,704
2026-07-14 18:00:00,4062.115,4062.935,4042.605,4053.875,60,720
2026-07-14 19:00:00,4053.895,4057.085,4047.365,4055.555,60,703
2026-07-14 20:00:00,4055.525,4056.235,4048.895,4052.385,60,707
2026-07-14 22:00:00,4051.285,4053.295,4043.975,4044.285,60,1137
2026-07-14 23:00:00,4044.075,4055.975,4043.635,4052.575,60,9479
2026-07-15 00:00:00,4052.685,4060.365,4048.595,4058.705,60,811
2026-07-15 01:00:00,4059.225,4061.875,4035.165,4036.845,60,819
2026-07-15 02:00:00,4036.485,4041.945,4028.995,4034.965,60,788
2026-07-15 03:00:00,4034.895,4040.135,4027.785,4031.135,60,807
2026-07-15 04:00:00,4031.085,4034.775,4027.825,4032.825,60,769
2026-07-15 05:00:00,4033.435,4036.515,4021.665,4034.485,60,789
2026-07-15 06:00:00,4034.445,4035.165,4021.065,4031.875,60,669
2026-07-15 07:00:00,4031.965,4034.125,4019.465,4024.355,60,680
2026-07-15 08:00:00,4024.455,4033.065,4017.155,4030.915,60,622
2026-07-15 09:00:00,4031.255,4034.045,4025.205,4030.125,60,620
2026-07-15 10:00:00,4030.155,4035.755,4026.395,4027.895,60,631
2026-07-15 11:00:00,4027.755,4039.985,4027.375,4038.085,60,622
2026-07-15 12:00:00,4038.245,4071.265,4035.515,4067.575,60,929
2026-07-15 13:00:00,4068.105,4073.775,4053.885,4061.395,60,635
2026-07-15 14:00:00,4061.405,4065.775,4053.015,4060.045,60,661
2026-07-15 15:00:00,4060.345,4062.705,4039.475,4046.625,60,659
2026-07-15 16:00:00,4046.615,4047.605,4026.515,4033.485,60,648
2026-07-15 17:00:00,4033.515,4066.115,4032.705,4062.135,60,646
2026-07-15 18:00:00,4062.205,4080.935,4057.765,4058.825,60,642
2026-07-15 19:00:00,4058.865,4062.685,4047.655,4056.825,60,640
2026-07-15 20:00:00,4056.795,4063.035,4054.865,4059.825,60,692
2026-07-15 22:00:00,4060.415,4066.755,4057.765,4058.245,60,1086
2026-07-15 23:00:00,4058.135,4061.275,4055.295,4057.745,60,2746
2026-07-16 00:00:00,4057.805,4061.065,4043.425,4044.175,60,811
2026-07-16 01:00:00,4044.205,4050.285,4033.435,4038.705,60,886
2026-07-16 02:00:00,4038.665,4039.715,4023.585,4031.205,60,890
2026-07-16 03:00:00,4031.165,4036.695,4027.355,4036.025,60,792
2026-07-16 04:00:00,4036.065,4037.765,4031.645,4032.925,60,792
2026-07-16 05:00:00,4032.875,4033.845,4024.975,4026.965,60,796
2026-07-16 06:00:00,4027.035,4036.295,4022.745,4030.335,60,686
2026-07-16 07:00:00,4030.375,4031.735,4022.845,4030.495,60,689
2026-07-16 08:00:00,4030.445,4036.395,4025.025,4035.165,60,637
2026-07-16 09:00:00,4035.125,4037.505,4030.185,4031.425,60,627
2026-07-16 10:00:00,4031.405,4034.565,4028.415,4029.275,60,639
2026-07-16 11:00:00,4029.255,4042.175,4020.995,4038.285,60,619
2026-07-16 12:00:00,4038.305,4043.065,3990.255,3992.005,60,776
2026-07-16 13:00:00,3992.045,4008.315,3973.325,3989.915,60,663
2026-07-16 14:00:00,3989.875,4006.575,3986.545,3997.595,60,682
2026-07-16 15:00:00,3997.595,4016.715,3989.085,4006.695,60,647
2026-07-16 16:00:00,4006.685,4007.315,3981.915,3991.775,60,631
2026-07-16 17:00:00,3991.965,3992.715,3979.775,3984.485,60,629
2026-07-16 18:00:00,3984.515,3990.235,3976.155,3980.265,60,633
2026-07-16 19:00:00,3980.205,3985.995,3969.045,3979.655,60,623
2026-07-16 20:00:00,3979.855,3979.875,3971.635,3974.205,60,671
2026-07-16 22:00:00,3976.345,3980.085,3972.545,3977.745,60,1109
2026-07-16 23:00:00,3977.755,3986.365,3974.555,3985.835,60,1552
2026-07-17 00:00:00,3985.875,3991.575,3980.495,3991.575,60,822
2026-07-17 01:00:00,3991.545,3995.875,3978.835,3983.005,60,887
2026-07-17 02:00:00,3982.935,3987.275,3970.415,3978.805,60,776
2026-07-17 03:00:00,3978.935,4008.395,3978.395,3991.095,60,815
2026-07-17 04:00:00,3991.125,3991.395,3979.835,3981.425,60,774
2026-07-17 05:00:00,3981.425,3991.235,3975.105,3984.645,60,794
2026-07-17 06:00:00,3984.625,4006.905,3984.625,3999.105,60,673
2026-07-17 07:00:00,3999.075,4002.455,3992.435,3992.555,60,676
2026-07-17 08:00:00,3992.725,3999.595,3987.595,3993.945,60,641
2026-07-17 09:00:00,3993.945,4002.165,3992.555,3997.795,60,631
2026-07-17 10:00:00,3997.865,3998.785,3990.225,3990.635,60,627
2026-07-17 11:00:00,3990.635,3998.585,3989.735,3993.815,60,622
2026-07-17 12:00:00,3993.815,3995.285,3963.885,3965.915,60,646
2026-07-17 13:00:00,3965.995,4003.445,3959.485,3996.665,60,720
2026-07-17 14:00:00,3996.625,4004.115,3989.765,4000.905,60,704
2026-07-17 15:00:00,4000.885,4021.235,3997.455,4018.835,60,646
2026-07-17 16:00:00,4018.915,4023.645,4010.675,4014.735,60,706
2026-07-17 17:00:00,4014.815,4019.065,4008.195,4009.865,60,707
2026-07-17 18:00:00,4009.765,4015.905,4006.395,4011.115,60,702
2026-07-17 19:00:00,4011.145,4016.235,4002.085,4015.105,60,702
2026-07-17 20:00:00,4015.165,4017.935,4008.375,4013.975,60,700
2026-07-19 22:00:00,4002.785,4007.105,3993.215,3993.405,60,1350
2026-07-19 23:00:00,3993.545,3995.905,3989.205,3995.165,60,2742
2026-07-20 00:00:00,3995.025,4009.775,3981.935,4008.235,60,838
2026-07-20 01:00:00,4008.265,4019.995,3995.515,4001.855,60,835
2026-07-20 02:00:00,4001.905,4028.845,4000.955,4021.635,60,783
2026-07-20 03:00:00,4021.545,4027.815,4018.365,4023.855,60,795
2026-07-20 04:00:00,4023.885,4026.515,4018.175,4018.545,60,771
2026-07-20 05:00:00,4018.725,4020.955,4005.145,4008.465,60,812
2026-07-20 06:00:00,4008.415,4011.545,4002.785,4003.525,60,679
2026-07-20 07:00:00,4003.615,4021.695,4001.815,4017.025,60,679
2026-07-20 08:00:00,4017.125,4030.355,4017.125,4018.695,60,572
2026-07-20 09:00:00,4018.685,4023.045,4014.625,4021.005,60,622
2026-07-20 10:00:00,4021.005,4025.345,4017.975,4023.925,60,628
2026-07-20 11:00:00,4023.945,4040.435,4019.575,4025.045,60,620
2026-07-20 12:00:00,4024.675,4024.995,4006.285,4007.925,60,642
2026-07-20 13:00:00,4007.855,4017.185,4005.375,4005.565,60,651
2026-07-20 14:00:00,4005.485,4013.485,3998.035,4005.915,60,633
2026-07-20 15:00:00,4006.015,4019.325,4004.255,4011.625,60,655
2026-07-20 16:00:00,4011.605,4018.115,4001.385,4009.595,60,640
2026-07-20 17:00:00,4009.595,4012.915,4003.415,4005.005,60,641
2026-07-20 18:00:00,4005.025,4011.725,4003.005,4007.025,60,638
2026-07-20 19:00:00,4007.065,4017.855,4004.015,4006.755,60,630
2026-07-20 20:00:00,4006.695,4009.205,4005.515,4007.565,60,670
2026-07-20 22:00:00,4006.065,4010.495,3999.285,3999.755,60,1310
2026-07-20 23:00:00,3999.945,4010.275,3999.535,4009.745,60,1456
2026-07-21 00:00:00,4009.615,4026.805,4003.495,4024.495,60,991
2026-07-21 01:00:00,4024.455,4035.525,4017.945,4022.945,60,887
2026-07-21 02:00:00,4023.105,4044.655,4021.745,4037.715,60,934
2026-07-21 03:00:00,4037.765,4051.215,4036.295,4046.555,60,1255
2026-07-21 04:00:00,4046.595,4051.415,4043.365,4049.195,60,918
2026-07-21 05:00:00,4049.195,4067.445,4045.895,4061.115,60,1109
2026-07-21 06:00:00,4060.995,4083.735,4060.995,4077.965,60,894
2026-07-21 07:00:00,4078.035,4079.985,4067.455,4070.975,60,923
2026-07-21 08:00:00,4070.815,4072.255,4058.965,4062.605,60,654
2026-07-21 09:00:00,4062.715,4069.415,4060.735,4065.645,60,679
2026-07-21 10:00:00,4065.715,4069.835,4060.525,4062.715,60,698
2026-07-21 11:00:00,4062.725,4063.515,4054.185,4055.715,60,622
2026-07-21 12:00:00,4055.815,4065.655,4050.915,4053.495,60,635
2026-07-21 13:00:00,4053.715,4061.575,4044.165,4052.785,60,647
2026-07-21 14:00:00,4052.835,4073.725,4051.425,4068.205,60,605
2026-07-21 15:00:00,4068.225,4083.305,4065.265,4074.025,60,635
2026-07-21 16:00:00,4074.045,4078.925,4069.605,4071.255,60,667
2026-07-21 17:00:00,4071.255,4072.555,4066.535,4068.475,60,632
2026-07-21 18:00:00,4068.475,4086.775,4067.465,4081.995,60,613
2026-07-21 19:00:00,4082.135,4085.655,4079.785,4084.435,60,698
2026-07-21 20:00:00,4084.275,4086.265,4076.385,4076.995,60,701
2026-07-21 22:00:00,4077.815,4085.045,4076.425,4079.155,60,1257
2026-07-21 23:00:00,4078.975,4082.595,4078.235,4080.375,60,2709
2026-07-22 00:00:00,4080.485,4102.375,4076.325,4097.145,60,823
2026-07-22 01:00:00,4097.225,4123.705,4096.365,4121.855,60,829
2026-07-22 02:00:00,4121.885,4130.665,4118.535,4130.495,60,786
2026-07-22 03:00:00,4130.485,4141.465,4128.995,4130.575,60,826
2026-07-22 04:00:00,4130.545,4131.025,4124.515,4126.655,60,789
2026-07-22 05:00:00,4126.685,4133.905,4122.715,4130.725,60,795
2026-07-22 06:00:00,4130.675,4135.065,4113.195,4116.135,60,693
2026-07-22 07:00:00,4116.165,4122.905,4109.025,4110.465,60,681
2026-07-22 08:00:00,4110.425,4119.905,4110.415,4118.155,60,557
2026-07-22 09:00:00,4118.195,4122.215,4113.135,4114.795,60,538
2026-07-22 10:00:00,4115.045,4121.715,4114.765,4117.425,60,559
2026-07-22 11:00:00,4117.395,4123.005,4112.465,4122.355,60,541
2026-07-22 12:00:00,4122.465,4134.195,4107.265,4112.785,60,550
2026-07-22 13:00:00,4112.865,4155.825,4112.615,4154.385,60,592
2026-07-22 14:00:00,4154.445,4163.325,4143.845,4148.285,60,575
2026-07-22 15:00:00,4148.265,4165.775,4148.245,4159.115,60,560
2026-07-22 16:00:00,4159.125,4159.335,4144.315,4146.715,60,553
2026-07-22 17:00:00,4146.765,4147.735,4138.105,4142.165,60,552
2026-07-22 18:00:00,4142.205,4142.785,4131.695,4135.865,60,625
2026-07-22 19:00:00,4135.845,4137.115,4128.735,4131.675,60,609
2026-07-22 20:00:00,4131.575,4137.725,4127.555,4130.345,60,636
2026-07-22 22:00:00,4122.235,4134.495,4116.314,4121.095,60,2950
2026-07-22 23:00:00,4121.345,4134.015,4115.605,4133.095,60,1301
2026-07-23 00:00:00,4133.185,4134.405,4124.795,4131.735,60,827
2026-07-23 01:00:00,4131.705,4140.895,4114.095,4117.595,60,818
2026-07-23 02:00:00,4117.505,4128.515,4111.815,4127.985,60,737
2026-07-23 03:00:00,4128.085,4132.935,4123.765,4124.325,60,765
2026-07-23 04:00:00,4124.305,4130.075,4119.725,4120.825,60,752
2026-07-23 05:00:00,4120.795,4130.395,4119.035,4123.735,60,757
2026-07-23 06:00:00,4123.785,4128.045,4116.535,4118.465,60,650
2026-07-23 07:00:00,4118.445,4119.355,4089.975,4095.325,60,706
2026-07-23 08:00:00,4095.195,4097.535,4086.785,4093.315,60,556
2026-07-23 09:00:00,4093.275,4099.315,4088.175,4089.665,60,534
2026-07-23 10:00:00,4089.665,4095.185,4085.255,4093.025,60,567
2026-07-23 11:00:00,4093.135,4093.725,4072.755,4085.535,60,558
2026-07-23 12:00:00,4085.325,4085.795,4060.835,4061.685,60,758
2026-07-23 13:00:00,4061.685,4067.155,4040.155,4043.115,60,584
2026-07-23 14:00:00,4043.115,4061.585,4039.685,4057.715,60,597
2026-07-23 15:00:00,4057.915,4059.345,4042.145,4048.525,60,541
2026-07-23 16:00:00,4048.585,4051.625,4045.545,4051.255,60,563
2026-07-23 17:00:00,4051.395,4054.465,4041.475,4041.625,60,562
2026-07-23 18:00:00,4041.585,4048.305,4040.235,4046.115,60,536
2026-07-23 19:00:00,4046.095,4051.085,4042.765,4049.475,60,611
2026-07-23 20:00:00,4049.655,4050.885,4047.175,4049.375,60,636
2026-07-23 22:00:00,4049.365,4050.455,4048.035,4048.905,60,1044
2026-07-23 23:00:00,4048.895,4050.845,4046.285,4046.765,60,1483
2026-07-24 00:00:00,4046.725,4050.795,4041.015,4049.715,60,765
2026-07-24 01:00:00,4049.525,4050.435,4039.475,4043.375,60,788
2026-07-24 02:00:00,4043.345,4048.305,4022.755,4024.305,60,760
2026-07-24 03:00:00,4024.255,4033.295,4022.845,4029.045,60,756
2026-07-24 04:00:00,4028.645,4030.175,4025.215,4026.805,60,764
2026-07-24 05:00:00,4026.825,4032.025,4021.665,4022.725,60,757
2026-07-24 06:00:00,4022.765,4038.955,4022.695,4035.535,60,639
2026-07-24 07:00:00,4035.575,4053.655,4034.895,4048.205,60,662
2026-07-24 08:00:00,4048.545,4058.565,4044.965,4057.375,60,545
2026-07-24 09:00:00,4057.475,4060.615,4051.445,4059.655,60,542
2026-07-24 10:00:00,4059.935,4063.745,4057.055,4059.955,60,542
2026-07-24 11:00:00,4060.075,4063.285,4051.195,4057.545,60,569
2026-07-24 12:00:00,4057.665,4060.065,4051.475,4055.985,60,559
2026-07-24 13:00:00,4055.845,4068.365,4044.515,4066.915,60,536
2026-07-24 14:00:00,4067.275,4069.825,4055.595,4063.185,60,735
2026-07-24 15:00:00,4062.965,4081.895,4061.675,4077.175,60,563
2026-07-24 16:00:00,4077.145,4078.035,4063.895,4066.855,60,543
2026-07-24 17:00:00,4066.965,4069.685,4062.745,4063.165,60,550
2026-07-24 18:00:00,4063.165,4064.325,4050.815,4054.185,60,554
2026-07-24 19:00:00,4054.265,4057.735,4048.995,4053.465,60,556
2026-07-24 20:00:00,4053.565,4055.795,4049.125,4049.125,60,700
2026-07-26 22:00:00,4088.645,4097.195,4082.095,4084.675,60,1804
2026-07-26 23:00:00,4084.675,4096.045,4080.625,4093.845,60,9682
2026-07-27 00:00:00,4094.115,4116.145,4090.275,4100.335,60,824
2026-07-27 01:00:00,4100.225,4112.385,4096.675,4109.865,60,775
2026-07-27 02:00:00,4110.025,4110.795,4093.315,4093.435,60,728
2026-07-27 03:00:00,4093.165,4095.565,4084.365,4090.645,60,761
2026-07-27 04:00:00,4090.745,4092.755,4086.675,4089.935,60,754
2026-07-27 05:00:00,4090.075,4094.535,4084.145,4092.965,60,762
2026-07-27 06:00:00,4092.995,4099.075,4091.015,4095.845,60,640
2026-07-27 07:00:00,4095.775,4105.865,4088.435,4088.605,60,782
2026-07-27 08:00:00,4088.875,4096.695,4086.875,4095.005,60,597
2026-07-27 09:00:00,4094.845,4100.175,4090.075,4095.915,60,604
2026-07-27 10:00:00,4095.915,4102.165,4086.355,4099.345,60,596
2026-07-27 11:00:00,4099.425,4103.895,4093.555,4093.695,60,615
2026-07-27 12:00:00,4093.825,4097.435,4081.495,4083.475,60,836
2026-07-27 13:00:00,4083.565,4089.405,4070.125,4073.995,60,666
2026-07-27 14:00:00,4074.085,4078.975,4065.065,4075.925,60,608
2026-07-27 15:00:00,4075.945,4079.735,4071.575,4078.285,60,616
2026-07-27 16:00:00,4078.295,4093.695,4077.645,4082.055,60,627
2026-07-27 17:00:00,4082.215,4082.215,4070.335,4076.125,60,616
2026-07-27 18:00:00,4076.245,4079.355,4072.635,4077.605,60,614
2026-07-27 19:00:00,4077.725,4089.245,4075.915,4083.075,60,618
2026-07-27 20:00:00,4083.135,4083.805,4074.995,4076.565,60,634
2026-07-27 22:00:00,4077.045,4081.765,4069.725,4073.305,60,1347
2026-07-27 23:00:00,4073.135,4074.805,4069.585,4073.075,60,1867
2026-07-28 00:00:00,4072.955,4073.855,4057.205,4057.635,60,832
2026-07-28 01:00:00,4057.455,4060.075,4042.365,4044.865,60,774
2026-07-28 02:00:00,4045.155,4048.835,4040.605,4041.915,60,757
2026-07-28 03:00:00,4041.705,4051.035,4040.185,4049.135,60,851
2026-07-28 04:00:00,4049.005,4049.485,4041.125,4042.085,60,757
2026-07-28 05:00:00,4041.675,4046.455,4034.415,4044.975,60,773
2026-07-28 06:00:00,4044.955,4052.235,4042.755,4048.125,60,635
2026-07-28 07:00:00,4047.965,4052.315,4045.875,4047.055,60,654
2026-07-28 08:00:00,4046.855,4055.015,4041.375,4045.255,60,658
2026-07-28 09:00:00,4045.115,4045.745,4018.985,4023.345,60,652
2026-07-28 10:00:00,4023.155,4028.345,4016.695,4026.295,60,670
2026-07-28 11:00:00,4026.405,4032.115,4022.815,4027.825,60,640
2026-07-28 12:00:00,4027.745,4037.965,4022.605,4028.935,60,836
2026-07-28 13:00:00,4028.935,4035.865,4020.045,4021.975,60,760
2026-07-28 14:00:00,4021.975,4033.345,4011.335,4024.235,60,554
2026-07-28 15:00:00,4024.235,4047.025,4022.125,4045.985,60,561
2026-07-28 16:00:00,4045.935,4046.365,4036.405,4037.305,60,599
2026-07-28 17:00:00,4037.445,4041.495,4025.625,4027.675,60,571
2026-07-28 18:00:00,4027.805,4030.175,4021.515,4022.865,60,558
2026-07-28 19:00:00,4022.895,4027.905,4021.645,4026.225,60,581
2026-07-28 20:00:00,4026.115,4030.295,4022.355,4027.875,60,586
2026-07-28 22:00:00,4024.565,4029.855,4013.785,4017.765,60,1834
2026-07-28 23:00:00,4017.815,4025.965,4014.655,4024.615,60,1504
2026-07-29 00:00:00,4024.745,4029.475,4017.105,4021.635,60,769
2026-07-29 01:00:00,4021.515,4030.445,4010.055,4025.695,60,772
2026-07-29 02:00:00,4025.865,4037.835,4022.875,4029.255,60,877
2026-07-29 03:00:00,4029.055,4032.755,4022.885,4023.285,60,789
2026-07-29 04:00:00,4023.315,4027.375,4020.235,4026.955,60,726
2026-07-29 05:00:00,4027.105,4039.755,4026.325,4032.745,60,771
2026-07-29 06:00:00,4032.805,4044.605,4032.805,4040.995,60,625
2026-07-29 07:00:00,4041.125,4047.635,4040.765,4043.575,60,623
2026-07-29 08:00:00,4043.485,4044.255,4035.285,4037.455,60,539
2026-07-29 09:00:00,4037.825,4038.245,4031.135,4032.585,60,529
2026-07-29 10:00:00,4032.505,4034.265,4025.765,4027.295,60,542
2026-07-29 11:00:00,4027.345,4036.035,4024.695,4032.615,60,553
2026-07-29 12:00:00,4032.615,4033.305,4008.975,4022.435,60,542
2026-07-29 13:00:00,4022.665,4026.265,4002.275,4007.025,60,573
2026-07-29 14:00:00,4007.055,4009.955,3995.655,4004.655,60,572
2026-07-29 15:00:00,4004.635,4013.555,4003.215,4009.585,60,576
2026-07-29 16:00:00,4009.815,4032.595,4007.465,4027.055,60,544
2026-07-29 17:00:00,4027.005,4050.445,4026.985,4042.625,60,567
2026-07-29 18:00:00,4042.775,4109.595,4040.835,4106.445,60,2075
2026-07-29 19:00:00,4106.985,4116.105,4044.185,4044.585,60,971
2026-07-29 20:00:00,4044.365,4069.685,4042.465,4066.585,60,852
2026-07-29 22:00:00,4063.105,4090.265,4062.795,4087.355,60,1393
2026-07-29 23:00:00,4087.375,4099.225,4084.015,4084.245,60,2759
2026-07-30 00:00:00,4084.745,4086.495,4064.465,4071.895,60,799
2026-07-30 01:00:00,4071.915,4092.735,4070.005,4084.385,60,806
2026-07-30 02:00:00,4084.315,4090.105,4063.035,4063.325,60,753
2026-07-30 03:00:00,4063.305,4069.825,4050.445,4058.585,60,746
2026-07-30 04:00:00,4058.535,4059.845,4044.125,4045.825,60,742
2026-07-30 05:00:00,4045.825,4051.265,4028.155,4033.465,60,812
2026-07-30 06:00:00,4033.505,4040.425,4029.135,4036.505,60,637
2026-07-30 07:00:00,4036.085,4051.195,4035.175,4038.765,60,649
2026-07-30 08:00:00,4038.705,4072.675,4036.595,4061.175,60,562
2026-07-30 09:00:00,4061.285,4072.935,4060.155,4063.115,60,550
2026-07-30 10:00:00,4063.275,4083.095,4062.845,4077.845,60,543
2026-07-30 11:00:00,4077.715,4082.835,4075.465,4077.555,60,556
2026-07-30 12:00:00,4077.535,4086.415,4066.935,4068.755,60,745
2026-07-30 13:00:00,4068.895,4112.495,4064.895,4112.055,60,616
2026-07-30 14:00:00,4111.845,4120.16,4086.775,4099.865,60,738
2026-07-30 15:00:00,4099.865,4109.935,4082.965,4108.025,60,557
2026-07-30 16:00:00,4108.025,4119.105,4106.465,4110.525,60,566
2026-07-30 17:00:00,4110.545,4111.075,4098.115,4102.435,60,559
2026-07-30 18:00:00,4102.455,4107.585,4098.535,4099.465,60,539
2026-07-30 19:00:00,4099.415,4115.175,4098.625,4111.775,60,550
2026-07-30 20:00:00,4111.825,4117.185,4098.835,4102.795,60,619
2026-07-30 22:00:00,4104.315,4111.295,4100.675,4108.675,60,1238
2026-07-30 23:00:00,4108.675,4111.305,4101.735,4105.605,60,1190
2026-07-31 00:00:00,4105.865,4106.755,4090.105,4094.405,60,751
2026-07-31 01:00:00,4094.555,4101.325,4081.635,4084.245,60,793
2026-07-31 02:00:00,4084.265,4090.295,4073.755,4075.845,60,740
2026-07-31 03:00:00,4075.475,4079.445,4071.595,4074.855,60,786
2026-07-31 04:00:00,4074.855,4081.055,4072.815,4079.865,60,727
2026-07-31 05:00:00,4079.845,4083.075,4073.085,4073.965,60,750
2026-07-31 06:00:00,4074.065,4087.205,4072.575,4077.375,60,630
2026-07-31 07:00:00,4077.235,4079.015,4067.415,4067.455,60,637
2026-07-31 08:00:00,4067.885,4067.954,4054.105,4060.865,60,560
2026-07-31 09:00:00,4060.835,4063.775,4050.125,4054.895,60,565
2026-07-31 10:00:00,4054.835,4058.205,4051.815,4054.315,60,550
2026-07-31 11:00:00,4054.205,4060.865,4050.295,4053.425,60,555
2026-07-31 12:00:00,4053.905,4059.235,4040.425,4040.705,60,564
2026-07-31 13:00:00,4040.615,4046.815,4021.985,4025.295,60,568
2026-07-31 14:00:00,4025.275,4050.065,4020.545,4049.005,60,594
2026-07-31 15:00:00,4049.105,4052.505,4036.545,4045.375,60,564
2026-07-31 16:00:00,4045.375,4049.765,4041.035,4043.185,60,564
2026-07-31 17:00:00,4043.195,4054.565,4041.325,4053.445,60,592
2026-07-31 18:00:00,4053.275,4055.025,4046.905,4050.565,60,545
2026-07-31 19:00:00,4050.535,4055.535,4046.725,4050.695,60,539
2026-07-31 20:00:00,4050.685,4052.705,4035.085,4043.235,60,639
2026-08-02 22:00:00,4081.935,4081.935,4059.025,4059.385,60,2966
2026-08-02 23:00:00,4059.085,4074.775,4058.945,4074.775,60,9709
2026-08-03 00:00:00,4074.665,4079.155,4055.395,4056.725,60,795
2026-08-03 01:00:00,4056.885,4063.165,4047.085,4056.375,60,779
2026-08-03 02:00:00,4056.485,4066.995,4051.865,4062.105,60,734
2026-08-03 03:00:00,4062.235,4067.795,4058.915,4064.845,60,769
2026-08-03 04:00:00,4064.935,4071.595,4063.505,4063.535,60,730
2026-08-03 05:00:00,4063.545,4069.705,4053.855,4068.645,60,784
2026-08-03 06:00:00,4068.645,4071.695,4060.265,4063.815,60,642
2026-08-03 07:00:00,4063.655,4065.095,4051.915,4060.875,60,652
2026-08-03 08:00:00,4060.865,4062.285,4054.065,4059.255,60,536
2026-08-03 09:00:00,4058.995,4061.985,4046.275,4055.115,60,529
2026-08-03 10:00:00,4055.235,4056.885,4045.655,4049.145,60,549
2026-08-03 11:00:00,4049.235,4062.895,4045.285,4062.295,60,550
2026-08-03 12:00:00,4062.405,4064.415,4042.015,4047.445,60,539
2026-08-03 13:00:00,4047.595,4053.425,4018.915,4031.605,60,571
2026-08-03 14:00:00,4029.915,4039.125,4026.435,4036.055,60,747
2026-08-03 15:00:00,4036.075,4040.825,4030.185,4035.865,60,550
2026-08-03 16:00:00,4035.925,4039.075,4034.415,4036.745,60,550
2026-08-03 17:00:00,4036.855,4037.695,4030.025,4030.345,60,536
2026-08-03 18:00:00,4030.425,4044.875,4029.465,4043.325,60,540
2026-08-03 19:00:00,4043.325,4055.705,4043.275,4051.835,60,529
2026-08-03 20:00:00,4051.835,4058.015,4049.935,4054.405,60,595
2026-08-03 22:00:00,4048.785,4054.215,4048.445,4052.415,60,1371
2026-08-03 23:00:00,4052.305,4054.525,4049.795,4053.785,60,1143
2026-08-04 00:00:00,4053.555,4069.015,4048.475,4048.945,60,752
2026-08-04 01:00:00,4048.445,4061.695,4042.345,4058.375,60,779
2026-08-04 02:00:00,4058.475,4064.935,4055.405,4058.665,60,724
2026-08-04 03:00:00,4058.555,4061.515,4051.845,4052.325,60,771
2026-08-04 04:00:00,4052.325,4065.915,4050.825,4063.605,60,725
2026-08-04 05:00:00,4063.835,4067.555,4056.825,4061.575,60,770
2026-08-04 06:00:00,4061.615,4065.915,4055.535,4063.225,60,644
2026-08-04 07:00:00,4063.115,4066.645,4060.565,4065.295,60,642
2026-08-04 08:00:00,4065.335,4072.765,4054.315,4054.905,60,556
2026-08-04 09:00:00,4054.795,4055.205,4045.815,4049.665,60,551
2026-08-04 10:00:00,4049.765,4060.545,4045.385,4053.615,60,545
2026-08-04 11:00:00,4053.635,4084.115,4052.175,4074.815,60,542
2026-08-04 12:00:00,4074.975,4084.265,4060.715,4070.685,60,549
2026-08-04 13:00:00,4070.815,4094.055,4060.945,4083.685,60,569
2026-08-04 14:00:00,4083.745,4091.755,4074.215,4083.365,60,729
2026-08-04 15:00:00,4083.485,4088.675,4074.465,4087.155,60,555
2026-08-04 16:00:00,4087.235,4093.455,4082.855,4093.195,60,540
2026-08-04 17:00:00,4093.105,4106.402,4085.945,4085.945,60,560
2026-08-04 18:00:00,4085.925,4088.925,4075.065,4079.655,60,552
2026-08-04 19:00:00,4079.745,4084.635,4076.055,4078.315,60,535
2026-08-04 20:00:00,4078.315,4080.095,4074.405,4077.495,60,599
2026-08-04 22:00:00,4075.655,4085.715,4074.895,4075.265,60,1458
2026-08-04 23:00:00,4075.515,4076.675,4065.065,4072.215,60,1169
2026-08-05 00:00:00,4072.325,4083.315,4070.215,4082.155,60,738
2026-08-05 01:00:00,4082.185,4102.305,4077.235,4101.085,60,778
2026-08-05 02:00:00,4101.185,4135.085,4095.175,4128.905,60,733
2026-08-05 03:00:00,4128.855,4136.225,4126.515,4127.985,60,762
2026-08-05 04:00:00,4127.955,4141.165,4127.955,4135.265,60,753
2026-08-05 05:00:00,4135.155,4172.645,4134.385,4161.15,60,762
2026-08-05 06:00:00,4161.072,4178.215,4159.995,4177.425,60,732
2026-08-05 07:00:00,4177.665,4179.345,4162.105,4170.685,60,658
2026-08-05 08:00:00,4170.645,4172.425,4158.885,4160.385,60,598
2026-08-05 09:00:00,4160.535,4167.065,4152.925,4157.845,60,557
2026-08-05 10:00:00,4157.875,4161.465,4150.145,4161.335,60,483
2026-08-05 11:00:00,4161.345,4192.375,4160.715,4188.495,60,605
2026-08-05 12:00:00,4188.495,4213.265,4182.905,4183.695,60,677
2026-08-05 13:00:00,4183.695,4206.405,4183.555,4205.565,60,615
2026-08-05 14:00:00,4203.995,4247.355,4203.115,4243.945,60,742
2026-08-05 15:00:00,4243.945,4264.915,4231.975,4232.515,60,629
2026-08-05 16:00:00,4232.555,4247.175,4224.515,4242.015,60,605
2026-08-05 17:00:00,4242.235,4252.205,4236.615,4249.885,60,611
2026-08-05 18:00:00,4249.535,4267.715,4248.775,4260.665,60,613
2026-08-05 19:00:00,4260.785,4262.055,4245.955,4246.705,60,584
2026-08-05 20:00:00,4246.655,4249.405,4242.825,4246.805,60,634
2026-08-05 22:00:00,4247.545,4253.795,4245.345,4249.035,60,1384
2026-08-05 23:00:00,4249.075,4281.795,4248.195,4277.985,60,1610
2026-08-06 00:00:00,4277.985,4300.005,4264.185,4294.505,60,774
2026-08-06 01:00:00,4294.385,4302.515,4272.465,4286.055,60,779
2026-08-06 02:00:00,4286.235,4303.745,4274.755,4278.245,60,758
2026-08-06 03:00:00,4278.305,4280.725,4260.015,4265.345,60,773
2026-08-06 04:00:00,4265.155,4267.065,4252.355,4261.795,60,795
2026-08-06 05:00:00,4261.525,4268.245,4246.925,4266.805,60,792
2026-08-06 06:00:00,4266.935,4268.365,4248.975,4255.875,60,643
2026-08-06 07:00:00,4255.815,4265.215,4252.555,4262.525,60,644
2026-08-06 08:00:00,4262.635,4278.705,4260.015,4278.065,60,525
2026-08-06 09:00:00,4278.055,4284.555,4270.975,4272.735,60,524
2026-08-06 10:00:00,4272.735,4273.295,4264.245,4270.635,60,561
2026-08-06 11:00:00,4270.645,4273.305,4253.905,4263.205,60,563
2026-08-06 12:00:00,4263.205,4270.565,4248.655,4249.945,60,754
2026-08-06 13:00:00,4249.915,4273.965,4230.085,4266.865,60,572
2026-08-06 14:00:00,4266.905,4275.165,4259.925,4272.775,60,546
2026-08-06 15:00:00,4272.875,4274.195,4229.345,4233.555,60,542
2026-08-06 16:00:00,4233.605,4242.905,4223.225,4241.205,60,534
2026-08-06 17:00:00,4241.255,4248.005,4238.235,4246.925,60,527
2026-08-06 18:00:00,4247.205,4249.485,4240.515,4243.235,60,534
2026-08-06 19:00:00,4243.345,4251.195,4232.745,4248.645,60,531
2026-08-06 20:00:00,4248.645,4249.885,4234.495,4239.485,60,596
2026-08-06 22:00:00,4237.015,4243.405,4235.475,4240.195,60,1595
2026-08-06 23:00:00,4239.915,4252.945,4239.735,4251.925,60,1162
2026-08-07 00:00:00,4252.015,4252.355,4229.385,4232.365,60,753
2026-08-07 01:00:00,4232.545,4259.145,4231.575,4256.455,60,786
2026-08-07 02:00:00,4256.595,4261.585,4246.855,4250.295,60,777
2026-08-07 03:00:00,4250.115,4266.055,4249.275,4265.815,60,768
2026-08-07 04:00:00,4265.965,4268.905,4260.425,4264.715,60,757
2026-08-07 05:00:00,4264.595,4280.355,4261.545,4278.465,60,750
2026-08-07 06:00:00,4278.555,4298.575,4278.075,4296.975,60,636
2026-08-07 07:00:00,4297.035,4297.745,4282.735,4289.915,60,638
2026-08-07 08:00:00,4289.935,4316.575,4288.835,4305.895,60,541
2026-08-07 09:00:00,4306.005,4320.585,4302.145,4315.855,60,524
2026-08-07 10:00:00,4315.845,4320.535,4307.835,4316.645,60,580
2026-08-07 11:00:00,4316.745,4327.645,4316.625,4320.995,60,581
2026-08-07 12:00:00,4320.965,4371.695,4300.825,4361.245,60,1598
2026-08-07 13:00:00,4361.245,4367.715,4338.865,4348.035,60,720
2026-08-07 14:00:00,4348.125,4352.675,4327.125,4341.305,60,573
2026-08-07 15:00:00,4341.315,4358.285,4339.555,4340.785,60,546
2026-08-07 16:00:00,4340.795,4349.465,4328.915,4328.915,60,549
2026-08-07 17:00:00,4328.985,4343.045,4327.535,4340.055,60,561
2026-08-07 18:00:00,4340.035,4342.775,4331.925,4335.245,60,564
2026-08-07 19:00:00,4335.075,4350.115,4335.075,4343.855,60,560
2026-08-07 20:00:00,4343.975,4345.165,4335.745,4340.395,60,576
2026-08-09 22:00:00,4342.785,4351.885,4332.015,4340.075,60,5411
2026-08-09 23:00:00,4339.935,4347.635,4331.995,4332.465,60,2785
2026-08-10 00:00:00,4332.385,4346.915,4330.255,4331.955,60,1054
2026-08-10 01:00:00,4331.745,4340.615,4312.935,4322.055,60,1051
2026-08-10 02:00:00,4322.055,4332.155,4318.215,4319.405,60,1027
2026-08-10 03:00:00,4319.535,4329.385,4317.415,4326.375,60,838
2026-08-10 04:00:00,4326.525,4339.435,4322.625,4339.115,60,823
2026-08-10 05:00:00,4339.085,4351.815,4331.265,4347.035,60,768
2026-08-10 06:00:00,4347.215,4359.595,4341.755,4357.835,60,655
2026-08-10 07:00:00,4357.835,4361.885,4349.955,4355.085,60,924
2026-08-10 08:00:00,4355.105,4356.375,4343.455,4346.295,60,590
2026-08-10 09:00:00,4346.405,4349.755,4340.055,4340.905,60,592
2026-08-10 10:00:00,4340.785,4344.055,4335.265,4335.535,60,605
2026-08-10 11:00:00,4335.565,4339.245,4328.655,4334.805,60,591
2026-08-10 12:00:00,4334.685,4337.395,4323.915,4332.195,60,630
2026-08-10 13:00:00,4332.305,4339.675,4316.305,4317.745,60,618
2026-08-10 14:00:00,4317.805,4351.435,4317.745,4345.185,60,617
2026-08-10 15:00:00,4345.365,4359.335,4343.095,4358.175,60,636
2026-08-10 16:00:00,4358.205,4364.495,4348.865,4356.605,60,608
2026-08-10 17:00:00,4356.825,4365.195,4351.385,4360.065,60,608
2026-08-10 18:00:00,4359.945,4382.705,4359.535,4378.145,60,614
2026-08-10 19:00:00,4378.165,4394.825,4378.165,4388.015,60,641
2026-08-10 20:00:00,4388.085,4392.035,4385.555,4388.425,60,838
2026-08-10 22:00:00,4385.505,4400.665,4385.505,4397.805,60,1860
2026-08-10 23:00:00,4397.645,4402.617,4393.565,4402.055,60,3068
2026-08-11 00:00:00,4402.185,4418.915,4395.955,4408.975,60,791
2026-08-11 01:00:00,4409.115,4433.885,4393.445,4429.235,60,805
2026-08-11 02:00:00,4429.195,4434.965,4407.525,4410.445,60,722
2026-08-11 03:00:00,4410.565,4421.365,4409.635,4416.555,60,786
2026-08-11 04:00:00,4416.425,4420.135,4403.085,4408.535,60,723
2026-08-11 05:00:00,4408.425,4408.865,4367.075,4375.245,60,786
2026-08-11 06:00:00,4375.275,4382.205,4359.255,4365.825,60,781
2026-08-11 07:00:00,4365.815,4367.515,4356.325,4357.405,60,821
2026-08-11 08:00:00,4357.335,4376.585,4356.735,4369.035,60,549
2026-08-11 09:00:00,4369.035,4375.355,4367.395,4372.225,60,539
2026-08-11 10:00:00,4372.375,4382.335,4370.995,4382.125,60,531
2026-08-11 11:00:00,4382.255,4392.825,4380.345,4387.575,60,558
2026-08-11 12:00:00,4387.555,4400.055,4383.625,4392.265,60,540
2026-08-11 13:00:00,4392.385,4403.945,4384.245,4388.965,60,571
2026-08-11 14:00:00,4388.965,4397.865,4380.965,4393.935,60,728
2026-08-11 15:00:00,4394.035,4398.665,4368.855,4383.655,60,554
2026-08-11 16:00:00,4383.665,4385.625,4378.245,4383.155,60,540
2026-08-11 17:00:00,4383.265,4385.665,4368.685,4369.065,60,539
2026-08-11 18:00:00,4369.165,4372.525,4360.095,4371.325,60,549
2026-08-11 19:00:00,4371.285,4374.085,4361.155,4370.705,60,542
2026-08-11 20:00:00,4370.595,4370.955,4365.425,4368.655,60,596
2026-08-11 22:00:00,4369.565,4378.145,4366.765,4367.975,60,1276
2026-08-11 23:00:00,4368.445,4374.235,4361.495,4371.165,60,2883
2026-08-12 00:00:00,4371.255,4383.265,4366.065,4380.285,60,786
2026-08-12 01:00:00,4380.555,4397.225,4377.905,4396.065,60,782
2026-08-12 02:00:00,4396.275,4414.225,4393.725,4410.905,60,771
2026-08-12 03:00:00,4410.755,4415.445,4400.375,4401.845,60,837
2026-08-12 04:00:00,4401.805,4402.965,4395.025,4400.755,60,779
2026-08-12 05:00:00,4400.895,4404.785,4383.635,4390.805,60,831
2026-08-12 06:00:00,4390.725,4406.135,4384.825,4403.045,60,809
2026-08-12 07:00:00,4402.935,4409.875,4397.985,4406.035,60,830
2026-08-12 08:00:00,4406.065,4410.285,4401.535,4401.665,60,566
2026-08-12 09:00:00,4401.805,4423.985,4401.685,4415.525,60,595
2026-08-12 10:00:00,4415.665,4420.825,4406.805,4412.545,60,567
2026-08-12 11:00:00,4412.615,4416.615,4407.725,4412.655,60,568
2026-08-12 12:00:00,4412.525,4438.105,4381.295,4437.285,60,949
2026-08-12 13:00:00,4437.105,4441.245,4408.245,4427.255,60,775
2026-08-12 14:00:00,4427.605,4439.495,4416.195,4421.875,60,727
2026-08-12 15:00:00,4421.855,4429.795,4410.745,4420.895,60,575
2026-08-12 16:00:00,4420.935,4426.445,4396.295,4401.355,60,604
2026-08-12 17:00:00,4401.355,4411.275,4398.815,4399.245,60,605
2026-08-12 18:00:00,4398.965,4417.795,4395.975,4412.765,60,615
2026-08-12 19:00:00,4412.865,4418.285,4408.085,4413.765,60,581
2026-08-12 20:00:00,4413.735,4414.115,4406.365,4407.875,60,603
2026-08-12 22:00:00,4408.145,4410.515,4398.065,4401.055,60,1467
2026-08-12 23:00:00,4400.455,4414.545,4400.455,4414.105,60,2707
2026-08-13 00:00:00,4413.995,4449.455,4412.625,4427.005,60,775
2026-08-13 01:00:00,4427.525,4435.135,4405.795,4408.145,60,1056
2026-08-13 02:00:00,4408.045,4413.935,4398.545,4406.725,60,737
2026-08-13 03:00:00,4406.715,4412.025,4398.445,4400.095,60,749
2026-08-13 04:00:00,4399.945,4400.155,4391.375,4397.475,60,742
2026-08-13 05:00:00,4397.475,4407.125,4380.325,4382.905,60,745
2026-08-13 06:00:00,4382.885,4385.365,4368.695,4380.735,60,651
2026-08-13 07:00:00,4380.425,4381.655,4369.155,4369.795,60,628
2026-08-13 08:00:00,4369.635,4379.085,4363.905,4375.735,60,558
2026-08-13 09:00:00,4375.805,4384.715,4372.375,4384.445,60,564
2026-08-13 10:00:00,4384.575,4393.685,4381.185,4391.955,60,525
2026-08-13 11:00:00,4391.865,4396.475,4382.715,4387.435,60,523
2026-08-13 12:00:00,4387.555,4401.765,4380.575,4401.615,60,956
2026-08-13 13:00:00,4401.555,4401.965,4370.585,4372.735,60,604
2026-08-13 14:00:00,4372.785,4387.005,4352.755,4383.485,60,621
2026-08-13 15:00:00,4383.685,4385.505,4356.995,4364.825,60,606
2026-08-13 16:00:00,4364.895,4368.305,4350.925,4366.755,60,674
2026-08-13 17:00:00,4366.855,4373.145,4355.415,4355.695,60,680
2026-08-13 18:00:00,4355.725,4363.365,4354.395,4356.715,60,693
2026-08-13 19:00:00,4356.835,4358.775,4343.365,4349.925,60,700
2026-08-13 20:00:00,4349.915,4351.975,4346.715,4349.255,60,831
2026-08-13 22:00:00,4351.215,4362.575,4350.145,4353.645,60,1182
2026-08-13 23:00:00,4354.065,4364.005,4348.065,4356.035,60,2800
2026-08-14 00:00:00,4355.855,4361.785,4328.915,4340.825,60,838
2026-08-14 01:00:00,4340.755,4341.235,4312.015,4317.885,60,839
2026-08-14 02:00:00,4317.995,4322.835,4310.375,4315.045,60,801
2026-08-14 03:00:00,4315.525,4328.085,4313.415,4323.315,60,783
2026-08-14 04:00:00,4323.345,4327.785,4322.425,4326.765,60,766
2026-08-14 05:00:00,4326.905,4333.415,4310.895,4333.395,60,756
2026-08-14 06:00:00,4333.375,4336.505,4327.765,4335.445,60,632
2026-08-14 07:00:00,4335.245,4345.065,4329.505,4343.495,60,658
2026-08-14 08:00:00,4343.555,4349.565,4341.715,4348.475,60,530
2026-08-14 09:00:00,4348.335,4357.365,4345.915,4356.985,60,543
2026-08-14 10:00:00,4357.155,4358.515,4347.725,4349.155,60,526
2026-08-14 11:00:00,4349.405,4369.235,4348.315,4369.035,60,547
2026-08-14 12:00:00,4369.035,4386.665,4365.635,4373.505,60,793
2026-08-14 13:00:00,4373.535,4396.765,4370.095,4384.435,60,561
2026-08-14 14:00:00,4384.205,4394.385,4378.685,4381.165,60,639
2026-08-14 15:00:00,4381.185,4394.735,4378.665,4391.515,60,593
2026-08-14 16:00:00,4391.495,4396.465,4380.005,4385.615,60,592
2026-08-14 17:00:00,4385.705,4386.385,4376.015,4378.115,60,594
2026-08-14 18:00:00,4378.125,4382.625,4370.615,4373.315,60,591
2026-08-14 19:00:00,4373.315,4379.845,4371.705,4375.875,60,592
2026-08-14 20:00:00,4375.785,4376.275,4371.195,4374.205,60,662
2026-08-16 22:00:00,4375.815,4385.395,4370.705,4384.605,60,1488
2026-08-16 23:00:00,4384.605,4384.795,4366.865,4370.125,60,2736
2026-08-17 00:00:00,4370.255,4401.925,4367.575,4400.525,60,798
2026-08-17 01:00:00,4400.665,4416.235,4391.885,4395.305,60,759
2026-08-17 02:00:00,4395.395,4398.095,4388.055,4392.895,60,717
2026-08-17 03:00:00,4393.015,4397.625,4387.765,4396.625,60,730
2026-08-17 04:00:00,4396.715,4399.325,4388.575,4390.475,60,739
2026-08-17 05:00:00,4390.325,4401.075,4386.765,4394.415,60,758
2026-08-17 06:00:00,4394.655,4404.465,4392.425,4402.925,60,652
2026-08-17 07:00:00,4402.755,4411.245,4395.835,4405.025,60,669
2026-08-17 08:00:00,4404.465,4404.465,4392.285,4394.845,60,533
2026-08-17 09:00:00,4394.945,4400.365,4392.405,4395.355,60,531
2026-08-17 10:00:00,4395.445,4405.645,4391.695,4398.765,60,627
2026-08-17 11:00:00,4398.955,4404.725,4395.335,4396.565,60,546
2026-08-17 12:00:00,4396.465,4398.635,4376.785,4384.625,60,734
2026-08-17 13:00:00,4384.745,4415.815,4381.695,4408.285,60,649
2026-08-17 14:00:00,4408.285,4427.265,4403.485,4417.075,60,670
2026-08-17 15:00:00,4417.245,4427.635,4414.995,4427.425,60,602
2026-08-17 16:00:00,4427.335,4428.675,4422.355,4423.955,60,588
2026-08-17 17:00:00,4423.885,4425.925,4410.925,4413.285,60,603
2026-08-17 18:00:00,4413.325,4415.795,4397.845,4406.425,60,607
2026-08-17 19:00:00,4406.255,4420.955,4399.915,4419.715,60,620
2026-08-17 20:00:00,4419.575,4421.255,4414.135,4414.575,60,596
2026-08-17 22:00:00,4417.275,4418.755,4409.995,4410.885,60,1155
2026-08-17 23:00:00,4411.015,4425.705,4408.925,4425.605,60,1539
2026-08-18 00:00:00,4425.495,4434.785,4418.545,4434.325,60,759
2026-08-18 01:00:00,4434.105,4435.905,4403.885,4407.715,60,794
2026-08-18 02:00:00,4407.575,4407.765,4393.675,4399.665,60,747
2026-08-18 03:00:00,4399.545,4403.985,4390.235,4391.565,60,788
2026-08-18 04:00:00,4391.475,4395.325,4388.585,4393.355,60,719
2026-08-18 05:00:00,4393.335,4397.425,4385.645,4394.015,60,758
2026-08-18 06:00:00,4394.095,4399.985,4387.445,4398.615,60,641
2026-08-18 07:00:00,4398.505,4403.545,4395.205,4395.475,60,651
2026-08-18 08:00:00,4395.635,4398.435,4386.725,4393.135,60,533
2026-08-18 09:00:00,4392.925,4394.755,4386.765,4393.125,60,566
2026-08-18 10:00:00,4393.165,4399.355,4389.585,4397.425,60,538
2026-08-18 11:00:00,4397.625,4398.945,4388.395,4395.835,60,536
2026-08-18 12:00:00,4396.105,4400.575,4389.355,4393.955,60,567
2026-08-18 13:00:00,4393.835,4406.295,4374.845,4394.315,60,579
2026-08-18 14:00:00,4394.415,4406.325,4363.365,4366.295,60,604
2026-08-18 15:00:00,4366.515,4377.395,4351.415,4364.695,60,614
2026-08-18 16:00:00,4364.585,4371.505,4362.865,4363.675,60,612
2026-08-18 17:00:00,4363.515,4368.255,4356.525,4357.515,60,607
2026-08-18 18:00:00,4357.645,4360.845,4352.575,4354.095,60,537
2026-08-18 19:00:00,4354.125,4358.515,4338.205,4345.415,60,553
2026-08-18 20:00:00,4345.455,4346.275,4329.295,4330.135,60,652
2026-08-18 22:00:00,4332.745,4342.53,4332.015,4332.765,60,4762
2026-08-18 23:00:00,4333.035,4337.285,4326.735,4332.785,60,2743
2026-08-19 00:00:00,4332.925,4346.975,4331.195,4337.555,60,790
2026-08-19 01:00:00,4337.185,4357.415,4323.925,4356.315,60,800
2026-08-19 02:00:00,4356.415,4361.845,4351.045,4354.845,60,453
2026-08-19 03:00:00,4354.825,4360.205,4351.735,4354.765,60,762
2026-08-19 04:00:00,4354.965,4356.035,4343.625,4348.325,60,476
2026-08-19 05:00:00,4348.325,4350.565,4334.975,4335.465,60,745
2026-08-19 06:00:00,4335.455,4349.185,4335.235,4348.905,60,499
2026-08-19 07:00:00,4348.615,4363.115,4347.295,4354.735,60,650
2026-08-19 08:00:00,4354.635,4362.875,4350.985,4355.385,60,565
2026-08-19 09:00:00,4355.275,4361.725,4353.165,4361.635,60,605
2026-08-19 10:00:00,4361.895,4369.305,4359.435,4367.045,60,592
2026-08-19 11:00:00,4367.225,4373.965,4362.965,4364.325,60,628
2026-08-19 12:00:00,4364.345,4442.197,4361.805,4438.515,60,628
2026-08-19 13:00:00,4438.515,4465.925,4423.825,4459.285,60,697
2026-08-19 14:00:00,4459.385,4498.235,4454.895,4487.975,60,670
2026-08-19 15:00:00,4487.995,4494.135,4477.895,4493.625,60,625
2026-08-19 16:00:00,4493.625,4499.125,4490.415,4493.025,60,632
2026-08-19 17:00:00,4493.525,4498.975,4484.105,4486.605,60,632
2026-08-19 18:00:00,4486.605,4496.585,4471.755,4494.875,60,663
2026-08-19 19:00:00,4494.955,4512.075,4494.235,4511.075,60,635
2026-08-19 20:00:00,4510.995,4524.135,4504.795,4522.295,60,683
2026-08-19 22:00:00,4522.135,4527.475,4515.195,4517.545,60,1257
2026-08-19 23:00:00,4517.635,4522.515,4510.695,4511.055,60,2694
2026-08-20 00:00:00,4510.895,4520.925,4503.235,4504.215,60,813
2026-08-20 01:00:00,4504.395,4509.785,4484.055,4489.225,60,811
2026-08-20 02:00:00,4489.265,4499.565,4488.025,4490.425,60,780
2026-08-20 03:00:00,4490.275,4500.535,4487.645,4498.405,60,788
2026-08-20 04:00:00,4498.465,4498.815,4485.895,4488.415,60,767
2026-08-20 05:00:00,4488.315,4493.745,4477.515,4481.265,60,761
2026-08-20 06:00:00,4481.205,4495.705,4479.775,4493.525,60,653
2026-08-20 07:00:00,4493.295,4494.125,4483.315,4490.805,60,647
2026-08-20 08:00:00,4490.925,4498.575,4486.935,4489.165,60,534
2026-08-20 09:00:00,4489.205,4494.065,4481.685,4482.485,60,549
2026-08-20 10:00:00,4482.445,4494.805,4480.575,4489.925,60,538
2026-08-20 11:00:00,4489.975,4491.125,4465.295,4466.865,60,533
2026-08-20 12:00:00,4467.065,4476.875,4450.365,4474.605,60,737
2026-08-20 13:00:00,4474.695,4489.175,4469.135,4481.555,60,582
2026-08-20 14:00:00,4481.475,4516.075,4480.445,4515.735,60,559
2026-08-20 15:00:00,4515.845,4540.795,4508.455,4521.435,60,629
2026-08-20 16:00:00,4521.465,4524.615,4502.565,4509.805,60,620
2026-08-20 17:00:00,4510.005,4520.335,4507.565,4519.775,60,571
2026-08-20 18:00:00,4519.895,4525.125,4508.105,4521.855,60,537
2026-08-20 19:00:00,4521.805,4531.885,4517.955,4528.405,60,555
2026-08-20 20:00:00,4528.305,4528.925,4514.005,4514.005,60,602
2026-08-20 22:00:00,4517.695,4524.365,4515.765,4523.705,60,1138
2026-08-20 23:00:00,4523.605,4532.645,4520.565,4526.195,60,1160
2026-08-21 00:00:00,4526.065,4527.455,4509.505,4510.045,60,753
2026-08-21 01:00:00,4510.145,4543.515,4508.545,4530.545,60,808
2026-08-21 02:00:00,4530.415,4542.675,4517.775,4533.365,60,741
2026-08-21 03:00:00,4533.285,4538.185,4526.435,4535.165,60,763
2026-08-21 04:00:00,4535.395,4547.875,4535.125,4540.305,60,729
2026-08-21 05:00:00,4540.345,4556.035,4529.045,4553.335,60,758
2026-08-21 06:00:00,4553.335,4567.475,4545.335,4560.725,60,648
2026-08-21 07:00:00,4560.555,4568.025,4558.215,4564.305,60,639
2026-08-21 08:00:00,4564.425,4584.825,4559.045,4583.975,60,525
2026-08-21 09:00:00,4584.045,4601.875,4580.175,4582.535,60,547
2026-08-21 10:00:00,4582.535,4594.055,4577.785,4588.255,60,565
2026-08-21 11:00:00,4588.345,4604.575,4586.985,4596.835,60,573
2026-08-21 12:00:00,4596.975,4601.415,4563.255,4577.755,60,558
2026-08-21 13:00:00,4577.715,4592.835,4573.235,4580.745,60,581
2026-08-21 14:00:00,4580.755,4603.535,4579.615,4591.315,60,556
2026-08-21 15:00:00,4591.415,4615.135,4587.035,4614.435,60,669
2026-08-21 16:00:00,4614.485,4629.155,4608.885,4628.495,60,648
2026-08-21 17:00:00,4628.665,4631.935,4614.845,4620.395,60,653
2026-08-21 18:00:00,4620.505,4627.565,4619.205,4624.145,60,657
2026-08-21 19:00:00,4624.275,4625.465,4614.855,4616.675,60,656
2026-08-21 20:00:00,4616.705,4617.355,4601.745,4602.055,60,1114
2026-08-23 22:00:00,4617.275,4623.785,4604.425,4604.555,60,1474
2026-08-23 23:00:00,4604.555,4624.335,4603.275,4623.755,60,2835
2026-08-24 00:00:00,4623.615,4640.505,4594.005,4621.575,60,842
2026-08-24 01:00:00,4621.585,4637.525,4607.595,4631.845,60,839
2026-08-24 02:00:00,4631.845,4656.765,4627.215,4643.325,60,917
2026-08-24 03:00:00,4643.315,4649.915,4633.145,4641.225,60,909
2026-08-24 04:00:00,4641.455,4642.425,4632.215,4638.565,60,790
2026-08-24 05:00:00,4638.705,4646.145,4629.545,4640.505,60,836
2026-08-24 06:00:00,4640.505,4659.655,4638.845,4649.565,60,777
2026-08-24 07:00:00,4649.255,4654.305,4629.945,4641.405,60,801
2026-08-24 08:00:00,4641.735,4645.975,4628.615,4637.735,60,613
2026-08-24 09:00:00,4637.725,4645.955,4632.585,4645.665,60,570
2026-08-24 10:00:00,4645.805,4650.015,4641.545,4643.105,60,576
2026-08-24 11:00:00,4643.095,4670.035,4638.905,4657.655,60,582
2026-08-24 12:00:00,4657.395,4668.485,4645.085,4662.465,60,572
2026-08-24 13:00:00,4662.625,4680.655,4655.915,4664.565,60,655
2026-08-24 14:00:00,4664.445,4678.435,4655.075,4670.125,60,826
2026-08-24 15:00:00,4670.245,4679.535,4639.505,4648.895,60,835
2026-08-24 16:00:00,4648.885,4661.855,4641.775,4644.565,60,836
2026-08-24 17:00:00,4644.575,4655.185,4629.845,4636.355,60,837
2026-08-24 18:00:00,4636.215,4641.865,4624.875,4636.255,60,817
2026-08-24 19:00:00,4636.035,4655.675,4635.655,4651.465,60,800
2026-08-24 20:00:00,4651.455,4654.805,4646.755,4651.415,60,806
2026-08-24 22:00:00,4650.385,4667.365,4649.635,4666.555,60,1346
2026-08-24 23:00:00,4666.945,4682.795,4665.815,4679.545,60,2907
2026-08-25 00:00:00,4679.875,4696.635,4674.925,4684.215,60,838
2026-08-25 01:00:00,4683.915,4686.645,4656.375,4657.885,60,860
2026-08-25 02:00:00,4657.785,4661.275,4616.815,4629.275,60,973
2026-08-25 03:00:00,4629.235,4641.045,4622.215,4633.485,60,926
2026-08-25 04:00:00,4633.585,4637.515,4623.515,4625.665,60,801
2026-08-25 05:00:00,4625.565,4647.585,4623.735,4642.795,60,836
2026-08-25 06:00:00,4642.735,4653.095,4636.545,4637.795,60,797
2026-08-25 07:00:00,4637.935,4643.575,4629.545,4630.045,60,773
2026-08-25 08:00:00,4629.945,4645.255,4619.925,4630.185,60,583
2026-08-25 09:00:00,4630.165,4642.315,4624.025,4636.215,60,582
2026-08-25 10:00:00,4636.305,4642.125,4632.675,4639.045,60,620
2026-08-25 11:00:00,4639.045,4647.205,4636.195,4642.185,60,602
2026-08-25 12:00:00,4642.415,4643.975,4629.915,4640.645,60,607
2026-08-25 13:00:00,4640.555,4640.865,4604.815,4615.955,60,725
2026-08-25 14:00:00,4615.845,4639.875,4612.425,4635.435,60,852
2026-08-25 15:00:00,4635.755,4659.145,4629.285,4652.555,60,568
2026-08-25 16:00:00,4652.715,4653.325,4636.705,4643.365,60,465
2026-08-25 17:00:00,4643.365,4648.315,4633.935,4648.245,60,550
2026-08-25 18:00:00,4648.165,4654.925,4644.025,4654.485,60,530
2026-08-25 19:00:00,4654.385,4667.835,4653.185,4666.565,60,644
2026-08-25 20:00:00,4666.545,4668.805,4656.625,4656.625,60,650
2026-08-25 22:00:00,4655.725,4673.565,4655.215,4671.225,60,1263
2026-08-25 23:00:00,4671.135,4672.145,4652.765,4654.625,60,2763
2026-08-26 00:00:00,4654.585,4657.535,4634.135,4637.285,60,788
2026-08-26 01:00:00,4637.185,4660.705,4629.235,4656.765,60,789
2026-08-26 02:00:00,4656.875,4670.585,4654.605,4658.075,60,757
2026-08-26 03:00:00,4658.125,4658.555,4642.185,4642.375,60,768
2026-08-26 04:00:00,4642.495,4643.965,4638.495,4640.435,60,761
2026-08-26 05:00:00,4640.315,4649.295,4635.085,4639.295,60,748
2026-08-26 06:00:00,4639.435,4641.245,4624.225,4634.045,60,642
2026-08-26 07:00:00,4633.905,4639.135,4626.255,4628.825,60,651
2026-08-26 08:00:00,4628.735,4630.615,4622.005,4628.145,60,551
2026-08-26 09:00:00,4628.395,4630.845,4616.015,4622.995,60,531
2026-08-26 10:00:00,4622.865,4624.105,4613.195,4620.025,60,550
2026-08-26 11:00:00,4620.095,4625.005,4616.285,4624.415,60,544
2026-08-26 12:00:00,4624.435,4632.665,4610.705,4614.405,60,754
2026-08-26 13:00:00,4614.215,4631.685,4597.865,4631.395,60,625
2026-08-26 14:00:00,4631.515,4633.265,4602.535,4602.665,60,635
2026-08-26 15:00:00,4602.965,4608.995,4582.785,4595.825,60,608
2026-08-26 16:00:00,4595.815,4601.345,4585.365,4591.445,60,595
2026-08-26 17:00:00,4591.445,4602.115,4590.395,4597.555,60,600
2026-08-26 18:00:00,4597.585,4604.355,4592.245,4593.635,60,618
2026-08-26 19:00:00,4593.965,4601.525,4590.885,4594.305,60,592
2026-08-26 20:00:00,4594.245,4596.445,4583.955,4589.965,60,611
2026-08-26 22:00:00,4594.365,4613.065,4593.945,4608.585,60,1217
2026-08-26 23:00:00,4608.385,4624.775,4606.275,4623.205,60,1509
2026-08-27 00:00:00,4623.075,4626.785,4600.165,4605.015,60,807
2026-08-27 01:00:00,4604.525,4640.635,4602.005,4639.665,60,838
2026-08-27 02:00:00,4640.045,4642.535,4623.025,4629.195,60,824
2026-08-27 03:00:00,4629.135,4638.365,4623.875,4625.075,60,838
2026-08-27 04:00:00,4625.195,4627.105,4616.675,4618.405,60,826
2026-08-27 05:00:00,4618.305,4621.365,4600.675,4606.615,60,837
2026-08-27 06:00:00,4606.635,4611.485,4597.715,4600.065,60,810
2026-08-27 07:00:00,4600.035,4605.635,4593.285,4600.025,60,837
2026-08-27 08:00:00,4600.005,4606.685,4594.465,4598.925,60,570
2026-08-27 09:00:00,4598.835,4600.525,4578.405,4580.215,60,569
2026-08-27 10:00:00,4580.325,4590.375,4568.885,4589.855,60,570
2026-08-27 11:00:00,4589.805,4600.175,4587.105,4598.075,60,569
2026-08-27 12:00:00,4598.195,4600.865,4580.075,4585.625,60,869
2026-08-27 13:00:00,4585.765,4593.085,4564.225,4572.205,60,689
2026-08-27 14:00:00,4572.345,4597.935,4568.285,4591.045,60,671
2026-08-27 15:00:00,4590.895,4611.205,4588.555,4610.295,60,554
2026-08-27 16:00:00,4610.285,4616.345,4602.035,4614.545,60,642
2026-08-27 17:00:00,4615.145,4616.245,4604.865,4606.185,60,651
2026-08-27 18:00:00,4606.075,4610.995,4600.655,4610.115,60,662
2026-08-27 19:00:00,4609.955,4617.935,4603.795,4609.095,60,650
2026-08-27 20:00:00,4608.885,4609.615,4599.785,4600.155,60,635
2026-08-27 22:00:00,4601.815,4610.305,4599.625,4609.115,60,1374
2026-08-27 23:00:00,4608.985,4609.685,4593.485,4594.135,60,2906
2026-08-28 00:00:00,4594.255,4602.405,4585.345,4588.375,60,783
2026-08-28 01:00:00,4588.535,4602.135,4575.035,4575.605,60,786
2026-08-28 02:00:00,4575.715,4589.375,4574.635,4586.025,60,732
2026-08-28 03:00:00,4586.085,4590.015,4578.305,4579.495,60,767
2026-08-28 04:00:00,4579.425,4585.245,4577.495,4584.085,60,718
2026-08-28 05:00:00,4584.245,4586.045,4571.085,4573.005,60,770
2026-08-28 06:00:00,4573.115,4612.955,4572.145,4612.435,60,635
2026-08-28 07:00:00,4612.315,4614.195,4596.345,4611.595,60,649
2026-08-28 08:00:00,4611.305,4614.375,4600.735,4602.585,60,618
2026-08-28 09:00:00,4602.365,4607.315,4600.195,4604.915,60,591
2026-08-28 10:00:00,4605.075,4609.725,4597.295,4599.975,60,600
2026-08-28 11:00:00,4599.975,4601.125,4591.065,4593.165,60,589
2026-08-28 12:00:00,4593.165,4603.395,4588.865,4601.335,60,612
2026-08-28 13:00:00,4601.415,4627.085,4593.485,4604.275,60,620
2026-08-28 14:00:00,4602.275,4630.835,4529.465,4576.665,60,1711
2026-08-28 15:00:00,4576.465,4582.825,4523.835,4524.135,60,632
2026-08-28 16:00:00,4524.175,4529.255,4463.635,4479.025,60,871
2026-08-28 17:00:00,4479.185,4486.565,4459.955,4469.145,60,913
2026-08-28 18:00:00,4469.075,4471.375,4445.205,4456.665,60,742
2026-08-28 19:00:00,4456.605,4466.775,4452.435,4457.965,60,822
2026-08-28 20:00:00,4458.065,4462.505,4449.135,4450.065,60,806
2026-08-30 22:00:00,4431.405,4465.935,4431.405,4460.845,60,1642
2026-08-30 23:00:00,4460.655,4466.215,4435.395,4458.155,60,1426
2026-08-31 00:00:00,4458.295,4471.775,4451.765,4455.885,60,764
2026-08-31 01:00:00,4456.005,4462.955,4435.635,4439.705,60,802
2026-08-31 02:00:00,4439.755,4441.375,4396.145,4422.485,60,736
2026-08-31 03:00:00,4422.535,4433.655,4419.495,4422.495,60,758
2026-08-31 04:00:00,4422.355,4424.725,4412.615,4424.225,60,735
2026-08-31 05:00:00,4424.325,4443.525,4418.885,4442.535,60,773
2026-08-31 06:00:00,4442.695,4442.985,4429.075,4439.025,60,668
2026-08-31 07:00:00,4438.885,4448.095,4434.885,4443.045,60,623
2026-08-31 08:00:00,4442.955,4449.345,4433.635,4435.375,60,561
2026-08-31 09:00:00,4435.745,4445.335,4435.355,4445.335,60,538
2026-08-31 10:00:00,4445.215,4455.445,4444.625,4453.665,60,568
2026-08-31 11:00:00,4453.655,4463.855,4452.255,4455.095,60,541
2026-08-31 12:00:00,4455.205,4460.795,4435.165,4435.525,60,549
2026-08-31 13:00:00,4435.545,4448.145,4415.575,4418.245,60,572
2026-08-31 14:00:00,4418.475,4436.275,4415.925,4431.495,60,592
2026-08-31 15:00:00,4431.515,4437.615,4424.535,4426.035,60,545
2026-08-31 16:00:00,4426.035,4440.125,4423.575,4433.225,60,545
2026-08-31 17:00:00,4433.105,4439.955,4428.535,4436.415,60,538
2026-08-31 18:00:00,4436.465,4436.655,4426.135,4430.725,60,519
2026-08-31 19:00:00,4430.795,4453.565,4428.925,4453.305,60,549
2026-08-31 20:00:00,4453.195,4455.595,4444.845,4447.385,60,595
2026-08-31 22:00:00,4449.055,4455.555,4445.135,4446.435,60,1021
2026-08-31 23:00:00,4446.555,4452.185,4441.355,4451.865,60,1159
2026-09-01 00:00:00,4452.165,4461.275,4446.115,4453.265,60,762
2026-09-01 01:00:00,4453.425,4456.555,4436.085,4444.155,60,792
2026-09-01 02:00:00,4443.975,4448.895,4427.385,4442.835,60,795
2026-09-01 03:00:00,4442.595,4443.845,4431.465,4436.585,60,767
2026-09-01 04:00:00,4436.565,4437.695,4425.235,4426.365,60,757
2026-09-01 05:00:00,4426.255,4445.825,4423.495,4439.825,60,772
2026-09-01 06:00:00,4439.745,4440.415,4427.495,4429.375,60,641
2026-09-01 07:00:00,4429.265,4434.735,4411.815,4419.825,60,642
2026-09-01 08:00:00,4419.945,4419.945,4369.085,4370.625,60,549
2026-09-01 09:00:00,4370.515,4377.955,4364.405,4364.435,60,543
2026-09-01 10:00:00,4364.415,4385.625,4364.005,4377.885,60,582
2026-09-01 11:00:00,4378.005,4387.145,4371.745,4374.225,60,589
2026-09-01 12:00:00,4374.235,4375.895,4351.705,4356.025,60,610
2026-09-01 13:00:00,4355.995,4367.185,4325.975,4364.645,60,627
2026-09-01 14:00:00,4364.695,4375.355,4352.815,4360.115,60,774
2026-09-01 15:00:00,4360.375,4373.725,4354.935,4372.595,60,577
2026-09-01 16:00:00,4372.635,4374.465,4346.795,4351.175,60,591
2026-09-01 17:00:00,4351.335,4351.785,4340.725,4342.775,60,612
2026-09-01 18:00:00,4342.845,4344.405,4328.005,4331.545,60,592
2026-09-01 19:00:00,4331.555,4337.615,4322.525,4327.065,60,589
2026-09-01 20:00:00,4327.005,4330.545,4323.525,4327.425,60,621
2026-09-01 22:00:00,4327.585,4334.085,4325.775,4328.705,60,1368
2026-09-01 23:00:00,4328.625,4335.655,4322.735,4324.315,60,1466
2026-09-02 00:00:00,4324.195,4334.285,4314.325,4315.405,60,787
2026-09-02 01:00:00,4315.515,4326.645,4287.715,4290.485,60,792
2026-09-02 02:00:00,4290.765,4314.655,4286.925,4302.715,60,738
2026-09-02 03:00:00,4302.675,4304.205,4282.035,4302.915,60,803
2026-09-02 04:00:00,4303.135,4307.635,4301.065,4306.845,60,742
2026-09-02 05:00:00,4307.005,4326.485,4303.115,4319.735,60,796
2026-09-02 06:00:00,4319.755,4329.235,4314.375,4321.535,60,650
2026-09-02 07:00:00,4321.375,4331.175,4319.035,4322.905,60,667
2026-09-02 08:00:00,4323.045,4331.565,4312.325,4312.705,60,550
2026-09-02 09:00:00,4312.705,4322.225,4304.555,4308.395,60,578
2026-09-02 10:00:00,4308.555,4312.155,4301.395,4309.155,60,502
2026-09-02 11:00:00,4309.025,4332.845,4307.325,4330.525,60,529
2026-09-02 12:00:00,4332.195,4344.125,4327.145,4331.135,60,587
2026-09-02 13:00:00,4331.275,4385.285,4330.495,4384.945,60,630
2026-09-02 14:00:00,4384.845,4397.475,4374.025,4376.735,60,641
2026-09-02 15:00:00,4376.785,4380.585,4364.205,4372.895,60,583
2026-09-02 16:00:00,4372.665,4374.605,4364.165,4368.115,60,611
2026-09-02 17:00:00,4368.115,4380.495,4364.365,4376.785,60,593
2026-09-02 18:00:00,4376.735,4379.465,4368.985,4373.965,60,601
2026-09-02 19:00:00,4373.965,4391.155,4371.595,4390.805,60,616
2026-09-02 20:00:00,4390.725,4391.365,4383.675,4387.055,60,635
2026-09-02 22:00:00,4386.845,4392.785,4383.045,4384.025,60,1132
2026-09-02 23:00:00,4384.165,4388.625,4380.745,4385.455,60,1447
2026-09-03 00:00:00,4385.265,4397.465,4382.145,4395.175,60,784
2026-09-03 01:00:00,4395.175,4412.545,4386.865,4410.055,60,804
2026-09-03 02:00:00,4410.075,4420.485,4406.495,4420.095,60,725
2026-09-03 03:00:00,4420.265,4432.375,4419.105,4431.335,60,757
2026-09-03 04:00:00,4431.125,4438.655,4425.315,4437.145,60,721
2026-09-03 05:00:00,4437.005,4440.145,4422.415,4430.955,60,736
2026-09-03 06:00:00,4430.935,4436.135,4418.045,4420.455,60,634
2026-09-03 07:00:00,4420.385,4431.485,4418.665,4428.535,60,656
2026-09-03 08:00:00,4428.395,4443.465,4427.725,4434.775,60,583
2026-09-03 09:00:00,4434.855,4441.825,4425.335,4427.295,60,583
2026-09-03 10:00:00,4427.315,4429.785,4418.915,4427.075,60,565
2026-09-03 11:00:00,4426.935,4445.785,4424.715,4443.965,60,534
2026-09-03 12:00:00,4443.925,4495.035,4437.535,4493.405,60,742
2026-09-03 13:00:00,4493.395,4495.885,4456.355,4470.065,60,619
2026-09-03 14:00:00,4466.255,4485.205,4458.285,4485.155,60,940
2026-09-03 15:00:00,4485.145,4510.635,4484.015,4493.015,60,612
2026-09-03 16:00:00,4493.045,4495.465,4485.345,4486.115,60,605
2026-09-03 17:00:00,4486.205,4494.575,4482.985,4486.405,60,522
2026-09-03 18:00:00,4486.505,4489.635,4473.725,4475.075,60,594
2026-09-03 19:00:00,4474.845,4480.725,4472.395,4474.815,60,589
2026-09-03 20:00:00,4474.965,4475.365,4470.175,4473.275,60,557
2026-09-03 22:00:00,4472.615,4478.485,4471.095,4473.235,60,1614
2026-09-03 23:00:00,4473.235,4479.995,4471.235,4479.805,60,2786
2026-09-04 00:00:00,4479.895,4486.935,4472.415,4485.955,60,784
2026-09-04 01:00:00,4486.205,4487.015,4466.855,4478.515,60,747
2026-09-04 02:00:00,4478.365,4482.305,4469.895,4477.245,60,743
2026-09-04 03:00:00,4477.145,4478.635,4466.705,4466.785,60,757
2026-09-04 04:00:00,4466.735,4474.735,4465.145,4473.425,60,720
2026-09-04 05:00:00,4473.395,4477.365,4466.305,4471.935,60,738
2026-09-04 06:00:00,4471.965,4473.085,4459.925,4462.555,60,632
2026-09-04 07:00:00,4462.445,4490.625,4461.045,4483.235,60,703
2026-09-04 08:00:00,4483.125,4486.335,4474.245,4477.555,60,534
2026-09-04 09:00:00,4477.535,4479.065,4463.665,4465.375,60,538
2026-09-04 10:00:00,4465.225,4476.215,4465.225,4472.545,60,534
2026-09-04 11:00:00,4472.685,4473.105,4464.775,4466.885,60,672
2026-09-04 12:00:00,4466.895,4475.625,4374.145,4393.435,60,1398
2026-09-04 13:00:00,4393.365,4434.485,4365.305,4412.955,60,864
2026-09-04 14:00:00,4413.275,4442.035,4411.795,4427.375,60,839
2026-09-04 15:00:00,4427.475,4448.545,4422.395,4436.455,60,809
2026-09-04 16:00:00,4436.325,4443.285,4431.915,4435.975,60,816
2026-09-04 17:00:00,4436.235,4440.405,4415.245,4416.615,60,828
2026-09-04 18:00:00,4416.715,4426.535,4411.955,4423.735,60,633
2026-09-04 19:00:00,4423.895,4438.225,4422.275,4434.625,60,644
2026-09-04 20:00:00,4434.485,4435.075,4428.295,4430.455,60,745
2026-09-06 22:00:00,4425.865,4434.925,4417.125,4428.195,60,1578
2026-09-06 23:00:00,4428.095,4433.835,4420.855,4423.015,60,2699
2026-09-07 00:00:00,4422.915,4429.225,4409.465,4412.155,60,781
2026-09-07 01:00:00,4412.225,4416.485,4389.315,4409.135,60,797
2026-09-07 02:00:00,4409.075,4418.785,4402.565,4408.505,60,730
2026-09-07 03:00:00,4408.615,4410.245,4401.005,4403.825,60,764
2026-09-07 04:00:00,4403.735,4406.995,4394.125,4397.795,60,751
2026-09-07 05:00:00,4397.685,4413.025,4392.925,4393.695,60,757
2026-09-07 06:00:00,4393.765,4399.635,4384.935,4392.435,60,644
2026-09-07 07:00:00,4392.575,4406.505,4391.625,4406.135,60,644
2026-09-07 08:00:00,4406.185,4423.755,4405.045,4410.775,60,562
2026-09-07 09:00:00,4410.775,4413.735,4403.355,4405.565,60,556
2026-09-07 10:00:00,4405.525,4406.075,4387.905,4391.515,60,540
2026-09-07 11:00:00,4391.265,4394.735,4380.935,4384.985,60,559
2026-09-07 12:00:00,4385.075,4397.885,4385.075,4396.565,60,568
2026-09-07 13:00:00,4396.655,4407.655,4395.175,4402.455,60,637
2026-09-07 14:00:00,4402.425,4419.485,4400.725,4415.835,60,621
2026-09-07 15:00:00,4415.865,4416.505,4408.605,4414.275,60,578
2026-09-07 16:00:00,4414.305,4417.065,4411.555,4414.205,60,578
2026-09-07 17:00:00,4414.305,4414.755,4406.595,4406.755,60,819
2026-09-07 18:00:00,4406.695,4408.785,4401.405,4404.775,29,2350
2026-09-07 22:00:00,4407.265,4413.505,4405.605,4406.095,60,1850
2026-09-07 23:00:00,4405.685,4427.715,4405.685,4422.505,60,2751
2026-09-08 00:00:00,4422.615,4429.925,4414.755,4425.845,60,792
2026-09-08 01:00:00,4425.965,4440.475,4416.585,4436.655,60,806
2026-09-08 02:00:00,4437.045,4438.365,4420.865,4424.165,60,777
2026-09-08 03:00:00,4424.165,4439.845,4422.315,4437.515,60,788
2026-09-08 04:00:00,4438.145,4442.705,4431.155,4435.815,60,772
2026-09-08 05:00:00,4435.615,4437.415,4417.025,4419.015,60,806
2026-09-08 06:00:00,4419.515,4419.935,4397.835,4403.505,60,659
2026-09-08 07:00:00,4403.605,4409.285,4389.885,4392.175,60,632
2026-09-08 08:00:00,4392.315,4398.425,4387.645,4393.985,60,600
2026-09-08 09:00:00,4393.865,4405.515,4390.725,4402.695,60,605
2026-09-08 10:00:00,4402.705,4406.745,4393.455,4395.005,60,615
2026-09-08 11:00:00,4395.115,4407.795,4391.005,4406.245,60,610
2026-09-08 12:00:00,4406.595,4411.635,4385.155,4411.435,60,613
2026-09-08 13:00:00,4411.335,4413.075,4389.995,4395.345,60,677
2026-09-08 14:00:00,4395.345,4403.395,4388.825,4398.435,60,703
2026-09-08 15:00:00,4398.495,4409.095,4394.455,4394.575,60,684
2026-09-08 16:00:00,4394.555,4398.235,4380.155,4393.435,60,643
2026-09-08 17:00:00,4393.565,4403.655,4384.975,4389.685,60,659
2026-09-08 18:00:00,4389.825,4390.215,4358.075,4375.445,60,568
2026-09-08 19:00:00,4375.235,4377.045,4356.515,4359.115,60,593
2026-09-08 20:00:00,4359.145,4364.225,4345.015,4355.505,60,627
2026-09-08 22:00:00,4356.875,4358.665,4350.135,4352.975,60,1092
2026-09-08 23:00:00,4352.775,4359.795,4348.835,4349.635,60,2750
2026-09-09 00:00:00,4349.825,4365.265,4340.965,4364.375,60,781
2026-09-09 01:00:00,4364.285,4377.945,4353.675,4373.325,60,800
2026-09-09 02:00:00,4373.455,4384.335,4366.925,4382.265,60,778
2026-09-09 03:00:00,4382.155,4382.805,4374.675,4374.805,60,923
2026-09-09 04:00:00,4375.025,4382.345,4370.365,4381.065,60,776
2026-09-09 05:00:00,4381.175,4400.765,4380.105,4398.495,60,765
2026-09-09 06:00:00,4398.655,4405.975,4395.015,4400.365,60,661
2026-09-09 07:00:00,4400.225,4412.575,4399.055,4408.805,60,638
2026-09-09 08:00:00,4408.895,4411.785,4398.775,4400.325,60,615
2026-09-09 09:00:00,4400.405,4402.065,4388.315,4390.455,60,734
2026-09-09 10:00:00,4390.405,4402.955,4386.015,4399.175,60,666
2026-09-09 11:00:00,4399.185,4414.975,4399.185,4407.095,60,745
2026-09-09 12:00:00,4407.175,4409.115,4390.605,4399.895,60,659
2026-09-09 13:00:00,4399.815,4433.785,4398.415,4414.615,60,692
2026-09-09 14:00:00,4414.495,4428.285,4409.335,4418.505,60,827
2026-09-09 15:00:00,4418.495,4431.875,4374.465,4398.315,60,1042
2026-09-09 16:00:00,4398.335,4410.238,4391.338,4409.238,60,697
2026-09-09 17:00:00,4409.188,4420.335,4408.645,4415.825,60,590
2026-09-09 18:00:00,4415.828,4421.425,4401.505,4403.045,60,598
2026-09-09 19:00:00,4403.015,4404.725,4395.368,4399.035,60,581
2026-09-09 20:00:00,4399.035,4402.595,4393.255,4400.848,60,576
2026-09-09 22:00:00,4402.365,4406.185,4397.508,4399.308,60,948
2026-09-09 23:00:00,4399.325,4402.885,4392.915,4393.995,60,754
2026-09-10 00:00:00,4393.955,4404.57,4389.398,4400.828,60,724
2026-09-10 01:00:00,4400.775,4418.855,4400.018,4412.015,60,652
2026-09-10 02:00:00,4412.015,4420.685,4407.825,4419.175,60,642
2026-09-10 03:00:00,4419.167,4420.945,4406.668,4408.895,60,639
2026-09-10 04:00:00,4408.835,4415.355,4405.435,4408.205,60,672
2026-09-10 05:00:00,4408.213,4431.135,4407.978,4430.825,60,627
2026-09-10 06:00:00,4430.748,4435.108,4410.695,4424.968,60,590
2026-09-10 07:00:00,4424.968,4425.185,4403.875,4411.575,60,616
2026-09-10 08:00:00,4411.561,4412.675,4392.295,4394.665,60,629
2026-09-10 09:00:00,4394.565,4396.715,4388.175,4393.835,60,601
2026-09-10 10:00:00,4393.815,4400.135,4375.225,4378.733,60,578
2026-09-10 11:00:00,4378.758,4390.565,4374.255,4374.255,60,609
2026-09-10 12:00:00,4374.365,4377.655,4323.915,4339.815,60,584
2026-09-10 13:00:00,4339.955,4375.745,4339.498,4365.648,60,590
2026-09-10 14:00:00,4365.648,4376.008,4353.684,4357.925,60,665
2026-09-10 15:00:00,4357.995,4372.015,4352.435,4365.595,60,649
2026-09-10 16:00:00,4365.625,4369.795,4353.825,4363.865,60,597
2026-09-10 17:00:00,4363.865,4367.725,4351.038,4352.538,60,607
2026-09-10 18:00:00,4352.578,4356.025,4329.69,4332.796,60,534
2026-09-10 19:00:00,4332.796,4332.796,4313.498,4324.255,60,498
2026-09-10 20:00:00,4324.255,4324.266,4314.435,4316.858,60,457
2026-09-10 22:00:00,4318.208,4324.635,4313.555,4318.285,60,1286
2026-09-10 23:00:00,4318.229,4320.335,4310.999,4315.004,60,766
2026-09-11 00:00:00,4315.014,4333.665,4312.515,4331.915,60,666
2026-09-11 01:00:00,4331.915,4340.315,4320.729,4329.255,60,671
2026-09-11 02:00:00,4329.105,4334.385,4315.725,4322.635,60,615
2026-09-11 03:00:00,4322.635,4326.268,4300.495,4303.795,60,621
2026-09-11 04:00:00,4303.755,4335.225,4301.909,4331.645,60,643
2026-09-11 05:00:00,4332.015,4351.768,4328.048,4345.808,60,640
2026-09-11 06:00:00,4345.808,4360.855,4345.695,4353.015,60,586
2026-09-11 07:00:00,4352.948,4356.045,4340.385,4344.745,60,593
2026-09-11 08:00:00,4344.795,4357.265,4342.115,4346.739,60,626
2026-09-11 09:00:00,4346.805,4353.735,4340.628,4346.043,60,660
2026-09-11 10:00:00,4346.225,4349.728,4336.465,4337.298,60,633
2026-09-11 11:00:00,4337.298,4342.375,4329.868,4333.108,60,664
2026-09-11 12:00:00,4333.085,4390.035,4291.951,4388.345,60,778
2026-09-11 13:00:00,4388.205,4402.268,4380.275,4401.168,60,637
2026-09-11 14:00:00,4401.168,4402.258,4364.505,4370.585,60,608
2026-09-11 15:00:00,4370.585,4376.955,4358.975,4366.905,60,602
2026-09-11 16:00:00,4366.905,4372.615,4351.798,4361.468,60,538
2026-09-11 17:00:00,4361.715,4370.315,4357.635,4357.975,60,552
2026-09-11 18:00:00,4357.975,4359.875,4343.905,4346.785,60,639
2026-09-11 19:00:00,4346.865,4353.605,4342.535,4348.439,60,528
2026-09-11 20:00:00,4348.455,4351.335,4345.348,4347.508,60,580
2026-09-13 22:00:00,4333.305,4340.695,4321.585,4337.788,60,1749
2026-09-13 23:00:00,4337.788,4342.168,4331.638,4332.555,60,773
2026-09-14 00:00:00,4332.555,4347.255,4329.655,4338.304,60,712
2026-09-14 01:00:00,4338.294,4355.055,4325.959,4353.088,60,711
2026-09-14 02:00:00,4353.088,4355.277,4330.145,4330.735,60,675
2026-09-14 03:00:00,4330.735,4336.285,4326.955,4330.184,60,552
2026-09-14 04:00:00,4330.175,4331.545,4321.835,4329.315,60,711
2026-09-14 05:00:00,4329.315,4337.288,4323.148,4337.149,60,680
2026-09-14 06:00:00,4337.184,4338.525,4320.465,4322.055,60,633
2026-09-14 07:00:00,4321.955,4324.145,4307.705,4310.715,60,553
2026-09-14 08:00:00,4311.005,4318.145,4303.125,4306.505,60,543
2026-09-14 09:00:00,4306.455,4311.529,4278.465,4285.285,60,548
2026-09-14 10:00:00,4285.219,4296.355,4278.105,4294.485,60,623
2026-09-14 11:00:00,4294.409,4296.705,4283.955,4286.825,60,624
2026-09-14 12:00:00,4286.935,4297.639,4265.645,4270.888,60,634
2026-09-14 13:00:00,4270.888,4281.13,4253.438,4272.405,60,659
2026-09-14 14:00:00,4272.405,4282.745,4263.855,4279.305,60,640
2026-09-14 15:00:00,4279.515,4298.045,4272.355,4287.975,60,588
2026-09-14 16:00:00,4288.035,4317.665,4286.115,4315.598,60,700
2026-09-14 17:00:00,4315.605,4316.378,4307.718,4310.968,60,588
2026-09-14 18:00:00,4310.968,4315.657,4304.565,4307.198,60,526
2026-09-14 19:00:00,4307.328,4307.638,4282.605,4283.388,60,543
2026-09-14 20:00:00,4283.495,4299.465,4282.085,4298.555,60,600
2026-09-14 22:00:00,4298.889,4302.145,4292.588,4295.285,60,1024
2026-09-14 23:00:00,4295.285,4297.198,4286.905,4287.979,60,681
2026-09-15 00:00:00,4288.075,4296.498,4283.098,4292.848,60,655
2026-09-15 01:00:00,4292.759,4306.345,4287.715,4304.365,60,662
2026-09-15 02:00:00,4304.765,4317.245,4304.498,4314.055,60,595
2026-09-15 03:00:00,4314.055,4314.525,4303.045,4303.315,60,605
2026-09-15 04:00:00,4303.275,4309.535,4300.518,4304.598,60,630
2026-09-15 05:00:00,4304.559,4307.418,4288.905,4290.775,60,635
2026-09-15 06:00:00,4290.768,4295.178,4285.825,4293.295,60,601
2026-09-15 07:00:00,4293.215,4295.385,4276.075,4280.655,60,601
2026-09-15 08:00:00,4280.745,4280.805,4261.105,4262.235,60,564
2026-09-15 09:00:00,4262.195,4272.025,4261.335,4268.085,60,607
2026-09-15 10:00:00,4268.155,4283.669,4268.155,4281.305,60,593
2026-09-15 11:00:00,4281.335,4286.545,4278.485,4284.449,60,627
2026-09-15 12:00:00,4284.545,4295.695,4271.185,4290.155,60,578
2026-09-15 13:00:00,4290.145,4298.155,4283.425,4294.578,60,580
2026-09-15 14:00:00,4294.588,4300.368,4273.769,4276.905,60,604
2026-09-15 15:00:00,4277.005,4294.535,4276.415,4289.125,60,619
2026-09-15 16:00:00,4289.095,4298.145,4285.335,4295.365,60,638
2026-09-15 17:00:00,4295.415,4298.985,4290.045,4294.755,60,646
2026-09-15 18:00:00,4294.845,4310.285,4292.785,4308.275,60,712
2026-09-15 19:00:00,4308.365,4310.435,4293.805,4297.615,60,700
2026-09-15 20:00:00,4297.735,4298.795,4287.025,4289.385,60,703
2026-09-15 22:00:00,4289.625,4298.765,4287.485,4287.575,60,1504
2026-09-15 23:00:00,4287.565,4288.465,4280.875,4283.275,60,2728
2026-09-16 00:00:00,4283.395,4285.895,4275.155,4277.145,60,829
2026-09-16 01:00:00,4277.035,4293.285,4276.235,4282.285,60,829
2026-09-16 02:00:00,4282.175,4323.225,4281.715,4321.475,60,792
2026-09-16 03:00:00,4321.365,4340.715,4321.275,4326.755,60,797
2026-09-16 04:00:00,4326.755,4328.315,4320.295,4321.545,60,810
2026-09-16 05:00:00,4321.525,4333.475,4320.385,4326.165,60,798
2026-09-16 06:00:00,4326.165,4332.865,4321.225,4332.705,60,718
2026-09-16 07:00:00,4332.345,4338.905,4328.265,4329.145,60,722
2026-09-16 08:00:00,4329.135,4337.405,4322.655,4330.015,60,584
2026-09-16 09:00:00,4330.045,4339.225,4327.115,4337.955,60,704
2026-09-16 10:00:00,4337.855,4350.835,4337.315,4350.815,60,676
2026-09-16 11:00:00,4350.865,4353.535,4341.375,4341.425,60,708
2026-09-16 12:00:00,4341.425,4348.685,4334.655,4347.385,60,920
2026-09-16 13:00:00,4347.215,4360.175,4334.815,4338.275,60,695
2026-09-16 14:00:00,4338.155,4355.705,4323.675,4354.785,60,809
2026-09-16 15:00:00,4354.775,4361.335,4342.405,4352.485,60,720
2026-09-16 16:00:00,4352.525,4352.725,4343.395,4346.295,60,696
2026-09-16 17:00:00,4346.245,4364.605,4341.385,4356.295,60,692
2026-09-16 18:00:00,4356.955,4366.525,4256.765,4260.575,60,1941
2026-09-16 19:00:00,4260.355,4286.955,4234.665,4271.935,60,1190
2026-09-16 20:00:00,4272.005,4273.515,4256.665,4262.935,60,1070
2026-09-16 22:00:00,4262.425,4275.815,4257.115,4265.155,60,1280
2026-09-16 23:00:00,4265.325,4275.515,4257.545,4271.405,60,2718
2026-09-17 00:00:00,4271.285,4292.205,4266.005,4279.765,60,834
2026-09-17 01:00:00,4279.755,4318.125,4279.645,4299.875,60,840
2026-09-17 02:00:00,4299.905,4300.725,4273.715,4276.955,60,748
2026-09-17 03:00:00,4276.925,4297.235,4276.865,4295.895,60,877
2026-09-17 04:00:00,4295.765,4298.685,4290.005,4297.195,60,797
2026-09-17 05:00:00,4297.095,4305.195,4285.095,4304.225,60,794
2026-09-17 06:00:00,4304.275,4314.995,4303.985,4310.585,60,698
2026-09-17 07:00:00,4310.545,4335.215,4309.055,4326.955,60,732
2026-09-17 08:00:00,4326.825,4328.015,4309.925,4311.425,60,571
2026-09-17 09:00:00,4311.395,4318.975,4304.765,4305.855,60,744
2026-09-17 10:00:00,4305.925,4324.705,4304.765,4323.905,60,670
2026-09-17 11:00:00,4323.905,4352.955,4322.945,4349.305,60,808
2026-09-17 12:00:00,4349.415,4380.815,4343.325,4372.975,60,852
2026-09-17 13:00:00,4373.205,4374.995,4355.185,4366.345,60,680
2026-09-17 14:00:00,4366.345,4379.705,4351.935,4353.715,60,789
2026-09-17 15:00:00,4353.795,4370.155,4351.105,4369.985,60,666
2026-09-17 16:00:00,4369.945,4372.495,4355.585,4362.235,60,451
2026-09-17 17:00:00,4362.365,4365.615,4357.445,4360.985,60,652
2026-09-17 18:00:00,4361.195,4365.405,4348.125,4351.385,60,730
2026-09-17 19:00:00,4351.255,4355.885,4342.465,4345.705,60,702
2026-09-17 20:00:00,4346.045,4346.665,4340.035,4341.055,60,703
2026-09-17 22:00:00,4341.915,4349.225,4340.815,4342.185,60,1067
2026-09-17 23:00:00,4342.185,4347.885,4337.345,4346.125,60,3084
2026-09-18 00:00:00,4346.005,4359.935,4341.795,4356.185,60,807
2026-09-18 01:00:00,4356.155,4365.225,4343.935,4348.145,60,852
2026-09-18 02:00:00,4348.015,4356.365,4342.975,4346.575,60,796
2026-09-18 03:00:00,4346.475,4360.625,4334.105,4358.885,60,804
2026-09-18 04:00:00,4358.995,4366.715,4352.295,4366.535,60,790
2026-09-18 05:00:00,4366.575,4377.925,4359.705,4377.245,60,805
2026-09-18 06:00:00,4377.205,4397.005,4377.095,4393.225,60,704
2026-09-18 07:00:00,4393.015,4399.365,4388.725,4393.145,60,728
2026-09-18 08:00:00,4393.115,4398.245,4384.985,4392.095,60,572
2026-09-18 09:00:00,4392.175,4398.035,4372.995,4376.375,60,694
2026-09-18 10:00:00,4376.375,4381.895,4375.555,4381.315,60,554
2026-09-18 11:00:00,4381.455,4388.325,4372.295,4381.165,60,928
2026-09-18 12:00:00,4381.295,4382.605,4353.585,4368.545,60,722
2026-09-18 13:00:00,4368.565,4375.265,4347.125,4349.045,60,762
2026-09-18 14:00:00,4348.925,4361.545,4342.435,4352.755,60,899
2026-09-18 15:00:00,4352.845,4357.885,4347.735,4356.465,60,675
2026-09-18 16:00:00,4356.555,4383.555,4354.465,4382.775,60,682
2026-09-18 17:00:00,4382.865,4396.975,4381.455,4392.865,60,629
2026-09-18 18:00:00,4392.975,4394.135,4379.325,4381.865,60,732
2026-09-18 19:00:00,4381.755,4385.855,4374.565,4376.435,60,707
2026-09-18 20:00:00,4376.395,4383.395,4375.455,4376.595,60,795
2026-09-20 22:00:00,4374.525,4381.695,4372.535,4372.695,60,1815
2026-09-20 23:00:00,4372.785,4375.715,4368.375,4372.315,60,2912
2026-09-21 00:00:00,4372.255,4375.515,4358.295,4366.355,60,818
2026-09-21 01:00:00,4366.215,4383.165,4366.215,4377.185,60,835
2026-09-21 02:00:00,4377.145,4377.525,4360.875,4363.595,60,814
2026-09-21 03:00:00,4363.465,4368.085,4357.495,4358.825,60,806
2026-09-21 04:00:00,4358.705,4365.095,4354.775,4355.505,60,784
2026-09-21 05:00:00,4355.615,4361.895,4348.925,4350.535,60,797
2026-09-21 06:00:00,4350.555,4355.555,4345.985,4352.945,60,699
2026-09-21 07:00:00,4352.935,4355.915,4341.515,4344.045,60,707
2026-09-21 08:00:00,4343.865,4357.505,4343.225,4353.065,60,562
2026-09-21 09:00:00,4352.935,4354.685,4339.765,4345.385,60,688
2026-09-21 10:00:00,4345.215,4356.625,4342.105,4342.265,60,554
2026-09-21 11:00:00,4342.275,4370.835,4341.665,4368.925,60,692
2026-09-21 12:00:00,4369.025,4374.615,4351.065,4359.495,60,569
2026-09-21 13:00:00,4359.305,4369.505,4345.625,4345.745,60,649
2026-09-21 14:00:00,4345.855,4346.935,4322.335,4338.685,60,716
2026-09-21 15:00:00,4338.975,4355.865,4338.685,4347.825,60,646
2026-09-21 16:00:00,4347.825,4356.895,4342.625,4343.015,60,637
2026-09-21 17:00:00,4343.195,4346.655,4337.185,4344.245,60,657
2026-09-21 18:00:00,4344.325,4352.255,4343.825,4345.715,60,649
2026-09-21 19:00:00,4345.855,4353.605,4341.865,4344.655,60,674
2026-09-21 20:00:00,4344.725,4345.095,4338.935,4342.585,60,708
2026-09-21 22:00:00,4343.085,4364.965,4343.085,4359.135,60,1150
2026-09-21 23:00:00,4359.135,4370.327,4355.595,4368.317,60,3018
2026-09-22 00:00:00,4368.392,4375.67,4347.995,4359.85,60,812
2026-09-22 01:00:00,4359.797,4364.895,4343.145,4348.335,60,832
2026-09-22 02:00:00,4348.225,4355.865,4339.475,4344.295,60,687
2026-09-22 03:00:00,4344.135,4348.995,4339.255,4341.345,60,810
2026-09-22 04:00:00,4341.465,4342.875,4334.535,4342.685,60,763
2026-09-22 05:00:00,4342.475,4347.085,4315.885,4323.385,60,813
2026-09-22 06:00:00,4323.435,4324.135,4314.955,4318.185,60,703
2026-09-22 07:00:00,4318.075,4324.085,4299.315,4300.915,60,716
2026-09-22 08:00:00,4300.985,4335.175,4291.245,4329.755,60,675
2026-09-22 09:00:00,4329.755,4337.685,4311.615,4336.325,60,920
2026-09-22 10:00:00,4336.445,4337.695,4321.515,4321.525,60,729
2026-09-22 11:00:00,4321.645,4323.275,4308.735,4322.515,60,712
2026-09-22 12:00:00,4322.625,4343.615,4319.995,4333.355,60,707
2026-09-22 13:00:00,4333.305,4343.375,4327.185,4333.125,60,887
2026-09-22 14:00:00,4333.125,4338.105,4314.725,4327.855,60,861
2026-09-22 15:00:00,4327.985,4340.675,4325.065,4330.935,60,696
2026-09-22 16:00:00,4330.905,4341.475,4322.205,4335.925,60,721
2026-09-22 17:00:00,4336.075,4352.635,4334.375,4350.395,60,698
2026-09-22 18:00:00,4350.285,4360.425,4347.265,4353.035,60,747
2026-09-22 19:00:00,4353.085,4370.955,4352.955,4363.705,60,681
2026-09-22 20:00:00,4363.755,4364.105,4350.655,4356.565,60,722
2026-09-22 22:00:00,4355.545,4365.105,4355.495,4361.165,60,1315
2026-09-22 23:00:00,4361.335,4365.325,4357.905,4363.645,60,2880
2026-09-23 00:00:00,4363.435,4369.185,4354.925,4357.295,60,831
2026-09-23 01:00:00,4357.175,4359.065,4338.715,4341.085,60,837
2026-09-23 02:00:00,4341.085,4341.105,4333.065,4333.725,60,805
2026-09-23 03:00:00,4333.825,4345.155,4333.005,4342.415,60,788
2026-09-23 04:00:00,4342.535,4346.985,4342.215,4343.755,60,797
2026-09-23 05:00:00,4343.645,4345.655,4327.735,4334.425,60,878
2026-09-23 06:00:00,4334.365,4336.975,4325.845,4331.065,60,724
2026-09-23 07:00:00,4330.945,4332.615,4318.755,4319.325,60,708
2026-09-23 08:00:00,4319.295,4322.545,4315.275,4317.915,60,572
2026-09-23 09:00:00,4317.875,4320.185,4308.135,4313.995,60,717
2026-09-23 10:00:00,4314.095,4318.835,4312.095,4315.045,60,590
2026-09-23 11:00:00,4315.105,4316.815,4294.465,4309.385,60,1196
2026-09-23 12:00:00,4309.305,4318.915,4300.625,4309.535,60,577
2026-09-23 13:00:00,4309.735,4313.165,4280.605,4283.465,60,643
2026-09-23 14:00:00,4283.385,4298.585,4277.655,4294.295,60,1041
2026-09-23 15:00:00,4294.345,4297.285,4277.325,4282.075,60,600
2026-09-23 16:00:00,4281.975,4289.495,4278.255,4284.755,60,587
2026-09-23 17:00:00,4285.035,4293.215,4274.215,4292.525,60,656
2026-09-23 18:00:00,4292.635,4294.675,4282.645,4290.085,60,701
2026-09-23 19:00:00,4290.185,4293.125,4280.695,4283.845,60,702
2026-09-23 20:00:00,4283.925,4289.985,4282.285,4287.255,60,730
2026-09-23 22:00:00,4288.115,4294.205,4286.415,4288.155,60,1345
2026-09-23 23:00:00,4287.995,4292.955,4284.655,4288.295,60,2668
2026-09-24 00:00:00,4288.185,4299.035,4283.635,4298.295,60,826
2026-09-24 01:00:00,4298.175,4302.865,4277.495,4278.735,60,875
2026-09-24 02:00:00,4278.565,4296.595,4273.145,4290.455,60,882
2026-09-24 03:00:00,4290.395,4293.525,4280.165,4284.585,60,935
2026-09-24 04:00:00,4284.675,4290.125,4281.225,4289.225,60,874
2026-09-24 05:00:00,4289.225,4296.055,4277.265,4278.855,60,938
2026-09-24 06:00:00,4278.775,4286.385,4273.865,4275.875,60,899
2026-09-24 07:00:00,4275.775,4287.815,4274.145,4278.475,60,933
2026-09-24 08:00:00,4278.305,4285.405,4260.485,4261.145,60,667
2026-09-24 09:00:00,4260.935,4267.145,4250.315,4255.255,60,909
2026-09-24 10:00:00,4255.225,4264.065,4243.925,4257.925,60,602
2026-09-24 11:00:00,4257.825,4267.735,4251.775,4265.755,60,756
2026-09-24 12:00:00,4265.685,4283.125,4260.185,4280.865,60,957
2026-09-24 13:00:00,4281.075,4284.795,4264.325,4267.055,60,652
2026-09-24 14:00:00,4266.855,4272.995,4252.125,4252.945,60,942
2026-09-24 15:00:00,4252.995,4260.425,4244.495,4256.465,60,590
2026-09-24 16:00:00,4256.485,4288.325,4252.415,4272.785,60,715
2026-09-24 17:00:00,4272.685,4277.685,4257.665,4264.705,60,713
2026-09-24 18:00:00,4264.605,4281.305,4255.885,4271.535,60,727
2026-09-24 19:00:00,4271.645,4275.725,4266.535,4273.685,60,710
2026-09-24 20:00:00,4273.795,4275.255,4264.125,4274.505,60,722
2026-09-24 22:00:00,4265.355,4275.505,4265.355,4270.865,60,1495
2026-09-24 23:00:00,4270.865,4275.565,4264.405,4264.545,60,2879
2026-09-25 00:00:00,4264.685,4280.785,4263.855,4278.145,60,848
2026-09-25 01:00:00,4278.255,4295.445,4276.615,4287.305,60,785
2026-09-25 02:00:00,4287.345,4294.955,4277.175,4283.495,60,797
2026-09-25 03:00:00,4283.395,4285.995,4269.125,4269.745,60,806
2026-09-25 04:00:00,4269.625,4273.355,4262.315,4262.685,60,806
2026-09-25 05:00:00,4262.315,4275.455,4255.925,4266.285,60,774
2026-09-25 06:00:00,4266.365,4281.245,4265.775,4275.525,60,707
2026-09-25 07:00:00,4275.615,4281.635,4270.915,4279.515,60,589
2026-09-25 08:00:00,4279.435,4297.025,4274.735,4293.205,60,584
2026-09-25 09:00:00,4293.205,4297.665,4289.335,4294.755,60,642
2026-09-25 10:00:00,4294.555,4311.445,4293.735,4310.735,60,574
2026-09-25 11:00:00,4310.845,4315.545,4299.425,4302.785,60,730
2026-09-25 12:00:00,4302.795,4309.175,4296.595,4297.915,60,796
2026-09-25 13:00:00,4298.005,4299.285,4273.035,4275.205,60,601
2026-09-25 14:00:00,4275.045,4280.635,4254.405,4278.985,60,814
2026-09-25 15:00:00,4278.935,4291.115,4269.805,4291.115,60,566
2026-09-25 16:00:00,4291.255,4300.105,4278.817,4286.255,60,718
2026-09-25 17:00:00,4286.155,4292.915,4279.195,4283.065,60,731
2026-09-25 18:00:00,4283.225,4295.865,4282.465,4294.525,60,723
2026-09-25 19:00:00,4294.645,4297.025,4287.345,4290.985,60,724
2026-09-25 20:00:00,4290.765,4291.505,4282.335,4282.805,60,1380
2026-09-27 22:00:00,4275.875,4280.175,4257.195,4258.405,60,1415
2026-09-27 23:00:00,4258.525,4265.645,4255.945,4259.855,60,2830
2026-09-28 00:00:00,4259.985,4260.615,4222.905,4230.795,60,871
2026-09-28 01:00:00,4230.395,4231.385,4205.295,4215.905,60,832
2026-09-28 02:00:00,4215.905,4217.225,4193.735,4196.595,60,755
2026-09-28 03:00:00,4196.475,4202.775,4191.125,4196.365,60,844
2026-09-28 04:00:00,4196.365,4199.955,4193.875,4194.425,60,748
2026-09-28 05:00:00,4194.415,4197.805,4178.635,4179.065,60,811
2026-09-28 06:00:00,4179.065,4181.135,4161.685,4164.115,60,799
2026-09-28 07:00:00,4164.065,4166.175,4150.695,4155.525,60,777
2026-09-28 08:00:00,4155.445,4159.035,4142.505,4144.325,60,612
2026-09-28 09:00:00,4144.155,4157.545,4140.475,4155.805,60,702
2026-09-28 10:00:00,4155.845,4159.305,4151.365,4155.205,60,565
2026-09-28 11:00:00,4155.175,4160.385,4147.505,4148.615,60,716
2026-09-28 12:00:00,4148.515,4171.135,4143.045,4154.125,60,578
2026-09-28 13:00:00,4154.055,4160.375,4136.075,4156.695,60,620
2026-09-28 14:00:00,4156.565,4156.725,4110.585,4118.185,60,710
2026-09-28 15:00:00,4118.375,4127.685,4115.205,4123.925,60,613
2026-09-28 16:00:00,4123.925,4147.715,4116.195,4129.475,60,728
2026-09-28 17:00:00,4129.235,4146.285,4125.885,4134.005,60,727
2026-09-28 18:00:00,4134.125,4141.675,4131.325,4138.865,60,709
2026-09-28 19:00:00,4138.985,4139.165,4121.935,4122.685,60,707
2026-09-28 20:00:00,4122.715,4123.395,4111.055,4114.035,60,700
2026-09-28 22:00:00,4116.145,4126.275,4114.885,4120.215,60,1470
2026-09-28 23:00:00,4120.295,4128.925,4119.955,4127.065,60,2719
2026-09-29 00:00:00,4126.935,4127.935,4113.975,4117.535,60,824
2026-09-29 01:00:00,4117.375,4136.725,4113.155,4134.985,60,845
2026-09-29 02:00:00,4135.095,4139.115,4125.885,4137.485,60,756
2026-09-29 03:00:00,4137.375,4140.175,4131.385,4133.745,60,895
2026-09-29 04:00:00,4133.685,4133.975,4124.475,4126.455,60,741
2026-09-29 05:00:00,4126.395,4144.855,4121.865,4138.755,60,772
2026-09-29 06:00:00,4138.755,4147.915,4138.395,4140.045,60,692
2026-09-29 07:00:00,4140.175,4148.735,4135.765,4140.915,60,681
2026-09-29 08:00:00,4141.055,4146.395,4137.515,4139.355,60,580
2026-09-29 09:00:00,4139.455,4148.375,4138.905,4145.465,60,702
2026-09-29 10:00:00,4145.505,4154.505,4142.815,4153.325,60,562
2026-09-29 11:00:00,4153.435,4161.085,4149.395,4153.285,60,690
2026-09-29 12:00:00,4153.255,4158.635,4148.495,4150.885,60,600
2026-09-29 13:00:00,4150.975,4164.205,4150.465,4156.935,60,669
2026-09-29 14:00:00,4156.845,4175.045,4156.645,4170.285,60,802
2026-09-29 15:00:00,4170.255,4170.455,4148.045,4157.935,60,585
2026-09-29 16:00:00,4158.075,4158.755,4144.215,4145.465,60,607
2026-09-29 17:00:00,4145.435,4148.755,4142.005,4143.735,60,585
2026-09-29 18:00:00,4143.765,4175.485,4143.765,4170.585,60,689
2026-09-29 19:00:00,4170.575,4177.305,4167.535,4176.955,60,574
2026-09-29 20:00:00,4176.975,4184.985,4171.275,4181.715,60,638
2026-09-29 22:00:00,4179.805,4184.225,4176.375,4178.355,60,1083
2026-09-29 23:00:00,4178.615,4187.495,4178.375,4184.585,60,1128
2026-09-30 00:00:00,4184.555,4187.195,4176.315,4176.445,60,773
2026-09-30 01:00:00,4176.555,4181.455,4166.935,4172.035,60,825
2026-09-30 02:00:00,4171.935,4184.135,4170.905,4178.995,60,780
2026-09-30 03:00:00,4178.955,4182.135,4170.995,4172.355,60,822
2026-09-30 04:00:00,4172.365,4184.645,4171.785,4178.635,60,796
2026-09-30 05:00:00,4178.805,4182.095,4165.255,4177.765,60,806
2026-09-30 06:00:00,4177.685,4194.845,4176.005,4190.575,60,707
2026-09-30 07:00:00,4190.425,4201.145,4189.385,4193.395,60,733
2026-09-30 08:00:00,4193.385,4202.045,4191.115,4191.635,60,561
2026-09-30 09:00:00,4191.635,4195.145,4182.845,4187.835,60,697
2026-09-30 10:00:00,4187.725,4190.455,4181.125,4184.505,60,559
2026-09-30 11:00:00,4184.395,4192.135,4176.155,4186.535,60,718
2026-09-30 12:00:00,4186.435,4219.185,4182.545,4208.265,60,823
2026-09-30 13:00:00,4208.335,4214.605,4176.325,4177.385,60,629
2026-09-30 14:00:00,4177.395,4183.645,4164.055,4165.095,60,730
2026-09-30 15:00:00,4164.965,4168.245,4151.035,4157.215,60,628
2026-09-30 16:00:00,4157.175,4162.965,4154.625,4157.375,60,583
2026-09-30 17:00:00,4157.405,4158.425,4147.175,4151.285,60,578
2026-09-30 18:00:00,4151.295,4154.905,4147.325,4151.375,60,564
2026-09-30 19:00:00,4151.465,4156.975,4149.095,4155.615,60,558
2026-09-30 20:00:00,4155.555,4159.995,4150.885,4157.395,60,644
2026-09-30 22:00:00,4159.705,4161.245,4153.045,4153.925,59,1442
2026-09-30 23:00:00,4153.925,4156.475,4151.495,4155.675,60,1155
2026-10-01 00:00:00,4155.755,4155.755,4138.905,4144.955,60,858
2026-10-01 01:00:00,4145.065,4164.605,4144.785,4156.435,60,776
2026-10-01 02:00:00,4156.575,4161.675,4151.105,4160.565,60,797
2026-10-01 03:00:00,4160.465,4176.835,4158.905,4175.015,60,784
2026-10-01 04:00:00,4175.025,4180.345,4171.025,4179.615,60,770
2026-10-01 05:00:00,4179.635,4192.625,4178.855,4187.875,60,775
2026-10-01 06:00:00,4187.905,4192.115,4180.385,4181.575,60,703
2026-10-01 07:00:00,4181.505,4183.325,4154.085,4163.475,60,589
2026-10-01 08:00:00,4163.465,4167.635,4148.875,4153.225,60,607
2026-10-01 09:00:00,4153.255,4163.495,4152.325,4154.215,60,654
2026-10-01 10:00:00,4154.195,4178.735,4150.005,4175.725,60,579
2026-10-01 11:00:00,4175.755,4185.685,4166.405,4182.535,60,693
2026-10-01 12:00:00,4182.535,4187.535,4174.355,4178.485,60,720
2026-10-01 13:00:00,4178.505,4181.345,4158.905,4165.015,60,590
2026-10-01 14:00:00,4165.015,4174.785,4151.265,4162.625,60,941
2026-10-01 15:00:00,4162.625,4173.515,4149.765,4169.365,60,583
2026-10-01 16:00:00,4169.525,4176.485,4159.485,4162.305,60,627
2026-10-01 17:00:00,4162.195,4185.775,4161.365,4170.035,60,570
2026-10-01 18:00:00,4170.025,4182.135,4162.955,4176.765,60,579
2026-10-01 19:00:00,4176.765,4179.695,4173.115,4176.445,60,652
2026-10-01 20:00:00,4176.355,4180.245,4172.995,4177.335,60,700
2026-10-01 22:00:00,4172.885,4178.715,4171.365,4178.575,60,1113
2026-10-01 23:00:00,4178.745,4183.605,4176.965,4181.735,60,679
2026-10-02 00:00:00,4181.585,4182.375,4152.675,4153.145,60,639
2026-10-02 01:00:00,4153.025,4154.465,4133.535,4151.215,60,643
2026-10-02 02:00:00,4151.215,4166.245,4147.095,4165.695,60,669
2026-10-02 03:00:00,4165.855,4179.075,4164.885,4177.505,60,631
2026-10-02 04:00:00,4177.665,4190.655,4176.996,4184.585,60,648
2026-10-02 05:00:00,4184.685,4191.845,4182.895,4186.295,60,641
2026-10-02 06:00:00,4186.505,4196.725,4177.205,4180.795,60,611
2026-10-02 07:00:00,4180.775,4191.925,4177.455,4187.185,60,567
2026-10-02 08:00:00,4187.055,4196.205,4179.095,4184.095,60,561
2026-10-02 09:00:00,4184.245,4188.415,4178.746,4183.905,60,522
2026-10-02 10:00:00,4183.925,4185.885,4165.173,4182.435,60,507
2026-10-02 11:00:00,4182.515,4188.165,4176.555,4181.295,60,604
2026-10-02 12:00:00,4181.295,4225.886,4174.465,4217.425,60,844
2026-10-02 13:00:00,4217.585,4225.205,4178.025,4191.065,60,623
2026-10-02 14:00:00,4191.195,4196.595,4155.245,4158.735,60,761
2026-10-02 15:00:00,4158.895,4159.945,4125.075,4127.165,60,633
2026-10-02 16:00:00,4127.185,4140.815,4125.745,4138.695,60,605
2026-10-02 17:00:00,4138.695,4143.015,4129.805,4137.065,60,620
2026-10-02 18:00:00,4137.065,4146.315,4134.955,4146.085,60,618
2026-10-02 19:00:00,4146.295,4149.565,4140.275,4147.395,60,642
2026-10-02 20:00:00,4147.245,4148.185,4134.265,4135.815,60,940
2026-10-04 22:00:00,4139.955,4148.095,4132.585,4146.535,60,1568
2026-10-04 23:00:00,4146.535,4146.555,4139.855,4142.165,60,2709
2026-10-05 00:00:00,4142.055,4157.765,4142.055,4156.315,60,1008
2026-10-05 01:00:00,4156.175,4161.425,4151.815,4159.795,60,780
2026-10-05 02:00:00,4160.005,4162.855,4139.255,4142.535,60,779
2026-10-05 03:00:00,4142.565,4146.545,4135.975,4143.055,60,786
2026-10-05 04:00:00,4142.985,4143.405,4124.405,4131.075,60,787
2026-10-05 05:00:00,4131.055,4140.555,4129.855,4134.325,60,769
2026-10-05 06:00:00,4134.315,4155.575,4134.105,4155.185,60,729
2026-10-05 07:00:00,4155.055,4165.955,4149.165,4160.125,60,553
2026-10-05 08:00:00,4160.235,4170.135,4158.825,4166.485,60,556
2026-10-05 09:00:00,4166.505,4169.645,4155.855,4158.355,60,561
2026-10-05 10:00:00,4158.345,4164.875,4155.465,4161.565,60,541
2026-10-05 11:00:00,4161.725,4168.385,4150.815,4155.915,60,563
2026-10-05 12:00:00,4155.945,4166.035,4153.475,4156.435,60,554
2026-10-05 13:00:00,4156.425,4157.875,4131.125,4135.205,60,552
2026-10-05 14:00:00,4135.205,4148.125,4132.565,4146.785,60,965
2026-10-05 15:00:00,4146.785,4148.105,4122.965,4136.545,60,559
2026-10-05 16:00:00,4136.545,4136.745,4125.955,4130.205,60,551
2026-10-05 17:00:00,4130.205,4136.665,4125.315,4136.535,60,547
2026-10-05 18:00:00,4136.605,4142.815,4133.425,4142.815,60,558
2026-10-05 19:00:00,4142.935,4143.895,4138.545,4140.665,60,563
2026-10-05 20:00:00,4140.625,4142.955,4137.215,4139.275,60,593
2026-10-05 22:00:00,4142.405,4145.165,4140.575,4140.615,60,983
2026-10-05 23:00:00,4140.505,4141.685,4133.355,4134.025,60,652
2026-10-06 00:00:00,4134.275,4151.185,4133.015,4150.745,60,620
2026-10-06 01:00:00,4150.745,4152.085,4128.775,4129.955,60,653
2026-10-06 02:00:00,4129.835,4138.755,4103.805,4130.065,60,630
2026-10-06 03:00:00,4130.065,4133.375,4123.745,4128.185,60,623
2026-10-06 04:00:00,4128.145,4130.745,4119.995,4121.255,60,615
2026-10-06 05:00:00,4121.255,4125.755,4116.625,4119.805,60,621
2026-10-06 06:00:00,4119.805,4135.015,4113.175,4131.235,60,600
2026-10-06 07:00:00,4131.635,4143.045,4128.075,4139.785,60,529
2026-10-06 08:00:00,4139.805,4155.455,4137.715,4155.345,60,552
2026-10-06 09:00:00,4155.215,4158.045,4149.755,4151.995,60,594
2026-10-06 10:00:00,4152.035,4160.605,4148.735,4158.185,60,548
2026-10-06 11:00:00,4158.225,4174.595,4155.805,4173.235,60,609
2026-10-06 12:00:00,4173.445,4179.465,4165.575,4169.805,60,536
2026-10-06 13:00:00,4169.805,4174.265,4151.575,4152.365,60,563
2026-10-06 14:00:00,4151.995,4158.355,4143.325,4156.025,60,560
2026-10-06 15:00:00,4156.095,4170.365,4155.685,4164.425,60,518
2026-10-06 16:00:00,4164.425,4165.685,4154.025,4156.705,60,536
2026-10-06 17:00:00,4156.715,4166.195,4156.325,4164.665,60,530
2026-10-06 18:00:00,4164.665,4176.595,4164.045,4175.495,60,508
2026-10-06 19:00:00,4175.505,4184.135,4166.495,4169.245,60,629
2026-10-06 20:00:00,4169.195,4170.055,4161.985,4164.285,60,602
2026-10-06 22:00:00,4166.435,4167.375,4161.315,4163.135,60,934
2026-10-06 23:00:00,4163.025,4169.885,4162.225,4165.695,60,673
2026-10-07 00:00:00,4165.695,4169.425,4155.265,4155.955,60,616
2026-10-07 01:00:00,4155.835,4155.955,4145.975,4147.025,60,634
2026-10-07 02:00:00,4147.025,4149.005,4139.925,4142.395,60,626
2026-10-07 03:00:00,4142.355,4147.965,4138.085,4143.185,60,589
2026-10-07 04:00:00,4143.185,4144.425,4134.615,4134.885,60,596
2026-10-07 05:00:00,4134.955,4137.365,4128.505,4128.505,60,630
2026-10-07 06:00:00,4128.505,4135.475,4126.685,4130.395,60,607
2026-10-07 07:00:00,4130.325,4139.295,4128.065,4132.505,60,541
2026-10-07 08:00:00,4132.385,4136.775,4122.405,4123.575,60,539
2026-10-07 09:00:00,4123.525,4125.595,4116.325,4119.405,60,574
2026-10-07 10:00:00,4119.325,4120.305,4108.885,4116.665,60,546
2026-10-07 11:00:00,4116.745,4122.465,4114.835,4121.555,60,636
2026-10-07 12:00:00,4121.425,4124.095,4065.545,4086.801,60,696
2026-10-07 13:00:00,4086.726,4099.095,4082.205,4098.055,60,1061
2026-10-07 14:00:00,4098.055,4108.575,4093.085,4104.155,60,564
2026-10-07 15:00:00,4104.175,4112.995,4098.515,4105.385,60,533
2026-10-07 16:00:00,4105.495,4114.995,4101.725,4109.275,60,541
2026-10-07 17:00:00,4109.275,4126.745,4108.145,4109.555,60,525
2026-10-07 18:00:00,4110.235,4119.705,4106.955,4108.865,60,586
2026-10-07 19:00:00,4108.865,4110.295,4100.125,4100.805,60,538
2026-10-07 20:00:00,4100.805,4113.005,4100.445,4110.565,60,566
2026-10-07 22:00:00,4114.475,4115.965,4102.865,4106.255,60,1112
2026-10-07 23:00:00,4106.095,4114.075,4105.815,4108.005,60,656
2026-10-08 00:00:00,4108.005,4120.295,4105.275,4116.875,60,646
2026-10-08 01:00:00,4116.745,4137.415,4116.025,4132.745,60,783
2026-10-08 02:00:00,4132.635,4143.305,4131.675,4133.015,60,557
2026-10-08 03:00:00,4133.165,4140.035,4128.205,4136.125,60,628
2026-10-08 04:00:00,4136.155,4141.765,4130.725,4133.245,60,644
2026-10-08 05:00:00,4133.285,4135.525,4115.845,4117.495,60,626
2026-10-08 06:00:00,4117.515,4126.705,4114.215,4121.525,60,540
2026-10-08 07:00:00,4121.555,4129.945,4117.805,4120.005,60,590
2026-10-08 08:00:00,4119.925,4133.005,4118.225,4126.155,60,554
2026-10-08 09:00:00,4126.135,4130.605,4119.125,4123.495,60,669
2026-10-08 10:00:00,4123.335,4125.785,4109.665,4121.665,60,562
2026-10-08 11:00:00,4121.665,4130.085,4114.475,4124.385,60,703
2026-10-08 12:00:00,4124.385,4131.895,4113.075,4118.505,60,859
2026-10-08 13:00:00,4118.595,4133.495,4115.255,4129.825,60,583
2026-10-08 14:00:00,4129.735,4140.495,4121.705,4124.115,60,697
2026-10-08 15:00:00,4124.095,4124.315,4110.555,4111.745,60,571
2026-10-08 16:00:00,4111.745,4132.265,4105.135,4123.645,60,689
2026-10-08 17:00:00,4123.845,4145.805,4122.765,4132.465,60,800
2026-10-08 18:00:00,4132.715,4134.075,4120.915,4126.475,60,691
