Datetime,Open,High,Low,Close,Volume,Spread
2021-10-10 20:00:00,1.15674,1.15759,1.15636,1.15653,2485,77
2021-10-11 00:00:00,1.15655,1.15792,1.15649,1.15722,5584,3
2021-10-11 04:00:00,1.1572,1.15867,1.15697,1.15738,10317,3
2021-10-11 08:00:00,1.1574,1.15758,1.15521,1.15683,14553,3
2021-10-11 12:00:00,1.15683,1.15837,1.15599,1.15723,15043,4
2021-10-11 16:00:00,1.15723,1.15724,1.15501,1.15501,4503,3
2021-10-11 20:00:00,1.15501,1.15555,1.15478,1.15532,4963,3
2021-10-12 00:00:00,1.15533,1.15607,1.15471,1.15595,6277,3
2021-10-12 04:00:00,1.15595,1.15703,1.15552,1.15558,8194,3
2021-10-12 08:00:00,1.15558,1.1567,1.15499,1.15561,14050,3
2021-10-12 12:00:00,1.15562,1.15585,1.15332,1.15402,25213,3
2021-10-12 16:00:00,1.15402,1.15418,1.15242,1.15326,8395,3
2021-10-12 20:00:00,1.15323,1.15331,1.15287,1.15304,2803,3
2021-10-13 00:00:00,1.15305,1.15556,1.15299,1.15513,7527,3
2021-10-13 04:00:00,1.15514,1.15561,1.15454,1.15508,8761,3
2021-10-13 08:00:00,1.15507,1.15667,1.15474,1.15643,16456,3
2021-10-13 12:00:00,1.15643,1.15786,1.15361,1.15675,29339,4
2021-10-13 16:00:00,1.15678,1.15972,1.15667,1.15937,11354,3
2021-10-13 20:00:00,1.15935,1.15994,1.15879,1.15968,3776,3
2021-10-14 00:00:00,1.15966,1.16009,1.15886,1.15938,7934,4
2021-10-14 04:00:00,1.15938,1.16116,1.15875,1.16075,14827,5
2021-10-14 08:00:00,1.16076,1.16242,1.1603,1.16031,24922,4
2021-10-14 12:00:00,1.16035,1.16083,1.15839,1.15905,29209,4
2021-10-14 16:00:00,1.15905,1.16021,1.15844,1.15972,12177,3
2021-10-14 20:00:00,1.15971,1.15991,1.15899,1.15903,5166,3
2021-10-15 00:00:00,1.15903,1.16116,1.15881,1.16079,12491,4
2021-10-15 04:00:00,1.16079,1.1615,1.16041,1.16119,21504,4
2021-10-15 08:00:00,1.16118,1.16185,1.15987,1.16029,26147,3
2021-10-15 12:00:00,1.16031,1.16101,1.15887,1.15932,22338,5
2021-10-15 16:00:00,1.15933,1.16057,1.1591,1.1603,6802,3
2021-10-15 20:00:00,1.16032,1.16055,1.15972,1.15983,1637,3
2021-10-17 20:00:00,1.15903,1.16052,1.15903,1.15963,3643,50
2021-10-18 00:00:00,1.15965,1.15977,1.15812,1.15818,10140,4
2021-10-18 04:00:00,1.15818,1.15933,1.15717,1.15927,10406,3
2021-10-18 08:00:00,1.15928,1.15978,1.15765,1.15971,15384,2
2021-10-18 12:00:00,1.15972,1.1613,1.15923,1.16086,24793,3
2021-10-18 16:00:00,1.16088,1.16223,1.16083,1.16109,6138,3
2021-10-18 20:00:00,1.16107,1.16136,1.16078,1.16131,3141,3
2021-10-19 00:00:00,1.16133,1.16466,1.1613,1.16466,7725,4
2021-10-19 04:00:00,1.16466,1.16575,1.16447,1.16535,10849,3
2021-10-19 08:00:00,1.16535,1.16693,1.16494,1.16566,15003,3
2021-10-19 12:00:00,1.16567,1.16583,1.16301,1.16318,18103,3
2021-10-19 16:00:00,1.16318,1.16446,1.16295,1.1636,5838,3
2021-10-19 20:00:00,1.16359,1.16362,1.16298,1.16313,3357,3
2021-10-20 00:00:00,1.16313,1.16475,1.16276,1.16438,9072,4
2021-10-20 04:00:00,1.16437,1.1652,1.16168,1.16244,10505,3
2021-10-20 08:00:00,1.16245,1.16362,1.16212,1.16228,11206,3
2021-10-20 12:00:00,1.16228,1.16518,1.16216,1.16429,19505,3
2021-10-20 16:00:00,1.16427,1.16586,1.1642,1.16522,9832,3
2021-10-20 20:00:00,1.16524,1.16565,1.16476,1.16523,2677,3
2021-10-21 00:00:00,1.16522,1.16674,1.1651,1.16647,5769,3
2021-10-21 04:00:00,1.16649,1.16651,1.1636,1.16412,17421,4
2021-10-21 08:00:00,1.16413,1.16453,1.16341,1.1642,13986,3
2021-10-21 12:00:00,1.1642,1.16516,1.16311,1.16416,26401,3
2021-10-21 16:00:00,1.16416,1.16436,1.16206,1.16222,8060,3
2021-10-21 20:00:00,1.1622,1.16262,1.16194,1.16246,2617,3
2021-10-22 00:00:00,1.16249,1.16318,1.1621,1.1627,16796,4
2021-10-22 04:00:00,1.16271,1.16465,1.16232,1.1642,29939,4
2021-10-22 08:00:00,1.16418,1.16464,1.1631,1.1631,21265,5
2021-10-22 12:00:00,1.16311,1.16556,1.16245,1.16319,28151,3
2021-10-22 16:00:00,1.16319,1.16436,1.16218,1.16433,9575,3
2021-10-22 20:00:00,1.16435,1.16452,1.16392,1.16395,1436,3
2021-10-24 20:00:00,1.16382,1.1645,1.16356,1.16391,1857,67
2021-10-25 00:00:00,1.16393,1.16648,1.16389,1.16638,8802,3
2021-10-25 04:00:00,1.16637,1.16649,1.1641,1.16581,11788,3
2021-10-25 08:00:00,1.16584,1.16599,1.16032,1.16077,19110,3
2021-10-25 12:00:00,1.16076,1.1615,1.15907,1.16101,26193,3
2021-10-25 16:00:00,1.16099,1.16168,1.16047,1.16125,5914,3
2021-10-25 20:00:00,1.16125,1.16127,1.16058,1.16087,2409,3
2021-10-26 00:00:00,1.16087,1.16101,1.15968,1.16008,8642,4
2021-10-26 04:00:00,1.16006,1.16064,1.15941,1.15979,11729,3
2021-10-26 08:00:00,1.1598,1.16257,1.15969,1.16159,14645,3
2021-10-26 12:00:00,1.16158,1.16224,1.15848,1.15901,21059,3
2021-10-26 16:00:00,1.15899,1.16002,1.15854,1.15982,5237,3
2021-10-26 20:00:00,1.15984,1.16009,1.15873,1.15962,5540,3
2021-10-27 00:00:00,1.15962,1.16043,1.15958,1.16014,6049,4
2021-10-27 04:00:00,1.16014,1.1613,1.15953,1.16051,8789,3
2021-10-27 08:00:00,1.16051,1.16076,1.15849,1.16047,19128,3
2021-10-27 12:00:00,1.16046,1.16259,1.1588,1.15999,30511,3
2021-10-27 16:00:00,1.15999,1.16161,1.15984,1.16,10682,3
2021-10-27 20:00:00,1.15999,1.16049,1.15982,1.15982,2586,3
2021-10-28 00:00:00,1.15984,1.16096,1.15892,1.16057,9591,3
2021-10-28 04:00:00,1.16056,1.16137,1.15952,1.16083,11613,3
2021-10-28 08:00:00,1.16083,1.16177,1.15821,1.15967,22006,3
2021-10-28 12:00:00,1.15968,1.16921,1.15822,1.16842,45825,3
2021-10-28 16:00:00,1.1684,1.16891,1.1671,1.16804,13452,3
2021-10-28 20:00:00,1.16802,1.16869,1.16763,1.16821,6359,3
2021-10-29 00:00:00,1.16821,1.16899,1.1673,1.16764,9229,3
2021-10-29 04:00:00,1.16762,1.16772,1.1658,1.16702,13656,3
2021-10-29 08:00:00,1.16705,1.16711,1.16449,1.16471,19858,4
2021-10-29 12:00:00,1.16468,1.1648,1.15454,1.15496,38690,3
2021-10-29 16:00:00,1.15495,1.15626,1.1535,1.15593,12258,3
2021-10-29 20:00:00,1.15592,1.15649,1.15529,1.15529,2683,4
2021-10-31 20:00:00,1.15576,1.15642,1.15553,1.15562,2846,47
2021-11-01 00:00:00,1.15562,1.15604,1.15502,1.15504,7589,3
2021-11-01 04:00:00,1.15504,1.15645,1.1546,1.15636,12123,3
2021-11-01 08:00:00,1.15635,1.1577,1.15595,1.15715,17183,3
2021-11-01 12:00:00,1.15717,1.1594,1.15653,1.15913,21274,3
2021-11-01 16:00:00,1.15912,1.16088,1.15857,1.16065,10223,3
2021-11-01 20:00:00,1.16064,1.1609,1.15976,1.15995,8572,3
2021-11-02 00:00:00,1.15996,1.16016,1.1595,1.15989,6396,4
2021-11-02 04:00:00,1.1599,1.16133,1.15987,1.16085,9619,3
2021-11-02 08:00:00,1.16085,1.16107,1.15859,1.16029,17431,3
2021-11-02 12:00:00,1.1603,1.16075,1.15778,1.15806,23295,3
2021-11-02 16:00:00,1.15805,1.15854,1.15751,1.15831,10877,3
2021-11-02 20:00:00,1.15832,1.15832,1.1576,1.1579,2208,3
2021-11-03 00:00:00,1.1579,1.15874,1.15748,1.1583,4938,4
2021-11-03 04:00:00,1.15828,1.15875,1.15786,1.15808,4870,4
2021-11-03 08:00:00,1.15812,1.15977,1.15784,1.15873,12991,3
2021-11-03 12:00:00,1.15874,1.15895,1.15622,1.15846,24141,3
2021-11-03 16:00:00,1.15844,1.16162,1.15719,1.16073,47446,3
2021-11-03 20:00:00,1.16074,1.16164,1.16041,1.16152,5870,3
2021-11-04 00:00:00,1.16152,1.1616,1.15928,1.15933,6149,4
2021-11-04 04:00:00,1.15932,1.15958,1.15697,1.15711,8731,3
2021-11-04 08:00:00,1.15712,1.15717,1.15426,1.15544,20610,3
2021-11-04 12:00:00,1.15542,1.1573,1.15282,1.15453,31239,3
2021-11-04 16:00:00,1.15454,1.15574,1.154,1.15573,13057,3
2021-11-04 20:00:00,1.15571,1.15578,1.15487,1.15552,5978,4
2021-11-05 00:00:00,1.15553,1.1556,1.15409,1.15463,8479,4
2021-11-05 04:00:00,1.15464,1.15629,1.15464,1.15603,8394,3
2021-11-05 08:00:00,1.15604,1.15613,1.153,1.15335,22552,3
2021-11-05 12:00:00,1.15336,1.15563,1.15132,1.15523,36933,6
2021-11-05 16:00:00,1.15521,1.15688,1.15483,1.15678,11537,3
2021-11-05 20:00:00,1.1568,1.15731,1.15631,1.15631,2889,3
2021-11-07 20:00:00,1.15566,1.15698,1.15559,1.15682,7963,41
2021-11-08 00:00:00,1.15681,1.15681,1.15531,1.15578,5075,3
2021-11-08 04:00:00,1.15578,1.15686,1.15511,1.15597,6125,3
2021-11-08 08:00:00,1.15598,1.1576,1.15503,1.15715,14542,3
2021-11-08 12:00:00,1.15713,1.15946,1.1564,1.15888,20306,3
2021-11-08 16:00:00,1.15887,1.15949,1.15835,1.1589,6896,3
2021-11-08 20:00:00,1.15889,1.15912,1.15826,1.15877,4952,3
2021-11-09 00:00:00,1.15877,1.15906,1.1577,1.15851,6319,3
2021-11-09 04:00:00,1.15851,1.16065,1.15851,1.1596,8077,3
2021-11-09 08:00:00,1.15961,1.15984,1.15782,1.15797,13579,3
2021-11-09 12:00:00,1.15798,1.16087,1.15698,1.15849,23844,3
2021-11-09 16:00:00,1.15847,1.15947,1.15713,1.15942,11574,3
2021-11-09 20:00:00,1.15942,1.15985,1.15904,1.1594,5269,3
2021-11-10 00:00:00,1.1594,1.15952,1.15826,1.15841,5357,4
2021-11-10 04:00:00,1.15842,1.15849,1.15577,1.15686,8597,3
2021-11-10 08:00:00,1.15685,1.15822,1.15457,1.15491,16909,3
2021-11-10 12:00:00,1.15491,1.15741,1.15111,1.15187,38206,3
2021-11-10 16:00:00,1.15185,1.15346,1.14818,1.14833,26191,3
2021-11-10 20:00:00,1.14834,1.14868,1.14759,1.14856,6677,3
2021-11-11 00:00:00,1.14856,1.14875,1.14647,1.14761,6592,4
2021-11-11 04:00:00,1.14763,1.14849,1.14601,1.14601,6792,3
2021-11-11 08:00:00,1.14601,1.14765,1.14538,1.14699,19833,3
2021-11-11 12:00:00,1.147,1.1477,1.14557,1.14703,18626,3
2021-11-11 16:00:00,1.14703,1.14707,1.14445,1.14451,11504,3
2021-11-11 20:00:00,1.1445,1.14516,1.14428,1.14474,5172,4
2021-11-12 00:00:00,1.14477,1.14482,1.14359,1.14391,6436,4
2021-11-12 04:00:00,1.14392,1.14559,1.14373,1.14506,5628,4
2021-11-12 08:00:00,1.14507,1.14551,1.14371,1.14497,17256,3
2021-11-12 12:00:00,1.14497,1.1462,1.14328,1.14441,26565,3
2021-11-12 16:00:00,1.14439,1.14518,1.1441,1.14431,10427,3
2021-11-12 20:00:00,1.1443,1.1447,1.14413,1.14413,2442,3
2021-11-14 20:00:00,1.14473,1.14473,1.14411,1.14412,1104,35
2021-11-15 00:00:00,1.1441,1.14638,1.1441,1.14578,5976,4
2021-11-15 04:00:00,1.14576,1.1463,1.14488,1.14501,7197,4
2021-11-15 08:00:00,1.14502,1.14565,1.14367,1.14499,17516,3
2021-11-15 12:00:00,1.14501,1.14542,1.14177,1.14201,20828,3
2021-11-15 16:00:00,1.14199,1.1424,1.13778,1.13855,17384,2
2021-11-15 20:00:00,1.13855,1.13868,1.13562,1.13668,8747,3
2021-11-16 00:00:00,1.1367,1.13856,1.1366,1.13823,9180,4
2021-11-16 04:00:00,1.13823,1.13844,1.13681,1.13796,9669,3
2021-11-16 08:00:00,1.13795,1.13797,1.13514,1.1367,17474,3
2021-11-16 12:00:00,1.1367,1.13748,1.13297,1.13501,29602,3
2021-11-16 16:00:00,1.135,1.13556,1.1316,1.13164,14212,3
2021-11-16 20:00:00,1.13167,1.13228,1.13089,1.13179,10483,4
2021-11-17 00:00:00,1.1318,1.13267,1.12635,1.12886,10270,4
2021-11-17 04:00:00,1.12886,1.13172,1.12885,1.13027,12828,4
2021-11-17 08:00:00,1.13025,1.13245,1.12991,1.13245,16790,3
2021-11-17 12:00:00,1.13243,1.13321,1.12931,1.13078,23317,3
2021-11-17 16:00:00,1.13077,1.13265,1.12997,1.13146,15346,3
2021-11-17 20:00:00,1.13144,1.13231,1.1311,1.13178,5983,3
2021-11-18 00:00:00,1.13178,1.13379,1.13163,1.13279,8463,4
2021-11-18 04:00:00,1.1328,1.13384,1.13137,1.13347,8476,3
2021-11-18 08:00:00,1.13345,1.13475,1.1324,1.13442,18795,3
2021-11-18 12:00:00,1.13441,1.13591,1.13268,1.13481,27516,3
2021-11-18 16:00:00,1.13478,1.1374,1.13465,1.13705,9954,3
2021-11-18 20:00:00,1.13708,1.13739,1.13667,1.13676,5882,3
2021-11-19 00:00:00,1.13677,1.13692,1.1352,1.13552,5043,4
2021-11-19 04:00:00,1.13549,1.13604,1.13435,1.13437,5219,3
2021-11-19 08:00:00,1.13438,1.13453,1.12827,1.12898,40251,3
2021-11-19 12:00:00,1.12899,1.13213,1.12499,1.13176,34361,3
2021-11-19 16:00:00,1.13177,1.13221,1.12853,1.12894,22618,3
2021-11-19 20:00:00,1.12893,1.12916,1.12794,1.12794,7626,5
2021-11-21 20:00:00,1.12873,1.12907,1.12715,1.12752,2809,28
2021-11-22 00:00:00,1.12752,1.12896,1.12648,1.12709,12712,4
2021-11-22 04:00:00,1.1271,1.12786,1.126,1.126,14006,4
2021-11-22 08:00:00,1.12598,1.12904,1.12598,1.12767,21311,3
2021-11-22 12:00:00,1.12765,1.12825,1.1236,1.12466,31273,3
2021-11-22 16:00:00,1.12465,1.12655,1.12309,1.12315,12866,3
2021-11-22 20:00:00,1.12314,1.12417,1.12306,1.12417,4268,3
2021-11-23 00:00:00,1.12415,1.12439,1.12259,1.12372,4308,3
2021-11-23 04:00:00,1.12371,1.12641,1.12316,1.1253,10336,3
2021-11-23 08:00:00,1.12529,1.1275,1.12392,1.12432,28303,4
2021-11-23 12:00:00,1.12431,1.12653,1.12342,1.12643,32064,3
2021-11-23 16:00:00,1.12642,1.12713,1.12461,1.12503,14559,3
2021-11-23 20:00:00,1.12504,1.12536,1.12421,1.12445,5577,3
2021-11-24 00:00:00,1.12444,1.1247,1.12325,1.12354,8780,3
2021-11-24 04:00:00,1.12354,1.12473,1.12331,1.12454,10413,3
2021-11-24 08:00:00,1.12453,1.12552,1.12033,1.12171,28748,3
2021-11-24 12:00:00,1.1217,1.12195,1.11859,1.11962,35894,3
2021-11-24 16:00:00,1.11961,1.12034,1.11874,1.11985,12924,3
2021-11-24 20:00:00,1.11984,1.12054,1.11944,1.12025,3692,3
2021-11-25 00:00:00,1.12025,1.12181,1.12025,1.12138,4263,4
2021-11-25 04:00:00,1.12136,1.12202,1.12099,1.12154,3902,3
2021-11-25 08:00:00,1.12156,1.12292,1.12146,1.1219,12719,3
2021-11-25 12:00:00,1.12189,1.12296,1.12074,1.12095,14334,3
2021-11-25 16:00:00,1.12096,1.12151,1.12055,1.12092,10813,4
2021-11-25 20:00:00,1.12092,1.12125,1.12056,1.12091,6714,12
2021-11-26 00:00:00,1.12091,1.12272,1.12067,1.12189,14796,4
2021-11-26 04:00:00,1.1219,1.12442,1.12175,1.12336,16934,3
2021-11-26 08:00:00,1.12338,1.12952,1.12301,1.12778,37707,3
2021-11-26 12:00:00,1.12778,1.13212,1.12741,1.13167,36340,3
2021-11-26 16:00:00,1.13165,1.1322,1.12906,1.13143,24639,3
2021-11-26 20:00:00,1.13143,1.13301,1.13067,1.13071,5574,20
2021-11-28 20:00:00,1.13004,1.13134,1.12803,1.12925,7127,28
2021-11-29 00:00:00,1.12925,1.12968,1.12768,1.12809,13053,4
2021-11-29 04:00:00,1.12808,1.12851,1.12614,1.12639,13329,3
2021-11-29 08:00:00,1.12641,1.12947,1.12601,1.12921,20908,3
2021-11-29 12:00:00,1.12922,1.12939,1.12583,1.12661,30042,3
2021-11-29 16:00:00,1.12662,1.12754,1.12586,1.12732,12788,3
2021-11-29 20:00:00,1.12732,1.13003,1.12731,1.12925,7196,3
2021-11-30 00:00:00,1.12925,1.13046,1.12847,1.12985,9771,4
2021-11-30 04:00:00,1.12987,1.13322,1.12952,1.13285,29529,5
2021-11-30 08:00:00,1.13285,1.13727,1.13283,1.13474,29680,4
2021-11-30 12:00:00,1.13474,1.13828,1.12499,1.12593,39270,3
2021-11-30 16:00:00,1.12591,1.13248,1.12349,1.13246,42323,4
2021-11-30 20:00:00,1.13245,1.13453,1.13189,1.13299,12252,3
2021-12-01 00:00:00,1.13298,1.13363,1.13163,1.13281,9218,3
2021-12-01 04:00:00,1.13278,1.13436,1.1317,1.13403,11137,3
2021-12-01 08:00:00,1.13405,1.13596,1.13025,1.1321,31053,3
2021-12-01 12:00:00,1.1321,1.13578,1.13106,1.13344,37999,3
2021-12-01 16:00:00,1.13342,1.13354,1.13152,1.13175,17956,3
2021-12-01 20:00:00,1.13174,1.13218,1.1309,1.13187,9151,3
2021-12-02 00:00:00,1.13189,1.13392,1.13149,1.13305,6933,4
2021-12-02 04:00:00,1.13307,1.13335,1.13071,1.13097,11043,3
2021-12-02 08:00:00,1.13099,1.1344,1.13098,1.13398,20332,3
2021-12-02 12:00:00,1.13399,1.13476,1.1313,1.13175,28044,3
2021-12-02 16:00:00,1.13176,1.13204,1.12953,1.12968,15361,3
2021-12-02 20:00:00,1.12968,1.13063,1.12965,1.13057,5268,3
2021-12-03 00:00:00,1.13057,1.13074,1.12907,1.1294,5831,3
2021-12-03 04:00:00,1.12937,1.13022,1.12815,1.12922,10156,3
2021-12-03 08:00:00,1.1292,1.13159,1.1285,1.13085,19353,3
2021-12-03 12:00:00,1.13086,1.13333,1.12665,1.12789,56769,3
2021-12-03 16:00:00,1.12789,1.13269,1.12765,1.13117,22841,3
2021-12-03 20:00:00,1.13119,1.13149,1.13012,1.13117,5128,3
2021-12-05 20:00:00,1.13046,1.13129,1.13014,1.1304,4166,28
2021-12-06 00:00:00,1.1304,1.1304,1.12882,1.12925,12772,4
2021-12-06 04:00:00,1.12924,1.12933,1.12748,1.12752,9239,4
2021-12-06 08:00:00,1.12752,1.13101,1.12747,1.12926,16833,3
2021-12-06 12:00:00,1.12927,1.13078,1.12663,1.12722,21216,3
2021-12-06 16:00:00,1.12722,1.12882,1.12697,1.12786,9644,3
2021-12-06 20:00:00,1.12786,1.12868,1.12778,1.12834,5259,3
2021-12-07 00:00:00,1.12833,1.12927,1.12758,1.12905,6239,4
2021-12-07 04:00:00,1.12907,1.12984,1.12864,1.12885,6977,3
2021-12-07 08:00:00,1.12886,1.12948,1.12535,1.12575,18260,3
2021-12-07 12:00:00,1.12575,1.12597,1.12275,1.12458,22964,3
2021-12-07 16:00:00,1.12457,1.12612,1.12365,1.12612,9731,3
2021-12-07 20:00:00,1.12612,1.12737,1.12591,1.12723,5095,3
2021-12-08 00:00:00,1.12725,1.12935,1.12725,1.12916,7195,4
2021-12-08 04:00:00,1.12916,1.12956,1.12836,1.1286,8801,3
2021-12-08 08:00:00,1.12862,1.13,1.12681,1.12763,21941,3
2021-12-08 12:00:00,1.12762,1.13347,1.12667,1.13326,32361,3
2021-12-08 16:00:00,1.13326,1.13507,1.1325,1.13494,9538,3
2021-12-08 20:00:00,1.13494,1.13547,1.13399,1.13441,6546,3
2021-12-09 00:00:00,1.13441,1.13442,1.13293,1.13345,4766,4
2021-12-09 04:00:00,1.13344,1.13367,1.13171,1.13201,6096,3
2021-12-09 08:00:00,1.132,1.13269,1.13105,1.13168,14667,3
2021-12-09 12:00:00,1.13168,1.13206,1.12786,1.1284,20970,3
2021-12-09 16:00:00,1.12839,1.12944,1.12783,1.12872,10532,3
2021-12-09 20:00:00,1.12871,1.12981,1.1287,1.12936,3433,3
2021-12-10 00:00:00,1.12935,1.13015,1.12868,1.12982,7475,3
2021-12-10 04:00:00,1.12981,1.13028,1.12862,1.12939,7163,3
2021-12-10 08:00:00,1.1294,1.12972,1.12651,1.12676,13921,3
2021-12-10 12:00:00,1.12676,1.13096,1.12666,1.13015,31327,3
2021-12-10 16:00:00,1.13014,1.13239,1.13003,1.13111,10089,3
2021-12-10 20:00:00,1.13112,1.13193,1.13105,1.13146,2840,3
2021-12-12 20:00:00,1.131,1.13192,1.13038,1.13106,2019,79
2021-12-13 00:00:00,1.13106,1.1314,1.12935,1.12979,5712,4
2021-12-13 04:00:00,1.1298,1.12997,1.12837,1.12903,6835,3
2021-12-13 08:00:00,1.12904,1.12928,1.126,1.12742,15857,3
2021-12-13 12:00:00,1.12741,1.12976,1.12725,1.12755,22356,3
2021-12-13 16:00:00,1.12753,1.13071,1.12741,1.12872,11121,3
2021-12-13 20:00:00,1.1287,1.12909,1.12804,1.12834,10043,3
2021-12-14 00:00:00,1.12834,1.12847,1.12713,1.12733,6544,3
2021-12-14 04:00:00,1.12731,1.12832,1.12706,1.12706,6858,4
2021-12-14 08:00:00,1.12707,1.13238,1.12662,1.13187,18432,3
2021-12-14 12:00:00,1.13187,1.13202,1.12711,1.12729,28655,3
2021-12-14 16:00:00,1.12727,1.12766,1.12557,1.12558,14722,3
2021-12-14 20:00:00,1.12557,1.12594,1.12535,1.12575,3933,4
2021-12-15 00:00:00,1.12575,1.12697,1.12569,1.12597,5765,4
2021-12-15 04:00:00,1.12598,1.12766,1.12598,1.12641,6672,3
2021-12-15 08:00:00,1.1264,1.12771,1.12624,1.12697,12990,3
2021-12-15 12:00:00,1.12698,1.12757,1.1248,1.12518,24461,3
2021-12-15 16:00:00,1.12519,1.12751,1.12215,1.12724,39603,3
2021-12-15 20:00:00,1.12723,1.12991,1.12632,1.12902,24878,4
2021-12-16 00:00:00,1.12903,1.1292,1.12811,1.12856,8282,4
2021-12-16 04:00:00,1.12856,1.1312,1.12834,1.13051,7240,3
2021-12-16 08:00:00,1.13052,1.1319,1.12904,1.12958,17020,4
2021-12-16 12:00:00,1.1296,1.13603,1.12914,1.13068,36405,3
2021-12-16 16:00:00,1.1307,1.13261,1.13013,1.13247,8057,3
2021-12-16 20:00:00,1.13246,1.13364,1.13188,1.13336,4930,3
2021-12-17 00:00:00,1.13335,1.13351,1.13202,1.13269,5529,4
2021-12-17 04:00:00,1.13269,1.13488,1.1317,1.13181,7880,3
2021-12-17 08:00:00,1.13181,1.13397,1.13115,1.13181,17507,3
2021-12-17 12:00:00,1.1318,1.13327,1.12736,1.12738,23615,3
2021-12-17 16:00:00,1.12738,1.12792,1.12509,1.12521,12913,3
2021-12-17 20:00:00,1.1252,1.12527,1.1235,1.1237,4550,3
2021-12-19 20:00:00,1.12371,1.12439,1.12344,1.12428,1888,60
2021-12-20 00:00:00,1.12426,1.12503,1.12363,1.12482,9668,4
2021-12-20 04:00:00,1.12482,1.12612,1.12442,1.1255,9726,4
2021-12-20 08:00:00,1.1255,1.12767,1.12497,1.12703,17373,3
2021-12-20 12:00:00,1.12704,1.13037,1.1268,1.12888,19288,3
2021-12-20 16:00:00,1.12887,1.13036,1.1274,1.12741,9690,3
2021-12-20 20:00:00,1.12742,1.12805,1.12718,1.12771,4015,3
2021-12-21 00:00:00,1.12771,1.12869,1.1273,1.12822,5976,4
2021-12-21 04:00:00,1.12823,1.12956,1.12759,1.12878,7082,3
2021-12-21 08:00:00,1.12878,1.13026,1.12759,1.12854,14681,3
2021-12-21 12:00:00,1.12853,1.13014,1.12609,1.12641,20198,3
2021-12-21 16:00:00,1.12641,1.12818,1.12607,1.12811,10303,3
2021-12-21 20:00:00,1.12813,1.12878,1.12746,1.12871,4432,3
2021-12-22 00:00:00,1.12872,1.1294,1.12734,1.12762,5104,4
2021-12-22 04:00:00,1.12761,1.12761,1.12644,1.12676,5883,3
2021-12-22 08:00:00,1.12674,1.13106,1.12657,1.13009,14576,3
2021-12-22 12:00:00,1.1301,1.13241,1.12978,1.13211,17504,3
2021-12-22 16:00:00,1.13212,1.13423,1.13186,1.13325,10152,3
2021-12-22 20:00:00,1.13324,1.13386,1.13172,1.13265,8834,4
2021-12-23 00:00:00,1.13263,1.13422,1.13258,1.13387,4472,4
2021-12-23 04:00:00,1.13386,1.13418,1.13263,1.13282,4115,5
2021-12-23 08:00:00,1.1328,1.13304,1.13106,1.13237,15508,3
2021-12-23 12:00:00,1.13236,1.13281,1.129,1.13086,24911,3
2021-12-23 16:00:00,1.13084,1.13377,1.13061,1.13341,7999,3
2021-12-23 20:00:00,1.13338,1.13352,1.13224,1.13228,11000,3
2021-12-24 00:00:00,1.13227,1.13306,1.1322,1.13282,13013,6
2021-12-24 04:00:00,1.13282,1.13346,1.13263,1.13313,13056,6
2021-12-24 08:00:00,1.13313,1.13433,1.13257,1.13273,12820,5
2021-12-24 12:00:00,1.13272,1.13336,1.13068,1.1307,44396,6
2021-12-24 16:00:00,1.13071,1.13262,1.1307,1.13103,72356,10
2021-12-24 20:00:00,1.13102,1.13263,1.13031,1.13102,36568,40
2021-12-26 20:00:00,1.13101,1.1326,1.13076,1.13231,2802,90
2021-12-27 00:00:00,1.13233,1.13236,1.13136,1.13236,3303,4
2021-12-27 04:00:00,1.13237,1.13304,1.1313,1.13297,2868,4
2021-12-27 08:00:00,1.13296,1.13344,1.13028,1.13148,14763,4
2021-12-27 12:00:00,1.13145,1.13309,1.13033,1.13187,11576,3
2021-12-27 16:00:00,1.13185,1.13315,1.13177,1.13251,4181,3
2021-12-27 20:00:00,1.13251,1.13303,1.13236,1.13294,2206,3
2021-12-28 00:00:00,1.13293,1.13312,1.13181,1.13254,3369,5
2021-12-28 04:00:00,1.13254,1.13288,1.13161,1.13173,2626,3
2021-12-28 08:00:00,1.13174,1.13331,1.13156,1.13326,9201,4
2021-12-28 12:00:00,1.13329,1.13331,1.12895,1.12953,12185,3
2021-12-28 16:00:00,1.12953,1.13208,1.12947,1.13024,8701,3
2021-12-28 20:00:00,1.13022,1.13143,1.1302,1.1313,8368,4
2021-12-29 00:00:00,1.13131,1.13135,1.12974,1.13061,4913,4
2021-12-29 04:00:00,1.13062,1.13072,1.12972,1.13001,4539,5
2021-12-29 08:00:00,1.13,1.1303,1.12737,1.13008,14716,3
2021-12-29 12:00:00,1.13008,1.13688,1.12917,1.13491,27829,3
2021-12-29 16:00:00,1.1349,1.13534,1.13345,1.13428,10465,3
2021-12-29 20:00:00,1.13429,1.13598,1.13403,1.13595,4349,3
2021-12-30 00:00:00,1.13595,1.13597,1.13371,1.13377,5242,4
2021-12-30 04:00:00,1.13377,1.13377,1.13147,1.13174,5848,3
2021-12-30 08:00:00,1.13175,1.13258,1.12997,1.13258,13332,3
2021-12-30 12:00:00,1.13257,1.13444,1.12984,1.13305,20552,3
2021-12-30 16:00:00,1.13305,1.13318,1.13038,1.13271,6358,3
2021-12-30 20:00:00,1.1327,1.13301,1.13181,1.13222,4074,3
2021-12-31 00:00:00,1.13219,1.13285,1.13143,1.13159,2253,4
2021-12-31 04:00:00,1.13159,1.13254,1.13038,1.13047,3328,4
2021-12-31 08:00:00,1.13048,1.13362,1.13032,1.13189,11178,4
2021-12-31 12:00:00,1.13186,1.13753,1.1312,1.13719,20805,3
2021-12-31 16:00:00,1.13717,1.13863,1.13589,1.13825,7294,3
2021-12-31 20:00:00,1.13823,1.13851,1.13667,1.13667,3479,5
2022-01-02 20:00:00,1.1369,1.13782,1.13649,1.13727,2817,86
2022-01-03 00:00:00,1.13726,1.13755,1.13412,1.13481,4822,4
2022-01-03 04:00:00,1.13482,1.135,1.13349,1.1348,4418,4
2022-01-03 08:00:00,1.13479,1.13661,1.13352,1.13554,17100,3
2022-01-03 12:00:00,1.13554,1.13641,1.12902,1.12915,32581,4
2022-01-03 16:00:00,1.12916,1.12995,1.12797,1.12971,15937,3
2022-01-03 20:00:00,1.1297,1.13022,1.12929,1.13017,8951,5
2022-01-04 00:00:00,1.13016,1.13094,1.12953,1.12975,8858,5
2022-01-04 04:00:00,1.12975,1.13071,1.12831,1.12914,24493,5
2022-01-04 08:00:00,1.12914,1.13083,1.12759,1.1276,22701,4
2022-01-04 12:00:00,1.12763,1.13224,1.12721,1.13091,25390,3
2022-01-04 16:00:00,1.13092,1.13154,1.12779,1.12876,15204,3
2022-01-04 20:00:00,1.12875,1.12894,1.12808,1.12827,5068,3
2022-01-05 00:00:00,1.12826,1.12967,1.12769,1.12956,7128,4
2022-01-05 04:00:00,1.12956,1.13025,1.12873,1.12986,9152,4
2022-01-05 08:00:00,1.12987,1.13237,1.12966,1.13189,20672,3
2022-01-05 12:00:00,1.13191,1.13441,1.1303,1.13369,33837,3
2022-01-05 16:00:00,1.13367,1.13463,1.1308,1.13101,21490,3
2022-01-05 20:00:00,1.13103,1.13142,1.13021,1.13105,5536,3
2022-01-06 00:00:00,1.13104,1.13205,1.13048,1.1315,11394,4
2022-01-06 04:00:00,1.1315,1.13163,1.12845,1.12896,12655,4
2022-01-06 08:00:00,1.12897,1.13268,1.12848,1.13132,23316,3
2022-01-06 12:00:00,1.13131,1.13318,1.12928,1.12958,36730,4
2022-01-06 16:00:00,1.12956,1.13093,1.12865,1.12868,19040,3
2022-01-06 20:00:00,1.12867,1.12998,1.12861,1.12949,5588,4
2022-01-07 00:00:00,1.12947,1.13017,1.12899,1.1299,6598,4
2022-01-07 04:00:00,1.1299,1.1306,1.1298,1.13055,6423,4
2022-01-07 08:00:00,1.13054,1.13192,1.13008,1.13043,16808,3
2022-01-07 12:00:00,1.13046,1.13491,1.12922,1.13471,39427,3
2022-01-07 16:00:00,1.13472,1.13647,1.13376,1.13628,11472,3
2022-01-07 20:00:00,1.13626,1.13641,1.13572,1.13593,2544,3
2022-01-09 20:00:00,1.13515,1.13602,1.13497,1.13534,4989,30
2022-01-10 00:00:00,1.13533,1.1358,1.13337,1.13374,7329,5
2022-01-10 04:00:00,1.13373,1.13406,1.13263,1.13289,10932,3
2022-01-10 08:00:00,1.1329,1.13444,1.13205,1.13254,29183,4
2022-01-10 12:00:00,1.13252,1.13294,1.12847,1.13185,27040,3
2022-01-10 16:00:00,1.13184,1.13347,1.13161,1.13232,10017,3
2022-01-10 20:00:00,1.13231,1.13326,1.13206,1.13299,4257,3
2022-01-11 00:00:00,1.13297,1.13436,1.13284,1.13414,6683,5
2022-01-11 04:00:00,1.13415,1.13445,1.13315,1.13417,6709,4
2022-01-11 08:00:00,1.13415,1.13518,1.13259,1.13387,16669,3
2022-01-11 12:00:00,1.13387,1.13452,1.1313,1.13403,22017,3
2022-01-11 16:00:00,1.13402,1.13752,1.13401,1.13667,12052,3
2022-01-11 20:00:00,1.13667,1.13709,1.13618,1.13658,3437,3
2022-01-12 00:00:00,1.13657,1.13755,1.1364,1.13746,5174,4
2022-01-12 04:00:00,1.13745,1.13779,1.13551,1.13583,5987,4
2022-01-12 08:00:00,1.13587,1.13735,1.13547,1.13615,14777,3
2022-01-12 12:00:00,1.13615,1.14251,1.13597,1.14205,31057,3
2022-01-12 16:00:00,1.14207,1.14526,1.14188,1.14499,16919,3
2022-01-12 20:00:00,1.14499,1.14508,1.14391,1.14394,5182,3
2022-01-13 00:00:00,1.14393,1.1448,1.14357,1.14421,7354,4
2022-01-13 04:00:00,1.14422,1.14663,1.14383,1.14646,7481,3
2022-01-13 08:00:00,1.14647,1.14782,1.14574,1.14624,18518,3
2022-01-13 12:00:00,1.14626,1.14817,1.14471,1.14607,23202,3
2022-01-13 16:00:00,1.14607,1.14717,1.14548,1.14615,10813,3
2022-01-13 20:00:00,1.14613,1.14622,1.14506,1.14564,4731,3
2022-01-14 00:00:00,1.14564,1.14757,1.14511,1.14736,10237,4
2022-01-14 04:00:00,1.14735,1.14827,1.14601,1.14657,8208,4
2022-01-14 08:00:00,1.14655,1.14746,1.14483,1.14518,16942,3
2022-01-14 12:00:00,1.14518,1.1456,1.14237,1.14331,27228,3
2022-01-14 16:00:00,1.1433,1.14357,1.13984,1.14151,10291,3
2022-01-14 20:00:00,1.14151,1.14176,1.1409,1.1409,2221,3
2022-01-16 20:00:00,1.14118,1.14156,1.14056,1.14112,2655,80
2022-01-17 00:00:00,1.14111,1.14196,1.14,1.14182,6425,3
2022-01-17 04:00:00,1.14182,1.14279,1.14119,1.1425,5350,3
2022-01-17 08:00:00,1.14252,1.14344,1.14062,1.14141,15212,3
2022-01-17 12:00:00,1.14141,1.14165,1.13917,1.14038,15285,3
2022-01-17 16:00:00,1.14039,1.14158,1.14007,1.14048,4375,2
2022-01-17 20:00:00,1.14047,1.141,1.14045,1.141,2149,3
2022-01-18 00:00:00,1.14099,1.14214,1.13849,1.13925,8971,4
2022-01-18 04:00:00,1.13924,1.14045,1.13912,1.13972,12704,3
2022-01-18 08:00:00,1.13973,1.14057,1.13832,1.13865,23330,3
2022-01-18 12:00:00,1.13866,1.13918,1.1343,1.13431,26054,3
2022-01-18 16:00:00,1.13432,1.13439,1.1319,1.13269,13362,3
2022-01-18 20:00:00,1.1327,1.13322,1.13146,1.13286,4998,3
2022-01-19 00:00:00,1.13289,1.133,1.13187,1.13275,9962,4
2022-01-19 04:00:00,1.13273,1.13427,1.13256,1.13307,9700,4
2022-01-19 08:00:00,1.13306,1.13497,1.13294,1.13376,16334,3
2022-01-19 12:00:00,1.13375,1.13539,1.1333,1.13443,21077,3
2022-01-19 16:00:00,1.13446,1.13571,1.13401,1.1351,10312,3
2022-01-19 20:00:00,1.13509,1.13546,1.13397,1.13429,3821,3
2022-01-20 00:00:00,1.13427,1.13651,1.13427,1.13533,8524,5
2022-01-20 04:00:00,1.13534,1.13666,1.13455,1.13597,7845,3
2022-01-20 08:00:00,1.13596,1.13688,1.1333,1.13401,17261,3
2022-01-20 12:00:00,1.134,1.13578,1.13285,1.13479,24478,3
2022-01-20 16:00:00,1.13478,1.13531,1.13114,1.13123,10466,3
2022-01-20 20:00:00,1.13123,1.13185,1.13031,1.13128,7736,3
2022-01-21 00:00:00,1.13129,1.1335,1.13009,1.13257,11469,3
2022-01-21 04:00:00,1.13258,1.13366,1.13223,1.13286,7879,3
2022-01-21 08:00:00,1.13284,1.13452,1.13255,1.13296,15160,3
2022-01-21 12:00:00,1.13296,1.13596,1.13261,1.13459,22076,3
2022-01-21 16:00:00,1.1346,1.13532,1.13396,1.13413,9346,3
2022-01-21 20:00:00,1.13412,1.13453,1.13381,1.13418,4369,3
2022-01-23 20:00:00,1.13396,1.1345,1.13365,1.13409,3556,63
2022-01-24 00:00:00,1.1341,1.1341,1.13274,1.13288,9723,5
2022-01-24 04:00:00,1.13287,1.13312,1.13147,1.13237,10050,4
2022-01-24 08:00:00,1.13236,1.13363,1.13012,1.1304,27019,4
2022-01-24 12:00:00,1.13041,1.13246,1.12904,1.13087,30924,3
2022-01-24 16:00:00,1.13088,1.1335,1.13044,1.13197,16694,3
2022-01-24 20:00:00,1.13195,1.13289,1.13179,1.13236,6744,3
2022-01-25 00:00:00,1.13235,1.1324,1.13089,1.13123,9117,4
2022-01-25 04:00:00,1.13124,1.13164,1.13014,1.13019,9338,3
2022-01-25 08:00:00,1.1302,1.13156,1.12685,1.12717,22214,3
2022-01-25 12:00:00,1.12719,1.12811,1.12631,1.12742,24843,3
2022-01-25 16:00:00,1.12741,1.13048,1.12715,1.13037,10942,3
2022-01-25 20:00:00,1.13036,1.13069,1.12942,1.13028,6438,3
2022-01-26 00:00:00,1.13028,1.13107,1.13012,1.13055,5759,4
2022-01-26 04:00:00,1.13056,1.13058,1.12892,1.12911,7684,3
2022-01-26 08:00:00,1.12911,1.12971,1.12753,1.12787,18996,3
2022-01-26 12:00:00,1.12789,1.12963,1.12715,1.12804,21266,3
2022-01-26 16:00:00,1.12803,1.13006,1.12471,1.12553,30966,3
2022-01-26 20:00:00,1.12553,1.12553,1.12354,1.12405,18436,4
2022-01-27 00:00:00,1.12405,1.12432,1.12209,1.12211,12915,4
2022-01-27 04:00:00,1.12212,1.12269,1.11965,1.11984,12083,3
2022-01-27 08:00:00,1.11985,1.12063,1.11521,1.11587,25741,3
2022-01-27 12:00:00,1.11588,1.11689,1.11312,1.11493,33668,3
2022-01-27 16:00:00,1.11492,1.11617,1.11357,1.11402,16825,3
2022-01-27 20:00:00,1.11404,1.11492,1.11393,1.11445,6334,3
2022-01-28 00:00:00,1.11446,1.11558,1.11379,1.11532,8989,3
2022-01-28 04:00:00,1.11531,1.11549,1.11259,1.11348,13018,3
2022-01-28 08:00:00,1.11347,1.11437,1.11213,1.11332,26040,3
2022-01-28 12:00:00,1.11333,1.11735,1.11253,1.11642,34820,3
2022-01-28 16:00:00,1.11648,1.11695,1.11431,1.11443,20787,3
2022-01-28 20:00:00,1.11442,1.11513,1.1141,1.1145,3842,3
2022-01-30 20:00:00,1.11422,1.11524,1.1138,1.11519,2785,37
2022-01-31 00:00:00,1.11519,1.11629,1.1144,1.11608,9497,4
2022-01-31 04:00:00,1.11609,1.11713,1.11602,1.11708,8509,3
2022-01-31 08:00:00,1.11708,1.11823,1.1153,1.11594,22342,3
2022-01-31 12:00:00,1.11593,1.12178,1.11462,1.12106,34597,3
2022-01-31 16:00:00,1.12105,1.12478,1.11987,1.12431,16054,3
2022-01-31 20:00:00,1.12431,1.12454,1.12291,1.12292,6024,3
2022-02-01 00:00:00,1.12293,1.12338,1.12209,1.12332,7233,4
2022-02-01 04:00:00,1.12331,1.1268,1.12331,1.12664,9843,3
2022-02-01 08:00:00,1.12663,1.12786,1.12517,1.1273,22835,3
2022-02-01 12:00:00,1.1273,1.12743,1.12452,1.12472,27846,3
2022-02-01 16:00:00,1.12473,1.12575,1.12342,1.12528,13301,3
2022-02-01 20:00:00,1.12526,1.12739,1.12517,1.1273,5088,3
2022-02-02 00:00:00,1.12728,1.12778,1.12681,1.12706,5942,4
2022-02-02 04:00:00,1.12706,1.12841,1.12665,1.12814,5575,4
2022-02-02 08:00:00,1.12811,1.13199,1.12784,1.13162,20363,3
2022-02-02 12:00:00,1.13163,1.133,1.12924,1.12966,25341,3
2022-02-02 16:00:00,1.12967,1.13142,1.12927,1.13102,7731,3
2022-02-02 20:00:00,1.13105,1.13139,1.12981,1.12992,4316,3
2022-02-03 00:00:00,1.12992,1.13082,1.12929,1.13045,6035,5
2022-02-03 04:00:00,1.13046,1.13053,1.1288,1.12971,8721,4
2022-02-03 08:00:00,1.12969,1.13024,1.12752,1.12801,15043,3
2022-02-03 12:00:00,1.12807,1.14236,1.12672,1.14175,69898,4
2022-02-03 16:00:00,1.14175,1.14514,1.14145,1.14331,24361,4
2022-02-03 20:00:00,1.14332,1.1442,1.14281,1.14355,6843,4
2022-02-04 00:00:00,1.14352,1.14688,1.14318,1.14623,10376,4
2022-02-04 04:00:00,1.14622,1.14719,1.14513,1.14673,10899,4
2022-02-04 08:00:00,1.14673,1.14837,1.14397,1.14784,26161,3
2022-02-04 12:00:00,1.14785,1.1482,1.14115,1.1442,41610,3
2022-02-04 16:00:00,1.1442,1.14641,1.14359,1.14481,11040,3
2022-02-04 20:00:00,1.14481,1.14598,1.14477,1.14477,4108,3
2022-02-06 20:00:00,1.14638,1.14646,1.14513,1.14544,2997,36
2022-02-07 00:00:00,1.14545,1.14559,1.14247,1.14328,8792,4
2022-02-07 04:00:00,1.14325,1.14405,1.14255,1.14322,9620,4
2022-02-07 08:00:00,1.14321,1.14492,1.14151,1.14432,23328,3
2022-02-07 12:00:00,1.14429,1.14587,1.14203,1.14433,27866,3
2022-02-07 16:00:00,1.14432,1.14508,1.14171,1.14432,14170,3
2022-02-07 20:00:00,1.1443,1.14437,1.14332,1.1441,6181,3
2022-02-08 00:00:00,1.14411,1.14487,1.14267,1.14299,8105,4
2022-02-08 04:00:00,1.143,1.14306,1.13961,1.13987,11399,4
2022-02-08 08:00:00,1.13988,1.14335,1.13979,1.14261,21639,3
2022-02-08 12:00:00,1.14261,1.14271,1.14001,1.14181,20873,3
2022-02-08 16:00:00,1.14182,1.14237,1.14014,1.14144,9941,3
2022-02-08 20:00:00,1.14143,1.1421,1.14129,1.14205,4762,3
2022-02-09 00:00:00,1.14208,1.14323,1.1412,1.14301,6660,4
2022-02-09 04:00:00,1.14301,1.14312,1.14024,1.1409,7009,4
2022-02-09 08:00:00,1.1409,1.14447,1.14083,1.14293,16472,3
2022-02-09 12:00:00,1.14297,1.14459,1.14253,1.14282,20387,3
2022-02-09 16:00:00,1.14282,1.14477,1.14257,1.14322,11098,3
2022-02-09 20:00:00,1.14321,1.14333,1.142,1.14211,5681,3
2022-02-10 00:00:00,1.14211,1.14299,1.1413,1.14286,6307,4
2022-02-10 04:00:00,1.14285,1.14314,1.14194,1.14286,7538,4
2022-02-10 08:00:00,1.14287,1.14463,1.14225,1.14319,18480,3
2022-02-10 12:00:00,1.14318,1.14736,1.13748,1.14667,48577,3
2022-02-10 16:00:00,1.14668,1.14948,1.14465,1.14496,29251,3
2022-02-10 20:00:00,1.14494,1.14548,1.14017,1.14112,9223,3
2022-02-11 00:00:00,1.1411,1.1412,1.13858,1.13927,9969,5
2022-02-11 04:00:00,1.13925,1.13927,1.13699,1.13849,12095,3
2022-02-11 08:00:00,1.1385,1.13995,1.1378,1.13947,21851,3
2022-02-11 12:00:00,1.1395,1.1418,1.13801,1.14019,26580,3
2022-02-11 16:00:00,1.14021,1.14081,1.13296,1.13339,47659,3
2022-02-11 20:00:00,1.13339,1.13521,1.1331,1.13463,13719,4
2022-02-13 20:00:00,1.13369,1.13672,1.13365,1.13643,11034,27
2022-02-14 00:00:00,1.13642,1.1369,1.13405,1.13431,10163,4
2022-02-14 04:00:00,1.13431,1.13522,1.13359,1.13381,8854,4
2022-02-14 08:00:00,1.13381,1.13431,1.13008,1.13109,29410,3
2022-02-14 12:00:00,1.1311,1.13423,1.12915,1.13058,40548,3
2022-02-14 16:00:00,1.13057,1.13143,1.12799,1.12946,22634,3
2022-02-14 20:00:00,1.12947,1.13077,1.12928,1.13056,7943,5
2022-02-15 00:00:00,1.13057,1.13224,1.13031,1.13174,7564,5
2022-02-15 04:00:00,1.13173,1.13281,1.13114,1.13126,10970,4
2022-02-15 08:00:00,1.13125,1.13537,1.13093,1.13455,28570,4
2022-02-15 12:00:00,1.13459,1.13599,1.13202,1.13547,30502,4
2022-02-15 16:00:00,1.13547,1.13681,1.1346,1.13594,10479,3
2022-02-15 20:00:00,1.13596,1.13636,1.13545,1.13551,5111,3
2022-02-16 00:00:00,1.1355,1.13595,1.13449,1.13457,6469,4
2022-02-16 04:00:00,1.13457,1.13786,1.13452,1.13752,7645,4
2022-02-16 08:00:00,1.13753,1.13953,1.1371,1.1385,21147,3
2022-02-16 12:00:00,1.1385,1.13866,1.13531,1.13654,26515,3
2022-02-16 16:00:00,1.13652,1.13957,1.13605,1.13902,16537,3
2022-02-16 20:00:00,1.13903,1.13934,1.13669,1.13728,7927,3
2022-02-17 00:00:00,1.13726,1.13848,1.13293,1.13366,10909,4
2022-02-17 04:00:00,1.13367,1.13753,1.1323,1.1375,26262,6
2022-02-17 08:00:00,1.1375,1.1386,1.13429,1.13657,31370,4
2022-02-17 12:00:00,1.13657,1.13794,1.13505,1.13692,35693,3
2022-02-17 16:00:00,1.13693,1.13755,1.1357,1.13638,10253,3
2022-02-17 20:00:00,1.13639,1.13696,1.13568,1.13637,6017,3
2022-02-18 00:00:00,1.13636,1.13712,1.13577,1.13672,11778,4
2022-02-18 04:00:00,1.1367,1.13736,1.13611,1.13697,10200,5
2022-02-18 08:00:00,1.13696,1.13769,1.13469,1.13624,19567,4
2022-02-18 12:00:00,1.13623,1.13682,1.13274,1.13411,24911,3
2022-02-18 16:00:00,1.13412,1.13422,1.1314,1.1331,14338,3
2022-02-18 20:00:00,1.13311,1.13317,1.13196,1.13203,4095,3
2022-02-20 20:00:00,1.13186,1.13253,1.13131,1.13164,4047,45
2022-02-21 00:00:00,1.1317,1.13679,1.1313,1.13607,10893,4
2022-02-21 04:00:00,1.13606,1.13788,1.13582,1.13735,6346,4
2022-02-21 08:00:00,1.13734,1.13905,1.13456,1.13477,19024,4
2022-02-21 12:00:00,1.13477,1.13502,1.13205,1.13361,22517,3
2022-02-21 16:00:00,1.1336,1.1349,1.13064,1.13182,12651,3
2022-02-21 20:00:00,1.13184,1.13186,1.12963,1.13092,7474,6
2022-02-22 00:00:00,1.13092,1.13197,1.1288,1.12922,12908,4
2022-02-22 04:00:00,1.12922,1.13125,1.12922,1.12966,15209,4
2022-02-22 08:00:00,1.12965,1.13667,1.12929,1.1346,34052,3
2022-02-22 12:00:00,1.13461,1.13592,1.13306,1.13352,27302,3
2022-02-22 16:00:00,1.13355,1.13539,1.1322,1.13346,15846,3
2022-02-22 20:00:00,1.13346,1.1341,1.13229,1.13287,5642,3
2022-02-23 00:00:00,1.13286,1.13387,1.13199,1.13257,5990,4
2022-02-23 04:00:00,1.13258,1.13427,1.13159,1.13398,7655,4
2022-02-23 08:00:00,1.13398,1.13588,1.13339,1.13403,18574,3
2022-02-23 12:00:00,1.13402,1.13523,1.13206,1.13243,21252,3
2022-02-23 16:00:00,1.13242,1.13261,1.13037,1.13076,11007,3
2022-02-23 20:00:00,1.13075,1.13104,1.13001,1.13053,5658,3
2022-02-24 00:00:00,1.13055,1.1306,1.12348,1.1238,29876,4
2022-02-24 04:00:00,1.12379,1.12556,1.12083,1.1245,41836,5
2022-02-24 08:00:00,1.12451,1.12624,1.11551,1.11741,53782,3
2022-02-24 12:00:00,1.11742,1.11848,1.1108,1.11096,48646,3
2022-02-24 16:00:00,1.11094,1.12123,1.11062,1.11874,37680,3
2022-02-24 20:00:00,1.11875,1.12212,1.11845,1.11905,12557,3
2022-02-25 00:00:00,1.11906,1.12178,1.11864,1.12172,19621,4
2022-02-25 04:00:00,1.12172,1.12285,1.11968,1.121,19479,4
2022-02-25 08:00:00,1.12102,1.12151,1.11659,1.11851,34385,3
2022-02-25 12:00:00,1.11853,1.12509,1.11837,1.1244,47026,3
2022-02-25 16:00:00,1.12442,1.12669,1.1235,1.12634,16348,3
2022-02-25 20:00:00,1.12633,1.12739,1.12581,1.12719,5733,3
2022-02-27 20:00:00,1.11237,1.11882,1.11225,1.118,27450,49
2022-02-28 00:00:00,1.11801,1.11944,1.1146,1.11507,35275,6
2022-02-28 04:00:00,1.11508,1.12,1.11421,1.11894,24298,4
2022-02-28 08:00:00,1.11897,1.12321,1.11639,1.1199,41235,3
2022-02-28 12:00:00,1.11992,1.12363,1.11791,1.12316,37906,3
2022-02-28 16:00:00,1.12315,1.12464,1.11974,1.12222,26681,3
2022-02-28 20:00:00,1.12224,1.12228,1.1209,1.12141,6939,3
2022-03-01 00:00:00,1.1214,1.12145,1.1192,1.1192,10859,5
2022-03-01 04:00:00,1.11922,1.12299,1.11906,1.12296,11541,4
2022-03-01 08:00:00,1.12295,1.12329,1.11662,1.11756,37312,4
2022-03-01 12:00:00,1.11756,1.11804,1.11281,1.11401,37898,3
2022-03-01 16:00:00,1.11402,1.11443,1.10896,1.1122,31786,3
2022-03-01 20:00:00,1.11219,1.11379,1.11164,1.11322,12711,4
2022-03-02 00:00:00,1.11321,1.11355,1.1111,1.11189,9144,4
2022-03-02 04:00:00,1.1119,1.11234,1.10838,1.10933,20841,5
2022-03-02 08:00:00,1.10933,1.1104,1.10588,1.10995,43662,4
2022-03-02 12:00:00,1.10995,1.11192,1.10573,1.10683,46793,3
2022-03-02 16:00:00,1.10684,1.11437,1.10636,1.11241,35673,3
2022-03-02 20:00:00,1.11241,1.11302,1.11102,1.11123,10957,3
2022-03-03 00:00:00,1.11119,1.11152,1.109,1.10996,11532,5
2022-03-03 04:00:00,1.10997,1.11062,1.10911,1.10975,9978,4
2022-03-03 08:00:00,1.10974,1.11,1.10717,1.10866,24482,3
2022-03-03 12:00:00,1.10865,1.10968,1.10575,1.10618,33297,3
2022-03-03 16:00:00,1.10617,1.10678,1.10334,1.10577,23764,3
2022-03-03 20:00:00,1.10576,1.10677,1.10564,1.10656,5848,3
2022-03-04 00:00:00,1.10656,1.10665,1.101,1.10258,38028,5
2022-03-04 04:00:00,1.10255,1.10391,1.10083,1.10122,18231,5
2022-03-04 08:00:00,1.10121,1.10242,1.09729,1.09756,27874,3
2022-03-04 12:00:00,1.09755,1.0982,1.08856,1.09185,45440,3
2022-03-04 16:00:00,1.0919,1.09368,1.0908,1.09131,21242,3
2022-03-04 20:00:00,1.09127,1.09404,1.09126,1.09311,9230,3
2022-03-06 20:00:00,1.09199,1.09287,1.08634,1.08736,11051,24
2022-03-07 00:00:00,1.08734,1.08863,1.08213,1.08709,39831,5
2022-03-07 04:00:00,1.0871,1.08978,1.08627,1.08711,33947,5
2022-03-07 08:00:00,1.08712,1.08907,1.08059,1.08592,50374,3
2022-03-07 12:00:00,1.08592,1.09325,1.08554,1.0876,73936,4
2022-03-07 16:00:00,1.08762,1.09003,1.08455,1.08479,30836,3
2022-03-07 20:00:00,1.08483,1.08716,1.08466,1.0866,11304,3
2022-03-08 00:00:00,1.0866,1.08847,1.08489,1.08677,13564,4
2022-03-08 04:00:00,1.08675,1.08836,1.08511,1.08612,22038,5
2022-03-08 08:00:00,1.08616,1.09216,1.08559,1.0891,51886,5
2022-03-08 12:00:00,1.08912,1.09243,1.08719,1.08756,51231,4
2022-03-08 16:00:00,1.08756,1.09582,1.08749,1.09063,55375,3
2022-03-08 20:00:00,1.09063,1.09134,1.089,1.08978,10023,4
2022-03-09 00:00:00,1.08984,1.09201,1.08965,1.09072,10908,5
2022-03-09 04:00:00,1.09071,1.09296,1.09069,1.09164,14328,4
2022-03-09 08:00:00,1.09166,1.09926,1.09107,1.0971,35766,3
2022-03-09 12:00:00,1.09711,1.10502,1.09633,1.1044,42572,3
2022-03-09 16:00:00,1.10439,1.10951,1.10429,1.10772,24526,3
2022-03-09 20:00:00,1.10771,1.10833,1.10621,1.10733,8969,3
2022-03-10 00:00:00,1.10732,1.10735,1.10415,1.10588,10421,5
2022-03-10 04:00:00,1.10589,1.10718,1.10512,1.1065,12226,4
2022-03-10 08:00:00,1.10651,1.10801,1.10255,1.104,57637,3
2022-03-10 12:00:00,1.10397,1.11212,1.09801,1.10188,73594,4
2022-03-10 16:00:00,1.10185,1.10198,1.09829,1.09849,15837,4
2022-03-10 20:00:00,1.09848,1.1015,1.0976,1.10133,6745,3
2022-03-11 00:00:00,1.10132,1.10188,1.09804,1.10043,13075,5
2022-03-11 04:00:00,1.10042,1.10102,1.09809,1.09834,15108,5
2022-03-11 08:00:00,1.09839,1.10435,1.09601,1.10112,42286,4
2022-03-11 12:00:00,1.10112,1.10322,1.09461,1.0965,45451,5
2022-03-11 16:00:00,1.09651,1.09697,1.09018,1.09089,42490,5
2022-03-11 20:00:00,1.09089,1.09169,1.09052,1.09099,12476,5
2022-03-13 20:00:00,1.09205,1.09387,1.09099,1.09316,10325,64
2022-03-14 00:00:00,1.09317,1.09375,1.09005,1.09044,40956,5
2022-03-14 04:00:00,1.09045,1.09404,1.09011,1.09317,26088,4
2022-03-14 08:00:00,1.09319,1.09897,1.09302,1.0943,44757,3
2022-03-14 12:00:00,1.09431,1.09863,1.09349,1.0979,42152,4
2022-03-14 16:00:00,1.0979,1.09938,1.09456,1.09495,24891,3
2022-03-14 20:00:00,1.09496,1.09535,1.09304,1.09426,15099,4
2022-03-15 00:00:00,1.09426,1.09804,1.09375,1.09774,49715,5
2022-03-15 04:00:00,1.09776,1.10196,1.09668,1.10049,49107,4
2022-03-15 08:00:00,1.10049,1.10193,1.0978,1.09837,51977,3
2022-03-15 12:00:00,1.09837,1.10041,1.09631,1.09727,45608,4
2022-03-15 16:00:00,1.09728,1.09757,1.0926,1.09527,25221,3
2022-03-15 20:00:00,1.09526,1.0974,1.09417,1.09667,8679,4
2022-03-16 00:00:00,1.09668,1.09771,1.0955,1.09669,28879,5
2022-03-16 04:00:00,1.09669,1.09821,1.09557,1.09582,22614,4
2022-03-16 08:00:00,1.09581,1.10247,1.09581,1.10122,51340,3
2022-03-16 12:00:00,1.10121,1.10399,1.09821,1.0992,51303,4
2022-03-16 16:00:00,1.09918,1.10449,1.095,1.10448,81876,3
2022-03-16 20:00:00,1.10447,1.10466,1.10076,1.10214,11674,3
2022-03-17 00:00:00,1.10216,1.10523,1.10201,1.10349,34168,4
2022-03-17 04:00:00,1.10351,1.10458,1.10219,1.10447,26453,4
2022-03-17 08:00:00,1.10446,1.1067,1.10229,1.10509,34804,3
2022-03-17 12:00:00,1.10509,1.11112,1.10401,1.11098,35870,6
2022-03-17 16:00:00,1.11098,1.11375,1.1093,1.10985,13747,3
2022-03-17 20:00:00,1.10984,1.11,1.10891,1.1099,11168,3
2022-03-18 00:00:00,1.10991,1.11186,1.10771,1.10838,34061,4
2022-03-18 04:00:00,1.10838,1.10942,1.10712,1.10786,23616,4
2022-03-18 08:00:00,1.10786,1.10805,1.10208,1.10225,36709,3
2022-03-18 12:00:00,1.10224,1.10535,1.1003,1.1048,38703,3
2022-03-18 16:00:00,1.10481,1.10722,1.10422,1.1052,21994,3
2022-03-18 20:00:00,1.1052,1.10537,1.10473,1.10492,3614,4
2022-03-20 20:00:00,1.10561,1.10584,1.10408,1.10424,7803,61
2022-03-21 00:00:00,1.10423,1.10537,1.10374,1.10454,12748,6
2022-03-21 04:00:00,1.10453,1.10558,1.10344,1.10509,16010,5
2022-03-21 08:00:00,1.10508,1.10701,1.10255,1.10312,41236,4
2022-03-21 12:00:00,1.1031,1.10507,1.10286,1.1045,23315,3
2022-03-21 16:00:00,1.10449,1.10522,1.10102,1.10141,42115,3
2022-03-21 20:00:00,1.10139,1.10256,1.10124,1.10167,11664,5
2022-03-22 00:00:00,1.10166,1.10173,1.0981,1.10022,42217,4
2022-03-22 04:00:00,1.10023,1.10027,1.09608,1.09822,37801,5
2022-03-22 08:00:00,1.09822,1.10144,1.09808,1.09993,57916,4
2022-03-22 12:00:00,1.09992,1.10457,1.09992,1.10218,46500,4
2022-03-22 16:00:00,1.10216,1.10319,1.10113,1.10301,17680,3
2022-03-22 20:00:00,1.10301,1.10436,1.1024,1.10293,14531,4
2022-03-23 00:00:00,1.10296,1.10346,1.10207,1.10262,32147,4
2022-03-23 04:00:00,1.10262,1.10397,1.10145,1.10172,19821,4
2022-03-23 08:00:00,1.10175,1.10236,1.09748,1.09829,40519,3
2022-03-23 12:00:00,1.09831,1.10051,1.09639,1.10016,39544,4
2022-03-23 16:00:00,1.10015,1.10117,1.09972,1.10047,12434,3
2022-03-23 20:00:00,1.10046,1.10114,1.10008,1.10058,10266,4
2022-03-24 00:00:00,1.10058,1.10136,1.09805,1.09851,39293,4
2022-03-24 04:00:00,1.0985,1.0989,1.09752,1.0978,24343,5
2022-03-24 08:00:00,1.09785,1.10011,1.09721,1.09876,40366,3
2022-03-24 12:00:00,1.09877,1.10134,1.09659,1.1006,38479,3
2022-03-24 16:00:00,1.10061,1.10085,1.09824,1.0999,15984,3
2022-03-24 20:00:00,1.09993,1.10097,1.09948,1.10083,10947,4
2022-03-25 00:00:00,1.10086,1.10356,1.10032,1.10275,48049,5
2022-03-25 04:00:00,1.10275,1.10376,1.10189,1.10231,32639,5
2022-03-25 08:00:00,1.10229,1.10264,1.10005,1.10184,40112,4
2022-03-25 12:00:00,1.10183,1.10243,1.0982,1.09822,53669,3
2022-03-25 16:00:00,1.09825,1.09966,1.09808,1.09832,23942,4
2022-03-25 20:00:00,1.09833,1.0986,1.09797,1.09805,2395,5
2022-03-27 20:00:00,1.09845,1.09869,1.09772,1.09812,11804,58
2022-03-28 00:00:00,1.09814,1.09844,1.09504,1.09554,40892,5
2022-03-28 04:00:00,1.09554,1.09654,1.09447,1.09514,29841,4
2022-03-28 08:00:00,1.09516,1.09993,1.09446,1.09636,61933,3
2022-03-28 12:00:00,1.09634,1.09786,1.09465,1.09761,47111,3
2022-03-28 16:00:00,1.0976,1.09995,1.0974,1.09874,14651,3
2022-03-28 20:00:00,1.09876,1.09978,1.09783,1.09911,11601,3
2022-03-29 00:00:00,1.09911,1.0997,1.0969,1.09926,46151,5
2022-03-29 04:00:00,1.09926,1.1018,1.09791,1.09999,38615,4
2022-03-29 08:00:00,1.09999,1.11025,1.09749,1.10844,67125,3
2022-03-29 12:00:00,1.10846,1.1137,1.10789,1.11065,84607,4
2022-03-29 16:00:00,1.11067,1.11068,1.10716,1.10883,21748,3
2022-03-29 20:00:00,1.10883,1.10991,1.10782,1.10909,13707,6
2022-03-30 00:00:00,1.1091,1.11204,1.10878,1.11149,65793,4
2022-03-30 04:00:00,1.1115,1.11345,1.11054,1.11281,81402,5
2022-03-30 08:00:00,1.11281,1.11615,1.11141,1.11389,63798,4
2022-03-30 12:00:00,1.11387,1.1171,1.11118,1.11629,40771,4
2022-03-30 16:00:00,1.11628,1.11655,1.11477,1.11519,14403,3
2022-03-30 20:00:00,1.11518,1.11647,1.11518,1.11613,9397,4
2022-03-31 00:00:00,1.11611,1.11848,1.1156,1.1164,41600,4
2022-03-31 04:00:00,1.1164,1.11756,1.11499,1.11505,27054,4
2022-03-31 08:00:00,1.11502,1.11515,1.1088,1.11027,37002,3
2022-03-31 12:00:00,1.11026,1.11327,1.10682,1.10926,51250,3
2022-03-31 16:00:00,1.10927,1.10937,1.10608,1.1064,16738,3
2022-03-31 20:00:00,1.1064,1.1076,1.10639,1.10726,13045,3
2022-04-01 00:00:00,1.10727,1.10745,1.10595,1.10652,27076,4
2022-04-01 04:00:00,1.10652,1.10757,1.10428,1.10524,44440,4
2022-04-01 08:00:00,1.10524,1.10741,1.10414,1.10483,53031,4
2022-04-01 12:00:00,1.10484,1.10591,1.10279,1.1044,40996,7
2022-04-01 16:00:00,1.10441,1.1049,1.10325,1.10477,15208,3
2022-04-01 20:00:00,1.10475,1.10524,1.10427,1.10427,4722,4
2022-04-03 20:00:00,1.10301,1.10456,1.10301,1.10454,3375,78
2022-04-04 00:00:00,1.10458,1.10544,1.10433,1.10478,9497,5
2022-04-04 04:00:00,1.10477,1.10539,1.10273,1.10313,15037,4
2022-04-04 08:00:00,1.10313,1.10383,1.0996,1.09966,25269,3
2022-04-04 12:00:00,1.09967,1.1009,1.09791,1.09929,25160,3
2022-04-04 16:00:00,1.09926,1.09927,1.09603,1.09696,11974,3
2022-04-04 20:00:00,1.09697,1.09761,1.09686,1.09749,4240,4
2022-04-05 00:00:00,1.09748,1.09797,1.09653,1.09723,7307,6
2022-04-05 04:00:00,1.09722,1.09886,1.0962,1.09815,18863,4
2022-04-05 08:00:00,1.09818,1.09853,1.09564,1.09672,18898,3
2022-04-05 12:00:00,1.09676,1.09756,1.09191,1.09205,27845,3
2022-04-05 16:00:00,1.09206,1.09231,1.09,1.09037,8759,3
2022-04-05 20:00:00,1.09037,1.09081,1.09026,1.09058,3201,4
2022-04-06 00:00:00,1.09058,1.09061,1.08906,1.09003,11546,4
2022-04-06 04:00:00,1.09002,1.09019,1.08745,1.08952,17163,5
2022-04-06 08:00:00,1.08951,1.09271,1.08912,1.09166,23912,4
2022-04-06 12:00:00,1.09172,1.09379,1.09027,1.09103,23870,3
2022-04-06 16:00:00,1.09101,1.09288,1.08787,1.09003,45430,3
2022-04-06 20:00:00,1.09003,1.09018,1.08926,1.08975,10052,5
2022-04-07 00:00:00,1.08975,1.09126,1.08966,1.0907,29486,5
2022-04-07 04:00:00,1.09071,1.09341,1.08946,1.08978,30585,4
2022-04-07 08:00:00,1.08979,1.09216,1.08644,1.0911,51194,3
2022-04-07 12:00:00,1.0911,1.09383,1.08953,1.08984,45059,3
2022-04-07 16:00:00,1.08984,1.09,1.08676,1.08722,19697,3
2022-04-07 20:00:00,1.0872,1.08821,1.08602,1.0864,7569,3
2022-04-08 00:00:00,1.08638,1.08717,1.08565,1.08638,12577,5
2022-04-08 04:00:00,1.08637,1.0869,1.0848,1.08672,14998,4
2022-04-08 08:00:00,1.08671,1.08917,1.08589,1.08634,33737,3
2022-04-08 12:00:00,1.08633,1.08815,1.08364,1.0874,34394,3
2022-04-08 16:00:00,1.08738,1.08851,1.0865,1.0878,16816,3
2022-04-08 20:00:00,1.08781,1.08788,1.0872,1.08744,2432,4
2022-04-10 20:00:00,1.09202,1.09202,1.08841,1.08841,10480,43
2022-04-11 00:00:00,1.08842,1.08946,1.0875,1.08831,11909,5
2022-04-11 04:00:00,1.08833,1.09135,1.08739,1.09098,20495,4
2022-04-11 08:00:00,1.09096,1.09332,1.08978,1.09009,34178,3
2022-04-11 12:00:00,1.0901,1.09059,1.08735,1.08756,32266,3
2022-04-11 16:00:00,1.08755,1.08945,1.08727,1.08842,21368,3
2022-04-11 20:00:00,1.0884,1.08859,1.08766,1.08769,12992,4
2022-04-12 00:00:00,1.08769,1.08873,1.08665,1.08745,30988,4
2022-04-12 04:00:00,1.08746,1.0883,1.08533,1.08706,41091,4
2022-04-12 08:00:00,1.08708,1.08738,1.08545,1.08623,35053,3
2022-04-12 12:00:00,1.08624,1.09036,1.08507,1.08525,78911,6
2022-04-12 16:00:00,1.08526,1.08649,1.08211,1.08306,35589,4
2022-04-12 20:00:00,1.08305,1.08313,1.08232,1.0826,11017,4
2022-04-13 00:00:00,1.08259,1.08408,1.08113,1.08371,38799,4
2022-04-13 04:00:00,1.08371,1.08447,1.0815,1.0838,43624,5
2022-04-13 08:00:00,1.0838,1.08477,1.08232,1.08306,35990,3
2022-04-13 12:00:00,1.0831,1.08732,1.08088,1.08717,51241,3
2022-04-13 16:00:00,1.08716,1.08942,1.08716,1.08829,36281,3
2022-04-13 20:00:00,1.08828,1.08973,1.08763,1.0895,13835,5
2022-04-14 00:00:00,1.08951,1.09093,1.08826,1.0907,34402,4
2022-04-14 04:00:00,1.0907,1.09233,1.09034,1.09082,34208,4
2022-04-14 08:00:00,1.09081,1.09176,1.08632,1.08652,41223,3
2022-04-14 12:00:00,1.08654,1.08904,1.07575,1.0797,104002,5
2022-04-14 16:00:00,1.07971,1.08347,1.07946,1.08243,43394,4
2022-04-14 20:00:00,1.08244,1.08342,1.08137,1.08209,33360,5
2022-04-15 00:00:00,1.08211,1.08216,1.07964,1.08043,74046,18
2022-04-15 04:00:00,1.0804,1.08121,1.08018,1.08114,20101,14
2022-04-15 08:00:00,1.08114,1.08236,1.08044,1.0815,24150,9
2022-04-15 12:00:00,1.0815,1.08197,1.08051,1.08081,17137,10
2022-04-15 16:00:00,1.08079,1.08112,1.08047,1.0808,5982,17
2022-04-15 20:00:00,1.08081,1.08138,1.08055,1.08057,5195,24
2022-04-17 20:00:00,1.08029,1.08216,1.08009,1.08139,18370,43
2022-04-18 00:00:00,1.08138,1.08156,1.07907,1.07928,35806,4
2022-04-18 04:00:00,1.0793,1.08036,1.0787,1.07912,19963,4
2022-04-18 08:00:00,1.07911,1.08135,1.07831,1.08091,18732,4
2022-04-18 12:00:00,1.08092,1.08145,1.0783,1.07837,35385,4
2022-04-18 16:00:00,1.07834,1.07866,1.07698,1.07829,24556,4
2022-04-18 20:00:00,1.0783,1.07879,1.07751,1.07799,12448,5
2022-04-19 00:00:00,1.07799,1.07874,1.0761,1.07724,37431,4
2022-04-19 04:00:00,1.07724,1.08027,1.07665,1.08018,37567,4
2022-04-19 08:00:00,1.08021,1.08145,1.07846,1.07957,27510,3
2022-04-19 12:00:00,1.07958,1.08082,1.07818,1.07893,51529,3
2022-04-19 16:00:00,1.07893,1.08032,1.07822,1.07887,22746,4
2022-04-19 20:00:00,1.07886,1.07952,1.07848,1.07941,14815,4
2022-04-20 00:00:00,1.07942,1.08226,1.07838,1.08186,28759,4
2022-04-20 04:00:00,1.08187,1.08221,1.0807,1.08091,21188,5
2022-04-20 08:00:00,1.08091,1.0867,1.08057,1.08265,28794,3
2022-04-20 12:00:00,1.08265,1.08661,1.08205,1.08546,38226,3
2022-04-20 16:00:00,1.08545,1.08598,1.08397,1.08535,22294,3
2022-04-20 20:00:00,1.08535,1.08548,1.08395,1.08493,18486,4
2022-04-21 00:00:00,1.08491,1.08505,1.08234,1.08304,43036,5
2022-04-21 04:00:00,1.08305,1.09362,1.08289,1.0927,60807,4
2022-04-21 08:00:00,1.0927,1.09298,1.08744,1.08797,42263,3
2022-04-21 12:00:00,1.08801,1.0896,1.08367,1.08419,43881,3
2022-04-21 16:00:00,1.08419,1.08582,1.08305,1.08383,36518,3
2022-04-21 20:00:00,1.08385,1.08421,1.08305,1.08349,18670,5
2022-04-22 00:00:00,1.08349,1.08465,1.08308,1.08413,42401,5
2022-04-22 04:00:00,1.08413,1.08515,1.08028,1.08063,46917,5
2022-04-22 08:00:00,1.0807,1.0825,1.07902,1.08212,38882,4
2022-04-22 12:00:00,1.08214,1.08448,1.07707,1.07888,54935,3
2022-04-22 16:00:00,1.0789,1.08002,1.07762,1.07932,25602,3
2022-04-22 20:00:00,1.07929,1.08021,1.07908,1.07947,3338,5
2022-04-24 20:00:00,1.08041,1.08153,1.0796,1.08093,13957,118
2022-04-25 00:00:00,1.08093,1.08119,1.07772,1.07814,46220,4
2022-04-25 04:00:00,1.07812,1.07853,1.07067,1.07383,63085,4
2022-04-25 08:00:00,1.07382,1.07542,1.07197,1.07495,60091,4
2022-04-25 12:00:00,1.07494,1.07581,1.06967,1.07029,76984,4
2022-04-25 16:00:00,1.07028,1.07189,1.06966,1.07136,26903,3
2022-04-25 20:00:00,1.07135,1.07149,1.07069,1.07124,14225,3
2022-04-26 00:00:00,1.07124,1.07386,1.07114,1.07321,46685,4
2022-04-26 04:00:00,1.07322,1.07343,1.06754,1.0676,54415,4
2022-04-26 08:00:00,1.06759,1.06971,1.06692,1.06706,45815,4
2022-04-26 12:00:00,1.06705,1.06853,1.06417,1.06591,44453,3
2022-04-26 16:00:00,1.0659,1.06649,1.06383,1.06438,17207,3
2022-04-26 20:00:00,1.06437,1.06478,1.06348,1.06424,20160,5
2022-04-27 00:00:00,1.06425,1.06534,1.06336,1.06406,34235,4
2022-04-27 04:00:00,1.06405,1.06546,1.0588,1.06237,58638,5
2022-04-27 08:00:00,1.06238,1.06248,1.05806,1.05844,59981,3
2022-04-27 12:00:00,1.05845,1.05857,1.05145,1.05453,65664,4
2022-04-27 16:00:00,1.05454,1.05722,1.05453,1.05582,25017,3
2022-04-27 20:00:00,1.05583,1.05627,1.05494,1.05541,9308,3
2022-04-28 00:00:00,1.05541,1.05541,1.05089,1.05089,31559,4
2022-04-28 04:00:00,1.0509,1.05647,1.04808,1.05546,46155,4
2022-04-28 08:00:00,1.05545,1.05558,1.04863,1.04902,52611,3
2022-04-28 12:00:00,1.04905,1.05312,1.0471,1.05,99268,5
2022-04-28 16:00:00,1.04998,1.05157,1.04934,1.05098,34657,4
2022-04-28 20:00:00,1.05097,1.05097,1.04911,1.05029,9585,4
2022-04-29 00:00:00,1.05032,1.05297,1.05019,1.05131,18487,5
2022-04-29 04:00:00,1.05131,1.05785,1.05087,1.05617,29461,4
2022-04-29 08:00:00,1.05617,1.05928,1.05397,1.05445,62106,4
2022-04-29 12:00:00,1.05444,1.05593,1.05096,1.05402,69103,5
2022-04-29 16:00:00,1.05401,1.05786,1.05324,1.05485,35490,3
2022-04-29 20:00:00,1.05485,1.0552,1.05408,1.05409,3917,5
2022-05-01 20:00:00,1.05444,1.05597,1.05343,1.05349,22362,60
2022-05-02 00:00:00,1.05347,1.0553,1.05173,1.05239,62087,5
2022-05-02 04:00:00,1.05239,1.05682,1.051,1.05321,54642,5
2022-05-02 08:00:00,1.05324,1.0536,1.05137,1.05163,43548,5
2022-05-02 12:00:00,1.05162,1.05415,1.05027,1.05215,45202,4
2022-05-02 16:00:00,1.05213,1.05262,1.04901,1.05039,32333,3
2022-05-02 20:00:00,1.05039,1.05134,1.05013,1.05096,11990,4
2022-05-03 00:00:00,1.05095,1.05265,1.05077,1.05184,34250,4
2022-05-03 04:00:00,1.05184,1.05277,1.04941,1.05187,55383,4
2022-05-03 08:00:00,1.05185,1.0542,1.04921,1.05377,55026,4
2022-05-03 12:00:00,1.05377,1.05776,1.05314,1.05319,44779,3
2022-05-03 16:00:00,1.05318,1.05404,1.05117,1.05249,19197,3
2022-05-03 20:00:00,1.05251,1.05278,1.0519,1.05251,9925,4
2022-05-04 00:00:00,1.05252,1.05342,1.05139,1.05161,21007,4
2022-05-04 04:00:00,1.0516,1.05283,1.05059,1.0524,40444,5
2022-05-04 08:00:00,1.05241,1.05363,1.05146,1.05305,37864,4
2022-05-04 12:00:00,1.05306,1.05641,1.05245,1.05402,41983,3
2022-05-04 16:00:00,1.05405,1.06265,1.05105,1.0608,148178,3
2022-05-04 20:00:00,1.06083,1.06309,1.06037,1.06202,20765,5
2022-05-05 00:00:00,1.06206,1.06417,1.06039,1.06176,39714,4
2022-05-05 04:00:00,1.06177,1.06192,1.05845,1.05976,58872,5
2022-05-05 08:00:00,1.05976,1.06077,1.05455,1.05476,54408,3
2022-05-05 12:00:00,1.05476,1.05734,1.05032,1.05066,77528,3
2022-05-05 16:00:00,1.05065,1.05507,1.04925,1.05504,66438,4
2022-05-05 20:00:00,1.055,1.05502,1.05355,1.05394,22174,5
2022-05-06 00:00:00,1.05394,1.05506,1.05156,1.0533,71585,4
2022-05-06 04:00:00,1.0533,1.05437,1.04826,1.05211,62751,5
2022-05-06 08:00:00,1.05212,1.05988,1.05123,1.05657,86885,4
2022-05-06 12:00:00,1.05656,1.05967,1.05477,1.05708,109643,10
2022-05-06 16:00:00,1.05709,1.05802,1.05362,1.05474,44339,3
2022-05-06 20:00:00,1.05474,1.0548,1.05405,1.05452,3984,5
2022-05-08 20:00:00,1.05398,1.05426,1.05307,1.0532,12168,86
2022-05-09 00:00:00,1.05319,1.05353,1.05027,1.051,42673,4
2022-05-09 04:00:00,1.051,1.05293,1.04951,1.05118,44646,4
2022-05-09 08:00:00,1.05116,1.05524,1.0501,1.05469,48566,4
2022-05-09 12:00:00,1.05466,1.05733,1.05171,1.05568,52284,3
2022-05-09 16:00:00,1.05567,1.05924,1.05506,1.05582,44961,3
2022-05-09 20:00:00,1.05579,1.05691,1.05525,1.05631,15211,4
2022-05-10 00:00:00,1.05633,1.05797,1.05532,1.05787,22734,5
2022-05-10 04:00:00,1.05785,1.05852,1.0551,1.05571,23774,5
2022-05-10 08:00:00,1.0557,1.05757,1.05354,1.05532,42243,4
2022-05-10 12:00:00,1.0553,1.0575,1.05253,1.05308,85941,3
2022-05-10 16:00:00,1.05308,1.05467,1.05263,1.05354,43093,4
2022-05-10 20:00:00,1.05353,1.05356,1.05275,1.05289,11616,3
2022-05-11 00:00:00,1.05289,1.05389,1.05255,1.05365,25615,4
2022-05-11 04:00:00,1.05364,1.05607,1.05338,1.05521,34474,4
2022-05-11 08:00:00,1.05521,1.05756,1.05432,1.05449,41619,4
2022-05-11 12:00:00,1.0545,1.05771,1.05017,1.05373,135499,7
2022-05-11 16:00:00,1.05373,1.05455,1.05138,1.05156,66474,3
2022-05-11 20:00:00,1.05158,1.05182,1.05096,1.05117,17626,5
2022-05-12 00:00:00,1.05116,1.05292,1.05075,1.0522,67951,5
2022-05-12 04:00:00,1.0522,1.05255,1.04429,1.04593,77045,4
2022-05-12 08:00:00,1.04595,1.04651,1.03888,1.03993,64355,4
2022-05-12 12:00:00,1.03992,1.04381,1.03715,1.03748,68332,3
2022-05-12 16:00:00,1.03751,1.03906,1.03539,1.03731,67817,4
2022-05-12 20:00:00,1.03731,1.0384,1.03725,1.03784,6884,3
2022-05-13 00:00:00,1.03783,1.03978,1.03729,1.03911,15477,5
2022-05-13 04:00:00,1.03909,1.04195,1.03834,1.04156,24158,6
2022-05-13 08:00:00,1.04155,1.04193,1.03706,1.03825,37514,4
2022-05-13 12:00:00,1.03826,1.04159,1.03496,1.04115,50290,4
2022-05-13 16:00:00,1.04113,1.04159,1.03936,1.04016,16373,4
2022-05-13 20:00:00,1.0402,1.04119,1.03996,1.04116,2922,3
2022-05-15 20:00:00,1.03952,1.04138,1.03906,1.0398,15223,231
2022-05-16 00:00:00,1.03984,1.0417,1.03889,1.03965,48594,5
2022-05-16 04:00:00,1.03964,1.04259,1.03933,1.04085,32276,4
2022-05-16 08:00:00,1.04087,1.04381,1.04064,1.04185,39103,4
2022-05-16 12:00:00,1.04184,1.04343,1.03893,1.04195,41084,4
2022-05-16 16:00:00,1.04194,1.0443,1.04157,1.04321,12296,3
2022-05-16 20:00:00,1.04322,1.04395,1.04284,1.0439,20832,3
2022-05-17 00:00:00,1.0439,1.0454,1.04318,1.04401,38768,5
2022-05-17 04:00:00,1.044,1.04746,1.04358,1.04636,31448,4
2022-05-17 08:00:00,1.04636,1.05556,1.04562,1.05392,57388,4
2022-05-17 12:00:00,1.05393,1.05494,1.05253,1.05325,39156,6
2022-05-17 16:00:00,1.05324,1.05547,1.05211,1.05458,64674,3
2022-05-17 20:00:00,1.05458,1.05537,1.05425,1.05487,6452,4
2022-05-18 00:00:00,1.05485,1.05636,1.05243,1.05323,16009,5
2022-05-18 04:00:00,1.05322,1.05405,1.05136,1.05162,20011,4
2022-05-18 08:00:00,1.05164,1.05289,1.04941,1.05104,28630,4
2022-05-18 12:00:00,1.05104,1.0542,1.04888,1.04912,37018,3
2022-05-18 16:00:00,1.04913,1.04981,1.04645,1.0466,23850,3
2022-05-18 20:00:00,1.04658,1.0475,1.04597,1.04729,17696,4
2022-05-19 00:00:00,1.04729,1.05065,1.04679,1.04999,53537,5
2022-05-19 04:00:00,1.04999,1.05066,1.0465,1.04923,41953,5
2022-05-19 08:00:00,1.04924,1.05392,1.04796,1.05175,54900,4
2022-05-19 12:00:00,1.05174,1.05984,1.05163,1.05866,72357,4
2022-05-19 16:00:00,1.05865,1.0607,1.05796,1.05913,35406,4
2022-05-19 20:00:00,1.05912,1.05912,1.0578,1.05795,13358,4
2022-05-20 00:00:00,1.05795,1.05836,1.05546,1.0566,28543,4
2022-05-20 04:00:00,1.05659,1.05934,1.05622,1.05763,38920,4
2022-05-20 08:00:00,1.05765,1.0599,1.05545,1.05663,39158,4
2022-05-20 12:00:00,1.05666,1.058,1.05398,1.05584,45554,4
2022-05-20 16:00:00,1.05583,1.05601,1.05328,1.05571,22560,3
2022-05-20 20:00:00,1.05569,1.05673,1.05526,1.0561,3829,4
2022-05-22 20:00:00,1.05601,1.05777,1.05552,1.05689,17376,75
2022-05-23 00:00:00,1.05688,1.05946,1.05679,1.05924,33537,5
2022-05-23 04:00:00,1.05925,1.06138,1.05884,1.06009,44787,4
2022-05-23 08:00:00,1.06005,1.06874,1.06005,1.06563,69687,4
2022-05-23 12:00:00,1.06566,1.06911,1.06443,1.06694,44580,5
2022-05-23 16:00:00,1.06693,1.06973,1.06655,1.06866,17428,3
2022-05-23 20:00:00,1.06867,1.06937,1.06795,1.06837,7190,4
2022-05-24 00:00:00,1.06836,1.06859,1.06608,1.06725,12300,4
2022-05-24 04:00:00,1.06727,1.07359,1.06622,1.07309,34641,4
2022-05-24 08:00:00,1.07307,1.07336,1.07008,1.07145,29382,4
2022-05-24 12:00:00,1.07147,1.0747,1.06955,1.0743,45213,3
2022-05-24 16:00:00,1.07429,1.07485,1.0722,1.073,32362,4
2022-05-24 20:00:00,1.07304,1.07388,1.07302,1.07326,8557,5
2022-05-25 00:00:00,1.07326,1.07365,1.0703,1.07136,21682,4
2022-05-25 04:00:00,1.07135,1.0714,1.06818,1.0684,22670,4
2022-05-25 08:00:00,1.06839,1.0686,1.0654,1.06597,37485,4
2022-05-25 12:00:00,1.06598,1.06871,1.06421,1.06568,33912,4
2022-05-25 16:00:00,1.06571,1.06944,1.06518,1.06769,45155,3
2022-05-25 20:00:00,1.0677,1.06958,1.06734,1.06869,19465,5
2022-05-26 00:00:00,1.06866,1.07063,1.06852,1.07013,33568,5
2022-05-26 04:00:00,1.07014,1.07025,1.06624,1.06888,27531,5
2022-05-26 08:00:00,1.06887,1.07229,1.06775,1.07055,31894,4
2022-05-26 12:00:00,1.07053,1.07292,1.0689,1.07254,34376,4
2022-05-26 16:00:00,1.07258,1.07293,1.07019,1.07237,14772,3
2022-05-26 20:00:00,1.07238,1.07344,1.07209,1.07324,12552,4
2022-05-27 00:00:00,1.07324,1.0765,1.07305,1.07556,31575,4
2022-05-27 04:00:00,1.07555,1.07582,1.07332,1.07357,22037,4
2022-05-27 08:00:00,1.07355,1.07433,1.06968,1.0707,25978,3
2022-05-27 12:00:00,1.07074,1.07503,1.07011,1.07074,27655,3
2022-05-27 16:00:00,1.07076,1.0734,1.07038,1.07335,21101,3
2022-05-27 20:00:00,1.07333,1.07351,1.07276,1.07317,2948,5
2022-05-29 20:00:00,1.07347,1.0736,1.07261,1.0729,8187,65
2022-05-30 00:00:00,1.07291,1.07558,1.07267,1.07445,16757,5
2022-05-30 04:00:00,1.07444,1.07699,1.07404,1.07426,28058,4
2022-05-30 08:00:00,1.07427,1.07804,1.07401,1.07666,31076,5
2022-05-30 12:00:00,1.07667,1.07837,1.07483,1.07796,26968,4
2022-05-30 16:00:00,1.07796,1.07867,1.07771,1.0779,19050,5
2022-05-30 20:00:00,1.0779,1.07825,1.07702,1.07729,13261,6
2022-05-31 00:00:00,1.07731,1.07744,1.07342,1.07511,36962,4
2022-05-31 04:00:00,1.07511,1.07551,1.07275,1.07366,29815,4
2022-05-31 08:00:00,1.07365,1.07459,1.06887,1.07132,67828,4
2022-05-31 12:00:00,1.07131,1.07371,1.06789,1.07312,68176,4
2022-05-31 16:00:00,1.07314,1.07466,1.07234,1.07352,27875,4
2022-05-31 20:00:00,1.07351,1.07375,1.07296,1.0734,12285,4
2022-06-01 00:00:00,1.0734,1.07345,1.07077,1.07181,22769,4
2022-06-01 04:00:00,1.07182,1.07372,1.07051,1.0715,30357,4
2022-06-01 08:00:00,1.07145,1.07393,1.07019,1.07083,44728,4
2022-06-01 12:00:00,1.07082,1.07305,1.06271,1.06446,49440,4
2022-06-01 16:00:00,1.06447,1.06604,1.06369,1.06502,17742,3
2022-06-01 20:00:00,1.065,1.06546,1.06444,1.06509,9027,4
2022-06-02 00:00:00,1.06509,1.06595,1.06447,1.06541,24475,4
2022-06-02 04:00:00,1.06542,1.0692,1.06495,1.06856,24154,5
2022-06-02 08:00:00,1.06857,1.06972,1.06806,1.06941,19539,3
2022-06-02 12:00:00,1.06939,1.07383,1.06846,1.07322,39331,4
2022-06-02 16:00:00,1.07321,1.07487,1.07305,1.07485,13003,3
2022-06-02 20:00:00,1.07487,1.0751,1.07438,1.075,4582,3
2022-06-03 00:00:00,1.075,1.07643,1.07466,1.0753,9462,4
2022-06-03 04:00:00,1.07531,1.07606,1.07448,1.07561,9410,4
2022-06-03 08:00:00,1.07562,1.07624,1.07258,1.07287,23921,4
2022-06-03 12:00:00,1.07286,1.07519,1.0704,1.0711,51578,7
2022-06-03 16:00:00,1.07111,1.07293,1.07108,1.07203,8253,3
2022-06-03 20:00:00,1.07202,1.07216,1.07146,1.07169,2400,5
2022-06-05 20:00:00,1.07167,1.07298,1.07117,1.07252,8367,184
2022-06-06 00:00:00,1.07254,1.07316,1.07099,1.07251,25750,5
2022-06-06 04:00:00,1.07251,1.07424,1.0718,1.07419,21142,5
2022-06-06 08:00:00,1.07419,1.07518,1.07239,1.07306,19436,3
2022-06-06 12:00:00,1.07308,1.07309,1.06838,1.06973,24040,3
2022-06-06 16:00:00,1.06973,1.0703,1.0685,1.06953,17280,3
2022-06-06 20:00:00,1.06956,1.06975,1.06848,1.06896,13739,4
2022-06-07 00:00:00,1.06896,1.06918,1.06705,1.06815,37097,4
2022-06-07 04:00:00,1.06815,1.06998,1.06651,1.06873,53510,5
2022-06-07 08:00:00,1.06875,1.07049,1.0658,1.06619,26557,3
2022-06-07 12:00:00,1.06617,1.07098,1.06519,1.06965,33111,3
2022-06-07 16:00:00,1.06967,1.07142,1.0693,1.07079,11168,3
2022-06-07 20:00:00,1.07079,1.07084,1.06963,1.06972,9737,4
2022-06-08 00:00:00,1.06975,1.07011,1.0681,1.06836,27450,4
2022-06-08 04:00:00,1.06835,1.06948,1.06776,1.06887,23098,4
2022-06-08 08:00:00,1.06889,1.07397,1.06713,1.07356,42374,3
2022-06-08 12:00:00,1.07355,1.07484,1.07188,1.07416,30362,3
2022-06-08 16:00:00,1.07415,1.07433,1.07126,1.07136,13017,4
2022-06-08 20:00:00,1.07141,1.07207,1.07126,1.07168,13659,3
2022-06-09 00:00:00,1.07168,1.07337,1.07094,1.07294,19548,5
2022-06-09 04:00:00,1.07294,1.07325,1.07018,1.07018,18690,4
2022-06-09 08:00:00,1.07019,1.0749,1.06883,1.07282,60527,3
2022-06-09 12:00:00,1.07285,1.07738,1.0645,1.06575,116023,5
2022-06-09 16:00:00,1.06573,1.06599,1.06123,1.06131,16198,3
2022-06-09 20:00:00,1.06128,1.06218,1.0611,1.0619,13848,4
2022-06-10 00:00:00,1.0619,1.06353,1.06113,1.06341,18093,4
2022-06-10 04:00:00,1.0634,1.06422,1.06189,1.06254,20851,3
2022-06-10 08:00:00,1.06255,1.06332,1.05711,1.0574,32857,3
2022-06-10 12:00:00,1.05739,1.0586,1.05057,1.05199,71453,8
2022-06-10 16:00:00,1.052,1.05333,1.05116,1.05186,35651,3
2022-06-10 20:00:00,1.05186,1.05222,1.0513,1.05137,3180,4
2022-06-12 20:00:00,1.0513,1.05201,1.04861,1.04907,29208,42
2022-06-13 00:00:00,1.04907,1.04955,1.04756,1.04916,39188,5
2022-06-13 04:00:00,1.04916,1.04954,1.04608,1.04657,34262,4
2022-06-13 08:00:00,1.04656,1.04856,1.0445,1.04457,47191,3
2022-06-13 12:00:00,1.04458,1.04742,1.04181,1.04344,63327,4
2022-06-13 16:00:00,1.04345,1.04581,1.04034,1.04104,67612,3
2022-06-13 20:00:00,1.04106,1.04162,1.03997,1.04148,16084,5
2022-06-14 00:00:00,1.04148,1.04323,1.0397,1.04271,34274,5
2022-06-14 04:00:00,1.0427,1.04748,1.04178,1.04676,41162,5
2022-06-14 08:00:00,1.04675,1.04846,1.04253,1.0442,63903,4
2022-06-14 12:00:00,1.04419,1.04682,1.04067,1.04167,65727,4
2022-06-14 16:00:00,1.04169,1.04433,1.03997,1.04108,34806,3
2022-06-14 20:00:00,1.04107,1.04382,1.04102,1.04367,15004,4
2022-06-15 00:00:00,1.04368,1.04517,1.04263,1.04426,32532,5
2022-06-15 04:00:00,1.04425,1.04942,1.0424,1.04663,85414,4
2022-06-15 08:00:00,1.04661,1.05077,1.04553,1.04582,82616,4
2022-06-15 12:00:00,1.04582,1.04608,1.03849,1.03856,69316,6
2022-06-15 16:00:00,1.03855,1.04647,1.0359,1.04541,98379,3
2022-06-15 20:00:00,1.04539,1.04696,1.04373,1.04573,21605,4
2022-06-16 00:00:00,1.04573,1.04692,1.04308,1.04429,37632,5
2022-06-16 04:00:00,1.04429,1.0444,1.03808,1.03966,44274,4
2022-06-16 08:00:00,1.03965,1.0426,1.03834,1.0385,91085,3
2022-06-16 12:00:00,1.03848,1.05292,1.0384,1.05291,79285,4
2022-06-16 16:00:00,1.05291,1.06014,1.05222,1.05606,63086,4
2022-06-16 20:00:00,1.05607,1.0561,1.05437,1.05464,16538,5
2022-06-17 00:00:00,1.05465,1.0552,1.05174,1.05203,56554,4
2022-06-17 04:00:00,1.05206,1.05306,1.04939,1.05176,52090,4
2022-06-17 08:00:00,1.05173,1.05357,1.04834,1.04857,71738,4
2022-06-17 12:00:00,1.04855,1.0508,1.04444,1.04733,55964,3
2022-06-17 16:00:00,1.04733,1.05027,1.04647,1.04946,32257,4
2022-06-17 20:00:00,1.04944,1.05,1.04892,1.04934,3807,5
2022-06-19 20:00:00,1.04731,1.04926,1.04729,1.04898,6419,55
2022-06-20 00:00:00,1.04897,1.05287,1.04848,1.05283,27306,5
2022-06-20 04:00:00,1.05281,1.05427,1.05101,1.05167,36338,5
2022-06-20 08:00:00,1.05171,1.05458,1.05119,1.05259,42241,4
2022-06-20 12:00:00,1.05258,1.05416,1.05072,1.05377,30158,4
2022-06-20 16:00:00,1.05379,1.05381,1.04979,1.05111,17774,5
2022-06-20 20:00:00,1.05114,1.0521,1.05065,1.05172,4947,7
2022-06-21 00:00:00,1.05173,1.05424,1.05164,1.0532,17208,5
2022-06-21 04:00:00,1.0532,1.05647,1.05131,1.05566,20468,4
2022-06-21 08:00:00,1.05564,1.05824,1.05442,1.055,57132,3
2022-06-21 12:00:00,1.055,1.05666,1.05443,1.05484,49424,5
2022-06-21 16:00:00,1.05486,1.05487,1.05187,1.05312,23502,4
2022-06-21 20:00:00,1.05314,1.05387,1.05285,1.05312,9315,4
2022-06-22 00:00:00,1.05311,1.05314,1.05021,1.05107,31407,5
2022-06-22 04:00:00,1.05107,1.05138,1.04687,1.05045,59263,5
2022-06-22 08:00:00,1.05045,1.05289,1.04935,1.05114,49517,4
2022-06-22 12:00:00,1.05113,1.06057,1.0511,1.05797,61104,4
2022-06-22 16:00:00,1.05799,1.05894,1.0565,1.0567,27072,3
2022-06-22 20:00:00,1.05669,1.05692,1.05609,1.05646,12693,5
2022-06-23 00:00:00,1.05646,1.0581,1.05557,1.05692,42569,5
2022-06-23 04:00:00,1.05692,1.05792,1.04982,1.05075,54876,5
2022-06-23 08:00:00,1.05075,1.05218,1.04826,1.05054,52339,5
2022-06-23 12:00:00,1.05053,1.0554,1.04902,1.05019,75626,4
2022-06-23 16:00:00,1.05019,1.05334,1.04942,1.0527,59786,4
2022-06-23 20:00:00,1.05271,1.05308,1.0518,1.05192,7314,5
2022-06-24 00:00:00,1.05192,1.05371,1.0512,1.05328,23945,5
2022-06-24 04:00:00,1.05327,1.05464,1.05221,1.05234,26268,4
2022-06-24 08:00:00,1.05235,1.05547,1.05141,1.05157,33464,4
2022-06-24 12:00:00,1.05158,1.05712,1.05156,1.05381,50179,3
2022-06-24 16:00:00,1.0538,1.05593,1.05345,1.05588,13876,3
2022-06-24 20:00:00,1.05589,1.05589,1.05492,1.05519,2925,5
2022-06-26 20:00:00,1.05479,1.05746,1.05457,1.05665,13874,105
2022-06-27 00:00:00,1.05665,1.05713,1.05502,1.05563,38461,4
2022-06-27 04:00:00,1.05562,1.05902,1.05541,1.05877,38486,4
2022-06-27 08:00:00,1.05877,1.05911,1.05644,1.05668,41503,3
2022-06-27 12:00:00,1.05668,1.0615,1.05535,1.06002,47636,3
2022-06-27 16:00:00,1.06003,1.06045,1.05782,1.05801,22617,3
2022-06-27 20:00:00,1.05803,1.05856,1.05762,1.05797,9086,4
2022-06-28 00:00:00,1.05797,1.05864,1.05703,1.05811,47254,5
2022-06-28 04:00:00,1.0581,1.06061,1.05703,1.05842,62650,5
2022-06-28 08:00:00,1.05842,1.05974,1.05634,1.05694,52995,4
2022-06-28 12:00:00,1.05692,1.05708,1.05032,1.05342,55373,3
2022-06-28 16:00:00,1.05344,1.05413,1.05166,1.05257,43276,4
2022-06-28 20:00:00,1.05258,1.05279,1.05152,1.0522,14621,4
2022-06-29 00:00:00,1.05219,1.05354,1.0517,1.05296,51032,5
2022-06-29 04:00:00,1.05298,1.05322,1.04858,1.05169,77053,5
2022-06-29 08:00:00,1.05167,1.0535,1.05029,1.05224,67727,3
2022-06-29 12:00:00,1.05223,1.05289,1.04662,1.04767,64491,4
2022-06-29 16:00:00,1.04768,1.0477,1.04352,1.04409,19782,3
2022-06-29 20:00:00,1.04408,1.04466,1.04368,1.04456,24307,4
2022-06-30 00:00:00,1.04456,1.04567,1.04329,1.04516,43304,5
2022-06-30 04:00:00,1.04517,1.04686,1.04298,1.04453,49734,5
2022-06-30 08:00:00,1.04453,1.0468,1.03824,1.03935,57552,4
2022-06-30 12:00:00,1.03933,1.04791,1.03844,1.04686,71098,5
2022-06-30 16:00:00,1.04685,1.04887,1.04616,1.04789,30907,4
2022-06-30 20:00:00,1.04791,1.04853,1.04736,1.04783,8884,4
2022-07-01 00:00:00,1.04783,1.04783,1.04499,1.04543,18314,5
2022-07-01 04:00:00,1.0454,1.04703,1.04326,1.04462,29340,4
2022-07-01 08:00:00,1.04463,1.0474,1.04317,1.04362,33003,3
2022-07-01 12:00:00,1.0436,1.04392,1.03658,1.04072,58262,3
2022-07-01 16:00:00,1.04073,1.04322,1.03931,1.04284,24191,3
2022-07-01 20:00:00,1.04285,1.04328,1.04238,1.04262,2640,5
2022-07-03 20:00:00,1.04174,1.0437,1.04142,1.04322,7593,152
2022-07-04 00:00:00,1.04322,1.04442,1.04244,1.04259,25364,5
2022-07-04 04:00:00,1.04258,1.04385,1.04219,1.04304,22724,5
2022-07-04 08:00:00,1.04305,1.04627,1.04205,1.04519,28379,4
2022-07-04 12:00:00,1.04518,1.04578,1.0417,1.04272,54495,4
2022-07-04 16:00:00,1.04273,1.04309,1.04181,1.04235,16698,5
2022-07-04 20:00:00,1.04235,1.04364,1.042,1.04326,19074,6
2022-07-05 00:00:00,1.04325,1.04381,1.0423,1.04346,53787,5
2022-07-05 04:00:00,1.04346,1.04485,1.03656,1.03747,70333,5
2022-07-05 08:00:00,1.03746,1.03757,1.02804,1.0296,57315,5
2022-07-05 12:00:00,1.02958,1.03011,1.02366,1.02537,64794,4
2022-07-05 16:00:00,1.02538,1.0271,1.0235,1.0266,27472,4
2022-07-05 20:00:00,1.02658,1.02715,1.02555,1.02565,14217,5
2022-07-06 00:00:00,1.02564,1.02712,1.02537,1.02637,54347,4
2022-07-06 04:00:00,1.02636,1.02765,1.02383,1.02587,62042,5
2022-07-06 08:00:00,1.02587,1.02741,1.01801,1.01919,44780,4
2022-07-06 12:00:00,1.01917,1.02012,1.01614,1.01702,64148,3
2022-07-06 16:00:00,1.01702,1.01986,1.01651,1.01866,29081,4
2022-07-06 20:00:00,1.01867,1.01884,1.01774,1.01843,5371,4
2022-07-07 00:00:00,1.01841,1.02097,1.0176,1.02035,11388,5
2022-07-07 04:00:00,1.02035,1.02209,1.01819,1.01921,18210,5
2022-07-07 08:00:00,1.0192,1.02173,1.01744,1.01901,37629,4
2022-07-07 12:00:00,1.01903,1.01964,1.01517,1.01582,32547,4
2022-07-07 16:00:00,1.01583,1.01681,1.01439,1.01661,13707,4
2022-07-07 20:00:00,1.01659,1.01685,1.01566,1.01683,4037,5
2022-07-08 00:00:00,1.01682,1.01912,1.01534,1.01581,13964,5
2022-07-08 04:00:00,1.01582,1.01699,1.0072,1.01083,25419,6
2022-07-08 08:00:00,1.01082,1.01592,1.00864,1.01503,59437,5
2022-07-08 12:00:00,1.01503,1.01907,1.01156,1.01781,106680,7
2022-07-08 16:00:00,1.01782,1.01796,1.01584,1.01784,14912,4
2022-07-08 20:00:00,1.01783,1.0186,1.01767,1.01822,2149,5
2022-07-10 20:00:00,1.01697,1.01834,1.01648,1.01672,6188,140
2022-07-11 00:00:00,1.01674,1.01675,1.01348,1.01494,69637,6
2022-07-11 04:00:00,1.01493,1.01544,1.01056,1.01108,65453,5
2022-07-11 08:00:00,1.0111,1.0132,1.00823,1.00899,64072,4
2022-07-11 12:00:00,1.00897,1.01038,1.00521,1.00854,59018,3
2022-07-11 16:00:00,1.00853,1.00875,1.00336,1.00452,28308,3
2022-07-11 20:00:00,1.00451,1.00475,1.00346,1.00458,19126,5
2022-07-12 00:00:00,1.00456,1.00552,1.00059,1.00258,80383,4
2022-07-12 04:00:00,1.00257,1.00391,1.00028,1.00084,105502,6
2022-07-12 08:00:00,1.00083,1.00693,0.99999,1.00397,54599,3
2022-07-12 12:00:00,1.00398,1.00738,1.00327,1.00685,66700,5
2022-07-12 16:00:00,1.00684,1.00725,1.0032,1.00322,17479,3
2022-07-12 20:00:00,1.00323,1.00414,1.0025,1.003,15520,4
2022-07-13 00:00:00,1.003,1.00469,1.00226,1.00363,84022,6
2022-07-13 04:00:00,1.00363,1.00529,1.00062,1.0033,55772,6
2022-07-13 08:00:00,1.00327,1.00695,1.00232,1.00675,48735,3
2022-07-13 12:00:00,1.00676,1.01222,0.99979,1.00779,146423,17
2022-07-13 16:00:00,1.00778,1.00973,1.00541,1.00591,38180,3
2022-07-13 20:00:00,1.00593,1.00618,1.00304,1.00342,18779,4
2022-07-14 00:00:00,1.00341,1.00434,1.00136,1.00328,81013,5
2022-07-14 04:00:00,1.00329,1.00464,1.00052,1.00362,73238,5
2022-07-14 08:00:00,1.00364,1.00503,1.00047,1.00093,79978,4
2022-07-14 12:00:00,1.00092,1.00477,0.99521,1.00272,131511,3
2022-07-14 16:00:00,1.00272,1.00376,0.99835,1.00153,98107,5
2022-07-14 20:00:00,1.00155,1.00263,1.001,1.00263,18356,5
2022-07-15 00:00:00,1.00263,1.00411,1.0011,1.00256,47558,5
2022-07-15 04:00:00,1.00256,1.00356,1.00068,1.00285,47876,5
2022-07-15 08:00:00,1.00282,1.00659,1.00169,1.0054,41339,4
2022-07-15 12:00:00,1.00541,1.00979,1.00408,1.00899,86132,5
2022-07-15 16:00:00,1.00898,1.00936,1.00718,1.00823,26841,4
2022-07-15 20:00:00,1.00823,1.00877,1.00794,1.00821,2200,4
2022-07-17 20:00:00,1.00811,1.00978,1.00785,1.00972,8001,53
2022-07-18 00:00:00,1.00972,1.01143,1.00866,1.01042,31344,5
2022-07-18 04:00:00,1.01041,1.0149,1.00812,1.01458,48872,5
2022-07-18 08:00:00,1.01457,1.01752,1.01196,1.01422,54886,4
2022-07-18 12:00:00,1.01425,1.02011,1.01195,1.016,52744,3
2022-07-18 16:00:00,1.01601,1.01773,1.01408,1.01431,28395,3
2022-07-18 20:00:00,1.01431,1.01485,1.01385,1.01463,11507,5
2022-07-19 00:00:00,1.01464,1.01483,1.01195,1.01267,28587,5
2022-07-19 04:00:00,1.01267,1.02438,1.01241,1.02412,44813,5
2022-07-19 08:00:00,1.02414,1.0269,1.022,1.02534,85242,4
2022-07-19 12:00:00,1.02534,1.02646,1.02245,1.02387,85183,4
2022-07-19 16:00:00,1.02386,1.02451,1.02211,1.02214,29289,4
2022-07-19 20:00:00,1.02214,1.02413,1.02214,1.02307,11137,5
2022-07-20 00:00:00,1.02308,1.02484,1.02307,1.0243,12071,6
2022-07-20 04:00:00,1.02429,1.02729,1.0221,1.02256,30084,5
2022-07-20 08:00:00,1.02255,1.02527,1.0173,1.01907,66391,4
2022-07-20 12:00:00,1.01905,1.02377,1.01792,1.02147,65168,5
2022-07-20 16:00:00,1.02149,1.02173,1.01553,1.01775,34157,3
2022-07-20 20:00:00,1.01775,1.01879,1.0174,1.01807,8347,4
2022-07-21 00:00:00,1.01808,1.02134,1.01782,1.02088,10983,6
2022-07-21 04:00:00,1.02088,1.02304,1.01903,1.01959,27038,5
2022-07-21 08:00:00,1.01963,1.01989,1.01656,1.019,60810,3
2022-07-21 12:00:00,1.01901,1.02781,1.01531,1.02001,153015,5
2022-07-21 16:00:00,1.02001,1.02119,1.01749,1.02113,37961,4
2022-07-21 20:00:00,1.02114,1.02336,1.02051,1.022,8165,6
2022-07-22 00:00:00,1.022,1.02216,1.01846,1.01907,19572,4
2022-07-22 04:00:00,1.01904,1.02134,1.01297,1.01378,32465,5
2022-07-22 08:00:00,1.01384,1.01854,1.01345,1.01757,96055,6
2022-07-22 12:00:00,1.01757,1.02553,1.01694,1.02266,105304,3
2022-07-22 16:00:00,1.02267,1.02391,1.01899,1.02119,65529,4
2022-07-22 20:00:00,1.02119,1.02161,1.02062,1.02119,3579,5
2022-07-24 20:00:00,1.02083,1.02185,1.01989,1.01991,15457,65
2022-07-25 00:00:00,1.01992,1.02129,1.01809,1.0207,57630,5
2022-07-25 04:00:00,1.0207,1.02223,1.01862,1.01928,68377,5
2022-07-25 08:00:00,1.01928,1.02578,1.01784,1.02295,82951,4
2022-07-25 12:00:00,1.02296,1.0255,1.02032,1.02098,59971,5
2022-07-25 16:00:00,1.021,1.02289,1.0206,1.02254,28293,4
2022-07-25 20:00:00,1.02257,1.02266,1.02148,1.02229,14170,5
2022-07-26 00:00:00,1.02229,1.025,1.02218,1.023,39300,6
2022-07-26 04:00:00,1.02299,1.02361,1.02082,1.02192,36979,5
2022-07-26 08:00:00,1.02192,1.02222,1.01247,1.01313,66699,4
2022-07-26 12:00:00,1.01312,1.01528,1.01128,1.01156,68360,4
2022-07-26 16:00:00,1.01154,1.01326,1.01074,1.01139,31500,3
2022-07-26 20:00:00,1.01143,1.01335,1.01138,1.01285,19884,4
2022-07-27 00:00:00,1.01285,1.01472,1.01278,1.01426,52697,5
2022-07-27 04:00:00,1.01424,1.01587,1.01274,1.01395,42565,5
2022-07-27 08:00:00,1.01394,1.0172,1.01342,1.01505,51335,4
2022-07-27 12:00:00,1.01506,1.01564,1.01051,1.01051,47323,3
2022-07-27 16:00:00,1.01052,1.02206,1.00966,1.02086,50598,3
2022-07-27 20:00:00,1.02085,1.02085,1.01887,1.02052,8920,4
2022-07-28 00:00:00,1.02052,1.02156,1.01803,1.02095,18237,4
2022-07-28 04:00:00,1.02094,1.02343,1.01852,1.02099,26766,5
2022-07-28 08:00:00,1.02103,1.02195,1.01138,1.01178,84352,4
2022-07-28 12:00:00,1.01179,1.01748,1.01156,1.01651,122638,6
2022-07-28 16:00:00,1.01651,1.01882,1.01419,1.01864,35403,4
2022-07-28 20:00:00,1.01862,1.01995,1.01848,1.01918,20506,4
2022-07-29 00:00:00,1.0192,1.02247,1.01892,1.02131,47950,5
2022-07-29 04:00:00,1.0213,1.02542,1.02079,1.02363,102560,5
2022-07-29 08:00:00,1.02362,1.02457,1.01854,1.0209,90495,5
2022-07-29 12:00:00,1.0209,1.02129,1.0146,1.02013,115418,5
2022-07-29 16:00:00,1.02014,1.02228,1.01772,1.02208,61977,5
2022-07-29 20:00:00,1.02209,1.02269,1.0217,1.02248,2309,5
2022-07-31 20:00:00,1.02098,1.0224,1.02053,1.02102,22908,133
2022-08-01 00:00:00,1.02102,1.02411,1.02075,1.02254,87950,6
2022-08-01 04:00:00,1.02253,1.02409,1.02132,1.02297,80017,5
2022-08-01 08:00:00,1.02298,1.027,1.0227,1.02329,111587,5
2022-08-01 12:00:00,1.02331,1.02751,1.02248,1.02681,141429,5
2022-08-01 16:00:00,1.0268,1.02748,1.02452,1.02583,84492,5
2022-08-01 20:00:00,1.02581,1.02686,1.02556,1.02627,26079,4
2022-08-02 00:00:00,1.02629,1.02939,1.0256,1.02736,134804,6
2022-08-02 04:00:00,1.02735,1.02795,1.02149,1.02245,104480,5
2022-08-02 08:00:00,1.02249,1.02453,1.0219,1.02236,109295,5
2022-08-02 12:00:00,1.02238,1.02357,1.0181,1.01957,168831,4
2022-08-02 16:00:00,1.01958,1.02103,1.01679,1.01687,94876,5
2022-08-02 20:00:00,1.01692,1.01727,1.01545,1.01563,34489,4
2022-08-03 00:00:00,1.01562,1.01934,1.01498,1.01912,106791,5
2022-08-03 04:00:00,1.01912,1.01929,1.0154,1.01777,119366,6
2022-08-03 08:00:00,1.01782,1.02102,1.01781,1.0184,126990,5
2022-08-03 12:00:00,1.01839,1.01967,1.01226,1.01444,162090,5
2022-08-03 16:00:00,1.01445,1.01738,1.014,1.0168,74108,5
2022-08-03 20:00:00,1.01683,1.01722,1.0156,1.01565,25956,5
2022-08-04 00:00:00,1.01563,1.0176,1.01542,1.01626,56283,5
2022-08-04 04:00:00,1.01626,1.01862,1.01565,1.01788,83362,5
2022-08-04 08:00:00,1.01787,1.01977,1.01602,1.01758,116912,5
2022-08-04 12:00:00,1.01758,1.02338,1.01653,1.0222,136162,5
2022-08-04 16:00:00,1.02218,1.02537,1.0218,1.02453,57030,5
2022-08-04 20:00:00,1.02452,1.0252,1.02422,1.02472,14847,5
2022-08-05 00:00:00,1.02472,1.02482,1.02294,1.02363,35871,5
2022-08-05 04:00:00,1.02363,1.02391,1.02224,1.02335,44916,5
2022-08-05 08:00:00,1.02334,1.02385,1.0218,1.02311,59008,5
2022-08-05 12:00:00,1.02308,1.02364,1.01415,1.01685,156244,8
2022-08-05 16:00:00,1.01688,1.01927,1.01664,1.01775,76746,5
2022-08-05 20:00:00,1.01777,1.01831,1.01761,1.01825,4133,5
2022-08-07 20:00:00,1.01726,1.01786,1.01691,1.01719,8898,61
2022-08-08 00:00:00,1.01718,1.01856,1.0159,1.01855,11611,7
2022-08-08 04:00:00,1.01854,1.02147,1.01712,1.0209,18002,6
2022-08-08 08:00:00,1.0209,1.0209,1.01726,1.02004,44302,5
2022-08-08 12:00:00,1.02011,1.02217,1.01838,1.02062,82901,5
2022-08-08 16:00:00,1.02061,1.02123,1.01851,1.01919,60356,5
2022-08-08 20:00:00,1.0192,1.01998,1.01912,1.01978,12536,5
2022-08-09 00:00:00,1.01976,1.02008,1.01885,1.01961,26720,5
2022-08-09 04:00:00,1.01957,1.02148,1.01916,1.02144,35899,5
2022-08-09 08:00:00,1.02146,1.02472,1.02134,1.02198,62783,5
2022-08-09 12:00:00,1.02199,1.02441,1.02191,1.02251,69582,5
2022-08-09 16:00:00,1.02251,1.02316,1.02024,1.02078,36061,4
2022-08-09 20:00:00,1.02078,1.02154,1.0205,1.02079,17193,5
2022-08-10 00:00:00,1.02077,1.0219,1.02027,1.02137,24012,6
2022-08-10 04:00:00,1.02139,1.02183,1.02051,1.02104,33947,5
2022-08-10 08:00:00,1.02103,1.02607,1.0202,1.02581,58257,5
2022-08-10 12:00:00,1.02585,1.03685,1.02401,1.03334,170407,11
2022-08-10 16:00:00,1.03333,1.03356,1.02945,1.03032,98330,5
2022-08-10 20:00:00,1.03031,1.03046,1.02956,1.02986,45087,5
2022-08-11 00:00:00,1.02986,1.03038,1.02812,1.02883,65321,6
2022-08-11 04:00:00,1.02886,1.03322,1.02752,1.03255,82082,5
2022-08-11 08:00:00,1.03254,1.03428,1.03185,1.03245,90970,5
2022-08-11 12:00:00,1.03244,1.03642,1.03234,1.03372,150007,5
2022-08-11 16:00:00,1.03372,1.03393,1.03095,1.03168,73250,5
2022-08-11 20:00:00,1.03167,1.03274,1.03134,1.03203,19828,5
2022-08-12 00:00:00,1.03202,1.03251,1.03048,1.03171,53819,5
2022-08-12 04:00:00,1.0317,1.03241,1.02911,1.02971,70251,6
2022-08-12 08:00:00,1.0297,1.03083,1.02775,1.02776,91375,5
2022-08-12 12:00:00,1.02776,1.02907,1.0238,1.02545,136505,5
2022-08-12 16:00:00,1.02545,1.02677,1.0251,1.02603,43406,5
2022-08-12 20:00:00,1.02603,1.02619,1.02544,1.0259,3945,5
2022-08-14 20:00:00,1.02551,1.02629,1.02534,1.02534,14566,82
2022-08-15 00:00:00,1.02533,1.02682,1.02397,1.02518,50680,6
2022-08-15 04:00:00,1.02519,1.02557,1.02299,1.0234,60397,5
2022-08-15 08:00:00,1.0234,1.02364,1.01857,1.01953,92666,5
2022-08-15 12:00:00,1.01952,1.0223,1.01812,1.01848,119410,5
2022-08-15 16:00:00,1.01848,1.01853,1.01544,1.01605,53959,5
2022-08-15 20:00:00,1.01604,1.01669,1.01533,1.01613,25462,5
2022-08-16 00:00:00,1.01614,1.01698,1.01473,1.01619,59942,5
2022-08-16 04:00:00,1.0162,1.01687,1.01339,1.01595,72549,5
2022-08-16 08:00:00,1.01595,1.01604,1.01225,1.01277,99415,5
2022-08-16 12:00:00,1.01276,1.01948,1.01247,1.01731,116209,5
2022-08-16 16:00:00,1.01731,1.01806,1.01618,1.017,51886,5
2022-08-16 20:00:00,1.01699,1.01747,1.01655,1.01694,20084,5
2022-08-17 00:00:00,1.01696,1.01792,1.0166,1.01733,50700,5
2022-08-17 04:00:00,1.01733,1.01864,1.01492,1.01663,65300,6
2022-08-17 08:00:00,1.01662,1.01838,1.01515,1.01672,92061,5
2022-08-17 12:00:00,1.01672,1.01984,1.01453,1.01611,120951,5
2022-08-17 16:00:00,1.01613,1.02029,1.01603,1.01801,86670,5
2022-08-17 20:00:00,1.018,1.01805,1.01724,1.01773,17337,5
2022-08-18 00:00:00,1.01774,1.01929,1.0167,1.01705,39791,5
2022-08-18 04:00:00,1.01704,1.01782,1.01458,1.01611,68623,5
2022-08-18 08:00:00,1.01613,1.0188,1.01579,1.01772,84936,5
2022-08-18 12:00:00,1.01771,1.01866,1.01116,1.01124,111651,5
2022-08-18 16:00:00,1.01123,1.0115,1.00795,1.00938,68487,5
2022-08-18 20:00:00,1.00937,1.00943,1.00845,1.00893,19575,5
2022-08-19 00:00:00,1.00893,1.00911,1.00697,1.008,43343,5
2022-08-19 04:00:00,1.00801,1.00954,1.00717,1.00898,68469,5
2022-08-19 08:00:00,1.00902,1.00907,1.00454,1.00483,92586,5
2022-08-19 12:00:00,1.00483,1.00684,1.00348,1.00368,115145,5
2022-08-19 16:00:00,1.00369,1.00457,1.00318,1.004,48090,5
2022-08-19 20:00:00,1.00402,1.00431,1.00326,1.00326,3783,6
2022-08-21 20:00:00,1.00366,1.00404,1.00302,1.0036,24610,98
2022-08-22 00:00:00,1.00361,1.00466,1.00233,1.00428,48627,6
2022-08-22 04:00:00,1.00427,1.00428,0.99994,1.00037,60861,6
2022-08-22 08:00:00,1.00037,1.00182,0.9989,1.00006,100390,5
2022-08-22 12:00:00,1.00007,1.00086,0.99275,0.99345,128469,5
2022-08-22 16:00:00,0.99345,0.99493,0.9926,0.99426,63023,5
2022-08-22 20:00:00,0.99428,0.99455,0.99329,0.9938,16520,5
2022-08-23 00:00:00,0.99381,0.995,0.993,0.99418,60042,5
2022-08-23 04:00:00,0.99417,0.99496,0.99002,0.99332,95075,5
2022-08-23 08:00:00,0.99332,0.99427,0.99125,0.99245,104637,5
2022-08-23 12:00:00,0.99245,1.00181,0.99138,0.99733,173564,5
2022-08-23 16:00:00,0.99733,0.99802,0.99593,0.99687,69838,5
2022-08-23 20:00:00,0.99686,0.99733,0.99632,0.99662,22491,5
2022-08-24 00:00:00,0.99661,0.99718,0.99426,0.99474,55970,6
2022-08-24 04:00:00,0.99473,0.99618,0.99347,0.99532,63632,6
2022-08-24 08:00:00,0.99531,0.99582,0.99162,0.99266,101252,5
2022-08-24 12:00:00,0.99266,0.99993,0.99099,0.99666,169613,5
2022-08-24 16:00:00,0.99669,0.99756,0.99445,0.99715,61534,5
2022-08-24 20:00:00,0.99714,0.99734,0.99626,0.99677,18312,5
2022-08-25 00:00:00,0.99677,0.99926,0.99629,0.99863,54223,5
2022-08-25 04:00:00,0.99862,1.00334,0.99849,0.99994,91763,5
2022-08-25 08:00:00,0.99993,1.00119,0.99723,0.99763,112430,5
2022-08-25 12:00:00,0.99764,1.00004,0.9955,0.99567,144530,5
2022-08-25 16:00:00,0.99568,0.99789,0.9949,0.99767,64565,5
2022-08-25 20:00:00,0.99766,0.99778,0.99674,0.99706,31132,5
2022-08-26 00:00:00,0.99704,0.99745,0.99625,0.99703,40644,5
2022-08-26 04:00:00,0.99703,0.99744,0.99463,0.99739,71054,6
2022-08-26 08:00:00,0.99739,1.00234,0.99692,0.99972,86046,5
2022-08-26 12:00:00,0.99972,1.00898,0.99839,0.99971,143495,5
2022-08-26 16:00:00,0.99968,1.00028,0.99563,0.99652,71615,5
2022-08-26 20:00:00,0.99652,0.99692,0.99618,0.99623,5236,5
2022-08-28 20:00:00,0.99657,0.9967,0.99349,0.99359,27557,21
2022-08-29 00:00:00,0.99362,0.99452,0.9918,0.99238,47852,5
2022-08-29 04:00:00,0.99239,0.99503,0.99141,0.99431,65335,5
2022-08-29 08:00:00,0.9943,0.99998,0.99197,0.99974,92895,5
2022-08-29 12:00:00,0.99973,1.00291,0.9981,0.9997,112053,5
2022-08-29 16:00:00,0.99973,1.00225,0.99895,0.99957,70307,5
2022-08-29 20:00:00,0.99955,1.00115,0.99926,1.00107,20179,5
2022-08-30 00:00:00,1.00105,1.00132,0.99818,0.99982,61006,5
2022-08-30 04:00:00,0.99983,1.00337,0.99821,1.00288,94825,5
2022-08-30 08:00:00,1.00291,1.00547,1.00168,1.00247,109193,5
2022-08-30 12:00:00,1.00248,1.00412,0.99825,1.00181,159127,5
2022-08-30 16:00:00,1.00181,1.00349,1.00101,1.00174,98332,5
2022-08-30 20:00:00,1.00176,1.00258,1.0012,1.00234,16961,5
2022-08-31 00:00:00,1.00233,1.00344,1.00164,1.0032,52828,5
2022-08-31 04:00:00,1.00322,1.00459,0.99989,1.00011,78147,5
2022-08-31 08:00:00,1.00011,1.0027,0.99712,1.00011,130328,5
2022-08-31 12:00:00,1.00011,1.0079,0.9982,1.0063,175533,5
2022-08-31 16:00:00,1.00629,1.00639,1.00353,1.00487,96002,4
2022-08-31 20:00:00,1.00488,1.00557,1.0035,1.0038,25757,5
2022-09-01 00:00:00,1.0038,1.0038,1.00104,1.00162,60878,5
2022-09-01 04:00:00,1.00163,1.00327,1.00077,1.00297,82266,5
2022-09-01 08:00:00,1.00297,1.00485,1.00009,1.00037,100659,4
2022-09-01 12:00:00,1.00039,1.00067,0.99107,0.99483,172738,5
2022-09-01 16:00:00,0.99482,0.996,0.99354,0.9944,98014,5
2022-09-01 20:00:00,0.99442,0.99531,0.99427,0.99514,19317,5
2022-09-02 00:00:00,0.99515,0.99626,0.99499,0.99618,49292,5
2022-09-02 04:00:00,0.99617,0.99962,0.9958,0.99882,85724,5
2022-09-02 08:00:00,0.99882,1.00175,0.99678,0.99909,97497,5
2022-09-02 12:00:00,0.99908,1.00335,0.99796,1.003,192624,13
2022-09-02 16:00:00,1.00301,1.00305,0.99449,0.99529,106831,5
2022-09-02 20:00:00,0.99528,0.99608,0.99515,0.99515,5430,5
2022-09-04 20:00:00,0.99285,0.99347,0.9903,0.99077,31954,53
2022-09-05 00:00:00,0.99075,0.9929,0.99008,0.99128,69466,5
2022-09-05 04:00:00,0.99127,0.99371,0.98772,0.9911,93629,5
2022-09-05 08:00:00,0.99111,0.9944,0.99041,0.99169,91537,5
2022-09-05 12:00:00,0.99168,0.99347,0.99139,0.99291,83838,5
2022-09-05 16:00:00,0.9929,0.99359,0.99272,0.99305,25238,5
2022-09-05 20:00:00,0.99304,0.99518,0.99244,0.995,29129,5
2022-09-06 00:00:00,0.99501,0.99706,0.99426,0.9944,54211,5
2022-09-06 04:00:00,0.9944,0.99862,0.99439,0.99755,114012,5
2022-09-06 08:00:00,0.99755,0.99761,0.99177,0.99236,145951,5
2022-09-06 12:00:00,0.99236,0.99297,0.98638,0.99119,179428,5
2022-09-06 16:00:00,0.9912,0.99163,0.98953,0.99038,99737,5
2022-09-06 20:00:00,0.99039,0.99078,0.989,0.9897,18257,5
2022-09-07 00:00:00,0.98971,0.99038,0.98768,0.98863,78218,6
2022-09-07 04:00:00,0.98859,0.99282,0.98797,0.99237,81614,5
2022-09-07 08:00:00,0.99236,0.993,0.98768,0.98782,111878,5
2022-09-07 12:00:00,0.98782,0.9954,0.98756,0.99392,145780,5
2022-09-07 16:00:00,0.99391,1.00098,0.99386,1.00086,87137,5
2022-09-07 20:00:00,1.00085,1.00128,0.99933,0.99976,23219,5
2022-09-08 00:00:00,0.99981,1.00008,0.99791,0.99861,61581,6
2022-09-08 04:00:00,0.9986,1.00148,0.9976,0.99815,81837,5
2022-09-08 08:00:00,0.99814,1.00293,0.99782,1.00198,104810,5
2022-09-08 12:00:00,1.00196,1.00294,0.99303,0.99534,169917,5
2022-09-08 16:00:00,0.99533,0.99997,0.99442,0.99989,80926,5
2022-09-08 20:00:00,0.99991,1.00099,0.99949,1.00097,13369,5
2022-09-09 00:00:00,1.00096,1.0084,1.00083,1.00693,39630,5
2022-09-09 04:00:00,1.00692,1.01102,1.00582,1.00962,30633,6
2022-09-09 08:00:00,1.00963,1.01131,1.00361,1.00371,60105,5
2022-09-09 12:00:00,1.0037,1.00625,1.0032,1.0045,146891,5
2022-09-09 16:00:00,1.00449,1.00551,1.00366,1.00453,64685,5
2022-09-09 20:00:00,1.00453,1.00479,1.00395,1.00425,4998,5
2022-09-11 20:00:00,1.01039,1.01039,1.00596,1.00702,23797,53
2022-09-12 00:00:00,1.00703,1.00951,1.00629,1.0081,49323,6
2022-09-12 04:00:00,1.00809,1.01977,1.00732,1.01746,65833,5
2022-09-12 08:00:00,1.01747,1.01954,1.0129,1.01436,63226,5
2022-09-12 12:00:00,1.01438,1.01627,1.01041,1.01255,119833,4
2022-09-12 16:00:00,1.01256,1.01443,1.01107,1.01151,71836,5
2022-09-12 20:00:00,1.01152,1.01296,1.01147,1.0129,17403,5
2022-09-13 00:00:00,1.0129,1.01464,1.01239,1.013,54036,6
2022-09-13 04:00:00,1.013,1.01548,1.01194,1.0147,73795,5
2022-09-13 08:00:00,1.01472,1.0187,1.01325,1.01769,88459,5
2022-09-13 12:00:00,1.01771,1.01796,0.99952,0.99965,203086,11
2022-09-13 16:00:00,0.99965,1.00086,0.99701,0.99731,103884,5
2022-09-13 20:00:00,0.99731,0.99806,0.99554,0.99778,26392,5
2022-09-14 00:00:00,0.99779,0.99901,0.99686,0.99886,75978,6
2022-09-14 04:00:00,0.99887,1.00021,0.99595,0.99878,121819,5
2022-09-14 08:00:00,0.99878,1.00234,0.9981,0.99922,140038,5
2022-09-14 12:00:00,0.99921,1.00093,0.99705,0.99934,196565,5
2022-09-14 16:00:00,0.99935,1.00083,0.99689,0.99795,83349,5
2022-09-14 20:00:00,0.99795,0.99845,0.99726,0.9982,17313,5
2022-09-15 00:00:00,0.99819,0.99824,0.9969,0.99739,47831,5
2022-09-15 04:00:00,0.9974,0.99788,0.99556,0.99774,73967,5
2022-09-15 08:00:00,0.99775,1.00004,0.99689,0.99847,112790,5
2022-09-15 12:00:00,0.99846,1.00177,0.99779,0.99905,167108,5
2022-09-15 16:00:00,0.99905,1.00153,0.99875,0.99945,72572,5
2022-09-15 20:00:00,0.99944,1.00005,0.99869,0.99874,17012,5
2022-09-16 00:00:00,0.99876,1.0012,0.9986,0.99972,51717,6
2022-09-16 04:00:00,0.99973,1.00019,0.99448,0.99559,96119,6
2022-09-16 08:00:00,0.99559,0.9989,0.9949,0.99692,108218,5
2022-09-16 12:00:00,0.99691,1.00363,0.9953,1.00118,174637,5
2022-09-16 16:00:00,1.00119,1.00194,0.99929,1.00126,59661,5
2022-09-16 20:00:00,1.00126,1.00176,1.0008,1.00146,3198,5
2022-09-18 20:00:00,1.00072,1.00285,1.00047,1.0022,18424,96
2022-09-19 00:00:00,1.00219,1.00291,0.99943,0.99979,39390,5
2022-09-19 04:00:00,0.9998,0.99995,0.99657,0.99795,61608,5
2022-09-19 08:00:00,0.99794,1.00049,0.99669,0.99821,89357,5
2022-09-19 12:00:00,0.99824,1.00181,0.99756,1.00018,120555,4
2022-09-19 16:00:00,1.0002,1.0025,1.00007,1.00236,56180,5
2022-09-19 20:00:00,1.00236,1.00322,1.00186,1.00297,14944,5
2022-09-20 00:00:00,1.00297,1.00504,1.00199,1.00294,35615,5
2022-09-20 04:00:00,1.00294,1.0042,1.00128,1.00355,55005,5
2022-09-20 08:00:00,1.00355,1.00356,0.99853,0.99869,82371,5
2022-09-20 12:00:00,0.99868,0.99993,0.9955,0.99933,135998,5
2022-09-20 16:00:00,0.99932,0.99959,0.99602,0.99756,86799,5
2022-09-20 20:00:00,0.99757,0.99787,0.9965,0.9971,31324,5
2022-09-21 00:00:00,0.9971,0.9975,0.99573,0.99659,47774,6
2022-09-21 04:00:00,0.9966,0.99683,0.98845,0.99101,135199,5
2022-09-21 08:00:00,0.99102,0.99377,0.98981,0.98993,105223,5
2022-09-21 12:00:00,0.98994,0.99202,0.98664,0.98787,136359,5
2022-09-21 16:00:00,0.98786,0.99102,0.98128,0.98509,199635,5
2022-09-21 20:00:00,0.98507,0.98507,0.98289,0.98313,28240,5
2022-09-22 00:00:00,0.98316,0.98378,0.9808,0.98193,96631,6
2022-09-22 04:00:00,0.98191,0.98533,0.98131,0.98453,139360,6
2022-09-22 08:00:00,0.98453,0.99074,0.98407,0.98662,216250,5
2022-09-22 12:00:00,0.98663,0.98878,0.98119,0.98399,207934,5
2022-09-22 16:00:00,0.98399,0.98519,0.98296,0.98393,100266,5
2022-09-22 20:00:00,0.98392,0.98401,0.98291,0.98383,23665,5
2022-09-23 00:00:00,0.98384,0.98517,0.98206,0.98233,53651,5
2022-09-23 04:00:00,0.98234,0.9838,0.97669,0.97751,101240,5
2022-09-23 08:00:00,0.97751,0.97802,0.97361,0.97511,200530,5
2022-09-23 12:00:00,0.97511,0.97746,0.9702,0.97171,222507,5
2022-09-23 16:00:00,0.97173,0.97239,0.9668,0.9691,118979,5
2022-09-23 20:00:00,0.96908,0.96967,0.96869,0.96885,7933,6
2022-09-25 20:00:00,0.96666,0.97098,0.96666,0.96855,33420,66
2022-09-26 00:00:00,0.96854,0.96916,0.95503,0.96338,179540,6
2022-09-26 04:00:00,0.96338,0.97013,0.96202,0.96783,184260,7
2022-09-26 08:00:00,0.96782,0.96974,0.96188,0.96378,199930,5
2022-09-26 12:00:00,0.96377,0.96894,0.96095,0.96197,249502,5
2022-09-26 16:00:00,0.96198,0.96294,0.95995,0.96087,173447,5
2022-09-26 20:00:00,0.96088,0.96241,0.95839,0.962,36789,5
2022-09-27 00:00:00,0.96201,0.96449,0.96184,0.96408,99765,6
2022-09-27 04:00:00,0.96408,0.96707,0.96348,0.96469,130870,6
2022-09-27 08:00:00,0.9647,0.96525,0.96063,0.96384,153418,5
2022-09-27 12:00:00,0.96385,0.96483,0.95933,0.96145,143177,5
2022-09-27 16:00:00,0.96146,0.96156,0.95689,0.95943,123113,5
2022-09-27 20:00:00,0.95942,0.95995,0.95839,0.95953,36829,5
2022-09-28 00:00:00,0.95953,0.96006,0.95426,0.95578,111227,6
2022-09-28 04:00:00,0.95579,0.95871,0.95357,0.95774,166931,6
2022-09-28 08:00:00,0.95777,0.96026,0.95377,0.95658,264958,5
2022-09-28 12:00:00,0.95658,0.96881,0.95597,0.96788,283713,5
2022-09-28 16:00:00,0.96791,0.97508,0.96784,0.97323,108455,4
2022-09-28 20:00:00,0.97322,0.9739,0.97043,0.97054,29247,5
2022-09-29 00:00:00,0.97055,0.97137,0.96743,0.96859,63538,5
2022-09-29 04:00:00,0.96856,0.96897,0.96353,0.9655,134705,5
2022-09-29 08:00:00,0.96551,0.97465,0.96418,0.97225,175638,5
2022-09-29 12:00:00,0.97229,0.97896,0.96832,0.97733,189408,6
2022-09-29 16:00:00,0.97729,0.98089,0.97692,0.98006,108931,5
2022-09-29 20:00:00,0.98006,0.98437,0.97969,0.98291,40507,5
2022-09-30 00:00:00,0.98292,0.98332,0.97943,0.97994,52141,6
2022-09-30 04:00:00,0.97996,0.98383,0.97898,0.98326,80994,7
2022-09-30 08:00:00,0.98325,0.98537,0.9741,0.97463,116269,5
2022-09-30 12:00:00,0.97463,0.98182,0.97346,0.97824,195107,10
2022-09-30 16:00:00,0.97824,0.98155,0.97704,0.98008,103463,5
2022-09-30 20:00:00,0.98008,0.981,0.9798,0.98013,7852,5
2022-10-02 20:00:00,0.97933,0.98086,0.97891,0.97932,29279,102
2022-10-03 00:00:00,0.97931,0.98287,0.97852,0.98054,82601,6
2022-10-03 04:00:00,0.98054,0.98345,0.97842,0.98122,140786,6
2022-10-03 08:00:00,0.98121,0.98273,0.97525,0.97681,138197,5
2022-10-03 12:00:00,0.97681,0.98445,0.97559,0.98079,203622,5
2022-10-03 16:00:00,0.9808,0.98286,0.97879,0.98286,106362,5
2022-10-03 20:00:00,0.98286,0.98374,0.98197,0.98334,31340,5
2022-10-04 00:00:00,0.98335,0.98453,0.9806,0.98422,68870,6
2022-10-04 04:00:00,0.98423,0.98959,0.98258,0.98751,140066,6
2022-10-04 08:00:00,0.98751,0.99037,0.98524,0.98904,143348,5
2022-10-04 12:00:00,0.98902,0.99796,0.98858,0.99762,148447,5
2022-10-04 16:00:00,0.99763,0.99995,0.99601,0.99902,62152,5
2022-10-04 20:00:00,0.99901,0.99935,0.99791,0.99836,22420,5
2022-10-05 00:00:00,0.99839,0.99905,0.99593,0.99692,70040,6
2022-10-05 04:00:00,0.99691,0.99947,0.99361,0.99405,90297,6
2022-10-05 08:00:00,0.99404,0.99519,0.98995,0.99051,109441,5
2022-10-05 12:00:00,0.99053,0.99229,0.98346,0.98654,142319,5
2022-10-05 16:00:00,0.98654,0.98968,0.98597,0.98852,100321,5
2022-10-05 20:00:00,0.98852,0.9912,0.98653,0.99116,38721,5
2022-10-06 00:00:00,0.99115,0.99264,0.99029,0.99165,88432,6
2022-10-06 04:00:00,0.99166,0.99258,0.98929,0.99103,108534,5
2022-10-06 08:00:00,0.99105,0.99128,0.98578,0.98684,149970,5
2022-10-06 12:00:00,0.98684,0.9882,0.98036,0.98045,195085,5
2022-10-06 16:00:00,0.98045,0.98167,0.9788,0.97965,131667,5
2022-10-06 20:00:00,0.97964,0.98022,0.97862,0.97888,41265,5
2022-10-07 00:00:00,0.97888,0.98119,0.97863,0.98047,75646,6
2022-10-07 04:00:00,0.98047,0.98088,0.97655,0.97984,102596,5
2022-10-07 08:00:00,0.97985,0.98167,0.97869,0.97871,131439,5
2022-10-07 12:00:00,0.97871,0.98028,0.97259,0.97837,230063,10
2022-10-07 16:00:00,0.97837,0.97843,0.97306,0.97386,92899,5
2022-10-07 20:00:00,0.97385,0.97431,0.97324,0.97388,6319,5
2022-10-09 20:00:00,0.97336,0.97395,0.97274,0.97342,28966,69
2022-10-10 00:00:00,0.97343,0.97531,0.97246,0.97375,89222,6
2022-10-10 04:00:00,0.97375,0.97433,0.96992,0.97068,91064,5
2022-10-10 08:00:00,0.97066,0.97093,0.96815,0.9697,72469,5
2022-10-10 12:00:00,0.96969,0.97457,0.96852,0.97026,102974,5
2022-10-10 16:00:00,0.97026,0.97237,0.96851,0.97021,108039,6
2022-10-10 20:00:00,0.97023,0.97112,0.96995,0.9711,23703,6
2022-10-11 00:00:00,0.97112,0.97228,0.96807,0.9682,129790,6
2022-10-11 04:00:00,0.96819,0.97247,0.96698,0.96988,145790,6
2022-10-11 08:00:00,0.96989,0.97379,0.96918,0.97247,144789,5
2022-10-11 12:00:00,0.97247,0.97627,0.96908,0.97558,190948,5
2022-10-11 16:00:00,0.97559,0.97745,0.96936,0.97102,135239,5
2022-10-11 20:00:00,0.97101,0.97178,0.96988,0.97004,32825,6
2022-10-12 00:00:00,0.97004,0.9712,0.96826,0.96982,133145,6
2022-10-12 04:00:00,0.96979,0.97346,0.96959,0.97072,183281,7
2022-10-12 08:00:00,0.97072,0.97244,0.96974,0.9708,137142,5
2022-10-12 12:00:00,0.97079,0.97115,0.96678,0.96904,172295,5
2022-10-12 16:00:00,0.96906,0.97203,0.968,0.97012,108450,5
2022-10-12 20:00:00,0.97012,0.97096,0.96964,0.97046,25430,5
2022-10-13 00:00:00,0.97046,0.97219,0.96948,0.97004,84206,6
2022-10-13 04:00:00,0.97003,0.97091,0.96853,0.97056,87263,6
2022-10-13 08:00:00,0.97057,0.97529,0.96979,0.97447,131638,5
2022-10-13 12:00:00,0.97446,0.9799,0.96315,0.97788,299043,11
2022-10-13 16:00:00,0.9779,0.98057,0.97642,0.97745,167605,5
2022-10-13 20:00:00,0.97745,0.97807,0.97669,0.97671,22853,5
2022-10-14 00:00:00,0.97669,0.98086,0.97616,0.9787,90937,6
2022-10-14 04:00:00,0.97869,0.97969,0.97524,0.97675,115828,6
2022-10-14 08:00:00,0.97675,0.97675,0.9709,0.97186,188352,5
2022-10-14 12:00:00,0.97187,0.97996,0.9707,0.97386,276636,7
2022-10-14 16:00:00,0.97385,0.9748,0.97131,0.97279,109392,5
2022-10-14 20:00:00,0.97281,0.97302,0.97182,0.97182,7351,5
2022-10-16 20:00:00,0.97201,0.9743,0.97182,0.97395,33263,67
2022-10-17 00:00:00,0.97395,0.97521,0.97368,0.97395,92893,6
2022-10-17 04:00:00,0.97397,0.97568,0.97305,0.97469,120943,6
2022-10-17 08:00:00,0.97471,0.97706,0.97197,0.97405,131564,5
2022-10-17 12:00:00,0.97404,0.98483,0.97294,0.98419,155118,5
2022-10-17 16:00:00,0.98417,0.9852,0.98322,0.98347,98655,5
2022-10-17 20:00:00,0.98353,0.98466,0.98351,0.98435,36165,6
2022-10-18 00:00:00,0.98434,0.98525,0.9823,0.98409,79920,5
2022-10-18 04:00:00,0.9841,0.98734,0.9831,0.98575,133198,5
2022-10-18 08:00:00,0.98576,0.98592,0.98124,0.98312,150655,5
2022-10-18 12:00:00,0.98315,0.98755,0.98213,0.98415,180572,5
2022-10-18 16:00:00,0.98412,0.98603,0.98371,0.9857,127263,5
2022-10-18 20:00:00,0.9857,0.98721,0.98523,0.98625,35339,5
2022-10-19 00:00:00,0.98625,0.98667,0.9843,0.9844,84418,6
2022-10-19 04:00:00,0.98441,0.98461,0.9815,0.98391,119577,5
2022-10-19 08:00:00,0.98392,0.98392,0.97592,0.9783,157279,5
2022-10-19 12:00:00,0.9783,0.98025,0.97643,0.97785,180308,5
2022-10-19 16:00:00,0.97786,0.97814,0.97571,0.97729,105632,5
2022-10-19 20:00:00,0.97725,0.9776,0.97604,0.97652,21884,5
2022-10-20 00:00:00,0.97653,0.97716,0.97544,0.97612,81466,5
2022-10-20 04:00:00,0.9761,0.97944,0.9759,0.97866,140189,7
2022-10-20 08:00:00,0.97867,0.98288,0.97727,0.98127,124644,5
2022-10-20 12:00:00,0.98125,0.98454,0.97797,0.98224,215154,7
2022-10-20 16:00:00,0.98222,0.98224,0.97731,0.97839,123779,5
2022-10-20 20:00:00,0.97841,0.97888,0.9773,0.97782,28008,5
2022-10-21 00:00:00,0.97785,0.97832,0.97649,0.97684,56742,6
2022-10-21 04:00:00,0.97686,0.98022,0.97609,0.97887,100721,6
2022-10-21 08:00:00,0.97887,0.97908,0.97321,0.97448,154894,4
2022-10-21 12:00:00,0.97447,0.98562,0.97048,0.98547,354738,5
2022-10-21 16:00:00,0.98547,0.98689,0.98239,0.98616,199780,5
2022-10-21 20:00:00,0.98615,0.98659,0.98564,0.98613,13146,6
2022-10-23 20:00:00,0.98712,0.9899,0.98308,0.98595,85665,44
2022-10-24 00:00:00,0.98594,0.98675,0.98254,0.98343,144136,7
2022-10-24 04:00:00,0.98342,0.98618,0.98262,0.98343,119349,5
2022-10-24 08:00:00,0.98345,0.98464,0.98067,0.98352,205852,5
2022-10-24 12:00:00,0.98352,0.98935,0.98266,0.98736,261350,5
2022-10-24 16:00:00,0.98735,0.98809,0.98631,0.98738,104832,5
2022-10-24 20:00:00,0.98739,0.989,0.98673,0.98842,35883,5
2022-10-25 00:00:00,0.98842,0.98984,0.98773,0.98846,121199,5
2022-10-25 04:00:00,0.98845,0.98862,0.98524,0.98564,98119,5
2022-10-25 08:00:00,0.98561,0.9876,0.98484,0.98666,119344,6
2022-10-25 12:00:00,0.98666,0.99768,0.98562,0.99577,195821,5
2022-10-25 16:00:00,0.99577,0.99696,0.99464,0.99666,100856,5
2022-10-25 20:00:00,0.99665,0.99695,0.99552,0.99616,36819,5
2022-10-26 00:00:00,0.99617,0.99673,0.99434,0.99571,73619,6
2022-10-26 04:00:00,0.9957,1.00345,0.99508,1.00329,106704,5
2022-10-26 08:00:00,1.0033,1.00476,1.00087,1.00213,134030,4
2022-10-26 12:00:00,1.00211,1.0081,0.99955,1.00677,193451,4
2022-10-26 16:00:00,1.00677,1.00885,1.00609,1.00814,106618,5
2022-10-26 20:00:00,1.00814,1.00934,1.0072,1.00932,38807,5
2022-10-27 00:00:00,1.00932,1.00934,1.00617,1.00694,77511,5
2022-10-27 04:00:00,1.00692,1.00836,1.00543,1.00663,79148,5
2022-10-27 08:00:00,1.00663,1.00777,1.00281,1.00497,123060,5
2022-10-27 12:00:00,1.00496,1.00512,0.99723,0.99838,194414,7
2022-10-27 16:00:00,0.99838,0.99956,0.99575,0.99708,98466,5
2022-10-27 20:00:00,0.99708,0.99722,0.996,0.99668,30681,5
2022-10-28 00:00:00,0.99668,0.9998,0.99578,0.99922,82805,6
2022-10-28 04:00:00,0.99921,0.99925,0.99377,0.99451,129496,6
2022-10-28 08:00:00,0.99457,0.99755,0.99265,0.99539,124692,5
2022-10-28 12:00:00,0.99537,0.99898,0.99303,0.99335,200250,6
2022-10-28 16:00:00,0.99335,0.99661,0.99286,0.9966,68693,5
2022-10-28 20:00:00,0.99659,0.99675,0.99595,0.99631,5465,5
2022-10-30 20:00:00,0.99464,0.9962,0.99454,0.99543,30264,73
2022-10-31 00:00:00,0.99543,0.99656,0.99431,0.99647,52555,6
2022-10-31 04:00:00,0.99646,0.99655,0.9928,0.99296,63736,6
2022-10-31 08:00:00,0.99291,0.99487,0.9914,0.99361,105202,5
2022-10-31 12:00:00,0.99362,0.99365,0.98728,0.98828,132442,5
2022-10-31 16:00:00,0.98825,0.98957,0.9873,0.98827,81495,5
2022-10-31 20:00:00,0.98829,0.98875,0.98717,0.98856,15410,5
2022-11-01 00:00:00,0.98856,0.9908,0.98822,0.99032,49449,5
2022-11-01 04:00:00,0.99034,0.99384,0.98993,0.99302,57955,6
2022-11-01 08:00:00,0.99297,0.99477,0.9915,0.99343,77924,5
2022-11-01 12:00:00,0.99343,0.99539,0.98587,0.987,120190,5
2022-11-01 16:00:00,0.987,0.99096,0.98527,0.98776,64561,5
2022-11-01 20:00:00,0.98775,0.98796,0.98695,0.98772,38936,5
2022-11-02 00:00:00,0.98772,0.98996,0.98743,0.98928,57449,5
2022-11-02 04:00:00,0.98931,0.98937,0.98709,0.98842,66392,5
2022-11-02 08:00:00,0.98842,0.99118,0.9879,0.98976,88826,5
2022-11-02 12:00:00,0.98976,0.9915,0.98641,0.98742,141484,5
2022-11-02 16:00:00,0.98744,0.99757,0.98224,0.98285,196941,5
2022-11-02 20:00:00,0.98285,0.98317,0.98098,0.98138,35549,6
2022-11-03 00:00:00,0.98141,0.98394,0.98098,0.9829,64397,5
2022-11-03 04:00:00,0.9829,0.9836,0.97729,0.97836,63890,6
2022-11-03 08:00:00,0.97835,0.979,0.97299,0.97392,140990,5
2022-11-03 12:00:00,0.97393,0.97946,0.97326,0.97579,211635,6
2022-11-03 16:00:00,0.97579,0.97694,0.97423,0.97512,90654,5
2022-11-03 20:00:00,0.97517,0.9755,0.97424,0.97488,21221,5
2022-11-04 00:00:00,0.97491,0.97736,0.97472,0.9773,59670,6
2022-11-04 04:00:00,0.97729,0.97964,0.97568,0.97637,83790,5
2022-11-04 08:00:00,0.97638,0.98115,0.97638,0.97968,121591,5
2022-11-04 12:00:00,0.97968,0.99404,0.9751,0.98951,232840,7
2022-11-04 16:00:00,0.98951,0.99664,0.98875,0.99605,129568,5
2022-11-04 20:00:00,0.99605,0.99635,0.99547,0.9956,5358,5
2022-11-06 20:00:00,0.99036,0.99446,0.99001,0.99281,37533,45
2022-11-07 00:00:00,0.99282,0.99469,0.99175,0.99373,81092,6
2022-11-07 04:00:00,0.99373,0.99553,0.99239,0.99278,84813,5
2022-11-07 08:00:00,0.99277,1.0007,0.99245,0.9981,132681,5
2022-11-07 12:00:00,0.9981,1.00058,0.99657,1.00008,165841,5
2022-11-07 16:00:00,1.00009,1.0034,0.99883,1.00263,89059,5
2022-11-07 20:00:00,1.00265,1.00311,1.00144,1.00173,30760,5
2022-11-08 00:00:00,1.00172,1.00308,1.00062,1.00132,49904,5
2022-11-08 04:00:00,1.00133,1.00144,0.99869,0.99992,57955,5
2022-11-08 08:00:00,0.99993,1.00096,0.99715,0.99981,111800,5
2022-11-08 12:00:00,0.99982,1.0073,0.99851,1.00659,141352,5
2022-11-08 16:00:00,1.00662,1.00963,1.00539,1.00725,117192,5
2022-11-08 20:00:00,1.00724,1.00848,1.00693,1.00804,45998,5
2022-11-09 00:00:00,1.00804,1.0088,1.0059,1.00716,78659,6
2022-11-09 04:00:00,1.00715,1.0073,1.0056,1.00642,73626,5
2022-11-09 08:00:00,1.00643,1.00852,1.00338,1.0054,142358,5
2022-11-09 12:00:00,1.0054,1.00861,1.00108,1.00277,172462,5
2022-11-09 16:00:00,1.00276,1.00526,0.99927,1.00024,110439,5
2022-11-09 20:00:00,1.00024,1.00204,1.00013,1.0019,41628,5
2022-11-10 00:00:00,1.0019,1.0029,1.00101,1.0026,57144,5
2022-11-10 04:00:00,1.00262,1.00428,0.99962,0.99976,75653,5
2022-11-10 08:00:00,0.99974,1.00139,0.99354,0.99441,148451,5
2022-11-10 12:00:00,0.99444,1.01851,0.99413,1.01809,240009,5
2022-11-10 16:00:00,1.0181,1.01819,1.01283,1.01811,128902,5
2022-11-10 20:00:00,1.01812,1.02218,1.01779,1.01914,52792,5
2022-11-11 00:00:00,1.01915,1.0198,1.0163,1.01839,82585,6
2022-11-11 04:00:00,1.01842,1.02533,1.01776,1.02445,111072,5
2022-11-11 08:00:00,1.02445,1.02946,1.02261,1.02906,162821,5
2022-11-11 12:00:00,1.02908,1.03268,1.02657,1.03262,168597,5
2022-11-11 16:00:00,1.03262,1.0364,1.03123,1.03622,101818,4
2022-11-11 20:00:00,1.03622,1.03622,1.03481,1.03538,22769,5
2022-11-13 20:00:00,1.03354,1.03411,1.03141,1.03266,27161,51
2022-11-14 00:00:00,1.03266,1.03501,1.03164,1.03267,118377,8
2022-11-14 04:00:00,1.03265,1.03285,1.02977,1.03275,92157,6
2022-11-14 08:00:00,1.03274,1.03504,1.02748,1.02838,124864,5
2022-11-14 12:00:00,1.02838,1.03359,1.02713,1.03298,155577,5
2022-11-14 16:00:00,1.033,1.03584,1.03245,1.03533,102091,5
2022-11-14 20:00:00,1.03535,1.03552,1.03151,1.03196,37224,5
2022-11-15 00:00:00,1.03196,1.03282,1.03121,1.03201,70269,5
2022-11-15 04:00:00,1.032,1.0418,1.03162,1.04071,97883,5
2022-11-15 08:00:00,1.04069,1.04371,1.03883,1.0411,155864,5
2022-11-15 12:00:00,1.04113,1.04808,1.03607,1.0368,244830,5
2022-11-15 16:00:00,1.03681,1.03896,1.02799,1.03638,223140,4
2022-11-15 20:00:00,1.0364,1.03773,1.03395,1.03572,66254,5
2022-11-16 00:00:00,1.03574,1.03868,1.03307,1.03534,146951,5
2022-11-16 04:00:00,1.03533,1.04142,1.03373,1.04026,171221,6
2022-11-16 08:00:00,1.04026,1.04384,1.03876,1.04165,158421,6
2022-11-16 12:00:00,1.04166,1.0428,1.03723,1.04035,193419,5
2022-11-16 16:00:00,1.04035,1.04124,1.03545,1.03922,116418,5
2022-11-16 20:00:00,1.03922,1.04046,1.03828,1.03932,44194,5
2022-11-17 00:00:00,1.03933,1.03948,1.03596,1.03716,60246,6
2022-11-17 04:00:00,1.0372,1.03951,1.03683,1.03926,69285,5
2022-11-17 08:00:00,1.03926,1.04065,1.03272,1.03464,136911,5
2022-11-17 12:00:00,1.03464,1.03548,1.03051,1.03286,198641,5
2022-11-17 16:00:00,1.03286,1.03694,1.03188,1.03636,101140,5
2022-11-17 20:00:00,1.03637,1.03694,1.03576,1.03607,37346,5
2022-11-18 00:00:00,1.03606,1.03908,1.03569,1.03825,55408,6
2022-11-18 04:00:00,1.03824,1.03858,1.03596,1.03753,63241,5
2022-11-18 08:00:00,1.03753,1.03959,1.03421,1.0366,150287,5
2022-11-18 12:00:00,1.0366,1.03863,1.0326,1.03644,146927,5
2022-11-18 16:00:00,1.03644,1.03716,1.03199,1.03279,94929,5
2022-11-18 20:00:00,1.03277,1.03329,1.03134,1.03235,21824,5
2022-11-20 20:00:00,1.03227,1.0333,1.03213,1.03304,17529,47
2022-11-21 00:00:00,1.03304,1.03327,1.0288,1.03013,84181,7
2022-11-21 04:00:00,1.03012,1.03035,1.025,1.02549,87358,5
2022-11-21 08:00:00,1.0255,1.02732,1.0226,1.02343,130617,5
2022-11-21 12:00:00,1.02343,1.02625,1.02281,1.02395,134761,5
2022-11-21 16:00:00,1.02397,1.02505,1.02227,1.02393,93578,5
2022-11-21 20:00:00,1.02395,1.02465,1.02321,1.0245,39153,5
2022-11-22 00:00:00,1.02451,1.0268,1.02417,1.02613,76054,6
2022-11-22 04:00:00,1.02611,1.02675,1.02456,1.02655,78189,6
2022-11-22 08:00:00,1.02657,1.02908,1.02533,1.02699,128627,5
2022-11-22 12:00:00,1.027,1.02886,1.02538,1.02833,129029,5
2022-11-22 16:00:00,1.02833,1.03082,1.02667,1.02952,61761,5
2022-11-22 20:00:00,1.02951,1.03106,1.02936,1.03104,23025,5
2022-11-23 00:00:00,1.03105,1.03247,1.03003,1.03154,53666,6
2022-11-23 04:00:00,1.03153,1.03486,1.03102,1.0343,64895,6
2022-11-23 08:00:00,1.0343,1.03431,1.02963,1.03197,115060,6
2022-11-23 12:00:00,1.03199,1.03837,1.03147,1.0376,182540,5
2022-11-23 16:00:00,1.03761,1.04048,1.03553,1.04006,133258,5
2022-11-23 20:00:00,1.04008,1.04191,1.03909,1.04175,49053,6
2022-11-24 00:00:00,1.04178,1.04477,1.0405,1.04458,76684,6
2022-11-24 04:00:00,1.04458,1.04484,1.0415,1.04159,73899,6
2022-11-24 08:00:00,1.0416,1.04291,1.03816,1.04044,133173,5
2022-11-24 12:00:00,1.04044,1.04273,1.03978,1.04092,106362,5
2022-11-24 16:00:00,1.04094,1.04143,1.04011,1.04132,37422,5
2022-11-24 20:00:00,1.04133,1.04142,1.04058,1.04074,21817,7
2022-11-25 00:00:00,1.04074,1.04183,1.03959,1.04159,66424,7
2022-11-25 04:00:00,1.04158,1.04291,1.04071,1.04088,75682,6
2022-11-25 08:00:00,1.04087,1.04282,1.03821,1.039,110614,5
2022-11-25 12:00:00,1.03899,1.0407,1.03546,1.04066,126170,5
2022-11-25 16:00:00,1.04065,1.04144,1.03913,1.04114,68961,5
2022-11-25 20:00:00,1.04114,1.04139,1.03854,1.03926,20267,21
2022-11-27 20:00:00,1.03716,1.03809,1.03653,1.03666,18143,42
2022-11-28 00:00:00,1.03667,1.03836,1.0341,1.03547,19044,8
2022-11-28 04:00:00,1.03548,1.0385,1.03465,1.03737,14221,6
2022-11-28 08:00:00,1.03737,1.04967,1.03674,1.0474,115835,6
2022-11-28 12:00:00,1.04741,1.04771,1.03905,1.03982,155321,5
2022-11-28 16:00:00,1.03977,1.0402,1.0337,1.03377,114615,5
2022-11-28 20:00:00,1.03378,1.03466,1.033,1.03433,39296,5
2022-11-29 00:00:00,1.03432,1.03831,1.03339,1.03786,88679,6
2022-11-29 04:00:00,1.03786,1.03942,1.0352,1.03812,99290,6
2022-11-29 08:00:00,1.03808,1.03933,1.03507,1.03824,138553,5
2022-11-29 12:00:00,1.03823,1.03842,1.03245,1.03561,180617,5
2022-11-29 16:00:00,1.0356,1.03583,1.03224,1.03274,119134,5
2022-11-29 20:00:00,1.03273,1.03313,1.03188,1.03235,47036,5
2022-11-30 00:00:00,1.03234,1.0353,1.03205,1.03478,76125,6
2022-11-30 04:00:00,1.03478,1.03608,1.03355,1.0351,76691,6
2022-11-30 08:00:00,1.03512,1.03811,1.03415,1.03589,123552,5
2022-11-30 12:00:00,1.0359,1.03998,1.02946,1.02981,191492,5
2022-11-30 16:00:00,1.02982,1.04149,1.029,1.04134,211289,5
2022-11-30 20:00:00,1.04135,1.04299,1.03986,1.04229,67201,5
2022-12-01 00:00:00,1.04228,1.04477,1.04187,1.04316,118204,7
2022-12-01 04:00:00,1.04315,1.04638,1.0394,1.04032,102701,6
2022-12-01 08:00:00,1.04037,1.04496,1.03929,1.04374,136384,5
2022-12-01 12:00:00,1.04374,1.05336,1.04345,1.0487,205161,5
2022-12-01 16:00:00,1.04871,1.05198,1.04694,1.05184,163820,5
2022-12-01 20:00:00,1.05185,1.05393,1.05118,1.05278,48027,5
2022-12-02 00:00:00,1.05278,1.05278,1.05049,1.05243,77081,6
2022-12-02 04:00:00,1.05242,1.05424,1.05164,1.05292,102186,6
2022-12-02 08:00:00,1.05293,1.05448,1.05127,1.05371,127895,5
2022-12-02 12:00:00,1.05372,1.05445,1.0428,1.04732,229175,5
2022-12-02 16:00:00,1.0473,1.05366,1.04661,1.0536,121752,5
2022-12-02 20:00:00,1.05359,1.05423,1.05309,1.05325,22549,6
2022-12-04 20:00:00,1.05303,1.05436,1.05303,1.05433,17034,45
2022-12-05 00:00:00,1.05437,1.05827,1.05391,1.058,85100,6
2022-12-05 04:00:00,1.05802,1.05847,1.05303,1.05389,80980,6
2022-12-05 08:00:00,1.0539,1.05767,1.05196,1.05643,119172,5
2022-12-05 12:00:00,1.05642,1.05948,1.05037,1.05249,146291,5
2022-12-05 16:00:00,1.05249,1.05379,1.04814,1.04925,98558,5
2022-12-05 20:00:00,1.04924,1.04985,1.048,1.04963,42547,6
2022-12-06 00:00:00,1.04966,1.05186,1.04877,1.04924,91038,6
2022-12-06 04:00:00,1.04924,1.04991,1.04755,1.04903,102019,6
2022-12-06 08:00:00,1.04902,1.05223,1.04789,1.05166,128617,5
2022-12-06 12:00:00,1.05166,1.05326,1.04858,1.04987,149387,5
2022-12-06 16:00:00,1.04986,1.05288,1.04591,1.0463,109661,5
2022-12-06 20:00:00,1.04631,1.04716,1.04619,1.04671,26607,5
2022-12-07 00:00:00,1.04671,1.04763,1.04549,1.04669,64876,6
2022-12-07 04:00:00,1.04668,1.04708,1.04431,1.04595,81543,5
2022-12-07 08:00:00,1.04596,1.05069,1.04496,1.04892,105023,5
2022-12-07 12:00:00,1.04893,1.05496,1.0486,1.05039,192212,5
2022-12-07 16:00:00,1.05038,1.05284,1.04881,1.05142,110187,5
2022-12-07 20:00:00,1.0514,1.05167,1.05011,1.05117,36845,5
2022-12-08 00:00:00,1.05118,1.0515,1.04942,1.05037,68362,6
2022-12-08 04:00:00,1.05038,1.05309,1.04937,1.05259,74225,6
2022-12-08 08:00:00,1.05257,1.05271,1.04895,1.05081,106965,5
2022-12-08 12:00:00,1.0508,1.05491,1.05062,1.0545,142152,5
2022-12-08 16:00:00,1.05449,1.05647,1.05341,1.056,99194,5
2022-12-08 20:00:00,1.05597,1.05633,1.05529,1.05555,36558,5
2022-12-09 00:00:00,1.05554,1.05853,1.05517,1.05803,64371,6
2022-12-09 04:00:00,1.05809,1.05881,1.05666,1.05679,64040,6
2022-12-09 08:00:00,1.05679,1.05767,1.05466,1.05534,84463,5
2022-12-09 12:00:00,1.05535,1.05664,1.05027,1.05405,183566,5
2022-12-09 16:00:00,1.05405,1.05557,1.05318,1.05467,93142,5
2022-12-09 20:00:00,1.05467,1.05477,1.05288,1.05316,18047,5
2022-12-11 20:00:00,1.05264,1.05372,1.05179,1.05209,12889,65
2022-12-12 00:00:00,1.05209,1.0523,1.05057,1.05149,62571,8
2022-12-12 04:00:00,1.0515,1.05366,1.05079,1.05261,60016,6
2022-12-12 08:00:00,1.05261,1.05741,1.05199,1.05655,93944,5
2022-12-12 12:00:00,1.05655,1.058,1.05204,1.05235,106735,5
2022-12-12 16:00:00,1.05234,1.05494,1.05105,1.0522,83898,5
2022-12-12 20:00:00,1.05219,1.05422,1.05207,1.05413,18780,5
2022-12-13 00:00:00,1.05412,1.0554,1.05333,1.05345,40525,5
2022-12-13 04:00:00,1.05346,1.05603,1.05311,1.05512,41250,4
2022-12-13 08:00:00,1.05512,1.05606,1.05278,1.05354,75314,4
2022-12-13 12:00:00,1.05355,1.06731,1.05325,1.06362,197022,5
2022-12-13 16:00:00,1.06364,1.06587,1.06102,1.06359,114938,4
2022-12-13 20:00:00,1.06357,1.06381,1.06206,1.06242,32110,5
2022-12-14 00:00:00,1.06241,1.06389,1.06231,1.06261,43810,6
2022-12-14 04:00:00,1.0626,1.06422,1.06197,1.06295,47561,5
2022-12-14 08:00:00,1.06296,1.06718,1.06187,1.06516,87408,5
2022-12-14 12:00:00,1.06518,1.06614,1.06314,1.06467,111694,5
2022-12-14 16:00:00,1.06469,1.06845,1.06206,1.06636,167633,5
2022-12-14 20:00:00,1.06639,1.0695,1.06617,1.06757,77196,5
2022-12-15 00:00:00,1.06758,1.06827,1.06541,1.06546,43183,7
2022-12-15 04:00:00,1.06544,1.06606,1.06401,1.06409,50358,5
2022-12-15 08:00:00,1.0641,1.06467,1.06055,1.06242,102089,5
2022-12-15 12:00:00,1.06241,1.07361,1.06138,1.06482,199589,5
2022-12-15 16:00:00,1.06481,1.06564,1.05921,1.06306,114235,5
2022-12-15 20:00:00,1.06307,1.06388,1.06198,1.06385,28585,5
2022-12-16 00:00:00,1.06386,1.06624,1.06342,1.06477,58185,5
2022-12-16 04:00:00,1.06478,1.0663,1.06304,1.0631,55728,5
2022-12-16 08:00:00,1.06311,1.06604,1.06093,1.0635,101386,7
2022-12-16 12:00:00,1.0635,1.06487,1.06078,1.06167,133225,5
2022-12-16 16:00:00,1.06167,1.06245,1.05952,1.05993,86756,5
2022-12-16 20:00:00,1.05993,1.06062,1.05839,1.05839,22377,5
2022-12-18 20:00:00,1.05895,1.05959,1.05824,1.05842,23420,60
2022-12-19 00:00:00,1.05842,1.0613,1.0582,1.06084,44122,5
2022-12-19 04:00:00,1.06085,1.06378,1.06013,1.06241,34626,5
2022-12-19 08:00:00,1.06244,1.06578,1.06041,1.06059,72574,4
2022-12-19 12:00:00,1.06059,1.06154,1.05757,1.05795,91022,5
2022-12-19 16:00:00,1.05796,1.06309,1.05795,1.06041,81633,5
2022-12-19 20:00:00,1.06044,1.06127,1.06005,1.06121,27955,5
2022-12-20 00:00:00,1.0612,1.0652,1.05976,1.06081,86269,5
2022-12-20 04:00:00,1.06082,1.06157,1.05788,1.06111,127327,5
2022-12-20 08:00:00,1.06111,1.0646,1.06037,1.06428,115736,5
2022-12-20 12:00:00,1.06428,1.06584,1.05939,1.06399,141131,5
2022-12-20 16:00:00,1.06398,1.06419,1.0599,1.06215,92230,5
2022-12-20 20:00:00,1.06215,1.0629,1.06137,1.0625,27462,4
2022-12-21 00:00:00,1.0625,1.06263,1.06128,1.06164,46030,6
2022-12-21 04:00:00,1.06163,1.06345,1.06066,1.06315,44981,5
2022-12-21 08:00:00,1.06318,1.06373,1.06046,1.06055,85450,5
2022-12-21 12:00:00,1.06058,1.06455,1.05964,1.06152,116593,4
2022-12-21 16:00:00,1.06153,1.06199,1.05901,1.06144,80847,4
2022-12-21 20:00:00,1.06144,1.06163,1.0601,1.06077,28313,5
2022-12-22 00:00:00,1.06077,1.06443,1.06057,1.06431,45794,5
2022-12-22 04:00:00,1.06431,1.06495,1.06349,1.0639,37682,5
2022-12-22 08:00:00,1.06389,1.06593,1.06138,1.06153,79751,5
2022-12-22 12:00:00,1.06153,1.06389,1.05858,1.06018,118625,4
2022-12-22 16:00:00,1.06015,1.06059,1.0573,1.05926,67217,4
2022-12-22 20:00:00,1.05924,1.0603,1.05881,1.0601,34237,5
2022-12-23 00:00:00,1.0601,1.06122,1.05867,1.06075,37712,9
2022-12-23 04:00:00,1.06075,1.06305,1.06018,1.06282,39666,5
2022-12-23 08:00:00,1.06282,1.06282,1.05961,1.06135,59725,5
2022-12-23 12:00:00,1.06135,1.06328,1.05922,1.06134,153574,5
2022-12-23 16:00:00,1.06134,1.06299,1.06058,1.06203,72178,4
2022-12-23 20:00:00,1.06203,1.06211,1.06123,1.06172,12206,5
2022-12-25 20:00:00,1.06114,1.06237,1.06064,1.06191,4629,90
2022-12-26 00:00:00,1.06196,1.06344,1.05979,1.06188,22961,52
2022-12-26 04:00:00,1.06193,1.06317,1.06185,1.06269,8471,47
2022-12-26 08:00:00,1.06271,1.06279,1.06151,1.06246,3286,27
2022-12-26 12:00:00,1.06245,1.06329,1.06184,1.06272,2999,34
2022-12-26 16:00:00,1.0626,1.06328,1.06238,1.06286,1408,77
2022-12-26 20:00:00,1.06287,1.06459,1.06284,1.06397,13164,37
2022-12-27 00:00:00,1.06398,1.06604,1.06344,1.06399,39771,6
2022-12-27 04:00:00,1.06398,1.06678,1.06389,1.06452,34041,5
2022-12-27 08:00:00,1.06452,1.06694,1.06382,1.06542,51221,5
2022-12-27 12:00:00,1.0654,1.06573,1.06113,1.06495,78394,4
2022-12-27 16:00:00,1.06496,1.06602,1.06334,1.06412,58270,4
2022-12-27 20:00:00,1.06413,1.06467,1.06306,1.06369,19784,5
2022-12-28 00:00:00,1.06369,1.06429,1.06247,1.06376,33996,6
2022-12-28 04:00:00,1.06377,1.06545,1.0636,1.06456,35733,6
2022-12-28 08:00:00,1.06456,1.06519,1.06278,1.06463,71216,5
2022-12-28 12:00:00,1.06464,1.06742,1.06115,1.06189,107506,5
2022-12-28 16:00:00,1.06189,1.06355,1.06128,1.0617,73288,5
2022-12-28 20:00:00,1.0617,1.06292,1.06065,1.06288,27928,5
2022-12-29 00:00:00,1.06287,1.06372,1.06198,1.0623,36675,6
2022-12-29 04:00:00,1.06231,1.06289,1.06109,1.06232,29997,5
2022-12-29 08:00:00,1.06234,1.06581,1.06222,1.06379,59706,4
2022-12-29 12:00:00,1.06379,1.06698,1.06362,1.06667,100886,5
2022-12-29 16:00:00,1.06668,1.06902,1.06567,1.06778,66921,4
2022-12-29 20:00:00,1.06779,1.06779,1.0654,1.06601,22223,5
2022-12-30 00:00:00,1.06602,1.06692,1.06546,1.06588,36112,5
2022-12-30 04:00:00,1.06585,1.06593,1.06385,1.06509,41828,5
2022-12-30 08:00:00,1.06511,1.0699,1.06498,1.06759,76209,5
2022-12-30 12:00:00,1.06759,1.07011,1.0645,1.06722,110061,5
2022-12-30 16:00:00,1.06721,1.07131,1.0671,1.06996,105907,5
2022-12-30 20:00:00,1.06996,1.07082,1.06921,1.07026,23328,7
2023-01-01 20:00:00,1.0697,1.07066,1.06788,1.07005,7406,326
2023-01-02 00:00:00,1.07007,1.07087,1.06862,1.06899,8259,112
2023-01-02 04:00:00,1.06896,1.0702,1.06632,1.06786,21775,96
2023-01-02 08:00:00,1.06794,1.06994,1.06712,1.06842,32024,16
2023-01-02 12:00:00,1.06841,1.0687,1.0658,1.066,17971,11
2023-01-02 16:00:00,1.06598,1.06705,1.06499,1.06561,23198,12
2023-01-02 20:00:00,1.0656,1.06833,1.06499,1.06765,29383,40
2023-01-03 00:00:00,1.06764,1.06783,1.06503,1.06722,56635,5
2023-01-03 04:00:00,1.06722,1.06801,1.06199,1.06236,54777,5
2023-01-03 08:00:00,1.06237,1.06282,1.05194,1.05282,144095,4
2023-01-03 12:00:00,1.05281,1.05973,1.05238,1.05554,140400,5
2023-01-03 16:00:00,1.05554,1.05681,1.05371,1.05662,89461,4
2023-01-03 20:00:00,1.05664,1.05688,1.05403,1.05455,38782,5
2023-01-04 00:00:00,1.05453,1.05697,1.0545,1.05687,40131,5
2023-01-04 04:00:00,1.05688,1.06057,1.05594,1.05937,51271,5
2023-01-04 08:00:00,1.05938,1.06354,1.059,1.06043,64965,5
2023-01-04 12:00:00,1.06044,1.06282,1.0581,1.0603,137879,5
2023-01-04 16:00:00,1.0603,1.06205,1.0585,1.06053,102183,5
2023-01-04 20:00:00,1.06053,1.06112,1.05997,1.06061,33499,5
2023-01-05 00:00:00,1.06058,1.06314,1.06029,1.06069,48580,5
2023-01-05 04:00:00,1.0607,1.06199,1.05901,1.06052,48399,5
2023-01-05 08:00:00,1.06052,1.06288,1.0603,1.0611,74156,5
2023-01-05 12:00:00,1.06111,1.06173,1.05148,1.05181,165207,4
2023-01-05 16:00:00,1.05183,1.0543,1.05174,1.053,89136,4
2023-01-05 20:00:00,1.05299,1.05306,1.05155,1.05208,29751,5
2023-01-06 00:00:00,1.05209,1.05363,1.05188,1.05321,36435,5
2023-01-06 04:00:00,1.05319,1.05343,1.05069,1.05124,48968,5
2023-01-06 08:00:00,1.05126,1.05309,1.04922,1.0494,66849,5
2023-01-06 12:00:00,1.04942,1.06123,1.04823,1.06016,190011,5
2023-01-06 16:00:00,1.06018,1.06478,1.05967,1.06453,79264,5
2023-01-06 20:00:00,1.06453,1.0648,1.06413,1.06413,11389,4
2023-01-08 20:00:00,1.06406,1.06628,1.06381,1.06627,14357,50
2023-01-09 00:00:00,1.06628,1.06777,1.06513,1.06675,56286,5
2023-01-09 04:00:00,1.06674,1.06947,1.06666,1.0673,49016,5
2023-01-09 08:00:00,1.0673,1.06995,1.066,1.06843,82993,4
2023-01-09 12:00:00,1.06841,1.07491,1.06807,1.074,109143,4
2023-01-09 16:00:00,1.07402,1.07605,1.07374,1.07517,75236,4
2023-01-09 20:00:00,1.07517,1.07537,1.0727,1.07326,36356,5
2023-01-10 00:00:00,1.07324,1.07424,1.07205,1.07321,52050,5
2023-01-10 04:00:00,1.07323,1.0744,1.07219,1.07314,49798,5
2023-01-10 08:00:00,1.07316,1.07516,1.07293,1.07349,71506,4
2023-01-10 12:00:00,1.07349,1.07592,1.07119,1.07274,143289,4
2023-01-10 16:00:00,1.07275,1.07437,1.0724,1.07407,66757,5
2023-01-10 20:00:00,1.07409,1.0744,1.07304,1.07382,21517,5
2023-01-11 00:00:00,1.07383,1.07453,1.07255,1.07334,47848,6
2023-01-11 04:00:00,1.07335,1.07573,1.07318,1.07466,50667,6
2023-01-11 08:00:00,1.07465,1.0755,1.07254,1.07481,86194,5
2023-01-11 12:00:00,1.07483,1.07762,1.07279,1.07549,115600,5
2023-01-11 16:00:00,1.07549,1.0768,1.07348,1.0763,71539,4
2023-01-11 20:00:00,1.07629,1.07673,1.07485,1.07652,30638,5
2023-01-12 00:00:00,1.07652,1.07745,1.07601,1.07684,56396,6
2023-01-12 04:00:00,1.07685,1.0775,1.07555,1.07623,57292,5
2023-01-12 08:00:00,1.07626,1.07732,1.07426,1.07616,90150,4
2023-01-12 12:00:00,1.07615,1.08387,1.07297,1.08067,254155,5
2023-01-12 16:00:00,1.08066,1.08668,1.08023,1.08491,145764,5
2023-01-12 20:00:00,1.0849,1.08599,1.08411,1.08595,36892,5
2023-01-13 00:00:00,1.08595,1.08679,1.08315,1.08456,63699,5
2023-01-13 04:00:00,1.08454,1.08508,1.08315,1.08488,62094,5
2023-01-13 08:00:00,1.08487,1.0864,1.08083,1.0812,104010,5
2023-01-13 12:00:00,1.08119,1.08386,1.07803,1.08292,150144,5
2023-01-13 16:00:00,1.08292,1.08351,1.08009,1.08291,88334,5
2023-01-13 20:00:00,1.0829,1.08356,1.08268,1.08302,12163,5
2023-01-15 20:00:00,1.08288,1.0835,1.08201,1.08225,12223,53
2023-01-16 00:00:00,1.08224,1.08741,1.08211,1.08599,56021,6
2023-01-16 04:00:00,1.08599,1.08637,1.08264,1.08308,51480,5
2023-01-16 08:00:00,1.08307,1.08364,1.08013,1.08268,78376,5
2023-01-16 12:00:00,1.08267,1.0829,1.08058,1.08251,60169,5
2023-01-16 16:00:00,1.08251,1.08264,1.08107,1.08192,25250,4
2023-01-16 20:00:00,1.08193,1.08323,1.08165,1.08294,25072,5
2023-01-17 00:00:00,1.08294,1.08336,1.08061,1.08249,59567,6
2023-01-17 04:00:00,1.08249,1.08354,1.08118,1.08279,57890,6
2023-01-17 08:00:00,1.0828,1.08385,1.08088,1.08322,92790,5
2023-01-17 12:00:00,1.08323,1.08693,1.07949,1.08016,167081,5
2023-01-17 16:00:00,1.08016,1.08091,1.07744,1.07932,83164,5
2023-01-17 20:00:00,1.07932,1.07968,1.07853,1.07893,29200,5
2023-01-18 00:00:00,1.07891,1.07992,1.07661,1.07728,75313,5
2023-01-18 04:00:00,1.0773,1.08364,1.07672,1.08252,79408,6
2023-01-18 08:00:00,1.08252,1.08714,1.08115,1.0815,47445,5
2023-01-18 12:00:00,1.08151,1.08873,1.08149,1.0833,94447,5
2023-01-18 16:00:00,1.08332,1.08357,1.07866,1.07948,50526,5
2023-01-18 20:00:00,1.07947,1.07978,1.07872,1.07972,18003,5
2023-01-19 00:00:00,1.07974,1.08054,1.07821,1.08005,24325,6
2023-01-19 04:00:00,1.08005,1.08138,1.07825,1.08076,23900,6
2023-01-19 08:00:00,1.08078,1.0838,1.08031,1.08216,38848,5
2023-01-19 12:00:00,1.08216,1.0827,1.07837,1.0789,63819,5
2023-01-19 16:00:00,1.07892,1.08356,1.07872,1.08304,44832,5
2023-01-19 20:00:00,1.08303,1.08398,1.08265,1.08333,15707,5
2023-01-20 00:00:00,1.08332,1.0844,1.08279,1.08343,20623,6
2023-01-20 04:00:00,1.08343,1.08464,1.08207,1.08399,17682,6
2023-01-20 08:00:00,1.08401,1.08587,1.08243,1.08247,30916,5
2023-01-20 12:00:00,1.08248,1.08477,1.08022,1.08309,44282,5
2023-01-20 16:00:00,1.08309,1.08582,1.08272,1.08539,32494,5
2023-01-20 20:00:00,1.0854,1.08581,1.08519,1.08549,10498,6
2023-01-22 20:00:00,1.08678,1.08696,1.08611,1.08643,11691,28
2023-01-23 00:00:00,1.08639,1.09029,1.08639,1.08983,19976,5
2023-01-23 04:00:00,1.08986,1.09267,1.08871,1.09141,20934,5
2023-01-23 08:00:00,1.09141,1.09203,1.08787,1.08811,33534,5
2023-01-23 12:00:00,1.08811,1.08831,1.08461,1.08646,54189,5
2023-01-23 16:00:00,1.08645,1.08757,1.08474,1.08587,33879,5
2023-01-23 20:00:00,1.08588,1.08759,1.0857,1.08711,14735,5
2023-01-24 00:00:00,1.08711,1.08828,1.08674,1.08743,10748,6
2023-01-24 04:00:00,1.08742,1.08978,1.08692,1.08885,16037,5
2023-01-24 08:00:00,1.08886,1.08957,1.08517,1.08665,60771,6
2023-01-24 12:00:00,1.08665,1.08807,1.08349,1.0875,137744,4
2023-01-24 16:00:00,1.08751,1.08887,1.08669,1.08835,68396,4
2023-01-24 20:00:00,1.08836,1.08903,1.08789,1.08897,26700,5
2023-01-25 00:00:00,1.08899,1.09013,1.08807,1.08971,42966,6
2023-01-25 04:00:00,1.08971,1.0911,1.08784,1.08809,47678,5
2023-01-25 08:00:00,1.08808,1.08918,1.08571,1.08645,82354,5
2023-01-25 12:00:00,1.08646,1.09236,1.08585,1.09021,119633,5
2023-01-25 16:00:00,1.09018,1.0918,1.08741,1.09144,76503,5
2023-01-25 20:00:00,1.09145,1.09228,1.09063,1.09206,21769,5
2023-01-26 00:00:00,1.09206,1.09246,1.09069,1.09131,32129,6
2023-01-26 04:00:00,1.09129,1.09293,1.09064,1.09194,41084,6
2023-01-26 08:00:00,1.09195,1.09279,1.08924,1.09027,65550,5
2023-01-26 12:00:00,1.09028,1.09173,1.08508,1.08551,149838,5
2023-01-26 16:00:00,1.08551,1.08903,1.08505,1.0889,64929,5
2023-01-26 20:00:00,1.0889,1.08963,1.08862,1.0893,16650,5
2023-01-27 00:00:00,1.0893,1.09001,1.08704,1.08735,23584,6
2023-01-27 04:00:00,1.08735,1.08793,1.08654,1.08734,29910,5
2023-01-27 08:00:00,1.08738,1.08953,1.08654,1.08789,55629,5
2023-01-27 12:00:00,1.08789,1.08807,1.08377,1.08385,125625,5
2023-01-27 16:00:00,1.08385,1.08721,1.08381,1.08683,59470,5
2023-01-27 20:00:00,1.08684,1.08728,1.08639,1.08649,6537,5
2023-01-29 20:00:00,1.08643,1.08724,1.08595,1.08717,3624,36
2023-01-30 00:00:00,1.08718,1.08753,1.0861,1.08684,13450,5
2023-01-30 04:00:00,1.08684,1.08792,1.08528,1.08594,17868,6
2023-01-30 08:00:00,1.08595,1.09137,1.08595,1.08961,37028,5
2023-01-30 12:00:00,1.08962,1.0911,1.08674,1.08706,57962,5
2023-01-30 16:00:00,1.08707,1.08747,1.08389,1.08461,62910,5
2023-01-30 20:00:00,1.08459,1.08544,1.08439,1.08499,18819,5
2023-01-31 00:00:00,1.085,1.08599,1.0844,1.08444,34736,5
2023-01-31 04:00:00,1.08445,1.08496,1.08315,1.08438,37878,5
2023-01-31 08:00:00,1.08439,1.08446,1.08019,1.08357,61248,5
2023-01-31 12:00:00,1.0836,1.08642,1.08254,1.086,116224,4
2023-01-31 16:00:00,1.08598,1.08747,1.08504,1.08637,39919,4
2023-01-31 20:00:00,1.08639,1.08729,1.08597,1.08606,19281,5
2023-02-01 00:00:00,1.08605,1.08638,1.0852,1.08626,26913,5
2023-02-01 04:00:00,1.08625,1.08835,1.08624,1.08798,32364,5
2023-02-01 08:00:00,1.08801,1.08967,1.08695,1.08924,61207,5
2023-02-01 12:00:00,1.08924,1.09247,1.0888,1.09196,103925,5
2023-02-01 16:00:00,1.09195,1.09857,1.08885,1.09777,154168,4
2023-02-01 20:00:00,1.09778,1.10327,1.09693,1.10124,82184,5
2023-02-02 00:00:00,1.10123,1.10266,1.1006,1.10174,58784,6
2023-02-02 04:00:00,1.10174,1.10253,1.09913,1.09933,51553,5
2023-02-02 08:00:00,1.09933,1.10103,1.09803,1.0999,79936,5
2023-02-02 12:00:00,1.0999,1.10043,1.08851,1.09366,175375,5
2023-02-02 16:00:00,1.09366,1.09488,1.0905,1.09077,78414,5
2023-02-02 20:00:00,1.09077,1.09161,1.09043,1.09043,35718,5
2023-02-03 00:00:00,1.09044,1.0905,1.08878,1.08938,44312,5
2023-02-03 04:00:00,1.08937,1.09059,1.08818,1.08994,43762,6
2023-02-03 08:00:00,1.08995,1.09368,1.08845,1.0929,71398,4
2023-02-03 12:00:00,1.0929,1.09399,1.08092,1.08582,222031,5
2023-02-03 16:00:00,1.08582,1.08613,1.08017,1.08044,108791,5
2023-02-03 20:00:00,1.08046,1.08048,1.07924,1.07929,18847,5
2023-02-05 20:00:00,1.0782,1.07981,1.07817,1.07891,17051,61
2023-02-06 00:00:00,1.0789,1.07982,1.07813,1.079,44003,6
2023-02-06 04:00:00,1.079,1.07987,1.07799,1.07799,43272,5
2023-02-06 08:00:00,1.07798,1.0795,1.07565,1.07662,73422,5
2023-02-06 12:00:00,1.0766,1.0783,1.0722,1.07302,109071,4
2023-02-06 16:00:00,1.07301,1.07392,1.07092,1.07247,69099,4
2023-02-06 20:00:00,1.07244,1.07308,1.07185,1.07289,28835,5
2023-02-07 00:00:00,1.07288,1.07425,1.07279,1.0738,34736,6
2023-02-07 04:00:00,1.0738,1.07436,1.07229,1.07239,48740,5
2023-02-07 08:00:00,1.07242,1.07347,1.06968,1.07047,96173,5
2023-02-07 12:00:00,1.07049,1.07122,1.0669,1.06926,103199,4
2023-02-07 16:00:00,1.06926,1.07664,1.06872,1.07191,190696,5
2023-02-07 20:00:00,1.07192,1.07307,1.07081,1.07301,23971,5
2023-02-08 00:00:00,1.07303,1.07349,1.0723,1.07321,34564,5
2023-02-08 04:00:00,1.0732,1.07596,1.07238,1.07586,35821,6
2023-02-08 08:00:00,1.07586,1.07607,1.07327,1.07348,67417,5
2023-02-08 12:00:00,1.07348,1.0749,1.07137,1.07251,100202,4
2023-02-08 16:00:00,1.07251,1.074,1.07186,1.07229,74847,4
2023-02-08 20:00:00,1.07229,1.07244,1.07092,1.07151,28315,5
2023-02-09 00:00:00,1.07152,1.07326,1.07093,1.07293,31842,5
2023-02-09 04:00:00,1.07294,1.07446,1.07239,1.07329,44308,5
2023-02-09 08:00:00,1.0733,1.07783,1.07324,1.0763,63794,4
2023-02-09 12:00:00,1.0763,1.07907,1.0759,1.07626,96789,4
2023-02-09 16:00:00,1.07625,1.07631,1.07329,1.07372,84198,5
2023-02-09 20:00:00,1.07372,1.07412,1.07312,1.0739,23389,5
2023-02-10 00:00:00,1.07391,1.07395,1.07173,1.07205,43643,5
2023-02-10 04:00:00,1.07206,1.07445,1.07171,1.07408,58738,6
2023-02-10 08:00:00,1.0741,1.07525,1.06915,1.06983,107821,5
2023-02-10 12:00:00,1.06984,1.07067,1.06743,1.06767,126579,4
2023-02-10 16:00:00,1.06768,1.06868,1.06661,1.0673,55659,4
2023-02-10 20:00:00,1.06732,1.06807,1.06731,1.06754,9469,5
2023-02-12 20:00:00,1.06808,1.06821,1.06708,1.06771,9209,45
2023-02-13 00:00:00,1.06771,1.06787,1.06553,1.06604,46811,5
2023-02-13 04:00:00,1.06605,1.06897,1.06604,1.06828,43643,5
2023-02-13 08:00:00,1.06829,1.06854,1.0663,1.06757,61516,5
2023-02-13 12:00:00,1.06757,1.07272,1.06735,1.07195,94032,5
2023-02-13 16:00:00,1.07196,1.07297,1.07102,1.07171,53962,4
2023-02-13 20:00:00,1.07171,1.07322,1.07139,1.07308,16089,5
2023-02-14 00:00:00,1.07308,1.07367,1.07253,1.07342,34742,6
2023-02-14 04:00:00,1.07343,1.07463,1.07286,1.07316,41865,5
2023-02-14 08:00:00,1.07317,1.07668,1.07287,1.0755,70564,4
2023-02-14 12:00:00,1.07549,1.08044,1.07066,1.07156,236367,4
2023-02-14 16:00:00,1.07156,1.07454,1.07122,1.07393,137038,5
2023-02-14 20:00:00,1.07393,1.07421,1.07321,1.0735,24288,5
2023-02-15 00:00:00,1.07351,1.07443,1.0717,1.07179,42420,5
2023-02-15 04:00:00,1.07179,1.0721,1.06997,1.07079,48914,5
2023-02-15 08:00:00,1.0708,1.07327,1.07047,1.07108,69111,5
2023-02-15 12:00:00,1.07109,1.07179,1.06649,1.06758,162501,5
2023-02-15 16:00:00,1.06757,1.06875,1.06604,1.06808,77345,4
2023-02-15 20:00:00,1.0681,1.06922,1.06797,1.06912,40899,5
2023-02-16 00:00:00,1.06913,1.07147,1.06843,1.07093,52605,5
2023-02-16 04:00:00,1.07093,1.07104,1.0696,1.0709,42835,5
2023-02-16 08:00:00,1.07087,1.07222,1.06888,1.0705,63391,4
2023-02-16 12:00:00,1.0705,1.07086,1.06544,1.06729,160747,5
2023-02-16 16:00:00,1.06731,1.06973,1.06681,1.06902,90083,4
2023-02-16 20:00:00,1.06901,1.06907,1.06622,1.06653,41361,5
2023-02-17 00:00:00,1.06653,1.06654,1.06487,1.06525,39829,5
2023-02-17 04:00:00,1.06523,1.06529,1.06292,1.06437,47871,5
2023-02-17 08:00:00,1.06438,1.06611,1.06236,1.06256,77595,5
2023-02-17 12:00:00,1.06257,1.06819,1.06126,1.06619,142317,5
2023-02-17 16:00:00,1.0662,1.06967,1.06566,1.06961,85249,5
2023-02-17 20:00:00,1.06962,1.06982,1.06925,1.06929,13255,5
2023-02-19 20:00:00,1.06849,1.06933,1.06822,1.06838,16737,66
2023-02-20 00:00:00,1.0684,1.06864,1.06728,1.06816,37195,6
2023-02-20 04:00:00,1.06816,1.07035,1.06813,1.07015,45605,5
2023-02-20 08:00:00,1.07015,1.07044,1.0678,1.0685,56246,5
2023-02-20 12:00:00,1.06852,1.06938,1.06701,1.0686,50233,5
2023-02-20 16:00:00,1.06861,1.06905,1.06829,1.0687,15622,4
2023-02-20 20:00:00,1.06871,1.06884,1.0682,1.06821,16523,5
2023-02-21 00:00:00,1.06821,1.06849,1.0662,1.06665,38772,5
2023-02-21 04:00:00,1.06667,1.06739,1.06599,1.06696,39134,5
2023-02-21 08:00:00,1.06696,1.06883,1.06425,1.06571,109861,6
2023-02-21 12:00:00,1.06571,1.0698,1.06437,1.0685,146749,4
2023-02-21 16:00:00,1.0685,1.06854,1.06372,1.06484,73225,5
2023-02-21 20:00:00,1.06484,1.06534,1.0643,1.06512,36346,5
2023-02-22 00:00:00,1.06513,1.06638,1.06485,1.06596,43593,5
2023-02-22 04:00:00,1.06594,1.06632,1.0651,1.06534,26968,5
2023-02-22 08:00:00,1.06532,1.06576,1.06245,1.063,67931,5
2023-02-22 12:00:00,1.06303,1.06602,1.06249,1.06267,98028,5
2023-02-22 16:00:00,1.06268,1.06359,1.05994,1.06007,109870,5
2023-02-22 20:00:00,1.06009,1.06096,1.05989,1.06053,28384,5
2023-02-23 00:00:00,1.06053,1.06247,1.06052,1.06223,30496,6
2023-02-23 04:00:00,1.06222,1.06275,1.06102,1.06164,40871,5
2023-02-23 08:00:00,1.06163,1.06176,1.05857,1.06038,75879,5
2023-02-23 12:00:00,1.06037,1.06209,1.05873,1.05967,145059,5
2023-02-23 16:00:00,1.05969,1.06028,1.05769,1.05954,71167,4
2023-02-23 20:00:00,1.05955,1.06032,1.05927,1.05972,16565,5
2023-02-24 00:00:00,1.05973,1.06141,1.05932,1.05998,59532,6
2023-02-24 04:00:00,1.05998,1.06021,1.05883,1.05893,49104,6
2023-02-24 08:00:00,1.05893,1.05959,1.05733,1.05794,69673,5
2023-02-24 12:00:00,1.05794,1.05794,1.05359,1.0542,192666,5
2023-02-24 16:00:00,1.0542,1.05597,1.05399,1.05506,79356,4
2023-02-24 20:00:00,1.05505,1.05555,1.05435,1.0545,17893,4
2023-02-26 20:00:00,1.05451,1.0555,1.05439,1.05533,6405,60
2023-02-27 00:00:00,1.05533,1.05598,1.054,1.0544,44135,5
2023-02-27 04:00:00,1.05441,1.05528,1.05328,1.05476,47533,5
2023-02-27 08:00:00,1.05478,1.0569,1.05478,1.05621,64333,5
2023-02-27 12:00:00,1.0562,1.06198,1.05502,1.06009,106998,4
2023-02-27 16:00:00,1.06008,1.06127,1.05795,1.06073,51187,4
2023-02-27 20:00:00,1.06074,1.06104,1.06014,1.06094,17258,5
2023-02-28 00:00:00,1.06094,1.06148,1.05855,1.05923,26051,5
2023-02-28 04:00:00,1.05922,1.05966,1.05817,1.05932,33285,5
2023-02-28 08:00:00,1.05938,1.0626,1.05938,1.06089,62456,5
2023-02-28 12:00:00,1.0609,1.06451,1.06014,1.0605,94790,5
2023-02-28 16:00:00,1.06051,1.06169,1.05823,1.05837,72990,4
2023-02-28 20:00:00,1.05835,1.05838,1.05726,1.05766,26663,4
2023-03-01 00:00:00,1.05767,1.05955,1.05651,1.0593,49948,6
2023-03-01 04:00:00,1.0593,1.0645,1.05879,1.06415,63401,5
2023-03-01 08:00:00,1.06415,1.06739,1.06254,1.06695,104552,5
2023-03-01 12:00:00,1.06696,1.06913,1.06434,1.06721,143540,5
2023-03-01 16:00:00,1.0672,1.06783,1.06463,1.0657,82398,4
2023-03-01 20:00:00,1.06572,1.06723,1.0656,1.06684,19570,5
2023-03-02 00:00:00,1.06684,1.06726,1.06444,1.06456,53612,5
2023-03-02 04:00:00,1.06456,1.06507,1.06321,1.06361,44040,5
2023-03-02 08:00:00,1.06362,1.06429,1.06129,1.06247,95313,4
2023-03-02 12:00:00,1.06248,1.06309,1.05819,1.06086,145398,5
2023-03-02 16:00:00,1.06085,1.06127,1.05764,1.05902,67719,5
2023-03-02 20:00:00,1.05903,1.06064,1.0586,1.05983,25285,5
2023-03-03 00:00:00,1.05982,1.06148,1.05966,1.06061,46001,5
2023-03-03 04:00:00,1.06062,1.06231,1.06051,1.06097,42532,5
2023-03-03 08:00:00,1.06098,1.0629,1.06003,1.06144,75703,5
2023-03-03 12:00:00,1.06144,1.06295,1.05882,1.05975,120315,5
2023-03-03 16:00:00,1.05976,1.06355,1.05924,1.06345,65368,5
2023-03-03 20:00:00,1.06344,1.06384,1.06301,1.06337,13913,5
2023-03-05 20:00:00,1.06228,1.06288,1.06228,1.06254,8871,32
2023-03-06 00:00:00,1.06255,1.06498,1.0624,1.06456,43913,5
2023-03-06 04:00:00,1.06457,1.06568,1.0637,1.06482,43884,5
2023-03-06 08:00:00,1.0648,1.06572,1.06219,1.06393,67686,4
2023-03-06 12:00:00,1.06393,1.06894,1.06321,1.06785,105718,5
2023-03-06 16:00:00,1.06785,1.06942,1.06682,1.06754,54001,4
2023-03-06 20:00:00,1.06754,1.06868,1.06719,1.06854,17999,5
2023-03-07 00:00:00,1.06853,1.06925,1.06763,1.06909,40348,5
2023-03-07 04:00:00,1.06908,1.06943,1.06744,1.06854,52226,5
2023-03-07 08:00:00,1.06853,1.06862,1.06542,1.06565,75201,5
2023-03-07 12:00:00,1.06564,1.06719,1.05737,1.05854,149095,4
2023-03-07 16:00:00,1.05853,1.05959,1.0546,1.05514,129712,5
2023-03-07 20:00:00,1.05516,1.05571,1.05471,1.05481,17946,5
2023-03-08 00:00:00,1.05482,1.05504,1.05274,1.05292,45713,6
2023-03-08 04:00:00,1.05292,1.05469,1.05241,1.05434,45939,5
2023-03-08 08:00:00,1.05434,1.05484,1.05339,1.05377,61990,5
2023-03-08 12:00:00,1.05376,1.05738,1.05291,1.05524,147689,4
2023-03-08 16:00:00,1.05525,1.05676,1.05397,1.05456,83087,4
2023-03-08 20:00:00,1.05457,1.05499,1.0541,1.05488,17148,5
2023-03-09 00:00:00,1.05488,1.05532,1.05378,1.05491,31723,6
2023-03-09 04:00:00,1.05492,1.05596,1.05457,1.05562,31799,5
2023-03-09 08:00:00,1.05562,1.05812,1.0548,1.05709,62306,4
2023-03-09 12:00:00,1.0571,1.05862,1.05524,1.05686,106217,4
2023-03-09 16:00:00,1.05686,1.0591,1.05635,1.05755,88804,4
2023-03-09 20:00:00,1.05755,1.05856,1.05723,1.05856,33262,5
2023-03-10 00:00:00,1.05855,1.05993,1.05791,1.05967,62976,5
2023-03-10 04:00:00,1.05967,1.06066,1.05809,1.05948,58412,6
2023-03-10 08:00:00,1.05946,1.06036,1.05738,1.05894,86765,5
2023-03-10 12:00:00,1.05896,1.07004,1.05806,1.06872,219311,5
2023-03-10 16:00:00,1.06873,1.06873,1.06359,1.06434,127520,4
2023-03-10 20:00:00,1.06434,1.06479,1.06364,1.06387,19208,5
2023-03-12 20:00:00,1.06808,1.0703,1.0674,1.0681,47130,49
2023-03-13 00:00:00,1.06811,1.07369,1.06637,1.07168,102929,7
2023-03-13 04:00:00,1.0717,1.07372,1.07131,1.07251,66368,6
2023-03-13 08:00:00,1.07253,1.07288,1.06572,1.06639,194542,5
2023-03-13 12:00:00,1.0664,1.07333,1.065,1.07332,228084,5
2023-03-13 16:00:00,1.07332,1.07484,1.07208,1.07295,138970,5
2023-03-13 20:00:00,1.07295,1.07335,1.07223,1.07228,26436,5
2023-03-14 00:00:00,1.07228,1.07241,1.06987,1.07025,53158,6
2023-03-14 04:00:00,1.07028,1.07153,1.06787,1.06895,79678,6
2023-03-14 08:00:00,1.06895,1.07282,1.06829,1.07217,106189,5
2023-03-14 12:00:00,1.07219,1.07486,1.06979,1.0721,203385,11
2023-03-14 16:00:00,1.0721,1.07494,1.07104,1.07414,122254,4
2023-03-14 20:00:00,1.07416,1.07421,1.07252,1.07267,14607,5
2023-03-15 00:00:00,1.07267,1.07597,1.0725,1.07508,41951,5
2023-03-15 04:00:00,1.07509,1.07537,1.07274,1.07371,60293,6
2023-03-15 08:00:00,1.07373,1.07435,1.05804,1.05873,164846,5
2023-03-15 12:00:00,1.05872,1.05946,1.05158,1.05338,209536,7
2023-03-15 16:00:00,1.05338,1.05923,1.05274,1.05801,181242,5
2023-03-15 20:00:00,1.05803,1.05888,1.05739,1.05814,25966,5
2023-03-16 00:00:00,1.05814,1.05991,1.05729,1.05985,75525,5
2023-03-16 04:00:00,1.05986,1.0628,1.05927,1.06247,62870,5
2023-03-16 08:00:00,1.0625,1.06353,1.05999,1.0613,106368,4
2023-03-16 12:00:00,1.0613,1.06267,1.0551,1.06212,227159,5
2023-03-16 16:00:00,1.06214,1.06251,1.05915,1.06148,118795,3
2023-03-16 20:00:00,1.06147,1.06171,1.06066,1.06135,18609,3
2023-03-17 00:00:00,1.06136,1.06447,1.06116,1.06402,52460,4
2023-03-17 04:00:00,1.06402,1.06693,1.06388,1.06625,65931,4
2023-03-17 08:00:00,1.06625,1.06699,1.06154,1.06295,92200,3
2023-03-17 12:00:00,1.06295,1.06479,1.06122,1.06462,65811,3
2023-03-17 16:00:00,1.06461,1.06852,1.06421,1.06612,47074,3
2023-03-17 20:00:00,1.06613,1.06666,1.06584,1.06647,5906,4
2023-03-19 20:00:00,1.06885,1.06886,1.06661,1.06804,12106,45
2023-03-20 00:00:00,1.06806,1.06898,1.06646,1.06692,19219,4
2023-03-20 04:00:00,1.06691,1.0681,1.06416,1.06554,51548,4
2023-03-20 08:00:00,1.06554,1.07086,1.06311,1.07068,167570,4
2023-03-20 12:00:00,1.07071,1.07309,1.07017,1.07211,142236,3
2023-03-20 16:00:00,1.07211,1.07283,1.07067,1.07231,71985,3
2023-03-20 20:00:00,1.07231,1.07243,1.07155,1.07185,31232,3
2023-03-21 00:00:00,1.07185,1.0726,1.0714,1.07157,47618,4
2023-03-21 04:00:00,1.07158,1.07219,1.07038,1.07189,47528,4
2023-03-21 08:00:00,1.0719,1.07846,1.07161,1.07785,105675,3
2023-03-21 12:00:00,1.07787,1.07886,1.07607,1.07688,129565,3
2023-03-21 16:00:00,1.07686,1.07783,1.07561,1.07693,56628,3
2023-03-21 20:00:00,1.07695,1.07739,1.07656,1.07727,10985,3
2023-03-22 00:00:00,1.07725,1.07767,1.07652,1.07698,35859,4
2023-03-22 04:00:00,1.07698,1.0775,1.0759,1.07657,49082,3
2023-03-22 08:00:00,1.07658,1.0798,1.0765,1.07972,85255,3
2023-03-22 12:00:00,1.07971,1.08002,1.07756,1.07912,83180,3
2023-03-22 16:00:00,1.07912,1.09124,1.07884,1.08653,182266,3
2023-03-22 20:00:00,1.08652,1.08717,1.08531,1.08688,23421,3
2023-03-23 00:00:00,1.08689,1.09056,1.08684,1.09008,55918,4
2023-03-23 04:00:00,1.09007,1.09296,1.08949,1.0906,85682,3
2023-03-23 08:00:00,1.09061,1.09104,1.08667,1.08759,113133,3
2023-03-23 12:00:00,1.08759,1.09079,1.08695,1.08898,122709,4
2023-03-23 16:00:00,1.08898,1.08986,1.0824,1.08397,123029,3
2023-03-23 20:00:00,1.08397,1.08407,1.0827,1.08345,23749,3
2023-03-24 00:00:00,1.08347,1.08351,1.08171,1.08286,59751,4
2023-03-24 04:00:00,1.08286,1.0837,1.08226,1.0828,55401,3
2023-03-24 08:00:00,1.08281,1.08309,1.07131,1.0738,199674,5
2023-03-24 12:00:00,1.0738,1.07673,1.07229,1.07611,161816,4
2023-03-24 16:00:00,1.07612,1.07675,1.07513,1.07589,56181,3
2023-03-24 20:00:00,1.07591,1.07628,1.07564,1.07566,4742,3
2023-03-26 20:00:00,1.07752,1.07798,1.07648,1.07776,18000,20
2023-03-27 00:00:00,1.07775,1.07775,1.07575,1.07715,50445,3
2023-03-27 04:00:00,1.07715,1.07821,1.07449,1.07515,68027,3
2023-03-27 08:00:00,1.07511,1.07807,1.07504,1.07716,81792,4
2023-03-27 12:00:00,1.07716,1.07948,1.07679,1.07878,91185,3
2023-03-27 16:00:00,1.07876,1.07986,1.0786,1.07972,33584,3
2023-03-27 20:00:00,1.07972,1.08076,1.07948,1.08062,9536,3
2023-03-28 00:00:00,1.08061,1.08194,1.08033,1.0815,41096,3
2023-03-28 04:00:00,1.08151,1.08339,1.0806,1.08204,62255,3
2023-03-28 08:00:00,1.08202,1.08365,1.08103,1.08312,77042,3
2023-03-28 12:00:00,1.08313,1.08468,1.08163,1.08427,104104,3
2023-03-28 16:00:00,1.08428,1.08485,1.08313,1.08476,34825,3
2023-03-28 20:00:00,1.08475,1.08475,1.08364,1.08388,12929,3
2023-03-29 00:00:00,1.0839,1.08494,1.08346,1.08364,32514,4
2023-03-29 04:00:00,1.08364,1.08438,1.08177,1.08368,50244,3
2023-03-29 08:00:00,1.08368,1.08713,1.08265,1.08551,65417,3
2023-03-29 12:00:00,1.08551,1.08599,1.08246,1.08249,107055,3
2023-03-29 16:00:00,1.08252,1.08481,1.08234,1.08393,41370,3
2023-03-29 20:00:00,1.08391,1.08485,1.08383,1.08425,10145,3
2023-03-30 00:00:00,1.08424,1.08434,1.08263,1.08329,28784,4
2023-03-30 04:00:00,1.0833,1.08577,1.08235,1.08547,56026,3
2023-03-30 08:00:00,1.08547,1.08844,1.08505,1.08787,65278,3
2023-03-30 12:00:00,1.08788,1.09262,1.08785,1.08979,91614,4
2023-03-30 16:00:00,1.08979,1.09077,1.0892,1.09068,35170,3
2023-03-30 20:00:00,1.09067,1.09074,1.09018,1.09041,9269,3
2023-03-31 00:00:00,1.0904,1.09257,1.09012,1.09068,41267,3
2023-03-31 04:00:00,1.09067,1.09107,1.088,1.08845,56242,4
2023-03-31 08:00:00,1.08846,1.08959,1.08641,1.0867,84414,3
2023-03-31 12:00:00,1.08672,1.09018,1.08574,1.08718,125049,5
2023-03-31 16:00:00,1.08718,1.08723,1.0843,1.08456,36404,3
2023-03-31 20:00:00,1.08457,1.0846,1.08368,1.08386,4448,3
2023-04-02 20:00:00,1.08398,1.0844,1.08011,1.08023,19593,52
2023-04-03 00:00:00,1.08024,1.08167,1.07882,1.07899,40784,4
2023-04-03 04:00:00,1.079,1.08418,1.07891,1.0839,57610,4
2023-04-03 08:00:00,1.08389,1.08777,1.08299,1.08765,73326,3
2023-04-03 12:00:00,1.08764,1.09165,1.08615,1.08903,117918,3
2023-04-03 16:00:00,1.08902,1.09074,1.08799,1.09062,37121,3
2023-04-03 20:00:00,1.09061,1.09095,1.09,1.09066,10086,3
2023-04-04 00:00:00,1.09067,1.09097,1.08884,1.08885,43985,3
2023-04-04 04:00:00,1.08886,1.0938,1.08828,1.0925,65794,3
2023-04-04 08:00:00,1.0925,1.09359,1.08958,1.08974,86640,3
2023-04-04 12:00:00,1.08974,1.09733,1.08867,1.09506,135498,3
2023-04-04 16:00:00,1.09506,1.09576,1.09432,1.09571,31776,3
2023-04-04 20:00:00,1.09572,1.09614,1.09471,1.09575,9498,3
2023-04-05 00:00:00,1.09576,1.09695,1.09553,1.09596,38563,3
2023-04-05 04:00:00,1.09596,1.09673,1.09466,1.09501,56337,4
2023-04-05 08:00:00,1.09502,1.09603,1.09348,1.0941,67121,3
2023-04-05 12:00:00,1.0941,1.09668,1.09027,1.09173,132484,4
2023-04-05 16:00:00,1.09173,1.09197,1.0891,1.09037,35409,3
2023-04-05 20:00:00,1.09035,1.09103,1.09011,1.09029,7794,3
2023-04-06 00:00:00,1.09029,1.09043,1.08845,1.08918,32865,3
2023-04-06 04:00:00,1.08918,1.0917,1.08896,1.09066,51703,3
2023-04-06 08:00:00,1.09065,1.09167,1.08923,1.09151,62296,3
2023-04-06 12:00:00,1.0915,1.09283,1.08858,1.09259,98057,5
2023-04-06 16:00:00,1.09258,1.09375,1.09213,1.09229,24433,3
2023-04-06 20:00:00,1.09229,1.09233,1.09156,1.09194,6295,3
2023-04-07 00:00:00,1.09195,1.0924,1.09141,1.09197,8642,3
2023-04-07 04:00:00,1.09196,1.09207,1.09113,1.09154,11495,3
2023-04-07 08:00:00,1.09154,1.09216,1.09104,1.09173,10464,3
2023-04-07 12:00:00,1.09173,1.09176,1.08762,1.09114,33398,12
2023-04-07 16:00:00,1.09113,1.09123,1.08993,1.09037,11194,8
2023-04-07 20:00:00,1.09036,1.0907,1.08974,1.09029,7368,52
2023-04-09 20:00:00,1.0898,1.09134,1.0898,1.09129,9995,96
2023-04-10 00:00:00,1.09132,1.09145,1.08968,1.08991,28954,4
2023-04-10 04:00:00,1.08992,1.09169,1.08908,1.09166,22081,4
2023-04-10 08:00:00,1.09167,1.09171,1.08864,1.08888,31413,3
2023-04-10 12:00:00,1.08887,1.08914,1.08313,1.08391,78348,3
2023-04-10 16:00:00,1.08391,1.08629,1.0838,1.08629,30414,3
2023-04-10 20:00:00,1.08628,1.08699,1.08581,1.08687,18233,3
2023-04-11 00:00:00,1.08687,1.08877,1.0867,1.08815,45014,3
2023-04-11 04:00:00,1.08814,1.09044,1.08808,1.08954,62141,3
2023-04-11 08:00:00,1.08953,1.09266,1.08944,1.0905,71275,3
2023-04-11 12:00:00,1.0905,1.09279,1.09022,1.09046,81564,3
2023-04-11 16:00:00,1.09048,1.09168,1.0896,1.0914,30452,3
2023-04-11 20:00:00,1.0914,1.09176,1.09095,1.09163,5583,3
2023-04-12 00:00:00,1.09163,1.09287,1.09147,1.09241,27444,3
2023-04-12 04:00:00,1.0924,1.09373,1.09159,1.09266,44481,3
2023-04-12 08:00:00,1.09265,1.09359,1.0918,1.09224,46768,3
2023-04-12 12:00:00,1.09225,1.09998,1.09196,1.09865,157697,7
2023-04-12 16:00:00,1.09864,1.10004,1.09849,1.09883,47431,3
2023-04-12 20:00:00,1.09884,1.09995,1.09866,1.09968,9253,3
2023-04-13 00:00:00,1.09967,1.10049,1.09836,1.09883,40335,4
2023-04-13 04:00:00,1.09882,1.10006,1.09767,1.09991,47207,3
2023-04-13 08:00:00,1.09991,1.10316,1.09991,1.10099,64004,3
2023-04-13 12:00:00,1.101,1.10676,1.10083,1.10529,110608,5
2023-04-13 16:00:00,1.1053,1.10596,1.1044,1.10464,27765,3
2023-04-13 20:00:00,1.10466,1.10516,1.10451,1.10516,6035,3
2023-04-14 00:00:00,1.10517,1.10751,1.10488,1.10703,38078,3
2023-04-14 04:00:00,1.10702,1.10758,1.10593,1.10653,46067,3
2023-04-14 08:00:00,1.10653,1.10666,1.10477,1.10538,53689,3
2023-04-14 12:00:00,1.1054,1.10739,1.0975,1.09787,161068,5
2023-04-14 16:00:00,1.09789,1.09992,1.09722,1.09964,37906,3
2023-04-14 20:00:00,1.09964,1.09977,1.0992,1.09922,3128,3
2023-04-16 20:00:00,1.09888,1.09942,1.09832,1.09843,10761,50
2023-04-17 00:00:00,1.09844,1.09914,1.09615,1.09762,33416,3
2023-04-17 04:00:00,1.09761,1.09997,1.09756,1.09919,43088,3
2023-04-17 08:00:00,1.09918,1.09933,1.0964,1.09767,62427,3
2023-04-17 12:00:00,1.09766,1.09842,1.09091,1.09139,116638,3
2023-04-17 16:00:00,1.0914,1.09311,1.09105,1.09307,30170,3
2023-04-17 20:00:00,1.09307,1.09307,1.09233,1.09244,6918,3
2023-04-18 00:00:00,1.09245,1.0939,1.09222,1.09357,33164,3
2023-04-18 04:00:00,1.09356,1.09707,1.09337,1.09702,51691,3
2023-04-18 08:00:00,1.09702,1.09828,1.09656,1.09663,65159,3
2023-04-18 12:00:00,1.09662,1.09781,1.09427,1.09571,84801,3
2023-04-18 16:00:00,1.09573,1.09747,1.09547,1.09708,29239,3
2023-04-18 20:00:00,1.09707,1.09764,1.0968,1.09748,23180,3
2023-04-19 00:00:00,1.09749,1.0984,1.09649,1.09742,33165,3
2023-04-19 04:00:00,1.09742,1.09745,1.09463,1.09625,61810,3
2023-04-19 08:00:00,1.09626,1.09631,1.09172,1.09311,82806,3
2023-04-19 12:00:00,1.09311,1.09793,1.09272,1.0953,91885,3
2023-04-19 16:00:00,1.0953,1.09667,1.09516,1.09548,33107,3
2023-04-19 20:00:00,1.09548,1.09579,1.0947,1.09516,10391,3
2023-04-20 00:00:00,1.09517,1.09616,1.09494,1.09594,38621,3
2023-04-20 04:00:00,1.09593,1.0973,1.09498,1.09612,53742,4
2023-04-20 08:00:00,1.09612,1.09783,1.09536,1.09547,73419,3
2023-04-20 12:00:00,1.09546,1.09895,1.09334,1.09694,123836,3
2023-04-20 16:00:00,1.09696,1.09725,1.09562,1.09634,35464,3
2023-04-20 20:00:00,1.09634,1.09719,1.09632,1.09676,11117,3
2023-04-21 00:00:00,1.09676,1.09731,1.09618,1.09639,28538,3
2023-04-21 04:00:00,1.09639,1.09639,1.0938,1.09561,54874,3
2023-04-21 08:00:00,1.09561,1.09857,1.0949,1.09813,71013,4
2023-04-21 12:00:00,1.09815,1.09936,1.09425,1.09719,127411,3
2023-04-21 16:00:00,1.0972,1.09902,1.0969,1.09902,36935,3
2023-04-21 20:00:00,1.09901,1.09929,1.09851,1.09874,4792,3
2023-04-23 20:00:00,1.09913,1.09962,1.09864,1.09916,10200,25
2023-04-24 00:00:00,1.09916,1.0995,1.09798,1.09815,36908,3
2023-04-24 04:00:00,1.09813,1.09881,1.09658,1.09868,46438,3
2023-04-24 08:00:00,1.09869,1.10204,1.09839,1.10023,72593,3
2023-04-24 12:00:00,1.10022,1.10368,1.09992,1.10258,98774,3
2023-04-24 16:00:00,1.10258,1.105,1.10247,1.10431,30262,3
2023-04-24 20:00:00,1.10433,1.1057,1.10429,1.1057,10891,3
2023-04-25 00:00:00,1.10573,1.1067,1.10514,1.10527,41276,3
2023-04-25 04:00:00,1.10528,1.10588,1.10245,1.10326,73810,3
2023-04-25 08:00:00,1.10326,1.10439,1.10094,1.10167,61474,3
2023-04-25 12:00:00,1.10166,1.10294,1.09685,1.09685,106117,3
2023-04-25 16:00:00,1.09685,1.09759,1.09641,1.09698,46379,3
2023-04-25 20:00:00,1.097,1.09804,1.09668,1.09779,15152,3
2023-04-26 00:00:00,1.09778,1.09799,1.09683,1.09751,37616,3
2023-04-26 04:00:00,1.0975,1.10258,1.0972,1.10192,59490,3
2023-04-26 08:00:00,1.10191,1.10626,1.10159,1.10461,98969,3
2023-04-26 12:00:00,1.1046,1.10952,1.10355,1.10509,138257,3
2023-04-26 16:00:00,1.10509,1.10528,1.10323,1.10356,46530,3
2023-04-26 20:00:00,1.10356,1.10463,1.1035,1.1045,13658,3
2023-04-27 00:00:00,1.1045,1.1054,1.10389,1.10456,35505,3
2023-04-27 04:00:00,1.10456,1.10634,1.10398,1.10495,55129,3
2023-04-27 08:00:00,1.10496,1.10593,1.10306,1.10344,63252,3
2023-04-27 12:00:00,1.10344,1.10575,1.0992,1.10154,144171,6
2023-04-27 16:00:00,1.10156,1.10298,1.10055,1.1024,35356,3
2023-04-27 20:00:00,1.10241,1.10338,1.1022,1.10315,12391,2
2023-04-28 00:00:00,1.10315,1.10394,1.10125,1.10194,49299,3
2023-04-28 04:00:00,1.10193,1.10363,1.09938,1.10085,90901,3
2023-04-28 08:00:00,1.10085,1.10094,1.09723,1.09737,76001,3
2023-04-28 12:00:00,1.09736,1.10449,1.09624,1.10394,149195,5
2023-04-28 16:00:00,1.10394,1.10406,1.10119,1.10193,43900,3
2023-04-28 20:00:00,1.10194,1.10201,1.10139,1.10144,4365,3
2023-04-30 20:00:00,1.1024,1.1027,1.101,1.10105,12345,54
2023-05-01 00:00:00,1.10106,1.10143,1.10007,1.1014,23191,3
2023-05-01 04:00:00,1.10143,1.10143,1.09947,1.10033,35816,3
2023-05-01 08:00:00,1.10033,1.1014,1.09882,1.10133,35215,3
2023-05-01 12:00:00,1.10134,1.10355,1.09661,1.09692,103268,3
2023-05-01 16:00:00,1.09692,1.09756,1.09643,1.09727,37715,3
2023-05-01 20:00:00,1.09727,1.09766,1.09672,1.09687,10550,3
2023-05-02 00:00:00,1.09687,1.09943,1.09685,1.09839,33250,3
2023-05-02 04:00:00,1.0984,1.10066,1.0979,1.09855,64990,3
2023-05-02 08:00:00,1.09855,1.09865,1.0948,1.09676,82173,3
2023-05-02 12:00:00,1.09676,1.09975,1.09422,1.09965,125556,3
2023-05-02 16:00:00,1.09964,1.10078,1.0994,1.10057,37000,3
2023-05-02 20:00:00,1.10057,1.10137,1.09975,1.10107,11520,3
2023-05-03 00:00:00,1.1011,1.10297,1.10048,1.10294,23838,3
2023-05-03 04:00:00,1.10294,1.10411,1.10142,1.10343,47869,3
2023-05-03 08:00:00,1.10344,1.10468,1.10296,1.10395,61045,3
2023-05-03 12:00:00,1.10396,1.10593,1.1022,1.10478,99785,3
2023-05-03 16:00:00,1.10478,1.10916,1.10371,1.10544,146244,3
2023-05-03 20:00:00,1.10544,1.1078,1.10515,1.10685,27766,3
2023-05-04 00:00:00,1.10686,1.10875,1.10686,1.10812,47550,3
2023-05-04 04:00:00,1.10812,1.10917,1.10521,1.10578,69403,3
2023-05-04 08:00:00,1.10578,1.10765,1.10364,1.10743,70881,3
2023-05-04 12:00:00,1.10743,1.10842,1.0986,1.10082,199390,4
2023-05-04 16:00:00,1.10083,1.10315,1.10079,1.10146,52515,3
2023-05-04 20:00:00,1.10145,1.10244,1.10095,1.10229,11983,3
2023-05-05 00:00:00,1.10229,1.10444,1.10188,1.10439,29632,3
2023-05-05 04:00:00,1.10441,1.10477,1.10256,1.10267,56540,3
2023-05-05 08:00:00,1.10268,1.10319,1.10085,1.10093,52856,3
2023-05-05 12:00:00,1.10092,1.10267,1.09667,1.10245,139511,7
2023-05-05 16:00:00,1.10246,1.10365,1.10096,1.10182,47614,3
2023-05-05 20:00:00,1.10183,1.10197,1.10154,1.10162,5659,3
2023-05-07 20:00:00,1.10209,1.10228,1.10141,1.10181,11059,69
2023-05-08 00:00:00,1.10182,1.10399,1.10167,1.1039,33168,3
2023-05-08 04:00:00,1.1039,1.10505,1.10366,1.10492,41060,3
2023-05-08 08:00:00,1.10491,1.10535,1.10227,1.1035,57612,3
2023-05-08 12:00:00,1.10349,1.10442,1.10115,1.10196,71280,3
2023-05-08 16:00:00,1.10197,1.10292,1.10001,1.10017,33045,3
2023-05-08 20:00:00,1.10016,1.10054,1.09953,1.09965,12183,3
2023-05-09 00:00:00,1.09962,1.09974,1.09849,1.09936,31902,3
2023-05-09 04:00:00,1.09939,1.10007,1.09727,1.09779,54961,3
2023-05-09 08:00:00,1.0978,1.09862,1.0959,1.09635,57483,3
2023-05-09 12:00:00,1.09635,1.09671,1.0941,1.09527,81489,3
2023-05-09 16:00:00,1.09527,1.09724,1.09492,1.09627,39659,2
2023-05-09 20:00:00,1.09627,1.09688,1.09468,1.09645,11488,3
2023-05-10 00:00:00,1.09644,1.09772,1.09644,1.09761,23415,3
2023-05-10 04:00:00,1.0976,1.09824,1.09623,1.09646,46847,3
2023-05-10 08:00:00,1.09646,1.09647,1.09458,1.0949,61240,3
2023-05-10 12:00:00,1.09489,1.10068,1.09414,1.09651,135760,6
2023-05-10 16:00:00,1.09652,1.09848,1.09616,1.09824,41795,3
2023-05-10 20:00:00,1.09823,1.0987,1.09794,1.09824,12931,3
2023-05-11 00:00:00,1.09826,1.09981,1.09735,1.09744,37610,3
2023-05-11 04:00:00,1.09744,1.09822,1.09241,1.093,66337,3
2023-05-11 08:00:00,1.093,1.09382,1.0918,1.09315,82004,3
2023-05-11 12:00:00,1.09315,1.09481,1.09,1.09155,134436,5
2023-05-11 16:00:00,1.09155,1.0929,1.09106,1.0917,35996,3
2023-05-11 20:00:00,1.09169,1.09199,1.09115,1.09122,10463,3
2023-05-12 00:00:00,1.09122,1.09252,1.09122,1.09222,28707,3
2023-05-12 04:00:00,1.09221,1.09354,1.09061,1.09076,52213,3
2023-05-12 08:00:00,1.09076,1.09172,1.08891,1.08919,55679,3
2023-05-12 12:00:00,1.08919,1.08973,1.08542,1.08555,92913,3
2023-05-12 16:00:00,1.08553,1.08569,1.08484,1.08517,35679,3
2023-05-12 20:00:00,1.08519,1.08521,1.08476,1.08477,4591,3
2023-05-14 20:00:00,1.0861,1.08618,1.08453,1.08527,7654,25
2023-05-15 00:00:00,1.08526,1.08643,1.0848,1.08599,37774,3
2023-05-15 04:00:00,1.08598,1.08771,1.08572,1.08739,47428,3
2023-05-15 08:00:00,1.08738,1.08805,1.08554,1.08775,51870,3
2023-05-15 12:00:00,1.08775,1.08908,1.08639,1.08732,83414,3
2023-05-15 16:00:00,1.08732,1.08788,1.08676,1.0875,31961,3
2023-05-15 20:00:00,1.08749,1.08772,1.08727,1.08735,13998,3
2023-05-16 00:00:00,1.08736,1.08845,1.08682,1.08824,33480,3
2023-05-16 04:00:00,1.08823,1.08945,1.08628,1.08884,60302,4
2023-05-16 08:00:00,1.08884,1.09046,1.0885,1.08868,62924,3
2023-05-16 12:00:00,1.08871,1.08896,1.0855,1.08645,117327,4
2023-05-16 16:00:00,1.08648,1.0872,1.0858,1.08628,41349,3
2023-05-16 20:00:00,1.08628,1.08655,1.08602,1.08653,12820,3
2023-05-17 00:00:00,1.08653,1.08736,1.08621,1.08654,41123,3
2023-05-17 04:00:00,1.08654,1.08676,1.08312,1.08317,54678,3
2023-05-17 08:00:00,1.08317,1.0848,1.08205,1.08251,69974,3
2023-05-17 12:00:00,1.08249,1.08389,1.08102,1.08292,106604,4
2023-05-17 16:00:00,1.08292,1.0849,1.08289,1.08397,45117,3
2023-05-17 20:00:00,1.08397,1.08444,1.08347,1.08378,10278,3
2023-05-18 00:00:00,1.08377,1.08479,1.08348,1.08398,37141,3
2023-05-18 04:00:00,1.08398,1.08404,1.08091,1.08161,51268,4
2023-05-18 08:00:00,1.08165,1.08221,1.08055,1.0815,62981,3
2023-05-18 12:00:00,1.0815,1.08178,1.07631,1.07752,107980,4
2023-05-18 16:00:00,1.07752,1.07811,1.07624,1.07739,44495,3
2023-05-18 20:00:00,1.0774,1.07767,1.07687,1.07749,11567,3
2023-05-19 00:00:00,1.07749,1.078,1.076,1.07683,46948,3
2023-05-19 04:00:00,1.07683,1.0792,1.07605,1.07774,56228,3
2023-05-19 08:00:00,1.07773,1.08091,1.07709,1.08085,76250,3
2023-05-19 12:00:00,1.08086,1.08265,1.07821,1.08189,119418,3
2023-05-19 16:00:00,1.08189,1.08287,1.07976,1.08059,53908,3
2023-05-19 20:00:00,1.08059,1.08082,1.08012,1.08019,5893,3
2023-05-21 20:00:00,1.08043,1.08241,1.08043,1.08218,8383,71
2023-05-22 00:00:00,1.08219,1.08298,1.08165,1.08208,51061,3
2023-05-22 04:00:00,1.08208,1.08241,1.07955,1.08068,60666,3
2023-05-22 08:00:00,1.08067,1.08294,1.0799,1.08217,64726,3
2023-05-22 12:00:00,1.08216,1.08313,1.07961,1.08051,100169,3
2023-05-22 16:00:00,1.08051,1.08216,1.08028,1.08112,40585,3
2023-05-22 20:00:00,1.08111,1.08147,1.08063,1.08104,19811,3
2023-05-23 00:00:00,1.08105,1.08204,1.08025,1.0808,40265,3
2023-05-23 04:00:00,1.08079,1.08129,1.07852,1.08034,60200,3
2023-05-23 08:00:00,1.08033,1.08079,1.07697,1.07727,61937,3
2023-05-23 12:00:00,1.07731,1.07954,1.07629,1.07707,113338,3
2023-05-23 16:00:00,1.07707,1.07807,1.07601,1.07674,42271,3
2023-05-23 20:00:00,1.07675,1.07735,1.07668,1.07691,12235,3
2023-05-24 00:00:00,1.0769,1.07797,1.07676,1.07788,38472,3
2023-05-24 04:00:00,1.07787,1.07893,1.07702,1.07838,63252,3
2023-05-24 08:00:00,1.07839,1.07948,1.0748,1.07807,85748,3
2023-05-24 12:00:00,1.07807,1.08012,1.07546,1.07582,112997,3
2023-05-24 16:00:00,1.07584,1.07658,1.07494,1.07494,65714,3
2023-05-24 20:00:00,1.07494,1.07567,1.07421,1.07555,19255,3
2023-05-25 00:00:00,1.07556,1.07556,1.0736,1.07374,40541,3
2023-05-25 04:00:00,1.07374,1.07438,1.0714,1.07208,65580,3
2023-05-25 08:00:00,1.07208,1.0738,1.07196,1.07328,72375,3
2023-05-25 12:00:00,1.07329,1.07402,1.07073,1.07242,119001,6
2023-05-25 16:00:00,1.07242,1.07292,1.07113,1.07206,45075,3
2023-05-25 20:00:00,1.07207,1.07278,1.07207,1.07234,15091,3
2023-05-26 00:00:00,1.07233,1.07385,1.07189,1.07374,37489,3
2023-05-26 04:00:00,1.07373,1.07444,1.07252,1.07404,54871,3
2023-05-26 08:00:00,1.07405,1.07585,1.07255,1.07524,61021,3
2023-05-26 12:00:00,1.07525,1.07572,1.07018,1.0712,135222,4
2023-05-26 16:00:00,1.07119,1.07327,1.07119,1.07296,36213,3
2023-05-26 20:00:00,1.07295,1.07301,1.07218,1.07227,5504,3
2023-05-28 20:00:00,1.07201,1.07292,1.07158,1.07214,11627,30
2023-05-29 00:00:00,1.07214,1.07354,1.07172,1.07303,28776,4
2023-05-29 04:00:00,1.07304,1.07434,1.07245,1.07281,32768,3
2023-05-29 08:00:00,1.07282,1.07292,1.07104,1.07105,33128,3
2023-05-29 12:00:00,1.07106,1.07158,1.07059,1.07138,26492,3
2023-05-29 16:00:00,1.07138,1.07148,1.0709,1.07091,9776,3
2023-05-29 20:00:00,1.07091,1.07128,1.07054,1.07067,9659,3
2023-05-30 00:00:00,1.07067,1.07262,1.07013,1.07065,40101,3
2023-05-30 04:00:00,1.07065,1.07086,1.06725,1.06902,70713,3
2023-05-30 08:00:00,1.06901,1.07446,1.06872,1.0744,82732,3
2023-05-30 12:00:00,1.07439,1.07465,1.07186,1.07215,91856,3
2023-05-30 16:00:00,1.07217,1.07303,1.07141,1.07299,37945,3
2023-05-30 20:00:00,1.07299,1.07356,1.07272,1.07316,9777,3
2023-05-31 00:00:00,1.07316,1.07356,1.06942,1.06977,50443,3
2023-05-31 04:00:00,1.06977,1.07006,1.06699,1.0674,65915,3
2023-05-31 08:00:00,1.06741,1.06872,1.06585,1.06795,51543,4
2023-05-31 12:00:00,1.06797,1.07051,1.06509,1.06525,96794,3
2023-05-31 16:00:00,1.06527,1.0689,1.06352,1.06862,48527,3
2023-05-31 20:00:00,1.06863,1.0697,1.06852,1.06933,17134,3
2023-06-01 00:00:00,1.06934,1.06951,1.06802,1.0687,47757,3
2023-06-01 04:00:00,1.0687,1.06914,1.06617,1.06701,55682,3
2023-06-01 08:00:00,1.067,1.07155,1.06645,1.0706,64012,4
2023-06-01 12:00:00,1.07059,1.07537,1.06845,1.07507,122578,5
2023-06-01 16:00:00,1.07507,1.07684,1.07476,1.07624,35882,3
2023-06-01 20:00:00,1.07625,1.07654,1.07578,1.07604,10413,3
2023-06-02 00:00:00,1.07603,1.0769,1.07581,1.0768,33320,3
2023-06-02 04:00:00,1.0768,1.07789,1.076,1.07618,48868,3
2023-06-02 08:00:00,1.07617,1.0777,1.07575,1.07576,43829,3
2023-06-02 12:00:00,1.07575,1.07709,1.07174,1.07231,130582,8
2023-06-02 16:00:00,1.0723,1.07236,1.07055,1.07077,31996,3
2023-06-02 20:00:00,1.07077,1.07086,1.0705,1.07063,3724,3
2023-06-04 20:00:00,1.07098,1.07107,1.06937,1.06967,12348,47
2023-06-05 00:00:00,1.0697,1.07045,1.06902,1.07025,37898,3
2023-06-05 04:00:00,1.07026,1.07036,1.06832,1.06898,49473,3
2023-06-05 08:00:00,1.06897,1.0699,1.06848,1.06896,46007,3
2023-06-05 12:00:00,1.06895,1.07224,1.06744,1.07207,83562,3
2023-06-05 16:00:00,1.07206,1.07211,1.07072,1.07124,29506,3
2023-06-05 20:00:00,1.07125,1.07142,1.07072,1.07113,8304,3
2023-06-06 00:00:00,1.07112,1.07246,1.07098,1.07159,23819,3
2023-06-06 04:00:00,1.07161,1.07328,1.07071,1.07144,58368,3
2023-06-06 08:00:00,1.07145,1.07149,1.06762,1.06768,61848,3
2023-06-06 12:00:00,1.06771,1.06967,1.06669,1.06942,67699,3
2023-06-06 16:00:00,1.06943,1.06977,1.06822,1.06918,22757,3
2023-06-06 20:00:00,1.06919,1.06991,1.06902,1.06984,7075,4
2023-06-07 00:00:00,1.06985,1.07043,1.06887,1.06927,29959,4
2023-06-07 04:00:00,1.06926,1.06956,1.06682,1.0684,40080,3
2023-06-07 08:00:00,1.06841,1.07229,1.06792,1.07154,49438,3
2023-06-07 12:00:00,1.07153,1.07396,1.0695,1.07009,86864,4
2023-06-07 16:00:00,1.07009,1.07065,1.06909,1.06936,32089,3
2023-06-07 20:00:00,1.06937,1.0707,1.06937,1.07069,11929,3
2023-06-08 00:00:00,1.0707,1.07114,1.07028,1.07082,31269,3
2023-06-08 04:00:00,1.07082,1.0719,1.07009,1.07129,44535,3
2023-06-08 08:00:00,1.07129,1.07393,1.07097,1.07356,45947,3
2023-06-08 12:00:00,1.07357,1.07832,1.07333,1.07788,89608,5
2023-06-08 16:00:00,1.07788,1.07869,1.07736,1.0779,35998,3
2023-06-08 20:00:00,1.07789,1.07851,1.07787,1.07818,8154,3
2023-06-09 00:00:00,1.07819,1.0785,1.07757,1.07777,32179,3
2023-06-09 04:00:00,1.07777,1.07839,1.07674,1.07753,40167,3
2023-06-09 08:00:00,1.07753,1.07816,1.07564,1.07732,42415,3
2023-06-09 12:00:00,1.07732,1.07841,1.07466,1.07479,79492,3
2023-06-09 16:00:00,1.07479,1.07523,1.07428,1.0744,25465,3
2023-06-09 20:00:00,1.07441,1.07496,1.07438,1.07456,4206,4
2023-06-11 20:00:00,1.07459,1.07515,1.07431,1.07499,6871,71
2023-06-12 00:00:00,1.07499,1.07503,1.0733,1.07409,31209,3
2023-06-12 04:00:00,1.07409,1.07722,1.0739,1.07694,41190,3
2023-06-12 08:00:00,1.07694,1.079,1.07614,1.07629,65530,3
2023-06-12 12:00:00,1.07629,1.07714,1.0743,1.0746,75605,3
2023-06-12 16:00:00,1.0746,1.07634,1.07439,1.076,36494,3
2023-06-12 20:00:00,1.07601,1.07641,1.07546,1.07622,11279,3
2023-06-13 00:00:00,1.07621,1.07801,1.07591,1.0779,29892,3
2023-06-13 04:00:00,1.0779,1.08075,1.0776,1.07995,57044,3
2023-06-13 08:00:00,1.07995,1.08104,1.07919,1.07941,48518,3
2023-06-13 12:00:00,1.07941,1.08234,1.07781,1.07911,117961,10
2023-06-13 16:00:00,1.07912,1.08043,1.07828,1.07917,36685,3
2023-06-13 20:00:00,1.07918,1.07931,1.07881,1.07895,10842,3
2023-06-14 00:00:00,1.07896,1.0796,1.07856,1.07899,29125,3
2023-06-14 04:00:00,1.07899,1.07967,1.07739,1.07896,40672,4
2023-06-14 08:00:00,1.07895,1.08099,1.07858,1.08032,41056,3
2023-06-14 12:00:00,1.08033,1.0858,1.08033,1.08577,71120,4
2023-06-14 16:00:00,1.08577,1.0864,1.08013,1.08266,114242,3
2023-06-14 20:00:00,1.08265,1.08428,1.08247,1.08427,10614,3
2023-06-15 00:00:00,1.08427,1.08444,1.08081,1.08132,38948,3
2023-06-15 04:00:00,1.08132,1.08288,1.08036,1.08269,48565,3
2023-06-15 08:00:00,1.08267,1.08487,1.08177,1.08177,50471,3
2023-06-15 12:00:00,1.08178,1.09356,1.08144,1.09326,125954,4
2023-06-15 16:00:00,1.09326,1.09525,1.0932,1.09476,40243,3
2023-06-15 20:00:00,1.09476,1.0951,1.09412,1.09455,13187,3
2023-06-16 00:00:00,1.09455,1.09507,1.09354,1.09381,37701,3
2023-06-16 04:00:00,1.09382,1.09624,1.09339,1.09426,53440,3
2023-06-16 08:00:00,1.09425,1.09658,1.09381,1.09603,52717,3
2023-06-16 12:00:00,1.09602,1.09704,1.09178,1.0924,109720,3
2023-06-16 16:00:00,1.0924,1.09454,1.09239,1.09351,33804,3
2023-06-16 20:00:00,1.09351,1.09426,1.09346,1.09376,4583,3
2023-06-18 20:00:00,1.09302,1.09429,1.09301,1.09397,7845,121
2023-06-19 00:00:00,1.09398,1.09462,1.09335,1.09369,33134,3
2023-06-19 04:00:00,1.09369,1.09412,1.09249,1.09292,52739,3
2023-06-19 08:00:00,1.09292,1.09385,1.0907,1.09211,48036,3
2023-06-19 12:00:00,1.09212,1.09294,1.09121,1.09218,45619,3
2023-06-19 16:00:00,1.09219,1.09261,1.09157,1.09183,10539,3
2023-06-19 20:00:00,1.09184,1.09261,1.09174,1.09235,7091,4
2023-06-20 00:00:00,1.09234,1.09261,1.09106,1.09197,46909,3
2023-06-20 04:00:00,1.09197,1.09461,1.09116,1.09438,63555,3
2023-06-20 08:00:00,1.09436,1.09447,1.09219,1.09287,65066,3
2023-06-20 12:00:00,1.09288,1.09357,1.08921,1.08996,113366,3
2023-06-20 16:00:00,1.08996,1.09175,1.08953,1.09126,43276,3
2023-06-20 20:00:00,1.09126,1.09222,1.09122,1.09198,10856,3
2023-06-21 00:00:00,1.09197,1.0921,1.09117,1.09149,49646,3
2023-06-21 04:00:00,1.09149,1.09197,1.09058,1.09128,59497,3
2023-06-21 08:00:00,1.09127,1.09336,1.09093,1.09242,65328,3
2023-06-21 12:00:00,1.09241,1.09639,1.09081,1.09505,110147,3
2023-06-21 16:00:00,1.09504,1.09899,1.09496,1.09879,53166,3
2023-06-21 20:00:00,1.09878,1.09923,1.0982,1.09915,14777,3
2023-06-22 00:00:00,1.09916,1.09949,1.09866,1.09929,32891,3
2023-06-22 04:00:00,1.09928,1.09999,1.09797,1.09943,52444,3
2023-06-22 08:00:00,1.09943,1.10122,1.09872,1.09892,71594,3
2023-06-22 12:00:00,1.09891,1.10016,1.09522,1.09525,116736,5
2023-06-22 16:00:00,1.09524,1.09616,1.09485,1.0958,44980,3
2023-06-22 20:00:00,1.0958,1.09585,1.09529,1.09554,13609,3
2023-06-23 00:00:00,1.09555,1.09585,1.09321,1.09356,45899,3
2023-06-23 04:00:00,1.09356,1.09368,1.08532,1.08685,71209,4
2023-06-23 08:00:00,1.08688,1.08792,1.08443,1.08761,68158,3
2023-06-23 12:00:00,1.08762,1.09025,1.08761,1.08862,111554,3
2023-06-23 16:00:00,1.08862,1.08962,1.08827,1.0891,38209,3
2023-06-23 20:00:00,1.0891,1.08962,1.089,1.08905,5773,3
2023-06-25 20:00:00,1.09042,1.0907,1.08978,1.09062,15095,34
2023-06-26 00:00:00,1.09064,1.09097,1.08988,1.0906,49573,3
2023-06-26 04:00:00,1.09061,1.09109,1.08955,1.09021,54370,3
2023-06-26 08:00:00,1.09021,1.09179,1.08873,1.09177,56291,4
2023-06-26 12:00:00,1.09176,1.092,1.09026,1.09093,61379,3
2023-06-26 16:00:00,1.09092,1.09152,1.08999,1.09061,33096,3
2023-06-26 20:00:00,1.0906,1.09119,1.0904,1.09099,11144,3
2023-06-27 00:00:00,1.09097,1.0935,1.09021,1.09266,46947,3
2023-06-27 04:00:00,1.09265,1.09414,1.09161,1.09394,52540,3
2023-06-27 08:00:00,1.09393,1.09528,1.0926,1.09444,66185,3
2023-06-27 12:00:00,1.09445,1.09766,1.09422,1.09598,111101,4
2023-06-27 16:00:00,1.09598,1.09655,1.0955,1.09625,42912,3
2023-06-27 20:00:00,1.09625,1.09632,1.09546,1.09575,14244,3
2023-06-28 00:00:00,1.09574,1.09614,1.09421,1.09508,52513,3
2023-06-28 04:00:00,1.09508,1.09568,1.0936,1.09525,52407,3
2023-06-28 08:00:00,1.09525,1.09621,1.09375,1.09403,68311,3
2023-06-28 12:00:00,1.09405,1.09445,1.08968,1.09034,116247,3
2023-06-28 16:00:00,1.09033,1.09238,1.09029,1.09159,45953,3
2023-06-28 20:00:00,1.0916,1.09187,1.09111,1.09151,10186,3
2023-06-29 00:00:00,1.09151,1.09161,1.08905,1.08929,45536,3
2023-06-29 04:00:00,1.08929,1.09206,1.08807,1.09165,64270,3
2023-06-29 08:00:00,1.09164,1.09397,1.09104,1.09385,47700,3
2023-06-29 12:00:00,1.09384,1.09414,1.08601,1.08804,134091,5
2023-06-29 16:00:00,1.08803,1.08836,1.08655,1.08692,41346,3
2023-06-29 20:00:00,1.08691,1.08695,1.0861,1.08673,13014,3
2023-06-30 00:00:00,1.08673,1.08754,1.08602,1.08713,45694,3
2023-06-30 04:00:00,1.08713,1.08754,1.08533,1.08563,57194,3
2023-06-30 08:00:00,1.08562,1.08592,1.08352,1.08535,63518,3
2023-06-30 12:00:00,1.08537,1.09317,1.08531,1.0919,138919,4
2023-06-30 16:00:00,1.09192,1.09228,1.09092,1.09129,50669,3
2023-06-30 20:00:00,1.0913,1.09131,1.09079,1.09095,5730,3
2023-07-02 20:00:00,1.09094,1.0913,1.09064,1.09075,8635,49
2023-07-03 00:00:00,1.09075,1.09176,1.09004,1.09127,45238,4
2023-07-03 04:00:00,1.09127,1.09181,1.08702,1.08749,60086,3
2023-07-03 08:00:00,1.08748,1.09047,1.0873,1.08991,52578,3
2023-07-03 12:00:00,1.08989,1.09339,1.08937,1.09181,95065,3
2023-07-03 16:00:00,1.09181,1.09212,1.09083,1.09092,22536,3
2023-07-03 20:00:00,1.09092,1.09153,1.09088,1.09128,6777,3
2023-07-04 00:00:00,1.09127,1.09163,1.09024,1.09044,24441,3
2023-07-04 04:00:00,1.09046,1.09146,1.08939,1.09027,43976,4
2023-07-04 08:00:00,1.09028,1.09045,1.08897,1.08982,38221,3
2023-07-04 12:00:00,1.08982,1.09074,1.08936,1.0901,36113,3
2023-07-04 16:00:00,1.09009,1.09012,1.08809,1.08832,13703,3
2023-07-04 20:00:00,1.08833,1.08835,1.08768,1.08824,7989,4
2023-07-05 00:00:00,1.08827,1.08908,1.0875,1.08773,31021,3
2023-07-05 04:00:00,1.08774,1.09078,1.08677,1.08865,55154,3
2023-07-05 08:00:00,1.08865,1.08956,1.08662,1.0879,63102,3
2023-07-05 12:00:00,1.0879,1.09019,1.08649,1.0867,81830,2
2023-07-05 16:00:00,1.0867,1.0867,1.08509,1.0855,47315,3
2023-07-05 20:00:00,1.08548,1.08571,1.0852,1.08551,9597,3
2023-07-06 00:00:00,1.08554,1.08559,1.08399,1.084,38318,3
2023-07-06 04:00:00,1.08401,1.08753,1.08337,1.08556,64920,3
2023-07-06 08:00:00,1.08555,1.08977,1.08454,1.08952,81058,3
2023-07-06 12:00:00,1.08951,1.09006,1.08338,1.08722,162535,5
2023-07-06 16:00:00,1.08723,1.08888,1.08708,1.08883,43778,4
2023-07-06 20:00:00,1.08883,1.08949,1.08832,1.08896,8899,3
2023-07-07 00:00:00,1.08895,1.08915,1.08823,1.08878,32335,3
2023-07-07 04:00:00,1.08876,1.09002,1.08717,1.08759,52991,3
2023-07-07 08:00:00,1.08758,1.0897,1.08669,1.08875,67349,3
2023-07-07 12:00:00,1.08878,1.09634,1.08744,1.09629,152809,8
2023-07-07 16:00:00,1.0963,1.09731,1.09629,1.09667,46797,3
2023-07-07 20:00:00,1.09666,1.09693,1.09646,1.09646,4714,3
2023-07-09 20:00:00,1.09593,1.09697,1.09563,1.09669,12033,58
2023-07-10 00:00:00,1.0967,1.09695,1.09528,1.09559,46227,3
2023-07-10 04:00:00,1.0956,1.09655,1.0945,1.09544,55759,3
2023-07-10 08:00:00,1.09544,1.09733,1.09527,1.09538,57693,3
2023-07-10 12:00:00,1.09541,1.09927,1.09434,1.099,90722,3
2023-07-10 16:00:00,1.09899,1.10003,1.09825,1.0998,45881,3
2023-07-10 20:00:00,1.09982,1.10058,1.09968,1.10052,10072,3
2023-07-11 00:00:00,1.10053,1.102,1.10014,1.10173,44463,3
2023-07-11 04:00:00,1.10173,1.10269,1.10061,1.1008,73264,3
2023-07-11 08:00:00,1.1008,1.10155,1.0983,1.09837,59068,3
2023-07-11 12:00:00,1.09836,1.09946,1.09768,1.09917,81772,3
2023-07-11 16:00:00,1.09916,1.1009,1.09909,1.10062,34888,2
2023-07-11 20:00:00,1.10062,1.10143,1.10049,1.10136,10816,3
2023-07-12 00:00:00,1.10137,1.10334,1.10119,1.10295,47132,3
2023-07-12 04:00:00,1.10295,1.10368,1.10206,1.10272,53971,4
2023-07-12 08:00:00,1.10271,1.10304,1.10136,1.10147,52528,3
2023-07-12 12:00:00,1.10149,1.11253,1.10148,1.1122,145008,10
2023-07-12 16:00:00,1.1122,1.11403,1.11202,1.1137,57533,3
2023-07-12 20:00:00,1.1137,1.11405,1.11268,1.11405,12205,3
2023-07-13 00:00:00,1.11406,1.11486,1.11363,1.11456,41057,3
2023-07-13 04:00:00,1.11456,1.11577,1.11298,1.11553,67420,3
2023-07-13 08:00:00,1.11553,1.11778,1.11502,1.11742,62078,3
2023-07-13 12:00:00,1.11742,1.11965,1.11615,1.11927,121443,5
2023-07-13 16:00:00,1.11928,1.1227,1.11917,1.12263,50070,3
2023-07-13 20:00:00,1.12262,1.12296,1.12168,1.12234,14568,3
2023-07-14 00:00:00,1.12235,1.12429,1.12134,1.12413,62511,3
2023-07-14 04:00:00,1.12413,1.12413,1.12041,1.12214,66652,3
2023-07-14 08:00:00,1.12213,1.12448,1.12154,1.12242,59468,3
2023-07-14 12:00:00,1.12243,1.12442,1.12101,1.12355,99575,3
2023-07-14 16:00:00,1.12356,1.1243,1.12258,1.12259,39938,3
2023-07-14 20:00:00,1.12258,1.12294,1.12231,1.12235,5876,3
2023-07-16 20:00:00,1.12284,1.1234,1.12232,1.12273,9701,75
2023-07-17 00:00:00,1.12271,1.12296,1.12147,1.12264,30988,3
2023-07-17 04:00:00,1.12263,1.1245,1.1222,1.12447,36466,3
2023-07-17 08:00:00,1.12448,1.12487,1.12291,1.1234,41579,3
2023-07-17 12:00:00,1.12338,1.12378,1.12033,1.1235,74819,4
2023-07-17 16:00:00,1.12349,1.1246,1.12299,1.12436,23469,3
2023-07-17 20:00:00,1.12438,1.12438,1.12326,1.12373,9483,3
2023-07-18 00:00:00,1.12374,1.12559,1.12345,1.12537,41438,3
2023-07-18 04:00:00,1.12539,1.12756,1.12403,1.12537,55640,3
2023-07-18 08:00:00,1.12538,1.12599,1.12279,1.12532,58643,3
2023-07-18 12:00:00,1.12533,1.12699,1.12167,1.12224,146152,5
2023-07-18 16:00:00,1.12225,1.12309,1.12089,1.12301,34143,3
2023-07-18 20:00:00,1.12302,1.12327,1.12251,1.12281,13540,3
2023-07-19 00:00:00,1.12282,1.12327,1.12161,1.12261,39481,3
2023-07-19 04:00:00,1.12262,1.12372,1.11959,1.12269,75842,3
2023-07-19 08:00:00,1.12269,1.124,1.12099,1.12131,68033,3
2023-07-19 12:00:00,1.12131,1.12246,1.11742,1.11937,95894,4
2023-07-19 16:00:00,1.11939,1.12049,1.118,1.12037,42509,3
2023-07-19 20:00:00,1.12036,1.12051,1.11961,1.12049,12701,3
2023-07-20 00:00:00,1.12048,1.12291,1.12037,1.12258,41774,4
2023-07-20 04:00:00,1.12259,1.12267,1.1198,1.12054,46650,4
2023-07-20 08:00:00,1.12053,1.12166,1.11987,1.12069,54766,3
2023-07-20 12:00:00,1.12069,1.12069,1.1132,1.11348,119347,4
2023-07-20 16:00:00,1.11349,1.11386,1.11184,1.11318,39569,3
2023-07-20 20:00:00,1.11319,1.1138,1.11282,1.11344,10184,3
2023-07-21 00:00:00,1.11345,1.11417,1.11296,1.1136,37319,3
2023-07-21 04:00:00,1.11361,1.11449,1.11248,1.11278,53586,3
2023-07-21 08:00:00,1.11276,1.11376,1.11173,1.11182,65882,3
2023-07-21 12:00:00,1.11183,1.11379,1.11079,1.11195,83243,3
2023-07-21 16:00:00,1.11195,1.11302,1.11155,1.11254,22926,3
2023-07-21 20:00:00,1.11256,1.11291,1.11236,1.11244,3442,3
2023-07-23 20:00:00,1.11197,1.11321,1.11197,1.11243,6829,91
2023-07-24 00:00:00,1.11244,1.11327,1.11194,1.11255,35201,3
2023-07-24 04:00:00,1.11254,1.11469,1.10746,1.1081,65692,3
2023-07-24 08:00:00,1.10811,1.11091,1.10657,1.10972,76808,4
2023-07-24 12:00:00,1.10973,1.11045,1.10691,1.1082,98440,3
2023-07-24 16:00:00,1.10823,1.10844,1.10602,1.10602,40340,3
2023-07-24 20:00:00,1.10602,1.10674,1.10597,1.1063,11864,3
2023-07-25 00:00:00,1.1063,1.10815,1.10627,1.10782,42198,3
2023-07-25 04:00:00,1.10782,1.10868,1.10687,1.1071,49328,4
2023-07-25 08:00:00,1.10712,1.10712,1.10393,1.10493,64081,4
2023-07-25 12:00:00,1.10492,1.10533,1.10207,1.1049,97200,3
2023-07-25 16:00:00,1.10491,1.10546,1.10354,1.10521,37817,2
2023-07-25 20:00:00,1.10521,1.10577,1.10485,1.10499,14681,3
2023-07-26 00:00:00,1.105,1.1053,1.10377,1.10493,41379,3
2023-07-26 04:00:00,1.10492,1.10748,1.10462,1.10693,48921,4
2023-07-26 08:00:00,1.10692,1.10861,1.10598,1.10627,52357,3
2023-07-26 12:00:00,1.10627,1.10796,1.10573,1.10767,85318,3
2023-07-26 16:00:00,1.10767,1.11066,1.10564,1.10963,118312,3
2023-07-26 20:00:00,1.10963,1.10965,1.10778,1.10779,12409,3
2023-07-27 00:00:00,1.10778,1.11178,1.10774,1.11002,43639,3
2023-07-27 04:00:00,1.11002,1.1134,1.10879,1.11284,65650,3
2023-07-27 08:00:00,1.11284,1.11496,1.11243,1.11385,62235,3
2023-07-27 12:00:00,1.11384,1.11389,1.09839,1.09969,205976,4
2023-07-27 16:00:00,1.0997,1.10105,1.09658,1.09669,86263,3
2023-07-27 20:00:00,1.09669,1.09835,1.09662,1.09781,14455,3
2023-07-28 00:00:00,1.0978,1.09882,1.09714,1.09765,64991,4
2023-07-28 04:00:00,1.09766,1.09911,1.09435,1.09515,124098,3
2023-07-28 08:00:00,1.09518,1.10181,1.09477,1.10092,71295,3
2023-07-28 12:00:00,1.10091,1.10475,1.09931,1.10383,121732,6
2023-07-28 16:00:00,1.10382,1.1043,1.10151,1.1023,41775,3
2023-07-28 20:00:00,1.10229,1.10235,1.10123,1.10125,6301,3
2023-07-30 20:00:00,1.10206,1.10282,1.10095,1.10238,8127,66
2023-07-31 00:00:00,1.10239,1.10277,1.10091,1.10123,45348,3
2023-07-31 04:00:00,1.10124,1.10288,1.10051,1.10196,59176,3
2023-07-31 08:00:00,1.10198,1.10401,1.10113,1.10268,60707,4
2023-07-31 12:00:00,1.1027,1.10458,1.10122,1.10182,88866,3
2023-07-31 16:00:00,1.10183,1.10201,1.09937,1.09953,36810,3
2023-07-31 20:00:00,1.09953,1.10028,1.09931,1.09966,11783,3
2023-08-01 00:00:00,1.09967,1.10015,1.09803,1.09855,34176,3
2023-08-01 04:00:00,1.09854,1.10002,1.097,1.09796,57517,3
2023-08-01 08:00:00,1.09796,1.09866,1.09658,1.09755,55563,4
2023-08-01 12:00:00,1.09755,1.09892,1.09523,1.09702,108610,3
2023-08-01 16:00:00,1.09703,1.0985,1.09626,1.09826,26399,3
2023-08-01 20:00:00,1.0982,1.10192,1.09805,1.10075,26646,3
2023-08-02 00:00:00,1.10078,1.1008,1.09802,1.09868,45484,3
2023-08-02 04:00:00,1.09869,1.10006,1.09813,1.09899,66283,3
2023-08-02 08:00:00,1.09902,1.09927,1.09682,1.09784,68267,3
2023-08-02 12:00:00,1.09783,1.09871,1.09178,1.09381,128799,3
2023-08-02 16:00:00,1.09382,1.09575,1.09346,1.09396,49704,3
2023-08-02 20:00:00,1.09394,1.09456,1.09354,1.09435,13723,3
2023-08-03 00:00:00,1.09433,1.09492,1.09303,1.09347,38212,4
2023-08-03 04:00:00,1.09347,1.09432,1.09138,1.0919,73379,3
2023-08-03 08:00:00,1.09189,1.09487,1.09122,1.0935,85167,3
2023-08-03 12:00:00,1.09349,1.09561,1.09155,1.09466,148526,5
2023-08-03 16:00:00,1.09465,1.09628,1.09383,1.0944,37418,3
2023-08-03 20:00:00,1.09437,1.09533,1.09436,1.0951,14798,3
2023-08-04 00:00:00,1.09509,1.09615,1.09464,1.09542,39217,4
2023-08-04 04:00:00,1.09543,1.09583,1.09441,1.09473,52438,3
2023-08-04 08:00:00,1.09474,1.09527,1.09351,1.09378,52300,3
2023-08-04 12:00:00,1.09378,1.10419,1.09349,1.10348,155621,7
2023-08-04 16:00:00,1.10347,1.10393,1.10037,1.10076,42890,3
2023-08-04 20:00:00,1.1007,1.10115,1.10029,1.10029,6724,4
2023-08-06 20:00:00,1.10141,1.10151,1.1001,1.10024,12281,66
2023-08-07 00:00:00,1.10024,1.10117,1.09951,1.09955,32114,3
2023-08-07 04:00:00,1.09955,1.09973,1.09708,1.09927,41882,3
2023-08-07 08:00:00,1.09926,1.09926,1.09654,1.09839,46230,3
2023-08-07 12:00:00,1.09841,1.10116,1.09795,1.09989,63804,3
2023-08-07 16:00:00,1.09989,1.10101,1.09921,1.10044,33856,3
2023-08-07 20:00:00,1.10044,1.1005,1.0999,1.10026,11277,3
2023-08-08 00:00:00,1.10026,1.10054,1.09768,1.09818,47324,3
2023-08-08 04:00:00,1.09817,1.10111,1.09736,1.09787,62301,4
2023-08-08 08:00:00,1.09789,1.09872,1.09368,1.09413,65081,3
2023-08-08 12:00:00,1.09412,1.0956,1.0929,1.09501,82611,4
2023-08-08 16:00:00,1.09502,1.09619,1.09476,1.09571,40373,3
2023-08-08 20:00:00,1.09571,1.09594,1.09519,1.09592,10867,3
2023-08-09 00:00:00,1.09592,1.09707,1.09552,1.09665,37521,3
2023-08-09 04:00:00,1.09665,1.09847,1.09633,1.09842,47726,3
2023-08-09 08:00:00,1.09841,1.09887,1.09692,1.09698,48090,3
2023-08-09 12:00:00,1.09699,1.09953,1.0962,1.09742,88813,3
2023-08-09 16:00:00,1.09742,1.09916,1.09732,1.09735,40723,3
2023-08-09 20:00:00,1.09733,1.09786,1.09712,1.09771,12791,3
2023-08-10 00:00:00,1.09771,1.09819,1.09673,1.09791,28914,3
2023-08-10 04:00:00,1.09791,1.10186,1.09785,1.10083,50783,3
2023-08-10 08:00:00,1.10083,1.10296,1.10081,1.10165,47582,3
2023-08-10 12:00:00,1.10166,1.1065,1.10076,1.10151,150837,7
2023-08-10 16:00:00,1.10152,1.10191,1.09761,1.09791,68281,3
2023-08-10 20:00:00,1.09791,1.09845,1.09777,1.09815,11774,3
2023-08-11 00:00:00,1.09815,1.09979,1.09797,1.09872,32287,3
2023-08-11 04:00:00,1.09872,1.1002,1.09838,1.09922,45089,3
2023-08-11 08:00:00,1.09923,1.10031,1.09763,1.09973,57730,3
2023-08-11 12:00:00,1.09971,1.10049,1.0951,1.09561,125290,5
2023-08-11 16:00:00,1.09563,1.09646,1.09429,1.09468,30297,3
2023-08-11 20:00:00,1.09468,1.09491,1.09433,1.09433,4350,3
2023-08-13 20:00:00,1.09493,1.09517,1.09401,1.09432,6857,86
2023-08-14 00:00:00,1.09431,1.09467,1.09292,1.09321,33718,3
2023-08-14 04:00:00,1.09321,1.09561,1.09261,1.09519,50654,3
2023-08-14 08:00:00,1.09518,1.096,1.09367,1.0939,51339,3
2023-08-14 12:00:00,1.09389,1.09409,1.08747,1.09206,108970,3
2023-08-14 16:00:00,1.09205,1.09359,1.09028,1.09028,44065,2
2023-08-14 20:00:00,1.09028,1.09082,1.0902,1.09077,12481,3
2023-08-15 00:00:00,1.09076,1.09175,1.09003,1.09143,35198,3
2023-08-15 04:00:00,1.09145,1.09304,1.09062,1.09234,49507,3
2023-08-15 08:00:00,1.09233,1.09448,1.09178,1.09291,68753,3
2023-08-15 12:00:00,1.09293,1.09524,1.08969,1.09268,140508,4
2023-08-15 16:00:00,1.09269,1.09284,1.0899,1.09058,35501,3
2023-08-15 20:00:00,1.09059,1.09063,1.09011,1.09038,9304,2
2023-08-16 00:00:00,1.09038,1.09117,1.08989,1.09064,37486,3
2023-08-16 04:00:00,1.09064,1.09271,1.09059,1.09234,53502,3
2023-08-16 08:00:00,1.09233,1.09345,1.09064,1.09131,47152,2
2023-08-16 12:00:00,1.0913,1.09233,1.08961,1.09028,113452,3
2023-08-16 16:00:00,1.09027,1.09047,1.08714,1.08743,48330,2
2023-08-16 20:00:00,1.08743,1.08832,1.08733,1.08743,6165,2
2023-08-17 00:00:00,1.08744,1.08749,1.08618,1.08642,17504,3
2023-08-17 04:00:00,1.08642,1.08866,1.08626,1.08804,24457,3
2023-08-17 08:00:00,1.08802,1.08956,1.08636,1.08945,41197,2
2023-08-17 12:00:00,1.08945,1.0918,1.08668,1.08735,111001,4
2023-08-17 16:00:00,1.08737,1.08895,1.08563,1.08717,44241,3
2023-08-17 20:00:00,1.08716,1.08755,1.08664,1.08743,9290,2
2023-08-18 00:00:00,1.08742,1.08938,1.08717,1.08859,37290,3
2023-08-18 04:00:00,1.08861,1.08879,1.08644,1.0873,49284,3
2023-08-18 08:00:00,1.0873,1.08768,1.08601,1.08629,48514,3
2023-08-18 12:00:00,1.0863,1.08813,1.0845,1.08743,103050,3
2023-08-18 16:00:00,1.08742,1.08811,1.08679,1.08725,35615,2
2023-08-18 20:00:00,1.08724,1.08736,1.08678,1.08678,7614,3
2023-08-20 20:00:00,1.08672,1.08785,1.08664,1.08749,7344,65
2023-08-21 00:00:00,1.08747,1.08841,1.08695,1.08803,26791,3
2023-08-21 04:00:00,1.08804,1.08888,1.08723,1.08885,46705,2
2023-08-21 08:00:00,1.08885,1.09136,1.08822,1.09094,51627,3
2023-08-21 12:00:00,1.0909,1.0913,1.08753,1.08877,78853,3
2023-08-21 16:00:00,1.08877,1.09042,1.08874,1.08961,35234,2
2023-08-21 20:00:00,1.08961,1.09015,1.08924,1.08975,7059,2
2023-08-22 00:00:00,1.08974,1.09158,1.08932,1.0915,31837,3
2023-08-22 04:00:00,1.09149,1.09303,1.09046,1.09255,43972,3
2023-08-22 08:00:00,1.09255,1.09285,1.08805,1.08847,42196,3
2023-08-22 12:00:00,1.08849,1.08906,1.08329,1.08455,84410,2
2023-08-22 16:00:00,1.08455,1.08553,1.08434,1.08457,28878,3
2023-08-22 20:00:00,1.08456,1.08489,1.08443,1.08464,7447,2
2023-08-23 00:00:00,1.08465,1.08596,1.08446,1.08574,28309,3
2023-08-23 04:00:00,1.08574,1.08713,1.08118,1.08179,54408,3
2023-08-23 08:00:00,1.08178,1.08303,1.0804,1.08111,63591,3
2023-08-23 12:00:00,1.08111,1.08627,1.08025,1.08613,105207,2
2023-08-23 16:00:00,1.08612,1.087,1.08558,1.08638,36765,2
2023-08-23 20:00:00,1.08637,1.08672,1.08609,1.08654,13709,3
2023-08-24 00:00:00,1.08655,1.0875,1.08583,1.08657,31812,3
2023-08-24 04:00:00,1.08658,1.08764,1.08519,1.08562,41245,3
2023-08-24 08:00:00,1.08561,1.08643,1.08416,1.08421,42174,3
2023-08-24 12:00:00,1.08423,1.08486,1.08142,1.08255,96910,4
2023-08-24 16:00:00,1.08254,1.08277,1.08056,1.08058,34867,3
2023-08-24 20:00:00,1.08057,1.08159,1.07928,1.0799,12003,2
2023-08-25 00:00:00,1.07989,1.0804,1.07799,1.07804,24812,3
2023-08-25 04:00:00,1.07804,1.0792,1.07683,1.07712,35715,3
2023-08-25 08:00:00,1.07711,1.08113,1.07661,1.08028,39183,3
2023-08-25 12:00:00,1.08027,1.08417,1.07658,1.07862,130445,2
2023-08-25 16:00:00,1.07866,1.08125,1.07856,1.08028,43577,2
2023-08-25 20:00:00,1.08029,1.08031,1.07906,1.07906,5435,3
2023-08-27 20:00:00,1.07957,1.0801,1.07933,1.07968,8930,48
2023-08-28 00:00:00,1.07969,1.08101,1.07961,1.08094,24072,3
2023-08-28 04:00:00,1.08093,1.08208,1.08052,1.08087,28576,3
2023-08-28 08:00:00,1.08085,1.08221,1.07993,1.08043,36776,3
2023-08-28 12:00:00,1.08045,1.08141,1.07989,1.0809,62707,2
2023-08-28 16:00:00,1.08089,1.08198,1.08039,1.08179,26465,3
2023-08-28 20:00:00,1.08179,1.08298,1.0814,1.08255,9344,3
2023-08-29 00:00:00,1.08255,1.08382,1.08213,1.08362,23600,3
2023-08-29 04:00:00,1.08362,1.08363,1.08083,1.08204,32530,3
2023-08-29 08:00:00,1.08205,1.08227,1.08037,1.08041,43440,2
2023-08-29 12:00:00,1.08042,1.08569,1.07822,1.085,115725,3
2023-08-29 16:00:00,1.08499,1.08919,1.08466,1.08852,48807,2
2023-08-29 20:00:00,1.08852,1.08854,1.08686,1.08691,12012,3
2023-08-30 00:00:00,1.08691,1.08721,1.08636,1.08691,31428,3
2023-08-30 04:00:00,1.0869,1.08766,1.08556,1.08647,47347,3
2023-08-30 08:00:00,1.08644,1.08935,1.08551,1.08787,50978,3
2023-08-30 12:00:00,1.08788,1.09454,1.08746,1.09258,121422,5
2023-08-30 16:00:00,1.09256,1.09328,1.09168,1.09216,42907,2
2023-08-30 20:00:00,1.09217,1.09315,1.0919,1.09294,12884,2
2023-08-31 00:00:00,1.09292,1.09394,1.092,1.09204,25905,3
2023-08-31 04:00:00,1.09205,1.09244,1.08899,1.08925,46549,4
2023-08-31 08:00:00,1.08925,1.08931,1.08575,1.08682,57149,3
2023-08-31 12:00:00,1.08683,1.08849,1.08366,1.08386,98413,6
2023-08-31 16:00:00,1.08385,1.08541,1.08351,1.08436,38351,3
2023-08-31 20:00:00,1.08437,1.0847,1.08347,1.08424,10687,3
2023-09-01 00:00:00,1.08422,1.08541,1.08363,1.08417,24801,3
2023-09-01 04:00:00,1.08416,1.08595,1.08284,1.08558,40021,3
2023-09-01 08:00:00,1.0856,1.08563,1.08331,1.08331,38150,3
2023-09-01 12:00:00,1.08332,1.08819,1.07863,1.07865,159049,7
2023-09-01 16:00:00,1.07865,1.0789,1.07722,1.07749,24642,3
2023-09-01 20:00:00,1.07749,1.07773,1.07716,1.07717,4055,3
2023-09-03 20:00:00,1.07748,1.07815,1.07716,1.07756,5039,72
2023-09-04 00:00:00,1.07758,1.07872,1.07731,1.07857,21164,3
2023-09-04 04:00:00,1.07857,1.08068,1.07811,1.07952,35374,3
2023-09-04 08:00:00,1.07952,1.08087,1.07907,1.08001,30706,3
2023-09-04 12:00:00,1.08002,1.08053,1.07832,1.07988,27182,3
2023-09-04 16:00:00,1.07988,1.08,1.07922,1.07938,5666,3
2023-09-04 20:00:00,1.0794,1.07977,1.07897,1.07913,5067,4
2023-09-05 00:00:00,1.07912,1.07982,1.07807,1.07884,21548,3
2023-09-05 04:00:00,1.07884,1.07938,1.07544,1.07564,53344,3
2023-09-05 08:00:00,1.07563,1.07587,1.07292,1.07325,59017,3
2023-09-05 12:00:00,1.07325,1.07486,1.07062,1.07265,113079,3
2023-09-05 16:00:00,1.07265,1.0732,1.07193,1.07213,27886,3
2023-09-05 20:00:00,1.07213,1.0728,1.0719,1.07244,10089,3
2023-09-06 00:00:00,1.07246,1.07343,1.07131,1.07332,27873,3
2023-09-06 04:00:00,1.07331,1.0748,1.07242,1.07291,50051,2
2023-09-06 08:00:00,1.0729,1.07488,1.07231,1.07439,46394,3
2023-09-06 12:00:00,1.07438,1.07454,1.07025,1.0713,112084,4
2023-09-06 16:00:00,1.07129,1.07295,1.07112,1.07261,28124,3
2023-09-06 20:00:00,1.07266,1.0728,1.07214,1.07238,7790,3
2023-09-07 00:00:00,1.07238,1.07317,1.0719,1.07297,18218,3
2023-09-07 04:00:00,1.07295,1.07302,1.07081,1.07155,45020,3
2023-09-07 08:00:00,1.07155,1.07177,1.0703,1.07053,45216,3
2023-09-07 12:00:00,1.07052,1.07107,1.06861,1.07032,81141,3
2023-09-07 16:00:00,1.07032,1.07096,1.06937,1.06949,25005,2
2023-09-07 20:00:00,1.06949,1.06986,1.06941,1.06973,5999,3
2023-09-08 00:00:00,1.06975,1.07232,1.06971,1.07164,31810,3
2023-09-08 04:00:00,1.07165,1.07279,1.07076,1.07086,44306,3
2023-09-08 08:00:00,1.07087,1.07174,1.06941,1.0699,50676,3
2023-09-08 12:00:00,1.0699,1.07438,1.06977,1.07087,81629,3
2023-09-08 16:00:00,1.07088,1.07134,1.06969,1.06992,35632,2
2023-09-08 20:00:00,1.06992,1.0703,1.06974,1.06974,5924,3
2023-09-10 20:00:00,1.07147,1.07204,1.07075,1.07162,10922,21
2023-09-11 00:00:00,1.07165,1.0728,1.07099,1.07225,31146,4
2023-09-11 04:00:00,1.07226,1.07412,1.07216,1.07258,46617,3
2023-09-11 08:00:00,1.07258,1.07343,1.07183,1.07197,42394,3
2023-09-11 12:00:00,1.07197,1.07593,1.07154,1.07425,70429,2
2023-09-11 16:00:00,1.07426,1.07578,1.07426,1.07489,23024,3
2023-09-11 20:00:00,1.07489,1.07533,1.07414,1.07476,8390,3
2023-09-12 00:00:00,1.07476,1.07692,1.07375,1.07463,31561,3
2023-09-12 04:00:00,1.07462,1.07464,1.07121,1.07135,44878,3
2023-09-12 08:00:00,1.07135,1.07259,1.07085,1.07181,48468,3
2023-09-12 12:00:00,1.07181,1.073,1.07055,1.07253,58753,3
2023-09-12 16:00:00,1.07256,1.07375,1.07215,1.07281,27898,2
2023-09-12 20:00:00,1.07281,1.07648,1.07276,1.07531,12818,3
2023-09-13 00:00:00,1.0753,1.07648,1.07446,1.07471,29000,3
2023-09-13 04:00:00,1.07472,1.07545,1.0731,1.07437,46366,3
2023-09-13 08:00:00,1.07436,1.07447,1.07285,1.07366,46075,3
2023-09-13 12:00:00,1.07364,1.07614,1.0711,1.07356,135166,5
2023-09-13 16:00:00,1.07357,1.07491,1.07278,1.07318,35579,3
2023-09-13 20:00:00,1.07318,1.07346,1.07281,1.07327,10052,3
2023-09-14 00:00:00,1.07327,1.07464,1.07301,1.07445,30637,3
2023-09-14 04:00:00,1.07446,1.07521,1.0733,1.07336,33549,3
2023-09-14 08:00:00,1.07336,1.074,1.07245,1.07303,40656,3
2023-09-14 12:00:00,1.07302,1.07476,1.06539,1.06587,150747,4
2023-09-14 16:00:00,1.06588,1.0663,1.06318,1.06426,43547,3
2023-09-14 20:00:00,1.06425,1.06468,1.06349,1.0635,9639,3
2023-09-15 00:00:00,1.06349,1.06483,1.06332,1.06474,30486,3
2023-09-15 04:00:00,1.06476,1.06674,1.06443,1.06635,44381,3
2023-09-15 08:00:00,1.06635,1.06692,1.06529,1.06546,35014,3
2023-09-15 12:00:00,1.06547,1.06877,1.06451,1.06721,105535,4
2023-09-15 16:00:00,1.06724,1.06802,1.06596,1.06598,28006,3
2023-09-15 20:00:00,1.06598,1.06628,1.06561,1.06576,9034,4
2023-09-17 20:00:00,1.06588,1.0669,1.06578,1.06679,5657,69
2023-09-18 00:00:00,1.0668,1.06736,1.06609,1.06641,23283,3
2023-09-18 04:00:00,1.06641,1.06777,1.06578,1.06621,31525,3
2023-09-18 08:00:00,1.06621,1.06747,1.06562,1.06631,32791,3
2023-09-18 12:00:00,1.06631,1.06986,1.06546,1.0694,60908,2
2023-09-18 16:00:00,1.0694,1.0698,1.06778,1.06866,33514,2
2023-09-18 20:00:00,1.06865,1.06937,1.0685,1.06919,9315,2
2023-09-19 00:00:00,1.06918,1.06965,1.06807,1.06826,18428,3
2023-09-19 04:00:00,1.06826,1.06952,1.0675,1.06942,33027,3
2023-09-19 08:00:00,1.06941,1.07097,1.06819,1.07087,41172,3
2023-09-19 12:00:00,1.07086,1.0718,1.068,1.06831,68052,3
2023-09-19 16:00:00,1.06831,1.06917,1.06761,1.06805,24049,3
2023-09-19 20:00:00,1.06806,1.06834,1.06746,1.06813,8649,4
2023-09-20 00:00:00,1.06814,1.06897,1.06781,1.06795,22271,3
2023-09-20 04:00:00,1.06794,1.0693,1.06729,1.06903,44540,3
2023-09-20 08:00:00,1.06904,1.07049,1.06897,1.07015,33877,3
2023-09-20 12:00:00,1.07014,1.07271,1.06921,1.07142,55877,3
2023-09-20 16:00:00,1.07142,1.07368,1.06579,1.06586,109383,2
2023-09-20 20:00:00,1.06587,1.06643,1.06478,1.06498,13975,3
2023-09-21 00:00:00,1.06498,1.06503,1.06167,1.06365,40436,3
2023-09-21 04:00:00,1.06366,1.0658,1.06326,1.06551,47830,2
2023-09-21 08:00:00,1.06551,1.06645,1.06335,1.06356,66738,2
2023-09-21 12:00:00,1.06357,1.06734,1.06246,1.06634,108731,3
2023-09-21 16:00:00,1.06633,1.06708,1.06544,1.06592,35361,3
2023-09-21 20:00:00,1.06591,1.06637,1.06558,1.06603,13886,3
2023-09-22 00:00:00,1.06603,1.06626,1.06409,1.06514,28990,3
2023-09-22 04:00:00,1.06514,1.06678,1.0615,1.06457,67762,3
2023-09-22 08:00:00,1.06456,1.06516,1.0634,1.06363,53578,4
2023-09-22 12:00:00,1.06363,1.06716,1.06363,1.06592,76535,2
2023-09-22 16:00:00,1.06594,1.06616,1.06391,1.06436,27777,3
2023-09-22 20:00:00,1.06436,1.06473,1.06415,1.06419,8011,3
2023-09-24 20:00:00,1.06513,1.06518,1.06424,1.06482,7850,85
2023-09-25 00:00:00,1.06482,1.06555,1.0643,1.0648,22968,3
2023-09-25 04:00:00,1.06479,1.06531,1.06316,1.06378,31537,2
2023-09-25 08:00:00,1.06379,1.06435,1.06239,1.06305,46290,3
2023-09-25 12:00:00,1.06303,1.06346,1.05753,1.05901,77873,2
2023-09-25 16:00:00,1.059,1.05986,1.05854,1.05928,24228,3
2023-09-25 20:00:00,1.05927,1.05966,1.059,1.05912,11212,3
2023-09-26 00:00:00,1.05912,1.05919,1.05783,1.05858,24886,3
2023-09-26 04:00:00,1.05857,1.05929,1.05699,1.05849,39168,3
2023-09-26 08:00:00,1.05849,1.06033,1.05827,1.05994,46693,3
2023-09-26 12:00:00,1.05993,1.0609,1.05677,1.05724,88552,3
2023-09-26 16:00:00,1.05725,1.05767,1.0562,1.05701,26702,2
2023-09-26 20:00:00,1.05701,1.05755,1.05676,1.05691,11553,3
2023-09-27 00:00:00,1.05691,1.0572,1.05559,1.05619,30851,3
2023-09-27 04:00:00,1.05619,1.0574,1.05548,1.0565,37582,3
2023-09-27 08:00:00,1.05653,1.05698,1.05343,1.05394,49827,3
2023-09-27 12:00:00,1.05395,1.05513,1.05081,1.05087,104494,3
2023-09-27 16:00:00,1.0509,1.05187,1.0488,1.05056,62717,3
2023-09-27 20:00:00,1.05057,1.05081,1.04985,1.05052,14515,3
2023-09-28 00:00:00,1.05053,1.0516,1.04987,1.0504,26729,3
2023-09-28 04:00:00,1.0504,1.05188,1.0491,1.05085,48332,3
2023-09-28 08:00:00,1.05084,1.05483,1.05047,1.05413,67092,3
2023-09-28 12:00:00,1.05412,1.05788,1.05176,1.05762,147636,4
2023-09-28 16:00:00,1.05762,1.05782,1.05498,1.05639,44304,2
2023-09-28 20:00:00,1.05639,1.05674,1.05591,1.05621,10622,3
2023-09-29 00:00:00,1.05622,1.05827,1.05579,1.05754,24298,2
2023-09-29 04:00:00,1.05753,1.06106,1.05743,1.06062,53376,3
2023-09-29 08:00:00,1.06063,1.06169,1.05901,1.05943,57922,3
2023-09-29 12:00:00,1.05942,1.06102,1.05698,1.05833,122517,4
2023-09-29 16:00:00,1.05834,1.05867,1.05638,1.05722,49476,3
2023-09-29 20:00:00,1.05723,1.05761,1.05684,1.05694,6096,3
2023-10-01 20:00:00,1.05672,1.05721,1.05578,1.0564,12291,56
2023-10-02 00:00:00,1.05641,1.05707,1.05623,1.05698,21378,3
2023-10-02 04:00:00,1.05697,1.05919,1.05601,1.05722,47266,2
2023-10-02 08:00:00,1.05721,1.0578,1.05301,1.05313,54218,3
2023-10-02 12:00:00,1.05313,1.05375,1.04922,1.04988,110818,2
2023-10-02 16:00:00,1.04989,1.05051,1.04807,1.04809,42557,2
2023-10-02 20:00:00,1.04806,1.04827,1.04752,1.04798,12013,2
2023-10-03 00:00:00,1.04798,1.04803,1.04638,1.04683,28145,3
2023-10-03 04:00:00,1.04683,1.04842,1.04598,1.04824,42912,3
2023-10-03 08:00:00,1.04823,1.04933,1.04692,1.04735,52234,2
2023-10-03 12:00:00,1.04735,1.04857,1.04483,1.04525,141062,3
2023-10-03 16:00:00,1.04524,1.04795,1.04518,1.04714,44180,3
2023-10-03 20:00:00,1.04715,1.04735,1.0463,1.04686,9940,3
2023-10-04 00:00:00,1.04684,1.04755,1.0457,1.04592,24571,3
2023-10-04 04:00:00,1.04593,1.04853,1.04514,1.04846,43844,2
2023-10-04 08:00:00,1.04846,1.05164,1.04791,1.0498,61447,3
2023-10-04 12:00:00,1.04979,1.05321,1.04829,1.05176,143226,2
2023-10-04 16:00:00,1.05178,1.05217,1.04978,1.05154,49165,2
2023-10-04 20:00:00,1.05152,1.0516,1.05028,1.05069,10932,3
2023-10-05 00:00:00,1.05068,1.05288,1.05022,1.0525,28153,3
2023-10-05 04:00:00,1.05249,1.05263,1.05014,1.05087,36737,3
2023-10-05 08:00:00,1.05087,1.05252,1.05027,1.05236,54973,3
2023-10-05 12:00:00,1.05237,1.05373,1.05,1.05257,124142,5
2023-10-05 16:00:00,1.05257,1.05515,1.0524,1.05495,42248,3
2023-10-05 20:00:00,1.05495,1.05518,1.0545,1.05462,10198,3
2023-10-06 00:00:00,1.05463,1.05479,1.05381,1.05423,24388,3
2023-10-06 04:00:00,1.05424,1.0551,1.05314,1.05497,38904,3
2023-10-06 08:00:00,1.05497,1.05672,1.05421,1.0566,51646,3
2023-10-06 12:00:00,1.0566,1.05999,1.04824,1.05946,191824,8
2023-10-06 16:00:00,1.05945,1.05996,1.05755,1.05897,66244,3
2023-10-06 20:00:00,1.05897,1.05897,1.05823,1.05828,6199,3
2023-10-08 20:00:00,1.05529,1.05682,1.05494,1.05661,12825,34
2023-10-09 00:00:00,1.05662,1.05742,1.05515,1.05521,13064,3
2023-10-09 04:00:00,1.05522,1.05585,1.05194,1.0523,23248,3
2023-10-09 08:00:00,1.0523,1.0545,1.05203,1.05282,40850,4
2023-10-09 12:00:00,1.05281,1.05576,1.05224,1.05397,90592,3
2023-10-09 16:00:00,1.05396,1.05702,1.05344,1.05691,46356,2
2023-10-09 20:00:00,1.05691,1.05796,1.05606,1.05786,20878,2
2023-10-10 00:00:00,1.05788,1.05836,1.0566,1.05694,46859,3
2023-10-10 04:00:00,1.05693,1.05723,1.05542,1.05716,63382,3
2023-10-10 08:00:00,1.05717,1.0611,1.05698,1.05757,79485,3
2023-10-10 12:00:00,1.05755,1.06195,1.05742,1.0617,113715,3
2023-10-10 16:00:00,1.0617,1.06198,1.05924,1.06046,57250,3
2023-10-10 20:00:00,1.06048,1.06096,1.05998,1.06042,13648,3
2023-10-11 00:00:00,1.06043,1.06142,1.06012,1.06047,28466,3
2023-10-11 04:00:00,1.06047,1.06283,1.05953,1.05998,49816,3
2023-10-11 08:00:00,1.05999,1.06147,1.05933,1.06039,62237,3
2023-10-11 12:00:00,1.06038,1.06346,1.05806,1.06127,123678,5
2023-10-11 16:00:00,1.06127,1.06158,1.05849,1.06125,52255,3
2023-10-11 20:00:00,1.06125,1.06256,1.06116,1.06234,9845,3
2023-10-12 00:00:00,1.06234,1.0629,1.06199,1.06287,22848,3
2023-10-12 04:00:00,1.06285,1.06397,1.062,1.062,35593,3
2023-10-12 08:00:00,1.06201,1.06272,1.06132,1.06195,35229,3
2023-10-12 12:00:00,1.06194,1.06271,1.05444,1.05519,136329,7
2023-10-12 16:00:00,1.05521,1.05608,1.05257,1.05306,49725,3
2023-10-12 20:00:00,1.05308,1.05374,1.05268,1.05355,10638,3
2023-10-13 00:00:00,1.05358,1.0548,1.05345,1.05455,23372,3
2023-10-13 04:00:00,1.05453,1.05578,1.05313,1.05517,46139,3
2023-10-13 08:00:00,1.05516,1.05584,1.05139,1.05244,62692,2
2023-10-13 12:00:00,1.05247,1.05473,1.04954,1.05006,121162,3
2023-10-13 16:00:00,1.05007,1.05158,1.04995,1.05138,42796,3
2023-10-13 20:00:00,1.05137,1.05138,1.05056,1.05073,5106,3
2023-10-15 20:00:00,1.05083,1.05253,1.05025,1.0522,12664,111
2023-10-16 00:00:00,1.05221,1.05257,1.05156,1.05235,21319,2
2023-10-16 04:00:00,1.05234,1.05382,1.05223,1.05341,40648,3
2023-10-16 08:00:00,1.0534,1.05428,1.05235,1.05365,43038,3
2023-10-16 12:00:00,1.05365,1.05554,1.05256,1.05446,75318,3
2023-10-16 16:00:00,1.05447,1.05627,1.05403,1.05626,26030,2
2023-10-16 20:00:00,1.05627,1.05627,1.05529,1.05543,13742,2
2023-10-17 00:00:00,1.05543,1.05607,1.05462,1.05498,23112,3
2023-10-17 04:00:00,1.05499,1.05547,1.0534,1.05486,34738,3
2023-10-17 08:00:00,1.05485,1.05793,1.05328,1.05752,50742,3
2023-10-17 12:00:00,1.05751,1.05927,1.05383,1.05921,120418,4
2023-10-17 16:00:00,1.05921,1.05948,1.05641,1.05769,39840,2
2023-10-17 20:00:00,1.05768,1.05776,1.05718,1.05727,12438,2
2023-10-18 00:00:00,1.05726,1.05789,1.05604,1.05754,24848,3
2023-10-18 04:00:00,1.05754,1.05941,1.05704,1.05788,43860,3
2023-10-18 08:00:00,1.05787,1.05867,1.05521,1.05606,50440,3
2023-10-18 12:00:00,1.05606,1.05744,1.05259,1.05311,103572,3
2023-10-18 16:00:00,1.05312,1.05536,1.05231,1.05354,49350,2
2023-10-18 20:00:00,1.05353,1.05396,1.05327,1.05379,16133,2
2023-10-19 00:00:00,1.05381,1.05418,1.05323,1.05338,27338,3
2023-10-19 04:00:00,1.05336,1.05482,1.05282,1.05375,38397,3
2023-10-19 08:00:00,1.05375,1.05635,1.05294,1.05578,54368,3
2023-10-19 12:00:00,1.05577,1.05816,1.0556,1.05696,98116,4
2023-10-19 16:00:00,1.05698,1.06163,1.05561,1.0588,133830,3
2023-10-19 20:00:00,1.05879,1.05879,1.05781,1.05863,10836,3
2023-10-20 00:00:00,1.05862,1.05864,1.05683,1.05759,28768,3
2023-10-20 04:00:00,1.0576,1.05787,1.05649,1.05705,36881,3
2023-10-20 08:00:00,1.05707,1.05989,1.05683,1.05908,48418,3
2023-10-20 12:00:00,1.05907,1.06008,1.05653,1.0591,104987,3
2023-10-20 16:00:00,1.05909,1.06035,1.05812,1.05921,37967,2
2023-10-20 20:00:00,1.05921,1.05955,1.0591,1.05927,6146,4
2023-10-22 20:00:00,1.0595,1.05968,1.05883,1.05896,8353,46
2023-10-23 00:00:00,1.05893,1.05902,1.05733,1.05751,19160,3
2023-10-23 04:00:00,1.0575,1.05976,1.05714,1.05976,32886,3
2023-10-23 08:00:00,1.05976,1.06147,1.05904,1.06017,57526,3
2023-10-23 12:00:00,1.06016,1.06466,1.0591,1.06453,101371,3
2023-10-23 16:00:00,1.06453,1.06779,1.06409,1.06655,45194,2
2023-10-23 20:00:00,1.06654,1.06719,1.06634,1.06698,12238,3
2023-10-24 00:00:00,1.06699,1.06871,1.06668,1.06824,31971,3
2023-10-24 04:00:00,1.06825,1.06942,1.06569,1.06627,45956,2
2023-10-24 08:00:00,1.06627,1.06627,1.06217,1.06353,54519,3
2023-10-24 12:00:00,1.06352,1.06364,1.0583,1.05936,93501,3
2023-10-24 16:00:00,1.05937,1.06021,1.05834,1.05918,34265,3
2023-10-24 20:00:00,1.05917,1.0595,1.05888,1.05949,10114,3
2023-10-25 00:00:00,1.05952,1.0605,1.05897,1.0602,26532,3
2023-10-25 04:00:00,1.06019,1.06067,1.05783,1.05871,29010,3
2023-10-25 08:00:00,1.0587,1.05968,1.05658,1.05727,40656,3
2023-10-25 12:00:00,1.05728,1.05956,1.05668,1.05829,92594,3
2023-10-25 16:00:00,1.05829,1.05859,1.05658,1.05677,45271,3
2023-10-25 20:00:00,1.05678,1.05697,1.05601,1.05661,13473,3
2023-10-26 00:00:00,1.05661,1.05691,1.05414,1.05467,25538,3
2023-10-26 04:00:00,1.05467,1.05494,1.0533,1.05482,38049,3
2023-10-26 08:00:00,1.05481,1.05525,1.0531,1.05362,37382,3
2023-10-26 12:00:00,1.05362,1.05603,1.05221,1.05317,122672,5
2023-10-26 16:00:00,1.05316,1.05645,1.05249,1.05566,51136,2
2023-10-26 20:00:00,1.05565,1.05657,1.05551,1.05638,12335,2
2023-10-27 00:00:00,1.05637,1.05666,1.05525,1.05644,22376,3
2023-10-27 04:00:00,1.05644,1.05698,1.0552,1.05584,26070,3
2023-10-27 08:00:00,1.05583,1.05671,1.05354,1.0537,29907,2
2023-10-27 12:00:00,1.0537,1.0597,1.05355,1.05912,92169,5
2023-10-27 16:00:00,1.05913,1.05964,1.05573,1.05705,39046,2
2023-10-27 20:00:00,1.05707,1.05707,1.05605,1.05605,6027,4
2023-10-29 20:00:00,1.05644,1.05749,1.05588,1.05618,7602,121
2023-10-30 00:00:00,1.05618,1.05658,1.05551,1.05604,23928,3
2023-10-30 04:00:00,1.05603,1.05674,1.0553,1.05566,21530,3
2023-10-30 08:00:00,1.05565,1.05962,1.05471,1.05851,49980,3
2023-10-30 12:00:00,1.05852,1.0625,1.05819,1.06191,94210,3
2023-10-30 16:00:00,1.06189,1.06215,1.06002,1.06169,31141,2
2023-10-30 20:00:00,1.06169,1.06174,1.06117,1.06138,7565,2
2023-10-31 00:00:00,1.06139,1.06143,1.05906,1.05943,31705,3
2023-10-31 04:00:00,1.05943,1.06258,1.05907,1.06212,31442,3
2023-10-31 08:00:00,1.06212,1.06748,1.06154,1.06557,68823,3
2023-10-31 12:00:00,1.06556,1.06609,1.05662,1.05669,124871,3
2023-10-31 16:00:00,1.05672,1.05856,1.05574,1.05807,51465,2
2023-10-31 20:00:00,1.05809,1.05835,1.0572,1.0578,10419,3
2023-11-01 00:00:00,1.05778,1.05806,1.05664,1.05705,23543,3
2023-11-01 04:00:00,1.05704,1.05774,1.0559,1.05646,27208,3
2023-11-01 08:00:00,1.05646,1.0568,1.05408,1.05428,46604,3
2023-11-01 12:00:00,1.05429,1.05708,1.05216,1.05372,131785,3
2023-11-01 16:00:00,1.05372,1.05706,1.05167,1.05672,130897,2
2023-11-01 20:00:00,1.05671,1.05867,1.05667,1.05866,14966,3
2023-11-02 00:00:00,1.05866,1.06021,1.05837,1.05998,30753,3
2023-11-02 04:00:00,1.05999,1.061,1.05936,1.06033,30411,3
2023-11-02 08:00:00,1.06032,1.06388,1.0591,1.06337,63841,3
2023-11-02 12:00:00,1.06338,1.06675,1.06168,1.06173,112959,4
2023-11-02 16:00:00,1.06172,1.06323,1.06105,1.06231,39184,2
2023-11-02 20:00:00,1.06231,1.06244,1.06154,1.06155,8040,3
2023-11-03 00:00:00,1.06158,1.06287,1.06146,1.06253,14434,3
2023-11-03 04:00:00,1.06254,1.06338,1.06248,1.06292,18976,3
2023-11-03 08:00:00,1.06291,1.06526,1.06197,1.06467,37266,3
2023-11-03 12:00:00,1.06469,1.07353,1.06454,1.07321,154343,6
2023-11-03 16:00:00,1.0732,1.07467,1.07224,1.07247,46770,2
2023-11-03 20:00:00,1.07248,1.07325,1.07247,1.07295,5914,4
2023-11-05 20:00:00,1.07232,1.07334,1.07207,1.07313,3878,47
2023-11-06 00:00:00,1.07316,1.07343,1.07222,1.07343,22942,3
2023-11-06 04:00:00,1.07343,1.07437,1.07318,1.0733,22635,3
2023-11-06 08:00:00,1.07333,1.07562,1.07315,1.07514,43992,3
2023-11-06 12:00:00,1.07513,1.07541,1.07261,1.07436,67327,3
2023-11-06 16:00:00,1.07437,1.07492,1.0722,1.07242,35315,2
2023-11-06 20:00:00,1.07238,1.0724,1.07149,1.07182,14701,3
2023-11-07 00:00:00,1.07184,1.07193,1.07058,1.07089,21679,4
2023-11-07 04:00:00,1.07089,1.07116,1.06918,1.06968,28093,3
2023-11-07 08:00:00,1.06966,1.07063,1.06655,1.06738,49596,3
2023-11-07 12:00:00,1.0674,1.06898,1.0664,1.06849,75551,2
2023-11-07 16:00:00,1.06849,1.07047,1.06724,1.06952,51720,2
2023-11-07 20:00:00,1.06951,1.07008,1.06894,1.06956,17970,2
2023-11-08 00:00:00,1.06956,1.06992,1.06863,1.06898,21204,3
2023-11-08 04:00:00,1.06899,1.06928,1.06755,1.06803,24432,3
2023-11-08 08:00:00,1.06804,1.06827,1.06593,1.0677,50222,2
2023-11-08 12:00:00,1.06771,1.07077,1.06601,1.07051,63759,2
2023-11-08 16:00:00,1.07052,1.0716,1.07011,1.07021,51806,2
2023-11-08 20:00:00,1.07022,1.07112,1.06999,1.07112,16656,3
2023-11-09 00:00:00,1.07113,1.07156,1.07024,1.07078,17215,3
2023-11-09 04:00:00,1.07079,1.07117,1.07014,1.07052,22220,3
2023-11-09 08:00:00,1.07052,1.07098,1.06804,1.06882,43763,2
2023-11-09 12:00:00,1.06882,1.07254,1.06865,1.0715,76058,3
2023-11-09 16:00:00,1.0715,1.0717,1.06601,1.06672,96363,2
2023-11-09 20:00:00,1.06673,1.06755,1.06624,1.06669,23019,3
2023-11-10 00:00:00,1.06671,1.0675,1.06629,1.06699,20189,3
2023-11-10 04:00:00,1.067,1.06719,1.0656,1.06629,24076,3
2023-11-10 08:00:00,1.0663,1.06889,1.0663,1.06768,49530,3
2023-11-10 12:00:00,1.06769,1.06927,1.06624,1.06698,76233,3
2023-11-10 16:00:00,1.067,1.06875,1.0663,1.06796,43484,3
2023-11-10 20:00:00,1.06795,1.06874,1.0677,1.06848,9667,3
2023-11-12 20:00:00,1.06818,1.06906,1.06799,1.06905,5577,50
2023-11-13 00:00:00,1.06902,1.06905,1.0681,1.06856,17369,3
2023-11-13 04:00:00,1.06856,1.06974,1.06835,1.06927,18381,3
2023-11-13 08:00:00,1.06924,1.07013,1.0685,1.06871,35390,2
2023-11-13 12:00:00,1.06872,1.06927,1.0665,1.06887,63903,2
2023-11-13 16:00:00,1.06887,1.07061,1.06852,1.0702,36368,2
2023-11-13 20:00:00,1.07019,1.07042,1.06975,1.07012,12942,2
2023-11-14 00:00:00,1.07013,1.07023,1.06945,1.06965,16455,3
2023-11-14 04:00:00,1.06964,1.07096,1.06928,1.07061,17078,2
2023-11-14 08:00:00,1.07061,1.07305,1.0696,1.07193,45547,3
2023-11-14 12:00:00,1.07193,1.08423,1.07049,1.08376,147273,3
2023-11-14 16:00:00,1.08373,1.08826,1.08364,1.08814,56740,2
2023-11-14 20:00:00,1.08813,1.08875,1.08727,1.08777,14714,2
2023-11-15 00:00:00,1.08776,1.08827,1.08656,1.0882,29734,4
2023-11-15 04:00:00,1.08824,1.08836,1.08647,1.08727,30477,3
2023-11-15 08:00:00,1.08728,1.08794,1.08439,1.08661,50683,2
2023-11-15 12:00:00,1.08662,1.08858,1.08315,1.08651,105145,2
2023-11-15 16:00:00,1.08652,1.08687,1.0841,1.08462,45708,2
2023-11-15 20:00:00,1.08463,1.08541,1.08423,1.08541,14640,2
2023-11-16 00:00:00,1.08542,1.08558,1.083,1.08324,27174,3
2023-11-16 04:00:00,1.08326,1.08458,1.08322,1.08409,20515,3
2023-11-16 08:00:00,1.08407,1.08607,1.08383,1.08522,42388,3
2023-11-16 12:00:00,1.08521,1.08955,1.0839,1.08781,101787,2
2023-11-16 16:00:00,1.08782,1.08828,1.08463,1.08556,50518,2
2023-11-16 20:00:00,1.08557,1.08581,1.08434,1.08529,19408,2
2023-11-17 00:00:00,1.0853,1.08569,1.08487,1.08539,20979,3
2023-11-17 04:00:00,1.0854,1.08563,1.08351,1.08383,28331,3
2023-11-17 08:00:00,1.08385,1.08746,1.08247,1.08662,61809,2
2023-11-17 12:00:00,1.0866,1.08933,1.08573,1.08867,85246,2
2023-11-17 16:00:00,1.08868,1.09045,1.08748,1.08996,45549,3
2023-11-17 20:00:00,1.08997,1.09148,1.08972,1.09138,14673,2
2023-11-19 20:00:00,1.09095,1.0911,1.09054,1.09055,6799,44
2023-11-20 00:00:00,1.09054,1.09249,1.08974,1.09238,31209,3
2023-11-20 04:00:00,1.09238,1.09358,1.09129,1.0916,33062,3
2023-11-20 08:00:00,1.0916,1.09401,1.09152,1.09228,47860,2
2023-11-20 12:00:00,1.09228,1.09457,1.09187,1.09382,58166,2
2023-11-20 16:00:00,1.09381,1.09517,1.09351,1.09464,45583,2
2023-11-20 20:00:00,1.09463,1.09475,1.09379,1.09446,13283,2
2023-11-21 00:00:00,1.09447,1.09641,1.09421,1.09635,33808,3
2023-11-21 04:00:00,1.09633,1.09651,1.09507,1.09538,30282,3
2023-11-21 08:00:00,1.09538,1.09639,1.0939,1.09392,53859,2
2023-11-21 12:00:00,1.09393,1.09612,1.09313,1.09341,80732,2
2023-11-21 16:00:00,1.09342,1.09437,1.09001,1.09151,55240,2
2023-11-21 20:00:00,1.09152,1.09185,1.09098,1.09169,12704,2
2023-11-22 00:00:00,1.0917,1.09229,1.09088,1.09142,28403,3
2023-11-22 04:00:00,1.09142,1.09166,1.08956,1.09145,31352,3
2023-11-22 08:00:00,1.09145,1.09197,1.08826,1.08999,57568,3
2023-11-22 12:00:00,1.09,1.09177,1.08522,1.08657,119275,2
2023-11-22 16:00:00,1.08657,1.08878,1.08614,1.08838,43559,2
2023-11-22 20:00:00,1.08838,1.08893,1.08817,1.08878,10334,3
2023-11-23 00:00:00,1.0888,1.09057,1.08878,1.09049,14445,3
2023-11-23 04:00:00,1.0905,1.09176,1.09009,1.09138,19846,3
2023-11-23 08:00:00,1.09137,1.09303,1.08955,1.09146,68702,5
2023-11-23 12:00:00,1.09146,1.09151,1.0887,1.09097,41353,3
2023-11-23 16:00:00,1.09096,1.09099,1.09024,1.09036,9954,2
2023-11-23 20:00:00,1.09037,1.0907,1.09021,1.09038,4696,3
2023-11-24 00:00:00,1.09037,1.09102,1.08949,1.0899,20375,3
2023-11-24 04:00:00,1.08992,1.09119,1.08973,1.09079,19100,3
2023-11-24 08:00:00,1.09079,1.09207,1.09014,1.09141,40179,3
2023-11-24 12:00:00,1.09141,1.09452,1.09068,1.09398,58591,3
2023-11-24 16:00:00,1.09397,1.09486,1.09282,1.09459,31906,3
2023-11-24 20:00:00,1.09458,1.09475,1.09341,1.09341,6599,10
2023-11-26 20:00:00,1.09438,1.09474,1.09384,1.09396,4635,28
2023-11-27 00:00:00,1.09397,1.09496,1.09267,1.09452,27261,3
2023-11-27 04:00:00,1.09453,1.09592,1.09419,1.09475,24723,3
2023-11-27 08:00:00,1.09474,1.09564,1.09392,1.09536,39744,2
2023-11-27 12:00:00,1.09537,1.09551,1.09251,1.09326,91068,2
2023-11-27 16:00:00,1.09327,1.09566,1.09278,1.09562,47619,3
2023-11-27 20:00:00,1.09562,1.09591,1.095,1.09589,15835,2
2023-11-28 00:00:00,1.09589,1.09628,1.09533,1.0955,24646,3
2023-11-28 04:00:00,1.0955,1.09552,1.09344,1.09358,22876,3
2023-11-28 08:00:00,1.09358,1.09575,1.09358,1.09499,46155,2
2023-11-28 12:00:00,1.09499,1.10019,1.09454,1.09809,105306,2
2023-11-28 16:00:00,1.09809,1.10088,1.09732,1.09911,78682,3
2023-11-28 20:00:00,1.0991,1.10055,1.09759,1.10039,17146,2
2023-11-29 00:00:00,1.10041,1.10171,1.09975,1.09984,35367,3
2023-11-29 04:00:00,1.09983,1.10045,1.09819,1.09845,36488,3
2023-11-29 08:00:00,1.09845,1.09983,1.09691,1.09847,70839,3
2023-11-29 12:00:00,1.09845,1.09948,1.09601,1.09747,113830,3
2023-11-29 16:00:00,1.09746,1.09947,1.09615,1.09831,45642,2
2023-11-29 20:00:00,1.0983,1.09838,1.09678,1.09732,15808,2
2023-11-30 00:00:00,1.09731,1.09838,1.09672,1.09742,23298,3
2023-11-30 04:00:00,1.09742,1.09817,1.09404,1.09514,34208,3
2023-11-30 08:00:00,1.09515,1.09592,1.0909,1.09157,67093,3
2023-11-30 12:00:00,1.09157,1.09496,1.08924,1.0911,129732,2
2023-11-30 16:00:00,1.0911,1.09168,1.08836,1.08901,62910,3
2023-11-30 20:00:00,1.089,1.08946,1.08794,1.08916,22553,3
2023-12-01 00:00:00,1.08917,1.09127,1.08916,1.09006,28151,3
2023-12-01 04:00:00,1.09005,1.09122,1.08944,1.08946,30126,3
2023-12-01 08:00:00,1.08949,1.09046,1.08826,1.08973,65084,3
2023-12-01 12:00:00,1.08974,1.0901,1.08327,1.08378,104053,2
2023-12-01 16:00:00,1.08377,1.08928,1.08287,1.08719,101544,3
2023-12-01 20:00:00,1.08721,1.08846,1.08707,1.08788,11612,2
2023-12-03 20:00:00,1.08771,1.08948,1.08766,1.08857,14945,47
2023-12-04 00:00:00,1.08858,1.08865,1.08665,1.08801,42776,3
2023-12-04 04:00:00,1.088,1.08805,1.08498,1.08538,40511,3
2023-12-04 08:00:00,1.08538,1.08807,1.08538,1.0869,60898,2
2023-12-04 12:00:00,1.0869,1.08759,1.0804,1.08147,94525,2
2023-12-04 16:00:00,1.08148,1.0829,1.08116,1.08276,54144,3
2023-12-04 20:00:00,1.08276,1.08377,1.08276,1.08373,13681,3
2023-12-05 00:00:00,1.08373,1.08461,1.08345,1.08404,27521,3
2023-12-05 04:00:00,1.08403,1.08474,1.0804,1.08071,39246,3
2023-12-05 08:00:00,1.08071,1.08425,1.08059,1.08187,71706,3
2023-12-05 12:00:00,1.08187,1.08388,1.0799,1.08055,121463,3
2023-12-05 16:00:00,1.08055,1.08132,1.07781,1.07838,61743,3
2023-12-05 20:00:00,1.07839,1.07987,1.07818,1.07932,14887,2
2023-12-06 00:00:00,1.07933,1.07985,1.07879,1.07966,24411,3
2023-12-06 04:00:00,1.07965,1.08017,1.0778,1.07901,32260,3
2023-12-06 08:00:00,1.07898,1.07977,1.0775,1.07798,59462,2
2023-12-06 12:00:00,1.07798,1.08047,1.07725,1.079,90646,3
2023-12-06 16:00:00,1.07899,1.08002,1.07671,1.07684,47442,2
2023-12-06 20:00:00,1.07683,1.07695,1.07586,1.07661,15498,2
2023-12-07 00:00:00,1.07664,1.07721,1.07593,1.07596,25539,3
2023-12-07 04:00:00,1.07595,1.07811,1.07552,1.07807,43285,3
2023-12-07 08:00:00,1.07808,1.07845,1.07636,1.07707,74061,2
2023-12-07 12:00:00,1.07706,1.07979,1.07593,1.07839,117991,3
2023-12-07 16:00:00,1.07839,1.08175,1.07839,1.07981,71352,3
2023-12-07 20:00:00,1.07982,1.08037,1.07894,1.07895,18797,2
2023-12-08 00:00:00,1.07896,1.08005,1.07836,1.07919,48013,3
2023-12-08 04:00:00,1.07917,1.07919,1.0773,1.07791,41125,3
2023-12-08 08:00:00,1.07792,1.07911,1.07723,1.07827,68208,3
2023-12-08 12:00:00,1.07827,1.07859,1.07236,1.07682,146002,3
2023-12-08 16:00:00,1.07683,1.07703,1.07402,1.07587,49923,3
2023-12-08 20:00:00,1.07587,1.07664,1.07569,1.07592,10829,2
2023-12-10 20:00:00,1.07592,1.07676,1.07556,1.07651,3848,42
2023-12-11 00:00:00,1.07653,1.07739,1.07635,1.07649,25263,3
2023-12-11 04:00:00,1.07648,1.07709,1.0753,1.07557,27779,3
2023-12-11 08:00:00,1.07557,1.07789,1.07513,1.07682,52509,3
2023-12-11 12:00:00,1.07681,1.07704,1.07417,1.07441,68037,3
2023-12-11 16:00:00,1.07442,1.07696,1.07415,1.07612,48568,2
2023-12-11 20:00:00,1.07612,1.07654,1.07586,1.07653,12402,2
2023-12-12 00:00:00,1.07653,1.07703,1.07612,1.07682,18261,3
2023-12-12 04:00:00,1.07682,1.07832,1.07641,1.07777,23247,3
2023-12-12 08:00:00,1.07777,1.08072,1.07731,1.07963,48549,2
2023-12-12 12:00:00,1.07963,1.08279,1.07671,1.07842,127092,3
2023-12-12 16:00:00,1.07846,1.07986,1.0781,1.07902,44555,2
2023-12-12 20:00:00,1.07901,1.07992,1.07891,1.07982,16895,2
2023-12-13 00:00:00,1.07983,1.07998,1.07842,1.07873,20027,3
2023-12-13 04:00:00,1.07872,1.07922,1.07801,1.07853,24471,3
2023-12-13 08:00:00,1.07851,1.07928,1.07731,1.07836,47237,3
2023-12-13 12:00:00,1.07836,1.08093,1.0781,1.07944,74497,2
2023-12-13 16:00:00,1.07945,1.08914,1.07799,1.08878,114084,2
2023-12-13 20:00:00,1.08881,1.08965,1.08648,1.08825,60140,3
2023-12-14 00:00:00,1.08826,1.09153,1.08791,1.09058,51894,3
2023-12-14 04:00:00,1.09058,1.09095,1.08808,1.08809,67210,3
2023-12-14 08:00:00,1.08811,1.09317,1.088,1.09296,90082,3
2023-12-14 12:00:00,1.09295,1.09972,1.09062,1.09935,169187,3
2023-12-14 16:00:00,1.09936,1.10092,1.09795,1.0992,76707,2
2023-12-14 20:00:00,1.09922,1.09968,1.09879,1.09932,27455,3
2023-12-15 00:00:00,1.09934,1.10007,1.09768,1.09989,34498,3
2023-12-15 04:00:00,1.09991,1.10036,1.09806,1.09938,44250,3
2023-12-15 08:00:00,1.09938,1.09992,1.0946,1.09683,84004,4
2023-12-15 12:00:00,1.09684,1.09694,1.09041,1.09157,121669,2
2023-12-15 16:00:00,1.09157,1.09166,1.08885,1.08995,58946,2
2023-12-15 20:00:00,1.08995,1.0909,1.0892,1.08922,15618,3
2023-12-17 20:00:00,1.08973,1.0898,1.0892,1.08948,6406,38
2023-12-18 00:00:00,1.08948,1.09136,1.08939,1.09109,23878,3
2023-12-18 04:00:00,1.09109,1.09299,1.09089,1.09216,27965,3
2023-12-18 08:00:00,1.09215,1.09282,1.09071,1.09127,53647,2
2023-12-18 12:00:00,1.09129,1.09311,1.0909,1.09141,79333,3
2023-12-18 16:00:00,1.0914,1.09279,1.09131,1.09166,44719,2
2023-12-18 20:00:00,1.09167,1.09243,1.09137,1.09231,17368,3
2023-12-19 00:00:00,1.09231,1.09289,1.09148,1.09254,34275,3
2023-12-19 04:00:00,1.09255,1.09412,1.09201,1.09283,39492,3
2023-12-19 08:00:00,1.09285,1.09493,1.09272,1.09372,52610,3
2023-12-19 12:00:00,1.09371,1.09873,1.09371,1.09858,96885,3
2023-12-19 16:00:00,1.09858,1.09862,1.09693,1.09761,43049,2
2023-12-19 20:00:00,1.09763,1.09843,1.0972,1.09792,15763,3
2023-12-20 00:00:00,1.09793,1.09793,1.09672,1.09698,22870,3
2023-12-20 04:00:00,1.09698,1.09708,1.09506,1.09668,33078,3
2023-12-20 08:00:00,1.09665,1.09713,1.09356,1.09374,55888,3
2023-12-20 12:00:00,1.09375,1.09748,1.09339,1.09738,78195,2
2023-12-20 16:00:00,1.09739,1.09756,1.09427,1.09465,43361,2
2023-12-20 20:00:00,1.09464,1.09486,1.09298,1.09432,30032,3
2023-12-21 00:00:00,1.09433,1.09542,1.0941,1.0949,28046,3
2023-12-21 04:00:00,1.0949,1.09558,1.09424,1.09469,26340,2
2023-12-21 08:00:00,1.09471,1.09848,1.09352,1.09798,56059,3
2023-12-21 12:00:00,1.09799,1.10023,1.09724,1.09896,122330,3
2023-12-21 16:00:00,1.09897,1.10008,1.0978,1.09991,86487,3
2023-12-21 20:00:00,1.0999,1.10125,1.09927,1.10056,30596,3
2023-12-22 00:00:00,1.10057,1.10096,1.09954,1.09977,29438,3
2023-12-22 04:00:00,1.09977,1.10076,1.09938,1.10002,30094,4
2023-12-22 08:00:00,1.10002,1.10298,1.09992,1.10257,65968,3
2023-12-22 12:00:00,1.10258,1.10401,1.10016,1.10113,121224,3
2023-12-22 16:00:00,1.10112,1.10236,1.1,1.10156,86420,3
2023-12-22 20:00:00,1.10155,1.10157,1.10077,1.10135,15489,4
2023-12-24 20:00:00,1.10108,1.10159,1.10108,1.10149,94,83
2023-12-25 00:00:00,1.10149,1.10149,1.09933,1.10012,789,58
2023-12-25 04:00:00,1.10012,1.10202,1.09974,1.10097,2206,122
2023-12-25 20:00:00,1.10009,1.1023,1.10009,1.10186,4820,170
2023-12-26 00:00:00,1.10187,1.10286,1.10156,1.10277,16617,4
2023-12-26 04:00:00,1.10275,1.10277,1.10209,1.10223,15715,4
2023-12-26 08:00:00,1.10226,1.10265,1.10096,1.10137,31712,3
2023-12-26 12:00:00,1.10137,1.10324,1.10085,1.10249,66760,4
2023-12-26 16:00:00,1.10249,1.10448,1.10242,1.10443,35502,3
2023-12-26 20:00:00,1.10444,1.1045,1.10402,1.10422,15875,3
2023-12-27 00:00:00,1.10422,1.10424,1.10286,1.10362,25401,3
2023-12-27 04:00:00,1.10362,1.10491,1.10362,1.10412,21711,4
2023-12-27 08:00:00,1.10411,1.10594,1.10379,1.10589,31826,3
2023-12-27 12:00:00,1.10589,1.11156,1.10485,1.11072,65545,3
2023-12-27 16:00:00,1.11071,1.11226,1.10988,1.11014,48957,2
2023-12-27 20:00:00,1.11015,1.11096,1.10968,1.11082,15389,3
2023-12-28 00:00:00,1.11081,1.11224,1.1108,1.11184,26238,3
2023-12-28 04:00:00,1.11183,1.11255,1.11048,1.11167,34811,3
2023-12-28 08:00:00,1.11167,1.11394,1.11042,1.112,61078,3
2023-12-28 12:00:00,1.11199,1.112,1.10722,1.11066,77074,3
2023-12-28 16:00:00,1.11067,1.11067,1.10552,1.10645,51710,3
2023-12-28 20:00:00,1.10645,1.10706,1.10588,1.10677,21661,3
2023-12-29 00:00:00,1.10678,1.10842,1.10637,1.10651,33701,3
2023-12-29 04:00:00,1.10652,1.10762,1.10608,1.10658,30629,4
2023-12-29 08:00:00,1.10655,1.10774,1.10442,1.10763,56474,3
2023-12-29 12:00:00,1.10764,1.10806,1.10425,1.10471,83308,3
2023-12-29 16:00:00,1.10472,1.10667,1.10381,1.10407,76041,3
2023-12-29 20:00:00,1.10409,1.10507,1.10339,1.10374,13379,3
2024-01-01 20:00:00,1.10427,1.10447,1.10356,1.10365,3928,53
2024-01-02 00:00:00,1.10366,1.10432,1.10176,1.10245,24507,4
2024-01-02 04:00:00,1.10245,1.1038,1.10151,1.10153,30175,3
2024-01-02 08:00:00,1.10156,1.10387,1.09665,1.0969,70044,3
2024-01-02 12:00:00,1.09691,1.09717,1.0941,1.09435,86417,3
2024-01-02 16:00:00,1.09436,1.09616,1.09408,1.09465,44512,3
2024-01-02 20:00:00,1.09465,1.09511,1.09375,1.09416,21560,3
2024-01-03 00:00:00,1.09416,1.09622,1.09412,1.09608,17840,3
2024-01-03 04:00:00,1.09607,1.09627,1.09511,1.09603,25324,4
2024-01-03 08:00:00,1.09602,1.09654,1.09154,1.09195,60199,3
2024-01-03 12:00:00,1.09195,1.09385,1.0898,1.09044,122229,2
2024-01-03 16:00:00,1.09045,1.09257,1.08929,1.09176,78475,3
2024-01-03 20:00:00,1.09177,1.09275,1.0915,1.09258,23304,3
2024-01-04 00:00:00,1.09259,1.09306,1.0916,1.09261,19687,3
2024-01-04 04:00:00,1.09261,1.09436,1.09208,1.09375,34641,3
2024-01-04 08:00:00,1.09375,1.09721,1.09345,1.09479,65478,3
2024-01-04 12:00:00,1.09477,1.09652,1.09327,1.0955,94075,3
2024-01-04 16:00:00,1.09551,1.09639,1.09418,1.0947,48136,3
2024-01-04 20:00:00,1.09469,1.095,1.0943,1.09462,19462,3
2024-01-05 00:00:00,1.09461,1.09558,1.09391,1.09392,24097,3
2024-01-05 04:00:00,1.09392,1.09411,1.09226,1.09231,29239,3
2024-01-05 08:00:00,1.09231,1.09305,1.09028,1.09142,53683,3
2024-01-05 12:00:00,1.09142,1.09984,1.08767,1.09781,167759,3
2024-01-05 16:00:00,1.09782,1.09805,1.09352,1.09452,67850,2
2024-01-05 20:00:00,1.09452,1.09471,1.09357,1.09392,14308,3
2024-01-07 20:00:00,1.09386,1.09456,1.09349,1.09415,4676,138
2024-01-08 00:00:00,1.09413,1.0953,1.09313,1.09329,16574,4
2024-01-08 04:00:00,1.09329,1.09522,1.09306,1.09451,26068,3
2024-01-08 08:00:00,1.09454,1.09506,1.09226,1.09379,64037,3
2024-01-08 12:00:00,1.09378,1.09745,1.09372,1.09697,80989,3
2024-01-08 16:00:00,1.09696,1.09788,1.09488,1.09609,47294,2
2024-01-08 20:00:00,1.0961,1.0961,1.09493,1.09497,17700,3
2024-01-09 00:00:00,1.09497,1.09663,1.09492,1.09627,21187,3
2024-01-09 04:00:00,1.09628,1.09629,1.09461,1.09566,25964,3
2024-01-09 08:00:00,1.09566,1.09566,1.09287,1.09314,51282,3
2024-01-09 12:00:00,1.09313,1.09513,1.09175,1.09178,94400,2
2024-01-09 16:00:00,1.09178,1.094,1.09103,1.09252,59593,3
2024-01-09 20:00:00,1.09252,1.09326,1.0925,1.09317,23417,3
2024-01-10 00:00:00,1.09316,1.09363,1.09261,1.09292,28204,4
2024-01-10 04:00:00,1.09292,1.09453,1.09235,1.0926,33295,3
2024-01-10 08:00:00,1.09261,1.09553,1.09228,1.09459,54833,3
2024-01-10 12:00:00,1.09459,1.0969,1.0932,1.09673,69276,2
2024-01-10 16:00:00,1.09674,1.09707,1.09523,1.09703,41445,2
2024-01-10 20:00:00,1.09703,1.09747,1.09615,1.0974,30558,3
2024-01-11 00:00:00,1.09742,1.09847,1.0973,1.09803,35846,4
2024-01-11 04:00:00,1.09802,1.09885,1.09744,1.09788,27607,3
2024-01-11 08:00:00,1.0979,1.09824,1.09585,1.09785,57998,3
2024-01-11 12:00:00,1.09786,1.1,1.09302,1.09464,175417,2
2024-01-11 16:00:00,1.09466,1.09829,1.09366,1.09819,93227,3
2024-01-11 20:00:00,1.0982,1.09825,1.09561,1.09824,29547,2
2024-01-12 00:00:00,1.09823,1.09853,1.09725,1.09776,30378,3
2024-01-12 04:00:00,1.09774,1.09803,1.09608,1.09666,29966,3
2024-01-12 08:00:00,1.09666,1.09827,1.09465,1.09496,58124,3
2024-01-12 12:00:00,1.09495,1.09868,1.09359,1.09661,127514,3
2024-01-12 16:00:00,1.09662,1.09738,1.0947,1.09559,51822,3
2024-01-12 20:00:00,1.09559,1.09563,1.09481,1.09483,10772,3
2024-01-14 20:00:00,1.0948,1.09502,1.0944,1.09451,5573,36
2024-01-15 00:00:00,1.09451,1.09675,1.09407,1.09643,30059,4
2024-01-15 04:00:00,1.09642,1.09666,1.09515,1.09533,29661,3
2024-01-15 08:00:00,1.09535,1.09649,1.09335,1.09453,54526,3
2024-01-15 12:00:00,1.09453,1.09589,1.09381,1.09496,52182,3
2024-01-15 16:00:00,1.09497,1.09536,1.0946,1.09504,13937,3
2024-01-15 20:00:00,1.09506,1.09517,1.09447,1.09449,19708,3
2024-01-16 00:00:00,1.09447,1.09461,1.09154,1.09189,37253,3
2024-01-16 04:00:00,1.09187,1.09265,1.09086,1.09184,31656,3
2024-01-16 08:00:00,1.09184,1.09233,1.08739,1.08922,89238,3
2024-01-16 12:00:00,1.08923,1.08979,1.08656,1.08857,120069,2
2024-01-16 16:00:00,1.08856,1.08946,1.0862,1.08736,98373,3
2024-01-16 20:00:00,1.08737,1.08786,1.087,1.08784,20448,3
2024-01-17 00:00:00,1.08786,1.08844,1.08651,1.08663,28590,3
2024-01-17 04:00:00,1.08662,1.08737,1.08554,1.08701,45297,3
2024-01-17 08:00:00,1.08701,1.08839,1.08609,1.08785,68925,3
2024-01-17 12:00:00,1.08785,1.08813,1.08445,1.0849,115622,3
2024-01-17 16:00:00,1.08489,1.08787,1.08476,1.08738,61165,2
2024-01-17 20:00:00,1.08737,1.0886,1.08702,1.0886,22671,3
2024-01-18 00:00:00,1.08861,1.09028,1.08802,1.08954,41211,3
2024-01-18 04:00:00,1.08953,1.09067,1.08863,1.08881,36439,3
2024-01-18 08:00:00,1.08878,1.08995,1.08766,1.08891,57087,3
2024-01-18 12:00:00,1.0889,1.08939,1.08466,1.08521,139699,4
2024-01-18 16:00:00,1.08519,1.08701,1.08501,1.08617,71203,3
2024-01-18 20:00:00,1.08617,1.08804,1.08607,1.08799,19576,3
2024-01-19 00:00:00,1.088,1.08896,1.08762,1.08889,24220,3
2024-01-19 04:00:00,1.0889,1.08894,1.08745,1.08794,31257,3
2024-01-19 08:00:00,1.08793,1.0893,1.08681,1.08873,47489,3
2024-01-19 12:00:00,1.08873,1.089,1.08656,1.08825,89639,3
2024-01-19 16:00:00,1.08824,1.08963,1.088,1.08922,52729,2
2024-01-19 20:00:00,1.08924,1.08983,1.08899,1.0896,13143,3
2024-01-21 20:00:00,1.08906,1.08976,1.08878,1.0892,5146,20
2024-01-22 00:00:00,1.0892,1.09091,1.08912,1.09019,24881,4
2024-01-22 04:00:00,1.09021,1.09094,1.08972,1.08977,28184,3
2024-01-22 08:00:00,1.08975,1.09023,1.08815,1.08898,51288,3
2024-01-22 12:00:00,1.08899,1.08995,1.088,1.08852,69126,2
2024-01-22 16:00:00,1.08851,1.09,1.08803,1.08847,37618,2
2024-01-22 20:00:00,1.08849,1.08854,1.08768,1.08772,22745,3
2024-01-23 00:00:00,1.08776,1.08949,1.08756,1.08927,28508,2
2024-01-23 04:00:00,1.08928,1.09162,1.08916,1.09083,43451,3
2024-01-23 08:00:00,1.09084,1.09105,1.086,1.08663,56743,2
2024-01-23 12:00:00,1.08663,1.08758,1.08215,1.08308,83010,3
2024-01-23 16:00:00,1.0831,1.08477,1.08244,1.08451,49202,3
2024-01-23 20:00:00,1.08452,1.08593,1.08435,1.08572,17422,3
2024-01-24 00:00:00,1.08573,1.08614,1.08514,1.08589,28158,3
2024-01-24 04:00:00,1.08592,1.08794,1.08581,1.08732,38133,3
2024-01-24 08:00:00,1.08733,1.09077,1.08625,1.08927,80570,4
2024-01-24 12:00:00,1.08928,1.09323,1.08874,1.09007,121972,3
2024-01-24 16:00:00,1.09007,1.09086,1.08813,1.08883,66383,3
2024-01-24 20:00:00,1.08882,1.08905,1.08776,1.0881,22001,3
2024-01-25 00:00:00,1.08811,1.08818,1.08702,1.08778,27699,3
2024-01-25 04:00:00,1.08777,1.08913,1.08744,1.08878,20545,3
2024-01-25 08:00:00,1.08877,1.08996,1.08828,1.08948,52962,3
2024-01-25 12:00:00,1.08949,1.09018,1.08293,1.08317,170133,3
2024-01-25 16:00:00,1.08316,1.08519,1.08216,1.08359,76389,2
2024-01-25 20:00:00,1.08358,1.08479,1.08334,1.08454,16346,2
2024-01-26 00:00:00,1.08455,1.08488,1.08373,1.08449,25540,3
2024-01-26 04:00:00,1.08449,1.08449,1.08128,1.08194,38861,3
2024-01-26 08:00:00,1.08193,1.08761,1.08173,1.08745,72776,3
2024-01-26 12:00:00,1.08745,1.08854,1.0855,1.08641,102960,2
2024-01-26 16:00:00,1.0864,1.08704,1.08537,1.08581,39551,2
2024-01-26 20:00:00,1.08582,1.08622,1.08502,1.08504,8941,3
2024-01-28 20:00:00,1.08468,1.0849,1.08414,1.08422,11515,31
2024-01-29 00:00:00,1.08423,1.08489,1.08393,1.08451,20760,4
2024-01-29 04:00:00,1.08452,1.085,1.08349,1.08371,24574,3
2024-01-29 08:00:00,1.0837,1.08418,1.08139,1.08228,48700,3
2024-01-29 12:00:00,1.08228,1.08368,1.07962,1.07972,63008,3
2024-01-29 16:00:00,1.07974,1.08199,1.07958,1.08189,34501,2
2024-01-29 20:00:00,1.08189,1.08404,1.08189,1.08336,29684,3
2024-01-30 00:00:00,1.08336,1.08422,1.08299,1.08305,27560,3
2024-01-30 04:00:00,1.08307,1.08335,1.08119,1.08227,35562,3
2024-01-30 08:00:00,1.08228,1.08481,1.08162,1.08419,59717,3
2024-01-30 12:00:00,1.08418,1.08573,1.08281,1.08369,103701,3
2024-01-30 16:00:00,1.08368,1.08471,1.08315,1.08459,43383,2
2024-01-30 20:00:00,1.0846,1.08485,1.08399,1.08428,19334,3
2024-01-31 00:00:00,1.08429,1.08481,1.08159,1.08186,35800,3
2024-01-31 04:00:00,1.08185,1.08222,1.0806,1.0816,27969,3
2024-01-31 08:00:00,1.08159,1.08404,1.08092,1.08389,66830,3
2024-01-31 12:00:00,1.0839,1.08874,1.08335,1.08613,127927,3
2024-01-31 16:00:00,1.08611,1.08678,1.08157,1.08403,125691,2
2024-01-31 20:00:00,1.08402,1.08417,1.07949,1.08039,60426,3
2024-02-01 00:00:00,1.08039,1.08217,1.08016,1.08116,35452,3
2024-02-01 04:00:00,1.08117,1.08135,1.07838,1.07932,37907,3
2024-02-01 08:00:00,1.07932,1.08132,1.07799,1.08083,74063,3
2024-02-01 12:00:00,1.08084,1.08318,1.08056,1.08264,152776,3
2024-02-01 16:00:00,1.08263,1.08748,1.08263,1.08718,97922,2
2024-02-01 20:00:00,1.08719,1.08761,1.08668,1.08742,22061,3
2024-02-02 00:00:00,1.08741,1.08796,1.08701,1.08767,29362,4
2024-02-02 04:00:00,1.08765,1.08869,1.08719,1.08808,35698,3
2024-02-02 08:00:00,1.08809,1.08974,1.08735,1.08835,49636,3
2024-02-02 12:00:00,1.08837,1.0886,1.07832,1.08023,139880,3
2024-02-02 16:00:00,1.08024,1.08037,1.07804,1.07925,73003,2
2024-02-02 20:00:00,1.07926,1.07974,1.07849,1.07849,14093,3
2024-02-04 20:00:00,1.07854,1.07858,1.07698,1.07796,10487,51
2024-02-05 00:00:00,1.07796,1.07831,1.07673,1.07791,42387,3
2024-02-05 04:00:00,1.0779,1.07847,1.07726,1.07802,29493,3
2024-02-05 08:00:00,1.07802,1.07861,1.07469,1.07548,57603,3
2024-02-05 12:00:00,1.07551,1.07575,1.07231,1.07252,86296,2
2024-02-05 16:00:00,1.07252,1.07465,1.07246,1.07429,37733,3
2024-02-05 20:00:00,1.07429,1.0744,1.07367,1.0741,16038,2
2024-02-06 00:00:00,1.07409,1.0749,1.07409,1.07439,23366,3
2024-02-06 04:00:00,1.07439,1.07623,1.07434,1.07517,30851,3
2024-02-06 08:00:00,1.07517,1.076,1.07242,1.07385,53720,3
2024-02-06 12:00:00,1.07384,1.07483,1.07225,1.07432,89255,2
2024-02-06 16:00:00,1.07431,1.07556,1.0739,1.07493,63489,2
2024-02-06 20:00:00,1.07494,1.07574,1.07492,1.07566,23461,3
2024-02-07 00:00:00,1.07569,1.07665,1.07559,1.07588,22575,3
2024-02-07 04:00:00,1.07587,1.07728,1.07566,1.07725,30691,3
2024-02-07 08:00:00,1.07725,1.07739,1.07578,1.07709,59526,3
2024-02-07 12:00:00,1.07709,1.07838,1.07556,1.07566,95015,3
2024-02-07 16:00:00,1.07567,1.07753,1.07562,1.07719,64016,2
2024-02-07 20:00:00,1.07718,1.0777,1.07679,1.07754,17017,2
2024-02-08 00:00:00,1.07754,1.07848,1.07744,1.07823,29926,4
2024-02-08 04:00:00,1.07822,1.07889,1.07767,1.078,31236,3
2024-02-08 08:00:00,1.07801,1.07855,1.0761,1.07629,49047,2
2024-02-08 12:00:00,1.0763,1.07675,1.07416,1.07611,86667,2
2024-02-08 16:00:00,1.07611,1.07827,1.07601,1.07747,43129,2
2024-02-08 20:00:00,1.07748,1.07799,1.07738,1.07776,15926,3
2024-02-09 00:00:00,1.07775,1.07786,1.07701,1.07708,24450,3
2024-02-09 04:00:00,1.07709,1.07827,1.07693,1.07801,21981,3
2024-02-09 08:00:00,1.07803,1.07847,1.07621,1.07716,54223,3
2024-02-09 12:00:00,1.07717,1.07951,1.0763,1.07863,115691,3
2024-02-09 16:00:00,1.07864,1.07908,1.07792,1.07825,36946,3
2024-02-09 20:00:00,1.07824,1.07885,1.07797,1.07821,8976,3
2024-02-11 20:00:00,1.07767,1.07983,1.07766,1.07979,12133,63
2024-02-12 00:00:00,1.0798,1.07997,1.07911,1.07918,21203,3
2024-02-12 04:00:00,1.07918,1.08055,1.07893,1.08031,18149,3
2024-02-12 08:00:00,1.0803,1.0803,1.0763,1.07693,45432,3
2024-02-12 12:00:00,1.07695,1.07741,1.07559,1.07674,57573,3
2024-02-12 16:00:00,1.07673,1.0786,1.07652,1.07693,42108,3
2024-02-12 20:00:00,1.07693,1.07751,1.07693,1.07717,12838,3
2024-02-13 00:00:00,1.07718,1.07744,1.07606,1.07617,16804,3
2024-02-13 04:00:00,1.07616,1.07776,1.07612,1.07712,21390,3
2024-02-13 08:00:00,1.07711,1.07818,1.07567,1.07778,53168,3
2024-02-13 12:00:00,1.07777,1.07985,1.07006,1.07166,134393,3
2024-02-13 16:00:00,1.07166,1.0722,1.07005,1.07012,52326,2
2024-02-13 20:00:00,1.07012,1.07116,1.07005,1.07083,16525,3
2024-02-14 00:00:00,1.07083,1.07144,1.07032,1.07126,25216,3
2024-02-14 04:00:00,1.07124,1.07186,1.0705,1.07075,30377,3
2024-02-14 08:00:00,1.07074,1.07103,1.06949,1.07078,52953,3
2024-02-14 12:00:00,1.07079,1.07252,1.0701,1.07212,82353,3
2024-02-14 16:00:00,1.07211,1.07344,1.07191,1.07281,48782,2
2024-02-14 20:00:00,1.07282,1.07322,1.07246,1.07319,17423,2
2024-02-15 00:00:00,1.07321,1.07354,1.0725,1.07256,22899,3
2024-02-15 04:00:00,1.07255,1.07413,1.07246,1.07328,29128,3
2024-02-15 08:00:00,1.07328,1.074,1.07279,1.07353,50207,3
2024-02-15 12:00:00,1.07354,1.07847,1.07353,1.07611,135200,3
2024-02-15 16:00:00,1.07611,1.07723,1.07552,1.07687,46852,2
2024-02-15 20:00:00,1.07687,1.07768,1.0768,1.07726,16406,2
2024-02-16 00:00:00,1.07726,1.07736,1.0759,1.07598,22463,4
2024-02-16 04:00:00,1.07599,1.07678,1.07573,1.07606,16814,3
2024-02-16 08:00:00,1.07607,1.078,1.07595,1.07775,35323,3
2024-02-16 12:00:00,1.07773,1.0778,1.07319,1.07707,114100,2
2024-02-16 16:00:00,1.0771,1.07874,1.07626,1.0777,54492,3
2024-02-16 20:00:00,1.0777,1.07778,1.07729,1.07749,17940,2
2024-02-18 20:00:00,1.07718,1.0785,1.07718,1.0784,4105,37
2024-02-19 00:00:00,1.07838,1.07889,1.0775,1.07754,21857,3
2024-02-19 04:00:00,1.07753,1.07894,1.07748,1.07826,18959,3
2024-02-19 08:00:00,1.0783,1.07873,1.07721,1.0777,37968,2
2024-02-19 12:00:00,1.07769,1.07794,1.07621,1.07674,30626,3
2024-02-19 16:00:00,1.07673,1.07836,1.07626,1.07783,10475,2
2024-02-19 20:00:00,1.07786,1.07823,1.07737,1.07754,7283,3
2024-02-20 00:00:00,1.07753,1.07769,1.07615,1.07678,30407,3
2024-02-20 04:00:00,1.07678,1.07748,1.07651,1.07697,27962,3
2024-02-20 08:00:00,1.07695,1.08094,1.07688,1.07983,68258,3
2024-02-20 12:00:00,1.07984,1.08387,1.07954,1.08226,94538,3
2024-02-20 16:00:00,1.08227,1.08248,1.08064,1.08064,39588,2
2024-02-20 20:00:00,1.08063,1.08126,1.08043,1.08098,16994,3
2024-02-21 00:00:00,1.081,1.08189,1.08055,1.08178,22728,3
2024-02-21 04:00:00,1.08179,1.08191,1.08064,1.08107,25652,2
2024-02-21 08:00:00,1.08106,1.08146,1.07899,1.0799,43008,3
2024-02-21 12:00:00,1.0799,1.08199,1.07964,1.08051,60735,3
2024-02-21 16:00:00,1.08051,1.08243,1.07999,1.08165,66072,3
2024-02-21 20:00:00,1.08164,1.08226,1.08124,1.08202,29184,2
2024-02-22 00:00:00,1.08201,1.08321,1.0819,1.08257,26036,3
2024-02-22 04:00:00,1.08258,1.08538,1.08252,1.08531,23322,3
2024-02-22 08:00:00,1.08531,1.08882,1.08448,1.08573,60541,3
2024-02-22 12:00:00,1.08572,1.08586,1.08026,1.08102,79464,3
2024-02-22 16:00:00,1.08101,1.08261,1.08088,1.08223,30105,3
2024-02-22 20:00:00,1.08224,1.08258,1.08174,1.08253,13033,2
2024-02-23 00:00:00,1.08253,1.08318,1.08149,1.08252,19569,4
2024-02-23 04:00:00,1.08253,1.08318,1.08213,1.08294,22429,3
2024-02-23 08:00:00,1.08295,1.08324,1.0814,1.08271,35293,2
2024-02-23 12:00:00,1.08271,1.08395,1.08117,1.08206,53451,3
2024-02-23 16:00:00,1.08206,1.08296,1.08149,1.08229,33643,2
2024-02-23 20:00:00,1.08229,1.08245,1.08174,1.08174,12353,2
2024-02-25 20:00:00,1.08318,1.08322,1.08182,1.0819,3850,30
2024-02-26 00:00:00,1.08188,1.08202,1.08126,1.08185,17129,2
2024-02-26 04:00:00,1.08185,1.08366,1.08175,1.08321,21908,2
2024-02-26 08:00:00,1.08322,1.0854,1.0827,1.08519,30535,2
2024-02-26 12:00:00,1.0852,1.08597,1.08386,1.08509,42918,2
2024-02-26 16:00:00,1.08509,1.08555,1.08397,1.08462,27011,2
2024-02-26 20:00:00,1.08462,1.08525,1.08461,1.08503,19385,2
2024-02-27 00:00:00,1.08504,1.08534,1.08454,1.08528,7118,2
2024-02-27 04:00:00,1.08529,1.08626,1.0847,1.0856,9243,2
2024-02-27 08:00:00,1.08558,1.08659,1.08418,1.08576,29233,3
2024-02-27 12:00:00,1.08576,1.0863,1.0833,1.08469,41959,3
2024-02-27 16:00:00,1.08469,1.08577,1.08408,1.08442,30838,2
2024-02-27 20:00:00,1.08441,1.08475,1.0841,1.0841,13822,2
2024-02-28 00:00:00,1.08411,1.08455,1.08328,1.08343,15935,2
2024-02-28 04:00:00,1.08344,1.08357,1.08164,1.08232,20359,2
2024-02-28 08:00:00,1.08233,1.08241,1.07966,1.08154,45251,2
2024-02-28 12:00:00,1.08154,1.08379,1.08067,1.08343,58463,2
2024-02-28 16:00:00,1.08342,1.08458,1.08312,1.08336,30546,2
2024-02-28 20:00:00,1.08336,1.08401,1.0833,1.08383,14104,2
2024-02-29 00:00:00,1.08384,1.08403,1.0828,1.08369,27240,2
2024-02-29 04:00:00,1.08368,1.08393,1.08259,1.08288,26916,2
2024-02-29 08:00:00,1.08288,1.08542,1.08285,1.08343,48241,2
2024-02-29 12:00:00,1.08343,1.08558,1.0819,1.08224,80221,3
2024-02-29 16:00:00,1.08223,1.0825,1.07958,1.08025,46669,2
2024-02-29 20:00:00,1.08025,1.08095,1.07998,1.08055,27822,2
2024-03-01 00:00:00,1.08055,1.08218,1.08052,1.08168,16678,3
2024-03-01 04:00:00,1.08169,1.08174,1.08082,1.08125,13165,2
2024-03-01 08:00:00,1.08127,1.08227,1.07984,1.08187,49111,2
2024-03-01 12:00:00,1.08187,1.08416,1.07981,1.0835,87574,2
2024-03-01 16:00:00,1.08349,1.08432,1.08233,1.08412,28803,2
2024-03-01 20:00:00,1.08412,1.08412,1.08333,1.08368,9904,2
2024-03-03 20:00:00,1.08359,1.0844,1.0835,1.08416,9792,56
2024-03-04 00:00:00,1.08417,1.0848,1.08385,1.08438,16028,2
2024-03-04 04:00:00,1.0844,1.08539,1.08428,1.08537,14223,2
2024-03-04 08:00:00,1.08537,1.08578,1.08377,1.08562,30621,3
2024-03-04 12:00:00,1.08562,1.08636,1.08401,1.08632,43629,2
2024-03-04 16:00:00,1.08633,1.08667,1.08553,1.08565,22821,2
2024-03-04 20:00:00,1.08565,1.08594,1.08526,1.08541,22632,2
2024-03-05 00:00:00,1.0854,1.08552,1.08475,1.08541,12715,2
2024-03-05 04:00:00,1.08542,1.08542,1.08414,1.08463,17844,2
2024-03-05 08:00:00,1.08464,1.08558,1.0843,1.08498,27129,2
2024-03-05 12:00:00,1.08498,1.0876,1.08403,1.08714,56375,3
2024-03-05 16:00:00,1.08715,1.08719,1.08513,1.08528,31396,2
2024-03-05 20:00:00,1.08528,1.08589,1.08489,1.08555,15381,2
2024-03-06 00:00:00,1.08554,1.08556,1.08421,1.08507,18663,2
2024-03-06 04:00:00,1.08507,1.08663,1.08495,1.08619,20905,2
2024-03-06 08:00:00,1.08619,1.08795,1.08592,1.08757,24673,2
2024-03-06 12:00:00,1.08757,1.09087,1.08675,1.09052,60316,2
2024-03-06 16:00:00,1.09053,1.09153,1.08933,1.08968,52531,2
2024-03-06 20:00:00,1.08967,1.09013,1.08928,1.08995,17023,2
2024-03-07 00:00:00,1.08994,1.09073,1.08936,1.09006,16485,3
2024-03-07 04:00:00,1.09005,1.09055,1.08912,1.08937,19377,2
2024-03-07 08:00:00,1.08938,1.09027,1.08876,1.08939,29461,2
2024-03-07 12:00:00,1.08939,1.09309,1.08678,1.09299,84805,3
2024-03-07 16:00:00,1.09299,1.09487,1.09247,1.09468,35014,2
2024-03-07 20:00:00,1.09469,1.09513,1.09426,1.09509,16399,2
2024-03-08 00:00:00,1.0951,1.09556,1.09442,1.09473,9887,2
2024-03-08 04:00:00,1.09476,1.0951,1.09318,1.09336,13809,2
2024-03-08 08:00:00,1.09336,1.0939,1.09261,1.09345,34262,2
2024-03-08 12:00:00,1.09346,1.09812,1.09183,1.09609,96205,2
2024-03-08 16:00:00,1.09609,1.09613,1.09334,1.09416,54630,2
2024-03-08 20:00:00,1.09417,1.09438,1.09345,1.09348,13431,2
2024-03-10 20:00:00,1.09411,1.09436,1.09359,1.09426,8997,81
2024-03-11 00:00:00,1.09427,1.09465,1.09373,1.09412,17582,2
2024-03-11 04:00:00,1.09411,1.09473,1.09353,1.09421,16180,2
2024-03-11 08:00:00,1.09419,1.0948,1.09329,1.09429,28595,2
2024-03-11 12:00:00,1.09427,1.09432,1.09145,1.09272,60699,2
2024-03-11 16:00:00,1.09273,1.09302,1.09182,1.09261,42528,2
2024-03-11 20:00:00,1.09262,1.09309,1.09195,1.09304,12185,3
2024-03-12 00:00:00,1.09306,1.09381,1.09267,1.09363,19390,3
2024-03-12 04:00:00,1.09362,1.09393,1.09315,1.09319,24528,2
2024-03-12 08:00:00,1.09318,1.09353,1.09212,1.09335,36046,3
2024-03-12 12:00:00,1.09334,1.09438,1.09023,1.09176,127526,4
2024-03-12 16:00:00,1.09176,1.09259,1.09127,1.09257,38734,2
2024-03-12 20:00:00,1.09257,1.09289,1.0925,1.09267,20968,3
2024-03-13 00:00:00,1.09268,1.09306,1.09233,1.09278,38101,3
2024-03-13 04:00:00,1.09278,1.09318,1.09207,1.09267,29415,3
2024-03-13 08:00:00,1.09267,1.09457,1.09201,1.0942,39330,2
2024-03-13 12:00:00,1.09421,1.09473,1.09313,1.09435,60445,2
2024-03-13 16:00:00,1.09434,1.09638,1.094,1.09472,46274,2
2024-03-13 20:00:00,1.09472,1.0953,1.0947,1.0953,13556,3
2024-03-14 00:00:00,1.09529,1.09547,1.09413,1.09422,20182,3
2024-03-14 04:00:00,1.09421,1.0943,1.09317,1.09352,29584,2
2024-03-14 08:00:00,1.09352,1.09454,1.09351,1.09414,37856,3
2024-03-14 12:00:00,1.09415,1.09447,1.08829,1.08876,100052,5
2024-03-14 16:00:00,1.08876,1.08926,1.08806,1.0891,39788,2
2024-03-14 20:00:00,1.0891,1.08918,1.08817,1.08827,23431,2
2024-03-15 00:00:00,1.08828,1.08845,1.0873,1.08769,21786,3
2024-03-15 04:00:00,1.08768,1.08847,1.08732,1.08808,22338,3
2024-03-15 08:00:00,1.08807,1.08996,1.0878,1.08935,35494,3
2024-03-15 12:00:00,1.08935,1.08948,1.08814,1.08876,65377,3
2024-03-15 16:00:00,1.08876,1.08913,1.08834,1.08892,32518,2
2024-03-15 20:00:00,1.08892,1.08899,1.08861,1.08869,5215,3
2024-03-17 20:00:00,1.08905,1.08911,1.08817,1.08835,7444,31
2024-03-18 00:00:00,1.08836,1.08917,1.08805,1.08854,22793,3
2024-03-18 04:00:00,1.08853,1.08965,1.08852,1.08924,20202,3
2024-03-18 08:00:00,1.08922,1.09061,1.08908,1.09024,28764,2
2024-03-18 12:00:00,1.09023,1.09049,1.0881,1.08853,39263,2
2024-03-18 16:00:00,1.08853,1.08853,1.08661,1.08693,25815,2
2024-03-18 20:00:00,1.08692,1.08739,1.08691,1.08732,10516,2
2024-03-19 00:00:00,1.08732,1.08763,1.08667,1.08738,25530,3
2024-03-19 04:00:00,1.08739,1.08765,1.08516,1.08547,32833,3
2024-03-19 08:00:00,1.08546,1.08561,1.08347,1.08503,28622,2
2024-03-19 12:00:00,1.08504,1.08654,1.08457,1.08584,55042,3
2024-03-19 16:00:00,1.08584,1.08676,1.08545,1.08648,26522,2
2024-03-19 20:00:00,1.08647,1.0867,1.08616,1.08616,17740,2
2024-03-20 00:00:00,1.08617,1.08711,1.08582,1.08699,19141,3
2024-03-20 04:00:00,1.08699,1.0872,1.08648,1.08655,20196,3
2024-03-20 08:00:00,1.08654,1.08654,1.08364,1.08425,31011,2
2024-03-20 12:00:00,1.08427,1.08561,1.08373,1.08546,30325,2
2024-03-20 16:00:00,1.08546,1.09227,1.08535,1.09209,98690,2
2024-03-20 20:00:00,1.09209,1.09374,1.09179,1.09373,22592,3
2024-03-21 00:00:00,1.09373,1.09389,1.09307,1.0935,21021,3
2024-03-21 04:00:00,1.09349,1.09426,1.09256,1.09287,18121,3
2024-03-21 08:00:00,1.09283,1.09284,1.08872,1.09096,48276,4
2024-03-21 12:00:00,1.09097,1.0917,1.08556,1.08604,63515,3
2024-03-21 16:00:00,1.08603,1.08661,1.08554,1.08567,25124,2
2024-03-21 20:00:00,1.08567,1.08628,1.08566,1.08618,11123,2
2024-03-22 00:00:00,1.08622,1.08679,1.08359,1.08379,30737,3
2024-03-22 04:00:00,1.08379,1.08419,1.08209,1.08246,28652,3
2024-03-22 08:00:00,1.08246,1.08294,1.08081,1.0816,34367,3
2024-03-22 12:00:00,1.08162,1.08317,1.08104,1.08158,56450,3
2024-03-22 16:00:00,1.08157,1.0817,1.08017,1.08056,26203,2
2024-03-22 20:00:00,1.08056,1.08096,1.08049,1.08065,5602,4
2024-03-24 20:00:00,1.08068,1.08104,1.08046,1.08071,4201,31
2024-03-25 00:00:00,1.08071,1.0822,1.08021,1.08135,26345,3
2024-03-25 04:00:00,1.08134,1.08228,1.08106,1.08137,21115,2
2024-03-25 08:00:00,1.08138,1.08295,1.08071,1.08284,26594,2
2024-03-25 12:00:00,1.08282,1.08424,1.08279,1.08366,33750,2
2024-03-25 16:00:00,1.08366,1.08399,1.0833,1.08391,15073,2
2024-03-25 20:00:00,1.08393,1.08409,1.08347,1.0837,17232,3
2024-03-26 00:00:00,1.0837,1.08454,1.08358,1.08367,15025,2
2024-03-26 04:00:00,1.08368,1.08529,1.08364,1.08422,20506,3
2024-03-26 08:00:00,1.08421,1.08643,1.08386,1.08568,34112,2
2024-03-26 12:00:00,1.08569,1.08593,1.08252,1.08281,49552,3
2024-03-26 16:00:00,1.0828,1.08357,1.08242,1.08286,21567,2
2024-03-26 20:00:00,1.08287,1.08331,1.08284,1.08325,8710,2
2024-03-27 00:00:00,1.08326,1.08327,1.08205,1.08261,19772,2
2024-03-27 04:00:00,1.08262,1.08337,1.08229,1.08262,19182,2
2024-03-27 08:00:00,1.08262,1.0839,1.0818,1.08209,36066,3
2024-03-27 12:00:00,1.08209,1.08224,1.08108,1.08203,38151,2
2024-03-27 16:00:00,1.08202,1.08275,1.08174,1.0827,21213,2
2024-03-27 20:00:00,1.0827,1.0829,1.08101,1.08123,15386,3
2024-03-28 00:00:00,1.08123,1.0826,1.0808,1.08216,17451,3
2024-03-28 04:00:00,1.08215,1.08265,1.08003,1.08007,13549,2
2024-03-28 08:00:00,1.08008,1.0802,1.07751,1.07839,29382,2
2024-03-28 12:00:00,1.07839,1.08188,1.07835,1.08013,72352,3
2024-03-28 16:00:00,1.08012,1.08052,1.07846,1.07879,27658,2
2024-03-28 20:00:00,1.07878,1.07935,1.07849,1.07911,36107,3
2024-03-29 00:00:00,1.07912,1.07913,1.07736,1.07743,26028,10
2024-03-29 04:00:00,1.07743,1.07815,1.07678,1.0768,16830,5
2024-03-29 08:00:00,1.0768,1.07916,1.07679,1.07867,35001,11
2024-03-29 12:00:00,1.07868,1.08051,1.07796,1.07919,50381,27
2024-03-29 16:00:00,1.0792,1.07931,1.07867,1.07904,22370,9
2024-03-29 20:00:00,1.07904,1.07951,1.07898,1.07898,15795,23
2024-03-31 20:00:00,1.07882,1.07965,1.07848,1.0793,8408,42
2024-04-01 00:00:00,1.07932,1.07987,1.07847,1.07903,12550,3
2024-04-01 04:00:00,1.07902,1.07921,1.07827,1.07859,11517,2
2024-04-01 08:00:00,1.07859,1.07915,1.07796,1.07839,17225,3
2024-04-01 12:00:00,1.0784,1.07857,1.07309,1.07326,53966,2
2024-04-01 16:00:00,1.07327,1.0744,1.07312,1.07418,22109,2
2024-04-01 20:00:00,1.07418,1.07446,1.07355,1.07372,11062,3
2024-04-02 00:00:00,1.0737,1.07388,1.07295,1.073,22152,2
2024-04-02 04:00:00,1.07302,1.07427,1.07246,1.07418,27839,2
2024-04-02 08:00:00,1.07419,1.07535,1.07264,1.07515,37111,3
2024-04-02 12:00:00,1.07515,1.0779,1.07455,1.07689,72661,3
2024-04-02 16:00:00,1.07689,1.07702,1.07601,1.0768,20203,2
2024-04-02 20:00:00,1.07679,1.07734,1.07657,1.07679,8718,3
2024-04-03 00:00:00,1.07678,1.07793,1.07658,1.07772,17568,2
2024-04-03 04:00:00,1.07773,1.0778,1.0764,1.07705,26713,3
2024-04-03 08:00:00,1.07704,1.07849,1.07651,1.07838,27014,2
2024-04-03 12:00:00,1.0784,1.08305,1.0773,1.08266,83789,2
2024-04-03 16:00:00,1.08268,1.08368,1.08202,1.08334,32854,2
2024-04-03 20:00:00,1.08334,1.08407,1.08312,1.0838,10963,2
2024-04-04 00:00:00,1.0838,1.08444,1.08347,1.08425,18524,2
2024-04-04 04:00:00,1.08425,1.08583,1.08389,1.08571,36686,2
2024-04-04 08:00:00,1.08569,1.08654,1.08508,1.08527,30767,2
2024-04-04 12:00:00,1.08529,1.08765,1.08507,1.08648,46617,2
2024-04-04 16:00:00,1.08649,1.0867,1.08332,1.08336,49745,2
2024-04-04 20:00:00,1.08336,1.08412,1.08317,1.08364,22470,3
2024-04-05 00:00:00,1.08363,1.08439,1.08233,1.08267,28767,3
2024-04-05 04:00:00,1.08266,1.08409,1.08224,1.08391,31342,3
2024-04-05 08:00:00,1.0839,1.08463,1.08307,1.08349,26022,2
2024-04-05 12:00:00,1.0835,1.08479,1.07913,1.08402,106691,4
2024-04-05 16:00:00,1.08401,1.08444,1.08306,1.08354,30358,2
2024-04-05 20:00:00,1.08354,1.08376,1.08337,1.08352,6420,3
2024-04-07 20:00:00,1.08347,1.08379,1.08272,1.08297,6614,39
2024-04-08 00:00:00,1.08297,1.08432,1.0823,1.08333,30700,2
2024-04-08 04:00:00,1.08334,1.08377,1.08284,1.08322,25817,2
2024-04-08 08:00:00,1.08321,1.08351,1.08208,1.08237,33331,2
2024-04-08 12:00:00,1.08237,1.08589,1.08215,1.08526,52571,2
2024-04-08 16:00:00,1.08526,1.08621,1.08467,1.08567,16958,2
2024-04-08 20:00:00,1.08567,1.08634,1.08528,1.0862,14250,2
2024-04-09 00:00:00,1.0862,1.08635,1.0854,1.08553,18464,2
2024-04-09 04:00:00,1.08554,1.08626,1.08512,1.08531,25716,3
2024-04-09 08:00:00,1.08534,1.08728,1.0849,1.08613,30345,2
2024-04-09 12:00:00,1.08614,1.0885,1.08522,1.08556,56655,2
2024-04-09 16:00:00,1.08555,1.086,1.08477,1.08566,21144,2
2024-04-09 20:00:00,1.08565,1.08597,1.08554,1.08588,13453,2
2024-04-10 00:00:00,1.08587,1.08588,1.08509,1.08529,18458,2
2024-04-10 04:00:00,1.0853,1.0857,1.08477,1.08553,23104,3
2024-04-10 08:00:00,1.08552,1.08665,1.08513,1.08556,25984,3
2024-04-10 12:00:00,1.08555,1.08646,1.07334,1.07366,132963,6
2024-04-10 16:00:00,1.07367,1.07542,1.07288,1.07438,54564,2
2024-04-10 20:00:00,1.07436,1.07456,1.07392,1.0741,9756,2
2024-04-11 00:00:00,1.07411,1.07489,1.07383,1.07446,19038,2
2024-04-11 04:00:00,1.07446,1.07471,1.07265,1.0743,26991,2
2024-04-11 08:00:00,1.07432,1.07498,1.07255,1.07285,37762,2
2024-04-11 12:00:00,1.07283,1.07564,1.06992,1.0721,111436,4
2024-04-11 16:00:00,1.07212,1.07345,1.07135,1.07288,35423,2
2024-04-11 20:00:00,1.07287,1.07293,1.07238,1.0726,5197,2
2024-04-12 00:00:00,1.0726,1.07281,1.07153,1.0717,14706,2
2024-04-12 04:00:00,1.07171,1.07174,1.06742,1.06842,34545,3
2024-04-12 08:00:00,1.06842,1.06852,1.06439,1.06509,36636,2
2024-04-12 12:00:00,1.0651,1.06556,1.06226,1.06467,75241,2
2024-04-12 16:00:00,1.06467,1.06505,1.06372,1.06382,35656,2
2024-04-12 20:00:00,1.06381,1.06442,1.06371,1.06385,4001,3
2024-04-14 20:00:00,1.06352,1.06514,1.06309,1.0646,11820,61
2024-04-15 00:00:00,1.06461,1.06549,1.06391,1.06519,20557,3
2024-04-15 04:00:00,1.06519,1.06648,1.0647,1.06581,30607,3
2024-04-15 08:00:00,1.0658,1.06651,1.06515,1.06548,33140,2
2024-04-15 12:00:00,1.06548,1.06607,1.06218,1.06434,90499,3
2024-04-15 16:00:00,1.06433,1.06474,1.06202,1.06264,41898,2
2024-04-15 20:00:00,1.06263,1.06284,1.06209,1.06247,13154,2
2024-04-16 00:00:00,1.06246,1.06253,1.06061,1.06113,28302,2
2024-04-16 04:00:00,1.06114,1.06228,1.06023,1.06178,34521,2
2024-04-16 08:00:00,1.06179,1.06473,1.06125,1.06424,42411,2
2024-04-16 12:00:00,1.06424,1.06535,1.06216,1.06278,96397,2
2024-04-16 16:00:00,1.06276,1.0635,1.0601,1.06219,67018,2
2024-04-16 20:00:00,1.06218,1.06251,1.06126,1.0621,12114,2
2024-04-17 00:00:00,1.0621,1.06355,1.06171,1.06271,12957,3
2024-04-17 04:00:00,1.06272,1.06378,1.0606,1.06253,18644,3
2024-04-17 08:00:00,1.06253,1.06491,1.0624,1.06355,37673,2
2024-04-17 12:00:00,1.06356,1.06528,1.063,1.06429,54461,3
2024-04-17 16:00:00,1.06429,1.06796,1.0636,1.06712,56093,2
2024-04-17 20:00:00,1.06712,1.06751,1.0668,1.06689,8092,2
2024-04-18 00:00:00,1.0669,1.06802,1.06643,1.06799,16081,2
2024-04-18 04:00:00,1.06799,1.069,1.06749,1.0681,20657,2
2024-04-18 08:00:00,1.0681,1.06839,1.06699,1.06772,25915,2
2024-04-18 12:00:00,1.06771,1.06796,1.06464,1.06598,75676,4
2024-04-18 16:00:00,1.06599,1.06617,1.06419,1.06436,30431,2
2024-04-18 20:00:00,1.06436,1.06457,1.06402,1.06425,9021,2
2024-04-19 00:00:00,1.06424,1.06446,1.06104,1.06371,77592,2
2024-04-19 04:00:00,1.06372,1.06592,1.0627,1.06554,57804,3
2024-04-19 08:00:00,1.06553,1.06621,1.0643,1.06517,40369,2
2024-04-19 12:00:00,1.06519,1.06775,1.06496,1.06548,73097,2
2024-04-19 16:00:00,1.06548,1.06596,1.06401,1.06547,30922,2
2024-04-19 20:00:00,1.06546,1.06578,1.06523,1.06526,3190,2
2024-04-21 20:00:00,1.06495,1.06614,1.06456,1.06575,5353,73
2024-04-22 00:00:00,1.06577,1.06706,1.06527,1.06617,18289,2
2024-04-22 04:00:00,1.06617,1.06691,1.06524,1.06584,18371,3
2024-04-22 08:00:00,1.06584,1.06623,1.0633,1.06351,32183,2
2024-04-22 12:00:00,1.06351,1.06479,1.06239,1.06471,39201,2
2024-04-22 16:00:00,1.06471,1.06607,1.06461,1.06519,18292,2
2024-04-22 20:00:00,1.06518,1.06558,1.06504,1.06537,6367,2
2024-04-23 00:00:00,1.06537,1.06605,1.06534,1.06561,12445,3
2024-04-23 04:00:00,1.06561,1.0695,1.06385,1.06793,33393,3
2024-04-23 08:00:00,1.06786,1.06831,1.06532,1.06745,37941,3
2024-04-23 12:00:00,1.06746,1.07112,1.066,1.06946,75370,2
2024-04-23 16:00:00,1.06946,1.07076,1.06922,1.07028,16202,2
2024-04-23 20:00:00,1.07028,1.07044,1.06995,1.07024,6591,2
2024-04-24 00:00:00,1.07025,1.07142,1.07002,1.07062,16718,3
2024-04-24 04:00:00,1.07062,1.07088,1.06849,1.06881,22942,2
2024-04-24 08:00:00,1.06881,1.06925,1.06808,1.06891,21135,3
2024-04-24 12:00:00,1.06891,1.07025,1.06779,1.06863,52989,3
2024-04-24 16:00:00,1.06863,1.07065,1.06833,1.07006,25487,2
2024-04-24 20:00:00,1.07006,1.07006,1.06928,1.06999,9053,2
2024-04-25 00:00:00,1.07001,1.07087,1.06969,1.07058,9686,2
2024-04-25 04:00:00,1.07058,1.07277,1.07051,1.07209,16869,3
2024-04-25 08:00:00,1.0721,1.07297,1.07171,1.07202,24654,2
2024-04-25 12:00:00,1.07201,1.07402,1.06783,1.07203,102081,3
2024-04-25 16:00:00,1.07202,1.07387,1.0715,1.07294,28012,2
2024-04-25 20:00:00,1.07292,1.07308,1.07263,1.07267,3870,2
2024-04-26 00:00:00,1.07267,1.07291,1.07185,1.07231,15943,3
2024-04-26 04:00:00,1.07231,1.07387,1.0721,1.07295,19200,2
2024-04-26 08:00:00,1.07293,1.07527,1.07151,1.07158,49530,2
2024-04-26 12:00:00,1.07157,1.07416,1.06738,1.06854,73976,4
2024-04-26 16:00:00,1.06854,1.07072,1.06838,1.06999,16277,2
2024-04-26 20:00:00,1.06998,1.07016,1.06908,1.06911,3962,3
2024-04-28 20:00:00,1.06898,1.0707,1.06898,1.07069,8215,78
2024-04-29 00:00:00,1.0707,1.07199,1.07061,1.07162,27418,3
2024-04-29 04:00:00,1.07161,1.07337,1.07081,1.07177,81901,3
2024-04-29 08:00:00,1.07172,1.07271,1.06973,1.07144,38613,2
2024-04-29 12:00:00,1.07143,1.07236,1.06902,1.07167,42640,2
2024-04-29 16:00:00,1.07166,1.07295,1.07151,1.0721,34309,2
2024-04-29 20:00:00,1.07211,1.0723,1.07141,1.07147,7089,2
2024-04-30 00:00:00,1.07146,1.07178,1.07026,1.07054,17254,3
2024-04-30 04:00:00,1.07055,1.07098,1.06899,1.07051,28531,2
2024-04-30 08:00:00,1.0705,1.07353,1.06929,1.07201,38509,2
2024-04-30 12:00:00,1.07199,1.07239,1.06831,1.06837,90966,2
2024-04-30 16:00:00,1.06836,1.06867,1.06717,1.06725,23918,2
2024-04-30 20:00:00,1.06725,1.06734,1.06635,1.06659,11378,2
2024-05-01 00:00:00,1.0666,1.06671,1.06558,1.06564,11649,2
2024-05-01 04:00:00,1.06565,1.06617,1.06494,1.06609,19371,3
2024-05-01 08:00:00,1.0661,1.06732,1.0661,1.06717,19388,2
2024-05-01 12:00:00,1.06718,1.06913,1.06715,1.06792,45449,2
2024-05-01 16:00:00,1.06789,1.07326,1.06707,1.06895,101275,2
2024-05-01 20:00:00,1.06892,1.07229,1.06867,1.0717,26168,2
2024-05-02 00:00:00,1.0717,1.07207,1.07069,1.07146,24892,2
2024-05-02 04:00:00,1.07147,1.07281,1.07122,1.07153,36363,2
2024-05-02 08:00:00,1.07153,1.07191,1.06955,1.07023,36230,2
2024-05-02 12:00:00,1.07024,1.07122,1.06742,1.07049,74019,3
2024-05-02 16:00:00,1.07052,1.07302,1.07018,1.07271,27879,2
2024-05-02 20:00:00,1.07271,1.07308,1.07227,1.07298,8740,3
2024-05-03 00:00:00,1.073,1.07393,1.07243,1.07348,20563,2
2024-05-03 04:00:00,1.07349,1.07381,1.07244,1.07345,29698,2
2024-05-03 08:00:00,1.07344,1.07496,1.07323,1.07455,25055,2
2024-05-03 12:00:00,1.07456,1.08124,1.07436,1.07691,133030,3
2024-05-03 16:00:00,1.0769,1.07732,1.07592,1.07641,21627,2
2024-05-03 20:00:00,1.07641,1.07667,1.07594,1.07594,3612,2
2024-05-05 20:00:00,1.076,1.07646,1.07575,1.07583,4344,47
2024-05-06 00:00:00,1.07582,1.07715,1.07553,1.07648,18225,2
2024-05-06 04:00:00,1.07647,1.07695,1.07593,1.07614,23007,2
2024-05-06 08:00:00,1.07615,1.07761,1.07576,1.07725,25376,3
2024-05-06 12:00:00,1.07724,1.07907,1.07722,1.07788,32375,2
2024-05-06 16:00:00,1.07787,1.07788,1.07666,1.07674,19448,2
2024-05-06 20:00:00,1.07676,1.07709,1.07656,1.07672,5668,2
2024-05-07 00:00:00,1.07671,1.07768,1.07607,1.07687,21189,3
2024-05-07 04:00:00,1.07687,1.07696,1.07542,1.07647,27048,2
2024-05-07 08:00:00,1.07644,1.07702,1.07552,1.07666,26762,2
2024-05-07 12:00:00,1.07666,1.07873,1.0764,1.07666,36313,2
2024-05-07 16:00:00,1.07668,1.07742,1.07478,1.07564,24964,2
2024-05-07 20:00:00,1.07565,1.07565,1.07473,1.07498,6991,1
2024-05-08 00:00:00,1.07498,1.07541,1.0738,1.07411,21640,2
2024-05-08 04:00:00,1.07411,1.0749,1.07371,1.07385,19449,3
2024-05-08 08:00:00,1.07385,1.07539,1.0735,1.0746,29012,2
2024-05-08 12:00:00,1.07462,1.07574,1.07397,1.07548,31737,2
2024-05-08 16:00:00,1.07547,1.07548,1.07409,1.07453,20304,2
2024-05-08 20:00:00,1.07454,1.07505,1.07438,1.07468,7020,2
2024-05-09 00:00:00,1.07468,1.07515,1.07423,1.07476,14579,4
2024-05-09 04:00:00,1.07477,1.07504,1.07296,1.07346,21486,2
2024-05-09 08:00:00,1.07345,1.07384,1.07239,1.07273,30565,2
2024-05-09 12:00:00,1.07272,1.07817,1.0727,1.07703,60834,3
2024-05-09 16:00:00,1.07704,1.07844,1.07703,1.07823,18250,2
2024-05-09 20:00:00,1.07822,1.07858,1.078,1.07817,4988,2
2024-05-10 00:00:00,1.07817,1.07825,1.07731,1.0776,15134,3
2024-05-10 04:00:00,1.07761,1.0784,1.07715,1.0781,21103,2
2024-05-10 08:00:00,1.07812,1.07866,1.07752,1.07792,28736,2
2024-05-10 12:00:00,1.07791,1.079,1.07603,1.07721,40675,2
2024-05-10 16:00:00,1.07721,1.07793,1.07695,1.07718,14571,2
2024-05-10 20:00:00,1.07717,1.07722,1.07684,1.07694,2609,2
2024-05-12 20:00:00,1.07721,1.07752,1.07663,1.07702,6527,35
2024-05-13 00:00:00,1.07701,1.07731,1.07658,1.07716,19546,2
2024-05-13 04:00:00,1.07715,1.07798,1.07687,1.07757,19124,2
2024-05-13 08:00:00,1.07756,1.07944,1.07735,1.07892,21442,2
2024-05-13 12:00:00,1.07892,1.08068,1.07888,1.07953,37379,2
2024-05-13 16:00:00,1.07952,1.07989,1.07867,1.07889,11381,2
2024-05-13 20:00:00,1.0789,1.07935,1.07859,1.0792,3816,2
2024-05-14 00:00:00,1.07922,1.07922,1.07843,1.07876,5429,3
2024-05-14 04:00:00,1.07876,1.07893,1.07828,1.07871,8580,2
2024-05-14 08:00:00,1.07871,1.07989,1.07753,1.07925,26741,2
2024-05-14 12:00:00,1.07927,1.08256,1.07669,1.08182,65134,4
2024-05-14 16:00:00,1.08179,1.0823,1.08137,1.082,12516,2
2024-05-14 20:00:00,1.08201,1.08209,1.08136,1.08138,6186,2
2024-05-15 00:00:00,1.08137,1.08277,1.0813,1.08261,6787,3
2024-05-15 04:00:00,1.08261,1.08324,1.08205,1.08258,12740,3
2024-05-15 08:00:00,1.08258,1.08345,1.08218,1.08293,19068,2
2024-05-15 12:00:00,1.08293,1.08744,1.0828,1.08597,90320,6
2024-05-15 16:00:00,1.08598,1.08829,1.08561,1.08817,21495,2
2024-05-15 20:00:00,1.08817,1.08901,1.08784,1.08883,9223,2
2024-05-16 00:00:00,1.08883,1.08949,1.08814,1.08872,22249,2
2024-05-16 04:00:00,1.08872,1.08872,1.0873,1.08745,25635,3
2024-05-16 08:00:00,1.08743,1.08764,1.08617,1.08666,19313,2
2024-05-16 12:00:00,1.08667,1.08757,1.08544,1.08751,48234,3
2024-05-16 16:00:00,1.08751,1.08754,1.08658,1.08669,18225,2
2024-05-16 20:00:00,1.08668,1.08691,1.08637,1.08677,5710,2
2024-05-17 00:00:00,1.08679,1.08688,1.08543,1.0859,14506,2
2024-05-17 04:00:00,1.08588,1.08683,1.08554,1.08588,18975,3
2024-05-17 08:00:00,1.08588,1.08594,1.08356,1.08431,21619,2
2024-05-17 12:00:00,1.08432,1.08784,1.0839,1.08686,32897,2
2024-05-17 16:00:00,1.08686,1.08768,1.08671,1.08724,17346,2
2024-05-17 20:00:00,1.08726,1.08727,1.08674,1.08674,3855,3
2024-05-19 20:00:00,1.08664,1.08741,1.0864,1.08724,4143,34
2024-05-20 00:00:00,1.08725,1.08786,1.08689,1.08779,13989,2
2024-05-20 04:00:00,1.0878,1.08844,1.08693,1.0873,22808,2
2024-05-20 08:00:00,1.08729,1.08763,1.08598,1.086,17665,2
2024-05-20 12:00:00,1.08602,1.08697,1.0854,1.08605,35869,2
2024-05-20 16:00:00,1.08606,1.08706,1.08591,1.08597,14269,2
2024-05-20 20:00:00,1.08596,1.08607,1.08553,1.08602,5544,3
2024-05-21 00:00:00,1.08603,1.08618,1.08509,1.08559,23492,3
2024-05-21 04:00:00,1.08557,1.08669,1.08552,1.08644,21643,2
2024-05-21 08:00:00,1.08643,1.08747,1.08598,1.08682,29575,2
2024-05-21 12:00:00,1.08685,1.08706,1.08425,1.08539,60574,3
2024-05-21 16:00:00,1.08539,1.08566,1.08463,1.08558,15327,2
2024-05-21 20:00:00,1.08559,1.08594,1.08531,1.0854,8190,2
2024-05-22 00:00:00,1.08539,1.08633,1.08536,1.08556,21177,3
2024-05-22 04:00:00,1.08557,1.08633,1.08501,1.08576,29158,4
2024-05-22 08:00:00,1.08577,1.0858,1.08219,1.08274,29281,4
2024-05-22 12:00:00,1.08274,1.08422,1.08264,1.08361,40429,2
2024-05-22 16:00:00,1.08361,1.08469,1.08174,1.08209,34258,3
2024-05-22 20:00:00,1.0821,1.08269,1.08202,1.0825,6366,2
2024-05-23 00:00:00,1.08251,1.08312,1.08219,1.08303,14614,3
2024-05-23 04:00:00,1.08302,1.08346,1.08124,1.0829,29228,3
2024-05-23 08:00:00,1.0829,1.08525,1.08282,1.08505,31221,3
2024-05-23 12:00:00,1.08506,1.0861,1.08203,1.08262,69100,3
2024-05-23 16:00:00,1.08261,1.08311,1.08048,1.08101,30473,2
2024-05-23 20:00:00,1.08099,1.08158,1.08086,1.08116,4955,2
2024-05-24 00:00:00,1.08115,1.08137,1.08056,1.08063,10133,2
2024-05-24 04:00:00,1.08063,1.08257,1.08054,1.08243,12535,2
2024-05-24 08:00:00,1.08243,1.08441,1.08197,1.08409,23219,2
2024-05-24 12:00:00,1.08409,1.08558,1.08375,1.08512,54328,3
2024-05-24 16:00:00,1.08511,1.08578,1.08459,1.08488,15618,2
2024-05-24 20:00:00,1.08488,1.08492,1.08442,1.0846,2653,3
2024-05-26 20:00:00,1.0845,1.08513,1.0843,1.08466,3253,86
2024-05-27 00:00:00,1.08467,1.08519,1.08466,1.0849,12034,2
2024-05-27 04:00:00,1.08492,1.08524,1.08442,1.08504,10036,2
2024-05-27 08:00:00,1.08505,1.08674,1.0845,1.08573,20769,2
2024-05-27 12:00:00,1.08576,1.086,1.08405,1.08595,30745,2
2024-05-27 16:00:00,1.08595,1.08619,1.08571,1.08597,6284,3
2024-05-27 20:00:00,1.08597,1.08618,1.08521,1.08614,5288,3
2024-05-28 00:00:00,1.08615,1.08785,1.08608,1.08784,27693,2
2024-05-28 04:00:00,1.08784,1.088,1.08716,1.08774,28652,2
2024-05-28 08:00:00,1.08773,1.0889,1.0867,1.0884,27308,2
2024-05-28 12:00:00,1.0884,1.08846,1.08578,1.08781,47536,2
2024-05-28 16:00:00,1.08782,1.08788,1.08551,1.08611,24629,2
2024-05-28 20:00:00,1.08611,1.08614,1.08511,1.08512,10570,2
2024-05-29 00:00:00,1.08512,1.08569,1.08457,1.08471,17730,2
2024-05-29 04:00:00,1.0847,1.08588,1.08439,1.0852,24256,2
2024-05-29 08:00:00,1.08519,1.08562,1.08291,1.08496,39707,2
2024-05-29 12:00:00,1.08495,1.08585,1.08088,1.08109,53044,2
2024-05-29 16:00:00,1.08109,1.08173,1.07999,1.08017,23004,2
2024-05-29 20:00:00,1.08018,1.08054,1.07996,1.08011,7563,2
2024-05-30 00:00:00,1.08011,1.08044,1.07938,1.07979,24310,2
2024-05-30 04:00:00,1.07979,1.08112,1.07883,1.08084,36535,3
2024-05-30 08:00:00,1.08083,1.08216,1.08033,1.08184,31407,2
2024-05-30 12:00:00,1.08182,1.08451,1.08129,1.08362,64662,3
2024-05-30 16:00:00,1.08364,1.08433,1.08268,1.08301,18786,2
2024-05-30 20:00:00,1.083,1.08343,1.0827,1.08312,7401,2
2024-05-31 00:00:00,1.08312,1.08335,1.08112,1.08191,20298,3
2024-05-31 04:00:00,1.08193,1.08255,1.08145,1.08228,27123,3
2024-05-31 08:00:00,1.08227,1.08552,1.08225,1.08526,30318,2
2024-05-31 12:00:00,1.08526,1.08822,1.08416,1.08459,77330,3
2024-05-31 16:00:00,1.0846,1.08526,1.08397,1.0851,24124,2
2024-05-31 20:00:00,1.0851,1.08521,1.08438,1.0845,2892,2
2024-06-02 20:00:00,1.08462,1.08544,1.08453,1.08526,7741,73
2024-06-03 00:00:00,1.08526,1.08587,1.08493,1.08497,17096,3
2024-06-03 04:00:00,1.08497,1.08587,1.08397,1.08398,26841,2
2024-06-03 08:00:00,1.08397,1.08448,1.08278,1.08432,31028,2
2024-06-03 12:00:00,1.08433,1.08904,1.08405,1.08896,58059,2
2024-06-03 16:00:00,1.08895,1.08999,1.08812,1.08999,30453,2
2024-06-03 20:00:00,1.08998,1.09098,1.08995,1.09071,10011,2
2024-06-04 00:00:00,1.09072,1.0916,1.09051,1.09074,17995,2
2024-06-04 04:00:00,1.09074,1.09108,1.08847,1.08901,30366,2
2024-06-04 08:00:00,1.08902,1.08907,1.0859,1.08615,42005,2
2024-06-04 12:00:00,1.08615,1.08835,1.08615,1.08776,56246,2
2024-06-04 16:00:00,1.08777,1.08877,1.08774,1.08809,29197,2
2024-06-04 20:00:00,1.08809,1.08819,1.08778,1.08817,5213,2
2024-06-05 00:00:00,1.08816,1.0886,1.08766,1.08784,16143,2
2024-06-05 04:00:00,1.08783,1.08822,1.08708,1.08715,23940,3
2024-06-05 08:00:00,1.08715,1.08772,1.08599,1.0868,25088,2
2024-06-05 12:00:00,1.08682,1.08915,1.08618,1.08648,70894,2
2024-06-05 16:00:00,1.08648,1.08773,1.08544,1.0874,13355,2
2024-06-05 20:00:00,1.08742,1.08744,1.08679,1.08739,5221,2
2024-06-06 00:00:00,1.08738,1.08957,1.08738,1.08906,15651,3
2024-06-06 04:00:00,1.08906,1.08907,1.08758,1.08782,24664,2
2024-06-06 08:00:00,1.0878,1.0882,1.08619,1.08675,21192,2
2024-06-06 12:00:00,1.08676,1.0902,1.08643,1.08819,70322,2
2024-06-06 16:00:00,1.0882,1.08942,1.08798,1.08892,16539,2
2024-06-06 20:00:00,1.08892,1.08933,1.08873,1.08916,7753,2
2024-06-07 00:00:00,1.08915,1.08978,1.08867,1.08945,24218,2
2024-06-07 04:00:00,1.08944,1.08983,1.0888,1.08926,31824,2
2024-06-07 08:00:00,1.08927,1.09018,1.08831,1.08982,44928,2
2024-06-07 12:00:00,1.08984,1.09012,1.08041,1.08064,94411,6
2024-06-07 16:00:00,1.08065,1.08122,1.08,1.08002,25908,2
2024-06-07 20:00:00,1.08003,1.08038,1.07993,1.08017,2356,3
2024-06-09 20:00:00,1.07783,1.07798,1.07644,1.07788,10907,35
2024-06-10 00:00:00,1.07788,1.07814,1.07554,1.07555,11533,3
2024-06-10 04:00:00,1.07554,1.07663,1.07478,1.07644,25441,2
2024-06-10 08:00:00,1.07644,1.07681,1.07327,1.07536,42392,2
2024-06-10 12:00:00,1.07537,1.07603,1.07332,1.075,42209,2
2024-06-10 16:00:00,1.07501,1.07656,1.075,1.0763,32492,2
2024-06-10 20:00:00,1.07629,1.07681,1.07594,1.07633,7420,2
2024-06-11 00:00:00,1.07635,1.0769,1.07612,1.07685,18022,2
2024-06-11 04:00:00,1.07683,1.07734,1.0761,1.0764,25139,3
2024-06-11 08:00:00,1.07639,1.07645,1.07237,1.07289,58128,2
2024-06-11 12:00:00,1.0729,1.07366,1.07194,1.07323,53428,2
2024-06-11 16:00:00,1.07324,1.07493,1.07324,1.07401,17661,2
2024-06-11 20:00:00,1.07401,1.07427,1.0739,1.07399,6861,2
2024-06-12 00:00:00,1.07398,1.07432,1.07346,1.07402,25199,3
2024-06-12 04:00:00,1.07401,1.0747,1.07355,1.07444,24080,2
2024-06-12 08:00:00,1.07445,1.07654,1.07441,1.07642,27457,2
2024-06-12 12:00:00,1.07643,1.08521,1.07621,1.08423,88098,6
2024-06-12 16:00:00,1.08424,1.0848,1.08036,1.08065,123923,2
2024-06-12 20:00:00,1.08065,1.0815,1.0804,1.08127,11155,3
2024-06-13 00:00:00,1.08126,1.08157,1.08038,1.08068,22251,2
2024-06-13 04:00:00,1.08068,1.08163,1.08004,1.08142,25396,2
2024-06-13 08:00:00,1.08141,1.08144,1.07826,1.07832,35791,2
2024-06-13 12:00:00,1.07832,1.08162,1.07533,1.07553,86295,4
2024-06-13 16:00:00,1.07553,1.07556,1.07328,1.07406,31040,2
2024-06-13 20:00:00,1.07405,1.07432,1.07335,1.07374,6730,2
2024-06-14 00:00:00,1.07374,1.07449,1.07353,1.07401,20800,3
2024-06-14 04:00:00,1.07401,1.07409,1.0706,1.07075,48393,3
2024-06-14 08:00:00,1.07075,1.07117,1.06717,1.06938,74627,3
2024-06-14 12:00:00,1.06939,1.06998,1.06676,1.06987,74346,2
2024-06-14 16:00:00,1.06986,1.0706,1.0693,1.07059,19610,2
2024-06-14 20:00:00,1.0706,1.07075,1.06975,1.07025,3270,2
2024-06-16 20:00:00,1.07028,1.07089,1.06995,1.07025,9711,32
2024-06-17 00:00:00,1.07026,1.07072,1.06989,1.07036,20313,2
2024-06-17 04:00:00,1.07037,1.07088,1.06863,1.07006,40790,3
2024-06-17 08:00:00,1.07005,1.07178,1.06995,1.07094,45150,2
2024-06-17 12:00:00,1.07095,1.07247,1.0707,1.07222,43670,3
2024-06-17 16:00:00,1.07223,1.07378,1.07207,1.07321,25891,2
2024-06-17 20:00:00,1.07322,1.0741,1.07304,1.07398,4040,2
2024-06-18 00:00:00,1.074,1.07407,1.07209,1.07246,11782,2
2024-06-18 04:00:00,1.07246,1.07351,1.07182,1.07233,21157,3
2024-06-18 08:00:00,1.07232,1.07256,1.07099,1.07162,38205,2
2024-06-18 12:00:00,1.07163,1.07615,1.07106,1.07385,68191,4
2024-06-18 16:00:00,1.07387,1.07433,1.07321,1.07389,20146,2
2024-06-18 20:00:00,1.07389,1.07411,1.07359,1.07386,2980,3
2024-06-19 00:00:00,1.07385,1.07423,1.07353,1.07377,9346,3
2024-06-19 04:00:00,1.07377,1.07414,1.07248,1.07367,18137,2
2024-06-19 08:00:00,1.07367,1.07533,1.07325,1.07508,39485,2
2024-06-19 12:00:00,1.07509,1.07529,1.07408,1.07492,23361,2
2024-06-19 16:00:00,1.07491,1.07491,1.07424,1.07448,3245,2
2024-06-19 20:00:00,1.07445,1.07487,1.07412,1.0747,4769,2
2024-06-20 00:00:00,1.07469,1.07483,1.07388,1.07419,21363,2
2024-06-20 04:00:00,1.07419,1.07449,1.07243,1.07247,21550,2
2024-06-20 08:00:00,1.07246,1.07321,1.07126,1.07147,38271,2
2024-06-20 12:00:00,1.07147,1.07307,1.0707,1.07073,59187,3
2024-06-20 16:00:00,1.07072,1.07177,1.07033,1.0705,25519,2
2024-06-20 20:00:00,1.0705,1.07075,1.07012,1.07059,6503,2
2024-06-21 00:00:00,1.07059,1.07175,1.07033,1.07162,25848,3
2024-06-21 04:00:00,1.07162,1.07205,1.0671,1.06777,40617,3
2024-06-21 08:00:00,1.06776,1.06981,1.06759,1.06889,41794,3
2024-06-21 12:00:00,1.0689,1.06977,1.06779,1.06936,61338,2
2024-06-21 16:00:00,1.06937,1.06968,1.06895,1.06916,17320,2
2024-06-21 20:00:00,1.06916,1.0695,1.0691,1.06918,3228,3
2024-06-23 20:00:00,1.06849,1.06955,1.06849,1.06877,6848,63
2024-06-24 00:00:00,1.06878,1.06936,1.06837,1.06916,12266,2
2024-06-24 04:00:00,1.06916,1.07149,1.06914,1.07125,7021,2
2024-06-24 08:00:00,1.07126,1.07358,1.07088,1.07357,39256,2
2024-06-24 12:00:00,1.07357,1.07463,1.07233,1.0727,49244,2
2024-06-24 16:00:00,1.07272,1.07382,1.0722,1.07361,18664,2
2024-06-24 20:00:00,1.07358,1.07373,1.07308,1.07322,7731,2
2024-06-25 00:00:00,1.07322,1.07394,1.07319,1.07385,15035,2
2024-06-25 04:00:00,1.07385,1.07441,1.07208,1.0727,25340,2
2024-06-25 08:00:00,1.07269,1.07358,1.07091,1.07093,31083,2
2024-06-25 12:00:00,1.07093,1.07149,1.06906,1.07039,45745,2
2024-06-25 16:00:00,1.0704,1.07175,1.0702,1.07159,18161,2
2024-06-25 20:00:00,1.07159,1.07159,1.07072,1.07091,7983,2
2024-06-26 00:00:00,1.0709,1.07179,1.07061,1.0711,17640,2
2024-06-26 04:00:00,1.07109,1.07115,1.06852,1.06938,26445,3
2024-06-26 08:00:00,1.06937,1.06998,1.06795,1.0694,35886,2
2024-06-26 12:00:00,1.06941,1.06958,1.0666,1.06818,68743,2
2024-06-26 16:00:00,1.06818,1.06908,1.0675,1.0681,23474,2
2024-06-26 20:00:00,1.06809,1.0682,1.06776,1.06797,5872,3
2024-06-27 00:00:00,1.06798,1.06923,1.0677,1.06908,20843,2
2024-06-27 04:00:00,1.06907,1.06989,1.06882,1.06901,27805,2
2024-06-27 08:00:00,1.06901,1.07043,1.06805,1.06927,39023,2
2024-06-27 12:00:00,1.06928,1.07264,1.06927,1.07069,72948,3
2024-06-27 16:00:00,1.0707,1.07101,1.07012,1.07028,24285,2
2024-06-27 20:00:00,1.07028,1.07092,1.07027,1.07076,6819,3
2024-06-28 00:00:00,1.07078,1.07108,1.06852,1.06921,24763,3
2024-06-28 04:00:00,1.06921,1.0704,1.06856,1.06969,26710,2
2024-06-28 08:00:00,1.06968,1.07116,1.0692,1.06971,40100,2
2024-06-28 12:00:00,1.06971,1.07221,1.06924,1.07112,101058,4
2024-06-28 16:00:00,1.07112,1.07246,1.07061,1.07111,23659,3
2024-06-28 20:00:00,1.07111,1.07145,1.07078,1.07119,7317,3
2024-06-30 20:00:00,1.07438,1.07455,1.0732,1.07349,9803,35
2024-07-01 00:00:00,1.0735,1.07615,1.07348,1.07528,35472,2
2024-07-01 04:00:00,1.07527,1.07763,1.07513,1.07545,46106,2
2024-07-01 08:00:00,1.07544,1.0772,1.07426,1.07489,36212,3
2024-07-01 12:00:00,1.07487,1.07697,1.07197,1.07269,65103,2
2024-07-01 16:00:00,1.07272,1.07392,1.07242,1.07384,22459,2
2024-07-01 20:00:00,1.07384,1.07426,1.07347,1.07365,11355,2
2024-07-02 00:00:00,1.07364,1.07385,1.07308,1.07322,19563,2
2024-07-02 04:00:00,1.07323,1.07357,1.0712,1.07181,32970,2
2024-07-02 08:00:00,1.07181,1.07246,1.071,1.07239,32622,3
2024-07-02 12:00:00,1.07239,1.07469,1.07239,1.07363,72959,3
2024-07-02 16:00:00,1.07362,1.07465,1.07306,1.07462,17114,2
2024-07-02 20:00:00,1.0746,1.07491,1.07408,1.0748,8841,3
2024-07-03 00:00:00,1.0748,1.07542,1.07404,1.07435,19701,2
2024-07-03 04:00:00,1.07434,1.07617,1.07363,1.07595,29700,2
2024-07-03 08:00:00,1.07595,1.07635,1.07525,1.07576,34525,2
2024-07-03 12:00:00,1.07576,1.08168,1.07549,1.07987,75921,4
2024-07-03 16:00:00,1.07987,1.08003,1.07781,1.07848,19167,2
2024-07-03 20:00:00,1.07848,1.07916,1.07833,1.0791,3614,2
2024-07-04 00:00:00,1.0791,1.07949,1.07836,1.07852,13731,3
2024-07-04 04:00:00,1.07852,1.07965,1.07847,1.07944,20793,2
2024-07-04 08:00:00,1.07943,1.0803,1.07939,1.0797,25869,2
2024-07-04 12:00:00,1.07969,1.08138,1.07948,1.08106,21242,3
2024-07-04 16:00:00,1.08107,1.08137,1.08096,1.08129,6626,3
2024-07-04 20:00:00,1.08129,1.0814,1.08093,1.08103,5536,3
2024-07-05 00:00:00,1.08105,1.08245,1.08102,1.08218,13884,3
2024-07-05 04:00:00,1.08216,1.08302,1.08164,1.0829,23355,3
2024-07-05 08:00:00,1.08289,1.08319,1.08184,1.0819,27951,2
2024-07-05 12:00:00,1.0819,1.08423,1.07993,1.08277,113927,5
2024-07-05 16:00:00,1.08278,1.08426,1.08232,1.08414,18951,2
2024-07-05 20:00:00,1.08412,1.08412,1.08363,1.0837,4130,2
2024-07-07 20:00:00,1.08014,1.08329,1.07998,1.08256,15083,40
2024-07-08 00:00:00,1.08255,1.08363,1.0819,1.08314,32117,3
2024-07-08 04:00:00,1.08314,1.08382,1.08146,1.08368,46673,2
2024-07-08 08:00:00,1.08369,1.0843,1.08235,1.08334,35789,2
2024-07-08 12:00:00,1.08335,1.0845,1.08311,1.08346,49349,2
2024-07-08 16:00:00,1.08345,1.08361,1.08223,1.0825,19893,2
2024-07-08 20:00:00,1.0825,1.08313,1.08226,1.08305,6088,2
2024-07-09 00:00:00,1.08307,1.08333,1.08192,1.08281,20250,3
2024-07-09 04:00:00,1.08283,1.08311,1.0817,1.08174,32979,3
2024-07-09 08:00:00,1.08174,1.08283,1.08121,1.08137,35285,2
2024-07-09 12:00:00,1.08138,1.08282,1.08054,1.08125,69814,3
2024-07-09 16:00:00,1.08126,1.08162,1.08058,1.08142,25092,2
2024-07-09 20:00:00,1.08143,1.08165,1.08124,1.08142,5834,2
2024-07-10 00:00:00,1.08142,1.0821,1.08108,1.08199,23370,3
2024-07-10 04:00:00,1.082,1.08249,1.08147,1.08161,29396,3
2024-07-10 08:00:00,1.08161,1.08269,1.08118,1.08256,31947,2
2024-07-10 12:00:00,1.08255,1.08288,1.08199,1.08223,49486,3
2024-07-10 16:00:00,1.08224,1.08295,1.08173,1.08287,23694,2
2024-07-10 20:00:00,1.08287,1.08365,1.08254,1.08333,8242,2
2024-07-11 00:00:00,1.08332,1.084,1.08325,1.08379,16875,2
2024-07-11 04:00:00,1.08379,1.08399,1.08322,1.08394,15449,3
2024-07-11 08:00:00,1.08396,1.08577,1.08382,1.08547,23880,3
2024-07-11 12:00:00,1.08547,1.08999,1.08443,1.08697,148470,3
2024-07-11 16:00:00,1.08697,1.08705,1.08597,1.08647,36028,2
2024-07-11 20:00:00,1.08645,1.08743,1.08614,1.0874,13025,2
2024-07-12 00:00:00,1.0874,1.08744,1.08634,1.08687,28449,3
2024-07-12 04:00:00,1.08686,1.08761,1.08617,1.08754,25331,3
2024-07-12 08:00:00,1.08754,1.08922,1.08753,1.08876,38777,2
2024-07-12 12:00:00,1.08876,1.09109,1.08734,1.09012,99309,5
2024-07-12 16:00:00,1.09011,1.09113,1.09005,1.09063,19594,2
2024-07-12 20:00:00,1.09066,1.0908,1.09039,1.09054,5372,3
2024-07-14 20:00:00,1.08852,1.0895,1.08818,1.08856,11548,51
2024-07-15 00:00:00,1.08857,1.08956,1.08833,1.0894,10185,3
2024-07-15 04:00:00,1.0894,1.08963,1.08837,1.08956,20340,3
2024-07-15 08:00:00,1.08956,1.09203,1.08956,1.09055,51752,2
2024-07-15 12:00:00,1.09055,1.09222,1.0902,1.09118,63969,3
2024-07-15 16:00:00,1.09118,1.09171,1.08932,1.08987,52857,3
2024-07-15 20:00:00,1.08988,1.08991,1.08935,1.08981,13966,3
2024-07-16 00:00:00,1.0898,1.08981,1.08887,1.0893,24700,2
2024-07-16 04:00:00,1.08929,1.09003,1.08836,1.08992,38669,3
2024-07-16 08:00:00,1.08992,1.09041,1.08938,1.09021,53767,2
2024-07-16 12:00:00,1.0902,1.09054,1.08715,1.08844,69634,3
2024-07-16 16:00:00,1.08845,1.09029,1.08812,1.09018,18867,2
2024-07-16 20:00:00,1.09017,1.09029,1.08975,1.0902,11883,2
2024-07-17 00:00:00,1.09019,1.09068,1.08955,1.09061,22009,3
2024-07-17 04:00:00,1.09062,1.09134,1.0895,1.09083,47946,3
2024-07-17 08:00:00,1.09085,1.0945,1.09075,1.09347,64553,2
2024-07-17 12:00:00,1.09345,1.0948,1.09275,1.09324,72689,3
2024-07-17 16:00:00,1.09323,1.09397,1.09237,1.09362,27148,2
2024-07-17 20:00:00,1.09362,1.0941,1.09352,1.09402,10396,2
2024-07-18 00:00:00,1.09402,1.09407,1.09321,1.09328,31263,2
2024-07-18 04:00:00,1.09329,1.09382,1.09261,1.09314,36008,2
2024-07-18 08:00:00,1.09314,1.09388,1.09262,1.09276,31988,2
2024-07-18 12:00:00,1.09275,1.09369,1.0905,1.09123,80905,3
2024-07-18 16:00:00,1.09122,1.09164,1.08935,1.0897,41697,2
2024-07-18 20:00:00,1.0897,1.09017,1.08951,1.09003,8809,2
2024-07-19 00:00:00,1.09002,1.09003,1.08863,1.08883,27918,3
2024-07-19 04:00:00,1.08883,1.08905,1.08818,1.08878,33832,3
2024-07-19 08:00:00,1.08877,1.08932,1.08761,1.08931,44451,3
2024-07-19 12:00:00,1.08932,1.08941,1.08792,1.08879,61192,3
2024-07-19 16:00:00,1.08882,1.08911,1.08756,1.08793,27193,2
2024-07-19 20:00:00,1.08793,1.08836,1.08779,1.08779,4860,2
2024-07-21 20:00:00,1.08861,1.09027,1.08807,1.08988,13131,47
2024-07-22 00:00:00,1.08988,1.08998,1.08846,1.08915,24654,2
2024-07-22 04:00:00,1.08916,1.08927,1.08788,1.08871,46062,2
2024-07-22 08:00:00,1.08871,1.08953,1.08838,1.08857,41127,2
2024-07-22 12:00:00,1.08856,1.08884,1.0873,1.08798,53510,2
2024-07-22 16:00:00,1.08797,1.08917,1.08788,1.08872,20403,2
2024-07-22 20:00:00,1.08872,1.08933,1.08862,1.08889,6844,3
2024-07-23 00:00:00,1.08888,1.08967,1.0887,1.08941,24013,2
2024-07-23 04:00:00,1.08941,1.08947,1.08739,1.0876,37589,3
2024-07-23 08:00:00,1.0876,1.08824,1.0856,1.0857,42201,3
2024-07-23 12:00:00,1.08569,1.08634,1.08438,1.08542,53656,2
2024-07-23 16:00:00,1.08543,1.08578,1.08492,1.08507,22621,2
2024-07-23 20:00:00,1.08508,1.08563,1.08485,1.08496,9318,2
2024-07-24 00:00:00,1.08495,1.08503,1.08416,1.0845,26818,3
2024-07-24 04:00:00,1.08451,1.08537,1.08256,1.0829,54538,2
2024-07-24 08:00:00,1.0829,1.08489,1.08257,1.08461,41386,3
2024-07-24 12:00:00,1.08464,1.08664,1.08456,1.08527,71104,2
2024-07-24 16:00:00,1.08528,1.08549,1.08359,1.08389,27417,2
2024-07-24 20:00:00,1.08388,1.0842,1.08374,1.08378,6942,2
2024-07-25 00:00:00,1.08379,1.08439,1.08349,1.08427,30808,3
2024-07-25 04:00:00,1.08427,1.08531,1.08282,1.08487,43797,2
2024-07-25 08:00:00,1.08487,1.08588,1.08433,1.08457,59882,3
2024-07-25 12:00:00,1.08456,1.08646,1.08302,1.08598,93758,3
2024-07-25 16:00:00,1.08599,1.08699,1.08454,1.08459,37070,2
2024-07-25 20:00:00,1.08459,1.08514,1.08434,1.08513,9682,2
2024-07-26 00:00:00,1.08514,1.08604,1.08514,1.08583,20887,2
2024-07-26 04:00:00,1.08582,1.08607,1.08449,1.08491,31543,3
2024-07-26 08:00:00,1.08491,1.08614,1.0842,1.0861,31779,2
2024-07-26 12:00:00,1.08611,1.08681,1.08484,1.08579,54451,5
2024-07-26 16:00:00,1.08579,1.08669,1.08554,1.08577,20464,2
2024-07-26 20:00:00,1.08576,1.08578,1.08547,1.08547,3867,3
2024-07-28 20:00:00,1.08553,1.08599,1.08527,1.08527,8309,41
2024-07-29 00:00:00,1.08524,1.087,1.08508,1.08622,22591,3
2024-07-29 04:00:00,1.08623,1.08637,1.08432,1.08445,26506,3
2024-07-29 08:00:00,1.08443,1.08443,1.08167,1.08177,35258,3
2024-07-29 12:00:00,1.08178,1.08239,1.08028,1.08189,56547,2
2024-07-29 16:00:00,1.0819,1.08259,1.08149,1.08237,16017,2
2024-07-29 20:00:00,1.08238,1.08238,1.08182,1.0819,7317,1
2024-07-30 00:00:00,1.08191,1.08224,1.08142,1.08221,15429,3
2024-07-30 04:00:00,1.0822,1.08268,1.08163,1.08187,33149,2
2024-07-30 08:00:00,1.08187,1.08356,1.0816,1.08242,34217,4
2024-07-30 12:00:00,1.0824,1.08259,1.07982,1.08087,68170,3
2024-07-30 16:00:00,1.08088,1.08176,1.08068,1.08106,33379,2
2024-07-30 20:00:00,1.08107,1.08178,1.08085,1.08157,12754,3
2024-07-31 00:00:00,1.08156,1.08302,1.08127,1.0822,40769,2
2024-07-31 04:00:00,1.0822,1.08268,1.08115,1.08181,55604,2
2024-07-31 08:00:00,1.08181,1.08401,1.08065,1.08281,51944,3
2024-07-31 12:00:00,1.08281,1.08493,1.08172,1.08231,85252,3
2024-07-31 16:00:00,1.08228,1.08329,1.08019,1.08227,66147,2
2024-07-31 20:00:00,1.08226,1.08309,1.08169,1.08238,10460,2
2024-08-01 00:00:00,1.08235,1.08345,1.08232,1.08328,32809,2
2024-08-01 04:00:00,1.08328,1.08354,1.07991,1.08009,48141,3
2024-08-01 08:00:00,1.08009,1.08021,1.07774,1.07918,53719,2
2024-08-01 12:00:00,1.07919,1.08182,1.07836,1.07886,112293,3
2024-08-01 16:00:00,1.07887,1.07967,1.07802,1.07897,50724,2
2024-08-01 20:00:00,1.07897,1.07932,1.07863,1.07864,17827,2
2024-08-02 00:00:00,1.07864,1.07951,1.07818,1.0793,37845,3
2024-08-02 04:00:00,1.07931,1.08087,1.07861,1.0804,59219,2
2024-08-02 08:00:00,1.08041,1.08372,1.08031,1.08312,59207,2
2024-08-02 12:00:00,1.08313,1.09265,1.08292,1.09132,148081,5
2024-08-02 16:00:00,1.09132,1.09166,1.09032,1.09126,51716,2
2024-08-02 20:00:00,1.09127,1.09147,1.0908,1.09098,3794,3
2024-08-04 20:00:00,1.09225,1.09234,1.09028,1.09103,18972,20
2024-08-05 00:00:00,1.09104,1.09311,1.09068,1.09305,67443,3
2024-08-05 04:00:00,1.09305,1.0967,1.08923,1.09487,173831,3
2024-08-05 08:00:00,1.09488,1.09748,1.0933,1.09629,115118,3
2024-08-05 12:00:00,1.09628,1.10088,1.09559,1.09561,186726,3
2024-08-05 16:00:00,1.09561,1.09643,1.09472,1.09587,74824,3
2024-08-05 20:00:00,1.0959,1.09619,1.09462,1.09505,23469,2
2024-08-06 00:00:00,1.09506,1.09631,1.09437,1.0954,52467,3
2024-08-06 04:00:00,1.09541,1.09558,1.09218,1.09268,108782,3
2024-08-06 08:00:00,1.09267,1.0935,1.09037,1.09167,80363,2
2024-08-06 12:00:00,1.09166,1.09348,1.09046,1.09251,98105,3
2024-08-06 16:00:00,1.09253,1.09335,1.09207,1.09299,41746,2
2024-08-06 20:00:00,1.09298,1.09321,1.09238,1.09259,11403,2
2024-08-07 00:00:00,1.09259,1.09305,1.09109,1.09157,21846,3
2024-08-07 04:00:00,1.09157,1.09278,1.09053,1.09222,25939,3
2024-08-07 08:00:00,1.09222,1.09279,1.09085,1.09232,50448,2
2024-08-07 12:00:00,1.09233,1.09366,1.09124,1.09246,59905,2
2024-08-07 16:00:00,1.09246,1.09271,1.09174,1.09233,46921,2
2024-08-07 20:00:00,1.09233,1.09338,1.09173,1.09273,17800,3
2024-08-08 00:00:00,1.09275,1.09354,1.09235,1.09348,18318,3
2024-08-08 04:00:00,1.09348,1.09451,1.09298,1.09399,26690,3
2024-08-08 08:00:00,1.09399,1.09443,1.09208,1.09304,33556,2
2024-08-08 12:00:00,1.09305,1.09325,1.08814,1.0913,100064,4
2024-08-08 16:00:00,1.0913,1.09188,1.0905,1.09159,46598,3
2024-08-08 20:00:00,1.09159,1.09193,1.091,1.09149,6824,2
2024-08-09 00:00:00,1.09147,1.09243,1.09114,1.09228,14741,3
2024-08-09 04:00:00,1.09228,1.0929,1.09175,1.09218,20742,3
2024-08-09 08:00:00,1.09218,1.09257,1.09112,1.0916,34591,3
2024-08-09 12:00:00,1.09159,1.09313,1.0909,1.09241,43858,2
2024-08-09 16:00:00,1.0924,1.09245,1.09151,1.09187,20711,3
2024-08-09 20:00:00,1.09186,1.09194,1.09148,1.09167,3955,3
2024-08-11 20:00:00,1.09142,1.09196,1.091,1.09127,7494,41
2024-08-12 00:00:00,1.09125,1.0923,1.09116,1.0914,15121,3
2024-08-12 04:00:00,1.09138,1.09284,1.09136,1.09221,28444,2
2024-08-12 08:00:00,1.09223,1.09299,1.0916,1.09259,28435,2
2024-08-12 12:00:00,1.09259,1.09393,1.09152,1.09279,48124,2
2024-08-12 16:00:00,1.09278,1.0935,1.09218,1.09314,23528,2
2024-08-12 20:00:00,1.09314,1.09363,1.09249,1.09361,6703,3
2024-08-13 00:00:00,1.0936,1.09384,1.09292,1.09369,14767,3
2024-08-13 04:00:00,1.09369,1.09411,1.09262,1.09301,26250,3
2024-08-13 08:00:00,1.093,1.09322,1.09137,1.09302,27287,2
2024-08-13 12:00:00,1.09301,1.09623,1.09254,1.09535,51734,5
2024-08-13 16:00:00,1.09536,1.09996,1.09529,1.09959,44494,2
2024-08-13 20:00:00,1.0996,1.09989,1.09754,1.09959,17410,2
2024-08-14 00:00:00,1.09958,1.09971,1.09887,1.099,31796,3
2024-08-14 04:00:00,1.099,1.10079,1.09863,1.10057,31589,3
2024-08-14 08:00:00,1.10056,1.10286,1.10025,1.10225,36213,2
2024-08-14 12:00:00,1.10227,1.10473,1.10039,1.10231,84072,5
2024-08-14 16:00:00,1.10232,1.10241,1.10108,1.10129,35861,2
2024-08-14 20:00:00,1.1013,1.10154,1.10097,1.10116,9386,2
2024-08-15 00:00:00,1.10117,1.10142,1.1003,1.1008,17431,2
2024-08-15 04:00:00,1.10082,1.10154,1.10075,1.10134,22258,2
2024-08-15 08:00:00,1.10132,1.10141,1.10033,1.10133,20925,2
2024-08-15 12:00:00,1.10132,1.10142,1.09495,1.09854,80908,4
2024-08-15 16:00:00,1.09855,1.09892,1.09715,1.09741,31338,2
2024-08-15 20:00:00,1.0974,1.09748,1.09703,1.09723,8103,2
2024-08-16 00:00:00,1.09723,1.09825,1.09718,1.0977,14996,3
2024-08-16 04:00:00,1.09771,1.09866,1.0976,1.0985,22953,2
2024-08-16 08:00:00,1.09853,1.09949,1.09788,1.09921,31362,2
2024-08-16 12:00:00,1.09922,1.10044,1.09826,1.0996,46686,3
2024-08-16 16:00:00,1.0996,1.10247,1.09956,1.10244,21217,2
2024-08-16 20:00:00,1.10245,1.10296,1.10201,1.10211,5023,3
2024-08-18 20:00:00,1.10265,1.1034,1.10227,1.10246,7463,20
2024-08-19 00:00:00,1.10246,1.10403,1.10231,1.10389,21816,2
2024-08-19 04:00:00,1.1039,1.10501,1.10365,1.10427,35448,2
2024-08-19 08:00:00,1.10428,1.10504,1.10308,1.10422,41521,2
2024-08-19 12:00:00,1.10424,1.10735,1.10301,1.10691,63529,2
2024-08-19 16:00:00,1.10691,1.10863,1.10671,1.10836,30866,3
2024-08-19 20:00:00,1.10835,1.10875,1.10804,1.10854,10386,2
2024-08-20 00:00:00,1.10855,1.10871,1.1075,1.10755,28072,3
2024-08-20 04:00:00,1.10756,1.1087,1.10719,1.10866,47418,3
2024-08-20 08:00:00,1.10868,1.10888,1.10749,1.10808,53488,2
2024-08-20 12:00:00,1.10809,1.11168,1.10804,1.11051,92430,2
2024-08-20 16:00:00,1.11057,1.11273,1.11041,1.11245,48759,2
2024-08-20 20:00:00,1.11248,1.11317,1.11236,1.11275,14529,2
2024-08-21 00:00:00,1.11274,1.11325,1.11171,1.1121,18868,2
2024-08-21 04:00:00,1.1121,1.11287,1.11103,1.11142,32090,2
2024-08-21 08:00:00,1.11143,1.11259,1.111,1.11147,29725,2
2024-08-21 12:00:00,1.11149,1.11476,1.10992,1.1142,67370,2
2024-08-21 16:00:00,1.11421,1.1174,1.11415,1.11516,22684,2
2024-08-21 20:00:00,1.11517,1.1158,1.11468,1.11548,7448,3
2024-08-22 00:00:00,1.11549,1.11567,1.11404,1.11446,14471,3
2024-08-22 04:00:00,1.11446,1.11646,1.11272,1.11367,23253,3
2024-08-22 08:00:00,1.11367,1.11509,1.1132,1.11367,26434,4
2024-08-22 12:00:00,1.11368,1.11431,1.1098,1.1113,44121,3
2024-08-22 16:00:00,1.1113,1.11175,1.10987,1.11084,17621,2
2024-08-22 20:00:00,1.11083,1.11177,1.11071,1.1116,6271,2
2024-08-23 00:00:00,1.11159,1.11286,1.11129,1.11247,13474,3
2024-08-23 04:00:00,1.11248,1.11318,1.11124,1.11192,15828,3
2024-08-23 08:00:00,1.11193,1.11271,1.11109,1.11189,18771,2
2024-08-23 12:00:00,1.11188,1.1196,1.11055,1.11753,59117,2
2024-08-23 16:00:00,1.11753,1.12008,1.11642,1.11911,25967,2
2024-08-23 20:00:00,1.11909,1.11941,1.11874,1.1191,2741,3
2024-08-25 20:00:00,1.11854,1.11948,1.11854,1.11892,5785,83
2024-08-26 00:00:00,1.11892,1.12015,1.11815,1.11834,17310,3
2024-08-26 04:00:00,1.11834,1.11892,1.11757,1.11807,19251,2
2024-08-26 08:00:00,1.11808,1.11848,1.1163,1.11652,38321,3
2024-08-26 12:00:00,1.11651,1.11788,1.115,1.11636,65377,3
2024-08-26 16:00:00,1.11635,1.11753,1.11586,1.11595,39413,2
2024-08-26 20:00:00,1.11596,1.11668,1.11575,1.11644,11047,2
2024-08-27 00:00:00,1.11646,1.11706,1.11595,1.11667,22149,3
2024-08-27 04:00:00,1.11667,1.11724,1.11612,1.1164,28696,2
2024-08-27 08:00:00,1.11638,1.11786,1.11605,1.11605,29662,2
2024-08-27 12:00:00,1.11606,1.11718,1.11501,1.11597,56622,2
2024-08-27 16:00:00,1.11597,1.11905,1.11595,1.11842,21975,2
2024-08-27 20:00:00,1.11841,1.11858,1.11747,1.11769,6001,3
2024-08-28 00:00:00,1.11769,1.118,1.11624,1.11657,11185,2
2024-08-28 04:00:00,1.11657,1.11679,1.11351,1.11562,22492,2
2024-08-28 08:00:00,1.11561,1.11593,1.11173,1.11205,41269,2
2024-08-28 12:00:00,1.11206,1.11377,1.1105,1.1126,68277,2
2024-08-28 16:00:00,1.11261,1.11261,1.11053,1.11132,38898,3
2024-08-28 20:00:00,1.11132,1.11261,1.11123,1.11244,9868,2
2024-08-29 00:00:00,1.11245,1.11357,1.11241,1.11356,20940,3
2024-08-29 04:00:00,1.11357,1.11399,1.11162,1.11299,24914,3
2024-08-29 08:00:00,1.11299,1.11299,1.10719,1.10958,57373,2
2024-08-29 12:00:00,1.10956,1.10976,1.10556,1.10848,91667,3
2024-08-29 16:00:00,1.10849,1.10879,1.10747,1.10757,38169,2
2024-08-29 20:00:00,1.10756,1.1083,1.10743,1.108,6625,2
2024-08-30 00:00:00,1.10802,1.10828,1.10697,1.10737,21570,2
2024-08-30 04:00:00,1.10736,1.10888,1.10719,1.1084,31806,2
2024-08-30 08:00:00,1.10841,1.1095,1.10735,1.10813,48031,3
2024-08-30 12:00:00,1.10816,1.1088,1.1053,1.10597,108540,4
2024-08-30 16:00:00,1.10596,1.10597,1.10438,1.10527,48100,2
2024-08-30 20:00:00,1.10525,1.10551,1.10453,1.10456,8982,3
2024-09-01 20:00:00,1.10462,1.10496,1.1044,1.10446,8177,71
2024-09-02 00:00:00,1.10445,1.10556,1.10419,1.10484,22525,2
2024-09-02 04:00:00,1.10485,1.10702,1.10439,1.10666,30541,3
2024-09-02 08:00:00,1.10666,1.10773,1.10596,1.10596,44530,2
2024-09-02 12:00:00,1.10594,1.10718,1.10585,1.10678,27993,2
2024-09-02 16:00:00,1.10678,1.10727,1.10623,1.10722,4899,3
2024-09-02 20:00:00,1.10721,1.10727,1.10613,1.1067,3221,3
2024-09-03 00:00:00,1.10671,1.10702,1.10573,1.10579,13702,2
2024-09-03 04:00:00,1.10579,1.10676,1.1051,1.1056,25209,3
2024-09-03 08:00:00,1.10557,1.10596,1.1033,1.10363,43040,2
2024-09-03 12:00:00,1.10362,1.1069,1.10335,1.10422,122723,2
2024-09-03 16:00:00,1.10424,1.1047,1.10263,1.10418,39057,2
2024-09-03 20:00:00,1.10418,1.10503,1.10363,1.10485,10872,2
2024-09-04 00:00:00,1.10485,1.10562,1.10464,1.1054,26205,3
2024-09-04 04:00:00,1.10538,1.10628,1.10468,1.10559,35524,2
2024-09-04 08:00:00,1.10556,1.10588,1.10427,1.10503,37064,2
2024-09-04 12:00:00,1.10503,1.10951,1.104,1.10809,79017,3
2024-09-04 16:00:00,1.10809,1.10865,1.10653,1.10781,26123,3
2024-09-04 20:00:00,1.10782,1.10863,1.10755,1.10801,9805,3
2024-09-05 00:00:00,1.108,1.10854,1.10756,1.10769,20896,3
2024-09-05 04:00:00,1.10769,1.10903,1.10746,1.10871,29010,3
2024-09-05 08:00:00,1.1087,1.11082,1.1084,1.1095,44313,2
2024-09-05 12:00:00,1.10952,1.11197,1.10762,1.10952,99399,3
2024-09-05 16:00:00,1.10952,1.11132,1.10952,1.11036,33157,3
2024-09-05 20:00:00,1.11038,1.11123,1.11038,1.1111,8897,3
2024-09-06 00:00:00,1.11111,1.11161,1.11092,1.11151,23775,3
2024-09-06 04:00:00,1.11151,1.11208,1.11108,1.11158,27319,2
2024-09-06 08:00:00,1.11157,1.11207,1.11026,1.11069,35322,2
2024-09-06 12:00:00,1.1107,1.11556,1.10656,1.10856,203606,6
2024-09-06 16:00:00,1.10854,1.10895,1.10695,1.10884,55522,2
2024-09-06 20:00:00,1.10886,1.10887,1.10822,1.10825,7472,3
2024-09-08 20:00:00,1.10781,1.10908,1.10781,1.10867,13897,54
2024-09-09 00:00:00,1.10864,1.1091,1.10786,1.10799,29206,3
2024-09-09 04:00:00,1.10798,1.10802,1.10549,1.10591,33685,3
2024-09-09 08:00:00,1.10591,1.10624,1.10357,1.10448,43414,2
2024-09-09 12:00:00,1.10448,1.1052,1.1034,1.10415,56579,2
2024-09-09 16:00:00,1.10414,1.10536,1.10376,1.10382,36201,3
2024-09-09 20:00:00,1.10382,1.10396,1.10331,1.10352,8815,2
2024-09-10 00:00:00,1.10352,1.10391,1.10283,1.10384,18022,3
2024-09-10 04:00:00,1.10384,1.10496,1.10337,1.1037,32371,2
2024-09-10 08:00:00,1.1037,1.10438,1.10267,1.10312,38894,2
2024-09-10 12:00:00,1.10311,1.10368,1.10151,1.1025,67439,2
2024-09-10 16:00:00,1.10251,1.10288,1.10205,1.10268,22872,2
2024-09-10 20:00:00,1.10267,1.1027,1.10182,1.102,8434,3
2024-09-11 00:00:00,1.102,1.10443,1.10166,1.10385,29683,2
2024-09-11 04:00:00,1.10386,1.1052,1.10379,1.10412,28574,3
2024-09-11 08:00:00,1.10412,1.10549,1.10366,1.10436,38801,2
2024-09-11 12:00:00,1.10435,1.10488,1.10019,1.1012,134273,5
2024-09-11 16:00:00,1.10119,1.10265,1.10097,1.10174,43647,2
2024-09-11 20:00:00,1.10175,1.1018,1.10101,1.10102,8671,2
2024-09-12 00:00:00,1.10101,1.1014,1.10059,1.10136,22142,3
2024-09-12 04:00:00,1.10136,1.10238,1.10059,1.10076,28380,3
2024-09-12 08:00:00,1.10077,1.10235,1.10055,1.10138,44364,2
2024-09-12 12:00:00,1.10139,1.10471,1.10089,1.10401,103634,4
2024-09-12 16:00:00,1.10401,1.10716,1.1037,1.10703,51501,2
2024-09-12 20:00:00,1.10704,1.10791,1.10685,1.10789,12978,3
2024-09-13 00:00:00,1.10786,1.10902,1.10775,1.10869,28637,2
2024-09-13 04:00:00,1.1087,1.1094,1.1073,1.10924,32281,2
2024-09-13 08:00:00,1.10924,1.11007,1.10812,1.10841,60114,2
2024-09-13 12:00:00,1.10842,1.11017,1.10791,1.10844,68496,2
2024-09-13 16:00:00,1.10845,1.10858,1.1076,1.10777,30227,2
2024-09-13 20:00:00,1.10777,1.10782,1.10721,1.10732,6385,3
2024-09-15 20:00:00,1.10757,1.10894,1.10743,1.10873,8289,81
2024-09-16 00:00:00,1.10872,1.11049,1.10867,1.1104,22881,3
2024-09-16 04:00:00,1.1104,1.11197,1.10956,1.1115,33734,3
2024-09-16 08:00:00,1.11149,1.11293,1.11138,1.11237,42252,2
2024-09-16 12:00:00,1.11238,1.11374,1.11165,1.11225,60611,2
2024-09-16 16:00:00,1.11226,1.113,1.1116,1.11289,27032,2
2024-09-16 20:00:00,1.11288,1.11332,1.11232,1.11291,11104,2
2024-09-17 00:00:00,1.11291,1.11311,1.11219,1.11239,21434,2
2024-09-17 04:00:00,1.1124,1.11378,1.11156,1.11361,28175,3
2024-09-17 08:00:00,1.11361,1.11461,1.11302,1.11385,44595,2
2024-09-17 12:00:00,1.11384,1.11436,1.11117,1.11173,112420,4
2024-09-17 16:00:00,1.11172,1.11235,1.11109,1.11158,46968,2
2024-09-17 20:00:00,1.11158,1.11238,1.11124,1.1122,10395,2
2024-09-18 00:00:00,1.11221,1.11303,1.11215,1.11262,23301,3
2024-09-18 04:00:00,1.11262,1.11311,1.11152,1.11311,39868,3
2024-09-18 08:00:00,1.11311,1.11398,1.11224,1.11244,41542,2
2024-09-18 12:00:00,1.11243,1.11398,1.11082,1.11158,60229,3
2024-09-18 16:00:00,1.11158,1.11891,1.10966,1.11056,146335,2
2024-09-18 20:00:00,1.11054,1.1124,1.11043,1.11139,19727,3
2024-09-19 00:00:00,1.1114,1.11191,1.10683,1.11185,55200,2
2024-09-19 04:00:00,1.11185,1.1153,1.11149,1.11458,69342,3
2024-09-19 08:00:00,1.11457,1.11787,1.11448,1.1158,70767,2
2024-09-19 12:00:00,1.11581,1.11582,1.11164,1.11468,123239,4
2024-09-19 16:00:00,1.11469,1.11678,1.11452,1.1162,62499,3
2024-09-19 20:00:00,1.1162,1.11642,1.11584,1.11593,9969,3
2024-09-20 00:00:00,1.11593,1.11692,1.11571,1.11656,34301,3
2024-09-20 04:00:00,1.11657,1.11818,1.11594,1.11627,44982,2
2024-09-20 08:00:00,1.11626,1.11691,1.11523,1.11615,53623,2
2024-09-20 12:00:00,1.11615,1.11768,1.1136,1.11588,86906,2
2024-09-20 16:00:00,1.11588,1.11757,1.11571,1.1162,63404,3
2024-09-20 20:00:00,1.11619,1.11638,1.11561,1.11626,7169,3
2024-09-22 20:00:00,1.1158,1.11647,1.1158,1.11591,6475,78
2024-09-23 00:00:00,1.11589,1.11648,1.11558,1.11615,17713,3
2024-09-23 04:00:00,1.11615,1.11672,1.10978,1.11013,53766,3
2024-09-23 08:00:00,1.11012,1.11258,1.10831,1.11196,57896,3
2024-09-23 12:00:00,1.11197,1.11433,1.11085,1.11302,89840,2
2024-09-23 16:00:00,1.11299,1.11299,1.11119,1.11145,39335,2
2024-09-23 20:00:00,1.11146,1.11148,1.11074,1.11109,7880,3
2024-09-24 00:00:00,1.1111,1.11137,1.11033,1.11126,26366,3
2024-09-24 04:00:00,1.11125,1.11322,1.11042,1.11272,50164,3
2024-09-24 08:00:00,1.11271,1.11459,1.11221,1.1129,50923,3
2024-09-24 12:00:00,1.11289,1.11635,1.11289,1.11497,94851,2
2024-09-24 16:00:00,1.11497,1.11767,1.11493,1.11766,29608,2
2024-09-24 20:00:00,1.11766,1.1191,1.1175,1.11909,10078,3
2024-09-25 00:00:00,1.11907,1.11987,1.11853,1.1198,29961,3
2024-09-25 04:00:00,1.1198,1.11987,1.11858,1.11917,27840,3
2024-09-25 08:00:00,1.11917,1.11974,1.11782,1.11959,39534,2
2024-09-25 12:00:00,1.11959,1.1214,1.11418,1.11432,92233,2
2024-09-25 16:00:00,1.1143,1.11476,1.11215,1.11259,36625,2
2024-09-25 20:00:00,1.1126,1.11334,1.11249,1.11296,10604,3
2024-09-26 00:00:00,1.11297,1.11451,1.1129,1.11405,22677,3
2024-09-26 04:00:00,1.11404,1.11579,1.11336,1.11348,40080,3
2024-09-26 08:00:00,1.11347,1.11614,1.11257,1.1154,55394,2
2024-09-26 12:00:00,1.11541,1.11893,1.11257,1.11828,80880,5
2024-09-26 16:00:00,1.11827,1.11841,1.11662,1.11778,26808,2
2024-09-26 20:00:00,1.11778,1.11787,1.11736,1.11769,13917,3
2024-09-27 00:00:00,1.1177,1.11776,1.11624,1.1169,34753,3
2024-09-27 04:00:00,1.11689,1.1176,1.11248,1.1133,80507,2
2024-09-27 08:00:00,1.11328,1.11709,1.11263,1.11624,60860,2
2024-09-27 12:00:00,1.11625,1.1203,1.1154,1.11584,112267,5
2024-09-27 16:00:00,1.11585,1.11678,1.11463,1.1164,40699,2
2024-09-27 20:00:00,1.11639,1.11677,1.11589,1.11619,5224,3
2024-09-29 20:00:00,1.11582,1.11723,1.11526,1.11689,8646,68
2024-09-30 00:00:00,1.11688,1.11739,1.11562,1.11581,28760,2
2024-09-30 04:00:00,1.11582,1.11754,1.1156,1.11722,38563,3
2024-09-30 08:00:00,1.11721,1.12089,1.11721,1.11975,63625,2
2024-09-30 12:00:00,1.11976,1.12012,1.1135,1.11441,80529,3
2024-09-30 16:00:00,1.11442,1.11629,1.11136,1.11326,70512,2
2024-09-30 20:00:00,1.11326,1.11426,1.11289,1.11365,8788,2
2024-10-01 00:00:00,1.11365,1.11433,1.11271,1.11377,13981,3
2024-10-01 04:00:00,1.11377,1.11439,1.11116,1.1115,28186,3
2024-10-01 08:00:00,1.11153,1.11201,1.10785,1.10845,56325,3
2024-10-01 12:00:00,1.10845,1.10886,1.10565,1.10662,118836,2
2024-10-01 16:00:00,1.10662,1.10773,1.10458,1.10675,56808,2
2024-10-01 20:00:00,1.10677,1.10727,1.10634,1.10644,10939,3
2024-10-02 00:00:00,1.10645,1.10739,1.10633,1.10706,27346,2
2024-10-02 04:00:00,1.10706,1.10737,1.10541,1.10665,52358,3
2024-10-02 08:00:00,1.10664,1.10828,1.10612,1.10756,51519,3
2024-10-02 12:00:00,1.10755,1.10773,1.10325,1.10494,80591,2
2024-10-02 16:00:00,1.10495,1.10548,1.10367,1.10488,33521,2
2024-10-02 20:00:00,1.10488,1.10524,1.1043,1.10458,14318,2
2024-10-03 00:00:00,1.10459,1.10465,1.1032,1.10357,30985,3
2024-10-03 04:00:00,1.10356,1.10421,1.10248,1.1033,53254,2
2024-10-03 08:00:00,1.1033,1.10465,1.10293,1.10428,54195,2
2024-10-03 12:00:00,1.10427,1.10468,1.10082,1.10145,138605,3
2024-10-03 16:00:00,1.10147,1.10361,1.10141,1.10284,39101,2
2024-10-03 20:00:00,1.10284,1.1037,1.1026,1.10351,10693,4
2024-10-04 00:00:00,1.1035,1.10395,1.10255,1.1027,29521,3
2024-10-04 04:00:00,1.1027,1.10355,1.10251,1.10278,44540,2
2024-10-04 08:00:00,1.10278,1.10367,1.10201,1.10324,46014,2
2024-10-04 12:00:00,1.10321,1.1033,1.09548,1.09606,111445,6
2024-10-04 16:00:00,1.09606,1.09777,1.09512,1.09763,30755,3
2024-10-04 20:00:00,1.09764,1.09777,1.09725,1.09739,11744,3
2024-10-06 20:00:00,1.0962,1.09717,1.0962,1.09705,12482,72
2024-10-07 00:00:00,1.09705,1.09775,1.09681,1.09719,36696,3
2024-10-07 04:00:00,1.0972,1.09735,1.09581,1.09693,43586,2
2024-10-07 08:00:00,1.09695,1.09805,1.09542,1.09767,58705,2
2024-10-07 12:00:00,1.09768,1.09848,1.09695,1.09758,77442,2
2024-10-07 16:00:00,1.09759,1.09868,1.09657,1.09723,37986,2
2024-10-07 20:00:00,1.09723,1.09791,1.09689,1.09742,12742,2
2024-10-08 00:00:00,1.09742,1.09868,1.09727,1.09832,36911,3
2024-10-08 04:00:00,1.09832,1.09956,1.09785,1.09951,42671,3
2024-10-08 08:00:00,1.09952,1.09971,1.09785,1.09876,46046,2
2024-10-08 12:00:00,1.09876,1.09898,1.09608,1.09697,63149,2
2024-10-08 16:00:00,1.09698,1.09782,1.09657,1.09778,30232,2
2024-10-08 20:00:00,1.09778,1.09809,1.09743,1.09753,8355,2
2024-10-09 00:00:00,1.09754,1.09787,1.09667,1.09678,18994,3
2024-10-09 04:00:00,1.09678,1.0976,1.0951,1.09602,28447,3
2024-10-09 08:00:00,1.09603,1.09707,1.09533,1.0954,32071,2
2024-10-09 12:00:00,1.09539,1.09598,1.09396,1.09506,57164,2
2024-10-09 16:00:00,1.09505,1.09505,1.09362,1.09386,30100,2
2024-10-09 20:00:00,1.09386,1.09426,1.09366,1.09392,8507,2
2024-10-10 00:00:00,1.09422,1.09459,1.09389,1.09435,29916,6
2024-10-10 04:00:00,1.09435,1.09445,1.0933,1.09374,32872,2
2024-10-10 08:00:00,1.09378,1.09396,1.0927,1.0931,34095,3
2024-10-10 12:00:00,1.0931,1.09548,1.09088,1.09248,122563,6
2024-10-10 16:00:00,1.09249,1.09345,1.09,1.09344,46751,2
2024-10-10 20:00:00,1.09344,1.09376,1.09116,1.09334,8993,2
2024-10-11 00:00:00,1.09335,1.09407,1.09294,1.09395,21873,3
2024-10-11 04:00:00,1.09395,1.09453,1.09321,1.09446,27161,3
2024-10-11 08:00:00,1.09446,1.09537,1.09273,1.09309,30969,2
2024-10-11 12:00:00,1.09309,1.09524,1.0926,1.09412,70727,4
2024-10-11 16:00:00,1.09413,1.09475,1.09332,1.09332,21382,2
2024-10-11 20:00:00,1.09332,1.09381,1.09324,1.09353,6589,3
2024-10-13 20:00:00,1.0931,1.09335,1.09221,1.0923,7263,26
2024-10-14 00:00:00,1.09231,1.09291,1.09153,1.09256,22656,3
2024-10-14 04:00:00,1.09255,1.09311,1.09223,1.09282,22561,3
2024-10-14 08:00:00,1.09282,1.09366,1.09091,1.09126,39024,2
2024-10-14 12:00:00,1.09124,1.09272,1.09047,1.09068,55139,2
2024-10-14 16:00:00,1.09069,1.09085,1.08881,1.09038,25563,2
2024-10-14 20:00:00,1.09038,1.09103,1.09028,1.0909,7354,2
2024-10-15 00:00:00,1.0909,1.09097,1.08957,1.08964,19597,3
2024-10-15 04:00:00,1.08964,1.08987,1.08849,1.08986,31434,3
2024-10-15 08:00:00,1.08985,1.09161,1.08971,1.09008,37388,2
2024-10-15 12:00:00,1.0901,1.09167,1.08986,1.08989,49975,3
2024-10-15 16:00:00,1.08989,1.09023,1.08819,1.08868,24132,2
2024-10-15 20:00:00,1.08868,1.08927,1.08831,1.08832,9417,2
2024-10-16 00:00:00,1.08832,1.08956,1.08821,1.08909,22045,3
2024-10-16 04:00:00,1.08908,1.0893,1.08752,1.08821,33369,3
2024-10-16 08:00:00,1.08821,1.08972,1.08777,1.08943,37258,2
2024-10-16 12:00:00,1.08944,1.09014,1.08661,1.08724,53273,2
2024-10-16 16:00:00,1.08723,1.08767,1.08532,1.08577,24841,2
2024-10-16 20:00:00,1.08577,1.08705,1.08562,1.08587,11274,2
2024-10-17 00:00:00,1.08588,1.0865,1.08512,1.0853,38094,3
2024-10-17 04:00:00,1.0853,1.08583,1.0849,1.08546,35445,3
2024-10-17 08:00:00,1.08545,1.08673,1.0849,1.08632,40422,2
2024-10-17 12:00:00,1.08633,1.08737,1.0811,1.08365,105523,5
2024-10-17 16:00:00,1.08366,1.08369,1.0821,1.08279,28787,2
2024-10-17 20:00:00,1.08279,1.08331,1.08252,1.08291,10346,2
2024-10-18 00:00:00,1.08291,1.08396,1.08274,1.08385,34151,3
2024-10-18 04:00:00,1.08386,1.08486,1.08369,1.08409,38106,2
2024-10-18 08:00:00,1.0841,1.08518,1.08341,1.08482,41331,2
2024-10-18 12:00:00,1.08481,1.08645,1.08466,1.08535,56115,3
2024-10-18 16:00:00,1.08534,1.08682,1.08528,1.08638,25311,2
2024-10-18 20:00:00,1.08638,1.08694,1.0863,1.08655,5324,3
2024-10-20 20:00:00,1.08605,1.08717,1.08605,1.08681,5090,30
2024-10-21 00:00:00,1.08682,1.08688,1.08636,1.08662,36312,3
2024-10-21 04:00:00,1.08662,1.08662,1.08462,1.0848,31683,2
2024-10-21 08:00:00,1.0848,1.08582,1.08447,1.08557,30590,2
2024-10-21 12:00:00,1.08557,1.0859,1.08199,1.08199,50775,2
2024-10-21 16:00:00,1.08199,1.0823,1.08111,1.08153,25777,2
2024-10-21 20:00:00,1.08152,1.08176,1.08121,1.08153,10182,2
2024-10-22 00:00:00,1.08151,1.08213,1.08142,1.0819,29577,3
2024-10-22 04:00:00,1.0819,1.0838,1.0818,1.08366,29170,3
2024-10-22 08:00:00,1.08365,1.0837,1.08143,1.08175,40530,2
2024-10-22 12:00:00,1.08174,1.08216,1.08009,1.08045,59479,2
2024-10-22 16:00:00,1.08044,1.08143,1.07939,1.07948,27164,2
2024-10-22 20:00:00,1.07947,1.07999,1.07926,1.07962,9325,2
2024-10-23 00:00:00,1.07962,1.08053,1.07922,1.08021,38172,2
2024-10-23 04:00:00,1.08022,1.08066,1.07806,1.07817,46235,3
2024-10-23 08:00:00,1.07816,1.07914,1.0763,1.07631,49560,3
2024-10-23 12:00:00,1.07632,1.07862,1.07612,1.07787,59947,2
2024-10-23 16:00:00,1.07787,1.07865,1.07672,1.07857,34884,2
2024-10-23 20:00:00,1.07858,1.07864,1.07794,1.07803,7933,2
2024-10-24 00:00:00,1.07804,1.07898,1.07798,1.07868,35529,2
2024-10-24 04:00:00,1.07868,1.07987,1.07706,1.07955,54793,2
2024-10-24 08:00:00,1.07954,1.0808,1.0792,1.0795,50061,3
2024-10-24 12:00:00,1.0795,1.08113,1.07881,1.08049,75645,3
2024-10-24 16:00:00,1.0805,1.08289,1.08026,1.08289,31113,2
2024-10-24 20:00:00,1.0829,1.08298,1.08226,1.08237,7949,2
2024-10-25 00:00:00,1.08239,1.08275,1.082,1.08217,20688,3
2024-10-25 04:00:00,1.08216,1.08273,1.08136,1.08242,24786,2
2024-10-25 08:00:00,1.08242,1.08372,1.08214,1.08214,22726,3
2024-10-25 12:00:00,1.08214,1.08392,1.08107,1.08121,51392,3
2024-10-25 16:00:00,1.08121,1.08121,1.0793,1.07956,28338,2
2024-10-25 20:00:00,1.07957,1.07972,1.07945,1.07945,8093,3
2024-10-27 20:00:00,1.07933,1.08015,1.07866,1.0796,13450,30
2024-10-28 00:00:00,1.0796,1.08012,1.0782,1.07828,43899,2
2024-10-28 04:00:00,1.07829,1.08056,1.07819,1.08042,31713,2
2024-10-28 08:00:00,1.08042,1.08213,1.08009,1.08194,39803,2
2024-10-28 12:00:00,1.08194,1.08276,1.08131,1.08188,51036,2
2024-10-28 16:00:00,1.08187,1.08262,1.08099,1.08152,30178,2
2024-10-28 20:00:00,1.08153,1.08178,1.08107,1.08176,8247,2
2024-10-29 00:00:00,1.08175,1.08192,1.08061,1.0808,33594,3
2024-10-29 04:00:00,1.0808,1.08161,1.08054,1.08095,29182,2
2024-10-29 08:00:00,1.08094,1.08263,1.07967,1.07992,45002,2
2024-10-29 12:00:00,1.07991,1.08121,1.07688,1.07975,94401,2
2024-10-29 16:00:00,1.07974,1.08163,1.07923,1.08139,46755,2
2024-10-29 20:00:00,1.08139,1.08217,1.08121,1.08197,10068,2
2024-10-30 00:00:00,1.08196,1.08259,1.08136,1.08141,41223,3
2024-10-30 04:00:00,1.08141,1.08263,1.0813,1.08191,28560,3
2024-10-30 08:00:00,1.0819,1.08593,1.0819,1.08242,65218,3
2024-10-30 12:00:00,1.08242,1.08668,1.08079,1.08637,104573,5
2024-10-30 16:00:00,1.08636,1.08713,1.08537,1.08604,42303,2
2024-10-30 20:00:00,1.08605,1.08618,1.08538,1.08582,13660,3
2024-10-31 00:00:00,1.08581,1.08592,1.08441,1.08498,30373,3
2024-10-31 04:00:00,1.08497,1.08635,1.0845,1.08589,36649,3
2024-10-31 08:00:00,1.0859,1.08753,1.08511,1.0868,48332,2
2024-10-31 12:00:00,1.08682,1.08881,1.08461,1.08554,104244,4
2024-10-31 16:00:00,1.08554,1.08783,1.08536,1.08773,48494,2
2024-10-31 20:00:00,1.08775,1.08863,1.08772,1.08839,12081,2
2024-11-01 00:00:00,1.08838,1.08885,1.08751,1.08763,37297,3
2024-11-01 04:00:00,1.08762,1.08789,1.08679,1.08679,31472,2
2024-11-01 08:00:00,1.08679,1.08693,1.08524,1.08679,40753,2
2024-11-01 12:00:00,1.0868,1.09057,1.08472,1.08484,119192,7
2024-11-01 16:00:00,1.08485,1.08543,1.0834,1.08358,40370,2
2024-11-01 20:00:00,1.08359,1.0837,1.08317,1.08327,8644,3
2024-11-03 20:00:00,1.08778,1.08811,1.08719,1.08727,11344,27
2024-11-04 00:00:00,1.08728,1.09049,1.08699,1.09015,49875,3
2024-11-04 04:00:00,1.09015,1.0903,1.08871,1.08912,50203,2
2024-11-04 08:00:00,1.08913,1.0914,1.08892,1.09134,45049,2
2024-11-04 12:00:00,1.09133,1.09147,1.08933,1.08992,71365,2
2024-11-04 16:00:00,1.08992,1.09009,1.08777,1.08788,39064,2
2024-11-04 20:00:00,1.08788,1.08814,1.08733,1.08735,10405,2
2024-11-05 00:00:00,1.08736,1.08797,1.08724,1.08757,21966,3
2024-11-05 04:00:00,1.08757,1.08907,1.08743,1.08886,24706,3
2024-11-05 08:00:00,1.08888,1.09017,1.08842,1.08994,36763,2
2024-11-05 12:00:00,1.08994,1.09122,1.08894,1.0902,56619,2
2024-11-05 16:00:00,1.09021,1.09365,1.09011,1.0931,43872,2
2024-11-05 20:00:00,1.09311,1.09369,1.09118,1.09339,17883,2
2024-11-06 00:00:00,1.09338,1.09339,1.0719,1.07464,231879,5
2024-11-06 04:00:00,1.07463,1.07944,1.07027,1.07342,193975,5
2024-11-06 08:00:00,1.07342,1.07812,1.07011,1.0708,135757,4
2024-11-06 12:00:00,1.07081,1.07397,1.06824,1.07383,159350,3
2024-11-06 16:00:00,1.07383,1.0758,1.07257,1.07351,83807,3
2024-11-06 20:00:00,1.07352,1.07384,1.07249,1.07315,22366,2
2024-11-07 00:00:00,1.07316,1.07413,1.07129,1.07398,42295,3
2024-11-07 04:00:00,1.07398,1.07701,1.07341,1.0752,42682,3
2024-11-07 08:00:00,1.07522,1.07716,1.07459,1.07589,71005,2
2024-11-07 12:00:00,1.0759,1.08247,1.07566,1.0811,103633,2
2024-11-07 16:00:00,1.0811,1.08149,1.07669,1.07817,96134,3
2024-11-07 20:00:00,1.07819,1.08094,1.078,1.07954,36570,3
2024-11-08 00:00:00,1.07954,1.07973,1.07769,1.07781,48368,3
2024-11-08 04:00:00,1.07781,1.07863,1.07727,1.07796,43518,2
2024-11-08 08:00:00,1.07796,1.07974,1.07609,1.07829,81575,3
2024-11-08 12:00:00,1.07831,1.07843,1.07402,1.07483,88703,2
2024-11-08 16:00:00,1.07483,1.07502,1.06868,1.07136,75644,2
2024-11-08 20:00:00,1.07136,1.07214,1.07103,1.07182,24092,3
2024-11-10 20:00:00,1.07093,1.07169,1.07075,1.07132,6684,43
2024-11-11 00:00:00,1.07131,1.07277,1.07087,1.07167,27672,2
2024-11-11 04:00:00,1.07167,1.07221,1.06858,1.06899,29504,2
2024-11-11 08:00:00,1.069,1.06942,1.06557,1.06624,57817,2
2024-11-11 12:00:00,1.06628,1.06645,1.06286,1.06473,62373,2
2024-11-11 16:00:00,1.06473,1.06573,1.06448,1.06511,29390,2
2024-11-11 20:00:00,1.06512,1.06631,1.06512,1.06631,10933,2
2024-11-12 00:00:00,1.0663,1.06631,1.0638,1.06382,43582,3
2024-11-12 04:00:00,1.06382,1.06457,1.06214,1.0632,45441,3
2024-11-12 08:00:00,1.06319,1.06341,1.06111,1.06188,62013,2
2024-11-12 12:00:00,1.06188,1.06272,1.06019,1.06089,79378,2
2024-11-12 16:00:00,1.0609,1.06185,1.05951,1.06124,51649,2
2024-11-12 20:00:00,1.06124,1.06266,1.06094,1.06166,18381,2
2024-11-13 00:00:00,1.06166,1.06294,1.06109,1.06191,15726,3
2024-11-13 04:00:00,1.0619,1.06225,1.06024,1.0603,19760,3
2024-11-13 08:00:00,1.06029,1.0638,1.05933,1.06375,36104,2
2024-11-13 12:00:00,1.06375,1.0654,1.05556,1.05886,149831,2
2024-11-13 16:00:00,1.05887,1.0592,1.05564,1.05655,63645,2
2024-11-13 20:00:00,1.05655,1.05688,1.05577,1.05657,14985,3
2024-11-14 00:00:00,1.05656,1.05686,1.05454,1.05477,38967,3
2024-11-14 04:00:00,1.05477,1.05546,1.05339,1.0551,40584,2
2024-11-14 08:00:00,1.0551,1.05579,1.0496,1.05288,65741,3
2024-11-14 12:00:00,1.0529,1.05777,1.05134,1.05748,124422,2
2024-11-14 16:00:00,1.05747,1.05825,1.05433,1.05477,54110,2
2024-11-14 20:00:00,1.05478,1.05489,1.05119,1.05295,54492,3
2024-11-15 00:00:00,1.05295,1.05459,1.05236,1.05402,43383,3
2024-11-15 04:00:00,1.05402,1.05639,1.05336,1.05565,39661,3
2024-11-15 08:00:00,1.05566,1.05799,1.05523,1.05772,54466,2
2024-11-15 12:00:00,1.05771,1.0593,1.05231,1.05352,129959,2
2024-11-15 16:00:00,1.05351,1.056,1.0533,1.05371,80561,2
2024-11-15 20:00:00,1.05371,1.05404,1.05163,1.05394,17349,2
2024-11-17 20:00:00,1.0528,1.05384,1.0528,1.05362,4534,29
2024-11-18 00:00:00,1.05362,1.05505,1.05302,1.05341,27118,3
2024-11-18 04:00:00,1.0534,1.05482,1.05334,1.05472,22484,2
2024-11-18 08:00:00,1.05472,1.05711,1.05325,1.05423,63392,2
2024-11-18 12:00:00,1.05424,1.05754,1.05346,1.05736,70845,2
2024-11-18 16:00:00,1.05735,1.06071,1.05652,1.05908,45435,2
2024-11-18 20:00:00,1.05907,1.06004,1.0589,1.05945,11866,2
2024-11-19 00:00:00,1.05945,1.06007,1.05871,1.05967,36029,3
2024-11-19 04:00:00,1.05969,1.06007,1.05744,1.05775,40271,3
2024-11-19 08:00:00,1.05774,1.0588,1.05233,1.05619,119645,3
2024-11-19 12:00:00,1.0562,1.0601,1.05595,1.05866,108577,2
2024-11-19 16:00:00,1.05867,1.05952,1.05708,1.05936,54262,2
2024-11-19 20:00:00,1.05935,1.0608,1.05859,1.0607,16322,2
2024-11-20 00:00:00,1.0607,1.06097,1.05883,1.05897,29281,3
2024-11-20 04:00:00,1.05896,1.05954,1.05765,1.05783,41068,3
2024-11-20 08:00:00,1.05782,1.0579,1.05421,1.05543,67439,2
2024-11-20 12:00:00,1.05545,1.05679,1.05159,1.05214,75327,2
2024-11-20 16:00:00,1.05215,1.05423,1.05068,1.05395,54759,2
2024-11-20 20:00:00,1.05393,1.05459,1.05362,1.05456,15738,2
2024-11-21 00:00:00,1.05457,1.05531,1.05424,1.0553,27437,3
2024-11-21 04:00:00,1.05531,1.05548,1.05295,1.05364,51106,2
2024-11-21 08:00:00,1.05365,1.05432,1.05138,1.052,73917,2
2024-11-21 12:00:00,1.052,1.05447,1.05089,1.05103,101724,2
2024-11-21 16:00:00,1.05103,1.05146,1.04622,1.04844,78016,3
2024-11-21 20:00:00,1.04843,1.04867,1.04676,1.0469,14213,2
2024-11-22 00:00:00,1.04689,1.04782,1.04663,1.0475,35246,3
2024-11-22 04:00:00,1.0475,1.04892,1.04615,1.04861,43499,2
2024-11-22 08:00:00,1.04861,1.04981,1.03325,1.04165,122404,7
2024-11-22 12:00:00,1.04167,1.04346,1.03951,1.04106,120802,3
2024-11-22 16:00:00,1.04107,1.04254,1.03919,1.04109,51517,2
2024-11-22 20:00:00,1.04108,1.04201,1.0408,1.04193,11580,2
2024-11-24 20:00:00,1.04806,1.05013,1.04618,1.04793,23696,24
2024-11-25 00:00:00,1.04792,1.049,1.04735,1.04778,54781,3
2024-11-25 04:00:00,1.04778,1.04895,1.04498,1.04504,50716,2
2024-11-25 08:00:00,1.04505,1.0497,1.0449,1.04793,97903,2
2024-11-25 12:00:00,1.04794,1.05303,1.0474,1.04884,120187,2
2024-11-25 16:00:00,1.04884,1.05107,1.04667,1.05055,55360,3
2024-11-25 20:00:00,1.05052,1.05093,1.04428,1.04437,32049,3
2024-11-26 00:00:00,1.04437,1.04801,1.0425,1.04779,93534,3
2024-11-26 04:00:00,1.04779,1.04904,1.0472,1.0472,54026,3
2024-11-26 08:00:00,1.0472,1.05209,1.047,1.05132,90863,3
2024-11-26 12:00:00,1.05132,1.05447,1.04786,1.04796,118796,2
2024-11-26 16:00:00,1.04796,1.04862,1.04571,1.04727,73297,2
2024-11-26 20:00:00,1.04727,1.0492,1.04717,1.04918,19460,2
2024-11-27 00:00:00,1.04918,1.04964,1.04777,1.04829,37237,3
2024-11-27 04:00:00,1.04829,1.05052,1.04744,1.04982,36024,2
2024-11-27 08:00:00,1.04982,1.05402,1.04961,1.05261,101011,3
2024-11-27 12:00:00,1.05261,1.05797,1.05199,1.05706,119599,2
2024-11-27 16:00:00,1.05706,1.05876,1.05549,1.05628,60461,2
2024-11-27 20:00:00,1.05628,1.05692,1.05593,1.05619,17785,2
2024-11-28 00:00:00,1.05619,1.05627,1.05473,1.05522,32728,3
2024-11-28 04:00:00,1.05524,1.0558,1.05319,1.05415,35310,3
2024-11-28 08:00:00,1.05414,1.05563,1.05275,1.055,89786,3
2024-11-28 12:00:00,1.05498,1.0557,1.05302,1.05525,65955,3
2024-11-28 16:00:00,1.05524,1.05568,1.05475,1.05566,14567,2
2024-11-28 20:00:00,1.05566,1.05621,1.05502,1.056,6515,4
2024-11-29 00:00:00,1.05601,1.0576,1.05564,1.05736,37694,3
2024-11-29 04:00:00,1.05736,1.05971,1.05652,1.05795,44546,3
2024-11-29 08:00:00,1.05794,1.0582,1.05518,1.05625,95277,3
2024-11-29 12:00:00,1.05626,1.05684,1.05454,1.05612,101007,2
2024-11-29 16:00:00,1.05612,1.058,1.05414,1.05795,70071,2
2024-11-29 20:00:00,1.05796,1.05843,1.05747,1.05748,21015,4
2024-12-01 20:00:00,1.05711,1.05733,1.05336,1.05439,11419,63
2024-12-02 00:00:00,1.05439,1.05463,1.052,1.05235,47652,3
2024-12-02 04:00:00,1.05235,1.0537,1.05018,1.05027,64796,3
2024-12-02 08:00:00,1.05027,1.05288,1.04959,1.05229,88722,2
2024-12-02 12:00:00,1.05229,1.05382,1.0462,1.0469,128532,2
2024-12-02 16:00:00,1.04691,1.04989,1.04607,1.04903,70333,2
2024-12-02 20:00:00,1.04902,1.05158,1.04887,1.05008,32287,2
2024-12-03 00:00:00,1.05008,1.05014,1.04823,1.04903,52233,3
2024-12-03 04:00:00,1.04903,1.05115,1.04807,1.0498,44234,2
2024-12-03 08:00:00,1.04981,1.05307,1.04972,1.05226,79940,3
2024-12-03 12:00:00,1.05225,1.0529,1.0492,1.05166,96296,2
2024-12-03 16:00:00,1.05165,1.0535,1.05031,1.05045,65935,2
2024-12-03 20:00:00,1.05045,1.05126,1.05028,1.05099,17908,2
2024-12-04 00:00:00,1.05098,1.05125,1.04879,1.04936,44423,4
2024-12-04 04:00:00,1.04936,1.05289,1.04908,1.0509,48661,3
2024-12-04 08:00:00,1.0509,1.05148,1.04825,1.05048,76063,2
2024-12-04 12:00:00,1.05047,1.05439,1.04723,1.05294,120367,2
2024-12-04 16:00:00,1.05293,1.05425,1.05072,1.05138,77934,3
2024-12-04 20:00:00,1.05138,1.05173,1.05049,1.05123,16652,3
2024-12-05 00:00:00,1.05124,1.05232,1.05081,1.05229,32763,3
2024-12-05 04:00:00,1.05228,1.05386,1.05171,1.05353,34418,2
2024-12-05 08:00:00,1.05352,1.05463,1.05213,1.05364,59784,3
2024-12-05 12:00:00,1.05364,1.05896,1.05237,1.05722,95515,2
2024-12-05 16:00:00,1.05721,1.05886,1.0557,1.05873,66940,2
2024-12-05 20:00:00,1.05873,1.05883,1.0581,1.05865,17848,2
2024-12-06 00:00:00,1.05864,1.05864,1.05659,1.05759,39984,3
2024-12-06 04:00:00,1.05759,1.05845,1.05674,1.05836,31055,3
2024-12-06 08:00:00,1.05837,1.0594,1.05713,1.05869,51616,2
2024-12-06 12:00:00,1.05869,1.06298,1.05441,1.05633,138405,2
2024-12-06 16:00:00,1.05633,1.05754,1.05423,1.05543,55737,2
2024-12-06 20:00:00,1.05544,1.05694,1.0554,1.05673,11326,2
2024-12-08 20:00:00,1.05544,1.05692,1.05544,1.05656,5851,44
2024-12-09 00:00:00,1.05657,1.05659,1.05366,1.05372,33301,3
2024-12-09 04:00:00,1.05373,1.05664,1.0532,1.05642,42542,3
2024-12-09 08:00:00,1.05641,1.05853,1.05566,1.05688,70751,2
2024-12-09 12:00:00,1.05688,1.05928,1.05578,1.05911,72867,2
2024-12-09 16:00:00,1.05912,1.05944,1.05516,1.05552,32672,2
2024-12-09 20:00:00,1.05552,1.05576,1.05471,1.05541,14565,3
2024-12-10 00:00:00,1.05542,1.05614,1.05452,1.05564,40595,3
2024-12-10 04:00:00,1.05566,1.0568,1.05469,1.05488,34906,3
2024-12-10 08:00:00,1.05487,1.05515,1.0523,1.05312,56747,2
2024-12-10 12:00:00,1.05313,1.05337,1.04984,1.05037,70263,3
2024-12-10 16:00:00,1.05039,1.05312,1.04997,1.05268,40732,2
2024-12-10 20:00:00,1.05267,1.05318,1.05236,1.05311,11361,2
2024-12-11 00:00:00,1.05312,1.05393,1.05276,1.05282,30940,3
2024-12-11 04:00:00,1.05281,1.05303,1.0488,1.04899,49495,2
2024-12-11 08:00:00,1.049,1.05124,1.0487,1.05033,66763,2
2024-12-11 12:00:00,1.05033,1.05373,1.04802,1.04906,115420,2
2024-12-11 16:00:00,1.04907,1.05119,1.04816,1.04911,57229,3
2024-12-11 20:00:00,1.04912,1.05064,1.04882,1.05061,11776,2
2024-12-12 00:00:00,1.05059,1.05087,1.05009,1.05053,11303,3
2024-12-12 04:00:00,1.05052,1.05308,1.05034,1.05163,18244,2
2024-12-12 08:00:00,1.05162,1.05207,1.04942,1.05025,30998,3
2024-12-12 12:00:00,1.05025,1.05209,1.04637,1.04728,100979,2
2024-12-12 16:00:00,1.04727,1.05174,1.04718,1.04726,68606,3
2024-12-12 20:00:00,1.04725,1.04746,1.04641,1.04736,15201,3
2024-12-13 00:00:00,1.04736,1.04808,1.04595,1.04602,21752,3
2024-12-13 04:00:00,1.04602,1.04661,1.04531,1.04592,15608,3
2024-12-13 08:00:00,1.04592,1.04958,1.04562,1.04887,41606,3
2024-12-13 12:00:00,1.04887,1.05241,1.04822,1.0489,49016,2
2024-12-13 16:00:00,1.0489,1.0506,1.04868,1.04946,40981,2
2024-12-13 20:00:00,1.04949,1.05045,1.04927,1.05017,8499,2
2024-12-15 20:00:00,1.04854,1.05107,1.04847,1.05096,8104,84
2024-12-16 00:00:00,1.05095,1.05228,1.05091,1.05117,30064,3
2024-12-16 04:00:00,1.05119,1.05214,1.05043,1.05048,29029,3
2024-12-16 08:00:00,1.05048,1.05247,1.04833,1.04906,54292,4
2024-12-16 12:00:00,1.04906,1.05127,1.04745,1.05065,53301,2
2024-12-16 16:00:00,1.05066,1.05226,1.04951,1.05099,31670,2
2024-12-16 20:00:00,1.05099,1.05185,1.05066,1.0517,7578,2
2024-12-17 00:00:00,1.0517,1.05343,1.05113,1.05122,14445,4
2024-12-17 04:00:00,1.05123,1.05125,1.04956,1.04975,16298,3
2024-12-17 08:00:00,1.04974,1.05003,1.0479,1.04913,41805,2
2024-12-17 12:00:00,1.04913,1.05115,1.04882,1.04989,43054,2
2024-12-17 16:00:00,1.04989,1.05159,1.04879,1.04883,26773,2
2024-12-17 20:00:00,1.04883,1.04952,1.04851,1.04944,6600,2
2024-12-18 00:00:00,1.04943,1.05037,1.04928,1.0499,11601,3
2024-12-18 04:00:00,1.04989,1.05127,1.04935,1.04968,13964,4
2024-12-18 08:00:00,1.04967,1.05034,1.04874,1.04966,23608,2
2024-12-18 12:00:00,1.04966,1.05032,1.047,1.04738,48869,2
2024-12-18 16:00:00,1.04738,1.04924,1.03732,1.03774,58603,2
2024-12-18 20:00:00,1.03774,1.03803,1.03439,1.03506,38441,3
2024-12-19 00:00:00,1.03506,1.03909,1.03504,1.03782,22145,3
2024-12-19 04:00:00,1.03781,1.04094,1.03749,1.03949,24736,3
2024-12-19 08:00:00,1.03949,1.04222,1.03904,1.04034,52980,2
2024-12-19 12:00:00,1.04035,1.04139,1.03767,1.03799,90983,2
2024-12-19 16:00:00,1.03798,1.03843,1.03545,1.03613,66985,2
2024-12-19 20:00:00,1.03614,1.03691,1.03586,1.03643,13795,2
2024-12-20 00:00:00,1.03644,1.03692,1.03587,1.03618,14657,3
2024-12-20 04:00:00,1.03619,1.03853,1.03429,1.03828,22940,3
2024-12-20 08:00:00,1.03828,1.03983,1.03759,1.03915,51035,3
2024-12-20 12:00:00,1.03916,1.0419,1.0386,1.03967,90121,2
2024-12-20 16:00:00,1.03967,1.04474,1.03959,1.04447,80085,2
2024-12-20 20:00:00,1.04446,1.04471,1.04219,1.04254,16531,3
2024-12-22 20:00:00,1.04308,1.04451,1.04279,1.04336,7544,43
2024-12-23 00:00:00,1.04335,1.04431,1.04268,1.04392,13969,3
2024-12-23 04:00:00,1.04391,1.04452,1.04112,1.04127,27432,2
2024-12-23 08:00:00,1.04126,1.04195,1.03867,1.03999,50180,3
2024-12-23 12:00:00,1.03999,1.04084,1.03842,1.03908,78658,3
2024-12-23 16:00:00,1.03908,1.04179,1.03893,1.04114,32011,3
2024-12-23 20:00:00,1.04113,1.04141,1.0403,1.0404,7926,3
2024-12-24 00:00:00,1.04041,1.04086,1.03887,1.03908,7951,4
2024-12-24 04:00:00,1.03909,1.03985,1.03903,1.03904,17331,4
2024-12-24 08:00:00,1.03906,1.04055,1.03891,1.03947,36258,3
2024-12-24 12:00:00,1.03949,1.04098,1.0389,1.03917,48364,3
2024-12-24 16:00:00,1.03916,1.03977,1.03835,1.0393,26684,2
2024-12-24 20:00:00,1.03934,1.04031,1.0386,1.03952,8766,46
2024-12-25 00:00:00,1.03952,1.04106,1.03952,1.0405,379,96
2024-12-25 04:00:00,1.04051,1.04083,1.0397,1.04004,589,28
2024-12-25 20:00:00,1.04012,1.04055,1.03951,1.03991,4921,106
2024-12-26 00:00:00,1.0399,1.04042,1.0393,1.04009,12138,4
2024-12-26 04:00:00,1.04007,1.04027,1.03905,1.03976,14991,3
2024-12-26 08:00:00,1.03975,1.0403,1.03914,1.04012,15896,3
2024-12-26 12:00:00,1.04011,1.04151,1.03926,1.04089,47599,3
2024-12-26 16:00:00,1.04089,1.04301,1.04063,1.04175,36101,3
2024-12-26 20:00:00,1.04175,1.04241,1.04146,1.04216,16885,4
2024-12-27 00:00:00,1.04216,1.04237,1.04065,1.04125,13549,4
2024-12-27 04:00:00,1.04126,1.04248,1.04049,1.04218,26815,4
2024-12-27 08:00:00,1.04217,1.04407,1.0409,1.04386,49500,3
2024-12-27 12:00:00,1.04387,1.0444,1.04157,1.04219,75800,3
2024-12-27 16:00:00,1.04219,1.04324,1.04144,1.04282,46878,3
2024-12-27 20:00:00,1.04283,1.04283,1.04216,1.04225,10838,4
2024-12-29 20:00:00,1.04247,1.04346,1.04247,1.04292,3147,82
2024-12-30 00:00:00,1.04297,1.04311,1.04208,1.04245,8247,3
2024-12-30 04:00:00,1.04245,1.04314,1.04209,1.04267,23053,3
2024-12-30 08:00:00,1.04266,1.04521,1.04093,1.04479,57571,3
2024-12-30 12:00:00,1.0448,1.04583,1.03717,1.03804,86216,2
2024-12-30 16:00:00,1.03803,1.0407,1.03747,1.03965,35109,2
2024-12-30 20:00:00,1.03966,1.04071,1.03951,1.04056,9058,2
2024-12-31 00:00:00,1.04057,1.04148,1.03969,1.04085,12397,4
2024-12-31 04:00:00,1.04084,1.04129,1.03996,1.04118,12253,4
2024-12-31 08:00:00,1.0412,1.04243,1.04051,1.04103,33697,3
2024-12-31 12:00:00,1.04103,1.04143,1.03525,1.03547,76538,3
2024-12-31 16:00:00,1.03548,1.03646,1.0344,1.03547,30185,3
2024-12-31 20:00:00,1.03547,1.0363,1.03526,1.03526,4499,3
2025-01-01 20:00:00,1.03503,1.03577,1.03462,1.03507,5885,78
2025-01-02 00:00:00,1.03508,1.0374,1.03442,1.03715,14325,5
2025-01-02 04:00:00,1.03716,1.03756,1.03599,1.03627,18507,3
2025-01-02 08:00:00,1.03628,1.03709,1.03135,1.03321,39011,3
2025-01-02 12:00:00,1.03321,1.03342,1.02725,1.02741,79604,3
2025-01-02 16:00:00,1.0274,1.02762,1.02237,1.0251,49365,3
2025-01-02 20:00:00,1.02511,1.02687,1.02506,1.02678,8410,2
2025-01-03 00:00:00,1.02679,1.02745,1.02659,1.02707,8079,3
2025-01-03 04:00:00,1.02706,1.02847,1.02646,1.02807,12554,2
2025-01-03 08:00:00,1.02806,1.03028,1.02729,1.02972,38282,2
2025-01-03 12:00:00,1.02971,1.03057,1.02729,1.02891,41158,3
2025-01-03 16:00:00,1.02891,1.03059,1.02835,1.03012,23763,2
2025-01-03 20:00:00,1.03011,1.03099,1.02987,1.03066,5050,3
2025-01-05 20:00:00,1.03015,1.0308,1.02932,1.03051,2256,58
2025-01-06 00:00:00,1.03051,1.03182,1.02955,1.03163,11166,3
2025-01-06 04:00:00,1.03162,1.03284,1.03076,1.03272,13229,3
2025-01-06 08:00:00,1.03274,1.04325,1.03267,1.04217,57209,3
2025-01-06 12:00:00,1.04218,1.04367,1.03527,1.03935,102966,3
2025-01-06 16:00:00,1.03936,1.04027,1.0377,1.03882,45548,2
2025-01-06 20:00:00,1.03883,1.03921,1.03816,1.03831,9137,3
2025-01-07 00:00:00,1.03831,1.03929,1.03761,1.03927,10658,3
2025-01-07 04:00:00,1.03927,1.04244,1.03905,1.04145,15831,3
2025-01-07 08:00:00,1.04147,1.04343,1.04031,1.04133,42824,3
2025-01-07 12:00:00,1.04134,1.04168,1.03551,1.03727,121882,2
2025-01-07 16:00:00,1.03727,1.03811,1.03493,1.03551,55358,3
2025-01-07 20:00:00,1.0355,1.0356,1.03388,1.03415,16998,3
2025-01-08 00:00:00,1.03416,1.03547,1.03416,1.03477,23563,3
2025-01-08 04:00:00,1.03476,1.03575,1.03285,1.03324,35059,3
2025-01-08 08:00:00,1.03324,1.03397,1.02731,1.02976,81562,2
2025-01-08 12:00:00,1.02975,1.03098,1.02808,1.03016,114440,2
2025-01-08 16:00:00,1.03017,1.03242,1.02944,1.0309,50799,2
2025-01-08 20:00:00,1.03091,1.03196,1.03079,1.03132,6771,2
2025-01-09 00:00:00,1.03133,1.03214,1.03049,1.0311,22712,3
2025-01-09 04:00:00,1.03109,1.03125,1.02877,1.02909,35224,2
2025-01-09 08:00:00,1.0291,1.03175,1.02836,1.03011,68153,3
2025-01-09 12:00:00,1.03011,1.0319,1.02947,1.02992,48316,2
2025-01-09 16:00:00,1.02993,1.03024,1.0291,1.02979,26153,2
2025-01-09 20:00:00,1.0298,1.03035,1.02956,1.02964,7695,2
2025-01-10 00:00:00,1.02965,1.03044,1.0292,1.02985,7785,3
2025-01-10 04:00:00,1.02983,1.02998,1.02811,1.0297,23728,3
2025-01-10 08:00:00,1.02971,1.03118,1.02927,1.03016,50795,2
2025-01-10 12:00:00,1.03016,1.03118,1.02127,1.02503,128761,2
2025-01-10 16:00:00,1.02503,1.02511,1.02275,1.02454,47057,3
2025-01-10 20:00:00,1.02454,1.02488,1.0237,1.024,12183,2
2025-01-12 20:00:00,1.02357,1.02468,1.02357,1.02429,5846,82
2025-01-13 00:00:00,1.0243,1.02499,1.02128,1.02153,36800,2
2025-01-13 04:00:00,1.02154,1.02248,1.02074,1.02152,45016,3
2025-01-13 08:00:00,1.02151,1.02312,1.01772,1.01958,74099,3
2025-01-13 12:00:00,1.01958,1.02207,1.01878,1.01968,52196,2
2025-01-13 16:00:00,1.01969,1.02213,1.01916,1.02071,25892,2
2025-01-13 20:00:00,1.02071,1.02774,1.02069,1.02639,14513,2
2025-01-14 00:00:00,1.02637,1.02637,1.02384,1.02486,19220,3
2025-01-14 04:00:00,1.02485,1.0266,1.02422,1.02543,18923,3
2025-01-14 08:00:00,1.02544,1.02748,1.02519,1.0254,35973,2
2025-01-14 12:00:00,1.0254,1.02958,1.02394,1.02949,85044,3
2025-01-14 16:00:00,1.02948,1.03054,1.0279,1.02981,27307,2
2025-01-14 20:00:00,1.02981,1.03086,1.02965,1.03062,8780,2
2025-01-15 00:00:00,1.03061,1.03061,1.02953,1.03019,11279,4
2025-01-15 04:00:00,1.03019,1.03081,1.02866,1.03058,20303,3
2025-01-15 08:00:00,1.03058,1.03171,1.02942,1.03011,40908,3
2025-01-15 12:00:00,1.0301,1.03544,1.02934,1.03061,107439,2
2025-01-15 16:00:00,1.0306,1.03077,1.0259,1.02932,44362,2
2025-01-15 20:00:00,1.02931,1.02988,1.0288,1.0295,8731,3
2025-01-16 00:00:00,1.0295,1.02998,1.02845,1.02888,15350,4
2025-01-16 04:00:00,1.02888,1.03014,1.02809,1.02975,24183,3
2025-01-16 08:00:00,1.02976,1.02999,1.02816,1.02901,51914,2
2025-01-16 12:00:00,1.029,1.03056,1.02604,1.03008,95047,2
2025-01-16 16:00:00,1.03009,1.03149,1.02861,1.03019,53224,2
2025-01-16 20:00:00,1.03017,1.03042,1.02966,1.03014,9844,3
2025-01-17 00:00:00,1.03012,1.03093,1.02979,1.03005,12878,3
2025-01-17 04:00:00,1.03005,1.03009,1.02776,1.02844,25658,3
2025-01-17 08:00:00,1.02844,1.031,1.02844,1.03045,43217,3
2025-01-17 12:00:00,1.03045,1.03306,1.02652,1.02989,92532,2
2025-01-17 16:00:00,1.02988,1.03003,1.02727,1.02761,50049,2
2025-01-17 20:00:00,1.02762,1.02815,1.02681,1.0271,10479,3
2025-01-19 20:00:00,1.02792,1.02812,1.02663,1.02804,7296,68
2025-01-20 00:00:00,1.02805,1.03064,1.02782,1.03062,33655,3
2025-01-20 04:00:00,1.03063,1.03188,1.02994,1.03167,25009,3
2025-01-20 08:00:00,1.03167,1.03263,1.0305,1.0326,48980,2
2025-01-20 12:00:00,1.03261,1.043,1.03077,1.04003,82789,2
2025-01-20 16:00:00,1.04005,1.0423,1.03534,1.04207,27495,3
2025-01-20 20:00:00,1.04206,1.04342,1.04097,1.04208,15310,5
2025-01-21 00:00:00,1.04209,1.04343,1.03528,1.03874,54567,3
2025-01-21 04:00:00,1.03874,1.03989,1.03651,1.03734,19559,3
2025-01-21 08:00:00,1.03734,1.03734,1.0342,1.03533,41370,3
2025-01-21 12:00:00,1.03532,1.04104,1.03456,1.04006,52262,3
2025-01-21 16:00:00,1.04005,1.04353,1.03984,1.04179,26595,3
2025-01-21 20:00:00,1.04178,1.04334,1.03921,1.04057,17734,2
2025-01-22 00:00:00,1.04057,1.04245,1.04057,1.04119,15749,4
2025-01-22 04:00:00,1.04119,1.04213,1.03998,1.04117,17715,3
2025-01-22 08:00:00,1.04117,1.04573,1.04095,1.04427,45167,2
2025-01-22 12:00:00,1.04426,1.04457,1.04141,1.04199,55267,3
2025-01-22 16:00:00,1.04198,1.04227,1.04117,1.04201,26309,3
2025-01-22 20:00:00,1.042,1.04228,1.04052,1.04077,13399,4
2025-01-23 00:00:00,1.04076,1.04158,1.03967,1.04088,17832,4
2025-01-23 04:00:00,1.04086,1.04127,1.03899,1.04,19888,5
2025-01-23 08:00:00,1.03999,1.04203,1.03902,1.04031,33967,3
2025-01-23 12:00:00,1.04032,1.04179,1.03869,1.03972,52423,3
2025-01-23 16:00:00,1.03973,1.04378,1.03719,1.04227,47789,4
2025-01-23 20:00:00,1.04227,1.04289,1.04126,1.04156,11544,5
2025-01-24 00:00:00,1.04155,1.04537,1.04115,1.0446,29851,5
2025-01-24 04:00:00,1.04459,1.04708,1.04434,1.04608,30466,5
2025-01-24 08:00:00,1.04608,1.0515,1.04577,1.04859,48038,8
2025-01-24 12:00:00,1.04858,1.05206,1.04636,1.05162,52468,4
2025-01-24 16:00:00,1.05162,1.05213,1.0492,1.04952,31216,4
2025-01-24 20:00:00,1.04952,1.04972,1.04881,1.04919,5924,4
2025-01-26 20:00:00,1.04763,1.04851,1.04651,1.04673,4932,57
2025-01-27 00:00:00,1.04673,1.04787,1.04588,1.04684,22287,5
2025-01-27 04:00:00,1.04685,1.04711,1.04539,1.0457,26385,4
2025-01-27 08:00:00,1.04568,1.0518,1.04543,1.05129,62508,4
2025-01-27 12:00:00,1.05129,1.0533,1.04938,1.04989,66585,3
2025-01-27 16:00:00,1.04989,1.05076,1.04791,1.04925,42676,4
2025-01-27 20:00:00,1.04926,1.04942,1.04283,1.04369,29448,4
2025-01-28 00:00:00,1.04369,1.04564,1.04244,1.04292,29435,6
2025-01-28 04:00:00,1.04291,1.04442,1.04254,1.04341,20292,5
2025-01-28 08:00:00,1.04341,1.04441,1.04194,1.04232,35838,4
2025-01-28 12:00:00,1.04235,1.04409,1.04137,1.0424,47986,4
2025-01-28 16:00:00,1.04241,1.04381,1.04224,1.04348,37799,4
2025-01-28 20:00:00,1.04349,1.04354,1.04237,1.04271,12109,4
2025-01-29 00:00:00,1.04272,1.0439,1.04256,1.04372,16028,4
2025-01-29 04:00:00,1.04373,1.04434,1.04131,1.04158,19676,5
2025-01-29 08:00:00,1.04168,1.04303,1.03947,1.04014,34022,4
2025-01-29 12:00:00,1.04014,1.0427,1.03822,1.04193,48238,4
2025-01-29 16:00:00,1.04193,1.04288,1.03883,1.0416,61494,4
2025-01-29 20:00:00,1.04157,1.04271,1.04048,1.04245,28718,5
2025-01-30 00:00:00,1.04244,1.04288,1.04188,1.04252,10497,4
2025-01-30 04:00:00,1.04251,1.04276,1.04093,1.04236,16043,4
2025-01-30 08:00:00,1.04237,1.04288,1.03911,1.03917,38343,5
2025-01-30 12:00:00,1.03917,1.04677,1.03901,1.04311,61522,4
2025-01-30 16:00:00,1.04313,1.04346,1.04093,1.0428,25650,4
2025-01-30 20:00:00,1.04281,1.04322,1.0385,1.03966,37421,4
2025-01-31 00:00:00,1.03968,1.04022,1.03768,1.03848,19158,4
2025-01-31 04:00:00,1.03848,1.04125,1.03826,1.0404,19226,5
2025-01-31 08:00:00,1.04039,1.04066,1.03652,1.03757,40838,4
2025-01-31 12:00:00,1.03758,1.04006,1.03601,1.03962,61211,4
2025-01-31 16:00:00,1.03964,1.0434,1.03614,1.03763,69688,5
2025-01-31 20:00:00,1.03763,1.0387,1.03496,1.03602,23210,6
2025-02-02 20:00:00,1.02327,1.02698,1.02324,1.02467,21259,38
2025-02-03 00:00:00,1.02467,1.02671,1.02103,1.02211,46870,7
2025-02-03 04:00:00,1.02211,1.02515,1.02203,1.02247,32117,6
2025-02-03 08:00:00,1.02248,1.02557,1.02126,1.02522,35074,6
2025-02-03 12:00:00,1.02521,1.03351,1.02434,1.03161,81201,6
2025-02-03 16:00:00,1.03162,1.03212,1.02699,1.02851,59157,6
2025-02-03 20:00:00,1.02844,1.03503,1.02826,1.03279,19839,6
2025-02-04 00:00:00,1.03279,1.03309,1.03083,1.03146,22302,6
2025-02-04 04:00:00,1.03148,1.03171,1.02721,1.0311,30087,6
2025-02-04 08:00:00,1.03111,1.03494,1.03087,1.03221,33281,5
2025-02-04 12:00:00,1.0322,1.03857,1.03201,1.03799,47152,4
2025-02-04 16:00:00,1.038,1.03872,1.03656,1.03816,32742,5
2025-02-04 20:00:00,1.03817,1.03874,1.03707,1.03712,10051,5
2025-02-05 00:00:00,1.03712,1.03864,1.03696,1.03794,21522,5
2025-02-05 04:00:00,1.03795,1.04096,1.03732,1.04025,21341,5
2025-02-05 08:00:00,1.04024,1.04304,1.03899,1.04147,36217,5
2025-02-05 12:00:00,1.04144,1.04424,1.04013,1.04221,49909,4
2025-02-05 16:00:00,1.0422,1.04245,1.04044,1.04069,23733,5
2025-02-05 20:00:00,1.04068,1.04069,1.03959,1.03985,9079,6
2025-02-06 00:00:00,1.03985,1.04053,1.03895,1.03918,15464,6
2025-02-06 04:00:00,1.03918,1.03937,1.03779,1.03799,16529,5
2025-02-06 08:00:00,1.03798,1.03808,1.03557,1.03617,28508,5
2025-02-06 12:00:00,1.03619,1.03762,1.03523,1.03692,43814,6
2025-02-06 16:00:00,1.03692,1.03964,1.03657,1.03845,26263,4
2025-02-06 20:00:00,1.03844,1.03906,1.03815,1.0385,6737,5
2025-02-07 00:00:00,1.03849,1.03909,1.03741,1.03796,18726,6
2025-02-07 04:00:00,1.03796,1.03899,1.03724,1.03891,17951,5
2025-02-07 08:00:00,1.0389,1.03997,1.03773,1.03822,24605,5
2025-02-07 12:00:00,1.03822,1.04124,1.03271,1.03551,64421,5
2025-02-07 16:00:00,1.0355,1.03608,1.03049,1.03322,54000,6
2025-02-07 20:00:00,1.03322,1.03381,1.03214,1.0326,8538,6
2025-02-09 20:00:00,1.02918,1.03134,1.02839,1.03095,8755,39
2025-02-10 00:00:00,1.03096,1.03183,1.02985,1.03114,20466,5
2025-02-10 04:00:00,1.03114,1.03253,1.03098,1.03128,15321,5
2025-02-10 08:00:00,1.03129,1.03363,1.03064,1.03205,33092,5
2025-02-10 12:00:00,1.03205,1.03262,1.03041,1.0315,30341,6
2025-02-10 16:00:00,1.0315,1.03181,1.03043,1.03066,16992,6
2025-02-10 20:00:00,1.03067,1.03089,1.02982,1.03005,8127,5
2025-02-11 00:00:00,1.03006,1.03065,1.02919,1.02981,18066,7
2025-02-11 04:00:00,1.02979,1.03103,1.02974,1.0303,21428,5
2025-02-11 08:00:00,1.0303,1.03251,1.02998,1.03218,28862,5
2025-02-11 12:00:00,1.03216,1.03432,1.03164,1.03398,31733,4
2025-02-11 16:00:00,1.03397,1.03813,1.03388,1.03578,22655,5
2025-02-11 20:00:00,1.0358,1.03674,1.03574,1.0363,11124,6
2025-02-12 00:00:00,1.03638,1.03677,1.03537,1.03621,16069,6
2025-02-12 04:00:00,1.03619,1.03791,1.03547,1.03757,19074,5
2025-02-12 08:00:00,1.03758,1.03856,1.03646,1.0375,30240,6
2025-02-12 12:00:00,1.0375,1.03825,1.03168,1.03743,63965,4
2025-02-12 16:00:00,1.03743,1.04298,1.03501,1.0391,49979,5
2025-02-12 20:00:00,1.03908,1.03973,1.03804,1.0392,13604,4
2025-02-13 00:00:00,1.0392,1.04217,1.03871,1.04189,18973,6
2025-02-13 04:00:00,1.04189,1.04398,1.04186,1.04253,35291,5
2025-02-13 08:00:00,1.04256,1.04289,1.03924,1.04029,32320,5
2025-02-13 12:00:00,1.04029,1.0438,1.03756,1.04332,59051,5
2025-02-13 16:00:00,1.04332,1.04451,1.03727,1.0437,40287,5
2025-02-13 20:00:00,1.0437,1.04685,1.04353,1.04614,13585,6
2025-02-14 00:00:00,1.04614,1.04668,1.04536,1.04586,17533,5
2025-02-14 04:00:00,1.04587,1.0472,1.0447,1.04645,20087,5
2025-02-14 08:00:00,1.04645,1.04875,1.04628,1.04674,25968,5
2025-02-14 12:00:00,1.04674,1.0514,1.04567,1.05083,29670,4
2025-02-14 16:00:00,1.05081,1.051,1.0494,1.04984,10944,4
2025-02-14 20:00:00,1.04981,1.04981,1.04882,1.04913,3628,4
2025-02-16 20:00:00,1.04858,1.04938,1.04847,1.04883,2561,42
2025-02-17 00:00:00,1.04886,1.05062,1.04853,1.04945,7640,5
2025-02-17 04:00:00,1.04944,1.04981,1.04803,1.04824,9504,5
2025-02-17 08:00:00,1.04825,1.04891,1.04708,1.04818,17148,5
2025-02-17 12:00:00,1.04819,1.04848,1.04667,1.04796,12002,5
2025-02-17 16:00:00,1.04796,1.04847,1.04767,1.04815,3815,5
2025-02-17 20:00:00,1.04815,1.04856,1.04698,1.04848,3674,4
2025-02-18 00:00:00,1.04847,1.04862,1.04619,1.0463,11478,5
2025-02-18 04:00:00,1.04628,1.04691,1.04521,1.04635,11178,4
2025-02-18 08:00:00,1.04634,1.04691,1.04547,1.04626,10984,3
2025-02-18 12:00:00,1.04628,1.04669,1.04414,1.04662,20543,5
2025-02-18 16:00:00,1.04662,1.04692,1.0435,1.04451,13073,4
2025-02-18 20:00:00,1.04449,1.04517,1.0441,1.04479,7934,4
2025-02-19 00:00:00,1.0448,1.04521,1.04409,1.0451,8548,5
2025-02-19 04:00:00,1.0451,1.04613,1.0448,1.04511,10081,6
2025-02-19 08:00:00,1.04514,1.0456,1.04188,1.04244,19726,4
2025-02-19 12:00:00,1.04243,1.04412,1.04215,1.0424,40702,5
2025-02-19 16:00:00,1.04239,1.04324,1.04009,1.04256,25507,4
2025-02-19 20:00:00,1.04255,1.04264,1.04163,1.04206,6813,5
2025-02-20 00:00:00,1.04205,1.04375,1.04185,1.04311,29877,6
2025-02-20 04:00:00,1.04309,1.04343,1.04233,1.04313,23966,5
2025-02-20 08:00:00,1.04313,1.04461,1.04284,1.04383,26300,4
2025-02-20 12:00:00,1.04384,1.04752,1.04331,1.04739,41898,4
2025-02-20 16:00:00,1.04736,1.05031,1.0464,1.05014,23954,4
2025-02-20 20:00:00,1.05015,1.05054,1.04951,1.05001,9512,5
2025-02-21 00:00:00,1.04999,1.05045,1.04843,1.05023,18546,5
2025-02-21 04:00:00,1.05023,1.05047,1.04876,1.04919,19917,5
2025-02-21 08:00:00,1.0492,1.04939,1.04629,1.0469,32102,8
2025-02-21 12:00:00,1.0469,1.04923,1.04525,1.04539,41199,4
2025-02-21 16:00:00,1.04538,1.04678,1.04492,1.0462,32139,5
2025-02-21 20:00:00,1.04619,1.04643,1.0455,1.0457,8273,5
2025-02-23 20:00:00,1.04706,1.04846,1.04618,1.04736,6814,46
2025-02-24 00:00:00,1.04738,1.05282,1.04716,1.05192,31860,6
2025-02-24 04:00:00,1.05194,1.05206,1.04865,1.04909,25279,5
2025-02-24 08:00:00,1.04912,1.04925,1.04637,1.04683,28486,5
2025-02-24 12:00:00,1.04683,1.04753,1.04527,1.04689,35894,5
2025-02-24 16:00:00,1.04688,1.04856,1.04655,1.04749,27349,5
2025-02-24 20:00:00,1.0475,1.04792,1.04602,1.04611,13186,7
2025-02-25 00:00:00,1.04611,1.04761,1.04596,1.0473,21381,6
2025-02-25 04:00:00,1.04731,1.04799,1.04633,1.0464,20420,5
2025-02-25 08:00:00,1.04642,1.04896,1.0456,1.04891,34765,5
2025-02-25 12:00:00,1.04893,1.05191,1.04882,1.04984,46121,5
2025-02-25 16:00:00,1.04983,1.05179,1.04837,1.05104,29027,5
2025-02-25 20:00:00,1.05103,1.05227,1.0509,1.05204,11208,6
2025-02-26 00:00:00,1.05205,1.0525,1.05011,1.05043,21076,5
2025-02-26 04:00:00,1.05043,1.05054,1.04868,1.04938,24201,5
2025-02-26 08:00:00,1.04938,1.05113,1.04865,1.04914,35450,5
2025-02-26 12:00:00,1.04914,1.0509,1.04747,1.05058,44251,4
2025-02-26 16:00:00,1.05061,1.05287,1.04819,1.04908,55000,5
2025-02-26 20:00:00,1.04908,1.04922,1.04782,1.04876,11233,5
2025-02-27 00:00:00,1.04877,1.04878,1.04647,1.04656,22991,7
2025-02-27 04:00:00,1.04656,1.048,1.04589,1.0475,22908,5
2025-02-27 08:00:00,1.04752,1.04871,1.04702,1.04757,30467,6
2025-02-27 12:00:00,1.04756,1.04893,1.04093,1.04148,65119,5
2025-02-27 16:00:00,1.04149,1.04179,1.04001,1.04042,36073,5
2025-02-27 20:00:00,1.04043,1.04082,1.03882,1.03936,11268,5
2025-02-28 00:00:00,1.03936,1.04042,1.03802,1.03882,25872,6
2025-02-28 04:00:00,1.03882,1.04005,1.03825,1.03959,24240,5
2025-02-28 08:00:00,1.03959,1.04078,1.03922,1.03986,30438,5
2025-02-28 12:00:00,1.03985,1.04198,1.03932,1.03998,44112,4
2025-02-28 16:00:00,1.03998,1.04114,1.03597,1.03677,50935,5
2025-02-28 20:00:00,1.03676,1.03769,1.0362,1.03747,12833,6
2025-03-02 20:00:00,1.04032,1.04208,1.03992,1.04119,8693,18
2025-03-03 00:00:00,1.04119,1.04231,1.04021,1.04168,27707,6
2025-03-03 04:00:00,1.04167,1.04203,1.04018,1.04054,24528,5
2025-03-03 08:00:00,1.04053,1.04579,1.03883,1.04524,41110,5
2025-03-03 12:00:00,1.04525,1.05036,1.04525,1.04845,50409,5
2025-03-03 16:00:00,1.04844,1.05032,1.04721,1.04728,31930,5
2025-03-03 20:00:00,1.04727,1.04925,1.04665,1.04851,24199,5
2025-03-04 00:00:00,1.04851,1.04959,1.04747,1.04771,31758,7
2025-03-04 04:00:00,1.0477,1.05003,1.04708,1.04927,33008,6
2025-03-04 08:00:00,1.04928,1.05443,1.04861,1.05439,43109,5
2025-03-04 12:00:00,1.0544,1.05596,1.04962,1.05263,58581,5
2025-03-04 16:00:00,1.0526,1.06019,1.05151,1.06006,51664,5
2025-03-04 20:00:00,1.06005,1.06369,1.06004,1.0623,28346,5
2025-03-05 00:00:00,1.0623,1.06274,1.06018,1.0618,42627,7
2025-03-05 04:00:00,1.06181,1.06763,1.06152,1.06745,40517,6
2025-03-05 08:00:00,1.06743,1.0722,1.06585,1.06787,54515,5
2025-03-05 12:00:00,1.06787,1.07769,1.06784,1.07649,76375,5
2025-03-05 16:00:00,1.07651,1.07907,1.0761,1.079,58025,5
2025-03-05 20:00:00,1.079,1.07965,1.07853,1.07941,14677,5
2025-03-06 00:00:00,1.07942,1.082,1.07871,1.07893,30241,5
2025-03-06 04:00:00,1.07894,1.08221,1.0784,1.07989,36717,6
2025-03-06 08:00:00,1.07989,1.08167,1.07802,1.0799,57499,5
2025-03-06 12:00:00,1.0799,1.08534,1.0788,1.0817,77712,4
2025-03-06 16:00:00,1.08172,1.08381,1.07655,1.08014,54722,5
2025-03-06 20:00:00,1.08013,1.08032,1.07748,1.07871,16805,6
2025-03-07 00:00:00,1.07872,1.08146,1.0781,1.08057,23674,5
2025-03-07 04:00:00,1.08055,1.08406,1.08027,1.08295,26642,6
2025-03-07 08:00:00,1.08298,1.08714,1.08259,1.08492,41841,5
2025-03-07 12:00:00,1.08491,1.08884,1.08352,1.08699,80366,5
2025-03-07 16:00:00,1.08699,1.08725,1.08254,1.08425,46195,5
2025-03-07 20:00:00,1.08424,1.08511,1.08292,1.08292,8707,5
2025-03-09 20:00:00,1.08312,1.08653,1.08269,1.086,12990,84
2025-03-10 00:00:00,1.08602,1.08711,1.08301,1.08314,27512,6
2025-03-10 04:00:00,1.08313,1.08446,1.08107,1.08224,29854,6
2025-03-10 08:00:00,1.08227,1.08744,1.08051,1.08505,63420,5
2025-03-10 12:00:00,1.08505,1.08599,1.08206,1.08369,53177,4
2025-03-10 16:00:00,1.08368,1.08456,1.08175,1.08315,35697,5
2025-03-10 20:00:00,1.08316,1.08432,1.08254,1.0839,9153,5
2025-03-11 00:00:00,1.0839,1.08604,1.08389,1.08542,26839,7
2025-03-11 04:00:00,1.0854,1.09014,1.08354,1.08906,31742,5
2025-03-11 08:00:00,1.08906,1.09207,1.0881,1.09044,41256,5
2025-03-11 12:00:00,1.09044,1.09306,1.08949,1.0927,56394,5
2025-03-11 16:00:00,1.09269,1.09471,1.09177,1.09196,34217,5
2025-03-11 20:00:00,1.09199,1.09209,1.09068,1.09136,9250,6
2025-03-12 00:00:00,1.09137,1.09157,1.08959,1.0897,23982,6
2025-03-12 04:00:00,1.0897,1.09086,1.08872,1.09013,29172,5
2025-03-12 08:00:00,1.09012,1.09263,1.08975,1.09007,43199,5
2025-03-12 12:00:00,1.09007,1.09314,1.08755,1.09241,65541,10
2025-03-12 16:00:00,1.09242,1.09277,1.08795,1.089,32421,5
2025-03-12 20:00:00,1.08901,1.08934,1.08831,1.08852,7189,6
2025-03-13 00:00:00,1.08852,1.0897,1.08823,1.08849,20023,7
2025-03-13 04:00:00,1.08848,1.08933,1.08596,1.08652,27882,6
2025-03-13 08:00:00,1.08654,1.08852,1.08451,1.0856,41858,5
2025-03-13 12:00:00,1.08559,1.08773,1.08222,1.08585,53262,7
2025-03-13 16:00:00,1.08584,1.08781,1.08475,1.08482,29594,5
2025-03-13 20:00:00,1.08482,1.08556,1.0844,1.08548,7655,5
2025-03-14 00:00:00,1.08543,1.08583,1.08341,1.08454,24573,6
2025-03-14 04:00:00,1.08452,1.08513,1.08304,1.08388,30080,6
2025-03-14 08:00:00,1.0839,1.09125,1.08351,1.08964,45948,5
2025-03-14 12:00:00,1.08963,1.09112,1.08652,1.08715,42492,6
2025-03-14 16:00:00,1.08716,1.08898,1.08703,1.08829,18355,5
2025-03-14 20:00:00,1.08828,1.08855,1.08742,1.08765,2886,6
2025-03-16 20:00:00,1.08766,1.0885,1.08744,1.08792,6557,73
2025-03-17 00:00:00,1.08794,1.08901,1.08741,1.08833,14671,6
2025-03-17 04:00:00,1.08831,1.08936,1.08685,1.0876,20068,5
2025-03-17 08:00:00,1.08762,1.09119,1.08703,1.09019,41885,5
2025-03-17 12:00:00,1.09019,1.09297,1.0887,1.09214,36746,8
2025-03-17 16:00:00,1.09214,1.09264,1.09114,1.09204,16521,5
2025-03-17 20:00:00,1.09208,1.09276,1.09125,1.0918,5466,5
2025-03-18 00:00:00,1.0918,1.09209,1.09062,1.09081,19261,5
2025-03-18 04:00:00,1.09082,1.09366,1.09033,1.09349,22232,6
2025-03-18 08:00:00,1.09351,1.09545,1.0914,1.09162,38803,5
2025-03-18 12:00:00,1.09162,1.09341,1.08924,1.09264,56146,5
2025-03-18 16:00:00,1.09264,1.09517,1.09234,1.09461,26529,5
2025-03-18 20:00:00,1.09461,1.09485,1.09375,1.09385,6622,6
2025-03-19 00:00:00,1.09386,1.09449,1.09316,1.09381,10084,6
2025-03-19 04:00:00,1.09378,1.09378,1.08731,1.08924,27232,6
2025-03-19 08:00:00,1.08928,1.09129,1.08912,1.09082,37866,5
2025-03-19 12:00:00,1.09085,1.09174,1.08753,1.08766,40480,5
2025-03-19 16:00:00,1.08769,1.0913,1.08603,1.08986,46229,5
2025-03-19 20:00:00,1.08986,1.09129,1.08955,1.09115,10948,7
2025-03-20 00:00:00,1.09116,1.09171,1.09034,1.09096,16778,5
2025-03-20 04:00:00,1.09095,1.09104,1.08647,1.08791,22223,6
2025-03-20 08:00:00,1.08795,1.08857,1.08332,1.08493,48821,6
2025-03-20 12:00:00,1.08494,1.08559,1.08145,1.08472,46676,7
2025-03-20 16:00:00,1.0847,1.08541,1.08389,1.08529,21018,5
2025-03-20 20:00:00,1.08529,1.08589,1.084,1.08532,7230,6
2025-03-21 00:00:00,1.08535,1.08586,1.08331,1.08345,27607,6
2025-03-21 04:00:00,1.08345,1.08416,1.08197,1.08386,23416,5
2025-03-21 08:00:00,1.08386,1.08512,1.08239,1.08506,28703,5
2025-03-21 12:00:00,1.08505,1.08611,1.0797,1.08062,46660,6
2025-03-21 16:00:00,1.0806,1.08266,1.08042,1.08175,26007,5
2025-03-21 20:00:00,1.08174,1.08174,1.08115,1.08121,2902,6
2025-03-23 20:00:00,1.0813,1.08367,1.08115,1.08358,5680,42
2025-03-24 00:00:00,1.08358,1.08398,1.08199,1.08202,24463,6
2025-03-24 04:00:00,1.08201,1.08499,1.08169,1.08379,21704,5
2025-03-24 08:00:00,1.08381,1.08579,1.08283,1.08323,34260,7
2025-03-24 12:00:00,1.08323,1.08344,1.07903,1.07936,47743,5
2025-03-24 16:00:00,1.07939,1.0813,1.07813,1.08021,25104,5
2025-03-24 20:00:00,1.0802,1.0806,1.07946,1.08022,7042,6
2025-03-25 00:00:00,1.08022,1.08084,1.0794,1.08029,11145,5
2025-03-25 04:00:00,1.08031,1.08087,1.07849,1.07871,19993,5
2025-03-25 08:00:00,1.07873,1.08275,1.07767,1.08176,50773,5
2025-03-25 12:00:00,1.08178,1.083,1.0797,1.0803,55099,5
2025-03-25 16:00:00,1.0803,1.08167,1.07906,1.07952,36797,5
2025-03-25 20:00:00,1.07951,1.07956,1.07852,1.07888,5795,5
2025-03-26 00:00:00,1.07889,1.0797,1.07777,1.07857,12436,5
2025-03-26 04:00:00,1.07858,1.07913,1.07777,1.0786,16294,5
2025-03-26 08:00:00,1.07859,1.08025,1.07851,1.07922,23960,5
2025-03-26 12:00:00,1.07922,1.07951,1.07673,1.07807,41838,5
2025-03-26 16:00:00,1.07807,1.07915,1.07437,1.07512,34661,5
2025-03-26 20:00:00,1.07512,1.07565,1.07328,1.07409,12953,6
2025-03-27 00:00:00,1.07411,1.07798,1.07407,1.0778,15190,6
2025-03-27 04:00:00,1.07782,1.07869,1.0754,1.07644,22093,4
2025-03-27 08:00:00,1.07646,1.07995,1.07554,1.07868,33637,5
2025-03-27 12:00:00,1.07868,1.0821,1.07762,1.07995,37753,8
2025-03-27 16:00:00,1.07995,1.08085,1.07881,1.07947,20352,5
2025-03-27 20:00:00,1.07945,1.0802,1.07936,1.08006,5220,6
2025-03-28 00:00:00,1.08005,1.08005,1.07879,1.07917,12568,7
2025-03-28 04:00:00,1.07917,1.07998,1.07815,1.0787,15360,5
2025-03-28 08:00:00,1.07867,1.07964,1.07644,1.07716,27176,5
2025-03-28 12:00:00,1.07717,1.08447,1.07651,1.08248,43398,9
2025-03-28 16:00:00,1.08249,1.0833,1.0812,1.08255,21259,6
2025-03-28 20:00:00,1.08254,1.08359,1.08237,1.08237,3431,5
2025-03-30 20:00:00,1.08228,1.0829,1.08049,1.08234,11786,75
2025-03-31 00:00:00,1.08235,1.08458,1.0823,1.08327,21449,6
2025-03-31 04:00:00,1.08328,1.08492,1.08206,1.08313,31575,6
2025-03-31 08:00:00,1.08313,1.0834,1.08054,1.0819,33212,6
2025-03-31 12:00:00,1.08192,1.08212,1.07838,1.0794,49078,6
2025-03-31 16:00:00,1.07943,1.08197,1.07852,1.0814,22265,5
2025-03-31 20:00:00,1.08141,1.08195,1.08093,1.08173,7180,5
2025-04-01 00:00:00,1.08174,1.08281,1.08168,1.08265,13682,5
2025-04-01 04:00:00,1.08266,1.08299,1.07986,1.08016,22139,5
2025-04-01 08:00:00,1.08013,1.08291,1.07782,1.0781,33376,5
2025-04-01 12:00:00,1.07811,1.08122,1.07791,1.07991,42949,5
2025-04-01 16:00:00,1.07991,1.08046,1.07851,1.07896,18210,5
2025-04-01 20:00:00,1.07895,1.08079,1.0785,1.0794,9890,5
2025-04-02 00:00:00,1.07947,1.08017,1.07869,1.07955,11076,5
2025-04-02 04:00:00,1.07955,1.07972,1.078,1.07915,17083,6
2025-04-02 08:00:00,1.07915,1.08081,1.07857,1.08022,26459,5
2025-04-02 12:00:00,1.08023,1.0873,1.07961,1.08673,43980,5
2025-04-02 16:00:00,1.08673,1.08675,1.08467,1.08496,24093,5
2025-04-02 20:00:00,1.08496,1.09242,1.08047,1.09041,50951,13
2025-04-03 00:00:00,1.09038,1.09244,1.08795,1.09147,43781,8
2025-04-03 04:00:00,1.09148,1.099,1.09053,1.09705,50091,5
2025-04-03 08:00:00,1.09704,1.11462,1.09702,1.10875,74454,7
2025-04-03 12:00:00,1.10876,1.11349,1.10409,1.10504,79908,9
2025-04-03 16:00:00,1.10508,1.10556,1.10157,1.10273,36041,6
2025-04-03 20:00:00,1.10272,1.10714,1.10219,1.1045,13923,5
2025-04-04 00:00:00,1.10448,1.10984,1.10364,1.10933,33448,6
2025-04-04 04:00:00,1.10932,1.11076,1.09995,1.10039,51028,6
2025-04-04 08:00:00,1.10039,1.10797,1.09642,1.106,103439,6
2025-04-04 12:00:00,1.10603,1.10898,1.09599,1.10082,134945,13
2025-04-04 16:00:00,1.10136,1.10196,1.09242,1.0943,79026,6
2025-04-04 20:00:00,1.0943,1.0966,1.09322,1.09573,7765,9
2025-04-06 20:00:00,1.08894,1.10006,1.08792,1.09832,27772,86
2025-04-07 00:00:00,1.09833,1.09837,1.09198,1.09502,56733,7
2025-04-07 04:00:00,1.09501,1.10498,1.09479,1.10003,71367,6
2025-04-07 08:00:00,1.10008,1.10216,1.09349,1.09692,84252,6
2025-04-07 12:00:00,1.09693,1.09912,1.09007,1.09112,129061,6
2025-04-07 16:00:00,1.09112,1.09524,1.09039,1.09158,62191,6
2025-04-07 20:00:00,1.0916,1.09203,1.09013,1.09146,13495,9
2025-04-08 00:00:00,1.09147,1.09802,1.09146,1.09633,35104,7
2025-04-08 04:00:00,1.09632,1.09916,1.09211,1.09233,47840,6
2025-04-08 08:00:00,1.09233,1.09486,1.0911,1.09339,57869,6
2025-04-08 12:00:00,1.09342,1.09684,1.08886,1.09113,72262,5
2025-04-08 16:00:00,1.09115,1.09778,1.08984,1.0954,64938,5
2025-04-08 20:00:00,1.09539,1.09849,1.09388,1.09773,19942,6
2025-04-09 00:00:00,1.09771,1.10397,1.09709,1.10193,66199,7
2025-04-09 04:00:00,1.10192,1.10897,1.10091,1.1015,106403,7
2025-04-09 08:00:00,1.1015,1.10577,1.09976,1.1035,95548,6
2025-04-09 12:00:00,1.10351,1.10948,1.10258,1.10381,90511,6
2025-04-09 16:00:00,1.10386,1.10632,1.09132,1.0934,105856,5
2025-04-09 20:00:00,1.09346,1.09626,1.09285,1.09507,24842,9
2025-04-10 00:00:00,1.09504,1.09891,1.09499,1.09814,40225,6
2025-04-10 04:00:00,1.09813,1.10306,1.09624,1.10261,49545,7
2025-04-10 08:00:00,1.10264,1.10883,1.10159,1.107,57686,6
2025-04-10 12:00:00,1.107,1.12287,1.10677,1.11901,83639,12
2025-04-10 16:00:00,1.11907,1.12414,1.11584,1.12069,74730,7
2025-04-10 20:00:00,1.1205,1.12623,1.11809,1.12576,31560,8
2025-04-11 00:00:00,1.12574,1.13852,1.1251,1.13407,83536,9
2025-04-11 04:00:00,1.13406,1.13688,1.12466,1.13642,62386,7
2025-04-11 08:00:00,1.13639,1.14736,1.13199,1.13289,104822,7
2025-04-11 12:00:00,1.13285,1.14121,1.13124,1.13247,126170,14
2025-04-11 16:00:00,1.13247,1.13435,1.12763,1.13415,62572,8
2025-04-11 20:00:00,1.13415,1.13617,1.13365,1.13554,7334,10
2025-04-13 20:00:00,1.13108,1.13546,1.13108,1.1342,21990,112
2025-04-14 00:00:00,1.13419,1.14087,1.13407,1.13714,47276,9
2025-04-14 04:00:00,1.13721,1.14244,1.13526,1.13897,46468,7
2025-04-14 08:00:00,1.13899,1.14094,1.13714,1.13837,47219,7
2025-04-14 12:00:00,1.13837,1.13885,1.12956,1.1357,68755,6
2025-04-14 16:00:00,1.1357,1.13704,1.13282,1.13546,36730,6
2025-04-14 20:00:00,1.13545,1.1361,1.13333,1.1336,11262,7
2025-04-15 00:00:00,1.1336,1.13528,1.13157,1.13474,25429,8
2025-04-15 04:00:00,1.1347,1.13677,1.13203,1.13571,44863,6
2025-04-15 08:00:00,1.13569,1.13789,1.13139,1.13263,51125,6
2025-04-15 12:00:00,1.13265,1.13413,1.12821,1.12885,64206,7
2025-04-15 16:00:00,1.12888,1.12918,1.12639,1.12822,30882,6
2025-04-15 20:00:00,1.12826,1.1299,1.1279,1.12932,12378,6
2025-04-16 00:00:00,1.1293,1.13433,1.12925,1.1343,38808,8
2025-04-16 04:00:00,1.13431,1.1392,1.13326,1.13868,42400,6
2025-04-16 08:00:00,1.1387,1.1388,1.13379,1.13631,58962,7
2025-04-16 12:00:00,1.13632,1.13865,1.13403,1.13813,58465,8
2025-04-16 16:00:00,1.13815,1.14127,1.1359,1.13864,38818,5
2025-04-16 20:00:00,1.13864,1.1409,1.13816,1.13953,15881,6
2025-04-17 00:00:00,1.13955,1.13967,1.13551,1.1364,27124,7
2025-04-17 04:00:00,1.13639,1.13788,1.13433,1.13766,26180,6
2025-04-17 08:00:00,1.13769,1.13884,1.13556,1.13564,30528,5
2025-04-17 12:00:00,1.13562,1.13855,1.13349,1.13631,64295,9
2025-04-17 16:00:00,1.13633,1.1376,1.13399,1.13731,32978,6
2025-04-17 20:00:00,1.13731,1.13765,1.1358,1.13715,20922,6
2025-04-18 00:00:00,1.13717,1.13853,1.13637,1.13733,63346,22
2025-04-18 04:00:00,1.13731,1.13763,1.13578,1.13694,78441,16
2025-04-18 08:00:00,1.13693,1.13826,1.13668,1.13807,131469,12
2025-04-18 12:00:00,1.13807,1.13972,1.13769,1.13916,88209,12
2025-04-18 16:00:00,1.13914,1.13965,1.13868,1.13935,44326,13
2025-04-18 20:00:00,1.13932,1.1394,1.13898,1.13901,2749,37
2025-04-20 20:00:00,1.13946,1.14582,1.13925,1.14488,22107,47
2025-04-21 00:00:00,1.14491,1.15319,1.14488,1.15148,41268,8
2025-04-21 04:00:00,1.15149,1.15672,1.14987,1.15552,34121,8
2025-04-21 08:00:00,1.15552,1.15729,1.15129,1.15428,42701,8
2025-04-21 12:00:00,1.15427,1.15498,1.14815,1.15069,49436,7
2025-04-21 16:00:00,1.1507,1.15267,1.14934,1.15126,22997,6
2025-04-21 20:00:00,1.15129,1.15249,1.15043,1.15137,10569,7
2025-04-22 00:00:00,1.15139,1.15406,1.14818,1.15346,37349,6
2025-04-22 04:00:00,1.15348,1.1547,1.14831,1.15053,66897,7
2025-04-22 08:00:00,1.15054,1.15151,1.14837,1.14856,39918,6
2025-04-22 12:00:00,1.14856,1.1492,1.14558,1.14647,49420,6
2025-04-22 16:00:00,1.14652,1.14686,1.14196,1.14208,37956,6
2025-04-22 20:00:00,1.14209,1.14298,1.13077,1.13504,39492,5
2025-04-23 00:00:00,1.13502,1.14152,1.1349,1.13789,42037,8
2025-04-23 04:00:00,1.13788,1.14087,1.13705,1.13853,40596,7
2025-04-23 08:00:00,1.13853,1.14399,1.13796,1.14107,38311,8
2025-04-23 12:00:00,1.14106,1.14195,1.13277,1.13487,79022,5
2025-04-23 16:00:00,1.13489,1.13656,1.13151,1.13273,34234,6
2025-04-23 20:00:00,1.13273,1.13468,1.13102,1.13292,13504,7
2025-04-24 00:00:00,1.13293,1.13574,1.13212,1.13379,25169,6
2025-04-24 04:00:00,1.1338,1.13803,1.13304,1.13794,25512,7
2025-04-24 08:00:00,1.13797,1.13944,1.1363,1.13727,33189,8
2025-04-24 12:00:00,1.13726,1.13874,1.13475,1.13606,46214,9
2025-04-24 16:00:00,1.13609,1.13973,1.13576,1.13845,22444,5
2025-04-24 20:00:00,1.13845,1.13975,1.13703,1.13725,10546,5
2025-04-25 00:00:00,1.13725,1.13725,1.13249,1.13258,33876,6
2025-04-25 04:00:00,1.1326,1.1368,1.13155,1.13597,42768,6
2025-04-25 08:00:00,1.13597,1.13665,1.13339,1.13492,31804,5
2025-04-25 12:00:00,1.13492,1.13821,1.13327,1.138,35970,6
2025-04-25 16:00:00,1.13799,1.13885,1.13585,1.13592,17822,5
2025-04-25 20:00:00,1.13592,1.13641,1.13568,1.13628,2941,7
2025-04-27 20:00:00,1.13636,1.13644,1.13398,1.13448,6617,81
2025-04-28 00:00:00,1.13449,1.13664,1.13432,1.13561,14734,5
2025-04-28 04:00:00,1.13556,1.13805,1.13292,1.13483,26336,8
2025-04-28 08:00:00,1.13481,1.13602,1.13352,1.13513,20854,5
2025-04-28 12:00:00,1.13517,1.14137,1.13393,1.13862,42528,5
2025-04-28 16:00:00,1.13859,1.14248,1.13849,1.14216,21531,6
2025-04-28 20:00:00,1.14219,1.14246,1.14006,1.14075,8152,6
2025-04-29 00:00:00,1.14076,1.14199,1.13863,1.13903,20856,6
2025-04-29 04:00:00,1.13904,1.1412,1.13738,1.14035,24488,6
2025-04-29 08:00:00,1.14036,1.14081,1.13709,1.13744,27617,6
2025-04-29 12:00:00,1.13743,1.14173,1.137,1.13958,49123,6
2025-04-29 16:00:00,1.1396,1.14186,1.13758,1.13814,21229,5
2025-04-29 20:00:00,1.13813,1.13955,1.13783,1.13902,7937,6
2025-04-30 00:00:00,1.13904,1.13951,1.13547,1.13685,22351,7
2025-04-30 04:00:00,1.13685,1.13994,1.13657,1.13773,25143,6
2025-04-30 08:00:00,1.13779,1.1385,1.13558,1.1373,29836,8
2025-04-30 12:00:00,1.1373,1.13884,1.1323,1.13479,59951,11
2025-04-30 16:00:00,1.13482,1.13646,1.13281,1.13298,22015,5
2025-04-30 20:00:00,1.13295,1.13311,1.1317,1.13219,10768,6
2025-05-01 00:00:00,1.13221,1.13291,1.12997,1.13118,17299,7
2025-05-01 04:00:00,1.13119,1.1314,1.12874,1.13099,24502,7
2025-05-01 08:00:00,1.13098,1.13409,1.13097,1.13199,22122,5
2025-05-01 12:00:00,1.13199,1.13388,1.12657,1.12789,44796,9
2025-05-01 16:00:00,1.12788,1.12933,1.12727,1.12883,22009,6
2025-05-01 20:00:00,1.12882,1.12988,1.12839,1.12955,8370,6
2025-05-02 00:00:00,1.12955,1.13153,1.1274,1.13126,24165,7
2025-05-02 04:00:00,1.13127,1.13379,1.13009,1.13279,27355,5
2025-05-02 08:00:00,1.13278,1.1355,1.13159,1.13462,32725,7
2025-05-02 12:00:00,1.13464,1.13808,1.1304,1.13287,68962,13
2025-05-02 16:00:00,1.13291,1.13389,1.12922,1.13043,31260,6
2025-05-02 20:00:00,1.13042,1.1305,1.12934,1.12946,2394,6
2025-05-04 20:00:00,1.12987,1.13278,1.12905,1.1321,8833,116
2025-05-05 00:00:00,1.13212,1.13466,1.1314,1.13321,26533,7
2025-05-05 04:00:00,1.13321,1.13473,1.1313,1.13131,33433,6
2025-05-05 08:00:00,1.13127,1.13574,1.13111,1.13423,39566,6
2025-05-05 12:00:00,1.13422,1.13646,1.13123,1.13141,43598,6
2025-05-05 16:00:00,1.13141,1.13208,1.12969,1.13146,26862,6
2025-05-05 20:00:00,1.13147,1.132,1.13097,1.1312,5680,6
2025-05-06 00:00:00,1.13121,1.13172,1.12797,1.13149,31103,7
2025-05-06 04:00:00,1.13148,1.13477,1.13133,1.13387,30421,6
2025-05-06 08:00:00,1.13387,1.13494,1.13051,1.1327,31104,7
2025-05-06 12:00:00,1.13273,1.13694,1.13167,1.13433,38735,5
2025-05-06 16:00:00,1.13434,1.13808,1.13306,1.13724,20394,5
2025-05-06 20:00:00,1.13724,1.13794,1.13258,1.13397,23824,7
2025-05-07 00:00:00,1.13396,1.13514,1.13248,1.13455,37975,8
2025-05-07 04:00:00,1.13456,1.1378,1.13427,1.1362,26450,6
2025-05-07 08:00:00,1.13621,1.13737,1.13469,1.13572,25293,6
2025-05-07 12:00:00,1.13573,1.13708,1.13413,1.13468,35343,6
2025-05-07 16:00:00,1.1347,1.1365,1.13005,1.13065,48609,6
2025-05-07 20:00:00,1.13067,1.13141,1.12917,1.13027,11467,7
2025-05-08 00:00:00,1.13032,1.13361,1.13019,1.1327,26826,6
2025-05-08 04:00:00,1.13271,1.13308,1.12701,1.12971,37228,7
2025-05-08 08:00:00,1.12971,1.13048,1.1275,1.12957,29686,6
2025-05-08 12:00:00,1.12957,1.13202,1.12343,1.12477,57176,8
2025-05-08 16:00:00,1.12477,1.12495,1.12118,1.12259,36552,6
2025-05-08 20:00:00,1.12258,1.12328,1.12197,1.12267,8233,6
2025-05-09 00:00:00,1.12268,1.12332,1.11964,1.12223,30610,7
2025-05-09 04:00:00,1.12226,1.12581,1.1218,1.12515,27623,6
2025-05-09 08:00:00,1.12511,1.12605,1.1242,1.12542,31494,5
2025-05-09 12:00:00,1.12542,1.12928,1.1247,1.12695,32031,5
2025-05-09 16:00:00,1.12695,1.12752,1.12484,1.1257,15731,4
2025-05-09 20:00:00,1.12565,1.12574,1.12456,1.1246,2254,7
2025-05-11 20:00:00,1.119,1.12363,1.119,1.12276,10692,67
2025-05-12 00:00:00,1.12281,1.12426,1.12223,1.12328,23585,7
2025-05-12 04:00:00,1.12327,1.12355,1.10977,1.11048,49386,8
2025-05-12 08:00:00,1.11047,1.11452,1.10718,1.11111,72583,7
2025-05-12 12:00:00,1.1111,1.11346,1.11003,1.11049,48169,5
2025-05-12 16:00:00,1.11051,1.11108,1.10651,1.10919,27594,6
2025-05-12 20:00:00,1.10919,1.10999,1.10833,1.10953,10739,6
2025-05-13 00:00:00,1.10954,1.11168,1.10948,1.11161,26009,7
2025-05-13 04:00:00,1.11163,1.11242,1.11012,1.11156,33553,5
2025-05-13 08:00:00,1.11156,1.11175,1.10968,1.11068,30519,6
2025-05-13 12:00:00,1.11069,1.11776,1.11064,1.11749,49976,10
2025-05-13 16:00:00,1.1175,1.11917,1.11645,1.11897,18653,6
2025-05-13 20:00:00,1.11896,1.11971,1.11813,1.11856,7793,7
2025-05-14 00:00:00,1.11858,1.11976,1.1182,1.11952,28626,7
2025-05-14 04:00:00,1.11952,1.12164,1.11798,1.12148,26550,7
2025-05-14 08:00:00,1.12147,1.12655,1.12125,1.12172,51647,7
2025-05-14 12:00:00,1.12172,1.12352,1.11973,1.12048,55109,5
2025-05-14 16:00:00,1.12049,1.1213,1.11654,1.11672,27899,6
2025-05-14 20:00:00,1.11672,1.1188,1.11645,1.11812,7144,6
2025-05-15 00:00:00,1.11811,1.12012,1.11758,1.11965,25857,8
2025-05-15 04:00:00,1.11965,1.12279,1.11853,1.11971,27610,6
2025-05-15 08:00:00,1.1197,1.1213,1.1179,1.11825,26228,6
2025-05-15 12:00:00,1.11828,1.12236,1.11727,1.11879,45598,9
2025-05-15 16:00:00,1.11879,1.11906,1.117,1.11836,18265,6
2025-05-15 20:00:00,1.11835,1.11937,1.11796,1.11918,7083,6
2025-05-16 00:00:00,1.11915,1.12086,1.11902,1.12002,22473,7
2025-05-16 04:00:00,1.12004,1.12195,1.11961,1.12084,25980,5
2025-05-16 08:00:00,1.12084,1.1209,1.11878,1.11944,24820,6
2025-05-16 12:00:00,1.11942,1.12058,1.11399,1.11403,38223,7
2025-05-16 16:00:00,1.11401,1.11584,1.11308,1.11489,19618,5
2025-05-16 20:00:00,1.11488,1.11657,1.11446,1.11612,3907,6
2025-05-18 20:00:00,1.11749,1.11939,1.11711,1.11884,7868,83
2025-05-19 00:00:00,1.11885,1.11988,1.11721,1.1181,23709,7
2025-05-19 04:00:00,1.11809,1.12448,1.11761,1.12383,29992,5
2025-05-19 08:00:00,1.12386,1.12879,1.12357,1.12727,40142,6
2025-05-19 12:00:00,1.12728,1.12733,1.12333,1.1236,40793,5
2025-05-19 16:00:00,1.1236,1.12418,1.12239,1.124,15192,5
2025-05-19 20:00:00,1.12399,1.12447,1.12314,1.12321,3883,6
2025-05-20 00:00:00,1.1232,1.12512,1.12178,1.12449,21870,7
2025-05-20 04:00:00,1.12448,1.12778,1.12403,1.12762,28972,5
2025-05-20 08:00:00,1.1276,1.12762,1.12429,1.12457,29327,5
2025-05-20 12:00:00,1.12458,1.12697,1.12235,1.12528,29962,4
2025-05-20 16:00:00,1.12528,1.12825,1.1245,1.12804,19284,5
2025-05-20 20:00:00,1.12806,1.129,1.12782,1.12881,5742,6
2025-05-21 00:00:00,1.12881,1.13398,1.12866,1.1334,21089,6
2025-05-21 04:00:00,1.13339,1.1353,1.1314,1.13233,25236,5
2025-05-21 08:00:00,1.13231,1.1362,1.13121,1.13235,26947,4
2025-05-21 12:00:00,1.13235,1.13543,1.13172,1.13424,34697,4
2025-05-21 16:00:00,1.13426,1.13628,1.13181,1.13188,40824,5
2025-05-21 20:00:00,1.13187,1.13322,1.13107,1.13318,12078,5
2025-05-22 00:00:00,1.13318,1.13448,1.13172,1.1333,28063,6
2025-05-22 04:00:00,1.1333,1.13417,1.12953,1.1321,32912,5
2025-05-22 08:00:00,1.13209,1.13347,1.12902,1.13085,34259,5
2025-05-22 12:00:00,1.13086,1.13148,1.12657,1.12803,40992,6
2025-05-22 16:00:00,1.12801,1.12878,1.12558,1.12784,22072,5
2025-05-22 20:00:00,1.12786,1.12888,1.12768,1.12819,5078,7
2025-05-23 00:00:00,1.12818,1.13186,1.12787,1.13112,18562,7
2025-05-23 04:00:00,1.13112,1.13439,1.13077,1.13395,24657,6
2025-05-23 08:00:00,1.13394,1.13754,1.12984,1.13212,33318,5
2025-05-23 12:00:00,1.13213,1.13593,1.12973,1.13491,47153,5
2025-05-23 16:00:00,1.13495,1.13691,1.1341,1.13633,18699,5
2025-05-23 20:00:00,1.13633,1.13681,1.1359,1.13592,2331,7
2025-05-25 20:00:00,1.13617,1.13816,1.13585,1.13744,12730,70
2025-05-26 00:00:00,1.13747,1.14185,1.13743,1.14114,34740,7
2025-05-26 04:00:00,1.14114,1.14183,1.13883,1.13889,25055,5
2025-05-26 08:00:00,1.13893,1.13952,1.13739,1.13768,19718,5
2025-05-26 12:00:00,1.13769,1.13854,1.13688,1.13809,17408,5
2025-05-26 16:00:00,1.1381,1.13853,1.13757,1.13852,5367,6
2025-05-26 20:00:00,1.13852,1.13946,1.13786,1.13883,5919,8
2025-05-27 00:00:00,1.13885,1.14071,1.13878,1.13934,19055,6
2025-05-27 04:00:00,1.13935,1.13977,1.1337,1.13406,33809,5
2025-05-27 08:00:00,1.13407,1.13578,1.13387,1.13509,26062,4
2025-05-27 12:00:00,1.13511,1.13753,1.1323,1.13251,32116,6
2025-05-27 16:00:00,1.13252,1.13386,1.13232,1.13307,25827,5
2025-05-27 20:00:00,1.13306,1.13378,1.13242,1.13366,8585,5
2025-05-28 00:00:00,1.13367,1.13454,1.13004,1.13072,30341,7
2025-05-28 04:00:00,1.13072,1.13309,1.12953,1.13264,27032,6
2025-05-28 08:00:00,1.13264,1.13406,1.13164,1.13177,25970,5
2025-05-28 12:00:00,1.13177,1.13246,1.12837,1.12844,43157,4
2025-05-28 16:00:00,1.12848,1.13007,1.12839,1.12892,24197,5
2025-05-28 20:00:00,1.12893,1.12969,1.12103,1.12296,21744,5
2025-05-29 00:00:00,1.12294,1.12568,1.1223,1.12484,42916,7
2025-05-29 04:00:00,1.12484,1.12826,1.12309,1.12755,29586,5
2025-05-29 08:00:00,1.12755,1.12911,1.12619,1.12709,23183,5
2025-05-29 12:00:00,1.12708,1.13705,1.12708,1.13694,43217,9
2025-05-29 16:00:00,1.13694,1.13843,1.13615,1.13665,24709,4
2025-05-29 20:00:00,1.13667,1.13791,1.13606,1.13765,10669,6
2025-05-30 00:00:00,1.13768,1.13897,1.13456,1.13494,32058,6
2025-05-30 04:00:00,1.13496,1.13544,1.13276,1.13375,27510,6
2025-05-30 08:00:00,1.13379,1.13445,1.13231,1.1338,24138,7
2025-05-30 12:00:00,1.13378,1.13584,1.13123,1.13461,45495,9
2025-05-30 16:00:00,1.13461,1.13669,1.13433,1.13563,27656,5
2025-05-30 20:00:00,1.13562,1.13562,1.13447,1.13453,3768,6
2025-06-01 20:00:00,1.13439,1.13602,1.13435,1.13526,9269,88
2025-06-02 00:00:00,1.13527,1.13819,1.13524,1.13616,23394,7
2025-06-02 04:00:00,1.13617,1.14367,1.13596,1.14236,24941,6
2025-06-02 08:00:00,1.14237,1.14368,1.14092,1.14141,25150,4
2025-06-02 12:00:00,1.1414,1.14498,1.14042,1.14304,31801,4
2025-06-02 16:00:00,1.14305,1.14455,1.14116,1.14451,23545,5
2025-06-02 20:00:00,1.14451,1.14538,1.14367,1.14531,10673,4
2025-06-03 00:00:00,1.1453,1.14544,1.14158,1.14196,24157,6
2025-06-03 04:00:00,1.14196,1.14322,1.14119,1.14157,22030,4
2025-06-03 08:00:00,1.14157,1.14184,1.13862,1.13904,21356,4
2025-06-03 12:00:00,1.13906,1.1395,1.13639,1.13718,32663,4
2025-06-03 16:00:00,1.1372,1.13833,1.13674,1.13684,15178,5
2025-06-03 20:00:00,1.13684,1.13859,1.13681,1.1384,7217,5
2025-06-04 00:00:00,1.13838,1.13931,1.13654,1.13676,34968,5
2025-06-04 04:00:00,1.13677,1.13969,1.13568,1.13865,31530,5
2025-06-04 08:00:00,1.13864,1.14039,1.13747,1.13791,19999,4
2025-06-04 12:00:00,1.13792,1.14344,1.13792,1.14233,38807,5
2025-06-04 16:00:00,1.14234,1.14343,1.14121,1.14122,13675,4
2025-06-04 20:00:00,1.14122,1.14285,1.14101,1.14205,6290,6
2025-06-05 00:00:00,1.14209,1.14347,1.14087,1.14104,22068,7
2025-06-05 04:00:00,1.14103,1.1425,1.14045,1.14118,24523,6
2025-06-05 08:00:00,1.1412,1.14326,1.14089,1.1426,20034,6
2025-06-05 12:00:00,1.1426,1.14948,1.14129,1.14389,55965,6
2025-06-05 16:00:00,1.14391,1.14481,1.1431,1.14379,24460,5
2025-06-05 20:00:00,1.1438,1.14536,1.14352,1.14533,10359,5
2025-06-06 00:00:00,1.14532,1.14572,1.14328,1.14401,22482,6
2025-06-06 04:00:00,1.144,1.14424,1.14214,1.14267,20901,6
2025-06-06 08:00:00,1.14266,1.14292,1.14108,1.14178,21760,4
2025-06-06 12:00:00,1.14178,1.14312,1.13715,1.13965,57318,13
2025-06-06 16:00:00,1.13963,1.14019,1.13844,1.1396,18710,5
2025-06-06 20:00:00,1.13958,1.13976,1.13907,1.13935,1748,6
2025-06-08 20:00:00,1.13952,1.14111,1.13903,1.14061,4788,65
2025-06-09 00:00:00,1.14063,1.14253,1.13927,1.14119,19893,7
2025-06-09 04:00:00,1.14118,1.14295,1.14108,1.14222,19818,6
2025-06-09 08:00:00,1.14222,1.14391,1.14055,1.14172,20456,5
2025-06-09 12:00:00,1.14174,1.14254,1.13864,1.14242,24562,4
2025-06-09 16:00:00,1.14243,1.14307,1.14152,1.14228,10902,4
2025-06-09 20:00:00,1.14226,1.14283,1.14171,1.14261,3238,5
2025-06-10 00:00:00,1.1426,1.14355,1.13859,1.14029,18536,6
2025-06-10 04:00:00,1.14029,1.14146,1.13729,1.1392,26365,5
2025-06-10 08:00:00,1.1392,1.14341,1.13912,1.1429,22773,4
2025-06-10 12:00:00,1.14291,1.14475,1.14156,1.14223,23969,4
2025-06-10 16:00:00,1.14223,1.14364,1.14159,1.14258,12994,5
2025-06-10 20:00:00,1.14257,1.14393,1.14191,1.14372,9985,6
2025-06-11 00:00:00,1.14375,1.14387,1.14061,1.14161,12415,5
2025-06-11 04:00:00,1.14162,1.14236,1.14052,1.14195,16906,7
2025-06-11 08:00:00,1.14195,1.14457,1.14182,1.14325,15353,3
2025-06-11 12:00:00,1.14327,1.14903,1.14281,1.14892,37326,11
2025-06-11 16:00:00,1.14891,1.14994,1.14792,1.14827,15673,4
2025-06-11 20:00:00,1.14828,1.15129,1.148,1.15099,9421,5
2025-06-12 00:00:00,1.15102,1.15291,1.15017,1.15196,16432,6
2025-06-12 04:00:00,1.15196,1.15326,1.15056,1.15263,21670,6
2025-06-12 08:00:00,1.15262,1.16105,1.1523,1.15894,33431,4
2025-06-12 12:00:00,1.15894,1.16311,1.15673,1.15768,38252,8
2025-06-12 16:00:00,1.15769,1.15806,1.15636,1.1576,16443,4
2025-06-12 20:00:00,1.15759,1.16093,1.15755,1.16084,7143,4
2025-06-13 00:00:00,1.16083,1.16143,1.15275,1.1537,47926,8
2025-06-13 04:00:00,1.15371,1.15603,1.15117,1.15355,37079,5
2025-06-13 08:00:00,1.15354,1.15468,1.1489,1.151,30857,5
2025-06-13 12:00:00,1.15098,1.15694,1.15011,1.1556,31391,4
2025-06-13 16:00:00,1.1556,1.15659,1.15334,1.15499,19557,4
2025-06-13 20:00:00,1.15497,1.15529,1.15377,1.15457,3950,7
2025-06-15 20:00:00,1.15309,1.15469,1.15256,1.15376,13637,37
2025-06-16 00:00:00,1.15376,1.15463,1.15238,1.15272,24960,6
2025-06-16 04:00:00,1.15273,1.15865,1.15273,1.15786,28973,4
2025-06-16 08:00:00,1.15789,1.15858,1.15696,1.15728,22981,6
2025-06-16 12:00:00,1.15729,1.16147,1.15707,1.15799,31607,6
2025-06-16 16:00:00,1.15801,1.15859,1.15547,1.15554,17530,5
2025-06-16 20:00:00,1.15552,1.15636,1.15489,1.15534,9887,6
2025-06-17 00:00:00,1.15536,1.15638,1.15423,1.15619,25681,7
2025-06-17 04:00:00,1.1562,1.15723,1.15453,1.15578,27300,6
2025-06-17 08:00:00,1.15578,1.15735,1.15499,1.15617,18966,4
2025-06-17 12:00:00,1.15618,1.15796,1.15105,1.15341,34041,7
2025-06-17 16:00:00,1.15339,1.15391,1.14749,1.14843,31128,4
2025-06-17 20:00:00,1.14844,1.14858,1.14743,1.14816,6829,5
2025-06-18 00:00:00,1.14817,1.15049,1.14807,1.14997,23178,6
2025-06-18 04:00:00,1.15,1.15234,1.14965,1.15132,20963,6
2025-06-18 08:00:00,1.15131,1.15161,1.14917,1.15074,16744,4
2025-06-18 12:00:00,1.15072,1.153,1.1484,1.15203,32962,5
2025-06-18 16:00:00,1.15202,1.15289,1.14608,1.14742,50278,4
2025-06-18 20:00:00,1.14741,1.14887,1.14707,1.14758,8901,6
2025-06-19 00:00:00,1.14758,1.14835,1.14502,1.14657,24681,5
2025-06-19 04:00:00,1.1466,1.14768,1.14461,1.14614,18716,4
2025-06-19 08:00:00,1.14613,1.14874,1.14564,1.1481,22756,4
2025-06-19 12:00:00,1.14807,1.1486,1.14583,1.14597,20127,4
2025-06-19 16:00:00,1.14596,1.14999,1.14545,1.14974,7388,5
2025-06-19 20:00:00,1.14974,1.15125,1.14914,1.15113,8127,7
2025-06-20 00:00:00,1.15112,1.15302,1.15105,1.15293,21531,6
2025-06-20 04:00:00,1.15292,1.15323,1.15099,1.15163,22858,6
2025-06-20 08:00:00,1.15162,1.15349,1.15114,1.15211,15442,5
2025-06-20 12:00:00,1.1521,1.15287,1.1495,1.15195,27409,4
2025-06-20 16:00:00,1.15196,1.15439,1.15153,1.15156,13219,4
2025-06-20 20:00:00,1.15155,1.15227,1.15137,1.15189,2021,5
2025-06-22 20:00:00,1.14602,1.15073,1.14544,1.14995,10412,49
2025-06-23 00:00:00,1.14995,1.15066,1.1472,1.14939,24433,6
2025-06-23 04:00:00,1.14937,1.15211,1.1485,1.14986,24375,4
2025-06-23 08:00:00,1.14985,1.15019,1.14533,1.14727,29122,6
2025-06-23 12:00:00,1.14726,1.15519,1.1457,1.15371,44561,4
2025-06-23 16:00:00,1.15371,1.15787,1.15177,1.15782,27944,4
2025-06-23 20:00:00,1.15783,1.16082,1.1574,1.15979,16063,5
2025-06-24 00:00:00,1.15977,1.16096,1.15865,1.16056,21471,6
2025-06-24 04:00:00,1.16056,1.16221,1.15798,1.15918,30897,6
2025-06-24 08:00:00,1.15909,1.16178,1.15853,1.16084,19723,6
2025-06-24 12:00:00,1.16082,1.16417,1.1582,1.16071,34959,3
2025-06-24 16:00:00,1.16072,1.16324,1.16049,1.16124,16103,4
2025-06-24 20:00:00,1.16125,1.16156,1.16042,1.16121,6512,5
2025-06-25 00:00:00,1.1612,1.16314,1.16109,1.16116,17997,5
2025-06-25 04:00:00,1.16117,1.16224,1.15898,1.15987,18687,5
2025-06-25 08:00:00,1.15988,1.16132,1.1592,1.15993,14947,5
2025-06-25 12:00:00,1.15991,1.16296,1.15901,1.16198,21953,3
2025-06-25 16:00:00,1.16196,1.1665,1.16195,1.16582,15323,6
2025-06-25 20:00:00,1.16583,1.16845,1.16509,1.16831,7867,6
2025-06-26 00:00:00,1.16832,1.17174,1.16673,1.16945,14483,6
2025-06-26 04:00:00,1.16945,1.17132,1.16716,1.17101,20916,5
2025-06-26 08:00:00,1.17101,1.17449,1.16938,1.16946,21423,4
2025-06-26 12:00:00,1.16949,1.17209,1.16898,1.17167,33609,9
2025-06-26 16:00:00,1.17168,1.17401,1.1704,1.17044,13551,3
2025-06-26 20:00:00,1.17044,1.17084,1.16806,1.1693,8734,6
2025-06-27 00:00:00,1.16931,1.17093,1.16859,1.16959,17644,5
2025-06-27 04:00:00,1.16958,1.17269,1.16837,1.17145,13854,5
2025-06-27 08:00:00,1.17147,1.1726,1.17011,1.1714,14073,4
2025-06-27 12:00:00,1.17141,1.17539,1.17029,1.17235,30064,8
2025-06-27 16:00:00,1.17233,1.17321,1.16879,1.17066,17937,4
2025-06-27 20:00:00,1.17063,1.17205,1.17058,1.17162,2954,5
2025-06-29 20:00:00,1.17287,1.17385,1.17215,1.17263,6397,51
2025-06-30 00:00:00,1.17264,1.17347,1.17115,1.17121,15917,7
2025-06-30 04:00:00,1.17123,1.17506,1.1712,1.17246,17644,4
2025-06-30 08:00:00,1.17243,1.17328,1.17135,1.17224,15991,4
2025-06-30 12:00:00,1.17227,1.17716,1.17075,1.17697,34022,5
2025-06-30 16:00:00,1.17694,1.17805,1.17488,1.17795,13930,4
2025-06-30 20:00:00,1.17796,1.17907,1.17774,1.17863,7890,5
2025-07-01 00:00:00,1.17862,1.18076,1.17776,1.17892,16252,5
2025-07-01 04:00:00,1.17894,1.17937,1.17673,1.17858,14993,7
2025-07-01 08:00:00,1.17856,1.18298,1.17743,1.18139,24351,5
2025-07-01 12:00:00,1.18137,1.18174,1.17689,1.17758,31664,4
2025-07-01 16:00:00,1.17757,1.17913,1.17611,1.17909,18624,4
2025-07-01 20:00:00,1.17908,1.18068,1.17906,1.1805,9291,5
2025-07-02 00:00:00,1.18048,1.18098,1.1788,1.18002,15829,5
2025-07-02 04:00:00,1.18001,1.18011,1.17708,1.17738,14194,3
2025-07-02 08:00:00,1.17737,1.17814,1.17467,1.17494,16850,4
2025-07-02 12:00:00,1.17494,1.17898,1.1747,1.17891,43853,5
2025-07-02 16:00:00,1.17891,1.18031,1.17855,1.18021,13867,4
2025-07-02 20:00:00,1.18021,1.18023,1.17869,1.17985,5131,6
2025-07-03 00:00:00,1.17985,1.181,1.1789,1.17916,10690,7
2025-07-03 04:00:00,1.17914,1.18099,1.17868,1.18012,16251,3
2025-07-03 08:00:00,1.18013,1.18082,1.1783,1.17847,16854,5
2025-07-03 12:00:00,1.17848,1.17897,1.17169,1.17568,52417,10
2025-07-03 16:00:00,1.1757,1.17582,1.17399,1.17476,6921,4
2025-07-03 20:00:00,1.17475,1.17712,1.17464,1.17688,5460,4
2025-07-04 00:00:00,1.1769,1.17725,1.17561,1.17701,11929,6
2025-07-04 04:00:00,1.177,1.17854,1.17675,1.17696,13914,7
2025-07-04 08:00:00,1.17698,1.1782,1.17679,1.17687,13172,4
2025-07-04 12:00:00,1.17689,1.17873,1.17636,1.17783,9290,4
2025-07-04 16:00:00,1.17783,1.17815,1.17718,1.17748,20130,7
2025-07-04 20:00:00,1.17747,1.17829,1.17719,1.17719,15668,17
2025-07-06 20:00:00,1.17793,1.17825,1.17732,1.178,2635,86
2025-07-07 00:00:00,1.17805,1.17901,1.17644,1.17689,10371,4
2025-07-07 04:00:00,1.17689,1.17737,1.17452,1.17456,16328,6
2025-07-07 08:00:00,1.17455,1.17473,1.1722,1.17294,18194,4
2025-07-07 12:00:00,1.17293,1.17453,1.17179,1.17327,17581,5
2025-07-07 16:00:00,1.1733,1.17396,1.16868,1.17193,35909,4
2025-07-07 20:00:00,1.17193,1.17386,1.17063,1.17363,8464,5
2025-07-08 00:00:00,1.17365,1.17487,1.17305,1.17467,16176,6
2025-07-08 04:00:00,1.17467,1.1765,1.17315,1.17599,15445,5
2025-07-08 08:00:00,1.17598,1.17605,1.17212,1.17218,14284,3
2025-07-08 12:00:00,1.17217,1.17244,1.16825,1.17067,38354,3
2025-07-08 16:00:00,1.17067,1.17296,1.16962,1.17243,16695,5
2025-07-08 20:00:00,1.17242,1.17291,1.17135,1.17233,7998,6
2025-07-09 00:00:00,1.17233,1.17258,1.17027,1.17038,21263,7
2025-07-09 04:00:00,1.17035,1.17284,1.17015,1.17076,13829,6
2025-07-09 08:00:00,1.17073,1.17199,1.16895,1.16909,16316,4
2025-07-09 12:00:00,1.16911,1.17245,1.16911,1.1706,22867,5
2025-07-09 16:00:00,1.17062,1.17232,1.17007,1.1719,8397,3
2025-07-09 20:00:00,1.17188,1.17396,1.17117,1.17378,4284,5
2025-07-10 00:00:00,1.17375,1.17494,1.17336,1.17338,13450,5
2025-07-10 04:00:00,1.17339,1.17433,1.1726,1.17331,11684,5
2025-07-10 08:00:00,1.17329,1.17343,1.17079,1.17114,26048,4
2025-07-10 12:00:00,1.17117,1.17146,1.16623,1.16872,35767,8
2025-07-10 16:00:00,1.16873,1.16989,1.16815,1.16955,15738,3
2025-07-10 20:00:00,1.16955,1.17071,1.16944,1.17018,5067,4
2025-07-11 00:00:00,1.17016,1.17047,1.16645,1.16817,18300,6
2025-07-11 04:00:00,1.16815,1.16958,1.16691,1.16889,13674,4
2025-07-11 08:00:00,1.1689,1.17011,1.16794,1.16878,17166,4
2025-07-11 12:00:00,1.16876,1.17138,1.16741,1.16961,22478,3
2025-07-11 16:00:00,1.16958,1.16978,1.16856,1.16878,11384,3
2025-07-11 20:00:00,1.1688,1.16936,1.16787,1.16852,2600,4
2025-07-13 20:00:00,1.16658,1.16843,1.16611,1.16822,6001,65
2025-07-14 00:00:00,1.16822,1.16978,1.16725,1.16809,12089,6
2025-07-14 04:00:00,1.16808,1.16874,1.16541,1.16857,12251,4
2025-07-14 08:00:00,1.16855,1.1697,1.16793,1.16887,15401,4
2025-07-14 12:00:00,1.16885,1.16958,1.16668,1.1671,16396,3
2025-07-14 16:00:00,1.1671,1.16756,1.1659,1.16678,23197,7
2025-07-14 20:00:00,1.16679,1.16689,1.166,1.1665,4424,4
2025-07-15 00:00:00,1.1665,1.16775,1.16646,1.16756,15725,7
2025-07-15 04:00:00,1.16758,1.16925,1.16716,1.16903,11612,5
2025-07-15 08:00:00,1.16902,1.16912,1.16675,1.16695,10959,4
2025-07-15 12:00:00,1.16694,1.1691,1.16007,1.16178,59124,8
2025-07-15 16:00:00,1.16179,1.16203,1.15927,1.16008,18328,4
2025-07-15 20:00:00,1.16007,1.16077,1.1597,1.1607,3370,4
2025-07-16 00:00:00,1.16073,1.16152,1.16023,1.16108,10338,5
2025-07-16 04:00:00,1.16109,1.16281,1.161,1.16184,14838,6
2025-07-16 08:00:00,1.16182,1.16264,1.16008,1.16034,14300,5
2025-07-16 12:00:00,1.16036,1.17212,1.15623,1.16286,72226,6
2025-07-16 16:00:00,1.16281,1.16584,1.16155,1.16357,29033,6
2025-07-16 20:00:00,1.16356,1.16425,1.16328,1.16353,8444,6
2025-07-17 00:00:00,1.16353,1.16361,1.16136,1.16188,30488,6
2025-07-17 04:00:00,1.16189,1.16271,1.15733,1.15905,19351,6
2025-07-17 08:00:00,1.15905,1.16052,1.157,1.15744,11546,5
2025-07-17 12:00:00,1.15743,1.16024,1.15566,1.15962,29199,9
2025-07-17 16:00:00,1.15962,1.16018,1.15799,1.15975,10875,3
2025-07-17 20:00:00,1.15974,1.16196,1.15901,1.1615,5718,5
2025-07-18 00:00:00,1.16151,1.1634,1.16143,1.16237,10072,4
2025-07-18 04:00:00,1.16237,1.16312,1.16119,1.16288,9968,3
2025-07-18 08:00:00,1.16287,1.16478,1.16281,1.16442,14190,4
2025-07-18 12:00:00,1.16442,1.16716,1.16427,1.16445,28936,4
2025-07-18 16:00:00,1.16446,1.16487,1.1617,1.16223,10565,4
2025-07-18 20:00:00,1.16219,1.1628,1.16189,1.16207,1900,4
2025-07-20 20:00:00,1.16236,1.1634,1.16221,1.16294,4812,141
2025-07-21 00:00:00,1.16296,1.16362,1.16145,1.16253,9696,7
2025-07-21 04:00:00,1.16251,1.16472,1.1623,1.16434,19496,3
2025-07-21 08:00:00,1.16433,1.16698,1.16336,1.16676,19763,4
2025-07-21 12:00:00,1.16674,1.17166,1.16577,1.17045,21946,4
2025-07-21 16:00:00,1.17045,1.17055,1.16858,1.16894,9724,4
2025-07-21 20:00:00,1.16893,1.16966,1.16881,1.16945,3984,3
2025-07-22 00:00:00,1.1695,1.16955,1.16823,1.16871,8294,6
2025-07-22 04:00:00,1.16873,1.16944,1.16815,1.16857,10377,6
2025-07-22 08:00:00,1.16857,1.17092,1.16837,1.17014,14057,6
2025-07-22 12:00:00,1.17013,1.17488,1.16788,1.17477,28342,4
2025-07-22 16:00:00,1.1748,1.17607,1.17417,1.17514,10290,4
2025-07-22 20:00:00,1.17513,1.17559,1.17361,1.17378,5794,4
2025-07-23 00:00:00,1.17377,1.17488,1.17303,1.17387,14323,6
2025-07-23 04:00:00,1.17389,1.17527,1.17273,1.17419,13911,5
2025-07-23 08:00:00,1.17419,1.17479,1.17229,1.17257,16893,4
2025-07-23 12:00:00,1.17257,1.17579,1.17109,1.17466,23312,4
2025-07-23 16:00:00,1.17467,1.17749,1.17429,1.17732,21020,6
2025-07-23 20:00:00,1.17733,1.17789,1.17662,1.17733,6648,3
2025-07-24 00:00:00,1.17732,1.178,1.17621,1.1775,15235,5
2025-07-24 04:00:00,1.17748,1.17781,1.1755,1.17612,12716,4
2025-07-24 08:00:00,1.17617,1.17679,1.17433,1.17558,13348,6
2025-07-24 12:00:00,1.17558,1.17887,1.17303,1.17645,32190,7
2025-07-24 16:00:00,1.17647,1.17779,1.17568,1.17581,10054,3
2025-07-24 20:00:00,1.1758,1.17599,1.1735,1.17545,6171,3
2025-07-25 00:00:00,1.17548,1.17585,1.17339,1.17425,10637,4
2025-07-25 04:00:00,1.17423,1.17609,1.17344,1.17524,14747,5
2025-07-25 08:00:00,1.17524,1.17578,1.17112,1.17208,20535,6
2025-07-25 12:00:00,1.17211,1.17386,1.17028,1.17287,27356,7
2025-07-25 16:00:00,1.17292,1.17469,1.17202,1.17436,9210,4
2025-07-25 20:00:00,1.17436,1.17437,1.17374,1.17396,1937,5
2025-07-27 20:00:00,1.17552,1.17686,1.17507,1.17554,4394,35
2025-07-28 00:00:00,1.17554,1.177,1.17463,1.17562,9513,6
2025-07-28 04:00:00,1.17563,1.17579,1.16703,1.16745,18317,6
2025-07-28 08:00:00,1.16745,1.16902,1.16435,1.1651,23154,4
2025-07-28 12:00:00,1.16511,1.16649,1.16078,1.16086,27741,5
2025-07-28 16:00:00,1.16088,1.16107,1.15851,1.15915,11412,3
2025-07-28 20:00:00,1.15915,1.15965,1.1585,1.15963,4237,3
2025-07-29 00:00:00,1.1596,1.15989,1.15814,1.15829,12376,4
2025-07-29 04:00:00,1.15827,1.15902,1.15265,1.15547,21395,4
2025-07-29 08:00:00,1.15545,1.15884,1.15372,1.15399,19412,4
2025-07-29 12:00:00,1.15399,1.15515,1.15188,1.15333,33037,4
2025-07-29 16:00:00,1.15335,1.15605,1.15335,1.15498,15786,4
2025-07-29 20:00:00,1.155,1.15524,1.15438,1.15506,4369,5
2025-07-30 00:00:00,1.15506,1.15725,1.15504,1.15616,27992,5
2025-07-30 04:00:00,1.15615,1.15685,1.15399,1.1553,17686,4
2025-07-30 08:00:00,1.15531,1.15605,1.15218,1.15308,21796,6
2025-07-30 12:00:00,1.15311,1.15345,1.1458,1.14686,40548,10
2025-07-30 16:00:00,1.14688,1.15031,1.14141,1.14238,33956,3
2025-07-30 20:00:00,1.14238,1.14305,1.14008,1.14278,12105,6
2025-07-31 00:00:00,1.14278,1.14379,1.14073,1.14233,11369,7
2025-07-31 04:00:00,1.14232,1.14606,1.14193,1.14484,15228,5
2025-07-31 08:00:00,1.14484,1.14548,1.14207,1.14486,16689,6
2025-07-31 12:00:00,1.14489,1.1451,1.14058,1.14301,32159,12
2025-07-31 16:00:00,1.14299,1.1433,1.14121,1.14121,11705,3
2025-07-31 20:00:00,1.14122,1.14259,1.14093,1.14217,9275,6
2025-08-01 00:00:00,1.14217,1.14288,1.14047,1.14181,10367,4
2025-08-01 04:00:00,1.14182,1.1438,1.14124,1.14185,10191,5
2025-08-01 08:00:00,1.14184,1.14223,1.13929,1.14045,14523,5
2025-08-01 12:00:00,1.14045,1.15879,1.13915,1.15544,83326,20
2025-08-01 16:00:00,1.15541,1.1582,1.15163,1.15687,23351,4
2025-08-01 20:00:00,1.15687,1.15969,1.15686,1.1583,5849,4
2025-08-03 20:00:00,1.1591,1.15963,1.15779,1.15876,6442,30
2025-08-04 00:00:00,1.15876,1.15887,1.15501,1.15792,13267,5
2025-08-04 04:00:00,1.1579,1.15853,1.15505,1.15636,17982,6
2025-08-04 08:00:00,1.15638,1.15863,1.15497,1.15666,23050,4
2025-08-04 12:00:00,1.15668,1.15885,1.15568,1.15667,31244,4
2025-08-04 16:00:00,1.15669,1.15776,1.15567,1.15678,10755,5
2025-08-04 20:00:00,1.15679,1.15854,1.15653,1.15838,4871,4
2025-08-05 00:00:00,1.1584,1.15876,1.15539,1.15552,15854,7
2025-08-05 04:00:00,1.1555,1.15621,1.15333,1.15459,15909,6
2025-08-05 08:00:00,1.15457,1.15489,1.15277,1.15391,18381,4
2025-08-05 12:00:00,1.15392,1.15846,1.153,1.15793,32219,6
2025-08-05 16:00:00,1.15792,1.1586,1.15661,1.15725,10017,4
2025-08-05 20:00:00,1.15724,1.15813,1.15708,1.15784,3992,5
2025-08-06 00:00:00,1.15781,1.15852,1.15642,1.15799,9680,4
2025-08-06 04:00:00,1.15799,1.15882,1.15711,1.15809,12792,4
2025-08-06 08:00:00,1.15808,1.16148,1.15705,1.1604,14623,4
2025-08-06 12:00:00,1.16039,1.16469,1.16001,1.16462,28885,5
2025-08-06 16:00:00,1.16461,1.16683,1.16306,1.16564,12680,5
2025-08-06 20:00:00,1.16564,1.16658,1.165,1.1663,8118,4
2025-08-07 00:00:00,1.16628,1.16651,1.16495,1.16643,15034,6
2025-08-07 04:00:00,1.16643,1.16911,1.16628,1.16897,12449,5
2025-08-07 08:00:00,1.16893,1.16986,1.16341,1.16445,24597,5
2025-08-07 12:00:00,1.16442,1.16625,1.16108,1.16396,54931,8
2025-08-07 16:00:00,1.16396,1.16564,1.16189,1.16543,15958,3
2025-08-07 20:00:00,1.16546,1.16781,1.16544,1.16768,8319,4
2025-08-08 00:00:00,1.16768,1.16792,1.16548,1.16597,18751,6
2025-08-08 04:00:00,1.16596,1.16644,1.16388,1.1659,11538,5
2025-08-08 08:00:00,1.16592,1.16627,1.16287,1.16437,15921,3
2025-08-08 12:00:00,1.16434,1.16677,1.16375,1.16598,18669,4
2025-08-08 16:00:00,1.16598,1.16667,1.16363,1.16425,11620,3
2025-08-08 20:00:00,1.16425,1.16433,1.16368,1.16368,2489,4
2025-08-10 20:00:00,1.16444,1.16508,1.16426,1.16475,2969,49
2025-08-11 00:00:00,1.16474,1.16754,1.16417,1.16713,10011,4
2025-08-11 04:00:00,1.16712,1.16753,1.1646,1.1647,13330,5
2025-08-11 08:00:00,1.16469,1.16604,1.1623,1.16285,15178,5
2025-08-11 12:00:00,1.16286,1.1631,1.159,1.16064,59140,4
2025-08-11 16:00:00,1.16064,1.16141,1.15986,1.16048,15657,4
2025-08-11 20:00:00,1.16047,1.16194,1.16041,1.1616,5808,6
2025-08-12 00:00:00,1.16162,1.16254,1.16116,1.16207,10702,6
2025-08-12 04:00:00,1.16205,1.1629,1.16078,1.16203,22704,6
2025-08-12 08:00:00,1.16203,1.16222,1.15986,1.16051,13067,3
2025-08-12 12:00:00,1.16053,1.16971,1.16011,1.16721,54212,12
2025-08-12 16:00:00,1.16721,1.16858,1.16644,1.16745,15321,5
2025-08-12 20:00:00,1.16744,1.16791,1.16689,1.16775,4854,4
2025-08-13 00:00:00,1.16774,1.16875,1.16703,1.16838,13365,6
2025-08-13 04:00:00,1.16836,1.17126,1.16766,1.17079,19053,6
2025-08-13 08:00:00,1.17079,1.17301,1.1707,1.17187,16557,4
2025-08-13 12:00:00,1.17188,1.17234,1.16928,1.17134,21285,5
2025-08-13 16:00:00,1.17136,1.17149,1.16957,1.16993,8716,3
2025-08-13 20:00:00,1.16992,1.17123,1.1699,1.1712,5740,5
2025-08-14 00:00:00,1.1712,1.1715,1.16988,1.17033,18788,5
2025-08-14 04:00:00,1.17033,1.17064,1.16777,1.16798,18286,5
2025-08-14 08:00:00,1.16796,1.16972,1.16678,1.16879,21822,5
2025-08-14 12:00:00,1.1688,1.16922,1.16373,1.1643,55415,9
2025-08-14 16:00:00,1.1643,1.16503,1.16309,1.1648,12106,3
2025-08-14 20:00:00,1.16481,1.16528,1.16446,1.16504,4017,4
2025-08-15 00:00:00,1.16506,1.16644,1.16467,1.16599,10440,4
2025-08-15 04:00:00,1.166,1.1684,1.16589,1.16826,9549,4
2025-08-15 08:00:00,1.16825,1.16918,1.16763,1.16874,12529,3
2025-08-15 12:00:00,1.16874,1.17151,1.16732,1.17066,32665,12
2025-08-15 16:00:00,1.17066,1.17081,1.16984,1.17009,7309,4
2025-08-15 20:00:00,1.1701,1.17079,1.17,1.17026,3103,4
2025-08-17 20:00:00,1.17101,1.17157,1.17038,1.17059,2823,35
2025-08-18 00:00:00,1.17061,1.17106,1.16935,1.17033,10098,4
2025-08-18 04:00:00,1.17034,1.17102,1.16802,1.16813,12438,5
2025-08-18 08:00:00,1.16809,1.16882,1.1671,1.16747,14129,5
2025-08-18 12:00:00,1.1675,1.16843,1.16604,1.16673,15884,4
2025-08-18 16:00:00,1.16673,1.16703,1.16561,1.16672,9162,3
2025-08-18 20:00:00,1.16669,1.16746,1.16575,1.16679,5403,5
2025-08-19 00:00:00,1.16678,1.16699,1.1639,1.16549,12925,6
2025-08-19 04:00:00,1.16549,1.1684,1.16511,1.16834,12402,4
2025-08-19 08:00:00,1.16835,1.16928,1.16715,1.16855,10300,5
2025-08-19 12:00:00,1.16856,1.16879,1.16575,1.16586,18083,4
2025-08-19 16:00:00,1.16586,1.1663,1.16421,1.16463,8016,3
2025-08-19 20:00:00,1.16463,1.16493,1.16408,1.16415,5543,5
2025-08-20 00:00:00,1.16413,1.16423,1.16221,1.16329,11588,6
2025-08-20 04:00:00,1.16329,1.16467,1.16231,1.16445,13886,6
2025-08-20 08:00:00,1.16447,1.16575,1.16314,1.16417,13441,5
2025-08-20 12:00:00,1.16419,1.16736,1.16419,1.16479,19311,4
2025-08-20 16:00:00,1.16479,1.16723,1.16477,1.16527,9726,4
2025-08-20 20:00:00,1.16528,1.16551,1.16469,1.16507,4313,4
2025-08-21 00:00:00,1.16507,1.16516,1.16409,1.1646,9959,5
2025-08-21 04:00:00,1.16461,1.16613,1.16249,1.16579,12274,3
2025-08-21 08:00:00,1.1658,1.16626,1.16394,1.16403,14746,5
2025-08-21 12:00:00,1.16404,1.16562,1.1601,1.16042,36629,8
2025-08-21 16:00:00,1.16041,1.16185,1.16013,1.16048,9801,5
2025-08-21 20:00:00,1.16047,1.16145,1.16032,1.16122,6257,4
2025-08-22 00:00:00,1.16122,1.16164,1.15888,1.15895,8788,6
2025-08-22 04:00:00,1.15897,1.15988,1.15828,1.15946,12309,4
2025-08-22 08:00:00,1.15944,1.16062,1.15914,1.16043,11058,4
2025-08-22 12:00:00,1.16045,1.17321,1.15973,1.17122,47362,3
2025-08-22 16:00:00,1.1712,1.17425,1.17118,1.17199,18730,4
2025-08-22 20:00:00,1.17199,1.17268,1.17147,1.17148,2519,4
2025-08-24 20:00:00,1.17203,1.17259,1.17074,1.17083,2793,44
2025-08-25 00:00:00,1.17077,1.17082,1.16935,1.17066,8547,4
2025-08-25 04:00:00,1.17068,1.17204,1.16945,1.16975,10154,5
2025-08-25 08:00:00,1.16973,1.17108,1.16851,1.17024,11167,6
2025-08-25 12:00:00,1.17025,1.17089,1.16652,1.16692,18147,4
2025-08-25 16:00:00,1.16692,1.16693,1.16028,1.16096,14756,3
2025-08-25 20:00:00,1.16094,1.16255,1.16091,1.16144,8595,4
2025-08-26 00:00:00,1.16145,1.166,1.161,1.16256,21928,4
2025-08-26 04:00:00,1.16254,1.16443,1.16021,1.16215,22920,5
2025-08-26 08:00:00,1.16215,1.16605,1.16057,1.16537,23508,4
2025-08-26 12:00:00,1.16539,1.16652,1.1637,1.16553,31049,5
2025-08-26 16:00:00,1.16556,1.16615,1.16333,1.16405,10409,5
2025-08-26 20:00:00,1.16403,1.16475,1.16333,1.16368,7174,4
2025-08-27 00:00:00,1.1637,1.16415,1.16215,1.16251,9891,4
2025-08-27 04:00:00,1.16251,1.16253,1.15961,1.16035,14060,5
2025-08-27 08:00:00,1.16032,1.16034,1.1574,1.15859,16357,4
2025-08-27 12:00:00,1.15859,1.16122,1.15822,1.16105,29961,4
2025-08-27 16:00:00,1.16105,1.16428,1.16105,1.16336,18454,4
2025-08-27 20:00:00,1.16337,1.16477,1.16314,1.16473,5491,4
2025-08-28 00:00:00,1.16474,1.16546,1.16414,1.16428,8958,4
2025-08-28 04:00:00,1.16429,1.16494,1.16337,1.16437,11957,5
2025-08-28 08:00:00,1.16434,1.16746,1.16289,1.16663,15230,3
2025-08-28 12:00:00,1.16665,1.16869,1.16584,1.1672,35889,10
2025-08-28 16:00:00,1.1672,1.16972,1.16716,1.16825,9322,4
2025-08-28 20:00:00,1.16824,1.16834,1.16732,1.16785,5573,3
2025-08-29 00:00:00,1.16786,1.16821,1.1656,1.16624,10964,4
2025-08-29 04:00:00,1.16623,1.16768,1.16583,1.16757,10425,5
2025-08-29 08:00:00,1.16757,1.16901,1.1661,1.16627,18696,5
2025-08-29 12:00:00,1.16628,1.17089,1.16507,1.16943,32926,6
2025-08-29 16:00:00,1.16944,1.17069,1.16928,1.16982,11934,4
2025-08-29 20:00:00,1.16983,1.17005,1.16805,1.16826,3985,6
2025-08-31 20:00:00,1.16935,1.16959,1.16845,1.169,2233,37
2025-09-01 00:00:00,1.16899,1.17142,1.16879,1.1708,7058,4
2025-09-01 04:00:00,1.17081,1.17333,1.17046,1.17251,11101,6
2025-09-01 08:00:00,1.1725,1.17362,1.17129,1.17143,14797,5
2025-09-01 12:00:00,1.17142,1.17178,1.16994,1.16995,14369,4
2025-09-01 16:00:00,1.16996,1.17136,1.16964,1.17127,3144,4
2025-09-01 20:00:00,1.17126,1.1718,1.1706,1.17147,3897,4
2025-09-02 00:00:00,1.17148,1.17156,1.1692,1.16951,18305,6
2025-09-02 04:00:00,1.16951,1.17064,1.16426,1.16458,20100,3
2025-09-02 08:00:00,1.16459,1.16555,1.16237,1.16463,52031,4
2025-09-02 12:00:00,1.16467,1.16825,1.16127,1.16525,45781,4
2025-09-02 16:00:00,1.16526,1.16548,1.16294,1.16412,14941,4
2025-09-02 20:00:00,1.16413,1.16438,1.16325,1.16327,11069,4
2025-09-03 00:00:00,1.16327,1.16361,1.1623,1.16234,22640,4
2025-09-03 04:00:00,1.16234,1.16429,1.16081,1.16356,26365,3
2025-09-03 08:00:00,1.16357,1.16646,1.16354,1.16516,20158,4
2025-09-03 12:00:00,1.16517,1.1682,1.16384,1.1675,32807,4
2025-09-03 16:00:00,1.16749,1.16774,1.16556,1.16582,12703,3
2025-09-03 20:00:00,1.1658,1.16643,1.16556,1.16608,6088,4
2025-09-04 00:00:00,1.16611,1.16694,1.16502,1.16531,13062,6
2025-09-04 04:00:00,1.16531,1.16612,1.16439,1.16505,9678,4
2025-09-04 08:00:00,1.16504,1.16596,1.16391,1.16427,13545,4
2025-09-04 12:00:00,1.16429,1.16582,1.16298,1.16473,36185,6
2025-09-04 16:00:00,1.16475,1.16519,1.16338,1.16508,8709,4
2025-09-04 20:00:00,1.16507,1.16577,1.16461,1.16567,5289,5
2025-09-05 00:00:00,1.16566,1.16745,1.16522,1.16713,10350,6
2025-09-05 04:00:00,1.16713,1.16786,1.16648,1.16777,11646,5
2025-09-05 08:00:00,1.16775,1.16963,1.16749,1.1687,13626,5
2025-09-05 12:00:00,1.1687,1.17592,1.16862,1.17583,53929,10
2025-09-05 16:00:00,1.17582,1.17593,1.17129,1.17176,13884,3
2025-09-05 20:00:00,1.17178,1.17219,1.17139,1.17141,1837,5
2025-09-07 20:00:00,1.17111,1.17197,1.17036,1.17121,5250,37
2025-09-08 00:00:00,1.17122,1.17173,1.17046,1.17092,10894,4
2025-09-08 04:00:00,1.17092,1.17338,1.17059,1.17328,14279,6
2025-09-08 08:00:00,1.17326,1.17427,1.17198,1.17289,13253,3
2025-09-08 12:00:00,1.1729,1.17561,1.17228,1.17503,20672,4
2025-09-08 16:00:00,1.17503,1.17654,1.17348,1.17624,10595,3
2025-09-08 20:00:00,1.17623,1.17728,1.17585,1.17684,4268,3
2025-09-09 00:00:00,1.17685,1.17779,1.17634,1.17638,10692,6
2025-09-09 04:00:00,1.17639,1.17799,1.17479,1.17527,13452,4
2025-09-09 08:00:00,1.17525,1.17722,1.1741,1.1742,21219,4
2025-09-09 12:00:00,1.17422,1.17626,1.17156,1.1722,45092,3
2025-09-09 16:00:00,1.1722,1.17297,1.17036,1.17065,24069,3
2025-09-09 20:00:00,1.17063,1.17134,1.16972,1.1702,8120,3
2025-09-10 00:00:00,1.1702,1.171,1.16891,1.1708,10661,6
2025-09-10 04:00:00,1.1708,1.17184,1.16824,1.17028,16904,5
2025-09-10 08:00:00,1.17028,1.1717,1.1691,1.17046,14540,4
2025-09-10 12:00:00,1.17045,1.17306,1.1691,1.17146,35062,9
2025-09-10 16:00:00,1.17145,1.17161,1.16933,1.17002,11098,3
2025-09-10 20:00:00,1.17001,1.17067,1.16932,1.17024,6049,3
2025-09-11 00:00:00,1.17023,1.17025,1.16927,1.16956,6598,6
2025-09-11 04:00:00,1.16955,1.16994,1.16836,1.16926,12350,6
2025-09-11 08:00:00,1.16927,1.16951,1.16772,1.16835,15944,3
2025-09-11 12:00:00,1.16836,1.1746,1.16589,1.17315,48339,10
2025-09-11 16:00:00,1.17316,1.17396,1.17277,1.17366,13170,3
2025-09-11 20:00:00,1.17368,1.17405,1.17306,1.17329,6975,4
2025-09-12 00:00:00,1.17329,1.17344,1.17227,1.17249,10271,6
2025-09-12 04:00:00,1.1725,1.17475,1.17206,1.17407,14475,5
2025-09-12 08:00:00,1.17406,1.17409,1.17125,1.17211,23401,4
2025-09-12 12:00:00,1.17213,1.1728,1.17013,1.1714,28472,4
2025-09-12 16:00:00,1.1714,1.17416,1.17099,1.17363,9433,3
2025-09-12 20:00:00,1.17363,1.17365,1.17286,1.17301,2576,4
2025-09-14 20:00:00,1.17303,1.17344,1.17249,1.17253,2185,73
2025-09-15 00:00:00,1.17256,1.17342,1.17218,1.17312,5194,4
2025-09-15 04:00:00,1.17312,1.17441,1.1716,1.17335,9279,5
2025-09-15 08:00:00,1.17333,1.1763,1.17298,1.17608,15463,4
2025-09-15 12:00:00,1.1761,1.17731,1.17508,1.17712,22399,5
2025-09-15 16:00:00,1.17712,1.17744,1.17564,1.17657,17913,4
2025-09-15 20:00:00,1.17656,1.17686,1.17598,1.17628,6968,3
2025-09-16 00:00:00,1.17627,1.17866,1.17572,1.17802,10334,4
2025-09-16 04:00:00,1.17802,1.18017,1.17735,1.17944,17362,7
2025-09-16 08:00:00,1.17943,1.18213,1.179,1.18141,24262,5
2025-09-16 12:00:00,1.18142,1.18532,1.17902,1.1847,38136,7
2025-09-16 16:00:00,1.18469,1.18783,1.18463,1.18604,15399,4
2025-09-16 20:00:00,1.18602,1.18727,1.18568,1.18709,8285,3
2025-09-17 00:00:00,1.18711,1.18727,1.18511,1.18518,10328,4
2025-09-17 04:00:00,1.18517,1.18598,1.18378,1.18403,17654,6
2025-09-17 08:00:00,1.18404,1.18512,1.18326,1.18392,15115,4
2025-09-17 12:00:00,1.18389,1.1859,1.18338,1.18446,20861,5
2025-09-17 16:00:00,1.18444,1.19186,1.18187,1.18244,58119,3
2025-09-17 20:00:00,1.18245,1.18287,1.18077,1.18251,9188,4
2025-09-18 00:00:00,1.18253,1.18287,1.18074,1.18121,16372,4
2025-09-18 04:00:00,1.1812,1.18385,1.17802,1.18315,20986,5
2025-09-18 08:00:00,1.18314,1.18482,1.18199,1.18253,23320,4
2025-09-18 12:00:00,1.18252,1.1826,1.175,1.17794,63083,6
2025-09-18 16:00:00,1.17792,1.17937,1.1772,1.17848,18190,3
2025-09-18 20:00:00,1.17851,1.17906,1.17811,1.17889,7121,4
2025-09-19 00:00:00,1.1789,1.17925,1.17719,1.17816,16216,6
2025-09-19 04:00:00,1.17818,1.17896,1.17573,1.17697,23528,6
2025-09-19 08:00:00,1.17697,1.17706,1.17349,1.17368,16013,4
2025-09-19 12:00:00,1.17367,1.17679,1.17286,1.17521,26616,4
2025-09-19 16:00:00,1.1752,1.1755,1.17411,1.17476,7899,4
2025-09-19 20:00:00,1.17476,1.17477,1.17405,1.17405,1749,3
2025-09-21 20:00:00,1.17449,1.17477,1.17357,1.17365,2817,82
2025-09-22 00:00:00,1.17363,1.17407,1.17262,1.17324,12874,4
2025-09-22 04:00:00,1.17324,1.17544,1.17263,1.17483,12837,5
2025-09-22 08:00:00,1.17482,1.17858,1.17468,1.17781,14659,4
2025-09-22 12:00:00,1.17784,1.17877,1.17626,1.17724,24727,4
2025-09-22 16:00:00,1.17724,1.18019,1.17713,1.17997,9755,3
2025-09-22 20:00:00,1.17998,1.18037,1.17932,1.18004,6349,4
2025-09-23 00:00:00,1.18002,1.18199,1.17963,1.18054,11890,6
2025-09-23 04:00:00,1.18056,1.18079,1.17787,1.17904,16127,5
2025-09-23 08:00:00,1.17903,1.18124,1.17838,1.17916,23144,7
2025-09-23 12:00:00,1.17918,1.18052,1.17841,1.17981,26717,6
2025-09-23 16:00:00,1.17983,1.18179,1.17913,1.1816,14822,4
2025-09-23 20:00:00,1.18161,1.1819,1.18108,1.18153,6055,4
2025-09-24 00:00:00,1.18153,1.18163,1.17947,1.17974,14324,6
2025-09-24 04:00:00,1.17971,1.18049,1.17841,1.17882,14989,4
2025-09-24 08:00:00,1.17883,1.17883,1.17464,1.17492,19083,5
2025-09-24 12:00:00,1.17492,1.1758,1.1728,1.17416,40087,3
2025-09-24 16:00:00,1.17417,1.17436,1.17299,1.17378,13452,3
2025-09-24 20:00:00,1.17377,1.1746,1.17351,1.17423,5404,4
2025-09-25 00:00:00,1.17422,1.17535,1.17405,1.17524,10147,5
2025-09-25 04:00:00,1.17525,1.17534,1.17313,1.17332,14070,4
2025-09-25 08:00:00,1.17333,1.17538,1.17305,1.17401,19554,5
2025-09-25 12:00:00,1.174,1.17455,1.16665,1.16723,40591,5
2025-09-25 16:00:00,1.16722,1.16831,1.16454,1.16604,15200,5
2025-09-25 20:00:00,1.16604,1.16688,1.16568,1.16616,10094,4
2025-09-26 00:00:00,1.16615,1.16793,1.16579,1.16782,9822,5
2025-09-26 04:00:00,1.1678,1.16837,1.16684,1.16729,13536,5
2025-09-26 08:00:00,1.16729,1.16877,1.16615,1.16677,17244,4
2025-09-26 12:00:00,1.16678,1.17044,1.16667,1.16912,38194,5
2025-09-26 16:00:00,1.16911,1.17058,1.16864,1.17057,9595,3
2025-09-26 20:00:00,1.17055,1.17072,1.16987,1.17005,1849,4
2025-09-28 20:00:00,1.16986,1.17097,1.16986,1.17048,3581,86
2025-09-29 00:00:00,1.17047,1.17292,1.17044,1.17251,10441,3
2025-09-29 04:00:00,1.17249,1.17332,1.17174,1.17268,15036,4
2025-09-29 08:00:00,1.17266,1.17308,1.17075,1.17289,13914,4
2025-09-29 12:00:00,1.17291,1.17544,1.17184,1.1729,33837,5
2025-09-29 16:00:00,1.17293,1.17329,1.17199,1.17274,8459,3
2025-09-29 20:00:00,1.17273,1.17322,1.17228,1.17305,5930,5
2025-09-30 00:00:00,1.17307,1.17313,1.17119,1.17236,16036,5
2025-09-30 04:00:00,1.17234,1.17483,1.17185,1.17415,14231,6
2025-09-30 08:00:00,1.17419,1.17615,1.17363,1.1742,17339,4
2025-09-30 12:00:00,1.1742,1.17522,1.17164,1.1734,29760,5
2025-09-30 16:00:00,1.1734,1.17614,1.17337,1.17396,12044,3
2025-09-30 20:00:00,1.17399,1.17424,1.17325,1.17344,8623,4
2025-10-01 00:00:00,1.17342,1.17406,1.17296,1.17378,6849,5
2025-10-01 04:00:00,1.17381,1.17785,1.17379,1.17498,21124,5
2025-10-01 08:00:00,1.17497,1.17659,1.17157,1.17343,22027,4
2025-10-01 12:00:00,1.17343,1.17688,1.17212,1.17229,57545,5
2025-10-01 16:00:00,1.17228,1.17419,1.17154,1.17304,21663,3
2025-10-01 20:00:00,1.17303,1.17372,1.17261,1.17327,11162,4
2025-10-02 00:00:00,1.17325,1.17418,1.17237,1.17346,6865,5
2025-10-02 04:00:00,1.17345,1.17566,1.17293,1.17498,12601,6
2025-10-02 08:00:00,1.17498,1.17582,1.1745,1.17502,13480,5
2025-10-02 12:00:00,1.17502,1.17583,1.16829,1.16965,30905,6
2025-10-02 16:00:00,1.16964,1.17265,1.16949,1.17187,19639,3
2025-10-02 20:00:00,1.17188,1.17257,1.1713,1.17244,5326,4
2025-10-03 00:00:00,1.17245,1.17292,1.17161,1.17262,7043,3
2025-10-03 04:00:00,1.17262,1.17342,1.17146,1.1732,11554,5
2025-10-03 08:00:00,1.1732,1.17444,1.17309,1.17336,17076,4
2025-10-03 12:00:00,1.17338,1.17591,1.17268,1.17459,32198,8
2025-10-03 16:00:00,1.17462,1.17483,1.17265,1.17409,8845,3
2025-10-03 20:00:00,1.17408,1.17443,1.17382,1.17382,2159,4
2025-10-05 20:00:00,1.17209,1.17275,1.1706,1.17116,10244,82
2025-10-06 00:00:00,1.17121,1.17307,1.171,1.17242,10365,5
2025-10-06 04:00:00,1.17243,1.17273,1.16621,1.16625,22609,4
2025-10-06 08:00:00,1.16626,1.16796,1.16516,1.16753,44455,5
2025-10-06 12:00:00,1.16751,1.17211,1.16728,1.17063,32531,4
2025-10-06 16:00:00,1.17066,1.17168,1.17029,1.17106,7715,3
2025-10-06 20:00:00,1.17105,1.17144,1.1706,1.17092,6721,4
2025-10-07 00:00:00,1.17093,1.1711,1.16963,1.1703,7146,5
2025-10-07 04:00:00,1.1703,1.17072,1.16701,1.16761,13807,5
2025-10-07 08:00:00,1.16761,1.16828,1.16538,1.16625,15630,4
2025-10-07 12:00:00,1.16623,1.16798,1.16539,1.16728,26586,6
2025-10-07 16:00:00,1.1673,1.1681,1.16474,1.165,13658,3
2025-10-07 20:00:00,1.16502,1.1661,1.16488,1.16526,5949,4
2025-10-08 00:00:00,1.16527,1.1653,1.16168,1.16237,13980,4
2025-10-08 04:00:00,1.16236,1.16341,1.16068,1.1631,16520,5
2025-10-08 08:00:00,1.16311,1.16361,1.16059,1.16259,17550,5
2025-10-08 12:00:00,1.1626,1.16447,1.1603,1.16056,22752,4
2025-10-08 16:00:00,1.16057,1.16283,1.15983,1.16278,14109,3
2025-10-08 20:00:00,1.1628,1.16348,1.1623,1.1629,9390,6
2025-10-09 00:00:00,1.16289,1.16476,1.1628,1.16447,8471,5
2025-10-09 04:00:00,1.16445,1.1648,1.16064,1.16111,18978,6
2025-10-09 08:00:00,1.16108,1.16271,1.1603,1.16121,20848,5
2025-10-09 12:00:00,1.16119,1.16231,1.1547,1.15587,42154,4
2025-10-09 16:00:00,1.15587,1.15662,1.1542,1.15594,14164,4
2025-10-09 20:00:00,1.15593,1.15667,1.15551,1.15652,5360,3
2025-10-10 00:00:00,1.1565,1.1574,1.15606,1.15729,7143,4
2025-10-10 04:00:00,1.15727,1.15798,1.15609,1.1578,15353,4
2025-10-10 08:00:00,1.15778,1.15895,1.15601,1.1561,14232,4
2025-10-10 12:00:00,1.15609,1.16305,1.1559,1.16124,47603,5
2025-10-10 16:00:00,1.16124,1.16254,1.15969,1.16126,16313,4
2025-10-10 20:00:00,1.16129,1.16285,1.16037,1.16149,4789,4
2025-10-12 20:00:00,1.16138,1.1615,1.15918,1.16015,7594,89
2025-10-13 00:00:00,1.16012,1.16275,1.16,1.16205,9902,4
2025-10-13 04:00:00,1.16204,1.16297,1.15973,1.15997,14640,6
2025-10-13 08:00:00,1.15997,1.16047,1.15653,1.15681,18017,4
2025-10-13 12:00:00,1.15686,1.15775,1.15574,1.15737,20659,3
2025-10-13 16:00:00,1.15738,1.15792,1.15658,1.1566,9686,4
2025-10-13 20:00:00,1.15661,1.15738,1.15635,1.15658,5650,4
2025-10-14 00:00:00,1.15657,1.15818,1.15549,1.15787,12090,5
2025-10-14 04:00:00,1.15787,1.15935,1.15423,1.15495,24853,5
2025-10-14 08:00:00,1.15494,1.15631,1.15455,1.15518,20613,5
2025-10-14 12:00:00,1.1552,1.16081,1.15479,1.16071,29535,3
2025-10-14 16:00:00,1.16073,1.16148,1.16011,1.16053,16173,4
2025-10-14 20:00:00,1.16055,1.16097,1.15997,1.16032,4331,4
2025-10-15 00:00:00,1.1603,1.16258,1.16017,1.16221,13667,4
2025-10-15 04:00:00,1.16223,1.16445,1.16168,1.16356,15760,4
2025-10-15 08:00:00,1.16355,1.16453,1.16195,1.16199,16243,3
2025-10-15 12:00:00,1.16201,1.16472,1.16103,1.16369,25939,5
2025-10-15 16:00:00,1.16371,1.16448,1.16269,1.16441,14745,3
2025-10-15 20:00:00,1.16442,1.16519,1.16418,1.16456,5554,4
2025-10-16 00:00:00,1.16455,1.16754,1.16425,1.16621,17815,6
2025-10-16 04:00:00,1.16619,1.16678,1.16429,1.16518,19205,5
2025-10-16 08:00:00,1.16517,1.16637,1.16462,1.16539,17374,4
2025-10-16 12:00:00,1.1654,1.1678,1.16489,1.16643,25592,5
2025-10-16 16:00:00,1.16642,1.16941,1.1664,1.16888,24138,4
2025-10-16 20:00:00,1.16888,1.16994,1.16816,1.16988,7133,4
2025-10-17 00:00:00,1.16989,1.17122,1.16951,1.17091,16565,5
2025-10-17 04:00:00,1.17091,1.17283,1.16936,1.17114,37715,6
2025-10-17 08:00:00,1.17114,1.1716,1.16802,1.16848,34136,5
2025-10-17 12:00:00,1.16849,1.16862,1.16563,1.16733,33523,5
2025-10-17 16:00:00,1.1673,1.16793,1.16639,1.16705,11783,3
2025-10-17 20:00:00,1.16692,1.16699,1.16496,1.16509,2776,5
2025-10-19 20:00:00,1.16646,1.16655,1.16515,1.16578,6343,35
2025-10-20 00:00:00,1.16579,1.16706,1.16564,1.16681,12245,5
2025-10-20 04:00:00,1.16679,1.16753,1.16535,1.16622,13680,5
2025-10-20 08:00:00,1.16624,1.16675,1.16443,1.16563,15297,3
2025-10-20 12:00:00,1.16565,1.16644,1.16463,1.16549,21208,4
2025-10-20 16:00:00,1.16549,1.16581,1.16382,1.16407,9953,5
2025-10-20 20:00:00,1.16409,1.16451,1.1639,1.16439,4033,4
2025-10-21 00:00:00,1.16438,1.1655,1.16326,1.16346,14259,7
2025-10-21 04:00:00,1.16344,1.16374,1.16185,1.16252,22600,3
2025-10-21 08:00:00,1.16251,1.16274,1.16063,1.16128,23401,4
2025-10-21 12:00:00,1.16128,1.16181,1.15975,1.16149,36260,4
2025-10-21 16:00:00,1.16152,1.16244,1.15998,1.16006,14363,3
2025-10-21 20:00:00,1.16007,1.16042,1.1598,1.15993,4313,4
2025-10-22 00:00:00,1.15996,1.16107,1.15996,1.16069,8468,5
2025-10-22 04:00:00,1.16068,1.16156,1.15995,1.16006,13602,4
2025-10-22 08:00:00,1.16006,1.16019,1.15823,1.15826,16644,3
2025-10-22 12:00:00,1.15824,1.16168,1.15767,1.16112,25593,3
2025-10-22 16:00:00,1.16113,1.16224,1.16047,1.16056,15373,3
2025-10-22 20:00:00,1.16056,1.16143,1.16056,1.16071,3535,4
2025-10-23 00:00:00,1.16071,1.16072,1.1592,1.15929,7561,5
2025-10-23 04:00:00,1.15927,1.16041,1.15905,1.16,11458,4
2025-10-23 08:00:00,1.15998,1.16061,1.15853,1.1587,12605,4
2025-10-23 12:00:00,1.15871,1.16197,1.15865,1.16115,24322,6
2025-10-23 16:00:00,1.16117,1.162,1.16043,1.16163,8503,4
2025-10-23 20:00:00,1.16163,1.16213,1.16135,1.16171,4655,4
2025-10-24 00:00:00,1.1617,1.16215,1.1607,1.16091,6350,3
2025-10-24 04:00:00,1.16089,1.16278,1.16008,1.16181,14219,5
2025-10-24 08:00:00,1.16179,1.16237,1.16051,1.16149,15531,5
2025-10-24 12:00:00,1.16151,1.1649,1.16086,1.16252,38114,9
2025-10-24 16:00:00,1.16251,1.16332,1.1621,1.16314,7259,4
2025-10-24 20:00:00,1.16315,1.16357,1.16207,1.16266,2933,4
2025-10-26 20:00:00,1.16346,1.16362,1.16253,1.1631,4605,21
2025-10-27 00:00:00,1.16308,1.16475,1.1627,1.16278,6997,4
2025-10-27 04:00:00,1.16276,1.16321,1.16197,1.16197,8629,3
2025-10-27 08:00:00,1.16198,1.16472,1.16176,1.16459,13350,4
2025-10-27 12:00:00,1.16461,1.16514,1.16313,1.16346,17178,5
2025-10-27 16:00:00,1.16351,1.1652,1.16324,1.16475,9685,4
2025-10-27 20:00:00,1.16473,1.16547,1.16433,1.16508,5131,4
2025-10-28 00:00:00,1.16508,1.16639,1.16462,1.16598,9480,6
2025-10-28 04:00:00,1.166,1.16679,1.16509,1.1655,10236,3
2025-10-28 08:00:00,1.16549,1.16648,1.16451,1.16592,17422,5
2025-10-28 12:00:00,1.16592,1.16672,1.16255,1.16587,26084,5
2025-10-28 16:00:00,1.16588,1.16686,1.16517,1.16522,13795,3
2025-10-28 20:00:00,1.16523,1.16574,1.16483,1.16568,5118,3
2025-10-29 00:00:00,1.16568,1.16606,1.16369,1.16369,11201,5
2025-10-29 04:00:00,1.16369,1.16377,1.16248,1.16323,10842,3
2025-10-29 08:00:00,1.16323,1.16487,1.16185,1.16395,18645,5
2025-10-29 12:00:00,1.16397,1.16645,1.16273,1.16637,29414,5
2025-10-29 16:00:00,1.16636,1.1666,1.15773,1.15992,47249,3
2025-10-29 20:00:00,1.15993,1.16072,1.15907,1.16028,7976,4
2025-10-30 00:00:00,1.16027,1.16198,1.15967,1.16153,18324,6
2025-10-30 04:00:00,1.16154,1.16374,1.16095,1.16182,23227,5
2025-10-30 08:00:00,1.16187,1.16283,1.15962,1.15979,17096,4
2025-10-30 12:00:00,1.1598,1.1599,1.1547,1.15635,34321,5
2025-10-30 16:00:00,1.15637,1.15715,1.15592,1.15641,9880,3
2025-10-30 20:00:00,1.15644,1.15731,1.15631,1.15714,5727,3
2025-10-31 00:00:00,1.15714,1.15775,1.15649,1.15671,8483,6
2025-10-31 04:00:00,1.15674,1.15733,1.15548,1.15648,8106,3
2025-10-31 08:00:00,1.15648,1.15767,1.15578,1.15667,14179,4
2025-10-31 12:00:00,1.15666,1.15666,1.1522,1.15409,26944,5
2025-10-31 16:00:00,1.15406,1.15433,1.15214,1.15254,12530,5
2025-10-31 20:00:00,1.15253,1.15395,1.15252,1.1537,3141,4
2025-11-02 20:00:00,1.15294,1.15383,1.1525,1.15274,11741,46
2025-11-03 00:00:00,1.15273,1.15343,1.15215,1.15336,6758,4
2025-11-03 04:00:00,1.15336,1.15413,1.15318,1.15399,7833,4
2025-11-03 08:00:00,1.15398,1.154,1.15078,1.15152,14474,3
2025-11-03 12:00:00,1.15152,1.15252,1.1505,1.15252,25906,5
2025-11-03 16:00:00,1.15251,1.15378,1.15165,1.15194,15106,3
2025-11-03 20:00:00,1.15195,1.15232,1.15159,1.15184,4964,3
2025-11-04 00:00:00,1.15183,1.15183,1.1498,1.15132,12961,4
2025-11-04 04:00:00,1.15132,1.15334,1.15073,1.15271,14973,5
2025-11-04 08:00:00,1.15269,1.15287,1.14891,1.14898,16687,3
2025-11-04 12:00:00,1.14899,1.14967,1.14729,1.14916,20973,3
2025-11-04 16:00:00,1.14916,1.14966,1.14788,1.14789,10548,4
2025-11-04 20:00:00,1.1479,1.14857,1.1475,1.1485,7010,4
2025-11-05 00:00:00,1.14849,1.14978,1.14797,1.14885,13767,5
2025-11-05 04:00:00,1.14885,1.14941,1.14833,1.14869,7433,5
2025-11-05 08:00:00,1.1487,1.14952,1.14758,1.14881,15221,4
2025-11-05 12:00:00,1.14882,1.14934,1.14687,1.14791,28073,4
2025-11-05 16:00:00,1.14791,1.14875,1.14698,1.14858,12391,4
2025-11-05 20:00:00,1.14859,1.14969,1.14859,1.14957,6858,4
2025-11-06 00:00:00,1.14956,1.15089,1.1493,1.15068,8149,4
2025-11-06 04:00:00,1.15069,1.15137,1.15035,1.1508,8079,5
2025-11-06 08:00:00,1.15082,1.15237,1.15058,1.15202,17117,5
2025-11-06 12:00:00,1.15201,1.15438,1.1514,1.15395,29627,5
2025-11-06 16:00:00,1.15392,1.15522,1.15297,1.15441,18802,3
2025-11-06 20:00:00,1.15443,1.15514,1.15416,1.15485,13728,5
2025-11-07 00:00:00,1.15485,1.15489,1.15347,1.15377,10714,4
2025-11-07 04:00:00,1.15378,1.15384,1.15294,1.15325,7888,4
2025-11-07 08:00:00,1.15325,1.15609,1.15294,1.15578,15414,4
2025-11-07 12:00:00,1.15582,1.1591,1.15538,1.15716,27950,5
2025-11-07 16:00:00,1.15717,1.15834,1.15555,1.15595,14526,3
2025-11-07 20:00:00,1.15594,1.15666,1.15575,1.15656,4692,3
2025-11-09 20:00:00,1.15562,1.15582,1.15413,1.15433,5696,66
2025-11-10 00:00:00,1.15434,1.15606,1.15429,1.15545,9483,4
2025-11-10 04:00:00,1.15547,1.15718,1.15513,1.15675,7790,5
2025-11-10 08:00:00,1.15675,1.15829,1.15538,1.15632,12364,5
2025-11-10 12:00:00,1.15629,1.15778,1.1545,1.15455,15944,4
2025-11-10 16:00:00,1.15454,1.15647,1.15409,1.15608,13124,4
2025-11-10 20:00:00,1.15607,1.15646,1.15534,1.15565,9302,5
2025-11-11 00:00:00,1.15566,1.15593,1.15468,1.15563,8043,5
2025-11-11 04:00:00,1.15563,1.1565,1.15495,1.15599,8718,6
2025-11-11 08:00:00,1.156,1.15777,1.15533,1.1572,13603,4
2025-11-11 12:00:00,1.15717,1.16057,1.15684,1.15948,23637,3
2025-11-11 16:00:00,1.15948,1.15996,1.15834,1.15843,9471,4
2025-11-11 20:00:00,1.15844,1.1589,1.15805,1.15867,5210,3
2025-11-12 00:00:00,1.15865,1.15866,1.15744,1.15775,7708,4
2025-11-12 04:00:00,1.15773,1.15882,1.157,1.15837,8532,3
2025-11-12 08:00:00,1.15837,1.15876,1.15648,1.15779,15731,3
2025-11-12 12:00:00,1.15779,1.15957,1.15627,1.15939,21337,3
2025-11-12 16:00:00,1.15938,1.15977,1.15838,1.15866,11107,3
2025-11-12 20:00:00,1.15866,1.15945,1.15849,1.15915,6173,3
2025-11-13 00:00:00,1.15915,1.15928,1.15789,1.15897,8159,5
2025-11-13 04:00:00,1.15897,1.16121,1.158,1.16111,8204,3
2025-11-13 08:00:00,1.16113,1.16347,1.16046,1.16063,20185,4
2025-11-13 12:00:00,1.16063,1.1643,1.16056,1.16391,31384,4
2025-11-13 16:00:00,1.1639,1.16559,1.1635,1.16355,21762,3
2025-11-13 20:00:00,1.16354,1.16393,1.16233,1.163,7707,4
2025-11-14 00:00:00,1.163,1.16448,1.16269,1.16383,11268,4
2025-11-14 04:00:00,1.16382,1.16485,1.16316,1.16327,13172,5
2025-11-14 08:00:00,1.16327,1.16371,1.16088,1.16193,23255,4
2025-11-14 12:00:00,1.16193,1.16536,1.1606,1.1613,35747,3
2025-11-14 16:00:00,1.1613,1.16225,1.16078,1.16178,13850,3
2025-11-14 20:00:00,1.16179,1.16235,1.16161,1.16172,4979,3
2025-11-16 20:00:00,1.16143,1.16244,1.16114,1.16147,2729,73
2025-11-17 00:00:00,1.16147,1.16147,1.15961,1.15984,10299,4
2025-11-17 04:00:00,1.15983,1.16149,1.15949,1.16133,7637,4
2025-11-17 08:00:00,1.16132,1.16149,1.15948,1.16011,13769,3
2025-11-17 12:00:00,1.16012,1.16046,1.15818,1.15975,19724,3
2025-11-17 16:00:00,1.15974,1.16018,1.15827,1.15839,13228,3
2025-11-17 20:00:00,1.15837,1.15941,1.15824,1.15899,7825,3
2025-11-18 00:00:00,1.15898,1.15958,1.15845,1.15923,6956,5
2025-11-18 04:00:00,1.15922,1.16036,1.15888,1.1591,13364,5
2025-11-18 08:00:00,1.15908,1.16062,1.15793,1.15847,18189,4
2025-11-18 12:00:00,1.15847,1.16076,1.15815,1.1582,28649,3
2025-11-18 16:00:00,1.15819,1.15869,1.15713,1.15854,19293,3
2025-11-18 20:00:00,1.15855,1.15868,1.15752,1.158,6876,4
2025-11-19 00:00:00,1.158,1.15849,1.15723,1.15836,8269,5
2025-11-19 04:00:00,1.15839,1.15971,1.15772,1.15812,12040,3
2025-11-19 08:00:00,1.15814,1.15889,1.15657,1.15862,21841,5
2025-11-19 12:00:00,1.15864,1.15909,1.15402,1.15467,23720,3
2025-11-19 16:00:00,1.15464,1.15476,1.15178,1.15209,25099,3
2025-11-19 20:00:00,1.1521,1.1542,1.15201,1.15392,8227,3
2025-11-20 00:00:00,1.15392,1.15393,1.15101,1.1514,13320,5
2025-11-20 04:00:00,1.1514,1.15231,1.1513,1.15197,10047,5
2025-11-20 08:00:00,1.15196,1.15295,1.15113,1.15142,15134,3
2025-11-20 12:00:00,1.15141,1.15499,1.15013,1.15274,34269,3
2025-11-20 16:00:00,1.15275,1.15411,1.15248,1.15379,20525,3
2025-11-20 20:00:00,1.1538,1.15385,1.15233,1.15334,8438,4
2025-11-21 00:00:00,1.15338,1.15389,1.1528,1.15361,10606,5
2025-11-21 04:00:00,1.15362,1.15477,1.15345,1.15411,12555,3
2025-11-21 08:00:00,1.15412,1.15524,1.15043,1.15058,27799,8
2025-11-21 12:00:00,1.15056,1.15268,1.14965,1.15029,39801,4
2025-11-21 16:00:00,1.15028,1.15177,1.14909,1.15131,20722,3
2025-11-21 20:00:00,1.15131,1.15208,1.1509,1.15155,4141,5
2025-11-23 20:00:00,1.15128,1.15143,1.15058,1.15073,2708,117
2025-11-24 00:00:00,1.15074,1.15189,1.15018,1.1516,6327,4
2025-11-24 04:00:00,1.1516,1.15281,1.15111,1.15118,9791,4
2025-11-24 08:00:00,1.1512,1.1547,1.15097,1.15453,15380,3
2025-11-24 12:00:00,1.15452,1.15503,1.15167,1.1529,20815,4
2025-11-24 16:00:00,1.15289,1.15308,1.15114,1.15274,11994,3
2025-11-24 20:00:00,1.15276,1.15283,1.15184,1.152,6874,5
2025-11-25 00:00:00,1.15201,1.15301,1.15169,1.15178,10629,5
2025-11-25 04:00:00,1.15177,1.15302,1.15114,1.15226,8539,4
2025-11-25 08:00:00,1.15228,1.1541,1.15205,1.15265,16990,3
2025-11-25 12:00:00,1.15264,1.15839,1.15252,1.15623,40298,4
2025-11-25 16:00:00,1.15623,1.15859,1.155,1.15837,24221,3
2025-11-25 20:00:00,1.15838,1.15843,1.1558,1.15648,7909,3
2025-11-26 00:00:00,1.15648,1.15915,1.15632,1.15906,14368,5
2025-11-26 04:00:00,1.15903,1.15958,1.1575,1.15792,12510,4
2025-11-26 08:00:00,1.15792,1.15809,1.15656,1.15741,20393,4
2025-11-26 12:00:00,1.15739,1.15948,1.1547,1.15894,39711,4
2025-11-26 16:00:00,1.15894,1.16008,1.1585,1.15936,14586,3
2025-11-26 20:00:00,1.15936,1.16021,1.15882,1.16017,6437,4
2025-11-27 00:00:00,1.16018,1.16132,1.15997,1.16019,11643,5
2025-11-27 04:00:00,1.16021,1.16062,1.15858,1.15916,9164,3
2025-11-27 08:00:00,1.15919,1.15954,1.15763,1.15859,13339,3
2025-11-27 12:00:00,1.1586,1.15994,1.15818,1.1594,11780,5
2025-11-27 16:00:00,1.15941,1.16015,1.15911,1.15952,3964,3
2025-11-27 20:00:00,1.15952,1.16015,1.15927,1.15996,1752,4
2025-11-28 00:00:00,1.15995,1.16018,1.158,1.15869,19716,4
2025-11-28 04:00:00,1.15869,1.15931,1.15773,1.15787,43925,12
2025-11-28 08:00:00,1.15794,1.15813,1.1555,1.15675,62007,17
2025-11-28 12:00:00,1.15676,1.16075,1.15608,1.16074,35932,10
2025-11-28 16:00:00,1.16072,1.16074,1.15927,1.16021,13067,4
2025-11-28 20:00:00,1.16021,1.16042,1.15954,1.15973,3010,7
2025-11-30 20:00:00,1.1594,1.16078,1.15912,1.1601,3306,37
2025-12-01 00:00:00,1.16011,1.16158,1.15893,1.15968,13125,4
2025-12-01 04:00:00,1.15969,1.16128,1.15903,1.16068,10190,5
2025-12-01 08:00:00,1.16067,1.16321,1.1604,1.16277,22499,3
2025-12-01 12:00:00,1.16276,1.16522,1.16226,1.16287,29201,4
2025-12-01 16:00:00,1.16289,1.16342,1.1607,1.16083,14280,3
2025-12-01 20:00:00,1.16085,1.16108,1.16063,1.16066,3750,4
2025-12-02 00:00:00,1.16069,1.16127,1.16037,1.1612,7412,4
2025-12-02 04:00:00,1.1612,1.16162,1.16047,1.16125,7853,4
2025-12-02 08:00:00,1.16125,1.16161,1.15983,1.16116,15227,3
2025-12-02 12:00:00,1.16117,1.1623,1.15932,1.16061,21375,4
2025-12-02 16:00:00,1.16061,1.16248,1.1591,1.16206,16448,3
2025-12-02 20:00:00,1.16204,1.1629,1.16196,1.1628,5739,3
2025-12-03 00:00:00,1.1628,1.16389,1.16277,1.16376,6861,5
2025-12-03 04:00:00,1.16378,1.16526,1.16361,1.16412,8893,4
2025-12-03 08:00:00,1.16412,1.16657,1.16356,1.16655,17609,4
2025-12-03 12:00:00,1.16654,1.16752,1.16543,1.16595,35753,4
2025-12-03 16:00:00,1.16595,1.16775,1.16574,1.16727,22224,3
2025-12-03 20:00:00,1.16725,1.16743,1.16633,1.16661,4323,3
2025-12-04 00:00:00,1.16662,1.16673,1.16533,1.16558,7930,4
2025-12-04 04:00:00,1.16556,1.16652,1.16529,1.16652,10112,5
2025-12-04 08:00:00,1.16652,1.16819,1.16632,1.16802,19668,4
2025-12-04 12:00:00,1.16801,1.16808,1.16517,1.16731,24279,5
2025-12-04 16:00:00,1.16731,1.16734,1.165,1.16525,12424,3
2025-12-04 20:00:00,1.16524,1.16524,1.16409,1.16431,5088,3
2025-12-05 00:00:00,1.16433,1.16543,1.16433,1.16489,6498,5
2025-12-05 04:00:00,1.16489,1.16717,1.16486,1.16627,10711,5
2025-12-05 08:00:00,1.1663,1.1664,1.16415,1.16464,14928,4
2025-12-05 12:00:00,1.16464,1.166,1.16433,1.16481,22141,4
2025-12-05 16:00:00,1.16481,1.1649,1.16279,1.1643,16585,4
2025-12-05 20:00:00,1.16429,1.16471,1.16388,1.16388,4320,3
2025-12-07 20:00:00,1.16373,1.16461,1.16341,1.16404,3357,83
2025-12-08 00:00:00,1.16406,1.16554,1.16394,1.165,7328,4
2025-12-08 04:00:00,1.16501,1.16718,1.16496,1.16579,9239,4
2025-12-08 08:00:00,1.16581,1.16623,1.16467,1.16502,13780,4
2025-12-08 12:00:00,1.16502,1.16573,1.16169,1.16249,21720,3
2025-12-08 16:00:00,1.16248,1.16419,1.16163,1.16393,16547,3
2025-12-08 20:00:00,1.16394,1.16418,1.16315,1.16407,7393,4
2025-12-09 00:00:00,1.16405,1.16486,1.16358,1.16454,9069,4
2025-12-09 04:00:00,1.16453,1.16502,1.16379,1.16398,8648,5
2025-12-09 08:00:00,1.16399,1.16571,1.16334,1.16434,15767,4
2025-12-09 12:00:00,1.16434,1.16442,1.16149,1.16287,26408,4
2025-12-09 16:00:00,1.16288,1.1641,1.16168,1.16287,13054,3
2025-12-09 20:00:00,1.16286,1.1632,1.16234,1.16278,5907,3
2025-12-10 00:00:00,1.1628,1.16288,1.16214,1.16263,6189,5
2025-12-10 04:00:00,1.16264,1.16493,1.16249,1.1648,6610,4
2025-12-10 08:00:00,1.16482,1.16576,1.16274,1.1635,17380,4
2025-12-10 12:00:00,1.1635,1.16512,1.16276,1.16418,25122,3
2025-12-10 16:00:00,1.16419,1.1681,1.16372,1.16782,35011,4
2025-12-10 20:00:00,1.16781,1.17027,1.16737,1.17013,21180,4
2025-12-11 00:00:00,1.17013,1.17072,1.16899,1.16906,16062,5
2025-12-11 04:00:00,1.16907,1.1701,1.16821,1.16934,9476,5
2025-12-11 08:00:00,1.16935,1.17178,1.1687,1.1713,18900,3
2025-12-11 12:00:00,1.17128,1.1757,1.17098,1.17563,29694,4
2025-12-11 16:00:00,1.17564,1.17627,1.17405,1.17409,20961,3
2025-12-11 20:00:00,1.17409,1.17457,1.1736,1.17407,6887,3
2025-12-12 00:00:00,1.17407,1.17461,1.17311,1.17342,11626,6
2025-12-12 04:00:00,1.17342,1.17432,1.1731,1.17377,11034,5
2025-12-12 08:00:00,1.17377,1.17421,1.17221,1.17268,15849,4
2025-12-12 12:00:00,1.17266,1.17449,1.17195,1.17381,21754,3
2025-12-12 16:00:00,1.1738,1.17497,1.17261,1.17404,24183,3
2025-12-12 20:00:00,1.17402,1.17465,1.17368,1.17396,6472,3
2025-12-14 20:00:00,1.17358,1.17406,1.17277,1.17369,4070,56
2025-12-15 00:00:00,1.1737,1.17447,1.17283,1.17341,12159,4
2025-12-15 04:00:00,1.1734,1.1738,1.17277,1.17282,11585,4
2025-12-15 08:00:00,1.17283,1.175,1.17264,1.17486,14402,4
2025-12-15 12:00:00,1.17486,1.17688,1.17439,1.17628,32626,3
2025-12-15 16:00:00,1.17629,1.17647,1.17382,1.17487,16405,3
2025-12-15 20:00:00,1.17488,1.17557,1.17474,1.17533,6375,3
2025-12-16 00:00:00,1.17535,1.1759,1.17467,1.17517,7817,3
2025-12-16 04:00:00,1.17519,1.17541,1.17442,1.17521,8177,5
2025-12-16 08:00:00,1.17523,1.17639,1.17464,1.1763,23123,4
2025-12-16 12:00:00,1.1763,1.1804,1.17568,1.177,45515,4
2025-12-16 16:00:00,1.17702,1.17778,1.1735,1.17576,21566,3
2025-12-16 20:00:00,1.17574,1.17629,1.1745,1.17492,7883,3
2025-12-17 00:00:00,1.1749,1.17523,1.17369,1.17389,12193,4
2025-12-17 04:00:00,1.1739,1.17397,1.1703,1.17128,18962,4
2025-12-17 08:00:00,1.17128,1.17273,1.17059,1.1709,21350,4
2025-12-17 12:00:00,1.1709,1.1758,1.17083,1.17527,33578,3
2025-12-17 16:00:00,1.17526,1.17561,1.17413,1.17449,18741,4
2025-12-17 20:00:00,1.17449,1.17461,1.17383,1.17414,4752,4
2025-12-18 00:00:00,1.17415,1.17456,1.1735,1.17392,7215,3
2025-12-18 04:00:00,1.17391,1.17496,1.17333,1.17337,10876,4
2025-12-18 08:00:00,1.17336,1.17369,1.17171,1.17206,17317,3
2025-12-18 12:00:00,1.17204,1.17627,1.17123,1.1727,42003,3
2025-12-18 16:00:00,1.17269,1.17459,1.1715,1.1725,19938,3
2025-12-18 20:00:00,1.1725,1.17277,1.17159,1.17246,10034,4
2025-12-19 00:00:00,1.17247,1.17285,1.17182,1.1721,7162,4
2025-12-19 04:00:00,1.17209,1.17225,1.17031,1.17075,12800,4
2025-12-19 08:00:00,1.17077,1.17177,1.17062,1.17113,19621,4
2025-12-19 12:00:00,1.17111,1.17377,1.17021,1.17094,26103,3
2025-12-19 16:00:00,1.17096,1.17271,1.17082,1.17235,14430,4
2025-12-19 20:00:00,1.17235,1.17255,1.17059,1.17103,4154,3
2025-12-21 20:00:00,1.17149,1.17169,1.17058,1.17103,5529,74
2025-12-22 00:00:00,1.17098,1.17193,1.17093,1.17174,10080,4
2025-12-22 04:00:00,1.17173,1.1731,1.17127,1.17289,9566,5
2025-12-22 08:00:00,1.17288,1.17381,1.17231,1.17333,13580,3
2025-12-22 12:00:00,1.17332,1.17693,1.17332,1.17637,21843,4
2025-12-22 16:00:00,1.17638,1.17643,1.17481,1.17553,13410,4
2025-12-22 20:00:00,1.17553,1.17654,1.1752,1.17634,7595,4
2025-12-23 00:00:00,1.17635,1.17803,1.17628,1.17763,7445,4
2025-12-23 04:00:00,1.17766,1.17813,1.17684,1.17786,8909,3
2025-12-23 08:00:00,1.17783,1.18003,1.17751,1.17955,20612,3
2025-12-23 12:00:00,1.17958,1.18021,1.17637,1.17742,31885,4
2025-12-23 16:00:00,1.17742,1.17912,1.17689,1.17899,18710,3
2025-12-23 20:00:00,1.179,1.1797,1.17868,1.17946,6910,6
2025-12-24 00:00:00,1.17946,1.18079,1.17868,1.17875,8441,4
2025-12-24 04:00:00,1.17874,1.18038,1.17857,1.17889,13359,4
2025-12-24 08:00:00,1.17889,1.18008,1.17797,1.17927,22087,3
2025-12-24 12:00:00,1.17928,1.1793,1.17753,1.1778,19765,3
2025-12-24 16:00:00,1.17781,1.1783,1.17726,1.17816,14962,5
2025-12-24 20:00:00,1.17815,1.17822,1.17695,1.17714,6241,6
2025-12-25 00:00:00,1.17708,1.17835,1.17707,1.1775,566,154
2025-12-25 04:00:00,1.17743,1.17819,1.17663,1.17752,277,30
2025-12-25 20:00:00,1.17755,1.17843,1.17755,1.17833,8921,107
2025-12-26 00:00:00,1.17839,1.17934,1.17767,1.17843,11616,6
2025-12-26 04:00:00,1.17839,1.17877,1.177,1.17728,9348,4
2025-12-26 08:00:00,1.17728,1.17822,1.17662,1.17773,10312,5
2025-12-26 12:00:00,1.17774,1.17966,1.17713,1.1777,25443,5
2025-12-26 16:00:00,1.17771,1.17796,1.17615,1.17763,18620,4
2025-12-26 20:00:00,1.17765,1.17814,1.17655,1.1768,7928,5
2025-12-28 20:00:00,1.17631,1.17777,1.17631,1.17722,3048,121
2025-12-29 00:00:00,1.17723,1.17862,1.17709,1.17732,7659,7
2025-12-29 04:00:00,1.17734,1.17789,1.17537,1.17769,10461,5
2025-12-29 08:00:00,1.17769,1.1789,1.17576,1.17656,24008,4
2025-12-29 12:00:00,1.17658,1.17886,1.17555,1.17677,31263,3
2025-12-29 16:00:00,1.17677,1.17681,1.17493,1.17672,16612,4
2025-12-29 20:00:00,1.1767,1.17745,1.17644,1.17722,6547,4
2025-12-30 00:00:00,1.17721,1.17763,1.17695,1.17723,4684,5
2025-12-30 04:00:00,1.17724,1.17797,1.17662,1.17702,8163,6
2025-12-30 08:00:00,1.17703,1.17777,1.17641,1.17665,13005,4
2025-12-30 12:00:00,1.17666,1.17678,1.17453,1.17597,22979,4
2025-12-30 16:00:00,1.17597,1.17665,1.1745,1.17466,13883,4
2025-12-30 20:00:00,1.17469,1.17501,1.17431,1.17456,4452,3
2025-12-31 00:00:00,1.17455,1.17489,1.17388,1.17426,5006,4
2025-12-31 04:00:00,1.17424,1.17427,1.17297,1.17369,8047,4
2025-12-31 08:00:00,1.1737,1.17478,1.17199,1.17471,20697,5
2025-12-31 12:00:00,1.17472,1.17592,1.17202,1.17439,31783,3
2025-12-31 16:00:00,1.17441,1.17488,1.17285,1.17407,17720,4
2025-12-31 20:00:00,1.17405,1.17528,1.174,1.17466,2889,3
2026-01-01 20:00:00,1.17387,1.17507,1.17387,1.17506,3654,131
2026-01-02 00:00:00,1.17509,1.17649,1.17498,1.17644,4583,4
2026-01-02 04:00:00,1.17645,1.17647,1.1732,1.17347,9676,5
2026-01-02 08:00:00,1.17344,1.17382,1.17132,1.17219,28663,4
2026-01-02 12:00:00,1.17218,1.1752,1.17158,1.17504,25265,3
2026-01-02 16:00:00,1.17505,1.17542,1.17141,1.17231,16350,4
2026-01-02 20:00:00,1.17234,1.17236,1.17152,1.17199,4290,4
2026-01-04 20:00:00,1.17203,1.17219,1.16999,1.1705,4250,78
2026-01-05 00:00:00,1.1705,1.1711,1.16721,1.16752,13965,4
2026-01-05 04:00:00,1.1675,1.1692,1.16731,1.16862,12717,4
2026-01-05 08:00:00,1.1686,1.16948,1.16736,1.16813,25633,3
2026-01-05 12:00:00,1.16814,1.17045,1.16588,1.17045,34490,4
2026-01-05 16:00:00,1.17045,1.17286,1.1704,1.17271,16453,4
2026-01-05 20:00:00,1.17269,1.17286,1.17128,1.17144,4886,3
2026-01-06 00:00:00,1.17144,1.17382,1.17106,1.17343,9378,4
2026-01-06 04:00:00,1.17343,1.17428,1.17257,1.17289,13781,6
2026-01-06 08:00:00,1.17288,1.17388,1.17049,1.17061,18993,4
2026-01-06 12:00:00,1.17063,1.17174,1.16838,1.16952,31002,4
2026-01-06 16:00:00,1.16952,1.1702,1.16837,1.16896,18727,3
2026-01-06 20:00:00,1.16897,1.16931,1.16844,1.16868,9350,4
2026-01-07 00:00:00,1.1687,1.17025,1.16851,1.16983,10876,5
2026-01-07 04:00:00,1.16985,1.17019,1.16784,1.16827,10384,5
2026-01-07 08:00:00,1.16825,1.16939,1.16728,1.16892,15357,4
2026-01-07 12:00:00,1.16892,1.16985,1.16797,1.16901,27695,3
2026-01-07 16:00:00,1.169,1.16948,1.16786,1.16823,21879,3
2026-01-07 20:00:00,1.16825,1.16838,1.16727,1.16767,4674,3
2026-01-08 00:00:00,1.16768,1.16828,1.16724,1.16799,5707,3
2026-01-08 04:00:00,1.16797,1.16828,1.16747,1.16778,8837,4
2026-01-08 08:00:00,1.16779,1.16817,1.16687,1.16775,11997,3
2026-01-08 12:00:00,1.16774,1.16777,1.16561,1.16664,19626,3
2026-01-08 16:00:00,1.16662,1.16673,1.16425,1.16501,13146,3
2026-01-08 20:00:00,1.165,1.16624,1.16496,1.16578,6144,3
2026-01-09 00:00:00,1.16579,1.1659,1.16459,1.16561,6804,4
2026-01-09 04:00:00,1.16559,1.16569,1.16399,1.16506,7027,3
2026-01-09 08:00:00,1.16508,1.16529,1.16367,1.1646,11370,3
2026-01-09 12:00:00,1.1646,1.16604,1.16179,1.16405,40451,3
2026-01-09 16:00:00,1.16405,1.16431,1.16276,1.16346,14688,3
2026-01-09 20:00:00,1.16348,1.16377,1.16292,1.16298,2794,3
2026-01-11 20:00:00,1.16296,1.16348,1.1623,1.16235,1679,71
2026-01-12 00:00:00,1.16237,1.16713,1.16216,1.16551,14911,4
2026-01-12 04:00:00,1.16549,1.16876,1.16528,1.16849,10683,5
2026-01-12 08:00:00,1.16847,1.16957,1.16755,1.16784,17816,3
2026-01-12 12:00:00,1.16785,1.16984,1.16728,1.16811,24330,3
2026-01-12 16:00:00,1.16812,1.1682,1.16651,1.1672,12352,4
2026-01-12 20:00:00,1.1672,1.1673,1.16628,1.16673,6564,3
2026-01-13 00:00:00,1.16673,1.16673,1.16561,1.16586,6143,4
2026-01-13 04:00:00,1.16584,1.16674,1.16537,1.1664,9545,4
2026-01-13 08:00:00,1.16639,1.16742,1.16586,1.16685,15309,3
2026-01-13 12:00:00,1.16685,1.16776,1.1644,1.16518,33530,3
2026-01-13 16:00:00,1.16519,1.16545,1.1634,1.1649,14693,3
2026-01-13 20:00:00,1.16489,1.16498,1.16408,1.1642,5366,4
2026-01-14 00:00:00,1.16421,1.16487,1.16359,1.16469,6245,3
2026-01-14 04:00:00,1.16467,1.16519,1.16413,1.16459,6374,4
2026-01-14 08:00:00,1.16461,1.16578,1.1641,1.16467,17309,4
2026-01-14 12:00:00,1.16469,1.16606,1.16447,1.16599,32068,3
2026-01-14 16:00:00,1.16599,1.16615,1.16354,1.16362,13727,3
2026-01-14 20:00:00,1.16362,1.16472,1.16362,1.16449,9087,4
2026-01-15 00:00:00,1.1645,1.16455,1.16329,1.16387,11320,4
2026-01-15 04:00:00,1.1639,1.16393,1.16259,1.16287,11211,4
2026-01-15 08:00:00,1.16287,1.16409,1.16267,1.16308,14123,3
2026-01-15 12:00:00,1.16307,1.16349,1.1593,1.16021,27578,3
2026-01-15 16:00:00,1.16021,1.16174,1.15981,1.16136,12979,3
2026-01-15 20:00:00,1.16137,1.16155,1.16025,1.16088,6024,4
2026-01-16 00:00:00,1.16087,1.16141,1.16023,1.1612,9491,4
2026-01-16 04:00:00,1.1612,1.16147,1.16042,1.1612,9007,5
2026-01-16 08:00:00,1.16121,1.16233,1.16079,1.16191,16157,3
2026-01-16 12:00:00,1.1619,1.16273,1.15843,1.15935,39240,3
2026-01-16 16:00:00,1.15933,1.16058,1.15893,1.15963,19805,3
2026-01-16 20:00:00,1.15964,1.16022,1.1595,1.1595,3814,3
2026-01-18 20:00:00,1.15815,1.16268,1.15777,1.16241,9013,32
2026-01-19 00:00:00,1.1624,1.16378,1.16043,1.16245,22387,5
2026-01-19 04:00:00,1.16244,1.16412,1.16229,1.16259,15075,3
2026-01-19 08:00:00,1.1626,1.16297,1.1611,1.16277,19406,4
2026-01-19 12:00:00,1.16277,1.16433,1.1625,1.16398,18783,3
2026-01-19 16:00:00,1.16398,1.16487,1.16376,1.16431,6571,3
2026-01-19 20:00:00,1.16431,1.16473,1.16383,1.16393,3517,3
2026-01-20 00:00:00,1.16395,1.16586,1.16324,1.16565,9491,5
2026-01-20 04:00:00,1.16566,1.16936,1.16559,1.16885,19961,3
2026-01-20 08:00:00,1.16885,1.17388,1.16873,1.17348,42120,3
2026-01-20 12:00:00,1.17347,1.17688,1.17151,1.17269,57550,3
2026-01-20 16:00:00,1.17268,1.17426,1.17114,1.17122,24968,4
2026-01-20 20:00:00,1.17122,1.17289,1.17106,1.1727,9958,3
2026-01-21 00:00:00,1.1727,1.17342,1.17104,1.17188,13300,6
2026-01-21 04:00:00,1.17188,1.17253,1.17097,1.1717,15825,3
2026-01-21 08:00:00,1.17167,1.17202,1.17012,1.17141,23035,3
2026-01-21 12:00:00,1.17141,1.1743,1.17005,1.17019,38380,3
2026-01-21 16:00:00,1.17018,1.17115,1.16768,1.16914,29556,2
2026-01-21 20:00:00,1.16915,1.16919,1.16697,1.16728,9589,3
2026-01-22 00:00:00,1.16727,1.16935,1.16727,1.16888,9423,3
2026-01-22 04:00:00,1.1689,1.16972,1.16841,1.16905,10539,3
2026-01-22 08:00:00,1.16903,1.17041,1.16841,1.17022,19554,3
2026-01-22 12:00:00,1.17022,1.1734,1.16999,1.17338,26831,3
2026-01-22 16:00:00,1.17338,1.17505,1.17266,1.17439,18694,4
2026-01-22 20:00:00,1.1744,1.17591,1.17419,1.17538,5755,3
2026-01-23 00:00:00,1.17537,1.17537,1.17435,1.17435,9850,3
2026-01-23 04:00:00,1.17436,1.17539,1.1735,1.17358,17435,3
2026-01-23 08:00:00,1.1736,1.17452,1.17283,1.17374,20174,4
2026-01-23 12:00:00,1.17373,1.17612,1.17318,1.17579,18166,3
2026-01-23 16:00:00,1.17579,1.18148,1.17463,1.18116,38647,3
2026-01-23 20:00:00,1.18117,1.18336,1.181,1.1828,9602,2
2026-01-25 20:00:00,1.18661,1.18976,1.18506,1.18602,10059,31
2026-01-26 00:00:00,1.18601,1.18764,1.18443,1.18623,24357,4
2026-01-26 04:00:00,1.18624,1.18697,1.18364,1.18386,21473,3
2026-01-26 08:00:00,1.18386,1.18674,1.18381,1.18557,32346,3
2026-01-26 12:00:00,1.18557,1.18969,1.18347,1.18953,32674,3
2026-01-26 16:00:00,1.18952,1.19069,1.18705,1.18792,28416,3
2026-01-26 20:00:00,1.1879,1.18862,1.18716,1.18738,10222,2
2026-01-27 00:00:00,1.18736,1.18993,1.18724,1.18795,16421,4
2026-01-27 04:00:00,1.18797,1.18823,1.18608,1.18637,15407,3
2026-01-27 08:00:00,1.18634,1.18971,1.18502,1.18954,30472,3
2026-01-27 12:00:00,1.18953,1.19724,1.18941,1.19508,59885,3
2026-01-27 16:00:00,1.19506,1.199,1.19495,1.19771,36760,3
2026-01-27 20:00:00,1.1977,1.20822,1.19716,1.20227,36979,2
2026-01-28 00:00:00,1.20227,1.20235,1.1987,1.19969,20125,3
2026-01-28 04:00:00,1.1997,1.20257,1.19748,1.19912,22215,3
2026-01-28 08:00:00,1.19913,1.20047,1.19617,1.19679,35614,3
2026-01-28 12:00:00,1.19678,1.19834,1.19231,1.19434,52539,3
2026-01-28 16:00:00,1.19432,1.19526,1.18957,1.19403,42401,2
2026-01-28 20:00:00,1.19402,1.19808,1.19293,1.19808,16246,3
2026-01-29 00:00:00,1.19807,1.19868,1.19532,1.19864,20818,3
2026-01-29 04:00:00,1.19863,1.19964,1.19671,1.1974,20584,3
2026-01-29 08:00:00,1.19738,1.19856,1.19379,1.19468,29869,3
2026-01-29 12:00:00,1.19471,1.19725,1.19059,1.19294,62273,3
2026-01-29 16:00:00,1.19292,1.19648,1.19273,1.19513,41689,3
2026-01-29 20:00:00,1.19512,1.19745,1.19457,1.19674,8584,3
2026-01-30 00:00:00,1.19673,1.19729,1.18948,1.19197,36030,3
2026-01-30 04:00:00,1.19197,1.19423,1.19138,1.19377,29230,3
2026-01-30 08:00:00,1.19377,1.19505,1.18981,1.1949,38382,4
2026-01-30 12:00:00,1.19489,1.19546,1.18831,1.18951,56465,3
2026-01-30 16:00:00,1.18954,1.18975,1.18544,1.18693,55357,3
2026-01-30 20:00:00,1.18693,1.18693,1.18489,1.1849,11730,2
2026-02-01 20:00:00,1.18492,1.18569,1.18395,1.18461,10395,38
2026-02-02 00:00:00,1.18464,1.18747,1.18463,1.18641,30903,3
2026-02-02 04:00:00,1.18641,1.18725,1.18409,1.18532,29227,3
2026-02-02 08:00:00,1.18533,1.18712,1.18435,1.18646,31152,3
2026-02-02 12:00:00,1.18645,1.18698,1.17902,1.17923,50294,3
2026-02-02 16:00:00,1.17922,1.18124,1.17758,1.17886,36263,3
2026-02-02 20:00:00,1.17888,1.17989,1.17802,1.17987,11233,3
2026-02-03 00:00:00,1.17986,1.18149,1.17979,1.18093,12943,3
2026-02-03 04:00:00,1.18092,1.18243,1.18048,1.18149,14411,3
2026-02-03 08:00:00,1.1815,1.18193,1.17825,1.17871,24001,4
2026-02-03 12:00:00,1.17872,1.18135,1.178,1.18129,33372,3
2026-02-03 16:00:00,1.18131,1.18288,1.18058,1.18133,29736,3
2026-02-03 20:00:00,1.18135,1.18253,1.18094,1.18155,8964,3
2026-02-04 00:00:00,1.18155,1.18317,1.18086,1.18268,12856,5
2026-02-04 04:00:00,1.18268,1.18361,1.18241,1.1832,11145,3
2026-02-04 08:00:00,1.18317,1.18379,1.18046,1.18103,21683,3
2026-02-04 12:00:00,1.18102,1.18268,1.17933,1.17961,36372,3
2026-02-04 16:00:00,1.17962,1.1815,1.17903,1.18091,33852,3
2026-02-04 20:00:00,1.18088,1.18096,1.18002,1.18015,7561,3
2026-02-05 00:00:00,1.18014,1.18082,1.17826,1.17892,15325,4
2026-02-05 04:00:00,1.17893,1.18033,1.17841,1.17989,11811,3
2026-02-05 08:00:00,1.17987,1.18088,1.17802,1.17935,20626,3
2026-02-05 12:00:00,1.17935,1.18218,1.17818,1.17911,52723,3
2026-02-05 16:00:00,1.17913,1.18041,1.1785,1.17941,23756,2
2026-02-05 20:00:00,1.17939,1.17947,1.17749,1.17764,9015,2
2026-02-06 00:00:00,1.17763,1.17916,1.17654,1.17874,14168,4
2026-02-06 04:00:00,1.17878,1.18016,1.17872,1.17913,11543,3
2026-02-06 08:00:00,1.17913,1.17997,1.17855,1.179,20026,3
2026-02-06 12:00:00,1.17899,1.1826,1.17881,1.18193,27924,3
2026-02-06 16:00:00,1.18192,1.18228,1.18099,1.1819,15995,3
2026-02-06 20:00:00,1.18191,1.18239,1.18113,1.18115,4263,4
2026-02-08 20:00:00,1.18106,1.18277,1.18097,1.18266,5030,42
2026-02-09 00:00:00,1.18267,1.18335,1.18159,1.18187,15113,3
2026-02-09 04:00:00,1.18188,1.18598,1.18188,1.18558,16455,3
2026-02-09 08:00:00,1.18558,1.1872,1.18517,1.18691,27047,3
2026-02-09 12:00:00,1.18691,1.19266,1.18691,1.1912,44151,3
2026-02-09 16:00:00,1.19122,1.19222,1.18929,1.19202,19576,3
2026-02-09 20:00:00,1.19201,1.1921,1.19016,1.19036,6989,3
2026-02-10 00:00:00,1.19035,1.19169,1.18965,1.19114,11162,4
2026-02-10 04:00:00,1.19113,1.19131,1.18993,1.19086,11086,3
2026-02-10 08:00:00,1.19084,1.19198,1.18996,1.19037,18499,3
2026-02-10 12:00:00,1.19039,1.19285,1.18885,1.19139,43813,3
2026-02-10 16:00:00,1.1914,1.19149,1.18866,1.19022,18902,2
2026-02-10 20:00:00,1.19021,1.19033,1.18866,1.18876,6167,3
2026-02-11 00:00:00,1.18877,1.19137,1.18862,1.19115,12758,4
2026-02-11 04:00:00,1.19114,1.19256,1.19066,1.19178,16096,3
2026-02-11 08:00:00,1.19175,1.19272,1.19049,1.19081,16972,3
2026-02-11 12:00:00,1.19081,1.19092,1.18331,1.18591,65799,3
2026-02-11 16:00:00,1.1859,1.18934,1.18531,1.18798,25352,3
2026-02-11 20:00:00,1.18796,1.18809,1.18685,1.18746,7225,3
2026-02-12 00:00:00,1.18747,1.18846,1.18652,1.18695,14053,3
2026-02-12 04:00:00,1.18695,1.18751,1.18522,1.18728,16898,3
2026-02-12 08:00:00,1.1873,1.18878,1.18712,1.18844,16319,3
2026-02-12 12:00:00,1.18844,1.18883,1.18669,1.18856,31256,3
2026-02-12 16:00:00,1.18858,1.18899,1.18561,1.18699,42044,4
2026-02-12 20:00:00,1.18699,1.18725,1.18636,1.18691,6917,3
2026-02-13 00:00:00,1.18689,1.18734,1.18628,1.18667,8861,4
2026-02-13 04:00:00,1.1867,1.18677,1.18469,1.18585,13382,3
2026-02-13 08:00:00,1.18584,1.18666,1.18529,1.18585,15341,3
2026-02-13 12:00:00,1.18587,1.18846,1.18475,1.18483,40066,3
2026-02-13 16:00:00,1.18483,1.18827,1.18482,1.18665,19219,3
2026-02-13 20:00:00,1.18663,1.18764,1.18643,1.18655,4475,3
2026-02-15 20:00:00,1.18751,1.18755,1.18631,1.18667,2705,46
2026-02-16 00:00:00,1.18667,1.1869,1.18589,1.18671,9056,3
2026-02-16 04:00:00,1.18671,1.18701,1.18602,1.18626,6037,4
2026-02-16 08:00:00,1.18626,1.18703,1.18571,1.18611,12647,3
2026-02-16 12:00:00,1.1861,1.18634,1.18489,1.18538,12533,3
2026-02-16 16:00:00,1.18539,1.18567,1.18462,1.18541,5180,3
2026-02-16 20:00:00,1.1854,1.1855,1.18465,1.18503,2845,3
2026-02-17 00:00:00,1.18505,1.18519,1.18378,1.18416,7509,4
2026-02-17 04:00:00,1.18414,1.18457,1.18286,1.18327,9465,5
2026-02-17 08:00:00,1.18326,1.18497,1.1824,1.18308,15588,3
2026-02-17 12:00:00,1.18307,1.18358,1.18049,1.18105,32569,4
2026-02-17 16:00:00,1.18106,1.18531,1.18106,1.1848,18800,2
2026-02-17 20:00:00,1.18478,1.18573,1.18468,1.18507,5611,3
2026-02-18 00:00:00,1.18507,1.18535,1.1841,1.18411,6623,4
2026-02-18 04:00:00,1.18411,1.18464,1.18329,1.18347,7798,3
2026-02-18 08:00:00,1.18346,1.18408,1.18284,1.18345,12852,2
2026-02-18 12:00:00,1.18347,1.18485,1.18118,1.18226,26884,3
2026-02-18 16:00:00,1.18226,1.1826,1.17836,1.17873,24356,3
2026-02-18 20:00:00,1.17872,1.17904,1.17818,1.17885,5736,3
2026-02-19 00:00:00,1.17884,1.17955,1.17852,1.17906,9168,3
2026-02-19 04:00:00,1.17906,1.18035,1.17847,1.18006,8817,3
2026-02-19 08:00:00,1.18006,1.18075,1.17765,1.17807,16385,3
2026-02-19 12:00:00,1.17805,1.17807,1.17418,1.17629,38768,3
2026-02-19 16:00:00,1.1763,1.17741,1.1756,1.17637,18839,3
2026-02-19 20:00:00,1.17638,1.1778,1.17632,1.17682,5923,3
2026-02-20 00:00:00,1.17683,1.17722,1.17536,1.17566,11152,3
2026-02-20 04:00:00,1.17568,1.17625,1.17496,1.17512,11253,3
2026-02-20 08:00:00,1.1751,1.1769,1.17432,1.17673,16533,3
2026-02-20 12:00:00,1.17672,1.18074,1.17551,1.1788,50606,3
2026-02-20 16:00:00,1.17881,1.1799,1.17654,1.17806,30765,2
2026-02-20 20:00:00,1.17806,1.17914,1.17772,1.17814,5271,3
2026-02-22 20:00:00,1.17906,1.18346,1.17901,1.18333,5744,92
2026-02-23 00:00:00,1.18333,1.18344,1.18165,1.18233,19201,3
2026-02-23 04:00:00,1.18235,1.18338,1.1815,1.18232,10600,4
2026-02-23 08:00:00,1.18233,1.18249,1.17809,1.17859,18850,3
2026-02-23 12:00:00,1.17858,1.18098,1.17744,1.17947,30188,3
2026-02-23 16:00:00,1.17945,1.18087,1.1788,1.17915,19592,3
2026-02-23 20:00:00,1.17917,1.17953,1.1784,1.17929,6948,3
2026-02-24 00:00:00,1.17928,1.17963,1.17715,1.1775,11326,4
2026-02-24 04:00:00,1.17752,1.17823,1.17679,1.17791,13897,4
2026-02-24 08:00:00,1.17792,1.1793,1.17733,1.17804,16221,3
2026-02-24 12:00:00,1.17803,1.17835,1.1766,1.17727,25453,3
2026-02-24 16:00:00,1.17727,1.179,1.1772,1.17788,12342,2
2026-02-24 20:00:00,1.17786,1.17833,1.17715,1.17738,6336,3
2026-02-25 00:00:00,1.17738,1.17943,1.17732,1.17894,11861,4
2026-02-25 04:00:00,1.17894,1.18078,1.17876,1.17969,10131,3
2026-02-25 08:00:00,1.17969,1.17999,1.17709,1.17749,15898,3
2026-02-25 12:00:00,1.17748,1.18024,1.17729,1.1801,22785,3
2026-02-25 16:00:00,1.18011,1.18142,1.17986,1.18054,13334,3
2026-02-25 20:00:00,1.18054,1.18163,1.18031,1.1815,6518,3
2026-02-26 00:00:00,1.18149,1.18288,1.18117,1.18168,9636,4
2026-02-26 04:00:00,1.18169,1.18226,1.18087,1.18157,10733,3
2026-02-26 08:00:00,1.18158,1.18158,1.17931,1.18003,15016,3
2026-02-26 12:00:00,1.18004,1.18167,1.17809,1.17988,27403,4
2026-02-26 16:00:00,1.17989,1.17993,1.17737,1.17967,20115,3
2026-02-26 20:00:00,1.17968,1.18036,1.17887,1.18031,5960,3
2026-02-27 00:00:00,1.1803,1.18057,1.17887,1.18035,11757,5
2026-02-27 04:00:00,1.18034,1.18193,1.1797,1.18148,13067,4
2026-02-27 08:00:00,1.18151,1.18216,1.17927,1.18002,15477,3
2026-02-27 12:00:00,1.18002,1.18171,1.17903,1.1807,33648,3
2026-02-27 16:00:00,1.18071,1.18268,1.18056,1.18191,18905,3
2026-02-27 20:00:00,1.18195,1.18259,1.18101,1.18122,5505,3
2026-03-01 20:00:00,1.17751,1.17876,1.17568,1.1759,9669,33
2026-03-02 00:00:00,1.1759,1.17958,1.17559,1.17886,20186,4
2026-03-02 04:00:00,1.17888,1.17901,1.17034,1.17161,26293,4
2026-03-02 08:00:00,1.17161,1.17472,1.1698,1.17331,29886,4
2026-03-02 12:00:00,1.1733,1.17338,1.16797,1.16799,46049,3
2026-03-02 16:00:00,1.168,1.17134,1.16717,1.17111,32799,3
2026-03-02 20:00:00,1.17112,1.17131,1.16784,1.16944,14540,3
2026-03-03 00:00:00,1.16945,1.17067,1.16858,1.16902,18415,4
2026-03-03 04:00:00,1.16902,1.16935,1.16426,1.16437,24037,4
2026-03-03 08:00:00,1.16438,1.16461,1.15818,1.15972,50217,3
2026-03-03 12:00:00,1.15971,1.16153,1.153,1.15726,65719,3
2026-03-03 16:00:00,1.15727,1.16257,1.15692,1.16124,55312,3
2026-03-03 20:00:00,1.16126,1.16244,1.16083,1.16104,14104,4
2026-03-04 00:00:00,1.16106,1.1611,1.15745,1.16082,25624,4
2026-03-04 04:00:00,1.16084,1.1628,1.1587,1.16158,21892,4
2026-03-04 08:00:00,1.16157,1.16546,1.15921,1.1635,39817,3
2026-03-04 12:00:00,1.1635,1.16521,1.16167,1.164,45159,4
2026-03-04 16:00:00,1.16401,1.1646,1.16233,1.16395,21877,3
2026-03-04 20:00:00,1.16396,1.16437,1.16255,1.16346,7590,3
2026-03-05 00:00:00,1.16346,1.16473,1.16097,1.16129,18937,5
2026-03-05 04:00:00,1.16129,1.16161,1.15875,1.16048,24461,4
2026-03-05 08:00:00,1.16048,1.16445,1.15815,1.16112,41451,3
2026-03-05 12:00:00,1.16113,1.16247,1.15691,1.15828,42359,5
2026-03-05 16:00:00,1.15829,1.15918,1.15587,1.15728,49834,3
2026-03-05 20:00:00,1.15728,1.16104,1.15701,1.16064,17074,4
2026-03-06 00:00:00,1.16064,1.16205,1.16051,1.162,12080,4
2026-03-06 04:00:00,1.162,1.16211,1.16017,1.16144,12719,4
2026-03-06 08:00:00,1.16145,1.16145,1.1561,1.15624,32128,4
2026-03-06 12:00:00,1.15625,1.15928,1.15457,1.15796,72409,3
2026-03-06 16:00:00,1.15794,1.16213,1.15788,1.16012,45403,3
2026-03-06 20:00:00,1.16013,1.16182,1.15957,1.1617,9856,4
2026-03-08 20:00:00,1.15442,1.15573,1.1521,1.15243,17027,73
2026-03-09 00:00:00,1.15241,1.15313,1.15069,1.15164,35833,4
2026-03-09 04:00:00,1.15168,1.15713,1.15157,1.15633,39538,4
2026-03-09 08:00:00,1.15634,1.15732,1.15152,1.15612,55603,3
2026-03-09 12:00:00,1.15612,1.15937,1.15476,1.15914,61807,3
2026-03-09 16:00:00,1.15914,1.16335,1.15753,1.16087,43202,3
2026-03-09 20:00:00,1.16087,1.16454,1.16084,1.16163,15660,4
2026-03-10 00:00:00,1.16163,1.16355,1.16078,1.16095,31141,4
2026-03-10 04:00:00,1.16095,1.16635,1.16069,1.16604,23959,5
2026-03-10 08:00:00,1.16603,1.16618,1.16203,1.16384,35270,3
2026-03-10 12:00:00,1.16386,1.1655,1.16212,1.16475,47856,3
2026-03-10 16:00:00,1.16476,1.16672,1.16057,1.16142,47264,3
2026-03-10 20:00:00,1.16144,1.16153,1.16027,1.16111,6767,3
2026-03-11 00:00:00,1.16115,1.16317,1.16055,1.16302,17908,4
2026-03-11 04:00:00,1.16301,1.16453,1.16133,1.16167,20826,5
2026-03-11 08:00:00,1.16168,1.16212,1.159,1.15944,37268,3
2026-03-11 12:00:00,1.15943,1.16126,1.15654,1.15661,55473,5
2026-03-11 16:00:00,1.15661,1.15766,1.15607,1.15729,24630,3
2026-03-11 20:00:00,1.1573,1.15738,1.15396,1.15425,9813,3
2026-03-12 00:00:00,1.15424,1.15554,1.15322,1.15381,16746,4
2026-03-12 04:00:00,1.15381,1.15527,1.15317,1.15511,16734,3
2026-03-12 08:00:00,1.15511,1.15662,1.15432,1.15562,20133,3
2026-03-12 12:00:00,1.15565,1.15572,1.15108,1.15217,53236,4
2026-03-12 16:00:00,1.15217,1.15325,1.15105,1.1515,30162,3
2026-03-12 20:00:00,1.15151,1.1523,1.15096,1.15207,7924,3
2026-03-13 00:00:00,1.15208,1.15296,1.15048,1.15091,12120,4
2026-03-13 04:00:00,1.1509,1.15091,1.14541,1.14577,16964,3
2026-03-13 08:00:00,1.14576,1.1472,1.14328,1.14684,36317,3
2026-03-13 12:00:00,1.14683,1.14901,1.14344,1.1443,49797,4
2026-03-13 16:00:00,1.14429,1.14505,1.14197,1.14222,25936,3
2026-03-13 20:00:00,1.14223,1.14226,1.14108,1.14161,3234,4
2026-03-15 20:00:00,1.14218,1.14391,1.14156,1.14353,10222,62
2026-03-16 00:00:00,1.14354,1.14564,1.1435,1.14504,14945,4
2026-03-16 04:00:00,1.14504,1.14514,1.14139,1.14258,13553,4
2026-03-16 08:00:00,1.1426,1.14871,1.14258,1.14793,27277,3
2026-03-16 12:00:00,1.14793,1.15021,1.14721,1.14867,33559,4
2026-03-16 16:00:00,1.14867,1.15248,1.14775,1.15079,30016,3
2026-03-16 20:00:00,1.15076,1.15104,1.14947,1.14983,6903,3
2026-03-17 00:00:00,1.14984,1.15028,1.14863,1.14919,11724,4
2026-03-17 04:00:00,1.14918,1.15001,1.14658,1.14947,13038,4
2026-03-17 08:00:00,1.14949,1.15247,1.14876,1.15074,24853,3
2026-03-17 12:00:00,1.15074,1.15435,1.15043,1.15249,39288,3
2026-03-17 16:00:00,1.15248,1.15471,1.15181,1.15356,18021,3
2026-03-17 20:00:00,1.15358,1.15445,1.1534,1.15387,13178,3
2026-03-18 00:00:00,1.15389,1.15439,1.15319,1.15359,11757,4
2026-03-18 04:00:00,1.1536,1.15492,1.15233,1.15263,9148,4
2026-03-18 08:00:00,1.15261,1.15551,1.15176,1.15466,19831,6
2026-03-18 12:00:00,1.15466,1.15481,1.14905,1.15128,51867,6
2026-03-18 16:00:00,1.15127,1.15249,1.14685,1.14692,34143,4
2026-03-18 20:00:00,1.14691,1.14707,1.14496,1.14632,12647,3
2026-03-19 00:00:00,1.14631,1.14912,1.1462,1.14747,18006,3
2026-03-19 04:00:00,1.14743,1.14767,1.14506,1.14524,19081,3
2026-03-19 08:00:00,1.14522,1.14881,1.14429,1.14795,42150,3
2026-03-19 12:00:00,1.14796,1.15388,1.14625,1.1514,82124,6
2026-03-19 16:00:00,1.1514,1.16161,1.15117,1.15846,53891,3
2026-03-19 20:00:00,1.15847,1.15948,1.15743,1.15763,8198,3
2026-03-20 00:00:00,1.1576,1.158,1.1556,1.15565,12788,4
2026-03-20 04:00:00,1.15566,1.15751,1.15523,1.15729,12734,4
2026-03-20 08:00:00,1.15732,1.15805,1.1535,1.15714,30248,3
2026-03-20 12:00:00,1.15714,1.15797,1.15245,1.1542,57594,3
2026-03-20 16:00:00,1.1542,1.15716,1.15412,1.15583,39119,4
2026-03-20 20:00:00,1.15581,1.15718,1.15572,1.15694,3869,4
2026-03-22 20:00:00,1.15385,1.15647,1.1535,1.15618,7706,23
2026-03-23 00:00:00,1.1562,1.15642,1.15384,1.1547,24851,4
2026-03-23 04:00:00,1.15472,1.15523,1.15203,1.1527,23491,4
2026-03-23 08:00:00,1.15271,1.16196,1.14843,1.15563,76543,3
2026-03-23 12:00:00,1.15561,1.16397,1.15462,1.15859,106291,5
2026-03-23 16:00:00,1.15859,1.16372,1.15763,1.16132,48860,4
2026-03-23 20:00:00,1.16132,1.16175,1.16059,1.1608,6632,3
2026-03-24 00:00:00,1.16079,1.16085,1.15783,1.15828,27369,4
2026-03-24 04:00:00,1.1583,1.16176,1.15756,1.16085,26044,4
2026-03-24 08:00:00,1.16085,1.16092,1.15786,1.15891,36282,4
2026-03-24 12:00:00,1.15892,1.16069,1.15671,1.15777,62478,3
2026-03-24 16:00:00,1.15776,1.15928,1.15569,1.15854,44272,3
2026-03-24 20:00:00,1.15854,1.16282,1.15827,1.16136,20964,3
2026-03-25 00:00:00,1.16137,1.16305,1.16005,1.16035,20048,4
2026-03-25 04:00:00,1.16036,1.1605,1.15867,1.15975,16229,4
2026-03-25 08:00:00,1.15977,1.16165,1.15906,1.16053,33900,3
2026-03-25 12:00:00,1.16053,1.16135,1.15629,1.15696,52359,3
2026-03-25 16:00:00,1.15695,1.15836,1.15552,1.15631,28776,3
2026-03-25 20:00:00,1.1563,1.15634,1.15558,1.15614,5512,4
2026-03-26 00:00:00,1.15613,1.15695,1.15539,1.15685,11845,4
2026-03-26 04:00:00,1.15685,1.15722,1.15505,1.15535,14347,4
2026-03-26 08:00:00,1.15536,1.15649,1.15232,1.15241,24380,3
2026-03-26 12:00:00,1.15241,1.1555,1.15223,1.15414,49728,5
2026-03-26 16:00:00,1.15413,1.15431,1.15216,1.15218,25178,3
2026-03-26 20:00:00,1.15217,1.15588,1.15196,1.15343,13237,4
2026-03-27 00:00:00,1.15341,1.15425,1.15242,1.1539,14083,4
2026-03-27 04:00:00,1.15389,1.1546,1.15167,1.15187,12924,4
2026-03-27 08:00:00,1.15185,1.1526,1.15046,1.15075,24525,4
2026-03-27 12:00:00,1.15073,1.15476,1.15018,1.15193,45518,3
2026-03-27 16:00:00,1.15193,1.1529,1.15063,1.15171,25684,3
2026-03-27 20:00:00,1.15171,1.15207,1.15052,1.15059,4628,4
2026-03-29 20:00:00,1.15047,1.15047,1.14873,1.14916,7395,27
2026-03-30 00:00:00,1.14917,1.15186,1.14895,1.15156,18774,4
2026-03-30 04:00:00,1.15156,1.15211,1.14939,1.14977,14469,4
2026-03-30 08:00:00,1.14977,1.15004,1.14838,1.14845,22316,4
2026-03-30 12:00:00,1.14847,1.14887,1.1443,1.14537,40333,4
2026-03-30 16:00:00,1.14534,1.1466,1.14474,1.14597,17432,3
2026-03-30 20:00:00,1.14596,1.14674,1.1452,1.14564,7044,4
2026-03-31 00:00:00,1.14565,1.14906,1.14471,1.14696,23401,4
2026-03-31 04:00:00,1.14696,1.14742,1.14607,1.14722,17163,4
2026-03-31 08:00:00,1.14723,1.14911,1.14574,1.1491,25910,4
2026-03-31 12:00:00,1.14911,1.15405,1.14869,1.15173,59629,3
2026-03-31 16:00:00,1.15172,1.15597,1.15138,1.1559,50154,3
2026-03-31 20:00:00,1.1559,1.15744,1.15493,1.15736,9668,3
2026-04-01 00:00:00,1.15737,1.15787,1.15547,1.15607,18713,4
2026-04-01 04:00:00,1.15607,1.15985,1.15594,1.15819,30957,4
2026-04-01 08:00:00,1.15819,1.16106,1.15774,1.16072,33105,3
2026-04-01 12:00:00,1.16074,1.16271,1.15938,1.16137,57663,3
2026-04-01 16:00:00,1.16137,1.16234,1.15763,1.15836,28480,3
2026-04-01 20:00:00,1.15836,1.15945,1.15804,1.15896,7490,3
2026-04-02 00:00:00,1.15895,1.16055,1.15375,1.15397,39845,4
2026-04-02 04:00:00,1.15397,1.15418,1.1515,1.15324,25362,4
2026-04-02 08:00:00,1.15325,1.15357,1.1509,1.15176,21099,3
2026-04-02 12:00:00,1.15177,1.15638,1.15168,1.1545,60980,6
2026-04-02 16:00:00,1.1545,1.15492,1.1533,1.15344,22543,3
2026-04-02 20:00:00,1.15345,1.15429,1.15315,1.15414,4051,5
2026-04-03 00:00:00,1.15414,1.15449,1.1532,1.15361,5125,4
2026-04-03 04:00:00,1.15361,1.15461,1.15293,1.15428,5634,4
2026-04-03 08:00:00,1.15427,1.15489,1.154,1.15443,4581,5
2026-04-03 12:00:00,1.15442,1.15459,1.15177,1.1522,16613,7
2026-04-03 16:00:00,1.15219,1.1522,1.15138,1.15143,8640,7
2026-04-03 20:00:00,1.15144,1.15298,1.15105,1.15105,2238,93
2026-04-05 20:00:00,1.15216,1.15233,1.15048,1.15096,7783,36
2026-04-06 00:00:00,1.15096,1.15286,1.15062,1.15189,15921,4
2026-04-06 04:00:00,1.15191,1.15686,1.15184,1.15642,14413,4
2026-04-06 08:00:00,1.15643,1.15685,1.15376,1.15455,21685,4
2026-04-06 12:00:00,1.15455,1.15713,1.15353,1.15442,33496,3
2026-04-06 16:00:00,1.15441,1.15524,1.15341,1.15426,18940,4
2026-04-06 20:00:00,1.15428,1.15474,1.15368,1.15407,5907,5
2026-04-07 00:00:00,1.15407,1.15438,1.15239,1.15343,11933,4
2026-04-07 04:00:00,1.15344,1.1546,1.15299,1.15426,14350,4
2026-04-07 08:00:00,1.15424,1.15756,1.15419,1.15599,38506,4
2026-04-07 12:00:00,1.156,1.15835,1.15538,1.15711,43293,3
2026-04-07 16:00:00,1.15711,1.16015,1.15663,1.15948,35088,3
2026-04-07 20:00:00,1.15949,1.16902,1.15877,1.16862,35292,3
2026-04-08 00:00:00,1.16865,1.16968,1.16658,1.16705,39873,5
2026-04-08 04:00:00,1.16707,1.17085,1.16707,1.16954,36493,4
2026-04-08 08:00:00,1.16953,1.17102,1.16688,1.17001,34777,4
2026-04-08 12:00:00,1.17003,1.17217,1.16842,1.16861,57083,3
2026-04-08 16:00:00,1.16861,1.16885,1.16433,1.16678,34622,3
2026-04-08 20:00:00,1.16678,1.16693,1.16488,1.16589,7363,3
2026-04-09 00:00:00,1.16591,1.16673,1.16503,1.16623,15080,4
2026-04-09 04:00:00,1.16623,1.1671,1.16541,1.16629,14687,4
2026-04-09 08:00:00,1.1663,1.16894,1.16595,1.16883,17929,3
2026-04-09 12:00:00,1.16884,1.17071,1.16742,1.17053,40115,4
2026-04-09 16:00:00,1.17053,1.17234,1.16973,1.17005,25723,3
2026-04-09 20:00:00,1.17007,1.17024,1.169,1.16913,6759,4
2026-04-10 00:00:00,1.16913,1.16965,1.16853,1.16955,9516,4
2026-04-10 04:00:00,1.16957,1.16966,1.16787,1.16797,11054,4
2026-04-10 08:00:00,1.16797,1.17187,1.16773,1.17138,20774,3
2026-04-10 12:00:00,1.17139,1.17392,1.17095,1.17222,38091,6
2026-04-10 16:00:00,1.17222,1.17354,1.17136,1.17273,17668,3
2026-04-10 20:00:00,1.17272,1.17307,1.17216,1.17216,2854,4
2026-04-12 20:00:00,1.16739,1.16805,1.16638,1.16748,9058,40
2026-04-13 00:00:00,1.1675,1.16901,1.16709,1.16879,12016,4
2026-04-13 04:00:00,1.1688,1.17,1.16778,1.1697,15401,4
2026-04-13 08:00:00,1.16968,1.16996,1.16808,1.16815,18573,3
2026-04-13 12:00:00,1.16816,1.17207,1.16805,1.17095,35312,3
2026-04-13 16:00:00,1.17095,1.17653,1.17069,1.17602,31206,3
2026-04-13 20:00:00,1.17603,1.17666,1.17505,1.17665,8243,3
2026-04-14 00:00:00,1.17666,1.17681,1.17561,1.17667,11865,3
2026-04-14 04:00:00,1.17667,1.17966,1.1758,1.17799,18822,4
2026-04-14 08:00:00,1.17798,1.1806,1.17749,1.17991,21112,3
2026-04-14 12:00:00,1.17992,1.18111,1.17876,1.17903,39955,6
2026-04-14 16:00:00,1.17903,1.17994,1.17881,1.17918,13921,3
2026-04-14 20:00:00,1.17919,1.18018,1.17888,1.17982,7007,4
2026-04-15 00:00:00,1.17981,1.17986,1.17787,1.1787,13059,4
2026-04-15 04:00:00,1.1787,1.17992,1.17826,1.17855,15857,4
2026-04-15 08:00:00,1.17856,1.17953,1.17718,1.1783,29401,3
2026-04-15 12:00:00,1.17828,1.18079,1.1777,1.1798,34089,3
2026-04-15 16:00:00,1.17979,1.18048,1.17925,1.17997,17323,3
2026-04-15 20:00:00,1.17998,1.18077,1.17948,1.18065,5653,3
2026-04-16 00:00:00,1.18067,1.18238,1.17967,1.1813,13920,4
2026-04-16 04:00:00,1.18128,1.1813,1.17909,1.17913,16789,3
2026-04-16 08:00:00,1.17916,1.17939,1.17725,1.17839,20070,3
2026-04-16 12:00:00,1.17839,1.17846,1.17668,1.1782,36694,6
2026-04-16 16:00:00,1.1782,1.17871,1.17681,1.1781,19963,3
2026-04-16 20:00:00,1.17812,1.17871,1.1774,1.17809,4224,3
2026-04-17 00:00:00,1.17809,1.17852,1.17728,1.17832,9047,4
2026-04-17 04:00:00,1.17831,1.17844,1.1772,1.17823,13784,4
2026-04-17 08:00:00,1.17823,1.17993,1.17806,1.17936,15686,3
2026-04-17 12:00:00,1.17938,1.18491,1.17934,1.18007,69971,3
2026-04-17 16:00:00,1.18006,1.18047,1.17668,1.17689,27758,3
2026-04-17 20:00:00,1.17689,1.17718,1.17601,1.17616,3479,4
2026-04-19 20:00:00,1.17432,1.17453,1.17288,1.17386,8054,60
2026-04-20 00:00:00,1.17389,1.17624,1.17369,1.176,17809,4
2026-04-20 04:00:00,1.17601,1.17719,1.17469,1.17593,23687,4
2026-04-20 08:00:00,1.17592,1.17754,1.1755,1.1767,22717,3
2026-04-20 12:00:00,1.1767,1.17894,1.17556,1.1784,41460,3
2026-04-20 16:00:00,1.1784,1.179,1.17785,1.17859,17499,3
2026-04-20 20:00:00,1.17861,1.17908,1.17821,1.1784,6529,3
2026-04-21 00:00:00,1.17841,1.17861,1.1773,1.17754,13219,4
2026-04-21 04:00:00,1.17755,1.17822,1.17633,1.17641,15741,4
2026-04-21 08:00:00,1.17641,1.17683,1.1756,1.17671,20928,3
2026-04-21 12:00:00,1.17671,1.1776,1.17411,1.17513,38263,3
2026-04-21 16:00:00,1.17514,1.17633,1.17191,1.17254,46538,3
2026-04-21 20:00:00,1.17253,1.17531,1.17233,1.17439,12268,4
2026-04-22 00:00:00,1.17436,1.17513,1.17376,1.17383,13463,4
2026-04-22 04:00:00,1.17384,1.17626,1.17382,1.17552,16558,4
2026-04-22 08:00:00,1.17554,1.1759,1.17318,1.17347,20925,3
2026-04-22 12:00:00,1.17346,1.17433,1.17124,1.17133,36730,3
2026-04-22 16:00:00,1.17134,1.17168,1.17049,1.17056,16995,3
2026-04-22 20:00:00,1.17056,1.17088,1.17029,1.17056,4558,4
2026-04-23 00:00:00,1.17054,1.17136,1.16922,1.16955,26827,3
2026-04-23 04:00:00,1.16956,1.17118,1.16951,1.17022,19547,4
2026-04-23 08:00:00,1.17021,1.17052,1.1679,1.16906,28742,4
2026-04-23 12:00:00,1.16906,1.17164,1.16828,1.17033,43216,6
2026-04-23 16:00:00,1.17033,1.17055,1.16691,1.16865,44257,3
2026-04-23 20:00:00,1.16866,1.16882,1.16788,1.16834,8468,3
2026-04-24 00:00:00,1.16836,1.16892,1.16727,1.16778,15389,4
2026-04-24 04:00:00,1.16779,1.16937,1.1676,1.16906,15299,4
2026-04-24 08:00:00,1.16905,1.17185,1.16838,1.17144,27044,4
2026-04-24 12:00:00,1.17145,1.172,1.16985,1.17175,40273,3
2026-04-24 16:00:00,1.17176,1.17209,1.1711,1.17185,19264,3
2026-04-24 20:00:00,1.17182,1.17229,1.17169,1.17192,2761,4
2026-04-26 20:00:00,1.16947,1.1712,1.16928,1.17054,3282,39
2026-04-27 00:00:00,1.17056,1.17324,1.17056,1.17293,13597,3
2026-04-27 04:00:00,1.17293,1.17451,1.17163,1.17439,15533,3
2026-04-27 08:00:00,1.17438,1.17508,1.17377,1.17413,17989,3
2026-04-27 12:00:00,1.17413,1.17548,1.17293,1.17307,32887,3
2026-04-27 16:00:00,1.17307,1.17338,1.17188,1.17204,15472,3
2026-04-27 20:00:00,1.17205,1.17232,1.17179,1.17229,4837,3
2026-04-28 00:00:00,1.17231,1.17269,1.17078,1.17132,13081,4
2026-04-28 04:00:00,1.17133,1.17162,1.16859,1.16967,20611,3
2026-04-28 08:00:00,1.16966,1.17077,1.1682,1.16829,28986,3
2026-04-28 12:00:00,1.16829,1.17157,1.16774,1.17136,46693,3
2026-04-28 16:00:00,1.17138,1.17176,1.17053,1.17096,17284,3
2026-04-28 20:00:00,1.17094,1.17178,1.17069,1.17176,5084,3
2026-04-29 00:00:00,1.17175,1.17204,1.1705,1.17058,13332,4
2026-04-29 04:00:00,1.17058,1.17081,1.16963,1.17054,14674,4
2026-04-29 08:00:00,1.17052,1.17097,1.16936,1.17007,21319,3
2026-04-29 12:00:00,1.17006,1.17081,1.16823,1.16946,44546,3
2026-04-29 16:00:00,1.16947,1.16986,1.16611,1.16762,36788,3
2026-04-29 20:00:00,1.16761,1.16864,1.16656,1.16845,19827,3
2026-04-30 00:00:00,1.16846,1.16894,1.16623,1.16657,19629,3
2026-04-30 04:00:00,1.16656,1.16838,1.16551,1.16794,25998,3
2026-04-30 08:00:00,1.16793,1.17194,1.16732,1.17047,63651,3
2026-04-30 12:00:00,1.17046,1.17358,1.16817,1.17284,70899,5
2026-04-30 16:00:00,1.17285,1.17416,1.17221,1.17334,23382,3
2026-04-30 20:00:00,1.17334,1.17363,1.17273,1.17287,9428,3
2026-05-01 00:00:00,1.17287,1.17363,1.17241,1.17308,13588,4
2026-05-01 04:00:00,1.17309,1.17449,1.17187,1.17343,23935,4
2026-05-01 08:00:00,1.17346,1.17583,1.17307,1.17513,22890,3
2026-05-01 12:00:00,1.17511,1.17851,1.17439,1.1755,46783,3
2026-05-01 16:00:00,1.17549,1.1757,1.17176,1.17195,26039,3
2026-05-01 20:00:00,1.17196,1.17224,1.17153,1.17169,2919,5
2026-05-03 20:00:00,1.17461,1.17489,1.17248,1.17257,5003,45
2026-05-04 00:00:00,1.17256,1.17389,1.17199,1.17374,25127,4
2026-05-04 04:00:00,1.17376,1.17382,1.17151,1.17178,25157,4
2026-05-04 08:00:00,1.17177,1.17236,1.16888,1.16932,39439,3
2026-05-04 12:00:00,1.16932,1.17179,1.1692,1.16975,50870,3
2026-05-04 16:00:00,1.16976,1.17022,1.16809,1.16948,34814,3
2026-05-04 20:00:00,1.16949,1.16949,1.1687,1.16915,4183,4
2026-05-05 00:00:00,1.16915,1.16938,1.16797,1.16839,11309,4
2026-05-05 04:00:00,1.16837,1.16966,1.16764,1.16889,21042,4
2026-05-05 08:00:00,1.16889,1.16977,1.16811,1.16889,26558,3
2026-05-05 12:00:00,1.16888,1.17136,1.16852,1.17065,39097,3
2026-05-05 16:00:00,1.17063,1.17087,1.16941,1.16952,14693,3
2026-05-05 20:00:00,1.16951,1.17253,1.16909,1.17144,8755,3
2026-05-06 00:00:00,1.17149,1.1726,1.17111,1.17176,19470,4
2026-05-06 04:00:00,1.17176,1.17428,1.17162,1.17375,31944,3
2026-05-06 08:00:00,1.17373,1.17966,1.17328,1.177,49027,3
2026-05-06 12:00:00,1.177,1.177,1.17449,1.17528,49984,3
2026-05-06 16:00:00,1.17527,1.17556,1.17417,1.17476,19171,3
2026-05-06 20:00:00,1.17476,1.17519,1.17444,1.17478,4111,3
2026-05-07 00:00:00,1.17478,1.17633,1.17464,1.17487,20709,3
2026-05-07 04:00:00,1.17486,1.17686,1.17448,1.17667,27301,3
2026-05-07 08:00:00,1.1767,1.17783,1.17621,1.17699,31960,3
2026-05-07 12:00:00,1.177,1.17779,1.1763,1.17636,41337,4
2026-05-07 16:00:00,1.17637,1.1766,1.17335,1.17335,38984,3
2026-05-07 20:00:00,1.17337,1.17448,1.17224,1.17305,9836,3
2026-05-08 00:00:00,1.17305,1.17347,1.17244,1.17282,17750,3
2026-05-08 04:00:00,1.17284,1.17481,1.17269,1.17429,14922,4
2026-05-08 08:00:00,1.17429,1.17734,1.17419,1.17653,18934,4
2026-05-08 12:00:00,1.17653,1.17869,1.17562,1.17727,34734,6
2026-05-08 16:00:00,1.17727,1.17831,1.17705,1.17801,13456,3
2026-05-08 20:00:00,1.17803,1.1788,1.17788,1.17838,2625,5
2026-05-10 20:00:00,1.1752,1.177,1.17447,1.17671,5151,40
2026-05-11 00:00:00,1.17671,1.17719,1.17561,1.17565,10611,4
2026-05-11 04:00:00,1.17564,1.17746,1.17485,1.17719,13592,4
2026-05-11 08:00:00,1.1772,1.17821,1.17633,1.17683,14709,3
2026-05-11 12:00:00,1.17683,1.17878,1.17643,1.17798,24441,3
2026-05-11 16:00:00,1.17799,1.17804,1.17709,1.17774,10413,3
2026-05-11 20:00:00,1.17772,1.17876,1.17739,1.17784,4820,4
2026-05-12 00:00:00,1.17783,1.17783,1.17546,1.17563,13729,3
2026-05-12 04:00:00,1.17563,1.17679,1.17434,1.17477,18760,4
2026-05-12 08:00:00,1.17478,1.17517,1.17348,1.17437,23109,3
2026-05-12 12:00:00,1.17437,1.175,1.17216,1.17324,32920,5
2026-05-12 16:00:00,1.17326,1.17468,1.17272,1.17402,14259,3
2026-05-12 20:00:00,1.17403,1.17411,1.17328,1.17349,3955,3
2026-05-13 00:00:00,1.17348,1.17417,1.17318,1.17344,9957,4
2026-05-13 04:00:00,1.17345,1.17369,1.17069,1.17069,10837,4
2026-05-13 08:00:00,1.17069,1.17171,1.16954,1.1712,16724,3
2026-05-13 12:00:00,1.17121,1.17162,1.1697,1.17108,24054,5
2026-05-13 16:00:00,1.17107,1.17179,1.17039,1.17095,12134,3
2026-05-13 20:00:00,1.17095,1.17185,1.17059,1.17157,3342,3
2026-05-14 00:00:00,1.17155,1.17185,1.17096,1.17123,9447,4
2026-05-14 04:00:00,1.17123,1.17214,1.17058,1.17074,14100,5
2026-05-14 08:00:00,1.17073,1.17138,1.16993,1.16996,16259,3
2026-05-14 12:00:00,1.16995,1.17056,1.16716,1.16773,30534,4
2026-05-14 16:00:00,1.16772,1.16814,1.16686,1.16706,16847,3
2026-05-14 20:00:00,1.16706,1.16731,1.16613,1.16615,4596,3
2026-05-15 00:00:00,1.16616,1.16634,1.16455,1.1652,12387,4
2026-05-15 04:00:00,1.16518,1.16525,1.16318,1.16365,17663,4
2026-05-15 08:00:00,1.16365,1.16554,1.1617,1.16316,23354,3
2026-05-15 12:00:00,1.16314,1.16378,1.16188,1.16262,29480,4
2026-05-15 16:00:00,1.16263,1.16355,1.16168,1.16212,17431,3
2026-05-15 20:00:00,1.16214,1.16256,1.16191,1.16234,2022,4
2026-05-17 20:00:00,1.16179,1.16236,1.16117,1.16134,4941,85
2026-05-18 00:00:00,1.16137,1.16224,1.16082,1.16218,16077,4
2026-05-18 04:00:00,1.16216,1.16401,1.16167,1.16317,13671,4
2026-05-18 08:00:00,1.16318,1.16495,1.16261,1.16416,17390,3
2026-05-18 12:00:00,1.16418,1.16572,1.16332,1.16485,34768,3
2026-05-18 16:00:00,1.16484,1.16562,1.16287,1.16509,23496,3
2026-05-18 20:00:00,1.16512,1.16616,1.16474,1.16547,6311,4
2026-05-19 00:00:00,1.16547,1.16558,1.16405,1.16409,12467,3
2026-05-19 04:00:00,1.16411,1.16457,1.16299,1.16347,14808,3
2026-05-19 08:00:00,1.16348,1.16359,1.16109,1.16166,19384,3
2026-05-19 12:00:00,1.16162,1.16238,1.15919,1.16018,36206,3
2026-05-19 16:00:00,1.16018,1.16147,1.15956,1.16062,17446,3
2026-05-19 20:00:00,1.16062,1.16128,1.15952,1.16067,4226,3
2026-05-20 00:00:00,1.16067,1.16105,1.15934,1.1602,17009,4
2026-05-20 04:00:00,1.16022,1.16067,1.15916,1.15929,15707,5
2026-05-20 08:00:00,1.1593,1.16054,1.15833,1.16007,14391,3
2026-05-20 12:00:00,1.16008,1.1645,1.15826,1.16191,42339,4
2026-05-20 16:00:00,1.16189,1.16356,1.16159,1.16279,22648,3
2026-05-20 20:00:00,1.16277,1.16284,1.1617,1.16245,5241,3
2026-05-21 00:00:00,1.16247,1.16352,1.16155,1.16189,11187,4
2026-05-21 04:00:00,1.16187,1.16267,1.15938,1.16071,16454,3
2026-05-21 08:00:00,1.16072,1.16353,1.15957,1.15988,26023,6
2026-05-21 12:00:00,1.15988,1.1609,1.15763,1.15883,35812,5
2026-05-21 16:00:00,1.15883,1.163,1.15844,1.16211,33627,3
2026-05-21 20:00:00,1.16213,1.16228,1.16136,1.16177,4735,3
2026-05-22 00:00:00,1.16178,1.16179,1.16086,1.1612,6999,4
2026-05-22 04:00:00,1.16119,1.16168,1.16012,1.16083,9786,4
2026-05-22 08:00:00,1.16081,1.16157,1.15932,1.15963,14527,3
2026-05-22 12:00:00,1.15963,1.16183,1.15881,1.16026,27051,3
2026-05-22 16:00:00,1.16027,1.1619,1.15994,1.16057,15167,3
2026-05-22 20:00:00,1.16061,1.16065,1.15978,1.15989,1804,3
2026-05-24 20:00:00,1.16388,1.16461,1.16297,1.16416,5813,64
2026-05-25 00:00:00,1.16415,1.16488,1.16353,1.16372,11741,4
2026-05-25 04:00:00,1.1637,1.16451,1.16296,1.16373,11489,3
2026-05-25 08:00:00,1.16374,1.16506,1.16329,1.16437,9263,3
2026-05-25 12:00:00,1.16438,1.16527,1.16384,1.1642,11937,3
2026-05-25 16:00:00,1.16422,1.16441,1.16365,1.1642,4517,3
2026-05-25 20:00:00,1.16421,1.16434,1.16354,1.16356,4331,4
2026-05-26 00:00:00,1.16358,1.16396,1.16301,1.16358,8969,4
2026-05-26 04:00:00,1.16356,1.16403,1.16239,1.16369,10397,3
2026-05-26 08:00:00,1.16371,1.16451,1.16326,1.16345,14768,3
2026-05-26 12:00:00,1.16347,1.16365,1.16163,1.16194,24640,3
2026-05-26 16:00:00,1.16194,1.16325,1.16194,1.16318,10134,2
2026-05-26 20:00:00,1.16319,1.16398,1.1625,1.16362,6355,4
2026-05-27 00:00:00,1.16363,1.16424,1.16326,1.16386,9046,4
2026-05-27 04:00:00,1.16386,1.16492,1.16371,1.16406,10887,3
2026-05-27 08:00:00,1.16407,1.16485,1.16329,1.16375,12946,3
2026-05-27 12:00:00,1.16376,1.16614,1.16223,1.16301,41334,3
2026-05-27 16:00:00,1.16302,1.16328,1.16221,1.16286,15351,3
2026-05-27 20:00:00,1.16286,1.16306,1.16158,1.16174,5889,4
2026-05-28 00:00:00,1.16175,1.16233,1.1587,1.15871,12669,4
2026-05-28 04:00:00,1.1587,1.16177,1.15861,1.16118,16230,4
2026-05-28 08:00:00,1.16118,1.16226,1.16033,1.16169,13407,3
2026-05-28 12:00:00,1.16168,1.16578,1.16155,1.1648,38415,4
2026-05-28 16:00:00,1.1648,1.1661,1.16454,1.16476,15294,3
2026-05-28 20:00:00,1.16476,1.1653,1.16448,1.16523,4822,4
2026-05-29 00:00:00,1.16523,1.16563,1.16358,1.16371,9535,3
2026-05-29 04:00:00,1.16371,1.16543,1.16341,1.16417,11683,3
2026-05-29 08:00:00,1.16416,1.16481,1.16248,1.16475,16823,3
2026-05-29 12:00:00,1.16475,1.16857,1.16403,1.1678,30768,4
2026-05-29 16:00:00,1.1678,1.16791,1.16605,1.16646,13314,3
2026-05-29 20:00:00,1.16645,1.16649,1.16546,1.16546,1765,4
2026-05-31 20:00:00,1.16527,1.16607,1.16483,1.16485,5589,51
2026-06-01 00:00:00,1.16486,1.16534,1.16415,1.16437,10095,4
2026-06-01 04:00:00,1.16436,1.16648,1.16433,1.16566,11144,3
2026-06-01 08:00:00,1.16567,1.16605,1.16415,1.16461,11793,3
2026-06-01 12:00:00,1.16462,1.16505,1.16067,1.16229,37642,3
2026-06-01 16:00:00,1.16231,1.16379,1.16164,1.16317,15126,3
2026-06-01 20:00:00,1.16314,1.16362,1.16274,1.16352,5076,3
2026-06-02 00:00:00,1.16352,1.16367,1.16283,1.1634,8362,5
2026-06-02 04:00:00,1.16341,1.16522,1.1634,1.16487,9691,4
2026-06-02 08:00:00,1.16488,1.16527,1.16382,1.16492,10072,3
2026-06-02 12:00:00,1.16493,1.16555,1.16354,1.16404,20785,4
2026-06-02 16:00:00,1.16406,1.16411,1.16134,1.16323,10379,3
2026-06-02 20:00:00,1.16323,1.16346,1.16197,1.16211,6394,3
2026-06-03 00:00:00,1.16209,1.16335,1.16203,1.16275,7485,3
2026-06-03 04:00:00,1.16276,1.1628,1.16122,1.16161,12961,3
2026-06-03 08:00:00,1.16161,1.16229,1.16051,1.16177,16608,3
2026-06-03 12:00:00,1.16178,1.16184,1.15947,1.16047,31592,3
2026-06-03 16:00:00,1.16049,1.16049,1.1595,1.1598,12327,3
2026-06-03 20:00:00,1.15981,1.16123,1.15945,1.16088,7152,3
2026-06-04 00:00:00,1.1609,1.16125,1.16024,1.1606,10720,4
2026-06-04 04:00:00,1.1606,1.16148,1.15984,1.1604,12094,3
2026-06-04 08:00:00,1.16037,1.1645,1.16034,1.16417,18566,3
2026-06-04 12:00:00,1.16416,1.16451,1.16223,1.16281,22251,5
2026-06-04 16:00:00,1.16282,1.16297,1.16105,1.16123,8129,2
2026-06-04 20:00:00,1.16124,1.16153,1.16081,1.16122,3355,3
2026-06-05 00:00:00,1.16121,1.16165,1.16097,1.16148,8390,4
2026-06-05 04:00:00,1.16148,1.16371,1.16129,1.16319,9334,4
2026-06-05 08:00:00,1.16319,1.16442,1.16317,1.16415,11828,4
2026-06-05 12:00:00,1.16416,1.16427,1.15314,1.15325,51697,6
2026-06-05 16:00:00,1.15324,1.1533,1.15183,1.15251,21903,3
2026-06-05 20:00:00,1.1525,1.15261,1.15179,1.15193,2642,3
2026-06-07 20:00:00,1.15093,1.15227,1.15081,1.15219,5492,69
2026-06-08 00:00:00,1.15218,1.15347,1.15117,1.15323,15396,5
2026-06-08 04:00:00,1.15322,1.15397,1.15135,1.15165,18852,4
2026-06-08 08:00:00,1.15163,1.15438,1.14999,1.15364,27728,3
2026-06-08 12:00:00,1.15364,1.15545,1.15316,1.15441,30401,3
2026-06-08 16:00:00,1.15441,1.1546,1.15276,1.15306,14312,2
2026-06-08 20:00:00,1.15307,1.1538,1.15277,1.15279,3947,3
2026-06-09 00:00:00,1.15279,1.15403,1.15269,1.15378,11201,4
2026-06-09 04:00:00,1.15379,1.15533,1.15369,1.1539,14601,4
2026-06-09 08:00:00,1.15389,1.15741,1.15364,1.15725,13819,3
2026-06-09 12:00:00,1.15726,1.1578,1.15455,1.1555,31992,3
2026-06-09 16:00:00,1.15551,1.15573,1.15285,1.15414,31374,3
2026-06-09 20:00:00,1.15413,1.15454,1.1533,1.1535,4636,4
2026-06-10 00:00:00,1.15348,1.15521,1.15332,1.15503,15372,4
2026-06-10 04:00:00,1.15501,1.15585,1.15444,1.15537,16666,4
2026-06-10 08:00:00,1.15537,1.15596,1.15354,1.15366,22393,3
2026-06-10 12:00:00,1.15368,1.15731,1.15343,1.15491,42940,4
2026-06-10 16:00:00,1.15494,1.15594,1.15409,1.15414,23040,3
2026-06-10 20:00:00,1.15414,1.15414,1.15255,1.15352,8790,3
2026-06-11 00:00:00,1.15352,1.1556,1.15352,1.15453,16774,4
2026-06-11 04:00:00,1.15452,1.15555,1.15402,1.15449,14202,3
2026-06-11 08:00:00,1.15448,1.15453,1.1523,1.15382,15508,3
2026-06-11 12:00:00,1.15383,1.15434,1.15138,1.15142,41224,5
2026-06-11 16:00:00,1.15144,1.15896,1.15028,1.15787,49759,3
2026-06-11 20:00:00,1.15787,1.15864,1.15729,1.15754,7074,3
2026-06-12 00:00:00,1.15754,1.15763,1.15614,1.1572,19989,4
2026-06-12 04:00:00,1.1572,1.1575,1.15569,1.15665,19266,4
2026-06-12 08:00:00,1.15667,1.15894,1.15653,1.15712,24553,3
2026-06-12 12:00:00,1.15715,1.15835,1.15599,1.1573,34234,4
2026-06-12 16:00:00,1.1573,1.15785,1.15686,1.15713,17633,4
2026-06-12 20:00:00,1.15712,1.15716,1.15641,1.15641,3252,4
2026-06-14 20:00:00,1.15731,1.16174,1.1573,1.16027,8893,51
2026-06-15 00:00:00,1.16027,1.16117,1.15941,1.16041,11394,4
2026-06-15 04:00:00,1.16043,1.16221,1.16007,1.1606,14397,4
2026-06-15 08:00:00,1.1606,1.16144,1.1597,1.16087,16250,3
2026-06-15 12:00:00,1.16088,1.16204,1.15965,1.15984,25712,3
2026-06-15 16:00:00,1.15984,1.16051,1.15843,1.15851,12165,3
2026-06-15 20:00:00,1.15852,1.15939,1.15835,1.15911,6165,4
2026-06-16 00:00:00,1.15912,1.1595,1.15825,1.15863,9102,4
2026-06-16 04:00:00,1.15861,1.15956,1.15748,1.15952,12871,3
2026-06-16 08:00:00,1.15956,1.16129,1.15932,1.15989,15423,3
2026-06-16 12:00:00,1.15988,1.16185,1.15878,1.16139,26453,4
2026-06-16 16:00:00,1.16141,1.16196,1.16059,1.16081,12733,3
2026-06-16 20:00:00,1.1608,1.16146,1.16061,1.16096,5766,2
2026-06-17 00:00:00,1.16094,1.16166,1.16081,1.16103,5971,3
2026-06-17 04:00:00,1.16104,1.16149,1.16037,1.16083,9696,5
2026-06-17 08:00:00,1.16082,1.16082,1.15853,1.15914,11617,3
2026-06-17 12:00:00,1.15915,1.16027,1.15809,1.15925,22236,5
2026-06-17 16:00:00,1.15928,1.15961,1.14778,1.14941,58305,2
2026-06-17 20:00:00,1.1494,1.15084,1.14868,1.15068,8282,3
2026-06-18 00:00:00,1.15067,1.15243,1.15067,1.15234,14971,4
2026-06-18 04:00:00,1.15234,1.15282,1.15064,1.15128,18476,3
2026-06-18 08:00:00,1.15129,1.15138,1.14541,1.14571,32115,3
2026-06-18 12:00:00,1.14571,1.14875,1.14532,1.14691,40711,5
2026-06-18 16:00:00,1.14692,1.14735,1.14512,1.14573,22338,3
2026-06-18 20:00:00,1.14576,1.14678,1.14552,1.14582,5336,3
2026-06-19 00:00:00,1.14582,1.14655,1.14418,1.14422,10406,3
2026-06-19 04:00:00,1.14423,1.14492,1.14178,1.14462,19330,3
2026-06-19 08:00:00,1.14463,1.14678,1.14462,1.1461,15133,3
2026-06-19 12:00:00,1.14612,1.14761,1.14566,1.14646,20082,3
2026-06-19 16:00:00,1.14648,1.14806,1.14618,1.14752,7875,3
2026-06-19 20:00:00,1.14753,1.14772,1.14656,1.14683,848,10
2026-06-21 20:00:00,1.14603,1.14668,1.14543,1.14623,3583,98
2026-06-22 00:00:00,1.14624,1.14735,1.14541,1.14561,12700,4
2026-06-22 04:00:00,1.14561,1.14633,1.14442,1.14458,16454,4
2026-06-22 08:00:00,1.14459,1.14634,1.14414,1.14486,19636,3
2026-06-22 12:00:00,1.14486,1.14618,1.14256,1.14318,37635,3
2026-06-22 16:00:00,1.14319,1.14333,1.14189,1.14248,11386,3
2026-06-22 20:00:00,1.14247,1.14292,1.14237,1.14266,3767,3
2026-06-23 00:00:00,1.14266,1.14319,1.14186,1.14294,10469,4
2026-06-23 04:00:00,1.14295,1.1439,1.14096,1.14117,18325,4
2026-06-23 08:00:00,1.14118,1.14174,1.13842,1.13855,18567,3
2026-06-23 12:00:00,1.13856,1.14,1.13755,1.13828,30786,3
2026-06-23 16:00:00,1.13831,1.13838,1.1376,1.13789,11672,3
2026-06-23 20:00:00,1.1379,1.13836,1.13778,1.13789,4514,3
2026-06-24 00:00:00,1.13789,1.1382,1.13613,1.13672,12935,5
2026-06-24 04:00:00,1.13674,1.13749,1.13513,1.13517,13377,3
2026-06-24 08:00:00,1.13517,1.13559,1.13369,1.13401,19549,4
2026-06-24 12:00:00,1.13402,1.13615,1.13245,1.13478,38148,3
2026-06-24 16:00:00,1.1348,1.13679,1.13467,1.13532,17213,3
2026-06-24 20:00:00,1.13533,1.13604,1.1352,1.13539,6693,4
2026-06-25 00:00:00,1.1354,1.1371,1.13474,1.13699,12309,4
2026-06-25 04:00:00,1.13699,1.13709,1.13447,1.13592,13709,5
2026-06-25 08:00:00,1.13594,1.1374,1.13333,1.13374,17383,4
2026-06-25 12:00:00,1.13376,1.13879,1.13362,1.13842,42974,5
2026-06-25 16:00:00,1.13841,1.13865,1.13684,1.13725,14524,3
2026-06-25 20:00:00,1.13724,1.13745,1.13601,1.13612,4568,3
2026-06-26 00:00:00,1.13613,1.13715,1.1354,1.13714,11073,4
2026-06-26 04:00:00,1.13715,1.13886,1.13684,1.13866,14595,3
2026-06-26 08:00:00,1.13864,1.1412,1.13829,1.13983,19746,3
2026-06-26 12:00:00,1.13983,1.14338,1.1392,1.14028,37895,3
2026-06-26 16:00:00,1.1403,1.14032,1.13808,1.13868,18259,3
2026-06-26 20:00:00,1.1387,1.13919,1.13811,1.13827,3599,4
2026-06-28 20:00:00,1.13809,1.13879,1.13798,1.13852,4545,120
2026-06-29 00:00:00,1.13851,1.13933,1.13831,1.13831,18600,4
2026-06-29 04:00:00,1.13831,1.14149,1.13808,1.14023,20295,3
2026-06-29 08:00:00,1.14027,1.14115,1.13925,1.14088,22041,3
2026-06-29 12:00:00,1.14088,1.14251,1.14004,1.14236,36391,3
2026-06-29 16:00:00,1.14237,1.14306,1.14213,1.14256,16122,3
2026-06-29 20:00:00,1.14256,1.14274,1.14189,1.14189,6591,3
2026-06-30 00:00:00,1.14189,1.14203,1.13968,1.13985,20794,4
2026-06-30 04:00:00,1.13983,1.14094,1.13825,1.13985,21179,4
2026-06-30 08:00:00,1.13985,1.14027,1.13834,1.13927,24785,3
2026-06-30 12:00:00,1.13929,1.14366,1.13885,1.14168,37738,4
2026-06-30 16:00:00,1.14171,1.1427,1.14121,1.14263,14761,2
2026-06-30 20:00:00,1.14264,1.14273,1.14123,1.14129,8179,3
2026-07-01 00:00:00,1.14128,1.14139,1.14016,1.14039,18741,4
2026-07-01 04:00:00,1.1404,1.14107,1.1393,1.1402,17796,4
2026-07-01 08:00:00,1.14019,1.14038,1.13849,1.13855,18047,3
2026-07-01 12:00:00,1.13855,1.14118,1.13617,1.13835,47342,3
2026-07-01 16:00:00,1.13836,1.1394,1.13752,1.13786,19676,3
2026-07-01 20:00:00,1.13786,1.13795,1.13739,1.13774,5046,3
2026-07-02 00:00:00,1.13773,1.13883,1.13749,1.13822,16698,4
2026-07-02 04:00:00,1.13823,1.14092,1.13815,1.14078,22548,4
2026-07-02 08:00:00,1.14074,1.1421,1.14004,1.14039,26120,3
2026-07-02 12:00:00,1.14037,1.14727,1.13953,1.14474,63795,5
2026-07-02 16:00:00,1.14476,1.14481,1.14261,1.14308,22228,3
2026-07-02 20:00:00,1.14306,1.14355,1.14217,1.14224,9389,3
2026-07-03 00:00:00,1.14224,1.14446,1.14204,1.14409,24365,4
2026-07-03 04:00:00,1.14409,1.14623,1.1439,1.14544,20372,4
2026-07-03 08:00:00,1.14546,1.14576,1.14402,1.14503,14580,3
2026-07-03 12:00:00,1.14505,1.14527,1.14348,1.1437,15221,3
2026-07-03 16:00:00,1.1437,1.14419,1.14352,1.14363,33172,3
2026-07-03 20:00:00,1.14362,1.14373,1.14329,1.14337,5115,7
2026-07-05 20:00:00,1.14378,1.14379,1.1432,1.14365,7853,92
2026-07-06 00:00:00,1.14366,1.1441,1.14274,1.14316,17845,3
2026-07-06 04:00:00,1.14316,1.14342,1.14165,1.14264,16592,3
2026-07-06 08:00:00,1.14263,1.14271,1.14096,1.14151,16912,3
2026-07-06 12:00:00,1.14152,1.1426,1.14083,1.14251,23785,3
2026-07-06 16:00:00,1.14254,1.1445,1.1425,1.14408,11915,3
2026-07-06 20:00:00,1.14407,1.14479,1.14395,1.14414,7371,3
2026-07-07 00:00:00,1.14413,1.14473,1.1436,1.14367,18100,4
2026-07-07 04:00:00,1.14368,1.14392,1.14248,1.14251,16466,5
2026-07-07 08:00:00,1.14251,1.1439,1.14234,1.14325,16703,3
2026-07-07 12:00:00,1.14325,1.14421,1.14221,1.14228,28340,4
2026-07-07 16:00:00,1.14229,1.14299,1.1408,1.14166,18304,2
2026-07-07 20:00:00,1.14164,1.14171,1.13999,1.14013,11527,3
2026-07-08 00:00:00,1.14015,1.14164,1.13983,1.14144,18423,4
2026-07-08 04:00:00,1.14143,1.14315,1.14109,1.14255,19651,3
2026-07-08 08:00:00,1.14255,1.14275,1.1393,1.13981,35518,3
2026-07-08 12:00:00,1.13981,1.14137,1.1391,1.13952,37174,3
2026-07-08 16:00:00,1.1395,1.14303,1.13947,1.14274,24606,3
2026-07-08 20:00:00,1.14274,1.14278,1.14118,1.14212,8123,3
2026-07-09 00:00:00,1.14214,1.14302,1.14198,1.14267,16578,4
2026-07-09 04:00:00,1.14269,1.14491,1.14231,1.14356,19294,4
2026-07-09 08:00:00,1.14354,1.14381,1.1421,1.14294,17500,3
2026-07-09 12:00:00,1.14297,1.14459,1.14226,1.14387,27694,4
2026-07-09 16:00:00,1.14386,1.14412,1.14254,1.14276,13479,3
2026-07-09 20:00:00,1.14273,1.14338,1.14272,1.1433,5818,4
2026-07-10 00:00:00,1.14331,1.14606,1.14303,1.14492,22454,4
2026-07-10 04:00:00,1.14491,1.14491,1.14355,1.14372,21448,4
2026-07-10 08:00:00,1.14371,1.14422,1.14264,1.14309,20999,3
2026-07-10 12:00:00,1.14311,1.14418,1.1412,1.14376,32074,3
2026-07-10 16:00:00,1.14376,1.14411,1.14116,1.14157,17506,3
2026-07-10 20:00:00,1.14157,1.14182,1.14114,1.14122,2363,3
2026-07-12 20:00:00,1.14022,1.1406,1.13877,1.14041,8700,40
2026-07-13 00:00:00,1.14042,1.14054,1.13843,1.13987,21087,4
2026-07-13 04:00:00,1.13989,1.14261,1.13956,1.14246,26691,3
2026-07-13 08:00:00,1.14248,1.14457,1.14239,1.14275,27476,3
2026-07-13 12:00:00,1.14273,1.14333,1.13963,1.14014,32548,3
2026-07-13 16:00:00,1.14015,1.14025,1.13817,1.13835,22860,3
2026-07-13 20:00:00,1.13833,1.13866,1.13752,1.13832,9998,3
2026-07-14 00:00:00,1.13834,1.13966,1.1378,1.13934,21682,3
2026-07-14 04:00:00,1.13935,1.13974,1.1384,1.13957,21370,4
2026-07-14 08:00:00,1.13959,1.14091,1.13897,1.14063,23110,3
2026-07-14 12:00:00,1.14064,1.14623,1.14038,1.14271,58659,4
2026-07-14 16:00:00,1.14272,1.14343,1.1416,1.14203,20253,3
2026-07-14 20:00:00,1.14202,1.14247,1.14156,1.14242,6405,3
2026-07-15 00:00:00,1.14244,1.14422,1.14238,1.14379,16054,4
2026-07-15 04:00:00,1.14381,1.14437,1.14197,1.14233,18173,3
2026-07-15 08:00:00,1.14234,1.14273,1.141,1.14117,20449,3
2026-07-15 12:00:00,1.14118,1.14414,1.14059,1.14353,38422,4
2026-07-15 16:00:00,1.14352,1.14825,1.14303,1.14637,28714,2
2026-07-15 20:00:00,1.14637,1.14708,1.14596,1.14698,10371,3
2026-07-16 00:00:00,1.14699,1.14745,1.146,1.14666,21611,4
2026-07-16 04:00:00,1.14665,1.14762,1.1462,1.1469,19339,4
2026-07-16 08:00:00,1.14691,1.14718,1.14566,1.14685,20462,3
2026-07-16 12:00:00,1.14686,1.14706,1.14365,1.14469,31623,3
2026-07-16 16:00:00,1.14467,1.14469,1.1431,1.14402,15518,3
2026-07-16 20:00:00,1.14403,1.14462,1.1436,1.14449,5235,3
2026-07-17 00:00:00,1.14451,1.1448,1.14357,1.14391,15650,4
2026-07-17 04:00:00,1.14393,1.14521,1.14345,1.14446,17950,4
2026-07-17 08:00:00,1.14447,1.14477,1.14243,1.14301,23308,3
2026-07-17 12:00:00,1.14301,1.14443,1.14244,1.144,26155,4
2026-07-17 16:00:00,1.14398,1.14416,1.14332,1.14408,13491,3
2026-07-17 20:00:00,1.1441,1.14423,1.14361,1.14382,1996,3
2026-07-19 20:00:00,1.14234,1.14312,1.14234,1.14272,5563,65
2026-07-20 00:00:00,1.14276,1.14428,1.14263,1.14417,15192,4
2026-07-20 04:00:00,1.14418,1.14495,1.14339,1.14439,17320,4
2026-07-20 08:00:00,1.14441,1.14455,1.14272,1.14294,20399,3
2026-07-20 12:00:00,1.14293,1.143,1.14023,1.14113,27362,3
2026-07-20 16:00:00,1.14112,1.14188,1.14074,1.14156,14089,2
2026-07-20 20:00:00,1.14156,1.14168,1.14088,1.14157,7616,4
2026-07-21 00:00:00,1.14156,1.14182,1.14087,1.14124,14032,5
2026-07-21 04:00:00,1.14123,1.14276,1.1412,1.14227,14792,4
2026-07-21 08:00:00,1.14228,1.14286,1.14163,1.1419,16133,3
2026-07-21 12:00:00,1.1419,1.14204,1.14024,1.14072,25117,3
2026-07-21 16:00:00,1.14074,1.14107,1.13985,1.14015,9956,3
2026-07-21 20:00:00,1.14013,1.14029,1.13942,1.14022,4407,3
2026-07-22 00:00:00,1.1402,1.14099,1.13986,1.14072,14594,3
2026-07-22 04:00:00,1.14072,1.14181,1.14032,1.14093,16337,4
2026-07-22 08:00:00,1.14094,1.14132,1.14002,1.14068,21025,3
2026-07-22 12:00:00,1.14068,1.14215,1.14038,1.14136,25209,3
2026-07-22 16:00:00,1.14135,1.1414,1.14062,1.14112,11688,2
2026-07-22 20:00:00,1.14112,1.14126,1.14054,1.14113,6094,4
2026-07-23 00:00:00,1.14114,1.14305,1.14103,1.14289,18844,4
2026-07-23 04:00:00,1.14289,1.14356,1.14195,1.14244,22693,4
2026-07-23 08:00:00,1.14246,1.1425,1.13833,1.13946,23146,3
2026-07-23 12:00:00,1.13945,1.13955,1.13637,1.13726,36564,4
2026-07-23 16:00:00,1.13726,1.13807,1.1371,1.13773,16400,2
2026-07-23 20:00:00,1.13773,1.13798,1.13723,1.13763,7075,3
2026-07-24 00:00:00,1.13761,1.13876,1.1375,1.13822,16747,4
2026-07-24 04:00:00,1.13823,1.14011,1.13763,1.13897,20994,4
2026-07-24 08:00:00,1.13898,1.13928,1.13711,1.13747,18039,3
2026-07-24 12:00:00,1.13746,1.13908,1.13648,1.13844,33004,3
2026-07-24 16:00:00,1.13846,1.13863,1.13673,1.13698,13368,3
2026-07-24 20:00:00,1.13701,1.13733,1.13666,1.13666,2036,3
2026-07-26 20:00:00,1.1392,1.13999,1.13875,1.13944,8203,80
2026-07-27 00:00:00,1.13948,1.14143,1.13947,1.14033,20562,4
2026-07-27 04:00:00,1.14034,1.14181,1.13959,1.13962,15811,4
2026-07-27 08:00:00,1.1396,1.14032,1.1385,1.13863,17910,4
2026-07-27 12:00:00,1.13864,1.13903,1.13682,1.13749,26325,4
2026-07-27 16:00:00,1.13749,1.13851,1.13672,1.13698,17743,3
2026-07-27 20:00:00,1.13697,1.13722,1.13664,1.13691,11395,4
2026-07-28 00:00:00,1.13691,1.13801,1.13665,1.13744,13234,4
2026-07-28 04:00:00,1.13742,1.13743,1.13616,1.13648,14523,4
2026-07-28 08:00:00,1.13647,1.13729,1.13531,1.13652,16483,3
2026-07-28 12:00:00,1.13653,1.1402,1.13605,1.14003,28621,3
2026-07-28 16:00:00,1.14005,1.14052,1.13862,1.13872,15472,3
2026-07-28 20:00:00,1.13871,1.13923,1.13821,1.13859,7767,3
2026-07-29 00:00:00,1.13861,1.14006,1.13828,1.1397,18046,4
2026-07-29 04:00:00,1.13969,1.14036,1.13898,1.13978,16994,3
2026-07-29 08:00:00,1.13978,1.14004,1.13801,1.13819,17007,3
2026-07-29 12:00:00,1.1382,1.13969,1.13744,1.13828,25406,3
2026-07-29 16:00:00,1.13828,1.14666,1.13766,1.14479,51749,2
2026-07-29 20:00:00,1.1448,1.14748,1.14467,1.14667,16898,3
2026-07-30 00:00:00,1.14669,1.14679,1.14477,1.14494,20157,3
2026-07-30 04:00:00,1.14495,1.14566,1.14342,1.14373,18847,4
2026-07-30 08:00:00,1.14373,1.14841,1.14371,1.14755,28122,5
2026-07-30 12:00:00,1.14759,1.15369,1.14693,1.15209,66176,5
2026-07-30 16:00:00,1.15211,1.15355,1.15136,1.15309,24636,3
2026-07-30 20:00:00,1.15312,1.15326,1.15209,1.15228,14508,3
2026-07-31 00:00:00,1.15231,1.15263,1.15061,1.15133,23674,4
2026-07-31 04:00:00,1.15131,1.15247,1.15042,1.15143,21504,4
2026-07-31 08:00:00,1.15142,1.15261,1.14846,1.1485,28896,3
2026-07-31 12:00:00,1.14851,1.15186,1.1455,1.1518,49038,3
2026-07-31 16:00:00,1.1518,1.15374,1.15122,1.15311,26451,3
2026-07-31 20:00:00,1.15313,1.15471,1.15201,1.15202,12087,4
2026-08-02 20:00:00,1.15446,1.15587,1.15419,1.15436,12516,74
2026-08-03 00:00:00,1.15437,1.1556,1.15267,1.15296,33662,4
2026-08-03 04:00:00,1.15298,1.15388,1.15206,1.15259,19726,4
2026-08-03 08:00:00,1.15262,1.15324,1.15168,1.15324,19464,3
2026-08-03 12:00:00,1.15322,1.15351,1.15002,1.15094,31585,3
2026-08-03 16:00:00,1.15094,1.15146,1.15012,1.15102,15320,3
2026-08-03 20:00:00,1.15101,1.15109,1.15052,1.15069,6876,4
2026-08-04 00:00:00,1.15069,1.15149,1.15022,1.15079,21083,4
2026-08-04 04:00:00,1.1508,1.1517,1.15035,1.15106,15989,4
2026-08-04 08:00:00,1.15107,1.15234,1.15032,1.1516,22128,3
2026-08-04 12:00:00,1.1516,1.15308,1.15093,1.15261,27668,3
2026-08-04 16:00:00,1.15262,1.15338,1.15163,1.15306,13239,3
2026-08-04 20:00:00,1.15305,1.1534,1.15269,1.1532,7885,4
2026-08-05 00:00:00,1.15318,1.15404,1.15266,1.15371,21057,4
2026-08-05 04:00:00,1.15372,1.15466,1.15318,1.1538,19269,4
2026-08-05 08:00:00,1.1538,1.15551,1.1531,1.15525,21576,3
2026-08-05 12:00:00,1.15526,1.1557,1.154,1.1546,34670,3
2026-08-05 16:00:00,1.15459,1.15594,1.15426,1.15508,15405,3
2026-08-05 20:00:00,1.15508,1.15575,1.15491,1.15569,9649,3
2026-08-06 00:00:00,1.1557,1.15594,1.15467,1.15487,18670,4
2026-08-06 04:00:00,1.15485,1.15515,1.15409,1.1544,14031,4
2026-08-06 08:00:00,1.15442,1.15467,1.15363,1.1545,16226,3
2026-08-06 12:00:00,1.15452,1.15455,1.15189,1.15207,24757,3
2026-08-06 16:00:00,1.15207,1.15256,1.15145,1.1523,15722,3
2026-08-06 20:00:00,1.1523,1.15244,1.15184,1.15239,5657,3
2026-08-07 00:00:00,1.15239,1.15255,1.15179,1.15231,13751,4
2026-08-07 04:00:00,1.15232,1.15252,1.15176,1.15223,13222,3
2026-08-07 08:00:00,1.15224,1.15331,1.15179,1.1533,14952,3
2026-08-07 12:00:00,1.15331,1.15808,1.15269,1.15585,50064,5
2026-08-07 16:00:00,1.15584,1.157,1.15573,1.15615,19141,3
2026-08-07 20:00:00,1.15614,1.15616,1.15554,1.15558,3424,4
2026-08-09 20:00:00,1.15614,1.15645,1.15542,1.15554,5768,77
2026-08-10 00:00:00,1.15556,1.1559,1.15486,1.15489,17797,4
2026-08-10 04:00:00,1.15489,1.15654,1.15478,1.15607,16610,4
2026-08-10 08:00:00,1.15608,1.15656,1.15488,1.15523,16211,3
2026-08-10 12:00:00,1.15521,1.15556,1.15437,1.15514,23834,3
2026-08-10 16:00:00,1.15516,1.15541,1.15399,1.15414,12839,3
2026-08-10 20:00:00,1.15415,1.15465,1.15359,1.15461,6388,3
2026-08-11 00:00:00,1.15461,1.15497,1.15386,1.15427,15253,4
2026-08-11 04:00:00,1.15428,1.15452,1.15317,1.15319,17671,4
2026-08-11 08:00:00,1.15319,1.15435,1.15312,1.15363,17114,3
2026-08-11 12:00:00,1.15362,1.15483,1.15337,1.15429,20762,3
2026-08-11 16:00:00,1.15429,1.15435,1.15343,1.15428,9408,3
2026-08-11 20:00:00,1.15426,1.15436,1.15381,1.15434,6118,3
2026-08-12 00:00:00,1.15434,1.15446,1.1535,1.15353,10151,4
2026-08-12 04:00:00,1.15353,1.15393,1.1532,1.15372,10184,3
2026-08-12 08:00:00,1.15373,1.15497,1.15323,1.15433,19444,3
2026-08-12 12:00:00,1.15435,1.15628,1.15329,1.15394,45001,5
2026-08-12 16:00:00,1.15392,1.15401,1.15197,1.15224,14053,2
2026-08-12 20:00:00,1.15224,1.1528,1.15205,1.15276,5812,3
2026-08-13 00:00:00,1.15278,1.15311,1.15197,1.15224,12717,5
2026-08-13 04:00:00,1.15224,1.15277,1.15117,1.15256,14010,4
2026-08-13 08:00:00,1.15257,1.15386,1.15225,1.15339,16320,3
2026-08-13 12:00:00,1.1534,1.15454,1.15256,1.15305,31533,3
2026-08-13 16:00:00,1.15306,1.15327,1.15241,1.15287,12360,3
2026-08-13 20:00:00,1.15287,1.15342,1.15238,1.15336,5937,3
2026-08-14 00:00:00,1.15337,1.15392,1.15319,1.15371,12945,4
2026-08-14 04:00:00,1.1537,1.15512,1.15366,1.15508,13181,4
2026-08-14 08:00:00,1.15508,1.15718,1.15502,1.15653,15851,3
2026-08-14 12:00:00,1.15655,1.15854,1.15619,1.15802,37045,3
2026-08-14 16:00:00,1.15802,1.15818,1.15628,1.15682,15097,3
2026-08-14 20:00:00,1.15683,1.15702,1.15669,1.15682,2353,3
2026-08-16 20:00:00,1.15628,1.15757,1.15614,1.15736,3696,66
2026-08-17 00:00:00,1.15736,1.15843,1.15736,1.15833,14508,4
2026-08-17 04:00:00,1.15836,1.16119,1.15825,1.16065,21926,4
2026-08-17 08:00:00,1.16063,1.16141,1.15875,1.15922,21057,3
2026-08-17 12:00:00,1.15921,1.15997,1.15815,1.15899,24997,4
2026-08-17 16:00:00,1.15899,1.15916,1.15709,1.15788,13815,3
2026-08-17 20:00:00,1.15788,1.15835,1.1576,1.15825,4580,3
2026-08-18 00:00:00,1.15827,1.15857,1.15715,1.15731,13017,4
2026-08-18 04:00:00,1.15732,1.15774,1.15665,1.15738,14399,3
2026-08-18 08:00:00,1.1574,1.15798,1.15689,1.15765,13297,3
2026-08-18 12:00:00,1.15764,1.15882,1.15703,1.1579,35246,3
2026-08-18 16:00:00,1.1579,1.15855,1.15739,1.15746,12205,2
2026-08-18 20:00:00,1.15747,1.15782,1.15717,1.1576,7383,3
2026-08-19 00:00:00,1.15763,1.15871,1.157,1.15812,18984,4
2026-08-19 04:00:00,1.15811,1.15985,1.15806,1.15965,13881,4
2026-08-19 08:00:00,1.15963,1.16117,1.15954,1.16027,19979,4
2026-08-19 12:00:00,1.16027,1.16771,1.16023,1.16638,60554,3
2026-08-19 16:00:00,1.16639,1.1679,1.16582,1.16771,25643,3
2026-08-19 20:00:00,1.1677,1.16801,1.16726,1.16741,9661,3
2026-08-20 00:00:00,1.16742,1.16837,1.16698,1.16793,29006,4
2026-08-20 04:00:00,1.16795,1.16934,1.167,1.16925,22427,4
2026-08-20 08:00:00,1.16926,1.17105,1.16825,1.16845,31452,3
2026-08-20 12:00:00,1.16847,1.16946,1.16707,1.16788,47060,4
2026-08-20 16:00:00,1.16791,1.16798,1.16692,1.16778,18076,3
2026-08-20 20:00:00,1.16779,1.16878,1.16753,1.16875,7356,3
2026-08-21 00:00:00,1.16874,1.17007,1.16829,1.1694,20493,4
2026-08-21 04:00:00,1.16941,1.17003,1.16866,1.16906,22390,4
2026-08-21 08:00:00,1.16906,1.17115,1.16891,1.17006,27725,3
2026-08-21 12:00:00,1.17008,1.1703,1.16687,1.16831,33192,3
2026-08-21 16:00:00,1.16833,1.16874,1.16772,1.16786,13049,3
2026-08-21 20:00:00,1.16787,1.16791,1.1674,1.16784,3065,4
2026-08-23 20:00:00,1.16724,1.16823,1.16724,1.16823,5841,32
2026-08-24 00:00:00,1.16823,1.16871,1.16765,1.16797,19446,4
2026-08-24 04:00:00,1.16798,1.16829,1.16646,1.16671,21354,4
2026-08-24 08:00:00,1.16672,1.16734,1.16602,1.16667,22134,3
2026-08-24 12:00:00,1.16667,1.16747,1.16619,1.16644,31751,3
2026-08-24 16:00:00,1.16644,1.16697,1.16552,1.16612,18508,2
2026-08-24 20:00:00,1.16611,1.16685,1.16572,1.16678,7709,3
2026-08-25 00:00:00,1.16679,1.16708,1.16585,1.16603,14571,4
2026-08-25 04:00:00,1.16602,1.16628,1.1651,1.16586,16312,4
2026-08-25 08:00:00,1.16585,1.16738,1.16575,1.16597,23416,3
2026-08-25 12:00:00,1.16596,1.16758,1.16596,1.16728,32509,3
2026-08-25 16:00:00,1.1673,1.16789,1.16679,1.16762,14633,3
2026-08-25 20:00:00,1.16762,1.16795,1.16701,1.16741,7199,3
2026-08-26 00:00:00,1.16742,1.16756,1.16636,1.16645,15346,4
2026-08-26 04:00:00,1.16647,1.1673,1.16597,1.16708,12945,4
2026-08-26 08:00:00,1.16708,1.16767,1.16602,1.16687,17655,3
2026-08-26 12:00:00,1.16688,1.16749,1.16419,1.16503,33735,4
2026-08-26 16:00:00,1.16504,1.16543,1.16485,1.16533,13204,3
2026-08-26 20:00:00,1.16532,1.16562,1.16467,1.16554,7423,3
2026-08-27 00:00:00,1.16554,1.16594,1.16532,1.16542,11428,4
2026-08-27 04:00:00,1.16541,1.16575,1.16516,1.16549,11464,3
2026-08-27 08:00:00,1.16548,1.1658,1.16364,1.16409,21948,3
2026-08-27 12:00:00,1.16412,1.16598,1.16395,1.16533,30549,5
2026-08-27 16:00:00,1.16533,1.16544,1.16459,1.16493,14749,3
2026-08-27 20:00:00,1.16492,1.16547,1.1646,1.16535,7156,3
2026-08-28 00:00:00,1.16535,1.16553,1.16455,1.16461,10251,4
2026-08-28 04:00:00,1.16462,1.16491,1.16416,1.16464,15070,4
2026-08-28 08:00:00,1.16464,1.16494,1.16392,1.16451,19310,3
2026-08-28 12:00:00,1.1645,1.16589,1.15944,1.15977,54461,3
2026-08-28 16:00:00,1.15977,1.1598,1.15777,1.15859,27451,3
2026-08-28 20:00:00,1.1586,1.15865,1.15794,1.15828,3010,4
2026-08-30 20:00:00,1.15758,1.15892,1.15758,1.15886,6109,75
2026-08-31 00:00:00,1.15886,1.15944,1.15853,1.15913,16579,4
2026-08-31 04:00:00,1.15913,1.16032,1.15846,1.16025,14897,3
2026-08-31 08:00:00,1.16025,1.16058,1.15929,1.15962,22834,3
2026-08-31 12:00:00,1.15962,1.16206,1.15916,1.16162,35123,4
2026-08-31 16:00:00,1.16163,1.16183,1.16137,1.16163,11975,3
2026-08-31 20:00:00,1.16164,1.16187,1.16125,1.16181,6167,3
2026-09-01 00:00:00,1.16181,1.16244,1.16055,1.16055,13890,3
2026-09-01 04:00:00,1.16054,1.161,1.15917,1.15953,15656,4
2026-09-01 08:00:00,1.15954,1.16012,1.15878,1.15926,25442,3
2026-09-01 12:00:00,1.15926,1.16081,1.1588,1.1592,25578,3
2026-09-01 16:00:00,1.15922,1.15955,1.15847,1.15896,17182,3
2026-09-01 20:00:00,1.15898,1.1596,1.15865,1.15904,7028,3
2026-09-02 00:00:00,1.15904,1.15917,1.1576,1.15797,15066,3
2026-09-02 04:00:00,1.15796,1.15849,1.15662,1.15777,20802,3
2026-09-02 08:00:00,1.15779,1.15822,1.15669,1.15763,23518,3
2026-09-02 12:00:00,1.15774,1.16091,1.15755,1.15919,42455,3
2026-09-02 16:00:00,1.15919,1.1594,1.15827,1.15873,16913,3
2026-09-02 20:00:00,1.15872,1.15899,1.15843,1.1585,8546,3
2026-09-03 00:00:00,1.15849,1.15979,1.15835,1.15966,17645,3
2026-09-03 04:00:00,1.15964,1.16147,1.15934,1.16038,23375,4
2026-09-03 08:00:00,1.16037,1.16143,1.15977,1.16125,27568,3
2026-09-03 12:00:00,1.16127,1.16301,1.16081,1.16229,52249,3
2026-09-03 16:00:00,1.16229,1.16412,1.16212,1.16286,19194,3
2026-09-03 20:00:00,1.16287,1.163,1.16199,1.16278,9052,3
2026-09-04 00:00:00,1.16279,1.16331,1.16224,1.16228,18140,3
2026-09-04 04:00:00,1.16228,1.16302,1.1621,1.16224,18192,3
2026-09-04 08:00:00,1.16227,1.16255,1.16162,1.16205,18765,3
2026-09-04 12:00:00,1.16206,1.1627,1.15847,1.16177,56241,5
2026-09-04 16:00:00,1.16175,1.16245,1.16084,1.16144,16327,3
2026-09-04 20:00:00,1.16144,1.16152,1.16113,1.16113,1500,4
2026-09-06 20:00:00,1.16093,1.1616,1.1605,1.16132,2585,58
2026-09-07 00:00:00,1.16132,1.162,1.16073,1.16114,13231,3
2026-09-07 04:00:00,1.16114,1.16238,1.16082,1.16235,17410,3
2026-09-07 08:00:00,1.16234,1.16358,1.16194,1.16229,23466,3
2026-09-07 12:00:00,1.1623,1.16329,1.16207,1.16275,18670,3
2026-09-07 16:00:00,1.16275,1.16297,1.1621,1.1622,5392,3
2026-09-07 20:00:00,1.16219,1.163,1.16213,1.16276,7442,3
2026-09-08 00:00:00,1.16278,1.16345,1.16228,1.16244,16785,4
2026-09-08 04:00:00,1.16247,1.16359,1.16098,1.16128,19538,4
2026-09-08 08:00:00,1.16127,1.1619,1.16079,1.16133,24502,3
2026-09-08 12:00:00,1.16133,1.16338,1.16107,1.16263,32505,3
2026-09-08 16:00:00,1.16262,1.16305,1.16205,1.16232,16887,2
2026-09-08 20:00:00,1.16233,1.16288,1.16199,1.16277,7134,3
2026-09-09 00:00:00,1.16276,1.16323,1.16275,1.163,13829,4
2026-09-09 04:00:00,1.163,1.16493,1.16296,1.16427,22468,3
2026-09-09 08:00:00,1.16426,1.16488,1.16217,1.16455,29113,3
2026-09-09 12:00:00,1.16457,1.16541,1.16201,1.16269,39182,3
2026-09-09 16:00:00,1.16269,1.16411,1.16257,1.16309,19683,3
2026-09-09 20:00:00,1.16311,1.16382,1.16273,1.16338,8814,4
2026-09-10 00:00:00,1.16337,1.16409,1.16292,1.16385,14238,3
2026-09-10 04:00:00,1.16387,1.16418,1.16355,1.16397,14792,4
2026-09-10 08:00:00,1.16399,1.16403,1.1615,1.1617,22489,3
2026-09-10 12:00:00,1.16171,1.16315,1.15921,1.16278,52827,4
2026-09-10 16:00:00,1.1628,1.16287,1.16089,1.16101,21075,2
2026-09-10 20:00:00,1.16097,1.16118,1.16053,1.1611,8510,3
2026-09-11 00:00:00,1.1611,1.16174,1.15997,1.16016,16355,3
2026-09-11 04:00:00,1.16016,1.16138,1.16002,1.16054,22123,3
2026-09-11 08:00:00,1.16056,1.16079,1.15899,1.15913,26869,3
2026-09-11 12:00:00,1.15912,1.16153,1.15693,1.16034,60329,7
2026-09-11 16:00:00,1.16034,1.16073,1.15917,1.15959,23052,2
2026-09-11 20:00:00,1.15962,1.15986,1.15916,1.15971,2571,4
2026-09-13 20:00:00,1.15944,1.15972,1.15894,1.15932,7709,75
2026-09-14 00:00:00,1.15933,1.15956,1.1569,1.15704,17119,3
2026-09-14 04:00:00,1.15703,1.15706,1.15426,1.15445,23134,3
2026-09-14 08:00:00,1.15444,1.15497,1.15342,1.15478,30630,3
2026-09-14 12:00:00,1.15477,1.15521,1.1523,1.1548,46000,2
2026-09-14 16:00:00,1.15479,1.15634,1.15468,1.15473,24851,3
2026-09-14 20:00:00,1.15473,1.15519,1.15425,1.15477,7619,3
2026-09-15 00:00:00,1.15477,1.15482,1.15354,1.15372,15523,3
2026-09-15 04:00:00,1.15373,1.15408,1.1527,1.15405,15995,3
2026-09-15 08:00:00,1.15404,1.15427,1.15322,1.15395,21663,3
2026-09-15 12:00:00,1.15393,1.15518,1.15382,1.15416,34373,3
2026-09-15 16:00:00,1.15417,1.15436,1.15362,1.15408,13500,3
2026-09-15 20:00:00,1.15407,1.1544,1.15332,1.15365,9248,3
2026-09-16 00:00:00,1.15365,1.15437,1.15318,1.15413,12274,3
2026-09-16 04:00:00,1.15416,1.15565,1.15415,1.15478,19213,4
2026-09-16 08:00:00,1.15478,1.15497,1.15308,1.15347,26813,3
2026-09-16 12:00:00,1.15349,1.15426,1.15278,1.15376,30644,4
2026-09-16 16:00:00,1.15378,1.15469,1.14624,1.14718,56294,2
2026-09-16 20:00:00,1.14719,1.14736,1.14549,1.14684,13076,3
2026-09-17 00:00:00,1.14682,1.14731,1.1456,1.14599,16654,3
2026-09-17 04:00:00,1.146,1.14835,1.14592,1.14732,18904,3
2026-09-17 08:00:00,1.14733,1.14806,1.14672,1.14734,26142,3
2026-09-17 12:00:00,1.14733,1.14977,1.14717,1.14783,40323,3
2026-09-17 16:00:00,1.14782,1.14809,1.14734,1.14788,17414,2
2026-09-17 20:00:00,1.1479,1.14796,1.14734,1.14755,6046,3
2026-09-18 00:00:00,1.14756,1.14887,1.14741,1.14886,14816,3
2026-09-18 04:00:00,1.14887,1.14918,1.1478,1.14854,19824,3
2026-09-18 08:00:00,1.14856,1.14906,1.14571,1.14606,27840,3
2026-09-18 12:00:00,1.14607,1.14697,1.14547,1.14636,36121,3
2026-09-18 16:00:00,1.14637,1.14903,1.14622,1.14864,18223,2
2026-09-18 20:00:00,1.14865,1.1489,1.1483,1.1483,3460,3
2026-09-20 20:00:00,1.14808,1.14847,1.14754,1.14783,4564,82
2026-09-21 00:00:00,1.14783,1.14856,1.14743,1.1475,16426,4
2026-09-21 04:00:00,1.14751,1.14788,1.1471,1.1476,16428,3
2026-09-21 08:00:00,1.14762,1.14907,1.14745,1.14898,16893,3
2026-09-21 12:00:00,1.14898,1.14957,1.14665,1.1468,32292,3
2026-09-21 16:00:00,1.1468,1.14726,1.14619,1.14644,16037,2
2026-09-21 20:00:00,1.14642,1.1468,1.14626,1.14636,6281,3
2026-09-22 00:00:00,1.14636,1.14756,1.14629,1.14732,10886,3
2026-09-22 04:00:00,1.14732,1.14781,1.14465,1.14467,18192,4
2026-09-22 08:00:00,1.14466,1.14708,1.14337,1.14621,38914,3
2026-09-22 12:00:00,1.14619,1.14667,1.14307,1.14314,41181,3
2026-09-22 16:00:00,1.14314,1.14549,1.14293,1.14479,29229,3
2026-09-22 20:00:00,1.14477,1.14511,1.14444,1.14479,7462,3
2026-09-23 00:00:00,1.14477,1.14489,1.14271,1.14271,11590,4
2026-09-23 04:00:00,1.1427,1.14299,1.14162,1.14179,15705,5
2026-09-23 08:00:00,1.14178,1.14229,1.14044,1.14116,26553,3
2026-09-23 12:00:00,1.14117,1.14158,1.13834,1.13932,46782,3
2026-09-23 16:00:00,1.13931,1.13955,1.137,1.13844,36457,2
2026-09-23 20:00:00,1.13843,1.13881,1.13762,1.13814,8982,3
2026-09-24 00:00:00,1.13816,1.13859,1.13686,1.13772,22346,3
2026-09-24 04:00:00,1.13773,1.13979,1.13753,1.13926,26389,3
2026-09-24 08:00:00,1.13928,1.13991,1.13616,1.13682,39523,3
2026-09-24 12:00:00,1.13681,1.13785,1.1359,1.13721,44513,4
2026-09-24 16:00:00,1.13721,1.13916,1.13594,1.13765,43193,2
2026-09-24 20:00:00,1.13765,1.13807,1.13709,1.13735,7400,3
2026-09-25 00:00:00,1.13736,1.13821,1.13682,1.13689,14462,3
2026-09-25 04:00:00,1.13689,1.13906,1.13683,1.13901,20061,3
2026-09-25 08:00:00,1.13903,1.14104,1.13865,1.14023,28774,2
2026-09-25 12:00:00,1.14024,1.14084,1.13859,1.14,47498,3
2026-09-25 16:00:00,1.14,1.1411,1.13871,1.13951,32153,2
2026-09-25 20:00:00,1.13949,1.1397,1.13898,1.13904,3500,3
2026-09-27 20:00:00,1.13811,1.13853,1.13735,1.13779,5303,36
2026-09-28 00:00:00,1.1378,1.13912,1.13772,1.13862,15145,2
2026-09-28 04:00:00,1.13864,1.13899,1.13711,1.13828,18523,3
2026-09-28 08:00:00,1.13827,1.13906,1.1366,1.13749,24920,2
2026-09-28 12:00:00,1.13752,1.13806,1.13531,1.13664,44731,2
2026-09-28 16:00:00,1.13663,1.13879,1.13641,1.13667,33920,2
2026-09-28 20:00:00,1.13667,1.1374,1.13643,1.13708,7870,3
2026-09-29 00:00:00,1.13707,1.13716,1.13599,1.13609,13238,3
2026-09-29 04:00:00,1.13608,1.13664,1.13425,1.13496,19611,3
2026-09-29 08:00:00,1.13494,1.13551,1.13323,1.13518,28731,2
2026-09-29 12:00:00,1.13517,1.13581,1.13271,1.13355,41409,2
2026-09-29 16:00:00,1.13355,1.13434,1.13118,1.13387,33874,2
2026-09-29 20:00:00,1.13386,1.13444,1.13344,1.13405,8750,3
2026-09-30 00:00:00,1.13404,1.13428,1.13319,1.13322,16504,3
2026-09-30 04:00:00,1.1332,1.13572,1.13288,1.13461,22143,3
2026-09-30 08:00:00,1.13462,1.13639,1.13453,1.135,30864,2
2026-09-30 12:00:00,1.135,1.13803,1.13424,1.13443,62708,4
2026-09-30 16:00:00,1.13443,1.13444,1.13222,1.13262,24534,2
2026-09-30 20:00:00,1.13263,1.13323,1.13228,1.13268,8769,2
2026-10-01 00:00:00,1.13269,1.13366,1.13211,1.13289,15970,3
2026-10-01 04:00:00,1.13288,1.13308,1.12981,1.13036,26741,2
2026-10-01 08:00:00,1.13038,1.13118,1.12653,1.13043,46991,3
2026-10-01 12:00:00,1.13045,1.13071,1.12176,1.12312,69162,4
2026-10-01 16:00:00,1.12316,1.12455,1.12149,1.12401,49352,3
2026-10-01 20:00:00,1.12399,1.12484,1.12328,1.12479,10033,4
2026-10-02 00:00:00,1.1248,1.12538,1.12316,1.12516,15486,4
2026-10-02 04:00:00,1.12515,1.12669,1.12449,1.12601,24457,3
2026-10-02 08:00:00,1.12602,1.12694,1.12269,1.1233,35292,3
2026-10-02 12:00:00,1.1233,1.12853,1.12207,1.12583,73680,7
2026-10-02 16:00:00,1.12582,1.1261,1.12482,1.12581,32618,2
2026-10-02 20:00:00,1.12583,1.12596,1.12496,1.12516,5103,3
2026-10-04 20:00:00,1.12583,1.1261,1.12491,1.12542,7212,36
2026-10-05 00:00:00,1.12542,1.12558,1.11609,1.11659,28103,4
2026-10-05 04:00:00,1.11658,1.12077,1.11611,1.12014,28824,3
2026-10-05 08:00:00,1.12012,1.12207,1.11952,1.12057,33964,3
2026-10-05 12:00:00,1.12057,1.12162,1.11863,1.1211,47363,3
2026-10-05 16:00:00,1.12111,1.12205,1.11973,1.12199,21469,3
2026-10-05 20:00:00,1.12198,1.1225,1.12161,1.12166,8913,3
2026-10-06 00:00:00,1.12165,1.12309,1.12122,1.1222,13905,3
2026-10-06 04:00:00,1.12221,1.12428,1.12028,1.12407,22874,3
2026-10-06 08:00:00,1.12405,1.12717,1.1226,1.1268,34731,3
2026-10-06 12:00:00,1.12681,1.12767,1.12446,1.12615,46660,3
2026-10-06 16:00:00,1.12616,1.12653,1.12542,1.12595,22139,3
2026-10-06 20:00:00,1.12597,1.12628,1.12517,1.12528,6413,3
2026-10-07 00:00:00,1.12526,1.12547,1.12333,1.1238,10628,3
2026-10-07 04:00:00,1.12381,1.12382,1.11815,1.119,21495,3
2026-10-07 08:00:00,1.119,1.12037,1.11754,1.11825,33496,3
2026-10-07 12:00:00,1.11826,1.12038,1.11647,1.11868,44860,4
2026-10-07 16:00:00,1.11868,1.12032,1.11843,1.11961,28450,2
2026-10-07 20:00:00,1.11961,1.12031,1.11908,1.12,8799,3
2026-10-08 00:00:00,1.11999,1.12128,1.11949,1.12044,14534,3
2026-10-08 04:00:00,1.12044,1.12075,1.11819,1.11951,24128,3
2026-10-08 08:00:00,1.11952,1.12006,1.11718,1.11771,32484,3
2026-10-08 12:00:00,1.1177,1.12268,1.1177,1.1191,46707,4
2026-10-08 16:00:00,1.11911,1.12197,1.11845,1.12136,40128,2
2026-10-08 20:00:00,1.12136,1.12172,1.12033,1.12126,9425,3
2026-10-09 00:00:00,1.12127,1.12287,1.12114,1.12268,18056,4
2026-10-09 04:00:00,1.12267,1.12427,1.12223,1.12312,18946,3
2026-10-09 08:00:00,1.12312,1.12328,1.12053,1.12089,26914,3
2026-10-09 12:00:00,1.12089,1.12121,1.11899,1.11917,39029,3
