Datetime,Open,High,Low,Close,Volume,Spread
2021-10-11 00:00:00,4367.839,4388.054,4364.851,4381.551,240,657
2021-10-11 04:00:00,4381.739,4392.399,4371.833,4376.851,239,678
2021-10-11 08:00:00,4377.351,4382.551,4367.333,4372.348,240,657
2021-10-11 12:00:00,4372.236,4416.939,4369.339,4409.651,240,669
2021-10-11 16:00:00,4409.451,4410.448,4359.199,4359.645,240,457
2021-10-11 20:00:00,4359.836,4360.099,4350.833,4356.842,135,660
2021-10-12 00:00:00,4357.039,4358.045,4330.539,4336.833,240,668
2021-10-12 04:00:00,4336.954,4347.445,4326.342,4343.551,240,677
2021-10-12 08:00:00,4343.736,4368.299,4339.833,4361.333,240,663
2021-10-12 12:00:00,4361.039,4373.999,4348.133,4366.742,240,657
2021-10-12 16:00:00,4367.242,4374.554,4341.533,4350.145,240,469
2021-10-12 20:00:00,4349.736,4350.099,4336.348,4337.339,132,651
2021-10-13 00:00:00,4337.554,4348.042,4337.039,4344.099,239,679
2021-10-13 04:00:00,4344.251,4351.348,4332.836,4350.042,240,693
2021-10-13 08:00:00,4350.354,4363.099,4347.033,4358.342,239,661
2021-10-13 12:00:00,4358.536,4366.136,4328.642,4349.933,240,660
2021-10-13 16:00:00,4350.154,4374.645,4347.133,4365.533,240,456
2021-10-13 20:00:00,4365.542,4373.754,4362.839,4372.036,131,642
2021-10-14 00:00:00,4371.751,4381.599,4371.554,4379.045,237,670
2021-10-14 04:00:00,4378.754,4391.751,4377.051,4389.245,237,685
2021-10-14 08:00:00,4389.445,4403.554,4389.445,4402.554,235,656
2021-10-14 12:00:00,4402.748,4430.845,4399.839,4430.651,240,691
2021-10-14 16:00:00,4430.845,4439.854,4428.845,4437.654,240,453
2021-10-14 20:00:00,4437.342,4446.799,4436.542,4445.033,131,686
2021-10-15 00:00:00,4445.054,4454.099,4435.033,4451.739,239,667
2021-10-15 04:00:00,4452.042,4457.448,4445.045,4450.033,239,661
2021-10-15 08:00:00,4449.739,4456.754,4447.033,4454.233,234,679
2021-10-15 12:00:00,4454.533,4470.351,4450.536,4461.499,239,671
2021-10-15 16:00:00,4461.436,4476.245,4461.233,4471.939,240,479
2021-10-15 20:00:00,4471.748,4473.699,4470.136,4471.839,15,637
2021-10-18 00:00:00,4461.351,4473.139,4459.633,4468.351,238,658
2021-10-18 04:00:00,4468.354,4468.699,4450.351,4457.342,238,663
2021-10-18 08:00:00,4457.336,4463.899,4449.848,4457.848,240,659
2021-10-18 12:00:00,4457.833,4483.899,4445.133,4481.533,240,649
2021-10-18 16:00:00,4481.799,4489.099,4478.039,4486.033,240,462
2021-10-18 20:00:00,4485.699,4487.499,4481.042,4486.454,125,668
2021-10-19 00:00:00,4486.648,4492.999,4481.433,4486.933,238,664
2021-10-19 04:00:00,4487.151,4498.499,4485.136,4494.639,235,677
2021-10-19 08:00:00,4494.442,4513.448,4493.454,4509.154,238,660
2021-10-19 12:00:00,4509.145,4516.754,4496.548,4515.736,240,660
2021-10-19 16:00:00,4515.599,4521.242,4509.733,4520.736,240,479
2021-10-19 20:00:00,4521.199,4525.951,4519.933,4524.642,128,696
2021-10-20 00:00:00,4524.648,4525.954,4516.133,4520.442,235,661
2021-10-20 04:00:00,4520.442,4524.699,4513.139,4517.148,232,667
2021-10-20 08:00:00,4517.148,4522.499,4515.945,4516.448,236,666
2021-10-20 12:00:00,4516.454,4541.042,4516.439,4538.745,240,672
2021-10-20 16:00:00,4538.736,4539.299,4523.933,4537.951,240,449
2021-10-20 20:00:00,4537.854,4539.899,4529.333,4529.342,132,653
2021-10-21 00:00:00,4529.399,4536.333,4527.154,4530.199,235,663
2021-10-21 04:00:00,4530.199,4531.154,4519.133,4526.854,239,679
2021-10-21 08:00:00,4526.899,4528.354,4522.136,4522.845,234,671
2021-10-21 12:00:00,4523.136,4542.099,4522.633,4532.739,240,715
2021-10-21 16:00:00,4532.742,4551.799,4531.033,4549.533,235,464
2021-10-21 20:00:00,4549.099,4550.999,4535.999,4538.439,129,650
2021-10-22 00:00:00,4538.636,4548.439,4538.133,4547.433,234,679
2021-10-22 04:00:00,4547.442,4550.951,4540.536,4545.633,238,659
2021-10-22 08:00:00,4545.445,4556.448,4542.436,4555.439,226,674
2021-10-22 12:00:00,4555.442,4560.051,4524.039,4531.733,237,660
2021-10-22 16:00:00,4531.748,4554.254,4527.033,4544.751,240,459
2021-10-22 20:00:00,4544.742,4545.499,4540.436,4542.639,15,656
2021-10-25 00:00:00,4533.699,4548.154,4533.636,4546.654,237,663
2021-10-25 04:00:00,4546.948,4551.499,4545.436,4548.699,230,656
2021-10-25 08:00:00,4548.439,4554.154,4546.633,4551.645,236,666
2021-10-25 12:00:00,4551.999,4561.999,4537.033,4561.748,238,645
2021-10-25 16:00:00,4561.939,4571.954,4560.248,4568.545,240,469
2021-10-25 20:00:00,4568.842,4575.751,4560.933,4574.945,124,659
2021-10-26 00:00:00,4574.945,4583.299,4573.445,4577.454,225,679
2021-10-26 04:00:00,4577.299,4584.454,4574.236,4584.251,226,725
2021-10-26 08:00:00,4584.348,4588.954,4582.233,4584.239,222,671
2021-10-26 12:00:00,4583.799,4598.399,4581.336,4584.748,237,644
2021-10-26 16:00:00,4584.651,4587.299,4569.045,4572.299,240,462
2021-10-26 20:00:00,4572.248,4580.848,4571.433,4577.345,135,653
2021-10-27 00:00:00,4577.536,4579.845,4569.545,4573.333,235,665
2021-10-27 04:00:00,4573.599,4584.099,4573.333,4580.548,230,647
2021-10-27 08:00:00,4580.342,4582.599,4564.842,4568.342,240,687
2021-10-27 12:00:00,4568.899,4584.639,4566.139,4572.133,239,652
2021-10-27 16:00:00,4572.445,4584.154,4551.939,4552.454,240,454
2021-10-27 20:00:00,4552.048,4562.354,4552.033,4561.542,130,646
2021-10-28 00:00:00,4561.848,4562.399,4555.333,4559.842,237,664
2021-10-28 04:00:00,4560.039,4563.099,4553.333,4560.854,234,694
2021-10-28 08:00:00,4560.845,4568.851,4555.545,4564.354,236,682
2021-10-28 12:00:00,4564.833,4592.754,4562.833,4583.745,239,661
2021-10-28 16:00:00,4584.151,4596.754,4577.733,4595.154,240,452
2021-10-28 20:00:00,4595.251,4597.639,4580.233,4582.254,135,667
2021-10-29 00:00:00,4582.551,4584.551,4575.733,4581.539,236,663
2021-10-29 04:00:00,4581.754,4582.599,4567.533,4575.654,234,662
2021-10-29 08:00:00,4575.599,4577.799,4567.045,4573.548,240,670
2021-10-29 12:00:00,4573.033,4597.654,4567.048,4593.342,240,673
2021-10-29 16:00:00,4593.633,4608.099,4588.842,4604.299,240,461
2021-11-01 00:00:00,4617.636,4622.651,4611.933,4613.145,233,641
2021-11-01 04:00:00,4613.033,4615.199,4608.642,4611.951,228,651
2021-11-01 08:00:00,4611.651,4626.454,4611.642,4622.954,226,663
2021-11-01 12:00:00,4622.642,4623.145,4593.936,4607.248,240,668
2021-11-01 16:00:00,4607.533,4614.751,4594.754,4612.954,240,458
2021-11-01 20:00:00,4613.242,4615.899,4610.333,4610.854,126,652
2021-11-02 00:00:00,4611.348,4613.199,4601.133,4604.136,237,704
2021-11-02 04:00:00,4604.148,4613.842,4602.633,4612.142,232,719
2021-11-02 08:00:00,4612.348,4616.354,4606.333,4614.133,236,658
2021-11-02 12:00:00,4614.342,4635.054,4613.445,4627.099,234,707
2021-11-02 16:00:00,4627.097,4633.745,4623.548,4631.733,240,483
2021-11-02 20:00:00,4631.746,4632.154,4626.933,4627.439,117,652
2021-11-03 00:00:00,4627.433,4632.952,4625.939,4626.448,216,657
2021-11-03 04:00:00,4626.539,4628.499,4624.933,4627.454,205,691
2021-11-03 08:00:00,4627.449,4632.154,4626.442,4628.639,225,658
2021-11-03 12:00:00,4628.646,4628.954,4621.242,4627.242,235,671
2021-11-03 16:00:00,4627.252,4664.699,4622.242,4660.242,240,451
2021-11-03 20:00:00,4660.552,4667.954,4657.148,4666.951,128,634
2021-11-04 00:00:00,4666.931,4666.931,4658.439,4659.439,223,659
2021-11-04 04:00:00,4659.652,4664.148,4658.433,4662.736,220,669
2021-11-04 08:00:00,4662.736,4669.997,4662.136,4664.945,226,662
2021-11-04 12:00:00,4665.154,4682.699,4662.239,4674.736,240,681
2021-11-04 16:00:00,4674.999,4682.242,4667.636,4682.242,240,454
2021-11-04 20:00:00,4681.754,4684.954,4678.142,4684.454,124,652
2021-11-05 00:00:00,4684.497,4684.742,4676.439,4680.254,224,671
2021-11-05 04:00:00,4680.237,4681.946,4674.939,4677.745,216,676
2021-11-05 08:00:00,4677.939,4694.751,4677.933,4691.451,237,666
2021-11-05 12:00:00,4691.799,4719.099,4690.145,4705.499,240,669
2021-11-05 16:00:00,4705.154,4708.939,4681.145,4697.448,240,461
2021-11-05 20:00:00,4697.136,4697.842,4691.336,4691.545,15,670
2021-11-08 00:00:00,4691.433,4692.054,4683.436,4687.051,239,688
2021-11-08 04:00:00,4687.336,4692.399,4685.539,4690.848,229,652
2021-11-08 08:00:00,4691.045,4701.599,4690.036,4700.833,234,658
2021-11-08 12:00:00,4701.051,4713.999,4698.336,4702.845,231,661
2021-11-08 16:00:00,4703.036,4706.899,4694.351,4706.833,240,451
2021-11-08 20:00:00,4706.533,4706.899,4694.933,4695.836,133,451
2021-11-09 00:00:00,4695.936,4697.299,4687.433,4688.739,231,663
2021-11-09 04:00:00,4688.839,4696.799,4687.936,4693.736,214,669
2021-11-09 08:00:00,4693.299,4704.799,4692.433,4702.754,236,671
2021-11-09 12:00:00,4702.499,4707.842,4673.536,4684.439,235,645
2021-11-09 16:00:00,4684.654,4688.151,4670.454,4683.151,240,462
2021-11-09 20:00:00,4683.042,4686.999,4677.145,4677.945,132,454
2021-11-10 00:00:00,4678.151,4680.949,4664.545,4666.951,235,664
2021-11-10 04:00:00,4667.151,4684.999,4665.433,4682.733,236,663
2021-11-10 08:00:00,4682.939,4686.454,4667.133,4668.639,240,670
2021-11-10 12:00:00,4668.933,4684.352,4662.954,4677.839,239,667
2021-11-10 16:00:00,4678.136,4683.399,4631.133,4638.148,240,454
2021-11-10 20:00:00,4638.399,4653.399,4634.833,4647.542,134,452
2021-11-11 00:00:00,4647.754,4659.554,4647.233,4652.239,237,652
2021-11-11 04:00:00,4652.445,4658.048,4646.545,4654.251,234,656
2021-11-11 08:00:00,4654.545,4666.799,4650.233,4665.539,239,653
2021-11-11 12:00:00,4665.245,4667.099,4649.636,4656.154,236,667
2021-11-11 16:00:00,4656.336,4661.699,4649.336,4653.345,240,448
2021-11-11 20:00:00,4653.349,4656.848,4648.339,4656.633,130,463
2021-11-12 00:00:00,4656.833,4663.899,4653.139,4654.642,230,658
2021-11-12 04:00:00,4654.348,4657.699,4650.342,4652.239,223,656
2021-11-12 08:00:00,4652.342,4660.354,4649.636,4659.848,236,670
2021-11-12 12:00:00,4660.136,4664.699,4651.733,4663.651,233,707
2021-11-12 16:00:00,4663.948,4683.948,4663.633,4676.933,238,440
2021-11-12 20:00:00,4677.145,4688.999,4676.436,4687.099,75,459
2021-11-15 00:00:00,4690.354,4692.899,4684.336,4684.854,221,663
2021-11-15 04:00:00,4684.837,4687.848,4682.339,4684.839,205,677
2021-11-15 08:00:00,4685.033,4696.139,4682.836,4694.854,228,675
2021-11-15 12:00:00,4694.834,4702.697,4684.933,4687.736,228,650
2021-11-15 16:00:00,4687.931,4690.649,4672.442,4682.799,239,454
2021-11-15 20:00:00,4682.743,4687.145,4676.154,4684.836,128,394
2021-11-16 00:00:00,4685.133,4692.154,4681.839,4688.833,220,618
2021-11-16 04:00:00,4688.837,4688.851,4680.245,4683.699,217,620
2021-11-16 08:00:00,4683.634,4688.654,4676.133,4687.848,222,607
2021-11-16 12:00:00,4688.148,4700.449,4678.848,4693.748,238,640
2021-11-16 16:00:00,4693.731,4714.452,4693.433,4708.745,240,401
2021-11-16 20:00:00,4708.74,4709.746,4699.448,4703.899,129,397
2021-11-17 00:00:00,4703.831,4704.699,4695.339,4696.648,213,604
2021-11-17 04:00:00,4696.854,4702.646,4696.842,4702.136,201,648
2021-11-17 08:00:00,4702.333,4705.699,4697.636,4699.845,200,639
2021-11-17 12:00:00,4700.145,4702.199,4684.236,4694.139,225,601
2021-11-17 16:00:00,4694.499,4701.199,4685.942,4693.551,240,402
2021-11-17 20:00:00,4693.899,4696.399,4686.236,4692.048,132,412
2021-11-18 00:00:00,4692.034,4694.354,4689.536,4692.539,227,621
2021-11-18 04:00:00,4692.742,4699.099,4692.533,4698.539,199,601
2021-11-18 08:00:00,4698.751,4707.354,4697.536,4704.348,228,611
2021-11-18 12:00:00,4704.542,4704.842,4671.651,4683.342,234,628
2021-11-18 16:00:00,4683.343,4708.199,4679.636,4703.348,240,407
2021-11-18 20:00:00,4703.652,4710.754,4702.136,4708.599,133,399
2021-11-19 00:00:00,4708.543,4725.551,4707.533,4723.545,228,604
2021-11-19 04:00:00,4723.537,4727.097,4721.233,4722.742,226,610
2021-11-19 08:00:00,4722.749,4723.251,4688.036,4692.736,238,642
2021-11-19 12:00:00,4693.254,4710.649,4688.733,4701.839,240,615
2021-11-19 16:00:00,4702.142,4717.899,4693.854,4702.399,240,393
2021-11-19 20:00:00,4702.346,4703.899,4695.133,4698.742,75,396
2021-11-22 00:00:00,4700.699,4711.697,4698.645,4710.348,228,602
2021-11-22 04:00:00,4710.645,4713.154,4708.333,4710.699,213,608
2021-11-22 08:00:00,4710.839,4719.654,4709.633,4711.339,238,615
2021-11-22 12:00:00,4711.343,4743.754,4705.645,4736.336,239,610
2021-11-22 16:00:00,4736.349,4737.145,4700.333,4725.336,240,418
2021-11-22 20:00:00,4725.652,4731.652,4677.042,4687.748,135,400
2021-11-23 00:00:00,4688.039,4691.554,4674.242,4681.051,240,610
2021-11-23 04:00:00,4681.299,4685.049,4661.736,4672.099,239,630
2021-11-23 08:00:00,4671.545,4683.099,4657.233,4679.742,238,619
2021-11-23 12:00:00,4680.048,4698.354,4658.642,4659.145,240,611
2021-11-23 16:00:00,4659.197,4686.699,4652.836,4683.899,240,399
2021-11-23 20:00:00,4683.699,4694.899,4678.139,4685.245,133,405
2021-11-24 00:00:00,4685.345,4691.451,4680.733,4683.742,238,624
2021-11-24 04:00:00,4683.436,4694.797,4678.445,4687.733,238,606
2021-11-24 08:00:00,4687.743,4689.799,4670.433,4678.499,240,634
2021-11-24 12:00:00,4678.636,4684.197,4659.333,4681.899,240,619
2021-11-24 16:00:00,4681.843,4698.74,4677.345,4694.145,240,403
2021-11-24 20:00:00,4694.131,4706.248,4691.839,4705.054,133,402
2021-11-25 00:00:00,4704.748,4716.254,4704.745,4714.751,235,628
2021-11-25 04:00:00,4715.042,4720.099,4714.036,4716.299,211,619
2021-11-25 08:00:00,4716.551,4718.554,4709.233,4713.542,238,631
2021-11-25 12:00:00,4713.549,4713.799,4704.036,4707.336,237,617
2021-11-25 16:00:00,4707.334,4710.699,4706.633,4708.399,110,437
2021-11-25 20:00:00,4710.934,4710.934,4689.233,4691.042,60,635
2021-11-26 00:00:00,4691.04,4691.099,4654.751,4656.748,240,612
2021-11-26 04:00:00,4657.046,4660.599,4622.033,4623.545,239,621
2021-11-26 08:00:00,4623.733,4630.739,4600.533,4618.054,240,654
2021-11-26 12:00:00,4617.739,4646.351,4597.336,4609.536,240,657
2021-11-26 16:00:00,4609.045,4622.054,4583.536,4583.554,134,472
2021-11-29 00:00:00,4628.299,4645.699,4625.431,4640.642,240,661
2021-11-29 04:00:00,4640.451,4643.999,4625.745,4637.699,239,657
2021-11-29 08:00:00,4637.648,4643.151,4623.133,4634.199,240,662
2021-11-29 12:00:00,4634.039,4653.099,4624.533,4633.536,240,673
2021-11-29 16:00:00,4633.033,4673.299,4630.239,4664.751,240,471
2021-11-29 20:00:00,4664.742,4671.599,4651.033,4665.942,135,466
2021-11-30 00:00:00,4666.149,4670.499,4656.648,4660.445,240,660
2021-11-30 04:00:00,4660.648,4663.139,4585.945,4614.636,240,673
2021-11-30 08:00:00,4614.936,4615.199,4592.033,4607.145,240,659
2021-11-30 12:00:00,4606.636,4646.954,4586.448,4586.951,240,650
2021-11-30 16:00:00,4586.848,4605.254,4564.933,4580.148,240,483
2021-11-30 20:00:00,4579.748,4597.442,4559.733,4586.848,135,459
2021-12-01 00:00:00,4587.099,4602.399,4574.033,4598.836,239,666
2021-12-01 04:00:00,4599.354,4616.333,4599.336,4609.836,238,646
2021-12-01 08:00:00,4609.845,4627.854,4598.536,4626.345,240,663
2021-12-01 12:00:00,4626.099,4642.099,4608.933,4641.042,240,656
2021-12-01 16:00:00,4641.299,4653.254,4574.951,4581.133,240,410
2021-12-01 20:00:00,4581.533,4584.252,4500.445,4528.854,135,424
2021-12-02 00:00:00,4528.942,4544.799,4519.836,4538.254,240,636
2021-12-02 04:00:00,4538.339,4553.899,4533.251,4538.554,240,622
2021-12-02 08:00:00,4538.534,4551.551,4526.539,4539.054,240,612
2021-12-02 12:00:00,4539.354,4568.654,4507.336,4554.148,240,615
2021-12-02 16:00:00,4554.137,4591.999,4546.948,4582.448,240,420
2021-12-02 20:00:00,4582.645,4595.199,4561.348,4563.254,135,427
2021-12-03 00:00:00,4563.249,4573.399,4545.539,4569.299,240,635
2021-12-03 04:00:00,4569.345,4584.397,4569.345,4583.342,239,651
2021-12-03 08:00:00,4583.551,4585.054,4558.845,4575.036,240,627
2021-12-03 12:00:00,4575.245,4607.948,4521.145,4524.448,240,616
2021-12-03 16:00:00,4524.445,4540.699,4498.94,4500.942,240,485
2021-12-03 20:00:00,4501.039,4544.545,4493.933,4532.554,75,472
2021-12-06 00:00:00,4558.439,4563.454,4541.736,4560.742,240,666
2021-12-06 04:00:00,4560.745,4567.936,4553.436,4559.433,240,664
2021-12-06 08:00:00,4559.448,4573.254,4532.851,4557.636,240,673
2021-12-06 12:00:00,4557.439,4588.899,4540.833,4588.033,240,661
2021-12-06 16:00:00,4588.046,4612.899,4570.399,4593.851,240,470
2021-12-06 20:00:00,4593.842,4601.051,4588.333,4594.954,135,456
2021-12-07 00:00:00,4595.233,4605.454,4588.736,4602.745,240,687
2021-12-07 04:00:00,4602.936,4629.748,4602.154,4628.636,240,684
2021-12-07 08:00:00,4628.699,4657.999,4625.933,4652.933,240,661
2021-12-07 12:00:00,4652.451,4692.899,4643.936,4690.045,240,686
2021-12-07 16:00:00,4689.836,4693.899,4683.339,4686.842,240,454
2021-12-07 20:00:00,4686.554,4697.939,4667.831,4690.954,135,466
2021-12-08 00:00:00,4690.954,4706.954,4684.736,4704.242,240,670
2021-12-08 04:00:00,4704.339,4706.299,4692.233,4697.799,239,682
2021-12-08 08:00:00,4697.733,4713.299,4682.736,4704.436,240,678
2021-12-08 12:00:00,4704.233,4711.151,4675.354,4676.648,240,658
2021-12-08 16:00:00,4676.639,4697.148,4674.136,4696.636,240,467
2021-12-08 20:00:00,4696.651,4704.799,4694.633,4697.699,135,453
2021-12-09 00:00:00,4697.551,4707.142,4691.148,4692.639,236,683
2021-12-09 04:00:00,4692.699,4700.999,4688.945,4697.954,240,664
2021-12-09 08:00:00,4697.651,4698.654,4678.633,4684.142,240,669
2021-12-09 12:00:00,4683.951,4695.099,4675.239,4686.739,240,677
2021-12-09 16:00:00,4686.751,4695.751,4676.245,4679.033,240,458
2021-12-09 20:00:00,4679.042,4684.554,4663.433,4673.642,134,464
2021-12-10 00:00:00,4673.751,4676.499,4665.633,4673.442,236,660
2021-12-10 04:00:00,4673.442,4674.651,4666.133,4672.933,220,673
2021-12-10 08:00:00,4672.999,4689.999,4672.133,4687.642,237,682
2021-12-10 12:00:00,4687.651,4707.199,4678.545,4685.039,240,665
2021-12-10 16:00:00,4684.536,4700.799,4670.039,4691.799,240,459
2021-12-10 20:00:00,4691.754,4713.799,4689.233,4712.142,74,460
2021-12-13 00:00:00,4720.586,4731.942,4719.713,4728.636,237,508
2021-12-13 04:00:00,4728.545,4730.699,4722.133,4723.645,231,682
2021-12-13 08:00:00,4723.733,4730.651,4717.633,4725.436,240,674
2021-12-13 12:00:00,4724.948,4724.951,4676.848,4682.142,240,673
2021-12-13 16:00:00,4681.699,4686.654,4671.931,4685.939,240,464
2021-12-13 20:00:00,4685.654,4689.699,4664.533,4673.136,135,456
2021-12-14 00:00:00,4672.854,4678.199,4668.336,4675.333,237,678
2021-12-14 04:00:00,4675.639,4681.199,4671.342,4678.848,239,668
2021-12-14 08:00:00,4678.339,4684.854,4648.833,4656.633,240,672
2021-12-14 12:00:00,4656.848,4664.148,4614.633,4619.851,240,663
2021-12-14 16:00:00,4619.399,4629.142,4605.133,4627.336,238,482
2021-12-14 20:00:00,4626.839,4647.199,4626.336,4635.733,135,452
2021-12-15 00:00:00,4636.051,4643.299,4631.239,4642.745,238,658
2021-12-15 04:00:00,4643.042,4645.799,4631.254,4638.754,230,671
2021-12-15 08:00:00,4638.751,4645.754,4629.242,4634.036,240,665
2021-12-15 12:00:00,4634.245,4643.051,4614.842,4624.339,240,664
2021-12-15 16:00:00,4624.139,4662.154,4611.133,4651.699,240,464
2021-12-15 20:00:00,4651.145,4720.548,4650.639,4716.548,135,472
2021-12-16 00:00:00,4716.236,4716.499,4705.739,4714.739,240,667
2021-12-16 04:00:00,4715.299,4739.799,4714.748,4733.248,238,659
2021-12-16 08:00:00,4733.054,4751.736,4725.736,4747.242,240,664
2021-12-16 12:00:00,4747.551,4747.551,4701.533,4719.133,240,678
2021-12-16 16:00:00,4719.139,4719.942,4650.639,4661.654,240,468
2021-12-16 20:00:00,4661.936,4686.442,4652.633,4666.599,134,474
2021-12-17 00:00:00,4667.045,4676.399,4651.399,4653.548,239,615
2021-12-17 04:00:00,4653.549,4671.099,4651.542,4670.533,240,625
2021-12-17 08:00:00,4670.546,4674.342,4642.833,4656.551,240,619
2021-12-17 12:00:00,4656.042,4658.899,4598.636,4652.133,240,619
2021-12-17 16:00:00,4652.351,4666.699,4617.833,4642.354,240,420
2021-12-17 20:00:00,4642.337,4652.199,4614.833,4626.239,75,410
2021-12-20 00:00:00,4594.199,4602.045,4569.054,4572.536,240,615
2021-12-20 04:00:00,4572.654,4581.74,4546.099,4562.254,240,641
2021-12-20 08:00:00,4562.748,4572.245,4536.033,4572.245,240,619
2021-12-20 12:00:00,4572.24,4577.299,4534.851,4537.839,240,617
2021-12-20 16:00:00,4537.636,4562.351,4530.139,4555.042,240,458
2021-12-20 20:00:00,4555.048,4590.599,4553.136,4588.239,135,463
2021-12-21 00:00:00,4588.599,4599.599,4575.633,4596.433,240,663
2021-12-21 04:00:00,4596.533,4611.599,4594.039,4600.536,240,685
2021-12-21 08:00:00,4600.048,4615.099,4587.533,4613.045,240,666
2021-12-21 12:00:00,4613.233,4616.048,4582.133,4593.645,240,665
2021-12-21 16:00:00,4593.145,4647.199,4591.045,4647.133,240,461
2021-12-21 20:00:00,4646.636,4652.254,4631.842,4647.545,135,459
2021-12-22 00:00:00,4648.048,4652.199,4640.742,4644.048,240,663
2021-12-22 04:00:00,4644.045,4652.042,4641.542,4643.054,239,699
2021-12-22 08:00:00,4643.551,4655.248,4632.034,4655.051,240,665
2021-12-22 12:00:00,4655.236,4682.333,4635.736,4680.342,236,651
2021-12-22 16:00:00,4680.352,4688.342,4671.833,4682.154,240,463
2021-12-22 20:00:00,4682.333,4702.754,4680.133,4700.739,135,471
2021-12-23 00:00:00,4700.254,4701.099,4696.233,4699.454,229,664
2021-12-23 04:00:00,4699.242,4702.754,4698.139,4700.533,212,678
2021-12-23 08:00:00,4700.736,4709.745,4694.599,4709.236,232,665
2021-12-23 12:00:00,4709.551,4729.851,4701.533,4729.699,234,656
2021-12-23 16:00:00,4729.899,4736.854,4726.136,4736.636,240,461
2021-12-23 20:00:00,4736.348,4740.699,4723.236,4725.099,74,463
2021-12-27 00:00:00,4731.754,4735.599,4726.742,4731.036,231,669
2021-12-27 04:00:00,4731.233,4731.299,4722.533,4725.248,222,675
2021-12-27 08:00:00,4725.436,4735.099,4723.733,4733.551,235,668
2021-12-27 12:00:00,4733.433,4767.648,4732.733,4767.648,236,678
2021-12-27 16:00:00,4767.939,4783.999,4764.142,4779.648,240,451
2021-12-27 20:00:00,4779.499,4792.099,4774.933,4786.348,132,457
2021-12-28 00:00:00,4786.551,4788.554,4781.536,4784.839,238,661
2021-12-28 04:00:00,4784.745,4790.054,4783.339,4785.042,223,709
2021-12-28 08:00:00,4785.433,4805.099,4784.748,4800.342,238,668
2021-12-28 12:00:00,4800.036,4805.951,4789.345,4796.451,236,720
2021-12-28 16:00:00,4796.142,4799.651,4778.631,4787.954,240,455
2021-12-28 20:00:00,4787.654,4795.351,4783.133,4794.051,135,457
2021-12-29 00:00:00,4793.848,4796.351,4783.545,4791.399,238,677
2021-12-29 04:00:00,4791.042,4797.899,4788.542,4796.842,226,693
2021-12-29 08:00:00,4796.839,4798.351,4789.351,4790.836,238,660
2021-12-29 12:00:00,4790.851,4799.648,4778.133,4790.836,238,660
2021-12-29 16:00:00,4791.048,4794.599,4780.333,4794.399,240,454
2021-12-29 20:00:00,4794.045,4804.036,4786.533,4788.345,135,450
2021-12-30 00:00:00,4788.436,4794.051,4783.533,4788.851,229,663
2021-12-30 04:00:00,4788.945,4794.854,4786.599,4791.099,225,686
2021-12-30 08:00:00,4791.554,4802.599,4790.539,4801.345,240,661
2021-12-30 12:00:00,4801.048,4807.699,4794.448,4800.054,237,663
2021-12-30 16:00:00,4799.833,4802.551,4795.833,4799.539,239,458
2021-12-30 20:00:00,4799.851,4799.899,4775.833,4781.451,135,479
2021-12-31 00:00:00,4781.433,4782.254,4759.239,4768.839,239,663
2021-12-31 04:00:00,4768.951,4776.499,4768.839,4775.499,228,680
2021-12-31 08:00:00,4775.233,4779.799,4767.445,4768.733,227,651
2021-12-31 12:00:00,4768.951,4786.899,4764.433,4775.939,240,671
2021-12-31 16:00:00,4776.239,4784.954,4767.436,4777.754,240,452
2021-12-31 20:00:00,4777.933,4785.951,4765.731,4766.633,60,459
2022-01-03 00:00:00,4783.336,4793.148,4782.845,4786.342,240,659
2022-01-03 04:00:00,4786.551,4787.854,4779.833,4784.845,231,682
2022-01-03 08:00:00,4784.748,4799.342,4782.133,4798.848,240,674
2022-01-03 12:00:00,4798.636,4798.636,4755.933,4778.939,240,681
2022-01-03 16:00:00,4779.254,4795.042,4762.733,4790.236,240,464
2022-01-03 20:00:00,4790.551,4796.445,4784.542,4791.648,135,452
2022-01-04 00:00:00,4791.899,4799.354,4789.833,4798.633,234,677
2022-01-04 04:00:00,4798.851,4807.199,4798.333,4806.148,220,662
2022-01-04 08:00:00,4805.639,4816.148,4801.336,4811.851,237,658
2022-01-04 12:00:00,4811.648,4816.999,4793.636,4794.654,240,670
2022-01-04 16:00:00,4794.634,4797.499,4773.636,4791.645,240,472
2022-01-04 20:00:00,4791.448,4806.999,4785.736,4786.751,135,456
2022-01-05 00:00:00,4787.036,4789.742,4778.299,4782.299,236,660
2022-01-05 04:00:00,4782.536,4789.051,4775.536,4787.248,230,700
2022-01-05 08:00:00,4787.742,4796.299,4784.536,4789.736,240,665
2022-01-05 12:00:00,4789.542,4797.145,4778.839,4790.399,240,664
2022-01-05 16:00:00,4790.139,4791.154,4728.145,4733.842,240,453
2022-01-05 20:00:00,4734.199,4734.199,4690.633,4706.751,135,471
2022-01-06 00:00:00,4706.599,4711.599,4682.036,4682.742,240,680
2022-01-06 04:00:00,4683.099,4705.299,4676.733,4696.045,240,660
2022-01-06 08:00:00,4695.536,4711.033,4687.745,4699.248,240,661
2022-01-06 12:00:00,4698.736,4720.651,4671.133,4703.636,240,657
2022-01-06 16:00:00,4703.742,4725.348,4697.833,4711.336,240,462
2022-01-06 20:00:00,4711.145,4718.851,4688.899,4707.754,135,458
2022-01-07 00:00:00,4707.933,4714.299,4702.536,4706.551,239,661
2022-01-07 04:00:00,4706.654,4710.051,4699.745,4702.233,240,673
2022-01-07 08:00:00,4702.233,4708.599,4687.236,4701.542,240,663
2022-01-07 12:00:00,4701.751,4709.651,4662.742,4668.648,240,654
2022-01-07 16:00:00,4668.697,4696.854,4662.839,4690.842,240,465
2022-01-07 20:00:00,4690.854,4696.142,4675.339,4676.799,75,461
2022-01-10 00:00:00,4666.542,4677.436,4662.033,4676.099,240,675
2022-01-10 04:00:00,4676.254,4690.299,4675.933,4688.099,238,660
2022-01-10 08:00:00,4687.539,4689.299,4665.233,4672.042,240,660
2022-01-10 12:00:00,4672.136,4673.554,4581.0,4592.333,240,660
2022-01-10 16:00:00,4592.699,4653.354,4585.639,4644.651,240,474
2022-01-10 20:00:00,4644.339,4677.299,4630.651,4673.545,135,462
2022-01-11 00:00:00,4673.736,4677.554,4663.733,4672.651,240,664
2022-01-11 04:00:00,4672.554,4674.751,4662.042,4674.042,239,682
2022-01-11 08:00:00,4674.554,4696.599,4664.733,4684.248,240,666
2022-01-11 12:00:00,4684.045,4688.099,4636.333,4651.151,240,667
2022-01-11 16:00:00,4650.899,4709.899,4650.133,4705.099,240,473
2022-01-11 20:00:00,4705.339,4716.248,4701.851,4712.742,135,459
2022-01-12 00:00:00,4712.442,4718.499,4708.236,4717.439,238,666
2022-01-12 04:00:00,4717.651,4727.451,4716.233,4720.239,234,676
2022-01-12 08:00:00,4719.754,4723.299,4703.733,4717.239,240,664
2022-01-12 12:00:00,4717.233,4748.399,4714.433,4723.845,240,658
2022-01-12 16:00:00,4723.842,4735.099,4705.839,4725.554,240,456
2022-01-12 20:00:00,4725.848,4733.051,4717.533,4726.036,135,463
2022-01-13 00:00:00,4726.348,4727.099,4711.033,4715.842,240,665
2022-01-13 04:00:00,4715.999,4721.051,4712.339,4716.254,238,667
2022-01-13 08:00:00,4716.354,4731.599,4714.533,4723.599,240,654
2022-01-13 12:00:00,4723.339,4744.651,4707.742,4715.299,240,661
2022-01-13 16:00:00,4714.945,4729.299,4683.733,4689.242,240,458
2022-01-13 20:00:00,4689.237,4689.254,4650.933,4664.054,135,458
2022-01-14 00:00:00,4663.833,4666.399,4646.342,4654.642,240,673
2022-01-14 04:00:00,4654.851,4674.654,4654.851,4662.899,240,664
2022-01-14 08:00:00,4663.139,4675.154,4658.342,4660.154,240,661
2022-01-14 12:00:00,4659.642,4664.233,4615.133,4641.439,240,659
2022-01-14 16:00:00,4641.739,4649.451,4614.442,4637.939,240,463
2022-01-14 20:00:00,4638.248,4668.899,4638.248,4667.699,75,461
2022-01-17 00:00:00,4664.839,4667.299,4647.151,4657.351,240,672
2022-01-17 04:00:00,4657.654,4663.654,4649.336,4661.599,240,676
2022-01-17 08:00:00,4661.333,4674.342,4654.633,4672.848,240,666
2022-01-17 12:00:00,4673.033,4674.345,4658.933,4665.745,239,663
2022-01-17 16:00:00,4665.848,4668.499,4660.431,4661.751,117,485
2022-01-17 20:00:00,4665.845,4667.199,4656.345,4665.133,59,667
2022-01-18 00:00:00,4665.251,4670.199,4644.833,4647.342,239,664
2022-01-18 04:00:00,4647.133,4649.699,4633.333,4640.633,240,669
2022-01-18 08:00:00,4640.348,4640.399,4598.848,4611.845,240,658
2022-01-18 12:00:00,4612.151,4623.151,4587.0,4590.833,240,653
2022-01-18 16:00:00,4591.042,4604.599,4570.348,4599.133,240,458
2022-01-18 20:00:00,4599.354,4601.399,4568.333,4576.539,135,468
2022-01-19 00:00:00,4576.599,4586.599,4556.733,4559.745,240,687
2022-01-19 04:00:00,4559.599,4562.242,4544.739,4549.951,239,676
2022-01-19 08:00:00,4549.542,4594.254,4543.739,4591.736,240,664
2022-01-19 12:00:00,4592.236,4611.142,4570.536,4578.536,240,672
2022-01-19 16:00:00,4578.251,4597.154,4556.833,4568.199,240,467
2022-01-19 20:00:00,4568.242,4575.654,4522.533,4523.551,135,462
2022-01-20 00:00:00,4523.245,4553.033,4523.245,4550.936,240,671
2022-01-20 04:00:00,4551.036,4560.951,4545.733,4551.036,240,662
2022-01-20 08:00:00,4550.733,4559.599,4536.742,4555.554,240,660
2022-01-20 12:00:00,4555.799,4597.899,4544.533,4595.142,240,662
2022-01-20 16:00:00,4595.336,4601.899,4544.645,4547.136,240,457
2022-01-20 20:00:00,4546.899,4553.139,4455.539,4469.951,135,469
2022-01-21 00:00:00,4469.939,4472.748,4437.033,4445.542,240,670
2022-01-21 04:00:00,4445.433,4479.254,4445.233,4475.054,240,669
2022-01-21 08:00:00,4475.099,4485.299,4458.533,4468.048,240,659
2022-01-21 12:00:00,4467.739,4485.345,4420.345,4474.339,240,657
2022-01-21 16:00:00,4474.845,4494.352,4412.645,4413.699,240,457
2022-01-21 20:00:00,4413.636,4426.348,4390.036,4393.251,75,414
2022-01-24 00:00:00,4422.234,4435.052,4414.239,4429.548,240,625
2022-01-24 04:00:00,4429.645,4432.599,4413.751,4418.748,240,626
2022-01-24 08:00:00,4418.939,4432.051,4369.251,4392.599,240,622
2022-01-24 12:00:00,4392.534,4394.252,4270.837,4300.999,240,616
2022-01-24 16:00:00,4301.042,4343.499,4220.633,4315.945,241,483
2022-01-24 20:00:00,4315.948,4417.448,4311.939,4409.245,136,479
2022-01-25 00:00:00,4409.399,4411.899,4356.933,4358.345,240,659
2022-01-25 04:00:00,4358.354,4374.799,4336.336,4361.754,240,668
2022-01-25 08:00:00,4361.748,4390.599,4337.333,4353.539,240,656
2022-01-25 12:00:00,4353.445,4359.145,4284.139,4325.799,241,662
2022-01-25 16:00:00,4325.933,4411.999,4306.736,4409.436,240,469
2022-01-25 20:00:00,4409.742,4410.999,4318.854,4366.633,136,470
2022-01-26 00:00:00,4366.639,4375.699,4344.842,4372.654,240,655
2022-01-26 04:00:00,4372.645,4374.648,4354.333,4367.036,240,668
2022-01-26 08:00:00,4367.045,4428.399,4366.054,4428.148,240,660
2022-01-26 12:00:00,4428.154,4446.254,4389.554,4405.354,240,673
2022-01-26 16:00:00,4405.051,4454.599,4358.536,4377.445,241,470
2022-01-26 20:00:00,4377.452,4377.452,4303.031,4374.251,135,426
2022-01-27 00:00:00,4374.345,4375.439,4271.745,4279.999,240,629
2022-01-27 04:00:00,4279.949,4315.999,4276.436,4306.936,240,631
2022-01-27 08:00:00,4306.94,4363.654,4305.951,4359.439,240,629
2022-01-27 12:00:00,4359.94,4429.848,4339.936,4405.748,240,624
2022-01-27 16:00:00,4405.436,4417.539,4311.533,4324.145,240,425
2022-01-27 20:00:00,4324.139,4361.24,4307.539,4343.242,135,447
2022-01-28 00:00:00,4343.252,4363.799,4329.545,4348.051,240,640
2022-01-28 04:00:00,4348.534,4358.299,4337.736,4352.533,240,635
2022-01-28 08:00:00,4352.748,4352.748,4300.033,4311.248,240,629
2022-01-28 12:00:00,4311.742,4347.651,4273.745,4347.142,240,625
2022-01-28 16:00:00,4347.134,4388.554,4331.348,4373.899,240,435
2022-01-28 20:00:00,4374.133,4434.036,4369.145,4421.248,75,435
2022-01-31 00:00:00,4420.633,4443.797,4413.548,4443.248,240,617
2022-01-31 04:00:00,4443.436,4445.599,4429.548,4436.539,240,642
2022-01-31 08:00:00,4436.546,4443.599,4418.736,4423.248,240,628
2022-01-31 12:00:00,4423.499,4471.197,4403.742,4466.148,240,612
2022-01-31 16:00:00,4466.199,4497.897,4453.333,4494.854,240,425
2022-01-31 20:00:00,4494.84,4516.854,4471.254,4502.245,135,416
2022-02-01 00:00:00,4502.436,4505.248,4488.048,4500.745,240,631
2022-02-01 04:00:00,4500.746,4514.751,4497.051,4508.742,240,622
2022-02-01 08:00:00,4508.746,4523.043,4491.234,4500.742,240,619
2022-02-01 12:00:00,4501.042,4523.699,4483.333,4514.639,240,606
2022-02-01 16:00:00,4514.643,4524.699,4504.351,4518.851,240,420
2022-02-01 20:00:00,4518.837,4561.754,4516.854,4560.742,135,416
2022-02-02 00:00:00,4560.743,4567.551,4560.236,4565.454,237,633
2022-02-02 04:00:00,4565.443,4577.797,4565.042,4569.239,232,631
2022-02-02 08:00:00,4569.231,4584.599,4561.051,4579.552,240,708
2022-02-02 12:00:00,4579.742,4588.54,4548.431,4564.751,240,700
2022-02-02 16:00:00,4564.934,4591.499,4544.736,4584.245,240,515
2022-02-02 20:00:00,4584.243,4594.697,4538.739,4539.642,135,508
2022-02-03 00:00:00,4539.64,4546.554,4535.239,4544.251,237,663
2022-02-03 04:00:00,4544.243,4551.099,4540.245,4550.751,221,657
2022-02-03 08:00:00,4550.733,4552.552,4528.733,4538.048,240,663
2022-02-03 12:00:00,4538.046,4549.299,4513.833,4532.848,240,664
2022-02-03 16:00:00,4533.039,4542.852,4490.345,4495.633,240,471
2022-02-03 20:00:00,4495.533,4531.954,4470.839,4526.645,135,463
2022-02-04 00:00:00,4526.733,4531.499,4510.933,4523.533,240,659
2022-02-04 04:00:00,4523.537,4535.954,4520.448,4523.733,240,664
2022-02-04 08:00:00,4523.748,4530.697,4462.648,4462.699,240,663
2022-02-04 12:00:00,4463.145,4499.599,4446.936,4459.742,240,665
2022-02-04 16:00:00,4460.048,4524.099,4451.254,4523.551,240,480
2022-02-04 20:00:00,4523.654,4540.942,4490.133,4495.451,75,473
2022-02-07 00:00:00,4507.051,4507.499,4479.948,4491.136,240,666
2022-02-07 04:00:00,4491.137,4512.952,4490.945,4507.145,240,689
2022-02-07 08:00:00,4507.431,4509.499,4481.139,4495.233,240,663
2022-02-07 12:00:00,4495.699,4521.448,4494.733,4510.551,240,678
2022-02-07 16:00:00,4510.799,4517.797,4480.554,4512.242,240,475
2022-02-07 20:00:00,4512.033,4523.097,4471.536,4495.054,135,466
2022-02-08 00:00:00,4495.04,4497.139,4480.936,4486.551,240,669
2022-02-08 04:00:00,4486.636,4493.197,4479.642,4483.445,237,673
2022-02-08 08:00:00,4484.042,4504.145,4475.436,4479.199,240,665
2022-02-08 12:00:00,4479.042,4495.354,4465.254,4491.536,240,670
2022-02-08 16:00:00,4491.849,4525.097,4491.048,4499.554,240,455
2022-02-08 20:00:00,4499.833,4533.945,4493.548,4532.439,135,469
2022-02-09 00:00:00,4532.451,4536.999,4525.239,4535.942,238,671
2022-02-09 04:00:00,4536.199,4544.299,4528.754,4532.933,238,660
2022-02-09 08:00:00,4533.142,4556.299,4530.145,4554.999,240,664
2022-02-09 12:00:00,4555.245,4580.499,4553.799,4580.133,240,665
2022-02-09 16:00:00,4580.131,4588.199,4566.148,4578.999,240,467
2022-02-09 20:00:00,4578.939,4590.399,4569.939,4586.236,135,471
2022-02-10 00:00:00,4586.348,4587.099,4570.351,4574.839,237,691
2022-02-10 04:00:00,4574.843,4584.097,4573.545,4584.051,233,692
2022-02-10 08:00:00,4584.034,4586.897,4571.033,4577.351,240,663
2022-02-10 12:00:00,4577.352,4590.099,4519.348,4566.948,239,684
2022-02-10 16:00:00,4567.045,4577.199,4506.445,4510.454,240,464
2022-02-10 20:00:00,4510.452,4523.397,4483.949,4492.048,135,419
2022-02-11 00:00:00,4491.342,4495.099,4480.042,4486.533,240,636
2022-02-11 04:00:00,4486.899,4487.099,4462.033,4483.851,240,638
2022-02-11 08:00:00,4483.843,4497.099,4474.833,4480.848,240,621
2022-02-11 12:00:00,4480.945,4527.639,4480.839,4501.054,240,614
2022-02-11 16:00:00,4501.034,4512.299,4405.045,4419.739,240,415
2022-02-11 20:00:00,4420.148,4438.299,4400.233,4419.745,75,418
2022-02-14 00:00:00,4423.648,4429.651,4411.642,4428.654,240,704
2022-02-14 04:00:00,4428.539,4434.154,4412.636,4426.639,240,700
2022-02-14 08:00:00,4426.133,4427.642,4360.639,4384.051,240,702
2022-02-14 12:00:00,4384.345,4426.354,4374.139,4388.745,240,617
2022-02-14 16:00:00,4388.942,4426.939,4364.139,4391.648,240,422
2022-02-14 20:00:00,4391.939,4412.954,4379.142,4410.045,135,416
2022-02-15 00:00:00,4410.545,4417.299,4396.536,4406.299,240,624
2022-02-15 04:00:00,4406.599,4407.599,4388.736,4396.299,240,618
2022-02-15 08:00:00,4396.243,4471.048,4392.036,4464.942,240,610
2022-02-15 12:00:00,4464.943,4474.746,4445.554,4465.136,240,633
2022-02-15 16:00:00,4465.399,4469.851,4441.845,4463.339,240,414
2022-02-15 20:00:00,4463.651,4472.354,4448.136,4458.054,135,421
2022-02-16 00:00:00,4458.04,4460.799,4455.233,4457.554,238,626
2022-02-16 04:00:00,4457.534,4468.099,4456.233,4464.245,231,626
2022-02-16 08:00:00,4464.536,4488.099,4455.242,4466.099,240,624
2022-02-16 12:00:00,4466.043,4469.539,4431.336,4439.751,240,621
2022-02-16 16:00:00,4440.099,4482.099,4429.242,4475.751,240,425
2022-02-16 20:00:00,4476.042,4489.854,4465.233,4466.439,135,418
2022-02-17 00:00:00,4466.443,4472.945,4454.933,4454.939,240,674
2022-02-17 04:00:00,4454.151,4465.251,4441.248,4463.699,240,633
2022-02-17 08:00:00,4463.648,4472.754,4442.154,4452.948,239,652
2022-02-17 12:00:00,4452.999,4468.999,4406.551,4417.445,240,662
2022-02-17 16:00:00,4417.497,4429.599,4391.033,4391.851,240,464
2022-02-17 20:00:00,4392.099,4394.345,4372.239,4382.933,135,471
2022-02-18 00:00:00,4382.739,4412.254,4372.836,4408.251,240,664
2022-02-18 04:00:00,4408.451,4415.799,4398.633,4401.948,240,691
2022-02-18 08:00:00,4402.239,4411.499,4391.733,4396.736,240,664
2022-02-18 12:00:00,4396.954,4403.945,4359.836,4362.354,240,664
2022-02-18 16:00:00,4362.539,4378.933,4326.236,4374.754,240,497
2022-02-18 20:00:00,4375.254,4382.248,4336.245,4354.942,75,456
2022-02-21 00:00:00,4327.435,4378.939,4318.935,4366.039,240,617
2022-02-21 04:00:00,4366.048,4396.189,4363.93,4386.651,240,608
2022-02-21 08:00:00,4386.697,4387.248,4329.533,4339.639,240,632
2022-02-21 12:00:00,4339.699,4339.751,4304.645,4318.742,240,666
2022-02-21 16:00:00,4318.539,4318.554,4290.599,4292.154,119,473
2022-02-21 20:00:00,4272.133,4281.954,4255.154,4276.942,60,663
2022-02-22 00:00:00,4277.145,4293.154,4266.433,4271.699,240,664
2022-02-22 04:00:00,4271.948,4293.999,4267.039,4267.039,240,664
2022-02-22 08:00:00,4267.148,4355.454,4265.145,4339.636,240,666
2022-02-22 12:00:00,4339.936,4363.799,4313.533,4325.245,240,668
2022-02-22 16:00:00,4325.551,4331.799,4265.936,4316.648,242,462
2022-02-22 20:00:00,4316.739,4336.048,4288.233,4328.548,135,467
2022-02-23 00:00:00,4328.748,4329.651,4314.433,4324.754,238,674
2022-02-23 04:00:00,4324.999,4331.648,4316.154,4327.436,239,673
2022-02-23 08:00:00,4327.648,4349.699,4319.633,4320.648,240,660
2022-02-23 12:00:00,4320.951,4341.499,4284.839,4289.354,240,671
2022-02-23 16:00:00,4289.339,4310.342,4237.833,4243.448,240,505
2022-02-23 20:00:00,4243.499,4246.536,4213.733,4222.948,135,460
2022-02-24 00:00:00,4222.942,4227.236,4121.233,4130.699,240,668
2022-02-24 04:00:00,4130.954,4154.551,4106.536,4123.633,240,722
2022-02-24 08:00:00,4124.151,4168.233,4115.033,4140.042,240,665
2022-02-24 12:00:00,4140.454,4188.151,4107.948,4178.248,240,621
2022-02-24 16:00:00,4178.648,4245.199,4160.634,4241.033,240,425
2022-02-24 20:00:00,4241.142,4295.348,4236.842,4265.799,135,481
2022-02-25 00:00:00,4265.831,4283.199,4256.133,4271.133,240,672
2022-02-25 04:00:00,4271.036,4277.154,4249.533,4258.348,240,670
2022-02-25 08:00:00,4258.645,4272.699,4232.351,4259.648,240,658
2022-02-25 12:00:00,4259.046,4347.451,4257.136,4340.439,241,663
2022-02-25 16:00:00,4339.954,4385.248,4331.936,4368.742,240,468
2022-02-25 20:00:00,4368.745,4387.899,4358.951,4383.851,75,471
2022-02-28 00:00:00,4289.042,4318.354,4263.339,4270.699,240,665
2022-02-28 04:00:00,4270.854,4324.848,4270.651,4317.136,240,665
2022-02-28 08:00:00,4316.354,4336.154,4296.333,4321.742,240,659
2022-02-28 12:00:00,4321.133,4369.948,4311.648,4366.736,240,663
2022-02-28 16:00:00,4366.743,4389.648,4314.433,4336.445,240,471
2022-02-28 20:00:00,4336.133,4386.139,4323.251,4381.633,135,478
2022-03-01 00:00:00,4381.845,4384.748,4363.636,4369.633,240,681
2022-03-01 04:00:00,4369.845,4402.699,4365.336,4391.351,240,693
2022-03-01 08:00:00,4391.139,4400.854,4326.836,4334.145,240,659
2022-03-01 12:00:00,4334.133,4378.751,4329.933,4333.336,240,662
2022-03-01 16:00:00,4333.251,4347.754,4285.442,4303.742,236,466
2022-03-01 20:00:00,4303.743,4329.242,4278.939,4320.899,135,476
2022-03-02 00:00:00,4321.251,4326.633,4305.136,4317.639,240,668
2022-03-02 04:00:00,4317.633,4329.339,4282.142,4297.836,240,681
2022-03-02 08:00:00,4298.839,4346.333,4289.145,4336.699,240,669
2022-03-02 12:00:00,4336.348,4362.699,4310.333,4351.399,240,677
2022-03-02 16:00:00,4350.842,4401.136,4342.645,4386.348,240,474
2022-03-02 20:00:00,4385.842,4402.336,4373.239,4377.636,135,466
2022-03-03 00:00:00,4378.236,4388.745,4373.033,4386.039,240,666
2022-03-03 04:00:00,4386.139,4395.254,4378.751,4382.742,240,681
2022-03-03 08:00:00,4383.245,4394.299,4370.139,4373.742,240,673
2022-03-03 12:00:00,4374.254,4421.299,4354.342,4354.342,240,664
2022-03-03 16:00:00,4354.639,4398.539,4343.833,4368.354,240,467
2022-03-03 20:00:00,4368.154,4376.299,4344.839,4374.448,135,502
2022-03-04 00:00:00,4374.254,4377.042,4286.739,4321.045,240,718
2022-03-04 04:00:00,4320.939,4355.799,4317.933,4348.033,240,721
2022-03-04 08:00:00,4348.139,4363.799,4318.551,4326.548,240,716
2022-03-04 12:00:00,4326.445,4347.551,4289.533,4290.554,240,672
2022-03-04 16:00:00,4291.033,4339.845,4284.533,4299.036,240,469
2022-03-04 20:00:00,4298.742,4332.448,4298.336,4323.236,75,473
2022-03-07 00:00:00,4272.151,4278.333,4255.639,4269.799,240,664
2022-03-07 04:00:00,4269.951,4295.799,4255.436,4259.145,240,664
2022-03-07 08:00:00,4259.654,4278.799,4240.942,4277.354,240,667
2022-03-07 12:00:00,4277.251,4327.999,4255.745,4260.842,240,660
2022-03-07 16:00:00,4260.645,4277.351,4218.333,4222.645,240,473
2022-03-07 20:00:00,4223.033,4225.851,4183.733,4188.299,135,461
2022-03-08 00:00:00,4188.551,4218.099,4188.039,4199.199,240,626
2022-03-08 04:00:00,4199.14,4199.599,4141.051,4160.551,240,644
2022-03-08 08:00:00,4160.542,4222.099,4159.136,4221.751,240,620
2022-03-08 12:00:00,4221.797,4235.599,4158.899,4198.645,240,619
2022-03-08 16:00:00,4198.634,4277.199,4156.639,4219.648,240,420
2022-03-08 20:00:00,4219.748,4240.199,4153.654,4171.033,135,420
2022-03-09 00:00:00,4171.046,4195.297,4166.442,4170.699,240,630
2022-03-09 04:00:00,4170.74,4218.248,4170.539,4217.751,240,626
2022-03-09 08:00:00,4217.133,4248.799,4199.142,4232.951,240,620
2022-03-09 12:00:00,4232.946,4274.137,4228.645,4270.639,240,623
2022-03-09 16:00:00,4270.634,4292.242,4251.833,4277.833,240,419
2022-03-09 20:00:00,4278.248,4299.843,4270.899,4277.748,135,419
2022-03-10 00:00:00,4277.939,4283.299,4266.642,4275.945,240,623
2022-03-10 04:00:00,4276.299,4277.799,4266.433,4271.445,240,617
2022-03-10 08:00:00,4271.442,4276.145,4232.142,4236.499,240,622
2022-03-10 12:00:00,4236.954,4256.451,4220.348,4222.633,240,625
2022-03-10 16:00:00,4222.646,4266.148,4209.333,4261.699,240,416
2022-03-10 20:00:00,4262.099,4271.597,4245.842,4266.539,135,416
2022-03-11 00:00:00,4266.942,4267.297,4234.154,4243.545,240,641
2022-03-11 04:00:00,4243.633,4282.097,4237.045,4265.04,240,646
2022-03-11 08:00:00,4265.054,4337.699,4247.251,4318.733,240,624
2022-03-11 12:00:00,4318.737,4321.242,4253.448,4273.933,240,622
2022-03-11 16:00:00,4273.945,4274.497,4230.151,4235.039,240,423
2022-03-11 20:00:00,4235.048,4235.854,4199.442,4206.842,75,415
2022-03-14 00:00:00,4232.649,4239.948,4209.633,4219.648,240,638
2022-03-14 04:00:00,4219.745,4243.699,4219.633,4230.554,240,629
2022-03-14 08:00:00,4230.554,4253.654,4209.742,4211.136,238,640
2022-03-14 12:00:00,4210.936,4248.454,4194.636,4207.648,240,623
2022-03-14 16:00:00,4207.64,4207.64,4160.948,4173.64,240,417
2022-03-14 20:00:00,4173.436,4188.097,4171.336,4181.551,134,605
2022-03-15 00:00:00,4181.534,4191.342,4167.833,4182.533,240,625
2022-03-15 04:00:00,4182.754,4183.899,4144.536,4158.948,239,622
2022-03-15 08:00:00,4159.045,4187.049,4138.033,4176.339,240,623
2022-03-15 12:00:00,4176.331,4245.299,4172.748,4228.142,240,626
2022-03-15 16:00:00,4228.143,4270.799,4216.045,4264.099,240,417
2022-03-15 20:00:00,4264.046,4265.643,4253.436,4256.145,135,618
2022-03-16 00:00:00,4256.143,4260.648,4247.142,4255.436,240,632
2022-03-16 04:00:00,4255.999,4296.152,4253.651,4295.536,240,630
2022-03-16 08:00:00,4295.546,4321.945,4292.051,4317.451,240,622
2022-03-16 12:00:00,4317.651,4347.245,4297.942,4334.054,240,624
2022-03-16 16:00:00,4334.136,4360.133,4250.936,4359.642,240,415
2022-03-16 20:00:00,4360.042,4367.648,4353.033,4365.254,135,604
2022-03-17 00:00:00,4365.237,4368.152,4343.342,4350.051,240,628
2022-03-17 04:00:00,4350.139,4371.633,4345.642,4362.239,240,628
2022-03-17 08:00:00,4362.333,4364.397,4328.833,4344.745,240,624
2022-03-17 12:00:00,4344.639,4371.954,4333.839,4364.633,240,646
2022-03-17 16:00:00,4364.939,4413.654,4360.942,4413.131,240,428
2022-03-17 20:00:00,4414.551,4415.548,4385.539,4388.599,135,623
2022-03-18 00:00:00,4389.039,4396.751,4377.045,4381.599,240,624
2022-03-18 04:00:00,4381.549,4403.036,4380.033,4397.233,238,640
2022-03-18 08:00:00,4397.251,4398.849,4373.548,4377.345,240,629
2022-03-18 12:00:00,4377.039,4426.633,4376.533,4417.139,240,618
2022-03-18 16:00:00,4417.142,4466.297,4412.736,4461.948,240,525
2022-03-18 20:00:00,4461.997,4467.697,4460.131,4465.848,15,708
2022-03-21 00:00:00,4461.149,4462.148,4448.937,4452.151,239,765
2022-03-21 04:00:00,4452.152,4453.454,4439.937,4449.039,237,751
2022-03-21 08:00:00,4449.04,4468.433,4447.937,4463.139,240,702
2022-03-21 12:00:00,4463.137,4482.054,4444.751,4472.248,240,706
2022-03-21 16:00:00,4472.243,4476.048,4424.233,4460.954,240,506
2022-03-21 20:00:00,4460.654,4464.933,4453.354,4453.354,130,719
2022-03-22 00:00:00,4453.34,4455.097,4441.037,4449.943,240,696
2022-03-22 04:00:00,4450.033,4463.399,4444.046,4462.936,240,700
2022-03-22 08:00:00,4462.934,4480.345,4461.533,4471.848,240,709
2022-03-22 12:00:00,4471.846,4513.654,4466.599,4503.948,240,706
2022-03-22 16:00:00,4503.934,4522.443,4494.636,4513.699,240,519
2022-03-22 20:00:00,4513.649,4520.137,4507.133,4517.633,135,665
2022-03-23 00:00:00,4517.652,4521.699,4510.631,4516.342,239,672
2022-03-23 04:00:00,4516.397,4521.397,4510.846,4512.636,236,699
2022-03-23 08:00:00,4512.697,4513.652,4487.648,4492.342,240,671
2022-03-23 12:00:00,4492.34,4498.146,4472.942,4494.148,240,667
2022-03-23 16:00:00,4494.152,4501.499,4453.642,4453.936,240,467
2022-03-23 20:00:00,4454.349,4461.254,4452.336,4459.539,134,604
2022-03-24 00:00:00,4459.733,4467.254,4453.036,4467.248,238,671
2022-03-24 04:00:00,4467.533,4478.599,4465.745,4469.733,240,675
2022-03-24 08:00:00,4470.051,4488.24,4469.539,4475.736,240,636
2022-03-24 12:00:00,4475.752,4506.548,4463.336,4501.245,240,646
2022-03-24 16:00:00,4501.451,4521.551,4484.739,4521.036,240,454
2022-03-24 20:00:00,4521.251,4525.133,4516.433,4518.136,134,649
2022-03-25 00:00:00,4518.648,4530.939,4511.642,4521.199,240,668
2022-03-25 04:00:00,4521.099,4534.651,4520.433,4526.633,239,673
2022-03-25 08:00:00,4526.636,4539.442,4508.436,4536.951,240,670
2022-03-25 12:00:00,4536.648,4546.299,4500.733,4508.754,239,662
2022-03-25 16:00:00,4509.051,4544.748,4505.739,4543.233,240,471
2022-03-25 20:00:00,4543.242,4543.654,4539.436,4542.451,15,647
2022-03-28 00:00:00,4533.651,4534.448,4525.936,4529.133,240,668
2022-03-28 04:00:00,4528.942,4539.454,4521.139,4535.054,239,706
2022-03-28 08:00:00,4535.046,4555.452,4528.445,4554.245,240,635
2022-03-28 12:00:00,4554.246,4554.948,4519.039,4520.833,240,634
2022-03-28 16:00:00,4520.837,4575.852,4517.039,4575.851,240,467
2022-03-28 20:00:00,4575.936,4578.954,4572.745,4574.742,131,700
2022-03-29 00:00:00,4575.251,4581.454,4572.239,4576.799,235,666
2022-03-29 04:00:00,4576.833,4590.751,4575.939,4585.499,237,669
2022-03-29 08:00:00,4585.399,4604.943,4584.436,4600.939,240,669
2022-03-29 12:00:00,4601.151,4629.333,4589.342,4610.548,240,664
2022-03-29 16:00:00,4610.833,4636.854,4591.039,4633.339,239,418
2022-03-29 20:00:00,4633.34,4633.34,4622.236,4627.433,135,646
2022-03-30 00:00:00,4627.431,4633.299,4622.245,4624.233,239,659
2022-03-30 04:00:00,4624.448,4633.251,4616.245,4620.745,238,654
2022-03-30 08:00:00,4620.454,4622.749,4610.742,4620.745,240,684
2022-03-30 12:00:00,4620.436,4628.397,4601.933,4612.451,240,658
2022-03-30 16:00:00,4612.497,4616.754,4579.954,4603.254,240,464
2022-03-30 20:00:00,4603.236,4607.199,4601.336,4603.848,115,669
2022-03-31 00:00:00,4604.136,4619.399,4603.336,4611.142,236,674
2022-03-31 04:00:00,4611.143,4617.651,4605.336,4611.839,238,663
2022-03-31 08:00:00,4611.849,4611.849,4595.836,4603.136,240,662
2022-03-31 12:00:00,4603.146,4608.045,4580.439,4594.248,240,673
2022-03-31 16:00:00,4594.237,4595.999,4531.733,4533.251,240,460
2022-03-31 20:00:00,4533.252,4550.343,4532.833,4547.636,130,659
2022-04-01 00:00:00,4547.751,4554.346,4541.836,4551.648,233,670
2022-04-01 04:00:00,4551.833,4556.399,4543.399,4552.333,232,659
2022-04-01 08:00:00,4552.343,4560.651,4549.636,4556.636,237,669
2022-04-01 12:00:00,4556.646,4559.197,4516.454,4518.742,240,665
2022-04-01 16:00:00,4518.433,4547.252,4506.736,4544.336,240,466
2022-04-01 20:00:00,4543.999,4545.699,4537.148,4537.345,15,640
2022-04-04 00:00:00,4536.342,4545.351,4533.154,4544.699,232,665
2022-04-04 04:00:00,4544.649,4556.354,4535.336,4540.051,228,684
2022-04-04 08:00:00,4540.031,4556.199,4536.136,4554.136,239,692
2022-04-04 12:00:00,4554.242,4573.399,4538.239,4571.354,240,655
2022-04-04 16:00:00,4571.599,4584.542,4562.848,4584.334,240,459
2022-04-04 20:00:00,4584.039,4585.499,4578.645,4578.645,118,648
2022-04-05 00:00:00,4578.833,4579.699,4575.836,4577.636,218,692
2022-04-05 04:00:00,4577.745,4590.899,4576.842,4587.736,217,672
2022-04-05 08:00:00,4587.899,4589.645,4568.333,4575.642,240,664
2022-04-05 12:00:00,4575.839,4593.799,4550.0,4550.0,240,653
2022-04-05 16:00:00,4550.299,4561.748,4513.442,4526.233,240,460
2022-04-05 20:00:00,4526.639,4531.649,4526.342,4528.354,125,641
2022-04-06 00:00:00,4528.349,4531.143,4516.133,4519.836,240,653
2022-04-06 04:00:00,4520.148,4533.399,4505.639,4506.845,236,677
2022-04-06 08:00:00,4506.843,4511.399,4479.836,4481.336,240,661
2022-04-06 12:00:00,4481.651,4490.748,4459.933,4473.548,240,658
2022-04-06 16:00:00,4473.354,4504.142,4449.345,4480.651,242,464
2022-04-06 20:00:00,4480.345,4482.048,4464.733,4466.054,133,691
2022-04-07 00:00:00,4465.799,4475.599,4460.733,4461.245,239,667
2022-04-07 04:00:00,4461.099,4488.599,4458.254,4477.251,238,671
2022-04-07 08:00:00,4477.433,4501.051,4475.039,4487.248,240,678
2022-04-07 12:00:00,4487.539,4490.851,4453.545,4458.048,240,671
2022-04-07 16:00:00,4457.948,4522.054,4450.299,4504.037,240,423
2022-04-07 20:00:00,4503.551,4508.997,4500.539,4507.449,129,728
2022-04-08 00:00:00,4506.951,4508.499,4497.431,4501.448,240,654
2022-04-08 04:00:00,4501.446,4521.139,4497.631,4520.439,238,661
2022-04-08 08:00:00,4520.697,4525.451,4506.136,4516.948,240,630
2022-04-08 12:00:00,4516.636,4517.654,4474.545,4510.336,240,624
2022-04-08 16:00:00,4510.331,4521.154,4482.136,4491.899,240,494
2022-04-08 20:00:00,4491.831,4495.597,4489.546,4489.546,15,695
2022-04-11 00:00:00,4480.539,4484.545,4455.233,4461.042,239,703
2022-04-11 04:00:00,4461.251,4486.999,4455.245,4478.045,240,635
2022-04-11 08:00:00,4478.251,4480.599,4455.748,4460.048,240,625
2022-04-11 12:00:00,4460.04,4464.754,4430.336,4435.854,240,632
2022-04-11 16:00:00,4435.849,4444.343,4408.833,4414.645,240,414
2022-04-11 20:00:00,4415.399,4418.999,4408.942,4411.499,133,599
2022-04-12 00:00:00,4410.933,4414.454,4391.942,4392.645,239,630
2022-04-12 04:00:00,4392.742,4403.199,4387.436,4397.045,238,614
2022-04-12 08:00:00,4397.046,4419.997,4395.139,4419.645,240,621
2022-04-12 12:00:00,4419.954,4471.799,4417.436,4451.251,240,606
2022-04-12 16:00:00,4451.545,4451.754,4380.733,4396.742,240,425
2022-04-12 20:00:00,4396.746,4410.745,4392.951,4410.739,132,611
2022-04-13 00:00:00,4410.746,4421.045,4408.736,4420.099,240,622
2022-04-13 04:00:00,4420.245,4432.754,4414.033,4421.051,239,623
2022-04-13 08:00:00,4420.799,4430.299,4401.742,4404.099,240,624
2022-04-13 12:00:00,4404.097,4433.339,4388.733,4423.851,240,630
2022-04-13 16:00:00,4423.651,4454.154,4421.133,4447.64,240,429
2022-04-13 20:00:00,4447.142,4447.848,4442.733,4443.239,128,596
2022-04-14 00:00:00,4443.754,4453.245,4443.033,4450.533,237,642
2022-04-14 04:00:00,4450.552,4460.297,4443.036,4447.236,237,640
2022-04-14 08:00:00,4447.237,4450.299,4437.045,4438.754,240,624
2022-04-14 12:00:00,4439.036,4460.399,4418.354,4420.851,240,617
2022-04-14 16:00:00,4420.849,4431.197,4389.848,4392.649,240,409
2022-04-14 20:00:00,4392.151,4393.599,4389.733,4390.036,13,591
2022-04-18 00:00:00,4362.249,4371.799,4360.248,4370.748,236,639
2022-04-18 04:00:00,4370.948,4375.599,4366.245,4370.654,239,642
2022-04-18 08:00:00,4370.646,4386.797,4365.733,4379.054,238,640
2022-04-18 12:00:00,4379.299,4408.399,4375.5,4384.899,240,618
2022-04-18 16:00:00,4384.831,4410.851,4369.333,4393.645,240,408
2022-04-18 20:00:00,4393.697,4415.597,4392.033,4415.299,124,600
2022-04-19 00:00:00,4415.539,4415.539,4397.033,4408.736,240,651
2022-04-19 04:00:00,4409.042,4413.599,4391.248,4402.236,238,635
2022-04-19 08:00:00,4402.448,4409.251,4376.542,4394.036,240,623
2022-04-19 12:00:00,4394.254,4456.352,4381.733,4450.848,240,645
2022-04-19 16:00:00,4451.148,4471.652,4437.837,4463.399,240,404
2022-04-19 20:00:00,4463.648,4464.746,4438.233,4448.042,135,598
2022-04-20 00:00:00,4448.031,4450.942,4437.739,4450.054,240,629
2022-04-20 04:00:00,4450.245,4452.597,4438.239,4445.946,240,612
2022-04-20 08:00:00,4445.736,4482.799,4440.036,4482.297,240,639
2022-04-20 12:00:00,4482.154,4488.899,4457.646,4473.836,240,605
2022-04-20 16:00:00,4473.852,4485.697,4448.336,4460.642,240,409
2022-04-20 20:00:00,4460.354,4478.299,4459.048,4475.748,132,661
2022-04-21 00:00:00,4475.748,4483.639,4474.251,4475.733,238,683
2022-04-21 04:00:00,4476.039,4495.654,4473.033,4493.754,237,660
2022-04-21 08:00:00,4493.548,4501.754,4489.036,4500.436,240,670
2022-04-21 12:00:00,4500.236,4513.654,4459.633,4459.936,240,682
2022-04-21 16:00:00,4459.934,4463.499,4384.134,4392.142,240,470
2022-04-21 20:00:00,4392.499,4394.354,4380.339,4381.842,134,647
2022-04-22 00:00:00,4382.048,4388.099,4366.233,4378.842,238,691
2022-04-22 04:00:00,4378.551,4397.054,4375.839,4392.399,239,669
2022-04-22 08:00:00,4392.299,4396.099,4373.539,4390.099,240,681
2022-04-22 12:00:00,4389.854,4395.239,4315.945,4316.036,240,680
2022-04-22 16:00:00,4315.748,4331.245,4267.533,4273.736,240,457
2022-04-22 20:00:00,4274.054,4275.199,4256.648,4259.433,15,648
2022-04-25 00:00:00,4262.642,4265.999,4234.948,4250.445,240,667
2022-04-25 04:00:00,4250.254,4256.154,4223.439,4235.945,240,669
2022-04-25 08:00:00,4235.448,4248.654,4223.454,4239.048,240,668
2022-04-25 12:00:00,4239.036,4258.954,4199.436,4208.654,240,666
2022-04-25 16:00:00,4208.699,4298.699,4202.836,4297.434,240,473
2022-04-25 20:00:00,4297.454,4300.399,4292.333,4294.548,133,659
2022-04-26 00:00:00,4294.336,4307.542,4291.548,4306.042,236,672
2022-04-26 04:00:00,4306.399,4306.899,4271.836,4276.954,233,671
2022-04-26 08:00:00,4276.551,4292.336,4274.851,4282.539,240,670
2022-04-26 12:00:00,4282.833,4283.599,4206.342,4206.639,240,677
2022-04-26 16:00:00,4206.848,4235.154,4172.636,4173.151,240,461
2022-04-26 20:00:00,4173.639,4182.499,4150.551,4178.639,135,656
2022-04-27 00:00:00,4178.651,4199.799,4169.039,4196.748,240,667
2022-04-27 04:00:00,4196.636,4214.299,4169.242,4212.554,240,667
2022-04-27 08:00:00,4212.248,4222.299,4186.636,4191.936,240,671
2022-04-27 12:00:00,4191.945,4232.345,4162.336,4209.339,240,665
2022-04-27 16:00:00,4209.451,4241.654,4177.839,4184.854,240,477
2022-04-27 20:00:00,4184.946,4222.099,4180.833,4218.151,135,661
2022-04-28 00:00:00,4217.836,4219.648,4205.839,4214.839,240,668
2022-04-28 04:00:00,4214.739,4252.854,4213.133,4243.636,240,666
2022-04-28 08:00:00,4243.533,4264.199,4239.633,4243.642,240,660
2022-04-28 12:00:00,4243.345,4245.842,4187.936,4217.299,240,671
2022-04-28 16:00:00,4217.448,4308.748,4212.251,4290.299,240,460
2022-04-28 20:00:00,4289.999,4291.899,4240.736,4250.548,135,661
2022-04-29 00:00:00,4250.854,4277.399,4250.339,4271.042,239,651
2022-04-29 04:00:00,4270.939,4284.554,4263.839,4273.054,240,680
2022-04-29 08:00:00,4273.536,4277.848,4241.042,4245.054,240,655
2022-04-29 12:00:00,4244.951,4270.445,4207.936,4216.436,240,671
2022-04-29 16:00:00,4216.151,4217.445,4123.945,4133.139,240,476
2022-05-02 00:00:00,4136.854,4157.554,4125.036,4153.939,240,666
2022-05-02 04:00:00,4154.054,4163.354,4129.551,4139.333,240,663
2022-05-02 08:00:00,4138.899,4157.399,4116.336,4118.436,240,667
2022-05-02 12:00:00,4118.599,4170.348,4103.848,4129.154,241,654
2022-05-02 16:00:00,4128.933,4158.351,4061.633,4157.933,240,472
2022-05-02 20:00:00,4157.934,4161.551,4147.333,4153.854,133,655
2022-05-03 00:00:00,4153.342,4181.342,4151.539,4170.536,240,665
2022-05-03 04:00:00,4170.742,4175.299,4150.533,4167.842,239,691
2022-05-03 08:00:00,4167.942,4178.048,4134.433,4150.551,240,671
2022-05-03 12:00:00,4150.345,4200.842,4144.954,4190.354,240,651
2022-05-03 16:00:00,4190.233,4198.854,4152.345,4175.354,240,481
2022-05-03 20:00:00,4175.554,4187.448,4173.245,4181.251,129,659
2022-05-04 00:00:00,4181.048,4189.099,4174.936,4177.254,240,664
2022-05-04 04:00:00,4177.199,4187.799,4173.033,4183.548,237,658
2022-05-04 08:00:00,4183.754,4196.033,4180.733,4190.248,240,661
2022-05-04 12:00:00,4190.542,4193.299,4148.139,4163.342,240,656
2022-05-04 16:00:00,4162.842,4308.199,4152.131,4301.851,261,460
2022-05-04 20:00:00,4301.699,4302.039,4290.133,4292.354,134,736
2022-05-05 00:00:00,4292.651,4301.845,4291.036,4296.645,239,706
2022-05-05 04:00:00,4296.354,4305.399,4272.833,4281.336,232,711
2022-05-05 08:00:00,4281.151,4283.348,4264.842,4272.345,240,713
2022-05-05 12:00:00,4272.248,4278.399,4133.639,4134.048,240,702
2022-05-05 16:00:00,4133.851,4174.648,4105.131,4150.148,241,521
2022-05-05 20:00:00,4150.248,4159.248,4142.133,4152.633,135,707
2022-05-06 00:00:00,4153.199,4154.439,4129.636,4150.542,240,711
2022-05-06 04:00:00,4150.639,4151.999,4117.945,4135.145,240,707
2022-05-06 08:00:00,4135.248,4150.199,4117.442,4128.139,240,702
2022-05-06 12:00:00,4128.133,4158.154,4067.245,4109.051,240,710
2022-05-06 16:00:00,4108.839,4152.899,4083.833,4124.654,240,517
2022-05-06 20:00:00,4124.148,4125.651,4109.454,4110.299,15,716
2022-05-09 00:00:00,4084.945,4087.445,4062.736,4085.133,240,739
2022-05-09 04:00:00,4085.233,4097.999,4073.733,4075.736,240,728
2022-05-09 08:00:00,4075.848,4077.699,4036.233,4055.233,240,711
2022-05-09 12:00:00,4054.742,4073.845,4002.599,4028.551,242,718
2022-05-09 16:00:00,4028.042,4049.899,3975.054,3992.548,240,475
2022-05-09 20:00:00,3992.399,4006.799,3990.436,4004.236,134,656
2022-05-10 00:00:00,4003.945,4014.799,3966.736,4014.736,240,707
2022-05-10 04:00:00,4014.654,4036.799,4011.239,4019.251,237,724
2022-05-10 08:00:00,4019.251,4039.748,4011.239,4020.942,240,707
2022-05-10 12:00:00,4021.236,4070.399,3966.645,3983.199,240,704
2022-05-10 16:00:00,3983.199,4041.351,3957.331,3999.836,240,478
2022-05-10 20:00:00,3999.633,4003.299,3990.448,3995.848,133,713
2022-05-11 00:00:00,3995.554,4018.599,3991.851,4015.533,240,760
2022-05-11 04:00:00,4015.342,4020.899,4004.548,4013.233,239,726
2022-05-11 08:00:00,4013.042,4054.551,4012.339,4047.551,240,690
2022-05-11 12:00:00,4047.439,4049.699,3951.336,4022.642,249,676
2022-05-11 16:00:00,4022.145,4025.839,3928.633,3936.551,240,480
2022-05-11 20:00:00,3936.839,3949.799,3931.533,3946.245,135,657
2022-05-12 00:00:00,3946.599,3957.551,3924.236,3945.451,240,669
2022-05-12 04:00:00,3945.233,3946.654,3904.733,3930.051,240,670
2022-05-12 08:00:00,3929.733,3932.151,3888.536,3892.999,240,660
2022-05-12 12:00:00,3892.542,3965.139,3876.833,3894.348,241,660
2022-05-12 16:00:00,3894.136,3933.642,3858.833,3931.131,240,480
2022-05-12 20:00:00,3931.699,3947.733,3919.548,3945.733,135,596
2022-05-13 00:00:00,3945.734,3976.799,3941.533,3970.554,240,626
2022-05-13 04:00:00,3970.433,3978.599,3954.533,3969.548,240,637
2022-05-13 08:00:00,3969.543,3990.799,3964.748,3989.051,240,615
2022-05-13 12:00:00,3989.254,4025.354,3963.636,4023.348,240,628
2022-05-13 16:00:00,4023.331,4039.699,3979.633,4023.339,240,415
2022-05-13 20:00:00,4023.337,4024.549,4014.242,4015.236,15,609
2022-05-16 00:00:00,4039.031,4039.599,3985.333,3995.354,240,628
2022-05-16 04:00:00,3995.533,4007.851,3985.551,4000.939,240,627
2022-05-16 08:00:00,4001.036,4019.899,4000.733,4012.551,240,623
2022-05-16 12:00:00,4012.845,4029.899,3983.133,4021.536,240,613
2022-05-16 16:00:00,4022.039,4046.746,4000.234,4009.745,240,413
2022-05-16 20:00:00,4009.731,4011.499,4003.451,4011.233,133,604
2022-05-17 00:00:00,4011.748,4027.254,4006.433,4019.736,240,637
2022-05-17 04:00:00,4019.839,4044.751,4019.439,4041.299,240,645
2022-05-17 08:00:00,4041.24,4086.299,4040.999,4066.939,240,620
2022-05-17 12:00:00,4067.245,4074.936,4033.142,4061.739,240,618
2022-05-17 16:00:00,4061.751,4090.899,4042.333,4090.339,240,412
2022-05-17 20:00:00,4090.154,4097.299,4085.533,4087.736,134,591
2022-05-18 00:00:00,4087.945,4091.251,4068.999,4074.954,239,624
2022-05-18 04:00:00,4074.946,4085.297,4066.931,4071.351,240,713
2022-05-18 08:00:00,4071.397,4083.252,4052.74,4053.754,240,675
2022-05-18 12:00:00,4053.749,4063.454,3968.945,3970.645,240,665
2022-05-18 16:00:00,3970.948,3977.654,3912.151,3927.999,240,413
2022-05-18 20:00:00,3928.445,3930.099,3900.642,3900.945,135,611
2022-05-19 00:00:00,3900.939,3935.645,3897.133,3932.551,240,620
2022-05-19 04:00:00,3932.699,3935.445,3875.648,3893.999,240,635
2022-05-19 08:00:00,3894.445,3900.999,3858.851,3895.645,240,617
2022-05-19 12:00:00,3895.954,3938.554,3874.936,3924.145,240,628
2022-05-19 16:00:00,3924.251,3946.139,3888.536,3899.799,240,420
2022-05-19 20:00:00,3899.248,3912.949,3892.199,3910.651,135,590
2022-05-20 00:00:00,3911.145,3932.497,3910.633,3924.939,240,636
2022-05-20 04:00:00,3924.94,3943.499,3917.936,3939.099,240,625
2022-05-20 08:00:00,3939.136,3951.997,3931.999,3945.451,240,629
2022-05-20 12:00:00,3945.437,3947.099,3860.033,3866.748,240,608
2022-05-20 16:00:00,3866.951,3904.299,3810.239,3901.099,240,416
2022-05-20 20:00:00,3901.043,3907.454,3894.133,3899.654,15,600
2022-05-23 00:00:00,3938.034,3944.797,3923.254,3932.548,240,629
2022-05-23 04:00:00,3932.754,3957.049,3931.536,3943.751,240,646
2022-05-23 08:00:00,3943.797,3950.797,3914.036,3939.054,240,618
2022-05-23 12:00:00,3939.051,3975.199,3908.848,3969.354,240,629
2022-05-23 16:00:00,3969.699,3982.399,3945.339,3974.354,240,412
2022-05-23 20:00:00,3974.34,3984.254,3931.299,3949.451,135,613
2022-05-24 00:00:00,3949.497,3951.797,3938.436,3942.848,240,621
2022-05-24 04:00:00,3942.936,3943.754,3911.748,3923.745,238,638
2022-05-24 08:00:00,3923.636,3940.199,3912.939,3930.442,240,639
2022-05-24 12:00:00,3930.733,3940.399,3873.745,3907.0,240,621
2022-05-24 16:00:00,3907.0,3955.952,3891.939,3944.439,240,415
2022-05-24 20:00:00,3944.651,3965.399,3944.243,3960.699,134,603
2022-05-25 00:00:00,3960.643,3970.699,3944.154,3969.045,240,619
2022-05-25 04:00:00,3969.151,3969.754,3950.151,3951.797,240,656
2022-05-25 08:00:00,3951.651,3953.654,3917.839,3925.236,240,623
2022-05-25 12:00:00,3925.252,3978.554,3915.536,3956.099,240,624
2022-05-25 16:00:00,3956.031,3999.049,3930.045,3980.336,240,410
2022-05-25 20:00:00,3980.334,3980.799,3969.748,3970.933,134,601
2022-05-26 00:00:00,3970.448,3994.748,3965.348,3976.754,240,631
2022-05-26 04:00:00,3976.951,3993.949,3961.933,3993.736,240,649
2022-05-26 08:00:00,3993.945,4010.799,3970.0,4003.245,240,617
2022-05-26 12:00:00,4003.231,4053.542,3987.339,4048.333,240,621
2022-05-26 16:00:00,4048.033,4074.597,4046.551,4057.054,240,408
2022-05-26 20:00:00,4057.04,4059.797,4047.948,4057.539,135,622
2022-05-27 00:00:00,4057.543,4060.248,4042.151,4048.939,240,622
2022-05-27 04:00:00,4049.054,4060.097,4045.999,4054.236,240,629
2022-05-27 08:00:00,4054.252,4077.299,4052.233,4058.242,240,630
2022-05-27 12:00:00,4058.599,4131.199,4057.033,4129.848,240,617
2022-05-27 16:00:00,4130.133,4158.843,4122.833,4158.642,240,420
2022-05-27 20:00:00,4158.351,4163.597,4155.033,4162.045,15,594
2022-05-30 00:00:00,4169.231,4180.449,4164.542,4175.245,239,624
2022-05-30 04:00:00,4175.249,4199.099,4173.745,4196.533,240,621
2022-05-30 08:00:00,4196.733,4203.754,4183.539,4185.433,240,635
2022-05-30 12:00:00,4185.434,4186.248,4168.131,4180.842,240,714
2022-05-30 16:00:00,4180.831,4188.042,4177.136,4177.836,58,437
2022-05-30 20:00:00,4178.748,4181.599,4163.036,4179.239,120,637
2022-05-31 00:00:00,4179.533,4180.797,4149.742,4166.251,240,626
2022-05-31 04:00:00,4166.234,4171.097,4136.233,4141.648,240,629
2022-05-31 08:00:00,4141.743,4167.052,4123.548,4139.036,240,617
2022-05-31 12:00:00,4139.154,4153.149,4104.636,4150.439,240,634
2022-05-31 16:00:00,4150.434,4169.142,4124.936,4130.449,240,410
2022-05-31 20:00:00,4130.999,4150.054,4124.854,4149.245,135,607
2022-06-01 00:00:00,4149.599,4157.799,4143.743,4147.236,239,626
2022-06-01 04:00:00,4147.237,4152.245,4131.239,4141.539,240,721
2022-06-01 08:00:00,4141.651,4145.599,4127.151,4145.539,240,634
2022-06-01 12:00:00,4146.033,4166.199,4077.137,4079.839,240,608
2022-06-01 16:00:00,4079.852,4128.897,4073.199,4099.343,240,412
2022-06-01 20:00:00,4099.899,4103.254,4086.199,4087.999,135,616
2022-06-02 00:00:00,4088.136,4108.448,4084.136,4100.048,240,627
2022-06-02 04:00:00,4099.942,4116.254,4093.136,4110.142,240,621
2022-06-02 08:00:00,4110.633,4124.999,4106.633,4121.199,240,613
2022-06-02 12:00:00,4121.197,4136.952,4073.031,4126.433,240,623
2022-06-02 16:00:00,4126.449,4177.497,4124.133,4176.936,240,424
2022-06-02 20:00:00,4176.997,4189.899,4170.331,4182.845,135,650
2022-06-03 00:00:00,4182.837,4185.099,4176.033,4177.054,239,665
2022-06-03 04:00:00,4177.031,4183.852,4165.536,4165.536,234,712
2022-06-03 08:00:00,4165.833,4170.551,4141.333,4142.749,240,606
2022-06-03 12:00:00,4142.545,4162.599,4097.945,4107.339,240,628
2022-06-03 16:00:00,4107.334,4135.499,4099.951,4108.642,240,423
2022-06-03 20:00:00,4108.643,4114.554,4104.533,4113.848,15,632
2022-06-06 00:00:00,4109.736,4130.352,4105.539,4128.042,236,621
2022-06-06 04:00:00,4128.037,4148.599,4125.833,4148.342,239,635
2022-06-06 08:00:00,4148.349,4157.399,4145.333,4153.839,240,619
2022-06-06 12:00:00,4154.039,4169.154,4130.651,4140.439,240,615
2022-06-06 16:00:00,4140.431,4140.999,4108.451,4120.639,240,416
2022-06-06 20:00:00,4120.336,4124.851,4115.545,4122.099,131,599
2022-06-07 00:00:00,4122.236,4122.539,4093.545,4102.533,240,619
2022-06-07 04:00:00,4102.531,4109.551,4086.845,4104.836,240,626
2022-06-07 08:00:00,4105.033,4111.599,4078.839,4088.854,240,636
2022-06-07 12:00:00,4089.339,4138.999,4076.845,4120.445,240,653
2022-06-07 16:00:00,4120.945,4164.954,4109.248,4159.749,240,413
2022-06-07 20:00:00,4159.948,4159.952,4146.597,4147.551,133,709
2022-06-08 00:00:00,4147.236,4158.751,4142.234,4144.099,240,703
2022-06-08 04:00:00,4144.043,4152.299,4135.731,4140.736,240,704
2022-06-08 08:00:00,4140.74,4153.946,4137.133,4146.654,240,703
2022-06-08 12:00:00,4146.631,4160.345,4128.833,4150.833,240,713
2022-06-08 16:00:00,4150.533,4156.554,4106.339,4115.399,240,459
2022-06-08 20:00:00,4115.599,4120.354,4112.239,4118.848,129,650
2022-06-09 00:00:00,4118.951,4122.036,4102.039,4112.599,239,658
2022-06-09 04:00:00,4112.836,4118.354,4103.033,4115.551,239,679
2022-06-09 08:00:00,4115.348,4144.099,4108.839,4125.542,240,679
2022-06-09 12:00:00,4125.442,4125.599,4083.133,4096.554,240,660
2022-06-09 16:00:00,4096.848,4111.399,4016.151,4016.339,240,463
2022-06-09 20:00:00,4016.245,4026.948,4016.233,4022.933,127,649
2022-06-10 00:00:00,4023.451,4030.454,4015.139,4025.651,240,658
2022-06-10 04:00:00,4025.599,4029.999,4009.136,4010.936,232,665
2022-06-10 08:00:00,4010.654,4025.699,4007.433,4014.142,240,657
2022-06-10 12:00:00,4014.454,4024.442,3900.139,3912.054,242,658
2022-06-10 16:00:00,3912.136,3944.151,3899.045,3899.836,240,463
2022-06-10 20:00:00,3899.651,3910.239,3897.033,3909.599,15,656
2022-06-13 00:00:00,3863.799,3864.799,3834.533,3850.239,240,672
2022-06-13 04:00:00,3850.633,3855.748,3818.236,3820.739,240,665
2022-06-13 08:00:00,3821.036,3822.099,3799.045,3803.148,240,674
2022-06-13 12:00:00,3803.354,3820.499,3749.933,3783.648,240,649
2022-06-13 16:00:00,3783.436,3814.939,3734.933,3752.445,240,474
2022-06-13 20:00:00,3751.936,3767.799,3744.033,3761.245,135,598
2022-06-14 00:00:00,3761.246,3780.151,3757.845,3778.248,240,619
2022-06-14 04:00:00,3778.345,3805.752,3778.336,3793.754,240,611
2022-06-14 08:00:00,3793.248,3795.997,3754.948,3755.654,240,615
2022-06-14 12:00:00,3755.74,3785.439,3731.848,3750.836,240,607
2022-06-14 16:00:00,3751.054,3765.839,3707.033,3739.548,240,412
2022-06-14 20:00:00,3739.54,3761.354,3731.751,3758.139,135,632
2022-06-15 00:00:00,3758.134,3762.154,3747.645,3751.342,240,624
2022-06-15 04:00:00,3751.545,3760.754,3737.851,3759.739,240,655
2022-06-15 08:00:00,3759.797,3776.354,3750.339,3774.899,240,629
2022-06-15 12:00:00,3775.154,3795.999,3761.742,3773.539,240,622
2022-06-15 16:00:00,3773.848,3839.097,3720.346,3790.349,240,423
2022-06-15 20:00:00,3790.745,3817.199,3785.899,3816.939,135,594
2022-06-16 00:00:00,3816.949,3829.154,3803.136,3805.651,240,638
2022-06-16 04:00:00,3805.649,3807.854,3708.431,3717.654,240,625
2022-06-16 08:00:00,3717.697,3728.637,3693.054,3705.449,240,729
2022-06-16 12:00:00,3705.536,3729.145,3655.531,3676.539,240,706
2022-06-16 16:00:00,3676.543,3687.351,3638.534,3670.245,240,527
2022-06-16 20:00:00,3670.336,3682.297,3661.942,3673.848,135,710
2022-06-17 00:00:00,3673.852,3695.952,3664.934,3685.454,240,722
2022-06-17 04:00:00,3685.431,3704.299,3678.24,3697.436,240,710
2022-06-17 08:00:00,3697.449,3709.499,3690.233,3700.448,240,627
2022-06-17 12:00:00,3700.431,3708.054,3635.554,3662.342,240,614
2022-06-17 16:00:00,3662.349,3704.897,3654.536,3672.345,240,419
2022-06-17 20:00:00,3672.346,3683.754,3670.942,3675.799,15,613
2022-06-20 00:00:00,3701.636,3702.249,3658.436,3686.454,240,635
2022-06-20 04:00:00,3686.799,3694.999,3674.645,3690.736,240,632
2022-06-20 08:00:00,3690.951,3705.899,3688.336,3703.639,240,630
2022-06-20 12:00:00,3703.754,3721.054,3693.739,3715.399,240,634
2022-06-20 16:00:00,3715.248,3716.946,3709.036,3711.348,59,440
2022-06-20 20:00:00,3712.246,3718.299,3706.936,3713.242,120,652
2022-06-21 00:00:00,3713.297,3737.346,3708.936,3730.748,240,626
2022-06-21 04:00:00,3730.954,3742.954,3716.739,3739.499,239,641
2022-06-21 08:00:00,3739.44,3745.299,3723.248,3726.233,239,636
2022-06-21 12:00:00,3726.249,3777.599,3721.736,3756.839,240,629
2022-06-21 16:00:00,3757.039,3780.054,3753.848,3765.052,240,414
2022-06-21 20:00:00,3764.851,3764.954,3755.833,3760.951,135,602
2022-06-22 00:00:00,3761.249,3761.754,3724.448,3728.936,240,638
2022-06-22 04:00:00,3728.997,3733.754,3692.442,3695.299,240,641
2022-06-22 08:00:00,3695.231,3720.997,3689.733,3711.745,240,644
2022-06-22 12:00:00,3711.854,3794.348,3699.939,3761.454,240,623
2022-06-22 16:00:00,3761.251,3801.951,3755.739,3757.736,240,414
2022-06-22 20:00:00,3757.737,3764.651,3734.736,3741.254,134,602
2022-06-23 00:00:00,3741.297,3770.254,3737.436,3748.251,240,635
2022-06-23 04:00:00,3748.246,3763.751,3731.933,3737.742,240,638
2022-06-23 08:00:00,3737.731,3793.748,3734.499,3787.745,240,637
2022-06-23 12:00:00,3787.839,3796.548,3762.043,3766.054,240,626
2022-06-23 16:00:00,3766.04,3802.597,3742.839,3795.552,240,415
2022-06-23 20:00:00,3795.339,3795.499,3780.245,3781.739,135,587
2022-06-24 00:00:00,3781.833,3819.799,3778.733,3812.345,240,632
2022-06-24 04:00:00,3812.439,3831.251,3811.933,3822.445,240,660
2022-06-24 08:00:00,3822.951,3830.999,3814.239,3822.742,240,662
2022-06-24 12:00:00,3822.836,3887.048,3820.751,3884.733,240,664
2022-06-24 16:00:00,3884.736,3916.099,3880.533,3915.742,240,515
2022-06-24 20:00:00,3915.743,3915.942,3904.136,3905.139,15,598
2022-06-27 00:00:00,3896.349,3932.997,3892.336,3923.051,240,624
2022-06-27 04:00:00,3923.037,3942.599,3908.336,3941.351,240,630
2022-06-27 08:00:00,3941.343,3944.399,3920.836,3929.354,240,645
2022-06-27 12:00:00,3929.251,3930.551,3890.133,3920.236,240,612
2022-06-27 16:00:00,3920.533,3921.799,3888.745,3901.554,240,421
2022-06-27 20:00:00,3901.543,3907.999,3900.945,3905.642,129,594
2022-06-28 00:00:00,3905.939,3913.651,3881.936,3895.836,240,624
2022-06-28 04:00:00,3895.933,3933.342,3891.933,3913.054,240,622
2022-06-28 08:00:00,3913.136,3927.197,3912.145,3922.954,240,630
2022-06-28 12:00:00,3922.952,3946.097,3852.636,3854.945,240,625
2022-06-28 16:00:00,3854.943,3867.448,3819.136,3821.439,240,410
2022-06-28 20:00:00,3821.048,3827.454,3817.839,3825.136,134,697
2022-06-29 00:00:00,3824.948,3830.199,3817.133,3826.454,240,704
2022-06-29 04:00:00,3826.636,3830.499,3809.642,3818.642,237,719
2022-06-29 08:00:00,3818.933,3828.699,3807.499,3827.539,240,710
2022-06-29 12:00:00,3827.642,3835.599,3797.033,3818.839,240,704
2022-06-29 16:00:00,3818.542,3830.899,3798.033,3817.342,240,515
2022-06-29 20:00:00,3817.299,3820.754,3811.233,3813.236,132,662
2022-06-30 00:00:00,3812.939,3815.754,3801.733,3806.145,240,673
2022-06-30 04:00:00,3805.954,3807.739,3760.933,3775.751,240,679
2022-06-30 08:00:00,3775.236,3782.699,3756.742,3761.751,240,661
2022-06-30 12:00:00,3761.699,3797.299,3737.342,3796.736,240,666
2022-06-30 16:00:00,3796.433,3819.948,3764.236,3788.751,240,456
2022-06-30 20:00:00,3788.752,3791.099,3770.333,3787.336,134,583
2022-07-01 00:00:00,3787.654,3790.899,3746.136,3752.633,240,629
2022-07-01 04:00:00,3752.652,3765.699,3741.845,3756.648,240,630
2022-07-01 08:00:00,3757.143,3785.899,3750.539,3765.842,240,620
2022-07-01 12:00:00,3765.837,3813.499,3750.748,3767.045,240,614
2022-07-01 16:00:00,3767.251,3830.599,3761.731,3825.248,240,414
2022-07-01 20:00:00,3825.297,3827.145,3822.133,3822.439,15,707
2022-07-04 00:00:00,3808.84,3811.151,3790.131,3801.633,240,706
2022-07-04 04:00:00,3801.548,3813.999,3794.452,3797.348,240,700
2022-07-04 08:00:00,3797.334,3817.654,3795.133,3813.842,240,666
2022-07-04 12:00:00,3813.849,3819.199,3802.748,3808.036,240,631
2022-07-04 16:00:00,3808.245,3813.248,3807.539,3810.039,59,449
2022-07-04 20:00:00,3812.133,3854.699,3812.133,3844.736,120,630
2022-07-05 00:00:00,3844.752,3848.399,3833.634,3834.139,240,716
2022-07-05 04:00:00,3834.197,3847.354,3828.333,3828.645,240,723
2022-07-05 08:00:00,3828.637,3833.699,3791.333,3792.539,240,717
2022-07-05 12:00:00,3792.597,3793.342,3741.94,3764.839,240,700
2022-07-05 16:00:00,3765.136,3832.733,3761.145,3832.442,240,469
2022-07-05 20:00:00,3832.251,3838.751,3820.039,3822.099,135,648
2022-07-06 00:00:00,3822.151,3845.554,3818.533,3832.248,240,660
2022-07-06 04:00:00,3832.133,3843.554,3805.533,3835.054,240,684
2022-07-06 08:00:00,3835.145,3837.099,3813.739,3818.039,240,670
2022-07-06 12:00:00,3818.133,3848.899,3808.336,3819.339,240,656
2022-07-06 16:00:00,3819.554,3871.699,3811.242,3845.842,240,461
2022-07-06 20:00:00,3845.849,3851.199,3845.033,3848.133,134,650
2022-07-07 00:00:00,3848.399,3851.199,3829.145,3845.751,240,662
2022-07-07 04:00:00,3845.848,3862.199,3845.142,3858.554,240,674
2022-07-07 08:00:00,3858.546,3863.699,3845.742,3860.839,240,665
2022-07-07 12:00:00,3860.651,3892.699,3854.242,3891.133,240,687
2022-07-07 16:00:00,3891.134,3910.636,3885.848,3900.148,240,459
2022-07-07 20:00:00,3900.633,3901.337,3891.545,3893.351,133,644
2022-07-08 00:00:00,3893.533,3901.397,3884.348,3885.342,240,677
2022-07-08 04:00:00,3885.349,3895.597,3880.839,3890.351,240,664
2022-07-08 08:00:00,3890.334,3905.348,3879.339,3896.054,239,666
2022-07-08 12:00:00,3896.052,3918.499,3864.551,3911.499,240,658
2022-07-08 16:00:00,3911.431,3915.499,3878.136,3898.439,240,459
2022-07-08 20:00:00,3898.636,3902.349,3895.542,3902.048,15,665
2022-07-11 00:00:00,3893.197,3893.499,3867.936,3873.739,240,660
2022-07-11 04:00:00,3873.954,3876.445,3859.933,3868.899,240,677
2022-07-11 08:00:00,3868.849,3882.442,3867.433,3869.942,240,663
2022-07-11 12:00:00,3869.945,3880.333,3847.836,3857.636,240,667
2022-07-11 16:00:00,3857.631,3880.399,3847.336,3855.339,240,459
2022-07-11 20:00:00,3855.349,3861.099,3851.742,3860.551,132,641
2022-07-12 00:00:00,3860.736,3862.051,3828.545,3834.539,240,673
2022-07-12 04:00:00,3834.748,3835.254,3818.033,3829.042,240,677
2022-07-12 08:00:00,3829.251,3842.048,3822.542,3835.039,240,664
2022-07-12 12:00:00,3835.052,3873.633,3831.236,3854.848,240,657
2022-07-12 16:00:00,3854.837,3865.397,3801.337,3820.554,240,456
2022-07-12 20:00:00,3820.852,3824.452,3815.099,3818.651,134,647
2022-07-13 00:00:00,3818.697,3829.999,3817.136,3826.642,240,665
2022-07-13 04:00:00,3826.845,3835.154,3817.845,3819.151,240,673
2022-07-13 08:00:00,3819.154,3834.445,3815.139,3832.933,240,668
2022-07-13 12:00:00,3832.952,3868.048,3748.448,3799.536,240,670
2022-07-13 16:00:00,3799.951,3831.249,3797.736,3799.951,240,411
2022-07-13 20:00:00,3799.997,3801.199,3771.439,3774.754,135,592
2022-07-14 00:00:00,3774.797,3801.74,3771.799,3796.939,240,638
2022-07-14 04:00:00,3797.233,3800.446,3772.433,3773.242,240,634
2022-07-14 08:00:00,3773.799,3778.443,3745.939,3747.239,240,633
2022-07-14 12:00:00,3747.139,3771.649,3719.833,3768.148,240,628
2022-07-14 16:00:00,3768.242,3797.048,3742.236,3791.251,240,413
2022-07-14 20:00:00,3791.239,3808.649,3790.442,3807.933,133,607
2022-07-15 00:00:00,3807.931,3808.899,3791.145,3804.939,240,624
2022-07-15 04:00:00,3805.036,3805.645,3777.451,3791.633,240,628
2022-07-15 08:00:00,3791.846,3806.699,3786.142,3798.454,240,628
2022-07-15 12:00:00,3798.554,3859.899,3783.946,3851.339,240,623
2022-07-15 16:00:00,3851.033,3863.351,3843.536,3860.836,240,466
2022-07-15 20:00:00,3861.254,3862.799,3858.736,3860.451,15,654
2022-07-18 00:00:00,3870.936,3878.839,3862.233,3876.942,240,671
2022-07-18 04:00:00,3877.139,3897.946,3874.433,3893.742,240,684
2022-07-18 08:00:00,3893.746,3905.754,3891.739,3898.999,238,661
2022-07-18 12:00:00,3899.242,3901.752,3883.033,3895.048,240,658
2022-07-18 16:00:00,3895.251,3895.551,3817.533,3831.054,240,458
2022-07-18 20:00:00,3831.051,3841.552,3829.136,3841.051,133,649
2022-07-19 00:00:00,3841.345,3843.552,3832.545,3837.854,240,669
2022-07-19 04:00:00,3837.854,3850.597,3831.448,3836.351,238,669
2022-07-19 08:00:00,3836.548,3868.352,3836.033,3862.399,240,675
2022-07-19 12:00:00,3862.833,3910.842,3852.842,3907.939,240,666
2022-07-19 16:00:00,3908.254,3939.497,3899.231,3932.942,240,456
2022-07-19 20:00:00,3932.949,3943.845,3931.351,3939.833,135,649
2022-07-20 00:00:00,3939.843,3960.699,3936.345,3956.845,240,663
2022-07-20 04:00:00,3956.897,3959.199,3934.836,3935.854,240,654
2022-07-20 08:00:00,3935.84,3946.199,3920.154,3925.645,240,672
2022-07-20 12:00:00,3925.136,3970.949,3918.645,3968.754,240,675
2022-07-20 16:00:00,3968.433,3973.754,3935.433,3960.151,240,459
2022-07-20 20:00:00,3960.14,3964.599,3946.736,3953.242,134,653
2022-07-21 00:00:00,3953.24,3955.045,3942.045,3953.033,240,665
2022-07-21 04:00:00,3953.233,3970.545,3950.0,3951.054,240,699
2022-07-21 08:00:00,3951.551,3960.299,3942.299,3951.448,240,668
2022-07-21 12:00:00,3951.497,3975.252,3927.136,3965.639,240,677
2022-07-21 16:00:00,3965.646,3999.399,3964.654,3999.036,240,452
2022-07-21 20:00:00,3999.049,4001.249,3979.536,3980.742,135,647
2022-07-22 00:00:00,3980.734,3988.097,3977.233,3983.045,240,663
2022-07-22 04:00:00,3983.139,3992.554,3976.751,3982.239,238,695
2022-07-22 08:00:00,3982.554,3994.552,3977.654,3994.042,240,670
2022-07-22 12:00:00,3994.031,4012.843,3964.151,3973.849,240,654
2022-07-22 16:00:00,3973.654,3977.148,3938.333,3962.351,240,458
2022-07-22 20:00:00,3962.352,3962.352,3955.042,3959.099,15,670
2022-07-25 00:00:00,3953.733,3962.548,3948.039,3958.039,240,666
2022-07-25 04:00:00,3958.031,3962.051,3949.036,3956.236,238,678
2022-07-25 08:00:00,3956.554,3985.299,3955.554,3979.054,240,661
2022-07-25 12:00:00,3979.199,3982.097,3948.133,3970.345,240,682
2022-07-25 16:00:00,3970.542,3975.997,3943.142,3966.633,240,468
2022-07-25 20:00:00,3966.631,3972.597,3950.351,3953.045,133,655
2022-07-26 00:00:00,3953.052,3959.352,3947.033,3956.548,240,664
2022-07-26 04:00:00,3956.552,3960.554,3951.739,3959.039,233,686
2022-07-26 08:00:00,3959.354,3961.354,3947.233,3951.042,240,656
2022-07-26 12:00:00,3951.04,3956.346,3915.733,3916.448,240,657
2022-07-26 16:00:00,3916.751,3934.499,3910.242,3918.943,240,454
2022-07-26 20:00:00,3919.951,3955.699,3912.199,3950.648,135,652
2022-07-27 00:00:00,3950.748,3953.199,3944.139,3949.199,237,660
2022-07-27 04:00:00,3949.348,3960.148,3949.133,3956.139,236,684
2022-07-27 08:00:00,3956.248,3965.151,3949.699,3950.854,240,662
2022-07-27 12:00:00,3950.648,3979.751,3950.354,3977.642,240,677
2022-07-27 16:00:00,3977.851,4040.154,3965.834,4021.649,240,466
2022-07-27 20:00:00,4021.333,4021.333,4011.248,4015.845,134,606
2022-07-28 00:00:00,4016.033,4018.199,4009.645,4011.848,240,628
2022-07-28 04:00:00,4011.843,4018.899,4010.333,4011.839,232,653
2022-07-28 08:00:00,4011.834,4013.897,4000.845,4010.836,240,620
2022-07-28 12:00:00,4011.151,4055.754,3991.445,4047.439,240,623
2022-07-28 16:00:00,4047.751,4078.952,4044.233,4071.442,240,404
2022-07-28 20:00:00,4071.446,4098.539,4069.842,4092.751,135,606
2022-07-29 00:00:00,4092.743,4100.546,4088.733,4092.754,240,621
2022-07-29 04:00:00,4092.74,4105.752,4091.042,4097.754,240,631
2022-07-29 08:00:00,4097.948,4104.799,4093.236,4096.648,240,634
2022-07-29 12:00:00,4096.634,4120.454,4078.145,4106.645,240,639
2022-07-29 16:00:00,4106.999,4140.999,4099.143,4131.631,240,416
2022-08-01 00:00:00,4114.546,4118.599,4110.333,4111.345,237,631
2022-08-01 04:00:00,4111.343,4125.597,4108.533,4121.842,235,608
2022-08-01 08:00:00,4122.036,4131.354,4114.539,4125.551,240,637
2022-08-01 12:00:00,4125.552,4145.299,4094.631,4138.548,240,609
2022-08-01 16:00:00,4138.233,4139.548,4101.554,4117.736,240,402
2022-08-01 20:00:00,4117.734,4121.499,4111.436,4111.645,132,624
2022-08-02 00:00:00,4112.154,4113.497,4094.454,4102.054,240,620
2022-08-02 04:00:00,4102.136,4104.699,4086.142,4096.436,240,669
2022-08-02 08:00:00,4096.554,4099.454,4081.654,4092.999,240,624
2022-08-02 12:00:00,4093.145,4124.554,4078.754,4117.536,240,607
2022-08-02 16:00:00,4117.848,4140.597,4090.033,4091.851,240,405
2022-08-02 20:00:00,4091.84,4100.445,4087.242,4091.448,135,604
2022-08-03 00:00:00,4091.434,4100.499,4082.239,4097.236,240,619
2022-08-03 04:00:00,4097.297,4105.454,4092.242,4095.239,239,655
2022-08-03 08:00:00,4095.433,4113.299,4090.436,4110.833,240,641
2022-08-03 12:00:00,4110.837,4145.699,4108.436,4144.654,240,634
2022-08-03 16:00:00,4144.933,4167.952,4137.933,4154.942,240,403
2022-08-03 20:00:00,4154.94,4154.94,4147.051,4147.799,135,585
2022-08-04 00:00:00,4147.551,4157.097,4145.733,4149.036,237,621
2022-08-04 04:00:00,4149.097,4156.799,4145.539,4153.099,240,638
2022-08-04 08:00:00,4153.133,4170.799,4147.739,4154.299,240,642
2022-08-04 12:00:00,4154.533,4164.254,4134.645,4153.439,240,628
2022-08-04 16:00:00,4153.633,4160.199,4140.633,4151.448,240,423
2022-08-04 20:00:00,4151.633,4155.854,4148.033,4151.548,131,601
2022-08-05 00:00:00,4152.099,4164.051,4151.336,4161.033,238,656
2022-08-05 04:00:00,4161.04,4162.051,4153.539,4157.039,236,627
2022-08-05 08:00:00,4156.842,4157.897,4144.439,4155.348,240,644
2022-08-05 12:00:00,4155.331,4159.433,4101.554,4116.833,240,622
2022-08-05 16:00:00,4116.936,4147.899,4116.533,4145.036,240,404
2022-08-05 20:00:00,4145.031,4145.039,4138.936,4139.939,15,590
2022-08-08 00:00:00,4132.145,4142.054,4131.136,4138.133,238,638
2022-08-08 04:00:00,4138.348,4162.546,4138.348,4158.151,236,654
2022-08-08 08:00:00,4158.348,4170.354,4151.845,4168.633,239,636
2022-08-08 12:00:00,4168.839,4186.799,4145.454,4158.699,240,638
2022-08-08 16:00:00,4158.631,4160.148,4128.142,4139.954,240,419
2022-08-08 20:00:00,4140.134,4153.399,4139.036,4150.842,130,599
2022-08-09 00:00:00,4150.84,4152.697,4138.139,4151.642,240,631
2022-08-09 04:00:00,4151.634,4152.199,4138.699,4144.633,234,625
2022-08-09 08:00:00,4144.631,4148.699,4123.642,4124.842,240,629
2022-08-09 12:00:00,4125.145,4136.799,4112.936,4122.736,240,624
2022-08-09 16:00:00,4122.74,4126.945,4111.239,4123.233,240,419
2022-08-09 20:00:00,4123.199,4127.645,4123.199,4127.136,132,607
2022-08-10 00:00:00,4127.134,4128.048,4117.951,4119.645,236,631
2022-08-10 04:00:00,4119.936,4127.643,4111.951,4124.154,233,620
2022-08-10 08:00:00,4124.239,4138.139,4123.148,4135.999,240,625
2022-08-10 12:00:00,4135.651,4210.054,4134.551,4205.748,240,627
2022-08-10 16:00:00,4205.734,4211.099,4193.036,4208.736,240,413
2022-08-10 20:00:00,4208.797,4210.64,4203.648,4209.454,130,581
2022-08-11 00:00:00,4209.651,4221.699,4209.433,4219.448,237,637
2022-08-11 04:00:00,4219.446,4229.199,4214.433,4217.637,238,629
2022-08-11 08:00:00,4217.599,4226.754,4210.154,4225.433,240,625
2022-08-11 12:00:00,4225.639,4257.554,4219.336,4224.648,240,624
2022-08-11 16:00:00,4224.94,4238.445,4200.451,4209.145,240,404
2022-08-11 20:00:00,4209.336,4215.399,4209.336,4211.852,129,594
2022-08-12 00:00:00,4211.533,4217.854,4205.333,4213.348,240,620
2022-08-12 04:00:00,4213.397,4233.099,4211.845,4230.599,237,638
2022-08-12 08:00:00,4230.839,4234.348,4216.748,4222.333,239,618
2022-08-12 12:00:00,4222.397,4246.199,4218.136,4242.148,240,613
2022-08-12 16:00:00,4242.454,4279.654,4241.654,4278.499,240,399
2022-08-12 20:00:00,4278.436,4278.436,4274.839,4275.533,15,577
2022-08-15 00:00:00,4266.245,4272.799,4264.854,4268.245,235,635
2022-08-15 04:00:00,4268.448,4270.454,4255.733,4256.433,225,648
2022-08-15 08:00:00,4256.236,4262.997,4250.933,4254.499,238,623
2022-08-15 12:00:00,4254.497,4289.897,4245.936,4287.548,240,622
2022-08-15 16:00:00,4287.851,4300.848,4284.833,4296.334,240,406
2022-08-15 20:00:00,4296.033,4296.446,4289.236,4291.751,122,587
2022-08-16 00:00:00,4291.746,4296.952,4283.936,4290.451,236,615
2022-08-16 04:00:00,4290.736,4293.248,4281.936,4289.733,226,600
2022-08-16 08:00:00,4289.939,4295.948,4283.736,4291.951,240,626
2022-08-16 12:00:00,4291.931,4312.151,4275.851,4310.148,240,624
2022-08-16 16:00:00,4310.333,4325.699,4289.833,4305.151,240,401
2022-08-16 20:00:00,4305.399,4308.845,4301.033,4304.839,122,585
2022-08-17 00:00:00,4304.837,4309.839,4301.536,4304.836,239,638
2022-08-17 04:00:00,4304.954,4312.339,4294.536,4294.833,229,725
2022-08-17 08:00:00,4294.897,4296.054,4266.948,4270.536,239,618
2022-08-17 12:00:00,4270.846,4282.636,4252.533,4256.036,240,625
2022-08-17 16:00:00,4256.043,4302.554,4255.836,4274.042,240,398
2022-08-17 20:00:00,4274.339,4278.799,4264.036,4266.054,133,605
2022-08-18 00:00:00,4266.049,4272.051,4261.539,4269.454,240,625
2022-08-18 04:00:00,4269.452,4271.297,4254.739,4262.033,232,619
2022-08-18 08:00:00,4262.251,4284.736,4259.554,4282.745,240,629
2022-08-18 12:00:00,4282.636,4289.297,4260.831,4282.348,240,610
2022-08-18 16:00:00,4282.642,4292.199,4264.645,4284.854,240,406
2022-08-18 20:00:00,4284.831,4286.554,4280.533,4283.045,117,597
2022-08-19 00:00:00,4283.049,4284.554,4273.533,4275.539,240,605
2022-08-19 04:00:00,4275.754,4276.599,4257.054,4262.654,237,627
2022-08-19 08:00:00,4262.643,4265.237,4237.733,4246.251,240,636
2022-08-19 12:00:00,4246.539,4258.345,4223.199,4231.142,240,627
2022-08-19 16:00:00,4231.137,4243.199,4218.154,4227.645,240,399
2022-08-19 20:00:00,4227.697,4228.899,4226.539,4228.051,15,578
2022-08-22 00:00:00,4206.636,4218.149,4203.451,4212.648,239,650
2022-08-22 04:00:00,4212.448,4212.651,4183.933,4185.939,236,663
2022-08-22 08:00:00,4186.151,4186.997,4172.633,4181.999,240,631
2022-08-22 12:00:00,4181.94,4181.94,4148.233,4159.542,240,622
2022-08-22 16:00:00,4159.751,4162.554,4129.048,4139.736,240,404
2022-08-22 20:00:00,4139.745,4150.152,4138.939,4149.436,132,588
2022-08-23 00:00:00,4149.642,4150.497,4140.433,4143.936,239,607
2022-08-23 04:00:00,4144.154,4147.699,4115.133,4145.436,236,669
2022-08-23 08:00:00,4145.999,4153.948,4137.936,4145.636,240,615
2022-08-23 12:00:00,4145.652,4159.099,4125.039,4135.099,240,619
2022-08-23 16:00:00,4135.24,4141.597,4123.242,4129.299,240,411
2022-08-23 20:00:00,4129.239,4131.197,4125.633,4126.951,130,596
2022-08-24 00:00:00,4127.199,4129.445,4112.139,4114.133,240,639
2022-08-24 04:00:00,4114.033,4130.146,4108.699,4117.151,235,610
2022-08-24 08:00:00,4117.149,4137.699,4115.951,4135.936,240,632
2022-08-24 12:00:00,4136.451,4156.548,4119.536,4152.548,240,617
2022-08-24 16:00:00,4152.745,4155.554,4130.251,4141.542,240,396
2022-08-24 20:00:00,4142.045,4148.654,4140.133,4143.642,118,600
2022-08-25 00:00:00,4143.636,4155.197,4141.199,4152.199,240,617
2022-08-25 04:00:00,4152.299,4185.154,4151.433,4181.945,236,615
2022-08-25 08:00:00,4182.139,4183.643,4158.448,4165.642,240,628
2022-08-25 12:00:00,4165.634,4183.699,4145.733,4166.339,240,628
2022-08-25 16:00:00,4166.346,4201.199,4152.136,4200.842,240,400
2022-08-25 20:00:00,4200.837,4201.251,4191.433,4194.699,130,601
2022-08-26 00:00:00,4194.736,4198.499,4190.954,4196.936,227,625
2022-08-26 04:00:00,4196.94,4197.652,4186.942,4188.945,232,617
2022-08-26 08:00:00,4188.952,4191.151,4178.636,4188.648,240,611
2022-08-26 12:00:00,4188.942,4215.499,4105.545,4115.451,240,620
2022-08-26 16:00:00,4115.431,4115.942,4057.642,4058.136,240,402
2022-08-26 20:00:00,4058.14,4058.399,4052.336,4056.854,15,593
2022-08-29 00:00:00,4012.097,4028.199,4006.199,4027.845,240,617
2022-08-29 04:00:00,4028.139,4039.397,4014.633,4033.851,240,608
2022-08-29 08:00:00,4033.897,4035.251,4014.333,4022.642,240,612
2022-08-29 12:00:00,4022.643,4049.499,4016.342,4038.654,239,603
2022-08-29 16:00:00,4038.842,4063.154,4028.633,4031.399,240,399
2022-08-29 20:00:00,4031.339,4041.999,4029.448,4040.245,124,582
2022-08-30 00:00:00,4040.433,4041.499,4025.745,4040.254,240,606
2022-08-30 04:00:00,4040.234,4062.299,4037.954,4056.639,240,621
2022-08-30 08:00:00,4056.754,4071.499,4054.433,4056.799,240,611
2022-08-30 12:00:00,4057.236,4061.236,3968.236,3991.551,240,595
2022-08-30 16:00:00,3991.745,4004.097,3964.233,3986.054,240,403
2022-08-30 20:00:00,3987.036,3991.954,3981.133,3986.345,134,588
2022-08-31 00:00:00,3986.352,4012.351,3984.736,4008.833,239,614
2022-08-31 04:00:00,4009.136,4016.699,3991.836,3993.348,236,612
2022-08-31 08:00:00,3993.349,4002.652,3978.645,3996.645,240,616
2022-08-31 12:00:00,3996.646,4015.637,3971.036,3993.554,240,607
2022-08-31 16:00:00,3993.799,3995.754,3954.248,3954.248,240,403
2022-08-31 20:00:00,3954.742,3959.599,3928.042,3934.551,129,583
2022-09-01 00:00:00,3934.748,3937.752,3922.945,3926.045,240,629
2022-09-01 04:00:00,3926.251,3938.499,3920.733,3929.048,240,642
2022-09-01 08:00:00,3929.242,3946.799,3919.733,3940.533,240,621
2022-09-01 12:00:00,3941.039,3943.999,3902.154,3913.636,240,607
2022-09-01 16:00:00,3913.643,3970.351,3904.839,3966.854,240,405
2022-09-01 20:00:00,3966.846,3973.249,3959.033,3968.448,135,600
2022-09-02 00:00:00,3968.443,3968.999,3956.942,3963.445,240,629
2022-09-02 04:00:00,3963.739,3971.499,3954.248,3959.948,239,643
2022-09-02 08:00:00,3959.934,3973.499,3958.936,3967.433,240,626
2022-09-02 12:00:00,3967.44,4018.554,3964.699,4015.036,240,610
2022-09-02 16:00:00,4014.854,4016.899,3905.542,3925.048,240,401
2022-09-02 20:00:00,3925.097,3930.44,3923.739,3928.748,15,589
2022-09-05 00:00:00,3931.931,3937.999,3921.954,3932.639,240,613
2022-09-05 04:00:00,3932.643,3941.799,3920.733,3926.439,240,620
2022-09-05 08:00:00,3926.446,3936.699,3920.454,3922.448,240,622
2022-09-05 12:00:00,3922.648,3938.099,3917.933,3933.899,240,631
2022-09-05 16:00:00,3933.951,3939.899,3933.539,3935.345,59,443
2022-09-05 20:00:00,3935.799,3945.299,3931.248,3938.242,120,625
2022-09-06 00:00:00,3938.234,3956.245,3933.236,3939.048,240,616
2022-09-06 04:00:00,3939.043,3960.254,3934.245,3951.033,240,618
2022-09-06 08:00:00,3951.297,3961.597,3938.933,3948.145,240,631
2022-09-06 12:00:00,3948.131,3955.099,3885.848,3936.148,240,610
2022-09-06 16:00:00,3936.137,3939.454,3893.452,3911.151,240,405
2022-09-06 20:00:00,3911.137,3911.545,3903.848,3905.339,133,597
2022-09-07 00:00:00,3905.349,3907.348,3883.039,3891.848,240,628
2022-09-07 04:00:00,3891.837,3913.351,3888.054,3911.854,240,626
2022-09-07 08:00:00,3911.837,3921.397,3901.042,3907.042,240,622
2022-09-07 12:00:00,3907.052,3947.442,3895.845,3941.936,240,614
2022-09-07 16:00:00,3942.136,3988.197,3930.636,3980.499,240,396
2022-09-07 20:00:00,3980.648,3983.948,3975.348,3976.139,126,590
2022-09-08 00:00:00,3976.131,3985.699,3974.648,3979.499,239,631
2022-09-08 04:00:00,3979.642,3994.951,3969.633,3974.142,240,632
2022-09-08 08:00:00,3974.137,3988.699,3968.942,3979.133,240,618
2022-09-08 12:00:00,3979.14,4010.799,3941.748,3997.048,240,625
2022-09-08 16:00:00,3997.245,4006.952,3953.036,4006.033,240,405
2022-09-08 20:00:00,4006.043,4011.399,4005.636,4009.199,115,579
2022-09-09 00:00:00,4009.131,4020.649,4008.336,4018.699,239,609
2022-09-09 04:00:00,4018.836,4035.899,4010.836,4026.851,239,632
2022-09-09 08:00:00,4027.042,4044.343,4024.833,4035.345,240,626
2022-09-09 12:00:00,4035.636,4063.997,4026.439,4058.251,240,621
2022-09-09 16:00:00,4058.436,4076.799,4045.233,4066.936,240,412
2022-09-09 20:00:00,4066.94,4066.94,4062.399,4064.151,15,612
2022-09-12 00:00:00,4076.654,4076.654,4062.851,4065.645,239,667
2022-09-12 04:00:00,4065.736,4084.346,4062.136,4080.633,240,684
2022-09-12 08:00:00,4080.854,4096.699,4077.833,4090.633,240,683
2022-09-12 12:00:00,4090.631,4119.299,4077.333,4093.736,240,662
2022-09-12 16:00:00,4094.245,4112.499,4086.245,4111.931,240,467
2022-09-12 20:00:00,4111.448,4119.899,4110.339,4114.845,132,639
2022-09-13 00:00:00,4115.142,4118.352,4109.142,4113.351,238,640
2022-09-13 04:00:00,4113.343,4130.697,4109.836,4128.839,238,648
2022-09-13 08:00:00,4129.048,4141.751,4124.036,4139.745,240,636
2022-09-13 12:00:00,4139.733,4154.939,3977.454,3979.945,240,622
2022-09-13 16:00:00,3979.937,3997.748,3919.936,3932.239,240,407
2022-09-13 20:00:00,3932.699,3942.242,3931.339,3938.942,135,616
2022-09-14 00:00:00,3938.94,3944.248,3925.945,3937.736,240,621
2022-09-14 04:00:00,3937.851,3951.499,3927.436,3946.245,240,635
2022-09-14 08:00:00,3946.799,3959.752,3923.245,3923.936,240,622
2022-09-14 12:00:00,3923.736,3962.251,3917.099,3946.739,240,612
2022-09-14 16:00:00,3947.136,3957.054,3910.236,3945.036,240,408
2022-09-14 20:00:00,3945.242,3957.699,3943.642,3951.633,131,603
2022-09-15 00:00:00,3951.652,3957.654,3944.633,3949.633,240,630
2022-09-15 04:00:00,3949.646,3956.399,3943.336,3954.833,239,619
2022-09-15 08:00:00,3954.849,3957.699,3932.399,3939.136,240,639
2022-09-15 12:00:00,3939.197,3958.252,3903.333,3909.136,240,615
2022-09-15 16:00:00,3909.354,3945.399,3887.345,3901.137,240,400
2022-09-15 20:00:00,3900.839,3910.297,3869.745,3876.251,135,604
2022-09-16 00:00:00,3876.554,3881.554,3873.233,3873.548,238,622
2022-09-16 04:00:00,3873.554,3876.599,3864.733,3869.042,236,642
2022-09-16 08:00:00,3869.233,3876.099,3860.233,3869.533,240,617
2022-09-16 12:00:00,3869.754,3874.199,3835.846,3857.837,240,613
2022-09-16 16:00:00,3858.149,3877.643,3835.851,3871.336,240,509
2022-09-16 20:00:00,3871.339,3878.554,3869.551,3877.051,15,618
2022-09-19 00:00:00,3876.152,3881.654,3856.945,3864.499,240,624
2022-09-19 04:00:00,3864.539,3867.499,3843.433,3843.999,240,631
2022-09-19 08:00:00,3844.136,3851.999,3828.845,3834.036,240,640
2022-09-19 12:00:00,3834.433,3886.299,3833.836,3860.454,240,630
2022-09-19 16:00:00,3860.446,3901.942,3853.737,3901.751,240,414
2022-09-19 20:00:00,3901.799,3914.348,3900.348,3914.348,132,606
2022-09-20 00:00:00,3914.397,3917.848,3902.648,3909.336,239,641
2022-09-20 04:00:00,3909.536,3919.354,3895.851,3898.351,236,659
2022-09-20 08:00:00,3898.199,3899.699,3878.399,3881.839,240,622
2022-09-20 12:00:00,3882.148,3883.646,3842.439,3872.299,240,602
2022-09-20 16:00:00,3872.445,3876.454,3826.748,3856.933,240,397
2022-09-20 20:00:00,3856.943,3865.352,3853.445,3858.645,135,607
2022-09-21 00:00:00,3858.649,3863.999,3853.936,3862.445,239,625
2022-09-21 04:00:00,3862.554,3865.954,3837.933,3854.945,240,635
2022-09-21 08:00:00,3855.133,3872.699,3852.133,3869.442,240,626
2022-09-21 12:00:00,3869.634,3888.099,3867.439,3875.599,240,615
2022-09-21 16:00:00,3875.748,3907.746,3788.339,3788.339,240,417
2022-09-21 20:00:00,3788.334,3791.254,3763.848,3765.136,135,600
2022-09-22 00:00:00,3765.14,3771.652,3750.642,3766.633,240,620
2022-09-22 04:00:00,3766.836,3798.197,3760.754,3796.142,240,625
2022-09-22 08:00:00,3796.143,3816.651,3775.342,3791.636,240,614
2022-09-22 12:00:00,3791.845,3805.699,3748.733,3758.754,240,633
2022-09-22 16:00:00,3758.797,3789.799,3751.542,3756.799,240,400
2022-09-22 20:00:00,3756.749,3764.999,3752.936,3764.136,135,592
2022-09-23 00:00:00,3764.439,3768.452,3749.548,3751.142,240,636
2022-09-23 04:00:00,3751.149,3757.842,3736.133,3741.999,240,625
2022-09-23 08:00:00,3742.151,3746.848,3701.951,3709.539,240,623
2022-09-23 12:00:00,3709.54,3724.437,3676.433,3682.246,240,619
2022-09-23 16:00:00,3681.951,3696.954,3646.236,3693.754,240,394
2022-09-23 20:00:00,3693.839,3699.345,3689.133,3693.851,15,698
2022-09-26 00:00:00,3686.645,3694.845,3665.345,3674.636,240,620
2022-09-26 04:00:00,3674.697,3703.654,3658.336,3684.639,240,640
2022-09-26 08:00:00,3684.652,3696.349,3657.333,3671.548,240,616
2022-09-26 12:00:00,3671.643,3715.999,3662.839,3681.945,240,610
2022-09-26 16:00:00,3681.946,3682.499,3643.454,3657.499,240,407
2022-09-26 20:00:00,3657.44,3667.454,3647.833,3664.951,134,591
2022-09-27 00:00:00,3665.136,3685.499,3664.439,3680.499,240,647
2022-09-27 04:00:00,3680.497,3710.454,3676.148,3705.439,240,640
2022-09-27 08:00:00,3705.497,3709.699,3680.639,3705.148,240,667
2022-09-27 12:00:00,3705.134,3717.599,3653.548,3654.042,240,625
2022-09-27 16:00:00,3654.233,3658.942,3621.742,3647.248,240,407
2022-09-27 20:00:00,3647.239,3657.451,3638.433,3648.433,135,714
2022-09-28 00:00:00,3648.449,3660.454,3608.942,3624.451,240,712
2022-09-28 04:00:00,3624.654,3639.799,3608.936,3629.299,240,712
2022-09-28 08:00:00,3629.451,3650.999,3600.0,3625.142,240,708
2022-09-28 12:00:00,3624.733,3697.851,3624.451,3696.851,240,623
2022-09-28 16:00:00,3697.039,3737.097,3694.833,3717.842,240,411
2022-09-28 20:00:00,3718.342,3722.297,3708.942,3713.236,134,610
2022-09-29 00:00:00,3713.751,3721.297,3704.239,3715.351,240,625
2022-09-29 04:00:00,3715.442,3721.251,3662.854,3671.343,240,649
2022-09-29 08:00:00,3671.251,3696.752,3665.942,3684.742,240,628
2022-09-29 12:00:00,3685.248,3688.499,3616.851,3653.045,240,627
2022-09-29 16:00:00,3652.751,3657.099,3609.251,3642.099,240,467
2022-09-29 20:00:00,3642.042,3657.751,3640.439,3655.399,135,658
2022-09-30 00:00:00,3655.099,3656.851,3630.051,3631.536,240,672
2022-09-30 04:00:00,3631.333,3674.131,3627.333,3673.153,240,664
2022-09-30 08:00:00,3672.909,3680.212,3642.82,3649.553,240,509
2022-09-30 12:00:00,3649.309,3671.735,3613.939,3642.279,240,511
2022-09-30 16:00:00,3642.402,3646.476,3584.07,3585.145,240,508
2022-10-03 00:00:00,3573.52,3595.229,3560.15,3587.732,240,515
2022-10-03 04:00:00,3587.593,3606.296,3577.776,3589.208,240,507
2022-10-03 08:00:00,3588.955,3613.569,3575.825,3613.326,240,513
2022-10-03 12:00:00,3613.091,3667.082,3605.429,3650.392,240,509
2022-10-03 16:00:00,3650.411,3698.52,3646.915,3679.622,240,509
2022-10-03 20:00:00,3679.186,3690.801,3673.613,3689.856,135,609
2022-10-04 00:00:00,3689.91,3710.2,3687.481,3709.023,240,509
2022-10-04 04:00:00,3709.143,3733.571,3705.323,3731.802,240,514
2022-10-04 08:00:00,3731.66,3748.859,3722.7,3739.989,240,511
2022-10-04 12:00:00,3739.926,3789.366,3729.426,3783.27,240,507
2022-10-04 16:00:00,3783.51,3792.463,3753.906,3792.463,240,509
2022-10-04 20:00:00,3792.228,3795.331,3779.483,3782.73,132,606
2022-10-05 00:00:00,3782.489,3782.618,3767.193,3772.612,240,509
2022-10-05 04:00:00,3772.61,3775.381,3763.35,3764.345,237,507
2022-10-05 08:00:00,3764.58,3767.202,3750.192,3756.771,240,510
2022-10-05 12:00:00,3756.623,3763.863,3722.225,3742.8,240,508
2022-10-05 16:00:00,3743.176,3807.011,3735.036,3783.898,240,512
2022-10-05 20:00:00,3784.391,3798.5,3777.849,3797.525,134,609
2022-10-06 00:00:00,3797.765,3805.598,3791.326,3798.608,240,512
2022-10-06 04:00:00,3798.488,3804.085,3773.303,3780.509,240,512
2022-10-06 08:00:00,3780.383,3784.979,3750.48,3762.193,240,514
2022-10-06 12:00:00,3761.953,3798.046,3745.662,3758.855,240,530
2022-10-06 16:00:00,3758.689,3774.478,3738.245,3743.11,240,504
2022-10-06 20:00:00,3743.376,3747.799,3729.49,3733.216,135,606
2022-10-07 00:00:00,3732.981,3748.92,3732.473,3739.289,240,515
2022-10-07 04:00:00,3739.421,3741.202,3719.85,3732.979,240,508
2022-10-07 08:00:00,3732.729,3747.755,3728.13,3742.536,240,508
2022-10-07 12:00:00,3742.599,3750.829,3658.58,3663.863,240,923
2022-10-07 16:00:00,3663.24,3669.009,3620.41,3638.745,240,509
2022-10-07 20:00:00,3638.439,3640.236,3634.233,3636.963,15,613
2022-10-10 00:00:00,3622.143,3633.858,3614.94,3624.93,240,516
2022-10-10 04:00:00,3624.816,3637.218,3615.238,3626.061,240,507
2022-10-10 08:00:00,3625.856,3638.768,3612.152,3634.311,240,508
2022-10-10 12:00:00,3634.552,3655.726,3603.86,3618.666,240,509
2022-10-10 16:00:00,3618.871,3634.351,3588.1,3611.672,240,509
2022-10-10 20:00:00,3611.422,3623.566,3611.422,3619.586,134,608
2022-10-11 00:00:00,3619.478,3622.938,3591.765,3594.316,240,507
2022-10-11 04:00:00,3594.382,3603.056,3572.698,3585.72,240,512
2022-10-11 08:00:00,3585.48,3599.182,3572.276,3598.746,240,509
2022-10-11 12:00:00,3598.439,3625.659,3568.38,3618.29,240,516
2022-10-11 16:00:00,3618.596,3640.895,3567.682,3588.276,240,506
2022-10-11 20:00:00,3588.038,3595.939,3586.536,3592.97,135,608
2022-10-12 00:00:00,3592.723,3604.235,3584.763,3593.676,240,509
2022-10-12 04:00:00,3593.562,3623.366,3592.048,3600.332,240,512
2022-10-12 08:00:00,3600.082,3622.816,3598.333,3609.693,240,511
2022-10-12 12:00:00,3610.201,3620.662,3573.918,3602.648,240,514
2022-10-12 16:00:00,3602.891,3608.601,3575.913,3576.181,240,508
2022-10-12 20:00:00,3575.888,3587.541,3575.888,3586.012,132,604
2022-10-13 00:00:00,3585.522,3590.301,3578.069,3581.599,240,511
2022-10-13 04:00:00,3581.839,3585.721,3569.796,3582.236,240,510
2022-10-13 08:00:00,3582.362,3620.22,3578.26,3611.062,240,507
2022-10-13 12:00:00,3610.866,3663.926,3489.693,3638.432,239,816
2022-10-13 16:00:00,3638.682,3685.001,3619.752,3670.082,240,507
2022-10-13 20:00:00,3669.57,3675.505,3665.705,3667.08,135,609
2022-10-14 00:00:00,3666.608,3702.161,3657.722,3697.18,240,508
2022-10-14 04:00:00,3697.312,3700.858,3669.45,3678.766,240,510
2022-10-14 08:00:00,3678.468,3689.838,3648.131,3661.123,240,509
2022-10-14 12:00:00,3661.306,3721.206,3603.74,3607.422,240,508
2022-10-14 16:00:00,3606.976,3620.812,3580.18,3587.335,240,507
2022-10-14 20:00:00,3588.263,3589.728,3585.27,3588.97,15,609
2022-10-17 00:00:00,3603.496,3605.546,3595.29,3601.651,240,515
2022-10-17 04:00:00,3601.456,3629.166,3599.38,3624.376,240,508
2022-10-17 08:00:00,3624.271,3637.416,3612.856,3630.67,240,508
2022-10-17 12:00:00,3630.42,3690.336,3623.451,3679.358,235,513
2022-10-17 16:00:00,3679.656,3689.366,3669.63,3678.519,240,507
2022-10-17 20:00:00,3678.028,3710.505,3676.729,3707.815,134,606
2022-10-18 00:00:00,3707.559,3735.201,3698.798,3730.235,240,509
2022-10-18 04:00:00,3730.036,3752.288,3721.492,3740.968,240,522
2022-10-18 08:00:00,3740.456,3749.285,3711.6,3745.42,240,508
2022-10-18 12:00:00,3745.558,3765.035,3685.53,3702.356,240,514
2022-10-18 16:00:00,3702.055,3733.876,3692.0,3721.996,240,512
2022-10-18 20:00:00,3721.711,3760.998,3711.7,3751.246,135,608
2022-10-19 00:00:00,3751.056,3762.016,3745.299,3749.838,240,513
2022-10-19 04:00:00,3750.073,3751.199,3715.422,3730.595,240,511
2022-10-19 08:00:00,3730.092,3741.06,3699.4,3709.306,240,508
2022-10-19 12:00:00,3708.743,3729.036,3688.953,3707.829,240,516
2022-10-19 16:00:00,3707.576,3708.636,3665.94,3696.436,240,512
2022-10-19 20:00:00,3696.195,3709.669,3681.26,3685.556,135,608
2022-10-20 00:00:00,3685.366,3692.051,3665.905,3671.966,240,509
2022-10-20 04:00:00,3672.095,3706.082,3668.985,3673.168,240,520
2022-10-20 08:00:00,3673.393,3713.241,3670.431,3703.831,240,507
2022-10-20 12:00:00,3703.711,3736.6,3679.448,3712.256,240,534
2022-10-20 16:00:00,3712.455,3713.683,3656.05,3664.346,240,507
2022-10-20 20:00:00,3664.172,3672.575,3646.232,3651.436,135,611
2022-10-21 00:00:00,3651.812,3665.471,3645.27,3654.975,240,517
2022-10-21 04:00:00,3654.713,3669.166,3648.806,3651.532,240,512
2022-10-21 08:00:00,3651.288,3654.832,3637.155,3643.365,240,508
2022-10-21 12:00:00,3643.745,3716.331,3631.7,3710.116,240,511
2022-10-21 16:00:00,3710.612,3757.939,3702.568,3752.87,240,506
2022-10-21 20:00:00,3752.323,3756.986,3751.083,3754.019,15,615
2022-10-24 00:00:00,3775.953,3782.173,3753.436,3756.442,240,512
2022-10-24 04:00:00,3756.183,3774.349,3736.363,3743.619,239,524
2022-10-24 08:00:00,3743.926,3791.248,3725.751,3780.619,240,506
2022-10-24 12:00:00,3780.489,3797.628,3740.881,3790.998,240,508
2022-10-24 16:00:00,3791.116,3810.881,3776.363,3798.871,240,507
2022-10-24 20:00:00,3798.359,3804.866,3792.666,3798.673,135,610
2022-10-25 00:00:00,3798.799,3805.691,3784.552,3799.128,240,508
2022-10-25 04:00:00,3799.056,3807.288,3793.603,3798.866,240,509
2022-10-25 08:00:00,3799.176,3803.146,3779.54,3785.616,240,508
2022-10-25 12:00:00,3785.309,3849.276,3779.809,3845.345,240,516
2022-10-25 16:00:00,3845.349,3862.948,3833.462,3858.799,240,508
2022-10-25 20:00:00,3859.546,3860.716,3816.786,3821.772,135,608
2022-10-26 00:00:00,3822.019,3828.538,3813.29,3825.588,240,565
2022-10-26 04:00:00,3825.45,3835.662,3819.711,3833.166,240,523
2022-10-26 08:00:00,3833.302,3842.986,3825.225,3830.611,240,506
2022-10-26 12:00:00,3830.488,3886.176,3820.95,3878.389,240,512
2022-10-26 16:00:00,3878.436,3882.606,3825.022,3830.46,240,507
2022-10-26 20:00:00,3830.849,3851.226,3829.296,3849.16,134,607
2022-10-27 00:00:00,3848.922,3856.478,3839.045,3850.268,240,508
2022-10-27 04:00:00,3849.759,3855.346,3835.086,3838.08,210,512
2022-10-27 08:00:00,3837.896,3847.52,3823.42,3825.976,240,509
2022-10-27 12:00:00,3826.175,3860.222,3815.033,3824.023,240,514
2022-10-27 16:00:00,3823.776,3837.631,3803.673,3809.693,240,506
2022-10-27 20:00:00,3810.078,3813.505,3766.393,3785.069,135,607
2022-10-28 00:00:00,3785.322,3802.812,3780.971,3794.025,240,512
2022-10-28 04:00:00,3793.908,3795.518,3766.752,3771.722,240,508
2022-10-28 08:00:00,3771.975,3795.166,3768.518,3789.323,240,507
2022-10-28 12:00:00,3789.57,3872.821,3778.04,3867.746,240,524
2022-10-28 16:00:00,3867.578,3905.408,3860.22,3900.726,240,509
2022-10-28 20:00:00,3900.482,3905.446,3898.945,3905.392,15,606
2022-10-31 00:00:00,3895.606,3900.166,3885.408,3897.485,240,505
2022-10-31 04:00:00,3897.738,3899.286,3886.656,3895.789,239,510
2022-10-31 08:00:00,3896.051,3896.051,3873.79,3884.098,240,507
2022-10-31 12:00:00,3884.475,3893.222,3861.722,3879.969,240,517
2022-10-31 16:00:00,3880.276,3889.381,3865.022,3872.281,240,506
2022-10-31 20:00:00,3873.278,3880.986,3869.463,3878.046,132,606
2022-11-01 00:00:00,3878.296,3890.115,3876.73,3887.242,240,508
2022-11-01 04:00:00,3887.486,3901.251,3883.483,3894.733,239,511
2022-11-01 08:00:00,3894.362,3911.742,3893.989,3909.733,240,511
2022-11-01 12:00:00,3909.983,3917.242,3842.58,3854.911,240,511
2022-11-01 16:00:00,3854.652,3868.543,3849.305,3855.496,240,508
2022-11-01 20:00:00,3855.069,3858.889,3845.945,3855.216,134,608
2022-11-02 00:00:00,3855.593,3868.806,3851.489,3865.101,240,508
2022-11-02 04:00:00,3865.091,3869.085,3857.169,3860.416,240,506
2022-11-02 08:00:00,3860.792,3871.928,3852.16,3861.181,240,506
2022-11-02 12:00:00,3860.533,3862.428,3830.91,3836.378,240,515
2022-11-02 16:00:00,3836.625,3895.942,3758.101,3758.101,240,507
2022-11-02 20:00:00,3758.345,3760.812,3746.91,3750.046,135,610
2022-11-03 00:00:00,3749.805,3770.581,3747.583,3767.835,239,506
2022-11-03 04:00:00,3768.323,3773.132,3752.946,3759.773,240,513
2022-11-03 08:00:00,3759.893,3766.519,3725.861,3729.645,238,508
2022-11-03 12:00:00,3729.401,3745.59,3696.26,3725.125,240,513
2022-11-03 16:00:00,3724.866,3749.625,3717.866,3718.366,240,506
2022-11-03 20:00:00,3718.331,3723.313,3707.501,3712.625,134,607
2022-11-04 00:00:00,3712.878,3720.378,3711.98,3719.878,239,507
2022-11-04 04:00:00,3719.983,3741.676,3719.11,3726.242,239,514
2022-11-04 08:00:00,3726.116,3755.995,3724.36,3750.619,236,506
2022-11-04 12:00:00,3750.872,3797.128,3715.613,3717.372,240,786
2022-11-04 16:00:00,3717.119,3773.131,3707.625,3772.296,240,510
2022-11-04 20:00:00,3772.11,3776.831,3765.81,3766.331,15,607
2022-11-07 00:00:00,3743.489,3768.122,3742.495,3763.881,240,508
2022-11-07 04:00:00,3763.73,3772.426,3751.128,3752.128,239,519
2022-11-07 08:00:00,3751.796,3796.631,3749.366,3791.296,240,509
2022-11-07 12:00:00,3791.176,3796.622,3763.119,3784.176,240,508
2022-11-07 16:00:00,3783.878,3808.046,3766.175,3801.673,240,506
2022-11-07 20:00:00,3801.923,3813.598,3801.36,3808.406,135,508
2022-11-08 00:00:00,3808.09,3819.571,3804.662,3808.171,240,512
2022-11-08 04:00:00,3808.412,3809.956,3797.963,3799.783,239,523
2022-11-08 08:00:00,3800.298,3823.428,3792.331,3822.152,240,510
2022-11-08 12:00:00,3822.01,3841.406,3803.171,3838.871,240,512
2022-11-08 16:00:00,3839.368,3859.432,3785.75,3814.456,240,516
2022-11-08 20:00:00,3814.326,3849.076,3813.526,3834.396,135,508
2022-11-09 00:00:00,3833.83,3840.571,3818.7,3822.246,240,509
2022-11-09 04:00:00,3822.436,3834.289,3817.25,3826.136,240,507
2022-11-09 08:00:00,3826.765,3836.988,3804.328,3822.052,240,507
2022-11-09 12:00:00,3821.799,3827.072,3782.646,3789.681,240,513
2022-11-09 16:00:00,3789.913,3809.956,3752.94,3755.705,240,509
2022-11-09 20:00:00,3755.449,3769.091,3743.699,3750.84,135,514
2022-11-10 00:00:00,3750.729,3760.366,3749.371,3754.72,240,507
2022-11-10 04:00:00,3754.605,3761.118,3748.625,3752.369,239,515
2022-11-10 08:00:00,3752.249,3764.891,3750.373,3759.381,240,513
2022-11-10 12:00:00,3759.056,3914.395,3754.196,3911.623,240,510
2022-11-10 16:00:00,3911.873,3930.936,3897.336,3929.946,240,506
2022-11-10 20:00:00,3929.711,3966.986,3927.472,3964.442,135,510
2022-11-11 00:00:00,3964.819,3966.18,3949.866,3954.318,239,513
2022-11-11 04:00:00,3953.93,3987.761,3952.06,3986.74,240,516
2022-11-11 08:00:00,3986.259,3990.021,3965.646,3973.142,240,509
2022-11-11 12:00:00,3972.762,3983.376,3944.103,3970.819,240,512
2022-11-11 16:00:00,3971.316,4001.341,3948.109,4000.146,240,510
2022-11-11 20:00:00,4000.351,4001.505,3981.286,3992.796,75,509
2022-11-14 00:00:00,3983.749,3987.899,3976.936,3984.173,240,510
2022-11-14 04:00:00,3983.923,3985.495,3974.236,3981.912,239,514
2022-11-14 08:00:00,3981.795,3988.745,3969.143,3976.735,240,507
2022-11-14 12:00:00,3976.621,3996.159,3965.899,3991.501,240,510
2022-11-14 16:00:00,3991.128,4008.845,3970.628,3994.485,234,509
2022-11-14 20:00:00,3994.852,4002.139,3955.861,3965.351,135,507
2022-11-15 00:00:00,3965.469,3976.882,3963.35,3975.446,240,509
2022-11-15 04:00:00,3975.641,3988.211,3973.38,3982.378,239,518
2022-11-15 08:00:00,3982.615,3991.031,3977.7,3987.471,235,510
2022-11-15 12:00:00,3987.838,4042.315,3983.456,4009.826,240,510
2022-11-15 16:00:00,4009.351,4022.969,3952.28,3994.216,240,510
2022-11-15 20:00:00,3994.286,4002.378,3975.399,3987.258,135,510
2022-11-16 00:00:00,3987.056,3990.606,3971.871,3986.866,240,508
2022-11-16 04:00:00,3986.562,4007.111,3978.56,4003.86,240,513
2022-11-16 08:00:00,4003.98,4006.735,3987.403,3990.13,240,506
2022-11-16 12:00:00,3989.456,3994.012,3957.763,3960.966,240,509
2022-11-16 16:00:00,3960.732,3982.386,3955.296,3967.522,240,506
2022-11-16 20:00:00,3967.399,3970.359,3953.786,3967.649,135,512
2022-11-17 00:00:00,3967.519,3970.792,3958.972,3963.248,240,509
2022-11-17 04:00:00,3963.483,3980.262,3960.75,3974.812,239,517
2022-11-17 08:00:00,3974.556,3981.295,3927.25,3937.486,240,509
2022-11-17 12:00:00,3937.729,3939.599,3903.75,3910.27,240,508
2022-11-17 16:00:00,3910.153,3954.648,3908.083,3936.349,240,505
2022-11-17 20:00:00,3936.611,3956.515,3921.43,3945.692,135,507
2022-11-18 00:00:00,3946.183,3953.941,3944.699,3950.742,240,510
2022-11-18 04:00:00,3950.616,3950.998,3937.323,3943.838,240,515
2022-11-18 08:00:00,3943.576,3974.992,3936.0,3971.276,240,511
2022-11-18 12:00:00,3971.035,3986.096,3947.373,3950.389,240,508
2022-11-18 16:00:00,3950.196,3964.536,3935.088,3951.993,240,507
2022-11-18 20:00:00,3951.625,3974.91,3951.243,3962.261,75,510
2022-11-21 00:00:00,3962.359,3963.621,3949.206,3955.216,240,507
2022-11-21 04:00:00,3955.156,3957.752,3946.773,3947.546,240,511
2022-11-21 08:00:00,3947.808,3955.281,3941.935,3944.36,240,508
2022-11-21 12:00:00,3944.86,3962.898,3936.713,3943.135,240,506
2022-11-21 16:00:00,3942.876,3960.53,3932.14,3949.181,240,509
2022-11-21 20:00:00,3949.425,3955.698,3944.496,3951.629,134,509
2022-11-22 00:00:00,3951.74,3959.892,3951.382,3955.966,239,508
2022-11-22 04:00:00,3955.849,3956.296,3943.579,3949.111,238,506
2022-11-22 08:00:00,3949.592,3962.141,3937.642,3954.96,240,506
2022-11-22 12:00:00,3955.349,3982.786,3952.979,3981.332,240,512
2022-11-22 16:00:00,3981.459,3994.686,3971.88,3993.639,240,516
2022-11-22 20:00:00,3993.386,4005.118,3992.889,4004.276,135,508
2022-11-23 00:00:00,4004.466,4007.276,3999.171,4001.308,237,515
2022-11-23 04:00:00,4001.106,4009.336,3999.309,4008.091,232,519
2022-11-23 08:00:00,4008.092,4014.446,4001.366,4009.765,240,511
2022-11-23 12:00:00,4009.889,4030.156,3995.422,4025.806,240,518
2022-11-23 16:00:00,4026.05,4033.206,3998.016,4026.55,240,510
2022-11-23 20:00:00,4026.866,4035.575,4021.663,4035.31,132,511
2022-11-24 00:00:00,4035.451,4038.126,4034.063,4035.813,236,508
2022-11-24 04:00:00,4035.996,4038.876,4032.56,4033.626,232,515
2022-11-24 08:00:00,4033.828,4043.331,4031.813,4042.825,238,520
2022-11-24 12:00:00,4042.68,4043.626,4033.319,4041.072,239,512
2022-11-24 16:00:00,4040.939,4041.825,4037.56,4038.578,115,509
2022-11-24 20:00:00,4038.195,4040.322,4036.942,4038.316,52,563
2022-11-25 00:00:00,4038.578,4038.626,4033.81,4036.575,235,510
2022-11-25 04:00:00,4036.813,4040.066,4034.816,4035.819,228,503
2022-11-25 08:00:00,4035.686,4040.078,4026.81,4031.316,240,513
2022-11-25 12:00:00,4031.56,4035.828,4019.319,4030.81,240,507
2022-11-25 16:00:00,4031.072,4033.828,4023.063,4027.575,134,507
2022-11-28 00:00:00,4010.18,4012.376,3995.876,4000.581,238,521
2022-11-28 04:00:00,4000.825,4006.876,3992.201,4002.581,235,510
2022-11-28 08:00:00,4002.695,4012.831,3986.572,3997.072,240,507
2022-11-28 12:00:00,3997.198,4012.081,3988.706,3989.75,240,506
2022-11-28 16:00:00,3989.518,3998.696,3962.68,3964.418,240,510
2022-11-28 20:00:00,3964.665,3967.891,3955.543,3966.149,135,507
2022-11-29 00:00:00,3965.912,3976.448,3964.153,3976.189,240,521
2022-11-29 04:00:00,3976.43,3982.035,3974.005,3979.315,238,512
2022-11-29 08:00:00,3979.616,3985.081,3968.613,3978.639,240,507
2022-11-29 12:00:00,3978.446,3978.706,3956.506,3967.06,240,507
2022-11-29 16:00:00,3967.566,3969.065,3936.989,3951.216,240,507
2022-11-29 20:00:00,3951.472,3959.079,3948.743,3952.646,134,511
2022-11-30 00:00:00,3952.845,3961.856,3951.839,3960.681,239,510
2022-11-30 04:00:00,3960.922,3965.216,3959.45,3963.23,239,513
2022-11-30 08:00:00,3963.748,3972.272,3960.063,3965.3,240,506
2022-11-30 12:00:00,3965.55,3973.986,3941.518,3944.74,240,508
2022-11-30 16:00:00,3945.186,4037.908,3937.663,4035.481,240,517
2022-11-30 20:00:00,4035.719,4090.121,4033.723,4085.142,135,507
2022-12-01 00:00:00,4084.765,4087.749,4074.96,4081.223,240,511
2022-12-01 04:00:00,4080.985,4088.49,4076.92,4080.169,237,522
2022-12-01 08:00:00,4080.048,4082.051,4066.638,4074.186,240,517
2022-12-01 12:00:00,4074.436,4099.675,4049.943,4078.565,240,509
2022-12-01 16:00:00,4078.552,4084.336,4057.81,4082.045,240,513
2022-12-01 20:00:00,4082.292,4087.506,4070.81,4072.87,134,508
2022-12-02 00:00:00,4072.62,4072.62,4060.91,4068.202,239,519
2022-12-02 04:00:00,4067.943,4073.513,4064.975,4070.298,233,519
2022-12-02 08:00:00,4070.78,4079.618,4067.366,4072.448,240,508
2022-12-02 12:00:00,4072.571,4079.741,4002.31,4042.998,240,511
2022-12-02 16:00:00,4042.492,4068.662,4038.469,4067.799,240,507
2022-12-02 20:00:00,4067.561,4080.806,4060.535,4066.145,75,507
2022-12-05 00:00:00,4067.426,4069.902,4063.543,4068.786,239,510
2022-12-05 04:00:00,4068.855,4068.979,4057.413,4059.052,237,509
2022-12-05 08:00:00,4059.296,4061.43,4050.08,4060.136,240,507
2022-12-05 12:00:00,4060.015,4060.383,4021.702,4035.732,240,512
2022-12-05 16:00:00,4035.985,4041.909,3983.929,3991.129,240,512
2022-12-05 20:00:00,3990.87,4006.422,3988.091,4004.246,135,510
2022-12-06 00:00:00,4004.565,4010.731,4003.281,4006.291,239,508
2022-12-06 04:00:00,4006.393,4006.785,3996.59,4000.37,238,505
2022-12-06 08:00:00,4000.641,4010.411,3992.446,4001.979,240,511
2022-12-06 12:00:00,4001.729,4007.739,3949.663,3956.14,240,522
2022-12-06 16:00:00,3955.89,3960.412,3918.25,3926.67,240,513
2022-12-06 20:00:00,3926.923,3945.785,3921.59,3944.042,135,506
2022-12-07 00:00:00,3944.288,3950.186,3941.053,3949.873,240,509
2022-12-07 04:00:00,3949.806,3950.391,3936.485,3940.24,236,509
2022-12-07 08:00:00,3940.505,3947.028,3923.85,3926.622,240,512
2022-12-07 12:00:00,3926.866,3955.976,3911.035,3952.232,240,508
2022-12-07 16:00:00,3952.356,3957.766,3924.931,3930.602,240,513
2022-12-07 20:00:00,3930.349,3936.22,3922.566,3933.979,134,512
2022-12-08 00:00:00,3933.85,3934.546,3912.529,3929.838,240,504
2022-12-08 04:00:00,3929.95,3943.912,3926.86,3940.91,239,508
2022-12-08 08:00:00,3941.166,3946.13,3933.695,3943.763,240,510
2022-12-08 12:00:00,3943.576,3974.441,3934.783,3967.056,240,509
2022-12-08 16:00:00,3967.306,3973.526,3946.019,3956.231,240,507
2022-12-08 20:00:00,3956.093,3966.583,3949.581,3960.23,133,508
2022-12-09 00:00:00,3959.73,3973.322,3957.743,3971.876,226,529
2022-12-09 04:00:00,3972.126,3980.396,3970.852,3977.418,227,540
2022-12-09 08:00:00,3977.903,3980.241,3967.705,3977.502,240,507
2022-12-09 12:00:00,3977.743,3987.566,3927.986,3972.129,240,519
2022-12-09 16:00:00,3972.391,3976.896,3951.331,3959.096,240,509
2022-12-09 20:00:00,3958.798,3963.586,3931.34,3934.852,75,507
2022-12-12 00:00:00,3925.893,3931.576,3923.283,3929.612,239,510
2022-12-12 04:00:00,3929.871,3936.496,3929.615,3932.205,237,510
2022-12-12 08:00:00,3932.458,3948.515,3929.206,3946.288,240,509
2022-12-12 12:00:00,3945.788,3950.581,3936.12,3945.972,239,507
2022-12-12 16:00:00,3946.222,3969.745,3944.235,3968.242,240,510
2022-12-12 20:00:00,3968.723,3990.349,3968.492,3987.533,135,507
2022-12-13 00:00:00,3987.786,3990.141,3982.713,3983.336,237,508
2022-12-13 04:00:00,3983.213,3996.335,3982.23,3992.47,237,506
2022-12-13 08:00:00,3992.735,4012.856,3987.298,4010.083,240,507
2022-12-13 12:00:00,4009.851,4136.192,4006.393,4045.102,240,515
2022-12-13 16:00:00,4045.216,4059.276,3991.629,4016.826,240,507
2022-12-13 20:00:00,4016.529,4031.249,3999.799,4019.742,135,506
2022-12-14 00:00:00,4019.499,4036.582,4016.39,4033.625,240,509
2022-12-14 04:00:00,4033.862,4034.971,4022.12,4022.556,236,514
2022-12-14 08:00:00,4022.739,4026.665,4010.63,4020.491,240,512
2022-12-14 12:00:00,4020.735,4044.945,4009.609,4042.822,240,509
2022-12-14 16:00:00,4042.866,4053.928,3963.205,3989.056,240,511
2022-12-14 20:00:00,3989.306,4035.975,3977.76,4002.711,135,508
2022-12-15 00:00:00,4002.465,4007.646,3990.151,3996.263,240,509
2022-12-15 04:00:00,3996.401,4000.546,3971.463,3973.458,238,516
2022-12-15 08:00:00,3973.68,3977.13,3947.376,3960.141,240,507
2022-12-15 12:00:00,3959.901,3961.946,3902.302,3906.861,240,508
2022-12-15 16:00:00,3906.656,3911.036,3878.529,3901.566,240,506
2022-12-15 20:00:00,3901.266,3908.186,3888.975,3895.566,135,510
2022-12-16 00:00:00,3895.828,3903.746,3893.063,3897.791,240,509
2022-12-16 04:00:00,3897.956,3901.816,3884.773,3885.531,240,516
2022-12-16 08:00:00,3886.028,3890.968,3841.546,3853.463,240,513
2022-12-16 12:00:00,3853.465,3882.428,3835.519,3847.566,240,513
2022-12-16 16:00:00,3847.816,3852.078,3827.086,3846.095,240,506
2022-12-16 20:00:00,3846.348,3866.341,3840.265,3844.465,75,507
2022-12-19 00:00:00,3853.075,3861.621,3852.835,3857.503,240,513
2022-12-19 04:00:00,3857.278,3860.736,3848.386,3857.6,235,512
2022-12-19 08:00:00,3857.368,3871.376,3856.372,3861.693,240,507
2022-12-19 12:00:00,3861.588,3865.082,3832.838,3833.573,240,508
2022-12-19 16:00:00,3833.835,3835.636,3799.07,3803.082,240,511
2022-12-19 20:00:00,3803.386,3824.466,3798.886,3822.68,135,506
2022-12-20 00:00:00,3822.433,3826.411,3784.902,3787.975,240,513
2022-12-20 04:00:00,3787.726,3796.856,3775.929,3791.088,240,524
2022-12-20 08:00:00,3790.7,3820.373,3784.971,3814.473,240,510
2022-12-20 12:00:00,3814.353,3837.871,3794.95,3829.191,240,513
2022-12-20 16:00:00,3828.932,3838.366,3804.756,3823.343,240,508
2022-12-20 20:00:00,3823.595,3836.306,3817.176,3834.086,135,509
2022-12-21 00:00:00,3834.276,3846.589,3828.363,3841.032,240,507
2022-12-21 04:00:00,3841.161,3842.188,3832.623,3840.376,239,511
2022-12-21 08:00:00,3840.196,3848.306,3829.651,3843.205,240,513
2022-12-21 12:00:00,3843.746,3881.976,3834.723,3881.688,240,508
2022-12-21 16:00:00,3882.046,3889.921,3870.266,3876.873,240,514
2022-12-21 20:00:00,3877.122,3887.076,3868.53,3883.14,135,510
2022-12-22 00:00:00,3882.905,3891.246,3879.0,3889.288,237,511
2022-12-22 04:00:00,3889.02,3890.816,3881.981,3883.511,237,523
2022-12-22 08:00:00,3883.373,3891.17,3867.213,3871.49,240,513
2022-12-22 12:00:00,3871.752,3874.526,3803.363,3805.176,240,515
2022-12-22 16:00:00,3804.926,3810.446,3763.638,3800.569,240,511
2022-12-22 20:00:00,3800.698,3830.292,3797.755,3822.398,134,509
2022-12-23 00:00:00,3822.145,3832.716,3811.732,3831.443,240,508
2022-12-23 04:00:00,3831.636,3831.756,3822.082,3825.419,240,514
2022-12-23 08:00:00,3825.671,3839.993,3819.21,3829.126,240,509
2022-12-23 12:00:00,3828.82,3845.396,3795.49,3823.749,240,506
2022-12-23 16:00:00,3824.005,3844.258,3815.993,3841.496,240,507
2022-12-23 20:00:00,3841.743,3846.755,3832.005,3843.208,74,506
2022-12-26 20:00:00,3851.676,3869.505,3851.676,3867.863,60,572
2022-12-27 00:00:00,3867.993,3874.806,3863.758,3867.993,238,507
2022-12-27 04:00:00,3867.761,3870.496,3864.496,3869.246,234,520
2022-12-27 08:00:00,3869.176,3874.755,3862.255,3868.616,240,512
2022-12-27 12:00:00,3868.556,3869.008,3811.743,3835.005,240,507
2022-12-27 16:00:00,3834.631,3847.056,3820.24,3828.755,240,506
2022-12-27 20:00:00,3828.999,3839.011,3826.686,3829.97,134,511
2022-12-28 00:00:00,3831.33,3836.226,3825.449,3831.262,240,512
2022-12-28 04:00:00,3831.512,3841.706,3829.04,3841.206,237,508
2022-12-28 08:00:00,3841.035,3844.148,3827.079,3840.509,240,511
2022-12-28 12:00:00,3840.762,3849.746,3808.693,3809.686,240,508
2022-12-28 16:00:00,3809.461,3817.688,3788.395,3799.671,240,509
2022-12-28 20:00:00,3799.906,3800.146,3779.926,3787.105,135,506
2022-12-29 00:00:00,3787.355,3788.646,3781.308,3784.598,239,513
2022-12-29 04:00:00,3784.336,3789.708,3782.879,3788.961,235,525
2022-12-29 08:00:00,3789.196,3801.836,3786.475,3798.486,240,510
2022-12-29 12:00:00,3798.618,3847.145,3796.795,3845.662,240,509
2022-12-29 16:00:00,3845.909,3858.305,3837.302,3850.152,240,509
2022-12-29 20:00:00,3849.9,3855.571,3841.639,3842.01,133,510
2022-12-30 00:00:00,3842.139,3845.956,3838.45,3844.668,236,531
2022-12-30 04:00:00,3844.966,3844.966,3829.572,3834.186,233,506
2022-12-30 08:00:00,3834.56,3839.746,3824.872,3832.591,240,514
2022-12-30 12:00:00,3832.329,3834.328,3804.899,3817.763,240,514
2022-12-30 16:00:00,3817.576,3824.781,3797.826,3804.428,240,512
2022-12-30 20:00:00,3804.672,3839.381,3803.919,3838.881,60,510
2023-01-02 20:00:00,3872.998,3877.176,3846.11,3848.61,60,627
2023-01-03 00:00:00,3848.381,3848.872,3820.11,3843.86,240,512
2023-01-03 04:00:00,3844.131,3859.176,3840.86,3858.926,240,508
2023-01-03 08:00:00,3859.116,3883.863,3849.61,3854.483,240,507
2023-01-03 12:00:00,3854.128,3878.625,3814.866,3834.628,240,510
2023-01-03 16:00:00,3834.378,3837.176,3792.915,3815.111,240,506
2023-01-03 20:00:00,3815.339,3826.915,3813.106,3822.689,134,509
2023-01-04 00:00:00,3822.063,3831.516,3821.002,3826.601,237,520
2023-01-04 04:00:00,3826.851,3835.969,3825.436,3835.191,239,508
2023-01-04 08:00:00,3834.698,3844.206,3831.683,3837.998,240,508
2023-01-04 12:00:00,3838.229,3856.258,3814.321,3843.766,240,511
2023-01-04 16:00:00,3844.013,3873.492,3825.999,3847.118,240,507
2023-01-04 20:00:00,3846.853,3855.493,3826.531,3850.086,133,509
2023-01-05 00:00:00,3850.2,3852.265,3834.631,3840.813,240,506
2023-01-05 04:00:00,3841.126,3851.806,3837.73,3839.776,240,515
2023-01-05 08:00:00,3839.848,3860.396,3833.93,3856.132,240,508
2023-01-05 12:00:00,3855.882,3862.799,3802.008,3807.843,240,511
2023-01-05 16:00:00,3807.605,3830.848,3801.95,3821.859,240,507
2023-01-05 20:00:00,3822.09,3822.099,3802.899,3813.968,135,508
2023-01-06 00:00:00,3813.896,3827.966,3813.673,3824.91,238,506
2023-01-06 04:00:00,3825.052,3827.925,3810.593,3811.098,235,511
2023-01-06 08:00:00,3811.351,3815.435,3803.055,3809.179,240,508
2023-01-06 12:00:00,3809.486,3869.481,3798.23,3866.74,240,507
2023-01-06 16:00:00,3866.993,3901.125,3863.816,3898.632,240,508
2023-01-06 20:00:00,3898.882,3906.079,3889.39,3891.369,75,506
2023-01-09 00:00:00,3900.641,3905.261,3897.793,3902.46,239,519
2023-01-09 04:00:00,3902.333,3909.356,3896.402,3897.86,235,523
2023-01-09 08:00:00,3897.505,3912.906,3895.148,3907.018,240,507
2023-01-09 12:00:00,3906.778,3946.086,3904.603,3939.763,240,505
2023-01-09 16:00:00,3940.265,3950.589,3901.215,3902.682,240,510
2023-01-09 20:00:00,3902.92,3905.666,3887.206,3889.433,134,508
2023-01-10 00:00:00,3889.806,3890.826,3876.076,3879.803,240,516
2023-01-10 04:00:00,3880.059,3888.832,3879.813,3885.235,237,510
2023-01-10 08:00:00,3885.478,3893.729,3877.226,3880.361,240,514
2023-01-10 12:00:00,3880.099,3913.416,3869.943,3897.375,240,512
2023-01-10 16:00:00,3896.99,3915.806,3885.559,3908.67,240,506
2023-01-10 20:00:00,3908.486,3921.749,3901.496,3920.75,134,512
2023-01-11 00:00:00,3920.525,3925.085,3917.7,3920.946,239,523
2023-01-11 04:00:00,3921.202,3924.491,3913.04,3914.14,238,510
2023-01-11 08:00:00,3914.016,3932.986,3913.862,3927.726,240,516
2023-01-11 12:00:00,3927.488,3945.068,3920.839,3929.6,240,510
2023-01-11 16:00:00,3929.353,3958.946,3928.843,3956.5,240,511
2023-01-11 20:00:00,3956.636,3970.203,3954.05,3966.263,135,511
2023-01-12 00:00:00,3966.515,3969.076,3963.646,3967.678,234,508
2023-01-12 04:00:00,3967.925,3973.868,3963.725,3966.596,231,524
2023-01-12 08:00:00,3966.4,3970.616,3963.55,3968.833,240,510
2023-01-12 12:00:00,3969.101,4000.002,3933.151,3967.705,240,510
2023-01-12 16:00:00,3968.256,3997.752,3956.6,3986.972,240,508
2023-01-12 20:00:00,3986.741,3988.506,3972.012,3984.051,134,514
2023-01-13 00:00:00,3984.346,3987.966,3970.748,3973.571,240,512
2023-01-13 04:00:00,3973.811,3981.506,3972.316,3980.802,235,512
2023-01-13 08:00:00,3981.055,3986.159,3966.963,3968.196,240,512
2023-01-13 12:00:00,3968.332,3981.261,3942.073,3977.241,240,506
2023-01-13 16:00:00,3977.09,3991.299,3965.573,3989.558,240,509
2023-01-13 20:00:00,3989.802,4003.929,3989.03,3995.672,75,512
2023-01-16 00:00:00,3994.966,4008.77,3993.35,4005.858,236,513
2023-01-16 04:00:00,4006.108,4006.156,3994.5,3996.759,230,516
2023-01-16 08:00:00,3996.398,3997.262,3977.378,3989.875,239,509
2023-01-16 12:00:00,3989.619,4000.926,3985.622,3998.631,240,512
2023-01-16 16:00:00,3998.369,3999.881,3988.86,3989.619,118,511
2023-01-16 20:00:00,3991.369,3996.926,3990.426,3993.61,60,513
2023-01-17 00:00:00,3993.86,3997.926,3983.86,3986.363,240,508
2023-01-17 04:00:00,3986.613,3987.926,3981.11,3985.11,237,508
2023-01-17 08:00:00,3984.881,3991.426,3981.613,3990.748,240,508
2023-01-17 12:00:00,3990.869,4015.619,3982.875,3995.65,240,507
2023-01-17 16:00:00,3995.466,4001.616,3983.82,3994.736,240,512
2023-01-17 20:00:00,3994.433,3999.196,3978.116,3981.725,135,509
2023-01-18 00:00:00,3981.611,4009.518,3977.509,3991.306,240,505
2023-01-18 04:00:00,3991.556,4000.926,3989.58,3997.622,239,512
2023-01-18 08:00:00,3997.369,4001.666,3989.198,3997.426,239,511
2023-01-18 12:00:00,3997.236,4014.688,3978.136,3985.321,240,519
2023-01-18 16:00:00,3985.546,3987.285,3938.59,3944.518,240,507
2023-01-18 20:00:00,3944.392,3948.955,3925.051,3928.28,134,509
2023-01-19 00:00:00,3928.406,3928.836,3919.289,3922.3,240,508
2023-01-19 04:00:00,3922.433,3926.551,3913.933,3919.37,236,517
2023-01-19 08:00:00,3919.518,3926.7,3898.052,3901.009,240,509
2023-01-19 12:00:00,3900.636,3915.998,3887.929,3891.889,240,511
2023-01-19 16:00:00,3892.142,3922.985,3885.033,3917.01,240,510
2023-01-19 20:00:00,3917.272,3921.199,3897.376,3900.51,135,510
2023-01-20 00:00:00,3900.826,3908.72,3900.27,3905.521,238,514
2023-01-20 04:00:00,3905.768,3915.538,3905.0,3913.545,231,507
2023-01-20 08:00:00,3913.65,3914.03,3894.696,3901.955,240,507
2023-01-20 12:00:00,3901.706,3924.226,3895.413,3919.286,240,513
2023-01-20 16:00:00,3919.485,3956.146,3918.489,3955.589,240,507
2023-01-20 20:00:00,3956.083,3972.858,3956.083,3968.869,75,513
2023-01-23 00:00:00,3967.606,3971.116,3964.81,3968.639,222,506
2023-01-23 04:00:00,3968.768,3976.4,3967.113,3971.866,232,511
2023-01-23 08:00:00,3971.616,3977.926,3963.119,3965.631,240,510
2023-01-23 12:00:00,3965.875,4015.628,3965.86,4011.616,240,511
2023-01-23 16:00:00,4011.872,4039.628,4000.125,4008.122,240,509
2023-01-23 20:00:00,4007.869,4022.878,4003.36,4015.372,134,508
2023-01-24 00:00:00,4015.119,4021.631,4014.61,4018.176,216,522
2023-01-24 04:00:00,4017.926,4023.875,4014.86,4017.128,214,503
2023-01-24 08:00:00,4017.363,4020.381,4006.122,4009.613,240,511
2023-01-24 12:00:00,4009.875,4020.18,3988.631,4017.739,240,506
2023-01-24 16:00:00,4017.976,4024.086,4005.095,4021.259,240,507
2023-01-24 20:00:00,4021.493,4030.511,3998.309,4001.545,135,511
2023-01-25 00:00:00,4001.801,4003.836,3994.132,4001.352,234,522
2023-01-25 04:00:00,4001.596,4005.726,3997.429,4005.006,237,526
2023-01-25 08:00:00,4005.19,4006.961,3980.449,3984.841,240,506
2023-01-25 12:00:00,3984.718,3988.558,3948.239,3961.941,240,509
2023-01-25 16:00:00,3961.736,4014.486,3959.65,4010.188,240,507
2023-01-25 20:00:00,4010.476,4023.119,4005.063,4021.231,135,509
2023-01-26 00:00:00,4021.481,4023.566,4014.831,4019.632,237,508
2023-01-26 04:00:00,4019.873,4031.602,4019.206,4025.976,234,508
2023-01-26 08:00:00,4026.296,4032.88,4018.378,4023.832,240,507
2023-01-26 12:00:00,4023.591,4052.306,4012.972,4015.925,240,510
2023-01-26 16:00:00,4015.793,4049.331,4012.939,4047.018,240,508
2023-01-26 20:00:00,4047.24,4061.622,4043.863,4047.443,135,512
2023-01-27 00:00:00,4047.338,4051.948,4046.276,4046.791,233,520
2023-01-27 04:00:00,4046.535,4051.041,4043.603,4047.655,217,515
2023-01-27 08:00:00,4047.946,4053.419,4042.191,4050.892,239,512
2023-01-27 12:00:00,4050.652,4078.878,4043.723,4053.968,240,513
2023-01-27 16:00:00,4053.703,4088.343,4050.008,4087.106,240,511
2023-01-27 20:00:00,4087.603,4094.053,4066.8,4069.548,75,512
2023-01-30 00:00:00,4064.555,4068.612,4057.49,4060.75,235,507
2023-01-30 04:00:00,4060.531,4062.261,4046.013,4047.766,238,511
2023-01-30 08:00:00,4047.696,4047.696,4025.266,4029.531,240,511
2023-01-30 12:00:00,4030.025,4063.076,4029.778,4041.953,240,508
2023-01-30 16:00:00,4041.481,4050.906,4021.503,4025.222,240,512
2023-01-30 20:00:00,4025.472,4029.895,4015.236,4029.085,134,508
2023-01-31 00:00:00,4028.823,4029.386,4012.51,4013.272,240,510
2023-01-31 04:00:00,4012.896,4027.068,4012.523,4025.831,239,514
2023-01-31 08:00:00,4025.945,4027.116,3993.532,4004.225,240,508
2023-01-31 12:00:00,4004.472,4045.161,4004.005,4041.346,240,513
2023-01-31 16:00:00,4041.542,4059.346,4037.013,4056.831,240,508
2023-01-31 20:00:00,4057.066,4076.866,4048.326,4066.84,135,510
2023-02-01 00:00:00,4066.611,4071.626,4061.29,4065.466,238,507
2023-02-01 04:00:00,4065.33,4068.692,4064.24,4067.579,236,521
2023-02-01 08:00:00,4067.886,4070.636,4057.468,4064.286,240,507
2023-02-01 12:00:00,4063.979,4076.196,4051.935,4053.611,240,514
2023-02-01 16:00:00,4053.83,4115.153,4035.926,4103.589,240,508
2023-02-01 20:00:00,4103.71,4149.095,4103.579,4136.032,135,507
2023-02-02 00:00:00,4135.77,4136.788,4122.99,4129.221,240,510
2023-02-02 04:00:00,4129.329,4134.952,4128.72,4129.559,236,509
2023-02-02 08:00:00,4129.928,4147.016,4129.04,4135.526,240,508
2023-02-02 12:00:00,4135.71,4183.36,4130.969,4178.426,240,511
2023-02-02 16:00:00,4178.878,4195.332,4149.182,4150.403,240,509
2023-02-02 20:00:00,4150.656,4193.949,4144.422,4152.326,135,509
2023-02-03 00:00:00,4152.57,4160.586,4151.443,4156.451,240,508
2023-02-03 04:00:00,4156.698,4160.236,4145.789,4149.026,238,511
2023-02-03 08:00:00,4149.279,4151.496,4140.349,4147.925,240,508
2023-02-03 12:00:00,4147.678,4179.761,4120.486,4168.906,240,522
2023-02-03 16:00:00,4169.042,4182.346,4127.609,4130.333,240,506
2023-02-03 20:00:00,4130.598,4142.032,4123.079,4133.215,74,510
2023-02-06 00:00:00,4128.016,4129.148,4120.136,4121.281,239,513
2023-02-06 04:00:00,4121.016,4123.531,4114.01,4117.769,239,527
2023-02-06 08:00:00,4118.278,4120.281,4094.26,4103.525,240,507
2023-02-06 12:00:00,4103.148,4120.022,4092.272,4113.763,240,510
2023-02-06 16:00:00,4113.639,4124.281,4103.663,4114.271,240,510
2023-02-06 20:00:00,4114.012,4117.931,4098.856,4117.931,134,510
2023-02-07 00:00:00,4117.726,4124.308,4116.666,4119.422,239,526
2023-02-07 04:00:00,4119.669,4120.726,4113.562,4114.559,232,505
2023-02-07 08:00:00,4114.806,4121.675,4101.59,4113.332,240,511
2023-02-07 12:00:00,4113.092,4118.646,4095.359,4099.205,240,510
2023-02-07 16:00:00,4099.44,4163.129,4087.23,4147.126,240,506
2023-02-07 20:00:00,4147.676,4176.581,4138.51,4156.36,135,507
2023-02-08 00:00:00,4156.613,4166.066,4154.226,4163.531,239,516
2023-02-08 04:00:00,4163.706,4168.053,4155.36,4160.39,238,508
2023-02-08 08:00:00,4160.516,4163.625,4146.44,4150.011,240,507
2023-02-08 12:00:00,4150.499,4157.416,4132.149,4136.386,240,513
2023-02-08 16:00:00,4135.898,4137.899,4113.14,4125.172,240,510
2023-02-08 20:00:00,4125.156,4125.903,4111.021,4122.323,134,508
2023-02-09 00:00:00,4122.585,4130.186,4122.208,4128.14,239,523
2023-02-09 04:00:00,4128.402,4136.666,4124.333,4134.982,238,512
2023-02-09 08:00:00,4134.871,4159.222,4134.726,4150.519,240,507
2023-02-09 12:00:00,4150.649,4155.518,4131.682,4141.193,240,508
2023-02-09 16:00:00,4141.701,4141.701,4092.608,4095.495,240,508
2023-02-09 20:00:00,4095.739,4095.739,4069.13,4083.733,135,510
2023-02-10 00:00:00,4084.11,4084.296,4072.116,4074.862,239,526
2023-02-10 04:00:00,4074.603,4080.653,4071.126,4079.3,236,517
2023-02-10 08:00:00,4079.188,4087.682,4052.889,4054.889,240,508
2023-02-10 12:00:00,4055.133,4091.032,4050.636,4076.345,240,511
2023-02-10 16:00:00,4075.966,4091.211,4062.496,4084.006,240,507
2023-02-10 20:00:00,4084.208,4094.019,4077.353,4088.46,75,514
2023-02-13 00:00:00,4079.281,4081.031,4068.76,4071.826,240,506
2023-02-13 04:00:00,4072.076,4083.778,4071.645,4082.133,238,512
2023-02-13 08:00:00,4082.272,4095.768,4080.133,4093.778,240,511
2023-02-13 12:00:00,4094.269,4128.219,4091.522,4124.002,240,512
2023-02-13 16:00:00,4124.258,4138.929,4120.759,4127.036,240,509
2023-02-13 20:00:00,4127.118,4140.175,4120.526,4137.296,129,509
2023-02-14 00:00:00,4137.486,4137.486,4129.478,4132.703,236,505
2023-02-14 04:00:00,4132.69,4137.586,4131.49,4136.523,232,513
2023-02-14 08:00:00,4136.89,4148.833,4131.81,4144.972,240,509
2023-02-14 12:00:00,4145.093,4175.733,4102.725,4114.089,240,506
2023-02-14 16:00:00,4113.089,4145.368,4094.113,4140.693,240,508
2023-02-14 20:00:00,4140.955,4146.121,4125.131,4128.261,135,510
2023-02-15 00:00:00,4128.008,4128.255,4112.905,4117.911,239,513
2023-02-15 04:00:00,4118.155,4120.053,4110.036,4112.15,240,510
2023-02-15 08:00:00,4111.786,4123.948,4109.546,4120.646,240,507
2023-02-15 12:00:00,4121.095,4130.688,4102.856,4114.566,240,508
2023-02-15 16:00:00,4114.316,4143.032,4113.753,4132.09,240,506
2023-02-15 20:00:00,4132.473,4150.499,4132.093,4147.546,134,507
2023-02-16 00:00:00,4147.745,4156.805,4146.993,4153.638,237,507
2023-02-16 04:00:00,4153.765,4155.401,4147.949,4153.179,228,514
2023-02-16 08:00:00,4153.432,4157.425,4142.063,4144.566,240,508
2023-02-16 12:00:00,4144.822,4146.068,4088.262,4121.168,240,507
2023-02-16 16:00:00,4121.9,4136.568,4115.546,4129.353,240,507
2023-02-16 20:00:00,4129.473,4130.611,4075.988,4078.366,135,507
2023-02-17 00:00:00,4078.616,4083.826,4075.603,4076.392,239,508
2023-02-17 04:00:00,4076.5,4077.385,4065.976,4069.618,233,509
2023-02-17 08:00:00,4069.489,4071.503,4054.043,4061.186,240,507
2023-02-17 12:00:00,4060.882,4079.176,4048.276,4056.456,240,512
2023-02-17 16:00:00,4056.161,4079.125,4047.233,4077.86,240,505
2023-02-17 20:00:00,4078.125,4081.823,4070.511,4077.188,75,510
2023-02-20 00:00:00,4070.472,4079.026,4066.475,4077.731,236,506
2023-02-20 04:00:00,4077.475,4080.526,4075.475,4077.966,234,521
2023-02-20 08:00:00,4078.348,4078.348,4066.461,4074.229,240,517
2023-02-20 12:00:00,4073.982,4075.976,4065.964,4067.217,236,510
2023-02-20 16:00:00,4067.527,4069.732,4064.464,4066.976,117,538
2023-02-20 20:00:00,4067.277,4068.729,4066.214,4068.226,58,561
2023-02-21 00:00:00,4068.527,4068.527,4058.47,4061.714,236,514
2023-02-21 04:00:00,4061.961,4064.027,4054.47,4055.476,234,513
2023-02-21 08:00:00,4055.714,4060.961,4039.584,4052.232,240,505
2023-02-21 12:00:00,4051.726,4052.979,4019.45,4019.961,240,506
2023-02-21 16:00:00,4020.226,4024.017,3994.617,4003.381,240,505
2023-02-21 20:00:00,4003.697,4007.932,3996.057,4002.28,135,502
2023-02-22 00:00:00,4002.024,4007.927,4000.536,4007.403,235,503
2023-02-22 04:00:00,4007.662,4007.662,4001.001,4004.044,225,521
2023-02-22 08:00:00,4003.791,4008.531,3988.161,3996.65,240,506
2023-02-22 12:00:00,3996.897,4013.004,3982.727,3997.313,240,512
2023-02-22 16:00:00,3997.557,4017.407,3981.376,3982.114,240,508
2023-02-22 20:00:00,3981.87,4002.649,3976.447,4002.147,135,505
2023-02-23 00:00:00,4002.409,4011.307,4001.664,4009.282,232,511
2023-02-23 04:00:00,4009.514,4011.097,4005.777,4006.863,219,514
2023-02-23 08:00:00,4007.122,4015.632,4001.914,4011.929,240,510
2023-02-23 12:00:00,4011.803,4027.737,3994.217,3997.497,240,506
2023-02-23 16:00:00,3997.502,4012.337,3968.713,4007.243,240,505
2023-02-23 20:00:00,4007.537,4022.124,4005.246,4005.747,133,509
2023-02-24 00:00:00,4005.639,4016.734,4004.747,4011.826,234,517
2023-02-24 04:00:00,4012.067,4012.329,4003.203,4004.201,226,519
2023-02-24 08:00:00,4003.957,4006.463,3985.56,3988.057,238,507
2023-02-24 12:00:00,3987.816,3989.054,3942.347,3946.829,240,512
2023-02-24 16:00:00,3947.072,3976.422,3945.771,3973.926,240,505
2023-02-24 20:00:00,3973.794,3978.146,3956.476,3968.927,75,508
2023-02-27 00:00:00,3973.42,3980.911,3969.161,3975.667,239,527
2023-02-27 04:00:00,3975.799,3978.929,3969.417,3978.17,232,508
2023-02-27 08:00:00,3978.296,3991.977,3978.296,3988.477,240,504
2023-02-27 12:00:00,3988.682,4018.727,3985.673,3997.679,240,506
2023-02-27 16:00:00,3997.911,4001.161,3981.043,3984.666,240,507
2023-02-27 20:00:00,3984.151,3988.614,3973.014,3985.517,131,509
2023-02-28 00:00:00,3985.77,3991.792,3985.282,3987.857,228,503
2023-02-28 04:00:00,3987.604,3988.372,3971.214,3971.277,230,506
2023-02-28 08:00:00,3970.967,3994.087,3966.497,3991.549,239,507
2023-02-28 12:00:00,3991.787,3997.847,3969.39,3978.202,240,510
2023-02-28 16:00:00,3978.681,3997.617,3976.494,3983.061,240,507
2023-02-28 20:00:00,3983.257,3983.387,3956.11,3957.866,134,505
2023-03-01 00:00:00,3958.104,3971.432,3950.406,3969.434,236,523
2023-03-01 04:00:00,3969.696,3979.016,3967.963,3977.269,234,517
2023-03-01 08:00:00,3977.022,3985.34,3972.281,3981.863,240,505
2023-03-01 12:00:00,3981.629,3981.667,3945.494,3963.281,240,510
2023-03-01 16:00:00,3963.052,3968.923,3938.407,3945.069,240,506
2023-03-01 20:00:00,3945.199,3956.367,3944.301,3954.679,128,506
2023-03-02 00:00:00,3954.411,3959.977,3926.731,3936.776,239,514
2023-03-02 04:00:00,3937.02,3938.779,3922.891,3925.641,238,525
2023-03-02 08:00:00,3925.957,3939.557,3919.911,3938.767,240,506
2023-03-02 12:00:00,3939.026,3948.596,3924.77,3946.609,240,509
2023-03-02 16:00:00,3946.844,3975.657,3938.467,3972.093,240,505
2023-03-02 20:00:00,3971.831,3990.967,3968.343,3974.577,132,505
2023-03-03 00:00:00,3974.339,3979.593,3969.631,3972.414,240,513
2023-03-03 04:00:00,3972.727,3978.547,3971.029,3971.27,234,509
2023-03-03 08:00:00,3971.526,3994.592,3971.526,3993.84,240,506
2023-03-03 12:00:00,3993.6,4018.909,3989.157,4010.977,240,510
2023-03-03 16:00:00,4011.157,4042.677,4009.361,4042.167,240,507
2023-03-03 20:00:00,4042.417,4048.362,4038.661,4046.611,75,506
2023-03-06 00:00:00,4040.164,4057.929,4038.661,4054.161,237,505
2023-03-06 04:00:00,4054.429,4055.17,4047.42,4049.977,235,513
2023-03-06 08:00:00,4050.167,4053.411,4039.17,4040.182,240,504
2023-03-06 12:00:00,4040.477,4077.587,4039.911,4070.377,240,504
2023-03-06 16:00:00,4070.561,4078.322,4049.691,4051.202,240,507
2023-03-06 20:00:00,4051.681,4054.133,4044.139,4050.781,131,507
2023-03-07 00:00:00,4050.669,4059.829,4049.544,4057.386,236,511
2023-03-07 04:00:00,4057.504,4059.016,4051.721,4052.067,232,505
2023-03-07 08:00:00,4052.387,4060.802,4050.761,4053.851,240,504
2023-03-07 12:00:00,4053.607,4056.88,4007.217,4007.711,240,508
2023-03-07 16:00:00,4007.84,4023.993,3979.861,3981.1,240,504
2023-03-07 20:00:00,3980.841,3995.379,3980.591,3988.199,135,504
2023-03-08 00:00:00,3988.443,3990.203,3980.961,3982.999,240,511
2023-03-08 04:00:00,3983.297,3988.342,3983.234,3985.372,236,507
2023-03-08 08:00:00,3985.743,3997.687,3984.647,3991.194,238,506
2023-03-08 12:00:00,3991.073,4000.317,3971.953,3986.813,240,508
2023-03-08 16:00:00,3987.117,4000.609,3969.057,3976.461,240,505
2023-03-08 20:00:00,3976.597,3994.877,3972.71,3991.206,132,507
2023-03-09 00:00:00,3991.074,3991.706,3981.721,3985.57,238,514
2023-03-09 04:00:00,3985.7,3990.392,3984.174,3985.686,228,506
2023-03-09 08:00:00,3985.813,3987.31,3975.511,3985.041,239,505
2023-03-09 12:00:00,3985.291,4017.15,3977.061,4002.319,232,505
2023-03-09 16:00:00,4002.063,4003.069,3936.242,3936.863,240,505
2023-03-09 20:00:00,3937.122,3939.609,3903.941,3909.701,135,505
2023-03-10 00:00:00,3909.277,3911.219,3890.564,3892.086,240,507
2023-03-10 04:00:00,3892.324,3901.144,3882.394,3894.169,239,507
2023-03-10 08:00:00,3894.546,3918.767,3886.677,3912.47,240,505
2023-03-10 12:00:00,3912.217,3939.804,3876.891,3914.837,240,509
2023-03-10 16:00:00,3915.097,3933.952,3845.704,3877.393,240,507
2023-03-10 20:00:00,3876.763,3882.137,3849.534,3860.027,75,504
2023-03-13 00:00:00,3906.242,3934.712,3902.501,3929.086,240,509
2023-03-13 04:00:00,3929.339,3938.36,3917.883,3920.386,240,505
2023-03-13 08:00:00,3920.874,3921.624,3852.511,3866.592,240,505
2023-03-13 12:00:00,3866.697,3901.587,3809.327,3891.417,240,508
2023-03-13 16:00:00,3891.851,3905.799,3854.079,3856.697,240,506
2023-03-13 20:00:00,3856.473,3869.423,3855.85,3860.24,135,605
2023-03-14 00:00:00,3860.73,3877.637,3857.729,3874.742,240,506
2023-03-14 04:00:00,3874.604,3877.499,3855.044,3867.657,240,511
2023-03-14 08:00:00,3867.486,3886.007,3861.357,3880.794,240,505
2023-03-14 12:00:00,3881.059,3937.524,3859.719,3927.122,240,903
2023-03-14 16:00:00,3927.407,3930.259,3872.47,3918.571,240,507
2023-03-14 20:00:00,3918.783,3920.702,3912.75,3917.853,135,606
2023-03-15 00:00:00,3918.084,3929.697,3912.757,3924.357,240,506
2023-03-15 04:00:00,3924.319,3927.957,3916.05,3921.191,239,507
2023-03-15 08:00:00,3920.956,3923.571,3836.731,3851.626,240,505
2023-03-15 12:00:00,3851.297,3875.114,3830.87,3856.382,240,724
2023-03-15 16:00:00,3856.126,3895.177,3836.123,3894.861,240,509
2023-03-15 20:00:00,3895.079,3897.927,3886.617,3888.87,135,612
2023-03-16 00:00:00,3888.677,3913.882,3888.361,3903.864,240,508
2023-03-16 04:00:00,3903.626,3910.427,3889.367,3905.876,240,507
2023-03-16 08:00:00,3905.614,3909.87,3873.77,3884.337,240,505
2023-03-16 12:00:00,3884.602,3944.92,3862.091,3938.997,240,577
2023-03-16 16:00:00,3938.579,3964.257,3924.412,3960.574,240,506
2023-03-16 20:00:00,3960.536,3963.471,3954.391,3959.947,134,606
2023-03-17 00:00:00,3960.004,3961.043,3952.991,3959.364,240,511
2023-03-17 04:00:00,3959.49,3969.457,3958.892,3964.879,240,503
2023-03-17 08:00:00,3965.129,3975.632,3945.234,3951.87,240,506
2023-03-17 12:00:00,3951.623,3958.873,3900.94,3910.83,240,512
2023-03-17 16:00:00,3910.82,3932.707,3900.834,3916.646,240,505
2023-03-17 20:00:00,3916.34,3923.571,3916.331,3917.873,15,604
2023-03-20 00:00:00,3939.661,3946.422,3919.731,3921.517,240,505
2023-03-20 04:00:00,3921.571,3923.177,3873.64,3888.611,240,506
2023-03-20 08:00:00,3888.427,3922.876,3865.617,3913.987,240,507
2023-03-20 12:00:00,3913.873,3956.442,3906.99,3939.789,240,518
2023-03-20 16:00:00,3939.903,3956.224,3922.841,3951.432,240,506
2023-03-20 20:00:00,3951.613,3955.717,3949.447,3951.836,132,618
2023-03-21 00:00:00,3951.969,3964.854,3949.267,3955.772,240,506
2023-03-21 04:00:00,3955.649,3965.719,3952.317,3960.907,239,523
2023-03-21 08:00:00,3961.349,3985.87,3956.48,3985.126,240,505
2023-03-21 12:00:00,3984.873,3998.614,3970.864,3974.123,240,521
2023-03-21 16:00:00,3974.246,4009.739,3971.62,4005.01,240,505
2023-03-21 20:00:00,4005.071,4006.15,4001.491,4004.152,133,609
2023-03-22 00:00:00,4003.894,4006.05,3999.439,4004.282,237,507
2023-03-22 04:00:00,4004.152,4007.062,3990.623,3993.379,239,541
2023-03-22 08:00:00,3993.297,4007.927,3989.111,4000.861,240,506
2023-03-22 12:00:00,4001.111,4013.867,3995.37,4004.14,240,516
2023-03-22 16:00:00,4004.381,4040.137,3935.456,3936.452,240,505
2023-03-22 20:00:00,3936.874,3945.499,3933.922,3942.051,135,605
2023-03-23 00:00:00,3941.579,3957.999,3937.84,3956.297,236,507
2023-03-23 04:00:00,3956.122,3965.876,3954.372,3963.614,240,507
2023-03-23 08:00:00,3963.37,3967.882,3944.126,3958.246,240,514
2023-03-23 12:00:00,3958.376,4006.027,3949.361,3994.024,240,521
2023-03-23 16:00:00,3993.837,3996.989,3917.287,3944.887,240,507
2023-03-23 20:00:00,3944.79,3959.614,3943.527,3953.24,135,608
2023-03-24 00:00:00,3953.259,3953.494,3940.447,3950.817,239,507
2023-03-24 04:00:00,3950.767,3967.01,3948.241,3961.677,239,507
2023-03-24 08:00:00,3961.927,3962.114,3908.746,3911.364,239,509
2023-03-24 12:00:00,3910.99,3946.919,3905.487,3945.192,240,512
2023-03-24 16:00:00,3945.43,3972.937,3931.291,3971.881,240,505
2023-03-24 20:00:00,3971.897,3974.559,3969.604,3973.936,15,603
2023-03-27 00:00:00,3994.296,3994.66,3982.081,3992.647,240,506
2023-03-27 04:00:00,3992.887,3996.482,3967.791,3973.433,239,505
2023-03-27 08:00:00,3973.692,4002.322,3972.693,3998.322,240,508
2023-03-27 12:00:00,3998.566,4003.864,3970.114,3973.753,240,508
2023-03-27 16:00:00,3973.256,3997.274,3970.337,3979.026,240,506
2023-03-27 20:00:00,3979.226,3984.612,3978.427,3984.106,132,610
2023-03-28 00:00:00,3983.847,3984.453,3977.66,3983.169,238,513
2023-03-28 04:00:00,3983.164,3992.519,3977.56,3978.804,236,510
2023-03-28 08:00:00,3978.817,3981.057,3969.0,3975.377,240,507
2023-03-28 12:00:00,3975.321,3979.239,3960.034,3974.837,240,524
2023-03-28 16:00:00,3975.137,3975.877,3951.201,3970.783,240,511
2023-03-28 20:00:00,3970.73,3980.923,3970.594,3980.433,129,607
2023-03-29 00:00:00,3980.186,3987.487,3979.991,3987.487,234,510
2023-03-29 04:00:00,3987.291,4004.363,3986.711,4002.593,239,514
2023-03-29 08:00:00,4003.102,4010.112,3999.31,4003.037,240,514
2023-03-29 12:00:00,4003.287,4017.5,4000.746,4013.597,240,505
2023-03-29 16:00:00,4013.796,4030.672,4006.891,4028.007,240,510
2023-03-29 20:00:00,4027.957,4028.347,4022.484,4022.487,127,604
2023-03-30 00:00:00,4022.992,4028.503,4021.304,4024.449,233,510
2023-03-30 04:00:00,4024.747,4043.537,4024.187,4039.749,237,509
2023-03-30 08:00:00,4039.717,4052.214,4038.424,4049.509,240,512
2023-03-30 12:00:00,4049.187,4057.627,4041.542,4044.713,240,521
2023-03-30 16:00:00,4044.464,4051.632,4031.726,4050.882,240,510
2023-03-30 20:00:00,4050.934,4056.792,4048.236,4056.517,129,616
2023-03-31 00:00:00,4056.267,4064.307,4055.774,4062.006,237,512
2023-03-31 04:00:00,4061.741,4064.027,4049.656,4052.792,239,524
2023-03-31 08:00:00,4052.647,4060.306,4048.47,4056.394,240,506
2023-03-31 12:00:00,4056.207,4085.797,4052.563,4085.477,240,513
2023-03-31 16:00:00,4085.49,4110.657,4081.312,4107.25,240,512
2023-04-03 00:00:00,4100.634,4101.27,4092.264,4094.02,238,508
2023-04-03 04:00:00,4094.267,4106.523,4092.761,4105.52,237,510
2023-04-03 08:00:00,4105.276,4107.029,4097.267,4104.077,239,503
2023-04-03 12:00:00,4104.146,4128.147,4097.014,4108.95,240,508
2023-04-03 16:00:00,4109.184,4126.007,4103.25,4123.314,240,507
2023-04-03 20:00:00,4122.912,4125.034,4118.109,4119.787,119,604
2023-04-04 00:00:00,4120.097,4122.903,4117.194,4121.674,236,521
2023-04-04 04:00:00,4121.436,4125.572,4118.13,4120.067,237,505
2023-04-04 08:00:00,4119.956,4141.124,4119.829,4135.18,240,511
2023-04-04 12:00:00,4134.997,4137.487,4095.997,4096.913,240,506
2023-04-04 16:00:00,4097.172,4106.65,4086.361,4100.82,240,507
2023-04-04 20:00:00,4101.017,4105.769,4100.034,4104.491,111,604
2023-04-05 00:00:00,4104.244,4106.21,4100.486,4101.442,228,513
2023-04-05 04:00:00,4101.423,4102.537,4091.341,4094.897,236,506
2023-04-05 08:00:00,4094.584,4098.592,4088.561,4094.87,240,507
2023-04-05 12:00:00,4094.866,4099.564,4074.197,4083.221,240,507
2023-04-05 16:00:00,4083.22,4091.886,4071.544,4089.739,240,505
2023-04-05 20:00:00,4089.806,4090.47,4082.966,4085.261,120,612
2023-04-06 00:00:00,4085.029,4086.532,4078.232,4078.969,237,509
2023-04-06 04:00:00,4078.726,4090.812,4077.511,4088.872,232,508
2023-04-06 08:00:00,4089.103,4095.292,4080.087,4095.284,239,507
2023-04-06 12:00:00,4095.049,4096.029,4069.169,4093.649,240,506
2023-04-06 16:00:00,4093.881,4107.056,4093.881,4104.38,233,511
2023-04-06 20:00:00,4104.33,4104.33,4099.674,4100.177,103,603
2023-04-07 00:00:00,4099.942,4101.227,4098.244,4100.494,177,509
2023-04-07 04:00:00,4100.746,4101.553,4096.864,4097.876,151,517
2023-04-07 08:00:00,4097.642,4103.087,4097.633,4099.55,191,518
2023-04-07 12:00:00,4099.303,4118.547,4093.481,4113.797,75,589
2023-04-10 00:00:00,4107.002,4109.62,4101.62,4103.123,210,513
2023-04-10 04:00:00,4103.376,4104.117,4098.861,4102.129,210,514
2023-04-10 08:00:00,4101.993,4106.927,4093.861,4096.617,213,500
2023-04-10 12:00:00,4096.861,4096.927,4070.861,4082.537,240,509
2023-04-10 16:00:00,4082.727,4109.569,4075.207,4109.314,240,504
2023-04-10 20:00:00,4109.079,4114.427,4107.052,4114.133,114,602
2023-04-11 00:00:00,4113.902,4116.634,4110.457,4112.291,238,528
2023-04-11 04:00:00,4112.559,4115.757,4110.061,4111.249,232,513
2023-04-11 08:00:00,4111.047,4120.743,4105.231,4107.481,240,515
2023-04-11 12:00:00,4107.012,4114.959,4101.822,4112.966,240,508
2023-04-11 16:00:00,4112.729,4124.003,4105.074,4109.616,240,506
2023-04-11 20:00:00,4109.743,4113.017,4109.399,4111.969,119,605
2023-04-12 00:00:00,4111.71,4112.69,4108.214,4109.684,224,514
2023-04-12 04:00:00,4109.683,4112.563,4106.054,4111.31,221,525
2023-04-12 08:00:00,4111.43,4118.767,4111.114,4118.043,240,505
2023-04-12 12:00:00,4117.787,4150.414,4094.737,4115.87,240,637
2023-04-12 16:00:00,4115.869,4127.26,4086.93,4093.509,240,505
2023-04-12 20:00:00,4094.007,4094.94,4083.087,4084.096,123,606
2023-04-13 00:00:00,4084.336,4095.402,4083.837,4094.417,232,512
2023-04-13 04:00:00,4094.664,4104.217,4093.194,4099.951,236,511
2023-04-13 08:00:00,4099.837,4104.27,4091.07,4091.842,240,504
2023-04-13 12:00:00,4092.074,4122.691,4090.587,4121.437,240,512
2023-04-13 16:00:00,4121.626,4150.066,4121.377,4146.597,240,508
2023-04-13 20:00:00,4145.991,4146.044,4140.371,4143.411,122,606
2023-04-14 00:00:00,4143.793,4148.652,4141.943,4145.024,228,505
2023-04-14 04:00:00,4144.903,4146.637,4140.387,4144.447,222,515
2023-04-14 08:00:00,4144.209,4147.82,4135.657,4143.699,240,514
2023-04-14 12:00:00,4144.117,4162.487,4124.491,4129.443,240,511
2023-04-14 16:00:00,4129.421,4139.879,4112.43,4137.12,240,509
2023-04-14 20:00:00,4137.082,4140.57,4137.061,4140.323,15,606
2023-04-17 00:00:00,4145.743,4147.623,4142.861,4144.367,217,512
2023-04-17 04:00:00,4144.611,4149.927,4142.373,4145.62,229,517
2023-04-17 08:00:00,4145.746,4146.677,4138.111,4142.12,239,506
2023-04-17 12:00:00,4142.373,4144.129,4123.809,4128.707,240,504
2023-04-17 16:00:00,4128.413,4151.681,4122.811,4151.572,240,506
2023-04-17 20:00:00,4151.772,4154.489,4149.381,4150.729,103,607
2023-04-18 00:00:00,4150.461,4153.017,4148.281,4149.079,220,519
2023-04-18 04:00:00,4148.833,4155.767,4146.609,4153.624,213,518
2023-04-18 08:00:00,4153.753,4170.87,4153.393,4167.56,239,506
2023-04-18 12:00:00,4167.311,4172.953,4139.617,4144.174,240,505
2023-04-18 16:00:00,4143.942,4157.756,4142.951,4154.073,240,510
2023-04-18 20:00:00,4154.029,4155.317,4149.534,4150.982,117,605
2023-04-19 00:00:00,4150.723,4153.729,4147.779,4149.859,220,505
2023-04-19 04:00:00,4149.977,4150.1,4138.087,4141.854,223,515
2023-04-19 08:00:00,4142.113,4142.849,4128.181,4132.18,240,503
2023-04-19 12:00:00,4132.439,4149.777,4126.407,4149.22,240,508
2023-04-19 16:00:00,4149.219,4162.824,4147.204,4154.16,240,514
2023-04-19 20:00:00,4153.607,4153.607,4140.687,4141.449,124,605
2023-04-20 00:00:00,4141.702,4148.716,4141.187,4146.332,223,504
2023-04-20 04:00:00,4146.247,4147.069,4122.967,4125.449,222,510
2023-04-20 08:00:00,4125.696,4129.512,4120.01,4123.076,240,505
2023-04-20 12:00:00,4123.326,4139.326,4119.094,4134.094,240,511
2023-04-20 16:00:00,4134.362,4148.336,4114.257,4130.306,240,507
2023-04-20 20:00:00,4130.439,4135.099,4127.497,4128.512,123,612
2023-04-21 00:00:00,4128.253,4134.499,4127.504,4132.126,230,504
2023-04-21 04:00:00,4131.876,4132.177,4119.01,4125.45,229,507
2023-04-21 08:00:00,4125.573,4133.277,4117.704,4123.03,239,513
2023-04-21 12:00:00,4122.837,4136.497,4113.146,4128.993,240,502
2023-04-21 16:00:00,4128.971,4138.189,4123.974,4133.479,240,509
2023-04-21 20:00:00,4133.182,4134.423,4131.667,4132.17,15,606
2023-04-24 00:00:00,4127.714,4127.97,4120.732,4121.479,225,513
2023-04-24 04:00:00,4121.72,4121.843,4110.97,4117.976,220,529
2023-04-24 08:00:00,4117.479,4133.527,4115.961,4130.59,239,510
2023-04-24 12:00:00,4130.461,4141.732,4118.473,4119.47,240,510
2023-04-24 16:00:00,4119.726,4138.084,4116.473,4138.084,240,515
2023-04-24 20:00:00,4137.852,4139.032,4133.206,4133.877,116,607
2023-04-25 00:00:00,4133.747,4136.122,4126.007,4126.513,223,516
2023-04-25 04:00:00,4126.769,4128.263,4114.234,4117.22,233,507
2023-04-25 08:00:00,4117.346,4121.802,4108.64,4119.036,240,505
2023-04-25 12:00:00,4118.789,4122.886,4100.357,4101.05,240,509
2023-04-25 16:00:00,4101.309,4103.766,4071.562,4072.281,240,505
2023-04-25 20:00:00,4072.53,4094.726,4070.677,4089.88,135,605
2023-04-26 00:00:00,4089.639,4093.716,4086.676,4088.05,231,513
2023-04-26 04:00:00,4087.807,4094.052,4079.571,4085.096,231,513
2023-04-26 08:00:00,4085.327,4091.017,4068.751,4075.537,240,506
2023-04-26 12:00:00,4075.404,4086.599,4061.25,4084.623,240,537
2023-04-26 16:00:00,4084.417,4089.502,4048.879,4054.572,240,513
2023-04-26 20:00:00,4054.567,4065.959,4053.761,4065.219,130,607
2023-04-27 00:00:00,4065.093,4066.779,4060.96,4064.599,230,509
2023-04-27 04:00:00,4064.831,4077.183,4064.583,4076.107,230,508
2023-04-27 08:00:00,4075.914,4081.057,4072.424,4078.273,240,507
2023-04-27 12:00:00,4078.02,4103.066,4069.666,4102.819,240,509
2023-04-27 16:00:00,4103.044,4138.023,4102.569,4134.739,240,506
2023-04-27 20:00:00,4133.931,4146.657,4127.944,4128.98,134,605
2023-04-28 00:00:00,4129.23,4134.457,4126.206,4128.799,238,526
2023-04-28 04:00:00,4128.682,4135.827,4121.044,4122.807,239,512
2023-04-28 08:00:00,4122.924,4123.707,4112.741,4118.634,240,513
2023-04-28 12:00:00,4118.14,4159.753,4115.88,4158.52,226,507
2023-04-28 16:00:00,4158.779,4170.272,4151.877,4170.272,240,510
2023-05-01 00:00:00,4163.272,4173.504,4161.754,4171.754,227,507
2023-05-01 04:00:00,4171.871,4176.254,4169.51,4171.757,228,525
2023-05-01 08:00:00,4171.63,4171.766,4164.004,4164.751,227,512
2023-05-01 12:00:00,4165.007,4182.539,4162.251,4174.147,240,514
2023-05-01 16:00:00,4173.957,4187.116,4163.617,4166.21,240,506
2023-05-01 20:00:00,4165.982,4169.886,4158.474,4160.501,118,604
2023-05-02 00:00:00,4160.254,4165.564,4157.702,4165.564,228,510
2023-05-02 04:00:00,4165.804,4173.132,4163.501,4163.786,234,514
2023-05-02 08:00:00,4163.521,4164.81,4157.581,4161.117,239,505
2023-05-02 12:00:00,4160.816,4160.816,4088.797,4098.047,240,516
2023-05-02 16:00:00,4097.8,4126.692,4095.089,4119.75,240,508
2023-05-02 20:00:00,4119.757,4121.696,4114.712,4121.053,124,607
2023-05-03 00:00:00,4121.312,4125.857,4118.563,4125.573,224,511
2023-05-03 04:00:00,4125.332,4130.617,4124.061,4124.623,230,505
2023-05-03 08:00:00,4124.624,4130.849,4122.514,4127.884,240,515
2023-05-03 12:00:00,4127.646,4137.202,4113.916,4125.353,240,513
2023-05-03 16:00:00,4125.594,4148.849,4088.727,4090.386,240,508
2023-05-03 20:00:00,4090.624,4100.166,4059.234,4077.022,134,611
2023-05-04 00:00:00,4076.766,4097.432,4076.494,4095.926,237,523
2023-05-04 04:00:00,4096.056,4101.032,4081.697,4096.994,238,520
2023-05-04 08:00:00,4096.873,4096.997,4074.722,4077.747,240,509
2023-05-04 12:00:00,4078.054,4084.867,4047.982,4054.384,240,513
2023-05-04 16:00:00,4054.134,4081.77,4048.356,4061.734,240,508
2023-05-04 20:00:00,4062.199,4074.903,4056.769,4071.931,130,603
2023-05-05 00:00:00,4072.247,4077.69,4067.481,4076.783,239,509
2023-05-05 04:00:00,4076.957,4080.113,4071.181,4074.647,227,500
2023-05-05 08:00:00,4074.9,4091.746,4070.15,4089.504,240,518
2023-05-05 12:00:00,4089.762,4126.532,4077.716,4120.336,240,706
2023-05-05 16:00:00,4120.592,4147.077,4112.294,4136.379,240,504
2023-05-05 20:00:00,4135.177,4137.127,4131.332,4134.57,15,603
2023-05-08 00:00:00,4130.364,4136.632,4127.361,4130.882,233,512
2023-05-08 04:00:00,4130.752,4140.623,4130.129,4136.677,225,505
2023-05-08 08:00:00,4136.361,4143.623,4134.364,4142.427,235,505
2023-05-08 12:00:00,4142.117,4145.132,4126.996,4136.471,240,513
2023-05-08 16:00:00,4136.252,4142.263,4122.783,4137.996,240,503
2023-05-08 20:00:00,4137.943,4138.212,4134.063,4135.06,110,611
2023-05-09 00:00:00,4134.82,4136.747,4132.346,4136.224,217,514
2023-05-09 04:00:00,4136.341,4137.736,4128.217,4128.917,211,508
2023-05-09 08:00:00,4129.173,4131.137,4119.093,4122.021,238,519
2023-05-09 12:00:00,4121.777,4127.829,4116.314,4119.83,240,507
2023-05-09 16:00:00,4119.599,4130.359,4117.919,4119.399,240,504
2023-05-09 20:00:00,4119.584,4124.099,4117.629,4123.081,118,605
2023-05-10 00:00:00,4122.84,4126.077,4121.591,4122.923,216,502
2023-05-10 04:00:00,4122.673,4127.709,4110.851,4111.609,221,523
2023-05-10 08:00:00,4111.356,4116.426,4106.121,4114.452,239,520
2023-05-10 12:00:00,4114.2,4158.017,4111.731,4126.207,240,538
2023-05-10 16:00:00,4126.093,4147.311,4098.434,4137.501,240,504
2023-05-10 20:00:00,4137.817,4143.482,4136.187,4141.73,121,607
2023-05-11 00:00:00,4141.98,4148.977,4141.98,4145.45,232,525
2023-05-11 04:00:00,4145.324,4152.592,4141.66,4148.619,229,519
2023-05-11 08:00:00,4148.917,4153.113,4130.243,4132.537,240,508
2023-05-11 12:00:00,4132.23,4148.147,4107.501,4127.422,240,513
2023-05-11 16:00:00,4127.672,4132.749,4111.352,4130.591,240,509
2023-05-11 20:00:00,4130.353,4134.952,4129.301,4131.54,114,616
2023-05-12 00:00:00,4131.281,4140.546,4131.281,4135.107,232,506
2023-05-12 04:00:00,4134.869,4144.092,4134.254,4140.373,227,512
2023-05-12 08:00:00,4140.611,4150.397,4138.404,4142.686,239,512
2023-05-12 12:00:00,4142.43,4144.487,4114.751,4122.539,240,512
2023-05-12 16:00:00,4123.021,4124.877,4098.61,4124.561,240,513
2023-05-12 20:00:00,4124.532,4124.532,4119.261,4120.131,15,606
2023-05-15 00:00:00,4118.314,4124.377,4113.07,4123.829,227,502
2023-05-15 04:00:00,4123.627,4140.576,4123.564,4139.814,226,500
2023-05-15 08:00:00,4139.573,4142.832,4136.064,4138.811,235,497
2023-05-15 12:00:00,4139.311,4140.832,4109.57,4127.317,240,509
2023-05-15 16:00:00,4127.076,4141.811,4122.832,4137.759,240,505
2023-05-15 20:00:00,4137.507,4137.507,4132.146,4132.881,121,609
2023-05-16 00:00:00,4132.697,4133.14,4127.279,4128.587,222,505
2023-05-16 04:00:00,4128.337,4137.671,4121.857,4135.226,217,522
2023-05-16 08:00:00,4135.479,4136.476,4127.291,4129.551,239,509
2023-05-16 12:00:00,4129.804,4135.014,4114.35,4126.372,240,504
2023-05-16 16:00:00,4126.594,4130.334,4109.781,4109.793,240,508
2023-05-16 20:00:00,4109.746,4116.266,4107.05,4115.649,126,611
2023-05-17 00:00:00,4116.016,4120.469,4113.931,4117.276,220,511
2023-05-17 04:00:00,4117.514,4119.607,4108.554,4114.28,220,520
2023-05-17 08:00:00,4114.413,4126.319,4113.407,4124.59,239,504
2023-05-17 12:00:00,4124.397,4134.671,4112.68,4132.131,240,522
2023-05-17 16:00:00,4132.39,4164.781,4130.697,4158.807,240,505
2023-05-17 20:00:00,4157.713,4157.954,4152.961,4155.424,115,613
2023-05-18 00:00:00,4155.186,4157.793,4151.773,4155.117,233,518
2023-05-18 04:00:00,4155.322,4161.846,4152.139,4161.353,222,511
2023-05-18 08:00:00,4161.657,4169.392,4160.127,4164.91,238,502
2023-05-18 12:00:00,4165.169,4185.577,4146.862,4175.957,240,516
2023-05-18 16:00:00,4175.717,4202.077,4159.597,4197.993,240,505
2023-05-18 20:00:00,4197.44,4211.912,4196.446,4204.226,134,606
2023-05-19 00:00:00,4204.461,4208.857,4200.296,4205.267,236,505
2023-05-19 04:00:00,4205.102,4207.247,4199.043,4203.306,234,514
2023-05-19 08:00:00,4203.056,4211.762,4200.801,4209.197,240,518
2023-05-19 12:00:00,4209.276,4214.022,4179.42,4190.864,240,518
2023-05-19 16:00:00,4190.617,4195.957,4180.547,4191.376,240,508
2023-05-19 20:00:00,4191.677,4192.627,4187.576,4187.817,15,610
2023-05-22 00:00:00,4187.129,4190.927,4185.373,4190.927,234,505
2023-05-22 04:00:00,4191.123,4192.882,4183.873,4190.12,225,521
2023-05-22 08:00:00,4190.047,4194.12,4185.379,4193.927,238,524
2023-05-22 12:00:00,4193.626,4208.677,4178.177,4197.379,240,516
2023-05-22 16:00:00,4197.617,4207.227,4187.779,4192.909,240,506
2023-05-22 20:00:00,4192.657,4204.447,4191.841,4204.032,121,609
2023-05-23 00:00:00,4203.89,4209.919,4197.783,4200.276,238,514
2023-05-23 04:00:00,4200.514,4200.577,4187.631,4189.949,237,517
2023-05-23 08:00:00,4189.826,4192.972,4179.813,4179.832,240,505
2023-05-23 12:00:00,4180.061,4185.844,4173.416,4182.016,240,510
2023-05-23 16:00:00,4182.269,4184.476,4141.763,4145.567,240,506
2023-05-23 20:00:00,4145.969,4152.539,4144.547,4152.292,121,603
2023-05-24 00:00:00,4152.049,4153.802,4147.647,4151.196,230,508
2023-05-24 04:00:00,4151.437,4154.027,4131.619,4134.093,224,517
2023-05-24 08:00:00,4134.58,4146.617,4128.457,4129.71,240,512
2023-05-24 12:00:00,4129.951,4135.896,4106.409,4108.324,240,508
2023-05-24 16:00:00,4108.586,4132.666,4103.394,4115.612,240,507
2023-05-24 20:00:00,4116.281,4145.114,4112.791,4133.547,135,603
2023-05-25 00:00:00,4133.863,4135.772,4125.801,4129.817,238,523
2023-05-25 04:00:00,4130.073,4143.477,4124.531,4128.276,234,519
2023-05-25 08:00:00,4128.029,4145.236,4127.251,4141.91,240,508
2023-05-25 12:00:00,4141.527,4155.62,4127.933,4135.717,236,515
2023-05-25 16:00:00,4135.961,4166.126,4135.714,4151.251,240,512
2023-05-25 20:00:00,4150.963,4152.463,4143.017,4143.637,129,602
2023-05-26 00:00:00,4143.827,4146.097,4137.141,4142.5,239,515
2023-05-26 04:00:00,4142.502,4154.127,4139.401,4142.171,236,519
2023-05-26 08:00:00,4141.997,4163.191,4141.94,4160.454,240,506
2023-05-26 12:00:00,4160.713,4202.887,4147.101,4195.556,240,506
2023-05-26 16:00:00,4195.3,4212.694,4194.557,4204.964,240,505
2023-05-26 20:00:00,4204.711,4211.727,4204.477,4210.661,15,604
2023-05-29 00:00:00,4221.723,4225.726,4213.22,4213.476,234,505
2023-05-29 04:00:00,4213.714,4223.976,4212.97,4217.97,233,514
2023-05-29 08:00:00,4218.087,4221.479,4212.711,4214.47,233,511
2023-05-29 12:00:00,4214.346,4218.476,4211.711,4216.726,235,509
2023-05-29 16:00:00,4216.479,4217.777,4216.211,4216.723,50,519
2023-05-29 20:00:00,4215.843,4220.982,4212.479,4213.476,112,537
2023-05-30 00:00:00,4213.214,4217.229,4212.217,4213.982,227,518
2023-05-30 04:00:00,4214.102,4221.729,4213.711,4220.217,234,516
2023-05-30 08:00:00,4220.467,4231.732,4218.982,4229.223,239,507
2023-05-30 12:00:00,4229.47,4234.226,4201.331,4211.586,240,508
2023-05-30 16:00:00,4211.83,4214.217,4191.893,4206.151,240,504
2023-05-30 20:00:00,4206.119,4208.647,4201.331,4207.177,123,607
2023-05-31 00:00:00,4207.37,4207.927,4194.544,4196.291,237,511
2023-05-31 04:00:00,4196.062,4198.214,4185.677,4195.73,238,510
2023-05-31 08:00:00,4195.486,4201.529,4187.402,4188.896,240,509
2023-05-31 12:00:00,4189.143,4195.657,4165.741,4171.057,240,512
2023-05-31 16:00:00,4171.244,4195.107,4168.133,4181.863,240,511
2023-05-31 20:00:00,4182.002,4187.477,4178.441,4186.862,133,612
2023-06-01 00:00:00,4186.603,4192.807,4173.151,4183.426,239,512
2023-06-01 04:00:00,4183.727,4191.017,4182.636,4186.547,239,507
2023-06-01 08:00:00,4186.857,4194.149,4182.317,4187.983,240,505
2023-06-01 12:00:00,4187.721,4213.909,4170.487,4213.653,240,510
2023-06-01 16:00:00,4213.894,4232.217,4211.79,4221.349,240,507
2023-06-01 20:00:00,4220.673,4225.049,4219.299,4222.462,113,605
2023-06-02 00:00:00,4222.191,4229.783,4221.243,4227.803,228,519
2023-06-02 04:00:00,4227.933,4235.237,4226.864,4235.174,230,510
2023-06-02 08:00:00,4234.686,4245.252,4233.93,4240.274,240,505
2023-06-02 12:00:00,4240.524,4279.777,4229.146,4277.444,220,562
2023-06-02 16:00:00,4277.257,4290.549,4272.356,4282.137,230,509
2023-06-02 20:00:00,4281.536,4282.827,4281.021,4281.539,15,611
2023-06-05 00:00:00,4279.024,4282.177,4275.034,4278.39,238,511
2023-06-05 04:00:00,4278.149,4285.629,4276.161,4282.867,229,514
2023-06-05 08:00:00,4283.123,4285.623,4279.867,4282.879,238,507
2023-06-05 12:00:00,4283.117,4297.623,4279.294,4292.127,240,511
2023-06-05 16:00:00,4292.32,4298.986,4266.401,4274.004,240,508
2023-06-05 20:00:00,4273.501,4275.46,4267.291,4269.05,132,618
2023-06-06 00:00:00,4269.55,4276.427,4267.817,4274.687,233,505
2023-06-06 04:00:00,4274.434,4278.06,4269.072,4275.346,232,507
2023-06-06 08:00:00,4275.59,4278.137,4267.391,4271.993,238,504
2023-06-06 12:00:00,4272.237,4287.282,4262.326,4284.116,240,519
2023-06-06 16:00:00,4284.417,4288.12,4268.057,4282.676,240,506
2023-06-06 20:00:00,4283.114,4287.727,4281.893,4287.193,120,611
2023-06-07 00:00:00,4286.931,4288.964,4281.494,4287.834,228,520
2023-06-07 04:00:00,4287.599,4288.417,4276.01,4277.767,232,517
2023-06-07 08:00:00,4277.511,4290.707,4275.527,4290.394,238,510
2023-06-07 12:00:00,4290.144,4299.033,4270.692,4271.421,240,514
2023-06-07 16:00:00,4271.936,4277.839,4263.571,4268.366,240,505
2023-06-07 20:00:00,4268.297,4269.947,4265.971,4268.026,122,608
2023-06-08 00:00:00,4267.782,4270.089,4263.431,4263.946,235,503
2023-06-08 04:00:00,4264.184,4267.349,4256.737,4265.591,239,506
2023-06-08 08:00:00,4265.844,4272.692,4264.262,4268.022,236,513
2023-06-08 12:00:00,4268.187,4285.756,4259.824,4282.253,240,507
2023-06-08 16:00:00,4282.5,4298.177,4279.217,4293.234,240,515
2023-06-08 20:00:00,4293.047,4293.076,4290.007,4290.263,114,604
2023-06-09 00:00:00,4290.637,4291.697,4287.261,4290.909,221,508
2023-06-09 04:00:00,4290.644,4291.517,4280.024,4286.534,203,520
2023-06-09 08:00:00,4286.796,4295.467,4283.291,4293.17,240,520
2023-06-09 12:00:00,4293.052,4322.261,4292.434,4296.83,240,513
2023-06-09 16:00:00,4296.583,4310.017,4291.1,4301.314,240,505
2023-06-09 20:00:00,4301.011,4303.767,4300.827,4303.267,15,607
2023-06-12 00:00:00,4306.811,4309.582,4305.064,4305.823,222,510
2023-06-12 04:00:00,4305.561,4315.627,4304.061,4315.329,227,506
2023-06-12 08:00:00,4315.57,4318.877,4305.181,4312.314,240,507
2023-06-12 12:00:00,4312.247,4314.627,4303.934,4313.181,240,515
2023-06-12 16:00:00,4313.317,4340.79,4312.231,4340.536,240,506
2023-06-12 20:00:00,4339.737,4344.677,4336.05,4340.479,130,604
2023-06-13 00:00:00,4340.713,4349.257,4339.021,4348.704,226,520
2023-06-13 04:00:00,4348.472,4354.007,4347.514,4349.32,236,513
2023-06-13 08:00:00,4348.947,4352.857,4340.694,4341.801,239,507
2023-06-13 12:00:00,4342.05,4374.631,4334.557,4362.541,240,544
2023-06-13 16:00:00,4362.8,4375.421,4355.586,4368.814,240,507
2023-06-13 20:00:00,4368.573,4370.687,4366.063,4368.47,124,604
2023-06-14 00:00:00,4368.223,4369.007,4364.521,4367.35,218,518
2023-06-14 04:00:00,4367.657,4376.586,4365.701,4376.324,223,501
2023-06-14 08:00:00,4376.757,4379.322,4372.222,4373.81,240,503
2023-06-14 12:00:00,4373.554,4391.497,4366.392,4383.596,240,508
2023-06-14 16:00:00,4383.331,4385.11,4336.391,4372.747,240,507
2023-06-14 20:00:00,4372.729,4377.609,4371.111,4372.48,130,607
2023-06-15 00:00:00,4372.72,4374.0,4364.183,4370.427,236,507
2023-06-15 04:00:00,4370.481,4373.37,4359.737,4367.367,235,515
2023-06-15 08:00:00,4367.114,4368.87,4351.111,4355.367,240,508
2023-06-15 12:00:00,4355.126,4411.997,4346.177,4407.781,240,510
2023-06-15 16:00:00,4408.049,4439.376,4401.907,4426.89,240,510
2023-06-15 20:00:00,4426.643,4426.643,4418.509,4419.506,128,607
2023-06-16 00:00:00,4419.241,4419.762,4414.137,4419.427,232,504
2023-06-16 04:00:00,4419.117,4426.589,4416.734,4422.427,230,509
2023-06-16 08:00:00,4422.202,4432.137,4421.507,4427.859,240,512
2023-06-16 12:00:00,4427.831,4446.999,4420.453,4429.116,240,505
2023-06-16 16:00:00,4429.36,4440.65,4406.37,4411.493,240,506
2023-06-16 20:00:00,4411.323,4418.082,4410.564,4414.311,15,606
2023-06-19 00:00:00,4412.364,4412.62,4403.37,4404.62,235,508
2023-06-19 04:00:00,4404.37,4416.111,4402.361,4409.126,235,507
2023-06-19 08:00:00,4408.876,4410.867,4403.126,4404.132,237,503
2023-06-19 12:00:00,4404.246,4405.629,4398.481,4403.114,230,515
2023-06-19 16:00:00,4403.361,4403.927,4401.626,4401.626,52,505
2023-06-19 20:00:00,4404.114,4406.177,4399.864,4401.927,105,517
2023-06-20 00:00:00,4401.623,4403.677,4396.999,4399.111,226,510
2023-06-20 04:00:00,4399.367,4402.864,4391.111,4402.117,230,512
2023-06-20 08:00:00,4402.382,4403.132,4387.379,4395.876,240,506
2023-06-20 12:00:00,4396.111,4400.382,4367.197,4377.223,240,514
2023-06-20 16:00:00,4377.221,4400.199,4375.303,4389.186,240,507
2023-06-20 20:00:00,4389.436,4391.724,4383.464,4391.006,125,605
2023-06-21 00:00:00,4390.759,4393.557,4387.671,4389.657,224,509
2023-06-21 04:00:00,4389.534,4391.666,4379.381,4385.586,221,524
2023-06-21 08:00:00,4386.086,4392.812,4384.603,4386.489,240,508
2023-06-21 12:00:00,4386.287,4386.287,4359.676,4367.406,240,513
2023-06-21 16:00:00,4367.337,4386.15,4362.316,4365.522,240,511
2023-06-21 20:00:00,4365.21,4368.487,4363.487,4366.214,117,611
2023-06-22 00:00:00,4365.974,4369.092,4358.416,4363.883,233,510
2023-06-22 04:00:00,4364.121,4364.187,4349.616,4352.551,234,523
2023-06-22 08:00:00,4352.939,4359.877,4349.201,4354.626,240,505
2023-06-22 12:00:00,4354.624,4375.7,4350.376,4371.552,240,515
2023-06-22 16:00:00,4371.556,4382.069,4360.197,4381.823,240,508
2023-06-22 20:00:00,4381.813,4383.862,4378.081,4381.634,106,609
2023-06-23 00:00:00,4381.523,4381.643,4363.353,4364.081,233,506
2023-06-23 04:00:00,4364.387,4370.867,4354.517,4360.962,238,508
2023-06-23 08:00:00,4361.2,4365.427,4356.951,4361.496,240,506
2023-06-23 12:00:00,4361.604,4361.739,4343.32,4354.174,240,510
2023-06-23 16:00:00,4354.411,4366.389,4340.714,4348.506,240,510
2023-06-23 20:00:00,4347.937,4350.302,4341.54,4346.376,15,605
2023-06-26 00:00:00,4356.861,4361.382,4352.623,4359.373,235,507
2023-06-26 04:00:00,4359.249,4359.677,4334.87,4344.126,229,515
2023-06-26 08:00:00,4344.427,4347.677,4335.132,4346.62,240,509
2023-06-26 12:00:00,4346.367,4362.129,4338.376,4347.12,240,510
2023-06-26 16:00:00,4347.367,4348.364,4328.064,4330.324,240,507
2023-06-26 20:00:00,4330.209,4338.674,4330.209,4338.674,123,607
2023-06-27 00:00:00,4338.433,4340.287,4333.314,4338.26,235,513
2023-06-27 04:00:00,4338.01,4346.953,4337.563,4340.81,233,508
2023-06-27 08:00:00,4340.617,4342.799,4331.587,4333.082,240,510
2023-06-27 12:00:00,4333.194,4359.417,4331.084,4358.134,240,509
2023-06-27 16:00:00,4358.39,4384.046,4357.101,4377.559,240,504
2023-06-27 20:00:00,4377.753,4377.753,4368.791,4370.537,125,607
2023-06-28 00:00:00,4370.799,4372.793,4366.894,4371.171,235,506
2023-06-28 04:00:00,4371.42,4374.484,4368.301,4370.063,234,518
2023-06-28 08:00:00,4370.319,4376.98,4366.374,4370.304,238,511
2023-06-28 12:00:00,4370.541,4383.157,4359.617,4382.086,240,513
2023-06-28 16:00:00,4381.827,4390.236,4361.42,4380.793,240,509
2023-06-28 20:00:00,4380.587,4389.017,4378.567,4385.54,123,605
2023-06-29 00:00:00,4385.784,4388.272,4378.189,4379.963,238,517
2023-06-29 04:00:00,4379.831,4382.487,4374.821,4376.816,235,511
2023-06-29 08:00:00,4377.117,4391.942,4376.32,4389.704,239,509
2023-06-29 12:00:00,4389.467,4396.376,4369.546,4392.597,240,516
2023-06-29 16:00:00,4392.847,4398.44,4379.457,4397.566,240,505
2023-06-29 20:00:00,4397.316,4399.506,4395.001,4398.177,116,609
2023-06-30 00:00:00,4398.357,4403.384,4394.171,4398.253,231,511
2023-06-30 04:00:00,4398.003,4404.077,4396.983,4401.839,230,520
2023-06-30 08:00:00,4401.574,4416.989,4401.574,4412.22,239,510
2023-06-30 12:00:00,4412.356,4448.757,4412.231,4440.041,240,504
2023-06-30 16:00:00,4440.296,4458.663,4438.191,4446.72,240,506
2023-07-03 00:00:00,4451.557,4452.719,4446.936,4450.736,223,504
2023-07-03 04:00:00,4450.481,4452.016,4447.083,4451.102,215,517
2023-07-03 08:00:00,4450.907,4455.382,4446.33,4447.077,238,502
2023-07-03 12:00:00,4447.203,4452.677,4441.93,4451.882,239,505
2023-07-03 16:00:00,4452.126,4456.731,4451.177,4453.873,73,529
2023-07-04 20:00:00,4452.49,4453.367,4450.614,4451.876,72,512
2023-07-05 00:00:00,4452.117,4455.376,4450.632,4451.861,182,521
2023-07-05 04:00:00,4451.632,4452.177,4441.611,4443.876,198,501
2023-07-05 08:00:00,4443.629,4446.002,4430.364,4431.752,233,514
2023-07-05 12:00:00,4431.677,4453.957,4429.114,4447.979,240,506
2023-07-05 16:00:00,4447.732,4452.559,4438.106,4446.187,240,508
2023-07-05 20:00:00,4446.459,4446.826,4442.417,4443.163,93,614
2023-07-06 00:00:00,4443.407,4443.493,4432.24,4432.484,234,511
2023-07-06 04:00:00,4432.256,4433.781,4424.949,4427.18,234,506
2023-07-06 08:00:00,4427.429,4430.404,4424.124,4424.88,239,509
2023-07-06 12:00:00,4424.63,4424.889,4384.686,4395.594,240,505
2023-07-06 16:00:00,4395.837,4415.379,4395.591,4411.479,240,507
2023-07-06 20:00:00,4411.167,4413.457,4406.129,4409.399,115,603
2023-07-07 00:00:00,4409.131,4412.216,4406.244,4410.064,225,504
2023-07-07 04:00:00,4409.814,4410.907,4399.041,4403.272,223,526
2023-07-07 08:00:00,4403.567,4410.723,4399.819,4406.317,237,504
2023-07-07 12:00:00,4406.44,4418.017,4395.967,4417.567,240,609
2023-07-07 16:00:00,4417.753,4440.183,4396.626,4399.373,240,513
2023-07-07 20:00:00,4399.329,4404.877,4398.582,4403.311,15,607
2023-07-10 00:00:00,4402.861,4403.373,4388.364,4390.129,237,509
2023-07-10 04:00:00,4389.879,4394.177,4377.367,4384.493,237,506
2023-07-10 08:00:00,4384.623,4401.882,4383.864,4400.873,240,535
2023-07-10 12:00:00,4400.611,4412.677,4394.076,4398.021,240,516
2023-07-10 16:00:00,4398.283,4410.526,4389.601,4410.399,240,505
2023-07-10 20:00:00,4410.331,4412.877,4407.66,4410.692,110,622
2023-07-11 00:00:00,4410.699,4413.272,4407.802,4412.116,222,505
2023-07-11 04:00:00,4411.866,4420.102,4409.174,4409.751,225,511
2023-07-11 08:00:00,4409.504,4419.656,4404.337,4418.926,240,503
2023-07-11 12:00:00,4418.683,4428.561,4408.001,4428.327,238,512
2023-07-11 16:00:00,4428.576,4443.536,4416.353,4438.329,240,510
2023-07-11 20:00:00,4438.264,4441.523,4435.414,4437.592,118,610
2023-07-12 00:00:00,4437.349,4441.476,4435.497,4440.231,212,505
2023-07-12 04:00:00,4439.99,4445.812,4439.99,4445.117,219,520
2023-07-12 08:00:00,4444.81,4451.627,4443.834,4450.467,231,505
2023-07-12 12:00:00,4450.281,4488.456,4447.447,4465.183,240,530
2023-07-12 16:00:00,4464.946,4481.204,4462.721,4474.06,240,508
2023-07-12 20:00:00,4474.367,4479.847,4472.773,4477.161,116,606
2023-07-13 00:00:00,4477.426,4483.816,4476.443,4483.816,223,505
2023-07-13 04:00:00,4483.569,4486.457,4479.901,4485.423,232,512
2023-07-13 08:00:00,4485.161,4490.289,4483.251,4490.044,234,512
2023-07-13 12:00:00,4490.297,4498.873,4483.64,4498.096,239,510
2023-07-13 16:00:00,4498.397,4517.373,4495.291,4508.777,240,506
2023-07-13 20:00:00,4508.676,4509.672,4504.806,4506.716,112,602
2023-07-14 00:00:00,4506.337,4509.114,4500.594,4508.136,231,516
2023-07-14 04:00:00,4507.887,4509.436,4502.521,4508.004,227,517
2023-07-14 08:00:00,4507.817,4516.57,4504.597,4514.657,235,507
2023-07-14 12:00:00,4514.36,4527.562,4508.787,4518.757,238,502
2023-07-14 16:00:00,4519.013,4519.022,4498.649,4507.009,240,505
2023-07-14 20:00:00,4506.504,4506.504,4502.494,4503.557,15,606
2023-07-17 00:00:00,4497.802,4503.469,4497.002,4501.563,215,509
2023-07-17 04:00:00,4501.319,4506.37,4499.867,4505.617,208,517
2023-07-17 08:00:00,4505.867,4507.427,4497.111,4498.379,230,520
2023-07-17 12:00:00,4498.502,4520.71,4496.864,4520.232,240,512
2023-07-17 16:00:00,4520.482,4533.037,4513.856,4522.039,240,506
2023-07-17 20:00:00,4521.619,4521.746,4516.203,4516.277,104,617
2023-07-18 00:00:00,4516.476,4520.419,4514.667,4517.409,218,528
2023-07-18 04:00:00,4517.644,4523.027,4516.901,4520.981,212,529
2023-07-18 08:00:00,4521.231,4523.977,4517.767,4519.222,230,514
2023-07-18 12:00:00,4519.469,4547.586,4513.293,4545.812,239,510
2023-07-18 16:00:00,4545.562,4562.306,4538.241,4555.691,240,510
2023-07-18 20:00:00,4555.021,4555.021,4550.237,4553.779,115,606
2023-07-19 00:00:00,4553.532,4555.177,4552.369,4554.462,206,508
2023-07-19 04:00:00,4554.194,4561.047,4553.52,4554.321,210,517
2023-07-19 08:00:00,4554.071,4559.887,4552.94,4555.44,235,508
2023-07-19 12:00:00,4555.933,4577.577,4554.466,4574.019,240,512
2023-07-19 16:00:00,4573.827,4578.372,4557.473,4564.332,240,512
2023-07-19 20:00:00,4565.251,4566.512,4549.614,4553.379,133,606
2023-07-20 00:00:00,4553.619,4560.182,4552.997,4558.263,221,506
2023-07-20 04:00:00,4558.504,4561.857,4552.414,4558.893,226,506
2023-07-20 08:00:00,4559.14,4562.452,4555.227,4559.609,239,514
2023-07-20 12:00:00,4559.862,4563.411,4540.967,4553.357,238,515
2023-07-20 16:00:00,4553.61,4560.526,4527.304,4535.219,240,504
2023-07-20 20:00:00,4535.166,4538.003,4534.054,4535.586,122,603
2023-07-21 00:00:00,4535.342,4541.696,4532.164,4539.982,222,519
2023-07-21 04:00:00,4539.711,4546.282,4538.547,4542.314,217,513
2023-07-21 08:00:00,4542.092,4549.157,4541.324,4543.326,235,511
2023-07-21 12:00:00,4543.807,4560.209,4535.417,4550.15,240,506
2023-07-21 16:00:00,4549.901,4554.967,4534.911,4534.911,240,505
2023-07-21 20:00:00,4535.111,4536.379,4534.126,4534.882,15,622
2023-07-24 00:00:00,4532.167,4538.622,4531.17,4536.054,231,512
2023-07-24 04:00:00,4536.313,4546.951,4532.894,4545.097,223,522
2023-07-24 08:00:00,4545.037,4549.841,4541.652,4544.861,231,512
2023-07-24 12:00:00,4545.057,4559.092,4540.911,4557.816,240,528
2023-07-24 16:00:00,4558.072,4563.507,4547.37,4554.973,240,506
2023-07-24 20:00:00,4555.147,4557.157,4553.541,4555.921,102,605
2023-07-25 00:00:00,4555.699,4556.202,4550.791,4553.849,214,507
2023-07-25 04:00:00,4553.59,4559.896,4553.581,4556.462,205,523
2023-07-25 08:00:00,4556.387,4564.457,4555.216,4559.891,229,503
2023-07-25 12:00:00,4559.644,4569.137,4550.53,4567.167,239,520
2023-07-25 16:00:00,4567.357,4580.547,4565.38,4567.417,240,506
2023-07-25 20:00:00,4567.313,4578.149,4562.116,4566.677,131,607
2023-07-26 00:00:00,4566.921,4569.822,4563.807,4567.347,218,504
2023-07-26 04:00:00,4567.354,4572.987,4566.64,4570.941,207,523
2023-07-26 08:00:00,4571.194,4571.212,4558.631,4562.151,240,507
2023-07-26 12:00:00,4562.404,4564.249,4552.85,4562.25,240,506
2023-07-26 16:00:00,4562.509,4582.894,4546.819,4568.554,240,510
2023-07-26 20:00:00,4568.503,4579.413,4563.6,4569.303,116,607
2023-07-27 00:00:00,4569.069,4579.882,4566.621,4579.397,224,504
2023-07-27 04:00:00,4579.207,4590.442,4577.723,4588.712,229,512
2023-07-27 08:00:00,4589.191,4598.737,4588.953,4597.756,238,503
2023-07-27 12:00:00,4597.503,4606.941,4583.406,4587.117,240,504
2023-07-27 16:00:00,4587.382,4599.039,4528.163,4537.262,237,505
2023-07-27 20:00:00,4537.574,4542.419,4536.472,4539.873,134,605
2023-07-28 00:00:00,4540.101,4556.707,4536.573,4543.77,235,509
2023-07-28 04:00:00,4544.077,4561.477,4532.132,4554.306,240,511
2023-07-28 08:00:00,4554.562,4563.122,4547.861,4562.351,239,511
2023-07-28 12:00:00,4562.12,4590.092,4561.367,4589.466,240,509
2023-07-28 16:00:00,4589.226,4589.226,4563.194,4581.12,240,515
2023-07-28 20:00:00,4581.127,4581.877,4579.311,4580.573,15,615
2023-07-31 00:00:00,4586.477,4586.923,4571.179,4572.429,240,505
2023-07-31 04:00:00,4572.164,4583.367,4569.917,4578.427,240,505
2023-07-31 08:00:00,4578.617,4588.927,4578.427,4588.927,233,511
2023-07-31 12:00:00,4588.677,4593.879,4577.427,4581.551,240,502
2023-07-31 16:00:00,4581.81,4590.99,4572.887,4590.614,240,507
2023-07-31 20:00:00,4590.551,4593.543,4589.071,4589.321,81,603
2023-08-01 00:00:00,4590.081,4596.654,4589.881,4592.251,226,519
2023-08-01 04:00:00,4592.386,4593.827,4582.704,4583.969,216,516
2023-08-01 08:00:00,4583.767,4584.267,4573.834,4575.419,239,508
2023-08-01 12:00:00,4575.166,4584.506,4567.421,4573.764,240,513
2023-08-01 16:00:00,4574.026,4582.287,4567.143,4576.797,240,509
2023-08-01 20:00:00,4576.927,4577.243,4548.27,4562.4,134,609
2023-08-02 00:00:00,4562.644,4569.487,4555.611,4556.626,230,522
2023-08-02 04:00:00,4556.882,4560.011,4537.899,4538.14,238,517
2023-08-02 08:00:00,4538.39,4560.082,4528.979,4554.634,240,506
2023-08-02 12:00:00,4554.529,4557.139,4514.63,4514.63,240,516
2023-08-02 16:00:00,4514.393,4526.102,4504.994,4513.27,240,508
2023-08-02 20:00:00,4513.52,4520.862,4511.36,4520.839,131,611
2023-08-03 00:00:00,4520.716,4524.657,4514.266,4519.577,240,509
2023-08-03 04:00:00,4519.751,4519.773,4487.937,4488.617,237,504
2023-08-03 08:00:00,4488.491,4509.949,4488.491,4502.156,240,505
2023-08-03 12:00:00,4502.391,4510.516,4485.194,4504.312,240,531
2023-08-03 16:00:00,4504.553,4519.442,4499.273,4500.107,240,504
2023-08-03 20:00:00,4499.86,4517.712,4497.092,4509.777,134,605
2023-08-04 00:00:00,4510.264,4520.107,4506.831,4515.391,239,509
2023-08-04 04:00:00,4515.533,4524.144,4509.784,4521.047,238,523
2023-08-04 08:00:00,4520.734,4526.207,4499.257,4503.727,240,512
2023-08-04 12:00:00,4503.983,4530.747,4494.051,4529.69,239,587
2023-08-04 16:00:00,4529.931,4540.317,4474.272,4479.427,240,508
2023-08-04 20:00:00,4479.927,4482.127,4478.311,4482.082,15,605
2023-08-07 00:00:00,4488.123,4497.617,4487.364,4496.361,232,514
2023-08-07 04:00:00,4496.177,4502.632,4490.132,4502.373,231,514
2023-08-07 08:00:00,4502.123,4502.382,4485.611,4490.37,240,510
2023-08-07 12:00:00,4489.873,4510.677,4485.879,4506.544,240,514
2023-08-07 16:00:00,4506.291,4519.857,4500.833,4518.576,240,514
2023-08-07 20:00:00,4518.279,4521.089,4517.021,4518.861,110,609
2023-08-08 00:00:00,4519.009,4519.904,4506.81,4508.114,239,508
2023-08-08 04:00:00,4507.984,4510.877,4500.771,4508.737,229,508
2023-08-08 08:00:00,4509.101,4509.797,4482.283,4487.26,240,504
2023-08-08 12:00:00,4487.519,4492.292,4463.98,4468.069,240,515
2023-08-08 16:00:00,4467.81,4503.09,4467.311,4498.623,240,506
2023-08-08 20:00:00,4498.387,4499.582,4496.324,4497.093,110,615
2023-08-09 00:00:00,4496.982,4505.152,4496.371,4501.721,234,517
2023-08-09 04:00:00,4501.97,4514.984,4500.981,4510.544,228,516
2023-08-09 08:00:00,4510.803,4517.041,4504.2,4512.429,239,511
2023-08-09 12:00:00,4512.173,4513.417,4460.489,4464.726,240,505
2023-08-09 16:00:00,4464.473,4499.417,4463.239,4468.201,240,511
2023-08-09 20:00:00,4468.669,4479.397,4468.669,4478.173,121,605
2023-08-10 00:00:00,4478.293,4485.039,4476.409,4484.062,231,505
2023-08-10 04:00:00,4484.294,4497.097,4479.382,4493.393,229,509
2023-08-10 08:00:00,4493.264,4495.404,4485.45,4487.109,238,506
2023-08-10 12:00:00,4486.862,4526.367,4475.883,4486.332,240,595
2023-08-10 16:00:00,4486.067,4489.832,4457.287,4469.497,240,508
2023-08-10 20:00:00,4469.709,4475.647,4465.707,4474.48,122,612
2023-08-11 00:00:00,4474.23,4479.221,4467.187,4468.371,233,523
2023-08-11 04:00:00,4468.152,4478.12,4465.924,4472.364,235,514
2023-08-11 08:00:00,4472.623,4472.879,4459.623,4465.629,240,508
2023-08-11 12:00:00,4465.364,4476.882,4442.617,4462.927,240,530
2023-08-11 16:00:00,4462.623,4472.177,4454.111,4465.729,240,506
2023-08-11 20:00:00,4465.42,4469.727,4465.42,4469.182,15,616
2023-08-14 00:00:00,4472.79,4474.227,4448.664,4454.173,240,508
2023-08-14 04:00:00,4453.911,4485.376,4452.661,4480.927,239,510
2023-08-14 08:00:00,4481.126,4483.379,4469.376,4472.361,240,504
2023-08-14 12:00:00,4472.297,4487.427,4453.364,4480.861,240,505
2023-08-14 16:00:00,4481.177,4490.734,4472.404,4490.734,240,506
2023-08-14 20:00:00,4490.499,4497.584,4488.114,4494.124,131,626
2023-08-15 00:00:00,4494.057,4500.977,4491.95,4498.261,238,507
2023-08-15 04:00:00,4498.026,4499.562,4468.331,4468.821,233,510
2023-08-15 08:00:00,4469.33,4475.177,4454.861,4457.373,240,508
2023-08-15 12:00:00,4457.614,4474.114,4442.493,4459.379,240,551
2023-08-15 16:00:00,4459.132,4461.614,4432.217,4438.237,240,507
2023-08-15 20:00:00,4438.452,4440.857,4436.139,4439.832,126,602
2023-08-16 00:00:00,4440.069,4441.762,4430.889,4439.783,239,505
2023-08-16 04:00:00,4440.021,4447.679,4432.57,4444.684,237,509
2023-08-16 08:00:00,4444.829,4451.237,4432.101,4439.852,240,508
2023-08-16 12:00:00,4440.081,4449.676,4428.671,4432.72,240,505
2023-08-16 16:00:00,4432.527,4438.463,4402.986,4404.232,240,507
2023-08-16 20:00:00,4404.027,4407.467,4401.449,4402.519,121,605
2023-08-17 00:00:00,4402.317,4406.862,4393.081,4406.862,238,507
2023-08-17 04:00:00,4407.109,4412.474,4397.514,4408.03,238,510
2023-08-17 08:00:00,4407.78,4415.557,4406.793,4415.114,240,510
2023-08-17 12:00:00,4414.864,4420.622,4396.651,4402.416,240,547
2023-08-17 16:00:00,4402.672,4412.802,4364.321,4369.084,240,509
2023-08-17 20:00:00,4369.29,4370.542,4361.15,4366.933,128,604
2023-08-18 00:00:00,4366.671,4375.757,4363.969,4370.46,239,507
2023-08-18 04:00:00,4370.71,4374.409,4361.486,4364.983,240,505
2023-08-18 08:00:00,4364.73,4370.472,4345.426,4347.911,240,514
2023-08-18 12:00:00,4348.312,4371.757,4336.273,4370.537,240,506
2023-08-18 16:00:00,4370.547,4382.093,4353.704,4371.079,240,507
2023-08-18 20:00:00,4370.776,4376.02,4369.261,4370.523,14,608
2023-08-21 00:00:00,4372.323,4376.627,4364.817,4370.877,236,508
2023-08-21 04:00:00,4370.579,4384.164,4362.061,4383.932,237,529
2023-08-21 08:00:00,4383.676,4393.977,4381.173,4392.727,240,505
2023-08-21 12:00:00,4392.917,4395.477,4359.807,4362.78,240,510
2023-08-21 16:00:00,4362.546,4407.744,4361.79,4400.091,240,506
2023-08-21 20:00:00,4399.809,4399.809,4392.191,4392.931,119,613
2023-08-22 00:00:00,4393.247,4398.764,4389.722,4397.42,237,520
2023-08-22 04:00:00,4397.597,4413.011,4392.904,4411.717,231,499
2023-08-22 08:00:00,4412.027,4425.35,4411.401,4423.971,239,516
2023-08-22 12:00:00,4424.242,4427.252,4392.371,4393.639,240,506
2023-08-22 16:00:00,4393.133,4401.132,4382.601,4387.282,240,511
2023-08-22 20:00:00,4387.52,4391.512,4386.239,4388.829,102,616
2023-08-23 00:00:00,4388.687,4402.192,4388.082,4399.134,236,521
2023-08-23 04:00:00,4398.884,4410.529,4397.16,4404.796,232,508
2023-08-23 08:00:00,4404.534,4413.273,4390.953,4396.703,240,514
2023-08-23 12:00:00,4396.507,4430.317,4388.126,4429.321,240,511
2023-08-23 16:00:00,4429.074,4443.21,4425.687,4436.267,240,504
2023-08-23 20:00:00,4435.796,4460.562,4433.174,4457.617,134,606
2023-08-24 00:00:00,4457.361,4468.497,4455.883,4465.47,234,516
2023-08-24 04:00:00,4465.341,4473.647,4459.549,4462.407,232,527
2023-08-24 08:00:00,4462.292,4468.399,4451.741,4458.044,240,533
2023-08-24 12:00:00,4458.297,4458.559,4398.077,4398.321,240,518
2023-08-24 16:00:00,4398.092,4414.302,4374.42,4374.911,240,504
2023-08-24 20:00:00,4375.256,4379.976,4370.402,4377.516,134,609
2023-08-25 00:00:00,4377.254,4382.317,4375.093,4377.257,231,516
2023-08-25 04:00:00,4377.51,4383.567,4369.223,4379.783,235,512
2023-08-25 08:00:00,4380.042,4388.897,4379.584,4386.741,239,512
2023-08-25 12:00:00,4386.611,4418.327,4355.737,4375.609,239,510
2023-08-25 16:00:00,4375.109,4418.754,4374.85,4405.661,240,505
2023-08-25 20:00:00,4405.111,4408.379,4404.361,4406.382,15,608
2023-08-28 00:00:00,4412.977,4413.432,4405.679,4407.182,238,507
2023-08-28 04:00:00,4407.417,4414.977,4406.914,4409.429,234,517
2023-08-28 08:00:00,4409.179,4415.682,4407.667,4415.682,238,506
2023-08-28 12:00:00,4415.426,4438.417,4414.664,4420.567,240,514
2023-08-28 16:00:00,4420.329,4440.271,4414.401,4432.507,240,509
2023-08-28 20:00:00,4432.769,4437.936,4431.457,4433.75,111,604
2023-08-29 00:00:00,4434.0,4437.312,4430.387,4435.871,233,517
2023-08-29 04:00:00,4435.687,4445.253,4430.066,4431.053,222,505
2023-08-29 08:00:00,4430.939,4439.907,4427.737,4429.19,240,513
2023-08-29 12:00:00,4429.443,4484.937,4424.461,4481.7,240,523
2023-08-29 16:00:00,4481.953,4500.307,4480.153,4497.366,240,508
2023-08-29 20:00:00,4497.192,4502.056,4496.681,4499.603,123,607
2023-08-30 00:00:00,4499.407,4506.967,4498.841,4505.043,230,522
2023-08-30 04:00:00,4504.787,4505.857,4490.49,4498.493,229,502
2023-08-30 08:00:00,4498.252,4498.984,4487.351,4493.0,239,508
2023-08-30 12:00:00,4492.75,4521.247,4491.251,4516.052,240,515
2023-08-30 16:00:00,4515.847,4521.947,4505.334,4515.274,240,509
2023-08-30 20:00:00,4514.974,4517.242,4513.992,4514.799,83,609
2023-08-31 00:00:00,4515.04,4521.681,4514.753,4518.28,215,506
2023-08-31 04:00:00,4518.039,4522.396,4514.751,4521.637,231,498
2023-08-31 08:00:00,4521.402,4527.827,4513.724,4526.017,240,505
2023-08-31 12:00:00,4526.03,4532.473,4516.627,4523.169,240,532
2023-08-31 16:00:00,4523.467,4526.627,4505.552,4506.977,240,504
2023-08-31 20:00:00,4506.493,4511.667,4506.12,4510.781,118,614
2023-09-01 00:00:00,4511.052,4514.972,4509.791,4512.912,214,517
2023-09-01 04:00:00,4513.03,4520.607,4506.311,4519.557,208,508
2023-09-01 08:00:00,4519.801,4527.172,4516.324,4524.164,239,504
2023-09-01 12:00:00,4523.911,4540.447,4501.023,4502.94,240,561
2023-09-01 16:00:00,4502.699,4517.037,4501.197,4515.736,240,507
2023-09-01 20:00:00,4516.479,4516.479,4513.68,4514.927,14,604
2023-09-04 00:00:00,4513.417,4517.727,4512.661,4515.664,226,516
2023-09-04 04:00:00,4515.426,4524.927,4514.92,4522.614,205,507
2023-09-04 08:00:00,4522.873,4525.882,4521.111,4522.361,233,510
2023-09-04 12:00:00,4522.246,4525.376,4510.114,4513.111,239,521
2023-09-04 16:00:00,4513.361,4515.499,4512.927,4514.62,54,507
2023-09-04 20:00:00,4514.999,4516.126,4512.114,4514.611,92,528
2023-09-05 00:00:00,4514.927,4515.379,4507.376,4508.629,235,516
2023-09-05 04:00:00,4508.361,4511.376,4498.864,4500.749,228,520
2023-09-05 08:00:00,4500.617,4512.376,4494.864,4510.129,240,506
2023-09-05 12:00:00,4510.249,4515.12,4495.561,4505.857,240,506
2023-09-05 16:00:00,4506.107,4510.834,4495.414,4496.426,240,509
2023-09-05 20:00:00,4496.17,4498.132,4492.881,4495.23,106,601
2023-09-06 00:00:00,4495.471,4497.619,4490.302,4491.457,220,507
2023-09-06 04:00:00,4491.207,4494.801,4480.557,4483.792,229,513
2023-09-06 08:00:00,4483.524,4490.112,4483.271,4487.404,240,504
2023-09-06 12:00:00,4487.669,4488.542,4454.914,4458.726,240,509
2023-09-06 16:00:00,4459.027,4467.374,4441.451,4465.457,240,509
2023-09-06 20:00:00,4465.162,4465.657,4461.634,4464.207,115,609
2023-09-07 00:00:00,4463.957,4465.464,4460.564,4462.623,224,513
2023-09-07 04:00:00,4462.882,4463.057,4447.909,4456.783,230,522
2023-09-07 08:00:00,4456.521,4458.602,4445.433,4445.697,240,515
2023-09-07 12:00:00,4445.45,4452.267,4429.28,4442.229,240,505
2023-09-07 16:00:00,4441.967,4458.044,4441.47,4451.194,240,507
2023-09-07 20:00:00,4451.324,4453.827,4447.904,4452.529,104,613
2023-09-08 00:00:00,4452.773,4453.882,4446.814,4453.392,204,519
2023-09-08 04:00:00,4453.14,4464.797,4450.161,4458.763,226,513
2023-09-08 08:00:00,4458.883,4461.022,4439.064,4445.669,240,511
2023-09-08 12:00:00,4445.786,4473.497,4444.669,4464.492,240,505
2023-09-08 16:00:00,4464.736,4470.394,4447.923,4457.596,240,505
2023-09-08 20:00:00,4457.293,4462.582,4456.534,4461.377,15,605
2023-09-11 00:00:00,4462.74,4465.129,4456.864,4461.873,231,520
2023-09-11 04:00:00,4461.611,4479.879,4461.611,4477.382,220,512
2023-09-11 08:00:00,4477.62,4480.117,4470.864,4476.117,236,511
2023-09-11 12:00:00,4475.984,4490.927,4467.191,4471.677,234,510
2023-09-11 16:00:00,4471.439,4489.442,4471.439,4487.59,240,505
2023-09-11 20:00:00,4487.29,4488.539,4481.756,4483.044,120,605
2023-09-12 00:00:00,4482.81,4485.233,4477.762,4484.623,227,504
2023-09-12 04:00:00,4484.377,4485.622,4475.057,4476.806,232,504
2023-09-12 08:00:00,4476.559,4479.917,4472.204,4472.697,240,507
2023-09-12 12:00:00,4472.463,4479.777,4463.504,4473.127,240,507
2023-09-12 16:00:00,4473.373,4487.42,4456.334,4462.287,240,508
2023-09-12 20:00:00,4462.246,4464.767,4459.993,4463.147,117,608
2023-09-13 00:00:00,4463.34,4464.616,4454.87,4455.541,233,509
2023-09-13 04:00:00,4455.424,4467.959,4454.334,4462.832,229,523
2023-09-13 08:00:00,4462.567,4465.006,4454.237,4463.15,240,508
2023-09-13 12:00:00,4463.39,4478.526,4444.61,4474.87,237,525
2023-09-13 16:00:00,4475.12,4479.457,4455.647,4467.67,240,508
2023-09-13 20:00:00,4467.42,4471.947,4465.941,4471.403,114,707
2023-09-14 00:00:00,4471.416,4480.222,4470.411,4480.21,228,507
2023-09-14 04:00:00,4479.979,4482.717,4474.307,4475.85,237,507
2023-09-14 08:00:00,4475.601,4486.533,4470.697,4481.082,240,505
2023-09-14 12:00:00,4480.83,4500.709,4476.431,4500.072,229,508
2023-09-14 16:00:00,4500.307,4511.472,4498.792,4505.166,240,514
2023-09-14 20:00:00,4504.907,4509.713,4503.63,4507.737,128,614
2023-09-15 00:00:00,4507.509,4515.796,4506.632,4514.333,236,501
2023-09-15 04:00:00,4514.147,4516.381,4507.029,4510.477,238,520
2023-09-15 08:00:00,4510.601,4512.05,4506.792,4507.762,240,507
2023-09-15 12:00:00,4507.624,4511.589,4459.673,4468.366,240,507
2023-09-15 16:00:00,4468.39,4471.197,4446.494,4449.999,236,508
2023-09-15 20:00:00,4450.497,4454.392,4448.957,4453.89,15,608
2023-09-18 00:00:00,4459.021,4460.529,4456.431,4459.91,225,514
2023-09-18 04:00:00,4459.651,4460.886,4452.373,4458.382,219,512
2023-09-18 08:00:00,4458.126,4459.126,4439.927,4442.873,237,503
2023-09-18 12:00:00,4442.629,4464.311,4440.876,4462.947,236,513
2023-09-18 16:00:00,4463.127,4466.032,4448.346,4453.062,240,509
2023-09-18 20:00:00,4452.741,4456.637,4452.741,4456.062,98,604
2023-09-19 00:00:00,4455.867,4457.597,4452.237,4453.67,213,512
2023-09-19 04:00:00,4453.907,4459.107,4448.804,4457.89,223,501
2023-09-19 08:00:00,4457.659,4461.947,4456.364,4458.644,239,505
2023-09-19 12:00:00,4458.596,4458.886,4421.249,4425.403,240,527
2023-09-19 16:00:00,4425.207,4449.793,4416.141,4444.457,240,513
2023-09-19 20:00:00,4444.204,4446.861,4443.481,4445.434,116,621
2023-09-20 00:00:00,4445.197,4445.747,4437.977,4438.48,226,519
2023-09-20 04:00:00,4438.732,4446.979,4437.942,4445.5,225,511
2023-09-20 08:00:00,4445.256,4454.737,4442.754,4453.219,239,517
2023-09-20 12:00:00,4453.459,4461.189,4447.696,4453.461,240,713
2023-09-20 16:00:00,4453.732,4456.496,4400.583,4402.569,236,511
2023-09-20 20:00:00,4402.759,4403.987,4394.939,4395.294,128,611
2023-09-21 00:00:00,4395.063,4399.276,4386.344,4390.571,231,505
2023-09-21 04:00:00,4390.827,4394.177,4383.293,4391.202,237,514
2023-09-21 08:00:00,4391.449,4393.416,4365.977,4367.147,240,505
2023-09-21 12:00:00,4367.457,4373.907,4352.509,4355.152,240,510
2023-09-21 16:00:00,4355.399,4365.156,4328.45,4330.161,240,510
2023-09-21 20:00:00,4331.286,4332.58,4326.243,4327.461,125,604
2023-09-22 00:00:00,4327.581,4338.202,4324.169,4337.216,239,510
2023-09-22 04:00:00,4336.963,4342.002,4333.584,4334.601,233,508
2023-09-22 08:00:00,4334.907,4342.589,4331.41,4339.903,240,510
2023-09-22 12:00:00,4340.162,4357.313,4332.853,4345.589,240,508
2023-09-22 16:00:00,4345.337,4353.853,4315.977,4319.92,240,507
2023-09-22 20:00:00,4319.927,4324.882,4319.864,4323.632,15,604
2023-09-25 00:00:00,4325.679,4332.429,4319.161,4331.167,231,517
2023-09-25 04:00:00,4330.932,4339.427,4327.911,4335.379,225,509
2023-09-25 08:00:00,4335.12,4336.876,4307.129,4308.861,186,505
2023-09-25 12:00:00,4308.626,4332.986,4298.361,4328.7,240,510
2023-09-25 16:00:00,4328.456,4338.817,4315.871,4338.339,240,509
2023-09-25 20:00:00,4338.042,4340.262,4336.777,4336.837,93,609
2023-09-26 00:00:00,4336.906,4337.033,4317.073,4323.126,236,509
2023-09-26 04:00:00,4323.246,4325.126,4303.182,4313.701,234,514
2023-09-26 08:00:00,4313.953,4324.494,4312.624,4321.0,240,510
2023-09-26 12:00:00,4320.874,4325.781,4281.764,4286.101,240,514
2023-09-26 16:00:00,4286.24,4295.147,4265.501,4273.872,240,505
2023-09-26 20:00:00,4274.55,4282.203,4273.367,4280.87,129,614
2023-09-27 00:00:00,4281.117,4285.277,4276.944,4282.397,230,505
2023-09-27 04:00:00,4282.141,4295.276,4281.661,4295.044,236,519
2023-09-27 08:00:00,4295.182,4296.022,4285.731,4291.747,240,514
2023-09-27 12:00:00,4291.924,4294.68,4261.269,4264.282,240,504
2023-09-27 16:00:00,4264.02,4290.517,4238.274,4275.79,240,507
2023-09-27 20:00:00,4276.036,4283.556,4274.5,4281.336,128,602
2023-09-28 00:00:00,4281.637,4286.501,4272.989,4274.482,238,512
2023-09-28 04:00:00,4274.221,4283.471,4268.551,4276.281,240,538
2023-09-28 08:00:00,4276.049,4282.519,4263.487,4272.496,240,511
2023-09-28 12:00:00,4272.244,4311.077,4263.079,4309.582,240,508
2023-09-28 16:00:00,4309.823,4317.594,4289.464,4300.4,240,508
2023-09-28 20:00:00,4300.162,4308.482,4296.631,4301.144,124,611
2023-09-29 00:00:00,4301.39,4303.939,4289.544,4303.462,235,509
2023-09-29 04:00:00,4303.206,4319.617,4297.031,4317.603,237,511
2023-09-29 08:00:00,4317.907,4324.074,4313.927,4314.746,240,508
2023-09-29 12:00:00,4314.253,4333.617,4301.47,4307.137,240,505
2023-09-29 16:00:00,4307.33,4312.303,4274.111,4288.876,240,510
2023-10-02 00:00:00,4308.249,4316.367,4307.37,4312.382,231,507
2023-10-02 04:00:00,4312.626,4319.882,4300.617,4314.12,233,511
2023-10-02 08:00:00,4314.367,4318.123,4282.87,4284.373,240,508
2023-10-02 12:00:00,4284.114,4301.097,4269.821,4272.766,240,500
2023-10-02 16:00:00,4272.526,4288.452,4259.344,4288.449,239,508
2023-10-02 20:00:00,4288.396,4292.59,4285.571,4288.797,124,607
2023-10-03 00:00:00,4288.572,4290.557,4280.651,4286.92,238,519
2023-10-03 04:00:00,4287.163,4293.27,4277.644,4288.842,238,513
2023-10-03 08:00:00,4288.941,4299.252,4265.223,4268.19,240,510
2023-10-03 12:00:00,4268.437,4280.642,4221.759,4225.942,240,506
2023-10-03 16:00:00,4226.192,4242.459,4215.76,4231.347,240,506
2023-10-03 20:00:00,4230.987,4233.951,4225.342,4230.044,134,705
2023-10-04 00:00:00,4229.791,4232.773,4210.03,4213.613,238,512
2023-10-04 04:00:00,4213.366,4222.637,4201.021,4218.156,240,509
2023-10-04 08:00:00,4217.891,4239.317,4214.194,4237.299,240,508
2023-10-04 12:00:00,4237.04,4254.097,4219.857,4254.097,240,509
2023-10-04 16:00:00,4254.172,4268.707,4230.827,4261.077,240,507
2023-10-04 20:00:00,4261.081,4261.081,4253.633,4256.007,131,608
2023-10-05 00:00:00,4255.751,4265.912,4250.544,4264.749,240,511
2023-10-05 04:00:00,4264.496,4265.992,4246.949,4251.15,237,506
2023-10-05 08:00:00,4250.904,4263.687,4242.304,4263.374,240,505
2023-10-05 12:00:00,4263.197,4267.397,4225.551,4234.047,240,506
2023-10-05 16:00:00,4233.747,4267.424,4232.014,4258.13,240,509
2023-10-05 20:00:00,4258.321,4259.332,4251.847,4252.599,116,608
2023-10-06 00:00:00,4252.837,4259.574,4251.054,4255.662,238,516
2023-10-06 04:00:00,4255.957,4261.527,4248.784,4260.739,235,505
2023-10-06 08:00:00,4260.976,4271.987,4256.78,4260.864,240,504
2023-10-06 12:00:00,4260.617,4302.637,4209.923,4302.387,240,614
2023-10-06 16:00:00,4302.099,4324.376,4290.067,4308.62,240,508
2023-10-06 20:00:00,4308.127,4312.579,4306.079,4312.082,15,602
2023-10-09 00:00:00,4279.629,4280.623,4271.117,4271.882,237,509
2023-10-09 04:00:00,4272.12,4284.993,4266.993,4273.617,238,516
2023-10-09 08:00:00,4273.743,4289.876,4272.62,4281.623,240,509
2023-10-09 12:00:00,4281.379,4304.873,4275.87,4303.472,240,507
2023-10-09 16:00:00,4303.473,4341.841,4298.652,4336.307,240,510
2023-10-09 20:00:00,4336.567,4338.297,4333.68,4335.533,102,608
2023-10-10 00:00:00,4335.789,4343.947,4334.291,4339.501,235,515
2023-10-10 04:00:00,4339.26,4344.237,4333.024,4339.211,233,506
2023-10-10 08:00:00,4338.976,4347.217,4333.151,4333.957,240,507
2023-10-10 12:00:00,4334.156,4384.339,4332.776,4383.092,240,511
2023-10-10 16:00:00,4383.336,4385.58,4356.046,4357.957,240,509
2023-10-10 20:00:00,4357.606,4360.08,4355.894,4359.14,110,611
2023-10-11 00:00:00,4359.032,4361.889,4356.604,4359.891,235,518
2023-10-11 04:00:00,4360.024,4366.587,4355.584,4360.08,229,514
2023-10-11 08:00:00,4359.957,4375.487,4357.124,4371.736,240,509
2023-10-11 12:00:00,4371.351,4377.127,4355.629,4357.874,240,507
2023-10-11 16:00:00,4357.636,4378.419,4344.839,4375.712,240,510
2023-10-11 20:00:00,4375.944,4386.346,4375.644,4386.087,109,606
2023-10-12 00:00:00,4385.84,4388.597,4384.591,4388.584,228,504
2023-10-12 04:00:00,4388.349,4395.057,4386.231,4387.234,221,514
2023-10-12 08:00:00,4386.984,4396.896,4385.756,4394.451,239,518
2023-10-12 12:00:00,4394.342,4397.942,4362.421,4377.861,240,556
2023-10-12 16:00:00,4378.114,4385.777,4324.921,4349.83,240,510
2023-10-12 20:00:00,4349.274,4353.032,4347.391,4351.792,118,608
2023-10-13 00:00:00,4352.036,4357.472,4350.127,4354.534,231,505
2023-10-13 04:00:00,4354.429,4359.602,4350.354,4356.371,237,505
2023-10-13 08:00:00,4356.624,4360.602,4335.13,4347.55,240,510
2023-10-13 12:00:00,4347.923,4377.177,4323.104,4325.814,240,506
2023-10-13 16:00:00,4326.079,4346.036,4311.426,4328.717,240,507
2023-10-13 20:00:00,4328.217,4328.217,4321.161,4321.911,15,604
2023-10-16 00:00:00,4338.967,4343.277,4335.464,4337.97,239,505
2023-10-16 04:00:00,4338.223,4345.732,4329.346,4332.732,239,513
2023-10-16 08:00:00,4332.647,4347.032,4325.729,4343.279,240,508
2023-10-16 12:00:00,4343.152,4383.542,4338.511,4371.903,240,505
2023-10-16 16:00:00,4372.39,4381.937,4355.729,4372.761,240,510
2023-10-16 20:00:00,4372.577,4376.799,4367.419,4372.254,120,613
2023-10-17 00:00:00,4372.383,4373.756,4363.521,4366.263,232,511
2023-10-17 04:00:00,4366.007,4372.959,4363.08,4371.22,235,507
2023-10-17 08:00:00,4370.97,4371.951,4356.223,4362.46,240,510
2023-10-17 12:00:00,4362.213,4387.207,4336.903,4384.631,240,504
2023-10-17 16:00:00,4384.899,4393.527,4355.221,4372.842,240,512
2023-10-17 20:00:00,4373.086,4374.077,4362.866,4362.872,122,610
2023-10-18 00:00:00,4362.613,4368.367,4356.944,4367.392,240,517
2023-10-18 04:00:00,4367.611,4370.349,4356.764,4363.643,237,522
2023-10-18 08:00:00,4363.457,4368.774,4350.407,4356.149,240,504
2023-10-18 12:00:00,4356.004,4364.364,4334.763,4337.622,240,505
2023-10-18 16:00:00,4337.869,4350.059,4303.509,4313.871,240,508
2023-10-18 20:00:00,4318.024,4323.249,4312.122,4315.917,133,606
2023-10-19 00:00:00,4316.17,4320.669,4301.834,4305.071,239,517
2023-10-19 04:00:00,4305.377,4314.169,4293.514,4299.702,240,505
2023-10-19 08:00:00,4299.437,4320.377,4297.95,4309.234,240,508
2023-10-19 12:00:00,4308.996,4325.197,4296.431,4312.047,240,542
2023-10-19 16:00:00,4312.306,4340.031,4269.404,4277.087,240,511
2023-10-19 20:00:00,4275.809,4276.357,4265.153,4269.737,135,605
2023-10-20 00:00:00,4269.496,4273.199,4262.587,4271.107,239,508
2023-10-20 04:00:00,4271.221,4273.967,4258.773,4268.709,239,501
2023-10-20 08:00:00,4268.956,4278.947,4262.583,4272.249,240,508
2023-10-20 12:00:00,4272.49,4277.03,4230.407,4245.094,240,507
2023-10-20 16:00:00,4245.344,4259.477,4222.427,4222.427,240,505
2023-10-20 20:00:00,4222.311,4224.877,4220.061,4220.082,15,608
2023-10-23 00:00:00,4235.864,4236.49,4228.37,4230.361,238,504
2023-10-23 04:00:00,4230.123,4235.177,4213.161,4214.432,236,517
2023-10-23 08:00:00,4214.67,4222.673,4190.673,4204.977,240,507
2023-10-23 12:00:00,4204.664,4241.646,4188.911,4239.877,240,505
2023-10-23 16:00:00,4239.902,4255.876,4213.833,4216.303,240,508
2023-10-23 20:00:00,4216.056,4230.047,4216.004,4229.791,126,605
2023-10-24 00:00:00,4229.563,4230.309,4218.106,4226.85,240,510
2023-10-24 04:00:00,4227.109,4236.757,4225.854,4229.504,239,505
2023-10-24 08:00:00,4230.136,4243.624,4222.621,4241.789,240,512
2023-10-24 12:00:00,4241.913,4259.489,4235.026,4244.006,240,510
2023-10-24 16:00:00,4243.522,4252.897,4218.661,4247.18,240,505
2023-10-24 20:00:00,4247.3,4266.346,4235.456,4244.517,135,605
2023-10-25 00:00:00,4244.261,4244.782,4238.081,4238.34,238,507
2023-10-25 04:00:00,4238.581,4240.077,4222.61,4229.609,237,523
2023-10-25 08:00:00,4229.476,4238.656,4225.212,4235.202,240,506
2023-10-25 12:00:00,4235.117,4240.912,4201.544,4206.634,240,511
2023-10-25 16:00:00,4206.393,4208.851,4181.191,4187.742,240,508
2023-10-25 20:00:00,4187.474,4194.882,4164.367,4169.359,135,605
2023-10-26 00:00:00,4169.103,4174.316,4155.971,4160.787,239,504
2023-10-26 04:00:00,4160.977,4162.839,4149.929,4158.69,235,507
2023-10-26 08:00:00,4158.823,4167.851,4150.43,4157.807,240,505
2023-10-26 12:00:00,4157.513,4183.352,4150.131,4156.296,240,504
2023-10-26 16:00:00,4155.79,4170.416,4127.377,4137.567,240,507
2023-10-26 20:00:00,4137.699,4160.477,4130.203,4159.686,135,609
2023-10-27 00:00:00,4159.43,4161.977,4150.276,4159.346,238,508
2023-10-27 04:00:00,4159.267,4163.146,4151.46,4156.117,237,526
2023-10-27 08:00:00,4155.879,4164.797,4141.74,4142.731,240,505
2023-10-27 12:00:00,4142.993,4158.65,4129.939,4145.474,240,505
2023-10-27 16:00:00,4145.613,4146.702,4103.227,4118.429,240,508
2023-10-27 20:00:00,4118.611,4121.897,4117.38,4117.687,15,606
2023-10-30 00:00:00,4130.927,4136.057,4130.012,4134.33,238,508
2023-10-30 04:00:00,4134.137,4144.207,4130.867,4142.207,229,506
2023-10-30 08:00:00,4142.906,4150.212,4137.891,4147.462,240,504
2023-10-30 12:00:00,4147.32,4165.203,4132.297,4150.336,240,506
2023-10-30 16:00:00,4150.071,4177.156,4136.631,4166.337,240,504
2023-10-30 20:00:00,4166.087,4166.992,4161.343,4161.894,116,609
2023-10-31 00:00:00,4162.15,4162.15,4148.497,4152.236,239,504
2023-10-31 04:00:00,4151.977,4160.632,4147.593,4156.969,239,508
2023-10-31 08:00:00,4157.099,4179.902,4154.986,4175.473,240,511
2023-10-31 12:00:00,4174.973,4180.443,4152.274,4174.753,240,510
2023-10-31 16:00:00,4174.677,4195.237,4162.476,4192.237,240,507
2023-10-31 20:00:00,4192.49,4193.202,4181.406,4182.707,130,604
2023-11-01 00:00:00,4182.397,4187.433,4177.981,4185.839,239,508
2023-11-01 04:00:00,4186.073,4192.0,4180.837,4184.343,233,507
2023-11-01 08:00:00,4184.587,4188.079,4172.284,4174.783,240,504
2023-11-01 12:00:00,4175.03,4229.517,4174.536,4217.82,240,503
2023-11-01 16:00:00,4217.57,4245.417,4201.427,4237.37,246,507
2023-11-01 20:00:00,4237.317,4247.801,4234.594,4247.324,129,615
2023-11-02 00:00:00,4247.077,4251.122,4243.879,4248.744,231,509
2023-11-02 04:00:00,4248.99,4249.307,4242.807,4249.307,230,518
2023-11-02 08:00:00,4249.361,4264.029,4247.02,4261.802,240,511
2023-11-02 12:00:00,4262.031,4304.167,4260.041,4298.421,240,506
2023-11-02 16:00:00,4298.322,4319.757,4295.024,4318.226,240,505
2023-11-02 20:00:00,4317.973,4318.229,4308.377,4310.142,127,608
2023-11-03 00:00:00,4310.383,4316.787,4309.457,4314.143,223,506
2023-11-03 04:00:00,4314.384,4317.377,4311.291,4312.059,208,529
2023-11-03 08:00:00,4312.173,4316.177,4308.602,4315.867,240,505
2023-11-03 12:00:00,4315.999,4365.493,4312.409,4360.22,240,627
2023-11-03 16:00:00,4359.974,4373.4,4356.661,4357.417,240,506
2023-11-03 20:00:00,4357.173,4361.677,4356.623,4361.623,15,607
2023-11-06 00:00:00,4359.62,4361.927,4356.617,4361.129,237,505
2023-11-06 04:00:00,4361.047,4365.629,4359.361,4363.129,222,507
2023-11-06 08:00:00,4363.379,4369.427,4361.99,4367.367,240,505
2023-11-06 12:00:00,4367.111,4372.177,4357.87,4364.682,240,516
2023-11-06 16:00:00,4364.92,4368.577,4346.896,4361.133,240,511
2023-11-06 20:00:00,4361.247,4367.674,4357.246,4359.053,134,509
2023-11-07 00:00:00,4359.293,4361.589,4356.347,4357.853,234,508
2023-11-07 04:00:00,4357.606,4358.357,4352.531,4353.847,231,519
2023-11-07 08:00:00,4354.052,4361.707,4349.174,4353.904,240,504
2023-11-07 12:00:00,4353.774,4384.812,4353.401,4382.401,240,513
2023-11-07 16:00:00,4382.657,4385.487,4368.961,4379.282,240,507
2023-11-07 20:00:00,4379.409,4386.007,4372.31,4377.897,131,505
2023-11-08 00:00:00,4377.773,4379.537,4372.966,4374.507,229,508
2023-11-08 04:00:00,4374.637,4376.729,4370.701,4372.037,230,519
2023-11-08 08:00:00,4372.167,4381.857,4370.984,4380.102,240,510
2023-11-08 12:00:00,4380.204,4390.737,4375.201,4375.962,240,513
2023-11-08 16:00:00,4376.206,4382.19,4358.931,4375.381,240,509
2023-11-08 20:00:00,4375.567,4387.987,4373.222,4375.742,130,509
2023-11-09 00:00:00,4375.606,4381.07,4374.234,4377.212,222,510
2023-11-09 04:00:00,4377.447,4383.646,4377.206,4381.777,220,517
2023-11-09 08:00:00,4381.527,4393.796,4377.301,4385.599,240,511
2023-11-09 12:00:00,4385.473,4396.889,4371.029,4379.077,240,505
2023-11-09 16:00:00,4378.896,4390.327,4345.872,4347.677,240,510
2023-11-09 20:00:00,4347.361,4352.401,4341.901,4344.717,134,512
2023-11-10 00:00:00,4344.413,4349.527,4339.024,4348.726,235,507
2023-11-10 04:00:00,4348.603,4357.642,4348.473,4356.314,224,513
2023-11-10 08:00:00,4356.57,4358.367,4340.947,4346.487,240,507
2023-11-10 12:00:00,4346.297,4370.843,4344.741,4362.604,240,505
2023-11-10 16:00:00,4362.502,4408.096,4362.351,4405.346,240,508
2023-11-10 20:00:00,4405.517,4419.713,4404.833,4415.966,75,507
2023-11-13 00:00:00,4405.39,4406.276,4393.52,4395.276,230,511
2023-11-13 04:00:00,4395.023,4402.127,4393.011,4401.067,222,518
2023-11-13 08:00:00,4401.377,4410.127,4398.061,4408.829,240,507
2023-11-13 12:00:00,4408.576,4410.877,4392.314,4406.177,240,509
2023-11-13 16:00:00,4406.382,4422.027,4404.37,4414.464,240,507
2023-11-13 20:00:00,4414.217,4417.946,4409.417,4412.04,122,510
2023-11-14 00:00:00,4411.929,4413.217,4409.651,4412.914,227,505
2023-11-14 04:00:00,4412.676,4415.993,4409.682,4415.611,199,500
2023-11-14 08:00:00,4415.797,4421.636,4411.047,4414.759,240,505
2023-11-14 12:00:00,4414.491,4501.94,4409.67,4497.992,240,504
2023-11-14 16:00:00,4498.227,4505.457,4485.247,4502.427,240,505
2023-11-14 20:00:00,4502.183,4508.787,4490.767,4500.517,131,509
2023-11-15 00:00:00,4500.71,4507.172,4497.84,4505.937,234,507
2023-11-15 04:00:00,4506.067,4510.217,4502.771,4503.489,207,519
2023-11-15 08:00:00,4503.739,4515.107,4503.031,4514.442,240,508
2023-11-15 12:00:00,4514.553,4524.312,4500.944,4518.354,240,516
2023-11-15 16:00:00,4518.622,4521.127,4494.783,4509.541,240,505
2023-11-15 20:00:00,4509.67,4510.91,4496.481,4499.8,134,503
2023-11-16 00:00:00,4499.932,4503.603,4490.591,4492.707,238,512
2023-11-16 04:00:00,4492.714,4503.12,4492.461,4500.376,235,501
2023-11-16 08:00:00,4500.12,4505.879,4498.62,4502.629,239,505
2023-11-16 12:00:00,4502.873,4510.629,4492.499,4496.317,240,505
2023-11-16 16:00:00,4496.013,4505.33,4487.316,4501.799,240,508
2023-11-16 20:00:00,4501.552,4513.137,4499.439,4509.446,124,505
2023-11-17 00:00:00,4509.566,4516.204,4509.019,4515.711,223,513
2023-11-17 04:00:00,4515.979,4516.027,4509.43,4512.45,216,513
2023-11-17 08:00:00,4512.257,4521.752,4511.184,4518.562,240,515
2023-11-17 12:00:00,4518.809,4525.127,4500.406,4506.866,240,507
2023-11-17 16:00:00,4507.122,4519.957,4499.19,4515.357,240,506
2023-11-17 20:00:00,4515.607,4519.759,4508.011,4511.064,75,506
2023-11-20 00:00:00,4510.382,4512.177,4508.114,4508.873,232,510
2023-11-20 04:00:00,4508.623,4509.927,4505.861,4508.861,213,519
2023-11-20 08:00:00,4509.37,4519.873,4508.62,4516.427,238,505
2023-11-20 12:00:00,4516.126,4531.962,4509.123,4531.962,240,504
2023-11-20 16:00:00,4532.257,4552.736,4530.704,4551.317,240,507
2023-11-20 20:00:00,4551.004,4557.147,4544.397,4550.182,131,511
2023-11-21 00:00:00,4549.911,4553.087,4548.424,4551.299,233,513
2023-11-21 04:00:00,4551.534,4551.607,4543.799,4544.543,220,507
2023-11-21 08:00:00,4544.781,4547.352,4541.63,4542.48,239,507
2023-11-21 12:00:00,4542.733,4546.242,4525.497,4532.424,240,513
2023-11-21 16:00:00,4532.174,4541.717,4527.873,4539.007,240,506
2023-11-21 20:00:00,4538.751,4542.232,4530.484,4532.753,133,506
2023-11-22 00:00:00,4532.494,4541.313,4532.491,4538.101,226,505
2023-11-22 04:00:00,4537.857,4540.027,4533.276,4537.844,216,525
2023-11-22 08:00:00,4537.973,4549.37,4536.17,4546.117,240,506
2023-11-22 12:00:00,4545.981,4569.12,4543.87,4550.726,240,517
2023-11-22 16:00:00,4550.964,4564.536,4545.016,4553.994,240,507
2023-11-22 20:00:00,4553.874,4559.493,4552.166,4552.747,130,507
2023-11-23 00:00:00,4552.636,4557.847,4551.266,4555.122,196,518
2023-11-23 04:00:00,4554.857,4561.709,4554.376,4560.454,193,520
2023-11-23 08:00:00,4560.207,4562.022,4556.974,4559.074,238,507
2023-11-23 12:00:00,4558.887,4562.361,4557.361,4562.361,235,506
2023-11-23 16:00:00,4562.12,4562.427,4560.611,4560.873,48,507
2023-11-23 20:00:00,4561.047,4561.129,4558.623,4560.632,56,528
2023-11-24 00:00:00,4560.547,4561.882,4558.867,4559.617,207,515
2023-11-24 04:00:00,4559.927,4560.177,4556.279,4558.52,182,504
2023-11-24 08:00:00,4558.273,4564.023,4557.279,4561.779,239,515
2023-11-24 12:00:00,4562.026,4564.023,4552.67,4556.673,239,516
2023-11-24 16:00:00,4556.42,4557.682,4553.664,4555.417,74,509
2023-11-27 00:00:00,4551.426,4552.477,4542.917,4545.176,222,500
2023-11-27 04:00:00,4545.097,4549.782,4541.911,4549.523,196,506
2023-11-27 08:00:00,4549.764,4555.276,4544.526,4551.267,238,504
2023-11-27 12:00:00,4551.523,4557.577,4545.764,4553.527,239,503
2023-11-27 16:00:00,4553.22,4560.407,4546.277,4551.756,240,510
2023-11-27 20:00:00,4551.994,4558.386,4548.761,4554.149,114,506
2023-11-28 00:00:00,4553.884,4555.037,4549.932,4551.376,225,507
2023-11-28 04:00:00,4551.626,4554.737,4543.742,4545.742,191,529
2023-11-28 08:00:00,4545.989,4551.107,4541.283,4546.632,236,502
2023-11-28 12:00:00,4546.864,4559.247,4537.934,4556.923,240,504
2023-11-28 16:00:00,4557.164,4567.967,4543.061,4552.787,240,512
2023-11-28 20:00:00,4553.037,4556.269,4545.133,4554.5,128,508
2023-11-29 00:00:00,4554.753,4560.882,4554.251,4560.373,220,515
2023-11-29 04:00:00,4560.262,4561.827,4558.53,4559.119,212,504
2023-11-29 08:00:00,4559.863,4573.267,4558.124,4571.957,238,509
2023-11-29 12:00:00,4571.722,4587.74,4565.571,4570.643,238,506
2023-11-29 16:00:00,4570.447,4572.176,4554.221,4559.81,240,511
2023-11-29 20:00:00,4560.063,4560.3,4546.774,4552.399,128,513
2023-11-30 00:00:00,4552.143,4555.147,4549.817,4554.133,231,511
2023-11-30 04:00:00,4554.38,4558.367,4553.967,4557.217,217,519
2023-11-30 08:00:00,4556.961,4561.234,4549.361,4557.617,240,507
2023-11-30 12:00:00,4557.873,4569.123,4543.15,4552.252,240,520
2023-11-30 16:00:00,4551.99,4554.831,4536.42,4553.861,240,510
2023-11-30 20:00:00,4554.12,4570.552,4541.679,4563.991,122,507
2023-12-01 00:00:00,4563.873,4567.887,4562.607,4564.277,209,523
2023-12-01 04:00:00,4563.964,4567.107,4563.447,4564.769,208,521
2023-12-01 08:00:00,4564.519,4575.847,4564.519,4567.904,240,513
2023-12-01 12:00:00,4568.151,4574.263,4554.393,4566.037,239,522
2023-12-01 16:00:00,4565.787,4599.281,4556.866,4593.477,240,505
2023-12-01 20:00:00,4593.287,4596.032,4586.774,4594.201,75,504
2023-12-04 00:00:00,4589.773,4589.779,4584.032,4585.517,227,513
2023-12-04 04:00:00,4585.761,4587.827,4578.62,4579.114,205,519
2023-12-04 08:00:00,4579.376,4586.861,4576.37,4577.367,240,505
2023-12-04 12:00:00,4577.111,4580.87,4546.481,4548.227,240,516
2023-12-04 16:00:00,4547.992,4570.237,4546.974,4562.654,240,520
2023-12-04 20:00:00,4562.422,4572.227,4559.452,4562.13,128,514
2023-12-05 00:00:00,4562.383,4562.957,4558.45,4561.53,225,519
2023-12-05 04:00:00,4561.789,4562.03,4549.201,4550.48,215,520
2023-12-05 08:00:00,4550.739,4562.067,4549.391,4549.656,240,508
2023-12-05 12:00:00,4549.403,4576.907,4548.683,4576.597,240,505
2023-12-05 16:00:00,4576.907,4578.567,4555.32,4569.061,240,505
2023-12-05 20:00:00,4568.82,4571.387,4563.791,4571.017,133,516
2023-12-06 00:00:00,4570.719,4583.343,4570.719,4581.353,222,505
2023-12-06 04:00:00,4581.233,4583.697,4575.674,4579.453,213,518
2023-12-06 08:00:00,4579.691,4582.054,4574.267,4576.646,239,509
2023-12-06 12:00:00,4576.887,4591.929,4570.487,4574.917,240,503
2023-12-06 16:00:00,4574.682,4577.352,4558.434,4560.657,240,504
2023-12-06 20:00:00,4560.913,4561.467,4545.69,4548.277,135,512
2023-12-07 00:00:00,4548.482,4549.994,4544.834,4546.381,235,504
2023-12-07 04:00:00,4546.282,4548.842,4543.811,4548.102,224,520
2023-12-07 08:00:00,4548.34,4551.677,4542.867,4550.37,240,511
2023-12-07 12:00:00,4550.12,4582.382,4548.614,4579.623,240,502
2023-12-07 16:00:00,4579.861,4589.882,4565.876,4581.177,240,505
2023-12-07 20:00:00,4581.243,4585.867,4577.873,4578.629,124,510
2023-12-08 00:00:00,4578.882,4583.361,4578.364,4583.361,220,514
2023-12-08 04:00:00,4583.129,4584.277,4577.111,4577.382,180,498
2023-12-08 08:00:00,4577.677,4588.952,4574.614,4579.981,235,511
2023-12-08 12:00:00,4580.234,4606.392,4560.311,4602.43,240,507
2023-12-08 16:00:00,4602.692,4606.661,4577.339,4605.707,240,510
2023-12-08 20:00:00,4605.646,4609.173,4600.614,4601.626,75,512
2023-12-11 00:00:00,4606.411,4609.227,4599.679,4601.167,224,510
2023-12-11 04:00:00,4600.932,4603.926,4597.676,4599.17,218,517
2023-12-11 08:00:00,4599.04,4605.532,4595.511,4600.517,239,514
2023-12-11 12:00:00,4600.761,4614.017,4596.026,4609.847,238,508
2023-12-11 16:00:00,4610.157,4620.524,4600.757,4617.437,240,503
2023-12-11 20:00:00,4617.212,4623.523,4615.282,4622.237,122,503
2023-12-12 00:00:00,4622.43,4626.489,4621.494,4624.527,227,509
2023-12-12 04:00:00,4624.286,4627.409,4623.226,4625.206,200,504
2023-12-12 08:00:00,4625.452,4630.162,4623.281,4623.531,238,513
2023-12-12 12:00:00,4623.297,4641.057,4607.417,4628.006,240,510
2023-12-12 16:00:00,4628.244,4637.956,4624.274,4637.463,240,514
2023-12-12 20:00:00,4637.337,4649.637,4636.729,4649.613,125,506
2023-12-13 00:00:00,4649.366,4650.727,4647.424,4648.522,200,510
2023-12-13 04:00:00,4648.751,4650.589,4647.384,4647.621,184,535
2023-12-13 08:00:00,4647.889,4651.847,4647.627,4650.387,234,513
2023-12-13 12:00:00,4650.083,4655.569,4644.457,4653.194,240,513
2023-12-13 16:00:00,4653.45,4703.317,4642.582,4700.32,241,515
2023-12-13 20:00:00,4700.567,4714.482,4683.756,4713.992,133,507
2023-12-14 00:00:00,4713.721,4726.142,4713.721,4721.503,234,511
2023-12-14 04:00:00,4721.263,4726.027,4717.197,4717.197,228,503
2023-12-14 08:00:00,4717.446,4727.182,4713.911,4718.661,240,503
2023-12-14 12:00:00,4718.911,4738.227,4717.167,4726.806,240,505
2023-12-14 16:00:00,4727.05,4734.637,4693.161,4715.647,240,508
2023-12-14 20:00:00,4715.884,4722.607,4711.656,4718.382,134,513
2023-12-15 00:00:00,4718.247,4725.146,4715.517,4725.146,225,507
2023-12-15 04:00:00,4725.269,4732.417,4723.824,4731.882,213,517
2023-12-15 08:00:00,4731.63,4736.187,4729.171,4733.239,236,510
2023-12-15 12:00:00,4732.99,4733.797,4709.414,4722.892,240,514
2023-12-15 16:00:00,4723.127,4724.857,4704.12,4709.876,240,512
2023-12-15 20:00:00,4709.737,4725.617,4708.177,4717.832,75,509
2023-12-18 00:00:00,4720.382,4725.864,4720.111,4725.129,215,508
2023-12-18 04:00:00,4724.864,4729.132,4724.614,4724.62,190,526
2023-12-18 08:00:00,4724.382,4728.376,4717.629,4721.623,240,507
2023-12-18 12:00:00,4721.861,4737.926,4721.617,4732.946,240,513
2023-12-18 16:00:00,4732.694,4749.851,4730.921,4745.569,240,505
2023-12-18 20:00:00,4745.801,4748.177,4735.826,4738.05,120,503
2023-12-19 00:00:00,4737.942,4742.369,4735.144,4741.143,198,506
2023-12-19 04:00:00,4740.89,4743.037,4739.377,4740.803,191,510
2023-12-19 08:00:00,4740.551,4746.389,4740.551,4744.916,236,508
2023-12-19 12:00:00,4744.802,4760.396,4744.417,4760.149,240,515
2023-12-19 16:00:00,4760.377,4764.01,4755.711,4761.233,240,505
2023-12-19 20:00:00,4761.483,4768.967,4757.76,4764.771,122,518
2023-12-20 00:00:00,4764.909,4770.787,4764.771,4769.516,172,521
2023-12-20 04:00:00,4769.577,4772.077,4768.027,4769.644,188,517
2023-12-20 08:00:00,4769.406,4769.653,4756.93,4758.922,239,503
2023-12-20 12:00:00,4758.672,4774.913,4755.669,4772.48,240,506
2023-12-20 16:00:00,4772.236,4777.892,4722.077,4723.693,240,503
2023-12-20 20:00:00,4723.93,4730.512,4691.973,4707.62,132,504
2023-12-21 00:00:00,4707.491,4710.527,4705.181,4709.493,209,514
2023-12-21 04:00:00,4709.252,4722.677,4708.744,4721.617,214,514
2023-12-21 08:00:00,4721.867,4727.373,4719.114,4720.861,239,505
2023-12-21 12:00:00,4721.12,4744.177,4719.364,4730.806,240,517
2023-12-21 16:00:00,4730.55,4735.909,4707.249,4724.769,240,507
2023-12-21 20:00:00,4724.52,4748.957,4721.584,4744.316,133,508
2023-12-22 00:00:00,4744.066,4745.303,4738.011,4740.974,235,513
2023-12-22 04:00:00,4740.984,4742.047,4737.187,4739.96,217,529
2023-12-22 08:00:00,4740.077,4747.027,4738.754,4746.494,238,506
2023-12-22 12:00:00,4746.756,4772.937,4741.611,4760.733,240,508
2023-12-22 16:00:00,4760.616,4766.377,4735.811,4757.877,240,506
2023-12-22 20:00:00,4758.064,4759.323,4748.832,4751.282,74,510
2023-12-25 20:00:00,4751.949,4762.582,4751.814,4761.061,56,514
2023-12-26 00:00:00,4760.826,4762.067,4756.814,4760.82,187,504
2023-12-26 04:00:00,4761.079,4765.627,4760.561,4765.064,171,511
2023-12-26 08:00:00,4764.817,4765.817,4760.814,4761.561,198,508
2023-12-26 12:00:00,4761.497,4771.283,4757.582,4768.313,230,506
2023-12-26 16:00:00,4768.433,4777.017,4764.789,4776.584,240,515
2023-12-26 20:00:00,4776.701,4784.437,4771.663,4777.017,121,508
2023-12-27 00:00:00,4776.71,4777.219,4773.064,4773.906,212,507
2023-12-27 04:00:00,4773.647,4780.166,4773.641,4776.492,183,517
2023-12-27 08:00:00,4776.742,4778.507,4772.681,4774.78,236,506
2023-12-27 12:00:00,4775.087,4780.157,4769.279,4772.53,238,507
2023-12-27 16:00:00,4772.78,4785.147,4767.646,4773.5,240,513
2023-12-27 20:00:00,4773.753,4786.777,4770.973,4784.923,119,503
2023-12-28 00:00:00,4785.164,4792.152,4784.911,4790.45,202,517
2023-12-28 04:00:00,4790.691,4795.867,4789.487,4792.623,182,515
2023-12-28 08:00:00,4792.882,4792.882,4784.411,4786.167,235,505
2023-12-28 12:00:00,4785.911,4793.102,4782.173,4788.962,235,508
2023-12-28 16:00:00,4788.712,4793.467,4782.393,4790.071,240,512
2023-12-28 20:00:00,4789.833,4791.559,4781.529,4788.423,128,513
2023-12-29 00:00:00,4788.173,4790.102,4786.231,4789.613,190,512
2023-12-29 04:00:00,4789.863,4792.127,4788.391,4791.004,170,526
2023-12-29 08:00:00,4791.269,4795.067,4787.411,4789.706,232,507
2023-12-29 12:00:00,4789.946,4790.199,4768.211,4772.366,236,512
2023-12-29 16:00:00,4772.607,4774.632,4750.997,4773.379,240,512
2023-12-29 20:00:00,4773.611,4776.677,4762.617,4772.629,60,505
2024-01-01 20:00:00,4770.867,4776.177,4769.734,4774.626,50,539
2024-01-02 00:00:00,4774.361,4776.379,4770.861,4773.129,193,522
2024-01-02 04:00:00,4772.879,4778.379,4772.62,4776.617,196,504
2024-01-02 08:00:00,4776.734,4782.177,4740.614,4745.481,240,506
2024-01-02 12:00:00,4745.876,4746.123,4729.37,4734.417,240,508
2024-01-02 16:00:00,4734.167,4754.172,4726.981,4726.981,240,508
2024-01-02 20:00:00,4727.104,4747.306,4722.734,4745.354,130,506
2024-01-03 00:00:00,4745.603,4745.882,4741.237,4741.54,218,517
2024-01-03 04:00:00,4741.293,4742.627,4739.101,4741.677,195,508
2024-01-03 08:00:00,4741.752,4745.843,4728.421,4730.166,240,507
2024-01-03 12:00:00,4729.904,4730.163,4704.434,4711.092,240,508
2024-01-03 16:00:00,4710.83,4729.107,4707.136,4719.767,240,507
2024-01-03 20:00:00,4719.966,4720.507,4699.36,4707.622,129,507
2024-01-04 00:00:00,4707.357,4710.677,4704.65,4707.5,225,506
2024-01-04 04:00:00,4707.506,4715.626,4706.021,4712.496,210,516
2024-01-04 08:00:00,4712.623,4716.876,4705.876,4706.623,240,504
2024-01-04 12:00:00,4706.873,4719.347,4697.382,4715.634,240,509
2024-01-04 16:00:00,4716.022,4726.587,4698.787,4703.844,240,504
2024-01-04 20:00:00,4703.612,4707.252,4687.529,4694.253,129,510
2024-01-05 00:00:00,4694.392,4696.657,4692.52,4692.789,212,520
2024-01-05 04:00:00,4693.026,4695.317,4682.337,4683.017,228,507
2024-01-05 08:00:00,4683.327,4688.927,4671.929,4678.122,240,508
2024-01-05 12:00:00,4678.287,4721.433,4663.222,4718.553,240,506
2024-01-05 16:00:00,4718.797,4721.516,4683.521,4685.013,240,505
2024-01-05 20:00:00,4685.262,4699.894,4681.479,4698.073,75,507
2024-01-08 00:00:00,4699.861,4704.617,4691.37,4692.376,230,511
2024-01-08 04:00:00,4692.487,4695.382,4689.427,4691.24,214,517
2024-01-08 08:00:00,4691.373,4696.867,4676.37,4692.382,240,509
2024-01-08 12:00:00,4692.547,4724.94,4690.743,4720.953,240,507
2024-01-08 16:00:00,4721.194,4756.933,4717.411,4754.46,240,512
2024-01-08 20:00:00,4754.207,4764.807,4751.361,4758.051,128,508
2024-01-09 00:00:00,4757.807,4759.62,4756.63,4758.202,209,506
2024-01-09 04:00:00,4758.007,4758.04,4754.636,4755.437,212,519
2024-01-09 08:00:00,4755.693,4755.693,4739.424,4740.66,239,506
2024-01-09 12:00:00,4740.793,4747.177,4730.277,4738.807,240,508
2024-01-09 16:00:00,4738.566,4765.692,4738.566,4754.167,240,504
2024-01-09 20:00:00,4754.411,4758.837,4745.777,4753.971,126,505
2024-01-10 00:00:00,4753.736,4756.729,4749.684,4750.949,230,515
2024-01-10 04:00:00,4751.079,4755.037,4748.267,4754.484,218,504
2024-01-10 08:00:00,4754.667,4765.926,4751.163,4753.687,239,509
2024-01-10 12:00:00,4753.567,4769.763,4750.239,4768.744,240,514
2024-01-10 16:00:00,4768.993,4789.747,4760.811,4789.517,240,505
2024-01-10 20:00:00,4789.719,4791.176,4769.132,4785.673,128,504
2024-01-11 00:00:00,4785.432,4794.432,4784.917,4794.179,214,523
2024-01-11 04:00:00,4793.977,4798.04,4791.929,4795.727,227,519
2024-01-11 08:00:00,4795.923,4802.423,4787.423,4790.182,240,517
2024-01-11 12:00:00,4789.911,4798.19,4752.12,4756.177,240,511
2024-01-11 16:00:00,4756.364,4786.524,4738.62,4785.056,240,514
2024-01-11 20:00:00,4785.281,4785.799,4771.226,4775.997,131,505
2024-01-12 00:00:00,4776.18,4778.274,4768.644,4775.673,221,506
2024-01-12 04:00:00,4775.683,4776.91,4766.897,4767.65,223,501
2024-01-12 08:00:00,4767.409,4787.543,4758.024,4765.757,240,505
2024-01-12 12:00:00,4765.944,4801.987,4763.731,4773.977,240,511
2024-01-12 16:00:00,4774.236,4789.449,4769.711,4778.887,240,509
2024-01-12 20:00:00,4778.589,4785.277,4773.764,4779.167,74,506
2024-01-15 00:00:00,4775.961,4784.277,4773.714,4782.979,227,512
2024-01-15 04:00:00,4782.717,4788.732,4781.211,4782.714,201,507
2024-01-15 08:00:00,4782.976,4787.479,4773.717,4776.982,240,505
2024-01-15 12:00:00,4776.482,4779.277,4772.72,4779.093,238,503
2024-01-15 16:00:00,4779.22,4779.277,4776.217,4779.211,112,511
2024-01-15 20:00:00,4777.714,4778.967,4773.97,4774.232,55,510
2024-01-16 00:00:00,4774.343,4774.343,4762.97,4766.464,236,507
2024-01-16 04:00:00,4766.277,4767.277,4760.211,4763.229,226,505
2024-01-16 08:00:00,4762.967,4764.961,4751.726,4763.479,240,506
2024-01-16 12:00:00,4763.717,4782.042,4750.367,4778.33,240,509
2024-01-16 16:00:00,4778.576,4782.196,4746.671,4758.954,240,509
2024-01-16 20:00:00,4759.222,4767.589,4754.074,4767.21,128,507
2024-01-17 00:00:00,4767.017,4767.469,4753.057,4753.31,237,506
2024-01-17 04:00:00,4753.057,4758.097,4738.234,4743.462,232,508
2024-01-17 08:00:00,4743.191,4748.327,4736.557,4747.062,240,510
2024-01-17 12:00:00,4746.809,4752.817,4724.897,4735.982,240,512
2024-01-17 16:00:00,4736.216,4743.637,4714.284,4730.47,240,503
2024-01-17 20:00:00,4730.711,4741.709,4722.474,4737.632,135,510
2024-01-18 00:00:00,4737.37,4740.927,4734.879,4735.611,234,506
2024-01-18 04:00:00,4735.379,4742.132,4732.611,4741.132,234,503
2024-01-18 08:00:00,4741.62,4757.632,4739.123,4756.879,236,508
2024-01-18 12:00:00,4756.617,4766.62,4749.111,4758.466,240,512
2024-01-18 16:00:00,4758.719,4775.122,4740.894,4773.059,240,505
2024-01-18 20:00:00,4773.18,4785.976,4771.56,4783.689,133,504
2024-01-19 00:00:00,4783.436,4785.537,4778.104,4784.782,238,506
2024-01-19 04:00:00,4785.067,4791.177,4780.671,4789.91,221,510
2024-01-19 08:00:00,4790.151,4804.657,4786.446,4803.382,240,505
2024-01-19 12:00:00,4803.111,4809.859,4784.867,4798.481,239,506
2024-01-19 16:00:00,4798.73,4842.812,4795.767,4838.003,240,508
2024-01-19 20:00:00,4838.067,4842.832,4833.986,4840.567,75,505
2024-01-22 00:00:00,4843.481,4856.252,4842.614,4850.467,231,517
2024-01-22 04:00:00,4850.714,4852.473,4846.611,4850.364,228,529
2024-01-22 08:00:00,4850.123,4856.611,4847.861,4853.117,240,506
2024-01-22 12:00:00,4852.87,4867.12,4849.237,4850.964,202,507
2024-01-22 16:00:00,4851.229,4857.707,4843.504,4851.757,240,511
2024-01-22 20:00:00,4852.253,4857.382,4848.219,4850.527,128,512
2024-01-23 00:00:00,4850.587,4854.276,4848.556,4849.626,233,503
2024-01-23 04:00:00,4849.863,4854.936,4849.857,4853.751,228,510
2024-01-23 08:00:00,4853.507,4855.057,4847.05,4852.132,239,513
2024-01-23 12:00:00,4851.889,4861.362,4846.074,4847.847,240,509
2024-01-23 16:00:00,4848.052,4860.077,4844.321,4858.544,240,501
2024-01-23 20:00:00,4858.787,4874.847,4857.301,4874.116,131,508
2024-01-24 00:00:00,4873.869,4876.222,4871.957,4874.996,219,522
2024-01-24 04:00:00,4875.246,4884.627,4874.5,4882.817,216,520
2024-01-24 08:00:00,4883.076,4887.829,4882.311,4885.814,236,512
2024-01-24 12:00:00,4886.082,4901.867,4879.404,4895.142,239,502
2024-01-24 16:00:00,4895.374,4903.361,4875.201,4880.819,240,507
2024-01-24 20:00:00,4880.684,4884.256,4859.651,4870.632,134,507
2024-01-25 00:00:00,4870.484,4873.427,4865.611,4868.376,236,509
2024-01-25 04:00:00,4868.243,4876.927,4868.114,4872.873,234,506
2024-01-25 08:00:00,4872.632,4876.882,4869.614,4875.111,239,506
2024-01-25 12:00:00,4874.87,4898.567,4868.623,4887.437,240,509
2024-01-25 16:00:00,4887.624,4896.099,4869.039,4881.561,240,506
2024-01-25 20:00:00,4881.079,4896.973,4878.059,4885.71,133,507
2024-01-26 00:00:00,4885.954,4886.994,4881.074,4881.599,220,511
2024-01-26 04:00:00,4881.71,4881.897,4870.614,4871.577,236,515
2024-01-26 08:00:00,4871.456,4890.069,4870.83,4888.349,240,507
2024-01-26 12:00:00,4888.457,4906.046,4884.207,4905.781,240,508
2024-01-26 16:00:00,4905.531,4906.783,4880.881,4895.012,240,508
2024-01-26 20:00:00,4895.244,4895.749,4885.582,4887.582,75,505
2024-01-29 00:00:00,4877.614,4886.427,4876.867,4885.117,224,513
2024-01-29 04:00:00,4885.427,4891.111,4884.361,4891.111,221,504
2024-01-29 08:00:00,4891.367,4893.927,4885.873,4892.373,240,512
2024-01-29 12:00:00,4892.297,4898.357,4887.37,4888.133,240,506
2024-01-29 16:00:00,4888.437,4905.937,4886.697,4903.673,240,506
2024-01-29 20:00:00,4903.914,4929.492,4903.914,4925.973,124,506
2024-01-30 00:00:00,4925.711,4930.527,4923.981,4926.182,224,519
2024-01-30 04:00:00,4925.914,4929.197,4919.873,4923.129,214,532
2024-01-30 08:00:00,4922.734,4927.373,4920.177,4922.873,237,513
2024-01-30 12:00:00,4923.117,4928.067,4914.611,4921.391,239,508
2024-01-30 16:00:00,4921.172,4930.207,4915.912,4928.776,240,510
2024-01-30 20:00:00,4929.017,4931.162,4901.087,4904.046,135,509
2024-01-31 00:00:00,4904.293,4908.521,4903.377,4904.43,221,505
2024-01-31 04:00:00,4904.683,4909.327,4901.511,4908.522,205,523
2024-01-31 08:00:00,4908.753,4912.653,4898.081,4902.593,240,505
2024-01-31 12:00:00,4902.836,4911.447,4879.161,4882.636,240,517
2024-01-31 16:00:00,4882.392,4904.703,4871.347,4879.642,241,513
2024-01-31 20:00:00,4879.886,4880.633,4841.227,4853.811,131,504
2024-02-01 00:00:00,4854.067,4863.076,4853.561,4859.832,227,520
2024-02-01 04:00:00,4860.082,4862.582,4851.073,4858.452,227,508
2024-02-01 08:00:00,4858.57,4866.446,4856.811,4866.332,238,508
2024-02-01 12:00:00,4866.082,4876.382,4855.273,4855.526,240,513
2024-02-01 16:00:00,4855.282,4900.117,4852.693,4899.82,240,505
2024-02-01 20:00:00,4900.332,4933.119,4895.85,4931.527,135,506
2024-02-02 00:00:00,4931.036,4936.127,4927.311,4933.401,229,516
2024-02-02 04:00:00,4933.151,4935.326,4930.717,4931.179,217,507
2024-02-02 08:00:00,4931.411,4937.707,4929.181,4936.563,237,504
2024-02-02 12:00:00,4936.813,4941.852,4903.644,4936.763,240,507
2024-02-02 16:00:00,4937.317,4972.181,4931.564,4971.393,240,508
2024-02-02 20:00:00,4971.649,4975.186,4949.814,4956.311,75,509
2024-02-05 00:00:00,4954.177,4957.382,4942.111,4943.87,236,505
2024-02-05 04:00:00,4944.12,4951.979,4943.611,4947.379,222,514
2024-02-05 08:00:00,4947.12,4952.427,4942.379,4948.882,238,505
2024-02-05 12:00:00,4948.626,4953.879,4917.111,4923.132,240,508
2024-02-05 16:00:00,4923.361,4955.852,4921.836,4954.173,240,509
2024-02-05 20:00:00,4954.097,4954.477,4934.243,4937.057,128,504
2024-02-06 00:00:00,4936.741,4946.45,4936.509,4944.287,228,522
2024-02-06 04:00:00,4944.157,4950.606,4943.261,4948.687,222,521
2024-02-06 08:00:00,4948.753,4950.392,4934.634,4938.136,237,504
2024-02-06 12:00:00,4937.883,4957.732,4934.182,4942.06,240,502
2024-02-06 16:00:00,4941.81,4949.767,4935.096,4945.874,240,504
2024-02-06 20:00:00,4946.123,4955.457,4940.647,4952.557,130,516
2024-02-07 00:00:00,4952.819,4962.787,4951.314,4954.93,226,509
2024-02-07 04:00:00,4954.692,4955.277,4950.64,4951.81,217,508
2024-02-07 08:00:00,4951.946,4956.137,4949.894,4954.189,239,506
2024-02-07 12:00:00,4953.987,4995.247,4950.713,4987.31,240,505
2024-02-07 16:00:00,4987.066,4998.64,4982.551,4997.794,240,505
2024-02-07 20:00:00,4997.357,4999.779,4990.831,4995.067,124,505
2024-02-08 00:00:00,4994.763,4997.263,4993.004,4994.272,199,507
2024-02-08 04:00:00,4994.501,4997.567,4993.751,4995.51,180,529
2024-02-08 08:00:00,4995.757,4997.269,4985.26,4988.51,235,503
2024-02-08 12:00:00,4988.383,4996.817,4984.822,4995.787,240,520
2024-02-08 16:00:00,4995.986,4997.327,4986.582,4996.486,240,505
2024-02-08 20:00:00,4996.23,5000.999,4992.621,4996.386,124,503
2024-02-09 00:00:00,4996.121,4998.142,4994.177,4997.426,210,511
2024-02-09 04:00:00,4997.549,4998.742,4994.601,4998.471,156,513
2024-02-09 08:00:00,4998.73,5006.043,4998.483,5004.907,235,507
2024-02-09 12:00:00,5004.717,5024.049,4997.777,5013.436,239,520
2024-02-09 16:00:00,5013.737,5030.13,5006.859,5026.566,240,507
2024-02-09 20:00:00,5026.801,5027.407,5020.911,5024.332,74,508
2024-02-12 00:00:00,5024.231,5026.373,5023.361,5024.364,145,513
2024-02-12 04:00:00,5024.614,5026.677,5022.373,5024.129,164,513
2024-02-12 08:00:00,5024.361,5027.882,5022.623,5026.876,227,509
2024-02-12 12:00:00,5027.12,5034.667,5022.117,5034.382,236,512
2024-02-12 16:00:00,5034.129,5048.436,5015.977,5019.442,240,507
2024-02-12 20:00:00,5019.177,5025.887,5013.223,5016.989,132,511
2024-02-13 00:00:00,5017.224,5017.486,5013.013,5014.399,196,505
2024-02-13 04:00:00,5014.634,5021.729,5013.977,5021.729,198,515
2024-02-13 08:00:00,5021.97,5022.226,5002.321,5003.873,240,508
2024-02-13 12:00:00,5004.117,5009.147,4944.986,4958.857,240,514
2024-02-13 16:00:00,4959.157,4971.289,4923.867,4926.554,240,510
2024-02-13 20:00:00,4926.304,4957.133,4920.01,4954.683,134,505
2024-02-14 00:00:00,4954.439,4955.567,4951.003,4952.342,225,505
2024-02-14 04:00:00,4952.093,4963.534,4951.757,4962.32,218,516
2024-02-14 08:00:00,4962.082,4976.867,4961.577,4976.697,239,511
2024-02-14 12:00:00,4976.384,4991.546,4969.244,4971.154,240,513
2024-02-14 16:00:00,4970.679,4983.249,4956.026,4981.137,240,504
2024-02-14 20:00:00,4981.387,5003.623,4978.179,5002.864,124,509
2024-02-15 00:00:00,5003.111,5003.123,4995.661,5001.876,212,511
2024-02-15 04:00:00,5001.614,5011.879,5000.867,5008.861,207,523
2024-02-15 08:00:00,5008.632,5014.177,5006.867,5008.873,235,508
2024-02-15 12:00:00,5008.797,5016.632,5001.117,5009.184,238,525
2024-02-15 16:00:00,5008.952,5032.827,4998.937,5029.32,240,511
2024-02-15 20:00:00,5029.576,5034.567,5022.477,5031.911,131,507
2024-02-16 00:00:00,5031.667,5031.932,5023.02,5028.823,214,522
2024-02-16 04:00:00,5028.57,5032.559,5026.761,5030.557,209,504
2024-02-16 08:00:00,5030.822,5042.91,5030.822,5040.706,234,508
2024-02-16 12:00:00,5040.462,5040.944,4997.641,5019.639,236,569
2024-02-16 16:00:00,5019.88,5038.623,5009.757,5015.74,240,508
2024-02-16 20:00:00,5015.999,5017.719,4998.817,5000.064,75,509
2024-02-19 00:00:00,5009.373,5014.126,5003.861,5006.879,224,517
2024-02-19 04:00:00,5006.632,5011.132,5005.123,5006.111,213,508
2024-02-19 08:00:00,5006.373,5011.123,5003.117,5006.502,234,513
2024-02-19 12:00:00,5006.632,5013.373,5006.111,5008.37,230,511
2024-02-19 16:00:00,5008.62,5010.879,5007.861,5009.427,112,505
2024-02-19 20:00:00,5009.234,5009.234,4998.129,5000.123,58,507
2024-02-20 00:00:00,5000.231,5002.361,4986.12,4989.126,231,517
2024-02-20 04:00:00,4989.379,4997.246,4987.111,4995.62,231,511
2024-02-20 08:00:00,4995.37,4997.427,4979.626,4989.177,240,504
2024-02-20 12:00:00,4989.364,4993.87,4967.281,4979.821,240,506
2024-02-20 16:00:00,4980.067,4982.617,4954.483,4976.599,240,508
2024-02-20 20:00:00,4976.852,4978.327,4960.734,4973.256,135,508
2024-02-21 00:00:00,4973.494,4975.772,4965.837,4969.673,228,510
2024-02-21 04:00:00,4969.607,4974.672,4968.474,4971.807,221,509
2024-02-21 08:00:00,4971.551,4972.554,4961.387,4965.983,240,510
2024-02-21 12:00:00,4965.739,4969.847,4958.181,4962.052,240,509
2024-02-21 16:00:00,4962.347,4972.371,4948.444,4955.123,240,507
2024-02-21 20:00:00,4955.231,5009.972,4944.964,5009.09,135,508
2024-02-22 00:00:00,5008.843,5023.399,5008.469,5018.84,236,507
2024-02-22 04:00:00,5018.596,5031.647,5018.337,5030.846,220,507
2024-02-22 08:00:00,5031.081,5055.267,5031.081,5048.831,239,505
2024-02-22 12:00:00,5048.581,5066.712,5040.087,5057.3,240,511
2024-02-22 16:00:00,5057.547,5094.569,5055.321,5081.804,240,508
2024-02-22 20:00:00,5081.322,5093.022,5080.544,5086.314,133,506
2024-02-23 00:00:00,5086.073,5089.903,5079.86,5088.709,230,510
2024-02-23 04:00:00,5088.447,5091.763,5085.7,5087.843,214,526
2024-02-23 08:00:00,5088.147,5088.147,5079.929,5086.984,238,505
2024-02-23 12:00:00,5087.113,5110.887,5085.253,5096.641,240,511
2024-02-23 16:00:00,5097.393,5100.552,5080.697,5093.012,240,510
2024-02-23 20:00:00,5093.262,5097.151,5084.861,5085.383,75,505
2024-02-26 00:00:00,5089.026,5089.282,5077.1,5080.286,235,502
2024-02-26 04:00:00,5080.413,5083.232,5078.531,5081.59,217,508
2024-02-26 08:00:00,5081.713,5090.267,5079.331,5088.096,235,505
2024-02-26 12:00:00,5088.349,5096.647,5083.837,5084.792,240,510
2024-02-26 16:00:00,5084.907,5088.674,5070.061,5077.129,240,507
2024-02-26 20:00:00,5077.246,5082.553,5064.951,5068.49,130,507
2024-02-27 00:00:00,5068.731,5068.996,5062.257,5066.607,227,515
2024-02-27 04:00:00,5066.854,5071.724,5062.311,5069.884,223,521
2024-02-27 08:00:00,5070.134,5075.944,5065.949,5073.042,239,521
2024-02-27 12:00:00,5073.28,5079.306,5064.27,5070.594,239,505
2024-02-27 16:00:00,5070.862,5076.147,5056.787,5075.647,240,509
2024-02-27 20:00:00,5075.912,5081.619,5071.497,5076.312,130,505
2024-02-28 00:00:00,5076.55,5080.007,5074.84,5079.95,214,505
2024-02-28 04:00:00,5079.691,5080.007,5071.593,5073.331,207,522
2024-02-28 08:00:00,5073.599,5074.206,5053.413,5062.957,240,518
2024-02-28 12:00:00,5063.267,5073.86,5058.213,5073.363,240,517
2024-02-28 16:00:00,5073.607,5077.139,5060.481,5067.213,240,506
2024-02-28 20:00:00,5067.454,5071.442,5060.257,5062.126,134,509
2024-02-29 00:00:00,5061.882,5073.027,5061.882,5072.211,231,504
2024-02-29 04:00:00,5072.464,5076.482,5064.834,5065.961,223,517
2024-02-29 08:00:00,5065.723,5067.277,5051.47,5063.017,240,505
2024-02-29 12:00:00,5063.261,5096.732,5054.773,5082.257,240,510
2024-02-29 16:00:00,5082.522,5090.352,5061.317,5084.807,240,509
2024-02-29 20:00:00,5085.069,5104.882,5083.803,5088.057,134,505
2024-03-01 00:00:00,5088.183,5103.987,5088.051,5103.194,231,520
2024-03-01 04:00:00,5103.45,5106.911,5100.012,5104.783,222,501
2024-03-01 08:00:00,5104.53,5105.347,5080.707,5091.929,240,512
2024-03-01 12:00:00,5092.043,5116.117,5088.687,5114.356,240,510
2024-03-01 16:00:00,5114.612,5140.56,5110.242,5138.866,240,510
2024-03-01 20:00:00,5138.616,5139.232,5131.212,5132.176,75,503
2024-03-04 00:00:00,5133.217,5134.467,5130.223,5132.464,209,503
2024-03-04 04:00:00,5132.729,5134.477,5130.714,5133.926,197,514
2024-03-04 08:00:00,5134.227,5136.617,5126.873,5131.126,237,522
2024-03-04 12:00:00,5131.379,5136.576,5123.861,5134.436,240,506
2024-03-04 16:00:00,5134.674,5149.014,5129.281,5145.829,240,511
2024-03-04 20:00:00,5146.07,5149.577,5121.739,5123.139,135,507
2024-03-05 00:00:00,5122.877,5126.447,5120.229,5123.791,230,514
2024-03-05 04:00:00,5124.062,5124.617,5116.007,5119.497,215,516
2024-03-05 08:00:00,5119.747,5121.747,5110.6,5117.179,239,505
2024-03-05 12:00:00,5117.284,5119.942,5082.281,5088.097,240,514
2024-03-05 16:00:00,5088.284,5092.327,5062.95,5064.474,240,510
2024-03-05 20:00:00,5064.23,5084.796,5056.164,5080.739,134,504
2024-03-06 00:00:00,5080.606,5084.776,5076.41,5084.029,227,509
2024-03-06 04:00:00,5084.282,5086.02,5081.654,5085.261,215,512
2024-03-06 08:00:00,5085.147,5100.009,5085.017,5095.364,240,509
2024-03-06 12:00:00,5095.12,5115.497,5091.551,5112.027,240,505
2024-03-06 16:00:00,5112.473,5127.682,5092.422,5099.617,240,505
2024-03-06 20:00:00,5099.057,5109.612,5092.736,5103.847,133,510
2024-03-07 00:00:00,5103.922,5106.052,5086.549,5095.281,239,504
2024-03-07 04:00:00,5095.597,5100.29,5088.031,5088.281,233,506
2024-03-07 08:00:00,5088.413,5119.052,5081.79,5116.543,240,508
2024-03-07 12:00:00,5116.281,5155.293,5115.784,5150.317,240,520
2024-03-07 16:00:00,5150.51,5165.532,5144.334,5155.911,240,504
2024-03-07 20:00:00,5155.667,5163.049,5147.431,5154.597,134,504
2024-03-08 00:00:00,5154.344,5158.307,5150.851,5157.497,229,506
2024-03-08 04:00:00,5157.744,5162.257,5156.634,5160.891,233,520
2024-03-08 08:00:00,5161.159,5168.929,5153.291,5155.117,240,508
2024-03-08 12:00:00,5154.942,5188.987,5137.844,5182.207,240,509
2024-03-08 16:00:00,5181.9,5182.779,5117.346,5144.493,240,507
2024-03-08 20:00:00,5144.252,5149.966,5122.911,5128.679,75,506
2024-03-11 00:00:00,5124.711,5128.277,5114.527,5114.973,236,513
2024-03-11 04:00:00,5114.47,5124.361,5111.599,5118.626,230,515
2024-03-11 08:00:00,5118.49,5122.427,5102.873,5111.873,240,505
2024-03-11 12:00:00,5111.632,5115.132,5090.981,5114.453,240,505
2024-03-11 16:00:00,5114.697,5124.707,5105.914,5118.646,240,506
2024-03-11 20:00:00,5118.896,5132.892,5117.123,5132.386,124,608
2024-03-12 00:00:00,5132.143,5135.119,5129.797,5133.884,221,516
2024-03-12 04:00:00,5134.152,5141.247,5133.157,5139.696,218,513
2024-03-12 08:00:00,5139.453,5142.28,5128.204,5130.749,240,507
2024-03-12 12:00:00,5130.993,5171.936,5111.217,5165.307,240,630
2024-03-12 16:00:00,5165.503,5180.132,5141.649,5174.691,240,506
2024-03-12 20:00:00,5174.943,5178.287,5171.351,5175.857,126,612
2024-03-13 00:00:00,5175.622,5176.917,5168.657,5171.583,223,522
2024-03-13 04:00:00,5171.387,5181.046,5171.387,5178.417,225,514
2024-03-13 08:00:00,5178.657,5180.707,5170.77,5176.536,240,504
2024-03-13 12:00:00,5176.894,5177.823,5162.842,5170.063,240,506
2024-03-13 16:00:00,5169.82,5178.753,5150.769,5165.812,240,506
2024-03-13 20:00:00,5165.807,5172.727,5164.276,5172.17,122,604
2024-03-14 00:00:00,5171.911,5173.426,5168.164,5170.929,215,508
2024-03-14 04:00:00,5171.034,5178.423,5169.426,5177.667,219,532
2024-03-14 08:00:00,5177.79,5186.932,5177.411,5182.676,240,509
2024-03-14 12:00:00,5182.917,5184.296,5136.727,5154.227,240,508
2024-03-14 16:00:00,5154.407,5157.026,5123.03,5154.283,240,506
2024-03-14 20:00:00,5154.232,5156.007,5144.229,5147.55,132,605
2024-03-15 00:00:00,5147.304,5153.133,5146.896,5151.177,238,502
2024-03-15 04:00:00,5150.999,5152.157,5144.227,5145.63,230,519
2024-03-15 08:00:00,5145.402,5164.306,5145.402,5159.15,240,504
2024-03-15 12:00:00,5159.279,5159.643,5109.223,5117.706,240,508
2024-03-15 16:00:00,5117.877,5126.167,5104.471,5118.023,240,505
2024-03-15 20:00:00,5117.827,5121.713,5116.21,5119.017,15,604
2024-03-18 00:00:00,5120.526,5129.779,5116.782,5129.029,224,508
2024-03-18 04:00:00,5128.896,5134.617,5128.532,5130.111,220,507
2024-03-18 08:00:00,5129.864,5157.17,5128.161,5154.923,240,511
2024-03-18 12:00:00,5155.031,5175.676,5155.031,5162.707,236,511
2024-03-18 16:00:00,5162.454,5165.496,5145.823,5150.197,240,509
2024-03-18 20:00:00,5150.007,5151.871,5141.339,5145.544,131,611
2024-03-19 00:00:00,5145.429,5148.997,5138.157,5143.727,232,511
2024-03-19 04:00:00,5143.914,5148.352,5142.194,5143.984,240,506
2024-03-19 08:00:00,5144.237,5154.629,5125.267,5129.463,240,509
2024-03-19 12:00:00,5129.217,5155.044,5122.386,5152.179,239,508
2024-03-19 16:00:00,5152.417,5180.537,5150.527,5177.983,240,509
2024-03-19 20:00:00,5178.232,5179.707,5173.961,5174.087,121,603
2024-03-20 00:00:00,5173.783,5174.036,5168.68,5172.697,218,509
2024-03-20 04:00:00,5172.469,5177.022,5170.524,5173.821,200,517
2024-03-20 08:00:00,5173.577,5181.892,5169.19,5180.657,240,510
2024-03-20 12:00:00,5180.897,5184.851,5171.583,5178.97,240,515
2024-03-20 16:00:00,5178.739,5226.693,5170.796,5225.154,241,510
2024-03-20 20:00:00,5224.977,5243.134,5221.913,5241.282,132,605
2024-03-21 00:00:00,5241.023,5245.577,5237.511,5245.261,220,508
2024-03-21 04:00:00,5245.077,5254.279,5244.767,5254.279,226,503
2024-03-21 08:00:00,5254.014,5254.261,5240.511,5247.143,239,505
2024-03-21 12:00:00,5247.532,5260.032,5247.273,5258.046,240,512
2024-03-21 16:00:00,5257.787,5261.494,5238.88,5240.86,240,508
2024-03-21 20:00:00,5241.091,5248.917,5240.082,5248.376,120,605
2024-03-22 00:00:00,5248.629,5249.097,5237.866,5241.927,230,508
2024-03-22 04:00:00,5242.18,5246.777,5236.504,5240.867,230,521
2024-03-22 08:00:00,5241.051,5250.873,5232.87,5234.297,240,506
2024-03-22 12:00:00,5234.376,5243.882,5229.67,5236.57,240,511
2024-03-22 16:00:00,5236.69,5245.827,5229.297,5232.882,240,512
2024-03-22 20:00:00,5233.114,5234.823,5229.811,5230.332,15,608
2024-03-25 00:00:00,5233.797,5235.62,5228.364,5230.379,229,514
2024-03-25 04:00:00,5230.117,5230.677,5223.114,5226.427,215,519
2024-03-25 08:00:00,5226.632,5233.481,5213.611,5216.177,240,513
2024-03-25 12:00:00,5215.623,5228.299,5214.123,5225.807,239,508
2024-03-25 16:00:00,5225.997,5229.143,5216.654,5217.794,240,506
2024-03-25 20:00:00,5218.041,5225.102,5217.741,5224.407,116,620
2024-03-26 00:00:00,5224.113,5227.907,5222.511,5223.516,206,508
2024-03-26 04:00:00,5223.751,5235.169,5223.751,5228.864,210,532
2024-03-26 08:00:00,5228.626,5241.677,5228.123,5239.867,239,511
2024-03-26 12:00:00,5239.999,5240.617,5226.207,5233.587,240,509
2024-03-26 16:00:00,5233.786,5234.299,5204.202,5207.543,240,513
2024-03-26 20:00:00,5207.3,5218.579,5206.013,5218.32,110,604
2024-03-27 00:00:00,5218.582,5222.927,5217.684,5222.177,204,514
2024-03-27 04:00:00,5221.861,5229.427,5219.864,5220.87,224,535
2024-03-27 08:00:00,5220.993,5232.132,5220.984,5228.177,239,508
2024-03-27 12:00:00,5227.87,5237.677,5214.411,5214.682,240,505
2024-03-27 16:00:00,5214.929,5251.689,5213.926,5251.442,240,512
2024-03-27 20:00:00,5251.124,5254.821,5242.669,5244.517,129,608
2024-03-28 00:00:00,5243.871,5248.609,5243.624,5246.016,200,517
2024-03-28 04:00:00,5245.769,5249.209,5244.184,5247.943,203,516
2024-03-28 08:00:00,5248.19,5251.047,5243.804,5248.386,240,506
2024-03-28 12:00:00,5248.13,5256.427,5245.924,5255.011,240,510
2024-03-28 16:00:00,5254.777,5263.12,5245.746,5247.876,240,509
2024-04-01 00:00:00,5274.582,5274.82,5268.564,5271.814,224,516
2024-04-01 04:00:00,5271.931,5274.677,5269.611,5274.111,210,516
2024-04-01 08:00:00,5273.993,5274.123,5265.617,5267.37,220,509
2024-04-01 12:00:00,5267.111,5267.677,5228.611,5228.879,240,512
2024-04-01 16:00:00,5229.12,5245.87,5227.62,5239.373,240,507
2024-04-01 20:00:00,5239.632,5241.326,5231.626,5234.626,129,627
2024-04-02 00:00:00,5234.37,5237.623,5232.361,5234.62,233,507
2024-04-02 04:00:00,5234.87,5240.187,5230.737,5235.031,228,525
2024-04-02 08:00:00,5235.521,5242.949,5221.666,5222.169,240,504
2024-04-02 12:00:00,5221.919,5224.136,5183.48,5189.819,240,516
2024-04-02 16:00:00,5189.78,5208.679,5187.75,5207.93,240,505
2024-04-02 20:00:00,5207.874,5209.37,5205.06,5205.553,107,602
2024-04-03 00:00:00,5205.31,5205.319,5198.44,5201.997,229,511
2024-04-03 04:00:00,5201.747,5202.337,5193.987,5195.954,232,523
2024-04-03 08:00:00,5196.137,5206.094,5194.953,5204.39,240,504
2024-04-03 12:00:00,5204.143,5228.243,5192.361,5220.629,240,512
2024-04-03 16:00:00,5220.861,5226.797,5196.219,5212.917,240,516
2024-04-03 20:00:00,5212.689,5233.107,5212.689,5227.044,110,622
2024-04-04 00:00:00,5226.812,5228.559,5222.803,5228.559,224,507
2024-04-04 04:00:00,5228.8,5230.797,5223.044,5229.582,225,514
2024-04-04 08:00:00,5229.832,5234.579,5228.69,5232.07,239,504
2024-04-04 12:00:00,5231.82,5255.823,5229.817,5250.879,240,525
2024-04-04 16:00:00,5251.12,5257.129,5147.069,5150.399,240,506
2024-04-04 20:00:00,5150.077,5158.202,5149.063,5151.587,135,607
2024-04-05 00:00:00,5151.343,5156.477,5142.973,5156.176,238,506
2024-04-05 04:00:00,5155.921,5163.327,5153.464,5162.032,236,510
2024-04-05 08:00:00,5162.264,5170.526,5159.282,5165.517,240,512
2024-04-05 12:00:00,5165.447,5215.536,5151.273,5212.812,240,614
2024-04-05 16:00:00,5212.923,5222.957,5187.887,5201.87,240,513
2024-04-05 20:00:00,5201.123,5201.829,5198.817,5200.076,15,613
2024-04-08 00:00:00,5209.126,5209.231,5194.123,5196.611,235,506
2024-04-08 04:00:00,5196.361,5209.267,5193.111,5205.634,232,526
2024-04-08 08:00:00,5206.396,5207.893,5186.782,5203.577,240,515
2024-04-08 12:00:00,5203.261,5219.827,5196.532,5205.014,240,504
2024-04-08 16:00:00,5204.773,5214.949,5196.653,5205.104,240,508
2024-04-08 20:00:00,5205.117,5209.863,5204.804,5205.24,119,605
2024-04-09 00:00:00,5205.496,5206.236,5201.864,5205.134,210,521
2024-04-09 04:00:00,5204.909,5209.387,5199.113,5199.607,214,520
2024-04-09 08:00:00,5199.351,5211.983,5196.741,5211.366,240,507
2024-04-09 12:00:00,5211.61,5224.327,5160.374,5184.91,240,503
2024-04-09 16:00:00,5184.676,5211.614,5174.034,5210.127,240,506
2024-04-09 20:00:00,5209.587,5221.681,5209.337,5212.389,119,605
2024-04-10 00:00:00,5212.627,5215.762,5211.881,5215.009,219,515
2024-04-10 04:00:00,5214.874,5217.576,5211.971,5215.369,214,519
2024-04-10 08:00:00,5215.249,5220.084,5208.051,5218.019,240,506
2024-04-10 12:00:00,5218.317,5232.777,5130.097,5150.614,238,893
2024-04-10 16:00:00,5150.367,5168.353,5138.37,5157.962,241,511
2024-04-10 20:00:00,5159.152,5159.384,5146.779,5150.776,135,608
2024-04-11 00:00:00,5151.011,5162.276,5150.52,5161.011,237,506
2024-04-11 04:00:00,5160.902,5164.279,5157.267,5160.764,231,511
2024-04-11 08:00:00,5161.032,5163.077,5133.549,5137.043,240,507
2024-04-11 12:00:00,5136.932,5177.377,5129.477,5169.697,240,577
2024-04-11 16:00:00,5170.023,5212.077,5164.017,5198.057,240,507
2024-04-11 20:00:00,5197.819,5201.999,5195.047,5199.074,130,614
2024-04-12 00:00:00,5199.324,5202.419,5195.437,5198.961,221,505
2024-04-12 04:00:00,5198.736,5203.364,5196.446,5199.873,232,514
2024-04-12 08:00:00,5200.123,5202.177,5169.611,5183.927,240,519
2024-04-12 12:00:00,5183.364,5187.876,5136.806,5150.367,241,506
2024-04-12 16:00:00,5150.436,5151.309,5107.144,5124.364,240,504
2024-04-12 20:00:00,5125.314,5127.627,5124.811,5126.823,15,606
2024-04-15 00:00:00,5139.99,5141.629,5128.114,5137.614,239,506
2024-04-15 04:00:00,5137.74,5153.752,5137.123,5152.623,239,505
2024-04-15 08:00:00,5152.364,5154.502,5143.484,5152.547,240,509
2024-04-15 12:00:00,5151.864,5170.132,5124.092,5138.954,240,524
2024-04-15 16:00:00,5139.213,5141.967,5051.734,5060.776,240,505
2024-04-15 20:00:00,5061.46,5063.617,5052.739,5060.414,135,604
2024-04-16 00:00:00,5060.661,5065.012,5039.512,5051.126,240,510
2024-04-16 04:00:00,5050.99,5059.376,5046.231,5058.861,240,509
2024-04-16 08:00:00,5059.114,5078.123,5045.873,5075.743,240,519
2024-04-16 12:00:00,5075.379,5077.632,5039.999,5058.391,239,506
2024-04-16 16:00:00,5058.526,5080.741,5038.247,5050.723,246,506
2024-04-16 20:00:00,5050.477,5065.462,5046.701,5064.96,133,612
2024-04-17 00:00:00,5065.137,5065.137,5052.12,5063.123,236,506
2024-04-17 04:00:00,5063.613,5064.297,5034.629,5058.132,235,529
2024-04-17 08:00:00,5058.382,5075.873,5056.361,5065.623,240,507
2024-04-17 12:00:00,5065.861,5078.876,5025.944,5032.694,240,513
2024-04-17 16:00:00,5032.454,5055.931,5006.694,5020.081,240,507
2024-04-17 20:00:00,5020.343,5027.926,5015.846,5027.411,133,607
2024-04-18 00:00:00,5027.661,5038.177,5025.661,5037.632,235,523
2024-04-18 04:00:00,5037.927,5045.367,5034.114,5040.923,236,501
2024-04-18 08:00:00,5040.679,5042.67,5025.164,5037.364,240,508
2024-04-18 12:00:00,5036.882,5056.889,5012.114,5044.469,240,509
2024-04-18 16:00:00,5044.712,5048.887,5000.966,5009.76,240,507
2024-04-18 20:00:00,5010.253,5016.387,4998.301,5001.796,133,610
2024-04-19 00:00:00,5001.284,5003.273,4926.633,4963.274,240,504
2024-04-19 04:00:00,4963.779,4991.267,4961.003,4988.727,240,506
2024-04-19 08:00:00,4988.234,5008.869,4980.64,5006.114,240,505
2024-04-19 12:00:00,5005.864,5019.192,4984.442,4986.179,240,504
2024-04-19 16:00:00,4985.174,4999.287,4953.513,4965.873,240,507
2024-04-19 20:00:00,4965.332,4966.627,4961.57,4965.579,15,605
2024-04-22 00:00:00,4983.629,4985.731,4971.617,4977.49,240,512
2024-04-22 04:00:00,4977.367,4992.376,4977.117,4981.302,240,505
2024-04-22 08:00:00,4981.052,4998.227,4978.423,4994.661,240,508
2024-04-22 12:00:00,4994.546,4997.176,4969.06,4988.566,240,508
2024-04-22 16:00:00,4988.867,5038.799,4987.36,5011.903,240,508
2024-04-22 20:00:00,5011.65,5016.857,5000.994,5009.197,134,616
2024-04-23 00:00:00,5009.441,5012.267,5002.324,5010.637,240,509
2024-04-23 04:00:00,5010.826,5017.1,5005.937,5014.61,237,507
2024-04-23 08:00:00,5015.407,5029.322,5013.171,5021.104,240,503
2024-04-23 12:00:00,5021.354,5069.067,5015.0,5058.954,240,510
2024-04-23 16:00:00,5059.517,5076.402,5057.99,5071.97,240,507
2024-04-23 20:00:00,5070.677,5083.184,5067.216,5079.732,133,604
2024-04-24 00:00:00,5079.489,5090.874,5077.494,5088.927,237,511
2024-04-24 04:00:00,5088.671,5092.203,5079.624,5082.359,231,519
2024-04-24 08:00:00,5082.1,5084.21,5070.53,5083.226,240,509
2024-04-24 12:00:00,5082.97,5089.307,5051.294,5052.403,240,506
2024-04-24 16:00:00,5052.153,5080.586,5046.48,5069.62,240,506
2024-04-24 20:00:00,5069.502,5072.832,5036.132,5040.861,134,606
2024-04-25 00:00:00,5041.114,5047.677,5039.361,5040.367,235,512
2024-04-25 04:00:00,5040.484,5043.427,5032.611,5038.867,235,510
2024-04-25 08:00:00,5038.611,5048.632,5034.927,5042.617,240,513
2024-04-25 12:00:00,5042.364,5044.126,4988.411,5017.653,240,512
2024-04-25 16:00:00,5017.407,5057.706,5014.331,5050.069,240,508
2024-04-25 20:00:00,5049.32,5101.377,5046.541,5087.027,135,608
2024-04-26 00:00:00,5086.894,5094.566,5084.549,5092.073,240,506
2024-04-26 04:00:00,5091.814,5096.971,5086.911,5089.336,239,501
2024-04-26 08:00:00,5089.209,5091.209,5080.297,5086.927,240,506
2024-04-26 12:00:00,5086.361,5111.061,5072.157,5101.654,240,517
2024-04-26 16:00:00,5101.641,5114.417,5096.947,5097.861,240,511
2024-04-26 20:00:00,5097.067,5100.326,5097.067,5098.076,15,608
2024-04-29 00:00:00,5110.126,5114.996,5107.123,5111.876,237,507
2024-04-29 04:00:00,5112.129,5115.12,5107.614,5111.873,237,505
2024-04-29 08:00:00,5111.361,5113.879,5103.249,5112.373,239,507
2024-04-29 12:00:00,5112.231,5122.379,5105.117,5112.017,240,508
2024-04-29 16:00:00,5111.777,5120.533,5087.63,5116.119,240,504
2024-04-29 20:00:00,5115.551,5120.02,5111.569,5113.109,118,612
2024-04-30 00:00:00,5112.907,5113.129,5109.76,5111.779,220,525
2024-04-30 04:00:00,5111.792,5112.927,5104.392,5110.396,222,523
2024-04-30 08:00:00,5110.149,5114.267,5104.231,5110.303,239,508
2024-04-30 12:00:00,5110.057,5114.052,5075.322,5080.75,240,506
2024-04-30 16:00:00,5080.987,5085.051,5035.471,5035.473,240,508
2024-04-30 20:00:00,5035.777,5047.073,5018.871,5027.874,135,604
2024-05-01 00:00:00,5028.133,5034.992,5026.456,5034.739,236,508
2024-05-01 04:00:00,5034.741,5035.519,5018.854,5021.486,224,504
2024-05-01 08:00:00,5021.221,5025.191,5008.581,5014.414,240,513
2024-05-01 12:00:00,5014.179,5032.977,5013.487,5016.839,240,509
2024-05-01 16:00:00,5016.571,5094.817,5012.869,5017.066,244,505
2024-05-01 20:00:00,5017.322,5040.427,5016.273,5039.629,133,604
2024-05-02 00:00:00,5039.74,5048.797,5037.864,5044.64,236,510
2024-05-02 04:00:00,5044.523,5051.12,5037.864,5047.743,235,510
2024-05-02 08:00:00,5047.629,5057.132,5043.882,5049.129,240,506
2024-05-02 12:00:00,5049.614,5061.74,5009.844,5042.447,240,504
2024-05-02 16:00:00,5042.324,5073.534,5028.207,5065.11,240,504
2024-05-02 20:00:00,5064.866,5090.754,5062.833,5080.007,135,605
2024-05-03 00:00:00,5080.083,5085.259,5076.731,5079.876,236,526
2024-05-03 04:00:00,5080.12,5080.876,5072.406,5077.276,228,518
2024-05-03 08:00:00,5076.906,5086.847,5076.65,5080.86,240,503
2024-05-03 12:00:00,5080.867,5138.761,5080.867,5119.421,240,615
2024-05-03 16:00:00,5120.173,5135.057,5118.792,5127.464,240,505
2024-05-03 20:00:00,5126.979,5134.926,5126.979,5134.426,15,610
2024-05-06 00:00:00,5132.814,5134.377,5129.311,5133.082,216,515
2024-05-06 04:00:00,5132.811,5136.967,5128.97,5132.723,222,522
2024-05-06 08:00:00,5132.976,5147.777,5131.967,5145.861,240,516
2024-05-06 12:00:00,5146.129,5161.167,5144.879,5158.269,240,520
2024-05-06 16:00:00,5158.022,5180.192,5151.809,5180.053,240,510
2024-05-06 20:00:00,5180.192,5180.944,5175.592,5178.736,133,606
2024-05-07 00:00:00,5178.961,5181.992,5176.79,5181.992,231,517
2024-05-07 04:00:00,5181.993,5183.507,5177.04,5177.544,220,515
2024-05-07 08:00:00,5177.686,5187.032,5176.307,5181.427,239,512
2024-05-07 12:00:00,5181.499,5197.176,5180.833,5195.311,240,509
2024-05-07 16:00:00,5195.462,5200.111,5178.954,5185.756,240,509
2024-05-07 20:00:00,5186.012,5189.127,5181.834,5187.607,129,606
2024-05-08 00:00:00,5187.851,5189.347,5183.996,5186.259,223,514
2024-05-08 04:00:00,5186.013,5192.134,5183.834,5188.66,224,521
2024-05-08 08:00:00,5188.407,5190.672,5177.116,5178.861,239,508
2024-05-08 12:00:00,5178.753,5192.031,5163.517,5182.307,240,505
2024-05-08 16:00:00,5182.512,5191.26,5175.83,5186.482,240,507
2024-05-08 20:00:00,5186.22,5188.237,5182.943,5185.436,111,610
2024-05-09 00:00:00,5185.692,5187.439,5182.924,5183.433,213,503
2024-05-09 04:00:00,5183.686,5183.942,5175.424,5176.921,212,516
2024-05-09 08:00:00,5177.047,5182.942,5170.424,5180.683,240,506
2024-05-09 12:00:00,5180.68,5208.457,5176.933,5198.272,240,504
2024-05-09 16:00:00,5198.507,5215.462,5196.999,5214.879,240,507
2024-05-09 20:00:00,5215.114,5220.547,5214.314,5218.393,129,609
2024-05-10 00:00:00,5218.134,5220.449,5215.561,5216.326,211,521
2024-05-10 04:00:00,5216.067,5226.866,5216.067,5224.477,215,519
2024-05-10 08:00:00,5224.173,5235.707,5220.954,5229.72,239,506
2024-05-10 12:00:00,5229.47,5239.659,5208.67,5216.66,239,505
2024-05-10 16:00:00,5216.404,5226.259,5211.186,5220.781,240,512
2024-05-10 20:00:00,5221.347,5221.347,5218.751,5219.756,14,604
2024-05-13 00:00:00,5220.331,5227.147,5218.714,5226.232,216,517
2024-05-13 04:00:00,5226.473,5229.964,5225.129,5228.111,223,509
2024-05-13 08:00:00,5227.882,5235.864,5225.117,5235.382,236,513
2024-05-13 12:00:00,5235.129,5239.87,5216.864,5223.246,239,508
2024-05-13 16:00:00,5223.002,5226.457,5210.114,5221.631,240,512
2024-05-13 20:00:00,5221.896,5223.826,5217.459,5220.097,111,617
2024-05-14 00:00:00,5220.299,5221.607,5216.681,5217.462,204,510
2024-05-14 04:00:00,5217.197,5222.596,5216.827,5222.092,216,526
2024-05-14 08:00:00,5222.267,5224.517,5220.86,5222.983,226,508
2024-05-14 12:00:00,5222.733,5235.997,5199.537,5222.834,240,511
2024-05-14 16:00:00,5222.59,5250.047,5217.663,5244.597,240,512
2024-05-14 20:00:00,5244.359,5248.702,5241.441,5246.714,120,612
2024-05-15 00:00:00,5246.982,5252.793,5244.264,5250.6,220,516
2024-05-15 04:00:00,5250.537,5250.622,5243.826,5245.092,210,521
2024-05-15 08:00:00,5244.842,5249.09,5244.34,5246.53,236,505
2024-05-15 12:00:00,5246.283,5293.413,5242.064,5290.549,240,554
2024-05-15 16:00:00,5290.793,5312.479,5285.852,5309.127,240,507
2024-05-15 20:00:00,5309.206,5316.12,5300.717,5314.364,127,609
2024-05-16 00:00:00,5314.626,5319.879,5313.984,5319.12,223,509
2024-05-16 04:00:00,5318.876,5319.111,5312.123,5314.111,216,503
2024-05-16 08:00:00,5313.927,5316.373,5310.864,5313.111,233,513
2024-05-16 12:00:00,5312.927,5325.712,5305.944,5319.667,240,507
2024-05-16 16:00:00,5319.556,5319.556,5295.604,5296.847,240,508
2024-05-16 20:00:00,5297.106,5298.607,5293.49,5296.552,122,606
2024-05-17 00:00:00,5296.781,5299.87,5295.204,5295.502,206,512
2024-05-17 04:00:00,5295.74,5301.306,5294.994,5297.366,209,515
2024-05-17 08:00:00,5297.101,5301.421,5290.917,5299.463,240,518
2024-05-17 12:00:00,5299.213,5303.71,5292.793,5298.503,239,520
2024-05-17 16:00:00,5298.307,5305.629,5283.044,5304.867,240,507
2024-05-17 20:00:00,5304.611,5304.62,5301.061,5302.814,15,620
2024-05-20 00:00:00,5312.677,5313.427,5309.382,5311.367,207,509
2024-05-20 04:00:00,5311.246,5312.882,5307.623,5309.129,214,519
2024-05-20 08:00:00,5308.87,5313.882,5307.361,5312.864,227,508
2024-05-20 12:00:00,5312.752,5325.34,5303.864,5319.706,240,502
2024-05-20 16:00:00,5319.462,5322.657,5301.213,5309.95,240,505
2024-05-20 20:00:00,5310.194,5312.624,5306.67,5308.72,105,617
2024-05-21 00:00:00,5308.961,5311.252,5307.546,5309.621,202,511
2024-05-21 04:00:00,5309.374,5312.789,5309.001,5311.3,204,522
2024-05-21 08:00:00,5311.044,5311.757,5306.652,5310.492,235,522
2024-05-21 12:00:00,5310.739,5316.787,5300.353,5309.107,239,510
2024-05-21 16:00:00,5309.291,5324.337,5305.554,5322.834,240,511
2024-05-21 20:00:00,5323.09,5324.166,5319.791,5323.717,94,605
2024-05-22 00:00:00,5323.413,5326.242,5322.224,5323.064,191,514
2024-05-22 04:00:00,5323.077,5324.62,5315.677,5319.927,186,518
2024-05-22 08:00:00,5319.611,5320.677,5312.12,5312.427,237,509
2024-05-22 12:00:00,5312.123,5323.197,5310.844,5316.034,240,524
2024-05-22 16:00:00,5315.787,5321.619,5285.386,5307.619,240,507
2024-05-22 20:00:00,5307.731,5323.827,5306.074,5322.167,130,606
2024-05-23 00:00:00,5322.281,5343.279,5319.667,5342.773,228,516
2024-05-23 04:00:00,5343.077,5344.327,5335.152,5335.773,233,504
2024-05-23 08:00:00,5336.026,5345.327,5332.023,5344.77,232,521
2024-05-23 12:00:00,5344.52,5349.827,5299.26,5320.39,240,515
2024-05-23 16:00:00,5320.149,5323.883,5256.461,5268.533,240,506
2024-05-23 20:00:00,5268.777,5273.504,5264.509,5270.306,120,605
2024-05-24 00:00:00,5270.173,5278.62,5269.291,5275.43,226,508
2024-05-24 04:00:00,5275.434,5276.952,5269.08,5275.832,231,512
2024-05-24 08:00:00,5275.589,5285.417,5275.137,5284.86,240,510
2024-05-24 12:00:00,5284.616,5312.116,5277.779,5303.794,240,509
2024-05-24 16:00:00,5303.942,5310.397,5292.13,5304.611,240,506
2024-05-24 20:00:00,5304.427,5306.317,5302.814,5303.311,15,615
2024-05-27 00:00:00,5298.797,5301.677,5295.379,5299.364,226,513
2024-05-27 04:00:00,5299.129,5305.882,5299.114,5302.996,203,526
2024-05-27 08:00:00,5303.132,5304.132,5299.864,5303.614,226,502
2024-05-27 12:00:00,5303.373,5314.123,5301.114,5313.876,238,516
2024-05-27 16:00:00,5313.626,5317.382,5313.114,5316.111,56,516
2024-05-27 20:00:00,5316.987,5317.677,5308.132,5308.867,109,510
2024-05-28 00:00:00,5308.996,5312.876,5305.861,5312.367,214,506
2024-05-28 04:00:00,5312.632,5316.126,5308.861,5311.629,212,508
2024-05-28 08:00:00,5311.379,5321.677,5307.361,5311.373,239,509
2024-05-28 12:00:00,5311.12,5314.382,5299.614,5309.446,240,505
2024-05-28 16:00:00,5309.684,5312.247,5280.202,5308.2,240,511
2024-05-28 20:00:00,5308.092,5313.437,5301.124,5301.88,103,606
2024-05-29 00:00:00,5302.127,5302.892,5288.786,5290.347,234,508
2024-05-29 04:00:00,5290.306,5293.336,5279.256,5280.253,229,513
2024-05-29 08:00:00,5281.259,5285.787,5271.184,5275.699,240,505
2024-05-29 12:00:00,5275.997,5282.109,5262.494,5274.7,240,519
2024-05-29 16:00:00,5274.444,5281.702,5264.697,5270.414,240,513
2024-05-29 20:00:00,5270.666,5272.15,5247.732,5251.461,130,619
2024-05-30 00:00:00,5251.723,5252.232,5240.973,5243.027,238,506
2024-05-30 04:00:00,5242.717,5244.879,5235.364,5243.87,237,514
2024-05-30 08:00:00,5243.632,5250.677,5241.87,5247.677,240,505
2024-05-30 12:00:00,5247.367,5258.927,5236.994,5245.061,240,512
2024-05-30 16:00:00,5245.332,5260.113,5221.634,5233.931,240,510
2024-05-30 20:00:00,5234.497,5235.62,5226.181,5227.879,133,605
2024-05-31 00:00:00,5228.129,5232.361,5219.364,5231.117,240,507
2024-05-31 04:00:00,5230.867,5232.427,5224.117,5225.614,236,510
2024-05-31 08:00:00,5225.49,5234.132,5215.111,5231.864,240,517
2024-05-31 12:00:00,5231.629,5256.376,5203.286,5204.254,240,508
2024-05-31 16:00:00,5204.282,5284.364,5191.093,5282.373,240,507
2024-06-03 00:00:00,5287.87,5296.626,5287.364,5293.379,231,505
2024-06-03 04:00:00,5293.62,5298.882,5282.861,5283.876,236,538
2024-06-03 08:00:00,5283.797,5294.427,5280.882,5293.614,240,509
2024-06-03 12:00:00,5293.376,5298.927,5262.12,5269.097,240,522
2024-06-03 16:00:00,5269.29,5285.627,5232.994,5285.627,240,510
2024-06-03 20:00:00,5285.326,5287.947,5282.464,5282.967,117,605
2024-06-04 00:00:00,5282.732,5289.469,5282.1,5285.37,238,506
2024-06-04 04:00:00,5285.111,5286.707,5268.584,5275.591,235,520
2024-06-04 08:00:00,5275.341,5275.489,5248.484,5266.627,240,510
2024-06-04 12:00:00,5266.497,5284.69,5258.844,5259.99,240,506
2024-06-04 16:00:00,5260.493,5298.783,5256.807,5290.574,240,509
2024-06-04 20:00:00,5291.137,5299.112,5287.281,5298.131,131,601
2024-06-05 00:00:00,5298.396,5301.524,5294.201,5300.291,223,516
2024-06-05 04:00:00,5300.041,5301.612,5293.203,5296.027,225,513
2024-06-05 08:00:00,5295.717,5309.177,5294.379,5308.187,240,505
2024-06-05 12:00:00,5308.317,5332.652,5298.211,5328.393,239,507
2024-06-05 16:00:00,5328.131,5354.449,5325.62,5354.199,240,506
2024-06-05 20:00:00,5353.933,5360.242,5349.144,5357.327,127,620
2024-06-06 00:00:00,5357.026,5360.412,5352.127,5357.689,232,518
2024-06-06 04:00:00,5357.699,5357.826,5351.137,5354.367,231,522
2024-06-06 08:00:00,5354.12,5357.632,5350.716,5355.56,238,507
2024-06-06 12:00:00,5355.322,5361.697,5346.844,5348.704,240,510
2024-06-06 16:00:00,5348.463,5354.299,5334.284,5354.299,240,505
2024-06-06 20:00:00,5353.796,5354.867,5348.019,5353.879,113,604
2024-06-07 00:00:00,5353.99,5358.632,5352.873,5356.677,212,502
2024-06-07 04:00:00,5356.737,5361.677,5355.117,5356.373,212,515
2024-06-07 08:00:00,5356.111,5358.177,5347.132,5355.111,240,507
2024-06-07 12:00:00,5355.364,5371.282,5318.879,5358.512,240,630
2024-06-07 16:00:00,5358.752,5375.522,5341.596,5346.526,240,509
2024-06-07 20:00:00,5346.264,5346.472,5341.222,5341.969,15,611
2024-06-10 00:00:00,5343.279,5348.532,5341.327,5345.523,227,514
2024-06-10 04:00:00,5345.779,5347.827,5333.279,5340.261,225,517
2024-06-10 08:00:00,5340.032,5343.532,5328.273,5340.77,240,516
2024-06-10 12:00:00,5340.887,5356.889,5331.032,5352.613,240,507
2024-06-10 16:00:00,5352.917,5366.087,5348.074,5363.696,240,505
2024-06-10 20:00:00,5362.934,5363.566,5355.163,5356.837,120,605
2024-06-11 00:00:00,5356.587,5357.706,5354.151,5356.781,226,517
2024-06-11 04:00:00,5356.797,5364.656,5355.55,5358.047,213,529
2024-06-11 08:00:00,5358.249,5360.307,5341.193,5346.479,240,510
2024-06-11 12:00:00,5346.217,5353.867,5326.21,5344.413,240,514
2024-06-11 16:00:00,5344.539,5376.417,5341.371,5375.119,240,507
2024-06-11 20:00:00,5375.613,5378.642,5371.486,5376.192,118,605
2024-06-12 00:00:00,5375.939,5378.917,5372.737,5378.63,214,512
2024-06-12 04:00:00,5378.643,5383.5,5376.771,5378.583,193,521
2024-06-12 08:00:00,5378.327,5384.277,5377.341,5382.526,237,520
2024-06-12 12:00:00,5382.646,5446.264,5380.857,5436.316,240,637
2024-06-12 16:00:00,5436.051,5447.26,5409.167,5418.729,244,508
2024-06-12 20:00:00,5419.226,5429.487,5416.497,5428.747,129,605
2024-06-13 00:00:00,5428.626,5434.012,5428.01,5433.744,228,508
2024-06-13 04:00:00,5433.757,5436.669,5428.357,5431.45,214,519
2024-06-13 08:00:00,5431.311,5433.447,5419.09,5425.913,240,513
2024-06-13 12:00:00,5426.157,5445.833,5408.796,5418.336,240,512
2024-06-13 16:00:00,5417.824,5439.359,5402.229,5429.647,240,505
2024-06-13 20:00:00,5429.897,5436.593,5427.327,5432.629,124,605
2024-06-14 00:00:00,5432.427,5436.177,5431.611,5436.114,207,507
2024-06-14 04:00:00,5435.879,5438.077,5424.27,5428.026,200,525
2024-06-14 08:00:00,5428.273,5430.764,5393.023,5405.89,240,515
2024-06-14 12:00:00,5405.764,5422.923,5403.906,5418.904,239,507
2024-06-14 16:00:00,5418.717,5432.987,5414.501,5432.376,240,505
2024-06-14 20:00:00,5432.117,5432.579,5428.317,5429.311,15,614
2024-06-17 00:00:00,5432.129,5433.376,5427.364,5430.37,227,503
2024-06-17 04:00:00,5430.62,5438.677,5426.611,5434.177,227,517
2024-06-17 08:00:00,5433.617,5438.427,5422.861,5430.677,238,523
2024-06-17 12:00:00,5430.734,5444.21,5420.37,5440.947,240,515
2024-06-17 16:00:00,5440.697,5488.867,5440.697,5475.177,240,507
2024-06-17 20:00:00,5475.379,5481.37,5470.391,5479.504,129,607
2024-06-18 00:00:00,5479.264,5479.847,5469.831,5473.897,231,511
2024-06-18 04:00:00,5473.966,5477.667,5471.381,5471.947,223,520
2024-06-18 08:00:00,5471.709,5479.134,5469.75,5473.843,240,504
2024-06-18 12:00:00,5474.087,5486.797,5471.191,5481.97,239,503
2024-06-18 16:00:00,5482.084,5490.297,5475.109,5489.183,240,509
2024-06-18 20:00:00,5488.997,5494.457,5485.201,5492.247,116,603
2024-06-19 00:00:00,5492.009,5492.487,5488.071,5488.969,194,512
2024-06-19 04:00:00,5488.964,5493.282,5487.521,5491.833,212,526
2024-06-19 08:00:00,5491.707,5494.449,5489.647,5492.733,240,510
2024-06-19 12:00:00,5492.986,5494.614,5488.12,5491.177,226,513
2024-06-19 16:00:00,5490.987,5491.361,5489.361,5489.861,47,507
2024-06-19 20:00:00,5490.246,5491.867,5488.873,5490.879,94,519
2024-06-20 00:00:00,5491.117,5499.614,5490.614,5498.861,199,505
2024-06-20 04:00:00,5498.981,5516.277,5498.111,5508.982,230,506
2024-06-20 08:00:00,5508.714,5512.729,5505.961,5507.473,240,504
2024-06-20 12:00:00,5507.229,5509.479,5487.291,5487.362,240,506
2024-06-20 16:00:00,5487.112,5490.244,5455.633,5474.457,240,506
2024-06-20 20:00:00,5474.169,5478.832,5468.67,5477.832,125,605
2024-06-21 00:00:00,5477.582,5478.69,5471.57,5476.314,229,508
2024-06-21 04:00:00,5476.079,5482.176,5465.787,5469.411,224,508
2024-06-21 08:00:00,5469.17,5475.17,5458.42,5465.926,240,507
2024-06-21 12:00:00,5466.046,5476.63,5451.034,5476.63,240,504
2024-06-21 16:00:00,5477.484,5478.39,5456.804,5462.427,240,505
2024-06-21 20:00:00,5461.882,5470.567,5461.626,5469.823,15,606
2024-06-24 00:00:00,5468.547,5469.882,5451.864,5458.626,225,521
2024-06-24 04:00:00,5458.927,5476.427,5457.361,5475.249,235,517
2024-06-24 08:00:00,5475.132,5478.629,5466.864,5470.427,240,510
2024-06-24 12:00:00,5470.237,5490.557,5459.217,5482.527,240,514
2024-06-24 16:00:00,5482.024,5483.021,5447.007,5448.123,240,506
2024-06-24 20:00:00,5447.807,5452.156,5442.533,5452.033,123,603
2024-06-25 00:00:00,5451.894,5456.507,5446.299,5456.46,223,505
2024-06-25 04:00:00,5456.501,5458.319,5446.439,5447.562,216,532
2024-06-25 08:00:00,5447.426,5463.122,5445.222,5460.47,240,505
2024-06-25 12:00:00,5460.719,5465.93,5451.76,5464.87,240,511
2024-06-25 16:00:00,5464.627,5473.659,5446.152,5469.21,240,508
2024-06-25 20:00:00,5469.453,5471.716,5465.956,5468.33,126,616
2024-06-26 00:00:00,5468.564,5476.037,5467.344,5473.789,231,505
2024-06-26 04:00:00,5473.794,5485.202,5472.58,5485.202,231,523
2024-06-26 08:00:00,5484.947,5486.192,5467.197,5471.282,240,505
2024-06-26 12:00:00,5471.02,5475.574,5451.097,5474.24,240,506
2024-06-26 16:00:00,5474.009,5483.437,5460.903,5476.477,240,508
2024-06-26 20:00:00,5476.062,5476.062,5457.991,5459.987,133,606
2024-06-27 00:00:00,5459.967,5462.467,5451.101,5457.607,234,520
2024-06-27 04:00:00,5457.427,5471.277,5457.427,5467.954,231,515
2024-06-27 08:00:00,5467.714,5474.293,5463.784,5470.129,239,506
2024-06-27 12:00:00,5469.879,5490.727,5467.526,5472.854,240,507
2024-06-27 16:00:00,5472.613,5485.284,5467.354,5485.076,240,509
2024-06-27 20:00:00,5484.832,5493.817,5483.551,5493.561,103,610
2024-06-28 00:00:00,5493.811,5502.529,5490.627,5500.146,223,504
2024-06-28 04:00:00,5500.02,5502.482,5495.017,5498.517,218,523
2024-06-28 08:00:00,5498.393,5505.982,5496.077,5504.029,240,511
2024-06-28 12:00:00,5503.767,5523.897,5487.032,5497.992,240,516
2024-06-28 16:00:00,5498.221,5499.334,5450.331,5462.493,240,506
2024-07-01 00:00:00,5467.967,5476.777,5465.027,5474.976,214,509
2024-07-01 04:00:00,5474.714,5480.129,5464.617,5467.37,231,518
2024-07-01 08:00:00,5467.617,5475.177,5460.12,5474.37,240,508
2024-07-01 12:00:00,5474.243,5478.379,5445.154,5464.614,240,514
2024-07-01 16:00:00,5464.743,5478.917,5458.696,5473.577,240,507
2024-07-01 20:00:00,5473.776,5474.862,5467.261,5469.077,123,616
2024-07-02 00:00:00,5469.267,5470.011,5459.56,5462.046,235,512
2024-07-02 04:00:00,5462.063,5468.291,5449.807,5455.329,236,520
2024-07-02 08:00:00,5455.187,5457.031,5444.161,5449.853,240,514
2024-07-02 12:00:00,5449.971,5485.101,5448.177,5476.666,239,506
2024-07-02 16:00:00,5476.401,5510.652,5471.537,5510.652,240,507
2024-07-02 20:00:00,5510.396,5510.396,5502.127,5503.201,130,619
2024-07-03 00:00:00,5503.466,5507.412,5501.334,5502.943,221,504
2024-07-03 04:00:00,5503.079,5510.427,5502.93,5507.376,218,521
2024-07-03 08:00:00,5507.617,5514.129,5506.111,5510.626,237,519
2024-07-03 12:00:00,5510.499,5525.382,5502.111,5524.12,239,504
2024-07-03 16:00:00,5524.376,5538.614,5523.611,5534.249,75,511
2024-07-03 20:00:00,5533.687,5535.52,5529.876,5534.029,98,528
2024-07-04 00:00:00,5534.267,5535.429,5531.167,5532.432,199,508
2024-07-04 04:00:00,5532.161,5537.077,5531.911,5536.887,206,517
2024-07-04 08:00:00,5537.032,5538.677,5534.861,5537.629,209,521
2024-07-04 12:00:00,5537.364,5539.867,5528.361,5532.379,215,514
2024-07-04 16:00:00,5532.114,5532.427,5530.117,5531.867,56,525
2024-07-04 20:00:00,5531.737,5533.529,5530.423,5531.779,92,514
2024-07-05 00:00:00,5532.146,5537.92,5532.011,5536.876,218,520
2024-07-05 04:00:00,5536.731,5543.182,5536.314,5539.911,214,503
2024-07-05 08:00:00,5539.664,5542.882,5533.864,5535.126,236,507
2024-07-05 12:00:00,5534.996,5557.193,5531.343,5555.411,240,665
2024-07-05 16:00:00,5555.661,5570.122,5550.699,5566.873,240,508
2024-07-05 20:00:00,5566.614,5566.87,5562.064,5563.561,15,607
2024-07-08 00:00:00,5557.249,5559.677,5555.364,5558.62,217,508
2024-07-08 04:00:00,5558.373,5563.427,5555.614,5563.376,214,517
2024-07-08 08:00:00,5563.12,5568.614,5562.367,5568.373,238,508
2024-07-08 12:00:00,5568.117,5582.382,5567.036,5570.403,237,517
2024-07-08 16:00:00,5570.532,5574.399,5561.661,5572.332,240,505
2024-07-08 20:00:00,5572.576,5583.989,5570.8,5583.746,122,612
2024-07-09 00:00:00,5583.989,5585.223,5578.411,5583.643,204,505
2024-07-09 04:00:00,5583.663,5585.497,5579.35,5583.547,209,514
2024-07-09 08:00:00,5583.809,5585.613,5581.377,5581.923,232,508
2024-07-09 12:00:00,5582.176,5588.206,5576.577,5584.289,240,504
2024-07-09 16:00:00,5584.021,5590.886,5574.466,5578.067,240,516
2024-07-09 20:00:00,5577.772,5579.997,5576.461,5579.017,90,611
2024-07-10 00:00:00,5579.222,5581.996,5579.047,5580.187,160,511
2024-07-10 04:00:00,5580.156,5581.827,5576.48,5581.023,199,523
2024-07-10 08:00:00,5580.779,5591.172,5580.521,5590.237,225,509
2024-07-10 12:00:00,5590.063,5599.37,5586.751,5598.043,236,510
2024-07-10 16:00:00,5597.812,5635.694,5597.812,5631.507,240,504
2024-07-10 20:00:00,5631.282,5632.334,5628.246,5629.247,113,609
2024-07-11 00:00:00,5629.512,5630.862,5624.822,5630.591,194,517
2024-07-11 04:00:00,5630.607,5632.044,5628.204,5630.727,190,508
2024-07-11 08:00:00,5630.793,5632.174,5626.411,5626.43,212,506
2024-07-11 12:00:00,5626.664,5654.159,5582.426,5585.65,240,567
2024-07-11 16:00:00,5585.897,5596.117,5576.53,5582.674,240,508
2024-07-11 20:00:00,5582.439,5592.614,5579.21,5585.876,131,604
2024-07-12 00:00:00,5585.37,5592.361,5584.611,5588.382,216,511
2024-07-12 04:00:00,5588.243,5591.632,5582.617,5588.614,231,507
2024-07-12 08:00:00,5588.861,5594.379,5585.617,5591.126,237,508
2024-07-12 12:00:00,5590.87,5636.689,5570.496,5627.117,240,504
2024-07-12 16:00:00,5626.867,5655.616,5608.433,5618.304,240,507
2024-07-12 20:00:00,5619.056,5622.507,5614.311,5616.832,15,608
2024-07-15 00:00:00,5620.047,5623.876,5617.132,5623.129,224,505
2024-07-15 04:00:00,5623.231,5631.927,5622.382,5631.623,218,526
2024-07-15 08:00:00,5631.379,5642.629,5631.379,5635.867,235,509
2024-07-15 12:00:00,5636.177,5666.932,5631.867,5656.141,240,504
2024-07-15 16:00:00,5656.27,5656.27,5614.591,5633.456,240,513
2024-07-15 20:00:00,5633.212,5642.696,5630.202,5640.48,118,620
2024-07-16 00:00:00,5640.739,5642.862,5637.567,5641.146,221,511
2024-07-16 04:00:00,5641.267,5643.196,5628.717,5629.364,220,507
2024-07-16 08:00:00,5629.487,5640.777,5621.831,5640.03,240,503
2024-07-16 12:00:00,5639.799,5663.051,5634.431,5649.199,240,514
2024-07-16 16:00:00,5649.449,5669.822,5640.47,5666.714,240,505
2024-07-16 20:00:00,5666.474,5666.474,5660.361,5661.6,124,602
2024-07-17 00:00:00,5661.847,5662.812,5655.981,5658.217,226,512
2024-07-17 04:00:00,5658.47,5658.757,5626.671,5628.401,231,512
2024-07-17 08:00:00,5628.672,5629.987,5605.041,5612.914,240,505
2024-07-17 12:00:00,5612.186,5622.527,5595.614,5601.752,240,505
2024-07-17 16:00:00,5601.512,5603.23,5583.821,5587.342,240,508
2024-07-17 20:00:00,5587.206,5600.467,5581.711,5599.212,126,604
2024-07-18 00:00:00,5598.969,5604.604,5596.774,5600.756,238,504
2024-07-18 04:00:00,5601.057,5614.58,5591.139,5600.279,238,506
2024-07-18 08:00:00,5600.406,5607.716,5589.704,5600.382,240,504
2024-07-18 12:00:00,5600.177,5614.297,5544.997,5546.801,240,508
2024-07-18 16:00:00,5546.674,5567.2,5522.213,5545.933,240,504
2024-07-18 20:00:00,5545.19,5559.577,5543.011,5555.261,130,607
2024-07-19 00:00:00,5555.517,5559.032,5553.011,5557.026,237,523
2024-07-19 04:00:00,5557.273,5561.077,5523.276,5532.827,183,515
2024-07-19 08:00:00,5532.577,5555.077,5527.761,5553.02,147,506
2024-07-19 12:00:00,5552.764,5557.779,5509.307,5527.783,240,505
2024-07-19 16:00:00,5527.049,5532.246,5496.344,5507.563,240,504
2024-07-19 20:00:00,5507.927,5513.579,5500.826,5501.57,15,606
2024-07-22 00:00:00,5525.734,5526.493,5507.132,5516.861,240,505
2024-07-22 04:00:00,5516.981,5526.927,5511.132,5525.37,240,511
2024-07-22 08:00:00,5524.864,5539.927,5523.126,5539.629,240,507
2024-07-22 12:00:00,5539.864,5562.192,5527.462,5534.812,240,505
2024-07-22 16:00:00,5534.562,5570.207,5530.22,5563.46,240,505
2024-07-22 20:00:00,5563.959,5566.879,5559.159,5559.679,131,621
2024-07-23 00:00:00,5559.411,5561.297,5550.884,5554.15,238,513
2024-07-23 04:00:00,5554.273,5557.922,5543.932,5546.43,234,509
2024-07-23 08:00:00,5546.661,5572.789,5542.961,5569.812,240,507
2024-07-23 12:00:00,5569.55,5585.147,5557.464,5580.006,240,504
2024-07-23 16:00:00,5579.751,5581.411,5550.417,5555.166,240,506
2024-07-23 20:00:00,5554.802,5566.857,5529.442,5530.95,135,606
2024-07-24 00:00:00,5531.212,5539.247,5530.591,5531.859,239,512
2024-07-24 04:00:00,5531.873,5532.132,5514.814,5515.813,239,508
2024-07-24 08:00:00,5516.06,5522.312,5508.644,5515.592,240,507
2024-07-24 12:00:00,5515.887,5516.337,5457.937,5459.991,240,509
2024-07-24 16:00:00,5460.262,5466.307,5419.967,5428.803,240,505
2024-07-24 20:00:00,5428.727,5446.233,5427.354,5441.697,134,608
2024-07-25 00:00:00,5441.412,5447.103,5430.906,5441.649,240,508
2024-07-25 04:00:00,5441.76,5442.972,5419.867,5425.35,239,507
2024-07-25 08:00:00,5425.603,5439.613,5410.081,5417.097,240,504
2024-07-25 12:00:00,5417.221,5462.779,5390.794,5456.182,240,511
2024-07-25 16:00:00,5455.917,5491.987,5398.1,5400.586,240,504
2024-07-25 20:00:00,5400.324,5412.819,5392.113,5411.513,134,607
2024-07-26 00:00:00,5411.269,5424.766,5410.507,5421.751,240,505
2024-07-26 04:00:00,5422.022,5436.067,5420.004,5436.016,236,503
2024-07-26 08:00:00,5435.76,5449.516,5433.892,5449.121,240,510
2024-07-26 12:00:00,5449.007,5466.33,5431.51,5465.084,240,526
2024-07-26 16:00:00,5465.397,5488.557,5444.177,5460.626,240,505
2024-07-26 20:00:00,5460.123,5463.823,5457.376,5461.561,15,605
2024-07-29 00:00:00,5474.37,5491.427,5472.746,5484.873,240,506
2024-07-29 04:00:00,5485.12,5489.382,5467.927,5469.129,238,504
2024-07-29 08:00:00,5469.361,5487.879,5467.361,5484.623,240,513
2024-07-29 12:00:00,5484.367,5495.87,5443.87,5473.172,240,511
2024-07-29 16:00:00,5473.401,5487.447,5461.784,5464.536,240,511
2024-07-29 20:00:00,5464.034,5470.382,5447.787,5450.507,132,604
2024-07-30 00:00:00,5450.272,5456.022,5441.684,5451.664,240,514
2024-07-30 04:00:00,5451.919,5477.812,5451.911,5474.126,240,512
2024-07-30 08:00:00,5474.237,5478.057,5466.696,5474.534,240,507
2024-07-30 12:00:00,5474.661,5490.114,5420.331,5421.287,240,506
2024-07-30 16:00:00,5421.429,5453.147,5401.23,5435.407,240,508
2024-07-30 20:00:00,5435.094,5443.827,5395.737,5442.293,135,607
2024-07-31 00:00:00,5442.031,5460.451,5437.556,5459.729,240,504
2024-07-31 04:00:00,5459.47,5485.013,5453.387,5484.751,240,506
2024-07-31 08:00:00,5484.631,5491.861,5477.821,5488.881,240,507
2024-07-31 12:00:00,5488.634,5533.767,5487.391,5523.494,240,514
2024-07-31 16:00:00,5523.807,5551.797,5503.319,5520.326,241,505
2024-07-31 20:00:00,5520.079,5553.207,5519.767,5550.894,135,608
2024-08-01 00:00:00,5551.14,5557.847,5542.263,5555.733,240,508
2024-08-01 04:00:00,5555.622,5559.832,5536.494,5538.287,240,512
2024-08-01 08:00:00,5538.48,5550.6,5522.412,5540.914,240,505
2024-08-01 12:00:00,5541.401,5565.107,5457.454,5462.887,240,516
2024-08-01 16:00:00,5462.772,5479.981,5409.821,5445.181,241,506
2024-08-01 20:00:00,5446.063,5448.992,5413.579,5428.627,135,606
2024-08-02 00:00:00,5428.317,5431.877,5388.576,5409.817,240,504
2024-08-02 04:00:00,5410.064,5412.32,5379.814,5398.946,240,515
2024-08-02 08:00:00,5399.073,5400.627,5376.561,5383.82,240,506
2024-08-02 12:00:00,5383.573,5392.377,5299.564,5335.627,241,702
2024-08-02 16:00:00,5335.332,5348.832,5308.57,5344.861,240,509
2024-08-02 20:00:00,5344.99,5344.99,5337.564,5340.826,15,609
2024-08-05 00:00:00,5292.993,5293.614,5256.114,5260.867,240,506
2024-08-05 04:00:00,5260.981,5263.867,5169.999,5224.984,240,509
2024-08-05 08:00:00,5225.123,5247.111,5155.237,5164.12,240,507
2024-08-05 12:00:00,5164.382,5234.362,5089.611,5218.94,345,522
2024-08-05 16:00:00,5218.702,5250.689,5164.166,5190.636,248,506
2024-08-05 20:00:00,5190.121,5244.649,5184.93,5244.61,135,604
2024-08-06 00:00:00,5244.986,5275.932,5228.544,5267.676,240,512
2024-08-06 04:00:00,5267.796,5271.327,5232.767,5238.757,240,507
2024-08-06 08:00:00,5239.016,5246.997,5199.392,5230.034,240,518
2024-08-06 12:00:00,5230.16,5279.627,5193.589,5273.702,272,509
2024-08-06 16:00:00,5273.924,5312.423,5235.04,5236.886,241,505
2024-08-06 20:00:00,5235.779,5241.189,5208.722,5215.47,135,604
2024-08-07 00:00:00,5215.723,5285.073,5214.221,5281.037,240,506
2024-08-07 04:00:00,5281.112,5290.692,5251.951,5261.076,240,506
2024-08-07 08:00:00,5262.079,5305.432,5258.833,5293.436,240,509
2024-08-07 12:00:00,5293.689,5331.037,5285.707,5295.176,242,506
2024-08-07 16:00:00,5294.932,5295.659,5195.05,5202.191,240,507
2024-08-07 20:00:00,5201.194,5206.217,5155.574,5175.186,135,604
2024-08-08 00:00:00,5175.294,5212.277,5171.69,5203.252,240,512
2024-08-08 04:00:00,5203.367,5210.106,5175.791,5180.714,240,509
2024-08-08 08:00:00,5180.966,5208.554,5176.687,5206.277,240,508
2024-08-08 12:00:00,5207.15,5299.987,5199.02,5292.051,244,576
2024-08-08 16:00:00,5291.566,5328.397,5282.07,5321.171,240,506
2024-08-08 20:00:00,5321.544,5336.877,5319.934,5332.02,135,604
2024-08-09 00:00:00,5331.893,5333.173,5311.026,5329.676,240,505
2024-08-09 04:00:00,5329.597,5332.977,5302.911,5326.847,240,513
2024-08-09 08:00:00,5326.932,5346.227,5315.664,5322.676,240,507
2024-08-09 12:00:00,5322.79,5341.312,5293.923,5317.73,240,507
2024-08-09 16:00:00,5318.742,5359.362,5312.827,5343.259,240,508
2024-08-09 20:00:00,5342.317,5344.757,5340.037,5342.467,15,606
2024-08-12 00:00:00,5343.861,5351.123,5333.981,5342.74,240,507
2024-08-12 04:00:00,5342.623,5356.526,5340.387,5355.827,240,501
2024-08-12 08:00:00,5355.39,5361.697,5345.023,5359.029,240,511
2024-08-12 12:00:00,5359.14,5371.311,5322.146,5362.373,240,518
2024-08-12 16:00:00,5362.241,5365.117,5331.474,5346.843,240,504
2024-08-12 20:00:00,5346.581,5350.586,5340.811,5347.39,133,604
2024-08-13 00:00:00,5347.64,5355.236,5342.664,5350.287,240,506
2024-08-13 04:00:00,5350.404,5376.839,5350.299,5370.573,240,510
2024-08-13 08:00:00,5370.684,5372.117,5346.311,5359.977,240,507
2024-08-13 12:00:00,5360.119,5407.126,5359.367,5404.379,240,543
2024-08-13 16:00:00,5404.677,5436.313,5401.634,5433.517,240,504
2024-08-13 20:00:00,5433.887,5434.847,5428.324,5432.859,135,607
2024-08-14 00:00:00,5433.103,5437.61,5427.417,5433.203,240,503
2024-08-14 04:00:00,5433.007,5439.093,5432.124,5433.0,240,509
2024-08-14 08:00:00,5432.883,5438.507,5429.16,5436.134,240,508
2024-08-14 12:00:00,5435.887,5462.007,5415.291,5460.944,240,675
2024-08-14 16:00:00,5460.694,5463.637,5431.784,5451.597,240,507
2024-08-14 20:00:00,5451.426,5460.699,5447.122,5449.093,130,605
2024-08-15 00:00:00,5449.331,5466.127,5449.047,5464.96,238,508
2024-08-15 04:00:00,5464.852,5466.581,5454.622,5466.147,240,507
2024-08-15 08:00:00,5465.897,5466.346,5446.873,5464.306,240,507
2024-08-15 12:00:00,5464.179,5534.003,5461.2,5529.432,240,587
2024-08-15 16:00:00,5528.977,5546.189,5525.683,5542.956,240,511
2024-08-15 20:00:00,5542.7,5554.782,5537.713,5550.523,133,606
2024-08-16 00:00:00,5550.773,5553.827,5542.773,5552.526,239,508
2024-08-16 04:00:00,5552.327,5559.327,5548.511,5550.779,239,506
2024-08-16 08:00:00,5551.017,5554.577,5533.52,5534.017,240,506
2024-08-16 12:00:00,5534.39,5548.594,5512.761,5545.539,240,504
2024-08-16 16:00:00,5545.299,5562.546,5544.024,5554.457,240,504
2024-08-16 20:00:00,5554.144,5557.917,5552.854,5557.116,15,602
2024-08-19 00:00:00,5563.01,5569.024,5559.906,5563.61,238,516
2024-08-19 04:00:00,5563.621,5563.877,5548.111,5552.37,240,517
2024-08-19 08:00:00,5552.231,5559.123,5542.629,5557.129,240,514
2024-08-19 12:00:00,5557.364,5581.192,5550.501,5573.773,240,517
2024-08-19 16:00:00,5574.029,5607.317,5570.649,5607.317,240,507
2024-08-19 20:00:00,5607.57,5608.247,5600.57,5605.104,126,610
2024-08-20 00:00:00,5605.372,5612.942,5602.452,5606.007,234,514
2024-08-20 04:00:00,5605.766,5617.754,5605.757,5615.641,239,505
2024-08-20 08:00:00,5615.401,5615.919,5604.009,5611.363,239,510
2024-08-20 12:00:00,5611.297,5620.343,5589.726,5603.927,240,514
2024-08-20 16:00:00,5604.427,5608.427,5584.52,5597.667,240,510
2024-08-20 20:00:00,5597.477,5602.364,5594.57,5596.62,135,603
2024-08-21 00:00:00,5596.367,5605.497,5596.367,5603.226,235,512
2024-08-21 04:00:00,5603.356,5607.77,5598.877,5600.437,238,517
2024-08-21 08:00:00,5600.632,5608.692,5596.451,5606.126,240,505
2024-08-21 12:00:00,5605.87,5632.972,5597.391,5600.529,240,510
2024-08-21 16:00:00,5600.282,5628.239,5591.647,5617.512,240,508
2024-08-21 20:00:00,5617.741,5623.517,5612.963,5622.504,129,603
2024-08-22 00:00:00,5622.317,5624.527,5609.173,5611.217,236,508
2024-08-22 04:00:00,5611.337,5623.091,5610.284,5621.65,231,509
2024-08-22 08:00:00,5621.517,5632.697,5619.0,5631.41,239,505
2024-08-22 12:00:00,5631.281,5642.067,5581.547,5588.327,240,503
2024-08-22 16:00:00,5588.134,5611.259,5560.576,5573.193,240,505
2024-08-22 20:00:00,5572.94,5584.347,5567.873,5584.293,132,608
2024-08-23 00:00:00,5585.052,5592.697,5582.947,5590.381,230,507
2024-08-23 04:00:00,5590.149,5596.387,5590.149,5591.14,226,513
2024-08-23 08:00:00,5591.254,5607.697,5590.39,5604.89,237,504
2024-08-23 12:00:00,5604.769,5641.762,5594.652,5611.161,242,516
2024-08-23 16:00:00,5611.411,5637.87,5584.272,5632.132,240,505
2024-08-23 20:00:00,5631.632,5633.332,5628.567,5630.627,15,603
2024-08-26 00:00:00,5627.876,5640.626,5625.117,5627.117,238,505
2024-08-26 04:00:00,5626.99,5639.477,5626.614,5638.932,233,516
2024-08-26 08:00:00,5638.673,5644.929,5633.167,5639.679,238,506
2024-08-26 12:00:00,5639.429,5649.979,5608.614,5610.602,240,510
2024-08-26 16:00:00,5610.729,5627.637,5601.261,5618.753,240,505
2024-08-26 20:00:00,5618.244,5618.503,5604.009,5612.776,133,610
2024-08-27 00:00:00,5613.014,5617.113,5606.886,5615.412,237,507
2024-08-27 04:00:00,5615.273,5620.877,5613.196,5620.832,235,520
2024-08-27 08:00:00,5620.586,5626.793,5607.744,5616.774,240,512
2024-08-27 12:00:00,5616.653,5631.319,5593.58,5616.997,240,515
2024-08-27 16:00:00,5616.762,5630.987,5609.0,5625.749,240,505
2024-08-27 20:00:00,5625.249,5628.747,5612.684,5617.696,134,613
2024-08-28 00:00:00,5617.931,5625.619,5616.444,5624.544,238,517
2024-08-28 04:00:00,5624.794,5628.717,5623.984,5627.386,233,503
2024-08-28 08:00:00,5627.0,5632.817,5619.967,5621.482,234,512
2024-08-28 12:00:00,5621.229,5627.017,5587.041,5594.606,240,510
2024-08-28 16:00:00,5594.109,5603.797,5560.647,5593.951,240,505
2024-08-28 20:00:00,5593.584,5594.909,5543.614,5554.267,135,604
2024-08-29 00:00:00,5554.529,5573.247,5553.981,5572.011,237,507
2024-08-29 04:00:00,5572.264,5593.412,5571.804,5590.424,237,513
2024-08-29 08:00:00,5589.424,5612.092,5587.843,5607.157,240,505
2024-08-29 12:00:00,5607.037,5642.664,5604.066,5635.5,240,521
2024-08-29 16:00:00,5635.741,5647.241,5582.616,5593.581,240,504
2024-08-29 20:00:00,5593.972,5606.693,5593.972,5599.877,135,613
2024-08-30 00:00:00,5599.952,5608.446,5593.19,5604.32,237,507
2024-08-30 04:00:00,5604.561,5620.427,5601.576,5617.37,240,525
2024-08-30 08:00:00,5617.496,5623.117,5612.379,5618.126,240,509
2024-08-30 12:00:00,5617.876,5631.74,5590.407,5600.834,240,507
2024-08-30 16:00:00,5600.337,5651.087,5581.014,5645.139,240,506
2024-09-02 00:00:00,5639.246,5646.379,5636.37,5639.373,229,504
2024-09-02 04:00:00,5639.234,5643.132,5624.361,5630.864,229,510
2024-09-02 08:00:00,5630.984,5641.62,5630.984,5641.427,239,507
2024-09-02 12:00:00,5641.481,5653.864,5639.114,5650.879,236,509
2024-09-02 16:00:00,5651.114,5651.927,5646.249,5651.752,53,506
2024-09-02 20:00:00,5652.011,5655.567,5636.061,5640.377,119,538
2024-09-03 00:00:00,5640.699,5647.07,5630.826,5639.19,239,512
2024-09-03 04:00:00,5639.07,5652.377,5633.07,5648.582,238,510
2024-09-03 08:00:00,5648.877,5650.826,5612.826,5618.317,240,510
2024-09-03 12:00:00,5618.564,5622.927,5559.626,5565.7,241,509
2024-09-03 16:00:00,5565.833,5573.059,5503.682,5529.983,240,505
2024-09-03 20:00:00,5529.48,5533.904,5514.489,5519.461,135,605
2024-09-04 00:00:00,5519.723,5525.333,5494.617,5501.961,240,510
2024-09-04 04:00:00,5502.226,5512.802,5494.057,5509.81,240,510
2024-09-04 08:00:00,5509.563,5517.363,5502.964,5506.749,240,510
2024-09-04 12:00:00,5506.996,5552.549,5504.26,5526.832,243,505
2024-09-04 16:00:00,5526.329,5539.392,5503.026,5516.231,240,506
2024-09-04 20:00:00,5515.667,5520.442,5503.291,5511.597,134,605
2024-09-05 00:00:00,5511.097,5525.807,5508.207,5509.707,240,506
2024-09-05 04:00:00,5509.397,5528.297,5505.684,5527.769,240,506
2024-09-05 08:00:00,5527.899,5528.067,5512.126,5515.503,240,509
2024-09-05 12:00:00,5515.241,5546.422,5481.874,5482.872,240,512
2024-09-05 16:00:00,5482.977,5519.677,5479.371,5503.51,240,509
2024-09-05 20:00:00,5503.251,5509.693,5495.264,5500.011,133,609
2024-09-06 00:00:00,5500.134,5501.032,5478.773,5494.279,240,509
2024-09-06 04:00:00,5494.14,5499.032,5456.817,5469.32,240,509
2024-09-06 08:00:00,5469.57,5474.877,5459.573,5474.193,240,505
2024-09-06 12:00:00,5474.323,5522.926,5410.187,5413.177,243,741
2024-09-06 16:00:00,5413.107,5427.287,5402.227,5412.427,240,506
2024-09-06 20:00:00,5411.879,5412.126,5402.564,5406.561,15,604
2024-09-09 00:00:00,5408.361,5426.864,5407.876,5426.12,239,507
2024-09-09 04:00:00,5426.37,5445.117,5425.876,5444.749,240,513
2024-09-09 08:00:00,5444.62,5455.132,5437.237,5446.364,240,511
2024-09-09 12:00:00,5446.629,5470.64,5433.371,5466.392,240,507
2024-09-09 16:00:00,5466.142,5483.919,5448.587,5471.446,240,510
2024-09-09 20:00:00,5470.702,5482.744,5468.909,5477.96,135,607
2024-09-10 00:00:00,5477.701,5478.469,5465.25,5468.394,240,514
2024-09-10 04:00:00,5468.337,5477.367,5458.03,5476.93,239,519
2024-09-10 08:00:00,5477.069,5479.174,5454.42,5475.047,240,510
2024-09-10 12:00:00,5474.737,5493.097,5447.939,5448.424,240,506
2024-09-10 16:00:00,5448.309,5498.159,5440.692,5494.912,240,504
2024-09-10 20:00:00,5494.641,5496.35,5487.277,5489.796,128,611
2024-09-11 00:00:00,5490.043,5491.046,5467.744,5470.751,240,506
2024-09-11 04:00:00,5470.51,5487.9,5463.861,5484.699,240,507
2024-09-11 08:00:00,5484.196,5490.093,5471.837,5488.856,240,507
2024-09-11 12:00:00,5488.736,5500.291,5406.517,5451.992,240,588
2024-09-11 16:00:00,5451.724,5560.792,5449.971,5550.432,240,505
2024-09-11 20:00:00,5550.67,5555.947,5547.4,5550.261,131,614
2024-09-12 00:00:00,5550.776,5561.899,5548.293,5561.261,240,508
2024-09-12 04:00:00,5561.141,5571.261,5559.057,5560.677,239,516
2024-09-12 08:00:00,5560.822,5570.119,5555.823,5566.72,239,505
2024-09-12 12:00:00,5566.976,5573.724,5535.164,5552.39,241,509
2024-09-12 16:00:00,5552.143,5601.139,5551.127,5597.156,240,504
2024-09-12 20:00:00,5597.403,5604.427,5588.13,5601.376,128,610
2024-09-13 00:00:00,5601.677,5605.126,5595.361,5600.629,236,505
2024-09-13 04:00:00,5600.882,5609.927,5597.364,5601.927,226,510
2024-09-13 08:00:00,5602.117,5612.882,5598.37,5607.861,240,507
2024-09-13 12:00:00,5607.743,5633.887,5600.361,5632.607,241,506
2024-09-13 16:00:00,5632.369,5636.424,5616.702,5625.629,240,510
2024-09-13 20:00:00,5625.37,5625.37,5620.82,5623.877,15,605
2024-09-16 00:00:00,5627.761,5627.89,5620.261,5627.511,231,503
2024-09-16 04:00:00,5627.649,5627.827,5619.861,5627.126,224,514
2024-09-16 08:00:00,5627.37,5632.379,5620.111,5622.12,239,508
2024-09-16 12:00:00,5622.382,5633.873,5604.002,5617.273,240,505
2024-09-16 16:00:00,5617.514,5635.951,5608.094,5633.742,240,510
2024-09-16 20:00:00,5633.961,5634.217,5628.527,5629.557,132,606
2024-09-17 00:00:00,5629.8,5631.709,5624.111,5627.117,237,504
2024-09-17 04:00:00,5627.177,5646.787,5626.131,5643.27,233,510
2024-09-17 08:00:00,5643.023,5659.424,5643.02,5656.714,239,504
2024-09-17 12:00:00,5656.479,5671.117,5646.113,5655.08,240,508
2024-09-17 16:00:00,5655.33,5657.072,5613.597,5636.153,240,503
2024-09-17 20:00:00,5635.957,5641.103,5634.373,5640.417,114,614
2024-09-18 00:00:00,5640.616,5643.003,5637.456,5637.946,233,506
2024-09-18 04:00:00,5638.184,5645.063,5636.341,5637.469,239,511
2024-09-18 08:00:00,5637.22,5644.639,5633.453,5639.007,239,505
2024-09-18 12:00:00,5639.076,5646.127,5620.563,5621.597,240,510
2024-09-18 16:00:00,5621.417,5691.752,5614.013,5618.717,297,507
2024-09-18 20:00:00,5618.353,5656.087,5615.277,5654.892,135,604
2024-09-19 00:00:00,5654.994,5675.096,5635.174,5674.341,240,510
2024-09-19 04:00:00,5674.6,5689.584,5668.951,5689.451,240,505
2024-09-19 08:00:00,5689.102,5716.26,5685.034,5711.23,240,509
2024-09-19 12:00:00,5711.11,5724.186,5685.901,5708.906,240,514
2024-09-19 16:00:00,5709.011,5733.752,5707.923,5714.797,240,506
2024-09-19 20:00:00,5714.481,5715.882,5708.114,5709.379,134,609
2024-09-20 00:00:00,5709.111,5711.981,5703.629,5710.126,238,506
2024-09-20 04:00:00,5710.367,5712.237,5704.861,5710.361,240,526
2024-09-20 08:00:00,5710.611,5711.12,5698.361,5703.117,240,515
2024-09-20 12:00:00,5703.231,5712.617,5674.581,5692.296,239,507
2024-09-20 16:00:00,5692.043,5715.047,5683.556,5702.373,240,506
2024-09-20 20:00:00,5702.614,5703.576,5695.073,5696.127,15,604
2024-09-23 00:00:00,5707.62,5722.132,5706.114,5719.37,235,504
2024-09-23 04:00:00,5719.177,5721.382,5685.62,5704.876,234,513
2024-09-23 08:00:00,5704.632,5713.876,5698.882,5712.37,240,517
2024-09-23 12:00:00,5711.626,5725.927,5704.364,5718.606,240,505
2024-09-23 16:00:00,5718.351,5721.656,5703.3,5718.684,240,508
2024-09-23 20:00:00,5718.933,5720.132,5712.04,5715.38,128,613
2024-09-24 00:00:00,5715.013,5719.897,5706.624,5710.822,238,505
2024-09-24 04:00:00,5710.696,5731.799,5710.371,5731.429,239,517
2024-09-24 08:00:00,5731.3,5736.077,5712.251,5723.137,240,506
2024-09-24 12:00:00,5723.387,5733.613,5698.532,5728.676,240,507
2024-09-24 16:00:00,5729.154,5736.149,5716.657,5735.141,240,505
2024-09-24 20:00:00,5735.409,5736.88,5731.152,5734.749,117,608
2024-09-25 00:00:00,5734.993,5735.227,5722.256,5726.184,239,505
2024-09-25 04:00:00,5726.68,5728.557,5716.761,5726.447,236,507
2024-09-25 08:00:00,5726.51,5735.323,5722.402,5732.912,240,504
2024-09-25 12:00:00,5733.02,5741.037,5725.821,5729.949,240,508
2024-09-25 16:00:00,5729.811,5730.552,5711.659,5723.046,240,508
2024-09-25 20:00:00,5722.667,5733.302,5721.131,5731.579,129,603
2024-09-26 00:00:00,5731.877,5749.052,5731.877,5748.05,234,515
2024-09-26 04:00:00,5747.791,5769.197,5746.301,5768.219,235,511
2024-09-26 08:00:00,5768.46,5771.163,5764.151,5766.52,239,506
2024-09-26 12:00:00,5766.646,5772.562,5730.767,5746.067,240,504
2024-09-26 16:00:00,5745.763,5749.877,5720.9,5744.757,240,512
2024-09-26 20:00:00,5745.184,5755.877,5743.93,5748.826,134,620
2024-09-27 00:00:00,5749.079,5749.829,5740.323,5746.076,238,507
2024-09-27 04:00:00,5746.332,5752.877,5734.817,5735.079,240,512
2024-09-27 08:00:00,5734.829,5748.877,5734.82,5748.582,240,506
2024-09-27 12:00:00,5748.449,5763.802,5745.571,5745.833,240,516
2024-09-27 16:00:00,5746.067,5748.657,5725.894,5734.167,240,506
2024-09-27 20:00:00,5735.161,5735.161,5731.117,5732.629,15,610
2024-09-30 00:00:00,5743.676,5745.914,5728.876,5738.614,239,506
2024-09-30 04:00:00,5738.367,5740.879,5727.614,5737.882,239,523
2024-09-30 08:00:00,5737.746,5737.873,5719.111,5720.864,240,507
2024-09-30 12:00:00,5720.37,5739.597,5720.111,5736.881,240,503
2024-09-30 16:00:00,5737.13,5764.949,5701.801,5761.594,240,503
2024-09-30 20:00:00,5761.341,5761.341,5746.366,5753.219,132,606
2024-10-01 00:00:00,5753.147,5767.067,5749.087,5759.822,239,513
2024-10-01 04:00:00,5760.044,5760.667,5746.567,5758.062,238,510
2024-10-01 08:00:00,5758.183,5764.649,5750.833,5756.527,240,512
2024-10-01 12:00:00,5756.271,5759.21,5681.074,5704.932,243,511
2024-10-01 16:00:00,5704.661,5730.392,5683.761,5707.427,240,505
2024-10-01 20:00:00,5708.164,5714.59,5689.969,5698.349,135,603
2024-10-02 00:00:00,5698.593,5710.807,5697.433,5707.564,240,504
2024-10-02 04:00:00,5707.816,5708.387,5686.824,5700.247,240,510
2024-10-02 08:00:00,5699.997,5704.512,5683.87,5691.772,240,516
2024-10-02 12:00:00,5691.877,5720.741,5673.082,5716.736,240,506
2024-10-02 16:00:00,5716.986,5719.42,5697.413,5708.844,240,505
2024-10-02 20:00:00,5709.087,5720.977,5707.073,5717.477,131,604
2024-10-03 00:00:00,5717.73,5717.733,5698.017,5699.833,240,507
2024-10-03 04:00:00,5699.586,5702.993,5676.119,5681.587,238,516
2024-10-03 08:00:00,5681.517,5704.127,5681.147,5704.127,240,510
2024-10-03 12:00:00,5703.811,5719.147,5683.142,5705.527,241,583
2024-10-03 16:00:00,5705.726,5712.279,5675.397,5698.934,240,504
2024-10-03 20:00:00,5698.456,5703.576,5691.561,5699.567,134,606
2024-10-04 00:00:00,5699.329,5713.877,5692.449,5703.079,240,510
2024-10-04 04:00:00,5703.19,5708.817,5693.814,5706.943,240,505
2024-10-04 08:00:00,5706.877,5718.434,5700.317,5715.573,240,505
2024-10-04 12:00:00,5715.332,5752.832,5701.516,5724.419,240,779
2024-10-04 16:00:00,5724.659,5755.082,5714.049,5750.332,240,506
2024-10-04 20:00:00,5749.576,5751.282,5748.023,5750.532,15,610
2024-10-07 00:00:00,5752.332,5756.082,5744.061,5746.582,240,507
2024-10-07 04:00:00,5746.314,5749.377,5726.576,5728.067,237,504
2024-10-07 08:00:00,5728.32,5735.076,5713.434,5725.829,240,513
2024-10-07 12:00:00,5725.449,5739.921,5724.323,5731.43,240,509
2024-10-07 16:00:00,5731.737,5731.957,5686.152,5697.929,241,505
2024-10-07 20:00:00,5698.227,5704.147,5676.757,5695.714,133,621
2024-10-08 00:00:00,5696.229,5705.964,5691.591,5695.557,240,510
2024-10-08 04:00:00,5695.44,5705.103,5688.354,5700.119,239,514
2024-10-08 08:00:00,5700.002,5721.802,5697.381,5720.267,240,507
2024-10-08 12:00:00,5720.454,5745.384,5715.317,5743.332,240,511
2024-10-08 16:00:00,5742.829,5757.272,5725.77,5751.633,240,504
2024-10-08 20:00:00,5751.5,5751.5,5745.809,5746.312,128,608
2024-10-09 00:00:00,5746.411,5748.236,5739.893,5741.142,240,515
2024-10-09 04:00:00,5740.899,5744.139,5732.124,5737.586,235,526
2024-10-09 08:00:00,5737.827,5751.986,5733.056,5746.731,238,504
2024-10-09 12:00:00,5746.99,5790.517,5743.817,5789.367,240,505
2024-10-09 16:00:00,5789.62,5796.969,5770.794,5791.199,240,505
2024-10-09 20:00:00,5790.949,5791.449,5783.904,5788.646,79,611
2024-10-10 00:00:00,5787.712,5792.609,5786.517,5791.89,226,505
2024-10-10 04:00:00,5792.14,5792.346,5779.491,5780.614,227,519
2024-10-10 08:00:00,5780.371,5784.797,5778.277,5784.717,240,511
2024-10-10 12:00:00,5784.419,5791.207,5764.711,5788.813,227,625
2024-10-10 16:00:00,5788.551,5794.972,5763.823,5782.062,240,509
2024-10-10 20:00:00,5781.804,5790.677,5778.214,5789.376,129,607
2024-10-11 00:00:00,5789.614,5791.246,5785.361,5787.87,231,506
2024-10-11 04:00:00,5787.629,5787.87,5771.861,5778.677,231,508
2024-10-11 08:00:00,5778.376,5781.379,5770.114,5776.623,237,508
2024-10-11 12:00:00,5776.864,5820.12,5775.882,5815.799,240,532
2024-10-11 16:00:00,5815.543,5822.417,5799.961,5814.379,240,505
2024-10-11 20:00:00,5814.123,5815.576,5810.311,5810.377,15,603
2024-10-14 00:00:00,5810.177,5811.882,5804.629,5810.177,236,503
2024-10-14 04:00:00,5809.864,5819.123,5809.246,5818.882,221,520
2024-10-14 08:00:00,5818.62,5829.427,5816.923,5823.861,236,507
2024-10-14 12:00:00,5824.111,5857.309,5823.111,5854.122,240,508
2024-10-14 16:00:00,5853.864,5872.279,5852.859,5862.977,238,506
2024-10-14 20:00:00,5863.227,5867.729,5860.396,5866.087,124,597
2024-10-15 00:00:00,5866.156,5868.737,5859.966,5867.512,230,507
2024-10-15 04:00:00,5867.587,5867.597,5860.682,5862.912,228,520
2024-10-15 08:00:00,5862.653,5863.827,5855.657,5861.919,240,505
2024-10-15 12:00:00,5862.039,5867.481,5831.014,5832.93,240,515
2024-10-15 16:00:00,5833.183,5844.173,5804.356,5816.557,240,505
2024-10-15 20:00:00,5817.059,5819.41,5807.447,5816.949,135,605
2024-10-16 00:00:00,5817.171,5822.704,5814.76,5822.027,234,506
2024-10-16 04:00:00,5822.211,5822.777,5810.129,5819.877,234,507
2024-10-16 08:00:00,5819.952,5823.281,5813.672,5822.553,240,509
2024-10-16 12:00:00,5822.294,5830.221,5808.159,5820.833,240,507
2024-10-16 16:00:00,5820.571,5846.662,5820.33,5840.649,240,505
2024-10-16 20:00:00,5840.88,5841.09,5832.99,5833.484,127,604
2024-10-17 00:00:00,5833.427,5835.692,5826.092,5829.071,239,505
2024-10-17 04:00:00,5829.017,5854.239,5827.151,5852.741,235,504
2024-10-17 08:00:00,5852.633,5869.029,5852.0,5865.604,240,506
2024-10-17 12:00:00,5865.369,5881.44,5842.491,5865.942,240,539
2024-10-17 16:00:00,5865.689,5868.886,5840.271,5841.396,240,508
2024-10-17 20:00:00,5841.649,5850.861,5840.35,5848.87,123,605
2024-10-18 00:00:00,5849.129,5849.129,5833.677,5841.62,240,507
2024-10-18 04:00:00,5841.49,5854.427,5840.626,5854.427,232,515
2024-10-18 08:00:00,5854.243,5858.237,5849.361,5856.379,240,505
2024-10-18 12:00:00,5856.867,5863.677,5843.864,5857.552,240,508
2024-10-18 16:00:00,5857.781,5872.352,5855.543,5863.876,240,507
2024-10-18 20:00:00,5863.379,5867.073,5861.829,5865.079,14,607
2024-10-21 00:00:00,5871.117,5872.002,5865.117,5865.614,234,512
2024-10-21 04:00:00,5865.484,5865.927,5856.611,5860.114,235,517
2024-10-21 08:00:00,5859.981,5863.32,5840.811,5843.064,240,512
2024-10-21 12:00:00,5843.32,5866.07,5823.126,5840.626,240,506
2024-10-21 16:00:00,5840.37,5855.62,5835.177,5855.62,240,511
2024-10-21 20:00:00,5855.126,5858.629,5852.823,5853.867,128,604
2024-10-22 00:00:00,5854.111,5854.111,5842.87,5843.864,239,522
2024-10-22 04:00:00,5844.126,5846.382,5837.879,5841.12,237,514
2024-10-22 08:00:00,5840.984,5843.547,5822.62,5828.132,240,505
2024-10-22 12:00:00,5828.37,5843.319,5820.361,5838.081,240,507
2024-10-22 16:00:00,5838.333,5863.387,5833.867,5852.036,240,509
2024-10-22 20:00:00,5851.533,5851.789,5840.351,5849.327,132,608
2024-10-23 00:00:00,5849.441,5849.832,5841.886,5845.837,235,514
2024-10-23 04:00:00,5845.701,5853.029,5843.251,5847.541,229,507
2024-10-23 08:00:00,5847.313,5849.816,5835.369,5838.602,240,509
2024-10-23 12:00:00,5838.843,5841.102,5805.74,5816.162,240,506
2024-10-23 16:00:00,5815.913,5815.913,5761.854,5797.023,240,511
2024-10-23 20:00:00,5797.327,5805.036,5794.493,5802.541,132,604
2024-10-24 00:00:00,5802.297,5814.439,5799.586,5809.72,239,516
2024-10-24 04:00:00,5809.597,5823.94,5807.147,5822.694,238,518
2024-10-24 08:00:00,5822.959,5829.387,5819.011,5828.482,239,521
2024-10-24 12:00:00,5828.581,5830.507,5789.117,5799.002,240,507
2024-10-24 16:00:00,5799.239,5816.796,5784.073,5809.997,240,510
2024-10-24 20:00:00,5809.937,5817.177,5808.76,5813.373,130,604
2024-10-25 00:00:00,5813.614,5818.126,5809.37,5809.867,235,511
2024-10-25 04:00:00,5809.632,5823.382,5807.114,5823.364,238,522
2024-10-25 08:00:00,5822.864,5829.876,5815.867,5827.427,237,504
2024-10-25 12:00:00,5827.126,5863.427,5826.861,5839.847,240,502
2024-10-25 16:00:00,5839.549,5846.792,5799.081,5808.861,240,506
2024-10-25 20:00:00,5809.114,5810.817,5804.561,5805.326,15,603
2024-10-28 00:00:00,5833.867,5844.677,5833.361,5835.882,238,525
2024-10-28 04:00:00,5835.623,5843.626,5831.984,5838.677,239,507
2024-10-28 08:00:00,5839.37,5847.873,5833.873,5834.12,240,505
2024-10-28 12:00:00,5833.987,5845.129,5824.641,5826.826,240,506
2024-10-28 16:00:00,5827.07,5836.047,5823.224,5825.597,240,507
2024-10-28 20:00:00,5826.021,5829.292,5822.094,5825.003,130,607
2024-10-29 00:00:00,5825.557,5826.766,5814.484,5815.487,240,519
2024-10-29 04:00:00,5815.74,5833.261,5814.534,5827.893,235,510
2024-10-29 08:00:00,5828.197,5833.48,5817.261,5817.777,240,507
2024-10-29 12:00:00,5817.539,5836.487,5801.621,5831.827,240,506
2024-10-29 16:00:00,5831.884,5847.217,5826.261,5835.4,240,506
2024-10-29 20:00:00,5835.659,5851.206,5835.097,5848.557,135,605
2024-10-30 00:00:00,5848.241,5857.137,5844.464,5845.717,239,508
2024-10-30 04:00:00,5845.657,5850.261,5839.784,5846.357,238,508
2024-10-30 08:00:00,5846.799,5851.297,5834.967,5836.64,240,506
2024-10-30 12:00:00,5836.384,5851.189,5810.431,5848.872,240,506
2024-10-30 16:00:00,5848.73,5850.106,5811.727,5818.027,240,506
2024-10-30 20:00:00,5818.337,5824.666,5796.607,5796.869,135,605
2024-10-31 00:00:00,5796.619,5803.102,5792.472,5793.257,240,506
2024-10-31 04:00:00,5793.13,5793.54,5771.837,5772.891,237,513
2024-10-31 08:00:00,5772.467,5782.462,5766.754,5782.197,240,504
2024-10-31 12:00:00,5782.507,5785.4,5717.241,5725.782,240,510
2024-10-31 16:00:00,5725.511,5736.727,5701.417,5702.404,241,508
2024-10-31 20:00:00,5702.176,5720.513,5702.176,5710.961,135,607
2024-11-01 00:00:00,5711.211,5718.027,5700.777,5716.473,236,510
2024-11-01 04:00:00,5716.777,5722.982,5709.379,5718.882,234,509
2024-11-01 08:00:00,5718.617,5733.132,5717.632,5730.376,240,508
2024-11-01 12:00:00,5730.99,5772.989,5724.243,5753.544,240,616
2024-11-01 16:00:00,5753.306,5760.071,5723.561,5727.626,240,507
2024-11-01 20:00:00,5727.243,5736.082,5727.111,5734.064,15,607
2024-11-04 00:00:00,5721.147,5742.367,5714.976,5740.123,238,505
2024-11-04 04:00:00,5739.873,5747.376,5732.364,5732.611,231,504
2024-11-04 08:00:00,5733.117,5745.379,5728.861,5740.367,240,504
2024-11-04 12:00:00,5740.62,5743.111,5709.617,5733.031,240,507
2024-11-04 16:00:00,5732.904,5738.547,5695.523,5721.426,240,507
2024-11-04 20:00:00,5721.541,5723.423,5707.987,5713.539,134,508
2024-11-05 00:00:00,5713.407,5720.803,5705.847,5716.532,240,507
2024-11-05 04:00:00,5716.391,5725.97,5713.206,5722.537,237,509
2024-11-05 08:00:00,5722.727,5729.957,5714.724,5725.637,240,507
2024-11-05 12:00:00,5725.88,5768.832,5719.222,5756.83,240,512
2024-11-05 16:00:00,5756.571,5781.443,5752.371,5766.863,240,506
2024-11-05 20:00:00,5766.601,5794.92,5764.391,5786.411,135,506
2024-11-06 00:00:00,5786.227,5865.227,5785.92,5852.682,240,509
2024-11-06 04:00:00,5852.929,5899.67,5837.42,5889.847,240,506
2024-11-06 08:00:00,5889.414,5924.227,5885.42,5896.111,240,508
2024-11-06 12:00:00,5895.126,5922.37,5869.962,5886.292,242,506
2024-11-06 16:00:00,5886.521,5925.397,5879.604,5922.146,240,509
2024-11-06 20:00:00,5922.269,5936.242,5921.381,5926.482,134,507
2024-11-07 00:00:00,5926.407,5937.172,5920.851,5933.962,240,507
2024-11-07 04:00:00,5934.074,5941.339,5929.18,5931.451,239,520
2024-11-07 08:00:00,5931.637,5942.911,5931.197,5940.87,240,509
2024-11-07 12:00:00,5940.494,5967.627,5937.442,5966.021,240,510
2024-11-07 16:00:00,5966.292,5977.82,5956.85,5977.817,240,512
2024-11-07 20:00:00,5978.127,5983.949,5969.954,5978.502,135,510
2024-11-08 00:00:00,5978.629,5980.129,5972.382,5974.129,235,506
2024-11-08 04:00:00,5973.927,5981.132,5973.376,5979.614,232,506
2024-11-08 08:00:00,5979.752,5981.132,5961.62,5967.876,240,509
2024-11-08 12:00:00,5967.987,5996.212,5967.111,5994.424,240,505
2024-11-08 16:00:00,5994.677,6013.152,5990.064,6005.957,240,506
2024-11-08 20:00:00,6006.219,6006.462,5993.276,5998.814,75,504
2024-11-11 00:00:00,6009.734,6010.37,6003.617,6006.361,228,517
2024-11-11 04:00:00,6006.677,6013.111,6006.614,6012.861,213,503
2024-11-11 08:00:00,6012.629,6018.126,6012.111,6016.677,235,503
2024-11-11 12:00:00,6016.752,6026.873,6001.719,6013.542,238,512
2024-11-11 16:00:00,6013.77,6016.252,5986.302,5999.752,240,507
2024-11-11 20:00:00,5999.614,6005.774,5996.521,5999.489,135,509
2024-11-12 00:00:00,5999.236,6003.941,5993.8,5995.801,240,506
2024-11-12 04:00:00,5996.063,5998.819,5992.851,5998.327,236,523
2024-11-12 08:00:00,5998.024,6003.317,5984.147,5993.3,240,505
2024-11-12 12:00:00,5993.177,6008.507,5987.734,5988.207,240,507
2024-11-12 16:00:00,5987.9,6000.126,5959.811,5996.216,240,510
2024-11-12 20:00:00,5995.97,5998.172,5976.754,5980.807,135,508
2024-11-13 00:00:00,5980.994,5981.417,5974.877,5977.393,240,520
2024-11-13 04:00:00,5977.516,5978.14,5966.071,5970.687,239,508
2024-11-13 08:00:00,5970.949,5983.106,5969.027,5970.029,240,510
2024-11-13 12:00:00,5970.327,6003.657,5965.383,5987.226,240,506
2024-11-13 16:00:00,5987.467,6007.727,5982.21,5987.569,240,510
2024-11-13 20:00:00,5987.117,6000.522,5980.576,5991.687,135,505
2024-11-14 00:00:00,5991.871,5992.883,5980.721,5982.454,239,507
2024-11-14 04:00:00,5982.334,5987.007,5975.941,5985.726,240,509
2024-11-14 08:00:00,5985.597,5996.267,5984.721,5996.017,240,513
2024-11-14 12:00:00,5995.831,5996.791,5967.107,5977.472,240,508
2024-11-14 16:00:00,5977.207,5984.631,5952.634,5967.54,240,505
2024-11-14 20:00:00,5967.347,5967.531,5936.553,5940.932,134,508
2024-11-15 00:00:00,5940.667,5941.727,5928.667,5932.92,240,504
2024-11-15 04:00:00,5932.676,5936.673,5914.914,5915.42,239,511
2024-11-15 08:00:00,5915.667,5920.477,5905.034,5919.29,239,509
2024-11-15 12:00:00,5919.432,5926.179,5874.173,5878.386,240,512
2024-11-15 16:00:00,5878.13,5887.537,5852.006,5863.447,240,505
2024-11-15 20:00:00,5863.137,5879.314,5861.194,5874.311,75,507
2024-11-18 00:00:00,5877.927,5887.376,5876.364,5884.361,239,506
2024-11-18 04:00:00,5884.677,5889.211,5873.211,5877.226,230,523
2024-11-18 08:00:00,5877.982,5882.229,5867.59,5872.527,240,513
2024-11-18 12:00:00,5872.211,5896.611,5860.214,5895.49,240,510
2024-11-18 16:00:00,5895.632,5908.147,5883.314,5893.787,240,509
2024-11-18 20:00:00,5893.92,5897.127,5887.081,5891.777,134,508
2024-11-19 00:00:00,5891.841,5906.432,5889.167,5904.706,240,513
2024-11-19 04:00:00,5904.829,5908.962,5897.871,5902.381,238,508
2024-11-19 08:00:00,5902.269,5906.427,5857.95,5872.103,240,507
2024-11-19 12:00:00,5872.229,5893.49,5831.781,5889.557,240,508
2024-11-19 16:00:00,5889.804,5923.572,5888.817,5909.082,240,506
2024-11-19 20:00:00,5909.326,5922.352,5906.672,5921.742,135,510
2024-11-20 00:00:00,5921.917,5930.577,5918.781,5921.283,239,509
2024-11-20 04:00:00,5921.412,5933.376,5921.027,5930.397,235,511
2024-11-20 08:00:00,5930.337,5934.409,5916.077,5922.113,240,505
2024-11-20 12:00:00,5921.851,5931.122,5858.791,5887.517,240,507
2024-11-20 16:00:00,5887.207,5900.977,5868.562,5887.609,240,508
2024-11-20 20:00:00,5887.35,5922.419,5884.901,5917.712,135,507
2024-11-21 00:00:00,5918.007,5919.437,5889.419,5897.694,240,510
2024-11-21 04:00:00,5897.441,5912.994,5889.001,5902.512,240,512
2024-11-21 08:00:00,5902.364,5920.414,5883.297,5919.411,240,507
2024-11-21 12:00:00,5919.297,5949.639,5886.71,5928.626,244,508
2024-11-21 16:00:00,5928.857,5960.15,5922.259,5957.613,240,506
2024-11-21 20:00:00,5957.369,5962.862,5941.326,5943.814,135,508
2024-11-22 00:00:00,5943.573,5956.747,5939.814,5945.567,240,505
2024-11-22 04:00:00,5945.326,5955.877,5940.437,5950.317,240,505
2024-11-22 08:00:00,5950.202,5955.317,5920.826,5939.07,240,508
2024-11-22 12:00:00,5939.196,5972.573,5939.196,5969.854,240,507
2024-11-22 16:00:00,5970.167,5973.177,5948.831,5965.903,240,507
2024-11-22 20:00:00,5965.391,5972.789,5953.641,5967.627,75,504
2024-11-25 00:00:00,5989.367,5995.379,5988.876,5993.623,223,507
2024-11-25 04:00:00,5993.879,5994.632,5989.37,5991.861,212,511
2024-11-25 08:00:00,5992.12,6001.027,5990.861,5998.979,237,509
2024-11-25 12:00:00,5999.096,6020.682,5987.117,5991.997,240,508
2024-11-25 16:00:00,5991.696,5996.27,5963.681,5982.692,240,504
2024-11-25 20:00:00,5982.939,5998.627,5967.714,5974.456,135,509
2024-11-26 00:00:00,5974.257,5988.529,5956.787,5986.783,240,506
2024-11-26 04:00:00,5986.657,5992.437,5981.479,5981.711,240,507
2024-11-26 08:00:00,5981.476,6002.351,5977.789,6000.864,240,506
2024-11-26 12:00:00,6000.629,6007.747,5992.287,6002.147,240,506
2024-11-26 16:00:00,6002.277,6015.397,6000.432,6011.434,240,508
2024-11-26 20:00:00,6011.181,6024.486,6010.431,6021.557,132,515
2024-11-27 00:00:00,6021.421,6027.597,6017.967,6021.667,238,507
2024-11-27 04:00:00,6021.36,6023.37,6015.559,6019.632,235,506
2024-11-27 08:00:00,6020.129,6020.367,6006.111,6012.547,240,505
2024-11-27 12:00:00,6012.632,6020.249,5996.53,5999.661,240,509
2024-11-27 16:00:00,5999.787,6002.44,5983.567,5997.87,240,507
2024-11-27 20:00:00,5997.987,6004.927,5990.111,6003.677,132,506
2024-11-28 00:00:00,6003.731,6006.927,6003.617,6006.427,220,505
2024-11-28 04:00:00,6006.623,6007.427,6003.367,6004.867,179,525
2024-11-28 08:00:00,6005.114,6008.376,6003.611,6007.861,222,511
2024-11-28 12:00:00,6008.123,6014.927,6007.111,6014.237,219,506
2024-11-28 16:00:00,6014.123,6016.177,6012.111,6013.177,111,512
2024-11-28 20:00:00,6013.847,6016.027,6010.511,6015.211,59,521
2024-11-29 00:00:00,6015.087,6019.232,6003.461,6018.467,238,520
2024-11-29 04:00:00,6018.593,6020.729,6009.096,6012.59,236,519
2024-11-29 08:00:00,6012.777,6020.482,6012.464,6018.464,240,510
2024-11-29 12:00:00,6018.34,6029.957,6004.211,6029.29,240,504
2024-11-29 16:00:00,6029.533,6044.129,6029.194,6035.873,120,510
2024-12-02 00:00:00,6029.673,6032.929,6022.42,6023.17,234,507
2024-12-02 04:00:00,6023.347,6026.477,6019.414,6023.514,231,519
2024-12-02 08:00:00,6023.282,6028.273,6021.526,6027.893,237,509
2024-12-02 12:00:00,6028.276,6046.302,6027.511,6037.31,240,508
2024-12-02 16:00:00,6037.069,6050.137,6035.311,6049.454,240,507
2024-12-02 20:00:00,6049.213,6053.207,6045.094,6048.607,129,509
2024-12-03 00:00:00,6048.854,6052.279,6045.221,6050.802,219,505
2024-12-03 04:00:00,6050.922,6052.562,6046.931,6047.233,212,517
2024-12-03 08:00:00,6047.359,6051.979,6043.137,6048.656,239,505
2024-12-03 12:00:00,6048.792,6052.736,6033.427,6038.457,240,514
2024-12-03 16:00:00,6038.536,6051.633,6033.757,6050.401,240,504
2024-12-03 20:00:00,6050.151,6055.557,6045.237,6054.997,134,517
2024-12-04 00:00:00,6054.756,6056.197,6050.784,6055.44,229,516
2024-12-04 04:00:00,6055.187,6059.567,6054.801,6057.677,222,521
2024-12-04 08:00:00,6057.873,6068.327,6057.371,6067.779,240,505
2024-12-04 12:00:00,6067.641,6073.559,6059.962,6072.837,239,510
2024-12-04 16:00:00,6073.099,6081.879,6062.319,6079.604,240,511
2024-12-04 20:00:00,6079.417,6089.072,6078.606,6080.987,133,511
2024-12-05 00:00:00,6080.674,6083.347,6077.986,6082.407,224,520
2024-12-05 04:00:00,6082.109,6083.987,6079.381,6081.292,215,511
2024-12-05 08:00:00,6081.533,6084.927,6080.201,6082.201,235,511
2024-12-05 12:00:00,6082.469,6092.042,6077.843,6079.244,240,526
2024-12-05 16:00:00,6079.057,6094.547,6078.204,6081.58,240,511
2024-12-05 20:00:00,6081.336,6083.687,6068.782,6073.381,134,505
2024-12-06 00:00:00,6073.511,6075.779,6070.011,6071.779,231,504
2024-12-06 04:00:00,6071.517,6075.767,6069.782,6074.282,204,509
2024-12-06 08:00:00,6074.14,6078.029,6067.52,6071.773,238,505
2024-12-06 12:00:00,6071.532,6099.637,6065.631,6096.117,239,502
2024-12-06 16:00:00,6096.183,6096.582,6079.596,6082.776,240,510
2024-12-06 20:00:00,6082.532,6090.547,6080.781,6087.514,75,505
2024-12-09 00:00:00,6089.843,6090.226,6082.711,6083.714,228,502
2024-12-09 04:00:00,6083.473,6092.97,6082.211,6091.979,216,517
2024-12-09 08:00:00,6091.723,6094.232,6077.277,6083.479,240,509
2024-12-09 12:00:00,6083.717,6087.226,6060.666,6061.806,240,506
2024-12-09 16:00:00,6062.053,6072.522,6053.193,6057.877,240,511
2024-12-09 20:00:00,6058.142,6058.437,6048.747,6050.564,134,507
2024-12-10 00:00:00,6050.321,6052.129,6048.411,6051.033,208,514
2024-12-10 04:00:00,6051.289,6053.287,6049.184,6051.047,186,529
2024-12-10 08:00:00,6051.234,6060.404,6046.856,6058.677,238,520
2024-12-10 12:00:00,6059.18,6065.027,6050.571,6057.787,240,516
2024-12-10 16:00:00,6057.983,6060.669,6043.057,6044.057,240,511
2024-12-10 20:00:00,6043.867,6044.304,6028.961,6040.617,129,509
2024-12-11 00:00:00,6040.322,6041.427,6037.581,6039.279,211,507
2024-12-11 04:00:00,6039.014,6042.442,6035.224,6037.244,213,514
2024-12-11 08:00:00,6037.5,6043.673,6036.994,6041.691,235,511
2024-12-11 12:00:00,6041.833,6081.054,6039.721,6076.067,237,515
2024-12-11 16:00:00,6076.317,6093.007,6073.303,6087.853,240,514
2024-12-11 20:00:00,6087.974,6089.397,6076.441,6077.753,129,506
2024-12-12 00:00:00,6078.307,6078.307,6073.059,6075.46,213,514
2024-12-12 04:00:00,6075.21,6078.804,6073.911,6074.676,182,514
2024-12-12 08:00:00,6074.417,6077.196,6071.092,6072.927,233,507
2024-12-12 12:00:00,6073.107,6078.322,6060.021,6076.062,240,505
2024-12-12 16:00:00,6076.309,6079.732,6056.656,6059.221,240,509
2024-12-12 20:00:00,6058.974,6061.339,6047.851,6056.661,135,509
2024-12-13 00:00:00,6056.8,6062.137,6052.182,6053.763,236,507
2024-12-13 04:00:00,6054.022,6062.95,6053.004,6061.721,218,516
2024-12-13 08:00:00,6061.622,6073.623,6060.989,6071.654,234,504
2024-12-13 12:00:00,6071.416,6077.819,6041.494,6041.721,239,519
2024-12-13 16:00:00,6041.992,6053.867,6035.263,6050.504,240,506
2024-12-13 20:00:00,6050.652,6054.443,6044.426,6044.426,75,508
2024-12-16 00:00:00,6050.037,6055.727,6049.661,6052.477,230,501
2024-12-16 04:00:00,6052.534,6055.382,6048.914,6053.611,227,521
2024-12-16 08:00:00,6053.861,6064.132,6052.361,6061.117,240,511
2024-12-16 12:00:00,6060.864,6077.5,6059.051,6073.677,240,503
2024-12-16 16:00:00,6073.737,6084.162,6070.533,6081.812,240,511
2024-12-16 20:00:00,6082.049,6084.572,6063.867,6067.103,135,506
2024-12-17 00:00:00,6066.967,6073.157,6064.437,6070.454,215,506
2024-12-17 04:00:00,6070.722,6073.446,6056.361,6057.123,216,514
2024-12-17 08:00:00,6056.873,6064.197,6053.911,6058.077,239,504
2024-12-17 12:00:00,6057.891,6060.246,6037.193,6045.112,240,506
2024-12-17 16:00:00,6044.989,6057.487,6038.55,6039.874,240,505
2024-12-17 20:00:00,6039.769,6053.377,6034.277,6044.166,134,509
2024-12-18 00:00:00,6044.037,6055.629,6043.42,6051.243,230,508
2024-12-18 04:00:00,6051.104,6058.482,6051.047,6056.074,227,507
2024-12-18 08:00:00,6055.834,6066.513,6053.477,6063.892,240,506
2024-12-18 12:00:00,6063.697,6070.73,6039.897,6066.067,240,507
2024-12-18 16:00:00,6065.826,6068.989,5966.841,5969.919,243,514
2024-12-18 20:00:00,5970.524,5975.161,5836.164,5870.044,158,506
2024-12-19 00:00:00,5870.296,5885.897,5868.69,5876.119,240,507
2024-12-19 04:00:00,5876.357,5892.031,5865.481,5889.947,240,514
2024-12-19 08:00:00,5889.814,5900.772,5882.931,5897.256,240,510
2024-12-19 12:00:00,5897.142,5933.923,5882.806,5902.286,240,504
2024-12-19 16:00:00,5901.789,5919.252,5878.83,5886.191,240,506
2024-12-19 20:00:00,5886.073,5899.612,5864.714,5869.176,135,505
2024-12-20 00:00:00,5869.432,5872.429,5836.664,5839.796,240,512
2024-12-20 04:00:00,5839.911,5862.664,5839.676,5856.679,240,509
2024-12-20 08:00:00,5856.414,5857.679,5813.664,5817.42,240,504
2024-12-20 12:00:00,5817.682,5917.972,5800.926,5908.186,243,510
2024-12-20 16:00:00,5908.307,5983.066,5906.236,5949.94,240,507
2024-12-20 20:00:00,5950.063,5954.197,5920.827,5934.561,77,507
2024-12-23 00:00:00,5955.577,5959.032,5945.267,5955.764,240,507
2024-12-23 04:00:00,5955.637,5966.827,5955.52,5960.532,238,513
2024-12-23 08:00:00,5960.893,5962.27,5927.12,5929.99,240,508
2024-12-23 12:00:00,5930.126,5944.129,5901.917,5915.843,240,510
2024-12-23 16:00:00,5915.6,5967.757,5914.591,5954.623,240,506
2024-12-23 20:00:00,5954.5,5977.851,5947.262,5971.556,134,504
2024-12-24 00:00:00,5971.802,5973.402,5965.639,5969.974,239,506
2024-12-24 04:00:00,5970.11,5977.896,5967.771,5974.811,233,504
2024-12-24 08:00:00,5975.117,5981.597,5969.403,5976.726,239,504
2024-12-24 12:00:00,5976.48,6019.403,5975.259,6017.464,239,515
2024-12-24 16:00:00,6017.23,6038.126,6013.531,6036.62,134,507
2024-12-25 20:00:00,6037.061,6040.737,6034.37,6035.876,59,512
2024-12-26 00:00:00,6035.617,6043.177,6033.114,6043.111,226,507
2024-12-26 04:00:00,6043.002,6043.129,6036.376,6039.677,214,504
2024-12-26 08:00:00,6039.499,6039.629,6005.864,6015.123,240,507
2024-12-26 12:00:00,6015.24,6034.362,6001.367,6034.116,240,504
2024-12-26 16:00:00,6033.866,6050.147,6028.513,6042.191,240,508
2024-12-26 20:00:00,6041.957,6045.88,6034.131,6039.873,135,508
2024-12-27 00:00:00,6039.629,6039.879,6027.243,6029.123,236,508
2024-12-27 04:00:00,6029.243,6031.177,6020.62,6021.677,233,508
2024-12-27 08:00:00,6021.927,6023.382,6015.132,6019.367,240,508
2024-12-27 12:00:00,6019.617,6022.632,5946.224,5964.17,240,508
2024-12-27 16:00:00,5963.682,5979.882,5931.733,5977.109,240,504
2024-12-27 20:00:00,5976.869,5977.582,5949.514,5976.064,75,509
2024-12-30 00:00:00,5970.879,5973.24,5961.861,5963.123,239,506
2024-12-30 04:00:00,5963.379,5966.367,5949.382,5952.987,238,512
2024-12-30 08:00:00,5952.927,5962.177,5950.364,5958.876,238,510
2024-12-30 12:00:00,5959.117,5959.177,5867.949,5894.883,240,507
2024-12-30 16:00:00,5894.39,5940.63,5888.246,5932.177,240,507
2024-12-30 20:00:00,5931.876,5935.387,5891.999,5900.793,135,505
2024-12-31 00:00:00,5900.914,5913.737,5895.113,5903.824,240,504
2024-12-31 04:00:00,5903.956,5905.723,5896.541,5902.537,240,511
2024-12-31 08:00:00,5903.281,5928.637,5897.75,5926.624,240,513
2024-12-31 12:00:00,5926.387,5931.577,5905.227,5910.301,240,506
2024-12-31 16:00:00,5910.424,5911.799,5867.961,5886.974,240,505
2024-12-31 20:00:00,5886.604,5898.397,5872.876,5884.927,60,505
2025-01-01 20:00:00,5898.434,5904.632,5882.987,5888.376,60,528
2025-01-02 00:00:00,5888.481,5908.882,5860.12,5901.623,240,505
2025-01-02 04:00:00,5901.87,5918.617,5896.99,5911.234,240,506
2025-01-02 08:00:00,5911.12,5939.876,5903.002,5939.626,240,506
2025-01-02 12:00:00,5939.376,5945.361,5884.864,5899.097,251,504
2025-01-02 16:00:00,5899.422,5910.932,5830.323,5843.642,246,507
2025-01-02 20:00:00,5843.507,5875.376,5843.392,5868.484,135,506
2025-01-03 00:00:00,5868.364,5887.677,5867.123,5884.876,239,502
2025-01-03 04:00:00,5885.114,5886.484,5877.611,5884.364,239,508
2025-01-03 08:00:00,5884.861,5895.481,5878.111,5883.379,238,506
2025-01-03 12:00:00,5883.177,5920.047,5878.111,5914.851,242,509
2025-01-03 16:00:00,5914.62,5948.936,5904.534,5943.747,240,507
2025-01-03 20:00:00,5943.241,5944.882,5933.754,5939.067,75,509
2025-01-06 00:00:00,5943.861,5945.987,5933.427,5937.376,238,505
2025-01-06 04:00:00,5937.12,5953.626,5937.111,5951.617,229,514
2025-01-06 08:00:00,5952.002,5987.177,5950.861,5986.487,240,506
2025-01-06 12:00:00,5986.297,6015.794,5969.373,6012.346,241,510
2025-01-06 16:00:00,6012.593,6020.467,5965.543,5966.251,240,508
2025-01-06 20:00:00,5966.13,5986.261,5958.902,5980.113,135,505
2025-01-07 00:00:00,5979.927,5981.611,5968.169,5975.607,240,509
2025-01-07 04:00:00,5975.361,5975.613,5961.836,5972.947,239,523
2025-01-07 08:00:00,5973.26,5984.247,5967.912,5979.122,240,504
2025-01-07 12:00:00,5979.487,6000.191,5924.827,5956.489,244,510
2025-01-07 16:00:00,5956.907,5959.677,5919.119,5922.777,240,505
2025-01-07 20:00:00,5923.087,5924.017,5890.711,5913.139,135,505
2025-01-08 00:00:00,5913.263,5924.942,5912.162,5920.717,240,509
2025-01-08 04:00:00,5920.84,5927.627,5912.762,5918.739,235,506
2025-01-08 08:00:00,5918.609,5930.142,5891.986,5909.933,239,509
2025-01-08 12:00:00,5910.05,5917.392,5882.027,5906.552,241,507
2025-01-08 16:00:00,5906.302,5928.001,5874.294,5907.717,241,506
2025-01-08 20:00:00,5908.334,5922.117,5901.241,5906.553,135,504
2025-01-09 00:00:00,5907.052,5909.807,5897.44,5902.633,239,507
2025-01-09 04:00:00,5902.877,5907.704,5891.601,5892.85,238,513
2025-01-09 08:00:00,5892.714,5914.652,5887.137,5904.98,240,509
2025-01-09 12:00:00,5905.109,5912.439,5894.87,5902.487,149,506
2025-01-09 20:00:00,5901.687,5904.487,5885.614,5889.882,60,527
2025-01-10 00:00:00,5890.129,5904.677,5879.87,5902.12,239,504
2025-01-10 04:00:00,5902.427,5907.873,5894.737,5902.402,240,509
2025-01-10 08:00:00,5902.532,5919.279,5894.761,5908.764,240,505
2025-01-10 12:00:00,5909.017,5911.577,5811.861,5832.591,259,507
2025-01-10 16:00:00,5832.363,5866.756,5806.873,5842.739,240,505
2025-01-10 20:00:00,5842.498,5845.179,5818.166,5824.713,75,508
2025-01-13 00:00:00,5820.028,5827.278,5791.01,5797.278,240,514
2025-01-13 04:00:00,5797.446,5808.576,5794.895,5799.901,240,509
2025-01-13 08:00:00,5800.019,5806.269,5769.401,5779.269,240,508
2025-01-13 12:00:00,5779.142,5812.596,5771.763,5799.908,240,512
2025-01-13 16:00:00,5799.763,5830.886,5777.845,5825.735,240,508
2025-01-13 20:00:00,5825.606,5861.326,5819.783,5852.603,135,507
2025-01-14 00:00:00,5852.859,5853.843,5843.516,5847.805,239,510
2025-01-14 04:00:00,5848.048,5858.136,5846.8,5856.096,240,512
2025-01-14 08:00:00,5856.229,5873.478,5854.999,5856.501,240,508
2025-01-14 12:00:00,5856.239,5878.886,5835.48,5839.056,243,506
2025-01-14 16:00:00,5839.18,5859.028,5804.576,5826.056,240,507
2025-01-14 20:00:00,5826.306,5853.013,5809.846,5846.39,134,509
2025-01-15 00:00:00,5846.278,5848.448,5843.052,5843.31,217,513
2025-01-15 04:00:00,5843.458,5846.966,5841.349,5844.696,209,636
2025-01-15 08:00:00,5844.943,5866.401,5839.999,5863.181,239,518
2025-01-15 12:00:00,5862.919,5950.896,5858.47,5932.071,240,507
2025-01-15 16:00:00,5931.806,5958.026,5915.68,5954.649,240,507
2025-01-15 20:00:00,5954.911,5960.302,5945.715,5953.663,134,506
2025-01-16 00:00:00,5953.808,5961.233,5948.188,5951.333,239,512
2025-01-16 04:00:00,5951.095,5976.745,5943.222,5975.749,237,515
2025-01-16 08:00:00,5975.632,5976.998,5955.278,5966.482,240,507
2025-01-16 12:00:00,5966.615,5966.979,5933.86,5955.366,242,513
2025-01-16 16:00:00,5955.236,5964.811,5930.303,5950.52,240,507
2025-01-16 20:00:00,5950.409,5954.372,5924.706,5938.676,135,506
2025-01-17 00:00:00,5938.381,5949.628,5936.366,5948.628,236,508
2025-01-17 04:00:00,5948.366,5953.619,5941.86,5947.98,239,509
2025-01-17 08:00:00,5948.125,5964.926,5947.113,5958.176,240,507
2025-01-17 12:00:00,5957.869,6003.016,5954.36,6002.776,241,511
2025-01-17 16:00:00,6002.481,6015.126,5998.713,6003.281,240,507
2025-01-17 20:00:00,6002.763,6006.606,5992.06,5993.328,75,508
2025-01-20 00:00:00,5986.426,5993.866,5985.36,5992.872,240,510
2025-01-20 04:00:00,5992.733,6005.372,5992.11,6005.125,229,510
2025-01-20 08:00:00,6004.613,6007.131,5995.751,5999.869,239,511
2025-01-20 12:00:00,6000.046,6042.125,5982.378,6017.926,240,512
2025-01-20 16:00:00,6018.375,6025.992,6001.616,6020.176,119,506
2025-01-20 20:00:00,6023.825,6033.001,6020.875,6032.375,60,551
2025-01-21 00:00:00,6032.619,6034.628,5958.98,6010.122,240,510
2025-01-21 04:00:00,6010.239,6011.676,6000.366,6010.875,240,516
2025-01-21 08:00:00,6010.622,6031.926,6004.631,6016.122,240,510
2025-01-21 12:00:00,6015.983,6035.676,6007.016,6024.689,240,513
2025-01-21 16:00:00,6024.572,6050.436,6019.365,6042.863,240,510
2025-01-21 20:00:00,6042.623,6062.408,6040.886,6059.971,135,509
2025-01-22 00:00:00,6060.091,6066.086,6058.93,6065.808,238,518
2025-01-22 04:00:00,6065.546,6068.571,6061.753,6063.525,231,521
2025-01-22 08:00:00,6063.143,6078.825,6062.523,6074.021,239,507
2025-01-22 12:00:00,6074.385,6092.558,6073.373,6087.276,240,510
2025-01-22 16:00:00,6087.411,6100.248,6084.613,6096.873,240,512
2025-01-22 20:00:00,6096.644,6097.134,6079.243,6080.024,134,506
2025-01-23 00:00:00,6079.756,6081.829,6073.886,6077.379,236,516
2025-01-23 04:00:00,6077.205,6081.004,6072.944,6074.169,222,502
2025-01-23 08:00:00,6074.434,6077.789,6066.006,6076.754,240,504
2025-01-23 12:00:00,6076.979,6090.485,6072.503,6090.238,240,501
2025-01-23 16:00:00,6090.494,6104.192,6085.419,6098.756,240,501
2025-01-23 20:00:00,6098.506,6118.015,6097.009,6113.613,128,503
2025-01-24 00:00:00,6113.881,6121.625,6110.881,6112.983,235,499
2025-01-24 04:00:00,6112.884,6114.384,6108.616,6110.429,240,506
2025-01-24 08:00:00,6110.119,6115.179,6104.866,6110.131,238,506
2025-01-24 12:00:00,6109.992,6127.631,6106.384,6112.188,240,507
2025-01-24 16:00:00,6111.932,6123.701,6089.663,6094.251,240,506
2025-01-24 20:00:00,6093.992,6101.429,6088.473,6095.828,75,502
2025-01-27 00:00:00,6069.754,6070.429,6038.616,6047.929,240,500
2025-01-27 04:00:00,6048.125,6048.679,5994.366,5995.625,240,508
2025-01-27 08:00:00,5996.504,6004.004,5914.995,5948.733,240,504
2025-01-27 12:00:00,5948.992,6016.749,5947.742,6001.218,243,510
2025-01-27 16:00:00,6001.345,6010.844,5979.703,5989.035,240,501
2025-01-27 20:00:00,5988.912,6026.519,5982.835,6019.799,135,502
2025-01-28 00:00:00,6019.672,6021.523,5999.549,6010.935,240,501
2025-01-28 04:00:00,6010.695,6019.809,6003.796,6017.623,240,501
2025-01-28 08:00:00,6017.515,6040.173,6011.033,6027.588,240,503
2025-01-28 12:00:00,6027.724,6051.284,5992.256,6051.029,240,501
2025-01-28 16:00:00,6051.285,6073.471,6029.986,6072.232,240,501
2025-01-28 20:00:00,6072.356,6074.223,6055.802,6056.813,135,505
2025-01-29 00:00:00,6056.949,6064.904,6055.573,6063.466,238,511
2025-01-29 04:00:00,6063.779,6080.238,6062.982,6074.466,233,503
2025-01-29 08:00:00,6074.228,6076.299,6064.702,6074.391,240,509
2025-01-29 12:00:00,6074.246,6074.493,6044.579,6048.515,240,511
2025-01-29 16:00:00,6048.753,6054.509,6012.095,6043.504,250,501
2025-01-29 20:00:00,6043.248,6057.318,6013.665,6038.334,136,501
2025-01-30 00:00:00,6038.581,6063.214,6036.576,6062.013,239,502
2025-01-30 04:00:00,6062.284,6063.262,6054.732,6061.949,236,504
2025-01-30 08:00:00,6061.453,6071.201,6056.142,6057.219,240,505
2025-01-30 12:00:00,6057.532,6080.279,6034.356,6035.216,240,501
2025-01-30 16:00:00,6035.092,6077.742,6027.203,6077.488,240,501
2025-01-30 20:00:00,6077.241,6086.509,6038.516,6081.498,144,505
2025-01-31 00:00:00,6081.429,6091.929,6071.622,6083.616,239,502
2025-01-31 04:00:00,6083.878,6096.884,6083.125,6094.381,237,504
2025-01-31 08:00:00,6094.628,6101.384,6088.863,6101.378,239,502
2025-01-31 12:00:00,6100.995,6116.378,6089.119,6114.625,240,505
2025-01-31 16:00:00,6114.875,6120.398,6039.816,6056.073,242,500
2025-01-31 20:00:00,6055.961,6055.961,6030.361,6037.369,62,501
2025-02-03 00:00:00,5939.989,5947.504,5908.366,5920.366,240,504
2025-02-03 04:00:00,5920.619,5939.745,5908.863,5932.131,240,506
2025-02-03 08:00:00,5932.628,5960.986,5931.929,5948.631,240,507
2025-02-03 12:00:00,5949.001,6005.169,5923.561,5997.999,268,501
2025-02-03 16:00:00,5997.752,6022.189,5976.903,6015.435,248,501
2025-02-03 20:00:00,6016.655,6040.632,5993.303,6029.681,135,502
2025-02-04 00:00:00,6029.548,6029.928,5998.428,6002.659,240,503
2025-02-04 04:00:00,6002.969,6008.199,5960.769,5989.638,240,504
2025-02-04 08:00:00,5989.882,5994.624,5967.618,5986.223,240,502
2025-02-04 12:00:00,5987.159,6032.223,5987.159,6023.063,240,502
2025-02-04 16:00:00,6023.189,6042.649,6013.308,6033.946,240,501
2025-02-04 20:00:00,6034.078,6041.604,6012.552,6016.324,135,506
2025-02-05 00:00:00,6016.571,6027.264,6008.999,6010.005,240,506
2025-02-05 04:00:00,6010.245,6012.791,5999.852,6005.346,240,507
2025-02-05 08:00:00,6004.984,6014.681,5995.034,6011.125,240,504
2025-02-05 12:00:00,6011.622,6030.431,6005.446,6025.448,240,501
2025-02-05 16:00:00,6025.205,6055.845,6020.656,6049.913,240,500
2025-02-05 20:00:00,6049.675,6065.086,6048.213,6064.605,135,502
2025-02-06 00:00:00,6064.093,6070.334,6064.093,6068.964,238,504
2025-02-06 04:00:00,6068.759,6077.454,6068.464,6070.189,233,506
2025-02-06 08:00:00,6070.068,6079.501,6061.449,6063.099,240,503
2025-02-06 12:00:00,6062.731,6081.039,6060.906,6065.581,240,504
2025-02-06 16:00:00,6065.711,6079.189,6045.573,6056.349,240,500
2025-02-06 20:00:00,6055.963,6083.564,6051.029,6077.616,135,501
2025-02-07 00:00:00,6077.384,6085.384,6075.381,6079.799,238,503
2025-02-07 04:00:00,6079.869,6080.179,6071.369,6077.869,233,506
2025-02-07 08:00:00,6078.384,6086.116,6075.492,6084.869,239,504
2025-02-07 12:00:00,6084.739,6100.384,6031.091,6053.459,249,509
2025-02-07 16:00:00,6053.354,6064.412,6022.864,6030.812,247,500
2025-02-07 20:00:00,6030.556,6031.729,6019.458,6028.778,75,500
2025-02-10 00:00:00,6037.581,6047.831,6035.499,6044.322,237,503
2025-02-10 04:00:00,6044.442,6049.442,6040.328,6042.075,233,509
2025-02-10 08:00:00,6041.563,6056.075,6040.581,6055.316,239,503
2025-02-10 12:00:00,6055.078,6072.328,6045.822,6067.581,240,512
2025-02-10 16:00:00,6067.825,6073.239,6050.371,6067.822,240,505
2025-02-10 20:00:00,6067.579,6070.409,6049.722,6054.715,134,502
2025-02-11 00:00:00,6054.974,6059.015,6046.015,6052.154,237,505
2025-02-11 04:00:00,6051.886,6055.564,6043.072,6043.075,233,519
2025-02-11 08:00:00,6043.211,6054.619,6040.842,6051.402,239,501
2025-02-11 12:00:00,6051.664,6070.722,6036.148,6065.385,240,510
2025-02-11 16:00:00,6065.123,6076.538,6048.806,6071.971,240,502
2025-02-11 20:00:00,6072.218,6074.479,6063.392,6069.641,135,501
2025-02-12 00:00:00,6069.376,6073.628,6064.895,6065.386,238,500
2025-02-12 04:00:00,6065.272,6066.719,6062.596,6066.434,232,519
2025-02-12 08:00:00,6066.915,6069.459,6052.793,6063.118,240,516
2025-02-12 12:00:00,6063.419,6074.354,5998.492,6042.135,240,499
2025-02-12 16:00:00,6042.373,6063.069,6019.375,6056.309,240,502
2025-02-12 20:00:00,6056.502,6064.975,6043.282,6063.475,134,502
2025-02-13 00:00:00,6063.336,6067.779,6059.213,6065.966,238,502
2025-02-13 04:00:00,6066.216,6069.279,6054.228,6056.478,238,499
2025-02-13 08:00:00,6056.222,6057.213,6032.972,6049.981,240,500
2025-02-13 12:00:00,6050.092,6093.081,6042.598,6089.089,240,504
2025-02-13 16:00:00,6089.291,6110.261,6067.591,6106.164,240,502
2025-02-13 20:00:00,6106.035,6117.672,6105.285,6114.416,135,502
2025-02-14 00:00:00,6114.729,6125.419,6112.416,6123.916,235,504
2025-02-14 04:00:00,6123.666,6127.422,6119.428,6123.675,223,512
2025-02-14 08:00:00,6123.479,6123.931,6101.916,6105.181,240,503
2025-02-14 12:00:00,6105.416,6126.014,6104.681,6121.969,240,504
2025-02-14 16:00:00,6121.792,6125.023,6107.172,6118.519,240,504
2025-02-14 20:00:00,6118.022,6118.929,6109.563,6114.063,75,503
2025-02-17 00:00:00,6115.128,6123.128,6113.799,6122.929,218,500
2025-02-17 04:00:00,6122.631,6127.131,6119.881,6120.179,210,512
2025-02-17 08:00:00,6120.239,6126.384,6118.863,6122.992,225,504
2025-02-17 12:00:00,6123.239,6127.929,6117.116,6122.116,231,504
2025-02-17 16:00:00,6122.372,6127.679,6121.372,6126.128,112,499
2025-02-17 20:00:00,6125.379,6126.549,6117.863,6122.128,59,523
2025-02-18 00:00:00,6121.989,6126.613,6119.869,6126.375,222,508
2025-02-18 04:00:00,6126.619,6137.875,6123.863,6137.125,200,507
2025-02-18 08:00:00,6137.004,6137.179,6125.429,6132.878,240,504
2025-02-18 12:00:00,6132.754,6138.375,6108.369,6121.372,239,501
2025-02-18 16:00:00,6121.179,6123.935,6099.071,6114.045,240,504
2025-02-18 20:00:00,6114.292,6133.134,6111.463,6131.384,134,502
2025-02-19 00:00:00,6131.179,6138.631,6130.248,6137.881,231,506
2025-02-19 04:00:00,6138.134,6138.134,6131.881,6131.881,217,509
2025-02-19 08:00:00,6132.233,6136.128,6116.881,6120.872,239,509
2025-02-19 12:00:00,6120.733,6127.622,6110.879,6116.928,240,501
2025-02-19 16:00:00,6117.169,6147.406,6116.934,6146.268,240,509
2025-02-19 20:00:00,6146.013,6146.319,6133.319,6136.519,135,501
2025-02-20 00:00:00,6136.263,6138.763,6126.778,6128.534,236,506
2025-02-20 04:00:00,6128.272,6128.528,6123.266,6124.031,230,513
2025-02-20 08:00:00,6124.281,6136.281,6123.766,6125.528,236,503
2025-02-20 12:00:00,6125.778,6131.829,6084.266,6087.859,240,507
2025-02-20 16:00:00,6088.064,6115.504,6085.252,6113.059,240,503
2025-02-20 20:00:00,6113.258,6122.929,6106.906,6120.616,135,499
2025-02-21 00:00:00,6120.239,6122.625,6115.616,6116.429,236,502
2025-02-21 04:00:00,6116.622,6120.634,6111.634,6115.378,227,510
2025-02-21 08:00:00,6115.929,6122.179,6110.613,6119.884,237,500
2025-02-21 12:00:00,6119.628,6125.634,6071.579,6082.159,240,503
2025-02-21 16:00:00,6082.286,6088.792,6008.555,6013.879,240,501
2025-02-21 20:00:00,6013.696,6022.749,6008.619,6016.334,75,504
2025-02-24 00:00:00,6034.881,6043.372,6031.613,6043.116,239,498
2025-02-24 04:00:00,6043.429,6047.628,6035.122,6039.236,234,501
2025-02-24 08:00:00,6039.363,6051.679,6025.863,6045.878,240,501
2025-02-24 12:00:00,6045.634,6046.628,5977.796,5989.995,240,506
2025-02-24 16:00:00,5990.226,6031.983,5987.752,6011.445,240,503
2025-02-24 20:00:00,6011.695,6013.844,5979.812,5983.679,135,501
2025-02-25 00:00:00,5983.869,6000.372,5983.616,5995.625,240,509
2025-02-25 04:00:00,5995.736,5998.179,5966.863,5967.128,235,500
2025-02-25 08:00:00,5966.872,5989.125,5962.375,5981.113,240,502
2025-02-25 12:00:00,5981.372,5995.375,5918.125,5935.671,240,503
2025-02-25 16:00:00,5936.403,5974.588,5908.392,5965.572,240,502
2025-02-25 20:00:00,5965.699,5979.859,5949.188,5971.113,135,502
2025-02-26 00:00:00,5970.869,5978.179,5963.619,5973.872,240,498
2025-02-26 04:00:00,5973.634,5981.119,5972.616,5978.613,229,501
2025-02-26 08:00:00,5978.504,5988.634,5975.619,5981.378,239,502
2025-02-26 12:00:00,5981.116,6005.929,5963.866,6002.208,240,503
2025-02-26 16:00:00,6002.455,6009.479,5931.726,5941.225,240,500
2025-02-26 20:00:00,5941.478,5971.029,5938.186,5965.475,135,500
2025-02-27 00:00:00,5965.234,5969.228,5948.219,5960.279,239,505
2025-02-27 04:00:00,5960.481,5989.981,5957.478,5981.484,240,502
2025-02-27 08:00:00,5981.345,5997.984,5977.234,5997.984,240,501
2025-02-27 12:00:00,5997.851,6001.478,5918.731,5948.219,241,505
2025-02-27 16:00:00,5948.728,5975.978,5896.469,5905.981,240,500
2025-02-27 20:00:00,5906.225,5906.719,5860.216,5875.381,135,502
2025-02-28 00:00:00,5875.131,5877.381,5846.501,5854.128,240,506
2025-02-28 04:00:00,5854.375,5873.679,5851.369,5871.866,240,503
2025-02-28 08:00:00,5872.131,5888.179,5869.622,5884.363,240,506
2025-02-28 12:00:00,5884.631,5901.655,5844.869,5901.143,241,504
2025-02-28 16:00:00,5901.282,5902.959,5836.683,5893.105,242,503
2025-02-28 20:00:00,5892.978,5959.613,5889.083,5951.875,60,502
2025-03-03 00:00:00,5963.736,5964.929,5936.869,5954.128,240,505
2025-03-03 04:00:00,5953.613,5971.429,5953.613,5960.489,240,508
2025-03-03 08:00:00,5960.384,5978.381,5945.245,5977.622,215,501
2025-03-03 12:00:00,5977.131,5989.616,5919.872,5936.381,244,502
2025-03-03 16:00:00,5936.504,5957.878,5871.881,5872.625,242,502
2025-03-03 20:00:00,5872.881,5872.881,5811.131,5859.328,137,502
2025-03-04 00:00:00,5859.569,5870.313,5848.572,5862.813,240,504
2025-03-04 04:00:00,5863.063,5873.081,5848.313,5851.948,240,514
2025-03-04 08:00:00,5852.066,5867.451,5837.939,5844.816,240,503
2025-03-04 12:00:00,5844.448,5844.448,5732.471,5751.269,302,502
2025-03-04 16:00:00,5751.579,5842.803,5733.491,5840.081,270,502
2025-03-04 20:00:00,5840.202,5865.489,5758.836,5824.454,163,504
2025-03-05 00:00:00,5824.704,5827.334,5798.316,5819.072,240,505
2025-03-05 04:00:00,5818.831,5824.313,5808.192,5812.563,240,502
2025-03-05 08:00:00,5812.692,5834.629,5786.825,5799.951,240,502
2025-03-05 12:00:00,5800.578,5806.915,5760.819,5780.694,309,503
2025-03-05 16:00:00,5780.543,5854.812,5742.079,5842.202,272,502
2025-03-05 20:00:00,5842.069,5860.401,5825.501,5837.013,135,502
2025-03-06 00:00:00,5836.763,5841.829,5830.269,5838.275,240,508
2025-03-06 04:00:00,5838.154,5841.829,5816.034,5816.513,239,505
2025-03-06 08:00:00,5816.269,5822.404,5767.516,5788.639,240,502
2025-03-06 12:00:00,5788.829,5811.694,5745.284,5798.699,259,502
2025-03-06 16:00:00,5799.126,5812.898,5711.649,5720.598,243,509
2025-03-06 20:00:00,5720.474,5762.131,5715.103,5757.122,135,500
2025-03-07 00:00:00,5757.254,5766.881,5748.739,5753.628,234,503
2025-03-07 04:00:00,5753.489,5757.625,5742.363,5754.625,240,517
2025-03-07 08:00:00,5755.119,5765.363,5746.369,5756.869,240,504
2025-03-07 12:00:00,5756.631,5777.995,5693.559,5718.274,261,500
2025-03-07 16:00:00,5717.759,5782.624,5665.346,5761.859,242,503
2025-03-07 20:00:00,5761.606,5783.504,5738.369,5766.334,75,504
2025-03-10 00:00:00,5725.872,5747.679,5719.004,5743.483,240,501
2025-03-10 04:00:00,5743.634,5749.884,5733.995,5735.884,240,503
2025-03-10 08:00:00,5736.498,5740.929,5694.628,5699.113,240,504
2025-03-10 12:00:00,5699.745,5703.878,5638.476,5646.091,277,501
2025-03-10 16:00:00,5645.714,5659.049,5563.643,5615.749,289,502
2025-03-10 20:00:00,5616.331,5618.886,5577.486,5595.378,135,603
2025-03-11 00:00:00,5595.549,5629.628,5551.366,5617.369,240,507
2025-03-11 04:00:00,5616.995,5632.128,5609.242,5626.622,240,503
2025-03-11 08:00:00,5626.486,5644.131,5619.989,5644.113,240,503
2025-03-11 12:00:00,5643.628,5644.619,5548.251,5580.439,364,503
2025-03-11 16:00:00,5579.885,5636.649,5528.284,5569.149,288,502
2025-03-11 20:00:00,5569.215,5588.736,5566.216,5587.625,135,601
2025-03-12 00:00:00,5587.754,5592.869,5579.375,5583.122,240,500
2025-03-12 04:00:00,5583.299,5591.884,5571.869,5590.378,240,500
2025-03-12 08:00:00,5590.625,5621.184,5579.913,5615.678,240,503
2025-03-12 12:00:00,5615.419,5668.286,5544.759,5599.168,247,764
2025-03-12 16:00:00,5599.035,5627.371,5586.403,5597.189,240,501
2025-03-12 20:00:00,5597.391,5616.395,5590.525,5615.781,135,601
2025-03-13 00:00:00,5615.516,5618.028,5581.513,5583.579,240,503
2025-03-13 04:00:00,5583.449,5588.278,5558.699,5562.031,240,507
2025-03-13 08:00:00,5562.329,5604.778,5554.636,5585.949,240,501
2025-03-13 12:00:00,5585.284,5598.768,5530.991,5532.148,260,629
2025-03-13 16:00:00,5532.449,5553.338,5503.843,5522.048,251,504
2025-03-13 20:00:00,5521.931,5554.001,5521.804,5548.748,135,604
2025-03-14 00:00:00,5548.872,5567.875,5543.131,5565.875,240,503
2025-03-14 04:00:00,5565.631,5568.872,5549.863,5553.866,240,500
2025-03-14 08:00:00,5553.179,5575.929,5549.679,5572.429,240,503
2025-03-14 12:00:00,5572.634,5631.176,5564.251,5627.992,245,504
2025-03-14 16:00:00,5628.118,5644.914,5606.543,5634.413,240,504
2025-03-14 20:00:00,5634.849,5634.849,5621.819,5622.629,15,599
2025-03-17 00:00:00,5605.334,5614.629,5603.069,5606.334,240,503
2025-03-17 04:00:00,5605.936,5609.831,5596.066,5605.822,240,499
2025-03-17 08:00:00,5606.379,5631.578,5600.075,5621.322,240,500
2025-03-17 12:00:00,5621.451,5670.572,5612.695,5644.409,241,668
2025-03-17 16:00:00,5644.653,5703.654,5639.139,5676.475,240,501
2025-03-17 20:00:00,5676.836,5683.079,5669.928,5676.784,135,600
2025-03-18 00:00:00,5676.534,5678.383,5656.778,5657.775,240,503
2025-03-18 04:00:00,5657.525,5668.449,5652.775,5665.769,238,507
2025-03-18 08:00:00,5665.579,5680.766,5650.522,5667.329,240,501
2025-03-18 12:00:00,5667.013,5667.699,5596.993,5601.915,241,501
2025-03-18 16:00:00,5602.219,5627.672,5599.116,5615.479,240,501
2025-03-18 20:00:00,5615.858,5623.663,5607.004,5618.616,135,607
2025-03-19 00:00:00,5618.869,5635.736,5617.748,5626.998,240,512
2025-03-19 04:00:00,5626.929,5627.634,5603.872,5608.179,239,504
2025-03-19 08:00:00,5608.049,5634.634,5607.625,5630.745,240,502
2025-03-19 12:00:00,5630.613,5669.191,5621.625,5664.069,240,502
2025-03-19 16:00:00,5663.945,5715.781,5629.819,5675.696,244,502
2025-03-19 20:00:00,5675.954,5694.378,5675.873,5693.634,135,602
2025-03-20 00:00:00,5693.751,5705.745,5689.884,5702.875,238,501
2025-03-20 04:00:00,5702.628,5704.429,5694.622,5695.504,235,515
2025-03-20 08:00:00,5695.748,5703.881,5629.049,5656.739,240,505
2025-03-20 12:00:00,5656.549,5711.578,5630.492,5687.261,240,532
2025-03-20 16:00:00,5687.129,5696.472,5643.042,5662.402,240,501
2025-03-20 20:00:00,5662.279,5668.531,5655.281,5663.329,135,601
2025-03-21 00:00:00,5663.034,5672.528,5661.013,5662.772,239,500
2025-03-21 04:00:00,5662.651,5666.034,5646.763,5651.699,240,505
2025-03-21 08:00:00,5651.389,5660.079,5633.019,5643.263,240,500
2025-03-21 12:00:00,5643.022,5652.019,5600.386,5615.019,242,508
2025-03-21 16:00:00,5614.901,5671.122,5608.034,5663.549,240,503
2025-03-21 20:00:00,5662.863,5669.328,5660.866,5667.563,15,599
2025-03-24 00:00:00,5701.492,5706.125,5699.742,5702.884,236,506
2025-03-24 04:00:00,5702.751,5718.116,5701.125,5714.628,230,501
2025-03-24 08:00:00,5714.366,5735.878,5713.866,5732.631,240,509
2025-03-24 12:00:00,5732.881,5762.606,5724.872,5761.411,240,506
2025-03-24 16:00:00,5761.699,5773.219,5742.926,5761.846,240,501
2025-03-24 20:00:00,5762.149,5766.285,5757.733,5760.179,126,598
2025-03-25 00:00:00,5760.236,5764.628,5754.869,5755.872,232,499
2025-03-25 04:00:00,5755.739,5762.134,5752.884,5754.884,226,507
2025-03-25 08:00:00,5755.378,5777.929,5750.628,5777.134,240,502
2025-03-25 12:00:00,5777.363,5787.204,5760.863,5770.188,240,508
2025-03-25 16:00:00,5770.431,5777.953,5759.956,5776.254,240,503
2025-03-25 20:00:00,5775.999,5785.679,5775.999,5783.384,129,600
2025-03-26 00:00:00,5783.134,5787.378,5773.613,5775.884,234,502
2025-03-26 04:00:00,5776.179,5779.134,5768.116,5774.119,231,502
2025-03-26 08:00:00,5774.369,5781.384,5764.509,5779.375,240,502
2025-03-26 12:00:00,5779.631,5785.239,5725.489,5728.856,240,499
2025-03-26 16:00:00,5728.679,5735.866,5694.348,5709.691,240,503
2025-03-26 20:00:00,5709.423,5711.261,5683.184,5699.113,135,600
2025-03-27 00:00:00,5698.631,5719.869,5696.863,5718.134,240,503
2025-03-27 04:00:00,5718.366,5724.631,5706.128,5707.179,237,515
2025-03-27 08:00:00,5707.242,5721.634,5694.866,5709.366,240,502
2025-03-27 12:00:00,5708.875,5731.619,5671.989,5701.972,240,519
2025-03-27 16:00:00,5701.789,5722.364,5686.106,5692.431,240,501
2025-03-27 20:00:00,5692.672,5698.081,5685.316,5689.325,135,606
2025-03-28 00:00:00,5689.689,5698.828,5681.954,5698.322,240,506
2025-03-28 04:00:00,5698.445,5701.379,5665.183,5665.936,236,502
2025-03-28 08:00:00,5665.834,5693.081,5665.683,5686.448,240,501
2025-03-28 12:00:00,5685.584,5688.578,5599.043,5601.259,241,502
2025-03-28 16:00:00,5601.019,5609.588,5572.243,5578.863,240,504
2025-03-28 20:00:00,5579.384,5579.384,5566.563,5568.879,15,600
2025-03-31 00:00:00,5547.929,5548.866,5529.613,5534.881,240,503
2025-03-31 04:00:00,5534.622,5546.929,5528.116,5542.754,240,502
2025-03-31 08:00:00,5542.869,5546.631,5507.369,5518.128,240,506
2025-03-31 12:00:00,5518.251,5562.039,5489.134,5554.171,240,512
2025-03-31 16:00:00,5554.042,5627.633,5540.433,5613.082,242,503
2025-03-31 20:00:00,5612.594,5613.319,5583.119,5592.733,135,600
2025-04-01 00:00:00,5592.884,5598.998,5576.628,5590.872,240,501
2025-04-01 04:00:00,5590.739,5618.429,5585.372,5597.372,240,504
2025-04-01 08:00:00,5597.251,5620.679,5575.363,5583.881,240,504
2025-04-01 12:00:00,5583.754,5640.404,5557.619,5637.144,242,506
2025-04-01 16:00:00,5637.382,5650.946,5583.001,5631.828,240,501
2025-04-01 20:00:00,5631.588,5651.631,5628.998,5639.863,135,603
2025-04-02 00:00:00,5640.179,5640.378,5619.863,5622.869,238,504
2025-04-02 04:00:00,5622.679,5628.998,5613.619,5616.634,238,505
2025-04-02 08:00:00,5616.866,5623.375,5590.929,5592.125,240,500
2025-04-02 12:00:00,5592.299,5658.864,5568.116,5644.559,240,504
2025-04-02 16:00:00,5644.306,5695.554,5630.925,5667.049,240,508
2025-04-02 20:00:00,5666.499,5717.169,5439.483,5468.995,135,611
2025-04-03 00:00:00,5469.483,5520.875,5469.134,5511.625,240,523
2025-04-03 04:00:00,5511.739,5520.929,5482.292,5501.375,240,511
2025-04-03 08:00:00,5501.125,5514.992,5462.419,5478.498,240,505
2025-04-03 12:00:00,5478.372,5496.878,5415.386,5455.603,272,676
2025-04-03 16:00:00,5455.419,5484.365,5389.749,5397.014,241,501
2025-04-03 20:00:00,5397.742,5399.444,5369.748,5384.616,135,602
2025-04-04 00:00:00,5384.754,5397.125,5352.866,5363.486,240,506
2025-04-04 04:00:00,5363.369,5391.001,5343.001,5361.504,240,501
2025-04-04 08:00:00,5361.254,5370.236,5172.995,5246.622,240,502
2025-04-04 12:00:00,5246.504,5283.929,5118.326,5185.713,440,786
2025-04-04 16:00:00,5168.029,5192.728,5069.275,5073.766,474,501
2025-04-04 20:00:00,5074.022,5081.845,5054.213,5070.734,15,601
2025-04-07 00:00:00,4880.025,4960.889,4838.636,4900.886,240,741
2025-04-07 04:00:00,4901.395,4933.639,4808.329,4845.898,240,535
2025-04-07 08:00:00,4845.699,5006.522,4842.889,4952.145,240,567
2025-04-07 12:00:00,4952.519,5251.513,4833.781,5012.022,419,633
2025-04-07 16:00:00,5012.266,5122.176,4963.898,5063.766,440,502
2025-04-07 20:00:00,5063.291,5122.754,5057.333,5114.742,133,611
2025-04-08 00:00:00,5114.504,5152.866,5092.739,5136.863,236,541
2025-04-08 04:00:00,5137.001,5156.879,5107.619,5153.175,240,528
2025-04-08 08:00:00,5153.413,5204.299,5118.049,5201.498,240,506
2025-04-08 12:00:00,5201.001,5270.504,5158.182,5186.001,358,514
2025-04-08 16:00:00,5184.274,5191.304,4909.649,4983.795,418,506
2025-04-08 20:00:00,4984.174,5004.602,4895.486,4924.492,135,615
2025-04-09 00:00:00,4924.429,4967.242,4883.254,4894.501,240,550
2025-04-09 04:00:00,4894.989,5022.245,4842.998,5002.501,240,688
2025-04-09 08:00:00,5001.998,5017.869,4870.486,4894.049,240,609
2025-04-09 12:00:00,4894.004,5054.748,4877.251,4977.048,362,740
2025-04-09 16:00:00,4977.418,5481.986,4965.279,5445.544,304,520
2025-04-09 20:00:00,5446.263,5491.486,5443.028,5477.233,135,663
2025-04-10 00:00:00,5476.869,5480.625,5407.239,5418.381,240,525
2025-04-10 04:00:00,5417.748,5450.498,5353.495,5363.983,240,515
2025-04-10 08:00:00,5363.486,5389.616,5322.248,5368.992,240,547
2025-04-10 12:00:00,5368.929,5387.495,5196.363,5203.076,363,830
2025-04-10 16:00:00,5202.835,5314.652,5113.029,5263.948,523,519
2025-04-10 20:00:00,5263.335,5295.504,5230.119,5240.299,135,605
2025-04-11 00:00:00,5239.748,5280.049,5172.489,5266.245,240,665
2025-04-11 04:00:00,5266.486,5344.504,5259.992,5280.483,240,611
2025-04-11 08:00:00,5281.049,5324.248,5223.742,5286.989,240,724
2025-04-11 12:00:00,5286.736,5315.119,5219.199,5287.084,368,836
2025-04-11 16:00:00,5286.949,5382.154,5278.079,5356.625,288,502
2025-04-11 20:00:00,5356.378,5363.084,5352.872,5362.813,15,605
2025-04-14 00:00:00,5395.748,5411.049,5381.248,5403.875,240,573
2025-04-14 04:00:00,5404.004,5435.131,5401.254,5432.751,240,504
2025-04-14 08:00:00,5432.498,5447.995,5410.869,5418.483,240,503
2025-04-14 12:00:00,5418.366,5463.613,5370.574,5375.039,287,505
2025-04-14 16:00:00,5375.171,5443.952,5356.681,5407.938,253,506
2025-04-14 20:00:00,5408.369,5413.409,5378.989,5387.113,135,600
2025-04-15 00:00:00,5386.881,5407.742,5386.881,5402.799,240,508
2025-04-15 04:00:00,5402.863,5429.134,5393.236,5424.736,240,508
2025-04-15 08:00:00,5425.179,5426.501,5385.125,5390.998,240,511
2025-04-15 12:00:00,5391.125,5450.628,5378.869,5427.929,263,610
2025-04-15 16:00:00,5427.679,5434.029,5385.649,5394.324,240,501
2025-04-15 20:00:00,5395.543,5400.502,5341.983,5353.134,135,606
2025-04-16 00:00:00,5352.863,5357.501,5334.375,5346.116,240,505
2025-04-16 04:00:00,5345.992,5346.872,5306.863,5311.622,240,510
2025-04-16 08:00:00,5312.613,5391.504,5309.369,5354.131,240,510
2025-04-16 12:00:00,5353.634,5368.342,5312.986,5334.779,249,645
2025-04-16 16:00:00,5335.294,5338.359,5220.173,5273.964,261,503
2025-04-16 20:00:00,5274.192,5284.559,5264.125,5278.751,135,603
2025-04-17 00:00:00,5278.613,5316.131,5272.131,5315.179,240,606
2025-04-17 04:00:00,5315.001,5341.625,5312.929,5332.501,240,507
2025-04-17 08:00:00,5332.872,5333.384,5289.366,5300.378,240,502
2025-04-17 12:00:00,5300.242,5327.119,5256.116,5285.131,263,546
2025-04-17 16:00:00,5286.501,5330.134,5275.125,5281.429,253,503
2025-04-17 20:00:00,5281.754,5299.819,5279.325,5290.936,14,616
2025-04-21 00:00:00,5263.936,5274.334,5230.948,5239.316,240,506
2025-04-21 04:00:00,5239.192,5249.081,5223.951,5224.954,240,549
2025-04-21 08:00:00,5225.249,5241.331,5209.683,5216.816,240,506
2025-04-21 12:00:00,5216.629,5233.825,5124.489,5126.333,242,505
2025-04-21 16:00:00,5126.098,5164.404,5100.926,5155.249,240,500
2025-04-21 20:00:00,5155.549,5176.134,5142.625,5176.113,135,605
2025-04-22 00:00:00,5176.372,5194.872,5168.742,5174.733,240,504
2025-04-22 04:00:00,5174.622,5227.233,5171.878,5203.866,240,510
2025-04-22 08:00:00,5204.116,5212.929,5189.878,5193.125,240,502
2025-04-22 12:00:00,5192.986,5282.733,5191.245,5279.131,241,505
2025-04-22 16:00:00,5279.375,5309.584,5233.941,5284.569,246,502
2025-04-22 20:00:00,5284.768,5395.179,5282.482,5383.884,135,607
2025-04-23 00:00:00,5383.613,5385.799,5349.628,5365.869,240,504
2025-04-23 04:00:00,5365.998,5386.122,5359.375,5385.369,240,509
2025-04-23 08:00:00,5385.116,5424.631,5383.679,5403.134,240,508
2025-04-23 12:00:00,5403.251,5470.375,5372.342,5391.239,282,504
2025-04-23 16:00:00,5390.951,5411.894,5355.389,5369.654,242,504
2025-04-23 20:00:00,5369.383,5388.113,5360.616,5383.622,135,602
2025-04-24 00:00:00,5383.733,5392.628,5359.866,5364.613,240,505
2025-04-24 04:00:00,5364.486,5371.113,5340.483,5345.616,240,502
2025-04-24 08:00:00,5345.799,5381.486,5327.236,5359.122,240,506
2025-04-24 12:00:00,5358.983,5456.125,5358.495,5444.845,243,543
2025-04-24 16:00:00,5445.088,5490.015,5439.936,5481.843,241,505
2025-04-24 20:00:00,5481.614,5509.743,5481.614,5500.001,135,623
2025-04-25 00:00:00,5499.881,5514.366,5492.128,5512.134,240,502
2025-04-25 04:00:00,5511.998,5524.375,5494.745,5508.134,240,509
2025-04-25 08:00:00,5508.251,5516.254,5458.375,5470.128,240,510
2025-04-25 12:00:00,5469.881,5496.179,5451.872,5488.236,242,501
2025-04-25 16:00:00,5488.485,5528.461,5485.431,5522.372,241,505
2025-04-25 20:00:00,5522.122,5527.819,5519.313,5527.572,15,605
2025-04-28 00:00:00,5504.742,5507.378,5490.613,5492.113,239,538
2025-04-28 04:00:00,5492.613,5517.679,5490.489,5505.116,240,498
2025-04-28 08:00:00,5505.254,5522.679,5501.492,5517.242,240,501
2025-04-28 12:00:00,5517.631,5552.384,5487.764,5492.263,240,507
2025-04-28 16:00:00,5492.013,5539.639,5467.726,5526.399,240,503
2025-04-28 20:00:00,5526.101,5530.125,5512.363,5529.869,135,608
2025-04-29 00:00:00,5530.049,5548.254,5521.486,5537.131,240,501
2025-04-29 04:00:00,5537.299,5548.372,5527.116,5545.116,240,504
2025-04-29 08:00:00,5545.549,5545.679,5508.245,5525.995,240,513
2025-04-29 12:00:00,5525.881,5550.579,5496.369,5534.781,241,502
2025-04-29 16:00:00,5535.034,5571.811,5522.616,5558.518,240,505
2025-04-29 20:00:00,5558.654,5565.459,5543.316,5546.999,135,606
2025-04-30 00:00:00,5547.069,5551.078,5524.316,5532.581,240,506
2025-04-30 04:00:00,5532.451,5552.204,5530.331,5550.204,240,501
2025-04-30 08:00:00,5549.879,5557.828,5538.442,5541.084,240,505
2025-04-30 12:00:00,5540.828,5542.689,5430.936,5512.072,248,575
2025-04-30 16:00:00,5511.879,5581.561,5488.445,5558.834,246,502
2025-04-30 20:00:00,5558.581,5615.092,5547.375,5610.425,135,625
2025-05-01 00:00:00,5610.663,5623.928,5609.283,5623.413,240,604
2025-05-01 04:00:00,5623.533,5628.931,5611.101,5620.731,240,602
2025-05-01 08:00:00,5620.219,5638.279,5613.583,5630.734,240,505
2025-05-01 12:00:00,5630.469,5658.795,5603.583,5621.761,247,547
2025-05-01 16:00:00,5621.499,5644.201,5595.196,5601.419,240,501
2025-05-01 20:00:00,5601.302,5614.416,5578.311,5589.989,135,604
2025-05-02 00:00:00,5590.375,5650.866,5583.751,5645.872,240,504
2025-05-02 04:00:00,5646.122,5652.128,5625.119,5626.733,240,521
2025-05-02 08:00:00,5626.429,5635.384,5611.748,5621.634,240,503
2025-05-02 12:00:00,5621.495,5681.679,5619.619,5679.436,240,670
2025-05-02 16:00:00,5679.691,5700.809,5677.493,5682.628,241,508
2025-05-02 20:00:00,5683.116,5691.379,5681.819,5688.328,15,600
2025-05-05 00:00:00,5656.251,5660.884,5638.363,5648.122,240,502
2025-05-05 04:00:00,5648.004,5658.251,5640.363,5648.875,240,510
2025-05-05 08:00:00,5648.736,5653.549,5633.128,5638.245,240,503
2025-05-05 12:00:00,5638.631,5670.176,5633.378,5667.271,241,507
2025-05-05 16:00:00,5667.024,5683.991,5647.995,5652.323,240,502
2025-05-05 20:00:00,5652.835,5653.509,5643.992,5645.489,135,599
2025-05-06 00:00:00,5645.363,5650.242,5631.131,5641.884,240,521
2025-05-06 04:00:00,5641.739,5642.679,5619.989,5620.492,238,512
2025-05-06 08:00:00,5620.619,5621.748,5595.631,5604.384,240,500
2025-05-06 12:00:00,5604.679,5636.421,5586.134,5620.581,240,512
2025-05-06 16:00:00,5620.326,5650.531,5600.259,5604.343,240,503
2025-05-06 20:00:00,5605.475,5668.745,5588.983,5651.875,135,599
2025-05-07 00:00:00,5651.745,5661.613,5633.113,5638.884,240,505
2025-05-07 04:00:00,5638.754,5646.125,5626.372,5639.248,240,502
2025-05-07 08:00:00,5639.366,5647.486,5631.622,5639.875,240,501
2025-05-07 12:00:00,5639.613,5640.381,5600.246,5616.033,240,508
2025-05-07 16:00:00,5615.295,5654.869,5577.009,5629.415,264,505
2025-05-07 20:00:00,5629.168,5641.033,5617.501,5626.489,135,602
2025-05-08 00:00:00,5626.631,5678.384,5621.929,5677.363,240,503
2025-05-08 04:00:00,5677.113,5680.884,5663.628,5673.131,240,504
2025-05-08 08:00:00,5672.872,5698.179,5669.989,5681.929,240,507
2025-05-08 12:00:00,5681.992,5712.969,5634.082,5700.836,246,512
2025-05-08 16:00:00,5701.089,5720.329,5662.273,5666.764,240,505
2025-05-08 20:00:00,5666.258,5672.658,5657.179,5660.125,135,601
2025-05-09 00:00:00,5660.378,5676.366,5646.134,5671.429,240,502
2025-05-09 04:00:00,5671.619,5678.884,5664.498,5669.929,240,501
2025-05-09 08:00:00,5669.751,5695.381,5657.483,5677.492,240,501
2025-05-09 12:00:00,5677.113,5691.131,5643.843,5671.508,240,502
2025-05-09 16:00:00,5671.309,5674.509,5644.216,5658.343,240,501
2025-05-09 20:00:00,5658.466,5662.379,5655.063,5659.629,15,604
2025-05-12 00:00:00,5726.769,5741.829,5724.531,5741.034,240,503
2025-05-12 04:00:00,5740.892,5833.281,5739.763,5801.528,240,516
2025-05-12 08:00:00,5801.639,5846.534,5796.034,5827.263,240,504
2025-05-12 12:00:00,5827.034,5842.829,5785.761,5797.479,241,506
2025-05-12 16:00:00,5797.555,5845.814,5795.444,5844.061,240,504
2025-05-12 20:00:00,5844.543,5855.684,5837.084,5837.084,135,599
2025-05-13 00:00:00,5836.819,5837.069,5822.069,5822.499,239,502
2025-05-13 04:00:00,5822.325,5831.334,5816.328,5821.581,240,502
2025-05-13 08:00:00,5822.075,5837.069,5818.325,5836.629,240,504
2025-05-13 12:00:00,5836.954,5900.354,5834.563,5892.624,240,568
2025-05-13 16:00:00,5892.868,5906.819,5882.724,5883.712,240,500
2025-05-13 20:00:00,5883.959,5890.733,5880.189,5888.878,134,598
2025-05-14 00:00:00,5888.679,5889.751,5879.884,5886.631,238,501
2025-05-14 04:00:00,5886.866,5898.679,5884.619,5890.866,240,499
2025-05-14 08:00:00,5890.799,5903.616,5877.619,5896.872,240,503
2025-05-14 12:00:00,5896.616,5906.125,5874.019,5895.955,240,505
2025-05-14 16:00:00,5895.759,5901.704,5871.046,5890.722,240,505
2025-05-14 20:00:00,5890.229,5892.182,5872.613,5876.863,135,599
2025-05-15 00:00:00,5876.613,5883.179,5874.748,5878.116,236,503
2025-05-15 04:00:00,5878.372,5879.372,5858.113,5859.119,235,510
2025-05-15 08:00:00,5858.501,5869.625,5847.179,5864.878,240,501
2025-05-15 12:00:00,5864.363,5908.954,5858.239,5905.443,240,596
2025-05-15 16:00:00,5905.696,5924.619,5897.308,5918.241,240,501
2025-05-15 20:00:00,5917.179,5921.311,5911.381,5916.679,135,598
2025-05-16 00:00:00,5916.742,5920.631,5903.863,5913.866,238,500
2025-05-16 04:00:00,5913.625,5926.381,5908.119,5924.866,235,504
2025-05-16 08:00:00,5924.742,5936.872,5923.863,5935.366,239,503
2025-05-16 12:00:00,5935.125,5938.628,5906.779,5924.496,241,500
2025-05-16 16:00:00,5924.246,5958.745,5923.246,5956.366,240,504
2025-05-16 20:00:00,5956.492,5956.679,5952.566,5954.069,15,606
2025-05-19 00:00:00,5921.679,5921.929,5890.501,5892.998,240,507
2025-05-19 04:00:00,5892.872,5904.245,5883.363,5886.739,240,500
2025-05-19 08:00:00,5886.622,5898.884,5873.875,5896.884,240,505
2025-05-19 12:00:00,5897.049,5950.884,5883.866,5943.936,240,501
2025-05-19 16:00:00,5944.078,5968.636,5942.423,5961.658,240,508
2025-05-19 20:00:00,5962.149,5973.683,5951.412,5969.081,128,603
2025-05-20 00:00:00,5968.939,5972.834,5946.066,5946.828,240,499
2025-05-20 04:00:00,5947.075,5956.129,5937.628,5946.772,240,512
2025-05-20 08:00:00,5947.031,5956.531,5940.763,5952.269,240,502
2025-05-20 12:00:00,5952.079,5955.263,5933.263,5944.959,240,505
2025-05-20 16:00:00,5944.836,5950.759,5908.926,5941.181,240,502
2025-05-20 20:00:00,5940.928,5941.671,5918.692,5937.316,135,602
2025-05-21 00:00:00,5937.454,5940.436,5922.066,5924.822,240,501
2025-05-21 04:00:00,5924.572,5926.078,5905.584,5915.072,240,503
2025-05-21 08:00:00,5915.249,5916.379,5887.563,5913.319,237,504
2025-05-21 12:00:00,5913.072,5935.089,5891.569,5930.068,240,501
2025-05-21 16:00:00,5929.936,5938.572,5830.412,5841.881,257,505
2025-05-21 20:00:00,5841.631,5848.999,5833.843,5844.084,135,602
2025-05-22 00:00:00,5844.578,5857.566,5842.069,5848.584,240,519
2025-05-22 04:00:00,5848.454,5859.819,5844.581,5852.081,239,507
2025-05-22 08:00:00,5851.834,5858.334,5821.563,5821.563,240,501
2025-05-22 12:00:00,5822.704,5863.819,5812.316,5854.495,241,537
2025-05-22 16:00:00,5855.235,5878.219,5837.634,5842.863,240,503
2025-05-22 20:00:00,5842.631,5857.749,5836.066,5845.563,135,602
2025-05-23 00:00:00,5845.749,5853.819,5842.072,5848.379,240,500
2025-05-23 04:00:00,5847.831,5856.313,5827.572,5852.619,238,499
2025-05-23 08:00:00,5852.492,5857.381,5754.384,5761.384,238,504
2025-05-23 12:00:00,5761.748,5808.819,5742.869,5792.305,247,512
2025-05-23 16:00:00,5793.043,5829.959,5786.999,5803.113,240,504
2025-05-23 20:00:00,5803.375,5803.375,5794.325,5798.063,15,601
2025-05-26 00:00:00,5851.498,5864.384,5847.983,5861.616,240,505
2025-05-26 04:00:00,5861.369,5878.549,5856.495,5876.998,240,509
2025-05-26 08:00:00,5877.116,5881.131,5868.113,5875.628,239,500
2025-05-26 12:00:00,5875.736,5879.375,5857.381,5873.619,240,508
2025-05-26 16:00:00,5873.739,5877.504,5870.613,5875.131,59,510
2025-05-26 20:00:00,5866.051,5867.599,5862.163,5865.599,61,476
2025-05-27 00:00:00,5865.428,5868.684,5849.286,5851.551,240,514
2025-05-27 04:00:00,5851.479,5898.931,5850.166,5892.928,239,517
2025-05-27 08:00:00,5892.551,5896.479,5880.925,5887.172,240,502
2025-05-27 12:00:00,5886.804,5902.464,5854.925,5901.029,240,512
2025-05-27 16:00:00,5901.219,5924.515,5900.234,5921.613,240,504
2025-05-27 20:00:00,5921.752,5928.629,5917.955,5924.379,135,602
2025-05-28 00:00:00,5923.698,5925.566,5916.316,5916.831,236,500
2025-05-28 04:00:00,5916.695,5919.879,5910.189,5910.325,235,507
2025-05-28 08:00:00,5910.439,5931.078,5905.581,5926.072,240,503
2025-05-28 12:00:00,5925.689,5939.078,5901.211,5902.186,240,505
2025-05-28 16:00:00,5902.433,5919.511,5881.382,5888.093,241,508
2025-05-28 20:00:00,5888.409,5985.139,5880.326,5979.263,135,602
2025-05-29 00:00:00,5980.398,5993.025,5964.892,5982.022,240,504
2025-05-29 04:00:00,5981.769,5992.772,5973.013,5992.763,240,514
2025-05-29 08:00:00,5993.016,5995.522,5938.763,5939.531,240,504
2025-05-29 12:00:00,5938.781,5947.269,5877.002,5883.218,242,584
2025-05-29 16:00:00,5883.465,5918.089,5872.259,5910.898,241,502
2025-05-29 20:00:00,5911.136,5913.836,5893.489,5893.679,135,607
2025-05-30 00:00:00,5893.863,5902.179,5880.128,5898.878,240,502
2025-05-30 04:00:00,5898.622,5912.131,5891.613,5902.498,240,499
2025-05-30 08:00:00,5902.116,5912.113,5897.125,5903.866,240,502
2025-05-30 12:00:00,5904.004,5910.875,5865.929,5890.882,240,513
2025-05-30 16:00:00,5891.388,5922.239,5843.293,5904.366,243,508
2025-06-02 00:00:00,5887.622,5894.754,5875.369,5875.869,240,507
2025-06-02 04:00:00,5876.131,5881.872,5856.872,5870.113,239,505
2025-06-02 08:00:00,5869.878,5889.179,5865.863,5881.378,240,503
2025-06-02 12:00:00,5881.628,5910.721,5859.977,5908.353,242,504
2025-06-02 16:00:00,5908.236,5938.096,5900.57,5936.846,240,503
2025-06-02 20:00:00,5936.614,5942.349,5920.751,5925.363,135,600
2025-06-03 00:00:00,5925.495,5926.634,5911.113,5915.489,237,503
2025-06-03 04:00:00,5915.366,5918.878,5901.363,5908.619,233,498
2025-06-03 08:00:00,5908.363,5930.375,5899.863,5928.429,240,502
2025-06-03 12:00:00,5928.619,5967.079,5925.233,5966.595,240,501
2025-06-03 16:00:00,5966.399,5981.049,5958.412,5971.542,240,502
2025-06-03 20:00:00,5971.048,5977.878,5966.012,5974.372,134,598
2025-06-04 00:00:00,5974.549,5978.679,5965.381,5967.628,235,502
2025-06-04 04:00:00,5967.116,5979.992,5965.875,5979.628,236,518
2025-06-04 08:00:00,5979.872,5987.366,5978.616,5983.613,240,506
2025-06-04 12:00:00,5983.869,5989.381,5964.872,5978.872,241,504
2025-06-04 16:00:00,5978.628,5989.678,5968.009,5968.841,240,504
2025-06-04 20:00:00,5968.326,5972.134,5964.242,5965.369,134,608
2025-06-05 00:00:00,5965.501,5972.179,5964.366,5967.872,235,504
2025-06-05 04:00:00,5967.679,5985.122,5963.733,5982.125,229,505
2025-06-05 08:00:00,5982.239,5987.869,5968.613,5973.366,240,506
2025-06-05 12:00:00,5973.248,5999.076,5948.863,5997.749,241,508
2025-06-05 16:00:00,5997.448,5999.489,5920.284,5939.209,245,503
2025-06-05 20:00:00,5939.035,5946.449,5923.233,5939.622,135,602
2025-06-06 00:00:00,5939.498,5954.429,5939.498,5952.378,238,502
2025-06-06 04:00:00,5952.504,5967.429,5950.863,5962.878,240,505
2025-06-06 08:00:00,5963.122,5967.128,5955.363,5962.495,240,503
2025-06-06 12:00:00,5962.366,6017.631,5961.866,5996.404,240,595
2025-06-06 16:00:00,5996.645,6013.534,5977.939,5998.972,240,505
2025-06-06 20:00:00,5999.222,6001.716,5996.922,6000.684,15,600
2025-06-09 00:00:00,5995.279,5998.725,5984.463,5988.481,239,504
2025-06-09 04:00:00,5988.333,6003.504,5986.589,6003.381,237,515
2025-06-09 08:00:00,6003.119,6012.381,5998.619,6008.875,240,501
2025-06-09 12:00:00,6009.131,6011.884,5992.878,6007.315,240,507
2025-06-09 16:00:00,6007.068,6021.211,6002.379,6003.922,240,500
2025-06-09 20:00:00,6004.046,6011.234,6000.886,6007.978,131,598
2025-06-10 00:00:00,6007.851,6034.984,6003.463,6029.716,237,504
2025-06-10 04:00:00,6029.981,6030.333,5985.731,5999.222,238,512
2025-06-10 08:00:00,5999.086,6013.589,5990.978,6013.222,240,501
2025-06-10 12:00:00,6013.345,6025.242,5999.621,6021.475,240,506
2025-06-10 16:00:00,6021.159,6043.259,6009.586,6039.204,240,502
2025-06-10 20:00:00,6039.451,6047.239,6027.549,6036.929,135,602
2025-06-11 00:00:00,6036.625,6039.131,6019.619,6024.375,240,501
2025-06-11 04:00:00,6024.233,6029.679,6016.872,6028.366,239,511
2025-06-11 08:00:00,6028.486,6035.884,6020.302,6032.381,239,502
2025-06-11 12:00:00,6032.613,6070.001,6021.739,6044.501,240,765
2025-06-11 16:00:00,6044.751,6053.083,6001.219,6023.199,240,502
2025-06-11 20:00:00,6022.964,6027.679,6010.631,6014.363,135,602
2025-06-12 00:00:00,6014.498,6016.429,5993.277,6004.631,240,504
2025-06-12 04:00:00,6004.799,6016.134,5992.613,5995.179,240,502
2025-06-12 08:00:00,5995.233,6007.128,5983.866,5986.866,240,504
2025-06-12 12:00:00,5986.625,6045.139,5986.619,6033.324,240,525
2025-06-12 16:00:00,6033.571,6045.859,6027.895,6045.796,240,508
2025-06-12 20:00:00,6045.555,6045.564,6010.622,6010.622,134,598
2025-06-13 00:00:00,6011.125,6011.983,5923.929,5957.429,240,537
2025-06-13 04:00:00,5957.619,5973.713,5943.179,5970.469,240,504
2025-06-13 08:00:00,5969.978,5994.225,5964.983,5991.981,240,378
2025-06-13 12:00:00,5991.716,6024.731,5973.759,6020.318,241,381
2025-06-13 16:00:00,6020.074,6026.141,5962.732,5976.688,240,501
2025-06-13 20:00:00,5976.869,5984.559,5973.515,5984.511,15,600
2025-06-16 00:00:00,5983.745,5990.748,5978.634,5982.875,240,501
2025-06-16 04:00:00,5982.634,6012.225,5981.363,6009.992,238,507
2025-06-16 08:00:00,6010.279,6015.992,5997.248,6014.616,240,383
2025-06-16 12:00:00,6015.134,6050.169,6010.372,6037.748,240,588
2025-06-16 16:00:00,6037.986,6043.231,6023.016,6033.608,240,561
2025-06-16 20:00:00,6033.864,6038.788,5995.116,5995.378,134,549
2025-06-17 00:00:00,5995.404,6019.398,5994.119,6011.872,240,602
2025-06-17 04:00:00,6011.889,6017.619,5988.113,5996.134,240,605
2025-06-17 08:00:00,5996.372,6009.628,5987.866,6009.119,240,584
2025-06-17 12:00:00,6008.881,6024.059,5999.134,6013.435,240,591
2025-06-17 16:00:00,6013.681,6022.516,5973.956,5981.544,240,541
2025-06-17 20:00:00,5981.811,5987.759,5961.866,5968.392,135,545
2025-06-18 00:00:00,5968.898,5992.901,5968.628,5984.881,240,586
2025-06-18 04:00:00,5985.179,6000.929,5980.404,5996.134,240,590
2025-06-18 08:00:00,5995.895,6005.929,5978.613,5992.128,240,582
2025-06-18 12:00:00,5991.875,6018.429,5978.616,6003.268,240,591
2025-06-18 16:00:00,6003.229,6015.884,5970.795,5980.985,240,541
2025-06-18 20:00:00,5980.949,5987.881,5972.969,5979.981,135,546
2025-06-19 00:00:00,5980.222,5980.742,5946.504,5971.222,240,600
2025-06-19 04:00:00,5971.004,5974.978,5941.969,5944.981,239,592
2025-06-19 08:00:00,5945.231,5960.489,5944.728,5949.966,240,590
2025-06-19 12:00:00,5949.799,5954.001,5915.254,5920.225,240,586
2025-06-19 16:00:00,5919.998,5932.731,5919.728,5924.029,59,576
2025-06-19 20:00:00,5942.454,5971.184,5940.933,5962.729,120,910
2025-06-20 00:00:00,5962.433,5972.681,5952.928,5966.479,240,596
2025-06-20 04:00:00,5966.249,5976.881,5962.913,5974.179,239,579
2025-06-20 08:00:00,5974.429,5995.619,5958.619,5983.179,240,597
2025-06-20 12:00:00,5983.384,6017.679,5958.288,5970.829,240,599
2025-06-20 16:00:00,5970.513,5982.228,5951.818,5965.266,240,564
2025-06-20 20:00:00,5965.028,5980.634,5963.779,5970.784,15,564
2025-06-23 00:00:00,5948.283,5952.599,5938.528,5951.275,238,594
2025-06-23 04:00:00,5951.531,5979.329,5950.013,5977.542,238,580
2025-06-23 08:00:00,5978.016,5988.579,5952.019,5962.275,240,598
2025-06-23 12:00:00,5962.579,6006.424,5960.025,5981.985,240,584
2025-06-23 16:00:00,5982.216,6028.659,5942.263,6023.953,240,546
2025-06-23 20:00:00,6024.461,6061.125,6019.756,6056.883,135,536
2025-06-24 00:00:00,6056.881,6064.139,6048.389,6060.122,240,635
2025-06-24 04:00:00,6059.881,6091.869,6054.363,6074.363,238,597
2025-06-24 08:00:00,6073.883,6084.179,6063.872,6072.929,240,587
2025-06-24 12:00:00,6072.392,6085.404,6059.385,6081.363,240,579
2025-06-24 16:00:00,6081.621,6101.746,6080.353,6091.083,240,528
2025-06-24 20:00:00,6090.854,6094.616,6085.875,6093.375,132,527
2025-06-25 00:00:00,6093.383,6095.875,6087.639,6090.631,230,590
2025-06-25 04:00:00,6090.395,6097.134,6090.363,6093.639,224,607
2025-06-25 08:00:00,6093.616,6103.929,6088.869,6103.128,234,581
2025-06-25 12:00:00,6102.886,6107.689,6088.241,6092.445,240,591
2025-06-25 16:00:00,6092.211,6097.349,6078.522,6094.753,240,545
2025-06-25 20:00:00,6094.599,6098.929,6089.395,6094.866,134,533
2025-06-26 00:00:00,6094.889,6103.134,6092.869,6100.881,237,584
2025-06-26 04:00:00,6101.154,6114.384,6099.369,6108.375,238,580
2025-06-26 08:00:00,6108.613,6118.875,6108.119,6117.866,240,567
2025-06-26 12:00:00,6117.949,6132.218,6106.136,6128.699,240,599
2025-06-26 16:00:00,6128.458,6146.789,6127.959,6143.249,240,542
2025-06-26 20:00:00,6143.489,6152.866,6136.296,6144.363,135,557
2025-06-27 00:00:00,6144.386,6152.929,6142.616,6150.634,235,586
2025-06-27 04:00:00,6150.884,6163.384,6148.628,6158.866,230,590
2025-06-27 08:00:00,6159.179,6167.622,6156.119,6167.113,239,564
2025-06-27 12:00:00,6167.375,6184.669,6150.866,6182.552,240,624
2025-06-27 16:00:00,6182.071,6187.268,6131.719,6171.119,240,522
2025-06-27 20:00:00,6170.139,6170.881,6164.863,6167.384,15,544
2025-06-30 00:00:00,6186.119,6197.372,6183.884,6196.125,230,574
2025-06-30 04:00:00,6196.142,6203.128,6192.116,6194.634,231,568
2025-06-30 08:00:00,6194.884,6201.679,6192.699,6198.366,235,566
2025-06-30 12:00:00,6198.179,6198.884,6179.378,6187.169,240,565
2025-06-30 16:00:00,6187.479,6214.629,6173.275,6200.242,240,527
2025-06-30 20:00:00,6200.483,6203.944,6192.619,6200.429,132,534
2025-07-01 00:00:00,6201.139,6208.113,6196.872,6197.384,236,605
2025-07-01 04:00:00,6197.199,6200.429,6188.363,6193.878,237,549
2025-07-01 08:00:00,6193.892,6197.369,6186.634,6190.895,239,571
2025-07-01 12:00:00,6190.869,6203.325,6177.366,6191.769,240,574
2025-07-01 16:00:00,6191.974,6210.991,6189.519,6198.279,240,535
2025-07-01 20:00:00,6197.719,6204.913,6193.519,6201.928,133,523
2025-07-02 00:00:00,6202.184,6210.729,6194.931,6209.413,240,566
2025-07-02 04:00:00,6209.195,6220.184,6205.445,6207.183,238,587
2025-07-02 08:00:00,6207.419,6210.229,6195.916,6199.689,240,588
2025-07-02 12:00:00,6199.678,6217.491,6185.672,6215.779,240,577
2025-07-02 16:00:00,6215.526,6227.155,6211.602,6225.918,240,531
2025-07-02 20:00:00,6226.418,6229.381,6223.619,6228.119,126,526
2025-07-03 00:00:00,6227.866,6234.122,6221.116,6229.363,236,573
2025-07-03 04:00:00,6229.386,6236.529,6228.133,6232.234,236,577
2025-07-03 08:00:00,6232.466,6233.734,6224.213,6232.216,240,568
2025-07-03 12:00:00,6231.975,6282.674,6230.219,6280.952,240,640
2025-07-03 16:00:00,6280.693,6284.649,6270.505,6278.454,59,533
2025-07-03 20:00:00,6276.869,6276.869,6267.654,6269.929,119,810
2025-07-04 00:00:00,6269.648,6272.929,6261.892,6262.881,237,589
2025-07-04 04:00:00,6262.898,6264.119,6242.148,6242.616,238,584
2025-07-04 08:00:00,6242.392,6247.378,6228.369,6237.145,240,585
2025-07-04 12:00:00,6237.375,6244.429,6231.372,6241.369,240,584
2025-07-04 16:00:00,6241.199,6241.929,6234.401,6235.134,59,595
2025-07-07 00:00:00,6253.404,6258.116,6243.616,6254.122,240,586
2025-07-07 04:00:00,6253.901,6258.134,6243.616,6250.363,238,599
2025-07-07 08:00:00,6249.884,6263.929,6244.884,6263.381,240,576
2025-07-07 12:00:00,6262.866,6267.625,6233.906,6239.032,240,555
2025-07-07 16:00:00,6239.279,6244.492,6200.545,6229.712,240,568
2025-07-07 20:00:00,6229.465,6230.019,6209.366,6223.113,135,557
2025-07-08 00:00:00,6222.866,6234.679,6218.369,6230.866,237,579
2025-07-08 04:00:00,6230.633,6243.929,6229.863,6241.631,238,609
2025-07-08 08:00:00,6241.875,6241.875,6228.449,6237.131,240,590
2025-07-08 12:00:00,6236.131,6238.929,6217.049,6232.508,240,565
2025-07-08 16:00:00,6232.758,6242.799,6220.048,6224.571,240,543
2025-07-08 20:00:00,6224.345,6231.134,6223.066,6225.122,128,541
2025-07-09 00:00:00,6224.616,6225.384,6214.648,6219.654,238,579
2025-07-09 04:00:00,6219.679,6228.869,6215.133,6226.628,240,574
2025-07-09 08:00:00,6226.389,6241.384,6224.116,6239.131,240,578
2025-07-09 12:00:00,6238.883,6269.929,6231.053,6241.185,240,565
2025-07-09 16:00:00,6240.935,6263.694,6237.363,6261.509,240,545
2025-07-09 20:00:00,6261.259,6266.379,6257.319,6257.834,129,547
2025-07-10 00:00:00,6257.586,6257.819,6246.063,6247.319,235,575
2025-07-10 04:00:00,6247.104,6249.879,6242.078,6248.379,239,576
2025-07-10 08:00:00,6248.581,6265.629,6247.336,6263.566,239,586
2025-07-10 12:00:00,6263.129,6279.288,6250.569,6278.365,240,592
2025-07-10 16:00:00,6278.131,6289.933,6271.405,6279.735,240,526
2025-07-10 20:00:00,6279.299,6287.134,6274.309,6286.384,129,536
2025-07-11 00:00:00,6286.386,6286.429,6241.125,6265.878,239,576
2025-07-11 04:00:00,6265.616,6268.199,6246.863,6247.631,238,591
2025-07-11 08:00:00,6247.381,6251.631,6233.616,6247.369,240,588
2025-07-11 12:00:00,6247.113,6267.732,6235.366,6258.999,240,577
2025-07-11 16:00:00,6259.189,6269.291,6252.299,6257.179,240,535
2025-07-11 20:00:00,6256.892,6257.631,6254.363,6254.866,15,535
2025-07-14 00:00:00,6233.884,6236.381,6226.619,6231.381,237,589
2025-07-14 04:00:00,6231.389,6235.895,6217.898,6235.119,237,550
2025-07-14 08:00:00,6234.895,6243.622,6231.363,6239.875,240,606
2025-07-14 12:00:00,6239.429,6265.119,6237.875,6260.816,240,585
2025-07-14 16:00:00,6260.602,6273.078,6257.749,6268.529,240,527
2025-07-14 20:00:00,6268.769,6269.955,6259.063,6262.069,133,533
2025-07-15 00:00:00,6262.322,6293.813,6259.313,6275.379,239,582
2025-07-15 04:00:00,6275.336,6291.569,6274.328,6287.629,240,565
2025-07-15 08:00:00,6287.828,6299.566,6284.083,6291.879,238,587
2025-07-15 12:00:00,6292.069,6300.879,6258.918,6268.969,240,644
2025-07-15 16:00:00,6269.165,6270.622,6240.961,6241.714,240,544
2025-07-15 20:00:00,6241.488,6243.444,6224.375,6232.113,135,540
2025-07-16 00:00:00,6232.133,6237.622,6225.863,6232.866,240,578
2025-07-16 04:00:00,6233.119,6238.949,6217.134,6231.372,239,575
2025-07-16 08:00:00,6231.679,6243.179,6229.872,6243.131,238,576
2025-07-16 12:00:00,6243.375,6261.628,6201.141,6239.842,239,588
2025-07-16 16:00:00,6239.583,6267.649,6230.948,6262.526,240,563
2025-07-16 20:00:00,6262.285,6262.781,6251.563,6253.316,134,545
2025-07-17 00:00:00,6253.629,6258.081,6248.575,6252.834,237,576
2025-07-17 04:00:00,6252.592,6271.831,6250.822,6264.325,235,600
2025-07-17 08:00:00,6264.345,6271.379,6257.575,6259.316,240,575
2025-07-17 12:00:00,6259.084,6293.515,6257.816,6293.019,240,696
2025-07-17 16:00:00,6292.769,6304.831,6286.106,6301.278,240,544
2025-07-17 20:00:00,6301.019,6311.384,6297.808,6309.875,133,549
2025-07-18 00:00:00,6309.619,6313.375,6305.654,6310.866,233,566
2025-07-18 04:00:00,6310.631,6317.616,6305.869,6306.866,236,564
2025-07-18 08:00:00,6306.639,6311.179,6300.179,6303.875,236,584
2025-07-18 12:00:00,6304.131,6314.116,6289.506,6301.283,240,582
2025-07-18 16:00:00,6301.539,6301.785,6284.843,6295.878,240,543
2025-07-18 20:00:00,6296.122,6296.884,6294.375,6295.369,15,526
2025-07-21 00:00:00,6304.633,6306.929,6300.613,6301.613,225,564
2025-07-21 04:00:00,6301.872,6313.369,6301.366,6311.131,219,545
2025-07-21 08:00:00,6310.898,6316.179,6309.878,6310.866,230,560
2025-07-21 12:00:00,6310.639,6336.174,6301.651,6332.426,237,554
2025-07-21 16:00:00,6332.413,6335.939,6303.832,6307.943,240,522
2025-07-21 20:00:00,6307.699,6312.679,6306.456,6311.363,121,523
2025-07-22 00:00:00,6311.199,6315.429,6307.131,6308.429,228,586
2025-07-22 04:00:00,6308.145,6310.119,6300.113,6302.633,238,583
2025-07-22 08:00:00,6302.622,6309.881,6298.613,6309.616,240,573
2025-07-22 12:00:00,6309.381,6312.679,6282.116,6296.519,240,583
2025-07-22 16:00:00,6296.778,6316.299,6290.392,6308.291,240,531
2025-07-22 20:00:00,6308.544,6326.954,6306.049,6325.678,134,536
2025-07-23 00:00:00,6325.701,6326.729,6312.436,6322.729,237,579
2025-07-23 04:00:00,6322.436,6330.934,6321.166,6325.229,236,578
2025-07-23 08:00:00,6324.936,6337.669,6324.669,6333.419,238,572
2025-07-23 12:00:00,6333.166,6348.469,6317.181,6341.183,240,563
2025-07-23 16:00:00,6340.942,6362.086,6333.696,6361.849,240,566
2025-07-23 20:00:00,6362.336,6368.784,6355.184,6367.829,134,605
2025-07-24 00:00:00,6367.531,6370.534,6363.763,6364.275,232,599
2025-07-24 04:00:00,6364.054,6366.804,6357.513,6359.763,235,604
2025-07-24 08:00:00,6359.522,6370.513,6357.781,6367.763,238,603
2025-07-24 12:00:00,6367.525,6379.274,6355.516,6375.639,240,605
2025-07-24 16:00:00,6375.332,6381.245,6362.672,6364.863,240,535
2025-07-24 20:00:00,6364.628,6377.616,6362.456,6375.866,129,542
2025-07-25 00:00:00,6376.125,6385.872,6375.113,6383.381,227,576
2025-07-25 04:00:00,6383.134,6383.929,6367.363,6369.375,234,563
2025-07-25 08:00:00,6369.154,6374.679,6366.113,6370.131,240,587
2025-07-25 12:00:00,6370.375,6381.468,6366.622,6379.336,240,579
2025-07-25 16:00:00,6379.092,6395.529,6378.106,6390.179,240,523
2025-07-25 20:00:00,6390.155,6390.429,6386.429,6389.679,15,546
2025-07-28 00:00:00,6413.086,6419.129,6411.316,6416.834,231,579
2025-07-28 04:00:00,6416.649,6423.129,6409.825,6412.325,223,600
2025-07-28 08:00:00,6412.069,6412.581,6399.063,6401.322,238,559
2025-07-28 12:00:00,6401.075,6405.822,6382.869,6393.631,240,569
2025-07-28 16:00:00,6393.392,6396.518,6375.086,6388.986,240,536
2025-07-28 20:00:00,6388.745,6395.879,6388.008,6395.063,126,532
2025-07-29 00:00:00,6394.831,6398.584,6390.831,6398.075,228,565
2025-07-29 04:00:00,6398.316,6406.379,6395.825,6404.822,226,565
2025-07-29 08:00:00,6404.569,6409.331,6402.319,6405.316,234,561
2025-07-29 12:00:00,6405.569,6407.089,6366.796,6378.849,240,580
2025-07-29 16:00:00,6378.593,6385.794,6363.603,6372.923,240,536
2025-07-29 20:00:00,6372.685,6377.384,6369.962,6375.381,126,534
2025-07-30 00:00:00,6375.116,6383.122,6374.863,6381.631,226,592
2025-07-30 04:00:00,6381.699,6384.429,6374.386,6381.375,224,577
2025-07-30 08:00:00,6381.116,6385.179,6372.863,6382.429,238,565
2025-07-30 12:00:00,6382.134,6388.325,6370.089,6381.543,240,609
2025-07-30 16:00:00,6381.789,6396.911,6334.702,6365.141,240,534
2025-07-30 20:00:00,6365.629,6414.922,6361.198,6410.431,135,619
2025-07-31 00:00:00,6410.229,6423.979,6407.192,6423.425,232,584
2025-07-31 04:00:00,6423.666,6436.431,6420.163,6433.189,237,579
2025-07-31 08:00:00,6433.181,6434.928,6416.672,6418.928,240,562
2025-07-31 12:00:00,6418.936,6425.931,6370.723,6395.269,240,630
2025-07-31 16:00:00,6395.031,6403.024,6326.703,6338.612,240,542
2025-07-31 20:00:00,6338.644,6356.002,6320.616,6333.128,135,609
2025-08-01 00:00:00,6332.878,6342.375,6316.386,6332.449,240,581
2025-08-01 04:00:00,6332.634,6335.679,6282.386,6292.889,240,585
2025-08-01 08:00:00,6293.128,6296.616,6265.363,6286.378,240,587
2025-08-01 12:00:00,6286.619,6300.613,6213.875,6258.861,240,695
2025-08-01 16:00:00,6258.614,6268.659,6211.913,6235.863,240,542
2025-08-01 20:00:00,6236.699,6240.179,6234.389,6240.179,15,541
2025-08-04 00:00:00,6243.645,6263.134,6242.383,6262.616,240,587
2025-08-04 04:00:00,6262.378,6275.863,6251.863,6268.878,239,572
2025-08-04 08:00:00,6268.633,6282.631,6267.366,6269.119,240,583
2025-08-04 12:00:00,6269.929,6319.831,6267.616,6318.078,240,598
2025-08-04 16:00:00,6318.334,6330.886,6313.059,6329.439,240,531
2025-08-04 20:00:00,6329.472,6344.651,6327.748,6337.429,135,550
2025-08-05 00:00:00,6336.875,6348.869,6333.363,6338.679,240,574
2025-08-05 04:00:00,6338.366,6350.634,6334.116,6335.179,239,573
2025-08-05 08:00:00,6335.154,6347.866,6331.875,6345.122,240,597
2025-08-05 12:00:00,6345.384,6349.929,6288.896,6299.389,240,592
2025-08-05 16:00:00,6298.829,6322.222,6296.746,6298.758,240,546
2025-08-05 20:00:00,6299.252,6302.998,6287.613,6291.134,135,550
2025-08-06 00:00:00,6290.884,6315.679,6290.381,6314.429,240,578
2025-08-06 04:00:00,6314.449,6332.372,6313.875,6331.631,240,573
2025-08-06 08:00:00,6331.369,6332.384,6306.116,6312.886,240,585
2025-08-06 12:00:00,6312.869,6348.448,6300.233,6345.959,240,566
2025-08-06 16:00:00,6345.928,6353.184,6337.383,6345.456,240,539
2025-08-06 20:00:00,6345.245,6362.179,6339.151,6355.128,135,539
2025-08-07 00:00:00,6354.872,6366.116,6352.949,6362.378,240,586
2025-08-07 04:00:00,6362.154,6370.131,6355.122,6369.113,240,594
2025-08-07 08:00:00,6368.892,6401.375,6368.872,6381.131,240,582
2025-08-07 12:00:00,6381.628,6389.384,6332.443,6337.629,240,616
2025-08-07 16:00:00,6337.144,6344.829,6309.599,6342.664,240,542
2025-08-07 20:00:00,6342.408,6358.781,6341.156,6353.019,135,546
2025-08-08 00:00:00,6352.783,6363.781,6350.536,6357.769,236,579
2025-08-08 04:00:00,6357.804,6358.513,6345.272,6352.783,240,604
2025-08-08 08:00:00,6352.781,6365.775,6352.781,6364.769,238,575
2025-08-08 12:00:00,6364.804,6388.699,6352.516,6382.008,240,584
2025-08-08 16:00:00,6381.759,6394.865,6378.904,6389.772,240,537
2025-08-08 20:00:00,6390.025,6401.263,6389.284,6401.263,15,534
2025-08-11 00:00:00,6390.579,6405.281,6390.283,6400.784,235,582
2025-08-11 04:00:00,6400.516,6404.269,6388.516,6390.579,236,569
2025-08-11 08:00:00,6390.269,6401.272,6384.519,6400.275,239,577
2025-08-11 12:00:00,6400.579,6402.534,6383.065,6396.571,240,563
2025-08-11 16:00:00,6396.821,6407.449,6364.191,6376.728,240,532
2025-08-11 20:00:00,6376.529,6378.139,6370.363,6376.116,133,532
2025-08-12 00:00:00,6375.929,6384.128,6374.125,6382.134,235,580
2025-08-12 04:00:00,6381.904,6388.128,6369.616,6385.628,237,601
2025-08-12 08:00:00,6385.878,6386.429,6368.619,6375.429,240,577
2025-08-12 12:00:00,6375.625,6430.494,6374.869,6429.994,240,651
2025-08-12 16:00:00,6429.723,6446.674,6426.255,6444.422,240,530
2025-08-12 20:00:00,6444.925,6449.429,6441.863,6449.131,131,541
2025-08-13 00:00:00,6448.895,6449.878,6438.866,6444.113,236,579
2025-08-13 04:00:00,6444.378,6454.881,6440.878,6453.866,236,550
2025-08-13 08:00:00,6454.125,6462.134,6452.372,6458.878,240,563
2025-08-13 12:00:00,6459.375,6480.179,6448.119,6452.109,240,569
2025-08-13 16:00:00,6451.853,6468.124,6444.522,6466.382,240,531
2025-08-13 20:00:00,6466.632,6470.169,6457.725,6465.228,132,528
2025-08-14 00:00:00,6465.472,6467.228,6459.213,6460.779,236,559
2025-08-14 04:00:00,6460.469,6463.779,6454.966,6462.779,235,586
2025-08-14 08:00:00,6462.466,6469.029,6461.463,6468.719,237,564
2025-08-14 12:00:00,6468.498,6473.029,6430.969,6457.931,240,594
2025-08-14 16:00:00,6458.184,6473.426,6444.046,6466.712,240,541
2025-08-14 20:00:00,6466.484,6472.898,6459.253,6468.929,135,543
2025-08-15 00:00:00,6469.179,6479.929,6465.878,6479.366,238,579
2025-08-15 04:00:00,6479.628,6486.929,6479.378,6483.634,236,556
2025-08-15 08:00:00,6483.378,6485.878,6468.363,6477.863,239,566
2025-08-15 12:00:00,6478.122,6478.679,6441.298,6450.311,240,582
2025-08-15 16:00:00,6450.094,6464.804,6447.029,6450.994,240,536
2025-08-15 20:00:00,6451.473,6451.488,6443.279,6447.775,15,531
2025-08-18 00:00:00,6460.116,6463.884,6459.363,6460.148,213,568
2025-08-18 04:00:00,6460.128,6460.679,6438.875,6445.128,235,557
2025-08-18 08:00:00,6444.863,6447.381,6435.863,6444.378,240,579
2025-08-18 12:00:00,6444.145,6455.309,6438.722,6442.976,240,565
2025-08-18 16:00:00,6442.759,6453.778,6437.381,6448.091,240,534
2025-08-18 20:00:00,6448.328,6457.179,6447.322,6451.119,129,533
2025-08-19 00:00:00,6451.154,6451.372,6439.119,6439.863,239,586
2025-08-19 04:00:00,6439.904,6441.429,6433.866,6440.134,236,595
2025-08-19 08:00:00,6440.372,6448.619,6437.625,6446.881,240,564
2025-08-19 12:00:00,6446.372,6456.128,6419.266,6422.374,240,584
2025-08-19 16:00:00,6422.121,6425.841,6399.696,6412.583,240,540
2025-08-19 20:00:00,6412.841,6418.179,6405.116,6408.134,135,552
2025-08-20 00:00:00,6408.154,6408.429,6390.113,6391.384,240,582
2025-08-20 04:00:00,6391.179,6406.131,6389.875,6400.628,240,593
2025-08-20 08:00:00,6401.113,6409.929,6393.128,6405.122,240,577
2025-08-20 12:00:00,6404.875,6411.375,6343.474,6366.149,240,569
2025-08-20 16:00:00,6366.345,6405.019,6365.358,6395.074,240,539
2025-08-20 20:00:00,6395.824,6398.904,6389.363,6392.372,135,545
2025-08-21 00:00:00,6392.142,6400.134,6382.363,6395.131,239,598
2025-08-21 04:00:00,6394.869,6400.125,6387.904,6394.384,239,583
2025-08-21 08:00:00,6394.179,6397.881,6375.395,6378.889,240,573
2025-08-21 12:00:00,6378.622,6393.613,6356.866,6369.638,240,602
2025-08-21 16:00:00,6369.894,6378.929,6351.788,6369.456,240,537
2025-08-21 20:00:00,6369.706,6381.875,6367.729,6381.372,135,537
2025-08-22 00:00:00,6380.875,6382.395,6368.389,6369.619,240,581
2025-08-22 04:00:00,6369.381,6374.679,6347.131,6373.634,238,572
2025-08-22 08:00:00,6373.363,6389.122,6372.128,6383.116,240,592
2025-08-22 12:00:00,6382.878,6479.136,6382.363,6468.021,239,562
2025-08-22 16:00:00,6468.569,6478.086,6456.846,6466.219,240,537
2025-08-22 20:00:00,6465.986,6469.219,6462.719,6466.722,15,541
2025-08-25 00:00:00,6466.922,6470.729,6454.919,6461.184,239,592
2025-08-25 04:00:00,6460.916,6465.925,6455.413,6457.479,234,592
2025-08-25 08:00:00,6457.169,6459.163,6446.169,6451.672,239,577
2025-08-25 12:00:00,6451.479,6464.569,6444.422,6463.561,240,566
2025-08-25 16:00:00,6463.299,6466.821,6437.431,6438.678,240,526
2025-08-25 20:00:00,6438.934,6447.999,6437.179,6444.413,133,531
2025-08-26 00:00:00,6444.169,6447.729,6415.172,6431.434,240,585
2025-08-26 04:00:00,6431.192,6439.229,6419.663,6426.663,240,592
2025-08-26 08:00:00,6426.692,6437.979,6425.951,6433.675,240,581
2025-08-26 12:00:00,6433.479,6446.284,6427.669,6440.799,240,576
2025-08-26 16:00:00,6440.986,6468.616,6437.431,6465.138,240,545
2025-08-26 20:00:00,6464.629,6473.429,6463.123,6471.119,129,527
2025-08-27 00:00:00,6471.375,6473.884,6468.113,6472.366,219,578
2025-08-27 04:00:00,6472.125,6473.125,6463.363,6467.366,220,568
2025-08-27 08:00:00,6467.179,6472.384,6462.863,6470.869,236,575
2025-08-27 12:00:00,6470.631,6480.591,6457.131,6479.169,240,568
2025-08-27 16:00:00,6478.859,6487.069,6467.245,6479.179,240,532
2025-08-27 20:00:00,6478.625,6480.381,6460.113,6461.679,135,538
2025-08-28 00:00:00,6461.363,6479.625,6456.863,6478.125,238,579
2025-08-28 04:00:00,6477.881,6490.122,6470.622,6490.122,237,568
2025-08-28 08:00:00,6489.886,6492.631,6476.363,6483.128,240,595
2025-08-28 12:00:00,6482.884,6494.134,6466.628,6483.882,240,577
2025-08-28 16:00:00,6483.632,6508.041,6482.889,6502.249,240,527
2025-08-28 20:00:00,6501.962,6505.179,6498.968,6501.866,131,550
2025-08-29 00:00:00,6501.634,6504.381,6497.619,6499.369,226,571
2025-08-29 04:00:00,6499.383,6500.429,6490.613,6490.872,228,574
2025-08-29 08:00:00,6490.651,6492.381,6476.625,6483.381,240,578
2025-08-29 12:00:00,6483.119,6493.366,6443.831,6450.535,240,600
2025-08-29 16:00:00,6450.773,6464.239,6447.194,6462.812,240,537
2025-09-01 00:00:00,6476.883,6480.128,6456.901,6459.113,240,574
2025-09-01 04:00:00,6459.369,6466.679,6448.116,6464.875,240,565
2025-09-01 08:00:00,6464.628,6473.884,6459.113,6461.372,240,575
2025-09-01 12:00:00,6461.131,6472.631,6456.929,6470.866,237,589
2025-09-01 16:00:00,6470.648,6472.619,6467.613,6470.869,57,571
2025-09-01 20:00:00,6470.342,6470.828,6454.334,6458.328,118,689
2025-09-02 00:00:00,6458.569,6464.649,6452.348,6457.104,238,581
2025-09-02 04:00:00,6457.328,6460.879,6416.089,6418.584,239,567
2025-09-02 08:00:00,6418.834,6434.322,6409.334,6410.834,240,583
2025-09-02 12:00:00,6410.325,6411.875,6360.028,6363.319,240,571
2025-09-02 16:00:00,6362.771,6415.803,6361.342,6415.172,240,534
2025-09-02 20:00:00,6414.693,6437.134,6412.676,6424.179,132,546
2025-09-03 00:00:00,6423.642,6424.634,6415.613,6419.148,240,582
2025-09-03 04:00:00,6419.369,6433.131,6414.872,6431.872,236,559
2025-09-03 08:00:00,6431.648,6449.386,6430.372,6438.869,240,578
2025-09-03 12:00:00,6440.625,6453.679,6427.499,6435.273,240,579
2025-09-03 16:00:00,6434.776,6448.406,6415.708,6447.431,240,533
2025-09-03 20:00:00,6447.675,6450.229,6444.395,6445.679,131,526
2025-09-04 00:00:00,6445.404,6461.875,6444.136,6450.134,240,574
2025-09-04 04:00:00,6450.369,6459.375,6448.375,6455.866,239,580
2025-09-04 08:00:00,6455.648,6463.679,6452.613,6455.372,240,565
2025-09-04 12:00:00,6455.634,6476.408,6446.122,6472.829,240,597
2025-09-04 16:00:00,6472.802,6502.159,6469.022,6500.679,240,542
2025-09-04 20:00:00,6500.962,6508.378,6498.183,6506.372,133,544
2025-09-05 00:00:00,6506.616,6511.679,6505.375,6510.866,228,562
2025-09-05 04:00:00,6511.119,6521.628,6510.128,6513.134,227,582
2025-09-05 08:00:00,6512.895,6518.131,6508.113,6508.116,239,582
2025-09-05 12:00:00,6508.628,6532.429,6442.929,6466.378,240,599
2025-09-05 16:00:00,6466.386,6484.389,6456.489,6482.659,240,543
2025-09-05 20:00:00,6482.185,6482.959,6478.653,6479.662,15,536
2025-09-08 00:00:00,6497.154,6499.679,6487.619,6491.679,240,578
2025-09-08 04:00:00,6491.404,6499.381,6485.863,6492.616,238,585
2025-09-08 08:00:00,6492.869,6500.384,6491.133,6493.122,239,569
2025-09-08 12:00:00,6493.375,6508.429,6487.449,6503.863,240,564
2025-09-08 16:00:00,6503.628,6504.125,6482.119,6498.866,240,528
2025-09-08 20:00:00,6499.616,6506.681,6496.878,6502.163,129,531
2025-09-09 00:00:00,6502.419,6507.979,6496.684,6507.419,237,570
2025-09-09 04:00:00,6507.192,6515.925,6500.931,6507.166,233,561
2025-09-09 08:00:00,6507.428,6508.431,6499.669,6506.178,240,571
2025-09-09 12:00:00,6505.999,6507.666,6481.945,6492.376,240,582
2025-09-09 16:00:00,6492.641,6518.174,6491.479,6513.159,240,525
2025-09-09 20:00:00,6513.343,6530.081,6508.596,6522.816,135,546
2025-09-10 00:00:00,6522.595,6530.584,6521.819,6530.316,234,563
2025-09-10 04:00:00,6530.563,6536.629,6528.572,6534.066,226,599
2025-09-10 08:00:00,6533.831,6538.379,6522.563,6536.629,239,570
2025-09-10 12:00:00,6536.319,6557.098,6532.822,6542.679,240,596
2025-09-10 16:00:00,6542.989,6544.309,6515.709,6532.359,240,544
2025-09-10 20:00:00,6532.311,6542.145,6530.134,6539.875,134,534
2025-09-11 00:00:00,6539.625,6541.884,6533.869,6540.366,235,566
2025-09-11 04:00:00,6540.136,6543.634,6531.616,6542.884,239,578
2025-09-11 08:00:00,6543.116,6549.378,6540.378,6547.375,239,562
2025-09-11 12:00:00,6547.179,6587.252,6529.898,6581.886,240,637
2025-09-11 16:00:00,6581.885,6592.903,6578.269,6585.349,240,522
2025-09-11 20:00:00,6585.102,6590.372,6583.606,6588.634,134,533
2025-09-12 00:00:00,6588.395,6589.134,6582.113,6586.372,230,574
2025-09-12 04:00:00,6586.616,6590.179,6579.863,6580.619,230,531
2025-09-12 08:00:00,6580.363,6585.429,6571.863,6585.119,240,581
2025-09-12 12:00:00,6584.895,6594.538,6580.375,6585.822,240,565
2025-09-12 16:00:00,6585.604,6599.945,6578.693,6583.139,240,525
2025-09-12 20:00:00,6583.113,6583.631,6581.113,6582.866,15,532
2025-09-15 00:00:00,6584.125,6589.429,6581.113,6587.866,234,589
2025-09-15 04:00:00,6588.125,6596.628,6587.866,6594.145,229,597
2025-09-15 08:00:00,6594.372,6598.131,6581.866,6597.872,240,580
2025-09-15 12:00:00,6597.179,6618.875,6597.142,6614.536,240,609
2025-09-15 16:00:00,6614.574,6617.759,6601.876,6616.738,240,570
2025-09-15 20:00:00,6617.202,6617.202,6553.863,6615.224,133,545
2025-09-16 00:00:00,6614.992,6622.979,6610.531,6622.456,237,602
2025-09-16 04:00:00,6622.454,6626.571,6620.862,6625.669,234,605
2025-09-16 08:00:00,6625.428,6634.454,6625.208,6627.091,240,606
2025-09-16 12:00:00,6627.323,6627.365,6599.972,6604.614,240,591
2025-09-16 16:00:00,6604.388,6615.222,6602.773,6607.514,240,536
2025-09-16 20:00:00,6607.264,6614.134,6606.729,6612.128,124,527
2025-09-17 00:00:00,6611.949,6614.125,6604.366,6605.125,231,557
2025-09-17 04:00:00,6605.145,6612.634,6602.613,6611.116,229,552
2025-09-17 08:00:00,6610.634,6611.429,6593.384,6602.631,240,556
2025-09-17 12:00:00,6602.863,6615.369,6596.114,6600.428,240,597
2025-09-17 16:00:00,6600.653,6625.698,6550.022,6600.031,240,530
2025-09-17 20:00:00,6599.552,6624.231,6599.552,6622.981,135,560
2025-09-18 00:00:00,6623.213,6631.234,6616.713,6629.992,239,580
2025-09-18 04:00:00,6630.225,6640.478,6619.728,6639.475,239,552
2025-09-18 08:00:00,6639.225,6659.529,6637.751,6649.969,240,569
2025-09-18 12:00:00,6650.219,6657.252,6610.219,6634.249,240,589
2025-09-18 16:00:00,6634.059,6650.539,6627.905,6631.269,240,541
2025-09-18 20:00:00,6631.459,6646.878,6630.232,6644.372,132,557
2025-09-19 00:00:00,6644.383,6647.113,6634.863,6638.884,240,597
2025-09-19 04:00:00,6638.883,6640.679,6620.866,6629.148,240,577
2025-09-19 08:00:00,6629.125,6641.134,6628.375,6640.889,239,593
2025-09-19 12:00:00,6640.622,6653.884,6629.736,6641.966,240,573
2025-09-19 16:00:00,6641.809,6671.278,6641.703,6661.525,240,542
2025-09-19 20:00:00,6661.545,6664.534,6660.016,6661.281,15,579
2025-09-22 00:00:00,6655.398,6660.628,6651.363,6658.866,233,572
2025-09-22 04:00:00,6658.628,6659.134,6635.892,6642.878,239,550
2025-09-22 08:00:00,6642.949,6651.929,6639.872,6644.372,240,569
2025-09-22 12:00:00,6644.122,6679.511,6639.369,6672.129,240,565
2025-09-22 16:00:00,6671.885,6698.674,6671.885,6693.585,240,536
2025-09-22 20:00:00,6693.606,6694.613,6686.979,6693.622,129,538
2025-09-23 00:00:00,6693.881,6695.929,6691.366,6694.179,228,587
2025-09-23 04:00:00,6693.869,6696.631,6689.113,6692.378,237,565
2025-09-23 08:00:00,6692.199,6697.378,6686.881,6693.619,239,594
2025-09-23 12:00:00,6693.878,6698.633,6680.639,6681.139,240,578
2025-09-23 16:00:00,6681.448,6684.145,6644.851,6658.939,240,506
2025-09-23 20:00:00,6658.448,6666.039,6656.036,6661.599,128,700
2025-09-24 00:00:00,6661.233,6662.551,6655.545,6662.039,228,716
2025-09-24 04:00:00,6662.233,6671.599,6659.048,6670.039,227,716
2025-09-24 08:00:00,6669.739,6672.099,6665.242,6669.242,239,708
2025-09-24 12:00:00,6668.754,6672.136,6627.899,6629.345,240,710
2025-09-24 16:00:00,6629.139,6643.645,6621.833,6635.836,240,504
2025-09-24 20:00:00,6636.133,6642.854,6636.133,6642.648,125,719
2025-09-25 00:00:00,6642.399,6649.645,6641.733,6648.839,224,702
2025-09-25 04:00:00,6649.139,6649.648,6628.136,6637.351,226,718
2025-09-25 08:00:00,6637.699,6641.642,6606.833,6608.851,240,701
2025-09-25 12:00:00,6608.654,6619.245,6575.733,6614.439,240,699
2025-09-25 16:00:00,6614.236,6617.299,6568.736,6604.442,240,504
2025-09-25 20:00:00,6605.433,6614.599,6603.833,6605.054,121,701
2025-09-26 00:00:00,6605.299,6610.042,6600.233,6604.042,239,702
2025-09-26 04:00:00,6603.542,6620.545,6599.533,6616.533,239,700
2025-09-26 08:00:00,6616.036,6619.054,6603.039,6612.245,240,705
2025-09-26 12:00:00,6611.736,6649.051,6603.636,6611.642,225,703
2025-09-26 16:00:00,6611.399,6646.651,6609.648,6642.651,240,501
2025-09-26 20:00:00,6642.345,6647.745,6641.799,6647.545,15,706
2025-09-29 00:00:00,6652.248,6663.499,6650.999,6662.799,231,704
2025-09-29 04:00:00,6662.448,6673.248,6661.939,6670.739,232,720
2025-09-29 08:00:00,6670.636,6682.799,6669.942,6675.245,239,710
2025-09-29 12:00:00,6675.439,6682.433,6653.336,6657.854,240,709
2025-09-29 16:00:00,6658.036,6663.399,6643.951,6661.542,240,499
2025-09-29 20:00:00,6662.099,6663.248,6654.851,6658.899,127,696
2025-09-30 00:00:00,6658.548,6664.354,6654.333,6660.954,239,708
2025-09-30 04:00:00,6661.051,6663.051,6641.833,6649.954,240,704
2025-09-30 08:00:00,6649.345,6652.854,6643.336,6648.839,240,705
2025-09-30 12:00:00,6649.345,6661.354,6640.899,6655.145,240,713
2025-09-30 16:00:00,6654.942,6691.454,6642.145,6685.439,240,501
2025-09-30 20:00:00,6685.148,6686.545,6668.736,6671.739,129,708
2025-10-01 00:00:00,6671.942,6673.299,6654.442,6656.742,238,710
2025-10-01 04:00:00,6656.842,6658.939,6628.454,6635.933,236,715
2025-10-01 08:00:00,6635.854,6663.499,6632.445,6662.742,240,713
2025-10-01 12:00:00,6662.433,6697.133,6650.639,6694.633,240,707
2025-10-01 16:00:00,6694.851,6719.151,6688.833,6710.339,240,501
2025-10-01 20:00:00,6710.651,6711.699,6704.733,6709.836,123,714
2025-10-02 00:00:00,6710.145,6722.136,6709.142,6717.845,239,708
2025-10-02 04:00:00,6717.636,6721.654,6714.145,6718.142,237,702
2025-10-02 08:00:00,6718.339,6728.345,6716.054,6727.848,240,700
2025-10-02 12:00:00,6727.651,6732.354,6692.239,6708.239,240,701
2025-10-02 16:00:00,6708.039,6722.099,6700.051,6717.042,240,509
2025-10-02 20:00:00,6717.499,6721.454,6710.648,6721.439,125,714
2025-10-03 00:00:00,6720.942,6732.654,6719.133,6731.933,228,702
2025-10-03 04:00:00,6731.699,6737.654,6729.051,6736.148,224,728
2025-10-03 08:00:00,6735.933,6739.499,6724.133,6726.033,237,707
2025-10-03 12:00:00,6726.451,6750.748,6718.442,6749.548,240,711
2025-10-03 16:00:00,6749.248,6751.548,6705.836,6716.336,240,500
2025-10-03 20:00:00,6716.545,6718.042,6711.733,6713.245,15,706
2025-10-06 00:00:00,6730.239,6737.054,6726.733,6734.742,220,702
2025-10-06 04:00:00,6735.099,6739.099,6723.536,6729.745,234,719
2025-10-06 08:00:00,6729.954,6745.254,6729.745,6739.748,238,708
2025-10-06 12:00:00,6739.639,6745.748,6718.233,6742.033,240,710
2025-10-06 16:00:00,6742.233,6749.048,6737.033,6740.151,240,511
2025-10-06 20:00:00,6740.051,6745.154,6728.639,6730.899,127,700
2025-10-07 00:00:00,6730.699,6734.399,6727.639,6733.351,232,702
2025-10-07 04:00:00,6733.151,6738.342,6728.199,6732.142,236,719
2025-10-07 08:00:00,6732.645,6743.899,6726.342,6743.851,237,701
2025-10-07 12:00:00,6743.345,6754.842,6700.399,6706.099,240,700
2025-10-07 16:00:00,6705.799,6719.136,6700.433,6715.454,240,502
2025-10-07 20:00:00,6715.933,6723.554,6712.099,6712.854,127,701
2025-10-08 00:00:00,6713.033,6725.836,6712.039,6724.842,229,702
2025-10-08 04:00:00,6725.045,6726.099,6712.545,6724.899,230,704
2025-10-08 08:00:00,6724.951,6729.551,6717.833,6727.348,240,710
2025-10-08 12:00:00,6727.048,6753.799,6718.414,6751.845,240,712
2025-10-08 16:00:00,6752.051,6756.148,6745.439,6755.133,240,513
2025-10-08 20:00:00,6754.999,6765.599,6753.048,6762.333,127,706
2025-10-09 00:00:00,6762.099,6762.099,6748.033,6750.845,232,705
2025-10-09 04:00:00,6751.036,6760.854,6750.845,6754.899,230,723
2025-10-09 08:00:00,6754.748,6759.045,6749.054,6753.345,239,705
2025-10-09 12:00:00,6753.533,6762.954,6722.499,6736.242,239,700
2025-10-09 16:00:00,6736.499,6738.945,6715.799,6735.936,240,507
2025-10-09 20:00:00,6735.736,6745.554,6733.139,6745.554,125,704
2025-10-10 00:00:00,6745.654,6749.033,6740.733,6741.951,228,702
2025-10-10 04:00:00,6742.048,6748.742,6735.554,6742.545,238,709
2025-10-10 08:00:00,6742.251,6746.099,6728.739,6744.054,240,715
2025-10-10 12:00:00,6743.742,6762.648,6615.551,6640.899,240,715
2025-10-10 16:00:00,6640.742,6650.042,6549.833,6554.599,240,501
2025-10-10 20:00:00,6555.036,6566.299,6548.948,6564.436,15,699
2025-10-13 00:00:00,6628.548,6644.442,6621.651,6630.948,240,709
2025-10-13 04:00:00,6631.036,6666.151,6629.936,6656.451,240,701
2025-10-13 08:00:00,6656.199,6657.651,6613.148,6627.445,240,703
2025-10-13 12:00:00,6626.445,6657.039,6619.951,6652.533,240,706
2025-10-13 16:00:00,6652.751,6669.251,6639.736,6652.533,240,504
2025-10-13 20:00:00,6652.033,6655.051,6646.733,6650.099,130,709
2025-10-14 00:00:00,6649.539,6677.242,6648.039,6651.739,240,703
2025-10-14 04:00:00,6652.039,6653.051,6582.645,6595.042,240,705
2025-10-14 08:00:00,6594.099,6610.751,6564.536,6598.733,240,700
2025-10-14 12:00:00,6598.551,6652.899,6552.145,6646.199,240,700
2025-10-14 16:00:00,6646.639,6681.148,6624.845,6644.845,240,503
2025-10-14 20:00:00,6644.048,6657.842,6633.533,6648.045,135,699
2025-10-15 00:00:00,6648.345,6664.351,6642.433,6655.842,240,701
2025-10-15 04:00:00,6655.942,6678.554,6655.042,6673.836,240,704
2025-10-15 08:00:00,6673.339,6690.099,6673.248,6688.336,240,704
2025-10-15 12:00:00,6688.048,6725.699,6661.199,6674.499,240,702
2025-10-15 16:00:00,6673.948,6686.699,6610.499,6674.645,240,505
2025-10-15 20:00:00,6674.139,6685.942,6670.048,6674.433,128,698
2025-10-16 00:00:00,6674.545,6676.533,6662.554,6669.299,240,704
2025-10-16 04:00:00,6669.539,6695.539,6668.242,6691.742,240,702
2025-10-16 08:00:00,6692.248,6705.045,6686.048,6699.545,240,702
2025-10-16 12:00:00,6699.248,6710.148,6661.342,6667.639,240,704
2025-10-16 16:00:00,6667.351,6673.354,6593.148,6628.633,240,501
2025-10-16 20:00:00,6628.854,6633.233,6603.545,6613.051,128,700
2025-10-17 00:00:00,6612.045,6624.542,6597.739,6603.599,240,706
2025-10-17 04:00:00,6604.048,6605.233,6533.154,6546.054,240,707
2025-10-17 08:00:00,6547.036,6617.536,6533.099,6614.454,240,704
2025-10-17 12:00:00,6613.539,6658.848,6602.348,6638.899,240,703
2025-10-17 16:00:00,6639.354,6679.651,6627.154,6665.354,240,501
2025-10-17 20:00:00,6665.845,6673.054,6663.242,6672.042,15,698
2025-10-20 00:00:00,6667.751,6686.842,6656.351,6685.354,240,706
2025-10-20 04:00:00,6685.554,6699.654,6684.139,6693.354,240,701
2025-10-20 08:00:00,6693.599,6694.851,6673.842,6686.148,240,701
2025-10-20 12:00:00,6686.236,6736.836,6683.136,6727.851,240,713
2025-10-20 16:00:00,6728.033,6744.454,6724.351,6734.936,240,510
2025-10-20 20:00:00,6734.748,6743.954,6731.342,6739.854,129,705
2025-10-21 00:00:00,6739.351,6746.839,6737.545,6739.536,240,705
2025-10-21 04:00:00,6739.845,6739.899,6726.036,6729.054,239,720
2025-10-21 08:00:00,6729.545,6738.399,6725.239,6738.099,240,708
2025-10-21 12:00:00,6738.354,6749.554,6721.548,6745.036,240,699
2025-10-21 16:00:00,6744.045,6752.348,6729.839,6734.851,240,508
2025-10-21 20:00:00,6735.042,6740.054,6727.254,6732.799,128,699
2025-10-22 00:00:00,6733.051,6742.845,6727.339,6742.354,240,718
2025-10-22 04:00:00,6742.533,6751.836,6738.242,6744.851,240,704
2025-10-22 08:00:00,6744.954,6745.599,6728.548,6732.033,240,705
2025-10-22 12:00:00,6732.354,6744.599,6695.536,6711.554,240,700
2025-10-22 16:00:00,6712.036,6713.599,6653.899,6699.839,240,504
2025-10-22 20:00:00,6700.536,6706.454,6690.039,6690.451,129,703
2025-10-23 00:00:00,6690.051,6713.548,6680.854,6708.554,240,704
2025-10-23 04:00:00,6708.799,6715.051,6701.839,6709.845,240,699
2025-10-23 08:00:00,6710.333,6713.354,6686.948,6689.399,240,706
2025-10-23 12:00:00,6689.036,6729.451,6683.433,6724.699,240,704
2025-10-23 16:00:00,6725.148,6748.899,6723.636,6737.845,240,503
2025-10-23 20:00:00,6737.639,6747.054,6736.742,6745.736,129,701
2025-10-24 00:00:00,6746.399,6753.051,6742.099,6752.851,239,702
2025-10-24 04:00:00,6752.742,6763.051,6750.336,6753.233,239,710
2025-10-24 08:00:00,6753.039,6764.551,6749.033,6762.599,239,702
2025-10-24 12:00:00,6762.736,6805.899,6758.899,6801.136,240,700
2025-10-24 16:00:00,6800.836,6806.199,6789.139,6792.736,240,502
2025-10-24 20:00:00,6792.633,6794.254,6789.299,6790.736,15,707
2025-10-27 00:00:00,6836.451,6846.942,6833.236,6844.236,239,700
2025-10-27 04:00:00,6843.948,6854.751,6842.748,6848.745,233,710
2025-10-27 08:00:00,6848.436,6854.748,6842.445,6845.945,240,705
2025-10-27 12:00:00,6845.739,6858.248,6842.954,6856.539,239,701
2025-10-27 16:00:00,6856.542,6877.736,6854.099,6874.051,239,504
2025-10-27 20:00:00,6874.299,6883.851,6873.145,6877.845,127,704
2025-10-28 00:00:00,6877.642,6878.399,6872.133,6874.848,238,705
2025-10-28 04:00:00,6875.099,6876.354,6869.148,6870.351,240,717
2025-10-28 08:00:00,6870.633,6880.654,6868.342,6879.354,239,701
2025-10-28 12:00:00,6879.545,6894.254,6870.348,6877.842,240,706
2025-10-28 16:00:00,6878.054,6911.554,6877.848,6892.554,240,500
2025-10-28 20:00:00,6892.933,6898.854,6888.442,6895.499,129,702
2025-10-29 00:00:00,6895.645,6907.499,6892.133,6905.648,240,706
2025-10-29 04:00:00,6905.442,6913.199,6900.642,6912.499,236,703
2025-10-29 08:00:00,6912.345,6916.651,6898.442,6910.636,240,702
2025-10-29 12:00:00,6910.199,6919.054,6900.045,6902.499,240,703
2025-10-29 16:00:00,6902.133,6910.633,6851.142,6895.945,240,501
2025-10-29 20:00:00,6895.439,6912.439,6873.248,6890.533,128,701
2025-10-30 00:00:00,6890.736,6921.599,6890.545,6916.042,240,703
2025-10-30 04:00:00,6915.733,6916.751,6869.148,6895.245,240,705
2025-10-30 08:00:00,6895.742,6897.754,6873.736,6889.736,240,702
2025-10-30 12:00:00,6889.945,6893.054,6836.136,6855.845,240,700
2025-10-30 16:00:00,6855.799,6874.151,6820.642,6821.448,240,500
2025-10-30 20:00:00,6821.899,6869.048,6819.054,6868.299,128,700
2025-10-31 00:00:00,6868.542,6874.299,6859.133,6869.745,240,716
2025-10-31 04:00:00,6869.599,6875.754,6862.733,6875.545,240,702
2025-10-31 08:00:00,6875.042,6881.054,6863.039,6877.542,240,709
2025-10-31 12:00:00,6877.299,6888.099,6842.545,6843.233,240,707
2025-10-31 16:00:00,6842.736,6869.599,6813.299,6842.048,240,501
2025-11-03 00:00:00,6862.651,6869.251,6850.939,6855.939,240,708
2025-11-03 04:00:00,6855.733,6858.751,6843.442,6845.839,240,709
2025-11-03 08:00:00,6845.951,6872.739,6843.251,6865.948,240,704
2025-11-03 12:00:00,6866.236,6879.545,6820.051,6845.233,240,700
2025-11-03 16:00:00,6844.933,6863.539,6839.339,6855.139,240,504
2025-11-03 20:00:00,6856.199,6861.642,6845.342,6846.742,135,504
2025-11-04 00:00:00,6846.536,6846.536,6822.842,6823.099,240,705
2025-11-04 04:00:00,6823.339,6825.336,6782.333,6792.099,240,705
2025-11-04 08:00:00,6791.833,6791.951,6756.833,6783.339,240,704
2025-11-04 12:00:00,6783.839,6820.851,6767.648,6802.854,240,700
2025-11-04 16:00:00,6802.599,6809.399,6766.539,6772.533,240,501
2025-11-04 20:00:00,6773.099,6786.533,6765.136,6765.499,135,508
2025-11-05 00:00:00,6764.948,6767.199,6720.848,6767.199,240,701
2025-11-05 04:00:00,6767.354,6773.099,6754.942,6758.636,240,703
2025-11-05 08:00:00,6759.154,6772.999,6743.636,6759.145,240,702
2025-11-05 12:00:00,6757.151,6803.739,6754.199,6799.745,240,702
2025-11-05 16:00:00,6800.048,6830.299,6788.733,6824.099,240,501
2025-11-05 20:00:00,6824.239,6827.054,6792.633,6807.845,135,504
2025-11-06 00:00:00,6808.148,6808.148,6779.036,6796.333,240,702
2025-11-06 04:00:00,6796.236,6800.642,6781.136,6781.648,240,706
2025-11-06 08:00:00,6781.333,6807.148,6777.142,6801.699,240,701
2025-11-06 12:00:00,6801.336,6816.836,6727.645,6728.999,240,703
2025-11-06 16:00:00,6729.433,6757.439,6706.951,6750.299,240,501
2025-11-06 20:00:00,6750.742,6753.951,6715.239,6738.742,135,501
2025-11-07 00:00:00,6738.639,6745.348,6712.845,6718.142,240,708
2025-11-07 04:00:00,6717.848,6742.848,6706.742,6740.648,240,700
2025-11-07 08:00:00,6741.136,6744.354,6689.645,6711.845,240,703
2025-11-07 12:00:00,6711.639,6712.699,6653.036,6653.036,240,703
2025-11-07 16:00:00,6652.842,6719.551,6631.536,6719.099,240,503
2025-11-07 20:00:00,6718.739,6737.851,6698.751,6736.048,75,505
2025-11-10 00:00:00,6760.045,6779.554,6747.542,6774.045,240,704
2025-11-10 04:00:00,6774.233,6782.336,6773.999,6777.836,240,702
2025-11-10 08:00:00,6777.739,6797.848,6771.854,6795.048,240,709
2025-11-10 12:00:00,6794.399,6811.645,6780.639,6781.451,240,700
2025-11-10 16:00:00,6780.954,6836.499,6769.136,6832.636,240,505
2025-11-10 20:00:00,6832.451,6841.636,6830.199,6838.736,135,505
2025-11-11 00:00:00,6838.933,6843.533,6833.733,6838.299,240,702
2025-11-11 04:00:00,6838.039,6838.554,6821.754,6822.554,240,702
2025-11-11 08:00:00,6822.751,6827.554,6816.033,6821.099,240,705
2025-11-11 12:00:00,6821.233,6827.954,6806.633,6810.699,240,705
2025-11-11 16:00:00,6810.933,6853.642,6807.254,6850.842,240,504
2025-11-11 20:00:00,6851.151,6855.554,6842.851,6847.733,135,501
2025-11-12 00:00:00,6847.933,6865.451,6846.945,6858.954,240,703
2025-11-12 04:00:00,6858.742,6874.248,6853.433,6868.442,240,703
2025-11-12 08:00:00,6868.754,6876.754,6859.254,6861.739,240,704
2025-11-12 12:00:00,6861.239,6874.754,6837.448,6842.999,240,704
2025-11-12 16:00:00,6842.448,6860.651,6828.633,6847.145,240,503
2025-11-12 20:00:00,6846.433,6860.154,6828.533,6835.345,135,504
2025-11-13 00:00:00,6835.299,6866.299,6835.254,6860.054,240,707
2025-11-13 04:00:00,6859.845,6869.351,6857.833,6859.899,240,709
2025-11-13 08:00:00,6860.033,6863.399,6835.836,6844.336,240,702
2025-11-13 12:00:00,6844.536,6849.351,6771.436,6782.945,240,702
2025-11-13 16:00:00,6782.439,6786.139,6723.139,6734.999,240,505
2025-11-13 20:00:00,6734.651,6753.548,6723.142,6744.645,135,501
2025-11-14 00:00:00,6744.799,6752.299,6739.645,6744.345,240,701
2025-11-14 04:00:00,6744.454,6745.999,6711.236,6723.399,240,703
2025-11-14 08:00:00,6723.736,6732.499,6682.242,6692.648,240,701
2025-11-14 12:00:00,6692.433,6745.599,6649.848,6739.851,240,703
2025-11-14 16:00:00,6739.748,6774.145,6726.354,6763.942,240,502
2025-11-14 20:00:00,6764.139,6768.936,6728.245,6742.499,75,501
2025-11-17 00:00:00,6744.633,6763.099,6734.042,6762.236,240,703
2025-11-17 04:00:00,6762.036,6773.248,6756.533,6770.533,240,699
2025-11-17 08:00:00,6770.954,6779.554,6742.233,6749.699,240,704
2025-11-17 12:00:00,6749.233,6752.833,6704.854,6722.651,240,700
2025-11-17 16:00:00,6723.042,6745.833,6643.136,6643.636,240,502
2025-11-17 20:00:00,6643.339,6685.851,6637.654,6680.854,135,501
2025-11-18 00:00:00,6681.051,6688.054,6652.039,6654.899,240,702
2025-11-18 04:00:00,6654.348,6654.599,6615.039,6634.345,240,702
2025-11-18 08:00:00,6634.036,6664.845,6634.036,6654.339,240,703
2025-11-18 12:00:00,6654.039,6658.851,6583.736,6587.936,240,707
2025-11-18 16:00:00,6587.433,6667.739,6574.654,6660.436,240,502
2025-11-18 20:00:00,6659.954,6665.742,6603.839,6620.836,135,502
2025-11-19 00:00:00,6620.651,6631.842,6602.033,6609.836,240,705
2025-11-19 04:00:00,6610.139,6626.733,6592.836,6624.039,240,701
2025-11-19 08:00:00,6623.836,6647.848,6614.133,6640.333,240,704
2025-11-19 12:00:00,6639.899,6689.399,6615.299,6645.139,240,700
2025-11-19 16:00:00,6645.454,6650.654,6602.842,6628.351,240,503
2025-11-19 20:00:00,6627.899,6712.551,6625.533,6711.745,135,501
2025-11-20 00:00:00,6711.542,6729.245,6707.742,6724.142,240,708
2025-11-20 04:00:00,6724.051,6736.599,6720.036,6723.751,240,700
2025-11-20 08:00:00,6723.536,6734.599,6703.739,6712.554,240,704
2025-11-20 12:00:00,6713.054,6770.754,6705.748,6742.839,240,701
2025-11-20 16:00:00,6742.999,6742.999,6553.548,6595.845,240,503
2025-11-20 20:00:00,6595.654,6595.836,6522.099,6548.233,135,501
2025-11-21 00:00:00,6548.145,6576.136,6544.099,6566.745,240,702
2025-11-21 04:00:00,6566.899,6568.139,6533.848,6536.351,240,701
2025-11-21 08:00:00,6537.133,6567.139,6507.354,6535.133,240,704
2025-11-21 12:00:00,6534.899,6581.154,6514.148,6541.633,240,703
2025-11-21 16:00:00,6541.733,6660.442,6524.733,6632.445,240,503
2025-11-21 20:00:00,6632.239,6636.336,6596.999,6609.851,75,501
2025-11-24 00:00:00,6635.942,6645.454,6620.739,6638.854,240,708
2025-11-24 04:00:00,6638.739,6645.999,6629.233,6643.445,240,706
2025-11-24 08:00:00,6643.648,6652.751,6608.742,6628.942,240,702
2025-11-24 12:00:00,6627.999,6686.748,6622.748,6680.233,240,703
2025-11-24 16:00:00,6679.933,6712.739,6679.933,6697.948,240,501
2025-11-24 20:00:00,6698.745,6715.254,6697.739,6705.942,134,508
2025-11-25 00:00:00,6705.639,6707.651,6697.439,6698.645,240,701
2025-11-25 04:00:00,6698.936,6707.145,6694.433,6701.436,240,705
2025-11-25 08:00:00,6701.136,6704.151,6685.136,6695.442,240,702
2025-11-25 12:00:00,6695.345,6724.948,6658.745,6712.439,240,701
2025-11-25 16:00:00,6711.954,6758.451,6702.651,6753.645,240,503
2025-11-25 20:00:00,6753.954,6776.451,6753.954,6768.354,135,501
2025-11-26 00:00:00,6768.442,6785.948,6764.942,6784.445,240,710
2025-11-26 04:00:00,6784.651,6795.148,6780.636,6791.636,240,712
2025-11-26 08:00:00,6791.442,6793.454,6777.936,6782.433,240,702
2025-11-26 12:00:00,6781.954,6810.499,6771.633,6809.999,240,705
2025-11-26 16:00:00,6810.251,6831.751,6809.239,6822.554,240,505
2025-11-26 20:00:00,6822.839,6830.354,6810.742,6815.354,135,502
2025-11-27 00:00:00,6815.151,6819.954,6812.645,6814.451,239,702
2025-11-27 04:00:00,6814.151,6819.148,6811.045,6815.942,238,725
2025-11-27 08:00:00,6815.633,6818.699,6810.136,6813.439,240,701
2025-11-27 12:00:00,6813.648,6817.745,6810.933,6813.242,239,704
2025-11-27 16:00:00,6813.536,6814.799,6811.099,6813.545,115,519
2025-11-27 20:00:00,6818.442,6824.539,6817.045,6824.239,60,707
2025-11-28 00:00:00,6824.448,6829.339,6820.745,6823.242,168,701
2025-11-28 04:00:00,6823.242,6823.251,6823.242,6823.251,2,710
2025-11-28 12:00:00,6823.254,6840.336,6819.454,6838.833,144,710
2025-11-28 16:00:00,6838.399,6851.399,6830.842,6848.154,120,506
2025-12-01 00:00:00,6840.942,6842.045,6799.033,6802.254,240,704
2025-12-01 04:00:00,6802.045,6805.051,6789.736,6803.533,237,701
2025-12-01 08:00:00,6804.051,6817.054,6800.236,6807.251,240,704
2025-12-01 12:00:00,6807.599,6832.048,6792.948,6830.042,240,701
2025-12-01 16:00:00,6829.836,6843.399,6811.545,6815.542,240,501
2025-12-01 20:00:00,6815.051,6824.145,6807.536,6813.333,135,503
2025-12-02 00:00:00,6813.436,6821.554,6803.833,6812.842,240,708
2025-12-02 04:00:00,6812.533,6814.348,6802.833,6807.539,240,700
2025-12-02 08:00:00,6807.342,6837.351,6800.854,6831.899,240,702
2025-12-02 12:00:00,6831.599,6850.342,6821.854,6848.548,240,709
2025-12-02 16:00:00,6848.899,6851.845,6806.342,6836.548,240,503
2025-12-02 20:00:00,6837.048,6841.848,6826.451,6834.639,135,505
2025-12-03 00:00:00,6834.748,6845.454,6826.251,6844.445,236,703
2025-12-03 04:00:00,6844.251,6846.242,6838.133,6841.251,237,719
2025-12-03 08:00:00,6840.933,6844.751,6834.754,6839.299,240,702
2025-12-03 12:00:00,6838.745,6850.933,6806.439,6836.551,240,701
2025-12-03 16:00:00,6836.433,6860.899,6829.539,6859.554,240,503
2025-12-03 20:00:00,6859.845,6862.545,6849.042,6853.136,135,500
2025-12-04 00:00:00,6853.036,6856.254,6846.539,6850.099,240,705
2025-12-04 04:00:00,6850.236,6858.039,6848.239,6855.045,237,709
2025-12-04 08:00:00,6855.239,6859.599,6844.039,6855.033,240,700
2025-12-04 12:00:00,6854.754,6870.548,6834.342,6845.542,240,718
2025-12-04 16:00:00,6846.042,6860.642,6826.148,6844.954,240,502
2025-12-04 20:00:00,6844.639,6860.345,6835.651,6854.845,133,503
2025-12-05 00:00:00,6854.339,6872.045,6852.839,6869.036,240,709
2025-12-05 04:00:00,6868.833,6874.848,6868.442,6872.899,234,701
2025-12-05 08:00:00,6872.939,6877.399,6866.939,6871.039,224,706
2025-12-05 12:00:00,6871.239,6895.999,6847.851,6878.439,239,704
2025-12-05 16:00:00,6878.951,6883.199,6857.636,6874.433,240,502
2025-12-05 20:00:00,6873.954,6874.945,6857.933,6871.345,75,503
2025-12-08 00:00:00,6872.251,6881.039,6864.042,6879.799,236,703
2025-12-08 04:00:00,6880.051,6884.799,6877.651,6881.748,232,713
2025-12-08 08:00:00,6882.045,6882.045,6872.242,6873.742,240,706
2025-12-08 12:00:00,6873.551,6884.242,6847.054,6848.051,239,704
2025-12-08 16:00:00,6847.745,6855.051,6826.936,6834.445,240,502
2025-12-08 20:00:00,6834.933,6860.551,6831.533,6860.348,135,504
2025-12-09 00:00:00,6860.251,6860.354,6851.033,6854.799,240,700
2025-12-09 04:00:00,6854.533,6856.845,6847.033,6856.051,234,712
2025-12-09 08:00:00,6855.599,6860.054,6837.242,6853.333,240,700
2025-12-09 12:00:00,6853.839,6860.645,6836.833,6856.148,240,703
2025-12-09 16:00:00,6855.848,6865.139,6843.139,6847.399,240,505
2025-12-09 20:00:00,6847.154,6849.699,6837.042,6839.242,133,509
2025-12-10 00:00:00,6839.145,6843.599,6835.045,6839.799,238,715
2025-12-10 04:00:00,6840.099,6848.551,6838.639,6848.039,239,703
2025-12-10 08:00:00,6848.599,6851.754,6827.042,6837.736,240,708
2025-12-10 12:00:00,6838.042,6848.954,6823.936,6833.236,240,701
2025-12-10 16:00:00,6833.048,6891.542,6825.239,6890.042,240,505
2025-12-10 20:00:00,6890.533,6900.939,6874.251,6876.245,135,502
2025-12-11 00:00:00,6876.445,6876.751,6811.048,6828.551,240,703
2025-12-11 04:00:00,6828.733,6836.145,6821.739,6835.245,240,707
2025-12-11 08:00:00,6835.042,6857.599,6822.242,6856.251,240,704
2025-12-11 12:00:00,6856.048,6878.851,6832.454,6868.233,240,708
2025-12-11 16:00:00,6867.751,6903.742,6854.854,6899.454,240,502
2025-12-11 20:00:00,6899.733,6911.399,6891.245,6900.345,135,508
2025-12-12 00:00:00,6899.854,6907.599,6894.533,6902.499,239,702
2025-12-12 04:00:00,6902.351,6908.854,6899.336,6901.354,240,703
2025-12-12 08:00:00,6901.599,6908.599,6886.048,6888.899,240,700
2025-12-12 12:00:00,6888.551,6904.845,6822.951,6826.945,240,701
2025-12-12 16:00:00,6825.442,6853.436,6801.633,6830.133,240,505
2025-12-12 20:00:00,6830.448,6835.499,6810.999,6831.339,75,503
2025-12-15 00:00:00,6829.042,6846.799,6827.554,6842.299,240,705
2025-12-15 04:00:00,6842.039,6847.799,6838.236,6841.754,240,722
2025-12-15 08:00:00,6841.233,6862.542,6838.148,6861.051,240,703
2025-12-15 12:00:00,6860.739,6868.499,6801.439,6820.739,240,701
2025-12-15 16:00:00,6821.542,6840.051,6802.748,6825.733,240,500
2025-12-15 20:00:00,6825.533,6826.251,6808.645,6813.648,135,500
2025-12-16 00:00:00,6813.554,6815.948,6777.148,6788.999,240,702
2025-12-16 04:00:00,6789.148,6791.999,6771.433,6780.445,240,704
2025-12-16 08:00:00,6780.654,6812.454,6780.133,6812.454,240,704
2025-12-16 12:00:00,6812.148,6830.354,6773.039,6799.499,240,703
2025-12-16 16:00:00,6799.145,6802.454,6758.933,6788.642,240,500
2025-12-16 20:00:00,6788.045,6814.636,6784.648,6787.448,135,503
2025-12-17 00:00:00,6787.145,6799.399,6777.333,6793.642,240,701
2025-12-17 04:00:00,6793.933,6809.633,6784.648,6804.654,240,702
2025-12-17 08:00:00,6804.942,6824.454,6799.699,6823.145,240,701
2025-12-17 12:00:00,6823.445,6824.499,6748.045,6754.045,240,704
2025-12-17 16:00:00,6753.539,6765.036,6728.536,6740.042,240,501
2025-12-17 20:00:00,6740.351,6741.842,6721.045,6728.399,135,504
2025-12-18 00:00:00,6728.039,6740.851,6717.342,6726.054,240,702
2025-12-18 04:00:00,6726.351,6741.439,6725.036,6739.436,240,703
2025-12-18 08:00:00,6739.599,6757.554,6735.048,6756.742,240,702
2025-12-18 12:00:00,6756.533,6814.999,6747.039,6809.399,240,701
2025-12-18 16:00:00,6808.548,6816.099,6756.536,6765.842,240,505
2025-12-18 20:00:00,6766.639,6794.751,6763.136,6776.454,135,506
2025-12-19 00:00:00,6776.154,6783.499,6768.636,6780.954,240,710
2025-12-19 04:00:00,6781.036,6787.942,6767.133,6786.436,240,702
2025-12-19 08:00:00,6786.136,6800.651,6784.142,6788.845,240,702
2025-12-19 12:00:00,6789.139,6834.099,6775.448,6819.042,240,704
2025-12-19 16:00:00,6818.748,6840.236,6814.736,6835.248,240,502
2025-12-19 20:00:00,6835.139,6837.533,6825.039,6835.136,75,500
2025-12-22 00:00:00,6852.254,6854.948,6846.345,6850.454,240,706
2025-12-22 04:00:00,6850.939,6857.648,6847.239,6856.242,239,716
2025-12-22 08:00:00,6856.745,6859.499,6850.736,6856.633,239,701
2025-12-22 12:00:00,6856.748,6873.545,6855.133,6864.945,240,701
2025-12-22 16:00:00,6865.248,6882.451,6864.936,6876.433,240,506
2025-12-22 20:00:00,6876.733,6880.354,6874.499,6877.836,134,506
2025-12-23 00:00:00,6878.039,6882.848,6875.533,6877.399,238,708
2025-12-23 04:00:00,6877.039,6877.899,6869.345,6872.345,235,704
2025-12-23 08:00:00,6872.045,6883.554,6871.539,6877.354,238,706
2025-12-23 12:00:00,6877.251,6894.036,6860.333,6892.554,240,700
2025-12-23 16:00:00,6892.299,6908.599,6891.736,6907.742,240,503
2025-12-23 20:00:00,6908.054,6910.348,6903.648,6905.045,135,508
2025-12-24 00:00:00,6905.539,6907.636,6901.642,6903.151,240,703
2025-12-24 04:00:00,6903.333,6904.199,6900.639,6901.639,215,712
2025-12-24 08:00:00,6901.933,6906.954,6901.639,6904.651,235,706
2025-12-24 12:00:00,6904.839,6923.699,6904.136,6923.451,237,705
2025-12-24 16:00:00,6923.548,6936.499,6922.436,6928.999,134,509
2025-12-25 20:00:00,6933.645,6940.242,6931.442,6935.499,60,708
2025-12-26 00:00:00,6935.245,6939.554,6931.733,6931.939,235,704
2025-12-26 04:00:00,6931.748,6932.742,6925.254,6927.533,229,725
2025-12-26 08:00:00,6927.054,6932.599,6924.742,6928.233,236,703
2025-12-26 12:00:00,6928.548,6944.854,6924.042,6936.336,238,715
2025-12-26 16:00:00,6936.051,6937.536,6920.542,6929.451,240,503
2025-12-26 20:00:00,6929.336,6933.299,6928.433,6929.651,75,510
2025-12-29 00:00:00,6931.639,6937.154,6924.854,6929.651,237,702
2025-12-29 04:00:00,6929.851,6931.633,6920.013,6921.351,236,715
2025-12-29 08:00:00,6921.142,6922.133,6909.854,6918.351,240,700
2025-12-29 12:00:00,6918.551,6919.951,6894.636,6901.448,240,703
2025-12-29 16:00:00,6901.736,6912.999,6888.448,6911.436,240,502
2025-12-29 20:00:00,6911.254,6914.736,6901.954,6902.839,135,506
2025-12-30 00:00:00,6903.045,6908.054,6900.433,6906.342,239,704
2025-12-30 04:00:00,6906.099,6909.554,6895.548,6898.542,231,703
2025-12-30 08:00:00,6898.839,6909.036,6898.536,6905.042,234,702
2025-12-30 12:00:00,6905.348,6912.654,6892.636,6903.445,240,701
2025-12-30 16:00:00,6903.199,6913.454,6895.436,6902.839,240,505
2025-12-30 20:00:00,6902.645,6905.848,6892.654,6895.951,134,505
2025-12-31 00:00:00,6895.651,6895.939,6882.139,6888.639,240,699
2025-12-31 04:00:00,6888.945,6891.699,6880.133,6883.945,238,713
2025-12-31 08:00:00,6883.639,6885.442,6875.942,6884.633,239,700
2025-12-31 12:00:00,6884.442,6904.951,6869.136,6870.654,240,718
2025-12-31 16:00:00,6870.336,6889.839,6867.136,6868.142,240,503
2025-12-31 20:00:00,6867.845,6868.648,6843.639,6845.142,60,509
2026-01-01 20:00:00,6854.836,6858.799,6850.839,6856.739,59,706
2026-01-02 00:00:00,6856.451,6877.299,6851.933,6877.248,239,703
2026-01-02 04:00:00,6876.942,6879.499,6874.236,6875.736,221,712
2026-01-02 08:00:00,6875.442,6892.245,6875.442,6886.954,238,703
2026-01-02 12:00:00,6886.845,6894.554,6836.539,6840.048,240,721
2026-01-02 16:00:00,6839.299,6865.345,6823.533,6857.399,240,502
2026-01-02 20:00:00,6857.033,6862.851,6846.339,6859.942,75,501
2026-01-05 00:00:00,6864.936,6870.199,6860.136,6864.948,240,703
2026-01-05 04:00:00,6864.836,6873.448,6863.633,6867.199,239,707
2026-01-05 08:00:00,6867.699,6881.051,6865.651,6879.642,240,701
2026-01-05 12:00:00,6880.142,6914.736,6869.936,6909.733,240,710
2026-01-05 16:00:00,6909.954,6921.142,6899.245,6902.248,240,506
2026-01-05 20:00:00,6902.039,6908.745,6897.739,6899.436,134,504
2026-01-06 00:00:00,6899.739,6909.799,6897.436,6908.742,234,703
2026-01-06 04:00:00,6908.851,6916.739,6908.739,6911.236,228,714
2026-01-06 08:00:00,6910.954,6910.999,6888.933,6897.951,240,702
2026-01-06 12:00:00,6897.799,6935.039,6896.742,6916.845,239,699
2026-01-06 16:00:00,6916.348,6947.899,6908.539,6944.736,240,505
2026-01-06 20:00:00,6944.539,6950.142,6944.336,6945.448,135,503
2026-01-07 00:00:00,6945.948,6949.433,6944.639,6944.936,237,714
2026-01-07 04:00:00,6945.148,6945.651,6939.133,6939.199,233,703
2026-01-07 08:00:00,6939.451,6943.499,6933.936,6940.651,239,705
2026-01-07 12:00:00,6940.899,6956.151,6934.854,6950.139,240,717
2026-01-07 16:00:00,6950.648,6964.848,6939.645,6942.399,240,503
2026-01-07 20:00:00,6942.645,6943.154,6917.236,6923.433,135,506
2026-01-08 00:00:00,6923.336,6927.751,6912.433,6913.433,239,702
2026-01-08 04:00:00,6913.639,6916.442,6894.242,6906.751,240,701
2026-01-08 08:00:00,6906.848,6915.354,6903.245,6907.799,240,700
2026-01-08 12:00:00,6907.954,6925.699,6900.148,6924.133,240,703
2026-01-08 16:00:00,6924.642,6931.454,6908.454,6914.133,240,500
2026-01-08 20:00:00,6913.945,6934.799,6912.933,6924.842,135,511
2026-01-09 00:00:00,6924.745,6928.233,6915.233,6921.739,240,701
2026-01-09 04:00:00,6921.954,6926.151,6917.236,6921.739,239,701
2026-01-09 08:00:00,6921.845,6933.948,6917.433,6929.299,240,703
2026-01-09 12:00:00,6928.999,6960.545,6917.036,6944.542,240,701
2026-01-09 16:00:00,6945.099,6977.842,6944.854,6974.551,240,503
2026-01-09 20:00:00,6974.348,6978.348,6963.748,6964.748,75,507
2026-01-12 00:00:00,6959.445,6960.148,6925.942,6928.942,240,707
2026-01-12 04:00:00,6929.148,6931.148,6919.442,6928.451,239,700
2026-01-12 08:00:00,6928.648,6931.854,6911.151,6921.954,240,703
2026-01-12 12:00:00,6922.151,6965.554,6921.645,6964.045,240,710
2026-01-12 16:00:00,6964.251,6985.754,6961.548,6985.036,240,499
2026-01-12 20:00:00,6984.754,6986.239,6967.245,6967.542,135,502
2026-01-13 00:00:00,6967.242,6971.054,6960.545,6968.733,240,704
2026-01-13 04:00:00,6969.039,6975.599,6967.733,6972.799,239,711
2026-01-13 08:00:00,6972.233,6974.051,6964.033,6971.745,240,705
2026-01-13 12:00:00,6972.048,6997.754,6945.139,6962.139,240,706
2026-01-13 16:00:00,6961.845,6976.854,6946.851,6954.136,240,502
2026-01-13 20:00:00,6953.854,6964.739,6938.639,6959.039,135,506
2026-01-14 00:00:00,6958.845,6963.699,6952.354,6959.639,238,699
2026-01-14 04:00:00,6959.736,6960.333,6944.639,6950.333,239,697
2026-01-14 08:00:00,6950.233,6955.136,6927.633,6933.548,240,713
2026-01-14 12:00:00,6933.354,6942.339,6889.333,6895.845,240,707
2026-01-14 16:00:00,6896.099,6919.399,6885.536,6905.542,240,500
2026-01-14 20:00:00,6905.339,6931.754,6898.239,6921.548,135,500
2026-01-15 00:00:00,6921.442,6926.799,6914.236,6918.251,239,700
2026-01-15 04:00:00,6918.533,6939.248,6917.233,6933.299,240,702
2026-01-15 08:00:00,6933.536,6955.051,6930.033,6952.533,240,703
2026-01-15 12:00:00,6952.254,6973.851,6949.054,6969.351,240,701
2026-01-15 16:00:00,6969.045,6979.054,6950.133,6952.033,240,501
2026-01-15 20:00:00,6951.754,6954.736,6937.048,6953.342,135,503
2026-01-16 00:00:00,6953.633,6963.699,6951.333,6962.148,239,720
2026-01-16 04:00:00,6962.399,6969.154,6961.654,6966.854,223,709
2026-01-16 08:00:00,6967.336,6970.651,6955.833,6956.845,240,699
2026-01-16 12:00:00,6955.848,6966.348,6924.933,6942.499,240,711
2026-01-16 16:00:00,6941.736,6961.139,6939.454,6950.851,240,505
2026-01-16 20:00:00,6950.651,6952.836,6937.233,6939.739,75,501
2026-01-19 00:00:00,6897.451,6897.999,6878.742,6881.933,240,705
2026-01-19 04:00:00,6882.236,6885.942,6868.733,6872.499,240,712
2026-01-19 08:00:00,6872.733,6888.799,6854.742,6862.733,240,701
2026-01-19 12:00:00,6862.445,6874.239,6852.045,6866.599,240,705
2026-01-19 16:00:00,6866.899,6881.351,6864.551,6877.536,119,503
2026-01-19 20:00:00,6876.442,6881.433,6870.833,6871.954,60,702
2026-01-20 00:00:00,6872.248,6878.454,6860.942,6875.236,240,705
2026-01-20 04:00:00,6875.451,6875.799,6842.236,6847.436,240,708
2026-01-20 08:00:00,6847.339,6848.454,6811.933,6834.799,240,700
2026-01-20 12:00:00,6834.239,6870.942,6826.945,6861.448,239,703
2026-01-20 16:00:00,6861.242,6868.945,6795.733,6800.933,240,501
2026-01-20 20:00:00,6801.233,6810.448,6788.736,6799.145,135,503
2026-01-21 00:00:00,6799.245,6821.448,6799.245,6815.439,239,703
2026-01-21 04:00:00,6815.254,6824.454,6812.945,6819.448,240,715
2026-01-21 08:00:00,6818.939,6823.433,6785.733,6786.445,240,700
2026-01-21 12:00:00,6787.254,6875.654,6781.439,6871.636,240,707
2026-01-21 16:00:00,6871.942,6910.742,6804.445,6908.254,240,502
2026-01-21 20:00:00,6908.436,6910.945,6869.239,6890.445,135,501
2026-01-22 00:00:00,6890.848,6901.236,6888.254,6898.742,240,705
2026-01-22 04:00:00,6898.436,6898.799,6877.439,6896.448,239,702
2026-01-22 08:00:00,6896.299,6922.242,6894.942,6911.442,240,705
2026-01-22 12:00:00,6910.948,6929.936,6892.248,6909.742,240,707
2026-01-22 16:00:00,6909.445,6934.851,6909.242,6910.999,240,505
2026-01-22 20:00:00,6910.736,6918.545,6899.033,6909.051,135,502
2026-01-23 00:00:00,6908.854,6926.551,6905.342,6924.336,239,700
2026-01-23 04:00:00,6924.551,6931.345,6921.045,6922.851,239,702
2026-01-23 08:00:00,6922.551,6922.851,6893.539,6901.342,240,704
2026-01-23 12:00:00,6901.854,6930.254,6892.836,6927.748,240,701
2026-01-23 16:00:00,6927.933,6932.733,6899.836,6918.348,240,504
2026-01-23 20:00:00,6918.154,6918.848,6906.233,6907.048,75,505
2026-01-26 00:00:00,6883.933,6902.742,6880.948,6896.436,240,703
2026-01-26 04:00:00,6896.636,6912.299,6893.845,6909.948,240,708
2026-01-26 08:00:00,6910.145,6919.442,6890.951,6906.236,240,705
2026-01-26 12:00:00,6905.742,6957.251,6905.742,6952.942,240,703
2026-01-26 16:00:00,6953.251,6964.251,6945.248,6958.839,240,501
2026-01-26 20:00:00,6958.633,6960.699,6941.945,6950.948,135,502
2026-01-27 00:00:00,6951.139,6968.799,6947.442,6968.236,239,703
2026-01-27 04:00:00,6968.451,6976.454,6966.748,6971.751,236,703
2026-01-27 08:00:00,6971.951,6973.454,6964.254,6971.936,239,702
2026-01-27 12:00:00,6971.254,6984.599,6958.333,6983.033,240,710
2026-01-27 16:00:00,6983.348,6988.542,6972.039,6983.848,240,507
2026-01-27 20:00:00,6983.448,6987.045,6975.448,6983.042,135,499
2026-01-28 00:00:00,6983.333,6997.899,6982.839,6994.545,239,706
2026-01-28 04:00:00,6994.848,7013.399,6994.536,7007.036,234,719
2026-01-28 08:00:00,7006.839,7009.354,6996.454,7003.333,240,700
2026-01-28 12:00:00,7003.545,7004.039,6978.036,6978.233,240,703
2026-01-28 16:00:00,6978.548,6986.039,6962.739,6971.699,240,509
2026-01-28 20:00:00,6971.533,6992.936,6948.336,6967.433,135,507
2026-01-29 00:00:00,6968.054,6980.939,6956.936,6979.742,240,700
2026-01-29 04:00:00,6980.042,7000.599,6979.036,6997.599,240,700
2026-01-29 08:00:00,6997.736,7000.554,6981.242,6990.539,240,701
2026-01-29 12:00:00,6990.733,6997.799,6874.933,6883.136,240,705
2026-01-29 16:00:00,6883.242,6945.154,6870.939,6934.148,240,502
2026-01-29 20:00:00,6934.336,6970.899,6933.645,6960.151,135,506
2026-01-30 00:00:00,6960.442,6964.136,6916.936,6939.645,240,703
2026-01-30 04:00:00,6939.439,6946.948,6902.199,6903.199,240,700
2026-01-30 08:00:00,6903.651,6944.439,6891.151,6942.448,240,701
2026-01-30 12:00:00,6942.145,6964.539,6921.651,6943.636,240,701
2026-01-30 16:00:00,6943.436,6949.145,6892.942,6927.448,240,501
2026-01-30 20:00:00,6927.651,6950.648,6914.939,6938.648,60,501
2026-02-02 00:00:00,6920.739,6939.851,6857.436,6860.436,240,701
2026-02-02 04:00:00,6860.942,6876.454,6838.951,6871.239,240,701
2026-02-02 08:00:00,6870.754,6911.451,6869.633,6905.933,240,704
2026-02-02 12:00:00,6905.848,6979.799,6904.242,6969.354,240,700
2026-02-02 16:00:00,6969.154,6991.533,6961.133,6977.645,240,501
2026-02-02 20:00:00,6977.199,6996.951,6972.036,6990.299,135,502
2026-02-03 00:00:00,6989.948,6998.499,6982.933,6992.236,240,700
2026-02-03 04:00:00,6992.442,7000.633,6990.936,6998.442,240,716
2026-02-03 08:00:00,6998.333,7002.254,6981.754,6985.739,240,704
2026-02-03 12:00:00,6985.939,6997.954,6930.033,6953.433,240,701
2026-02-03 16:00:00,6953.199,6954.139,6862.433,6890.948,240,504
2026-02-03 20:00:00,6890.645,6920.245,6884.933,6918.345,135,505
2026-02-04 00:00:00,6918.442,6926.951,6909.336,6922.751,240,702
2026-02-04 04:00:00,6922.699,6936.799,6917.799,6934.736,240,705
2026-02-04 08:00:00,6934.648,6940.939,6908.448,6936.948,240,700
2026-02-04 12:00:00,6937.442,6940.745,6886.954,6907.799,240,702
2026-02-04 16:00:00,6907.454,6910.948,6838.933,6904.499,240,502
2026-02-04 20:00:00,6904.736,6906.433,6868.539,6895.051,135,504
2026-02-05 00:00:00,6895.245,6912.051,6865.836,6868.099,240,706
2026-02-05 04:00:00,6868.239,6894.054,6864.842,6885.039,240,707
2026-02-05 08:00:00,6885.539,6900.599,6872.342,6891.836,240,701
2026-02-05 12:00:00,6891.351,6897.345,6780.548,6794.499,240,703
2026-02-05 16:00:00,6795.245,6847.748,6779.533,6812.436,240,503
2026-02-05 20:00:00,6812.251,6830.745,6743.542,6750.842,135,503
2026-02-06 00:00:00,6750.799,6790.033,6731.236,6780.536,240,701
2026-02-06 04:00:00,6780.336,6795.548,6761.539,6789.039,240,705
2026-02-06 08:00:00,6788.951,6849.342,6776.445,6845.339,240,701
2026-02-06 12:00:00,6845.299,6892.148,6825.336,6879.499,240,702
2026-02-06 16:00:00,6879.142,6919.454,6875.939,6915.148,240,504
2026-02-06 20:00:00,6914.942,6945.499,6912.951,6926.348,75,507
2026-02-09 00:00:00,6952.351,6959.642,6936.999,6937.151,240,701
2026-02-09 04:00:00,6937.648,6944.199,6926.951,6933.499,240,712
2026-02-09 08:00:00,6933.945,6945.454,6900.948,6914.942,240,700
2026-02-09 12:00:00,6915.448,6965.554,6904.251,6963.245,240,704
2026-02-09 16:00:00,6963.745,6980.054,6956.742,6975.236,240,502
2026-02-09 20:00:00,6975.033,6978.239,6955.899,6958.733,135,500
2026-02-10 00:00:00,6958.899,6963.042,6952.345,6956.533,240,703
2026-02-10 04:00:00,6956.836,6966.099,6954.333,6964.842,240,699
2026-02-10 08:00:00,6964.539,6977.399,6959.342,6971.533,240,705
2026-02-10 12:00:00,6972.054,6986.051,6950.536,6974.445,240,701
2026-02-10 16:00:00,6974.633,6978.636,6948.942,6958.445,240,506
2026-02-10 20:00:00,6958.145,6960.645,6937.133,6955.048,135,506
2026-02-11 00:00:00,6955.245,6966.545,6954.354,6965.545,239,701
2026-02-11 04:00:00,6965.339,6966.039,6951.354,6954.545,238,710
2026-02-11 08:00:00,6955.042,6958.399,6933.454,6944.899,240,700
2026-02-11 12:00:00,6943.833,6991.948,6912.836,6944.345,240,703
2026-02-11 16:00:00,6944.299,6960.751,6934.245,6949.742,240,502
2026-02-11 20:00:00,6949.248,6951.554,6933.633,6938.654,135,502
2026-02-12 00:00:00,6938.542,6959.154,6934.339,6958.333,240,704
2026-02-12 04:00:00,6958.651,6965.348,6953.839,6962.842,240,713
2026-02-12 08:00:00,6963.899,6967.354,6956.139,6964.639,240,702
2026-02-12 12:00:00,6964.148,6973.699,6905.715,6906.045,240,700
2026-02-12 16:00:00,6906.299,6907.542,6841.533,6871.039,240,500
2026-02-12 20:00:00,6871.599,6874.739,6823.051,6842.899,135,502
2026-02-13 00:00:00,6842.342,6850.848,6822.839,6829.399,240,703
2026-02-13 04:00:00,6829.851,6840.136,6806.799,6825.339,240,701
2026-02-13 08:00:00,6825.054,6836.733,6802.548,6819.348,240,706
2026-02-13 12:00:00,6819.245,6864.948,6793.842,6844.199,240,706
2026-02-13 16:00:00,6844.554,6881.648,6836.948,6842.642,240,502
2026-02-13 20:00:00,6842.954,6851.648,6816.951,6836.539,75,504
2026-02-16 00:00:00,6845.251,6856.048,6840.536,6846.554,239,701
2026-02-16 04:00:00,6846.445,6857.648,6841.039,6855.599,240,707
2026-02-16 08:00:00,6855.739,6870.151,6851.299,6860.554,240,705
2026-02-16 12:00:00,6860.936,6865.299,6827.333,6828.699,240,701
2026-02-16 16:00:00,6828.833,6844.345,6825.833,6836.036,119,504
2026-02-16 20:00:00,6841.951,6854.139,6836.933,6848.842,60,710
2026-02-17 00:00:00,6848.948,6852.151,6798.848,6805.136,240,702
2026-02-17 04:00:00,6805.345,6815.954,6794.499,6815.348,240,702
2026-02-17 08:00:00,6815.148,6832.499,6805.636,6816.999,240,702
2026-02-17 12:00:00,6816.139,6845.733,6775.245,6803.736,240,703
2026-02-17 16:00:00,6804.139,6867.748,6802.151,6854.254,240,502
2026-02-17 20:00:00,6854.045,6859.539,6833.542,6834.642,135,501
2026-02-18 00:00:00,6834.999,6851.836,6834.133,6850.954,240,701
2026-02-18 04:00:00,6851.154,6863.339,6849.348,6861.945,240,713
2026-02-18 08:00:00,6862.136,6888.448,6861.636,6873.948,240,702
2026-02-18 12:00:00,6874.154,6905.248,6845.545,6903.239,240,703
2026-02-18 16:00:00,6903.445,6909.239,6857.736,6863.254,240,504
2026-02-18 20:00:00,6862.745,6889.445,6856.436,6878.545,135,507
2026-02-19 00:00:00,6878.433,6885.248,6870.599,6881.554,240,706
2026-02-19 04:00:00,6881.745,6895.239,6873.739,6889.045,240,707
2026-02-19 08:00:00,6888.951,6896.048,6850.051,6862.445,240,704
2026-02-19 12:00:00,6862.148,6878.454,6841.636,6869.948,240,700
2026-02-19 16:00:00,6870.036,6874.639,6831.948,6841.851,240,505
2026-02-19 20:00:00,6842.142,6868.433,6841.836,6866.054,135,502
2026-02-20 00:00:00,6866.154,6879.454,6862.148,6872.436,240,702
2026-02-20 04:00:00,6872.151,6885.999,6871.636,6878.954,238,714
2026-02-20 08:00:00,6879.045,6890.651,6852.136,6854.951,240,707
2026-02-20 12:00:00,6855.445,6910.599,6833.839,6904.833,240,702
2026-02-20 16:00:00,6905.045,6916.739,6857.554,6897.548,240,502
2026-02-20 20:00:00,6897.799,6915.048,6897.236,6914.236,75,503
2026-02-23 00:00:00,6892.639,6892.639,6855.733,6859.539,240,700
2026-02-23 04:00:00,6859.751,6874.251,6854.239,6872.251,240,704
2026-02-23 08:00:00,6872.745,6898.154,6868.454,6884.099,239,704
2026-02-23 12:00:00,6883.599,6916.648,6838.148,6838.954,240,701
2026-02-23 16:00:00,6839.136,6856.399,6820.248,6827.336,240,503
2026-02-23 20:00:00,6826.848,6851.399,6823.139,6844.554,135,504
2026-02-24 00:00:00,6844.336,6859.654,6840.536,6857.651,240,701
2026-02-24 04:00:00,6857.851,6862.199,6849.139,6853.348,239,710
2026-02-24 08:00:00,6853.236,6858.536,6837.642,6851.839,240,701
2026-02-24 12:00:00,6851.651,6881.751,6815.945,6870.099,240,702
2026-02-24 16:00:00,6870.545,6897.551,6867.736,6887.742,240,504
2026-02-24 20:00:00,6887.536,6899.751,6881.233,6891.942,135,502
2026-02-25 00:00:00,6891.642,6904.951,6880.548,6897.545,240,702
2026-02-25 04:00:00,6897.633,6897.951,6888.642,6891.142,240,710
2026-02-25 08:00:00,6891.451,6911.699,6891.451,6911.436,240,702
2026-02-25 12:00:00,6910.936,6936.599,6907.833,6924.742,240,708
2026-02-25 16:00:00,6924.536,6949.299,6923.233,6946.933,240,500
2026-02-25 20:00:00,6946.745,6956.851,6929.848,6936.539,135,504
2026-02-26 00:00:00,6936.342,6942.539,6929.533,6936.842,240,703
2026-02-26 04:00:00,6936.548,6943.342,6931.839,6939.351,240,712
2026-02-26 08:00:00,6939.539,6951.399,6938.542,6945.051,240,701
2026-02-26 12:00:00,6945.339,6958.051,6858.945,6892.939,240,705
2026-02-26 16:00:00,6892.839,6912.654,6863.136,6906.142,240,502
2026-02-26 20:00:00,6906.348,6914.045,6873.036,6881.954,135,505
2026-02-27 00:00:00,6881.536,6889.599,6872.733,6887.536,240,703
2026-02-27 04:00:00,6887.833,6897.599,6882.042,6896.454,240,707
2026-02-27 08:00:00,6896.339,6905.054,6868.536,6874.345,240,704
2026-02-27 12:00:00,6874.533,6883.099,6831.133,6866.939,240,701
2026-02-27 16:00:00,6866.542,6877.654,6844.451,6848.136,240,504
2026-02-27 20:00:00,6847.948,6883.439,6847.948,6878.045,60,501
2026-03-02 00:00:00,6806.436,6846.745,6799.242,6826.545,240,703
2026-03-02 04:00:00,6826.699,6834.036,6771.751,6774.448,240,701
2026-03-02 08:00:00,6774.151,6820.933,6758.633,6809.436,240,701
2026-03-02 12:00:00,6810.248,6868.154,6791.751,6856.342,240,702
2026-03-02 16:00:00,6856.151,6900.839,6843.351,6896.833,240,499
2026-03-02 20:00:00,6896.645,6898.199,6861.433,6867.536,135,504
2026-03-03 00:00:00,6867.742,6870.454,6830.736,6839.454,240,704
2026-03-03 04:00:00,6839.536,6842.299,6803.036,6804.533,240,701
2026-03-03 08:00:00,6804.039,6807.051,6734.733,6764.539,240,703
2026-03-03 12:00:00,6764.645,6791.754,6710.339,6733.436,240,703
2026-03-03 16:00:00,6732.951,6840.651,6731.439,6826.933,240,504
2026-03-03 20:00:00,6827.442,6834.154,6797.048,6802.133,135,502
2026-03-04 00:00:00,6802.342,6824.633,6768.945,6784.942,240,704
2026-03-04 04:00:00,6784.633,6803.648,6765.133,6798.833,240,701
2026-03-04 08:00:00,6799.448,6846.454,6786.645,6824.151,240,703
2026-03-04 12:00:00,6824.651,6877.145,6804.642,6872.651,240,702
2026-03-04 16:00:00,6872.939,6885.445,6856.133,6882.636,240,501
2026-03-04 20:00:00,6882.939,6884.454,6857.539,6877.439,135,504
2026-03-05 00:00:00,6877.399,6892.836,6842.342,6848.333,240,706
2026-03-05 04:00:00,6848.236,6861.333,6836.739,6855.299,240,702
2026-03-05 08:00:00,6855.054,6885.354,6832.451,6859.045,240,704
2026-03-05 12:00:00,6859.745,6872.599,6806.748,6835.233,240,706
2026-03-05 16:00:00,6834.848,6837.936,6769.651,6784.442,240,501
2026-03-05 20:00:00,6783.648,6836.439,6777.436,6834.542,135,502
2026-03-06 00:00:00,6834.942,6843.599,6826.899,6840.899,240,700
2026-03-06 04:00:00,6840.745,6847.048,6833.542,6840.939,240,700
2026-03-06 08:00:00,6840.833,6841.336,6782.554,6787.248,240,703
2026-03-06 12:00:00,6787.045,6797.454,6710.133,6762.136,240,701
2026-03-06 16:00:00,6761.448,6773.848,6732.839,6762.351,240,501
2026-03-06 20:00:00,6761.851,6772.245,6723.736,6734.299,75,503
2026-03-09 00:00:00,6623.145,6632.042,6579.051,6603.345,240,701
2026-03-09 04:00:00,6603.645,6645.839,6602.633,6636.899,240,702
2026-03-09 08:00:00,6637.033,6695.854,6628.139,6662.351,240,703
2026-03-09 12:00:00,6661.833,6711.548,6635.636,6706.545,240,703
2026-03-09 16:00:00,6706.748,6811.754,6692.733,6794.648,240,504
2026-03-09 20:00:00,6794.851,6801.799,6759.254,6765.051,135,704
2026-03-10 00:00:00,6764.848,6789.142,6755.648,6765.645,240,702
2026-03-10 04:00:00,6765.748,6813.299,6760.839,6812.551,240,703
2026-03-10 08:00:00,6812.139,6826.733,6780.333,6783.145,240,702
2026-03-10 12:00:00,6783.654,6830.999,6759.033,6825.199,240,704
2026-03-10 16:00:00,6825.445,6845.451,6773.839,6781.033,240,501
2026-03-10 20:00:00,6781.399,6794.999,6777.242,6791.351,135,701
2026-03-11 00:00:00,6791.933,6816.942,6790.354,6815.954,240,705
2026-03-11 04:00:00,6816.242,6816.251,6778.233,6789.345,240,706
2026-03-11 08:00:00,6789.299,6800.248,6762.899,6773.854,240,701
2026-03-11 12:00:00,6774.351,6812.048,6747.436,6752.939,240,704
2026-03-11 16:00:00,6753.154,6778.736,6744.254,6773.242,240,500
2026-03-11 20:00:00,6772.954,6776.154,6709.836,6723.739,135,700
2026-03-12 00:00:00,6723.839,6733.136,6700.642,6707.833,240,702
2026-03-12 04:00:00,6707.636,6741.151,6704.133,6740.854,240,700
2026-03-12 08:00:00,6741.399,6755.145,6728.648,6737.399,240,705
2026-03-12 12:00:00,6737.836,6738.854,6679.733,6704.039,240,702
2026-03-12 16:00:00,6704.151,6724.254,6670.239,6671.299,240,503
2026-03-12 20:00:00,6671.033,6692.345,6666.942,6676.533,135,700
2026-03-13 00:00:00,6676.054,6708.033,6667.836,6698.333,240,705
2026-03-13 04:00:00,6698.442,6699.033,6647.039,6652.542,240,704
2026-03-13 08:00:00,6652.399,6703.354,6636.836,6702.839,240,700
2026-03-13 12:00:00,6703.348,6733.239,6640.439,6643.233,240,700
2026-03-13 16:00:00,6643.433,6661.945,6623.036,6632.348,240,504
2026-03-13 20:00:00,6632.551,6633.754,6624.251,6626.736,15,699
2026-03-16 00:00:00,6644.948,6670.036,6644.548,6668.539,240,701
2026-03-16 04:00:00,6668.433,6679.099,6657.548,6660.945,240,703
2026-03-16 08:00:00,6661.036,6686.854,6648.045,6684.451,240,704
2026-03-16 12:00:00,6684.345,6723.354,6684.336,6693.736,240,705
2026-03-16 16:00:00,6693.839,6729.842,6679.899,6699.133,240,501
2026-03-16 20:00:00,6699.554,6703.299,6688.751,6697.733,135,702
2026-03-17 00:00:00,6697.999,6698.099,6676.239,6678.599,240,701
2026-03-17 04:00:00,6678.251,6690.299,6661.239,6671.739,240,705
2026-03-17 08:00:00,6672.251,6696.751,6665.036,6688.133,240,703
2026-03-17 12:00:00,6688.236,6754.136,6687.945,6718.945,240,701
2026-03-17 16:00:00,6719.133,6732.536,6709.448,6717.545,240,504
2026-03-17 20:00:00,6717.245,6720.233,6710.654,6712.151,135,707
2026-03-18 00:00:00,6711.836,6744.339,6710.839,6742.842,239,700
2026-03-18 04:00:00,6743.142,6759.654,6742.342,6749.154,239,711
2026-03-18 08:00:00,6748.633,6757.348,6733.354,6738.533,240,701
2026-03-18 12:00:00,6739.151,6740.145,6665.648,6679.654,240,702
2026-03-18 16:00:00,6679.499,6684.948,6620.448,6623.954,240,505
2026-03-18 20:00:00,6623.451,6626.354,6603.736,6616.951,135,702
2026-03-19 00:00:00,6617.448,6641.451,6608.933,6629.442,240,702
2026-03-19 04:00:00,6629.648,6629.648,6601.999,6606.245,240,701
2026-03-19 08:00:00,6606.633,6628.754,6592.742,6606.848,240,703
2026-03-19 12:00:00,6606.351,6608.433,6558.833,6587.133,240,706
2026-03-19 16:00:00,6587.439,6639.739,6563.899,6605.833,240,500
2026-03-19 20:00:00,6605.645,6630.042,6601.099,6621.448,135,701
2026-03-20 00:00:00,6621.542,6633.799,6614.445,6619.299,240,701
2026-03-20 04:00:00,6619.448,6622.048,6591.236,6618.245,240,705
2026-03-20 08:00:00,6618.751,6623.042,6556.039,6582.648,240,701
2026-03-20 12:00:00,6582.599,6596.048,6537.651,6555.633,240,701
2026-03-20 16:00:00,6556.199,6565.945,6473.936,6507.639,240,503
2026-03-20 20:00:00,6507.439,6527.399,6507.439,6525.851,15,704
2026-03-23 00:00:00,6490.448,6505.842,6472.948,6474.951,240,701
2026-03-23 04:00:00,6475.448,6492.939,6434.233,6447.899,240,702
2026-03-23 08:00:00,6447.742,6696.945,6440.442,6588.999,240,702
2026-03-23 12:00:00,6588.554,6652.354,6575.945,6585.433,240,1103
2026-03-23 16:00:00,6585.739,6623.051,6564.739,6580.951,240,501
2026-03-23 20:00:00,6580.439,6600.942,6569.033,6593.636,135,704
2026-03-24 00:00:00,6593.151,6593.651,6538.645,6551.539,240,700
2026-03-24 04:00:00,6551.936,6601.939,6531.151,6593.548,240,703
2026-03-24 08:00:00,6593.845,6600.354,6552.654,6575.433,240,705
2026-03-24 12:00:00,6575.945,6595.851,6523.645,6575.548,231,702
2026-03-24 16:00:00,6575.848,6592.354,6549.642,6558.248,240,501
2026-03-24 20:00:00,6557.899,6611.699,6556.539,6602.299,135,702
2026-03-25 00:00:00,6602.054,6622.742,6585.733,6599.245,240,702
2026-03-25 04:00:00,6598.754,6610.254,6588.533,6605.933,240,705
2026-03-25 08:00:00,6606.048,6632.799,6600.739,6622.051,240,703
2026-03-25 12:00:00,6623.054,6635.848,6567.242,6595.099,240,704
2026-03-25 16:00:00,6594.933,6619.436,6581.042,6593.033,240,503
2026-03-25 20:00:00,6594.248,6597.499,6572.642,6580.942,135,699
2026-03-26 00:00:00,6581.454,6597.999,6562.651,6590.454,240,700
2026-03-26 04:00:00,6590.636,6591.539,6552.445,6565.536,240,702
2026-03-26 08:00:00,6565.636,6573.551,6530.136,6530.533,240,704
2026-03-26 12:00:00,6531.142,6573.845,6525.799,6540.454,240,701
2026-03-26 16:00:00,6540.254,6542.054,6473.939,6477.154,240,505
2026-03-26 20:00:00,6476.651,6549.948,6470.539,6506.736,135,700
2026-03-27 00:00:00,6506.999,6513.245,6489.739,6506.945,240,701
2026-03-27 04:00:00,6506.851,6523.845,6497.239,6501.999,240,701
2026-03-27 08:00:00,6502.448,6506.342,6444.742,6457.233,240,702
2026-03-27 12:00:00,6457.942,6458.799,6407.399,6426.845,240,701
2026-03-27 16:00:00,6427.051,6428.354,6353.845,6364.839,240,504
2026-03-27 20:00:00,6364.354,6367.348,6354.942,6357.733,15,699
2026-03-30 00:00:00,6323.545,6366.999,6316.542,6364.136,240,701
2026-03-30 04:00:00,6364.248,6394.199,6362.454,6391.148,240,705
2026-03-30 08:00:00,6390.454,6435.754,6385.433,6405.999,240,703
2026-03-30 12:00:00,6406.499,6427.236,6369.745,6397.251,240,701
2026-03-30 16:00:00,6397.042,6398.242,6315.751,6344.248,240,506
2026-03-30 20:00:00,6344.651,6348.851,6323.599,6329.154,135,700
2026-03-31 00:00:00,6329.242,6417.248,6310.351,6399.354,240,701
2026-03-31 04:00:00,6399.242,6411.399,6378.033,6411.148,240,702
2026-03-31 08:00:00,6410.142,6422.742,6380.042,6409.639,240,701
2026-03-31 12:00:00,6410.639,6453.736,6394.345,6421.451,240,702
2026-03-31 16:00:00,6421.742,6539.451,6418.739,6527.733,240,501
2026-03-31 20:00:00,6527.948,6548.651,6518.048,6546.642,135,700
2026-04-01 00:00:00,6546.151,6551.051,6532.339,6537.348,240,701
2026-04-01 04:00:00,6537.245,6579.348,6536.239,6557.142,240,702
2026-04-01 08:00:00,6557.354,6587.351,6543.145,6584.339,240,701
2026-04-01 12:00:00,6584.545,6605.348,6546.833,6602.533,240,702
2026-04-01 16:00:00,6602.642,6609.199,6559.842,6575.233,240,503
2026-04-01 20:00:00,6575.342,6579.233,6566.348,6570.542,135,706
2026-04-02 00:00:00,6570.342,6588.351,6491.836,6493.251,240,704
2026-04-02 04:00:00,6493.345,6505.551,6476.045,6504.842,240,701
2026-04-02 08:00:00,6505.339,6506.439,6464.333,6464.336,240,703
2026-04-02 12:00:00,6465.399,6603.542,6459.739,6564.651,240,708
2026-04-02 16:00:00,6564.145,6584.654,6546.136,6582.642,240,501
2026-04-02 20:00:00,6583.436,6584.151,6578.533,6582.039,14,703
2026-04-06 00:00:00,6549.451,6597.754,6548.433,6573.942,240,702
2026-04-06 04:00:00,6574.139,6601.199,6572.936,6596.639,240,705
2026-04-06 08:00:00,6597.354,6612.936,6581.745,6588.833,240,700
2026-04-06 12:00:00,6588.954,6620.336,6580.036,6602.139,240,704
2026-04-06 16:00:00,6602.345,6612.354,6578.645,6612.199,240,502
2026-04-06 20:00:00,6612.233,6618.999,6601.433,6601.654,135,700
2026-04-07 00:00:00,6600.254,6614.454,6568.936,6582.136,240,701
2026-04-07 04:00:00,6582.236,6590.236,6576.299,6587.751,240,700
2026-04-07 08:00:00,6587.651,6626.742,6571.239,6579.439,240,700
2026-04-07 12:00:00,6579.939,6600.248,6533.833,6561.539,240,702
2026-04-07 16:00:00,6561.739,6618.548,6557.339,6618.345,240,501
2026-04-07 20:00:00,6618.039,6779.199,6609.499,6764.899,135,703
2026-04-08 00:00:00,6764.354,6779.499,6748.945,6775.654,240,701
2026-04-08 04:00:00,6775.845,6798.499,6775.845,6779.333,240,705
2026-04-08 08:00:00,6779.154,6807.654,6777.836,6799.942,240,704
2026-04-08 12:00:00,6800.451,6805.945,6739.554,6773.033,240,703
2026-04-08 16:00:00,6772.848,6790.248,6751.442,6784.639,240,504
2026-04-08 20:00:00,6784.139,6786.554,6770.536,6772.533,135,699
2026-04-09 00:00:00,6772.848,6777.348,6763.839,6770.339,240,702
2026-04-09 04:00:00,6770.536,6777.051,6754.033,6758.539,240,700
2026-04-09 08:00:00,6758.842,6767.545,6752.536,6765.333,240,701
2026-04-09 12:00:00,6765.845,6812.633,6760.836,6811.999,240,704
2026-04-09 16:00:00,6812.154,6835.439,6808.542,6824.454,240,502
2026-04-09 20:00:00,6824.339,6824.339,6812.333,6817.148,135,702
2026-04-10 00:00:00,6817.251,6830.336,6813.333,6827.848,240,703
2026-04-10 04:00:00,6827.736,6828.199,6815.633,6822.836,240,715
2026-04-10 08:00:00,6823.199,6832.048,6811.842,6825.545,238,706
2026-04-10 12:00:00,6825.699,6845.883,6814.433,6817.742,216,710
2026-04-10 16:00:00,6817.445,6823.999,6807.239,6815.499,240,505
2026-04-10 20:00:00,6815.736,6818.648,6812.142,6816.851,15,699
2026-04-13 00:00:00,6746.051,6769.045,6738.833,6762.951,240,702
2026-04-13 04:00:00,6762.851,6779.045,6761.336,6773.842,240,708
2026-04-13 08:00:00,6773.742,6792.533,6765.348,6766.354,240,703
2026-04-13 12:00:00,6766.836,6829.845,6763.936,6817.899,240,704
2026-04-13 16:00:00,6818.139,6886.399,6813.151,6885.133,240,506
2026-04-13 20:00:00,6884.699,6893.545,6881.051,6887.748,133,705
2026-04-14 00:00:00,6887.642,6889.999,6882.733,6886.251,240,700
2026-04-14 04:00:00,6886.042,6900.245,6882.533,6895.533,236,717
2026-04-14 08:00:00,6895.242,6907.099,6890.239,6901.042,240,703
2026-04-14 12:00:00,6901.148,6956.599,6898.733,6952.048,240,705
2026-04-14 16:00:00,6951.839,6969.433,6944.945,6966.936,240,500
2026-04-14 20:00:00,6967.454,6975.245,6962.033,6970.548,135,711
2026-04-15 00:00:00,6970.236,6974.254,6965.648,6971.551,239,707
2026-04-15 04:00:00,6971.739,6978.445,6961.042,6967.048,239,712
2026-04-15 08:00:00,6967.545,6975.639,6953.799,6970.733,240,706
2026-04-15 12:00:00,6970.533,6999.548,6964.236,6994.036,240,702
2026-04-15 16:00:00,6993.833,7026.348,6981.333,7022.042,240,505
2026-04-15 20:00:00,7021.842,7032.242,7016.254,7031.399,133,700
2026-04-16 00:00:00,7031.454,7039.848,7028.536,7033.848,240,702
2026-04-16 04:00:00,7033.599,7040.899,7030.833,7033.051,239,706
2026-04-16 08:00:00,7033.399,7034.399,7021.536,7031.054,240,702
2026-04-16 12:00:00,7031.399,7046.854,7008.836,7045.642,240,708
2026-04-16 16:00:00,7045.942,7050.999,7018.154,7038.442,240,503
2026-04-16 20:00:00,7038.199,7049.454,7036.533,7047.445,135,703
2026-04-17 00:00:00,7047.645,7048.651,7040.439,7041.945,240,702
2026-04-17 04:00:00,7042.139,7051.651,7039.433,7050.642,239,701
2026-04-17 08:00:00,7050.933,7066.199,7048.648,7065.133,240,703
2026-04-17 12:00:00,7064.936,7137.633,7063.633,7131.599,240,703
2026-04-17 16:00:00,7131.345,7148.054,7113.648,7123.842,240,500
2026-04-17 20:00:00,7124.142,7128.799,7123.754,7128.099,15,700
2026-04-20 00:00:00,7070.042,7089.699,7065.233,7082.554,240,701
2026-04-20 04:00:00,7082.351,7094.199,7072.842,7082.151,240,706
2026-04-20 08:00:00,7082.639,7099.254,7073.545,7092.342,240,702
2026-04-20 12:00:00,7092.645,7122.754,7084.936,7099.545,240,704
2026-04-20 16:00:00,7099.842,7112.354,7093.554,7112.036,240,508
2026-04-20 20:00:00,7112.136,7124.799,7109.748,7118.733,133,699
2026-04-21 00:00:00,7118.954,7126.245,7113.951,7120.739,240,706
2026-04-21 04:00:00,7120.945,7129.499,7120.339,7121.954,235,706
2026-04-21 08:00:00,7121.748,7146.799,7118.236,7139.451,240,705
2026-04-21 12:00:00,7140.133,7140.951,7083.436,7090.248,240,704
2026-04-21 16:00:00,7090.433,7102.245,7048.942,7064.248,240,505
2026-04-21 20:00:00,7064.439,7102.848,7055.636,7095.499,135,700
2026-04-22 00:00:00,7095.751,7107.299,7095.742,7100.251,240,706
2026-04-22 04:00:00,7100.445,7111.839,7093.151,7106.754,240,703
2026-04-22 08:00:00,7106.845,7110.936,7094.436,7106.233,240,705
2026-04-22 12:00:00,7106.842,7130.854,7101.936,7119.836,240,705
2026-04-22 16:00:00,7119.645,7138.205,7111.333,7135.472,240,502
2026-04-22 20:00:00,7135.722,7138.091,7124.679,7128.884,134,504
2026-04-23 00:00:00,7128.929,7129.372,7071.869,7093.381,240,508
2026-04-23 04:00:00,7093.236,7115.119,7089.745,7111.254,240,501
2026-04-23 08:00:00,7111.375,7126.875,7091.875,7124.366,240,500
2026-04-23 12:00:00,7123.363,7147.502,7109.875,7134.849,240,502
2026-04-23 16:00:00,7134.536,7136.348,7046.443,7107.495,239,504
2026-04-23 20:00:00,7107.998,7121.179,7099.054,7121.131,135,503
2026-04-24 00:00:00,7122.372,7129.179,7104.116,7106.875,240,508
2026-04-24 04:00:00,7106.679,7123.122,7104.884,7121.381,240,508
2026-04-24 08:00:00,7120.875,7157.116,7103.248,7138.631,240,501
2026-04-24 12:00:00,7138.872,7164.179,7112.878,7161.378,239,502
2026-04-24 16:00:00,7161.881,7168.241,7150.892,7162.694,240,504
2026-04-24 20:00:00,7162.922,7165.026,7158.978,7160.692,15,508
2026-04-27 00:00:00,7147.475,7177.083,7146.029,7171.719,240,502
2026-04-27 04:00:00,7171.466,7173.969,7153.963,7155.833,240,517
2026-04-27 08:00:00,7155.972,7167.231,7150.213,7165.466,240,512
2026-04-27 12:00:00,7165.779,7167.151,7145.345,7156.839,240,502
2026-04-27 16:00:00,7157.151,7179.351,7154.639,7175.151,240,512
2026-04-27 20:00:00,7175.333,7189.251,7171.299,7185.999,135,706
2026-04-28 00:00:00,7186.342,7191.845,7173.433,7176.954,240,705
2026-04-28 04:00:00,7177.299,7181.799,7159.442,7165.733,240,702
2026-04-28 08:00:00,7165.951,7170.742,7124.233,7127.336,240,703
2026-04-28 12:00:00,7127.654,7152.333,7115.533,7123.054,240,702
2026-04-28 16:00:00,7123.433,7145.599,7116.833,7141.039,240,507
2026-04-28 20:00:00,7140.899,7149.654,7136.933,7149.499,131,699
2026-04-29 00:00:00,7149.536,7157.954,7139.539,7152.645,238,700
2026-04-29 04:00:00,7152.948,7158.499,7139.448,7144.639,239,715
2026-04-29 08:00:00,7145.845,7150.999,7136.542,7143.454,240,702
2026-04-29 12:00:00,7143.142,7145.599,7115.236,7123.451,240,700
2026-04-29 16:00:00,7123.799,7138.845,7107.351,7138.336,240,501
2026-04-29 20:00:00,7138.536,7166.742,7105.233,7163.136,135,702
2026-04-30 00:00:00,7163.236,7171.299,7135.933,7142.254,240,700
2026-04-30 04:00:00,7142.336,7142.499,7104.245,7131.242,240,701
2026-04-30 08:00:00,7131.448,7170.633,7128.836,7164.751,240,700
2026-04-30 12:00:00,7164.648,7181.499,7127.836,7169.833,240,701
2026-04-30 16:00:00,7170.039,7222.048,7163.333,7214.836,240,504
2026-04-30 20:00:00,7214.748,7235.733,7207.939,7224.954,135,701
2026-05-01 00:00:00,7225.448,7238.248,7222.945,7232.499,235,706
2026-05-01 04:00:00,7232.736,7232.951,7221.145,7221.942,240,700
2026-05-01 08:00:00,7222.433,7228.942,7218.936,7228.436,240,701
2026-05-01 12:00:00,7228.748,7272.799,7226.845,7257.599,240,704
2026-05-01 16:00:00,7257.242,7259.542,7229.442,7229.539,240,503
2026-05-01 20:00:00,7229.233,7230.439,7224.139,7226.154,15,697
2026-05-04 00:00:00,7233.933,7241.248,7226.736,7239.333,240,706
2026-05-04 04:00:00,7239.299,7246.799,7231.736,7237.439,240,707
2026-05-04 08:00:00,7236.899,7239.999,7186.233,7217.439,240,702
2026-05-04 12:00:00,7217.639,7243.351,7191.536,7197.533,240,706
2026-05-04 16:00:00,7198.048,7211.899,7173.048,7202.836,240,501
2026-05-04 20:00:00,7203.036,7207.299,7195.242,7199.945,134,699
2026-05-05 00:00:00,7200.142,7214.745,7196.451,7213.454,240,708
2026-05-05 04:00:00,7213.751,7229.499,7208.751,7220.254,240,713
2026-05-05 08:00:00,7220.151,7234.445,7219.933,7231.242,240,704
2026-05-05 12:00:00,7230.948,7259.036,7229.233,7252.599,240,700
2026-05-05 16:00:00,7252.839,7272.554,7252.036,7260.099,240,507
2026-05-05 20:00:00,7260.348,7293.439,7259.251,7287.945,135,708
2026-05-06 00:00:00,7288.445,7289.451,7272.945,7281.442,239,702
2026-05-06 04:00:00,7281.633,7288.136,7277.451,7284.433,240,709
2026-05-06 08:00:00,7284.642,7338.954,7279.133,7321.542,240,706
2026-05-06 12:00:00,7321.939,7348.142,7301.039,7339.136,240,703
2026-05-06 16:00:00,7338.654,7369.048,7328.139,7363.142,240,501
2026-05-06 20:00:00,7363.351,7368.739,7350.933,7353.739,135,702
2026-05-07 00:00:00,7353.442,7366.936,7352.433,7364.499,240,700
2026-05-07 04:00:00,7364.245,7384.499,7363.436,7375.833,240,720
2026-05-07 08:00:00,7376.248,7382.299,7363.739,7370.433,240,701
2026-05-07 12:00:00,7369.942,7384.351,7358.336,7362.348,240,702
2026-05-07 16:00:00,7362.851,7362.851,7320.048,7335.351,240,501
2026-05-07 20:00:00,7338.345,7352.954,7319.839,7338.451,135,700
2026-05-08 00:00:00,7339.139,7355.151,7339.139,7353.654,240,703
2026-05-08 04:00:00,7353.845,7364.199,7350.642,7362.845,240,706
2026-05-08 08:00:00,7363.145,7377.454,7361.633,7375.442,240,705
2026-05-08 12:00:00,7375.133,7398.254,7364.654,7391.599,240,702
2026-05-08 16:00:00,7391.751,7403.248,7383.236,7396.248,240,506
2026-05-08 20:00:00,7396.048,7399.648,7394.133,7396.142,15,708
2026-05-11 00:00:00,7378.533,7390.942,7372.539,7386.751,240,701
2026-05-11 04:00:00,7386.948,7391.748,7382.799,7389.939,240,707
2026-05-11 08:00:00,7390.039,7396.051,7385.733,7389.633,240,702
2026-05-11 12:00:00,7389.551,7425.433,7378.536,7424.245,240,705
2026-05-11 16:00:00,7424.436,7430.433,7403.439,7414.499,240,506
2026-05-11 20:00:00,7414.748,7419.851,7402.148,7414.836,132,701
2026-05-12 00:00:00,7414.633,7414.633,7387.342,7401.639,240,701
2026-05-12 04:00:00,7401.548,7403.899,7378.633,7392.142,240,699
2026-05-12 08:00:00,7392.233,7392.748,7378.333,7384.136,240,700
2026-05-12 12:00:00,7384.699,7397.045,7339.736,7346.439,240,702
2026-05-12 16:00:00,7346.754,7409.954,7339.936,7404.499,240,502
2026-05-12 20:00:00,7404.148,7404.299,7388.648,7388.648,135,701
2026-05-13 00:00:00,7388.133,7413.148,7386.848,7410.833,240,701
2026-05-13 04:00:00,7410.736,7423.199,7409.854,7421.636,240,698
2026-05-13 08:00:00,7421.833,7430.699,7415.136,7418.139,240,704
2026-05-13 12:00:00,7418.039,7423.254,7375.554,7418.299,236,704
2026-05-13 16:00:00,7417.948,7459.799,7416.242,7445.054,240,501
2026-05-13 20:00:00,7444.799,7460.554,7442.999,7457.033,135,704
2026-05-14 00:00:00,7456.736,7465.554,7448.536,7450.051,240,701
2026-05-14 04:00:00,7450.245,7465.799,7447.733,7456.036,240,701
2026-05-14 08:00:00,7455.954,7472.745,7451.733,7467.542,240,703
2026-05-14 12:00:00,7467.739,7514.454,7456.842,7514.348,240,700
2026-05-14 16:00:00,7514.136,7516.945,7484.139,7503.142,240,506
2026-05-14 20:00:00,7502.954,7506.854,7497.236,7498.799,134,701
2026-05-15 00:00:00,7498.851,7504.499,7471.745,7483.242,240,700
2026-05-15 04:00:00,7483.151,7483.151,7440.742,7452.439,240,701
2026-05-15 08:00:00,7453.436,7453.436,7413.754,7424.399,240,703
2026-05-15 12:00:00,7424.448,7446.151,7398.339,7422.148,240,701
2026-05-15 16:00:00,7422.954,7454.139,7405.642,7409.133,240,507
2026-05-15 20:00:00,7409.933,7412.454,7387.954,7398.039,15,700
2026-05-18 00:00:00,7390.045,7393.899,7353.839,7364.136,240,702
2026-05-18 04:00:00,7364.245,7386.636,7354.845,7375.236,240,704
2026-05-18 08:00:00,7375.851,7411.651,7365.348,7392.854,240,702
2026-05-18 12:00:00,7393.348,7433.251,7370.748,7382.054,240,705
2026-05-18 16:00:00,7382.539,7407.099,7353.036,7404.739,240,501
2026-05-18 20:00:00,7405.245,7418.136,7396.139,7408.442,135,704
2026-05-19 00:00:00,7408.999,7419.854,7382.236,7391.948,240,701
2026-05-19 04:00:00,7391.833,7412.439,7370.936,7408.936,240,701
2026-05-19 08:00:00,7409.454,7410.454,7363.645,7368.339,240,701
2026-05-19 12:00:00,7368.251,7383.951,7333.733,7348.239,240,700
2026-05-19 16:00:00,7348.939,7394.499,7341.454,7356.636,240,502
2026-05-19 20:00:00,7356.936,7373.539,7347.633,7361.548,135,699
2026-05-20 00:00:00,7361.099,7366.654,7335.836,7345.248,240,706
2026-05-20 04:00:00,7345.345,7372.351,7342.136,7364.833,240,701
2026-05-20 08:00:00,7365.354,7391.699,7364.339,7378.733,240,701
2026-05-20 12:00:00,7378.645,7437.754,7356.748,7421.054,240,709
2026-05-20 16:00:00,7421.248,7434.248,7403.542,7431.045,240,500
2026-05-20 20:00:00,7431.545,7431.551,7387.254,7400.399,135,701
2026-05-21 00:00:00,7400.236,7427.354,7394.099,7423.342,240,703
2026-05-21 04:00:00,7423.536,7436.833,7405.936,7419.754,240,700
2026-05-21 08:00:00,7419.451,7448.899,7394.539,7409.439,240,701
2026-05-21 12:00:00,7409.599,7423.836,7389.333,7410.342,240,702
2026-05-21 16:00:00,7410.648,7466.899,7398.348,7445.142,240,505
2026-05-21 20:00:00,7444.642,7465.448,7443.539,7461.339,135,699
2026-05-22 00:00:00,7461.742,7470.451,7455.954,7470.451,240,702
2026-05-22 04:00:00,7470.736,7476.499,7463.433,7470.654,240,705
2026-05-22 08:00:00,7470.445,7482.342,7451.442,7462.748,240,707
2026-05-22 12:00:00,7462.433,7499.154,7460.133,7493.851,240,705
2026-05-22 16:00:00,7493.936,7506.899,7466.742,7472.945,240,501
2026-05-22 20:00:00,7472.454,7477.651,7470.133,7477.199,15,699
2026-05-25 00:00:00,7521.054,7542.551,7518.545,7539.051,238,701
2026-05-25 04:00:00,7539.351,7549.354,7531.748,7544.539,240,706
2026-05-25 08:00:00,7544.733,7549.554,7536.533,7547.554,238,901
2026-05-25 12:00:00,7547.339,7552.951,7537.636,7542.433,240,700
2026-05-25 16:00:00,7542.642,7546.699,7538.951,7545.133,59,519
2026-05-25 20:00:00,7548.545,7548.545,7526.345,7531.336,120,708
2026-05-26 00:00:00,7531.648,7531.648,7515.533,7524.199,240,702
2026-05-26 04:00:00,7524.333,7527.854,7509.354,7514.848,240,713
2026-05-26 08:00:00,7515.339,7534.899,7511.836,7523.899,240,702
2026-05-26 12:00:00,7523.645,7538.554,7500.545,7506.333,240,700
2026-05-26 16:00:00,7506.536,7525.848,7501.833,7522.236,240,501
2026-05-26 20:00:00,7522.033,7528.748,7513.799,7527.736,135,705
2026-05-27 00:00:00,7527.554,7532.799,7522.033,7523.039,240,703
2026-05-27 04:00:00,7522.748,7532.554,7519.745,7532.039,240,712
2026-05-27 08:00:00,7531.599,7550.554,7531.233,7535.299,240,705
2026-05-27 12:00:00,7535.533,7554.736,7500.551,7508.348,240,705
2026-05-27 16:00:00,7508.054,7529.042,7499.045,7524.033,240,506
2026-05-27 20:00:00,7523.348,7542.154,7516.645,7518.936,135,700
2026-05-28 00:00:00,7518.442,7536.148,7496.133,7497.145,240,709
2026-05-28 04:00:00,7497.442,7518.442,7490.436,7516.142,240,704
2026-05-28 08:00:00,7516.639,7520.199,7500.439,7506.442,240,701
2026-05-28 12:00:00,7506.642,7561.054,7505.433,7559.054,240,704
2026-05-28 16:00:00,7559.251,7569.499,7555.233,7565.451,240,504
2026-05-28 20:00:00,7564.942,7577.099,7563.548,7570.039,134,703
2026-05-29 00:00:00,7569.751,7570.799,7557.545,7565.299,240,706
2026-05-29 04:00:00,7565.533,7577.299,7564.799,7571.299,172,709
2026-05-29 08:00:00,7571.742,7580.499,7566.748,7578.051,240,700
2026-05-29 12:00:00,7578.248,7597.499,7563.536,7580.548,240,701
2026-05-29 16:00:00,7580.845,7595.348,7568.639,7582.145,240,504
2026-06-01 00:00:00,7592.248,7606.445,7591.439,7599.248,240,709
2026-06-01 04:00:00,7599.454,7607.299,7594.436,7598.233,240,703
2026-06-01 08:00:00,7598.448,7609.133,7592.745,7600.936,240,702
2026-06-01 12:00:00,7601.133,7602.499,7563.345,7583.245,240,716
2026-06-01 16:00:00,7583.539,7619.499,7574.751,7601.533,240,502
2026-06-01 20:00:00,7601.242,7603.645,7579.142,7583.936,135,701
2026-06-02 00:00:00,7583.633,7584.145,7564.433,7569.951,240,702
2026-06-02 04:00:00,7569.842,7594.445,7569.436,7594.142,240,706
2026-06-02 08:00:00,7594.454,7598.454,7583.439,7584.136,240,700
2026-06-02 12:00:00,7584.339,7620.048,7575.954,7612.742,240,705
2026-06-02 16:00:00,7613.036,7616.042,7602.533,7611.036,240,508
2026-06-02 20:00:00,7611.436,7617.951,7591.254,7613.054,135,699
2026-06-03 00:00:00,7613.533,7615.748,7607.745,7612.251,240,703
2026-06-03 04:00:00,7612.054,7614.542,7604.299,7608.799,237,720
2026-06-03 08:00:00,7609.054,7611.048,7599.148,7605.036,240,702
2026-06-03 12:00:00,7605.233,7607.254,7563.836,7568.645,240,704
2026-06-03 16:00:00,7568.745,7576.751,7551.833,7562.199,240,509
2026-06-03 20:00:00,7561.842,7561.845,7517.651,7522.733,135,706
2026-06-04 00:00:00,7522.236,7539.499,7515.933,7531.945,240,708
2026-06-04 04:00:00,7532.148,7546.299,7526.848,7541.951,240,703
2026-06-04 08:00:00,7541.736,7541.954,7512.939,7532.399,240,702
2026-06-04 12:00:00,7532.251,7574.651,7525.251,7568.336,240,704
2026-06-04 16:00:00,7568.648,7598.654,7566.642,7587.199,240,502
2026-06-04 20:00:00,7586.845,7589.045,7561.733,7561.754,135,699
2026-06-05 00:00:00,7561.936,7561.936,7535.239,7544.939,240,702
2026-06-05 04:00:00,7545.136,7553.754,7535.499,7545.736,240,701
2026-06-05 08:00:00,7545.951,7567.245,7542.933,7551.442,240,701
2026-06-05 12:00:00,7551.636,7556.239,7475.433,7479.436,240,703
2026-06-05 16:00:00,7479.145,7479.448,7369.139,7390.142,240,501
2026-06-05 20:00:00,7391.099,7391.099,7353.636,7357.448,15,899
2026-06-08 00:00:00,7390.036,7412.699,7374.099,7406.348,240,703
2026-06-08 04:00:00,7406.654,7418.648,7376.151,7412.833,240,703
2026-06-08 08:00:00,7412.645,7447.399,7396.839,7436.633,240,702
2026-06-08 12:00:00,7436.733,7466.345,7418.933,7441.939,236,703
2026-06-08 16:00:00,7437.236,7452.242,7393.739,7406.445,230,502
2026-06-08 20:00:00,7406.139,7409.248,7381.133,7400.742,135,699
2026-06-09 00:00:00,7400.542,7423.242,7380.399,7420.651,240,701
2026-06-09 04:00:00,7420.542,7436.854,7418.145,7423.145,221,704
2026-06-09 08:00:00,7422.142,7445.542,7418.551,7433.699,239,700
2026-06-09 12:00:00,7433.348,7481.939,7302.336,7303.742,240,709
2026-06-09 16:00:00,7303.648,7389.742,7238.551,7383.233,240,502
2026-06-09 20:00:00,7383.133,7390.048,7355.542,7370.233,135,700
2026-06-10 00:00:00,7371.242,7384.739,7355.948,7364.042,240,702
2026-06-10 04:00:00,7363.945,7367.251,7345.539,7359.033,240,700
2026-06-10 08:00:00,7358.799,7359.299,7298.248,7313.742,240,704
2026-06-10 12:00:00,7313.951,7396.348,7297.151,7331.836,240,701
2026-06-10 16:00:00,7332.045,7337.648,7266.299,7267.554,240,501
2026-06-10 20:00:00,7267.145,7269.542,7223.754,7240.648,135,700
2026-06-11 00:00:00,7241.151,7297.199,7237.248,7296.148,240,701
2026-06-11 04:00:00,7296.033,7322.536,7286.142,7318.351,240,703
2026-06-11 08:00:00,7318.645,7330.133,7308.833,7323.342,240,703
2026-06-11 12:00:00,7323.642,7326.954,7254.733,7292.342,240,703
2026-06-11 16:00:00,7292.842,7412.299,7264.745,7387.539,240,501
2026-06-11 20:00:00,7387.839,7410.942,7382.933,7409.042,135,699
2026-06-12 00:00:00,7408.548,7415.554,7391.033,7401.199,240,701
2026-06-12 04:00:00,7401.551,7406.748,7369.042,7394.548,240,709
2026-06-12 08:00:00,7395.048,7445.236,7393.233,7437.254,240,701
2026-06-12 12:00:00,7436.945,7456.954,7361.636,7400.951,240,703
2026-06-12 16:00:00,7401.333,7442.145,7394.033,7428.645,240,502
2026-06-12 20:00:00,7428.342,7436.548,7427.233,7436.539,15,700
2026-06-15 00:00:00,7489.945,7516.733,7487.451,7512.936,240,703
2026-06-15 04:00:00,7512.899,7526.499,7510.433,7515.733,240,704
2026-06-15 08:00:00,7515.436,7530.999,7511.736,7525.148,240,701
2026-06-15 12:00:00,7525.233,7574.115,7516.736,7572.354,240,702
2026-06-15 16:00:00,7572.886,7578.219,7545.696,7558.345,240,534
2026-06-15 20:00:00,7558.748,7560.745,7542.439,7550.345,135,442
2026-06-16 00:00:00,7550.245,7557.448,7542.733,7552.845,240,405
2026-06-16 04:00:00,7552.754,7557.739,7545.236,7554.354,240,389
2026-06-16 08:00:00,7554.299,7563.999,7548.742,7561.245,240,393
2026-06-16 12:00:00,7561.239,7566.351,7527.933,7538.733,240,388
2026-06-16 16:00:00,7538.936,7550.945,7509.142,7516.399,240,500
2026-06-16 20:00:00,7516.148,7524.254,7507.533,7518.654,135,704
2026-06-17 00:00:00,7518.854,7532.899,7518.854,7532.636,240,705
2026-06-17 04:00:00,7532.599,7539.251,7527.833,7532.545,239,705
2026-06-17 08:00:00,7532.336,7534.854,7509.316,7513.336,215,703
2026-06-17 12:00:00,7513.354,7532.174,7488.742,7517.059,240,341
2026-06-17 16:00:00,7516.648,7521.209,7402.539,7421.825,241,468
2026-06-17 20:00:00,7422.248,7473.378,7419.175,7473.378,135,563
2026-06-18 00:00:00,7473.619,7493.634,7470.336,7486.054,240,703
2026-06-18 04:00:00,7485.851,7489.851,7469.839,7489.842,240,707
2026-06-18 08:00:00,7490.333,7498.599,7461.845,7473.533,240,705
2026-06-18 12:00:00,7474.099,7512.154,7466.442,7492.499,240,702
2026-06-18 16:00:00,7492.192,7511.132,7480.836,7496.514,240,414
2026-06-18 20:00:00,7496.639,7510.399,7490.225,7499.342,135,540
2026-06-19 00:00:00,7499.145,7499.645,7469.839,7472.351,240,702
2026-06-19 04:00:00,7472.654,7488.799,7451.339,7487.833,240,705
2026-06-19 08:00:00,7488.154,7495.842,7470.842,7477.839,240,703
2026-06-19 12:00:00,7478.148,7502.248,7468.399,7497.799,240,702
2026-06-19 16:00:00,7497.445,7500.933,7491.148,7491.651,59,501
2026-06-22 00:00:00,7449.948,7491.139,7448.499,7468.651,240,702
2026-06-22 04:00:00,7468.436,7501.454,7459.534,7496.699,240,704
2026-06-22 08:00:00,7496.845,7511.433,7486.636,7495.739,240,702
2026-06-22 12:00:00,7496.033,7530.139,7460.504,7474.499,240,698
2026-06-22 16:00:00,7474.599,7485.971,7460.053,7475.199,240,356
2026-06-22 20:00:00,7474.545,7480.036,7459.836,7465.645,135,699
2026-06-23 00:00:00,7465.151,7479.136,7428.866,7442.648,240,701
2026-06-23 04:00:00,7442.854,7445.851,7362.336,7367.333,240,702
2026-06-23 08:00:00,7367.239,7387.345,7354.366,7384.633,240,704
2026-06-23 12:00:00,7384.342,7424.136,7349.128,7387.751,240,703
2026-06-23 16:00:00,7387.745,7410.848,7363.533,7366.399,240,501
2026-06-23 20:00:00,7366.839,7384.145,7351.913,7378.545,135,514
2026-06-24 00:00:00,7378.431,7391.542,7358.666,7379.428,240,429
2026-06-24 04:00:00,7379.936,7391.454,7366.413,7374.954,240,432
2026-06-24 08:00:00,7375.154,7396.951,7370.922,7395.434,240,431
2026-06-24 12:00:00,7395.286,7427.999,7369.479,7411.945,240,465
2026-06-24 16:00:00,7412.025,7417.299,7337.249,7362.345,240,371
2026-06-24 20:00:00,7361.851,7418.384,7354.893,7405.351,135,700
2026-06-25 00:00:00,7405.942,7406.651,7385.936,7402.845,240,701
2026-06-25 04:00:00,7403.139,7422.442,7393.442,7421.654,240,703
2026-06-25 08:00:00,7421.445,7424.699,7405.636,7409.433,240,706
2026-06-25 12:00:00,7409.539,7429.454,7322.799,7369.249,246,702
2026-06-25 16:00:00,7368.848,7389.651,7341.122,7361.548,240,398
2026-06-25 20:00:00,7361.554,7388.001,7349.995,7357.624,135,697
2026-06-26 00:00:00,7357.736,7368.442,7292.242,7316.859,240,683
2026-06-26 04:00:00,7317.001,7348.545,7299.239,7344.603,240,625
2026-06-26 08:00:00,7345.236,7349.245,7311.739,7319.751,240,594
2026-06-26 12:00:00,7319.551,7393.845,7297.054,7381.143,240,696
2026-06-26 16:00:00,7381.282,7386.156,7325.462,7325.844,241,501
2026-06-26 20:00:00,7325.098,7348.599,7305.154,7347.074,15,518
2026-06-29 00:00:00,7382.154,7388.729,7356.245,7386.479,240,441
2026-06-29 04:00:00,7385.436,7394.172,7372.666,7386.648,240,426
2026-06-29 08:00:00,7387.425,7407.836,7383.413,7399.413,240,421
2026-06-29 12:00:00,7399.425,7424.931,7346.172,7413.933,240,455
2026-06-29 16:00:00,7414.069,7444.221,7408.233,7436.548,240,420
2026-06-29 20:00:00,7436.999,7438.799,7429.933,7435.631,135,644
2026-06-30 00:00:00,7433.754,7445.748,7422.119,7440.536,240,704
2026-06-30 04:00:00,7440.736,7453.354,7439.833,7440.854,240,701
2026-06-30 08:00:00,7441.036,7456.351,7433.042,7449.533,240,697
2026-06-30 12:00:00,7449.742,7488.399,7430.733,7486.342,240,700
2026-06-30 16:00:00,7486.336,7508.399,7485.836,7485.836,240,418
2026-06-30 20:00:00,7488.154,7493.754,7483.033,7485.754,135,587
2026-07-01 00:00:00,7485.936,7490.251,7458.745,7473.745,240,700
2026-07-01 04:00:00,7473.599,7476.048,7453.219,7464.039,240,701
2026-07-01 08:00:00,7463.948,7481.042,7461.239,7472.048,240,701
2026-07-01 12:00:00,7472.239,7522.551,7448.842,7515.049,240,706
2026-07-01 16:00:00,7515.299,7521.454,7479.636,7485.136,240,503
2026-07-01 20:00:00,7485.519,7487.039,7471.733,7477.839,135,410
2026-07-02 00:00:00,7477.099,7503.631,7465.936,7497.645,240,701
2026-07-02 04:00:00,7497.945,7499.151,7463.139,7474.145,240,702
2026-07-02 08:00:00,7474.854,7492.551,7465.433,7486.433,240,700
2026-07-02 12:00:00,7486.136,7539.899,7467.323,7473.373,240,701
2026-07-02 16:00:00,7473.048,7482.345,7427.136,7474.833,240,417
2026-07-02 20:00:00,7474.956,7488.339,7466.536,7486.833,135,418
2026-07-03 00:00:00,7487.036,7506.154,7478.136,7504.833,240,703
2026-07-03 04:00:00,7505.145,7515.899,7499.822,7502.633,240,705
2026-07-03 08:00:00,7502.745,7504.651,7496.548,7503.148,240,703
2026-07-03 12:00:00,7503.351,7512.442,7499.839,7509.748,240,701
2026-07-03 16:00:00,7509.499,7509.948,7504.445,7508.239,59,512
2026-07-06 00:00:00,7520.842,7524.945,7488.933,7492.939,240,704
2026-07-06 04:00:00,7493.245,7514.299,7490.736,7513.733,240,701
2026-07-06 08:00:00,7513.436,7517.445,7507.145,7507.442,240,702
2026-07-06 12:00:00,7507.236,7537.034,7500.736,7535.154,240,702
2026-07-06 16:00:00,7535.303,7551.171,7523.048,7538.933,240,496
2026-07-06 20:00:00,7539.499,7550.134,7533.613,7535.049,135,403
2026-07-07 00:00:00,7534.848,7544.128,7519.929,7523.125,240,455
2026-07-07 04:00:00,7523.239,7529.179,7512.363,7521.378,240,464
2026-07-07 08:00:00,7521.628,7533.679,7520.375,7528.131,240,453
2026-07-07 12:00:00,7527.939,7536.884,7478.182,7500.099,240,455
2026-07-07 16:00:00,7500.254,7520.454,7486.031,7503.561,240,355
2026-07-07 20:00:00,7503.293,7503.663,7487.499,7489.084,135,421
2026-07-08 00:00:00,7489.081,7513.078,7483.451,7504.322,240,472
2026-07-08 04:00:00,7504.563,7505.839,7482.063,7491.451,240,467
2026-07-08 08:00:00,7491.448,7496.828,7418.698,7448.629,240,477
2026-07-08 12:00:00,7448.436,7474.816,7420.643,7432.276,240,452
2026-07-08 16:00:00,7432.151,7487.589,7431.954,7479.199,240,367
2026-07-08 20:00:00,7479.151,7480.842,7467.899,7478.542,135,696
2026-07-09 00:00:00,7479.048,7494.554,7477.822,7491.816,240,700
2026-07-09 04:00:00,7491.936,7511.429,7488.063,7507.116,240,501
2026-07-09 08:00:00,7507.233,7511.634,7478.239,7494.845,240,505
2026-07-09 12:00:00,7494.754,7529.854,7481.948,7525.948,240,703
2026-07-09 16:00:00,7525.559,7546.689,7525.559,7542.415,240,498
2026-07-09 20:00:00,7542.653,7545.514,7537.051,7542.493,135,606
2026-07-10 00:00:00,7542.499,7543.511,7528.233,7536.548,240,522
2026-07-10 04:00:00,7536.642,7538.059,7523.746,7525.996,240,577
2026-07-10 08:00:00,7526.264,7545.884,7522.233,7537.264,240,462
2026-07-10 12:00:00,7537.378,7560.319,7507.055,7554.161,240,454
2026-07-10 16:00:00,7554.652,7580.051,7553.933,7574.525,240,483
2026-07-10 20:00:00,7574.284,7577.708,7571.298,7575.799,15,448
2026-07-13 00:00:00,7553.625,7569.634,7536.636,7537.372,240,318
2026-07-13 04:00:00,7536.899,7545.415,7520.136,7541.336,240,306
2026-07-13 08:00:00,7542.134,7558.613,7540.648,7548.415,240,324
2026-07-13 12:00:00,7548.634,7564.799,7527.884,7538.572,240,319
2026-07-13 16:00:00,7538.313,7543.809,7505.858,7517.799,240,411
2026-07-13 20:00:00,7517.551,7518.151,7495.866,7507.679,135,543
2026-07-14 00:00:00,7507.489,7515.654,7487.333,7498.372,240,614
2026-07-14 04:00:00,7498.504,7530.339,7492.619,7514.033,240,505
2026-07-14 08:00:00,7514.348,7521.199,7498.872,7509.863,240,704
2026-07-14 12:00:00,7509.613,7568.736,7499.851,7536.004,240,752
2026-07-14 16:00:00,7535.748,7554.029,7526.106,7545.238,240,503
2026-07-14 20:00:00,7545.488,7559.976,7538.624,7558.359,135,503
2026-07-15 00:00:00,7558.669,7564.121,7548.353,7562.865,240,503
2026-07-15 04:00:00,7563.115,7569.169,7549.289,7560.115,240,508
2026-07-15 08:00:00,7560.235,7566.419,7551.669,7555.741,240,504
2026-07-15 12:00:00,7555.919,7581.871,7547.299,7551.684,240,511
2026-07-15 16:00:00,7551.849,7574.794,7527.102,7572.309,240,504
2026-07-15 20:00:00,7571.999,7578.072,7564.211,7572.379,135,502
2026-07-16 00:00:00,7572.186,7583.572,7566.313,7580.379,240,506
2026-07-16 04:00:00,7580.433,7587.828,7556.063,7557.584,240,503
2026-07-16 08:00:00,7557.698,7571.379,7536.749,7553.129,240,501
2026-07-16 12:00:00,7552.879,7571.275,7531.331,7561.398,240,507
2026-07-16 16:00:00,7561.531,7561.949,7504.106,7532.229,240,505
2026-07-16 20:00:00,7532.353,7533.154,7514.782,7518.294,135,503
2026-07-17 00:00:00,7518.219,7521.469,7482.153,7482.153,240,500
2026-07-17 04:00:00,7482.273,7482.415,7461.023,7469.424,240,506
2026-07-17 08:00:00,7469.776,7479.674,7449.219,7476.662,240,504
2026-07-17 12:00:00,7476.469,7497.634,7430.909,7493.983,240,501
2026-07-17 16:00:00,7494.242,7498.459,7446.352,7457.264,240,501
2026-07-17 20:00:00,7456.641,7457.508,7445.203,7448.686,15,503
2026-07-20 00:00:00,7465.119,7478.128,7450.863,7466.375,240,502
2026-07-20 04:00:00,7466.622,7480.131,7451.863,7476.616,240,504
2026-07-20 08:00:00,7476.929,7504.869,7471.619,7496.372,237,503
2026-07-20 12:00:00,7496.254,7512.631,7462.523,7485.095,240,505
2026-07-20 16:00:00,7485.399,7495.344,7439.763,7446.773,240,501
2026-07-20 20:00:00,7446.659,7453.719,7434.863,7447.004,134,501
2026-07-21 00:00:00,7446.866,7474.869,7435.613,7474.498,240,501
2026-07-21 04:00:00,7474.869,7489.631,7471.866,7479.634,240,505
2026-07-21 08:00:00,7479.495,7490.495,7474.878,7476.622,240,504
2026-07-21 12:00:00,7477.179,7505.481,7466.369,7500.096,240,507
2026-07-21 16:00:00,7499.722,7515.494,7499.586,7508.463,240,504
2026-07-21 20:00:00,7508.222,7509.222,7501.613,7506.384,135,500
2026-07-22 00:00:00,7506.233,7510.179,7497.613,7498.634,240,500
2026-07-22 04:00:00,7498.751,7502.634,7475.366,7479.384,240,503
2026-07-22 08:00:00,7479.866,7496.131,7474.863,7480.486,240,502
2026-07-22 12:00:00,7480.679,7522.934,7468.151,7522.916,240,502
2026-07-22 16:00:00,7523.169,7525.679,7497.646,7497.646,240,506
2026-07-22 20:00:00,7497.839,7514.293,7478.119,7492.625,135,535
2026-07-23 00:00:00,7492.736,7511.878,7483.113,7489.179,240,501
2026-07-23 04:00:00,7489.236,7497.799,7457.625,7466.679,240,511
2026-07-23 08:00:00,7467.134,7487.875,7452.366,7462.254,240,503
2026-07-23 12:00:00,7462.369,7463.884,7375.434,7401.931,240,502
2026-07-23 16:00:00,7402.804,7421.311,7381.064,7405.953,240,502
2026-07-23 20:00:00,7405.212,7418.149,7403.978,7412.548,135,509
2026-07-24 00:00:00,7412.789,7422.684,7400.413,7400.916,240,501
2026-07-24 04:00:00,7401.181,7426.729,7397.479,7420.163,240,500
2026-07-24 08:00:00,7419.913,7432.425,7412.804,7428.783,240,505
2026-07-24 12:00:00,7428.542,7456.002,7396.478,7453.839,240,501
2026-07-24 16:00:00,7453.906,7460.689,7396.283,7411.744,240,506
2026-07-24 20:00:00,7411.539,7412.729,7405.352,7408.639,15,503
2026-07-27 00:00:00,7475.528,7476.781,7451.778,7464.284,240,501
2026-07-27 04:00:00,7464.579,7484.579,7463.516,7470.269,240,500
2026-07-27 08:00:00,7470.519,7489.278,7470.263,7476.579,240,503
2026-07-27 12:00:00,7476.781,7479.829,7386.538,7397.949,240,504
2026-07-27 16:00:00,7398.141,7422.241,7381.959,7414.206,240,500
2026-07-27 20:00:00,7414.095,7421.628,7405.872,7413.613,135,501
2026-07-28 00:00:00,7414.113,7417.619,7389.863,7406.049,240,502
2026-07-28 04:00:00,7406.134,7406.134,7384.619,7398.986,240,502
2026-07-28 08:00:00,7399.125,7418.131,7391.239,7416.866,240,502
2026-07-28 12:00:00,7416.748,7448.179,7382.543,7445.683,240,506
2026-07-28 16:00:00,7445.454,7451.638,7427.632,7431.351,240,503
2026-07-28 20:00:00,7431.089,7461.069,7415.256,7460.512,135,505
2026-07-29 00:00:00,7460.641,7466.271,7411.003,7413.503,240,502
2026-07-29 04:00:00,7413.759,7450.771,7404.569,7447.319,240,503
2026-07-29 08:00:00,7447.189,7457.771,7435.009,7446.762,240,503
2026-07-29 12:00:00,7446.506,7447.268,7352.959,7359.935,240,503
2026-07-29 16:00:00,7360.064,7450.595,7315.031,7319.878,239,502
2026-07-29 20:00:00,7318.388,7351.733,7295.004,7347.489,135,670
2026-07-30 00:00:00,7347.622,7361.884,7337.131,7344.128,240,503
2026-07-30 04:00:00,7344.378,7351.363,7323.372,7328.863,240,505
2026-07-30 08:00:00,7328.628,7371.179,7320.995,7368.872,240,501
2026-07-30 12:00:00,7369.119,7417.542,7362.113,7395.824,239,532
2026-07-30 16:00:00,7396.062,7448.169,7393.321,7441.871,240,504
2026-07-30 20:00:00,7442.112,7462.411,7437.522,7458.655,135,527
2026-07-31 00:00:00,7458.534,7475.164,7455.411,7467.643,240,500
2026-07-31 04:00:00,7467.513,7481.902,7462.914,7477.402,240,502
2026-07-31 08:00:00,7477.272,7488.414,7465.266,7470.164,240,501
2026-07-31 12:00:00,7470.405,7485.902,7398.405,7453.719,240,513
2026-07-31 16:00:00,7453.921,7512.299,7447.355,7490.819,240,502
2026-08-03 00:00:00,7523.242,7536.242,7517.236,7533.739,240,501
2026-08-03 04:00:00,7533.998,7538.612,7524.736,7531.495,239,506
2026-08-03 08:00:00,7531.248,7539.501,7519.254,7529.245,240,506
2026-08-03 12:00:00,7529.169,7586.372,7514.859,7583.785,240,503
2026-08-03 16:00:00,7584.038,7610.159,7582.016,7601.025,240,504
2026-08-03 20:00:00,7600.516,7609.778,7597.533,7608.763,135,502
2026-08-04 00:00:00,7608.516,7620.522,7602.642,7617.829,240,504
2026-08-04 04:00:00,7617.889,7623.079,7614.645,7616.525,240,505
2026-08-04 08:00:00,7616.266,7630.829,7605.013,7627.528,240,503
2026-08-04 12:00:00,7627.404,7712.864,7622.519,7708.499,240,507
2026-08-04 16:00:00,7708.369,7758.489,7705.423,7736.804,240,504
2026-08-04 20:00:00,7737.023,7756.675,7736.318,7750.934,135,511
2026-08-05 00:00:00,7751.479,7765.684,7749.792,7765.422,240,501
2026-08-05 04:00:00,7765.669,7773.178,7761.434,7766.169,240,508
2026-08-05 08:00:00,7766.419,7773.229,7753.849,7771.425,240,502
2026-08-05 12:00:00,7771.533,7793.542,7727.094,7730.048,240,506
2026-08-05 16:00:00,7729.804,7746.175,7718.352,7721.098,240,504
2026-08-05 20:00:00,7720.731,7744.179,7719.656,7735.384,135,503
2026-08-06 00:00:00,7735.486,7741.375,7721.492,7736.875,240,503
2026-08-06 04:00:00,7737.116,7739.116,7727.625,7731.884,240,502
2026-08-06 08:00:00,7731.799,7740.878,7723.751,7733.369,240,501
2026-08-06 12:00:00,7733.113,7742.299,7703.062,7704.918,240,502
2026-08-06 16:00:00,7704.669,7721.335,7698.199,7708.698,240,502
2026-08-06 20:00:00,7708.831,7716.261,7704.758,7714.999,135,507
2026-08-07 00:00:00,7715.125,7717.559,7702.125,7704.243,240,502
2026-08-07 04:00:00,7704.363,7718.269,7700.511,7715.559,240,501
2026-08-07 08:00:00,7715.761,7731.764,7715.378,7723.761,240,502
2026-08-07 12:00:00,7723.505,7762.758,7718.746,7754.083,240,636
2026-08-07 16:00:00,7753.848,7761.498,7732.295,7754.341,240,502
2026-08-07 20:00:00,7754.576,7756.834,7750.113,7751.374,15,510
2026-08-10 00:00:00,7742.992,7762.429,7741.616,7759.869,240,505
2026-08-10 04:00:00,7759.995,7772.366,7758.369,7768.381,239,511
2026-08-10 08:00:00,7768.492,7769.998,7754.622,7758.628,240,501
2026-08-10 12:00:00,7758.995,7773.134,7746.363,7766.492,240,504
2026-08-10 16:00:00,7766.799,7767.754,7741.472,7753.629,240,506
2026-08-10 20:00:00,7753.834,7757.495,7743.179,7747.122,131,511
2026-08-11 00:00:00,7747.254,7765.625,7744.366,7763.245,240,501
2026-08-11 04:00:00,7763.366,7766.049,7747.122,7752.622,239,505
2026-08-11 08:00:00,7752.549,7772.381,7746.429,7765.634,240,505
2026-08-11 12:00:00,7765.866,7771.679,7740.525,7742.835,240,506
2026-08-11 16:00:00,7742.959,7747.299,7716.523,7726.912,240,501
2026-08-11 20:00:00,7727.165,7734.319,7724.159,7733.901,134,501
2026-08-12 00:00:00,7733.759,7734.949,7727.133,7733.904,239,500
2026-08-12 04:00:00,7734.015,7739.949,7731.392,7737.895,239,507
2026-08-12 08:00:00,7737.819,7752.142,7736.699,7749.139,239,500
2026-08-12 12:00:00,7748.642,7772.404,7736.769,7742.495,240,802
2026-08-12 16:00:00,7742.613,7758.729,7742.128,7747.556,240,514
2026-08-12 20:00:00,7747.321,7755.555,7745.431,7746.922,134,501
2026-08-13 00:00:00,7746.789,7753.979,7743.184,7753.434,238,502
2026-08-13 04:00:00,7753.166,7758.979,7750.422,7756.413,237,519
2026-08-13 08:00:00,7756.172,7767.431,7753.666,7762.416,239,508
2026-08-13 12:00:00,7762.928,7816.634,7756.804,7777.395,240,519
2026-08-13 16:00:00,7777.534,7806.919,7777.149,7800.463,235,504
2026-08-13 20:00:00,7800.649,7806.346,7795.961,7804.491,130,505
2026-08-14 00:00:00,7804.846,7807.539,7798.982,7803.244,235,501
2026-08-14 04:00:00,7802.985,7804.789,7798.973,7802.241,232,505
2026-08-14 08:00:00,7801.991,7809.289,7800.976,7808.232,234,500
2026-08-14 12:00:00,7808.346,7810.349,7779.234,7783.465,240,506
2026-08-14 16:00:00,7783.703,7789.388,7775.849,7784.556,236,500
2026-08-14 20:00:00,7784.322,7784.629,7779.178,7779.969,15,509
2026-08-17 00:00:00,7791.168,7792.924,7785.418,7791.671,229,510
2026-08-17 04:00:00,7791.785,7800.424,7790.671,7798.162,231,515
2026-08-17 08:00:00,7797.909,7803.653,7791.788,7792.415,240,505
2026-08-17 12:00:00,7792.719,7793.794,7767.765,7773.758,240,504
2026-08-17 16:00:00,7774.014,7776.689,7745.403,7747.499,240,507
2026-08-17 20:00:00,7747.032,7748.248,7742.363,7747.872,133,506
2026-08-18 00:00:00,7747.625,7750.233,7720.869,7723.375,240,505
2026-08-18 04:00:00,7723.486,7724.613,7705.628,7706.131,240,500
2026-08-18 08:00:00,7706.429,7718.179,7696.401,7714.625,240,505
2026-08-18 12:00:00,7714.483,7718.733,7692.803,7702.985,240,502
2026-08-18 16:00:00,7703.232,7708.609,7689.255,7693.975,240,501
2026-08-18 20:00:00,7693.475,7696.704,7686.201,7689.951,135,500
2026-08-19 00:00:00,7689.451,7696.192,7681.465,7685.933,240,504
2026-08-19 04:00:00,7685.695,7698.198,7677.442,7697.704,239,505
2026-08-19 08:00:00,7697.809,7701.204,7688.933,7697.195,240,503
2026-08-19 12:00:00,7696.948,7744.419,7694.186,7725.974,240,503
2026-08-19 16:00:00,7725.519,7739.699,7701.609,7710.688,240,500
2026-08-19 20:00:00,7710.803,7725.413,7705.542,7719.684,135,502
2026-08-20 00:00:00,7718.792,7723.729,7713.666,7718.934,240,502
2026-08-20 04:00:00,7718.684,7724.681,7709.413,7709.729,240,505
2026-08-20 08:00:00,7709.533,7713.181,7682.684,7683.928,240,501
2026-08-20 12:00:00,7683.783,7695.792,7659.916,7677.014,237,503
2026-08-20 16:00:00,7677.246,7685.011,7638.852,7644.834,240,503
2026-08-20 20:00:00,7645.324,7652.979,7640.529,7647.783,135,510
2026-08-21 00:00:00,7647.934,7654.479,7642.922,7649.681,240,501
2026-08-21 04:00:00,7649.422,7663.916,7645.916,7663.416,239,506
2026-08-21 08:00:00,7663.678,7680.979,7659.295,7676.422,240,507
2026-08-21 12:00:00,7676.533,7696.903,7658.625,7690.468,240,507
2026-08-21 16:00:00,7690.215,7691.711,7669.113,7674.739,240,504
2026-08-21 20:00:00,7675.001,7675.254,7672.025,7674.034,15,504
2026-08-24 00:00:00,7685.819,7687.379,7666.313,7666.828,240,504
2026-08-24 04:00:00,7667.066,7669.499,7652.816,7654.825,240,502
2026-08-24 08:00:00,7655.066,7670.195,7648.433,7663.834,240,500
2026-08-24 12:00:00,7662.701,7665.954,7639.075,7663.152,240,501
2026-08-24 16:00:00,7663.386,7670.215,7648.459,7652.654,240,507
2026-08-24 20:00:00,7652.895,7660.825,7651.408,7654.584,131,503
2026-08-25 00:00:00,7653.334,7662.575,7644.313,7659.084,240,501
2026-08-25 04:00:00,7658.825,7676.563,7658.566,7666.629,240,504
2026-08-25 08:00:00,7666.704,7697.819,7664.563,7688.813,240,500
2026-08-25 12:00:00,7688.578,7692.819,7648.542,7672.404,240,500
2026-08-25 16:00:00,7672.142,7679.864,7663.949,7676.152,240,502
2026-08-25 20:00:00,7676.414,7679.684,7666.669,7667.931,128,507
2026-08-26 00:00:00,7667.542,7677.979,7656.913,7675.675,240,502
2026-08-26 04:00:00,7675.804,7677.666,7666.536,7671.931,240,506
2026-08-26 08:00:00,7671.789,7680.169,7667.919,7673.684,240,500
2026-08-26 12:00:00,7673.931,7687.928,7662.913,7671.109,240,529
2026-08-26 16:00:00,7670.919,7690.982,7656.903,7677.593,240,503
2026-08-26 20:00:00,7677.346,7727.429,7675.851,7724.992,135,506
2026-08-27 00:00:00,7724.884,7725.483,7700.869,7712.378,240,506
2026-08-27 04:00:00,7712.128,7713.884,7693.122,7706.799,240,502
2026-08-27 08:00:00,7707.122,7720.872,7701.179,7708.369,240,505
2026-08-27 12:00:00,7708.122,7728.631,7689.134,7724.069,240,502
2026-08-27 16:00:00,7723.936,7741.281,7709.722,7728.185,240,501
2026-08-27 20:00:00,7728.441,7730.464,7716.423,7717.935,133,502
2026-08-28 00:00:00,7718.179,7736.444,7717.179,7730.423,239,501
2026-08-28 04:00:00,7730.549,7733.739,7719.938,7729.438,240,502
2026-08-28 08:00:00,7729.688,7734.191,7725.423,7728.938,240,502
2026-08-28 12:00:00,7729.049,7770.999,7715.589,7728.332,237,500
2026-08-28 16:00:00,7728.212,7733.625,7700.548,7710.666,240,502
2026-08-28 20:00:00,7710.979,7712.166,7707.178,7708.536,15,505
2026-08-31 00:00:00,7677.492,7692.378,7672.799,7681.631,240,503
2026-08-31 04:00:00,7681.863,7700.679,7679.366,7698.381,240,504
2026-08-31 08:00:00,7698.498,7704.628,7689.381,7691.122,240,504
2026-08-31 12:00:00,7691.299,7697.929,7664.113,7671.344,240,501
2026-08-31 16:00:00,7671.509,7697.183,7667.073,7685.344,240,501
2026-08-31 20:00:00,7686.338,7694.622,7686.088,7692.625,130,503
2026-09-01 00:00:00,7693.001,7697.429,7683.113,7686.113,240,503
2026-09-01 04:00:00,7686.001,7695.504,7676.613,7679.634,240,502
2026-09-01 08:00:00,7679.113,7682.248,7638.116,7641.872,240,500
2026-09-01 12:00:00,7641.634,7663.484,7627.881,7659.779,240,508
2026-09-01 16:00:00,7659.966,7660.481,7610.905,7633.061,240,506
2026-09-01 20:00:00,7632.932,7637.998,7629.885,7636.501,134,511
2026-09-02 00:00:00,7636.884,7641.628,7622.875,7625.179,240,502
2026-09-02 04:00:00,7625.381,7637.616,7621.869,7627.619,240,505
2026-09-02 08:00:00,7627.872,7634.131,7609.119,7633.884,240,501
2026-09-02 12:00:00,7635.983,7681.558,7629.628,7675.926,240,505
2026-09-02 16:00:00,7675.815,7675.923,7659.783,7667.718,240,505
2026-09-02 20:00:00,7667.961,7672.175,7661.936,7670.322,132,507
2026-09-03 00:00:00,7670.186,7674.066,7661.816,7673.325,240,501
2026-09-03 04:00:00,7673.445,7676.451,7651.692,7673.379,240,501
2026-09-03 08:00:00,7673.436,7684.954,7659.569,7664.069,240,503
2026-09-03 12:00:00,7664.189,7749.355,7664.189,7749.343,240,502
2026-09-03 16:00:00,7749.114,7756.648,7737.389,7747.613,240,503
2026-09-03 20:00:00,7747.128,7747.859,7741.619,7746.125,130,502
2026-09-04 00:00:00,7745.619,7752.531,7743.989,7750.866,229,499
2026-09-04 04:00:00,7751.116,7757.679,7748.125,7753.134,239,515
2026-09-04 08:00:00,7753.242,7757.179,7748.142,7755.369,240,504
2026-09-04 12:00:00,7755.134,7756.128,7705.653,7715.152,240,598
2026-09-04 16:00:00,7715.414,7728.769,7706.579,7717.353,240,502
2026-09-04 20:00:00,7717.669,7717.669,7710.159,7712.428,15,501
2026-09-07 00:00:00,7713.836,7716.984,7707.029,7708.731,240,505
2026-09-07 04:00:00,7708.475,7722.279,7703.649,7717.984,240,513
2026-09-07 08:00:00,7717.713,7718.475,7698.472,7698.722,239,502
2026-09-07 12:00:00,7698.899,7711.029,7697.463,7701.234,240,500
2026-09-07 16:00:00,7701.481,7703.981,7700.463,7703.104,58,513
2026-09-07 20:00:00,7704.383,7707.531,7693.633,7707.079,119,552
2026-09-08 00:00:00,7706.892,7717.778,7698.513,7717.034,240,502
2026-09-08 04:00:00,7717.133,7720.281,7684.522,7687.031,240,511
2026-09-08 08:00:00,7686.769,7710.019,7682.266,7700.234,240,503
2026-09-08 12:00:00,7699.966,7712.284,7674.766,7689.205,240,501
2026-09-08 16:00:00,7688.949,7696.288,7666.616,7675.293,240,500
2026-09-08 20:00:00,7675.061,7677.583,7667.713,7669.481,133,506
2026-09-09 00:00:00,7669.731,7682.719,7669.231,7677.231,239,502
2026-09-09 04:00:00,7677.354,7686.279,7675.466,7679.966,240,508
2026-09-09 08:00:00,7679.722,7682.529,7641.986,7647.463,240,501
2026-09-09 12:00:00,7647.851,7658.469,7623.303,7635.915,240,503
2026-09-09 16:00:00,7636.089,7648.509,7627.269,7638.368,240,506
2026-09-09 20:00:00,7638.121,7646.931,7636.104,7646.181,131,500
2026-09-10 00:00:00,7646.422,7650.678,7638.163,7650.479,240,507
2026-09-10 04:00:00,7650.349,7660.479,7649.229,7653.416,240,511
2026-09-10 08:00:00,7653.551,7656.425,7625.916,7625.916,240,504
2026-09-10 12:00:00,7626.479,7628.934,7579.319,7598.461,240,548
2026-09-10 16:00:00,7598.313,7611.088,7585.406,7591.991,240,502
2026-09-10 20:00:00,7591.862,7602.881,7589.049,7590.742,135,503
2026-09-11 00:00:00,7590.875,7611.929,7590.366,7596.745,240,506
2026-09-11 04:00:00,7596.616,7628.628,7594.369,7622.429,240,504
2026-09-11 08:00:00,7622.989,7642.929,7618.869,7636.679,240,503
2026-09-11 12:00:00,7636.872,7679.049,7621.625,7670.578,240,676
2026-09-11 16:00:00,7670.319,7676.501,7653.612,7655.309,240,504
2026-09-11 20:00:00,7654.939,7657.959,7654.629,7656.656,15,506
2026-09-14 00:00:00,7612.799,7631.631,7611.679,7619.486,240,503
2026-09-14 04:00:00,7619.733,7621.872,7601.363,7605.863,240,500
2026-09-14 08:00:00,7606.125,7614.831,7590.866,7608.319,240,501
2026-09-14 12:00:00,7608.439,7635.173,7591.998,7630.699,240,501
2026-09-14 16:00:00,7630.889,7648.262,7619.063,7620.194,240,502
2026-09-14 20:00:00,7620.619,7627.004,7618.286,7624.378,135,502
2026-09-15 00:00:00,7624.634,7629.384,7610.248,7610.739,239,512
2026-09-15 04:00:00,7610.429,7612.622,7582.242,7587.372,240,504
2026-09-15 08:00:00,7587.248,7610.666,7572.916,7610.169,240,500
2026-09-15 12:00:00,7609.916,7626.134,7572.512,7582.299,240,503
2026-09-15 16:00:00,7582.365,7591.599,7576.585,7585.011,240,502
2026-09-15 20:00:00,7585.246,7595.921,7585.246,7594.415,131,507
2026-09-16 00:00:00,7594.282,7606.924,7587.412,7601.424,240,503
2026-09-16 04:00:00,7601.529,7606.719,7594.403,7599.668,240,505
2026-09-16 08:00:00,7599.279,7612.219,7592.409,7612.023,240,502
2026-09-16 12:00:00,7611.909,7626.454,7597.903,7617.848,240,501
2026-09-16 16:00:00,7618.019,7622.402,7506.606,7552.394,240,523
2026-09-16 20:00:00,7552.262,7588.134,7548.378,7588.134,135,507
2026-09-17 00:00:00,7587.872,7600.866,7584.875,7599.625,240,502
2026-09-17 04:00:00,7599.866,7619.116,7587.122,7610.869,240,503
2026-09-17 08:00:00,7610.986,7626.131,7602.122,7625.866,240,504
2026-09-17 12:00:00,7625.742,7653.004,7611.158,7636.829,240,512
2026-09-17 16:00:00,7637.079,7645.895,7627.425,7637.869,240,506
2026-09-17 20:00:00,7637.929,7639.071,7629.838,7633.889,134,503
2026-09-18 00:00:00,7633.705,7647.139,7629.079,7646.579,239,502
2026-09-18 04:00:00,7646.838,7672.082,7645.823,7667.338,239,502
2026-09-18 08:00:00,7667.582,7668.344,7643.088,7645.009,239,500
2026-09-18 12:00:00,7645.338,7647.344,7616.323,7620.101,240,498
2026-09-18 16:00:00,7620.221,7649.664,7610.213,7644.635,240,501
2026-09-18 20:00:00,7644.496,7661.032,7643.669,7657.352,15,510
2026-09-21 00:00:00,7666.948,7678.451,7663.186,7676.436,239,513
2026-09-21 04:00:00,7676.698,7691.004,7674.818,7689.504,238,513
2026-09-21 08:00:00,7689.248,7702.242,7689.103,7699.733,240,516
2026-09-21 12:00:00,7699.989,7741.834,7690.371,7737.163,240,513
2026-09-21 16:00:00,7736.928,7778.874,7734.951,7765.312,240,513
2026-09-21 20:00:00,7765.195,7770.669,7760.856,7768.175,135,514
2026-09-22 00:00:00,7768.422,7772.934,7764.189,7766.042,239,514
2026-09-22 04:00:00,7766.166,7772.301,7759.425,7759.425,239,515
2026-09-22 08:00:00,7759.539,7776.678,7743.663,7768.669,240,514
2026-09-22 12:00:00,7768.919,7781.292,7755.422,7759.666,240,515
2026-09-22 16:00:00,7759.922,7779.678,7756.163,7764.048,240,516
2026-09-22 20:00:00,7764.166,7767.834,7763.416,7767.331,133,514
2026-09-23 00:00:00,7767.081,7771.198,7761.328,7769.825,238,513
2026-09-23 04:00:00,7769.936,7777.084,7769.351,7773.325,239,515
2026-09-23 08:00:00,7773.078,7776.081,7753.063,7760.436,240,515
2026-09-23 12:00:00,7760.313,7762.328,7712.083,7716.095,239,514
2026-09-23 16:00:00,7715.855,7720.176,7694.273,7708.004,240,513
2026-09-23 20:00:00,7707.742,7714.198,7702.186,7703.063,134,513
2026-09-24 00:00:00,7703.325,7704.581,7691.075,7694.316,240,515
2026-09-24 04:00:00,7694.186,7694.816,7665.566,7668.698,240,514
2026-09-24 08:00:00,7668.831,7676.201,7646.081,7667.195,240,513
2026-09-24 12:00:00,7666.563,7693.604,7659.563,7672.081,240,520
2026-09-24 16:00:00,7672.189,7719.042,7666.236,7702.558,240,514
2026-09-24 20:00:00,7702.808,7703.131,7690.113,7690.613,135,512
2026-09-25 00:00:00,7690.483,7706.378,7687.863,7702.872,240,514
2026-09-25 04:00:00,7702.986,7720.875,7697.113,7714.483,240,515
2026-09-25 08:00:00,7714.381,7739.875,7710.989,7731.875,240,514
2026-09-25 12:00:00,7731.625,7735.384,7692.911,7729.536,240,514
2026-09-25 16:00:00,7729.922,7752.221,7728.158,7742.423,240,513
2026-09-25 20:00:00,7742.176,7744.691,7740.458,7740.884,15,514
2026-09-28 00:00:00,7722.474,7729.354,7710.583,7711.342,240,513
2026-09-28 04:00:00,7711.604,7722.098,7704.083,7709.848,240,515
2026-09-28 08:00:00,7709.715,7715.339,7695.645,7706.765,240,513
2026-09-28 12:00:00,7706.648,7720.142,7665.782,7683.959,240,515
2026-09-28 16:00:00,7683.728,7725.105,7677.782,7683.861,240,516
2026-09-28 20:00:00,7684.228,7691.581,7680.069,7686.578,135,514
2026-09-29 00:00:00,7686.813,7690.334,7664.322,7666.575,240,514
2026-09-29 04:00:00,7666.331,7693.316,7655.075,7681.683,240,514
2026-09-29 08:00:00,7681.584,7706.331,7675.072,7702.069,240,513
2026-09-29 12:00:00,7701.933,7706.084,7655.205,7662.592,240,514
2026-09-29 16:00:00,7661.836,7682.318,7652.948,7672.601,240,513
2026-09-29 20:00:00,7672.478,7690.978,7672.093,7690.978,135,514
2026-09-30 00:00:00,7690.734,7694.222,7680.725,7689.734,240,514
2026-09-30 04:00:00,7689.601,7695.484,7674.463,7694.234,240,513
2026-09-30 08:00:00,7693.592,7696.981,7659.989,7676.083,240,515
2026-09-30 12:00:00,7675.848,7723.166,7669.222,7716.333,240,564
2026-09-30 16:00:00,7716.104,7719.714,7652.292,7652.292,240,515
2026-09-30 20:00:00,7652.421,7686.884,7646.851,7685.495,135,527
2026-10-01 00:00:00,7685.381,7690.113,7671.863,7689.375,240,516
2026-10-01 04:00:00,7689.131,7709.363,7648.878,7657.369,240,516
2026-10-01 08:00:00,7657.113,7687.134,7646.863,7685.384,240,515
2026-10-01 12:00:00,7685.248,7690.369,7615.102,7633.994,240,518
2026-10-01 16:00:00,7634.111,7684.354,7629.921,7669.234,240,513
2026-10-01 20:00:00,7669.481,7680.748,7667.982,7677.863,135,513
2026-10-02 00:00:00,7677.492,7687.875,7670.869,7687.619,240,515
2026-10-02 04:00:00,7687.866,7704.613,7681.878,7700.622,240,514
2026-10-02 08:00:00,7700.504,7710.381,7693.869,7702.131,240,513
2026-10-02 12:00:00,7701.869,7755.941,7698.622,7721.276,240,741
2026-10-02 16:00:00,7721.523,7729.684,7711.756,7725.693,240,515
2026-10-02 20:00:00,7726.196,7730.352,7724.411,7729.368,15,513
2026-10-05 00:00:00,7732.928,7739.931,7716.913,7717.913,240,513
2026-10-05 04:00:00,7717.804,7722.431,7708.684,7714.666,240,514
2026-10-05 08:00:00,7714.536,7729.175,7707.513,7721.663,240,513
2026-10-05 12:00:00,7721.551,7763.391,7711.925,7761.715,240,513
2026-10-05 16:00:00,7761.956,7794.819,7756.873,7779.152,240,516
2026-10-05 20:00:00,7778.773,7785.169,7775.993,7779.684,133,514
2026-10-06 00:00:00,7779.934,7787.425,7778.172,7782.669,240,514
2026-10-06 04:00:00,7782.916,7793.419,7781.163,7791.178,240,516
2026-10-06 08:00:00,7791.425,7814.919,7788.675,7814.434,240,514
2026-10-06 12:00:00,7814.301,7844.518,7803.163,7839.611,240,513
2026-10-06 16:00:00,7839.855,7840.996,7817.676,7819.343,240,514
2026-10-06 20:00:00,7819.722,7830.378,7819.393,7827.363,134,514
2026-10-07 00:00:00,7827.131,7831.733,7822.122,7826.875,238,516
2026-10-07 04:00:00,7826.631,7827.872,7814.869,7819.134,239,514
2026-10-07 08:00:00,7818.872,7824.381,7782.995,7791.754,240,513
2026-10-07 12:00:00,7791.625,7793.888,7763.423,7791.141,240,519
2026-10-07 16:00:00,7790.873,7806.714,7785.913,7798.311,240,514
2026-10-07 20:00:00,7798.065,7806.075,7798.065,7800.828,134,516
2026-10-08 00:00:00,7800.584,7806.078,7793.436,7794.313,240,514
2026-10-08 04:00:00,7794.454,7800.084,7768.334,7771.319,240,513
2026-10-08 08:00:00,7771.581,7785.186,7750.572,7765.572,240,514
2026-10-08 12:00:00,7765.325,7793.502,7764.075,7771.096,240,514
2026-10-08 16:00:00,7770.858,7789.535,7731.075,7765.226,240,515
2026-10-08 20:00:00,7765.608,7779.652,7765.371,7773.649,135,513
2026-10-09 00:00:00,7773.531,7789.164,7771.393,7788.652,240,513
2026-10-09 04:00:00,7788.899,7796.846,7781.505,7796.599,240,514
2026-10-09 08:00:00,7796.846,7802.864,7789.093,7800.725,240,514
2026-10-09 12:00:00,7800.605,7804.576,7776.458,7799.728,240,515
