Datetime,Open,High,Low,Close,Volume,Spread
2021-10-11 00:00:00,14727.389,14788.619,14717.069,14760.209,240,3370
2021-10-11 04:00:00,14760.389,14810.069,14731.139,14751.769,240,3379
2021-10-11 08:00:00,14751.899,14777.399,14696.769,14705.679,240,3356
2021-10-11 12:00:00,14705.989,14908.599,14692.209,14874.829,240,3358
2021-10-11 16:00:00,14874.827,14878.189,14709.419,14712.209,240,1361
2021-10-11 20:00:00,14712.219,14714.409,14675.809,14696.519,135,1362
2021-10-12 00:00:00,14696.059,14706.099,14607.879,14631.879,240,3373
2021-10-12 04:00:00,14632.009,14677.389,14598.309,14665.499,240,3380
2021-10-12 08:00:00,14665.427,14769.987,14656.819,14742.759,240,3353
2021-10-12 12:00:00,14742.737,14794.479,14645.969,14716.249,240,3350
2021-10-12 16:00:00,14717.129,14744.369,14634.049,14662.809,240,1348
2021-10-12 20:00:00,14662.799,14665.589,14602.819,14616.589,135,1360
2021-10-13 00:00:00,14616.409,14656.599,14610.019,14629.669,240,3358
2021-10-13 04:00:00,14630.179,14688.689,14603.119,14685.599,240,3374
2021-10-13 08:00:00,14685.639,14756.089,14672.719,14724.029,240,3363
2021-10-13 12:00:00,14724.569,14791.289,14660.169,14736.939,240,3360
2021-10-13 16:00:00,14737.259,14805.819,14707.509,14777.289,240,1355
2021-10-13 20:00:00,14777.059,14819.289,14768.939,14814.039,135,1411
2021-10-14 00:00:00,14814.027,14845.999,14811.919,14831.029,240,3412
2021-10-14 04:00:00,14831.189,14889.239,14826.299,14882.999,240,3393
2021-10-14 08:00:00,14883.419,14925.119,14879.099,14918.219,240,3395
2021-10-14 12:00:00,14918.599,15028.899,14901.989,15028.269,240,3410
2021-10-14 16:00:00,15028.317,15058.379,15021.939,15045.417,240,1392
2021-10-14 20:00:00,15046.999,15085.999,15044.189,15079.719,135,1416
2021-10-15 00:00:00,15079.917,15106.309,15029.849,15094.139,240,3395
2021-10-15 04:00:00,15094.297,15120.819,15045.209,15071.159,240,3437
2021-10-15 08:00:00,15071.107,15106.189,15067.339,15097.339,240,3406
2021-10-15 12:00:00,15097.477,15134.019,15056.189,15075.919,240,3438
2021-10-15 16:00:00,15076.079,15150.889,15075.499,15147.949,240,1404
2021-10-15 20:00:00,15148.809,15152.219,15145.059,15150.099,15,1411
2021-10-18 00:00:00,15093.799,15136.289,15092.639,15104.637,240,3411
2021-10-18 04:00:00,15104.609,15106.699,15051.039,15071.119,240,3388
2021-10-18 08:00:00,15071.299,15133.799,15057.619,15111.649,240,3410
2021-10-18 12:00:00,15111.919,15230.389,15061.559,15220.939,240,3392
2021-10-18 16:00:00,15221.199,15307.399,15216.279,15298.809,240,1401
2021-10-18 20:00:00,15298.769,15310.299,15282.709,15304.139,135,1424
2021-10-19 00:00:00,15304.469,15328.479,15287.609,15304.049,240,3401
2021-10-19 04:00:00,15304.087,15344.789,15293.139,15324.009,240,3386
2021-10-19 08:00:00,15322.539,15379.689,15316.619,15369.149,240,3409
2021-10-19 12:00:00,15369.199,15399.289,15315.569,15395.979,240,3403
2021-10-19 16:00:00,15396.419,15416.789,15375.849,15414.079,240,1415
2021-10-19 20:00:00,15413.109,15441.599,15404.019,15421.499,135,1405
2021-10-20 00:00:00,15421.279,15426.179,15378.709,15399.689,240,3409
2021-10-20 04:00:00,15399.639,15424.109,15380.539,15390.339,240,3400
2021-10-20 08:00:00,15390.379,15425.499,15387.609,15401.399,240,3415
2021-10-20 12:00:00,15401.809,15458.809,15393.859,15432.069,240,3415
2021-10-20 16:00:00,15432.009,15433.369,15332.009,15395.299,240,1367
2021-10-20 20:00:00,15395.279,15400.899,15346.419,15346.639,135,1359
2021-10-21 00:00:00,15346.639,15378.109,15338.509,15348.169,240,3367
2021-10-21 04:00:00,15348.267,15370.589,15312.549,15354.759,240,3374
2021-10-21 08:00:00,15354.729,15372.989,15326.079,15328.539,240,3364
2021-10-21 12:00:00,15329.409,15460.119,15324.889,15429.529,240,3366
2021-10-21 16:00:00,15429.549,15495.419,15410.709,15486.219,240,1365
2021-10-21 20:00:00,15486.139,15493.919,15385.109,15402.389,135,1356
2021-10-22 00:00:00,15402.157,15429.889,15399.119,15418.529,240,3364
2021-10-22 04:00:00,15418.519,15443.199,15401.519,15430.409,240,3389
2021-10-22 08:00:00,15430.389,15470.199,15414.509,15461.409,240,3379
2021-10-22 12:00:00,15461.009,15474.889,15285.619,15327.599,240,3377
2021-10-22 16:00:00,15327.079,15395.299,15309.709,15355.329,240,1359
2021-10-22 20:00:00,15355.879,15359.749,15341.639,15349.729,15,1364
2021-10-25 00:00:00,15318.537,15370.109,15317.779,15365.459,240,3370
2021-10-25 04:00:00,15366.189,15397.689,15358.609,15382.699,240,3371
2021-10-25 08:00:00,15383.269,15405.607,15367.289,15402.579,240,3371
2021-10-25 12:00:00,15402.949,15452.149,15336.699,15447.709,240,3377
2021-10-25 16:00:00,15447.679,15552.799,15445.629,15513.589,240,1373
2021-10-25 20:00:00,15512.627,15552.519,15463.129,15549.829,135,1359
2021-10-26 00:00:00,15549.989,15593.799,15549.349,15578.219,240,3364
2021-10-26 04:00:00,15578.167,15615.099,15577.019,15612.139,240,3374
2021-10-26 08:00:00,15612.289,15622.879,15586.009,15597.819,240,3373
2021-10-26 12:00:00,15597.539,15711.399,15587.349,15601.499,240,3370
2021-10-26 16:00:00,15601.237,15612.169,15514.169,15553.639,240,1352
2021-10-26 20:00:00,15553.699,15580.299,15528.139,15569.609,135,1373
2021-10-27 00:00:00,15569.619,15576.809,15530.429,15547.209,240,3359
2021-10-27 04:00:00,15547.469,15602.199,15546.479,15584.479,240,3364
2021-10-27 08:00:00,15584.609,15596.889,15517.119,15523.129,240,3391
2021-10-27 12:00:00,15523.699,15674.009,15523.159,15664.999,240,3358
2021-10-27 16:00:00,15665.469,15727.789,15593.217,15595.949,240,1373
2021-10-27 20:00:00,15596.259,15640.019,15595.319,15636.059,135,1371
2021-10-28 00:00:00,15635.759,15639.269,15606.079,15625.199,240,3370
2021-10-28 04:00:00,15624.819,15647.509,15601.677,15644.709,240,3384
2021-10-28 08:00:00,15644.609,15698.299,15629.709,15678.777,240,3369
2021-10-28 12:00:00,15678.679,15767.289,15646.279,15736.589,240,3370
2021-10-28 16:00:00,15736.079,15785.699,15700.809,15773.359,240,1364
2021-10-28 20:00:00,15775.469,15789.589,15677.729,15683.369,135,1360
2021-10-29 00:00:00,15683.469,15690.619,15655.719,15681.289,240,3374
2021-10-29 04:00:00,15681.239,15682.299,15629.809,15664.919,240,3384
2021-10-29 08:00:00,15665.119,15665.119,15606.919,15645.489,240,3364
2021-10-29 12:00:00,15645.799,15759.799,15620.449,15749.539,240,3364
2021-10-29 16:00:00,15749.419,15856.929,15745.619,15852.349,240,1363
2021-11-01 00:00:00,15889.989,15918.599,15877.459,15881.659,240,3362
2021-11-01 04:00:00,15881.607,15901.189,15868.009,15881.627,240,3369
2021-11-01 08:00:00,15881.509,15924.199,15881.509,15907.049,240,3360
2021-11-01 12:00:00,15906.559,15909.339,15779.339,15871.069,240,3375
2021-11-01 16:00:00,15871.249,15910.759,15801.519,15905.359,240,1371
2021-11-01 20:00:00,15905.329,15907.289,15885.539,15886.809,135,1362
2021-11-02 00:00:00,15886.809,15898.499,15860.779,15874.449,240,3365
2021-11-02 04:00:00,15874.407,15907.799,15874.049,15893.479,240,3390
2021-11-02 08:00:00,15893.587,15896.109,15862.909,15877.237,240,3363
2021-11-02 12:00:00,15877.049,15991.499,15872.289,15950.539,240,3376
2021-11-02 16:00:00,15950.699,15989.789,15917.219,15973.859,240,1372
2021-11-02 20:00:00,15974.329,15974.369,15951.539,15953.149,135,1368
2021-11-03 00:00:00,15953.397,15986.797,15948.349,15969.109,240,3388
2021-11-03 04:00:00,15969.027,15978.289,15961.519,15968.999,240,3400
2021-11-03 08:00:00,15968.787,15997.489,15966.889,15993.319,240,3372
2021-11-03 12:00:00,15993.597,16008.409,15947.569,15993.619,240,3388
2021-11-03 16:00:00,15993.627,16156.799,15969.399,16142.137,240,1377
2021-11-03 20:00:00,16142.109,16195.599,16133.529,16194.389,135,1372
2021-11-04 00:00:00,16194.409,16194.409,16161.589,16166.299,240,3389
2021-11-04 04:00:00,16166.099,16184.697,16165.159,16180.139,240,3411
2021-11-04 08:00:00,16180.147,16224.599,16179.339,16198.629,240,3389
2021-11-04 12:00:00,16199.399,16343.899,16166.819,16307.279,240,3398
2021-11-04 16:00:00,16307.417,16387.299,16295.369,16346.659,240,1367
2021-11-04 20:00:00,16346.659,16360.629,16332.899,16349.709,135,1370
2021-11-05 00:00:00,16349.699,16350.569,16321.849,16344.589,240,3378
2021-11-05 04:00:00,16344.587,16356.389,16311.559,16326.569,240,3377
2021-11-05 08:00:00,16326.629,16433.099,16326.159,16371.489,240,3371
2021-11-05 12:00:00,16371.899,16458.599,16339.319,16437.249,240,3370
2021-11-05 16:00:00,16437.749,16447.599,16300.649,16359.069,240,1365
2021-11-05 20:00:00,16359.097,16361.187,16345.659,16349.619,15,1359
2021-11-08 00:00:00,16319.679,16325.219,16279.629,16292.249,240,3375
2021-11-08 04:00:00,16292.409,16323.907,16290.029,16305.849,240,3383
2021-11-08 08:00:00,16306.829,16369.587,16305.579,16361.039,240,3366
2021-11-08 12:00:00,16361.017,16401.809,16311.049,16345.299,240,3372
2021-11-08 16:00:00,16345.269,16390.779,16320.669,16375.799,240,1355
2021-11-08 20:00:00,16375.757,16376.399,16310.759,16317.639,135,1374
2021-11-09 00:00:00,16317.779,16321.789,16290.119,16306.539,240,3369
2021-11-09 04:00:00,16306.607,16335.339,16302.379,16321.129,240,3384
2021-11-09 08:00:00,16321.137,16380.109,16309.509,16363.519,240,3394
2021-11-09 12:00:00,16363.699,16400.099,16199.159,16257.259,240,3372
2021-11-09 16:00:00,16257.437,16282.989,16166.869,16223.969,240,1351
2021-11-09 20:00:00,16224.059,16233.589,16184.319,16190.049,135,1364
2021-11-10 00:00:00,16190.067,16205.107,16137.119,16151.589,240,3368
2021-11-10 04:00:00,16151.557,16247.097,16146.629,16240.139,240,3373
2021-11-10 08:00:00,16240.699,16246.089,16116.679,16129.629,240,3371
2021-11-10 12:00:00,16129.899,16224.749,16047.319,16169.169,240,3362
2021-11-10 16:00:00,16169.207,16200.789,15904.069,15929.589,240,1298
2021-11-10 20:00:00,15929.889,16013.039,15922.069,15995.769,135,1417
2021-11-11 00:00:00,15995.379,16049.069,15992.729,16010.909,240,3423
2021-11-11 04:00:00,16011.059,16045.169,15984.629,16027.319,240,3407
2021-11-11 08:00:00,16028.859,16099.999,16001.609,16089.719,240,3404
2021-11-11 12:00:00,16089.839,16117.769,16044.099,16082.499,240,3401
2021-11-11 16:00:00,16082.389,16103.909,16029.719,16045.009,240,1400
2021-11-11 20:00:00,16045.029,16070.679,16013.269,16070.299,135,1409
2021-11-12 00:00:00,16070.209,16099.109,16051.719,16062.799,240,3379
2021-11-12 04:00:00,16063.089,16072.679,16037.789,16054.679,240,3383
2021-11-12 08:00:00,16055.649,16083.589,16042.569,16071.179,240,3381
2021-11-12 12:00:00,16071.599,16119.867,16008.589,16115.959,240,3398
2021-11-12 16:00:00,16115.929,16207.519,16111.169,16179.819,240,1369
2021-11-12 20:00:00,16179.319,16219.399,16174.579,16201.819,75,1371
2021-11-15 00:00:00,16231.119,16245.299,16216.139,16221.789,240,3368
2021-11-15 04:00:00,16221.339,16239.899,16211.689,16224.219,240,3384
2021-11-15 08:00:00,16224.679,16243.099,16213.879,16239.089,240,3367
2021-11-15 12:00:00,16238.579,16280.999,16152.069,16176.229,240,3383
2021-11-15 16:00:00,16176.249,16199.207,16088.599,16180.309,240,1375
2021-11-15 20:00:00,16180.379,16204.089,16163.749,16194.239,135,1357
2021-11-16 00:00:00,16194.307,16229.579,16182.629,16220.629,240,3377
2021-11-16 04:00:00,16220.559,16220.809,16177.629,16201.329,240,3388
2021-11-16 08:00:00,16201.377,16209.599,16155.529,16204.599,240,3382
2021-11-16 12:00:00,16204.779,16264.309,16149.739,16235.069,240,3368
2021-11-16 16:00:00,16234.669,16327.909,16233.719,16313.229,240,1360
2021-11-16 20:00:00,16313.889,16327.899,16289.209,16305.389,135,1369
2021-11-17 00:00:00,16305.489,16312.389,16273.719,16282.399,240,3388
2021-11-17 04:00:00,16282.337,16309.349,16281.109,16307.759,240,3421
2021-11-17 08:00:00,16307.849,16332.609,16302.139,16321.769,240,3383
2021-11-17 12:00:00,16321.747,16357.899,16271.169,16338.899,240,3372
2021-11-17 16:00:00,16338.699,16400.289,16290.619,16344.829,240,1365
2021-11-17 20:00:00,16345.069,16345.989,16286.389,16331.049,135,1377
2021-11-18 00:00:00,16331.089,16347.599,16327.549,16341.399,240,3374
2021-11-18 04:00:00,16341.589,16372.739,16340.529,16369.849,240,3391
2021-11-18 08:00:00,16369.917,16411.289,16366.109,16401.129,240,3377
2021-11-18 12:00:00,16400.539,16423.399,16306.529,16361.779,240,3384
2021-11-18 16:00:00,16360.879,16492.799,16335.859,16450.289,240,1366
2021-11-18 20:00:00,16450.237,16506.799,16443.029,16498.109,135,1369
2021-11-19 00:00:00,16498.037,16591.489,16495.109,16577.489,240,3381
2021-11-19 04:00:00,16577.277,16584.099,16552.149,16565.237,240,3371
2021-11-19 08:00:00,16565.099,16575.769,16510.089,16533.339,240,3380
2021-11-19 12:00:00,16534.029,16619.899,16519.019,16566.709,240,3386
2021-11-19 16:00:00,16566.499,16629.207,16535.639,16583.619,240,1370
2021-11-19 20:00:00,16583.949,16588.789,16559.909,16576.819,75,1363
2021-11-22 00:00:00,16589.449,16632.309,16582.929,16624.959,240,3376
2021-11-22 04:00:00,16625.139,16630.899,16606.429,16624.609,240,3383
2021-11-22 08:00:00,16624.699,16648.987,16614.729,16641.229,240,3376
2021-11-22 12:00:00,16640.929,16768.799,16628.009,16700.659,240,3366
2021-11-22 16:00:00,16700.709,16706.469,16455.659,16570.849,240,1360
2021-11-22 20:00:00,16571.139,16598.629,16364.629,16395.919,135,1370
2021-11-23 00:00:00,16396.149,16411.289,16318.139,16342.159,240,3364
2021-11-23 04:00:00,16343.109,16360.777,16287.229,16338.349,240,3369
2021-11-23 08:00:00,16337.869,16351.899,16273.659,16338.039,240,3351
2021-11-23 12:00:00,16338.629,16418.309,16163.709,16168.579,240,3366
2021-11-23 16:00:00,16169.749,16270.769,16119.719,16247.249,240,1344
2021-11-23 20:00:00,16247.217,16319.709,16222.249,16286.209,135,1354
2021-11-24 00:00:00,16287.239,16311.889,16276.109,16284.589,240,3362
2021-11-24 04:00:00,16284.429,16355.489,16266.579,16326.709,240,3371
2021-11-24 08:00:00,16324.419,16328.079,16226.719,16261.689,240,3358
2021-11-24 12:00:00,16261.609,16274.469,16103.399,16249.179,240,3361
2021-11-24 16:00:00,16248.229,16339.289,16211.159,16327.229,240,1346
2021-11-24 20:00:00,16327.237,16369.889,16313.999,16358.749,135,1360
2021-11-25 00:00:00,16358.799,16394.799,16357.249,16390.789,240,3373
2021-11-25 04:00:00,16390.789,16424.187,16387.229,16411.499,240,3394
2021-11-25 08:00:00,16412.009,16436.219,16377.029,16398.639,240,3379
2021-11-25 12:00:00,16398.079,16419.309,16371.299,16400.209,240,3380
2021-11-25 16:00:00,16400.419,16416.399,16394.969,16407.139,119,1371
2021-11-25 20:00:00,16405.659,16414.499,16360.159,16371.209,60,3354
2021-11-26 00:00:00,16371.297,16373.939,16256.509,16287.429,240,3364
2021-11-26 04:00:00,16287.557,16307.959,16204.669,16213.079,240,3365
2021-11-26 08:00:00,16213.259,16228.309,16123.949,16195.159,240,3334
2021-11-26 12:00:00,16194.149,16308.569,16100.719,16121.869,240,3356
2021-11-26 16:00:00,16121.807,16137.229,15988.609,16042.169,134,1357
2021-11-29 00:00:00,16168.789,16250.099,16168.029,16236.619,240,3373
2021-11-29 04:00:00,16236.789,16251.669,16192.329,16205.789,240,3377
2021-11-29 08:00:00,16204.839,16227.619,16166.109,16197.299,240,3358
2021-11-29 12:00:00,16196.889,16314.349,16174.609,16278.777,240,3366
2021-11-29 16:00:00,16278.569,16421.299,16264.589,16404.529,240,1348
2021-11-29 20:00:00,16404.749,16442.119,16382.649,16431.849,135,1366
2021-11-30 00:00:00,16432.029,16439.789,16386.139,16405.419,240,3365
2021-11-30 04:00:00,16405.719,16417.109,16240.259,16325.659,240,3372
2021-11-30 08:00:00,16327.409,16342.657,16267.289,16290.659,240,3371
2021-11-30 12:00:00,16290.679,16457.819,16142.649,16145.189,240,3360
2021-11-30 16:00:00,16146.109,16224.889,16069.269,16151.889,240,1339
2021-11-30 20:00:00,16151.989,16263.699,16110.329,16222.549,135,1283
2021-12-01 00:00:00,16222.829,16319.889,16181.329,16314.099,240,3334
2021-12-01 04:00:00,16315.169,16401.899,16315.169,16380.089,240,3376
2021-12-01 08:00:00,16379.817,16388.069,16300.919,16384.479,240,3340
2021-12-01 12:00:00,16384.447,16397.587,16270.919,16373.389,240,3347
2021-12-01 16:00:00,16373.207,16430.097,16113.339,16133.659,240,1303
2021-12-01 20:00:00,16133.749,16145.899,15829.859,15948.249,135,1369
2021-12-02 00:00:00,15948.589,15987.409,15905.719,15950.829,240,3372
2021-12-02 04:00:00,15951.169,15988.909,15928.069,15932.817,240,3364
2021-12-02 08:00:00,15932.739,15992.719,15890.519,15910.339,240,3356
2021-12-02 12:00:00,15910.499,16027.189,15762.549,15892.569,240,3368
2021-12-02 16:00:00,15891.879,16060.539,15855.719,15995.299,240,1352
2021-12-02 20:00:00,15995.399,16065.299,15929.529,15935.729,135,1357
2021-12-03 00:00:00,15935.599,15963.609,15860.549,15947.569,240,3376
2021-12-03 04:00:00,15947.659,16015.419,15946.359,15994.819,240,3373
2021-12-03 08:00:00,15995.729,15997.699,15911.329,15981.219,240,3376
2021-12-03 12:00:00,15982.829,16119.209,15654.519,15685.859,240,3362
2021-12-03 16:00:00,15686.859,15719.369,15548.529,15569.289,240,1360
2021-12-03 20:00:00,15569.289,15741.219,15537.559,15685.699,75,1369
2021-12-06 00:00:00,15737.419,15745.909,15671.149,15730.679,240,3344
2021-12-06 04:00:00,15730.029,15771.499,15690.099,15728.329,240,3389
2021-12-06 08:00:00,15728.299,15806.899,15590.359,15685.839,240,3351
2021-12-06 12:00:00,15685.849,15785.419,15558.879,15730.719,240,3362
2021-12-06 16:00:00,15731.259,15896.119,15656.709,15837.279,240,1352
2021-12-06 20:00:00,15837.249,15882.609,15824.799,15842.579,135,1351
2021-12-07 00:00:00,15842.769,15885.289,15824.999,15873.849,240,3353
2021-12-07 04:00:00,15873.939,15992.859,15867.839,15990.437,240,3375
2021-12-07 08:00:00,15990.409,16167.589,15984.219,16133.889,240,3356
2021-12-07 12:00:00,16133.839,16304.799,16099.239,16273.437,240,3369
2021-12-07 16:00:00,16273.389,16345.509,16265.799,16298.489,240,1372
2021-12-07 20:00:00,16298.769,16369.389,16243.769,16343.519,135,1364
2021-12-08 00:00:00,16343.459,16417.789,16328.019,16406.599,240,3373
2021-12-08 04:00:00,16406.869,16412.499,16363.529,16379.319,240,3382
2021-12-08 08:00:00,16379.409,16434.809,16346.339,16373.559,240,3386
2021-12-08 12:00:00,16373.029,16394.989,16253.839,16281.329,240,3376
2021-12-08 16:00:00,16282.699,16378.909,16256.009,16367.829,240,1360
2021-12-08 20:00:00,16367.967,16398.789,16347.519,16377.819,135,1371
2021-12-09 00:00:00,16378.169,16419.999,16366.089,16370.749,240,3392
2021-12-09 04:00:00,16370.819,16399.089,16357.199,16393.699,240,3373
2021-12-09 08:00:00,16393.769,16397.789,16303.639,16319.569,240,3366
2021-12-09 12:00:00,16319.279,16415.269,16256.189,16304.829,240,3363
2021-12-09 16:00:00,16305.489,16345.899,16192.859,16205.089,240,1358
2021-12-09 20:00:00,16205.089,16235.789,16120.609,16174.599,135,1343
2021-12-10 00:00:00,16174.849,16190.069,16143.099,16174.919,240,3359
2021-12-10 04:00:00,16174.839,16177.989,16141.279,16158.789,240,3373
2021-12-10 08:00:00,16159.749,16226.489,16154.829,16215.639,240,3373
2021-12-10 12:00:00,16215.789,16326.099,16163.909,16206.059,240,3374
2021-12-10 16:00:00,16205.117,16281.619,16134.309,16236.699,240,1357
2021-12-10 20:00:00,16236.409,16335.909,16223.119,16319.219,75,1365
2021-12-13 00:00:00,16360.276,16403.999,16359.696,16388.079,240,2228
2021-12-13 04:00:00,16388.027,16393.039,16361.409,16365.559,240,3366
2021-12-13 08:00:00,16365.259,16409.779,16342.859,16393.259,240,3378
2021-12-13 12:00:00,16393.309,16397.709,16182.149,16208.389,240,3359
2021-12-13 16:00:00,16208.389,16218.889,16112.679,16193.699,240,1335
2021-12-13 20:00:00,16193.639,16208.969,16064.709,16089.579,135,1348
2021-12-14 00:00:00,16089.607,16109.899,16073.499,16097.659,240,3358
2021-12-14 04:00:00,16097.839,16116.699,16088.179,16113.159,240,3368
2021-12-14 08:00:00,16113.589,16131.289,15958.639,15977.199,240,3362
2021-12-14 12:00:00,15977.579,16022.409,15786.279,15808.299,240,3356
2021-12-14 16:00:00,15807.129,15870.389,15734.099,15851.389,238,1445
2021-12-14 20:00:00,15850.289,15970.569,15847.649,15917.589,135,1411
2021-12-15 00:00:00,15917.789,15944.399,15896.869,15930.899,240,3395
2021-12-15 04:00:00,15930.657,15961.999,15906.119,15940.399,240,3400
2021-12-15 08:00:00,15940.349,15964.819,15852.239,15886.399,240,3422
2021-12-15 12:00:00,15886.099,15970.559,15812.269,15851.049,240,3405
2021-12-15 16:00:00,15851.169,16041.969,15743.829,15998.119,240,1415
2021-12-15 20:00:00,15996.959,16338.119,15992.669,16323.829,135,1437
2021-12-16 00:00:00,16323.827,16324.059,16278.229,16311.319,240,3360
2021-12-16 04:00:00,16311.809,16431.889,16310.829,16402.139,240,3357
2021-12-16 08:00:00,16401.859,16457.419,16365.389,16434.639,240,3350
2021-12-16 12:00:00,16434.869,16435.159,16093.329,16126.089,240,3355
2021-12-16 16:00:00,16125.019,16133.599,15796.319,15837.429,240,1341
2021-12-16 20:00:00,15836.559,15942.589,15810.219,15840.999,135,1338
2021-12-17 00:00:00,15843.329,15899.419,15768.399,15779.429,240,3394
2021-12-17 04:00:00,15779.719,15871.589,15771.569,15860.659,240,3408
2021-12-17 08:00:00,15860.319,15875.089,15679.509,15763.967,240,3417
2021-12-17 12:00:00,15763.829,15919.289,15655.339,15901.619,240,3423
2021-12-17 16:00:00,15901.599,15960.799,15747.739,15870.839,240,1342
2021-12-17 20:00:00,15870.099,15918.099,15770.717,15826.089,75,1342
2021-12-20 00:00:00,15712.239,15737.589,15595.029,15604.599,240,3318
2021-12-20 04:00:00,15604.577,15643.789,15539.169,15594.189,240,3351
2021-12-20 08:00:00,15593.669,15613.229,15508.919,15597.269,240,3339
2021-12-20 12:00:00,15597.227,15664.919,15536.049,15552.719,240,3377
2021-12-20 16:00:00,15552.639,15629.599,15499.659,15603.169,240,1350
2021-12-20 20:00:00,15603.127,15732.529,15582.389,15723.709,135,1354
2021-12-21 00:00:00,15723.779,15779.909,15680.369,15765.149,240,3367
2021-12-21 04:00:00,15765.107,15831.379,15758.049,15790.609,240,3398
2021-12-21 08:00:00,15790.989,15812.589,15721.059,15803.379,240,3368
2021-12-21 12:00:00,15803.589,15824.289,15611.859,15677.259,240,3378
2021-12-21 16:00:00,15677.309,15980.619,15665.219,15979.899,240,1347
2021-12-21 20:00:00,15979.909,15993.199,15916.219,15965.569,135,1353
2021-12-22 00:00:00,15965.699,15975.099,15926.609,15938.179,240,3378
2021-12-22 04:00:00,15938.229,15981.569,15930.759,15948.799,240,3385
2021-12-22 08:00:00,15948.809,15990.199,15888.139,15985.489,240,3368
2021-12-22 12:00:00,15985.207,16106.099,15914.839,16103.209,240,3370
2021-12-22 16:00:00,16103.709,16149.099,16047.149,16123.589,240,1344
2021-12-22 20:00:00,16124.219,16202.609,16105.629,16193.149,135,1356
2021-12-23 00:00:00,16192.149,16193.209,16170.889,16180.859,240,3377
2021-12-23 04:00:00,16180.837,16197.819,16174.269,16185.259,240,3367
2021-12-23 08:00:00,16185.349,16214.407,16153.819,16210.079,240,3363
2021-12-23 12:00:00,16210.599,16301.899,16178.639,16300.709,240,3361
2021-12-23 16:00:00,16300.759,16345.119,16296.109,16343.407,240,1356
2021-12-23 20:00:00,16343.259,16361.039,16291.229,16306.569,74,1363
2021-12-27 00:00:00,16346.767,16366.659,16326.829,16346.799,240,3362
2021-12-27 04:00:00,16347.069,16347.789,16308.919,16319.889,240,3379
2021-12-27 08:00:00,16320.047,16353.549,16311.649,16344.799,240,3378
2021-12-27 12:00:00,16344.599,16531.389,16339.799,16522.539,240,3384
2021-12-27 16:00:00,16522.109,16560.099,16494.519,16544.849,240,1355
2021-12-27 20:00:00,16544.939,16575.599,16519.879,16557.489,135,1371
2021-12-28 00:00:00,16557.507,16560.699,16535.989,16550.509,240,3360
2021-12-28 04:00:00,16550.209,16572.589,16544.829,16552.409,240,3385
2021-12-28 08:00:00,16552.629,16655.589,16550.449,16638.469,240,3359
2021-12-28 12:00:00,16638.569,16660.789,16495.829,16551.099,240,3370
2021-12-28 16:00:00,16549.919,16568.789,16456.899,16497.549,240,1340
2021-12-28 20:00:00,16498.419,16546.699,16477.969,16541.639,135,1346
2021-12-29 00:00:00,16541.179,16554.699,16501.119,16542.049,240,3365
2021-12-29 04:00:00,16542.067,16566.699,16531.679,16560.689,240,3381
2021-12-29 08:00:00,16560.869,16564.919,16518.619,16528.199,240,3355
2021-12-29 12:00:00,16527.689,16552.187,16391.429,16465.799,240,3356
2021-12-29 16:00:00,16466.219,16505.379,16417.089,16501.229,240,1344
2021-12-29 20:00:00,16501.207,16526.639,16456.739,16464.189,135,1364
2021-12-30 00:00:00,16464.389,16493.009,16443.159,16476.859,240,3373
2021-12-30 04:00:00,16476.919,16507.199,16470.819,16499.459,240,3368
2021-12-30 08:00:00,16500.889,16539.889,16494.229,16533.779,240,3355
2021-12-30 12:00:00,16533.269,16569.149,16451.629,16530.829,240,3369
2021-12-30 16:00:00,16530.399,16563.499,16509.049,16527.029,240,1352
2021-12-30 20:00:00,16528.089,16528.099,16415.899,16441.419,135,1358
2021-12-31 00:00:00,16441.417,16442.389,16354.559,16397.889,240,3357
2021-12-31 04:00:00,16398.139,16424.889,16397.709,16423.129,240,3361
2021-12-31 08:00:00,16423.197,16434.999,16381.569,16387.029,240,3377
2021-12-31 12:00:00,16387.019,16467.889,16358.329,16391.759,240,3364
2021-12-31 16:00:00,16391.309,16409.799,16352.029,16367.809,240,1367
2021-12-31 20:00:00,16368.099,16393.889,16318.259,16330.027,60,1349
2022-01-03 00:00:00,16386.039,16428.709,16385.619,16408.129,240,3351
2022-01-03 04:00:00,16408.599,16414.687,16384.389,16401.389,240,3377
2022-01-03 08:00:00,16401.109,16453.799,16387.559,16449.179,240,3359
2022-01-03 12:00:00,16449.349,16486.619,16294.319,16438.259,240,3384
2022-01-03 16:00:00,16439.149,16504.389,16380.109,16480.279,240,1339
2022-01-03 20:00:00,16480.529,16512.049,16456.809,16487.219,135,1353
2022-01-04 00:00:00,16487.127,16510.039,16480.249,16506.409,240,3387
2022-01-04 04:00:00,16506.349,16544.799,16502.889,16544.289,240,3377
2022-01-04 08:00:00,16544.109,16567.199,16488.279,16541.549,240,3359
2022-01-04 12:00:00,16541.529,16544.889,16229.599,16232.239,240,3361
2022-01-04 16:00:00,16232.257,16256.609,16147.319,16231.309,240,1333
2022-01-04 20:00:00,16231.269,16330.649,16229.489,16238.799,135,1362
2022-01-05 00:00:00,16239.159,16260.409,16204.119,16221.549,240,3368
2022-01-05 04:00:00,16221.699,16238.389,16178.399,16223.239,240,3373
2022-01-05 08:00:00,16223.609,16265.589,16205.149,16225.297,240,3348
2022-01-05 12:00:00,16225.149,16254.349,16111.129,16180.249,240,3371
2022-01-05 16:00:00,16179.769,16194.839,15886.827,15906.269,240,1348
2022-01-05 20:00:00,15906.909,15908.109,15718.839,15791.299,135,1351
2022-01-06 00:00:00,15790.839,15819.239,15680.779,15683.759,240,3354
2022-01-06 04:00:00,15684.099,15787.709,15629.679,15744.699,240,3355
2022-01-06 08:00:00,15744.699,15778.869,15686.609,15698.299,240,3337
2022-01-06 12:00:00,15698.039,15879.239,15606.389,15847.309,240,3343
2022-01-06 16:00:00,15848.599,15902.079,15776.017,15824.807,240,1421
2022-01-06 20:00:00,15824.659,15873.179,15724.429,15822.919,135,1412
2022-01-07 00:00:00,15823.089,15858.099,15792.059,15803.699,240,3393
2022-01-07 04:00:00,15802.529,15806.579,15748.929,15758.979,240,3443
2022-01-07 08:00:00,15758.979,15827.017,15672.609,15796.599,240,3404
2022-01-07 12:00:00,15797.389,15834.289,15522.469,15564.329,240,3399
2022-01-07 16:00:00,15564.587,15684.699,15545.729,15649.859,240,1420
2022-01-07 20:00:00,15649.897,15682.089,15586.399,15595.869,75,1352
2022-01-10 00:00:00,15570.739,15633.889,15551.829,15625.819,240,3344
2022-01-10 04:00:00,15626.089,15679.299,15625.219,15661.499,240,3364
2022-01-10 08:00:00,15661.829,15667.809,15511.119,15545.369,240,3338
2022-01-10 12:00:00,15545.399,15556.089,15161.049,15205.179,240,3355
2022-01-10 16:00:00,15204.769,15517.559,15185.749,15470.499,240,1348
2022-01-10 20:00:00,15470.259,15651.799,15413.217,15637.689,135,1347
2022-01-11 00:00:00,15638.039,15651.109,15584.179,15617.809,240,3360
2022-01-11 04:00:00,15617.889,15651.599,15574.879,15648.289,240,3424
2022-01-11 08:00:00,15648.037,15744.079,15594.349,15686.309,240,3358
2022-01-11 12:00:00,15685.829,15706.599,15487.219,15578.739,240,3356
2022-01-11 16:00:00,15578.777,15845.999,15572.589,15820.309,240,1336
2022-01-11 20:00:00,15820.589,15849.559,15789.789,15828.839,135,1345
2022-01-12 00:00:00,15828.899,15854.409,15814.319,15840.769,240,3363
2022-01-12 04:00:00,15840.717,15906.299,15836.847,15881.579,240,3377
2022-01-12 08:00:00,15879.059,15894.199,15771.109,15861.039,240,3341
2022-01-12 12:00:00,15861.037,16018.579,15842.529,15868.199,240,3348
2022-01-12 16:00:00,15867.629,15962.299,15806.879,15908.259,240,1346
2022-01-12 20:00:00,15908.539,15929.599,15865.849,15901.039,135,1367
2022-01-13 00:00:00,15901.299,15904.209,15828.659,15852.209,240,3374
2022-01-13 04:00:00,15852.619,15877.909,15839.629,15872.259,240,3384
2022-01-13 08:00:00,15872.297,15931.399,15865.649,15886.819,240,3355
2022-01-13 12:00:00,15886.877,15988.679,15738.859,15774.899,240,3361
2022-01-13 16:00:00,15775.089,15841.889,15605.859,15636.869,240,1349
2022-01-13 20:00:00,15636.789,15637.389,15469.779,15508.889,135,1354
2022-01-14 00:00:00,15508.389,15521.409,15425.249,15468.889,240,3364
2022-01-14 04:00:00,15469.369,15564.689,15469.369,15509.149,240,3387
2022-01-14 08:00:00,15510.749,15551.249,15465.689,15479.609,240,3353
2022-01-14 12:00:00,15478.899,15610.749,15322.879,15507.889,240,3350
2022-01-14 16:00:00,15507.867,15583.579,15415.099,15507.619,240,1354
2022-01-14 20:00:00,15508.349,15617.899,15508.269,15606.187,75,1369
2022-01-17 00:00:00,15591.879,15605.709,15517.069,15553.549,240,3352
2022-01-17 04:00:00,15554.069,15584.989,15525.089,15576.599,240,3365
2022-01-17 08:00:00,15575.819,15645.589,15542.219,15630.029,240,3354
2022-01-17 12:00:00,15630.249,15638.699,15558.139,15584.889,240,3365
2022-01-17 16:00:00,15584.249,15604.139,15554.069,15565.059,119,1372
2022-01-17 20:00:00,15591.859,15598.219,15558.039,15597.409,60,3355
2022-01-18 00:00:00,15597.367,15611.999,15461.819,15475.629,240,3358
2022-01-18 04:00:00,15475.627,15484.889,15417.109,15455.579,240,3367
2022-01-18 08:00:00,15455.389,15456.799,15280.029,15330.099,240,3355
2022-01-18 12:00:00,15331.079,15444.699,15284.259,15328.379,240,3361
2022-01-18 16:00:00,15329.389,15376.789,15238.039,15319.729,240,1369
2022-01-18 20:00:00,15319.809,15329.099,15183.219,15205.589,135,1358
2022-01-19 00:00:00,15205.329,15237.859,15094.229,15115.769,240,3367
2022-01-19 04:00:00,15115.009,15129.219,15063.109,15097.719,240,3370
2022-01-19 08:00:00,15097.659,15287.089,15073.669,15281.159,240,3341
2022-01-19 12:00:00,15281.209,15382.089,15173.179,15216.889,240,3351
2022-01-19 16:00:00,15216.917,15328.319,15120.169,15196.329,240,1342
2022-01-19 20:00:00,15196.809,15226.999,15005.119,15015.689,135,1359
2022-01-20 00:00:00,15015.279,15138.709,15014.859,15128.359,240,3361
2022-01-20 04:00:00,15128.799,15173.659,15101.309,15137.569,240,3362
2022-01-20 08:00:00,15138.299,15191.159,15056.699,15175.729,240,3345
2022-01-20 12:00:00,15175.649,15338.619,15126.719,15320.559,240,3368
2022-01-20 16:00:00,15320.869,15350.309,15085.589,15094.159,240,1349
2022-01-20 20:00:00,15093.669,15123.059,14693.569,14753.309,135,1345
2022-01-21 00:00:00,14753.799,14767.059,14613.769,14627.399,240,3365
2022-01-21 04:00:00,14627.119,14789.739,14627.039,14774.259,240,3364
2022-01-21 08:00:00,14774.229,14825.079,14708.759,14758.099,240,3349
2022-01-21 12:00:00,14757.309,14828.869,14543.199,14774.089,240,3355
2022-01-21 16:00:00,14774.819,14869.579,14515.689,14521.289,240,1349
2022-01-21 20:00:00,14522.097,14585.789,14420.079,14432.869,75,1260
2022-01-24 00:00:00,14560.777,14589.907,14524.219,14558.039,199,3286
2022-01-24 04:00:00,14553.757,14568.309,14482.609,14523.649,219,3335
2022-01-24 08:00:00,14523.779,14584.887,14302.719,14409.869,240,3276
2022-01-24 12:00:00,14408.679,14416.099,13989.239,14097.809,240,3237
2022-01-24 16:00:00,14097.409,14259.847,13718.559,14166.299,240,1274
2022-01-24 20:00:00,14167.189,14533.779,14132.649,14491.409,135,1264
2022-01-25 00:00:00,14491.619,14500.409,14247.229,14263.549,240,3333
2022-01-25 04:00:00,14263.539,14363.409,14163.009,14275.549,240,3349
2022-01-25 08:00:00,14275.569,14389.489,14178.829,14246.639,240,3290
2022-01-25 12:00:00,14246.847,14316.129,14049.869,14141.789,240,3331
2022-01-25 16:00:00,14141.779,14414.569,14030.559,14405.227,240,1343
2022-01-25 20:00:00,14405.109,14408.597,13966.229,14205.899,135,1271
2022-01-26 00:00:00,14206.047,14261.089,14121.489,14245.029,240,3237
2022-01-26 04:00:00,14245.137,14255.099,14166.029,14227.289,240,3282
2022-01-26 08:00:00,14229.827,14480.599,14224.059,14476.109,240,3288
2022-01-26 12:00:00,14476.039,14530.289,14346.669,14405.917,239,3275
2022-01-26 16:00:00,14405.909,14654.387,14209.879,14278.259,240,1272
2022-01-26 20:00:00,14278.307,14296.097,13992.409,14282.387,135,1320
2022-01-27 00:00:00,14281.869,14287.297,13860.209,13900.159,240,3270
2022-01-27 04:00:00,13900.107,14030.297,13890.739,13988.399,240,3234
2022-01-27 08:00:00,13988.869,14258.697,13986.729,14232.519,240,3272
2022-01-27 12:00:00,14233.839,14424.169,14169.029,14310.589,240,3274
2022-01-27 16:00:00,14309.039,14365.109,13980.779,14023.107,240,1269
2022-01-27 20:00:00,14023.289,14193.409,13960.619,14107.739,135,1443
2022-01-28 00:00:00,14107.767,14192.709,14063.359,14132.019,240,3430
2022-01-28 04:00:00,14132.209,14180.499,14096.689,14155.659,240,3402
2022-01-28 08:00:00,14156.109,14156.179,13960.609,14001.609,240,3464
2022-01-28 12:00:00,14000.159,14159.029,13842.779,14157.309,240,3407
2022-01-28 16:00:00,14160.089,14323.669,14072.529,14225.869,240,1428
2022-01-28 20:00:00,14225.899,14454.559,14210.079,14413.799,75,1445
2022-01-31 00:00:00,14409.717,14512.569,14379.539,14506.579,240,3422
2022-01-31 04:00:00,14506.279,14514.209,14447.819,14486.759,240,3412
2022-01-31 08:00:00,14486.799,14558.699,14437.099,14500.719,240,3415
2022-01-31 12:00:00,14500.709,14738.409,14412.109,14731.579,240,3429
2022-01-31 16:00:00,14731.749,14842.637,14680.039,14828.409,240,1431
2022-01-31 20:00:00,14827.909,14931.589,14732.129,14885.759,135,1436
2022-02-01 00:00:00,14886.089,14897.159,14835.159,14887.129,240,3446
2022-02-01 04:00:00,14887.207,14967.589,14873.829,14918.839,240,3397
2022-02-01 08:00:00,14919.219,14981.099,14864.119,14887.619,240,3404
2022-02-01 12:00:00,14888.049,14976.089,14747.019,14876.739,240,3399
2022-02-01 16:00:00,14877.059,14959.799,14839.109,14884.587,240,1417
2022-02-01 20:00:00,14884.319,15149.139,14874.859,15137.199,135,1418
2022-02-02 00:00:00,15136.899,15164.919,15134.139,15158.909,240,3413
2022-02-02 04:00:00,15158.989,15213.419,15155.819,15189.279,240,3405
2022-02-02 08:00:00,15189.549,15269.399,15172.679,15242.219,240,3304
2022-02-02 12:00:00,15242.549,15276.299,15032.419,15080.369,240,3318
2022-02-02 16:00:00,15081.087,15144.109,14957.169,15111.549,240,1277
2022-02-02 20:00:00,15111.587,15166.879,14771.839,14780.589,135,1267
2022-02-03 00:00:00,14780.649,14816.889,14767.689,14802.099,240,3297
2022-02-03 04:00:00,14801.867,14870.187,14787.619,14864.809,240,3359
2022-02-03 08:00:00,14864.999,14883.697,14761.229,14813.639,240,3275
2022-02-03 12:00:00,14813.839,14857.209,14689.809,14764.129,240,3304
2022-02-03 16:00:00,14764.201,14822.277,14583.319,14608.379,240,1265
2022-02-03 20:00:00,14607.599,14799.889,14474.869,14775.389,135,1285
2022-02-04 00:00:00,14775.879,14795.089,14712.599,14772.729,240,3329
2022-02-04 04:00:00,14772.899,14837.809,14738.509,14754.599,240,3338
2022-02-04 08:00:00,14754.599,14785.549,14531.619,14533.289,240,3296
2022-02-04 12:00:00,14533.199,14678.089,14376.219,14517.357,240,3317
2022-02-04 16:00:00,14516.769,14781.559,14456.789,14770.399,240,1276
2022-02-04 20:00:00,14771.169,14832.709,14642.149,14672.579,75,1293
2022-02-07 00:00:00,14723.839,14724.877,14614.379,14658.269,240,3318
2022-02-07 04:00:00,14658.267,14757.039,14657.699,14741.289,240,3353
2022-02-07 08:00:00,14741.207,14743.299,14630.329,14690.389,240,3277
2022-02-07 12:00:00,14690.489,14820.049,14684.307,14734.729,240,3323
2022-02-07 16:00:00,14734.849,14756.269,14569.239,14691.879,240,1262
2022-02-07 20:00:00,14691.847,14740.077,14525.287,14623.329,135,1274
2022-02-08 00:00:00,14623.367,14634.709,14570.179,14594.559,240,3324
2022-02-08 04:00:00,14595.019,14608.889,14549.049,14569.719,240,3326
2022-02-08 08:00:00,14570.309,14629.789,14522.379,14543.999,240,3286
2022-02-08 12:00:00,14543.159,14639.297,14481.689,14619.347,240,3296
2022-02-08 16:00:00,14619.599,14770.689,14617.009,14659.369,240,1268
2022-02-08 20:00:00,14659.357,14798.659,14628.599,14788.589,135,1283
2022-02-09 00:00:00,14789.589,14803.899,14757.239,14798.219,240,3339
2022-02-09 04:00:00,14798.177,14829.709,14768.859,14792.119,240,3338
2022-02-09 08:00:00,14792.239,14919.489,14781.659,14912.899,240,3288
2022-02-09 12:00:00,14912.829,14962.309,14864.849,14959.589,240,3331
2022-02-09 16:00:00,14959.719,15035.981,14922.259,15002.099,240,1307
2022-02-09 20:00:00,15002.049,15070.117,14959.799,15052.199,135,1290
2022-02-10 00:00:00,15052.519,15054.999,14977.879,14997.349,240,3357
2022-02-10 04:00:00,14997.579,15040.867,14988.169,15039.489,240,3369
2022-02-10 08:00:00,15039.549,15049.289,14976.319,15003.179,240,3309
2022-02-10 12:00:00,15003.409,15061.689,14730.609,14934.599,240,3353
2022-02-10 16:00:00,14934.397,14990.317,14719.679,14740.899,240,1266
2022-02-10 20:00:00,14740.657,14784.409,14634.739,14671.509,135,1264
2022-02-11 00:00:00,14672.069,14699.099,14628.799,14656.889,240,3303
2022-02-11 04:00:00,14656.809,14659.099,14538.619,14620.309,240,3331
2022-02-11 08:00:00,14620.337,14675.169,14583.029,14609.099,240,3315
2022-02-11 12:00:00,14609.139,14778.189,14602.229,14630.359,240,3325
2022-02-11 16:00:00,14631.249,14684.077,14220.689,14275.769,240,1258
2022-02-11 20:00:00,14277.619,14352.919,14193.859,14251.689,75,1258
2022-02-14 00:00:00,14256.799,14297.719,14216.619,14293.499,240,3436
2022-02-14 04:00:00,14293.399,14303.419,14227.329,14273.829,240,3441
2022-02-14 08:00:00,14272.079,14277.869,14039.609,14116.159,240,3435
2022-02-14 12:00:00,14116.269,14343.889,14072.039,14281.689,240,3290
2022-02-14 16:00:00,14281.629,14403.997,14112.889,14242.199,240,1288
2022-02-14 20:00:00,14241.729,14310.279,14183.429,14306.899,135,1249
2022-02-15 00:00:00,14306.837,14342.309,14260.389,14303.469,240,3328
2022-02-15 04:00:00,14303.589,14307.589,14233.049,14267.849,240,3333
2022-02-15 08:00:00,14267.827,14583.087,14254.309,14557.339,240,3267
2022-02-15 12:00:00,14557.337,14581.819,14455.739,14530.439,240,3324
2022-02-15 16:00:00,14531.019,14579.109,14437.209,14570.679,240,1296
2022-02-15 20:00:00,14571.799,14622.897,14532.969,14568.679,135,1305
2022-02-16 00:00:00,14568.677,14581.199,14553.619,14561.539,240,3333
2022-02-16 04:00:00,14561.557,14600.409,14557.549,14589.779,240,3368
2022-02-16 08:00:00,14590.259,14673.597,14561.619,14612.809,240,3288
2022-02-16 12:00:00,14612.717,14627.909,14387.819,14454.769,240,3323
2022-02-16 16:00:00,14455.709,14615.789,14395.259,14595.889,240,1298
2022-02-16 20:00:00,14596.349,14651.187,14571.329,14576.439,135,1291
2022-02-17 00:00:00,14576.497,14603.819,14518.217,14520.769,240,3356
2022-02-17 04:00:00,14521.389,14563.587,14446.789,14550.079,240,3303
2022-02-17 08:00:00,14550.239,14587.989,14472.789,14512.719,239,3273
2022-02-17 12:00:00,14512.769,14568.687,14331.519,14370.559,240,3334
2022-02-17 16:00:00,14370.589,14418.029,14245.199,14247.089,240,1311
2022-02-17 20:00:00,14246.799,14254.619,14144.009,14182.129,135,1311
2022-02-18 00:00:00,14181.539,14306.599,14137.549,14288.719,240,3325
2022-02-18 04:00:00,14289.019,14306.399,14235.789,14250.039,240,3345
2022-02-18 08:00:00,14250.049,14295.689,14231.629,14254.609,240,3300
2022-02-18 12:00:00,14254.679,14279.619,14043.319,14059.139,240,3336
2022-02-18 16:00:00,14058.619,14137.469,13914.299,14113.489,240,1291
2022-02-18 20:00:00,14114.257,14151.589,13968.939,14027.849,75,1272
2022-02-21 00:00:00,13861.486,14087.676,13819.326,14026.119,240,2984
2022-02-21 04:00:00,14026.109,14164.856,14019.806,14105.569,240,2274
2022-02-21 08:00:00,14105.569,14118.516,13889.799,13931.529,240,2242
2022-02-21 12:00:00,13931.517,13933.479,13782.009,13827.549,240,3309
2022-02-21 16:00:00,13827.729,13829.609,13724.599,13730.689,119,1314
2022-02-21 20:00:00,13643.279,13715.479,13600.589,13686.479,60,3274
2022-02-22 00:00:00,13686.549,13745.109,13640.339,13670.429,240,3275
2022-02-22 04:00:00,13670.549,13754.339,13623.369,13626.089,240,3322
2022-02-22 08:00:00,13626.117,13973.489,13621.259,13914.729,240,3218
2022-02-22 12:00:00,13915.019,14116.087,13871.399,13948.619,240,3317
2022-02-22 16:00:00,13949.099,13967.199,13716.519,13931.699,240,1264
2022-02-22 20:00:00,13932.689,14018.289,13817.139,13977.339,135,1266
2022-02-23 00:00:00,13978.319,13984.299,13917.559,13962.809,240,3347
2022-02-23 04:00:00,13963.639,13992.399,13930.139,13971.359,240,3334
2022-02-23 08:00:00,13972.109,14073.099,13947.699,13963.507,240,3322
2022-02-23 12:00:00,13963.789,14037.899,13760.737,13787.579,240,3355
2022-02-23 16:00:00,13787.749,13872.089,13577.029,13597.229,240,1295
2022-02-23 20:00:00,13597.319,13606.237,13464.209,13507.039,135,1286
2022-02-24 00:00:00,13507.049,13521.489,13112.819,13133.789,240,3296
2022-02-24 04:00:00,13133.597,13230.897,13032.309,13097.639,240,3233
2022-02-24 08:00:00,13100.269,13255.599,13077.209,13162.609,240,3221
2022-02-24 12:00:00,13163.347,13503.697,13034.919,13459.319,240,3246
2022-02-24 16:00:00,13460.829,13808.279,13411.079,13778.619,240,1261
2022-02-24 20:00:00,13779.129,13987.327,13761.057,13863.629,135,1271
2022-02-25 00:00:00,13863.839,13944.789,13811.029,13886.869,240,3358
2022-02-25 04:00:00,13886.889,13923.019,13812.309,13857.399,240,3349
2022-02-25 08:00:00,13858.569,13946.519,13765.039,13898.199,240,3344
2022-02-25 12:00:00,13898.129,14111.069,13837.149,14066.099,240,3358
2022-02-25 16:00:00,14064.749,14183.299,14028.019,14115.319,240,1364
2022-02-25 20:00:00,14115.609,14203.277,14080.219,14192.569,75,1351
2022-02-28 00:00:00,13862.099,13960.599,13761.579,13774.729,240,3340
2022-02-28 04:00:00,13774.747,14023.839,13774.299,13992.109,240,3349
2022-02-28 08:00:00,13994.379,14055.299,13918.249,13996.239,240,3327
2022-02-28 12:00:00,13995.599,14242.379,13976.759,14222.207,240,3341
2022-02-28 16:00:00,14224.199,14298.549,14003.309,14086.759,240,1355
2022-02-28 20:00:00,14086.289,14274.989,14032.039,14261.919,135,1354
2022-03-01 00:00:00,14262.639,14270.289,14180.0,14199.349,240,3366
2022-03-01 04:00:00,14198.619,14331.699,14189.439,14279.859,240,3369
2022-03-01 08:00:00,14279.479,14311.859,14075.579,14099.939,240,3339
2022-03-01 12:00:00,14100.139,14278.139,14097.829,14156.519,240,3345
2022-03-01 16:00:00,14156.469,14216.399,13970.339,14005.609,236,1363
2022-03-01 20:00:00,14006.229,14104.419,13905.939,14055.809,135,1379
2022-03-02 00:00:00,14055.639,14070.279,13976.309,14047.649,240,3366
2022-03-02 04:00:00,14048.489,14099.099,13915.739,13973.299,240,3355
2022-03-02 08:00:00,13973.239,14147.269,13945.649,14109.349,240,3357
2022-03-02 12:00:00,14108.529,14134.179,13956.409,14054.159,240,3380
2022-03-02 16:00:00,14053.549,14287.419,14019.879,14244.209,240,1358
2022-03-02 20:00:00,14244.259,14294.879,14190.529,14208.079,135,1365
2022-03-03 00:00:00,14208.099,14241.789,14185.759,14227.029,240,3371
2022-03-03 04:00:00,14227.039,14257.899,14200.319,14214.819,240,3379
2022-03-03 08:00:00,14214.857,14247.089,14163.619,14187.349,240,3382
2022-03-03 12:00:00,14187.289,14393.999,14053.859,14055.369,240,3376
2022-03-03 16:00:00,14055.319,14217.569,14035.589,14059.089,240,1353
2022-03-03 20:00:00,14058.639,14087.299,13960.817,14082.039,135,1348
2022-03-04 00:00:00,14082.159,14088.387,13749.569,13890.849,240,3350
2022-03-04 04:00:00,13891.089,14000.299,13880.199,13969.009,240,3357
2022-03-04 08:00:00,13969.029,14062.289,13887.829,13926.689,240,3332
2022-03-04 12:00:00,13927.229,14011.589,13778.549,13782.939,240,3350
2022-03-04 16:00:00,13784.109,13935.699,13735.909,13749.219,240,1347
2022-03-04 20:00:00,13750.069,13852.029,13746.419,13807.089,75,1338
2022-03-07 00:00:00,13583.869,13623.589,13529.929,13592.019,240,3325
2022-03-07 04:00:00,13592.007,13670.887,13545.959,13563.019,240,3333
2022-03-07 08:00:00,13563.067,13656.859,13548.579,13655.349,240,3319
2022-03-07 12:00:00,13655.307,13880.469,13542.789,13564.899,240,3336
2022-03-07 16:00:00,13565.009,13643.579,13409.229,13420.249,240,1348
2022-03-07 20:00:00,13420.769,13433.809,13254.249,13268.049,135,1362
2022-03-08 00:00:00,13269.209,13379.289,13263.919,13305.459,240,3364
2022-03-08 04:00:00,13306.079,13310.489,13104.029,13159.779,240,3372
2022-03-08 08:00:00,13160.759,13378.229,13158.299,13351.099,240,3323
2022-03-08 12:00:00,13350.549,13421.509,13125.219,13314.249,240,3343
2022-03-08 16:00:00,13314.409,13665.939,13122.299,13421.009,240,1373
2022-03-08 20:00:00,13422.019,13511.279,13194.339,13249.939,135,1358
2022-03-09 00:00:00,13250.209,13345.499,13222.279,13255.249,240,3352
2022-03-09 04:00:00,13255.369,13436.479,13254.209,13423.009,240,3338
2022-03-09 08:00:00,13423.579,13573.989,13356.319,13513.529,240,3337
2022-03-09 12:00:00,13513.519,13682.939,13488.329,13666.289,240,3355
2022-03-09 16:00:00,13666.899,13750.399,13581.379,13723.649,240,1292
2022-03-09 20:00:00,13723.819,13797.297,13704.319,13747.209,135,1292
2022-03-10 00:00:00,13746.949,13763.679,13703.659,13730.629,240,3310
2022-03-10 04:00:00,13730.809,13735.769,13670.149,13711.769,240,3328
2022-03-10 08:00:00,13711.799,13721.199,13529.439,13548.509,240,3278
2022-03-10 12:00:00,13548.507,13622.397,13436.819,13449.679,240,3303
2022-03-10 16:00:00,13449.617,13639.239,13401.709,13622.889,240,1289
2022-03-10 20:00:00,13622.369,13634.889,13555.309,13600.147,135,1282
2022-03-11 00:00:00,13600.029,13603.559,13457.669,13499.399,240,3316
2022-03-11 04:00:00,13499.599,13664.599,13483.759,13607.309,240,3345
2022-03-11 08:00:00,13606.289,13863.659,13544.199,13816.729,240,3298
2022-03-11 12:00:00,13817.387,13829.419,13507.009,13573.359,240,3311
2022-03-11 16:00:00,13573.347,13576.687,13404.369,13424.569,240,1305
2022-03-11 20:00:00,13424.559,13434.629,13283.689,13306.669,75,1304
2022-03-14 00:00:00,13370.137,13410.497,13286.919,13313.139,240,3323
2022-03-14 04:00:00,13313.769,13402.007,13312.289,13358.329,240,3313
2022-03-14 08:00:00,13359.209,13443.689,13224.999,13233.859,238,3274
2022-03-14 12:00:00,13232.229,13391.487,13176.489,13191.909,240,3285
2022-03-14 16:00:00,13191.009,13191.009,13019.359,13052.767,240,1294
2022-03-14 20:00:00,13051.849,13117.989,13045.399,13107.909,135,1314
2022-03-15 00:00:00,13107.847,13142.297,13051.489,13109.369,240,3338
2022-03-15 04:00:00,13109.819,13128.187,12959.579,13012.679,240,3322
2022-03-15 08:00:00,13013.119,13124.079,12945.219,13080.897,240,3271
2022-03-15 12:00:00,13080.519,13405.659,13068.719,13322.509,240,3327
2022-03-15 16:00:00,13322.449,13488.119,13262.229,13456.789,240,1283
2022-03-15 20:00:00,13456.987,13477.299,13429.189,13455.289,135,1337
2022-03-16 00:00:00,13455.027,13475.059,13417.719,13453.059,240,3323
2022-03-16 04:00:00,13453.139,13626.809,13448.269,13621.307,240,3310
2022-03-16 08:00:00,13620.999,13720.469,13605.0,13703.489,240,3293
2022-03-16 12:00:00,13703.729,13867.919,13614.779,13817.789,240,3327
2022-03-16 16:00:00,13817.599,13958.869,13465.449,13957.919,240,1311
2022-03-16 20:00:00,13957.009,13987.389,13938.729,13979.349,135,1315
2022-03-17 00:00:00,13979.357,13994.857,13901.569,13939.579,240,3317
2022-03-17 04:00:00,13940.389,14022.569,13920.559,13972.729,240,3316
2022-03-17 08:00:00,13972.989,13978.989,13838.479,13896.059,240,3298
2022-03-17 12:00:00,13895.979,14014.589,13821.239,13927.079,240,3313
2022-03-17 16:00:00,13928.379,14120.379,13907.759,14120.307,240,1305
2022-03-17 20:00:00,14121.599,14135.989,14020.319,14026.209,135,1316
2022-03-18 00:00:00,14027.529,14052.839,13970.259,13996.089,240,3314
2022-03-18 04:00:00,13995.809,14064.709,13982.789,14047.859,240,3339
2022-03-18 08:00:00,14047.909,14055.789,13980.309,13995.189,240,3298
2022-03-18 12:00:00,13994.509,14285.029,13981.669,14248.929,240,3349
2022-03-18 16:00:00,14249.619,14431.699,14232.809,14417.189,240,1312
2022-03-18 20:00:00,14418.019,14427.689,14403.999,14421.989,15,1359
2022-03-21 00:00:00,14410.109,14412.089,14346.819,14376.807,240,3372
2022-03-21 04:00:00,14376.589,14378.999,14313.019,14353.429,240,3367
2022-03-21 08:00:00,14353.417,14433.599,14330.927,14406.719,240,3352
2022-03-21 12:00:00,14406.579,14472.997,14235.109,14447.317,240,3341
2022-03-21 16:00:00,14447.079,14455.557,14190.789,14375.619,240,1272
2022-03-21 20:00:00,14376.099,14400.819,14345.319,14345.719,135,1333
2022-03-22 00:00:00,14345.719,14350.199,14296.229,14327.239,240,3352
2022-03-22 04:00:00,14327.249,14394.779,14304.119,14384.559,240,3358
2022-03-22 08:00:00,14384.749,14450.889,14377.679,14388.309,240,3321
2022-03-22 12:00:00,14388.359,14685.689,14365.179,14626.329,240,3348
2022-03-22 16:00:00,14626.347,14691.947,14573.409,14656.649,240,1307
2022-03-22 20:00:00,14656.637,14672.097,14631.129,14667.439,135,1384
2022-03-23 00:00:00,14667.469,14677.397,14626.439,14652.109,240,3352
2022-03-23 04:00:00,14651.929,14676.489,14636.409,14652.849,240,3359
2022-03-23 08:00:00,14652.837,14660.089,14530.019,14545.057,240,3348
2022-03-23 12:00:00,14544.979,14656.317,14462.469,14654.719,240,3334
2022-03-23 16:00:00,14655.609,14684.489,14444.919,14446.299,240,1300
2022-03-23 20:00:00,14447.019,14483.199,14444.949,14475.619,135,1337
2022-03-24 00:00:00,14475.789,14520.599,14449.919,14520.099,240,3357
2022-03-24 04:00:00,14520.019,14550.199,14504.749,14509.769,240,3354
2022-03-24 08:00:00,14509.929,14572.949,14505.909,14528.409,240,3325
2022-03-24 12:00:00,14528.407,14666.479,14436.459,14639.089,240,3339
2022-03-24 16:00:00,14639.009,14772.389,14587.179,14769.639,240,1299
2022-03-24 20:00:00,14770.219,14777.169,14741.219,14752.419,135,1348
2022-03-25 00:00:00,14752.859,14790.997,14722.419,14752.699,240,3335
2022-03-25 04:00:00,14752.627,14816.899,14751.119,14788.799,240,3369
2022-03-25 08:00:00,14789.397,14842.699,14697.339,14829.909,240,3330
2022-03-25 12:00:00,14829.929,14838.519,14573.669,14604.979,240,3337
2022-03-25 16:00:00,14605.819,14759.979,14584.239,14756.299,240,1289
2022-03-25 20:00:00,14756.849,14758.719,14744.219,14749.249,15,1335
2022-03-28 00:00:00,14720.977,14727.819,14682.089,14693.319,240,3347
2022-03-28 04:00:00,14693.317,14737.397,14658.739,14716.339,240,3363
2022-03-28 08:00:00,14716.327,14807.687,14681.219,14806.227,240,3328
2022-03-28 12:00:00,14806.399,14912.727,14717.689,14733.727,240,3346
2022-03-28 16:00:00,14733.629,14987.179,14700.609,14987.179,240,1297
2022-03-28 20:00:00,14986.189,14995.987,14962.719,14971.579,135,1335
2022-03-29 00:00:00,14973.349,14990.089,14955.039,14967.069,240,3346
2022-03-29 04:00:00,14967.369,15039.099,14961.089,15006.559,240,3356
2022-03-29 08:00:00,15006.589,15098.289,15002.559,15085.379,240,3340
2022-03-29 12:00:00,15085.599,15217.699,15031.179,15144.839,240,3315
2022-03-29 16:00:00,15145.049,15265.039,15076.529,15238.519,239,1313
2022-03-29 20:00:00,15238.527,15243.899,15197.119,15217.277,135,1348
2022-03-30 00:00:00,15216.799,15257.309,15197.839,15213.709,240,3351
2022-03-30 04:00:00,15213.919,15241.819,15165.539,15179.889,240,3371
2022-03-30 08:00:00,15179.857,15190.299,15136.819,15182.289,240,3327
2022-03-30 12:00:00,15182.189,15230.499,15093.199,15151.177,240,3330
2022-03-30 16:00:00,15150.829,15192.707,15008.589,15076.099,240,1317
2022-03-30 20:00:00,15076.739,15109.279,15076.329,15098.399,134,1329
2022-03-31 00:00:00,15098.539,15162.287,15095.789,15141.549,240,3349
2022-03-31 04:00:00,15141.669,15175.717,15114.539,15150.569,240,3352
2022-03-31 08:00:00,15150.587,15154.099,15075.179,15110.299,240,3327
2022-03-31 12:00:00,15110.037,15130.167,14963.619,15042.879,240,3355
2022-03-31 16:00:00,15042.847,15061.397,14852.059,14866.179,240,1312
2022-03-31 20:00:00,14867.207,14919.249,14866.719,14907.729,134,1319
2022-04-01 00:00:00,14907.767,14931.889,14871.279,14918.729,240,3361
2022-04-01 04:00:00,14918.717,14947.899,14896.809,14928.579,240,3366
2022-04-01 08:00:00,14928.607,14954.309,14903.769,14945.359,240,3337
2022-04-01 12:00:00,14945.327,14950.209,14751.579,14760.829,240,3356
2022-04-01 16:00:00,14760.877,14866.739,14722.099,14858.779,240,1318
2022-04-01 20:00:00,14857.289,14859.109,14825.529,14827.637,15,1336
2022-04-04 00:00:00,14814.279,14849.599,14796.889,14844.539,240,3334
2022-04-04 04:00:00,14844.527,14892.289,14820.849,14846.199,240,3364
2022-04-04 08:00:00,14846.197,14934.187,14836.649,14920.859,240,3337
2022-04-04 12:00:00,14920.827,15115.177,14874.059,15103.649,240,3334
2022-04-04 16:00:00,15103.559,15161.479,15062.419,15159.999,240,1333
2022-04-04 20:00:00,15159.717,15167.999,15143.149,15143.509,135,1359
2022-04-05 00:00:00,15143.697,15150.597,15135.609,15138.709,240,3355
2022-04-05 04:00:00,15138.529,15188.909,15129.359,15177.059,240,3378
2022-04-05 08:00:00,15177.329,15182.119,15101.979,15129.529,240,3340
2022-04-05 12:00:00,15129.899,15139.287,14883.089,14885.759,240,3335
2022-04-05 16:00:00,14885.757,14934.999,14775.149,14823.517,240,1303
2022-04-05 20:00:00,14825.669,14852.747,14824.819,14828.279,135,1345
2022-04-06 00:00:00,14828.389,14837.599,14767.889,14786.409,240,3336
2022-04-06 04:00:00,14786.839,14835.999,14726.119,14730.669,240,3368
2022-04-06 08:00:00,14730.707,14742.607,14574.859,14584.589,240,3325
2022-04-06 12:00:00,14584.377,14637.157,14439.599,14489.689,240,3334
2022-04-06 16:00:00,14489.417,14644.109,14388.209,14499.289,240,1309
2022-04-06 20:00:00,14499.027,14511.489,14435.719,14440.547,135,1330
2022-04-07 00:00:00,14440.479,14488.799,14429.829,14441.519,240,3334
2022-04-07 04:00:00,14441.477,14557.999,14425.239,14508.799,240,3359
2022-04-07 08:00:00,14508.929,14595.099,14503.449,14543.809,240,3325
2022-04-07 12:00:00,14543.987,14600.499,14352.019,14373.817,240,3337
2022-04-07 16:00:00,14373.079,14627.797,14315.899,14537.309,240,1295
2022-04-07 20:00:00,14536.497,14567.087,14525.739,14559.469,135,1330
2022-04-08 00:00:00,14559.507,14568.499,14510.739,14536.059,240,3333
2022-04-08 04:00:00,14536.239,14616.599,14517.969,14611.969,240,3354
2022-04-08 08:00:00,14613.079,14634.809,14532.319,14577.019,240,3353
2022-04-08 12:00:00,14576.957,14581.289,14306.229,14443.539,240,3328
2022-04-08 16:00:00,14443.587,14495.499,14308.519,14333.489,240,1288
2022-04-08 20:00:00,14333.409,14353.289,14333.319,14333.959,15,1328
2022-04-11 00:00:00,14305.489,14306.787,14193.359,14225.809,240,3328
2022-04-11 04:00:00,14226.089,14301.539,14186.109,14258.069,240,3338
2022-04-11 08:00:00,14258.077,14265.769,14152.989,14174.729,240,3293
2022-04-11 12:00:00,14174.899,14194.069,14031.759,14069.179,240,3327
2022-04-11 16:00:00,14069.167,14125.869,13979.819,13995.279,240,1324
2022-04-11 20:00:00,13995.789,14012.207,13968.439,13977.219,134,1327
2022-04-12 00:00:00,13977.167,13995.017,13905.219,13918.129,240,3320
2022-04-12 04:00:00,13918.219,13980.209,13896.769,13959.519,240,3360
2022-04-12 08:00:00,13959.889,14038.689,13949.659,14027.359,240,3298
2022-04-12 12:00:00,14027.347,14277.899,14015.179,14150.229,240,3300
2022-04-12 16:00:00,14150.639,14152.459,13876.319,13937.499,240,1274
2022-04-12 20:00:00,13937.697,13990.399,13915.359,13990.059,135,1339
2022-04-13 00:00:00,13990.107,14043.299,13980.139,14033.219,240,3357
2022-04-13 04:00:00,14033.319,14092.299,14004.969,14038.389,240,3349
2022-04-13 08:00:00,14038.949,14072.099,13967.519,13974.679,240,3303
2022-04-13 12:00:00,13974.657,14168.599,13917.419,14147.539,240,3290
2022-04-13 16:00:00,14147.527,14261.179,14121.359,14216.889,240,1311
2022-04-13 20:00:00,14215.859,14230.397,14203.079,14209.599,135,1332
2022-04-14 00:00:00,14209.559,14264.599,14207.319,14252.899,240,3344
2022-04-14 04:00:00,14253.119,14289.699,14213.319,14243.619,240,3356
2022-04-14 08:00:00,14243.909,14256.707,14184.889,14193.799,240,3310
2022-04-14 12:00:00,14194.589,14240.899,14006.479,14014.679,240,3312
2022-04-14 16:00:00,14014.627,14042.587,13885.319,13893.519,240,1306
2022-04-14 20:00:00,13893.939,13898.707,13876.219,13888.219,14,1332
2022-04-18 00:00:00,13734.647,13771.689,13731.239,13765.609,240,3319
2022-04-18 04:00:00,13765.779,13803.299,13746.119,13786.499,240,3339
2022-04-18 08:00:00,13786.497,13867.397,13776.739,13837.319,240,3313
2022-04-18 12:00:00,13837.619,14001.397,13801.769,13874.689,240,3340
2022-04-18 16:00:00,13874.919,13995.097,13786.139,13916.259,240,1301
2022-04-18 20:00:00,13917.299,14017.199,13913.679,14014.879,135,1334
2022-04-19 00:00:00,14014.849,14016.597,13931.959,13990.809,240,3347
2022-04-19 04:00:00,13991.009,14005.499,13903.759,13945.317,240,3335
2022-04-19 08:00:00,13945.249,13972.889,13826.819,13920.259,240,3316
2022-04-19 12:00:00,13920.459,14193.889,13833.779,14171.819,240,3332
2022-04-19 16:00:00,14172.069,14237.919,14100.929,14208.519,240,1302
2022-04-19 20:00:00,14209.517,14214.109,14062.599,14076.107,135,1276
2022-04-20 00:00:00,14075.999,14119.339,14041.029,14119.179,240,3335
2022-04-20 04:00:00,14119.589,14135.597,14063.419,14101.599,240,3329
2022-04-20 08:00:00,14101.819,14294.099,14079.479,14287.439,240,3331
2022-04-20 12:00:00,14287.589,14290.419,14019.389,14042.469,240,3308
2022-04-20 16:00:00,14042.697,14113.569,13956.049,14002.099,240,1307
2022-04-20 20:00:00,14002.027,14089.809,13989.017,14080.539,135,1306
2022-04-21 00:00:00,14080.509,14121.419,14072.939,14079.169,240,3343
2022-04-21 04:00:00,14079.339,14153.589,14051.379,14143.917,240,3353
2022-04-21 08:00:00,14143.829,14185.189,14123.909,14179.609,240,3325
2022-04-21 12:00:00,14178.209,14279.799,13960.519,13961.449,240,3349
2022-04-21 16:00:00,13961.477,13983.229,13678.469,13718.469,240,1275
2022-04-21 20:00:00,13718.539,13727.127,13664.919,13677.469,135,1289
2022-04-22 00:00:00,13677.457,13702.469,13608.449,13677.299,240,3338
2022-04-22 04:00:00,13677.469,13756.289,13659.649,13724.129,240,3352
2022-04-22 08:00:00,13724.177,13749.589,13648.219,13746.059,240,3336
2022-04-22 12:00:00,13746.149,13774.689,13509.779,13510.569,240,3328
2022-04-22 16:00:00,13510.749,13550.097,13337.509,13355.639,240,1280
2022-04-22 20:00:00,13355.637,13365.209,13309.739,13319.589,15,1289
2022-04-25 00:00:00,13324.277,13336.207,13231.509,13300.599,240,3323
2022-04-25 04:00:00,13300.587,13332.209,13196.139,13253.209,240,3383
2022-04-25 08:00:00,13253.579,13298.499,13179.899,13244.167,240,3296
2022-04-25 12:00:00,13243.739,13462.779,13218.717,13263.999,240,3305
2022-04-25 16:00:00,13263.749,13539.439,13239.199,13529.309,240,1275
2022-04-25 20:00:00,13528.319,13546.099,13503.229,13519.679,135,1311
2022-04-26 00:00:00,13519.657,13578.819,13503.379,13568.129,240,3341
2022-04-26 04:00:00,13568.369,13569.999,13428.149,13449.739,240,3356
2022-04-26 08:00:00,13449.777,13524.899,13444.349,13483.689,240,3361
2022-04-26 12:00:00,13483.887,13491.209,13098.109,13103.889,240,3334
2022-04-26 16:00:00,13104.759,13230.199,13008.539,13009.789,240,1283
2022-04-26 20:00:00,13010.799,13041.987,12806.829,12997.519,135,1258
2022-04-27 00:00:00,12997.597,13080.419,12951.799,13066.709,240,3332
2022-04-27 04:00:00,13066.797,13140.789,12978.729,13137.789,240,3355
2022-04-27 08:00:00,13137.779,13183.799,13015.749,13039.909,240,3298
2022-04-27 12:00:00,13040.289,13256.199,12932.299,13086.279,240,3328
2022-04-27 16:00:00,13086.479,13230.697,12977.319,13004.199,240,1300
2022-04-27 20:00:00,13004.207,13193.957,12984.949,13172.629,135,1312
2022-04-28 00:00:00,13172.627,13191.697,13131.379,13177.829,240,3334
2022-04-28 04:00:00,13178.019,13331.577,13165.099,13287.029,240,3345
2022-04-28 08:00:00,13287.029,13345.409,13248.117,13263.427,240,3329
2022-04-28 12:00:00,13263.369,13279.937,13035.669,13138.709,240,3325
2022-04-28 16:00:00,13139.269,13541.087,13117.439,13460.209,240,1304
2022-04-28 20:00:00,13462.829,13471.389,13176.409,13246.209,135,1306
2022-04-29 00:00:00,13246.167,13344.187,13242.659,13331.989,240,3321
2022-04-29 04:00:00,13331.957,13418.909,13320.139,13360.869,240,3356
2022-04-29 08:00:00,13362.969,13389.989,13248.139,13264.759,240,3281
2022-04-29 12:00:00,13264.767,13432.259,13157.189,13174.409,240,3339
2022-04-29 16:00:00,13175.279,13182.569,12834.739,12855.139,240,1287
2022-05-02 00:00:00,12882.289,12970.587,12841.669,12947.699,240,3309
2022-05-02 04:00:00,12947.617,12981.299,12879.309,12907.179,240,3326
2022-05-02 08:00:00,12907.629,12960.677,12770.769,12785.309,240,3273
2022-05-02 12:00:00,12785.869,13045.699,12745.409,12907.379,240,3294
2022-05-02 16:00:00,12907.357,13083.179,12711.099,13074.019,240,1269
2022-05-02 20:00:00,13072.219,13085.417,13023.789,13057.099,135,1285
2022-05-03 00:00:00,13057.297,13171.297,13046.759,13125.249,240,3311
2022-05-03 04:00:00,13125.339,13145.207,13045.639,13091.619,240,3344
2022-05-03 08:00:00,13091.769,13129.899,13002.869,13059.809,240,3294
2022-05-03 12:00:00,13059.797,13152.359,12970.629,13106.409,240,3319
2022-05-03 16:00:00,13106.427,13184.297,12996.369,13091.437,240,1270
2022-05-03 20:00:00,13090.689,13147.499,13082.809,13118.909,135,1296
2022-05-04 00:00:00,13118.987,13144.499,13089.179,13099.629,240,3340
2022-05-04 04:00:00,13099.719,13136.009,13082.809,13118.959,240,3341
2022-05-04 08:00:00,13118.889,13153.797,13092.459,13131.459,240,3335
2022-05-04 12:00:00,13132.599,13139.519,12884.229,12961.439,240,3323
2022-05-04 16:00:00,12961.467,13555.899,12940.719,13533.369,240,1315
2022-05-04 20:00:00,13534.329,13539.669,13496.219,13510.769,135,1324
2022-05-05 00:00:00,13511.099,13539.907,13501.529,13519.819,240,3323
2022-05-05 04:00:00,13519.747,13546.099,13419.829,13450.249,240,3351
2022-05-05 08:00:00,13450.237,13453.597,13376.619,13418.299,240,3300
2022-05-05 12:00:00,13418.279,13451.087,12841.799,12844.729,240,3375
2022-05-05 16:00:00,12844.757,12968.429,12708.509,12865.439,240,1250
2022-05-05 20:00:00,12865.789,12925.607,12846.739,12883.179,135,1272
2022-05-06 00:00:00,12884.579,12888.457,12781.189,12870.719,240,3327
2022-05-06 04:00:00,12870.727,12879.609,12748.939,12814.929,240,3327
2022-05-06 08:00:00,12815.199,12865.007,12726.779,12774.149,240,3273
2022-05-06 12:00:00,12774.197,12929.469,12519.789,12714.159,240,3284
2022-05-06 16:00:00,12714.197,12876.689,12568.879,12696.899,240,1272
2022-05-06 20:00:00,12695.889,12705.169,12640.589,12644.647,15,1301
2022-05-09 00:00:00,12576.579,12601.599,12509.0,12594.959,240,3314
2022-05-09 04:00:00,12595.009,12623.487,12527.169,12535.789,240,3342
2022-05-09 08:00:00,12536.009,12542.559,12343.779,12412.689,240,3277
2022-05-09 12:00:00,12412.897,12556.047,12239.089,12326.129,240,3281
2022-05-09 16:00:00,12326.107,12419.219,12136.209,12198.219,240,1267
2022-05-09 20:00:00,12198.287,12250.889,12195.639,12235.689,135,1286
2022-05-10 00:00:00,12235.617,12310.519,12102.729,12307.209,240,3312
2022-05-10 04:00:00,12307.519,12408.279,12288.549,12345.999,240,3334
2022-05-10 08:00:00,12346.219,12417.689,12293.209,12336.919,240,3311
2022-05-10 12:00:00,12337.109,12545.497,12167.329,12266.689,240,3298
2022-05-10 16:00:00,12266.707,12515.259,12189.609,12340.819,240,1251
2022-05-10 20:00:00,12340.059,12361.199,12311.559,12334.549,135,1297
2022-05-11 00:00:00,12334.547,12459.299,12319.049,12438.059,240,3363
2022-05-11 04:00:00,12438.077,12457.109,12380.799,12412.719,240,3335
2022-05-11 08:00:00,12412.717,12548.489,12408.789,12517.279,240,3284
2022-05-11 12:00:00,12517.719,12528.309,12097.039,12284.669,240,3296
2022-05-11 16:00:00,12284.889,12306.597,11937.389,11970.257,240,1258
2022-05-11 20:00:00,11972.399,12018.097,11949.589,12003.559,135,1279
2022-05-12 00:00:00,12004.169,12067.089,11920.729,12012.809,240,3287
2022-05-12 04:00:00,12012.827,12017.319,11840.819,11925.269,240,3308
2022-05-12 08:00:00,11925.267,11933.379,11752.289,11761.569,240,3238
2022-05-12 12:00:00,11761.889,12127.897,11690.269,11847.039,240,3271
2022-05-12 16:00:00,11847.349,11985.207,11689.739,11948.529,240,1269
2022-05-12 20:00:00,11949.369,12027.799,11902.179,12022.769,135,1286
2022-05-13 00:00:00,12022.789,12146.799,12006.819,12113.019,240,3308
2022-05-13 04:00:00,12112.819,12179.099,12068.289,12139.309,240,3337
2022-05-13 08:00:00,12139.589,12206.049,12113.149,12198.719,240,3305
2022-05-13 12:00:00,12198.719,12365.789,12064.837,12358.109,240,3321
2022-05-13 16:00:00,12359.099,12430.099,12217.529,12383.349,240,1301
2022-05-13 20:00:00,12383.367,12383.999,12350.829,12358.909,15,1295
2022-05-16 00:00:00,12464.747,12467.399,12233.839,12284.619,240,3330
2022-05-16 04:00:00,12285.799,12334.169,12227.229,12283.179,240,3316
2022-05-16 08:00:00,12283.599,12351.399,12282.529,12329.029,240,3295
2022-05-16 12:00:00,12329.037,12409.269,12188.309,12324.919,240,3299
2022-05-16 16:00:00,12325.419,12397.349,12209.519,12243.919,240,1293
2022-05-16 20:00:00,12244.119,12266.789,12230.859,12263.529,135,1320
2022-05-17 00:00:00,12263.779,12333.659,12249.147,12305.339,240,3337
2022-05-17 04:00:00,12305.599,12397.049,12305.209,12383.019,240,3324
2022-05-17 08:00:00,12383.139,12539.707,12383.129,12472.889,240,3312
2022-05-17 12:00:00,12473.759,12532.397,12329.399,12461.829,240,3321
2022-05-17 16:00:00,12462.129,12574.879,12369.589,12565.087,240,1298
2022-05-17 20:00:00,12564.889,12588.487,12545.729,12557.079,135,1327
2022-05-18 00:00:00,12557.129,12568.389,12469.249,12496.439,240,3345
2022-05-18 04:00:00,12496.599,12534.237,12467.009,12486.299,240,3340
2022-05-18 08:00:00,12486.579,12518.699,12404.729,12409.749,240,3322
2022-05-18 12:00:00,12410.009,12442.199,12110.689,12115.819,240,3314
2022-05-18 16:00:00,12116.089,12132.469,11887.629,11941.439,240,1294
2022-05-18 20:00:00,11939.899,11949.417,11818.399,11822.419,135,1288
2022-05-19 00:00:00,11822.339,11948.587,11803.419,11933.599,240,3286
2022-05-19 04:00:00,11933.989,11945.797,11742.409,11810.509,240,3332
2022-05-19 08:00:00,11810.487,11854.609,11699.959,11838.409,240,3281
2022-05-19 12:00:00,11839.089,12073.209,11769.399,12025.169,240,3284
2022-05-19 16:00:00,12025.839,12055.689,11847.909,11874.099,240,1268
2022-05-19 20:00:00,11873.159,11935.089,11845.659,11929.119,135,1306
2022-05-20 00:00:00,11931.309,12004.599,11928.839,11977.339,240,3337
2022-05-20 04:00:00,11977.387,12061.089,11960.459,12047.349,240,3320
2022-05-20 08:00:00,12047.939,12092.107,12019.519,12057.319,240,3358
2022-05-20 12:00:00,12057.417,12060.599,11712.119,11731.709,240,3318
2022-05-20 16:00:00,11731.627,11844.609,11489.309,11832.689,240,1288
2022-05-20 20:00:00,11832.769,11852.389,11798.669,11814.779,15,1277
2022-05-23 00:00:00,11970.187,12004.209,11925.099,11956.509,240,3317
2022-05-23 04:00:00,11956.789,12041.599,11949.069,11979.689,240,3316
2022-05-23 08:00:00,11979.789,12001.489,11862.559,11917.739,240,3260
2022-05-23 12:00:00,11919.679,12012.709,11782.729,11986.599,240,3292
2022-05-23 16:00:00,11987.319,12051.689,11915.069,12032.499,240,1285
2022-05-23 20:00:00,12032.457,12072.507,11817.499,11884.529,135,1321
2022-05-24 00:00:00,11884.649,11893.719,11849.129,11868.659,240,3321
2022-05-24 04:00:00,11868.729,11872.499,11749.937,11799.649,240,3360
2022-05-24 08:00:00,11799.667,11872.697,11771.109,11829.749,240,3328
2022-05-24 12:00:00,11829.737,11853.997,11573.629,11704.049,240,3325
2022-05-24 16:00:00,11704.027,11828.799,11640.619,11779.209,240,1272
2022-05-24 20:00:00,11780.037,11865.469,11776.429,11850.979,135,1306
2022-05-25 00:00:00,11850.937,11888.297,11784.269,11881.999,240,3315
2022-05-25 04:00:00,11881.727,11882.699,11804.929,11812.519,240,3351
2022-05-25 08:00:00,11812.507,11824.959,11671.699,11696.959,240,3308
2022-05-25 12:00:00,11696.907,11923.199,11669.269,11849.849,240,3324
2022-05-25 16:00:00,11849.917,12027.207,11765.179,11943.299,240,1295
2022-05-25 20:00:00,11944.009,11945.707,11881.637,11885.149,135,1306
2022-05-26 00:00:00,11885.177,11986.499,11853.109,11905.629,240,3302
2022-05-26 04:00:00,11905.759,11971.399,11841.179,11969.939,240,3331
2022-05-26 08:00:00,11970.429,12012.797,11865.929,11970.509,240,3322
2022-05-26 12:00:00,11970.649,12234.569,11893.459,12225.109,240,3327
2022-05-26 16:00:00,12225.309,12339.299,12210.339,12271.589,240,1320
2022-05-26 20:00:00,12271.539,12293.499,12241.619,12284.789,135,1306
2022-05-27 00:00:00,12284.587,12294.399,12217.229,12247.029,240,3369
2022-05-27 04:00:00,12247.199,12277.489,12228.459,12248.019,240,3336
2022-05-27 08:00:00,12247.799,12368.319,12239.169,12290.619,240,3330
2022-05-27 12:00:00,12291.007,12596.087,12283.099,12591.299,240,3332
2022-05-27 16:00:00,12591.229,12679.889,12557.849,12679.889,240,1357
2022-05-27 20:00:00,12679.769,12698.609,12669.529,12691.049,15,1379
2022-05-30 00:00:00,12733.617,12791.289,12716.719,12783.639,240,3360
2022-05-30 04:00:00,12783.617,12865.297,12778.639,12848.849,240,3372
2022-05-30 08:00:00,12849.597,12878.089,12807.769,12832.669,240,3371
2022-05-30 12:00:00,12832.627,12833.249,12734.699,12793.319,240,3377
2022-05-30 16:00:00,12793.377,12832.399,12782.829,12806.099,59,1373
2022-05-30 20:00:00,12810.819,12821.769,12742.839,12813.609,120,3347
2022-05-31 00:00:00,12813.609,12818.399,12673.119,12749.799,240,3340
2022-05-31 04:00:00,12749.399,12762.799,12628.209,12649.269,240,3380
2022-05-31 08:00:00,12649.217,12747.157,12612.539,12671.289,240,3365
2022-05-31 12:00:00,12671.277,12722.389,12477.639,12709.789,240,3360
2022-05-31 16:00:00,12709.929,12767.817,12601.829,12645.069,240,1362
2022-05-31 20:00:00,12644.509,12708.899,12633.467,12702.529,135,1456
2022-06-01 00:00:00,12703.117,12723.899,12660.569,12680.699,240,3407
2022-06-01 04:00:00,12680.497,12693.677,12614.549,12640.799,240,3397
2022-06-01 08:00:00,12640.807,12682.719,12580.149,12681.489,240,3401
2022-06-01 12:00:00,12681.549,12821.667,12499.439,12508.289,240,3413
2022-06-01 16:00:00,12508.287,12663.119,12454.139,12549.289,240,1411
2022-06-01 20:00:00,12548.789,12561.679,12499.509,12505.449,135,1435
2022-06-02 00:00:00,12505.507,12586.477,12491.279,12555.949,240,3414
2022-06-02 04:00:00,12555.809,12627.079,12525.439,12602.129,240,3400
2022-06-02 08:00:00,12602.177,12651.799,12586.099,12631.597,240,3427
2022-06-02 12:00:00,12631.449,12729.267,12440.589,12690.519,240,3419
2022-06-02 16:00:00,12690.789,12896.889,12682.709,12892.899,240,1419
2022-06-02 20:00:00,12892.847,12941.707,12867.737,12918.569,135,1435
2022-06-03 00:00:00,12918.507,12922.807,12882.669,12887.569,240,3413
2022-06-03 04:00:00,12887.617,12905.287,12819.119,12824.099,240,3398
2022-06-03 08:00:00,12824.087,12844.389,12724.827,12729.237,240,3422
2022-06-03 12:00:00,12729.119,12805.319,12501.019,12545.869,240,3453
2022-06-03 16:00:00,12545.819,12644.289,12509.139,12550.109,240,1356
2022-06-03 20:00:00,12550.719,12563.607,12534.819,12562.609,15,1371
2022-06-06 00:00:00,12546.779,12639.487,12528.119,12629.019,240,3348
2022-06-06 04:00:00,12629.389,12710.547,12614.649,12708.709,240,3368
2022-06-06 08:00:00,12708.707,12747.697,12701.219,12734.999,240,3356
2022-06-06 12:00:00,12735.009,12807.599,12624.779,12662.289,240,3351
2022-06-06 16:00:00,12663.159,12678.489,12529.929,12596.319,240,1350
2022-06-06 20:00:00,12597.159,12609.709,12573.719,12599.019,135,1362
2022-06-07 00:00:00,12599.479,12601.889,12484.549,12525.519,240,3379
2022-06-07 04:00:00,12525.607,12548.179,12466.459,12532.799,240,3363
2022-06-07 08:00:00,12532.747,12561.199,12435.429,12464.289,240,3355
2022-06-07 12:00:00,12465.109,12701.819,12409.239,12611.319,240,3363
2022-06-07 16:00:00,12612.219,12735.809,12560.319,12707.479,240,1348
2022-06-07 20:00:00,12707.457,12707.457,12661.439,12665.929,135,1367
2022-06-08 00:00:00,12666.049,12705.777,12641.879,12652.199,240,3354
2022-06-08 04:00:00,12651.917,12679.689,12619.559,12648.989,240,3359
2022-06-08 08:00:00,12648.777,12716.989,12641.889,12679.239,240,3369
2022-06-08 12:00:00,12679.459,12778.909,12623.839,12722.309,240,3361
2022-06-08 16:00:00,12722.809,12744.817,12575.619,12615.799,240,1286
2022-06-08 20:00:00,12615.587,12627.589,12592.729,12619.249,135,1359
2022-06-09 00:00:00,12619.297,12631.399,12561.779,12595.609,240,3362
2022-06-09 04:00:00,12595.709,12614.717,12565.059,12607.779,240,3369
2022-06-09 08:00:00,12607.737,12720.799,12585.329,12638.867,240,3364
2022-06-09 12:00:00,12638.499,12668.869,12502.339,12570.049,240,3284
2022-06-09 16:00:00,12570.789,12606.689,12268.979,12270.049,240,1367
2022-06-09 20:00:00,12268.969,12303.989,12254.229,12285.949,135,1368
2022-06-10 00:00:00,12286.069,12329.499,12260.279,12306.709,240,3349
2022-06-10 04:00:00,12306.939,12336.379,12258.919,12264.099,240,3365
2022-06-10 08:00:00,12263.997,12326.109,12256.419,12290.849,240,3360
2022-06-10 12:00:00,12291.419,12329.289,11822.139,11864.209,240,3335
2022-06-10 16:00:00,11864.419,11972.479,11834.259,11836.857,240,1348
2022-06-10 20:00:00,11835.789,11860.889,11834.949,11857.499,15,1366
2022-06-13 00:00:00,11665.089,11665.509,11568.339,11621.409,240,3335
2022-06-13 04:00:00,11622.279,11642.389,11539.739,11548.139,240,3347
2022-06-13 08:00:00,11547.849,11549.399,11431.739,11471.009,240,3343
2022-06-13 12:00:00,11471.089,11574.089,11314.609,11408.149,240,3336
2022-06-13 16:00:00,11408.339,11527.609,11254.659,11296.079,240,1263
2022-06-13 20:00:00,11296.017,11371.497,11272.777,11338.599,135,1300
2022-06-14 00:00:00,11338.407,11398.717,11322.839,11392.129,240,3282
2022-06-14 04:00:00,11392.259,11501.107,11392.119,11447.499,240,3310
2022-06-14 08:00:00,11447.227,11454.807,11322.719,11327.659,240,3253
2022-06-14 12:00:00,11327.717,11442.599,11237.789,11347.559,240,3306
2022-06-14 16:00:00,11347.509,11423.289,11204.059,11319.289,240,1278
2022-06-14 20:00:00,11319.899,11416.269,11294.399,11398.139,135,1324
2022-06-15 00:00:00,11398.499,11414.789,11360.769,11376.069,240,3324
2022-06-15 04:00:00,11375.819,11400.189,11325.749,11389.519,240,3338
2022-06-15 08:00:00,11389.549,11452.807,11365.619,11447.909,240,3281
2022-06-15 12:00:00,11447.907,11541.679,11399.019,11497.809,240,3296
2022-06-15 16:00:00,11497.797,11759.119,11340.209,11593.357,240,1303
2022-06-15 20:00:00,11597.019,11691.587,11575.537,11689.919,135,1309
2022-06-16 00:00:00,11689.889,11737.397,11638.319,11648.179,240,3345
2022-06-16 04:00:00,11648.309,11655.667,11290.739,11339.799,240,3329
2022-06-16 08:00:00,11339.797,11362.897,11232.989,11287.209,240,3200
2022-06-16 12:00:00,11287.219,11388.179,11096.239,11159.249,240,3429
2022-06-16 16:00:00,11159.257,11201.279,11036.229,11132.259,240,1273
2022-06-16 20:00:00,11133.199,11190.369,11112.859,11159.539,135,1288
2022-06-17 00:00:00,11159.399,11233.897,11128.829,11193.029,240,3292
2022-06-17 04:00:00,11193.269,11258.797,11162.289,11233.189,240,3323
2022-06-17 08:00:00,11233.197,11287.389,11215.089,11254.559,240,3276
2022-06-17 12:00:00,11254.597,11315.787,11084.639,11198.229,240,3322
2022-06-17 16:00:00,11198.889,11359.899,11171.649,11258.649,240,1285
2022-06-17 20:00:00,11258.627,11282.299,11255.667,11269.669,15,1333
2022-06-20 00:00:00,11392.309,11395.789,11237.609,11332.739,240,3302
2022-06-20 04:00:00,11332.869,11360.859,11291.689,11333.049,240,3319
2022-06-20 08:00:00,11333.019,11364.987,11321.769,11356.149,240,3301
2022-06-20 12:00:00,11356.117,11387.589,11297.379,11378.809,240,3325
2022-06-20 16:00:00,11378.827,11394.539,11367.659,11382.249,59,1338
2022-06-20 20:00:00,11387.117,11404.099,11360.019,11385.999,120,3321
2022-06-21 00:00:00,11385.767,11467.597,11372.019,11448.119,240,3303
2022-06-21 04:00:00,11448.177,11502.899,11394.149,11481.709,240,3339
2022-06-21 08:00:00,11480.649,11508.089,11412.689,11419.239,240,3317
2022-06-21 12:00:00,11419.529,11640.319,11403.649,11568.889,240,3319
2022-06-21 16:00:00,11569.169,11605.589,11524.259,11542.689,240,1311
2022-06-21 20:00:00,11541.749,11547.589,11516.789,11536.799,135,1318
2022-06-22 00:00:00,11536.919,11539.999,11410.229,11427.059,240,3327
2022-06-22 04:00:00,11427.037,11447.879,11295.159,11302.719,240,3356
2022-06-22 08:00:00,11302.769,11389.989,11281.819,11359.859,240,3293
2022-06-22 12:00:00,11360.119,11708.687,11326.769,11550.739,240,3315
2022-06-22 16:00:00,11550.817,11681.209,11503.169,11521.809,240,1425
2022-06-22 20:00:00,11521.289,11531.389,11423.149,11447.719,135,1340
2022-06-23 00:00:00,11447.729,11566.549,11444.719,11489.509,240,3315
2022-06-23 04:00:00,11489.537,11551.709,11448.719,11484.739,240,3343
2022-06-23 08:00:00,11484.747,11667.289,11470.169,11641.719,240,3324
2022-06-23 12:00:00,11641.749,11706.099,11506.549,11614.329,240,3361
2022-06-23 16:00:00,11614.359,11731.399,11511.679,11697.809,240,1363
2022-06-23 20:00:00,11697.777,11697.777,11651.359,11659.827,135,1363
2022-06-24 00:00:00,11659.789,11805.299,11648.309,11776.589,240,3358
2022-06-24 04:00:00,11776.899,11837.499,11769.239,11811.679,240,3364
2022-06-24 08:00:00,11814.387,11827.999,11778.089,11785.549,240,3357
2022-06-24 12:00:00,11785.649,12046.787,11776.089,11979.039,240,3369
2022-06-24 16:00:00,11979.097,12113.599,11958.349,12113.599,240,1312
2022-06-24 20:00:00,12112.639,12112.717,12071.769,12075.189,15,1300
2022-06-27 00:00:00,12058.297,12195.169,12037.109,12170.679,240,3342
2022-06-27 04:00:00,12170.809,12218.899,12092.619,12202.159,240,3329
2022-06-27 08:00:00,12202.369,12226.099,12142.827,12169.889,240,3306
2022-06-27 12:00:00,12170.009,12176.989,11986.009,12085.269,240,3313
2022-06-27 16:00:00,12085.287,12093.109,11960.859,12011.197,240,1290
2022-06-27 20:00:00,12010.609,12041.789,12010.119,12032.269,135,1327
2022-06-28 00:00:00,12032.227,12060.909,11936.669,11987.909,240,3347
2022-06-28 04:00:00,11987.877,12121.799,11973.629,12042.109,240,3353
2022-06-28 08:00:00,12042.049,12091.497,12039.839,12064.919,240,3306
2022-06-28 12:00:00,12065.079,12140.039,11749.219,11756.619,240,3334
2022-06-28 16:00:00,11756.639,11802.889,11633.129,11639.679,240,1316
2022-06-28 20:00:00,11639.667,11662.099,11627.739,11651.439,135,1314
2022-06-29 00:00:00,11651.477,11672.939,11622.649,11655.639,240,3319
2022-06-29 04:00:00,11656.219,11687.289,11591.619,11629.989,240,3356
2022-06-29 08:00:00,11629.907,11667.309,11580.849,11653.209,240,3289
2022-06-29 12:00:00,11653.309,11714.029,11529.619,11658.489,240,3326
2022-06-29 16:00:00,11658.237,11693.469,11570.119,11654.719,240,1411
2022-06-29 20:00:00,11654.499,11661.689,11633.279,11642.219,135,1418
2022-06-30 00:00:00,11642.137,11652.139,11595.159,11617.119,240,3414
2022-06-30 04:00:00,11617.147,11624.119,11456.129,11509.109,240,3395
2022-06-30 08:00:00,11509.279,11531.889,11426.159,11456.499,240,3366
2022-06-30 12:00:00,11456.529,11585.809,11316.749,11583.149,240,3367
2022-06-30 16:00:00,11583.109,11656.297,11442.229,11516.289,240,1307
2022-06-30 20:00:00,11516.109,11517.569,11451.839,11514.549,135,1314
2022-07-01 00:00:00,11514.699,11526.219,11367.759,11390.417,240,3308
2022-07-01 04:00:00,11390.209,11445.809,11352.389,11409.559,240,3332
2022-07-01 08:00:00,11410.899,11497.079,11382.679,11417.649,240,3331
2022-07-01 12:00:00,11418.099,11587.709,11373.839,11424.649,240,3308
2022-07-01 16:00:00,11424.887,11599.389,11398.279,11583.899,240,1290
2022-07-01 20:00:00,11583.837,11591.409,11574.519,11575.819,15,1324
2022-07-04 00:00:00,11541.727,11548.679,11471.339,11504.509,240,3295
2022-07-04 04:00:00,11504.567,11546.497,11479.769,11491.039,240,3356
2022-07-04 08:00:00,11491.287,11550.099,11487.359,11534.519,240,3319
2022-07-04 12:00:00,11534.587,11548.887,11502.339,11524.537,240,3320
2022-07-04 16:00:00,11524.399,11545.899,11522.219,11524.899,59,1335
2022-07-04 20:00:00,11556.849,11715.367,11548.369,11663.219,120,3327
2022-07-05 00:00:00,11663.207,11684.169,11617.129,11621.009,240,3323
2022-07-05 04:00:00,11621.077,11670.899,11599.079,11601.029,240,3342
2022-07-05 08:00:00,11601.109,11617.337,11449.527,11453.589,240,3312
2022-07-05 12:00:00,11454.659,11581.389,11357.329,11542.829,240,3289
2022-07-05 16:00:00,11542.919,11783.889,11517.219,11783.889,240,1297
2022-07-05 20:00:00,11782.667,11805.387,11743.209,11751.657,135,1338
2022-07-06 00:00:00,11751.569,11841.599,11745.869,11792.369,240,3314
2022-07-06 04:00:00,11792.407,11831.219,11699.999,11801.159,240,3320
2022-07-06 08:00:00,11801.379,11807.809,11709.719,11724.529,240,3296
2022-07-06 12:00:00,11724.679,11851.669,11696.709,11765.529,240,3313
2022-07-06 16:00:00,11766.389,11943.387,11747.549,11853.239,240,1315
2022-07-06 20:00:00,11853.277,11879.177,11850.029,11866.129,134,1326
2022-07-07 00:00:00,11866.319,11878.599,11805.309,11860.799,240,3331
2022-07-07 04:00:00,11860.787,11918.397,11860.579,11893.659,240,3354
2022-07-07 08:00:00,11894.637,11930.577,11858.619,11912.889,240,3345
2022-07-07 12:00:00,11912.729,12058.587,11877.709,12058.319,240,3323
2022-07-07 16:00:00,12058.217,12137.589,12044.709,12106.889,240,1316
2022-07-07 20:00:00,12106.079,12108.609,12065.729,12072.589,134,1334
2022-07-08 00:00:00,12073.569,12098.999,12034.229,12046.449,240,3344
2022-07-08 04:00:00,12046.487,12082.989,12030.379,12066.029,240,3346
2022-07-08 08:00:00,12066.017,12093.187,12021.239,12054.049,240,3339
2022-07-08 12:00:00,12054.809,12182.589,11921.339,12159.719,240,3304
2022-07-08 16:00:00,12160.559,12161.899,12011.179,12125.829,240,1363
2022-07-08 20:00:00,12126.289,12136.809,12118.019,12134.619,15,1373
2022-07-11 00:00:00,12088.139,12094.579,11995.629,12020.179,240,3368
2022-07-11 04:00:00,12020.117,12036.419,11968.159,12014.559,240,3371
2022-07-11 08:00:00,12014.567,12055.989,12008.199,12015.209,240,3374
2022-07-11 12:00:00,12014.739,12046.589,11824.759,11891.059,240,3363
2022-07-11 16:00:00,11890.359,11979.119,11833.049,11864.019,240,1348
2022-07-11 20:00:00,11864.969,11891.089,11850.009,11876.989,135,1365
2022-07-12 00:00:00,11876.987,11882.599,11762.119,11788.639,240,3361
2022-07-12 04:00:00,11788.697,11796.709,11733.629,11777.549,240,3366
2022-07-12 08:00:00,11777.839,11879.519,11760.119,11854.829,240,3365
2022-07-12 12:00:00,11854.899,11999.699,11779.979,11865.069,240,3352
2022-07-12 16:00:00,11865.017,11911.409,11682.309,11747.689,240,1355
2022-07-12 20:00:00,11746.829,11758.919,11729.909,11741.639,135,1358
2022-07-13 00:00:00,11741.849,11787.199,11739.579,11775.019,240,3366
2022-07-13 04:00:00,11775.059,11811.109,11750.409,11762.429,240,3367
2022-07-13 08:00:00,11761.869,11803.409,11738.459,11795.609,240,3368
2022-07-13 12:00:00,11795.889,11936.969,11448.559,11718.909,240,3346
2022-07-13 16:00:00,11718.897,11825.589,11705.749,11726.349,240,1356
2022-07-13 20:00:00,11725.549,11731.699,11631.739,11644.089,135,1372
2022-07-14 00:00:00,11643.909,11733.139,11635.609,11714.369,240,3380
2022-07-14 04:00:00,11714.599,11729.719,11636.719,11641.109,240,3368
2022-07-14 08:00:00,11641.399,11665.089,11569.709,11611.059,240,3353
2022-07-14 12:00:00,11610.579,11689.569,11481.049,11674.239,240,3355
2022-07-14 16:00:00,11674.257,11804.889,11593.819,11770.399,240,1355
2022-07-14 20:00:00,11770.199,11835.809,11763.849,11832.909,134,1358
2022-07-15 00:00:00,11831.749,11837.019,11772.659,11822.319,240,3370
2022-07-15 04:00:00,11822.367,11824.709,11733.359,11774.879,240,3375
2022-07-15 08:00:00,11775.019,11821.709,11754.269,11775.069,240,3369
2022-07-15 12:00:00,11775.189,11969.899,11710.509,11927.319,240,3376
2022-07-15 16:00:00,11926.989,11983.319,11899.559,11978.059,240,1360
2022-07-15 20:00:00,11979.089,11991.609,11969.329,11985.119,15,1376
2022-07-18 00:00:00,12030.109,12072.759,11998.589,12069.889,240,3378
2022-07-18 04:00:00,12070.169,12139.897,12059.639,12119.159,240,3375
2022-07-18 08:00:00,12118.689,12150.389,12103.549,12120.489,240,3365
2022-07-18 12:00:00,12121.569,12157.219,12061.519,12150.899,240,3361
2022-07-18 16:00:00,12151.579,12154.797,11829.379,11877.329,240,1350
2022-07-18 20:00:00,11877.339,11913.289,11869.299,11910.049,134,1357
2022-07-19 00:00:00,11910.189,11923.209,11885.619,11895.619,240,3361
2022-07-19 04:00:00,11895.589,11939.209,11860.179,11882.839,240,3371
2022-07-19 08:00:00,11883.349,11997.599,11882.129,11982.269,240,3359
2022-07-19 12:00:00,11983.059,12164.899,11951.329,12151.609,240,3357
2022-07-19 16:00:00,12151.799,12253.759,12120.409,12239.259,240,1356
2022-07-19 20:00:00,12238.249,12301.389,12229.879,12280.799,135,1372
2022-07-20 00:00:00,12280.379,12326.109,12266.149,12315.769,240,3370
2022-07-20 04:00:00,12315.717,12323.399,12244.139,12250.149,240,3379
2022-07-20 08:00:00,12249.889,12291.499,12206.559,12224.309,240,3357
2022-07-20 12:00:00,12224.387,12479.839,12204.049,12467.029,240,3352
2022-07-20 16:00:00,12467.789,12489.119,12330.019,12438.159,240,1356
2022-07-20 20:00:00,12436.889,12466.289,12381.809,12406.669,135,1359
2022-07-21 00:00:00,12405.779,12416.399,12366.249,12402.759,240,3366
2022-07-21 04:00:00,12402.727,12461.099,12388.319,12409.849,240,3370
2022-07-21 08:00:00,12410.099,12469.499,12376.629,12441.229,240,3359
2022-07-21 12:00:00,12440.729,12528.399,12345.539,12499.749,240,3343
2022-07-21 16:00:00,12499.727,12618.079,12497.019,12618.079,240,1351
2022-07-21 20:00:00,12617.519,12627.589,12508.199,12518.669,135,1358
2022-07-22 00:00:00,12518.739,12541.319,12500.649,12519.679,240,3375
2022-07-22 04:00:00,12519.799,12546.909,12494.749,12525.319,240,3372
2022-07-22 08:00:00,12525.559,12587.499,12507.249,12586.809,240,3360
2022-07-22 12:00:00,12586.797,12669.909,12393.659,12434.059,240,3366
2022-07-22 16:00:00,12433.339,12447.179,12316.869,12397.109,240,1360
2022-07-22 20:00:00,12397.389,12399.809,12382.057,12397.509,15,1372
2022-07-25 00:00:00,12375.337,12408.579,12357.819,12389.619,240,3358
2022-07-25 04:00:00,12389.679,12407.807,12361.079,12387.199,240,3377
2022-07-25 08:00:00,12387.999,12470.399,12384.749,12446.509,240,3366
2022-07-25 12:00:00,12446.587,12455.719,12262.599,12345.809,240,3366
2022-07-25 16:00:00,12346.009,12380.789,12241.319,12329.989,240,1357
2022-07-25 20:00:00,12330.189,12350.399,12260.049,12271.819,135,1369
2022-07-26 00:00:00,12271.599,12292.499,12251.059,12284.399,240,3365
2022-07-26 04:00:00,12284.029,12305.409,12269.249,12299.009,240,3369
2022-07-26 08:00:00,12299.029,12306.909,12250.749,12265.299,240,3369
2022-07-26 12:00:00,12265.409,12288.499,12083.489,12087.549,240,3358
2022-07-26 16:00:00,12087.409,12137.589,12049.869,12083.709,240,1357
2022-07-26 20:00:00,12084.559,12279.589,12046.909,12253.399,135,1369
2022-07-27 00:00:00,12253.339,12262.879,12230.519,12250.459,240,3369
2022-07-27 04:00:00,12250.477,12285.709,12241.439,12271.309,240,3394
2022-07-27 08:00:00,12270.439,12304.119,12237.129,12243.339,240,3360
2022-07-27 12:00:00,12243.499,12423.869,12238.379,12414.029,240,3359
2022-07-27 16:00:00,12414.087,12664.819,12379.439,12591.439,240,1363
2022-07-27 20:00:00,12591.439,12591.439,12512.359,12550.299,135,1363
2022-07-28 00:00:00,12550.267,12558.559,12525.909,12534.979,240,3371
2022-07-28 04:00:00,12534.937,12556.289,12502.629,12512.819,240,3391
2022-07-28 08:00:00,12512.797,12528.289,12455.709,12512.749,240,3361
2022-07-28 12:00:00,12513.129,12673.769,12424.089,12642.859,240,3358
2022-07-28 16:00:00,12643.209,12743.589,12602.489,12718.619,240,1346
2022-07-28 20:00:00,12717.749,12877.599,12711.427,12869.989,135,1350
2022-07-29 00:00:00,12869.949,12900.469,12856.239,12866.759,240,3368
2022-07-29 04:00:00,12866.797,12915.999,12864.269,12878.689,240,3374
2022-07-29 08:00:00,12879.299,12893.099,12821.459,12839.329,240,3361
2022-07-29 12:00:00,12839.749,12908.389,12722.439,12838.509,240,3352
2022-07-29 16:00:00,12839.569,12987.219,12813.059,12949.699,240,1351
2022-08-01 00:00:00,12897.599,12914.299,12883.609,12894.249,240,3367
2022-08-01 04:00:00,12894.359,12944.799,12881.129,12932.699,240,3364
2022-08-01 08:00:00,12932.409,12965.789,12889.049,12943.899,240,3361
2022-08-01 12:00:00,12944.069,13086.089,12830.659,13055.479,240,3364
2022-08-01 16:00:00,13056.449,13062.499,12875.589,12940.819,240,1356
2022-08-01 20:00:00,12940.897,12960.189,12925.949,12927.819,135,1354
2022-08-02 00:00:00,12930.189,12933.779,12861.359,12887.099,240,3362
2022-08-02 04:00:00,12887.689,12895.899,12821.217,12856.489,240,3377
2022-08-02 08:00:00,12856.429,12864.279,12793.379,12837.799,240,3364
2022-08-02 12:00:00,12837.819,12980.599,12798.419,12960.849,240,3357
2022-08-02 16:00:00,12960.709,13076.509,12883.119,12901.689,240,1343
2022-08-02 20:00:00,12901.399,12913.409,12866.719,12882.169,135,1354
2022-08-03 00:00:00,12881.679,12910.809,12846.309,12906.259,240,3361
2022-08-03 04:00:00,12905.869,12933.049,12871.729,12889.199,240,3382
2022-08-03 08:00:00,12889.709,12975.579,12871.729,12963.169,240,3365
2022-08-03 12:00:00,12962.329,13201.759,12950.179,13198.579,240,3352
2022-08-03 16:00:00,13198.579,13287.899,13165.349,13249.569,240,1360
2022-08-03 20:00:00,13250.389,13250.389,13205.259,13210.079,135,1357
2022-08-04 00:00:00,13209.219,13247.489,13203.239,13214.729,240,3364
2022-08-04 04:00:00,13214.787,13248.949,13204.717,13234.229,240,3374
2022-08-04 08:00:00,13234.227,13331.289,13221.249,13248.689,240,3367
2022-08-04 12:00:00,13248.749,13315.207,13165.319,13265.209,240,3365
2022-08-04 16:00:00,13265.117,13327.109,13224.349,13310.509,240,1350
2022-08-04 20:00:00,13311.359,13324.887,13294.799,13310.959,135,1373
2022-08-05 00:00:00,13310.907,13360.917,13310.719,13349.019,240,3381
2022-08-05 04:00:00,13348.879,13352.499,13314.369,13332.479,240,3377
2022-08-05 08:00:00,13332.529,13337.197,13268.999,13312.799,240,3368
2022-08-05 12:00:00,13312.767,13328.089,13066.719,13103.549,240,3356
2022-08-05 16:00:00,13103.719,13222.299,13102.219,13206.787,240,1344
2022-08-05 20:00:00,13206.369,13210.599,13183.849,13187.609,15,1371
2022-08-08 00:00:00,13157.809,13203.989,13155.529,13192.739,240,3382
2022-08-08 04:00:00,13192.747,13282.087,13192.709,13269.919,240,3397
2022-08-08 08:00:00,13270.089,13308.989,13243.639,13300.899,240,3368
2022-08-08 12:00:00,13301.619,13399.319,13174.869,13229.839,240,3365
2022-08-08 16:00:00,13230.289,13238.199,13098.359,13158.629,240,1348
2022-08-08 20:00:00,13158.709,13209.897,13155.689,13196.779,135,1372
2022-08-09 00:00:00,13196.707,13202.299,13144.279,13197.969,240,3386
2022-08-09 04:00:00,13198.149,13200.699,13151.559,13168.099,240,3373
2022-08-09 08:00:00,13168.087,13180.289,13059.139,13066.889,240,3365
2022-08-09 12:00:00,13066.699,13092.069,12950.699,12991.099,240,3374
2022-08-09 16:00:00,12991.227,13038.889,12943.049,13009.779,240,1365
2022-08-09 20:00:00,13009.777,13031.407,13009.777,13028.589,135,1379
2022-08-10 00:00:00,13028.567,13030.989,12982.329,12989.189,240,3370
2022-08-10 04:00:00,12988.967,13018.419,12958.429,13004.289,240,3398
2022-08-10 08:00:00,13004.319,13078.577,13000.229,13063.069,240,3367
2022-08-10 12:00:00,13063.459,13358.289,13057.589,13354.299,240,3369
2022-08-10 16:00:00,13354.549,13384.117,13292.319,13370.909,240,1371
2022-08-10 20:00:00,13370.877,13377.597,13344.607,13373.719,135,1379
2022-08-11 00:00:00,13373.789,13431.899,13372.709,13417.829,240,3377
2022-08-11 04:00:00,13417.887,13455.597,13398.799,13417.057,240,3399
2022-08-11 08:00:00,13416.809,13428.499,13361.179,13425.309,240,3364
2022-08-11 12:00:00,13425.357,13550.399,13340.749,13369.589,240,3365
2022-08-11 16:00:00,13369.587,13421.329,13266.929,13296.769,240,1353
2022-08-11 20:00:00,13296.727,13321.399,13295.949,13312.869,135,1357
2022-08-12 00:00:00,13312.807,13336.509,13289.609,13321.429,240,3357
2022-08-12 04:00:00,13321.507,13381.419,13313.159,13367.669,240,3381
2022-08-12 08:00:00,13367.879,13385.009,13319.939,13342.009,240,3369
2022-08-12 12:00:00,13342.109,13467.899,13333.719,13435.699,240,3379
2022-08-12 16:00:00,13436.119,13560.889,13432.239,13557.819,240,1367
2022-08-12 20:00:00,13557.889,13557.889,13541.879,13548.349,15,1365
2022-08-15 00:00:00,13517.789,13536.999,13506.849,13521.959,240,3371
2022-08-15 04:00:00,13521.937,13534.879,13479.249,13486.149,240,3373
2022-08-15 08:00:00,13486.269,13528.699,13472.909,13502.899,240,3367
2022-08-15 12:00:00,13503.009,13640.429,13479.149,13633.629,240,3373
2022-08-15 16:00:00,13633.809,13685.989,13614.479,13665.749,240,1362
2022-08-15 20:00:00,13665.747,13666.499,13645.139,13660.629,135,1370
2022-08-16 00:00:00,13660.707,13660.909,13626.049,13642.349,240,3384
2022-08-16 04:00:00,13642.397,13652.289,13606.009,13633.289,240,3402
2022-08-16 08:00:00,13633.097,13667.119,13619.629,13643.829,240,3368
2022-08-16 12:00:00,13643.809,13664.319,13503.209,13657.299,240,3380
2022-08-16 16:00:00,13657.067,13723.789,13565.079,13636.359,240,1364
2022-08-16 20:00:00,13636.377,13658.289,13616.749,13629.119,131,1373
2022-08-17 00:00:00,13629.137,13648.749,13614.839,13623.809,240,3369
2022-08-17 04:00:00,13624.087,13648.759,13575.729,13578.609,240,3379
2022-08-17 08:00:00,13578.607,13586.889,13492.149,13504.209,240,3356
2022-08-17 12:00:00,13504.489,13543.679,13386.639,13404.219,240,3369
2022-08-17 16:00:00,13405.189,13595.769,13404.339,13475.599,240,1358
2022-08-17 20:00:00,13475.359,13489.209,13428.379,13432.879,135,1368
2022-08-18 00:00:00,13433.019,13460.287,13418.639,13451.559,240,3365
2022-08-18 04:00:00,13451.577,13458.389,13389.679,13427.289,240,3371
2022-08-18 08:00:00,13427.149,13509.599,13418.749,13508.859,240,3374
2022-08-18 12:00:00,13509.097,13554.579,13402.037,13534.719,240,3361
2022-08-18 16:00:00,13535.299,13551.709,13463.269,13507.209,240,1344
2022-08-18 20:00:00,13507.859,13516.249,13496.079,13505.679,135,1362
2022-08-19 00:00:00,13505.617,13510.907,13467.609,13478.199,240,3361
2022-08-19 04:00:00,13478.339,13481.599,13403.589,13421.199,240,3387
2022-08-19 08:00:00,13421.699,13431.999,13336.669,13369.699,240,3365
2022-08-19 12:00:00,13369.789,13404.619,13228.519,13249.229,240,3369
2022-08-19 16:00:00,13249.217,13293.289,13211.189,13244.599,240,1365
2022-08-19 20:00:00,13244.809,13247.589,13237.249,13240.699,15,1367
2022-08-22 00:00:00,13168.057,13203.399,13158.589,13187.849,240,3363
2022-08-22 04:00:00,13187.907,13187.907,13074.719,13088.399,240,3386
2022-08-22 08:00:00,13088.579,13093.289,13028.089,13053.669,240,3365
2022-08-22 12:00:00,13053.677,13073.097,12927.239,12972.249,240,3364
2022-08-22 16:00:00,12972.569,12982.659,12858.209,12896.809,240,1349
2022-08-22 20:00:00,12897.709,12937.099,12890.809,12936.797,135,1377
2022-08-23 00:00:00,12936.349,12938.197,12903.619,12914.799,240,3364
2022-08-23 04:00:00,12914.787,12920.499,12804.989,12908.819,240,3381
2022-08-23 08:00:00,12908.909,12945.399,12889.119,12922.109,240,3364
2022-08-23 12:00:00,12922.167,13000.107,12848.109,12903.239,240,3365
2022-08-23 16:00:00,12904.279,12944.487,12865.249,12882.129,240,1342
2022-08-23 20:00:00,12882.619,12891.299,12869.689,12877.579,135,1359
2022-08-24 00:00:00,12877.517,12886.599,12814.389,12826.329,240,3371
2022-08-24 04:00:00,12826.149,12889.317,12808.539,12842.787,240,3390
2022-08-24 08:00:00,12842.549,12913.559,12837.119,12906.139,240,3367
2022-08-24 12:00:00,12906.107,12989.789,12837.169,12976.289,240,3366
2022-08-24 16:00:00,12976.037,12996.387,12895.769,12919.659,240,1357
2022-08-24 20:00:00,12919.629,12940.899,12913.499,12918.539,134,1378
2022-08-25 00:00:00,12918.589,12963.589,12909.569,12948.749,240,3372
2022-08-25 04:00:00,12948.997,13069.399,12946.559,13056.169,240,3403
2022-08-25 08:00:00,13056.259,13066.799,12976.279,13010.219,240,3369
2022-08-25 12:00:00,13010.227,13105.209,12948.619,13032.349,240,3377
2022-08-25 16:00:00,13032.599,13147.907,12984.879,13145.249,240,1353
2022-08-25 20:00:00,13145.267,13147.539,13122.639,13131.179,135,1372
2022-08-26 00:00:00,13131.839,13144.789,13115.589,13138.169,240,3363
2022-08-26 04:00:00,13138.289,13138.497,13091.619,13096.379,240,3376
2022-08-26 08:00:00,13096.307,13104.617,13055.869,13094.779,240,3361
2022-08-26 12:00:00,13095.399,13205.897,12766.319,12800.919,240,3354
2022-08-26 16:00:00,12801.249,12807.789,12604.689,12608.249,240,1350
2022-08-26 20:00:00,12607.289,12610.859,12585.527,12599.577,15,1365
2022-08-29 00:00:00,12406.117,12473.387,12389.639,12468.899,240,3359
2022-08-29 04:00:00,12468.859,12520.709,12420.199,12490.659,240,3379
2022-08-29 08:00:00,12490.677,12496.477,12434.989,12466.419,240,3355
2022-08-29 12:00:00,12466.387,12597.999,12437.739,12501.709,239,3366
2022-08-29 16:00:00,12501.819,12594.789,12476.169,12484.399,240,1355
2022-08-29 20:00:00,12484.409,12524.537,12475.539,12520.569,135,1365
2022-08-30 00:00:00,12520.787,12525.307,12471.809,12517.529,240,3359
2022-08-30 04:00:00,12517.517,12605.909,12512.499,12584.719,240,3368
2022-08-30 08:00:00,12585.979,12646.097,12584.889,12595.499,240,3355
2022-08-30 12:00:00,12596.329,12614.107,12260.849,12335.789,240,3378
2022-08-30 16:00:00,12335.329,12386.939,12238.749,12344.309,240,1360
2022-08-30 20:00:00,12345.309,12371.799,12336.829,12355.769,135,1365
2022-08-31 00:00:00,12355.749,12441.899,12350.639,12428.709,240,3364
2022-08-31 04:00:00,12428.469,12465.919,12375.689,12387.869,240,3375
2022-08-31 08:00:00,12387.907,12460.209,12350.659,12424.659,240,3356
2022-08-31 12:00:00,12424.697,12502.929,12291.269,12380.249,240,3346
2022-08-31 16:00:00,12380.409,12390.589,12266.559,12271.619,240,1353
2022-08-31 20:00:00,12271.799,12298.609,12140.019,12165.419,135,1374
2022-09-01 00:00:00,12165.569,12176.899,12111.329,12123.639,240,3360
2022-09-01 04:00:00,12123.719,12173.899,12100.619,12146.839,240,3393
2022-09-01 08:00:00,12149.119,12224.059,12104.009,12194.399,240,3362
2022-09-01 12:00:00,12195.709,12212.069,12013.769,12031.309,240,3358
2022-09-01 16:00:00,12031.559,12287.389,12006.649,12274.139,240,1349
2022-09-01 20:00:00,12273.109,12307.389,12248.059,12288.009,135,1365
2022-09-02 00:00:00,12287.909,12297.009,12244.719,12266.459,240,3379
2022-09-02 04:00:00,12266.437,12304.399,12233.589,12263.477,240,3368
2022-09-02 08:00:00,12263.279,12302.909,12229.729,12264.689,240,3365
2022-09-02 12:00:00,12263.629,12453.499,12252.719,12412.509,240,3358
2022-09-02 16:00:00,12408.819,12415.999,12033.249,12104.069,240,1351
2022-09-02 20:00:00,12103.059,12130.577,12098.019,12115.789,15,1366
2022-09-05 00:00:00,12115.657,12141.499,12076.339,12110.199,240,3363
2022-09-05 04:00:00,12110.289,12133.417,12060.789,12077.699,240,3370
2022-09-05 08:00:00,12077.687,12113.419,12055.689,12063.369,240,3360
2022-09-05 12:00:00,12063.819,12154.599,12046.869,12131.919,240,3369
2022-09-05 16:00:00,12132.107,12160.399,12122.219,12127.099,59,1384
2022-09-05 20:00:00,12126.657,12174.899,12104.599,12140.699,120,3359
2022-09-06 00:00:00,12140.647,12225.989,12124.609,12157.699,240,3367
2022-09-06 04:00:00,12157.849,12236.389,12140.709,12191.299,240,3369
2022-09-06 08:00:00,12191.287,12228.297,12135.849,12173.209,240,3374
2022-09-06 12:00:00,12173.169,12195.197,11923.809,12114.999,240,3362
2022-09-06 16:00:00,12114.717,12134.299,11958.629,12015.249,240,1345
2022-09-06 20:00:00,12016.139,12027.299,11993.749,11999.589,135,1360
2022-09-07 00:00:00,11999.149,12007.649,11916.649,11954.869,240,3367
2022-09-07 04:00:00,11954.827,12041.909,11943.119,12034.659,240,3381
2022-09-07 08:00:00,12034.109,12070.899,11972.879,12002.179,240,3369
2022-09-07 12:00:00,12002.279,12154.799,11970.689,12137.579,240,3338
2022-09-07 16:00:00,12137.589,12298.319,12094.219,12256.369,240,1367
2022-09-07 20:00:00,12254.709,12279.209,12241.139,12249.419,135,1361
2022-09-08 00:00:00,12250.209,12285.799,12241.139,12259.799,240,3363
2022-09-08 04:00:00,12260.019,12323.989,12222.909,12238.829,240,3377
2022-09-08 08:00:00,12238.819,12284.359,12216.519,12244.479,240,3358
2022-09-08 12:00:00,12244.497,12376.199,12110.419,12313.009,240,3374
2022-09-08 16:00:00,12313.159,12323.357,12135.089,12322.829,240,1346
2022-09-08 20:00:00,12322.919,12354.117,12320.759,12346.639,135,1373
2022-09-09 00:00:00,12346.697,12394.299,12341.539,12383.349,240,3372
2022-09-09 04:00:00,12383.339,12450.799,12351.849,12415.399,240,3380
2022-09-09 08:00:00,12415.187,12477.149,12404.209,12441.319,240,3365
2022-09-09 12:00:00,12441.349,12576.389,12402.319,12554.549,240,3382
2022-09-09 16:00:00,12554.739,12609.809,12506.769,12586.699,240,1364
2022-09-09 20:00:00,12585.809,12587.297,12569.829,12586.267,15,1370
2022-09-12 00:00:00,12627.287,12627.287,12572.059,12580.899,240,3329
2022-09-12 04:00:00,12580.897,12663.099,12568.719,12643.659,240,3345
2022-09-12 08:00:00,12643.627,12692.387,12624.049,12671.529,240,3364
2022-09-12 12:00:00,12671.547,12752.109,12605.879,12659.309,240,3362
2022-09-12 16:00:00,12660.269,12741.399,12635.149,12738.579,240,1374
2022-09-12 20:00:00,12738.517,12770.679,12736.649,12758.829,135,1382
2022-09-13 00:00:00,12758.159,12767.299,12732.839,12750.599,240,3349
2022-09-13 04:00:00,12750.539,12806.329,12738.029,12798.119,240,3393
2022-09-13 08:00:00,12798.277,12837.719,12771.739,12828.159,240,3363
2022-09-13 12:00:00,12828.169,12867.189,12181.419,12195.159,240,3374
2022-09-13 16:00:00,12195.167,12255.187,12001.219,12038.959,240,1419
2022-09-13 20:00:00,12036.829,12068.949,12025.019,12056.327,135,1356
2022-09-14 00:00:00,12055.979,12071.797,12006.619,12049.119,240,3360
2022-09-14 04:00:00,12049.147,12102.719,12013.949,12079.009,240,3368
2022-09-14 08:00:00,12079.057,12135.699,11999.419,12004.909,240,3359
2022-09-14 12:00:00,12004.897,12171.689,12001.009,12128.429,240,3361
2022-09-14 16:00:00,12128.467,12165.979,12012.099,12135.169,240,1357
2022-09-14 20:00:00,12135.949,12184.989,12131.357,12166.269,135,1364
2022-09-15 00:00:00,12165.769,12177.687,12130.209,12147.239,240,3375
2022-09-15 04:00:00,12147.297,12166.599,12122.109,12161.719,240,3380
2022-09-15 08:00:00,12161.737,12170.109,12074.429,12096.669,240,3376
2022-09-15 12:00:00,12096.897,12151.879,11910.099,11945.679,240,3358
2022-09-15 16:00:00,11945.799,12075.689,11863.009,11929.769,240,1357
2022-09-15 20:00:00,11930.899,11961.559,11816.239,11839.609,135,1360
2022-09-16 00:00:00,11839.587,11859.299,11825.389,11827.359,240,3366
2022-09-16 04:00:00,11827.407,11835.639,11800.339,11817.339,240,3378
2022-09-16 08:00:00,11817.799,11842.219,11775.339,11818.169,240,3374
2022-09-16 12:00:00,11819.329,11842.079,11707.569,11787.827,240,3376
2022-09-16 16:00:00,11787.507,11874.587,11705.859,11854.549,240,1441
2022-09-16 20:00:00,11854.507,11869.289,11851.089,11861.879,15,1331
2022-09-19 00:00:00,11856.889,11876.589,11782.589,11809.339,240,3347
2022-09-19 04:00:00,11809.899,11817.139,11742.199,11753.349,240,3365
2022-09-19 08:00:00,11753.619,11785.107,11718.619,11732.369,240,3316
2022-09-19 12:00:00,11734.119,11905.619,11731.579,11807.037,240,3315
2022-09-19 16:00:00,11806.739,11961.119,11779.299,11956.769,240,1293
2022-09-19 20:00:00,11957.079,12007.589,11950.329,12007.069,135,1326
2022-09-20 00:00:00,12007.077,12021.799,11962.709,11985.769,240,3362
2022-09-20 04:00:00,11985.679,12017.719,11934.089,11941.209,240,3370
2022-09-20 08:00:00,11941.237,11942.597,11872.909,11880.079,240,3333
2022-09-20 12:00:00,11880.189,11947.299,11817.499,11944.589,240,3322
2022-09-20 16:00:00,11945.319,11953.089,11758.769,11855.389,240,1360
2022-09-20 20:00:00,11855.989,11886.817,11838.379,11854.389,135,1373
2022-09-21 00:00:00,11854.329,11880.397,11837.849,11868.109,240,3367
2022-09-21 04:00:00,11868.189,11879.589,11791.039,11848.089,240,3376
2022-09-21 08:00:00,11848.409,11876.707,11831.069,11867.079,240,3364
2022-09-21 12:00:00,11867.129,11927.389,11862.579,11897.279,240,3367
2022-09-21 16:00:00,11897.059,12066.919,11632.729,11633.897,240,1366
2022-09-21 20:00:00,11633.319,11637.087,11535.389,11541.029,135,1322
2022-09-22 00:00:00,11541.017,11559.659,11478.699,11538.679,240,3340
2022-09-22 04:00:00,11538.799,11652.619,11525.609,11641.559,240,3356
2022-09-22 08:00:00,11642.589,11724.187,11568.519,11628.059,240,3300
2022-09-22 12:00:00,11628.077,11679.419,11447.569,11501.599,240,3305
2022-09-22 16:00:00,11501.617,11621.789,11458.649,11501.029,240,1295
2022-09-22 20:00:00,11501.087,11526.097,11490.229,11523.619,135,1365
2022-09-23 00:00:00,11523.679,11536.489,11464.079,11472.389,240,3362
2022-09-23 04:00:00,11472.587,11494.409,11421.809,11453.879,240,3366
2022-09-23 08:00:00,11454.709,11469.709,11316.139,11347.659,240,3362
2022-09-23 12:00:00,11347.677,11417.897,11275.709,11298.767,240,3359
2022-09-23 16:00:00,11298.249,11322.099,11166.539,11311.409,240,1350
2022-09-23 20:00:00,11311.599,11330.309,11306.109,11312.829,15,1364
2022-09-26 00:00:00,11281.387,11315.597,11220.369,11257.679,240,3367
2022-09-26 04:00:00,11257.627,11357.997,11192.899,11286.809,240,3356
2022-09-26 08:00:00,11287.189,11345.099,11215.749,11252.889,240,3307
2022-09-26 12:00:00,11253.099,11474.709,11228.219,11351.109,240,3357
2022-09-26 16:00:00,11351.289,11352.599,11230.809,11258.709,240,1361
2022-09-26 20:00:00,11259.549,11292.899,11228.229,11285.179,135,1363
2022-09-27 00:00:00,11285.119,11358.787,11283.509,11337.649,240,3370
2022-09-27 04:00:00,11337.637,11446.299,11322.419,11422.819,240,3364
2022-09-27 08:00:00,11423.009,11449.797,11351.109,11432.869,240,3366
2022-09-27 12:00:00,11433.199,11505.229,11278.129,11280.239,240,3376
2022-09-27 16:00:00,11280.309,11301.157,11170.229,11271.397,240,1348
2022-09-27 20:00:00,11270.729,11313.667,11247.039,11283.409,135,1360
2022-09-28 00:00:00,11283.529,11328.989,11121.039,11171.079,240,3362
2022-09-28 04:00:00,11171.097,11218.297,11106.089,11183.189,240,3375
2022-09-28 08:00:00,11184.329,11247.889,11078.709,11153.899,240,3358
2022-09-28 12:00:00,11152.539,11418.619,11151.349,11416.659,240,3355
2022-09-28 16:00:00,11416.637,11549.799,11391.519,11491.719,240,1356
2022-09-28 20:00:00,11491.629,11504.789,11457.089,11468.619,135,1377
2022-09-29 00:00:00,11468.609,11500.259,11435.889,11471.809,240,3363
2022-09-29 04:00:00,11471.849,11492.887,11295.389,11325.377,240,3378
2022-09-29 08:00:00,11325.279,11403.889,11311.659,11352.319,240,3350
2022-09-29 12:00:00,11352.709,11370.089,11095.339,11200.779,240,3358
2022-09-29 16:00:00,11200.779,11215.589,11035.899,11174.289,240,1361
2022-09-29 20:00:00,11174.289,11217.299,11161.629,11208.659,135,1364
2022-09-30 00:00:00,11208.749,11214.719,11132.069,11138.729,240,3362
2022-09-30 04:00:00,11138.727,11293.359,11123.909,11278.289,240,3365
2022-09-30 08:00:00,11278.909,11291.309,11167.629,11191.199,240,3352
2022-09-30 12:00:00,11191.309,11296.589,11087.759,11186.349,240,3340
2022-09-30 16:00:00,11186.369,11202.749,10965.389,10970.659,240,1363
2022-10-03 00:00:00,10883.649,10963.369,10830.269,10929.819,240,3298
2022-10-03 04:00:00,10929.817,10998.987,10891.669,10931.679,240,3338
2022-10-03 08:00:00,10931.687,11014.709,10883.089,11013.259,240,3286
2022-10-03 12:00:00,11012.649,11178.789,10980.229,11118.589,240,3354
2022-10-03 16:00:00,11118.269,11299.819,11117.129,11233.559,240,1350
2022-10-03 20:00:00,11232.699,11284.209,11221.039,11282.409,135,1363
2022-10-04 00:00:00,11282.889,11341.019,11273.239,11336.409,240,3360
2022-10-04 04:00:00,11336.369,11434.109,11325.139,11428.099,240,3375
2022-10-04 08:00:00,11427.877,11490.799,11405.109,11457.899,240,3364
2022-10-04 12:00:00,11457.847,11609.357,11421.659,11582.529,240,3356
2022-10-04 16:00:00,11582.779,11594.599,11459.799,11582.179,240,1354
2022-10-04 20:00:00,11580.859,11601.797,11544.609,11556.259,135,1374
2022-10-05 00:00:00,11556.247,11556.599,11499.649,11521.169,240,3363
2022-10-05 04:00:00,11521.217,11531.399,11488.039,11501.139,240,3378
2022-10-05 08:00:00,11501.859,11511.397,11444.389,11474.709,240,3359
2022-10-05 12:00:00,11475.699,11481.859,11305.109,11394.259,240,3366
2022-10-05 16:00:00,11394.589,11649.597,11366.399,11577.587,240,1350
2022-10-05 20:00:00,11574.639,11638.287,11554.529,11637.619,135,1356
2022-10-06 00:00:00,11637.607,11667.989,11606.739,11633.219,240,3380
2022-10-06 04:00:00,11633.419,11655.497,11544.699,11574.049,240,3370
2022-10-06 08:00:00,11574.057,11585.389,11462.259,11517.669,240,3353
2022-10-06 12:00:00,11517.829,11660.797,11466.209,11526.579,240,3356
2022-10-06 16:00:00,11526.527,11585.079,11469.889,11485.079,240,1356
2022-10-06 20:00:00,11485.017,11498.539,11418.629,11440.259,135,1364
2022-10-07 00:00:00,11440.307,11505.099,11437.419,11470.959,240,3364
2022-10-07 04:00:00,11471.039,11478.579,11394.509,11427.049,240,3373
2022-10-07 08:00:00,11427.107,11469.279,11407.409,11443.257,240,3364
2022-10-07 12:00:00,11442.769,11484.199,11112.139,11133.589,240,3355
2022-10-07 16:00:00,11133.527,11148.579,10988.899,11045.499,240,1355
2022-10-07 20:00:00,11044.229,11050.147,11033.239,11041.279,15,1368
2022-10-10 00:00:00,10980.829,11026.109,10958.629,10991.619,240,3291
2022-10-10 04:00:00,10991.019,11036.029,10957.159,10990.819,240,3377
2022-10-10 08:00:00,10990.867,11029.789,10940.689,11012.829,240,3367
2022-10-10 12:00:00,11012.837,11079.079,10871.369,10932.009,240,3370
2022-10-10 16:00:00,10931.917,11010.729,10820.779,10925.599,240,1356
2022-10-10 20:00:00,10924.479,10973.509,10924.479,10957.029,135,1363
2022-10-11 00:00:00,10957.067,10971.799,10863.009,10878.789,240,3369
2022-10-11 04:00:00,10878.737,10905.867,10796.719,10851.599,240,3367
2022-10-11 08:00:00,10851.377,10888.899,10801.259,10878.559,240,3349
2022-10-11 12:00:00,10878.239,10940.609,10732.049,10906.319,240,3358
2022-10-11 16:00:00,10906.599,10984.569,10713.759,10791.079,240,1371
2022-10-11 20:00:00,10791.287,10821.999,10786.709,10808.809,135,1361
2022-10-12 00:00:00,10808.987,10852.399,10780.699,10812.717,240,3354
2022-10-12 04:00:00,10812.379,10921.087,10808.509,10849.819,240,3373
2022-10-12 08:00:00,10849.737,10917.599,10843.099,10884.149,240,3349
2022-10-12 12:00:00,10884.189,10911.987,10751.199,10858.609,240,3355
2022-10-12 16:00:00,10858.809,10871.387,10776.819,10783.677,240,1354
2022-10-12 20:00:00,10782.839,10818.289,10780.279,10814.199,135,1361
2022-10-13 00:00:00,10814.107,10823.579,10780.209,10795.549,240,3367
2022-10-13 04:00:00,10795.409,10802.389,10748.669,10784.379,240,3399
2022-10-13 08:00:00,10784.699,10888.549,10768.809,10860.639,240,3360
2022-10-13 12:00:00,10860.849,11065.089,10431.569,10955.769,240,3346
2022-10-13 16:00:00,10956.639,11094.909,10866.909,11031.729,240,1351
2022-10-13 20:00:00,11029.989,11059.729,11003.869,11011.219,135,1363
2022-10-14 00:00:00,11011.299,11130.909,10968.119,11113.079,240,3362
2022-10-14 04:00:00,11113.599,11128.399,11016.379,11054.039,240,3366
2022-10-14 08:00:00,11054.149,11073.809,10935.679,10974.799,240,3354
2022-10-14 12:00:00,10974.739,11199.569,10772.299,10783.999,240,3351
2022-10-14 16:00:00,10783.719,10825.999,10679.519,10699.049,240,1337
2022-10-14 20:00:00,10699.189,10718.689,10694.329,10714.359,15,1360
2022-10-17 00:00:00,10743.379,10755.409,10713.649,10735.829,240,3360
2022-10-17 04:00:00,10735.959,10850.509,10727.919,10831.949,240,3373
2022-10-17 08:00:00,10832.149,10867.839,10790.949,10853.599,240,3355
2022-10-17 12:00:00,10853.587,11085.619,10827.379,11061.557,235,3360
2022-10-17 16:00:00,11061.369,11091.587,11024.049,11059.309,240,1359
2022-10-17 20:00:00,11059.339,11163.999,11050.309,11157.359,135,1372
2022-10-18 00:00:00,11157.327,11261.579,11125.909,11243.169,240,3371
2022-10-18 04:00:00,11243.539,11308.897,11210.029,11276.079,240,3366
2022-10-18 08:00:00,11276.009,11301.209,11184.049,11285.729,240,3354
2022-10-18 12:00:00,11286.059,11377.879,11031.219,11107.229,240,3355
2022-10-18 16:00:00,11107.487,11203.709,11031.217,11152.359,240,1340
2022-10-18 20:00:00,11152.609,11330.789,11107.269,11292.209,135,1412
2022-10-19 00:00:00,11292.029,11325.869,11265.129,11279.859,240,3362
2022-10-19 04:00:00,11280.087,11284.989,11150.659,11201.619,240,3360
2022-10-19 08:00:00,11201.567,11240.489,11076.759,11117.599,240,3370
2022-10-19 12:00:00,11117.619,11233.109,11053.319,11153.079,240,3356
2022-10-19 16:00:00,11153.107,11158.689,11001.729,11105.179,240,1347
2022-10-19 20:00:00,11105.119,11162.609,11023.029,11038.109,135,1374
2022-10-20 00:00:00,11038.017,11063.289,10957.839,10980.227,240,3354
2022-10-20 04:00:00,10980.189,11104.289,10967.229,10990.399,240,3374
2022-10-20 08:00:00,10991.049,11137.089,10979.709,11108.549,240,3347
2022-10-20 12:00:00,11108.259,11279.299,11032.229,11223.209,240,3345
2022-10-20 16:00:00,11224.159,11227.039,10994.049,11038.879,240,1344
2022-10-20 20:00:00,11039.709,11079.389,10947.599,10971.079,135,1358
2022-10-21 00:00:00,10971.799,11013.209,10937.639,10976.519,240,3385
2022-10-21 04:00:00,10976.119,11037.109,10954.889,10968.719,240,3384
2022-10-21 08:00:00,10967.909,10978.539,10918.669,10933.799,240,3358
2022-10-21 12:00:00,10933.799,11175.339,10888.519,11168.159,240,3356
2022-10-21 16:00:00,11167.599,11329.079,11135.539,11309.519,240,1335
2022-10-21 20:00:00,11309.799,11332.789,11304.089,11312.899,15,1360
2022-10-24 00:00:00,11405.899,11429.567,11317.609,11331.329,240,3347
2022-10-24 04:00:00,11331.337,11389.677,11253.919,11282.119,240,3363
2022-10-24 08:00:00,11282.689,11404.409,11215.289,11367.239,240,3332
2022-10-24 12:00:00,11367.239,11380.219,11163.619,11373.099,240,3367
2022-10-24 16:00:00,11373.329,11471.059,11329.079,11435.709,240,1346
2022-10-24 20:00:00,11435.667,11446.599,11409.709,11429.149,135,1363
2022-10-25 00:00:00,11429.239,11458.097,11385.159,11436.699,240,3363
2022-10-25 04:00:00,11436.667,11467.269,11418.709,11447.389,240,3391
2022-10-25 08:00:00,11447.519,11462.989,11394.779,11420.309,240,3364
2022-10-25 12:00:00,11420.357,11650.209,11401.289,11637.169,240,3366
2022-10-25 16:00:00,11637.389,11680.719,11568.859,11666.039,240,1363
2022-10-25 20:00:00,11667.209,11684.889,11404.119,11421.139,135,1378
2022-10-26 00:00:00,11421.269,11459.197,11388.899,11446.619,240,3377
2022-10-26 04:00:00,11446.797,11492.899,11428.089,11483.519,240,3375
2022-10-26 08:00:00,11483.829,11520.809,11455.007,11467.889,240,3364
2022-10-26 12:00:00,11467.917,11656.279,11386.819,11619.757,240,3355
2022-10-26 16:00:00,11619.629,11633.289,11391.179,11406.349,240,1355
2022-10-26 20:00:00,11407.359,11490.519,11368.779,11450.859,135,1367
2022-10-27 00:00:00,11449.089,11489.367,11414.179,11451.149,240,3356
2022-10-27 04:00:00,11451.009,11469.599,11386.359,11396.399,240,3381
2022-10-27 08:00:00,11396.377,11419.779,11318.649,11328.909,240,3359
2022-10-27 12:00:00,11328.807,11416.799,11217.499,11250.779,240,3357
2022-10-27 16:00:00,11250.787,11296.619,11178.769,11198.009,240,1352
2022-10-27 20:00:00,11198.829,11208.899,10994.419,11090.559,135,1374
2022-10-28 00:00:00,11092.239,11145.799,11079.829,11115.629,240,3361
2022-10-28 04:00:00,11115.789,11119.209,11018.329,11033.169,240,3371
2022-10-28 08:00:00,11033.789,11109.707,11023.619,11086.799,240,3369
2022-10-28 12:00:00,11086.587,11454.109,11027.129,11417.249,240,3353
2022-10-28 16:00:00,11417.247,11562.299,11392.529,11543.039,240,1364
2022-10-28 20:00:00,11542.129,11558.989,11539.779,11557.109,15,1366
2022-10-31 00:00:00,11513.319,11534.809,11473.139,11525.189,240,3386
2022-10-31 04:00:00,11525.189,11529.727,11481.659,11518.879,240,3391
2022-10-31 08:00:00,11519.227,11519.669,11440.909,11478.789,240,3366
2022-10-31 12:00:00,11479.219,11480.199,11324.799,11419.759,240,3362
2022-10-31 16:00:00,11419.817,11473.289,11377.519,11409.079,240,1353
2022-10-31 20:00:00,11410.099,11438.689,11397.589,11427.829,135,1368
2022-11-01 00:00:00,11428.289,11459.399,11423.119,11449.649,240,3374
2022-11-01 04:00:00,11449.319,11508.129,11437.669,11484.709,240,3382
2022-11-01 08:00:00,11484.857,11553.319,11482.009,11544.519,238,3368
2022-11-01 12:00:00,11544.589,11578.799,11284.649,11322.789,240,3379
2022-11-01 16:00:00,11322.557,11366.809,11273.799,11289.129,240,1429
2022-11-01 20:00:00,11288.807,11305.597,11254.609,11289.849,135,1401
2022-11-02 00:00:00,11290.089,11340.887,11276.679,11329.529,240,3426
2022-11-02 04:00:00,11329.619,11340.097,11293.209,11308.389,240,3396
2022-11-02 08:00:00,11309.159,11347.099,11288.149,11311.019,240,3403
2022-11-02 12:00:00,11311.089,11317.489,11185.119,11195.329,240,3374
2022-11-02 16:00:00,11195.589,11418.669,10897.699,10899.359,240,1384
2022-11-02 20:00:00,10899.389,10905.289,10860.849,10878.899,135,1299
2022-11-03 00:00:00,10878.339,10946.179,10870.329,10938.239,240,3345
2022-11-03 04:00:00,10938.359,10955.289,10880.829,10901.899,240,3354
2022-11-03 08:00:00,10901.857,10923.889,10775.749,10787.889,238,3324
2022-11-03 12:00:00,10787.599,10848.099,10668.809,10727.579,240,3316
2022-11-03 16:00:00,10728.079,10821.799,10680.329,10685.559,240,1297
2022-11-03 20:00:00,10685.537,10708.797,10654.059,10671.099,135,1326
2022-11-04 00:00:00,10671.097,10709.107,10670.619,10705.569,240,3347
2022-11-04 04:00:00,10705.617,10788.089,10702.659,10717.069,240,3352
2022-11-04 08:00:00,10717.199,10804.549,10710.149,10777.039,236,3320
2022-11-04 12:00:00,10777.079,10935.299,10600.249,10669.729,240,3309
2022-11-04 16:00:00,10669.817,10860.899,10627.259,10858.309,240,1275
2022-11-04 20:00:00,10858.379,10880.599,10840.619,10841.729,15,1333
2022-11-07 00:00:00,10760.279,10844.387,10748.549,10827.369,240,3361
2022-11-07 04:00:00,10827.367,10855.397,10778.689,10783.819,240,3354
2022-11-07 08:00:00,10784.229,10935.209,10776.599,10908.749,240,3313
2022-11-07 12:00:00,10907.649,10932.909,10812.269,10890.899,240,3331
2022-11-07 16:00:00,10890.857,10988.799,10815.099,10961.719,240,1291
2022-11-07 20:00:00,10961.789,11002.589,10960.197,10987.739,135,1413
2022-11-08 00:00:00,10987.989,11025.937,10976.429,10986.619,240,3423
2022-11-08 04:00:00,10986.617,10992.389,10940.959,10946.099,240,3391
2022-11-08 08:00:00,10946.067,11055.449,10917.937,11048.997,240,3406
2022-11-08 12:00:00,11048.909,11100.777,10970.787,11091.419,240,3404
2022-11-08 16:00:00,11091.427,11194.339,10891.909,10985.429,240,1398
2022-11-08 20:00:00,10985.457,11121.799,10980.229,11085.679,135,1348
2022-11-09 00:00:00,11085.879,11123.909,11036.659,11053.557,240,3373
2022-11-09 04:00:00,11053.599,11099.569,11036.059,11077.619,240,3366
2022-11-09 08:00:00,11078.289,11114.789,10980.399,11048.559,240,3354
2022-11-09 12:00:00,11048.547,11060.569,10893.319,10917.589,240,3368
2022-11-09 16:00:00,10918.369,10994.057,10802.219,10812.267,240,1368
2022-11-09 20:00:00,10812.109,10859.887,10788.639,10809.849,135,1365
2022-11-10 00:00:00,10809.159,10848.419,10804.619,10827.289,240,3366
2022-11-10 04:00:00,10827.399,10856.387,10805.379,10822.227,240,3371
2022-11-10 08:00:00,10822.289,10869.709,10808.539,10850.207,240,3367
2022-11-10 12:00:00,10850.049,11435.137,10797.299,11412.049,240,3367
2022-11-10 16:00:00,11412.119,11494.789,11372.679,11491.067,240,1353
2022-11-10 20:00:00,11490.779,11648.889,11478.519,11639.799,135,1366
2022-11-11 00:00:00,11639.727,11646.887,11585.059,11599.699,240,3384
2022-11-11 04:00:00,11599.809,11722.609,11591.229,11717.709,240,3387
2022-11-11 08:00:00,11717.737,11741.497,11649.719,11666.239,240,3361
2022-11-11 12:00:00,11666.749,11745.709,11534.819,11713.069,240,3356
2022-11-11 16:00:00,11713.289,11841.609,11604.779,11839.289,240,1285
2022-11-11 20:00:00,11839.307,11841.179,11753.509,11814.029,75,1291
2022-11-14 00:00:00,11774.267,11788.809,11741.529,11768.549,240,3350
2022-11-14 04:00:00,11768.527,11769.799,11722.059,11750.237,240,3361
2022-11-14 08:00:00,11749.859,11774.609,11709.319,11733.909,240,3315
2022-11-14 12:00:00,11734.309,11781.799,11666.719,11760.019,240,3352
2022-11-14 16:00:00,11760.107,11865.499,11694.039,11821.529,240,1278
2022-11-14 20:00:00,11821.599,11850.779,11696.539,11733.567,135,1307
2022-11-15 00:00:00,11733.369,11778.397,11727.819,11774.269,240,3333
2022-11-15 04:00:00,11774.259,11827.719,11768.669,11808.729,240,3359
2022-11-15 08:00:00,11808.997,11849.557,11790.209,11844.559,240,3327
2022-11-15 12:00:00,11844.769,12084.889,11824.539,11949.099,240,3320
2022-11-15 16:00:00,11949.077,12008.229,11729.689,11884.279,240,1284
2022-11-15 20:00:00,11884.517,11916.307,11816.509,11858.269,135,1297
2022-11-16 00:00:00,11858.359,11868.599,11798.609,11850.719,240,3336
2022-11-16 04:00:00,11850.707,11921.397,11818.039,11910.279,240,3343
2022-11-16 08:00:00,11912.497,11918.779,11837.879,11852.619,240,3327
2022-11-16 12:00:00,11852.627,11869.119,11668.349,11677.619,240,3336
2022-11-16 16:00:00,11677.679,11793.107,11673.879,11730.319,240,1297
2022-11-16 20:00:00,11730.267,11745.999,11675.279,11741.889,135,1287
2022-11-17 00:00:00,11742.189,11751.989,11704.929,11720.759,240,3344
2022-11-17 04:00:00,11720.809,11784.499,11710.439,11764.729,240,3367
2022-11-17 08:00:00,11764.717,11789.409,11604.749,11645.479,240,3333
2022-11-17 12:00:00,11645.889,11650.509,11490.179,11568.897,240,3317
2022-11-17 16:00:00,11568.669,11737.679,11561.309,11646.389,240,1296
2022-11-17 20:00:00,11646.379,11722.199,11588.779,11681.779,135,1304
2022-11-18 00:00:00,11681.747,11711.897,11677.229,11701.729,240,3353
2022-11-18 04:00:00,11701.797,11702.199,11647.289,11670.199,240,3352
2022-11-18 08:00:00,11670.179,11780.397,11634.489,11761.659,240,3316
2022-11-18 12:00:00,11761.649,11804.639,11622.369,11641.089,240,3346
2022-11-18 16:00:00,11641.079,11684.799,11575.589,11637.747,240,1303
2022-11-18 20:00:00,11636.729,11709.999,11634.349,11674.369,75,1312
2022-11-21 00:00:00,11676.559,11681.607,11626.319,11648.879,240,3346
2022-11-21 04:00:00,11649.089,11655.797,11612.419,11616.189,240,3364
2022-11-21 08:00:00,11616.089,11649.579,11570.219,11577.879,240,3320
2022-11-21 12:00:00,11580.319,11668.199,11543.529,11566.449,240,3348
2022-11-21 16:00:00,11566.467,11603.009,11521.929,11557.299,240,1297
2022-11-21 20:00:00,11557.497,11580.819,11545.809,11561.489,135,1328
2022-11-22 00:00:00,11561.599,11592.499,11560.219,11576.949,240,3336
2022-11-22 04:00:00,11576.967,11578.997,11529.649,11552.819,240,3382
2022-11-22 08:00:00,11553.669,11591.017,11494.209,11552.299,240,3307
2022-11-22 12:00:00,11553.309,11627.299,11495.819,11624.289,240,3338
2022-11-22 16:00:00,11624.809,11679.359,11589.319,11672.179,240,1299
2022-11-22 20:00:00,11672.379,11732.299,11669.719,11716.219,135,1334
2022-11-23 00:00:00,11716.339,11727.499,11694.769,11699.679,240,3345
2022-11-23 04:00:00,11699.719,11741.089,11691.709,11732.729,240,3387
2022-11-23 08:00:00,11734.249,11752.717,11710.699,11748.219,240,3328
2022-11-23 12:00:00,11748.267,11860.669,11709.679,11850.457,240,3355
2022-11-23 16:00:00,11850.249,11859.699,11715.709,11839.489,240,1336
2022-11-23 20:00:00,11839.459,11866.609,11812.719,11861.019,135,1327
2022-11-24 00:00:00,11861.067,11877.109,11860.679,11866.569,240,3356
2022-11-24 04:00:00,11866.617,11881.189,11851.509,11858.959,240,3372
2022-11-24 08:00:00,11859.219,11902.499,11846.969,11898.059,240,3350
2022-11-24 12:00:00,11898.309,11905.387,11872.669,11893.619,240,3365
2022-11-24 16:00:00,11893.667,11898.619,11887.729,11893.989,119,1365
2022-11-24 20:00:00,11886.819,11896.697,11886.279,11890.159,60,3351
2022-11-25 00:00:00,11890.669,11892.567,11874.139,11882.709,240,3362
2022-11-25 04:00:00,11882.987,11890.887,11868.089,11871.689,240,3360
2022-11-25 08:00:00,11871.467,11879.509,11813.459,11816.529,240,3346
2022-11-25 12:00:00,11816.749,11827.639,11740.129,11785.059,240,3340
2022-11-25 16:00:00,11785.017,11802.609,11751.069,11764.659,134,1336
2022-11-28 00:00:00,11704.319,11709.089,11643.789,11664.029,240,3364
2022-11-28 04:00:00,11664.047,11683.299,11635.227,11663.129,240,3354
2022-11-28 08:00:00,11664.239,11706.587,11619.819,11672.659,240,3343
2022-11-28 12:00:00,11673.559,11766.109,11657.509,11663.079,240,3338
2022-11-28 16:00:00,11663.017,11711.389,11573.149,11592.599,240,1312
2022-11-28 20:00:00,11592.589,11602.289,11553.319,11595.489,135,1353
2022-11-29 00:00:00,11595.567,11643.199,11588.489,11641.319,240,3355
2022-11-29 04:00:00,11641.519,11666.089,11636.429,11653.719,240,3367
2022-11-29 08:00:00,11653.929,11681.299,11624.709,11655.699,240,3343
2022-11-29 12:00:00,11655.697,11655.697,11539.739,11575.519,240,3339
2022-11-29 16:00:00,11575.779,11580.309,11445.399,11491.039,240,1296
2022-11-29 20:00:00,11491.027,11511.499,11476.169,11482.029,135,1298
2022-11-30 00:00:00,11483.049,11521.309,11479.189,11516.489,240,3381
2022-11-30 04:00:00,11516.369,11527.899,11507.129,11519.649,240,3356
2022-11-30 08:00:00,11520.589,11564.597,11515.339,11551.619,240,3313
2022-11-30 12:00:00,11551.649,11574.589,11495.239,11507.769,240,3337
2022-11-30 16:00:00,11508.789,11910.809,11477.329,11873.319,240,1309
2022-11-30 20:00:00,11873.557,12058.299,11862.309,12046.289,135,1317
2022-12-01 00:00:00,12046.287,12053.789,11999.539,12021.819,240,3335
2022-12-01 04:00:00,12021.827,12055.079,12012.029,12021.809,240,3351
2022-12-01 08:00:00,12021.809,12029.569,11965.749,11997.809,240,3323
2022-12-01 12:00:00,11999.219,12115.609,11923.109,12051.269,240,3329
2022-12-01 16:00:00,12051.639,12065.629,11963.049,12061.219,240,1287
2022-12-01 20:00:00,12061.287,12076.889,12010.949,12016.819,135,1315
2022-12-02 00:00:00,12016.767,12016.767,11974.959,12000.179,240,3356
2022-12-02 04:00:00,12000.207,12010.889,11987.139,12000.119,240,3369
2022-12-02 08:00:00,12000.299,12038.599,11993.519,12017.369,240,3328
2022-12-02 12:00:00,12018.209,12044.889,11717.919,11887.529,240,3340
2022-12-02 16:00:00,11887.989,11974.589,11863.319,11972.779,240,1417
2022-12-02 20:00:00,11972.767,12031.399,11956.129,11983.879,75,1410
2022-12-05 00:00:00,11984.979,11992.599,11964.419,11980.429,240,3397
2022-12-05 04:00:00,11980.569,11981.299,11941.619,11950.089,240,3428
2022-12-05 08:00:00,11950.257,11978.819,11926.019,11977.239,240,3418
2022-12-05 12:00:00,11977.789,11981.499,11846.169,11907.809,240,3414
2022-12-05 16:00:00,11907.799,11935.989,11730.769,11753.269,240,1406
2022-12-05 20:00:00,11752.919,11812.499,11738.539,11802.579,135,1397
2022-12-06 00:00:00,11802.819,11826.619,11794.169,11805.689,240,3408
2022-12-06 04:00:00,11805.779,11806.809,11764.209,11781.389,240,3391
2022-12-06 08:00:00,11781.389,11821.899,11764.689,11812.759,240,3402
2022-12-06 12:00:00,11812.729,11828.289,11575.699,11597.659,240,3397
2022-12-06 16:00:00,11597.379,11630.719,11487.919,11519.509,240,1440
2022-12-06 20:00:00,11519.439,11567.189,11490.309,11563.339,135,1353
2022-12-07 00:00:00,11564.089,11580.719,11551.389,11578.629,240,3379
2022-12-07 04:00:00,11578.409,11580.389,11532.149,11540.819,240,3371
2022-12-07 08:00:00,11540.849,11558.199,11466.309,11480.479,240,3358
2022-12-07 12:00:00,11480.477,11581.929,11408.419,11538.359,240,3357
2022-12-07 16:00:00,11538.399,11566.469,11444.179,11486.309,240,1340
2022-12-07 20:00:00,11485.809,11507.989,11460.469,11494.679,135,1358
2022-12-08 00:00:00,11494.649,11497.399,11419.259,11475.709,240,3376
2022-12-08 04:00:00,11475.509,11525.379,11463.609,11514.809,240,3383
2022-12-08 08:00:00,11514.787,11533.857,11495.639,11522.949,240,3379
2022-12-08 12:00:00,11522.917,11660.139,11463.159,11633.689,240,3381
2022-12-08 16:00:00,11634.309,11674.799,11567.809,11616.119,240,1363
2022-12-08 20:00:00,11615.569,11660.909,11594.119,11626.589,135,1382
2022-12-09 00:00:00,11625.849,11675.759,11612.599,11667.269,240,3383
2022-12-09 04:00:00,11667.589,11704.819,11664.639,11690.159,240,3395
2022-12-09 08:00:00,11690.209,11697.289,11654.539,11688.529,240,3390
2022-12-09 12:00:00,11689.879,11725.779,11507.799,11696.629,240,3382
2022-12-09 16:00:00,11697.389,11710.299,11621.149,11650.439,240,1369
2022-12-09 20:00:00,11649.909,11664.919,11553.629,11561.399,75,1374
2022-12-12 00:00:00,11527.509,11550.0,11514.139,11540.019,240,3380
2022-12-12 04:00:00,11540.029,11569.389,11538.639,11554.889,240,3395
2022-12-12 08:00:00,11554.839,11606.699,11541.849,11596.629,240,3352
2022-12-12 12:00:00,11596.619,11605.599,11524.789,11552.619,240,3374
2022-12-12 16:00:00,11553.019,11642.319,11549.057,11637.059,240,1406
2022-12-12 20:00:00,11637.267,11707.909,11636.819,11700.899,135,1402
2022-12-13 00:00:00,11701.049,11710.599,11671.319,11674.639,240,3391
2022-12-13 04:00:00,11674.849,11727.689,11670.359,11717.889,240,3399
2022-12-13 08:00:00,11717.889,11771.889,11695.629,11760.969,240,3376
2022-12-13 12:00:00,11761.139,12210.559,11747.909,11963.919,239,3370
2022-12-13 16:00:00,11964.769,12007.689,11714.389,11815.099,240,1286
2022-12-13 20:00:00,11815.017,11866.559,11749.829,11827.889,135,1339
2022-12-14 00:00:00,11827.827,11881.989,11821.019,11872.109,240,3371
2022-12-14 04:00:00,11872.019,11877.689,11830.859,11832.109,240,3381
2022-12-14 08:00:00,11832.269,11849.909,11787.849,11822.227,240,3363
2022-12-14 12:00:00,11822.199,11916.789,11790.589,11904.019,240,3368
2022-12-14 16:00:00,11904.619,11943.079,11603.259,11709.219,240,1356
2022-12-14 20:00:00,11710.299,11885.899,11677.349,11755.499,135,1261
2022-12-15 00:00:00,11755.959,11770.499,11708.249,11728.229,240,3354
2022-12-15 04:00:00,11728.349,11741.219,11628.339,11635.369,240,3368
2022-12-15 08:00:00,11635.829,11651.939,11563.869,11600.587,240,3296
2022-12-15 12:00:00,11600.229,11611.177,11393.309,11406.089,240,3336
2022-12-15 16:00:00,11406.057,11422.759,11299.03,11372.229,240,1292
2022-12-15 20:00:00,11372.229,11389.499,11321.539,11350.769,135,1304
2022-12-16 00:00:00,11350.839,11379.989,11338.829,11359.039,240,3355
2022-12-16 04:00:00,11359.117,11367.399,11303.909,11306.599,240,3363
2022-12-16 08:00:00,11306.889,11329.199,11205.377,11262.319,240,3308
2022-12-16 12:00:00,11262.267,11384.059,11206.289,11251.389,240,3310
2022-12-16 16:00:00,11251.379,11256.349,11169.789,11224.309,240,1301
2022-12-16 20:00:00,11224.487,11289.049,11203.309,11213.189,75,1298
2022-12-19 00:00:00,11246.039,11274.399,11245.889,11260.799,240,3368
2022-12-19 04:00:00,11260.889,11267.287,11223.709,11245.567,240,3377
2022-12-19 08:00:00,11245.389,11302.109,11241.889,11281.359,240,3340
2022-12-19 12:00:00,11281.597,11290.599,11123.069,11129.909,240,3361
2022-12-19 16:00:00,11129.817,11149.319,11045.769,11057.399,240,1309
2022-12-19 20:00:00,11057.317,11113.599,11026.189,11106.769,135,1325
2022-12-20 00:00:00,11106.797,11121.079,10970.279,10982.179,240,3369
2022-12-20 04:00:00,10982.137,11008.589,10937.159,10988.039,240,3336
2022-12-20 08:00:00,10989.329,11080.899,10966.909,11059.859,240,3321
2022-12-20 12:00:00,11060.119,11140.989,10961.259,11089.779,240,3346
2022-12-20 16:00:00,11090.089,11125.119,11000.059,11074.109,240,1290
2022-12-20 20:00:00,11074.299,11130.189,11056.159,11119.269,135,1334
2022-12-21 00:00:00,11119.319,11159.899,11100.039,11135.079,240,3364
2022-12-21 04:00:00,11135.199,11140.019,11102.689,11134.669,240,3360
2022-12-21 08:00:00,11134.829,11154.089,11095.529,11113.819,240,3357
2022-12-21 12:00:00,11114.389,11249.679,11078.559,11248.609,240,3350
2022-12-21 16:00:00,11248.649,11287.387,11201.069,11237.999,240,1328
2022-12-21 20:00:00,11237.829,11257.139,11204.709,11248.839,135,1342
2022-12-22 00:00:00,11248.867,11276.899,11234.509,11270.919,240,3364
2022-12-22 04:00:00,11271.059,11274.089,11248.189,11249.817,240,3383
2022-12-22 08:00:00,11249.749,11280.709,11198.359,11211.689,240,3375
2022-12-22 12:00:00,11211.889,11222.099,10906.519,10914.059,240,3374
2022-12-22 16:00:00,10914.159,10938.299,10778.259,10894.669,240,1324
2022-12-22 20:00:00,10894.889,10987.709,10886.239,10955.869,135,1308
2022-12-23 00:00:00,10955.857,10985.369,10917.719,10980.159,240,3360
2022-12-23 04:00:00,10980.319,10982.299,10948.219,10958.119,240,3370
2022-12-23 08:00:00,10958.097,11017.669,10933.609,10975.689,240,3358
2022-12-23 12:00:00,10975.659,11049.599,10824.769,10920.649,240,3356
2022-12-23 16:00:00,10920.859,10988.369,10881.399,10976.619,240,1282
2022-12-23 20:00:00,10977.499,10994.089,10942.799,10976.399,74,1311
2022-12-26 20:00:00,11016.369,11067.799,11016.369,11061.449,60,3337
2022-12-27 00:00:00,11061.769,11088.499,11049.909,11066.449,240,3342
2022-12-27 04:00:00,11066.437,11071.719,11048.709,11064.269,240,3350
2022-12-27 08:00:00,11064.409,11081.699,11023.129,11038.299,240,3355
2022-12-27 12:00:00,11038.497,11038.999,10801.659,10878.109,240,3342
2022-12-27 16:00:00,10879.019,10904.489,10807.849,10831.369,240,1299
2022-12-27 20:00:00,10831.399,10866.689,10815.249,10820.069,135,1331
2022-12-28 00:00:00,10820.159,10844.999,10799.169,10827.119,240,3344
2022-12-28 04:00:00,10827.389,10852.579,10817.309,10851.649,240,3356
2022-12-28 08:00:00,10852.019,10861.389,10799.039,10843.819,240,3328
2022-12-28 12:00:00,10844.859,10903.347,10733.139,10734.299,240,3325
2022-12-28 16:00:00,10734.519,10800.589,10682.219,10711.409,240,1320
2022-12-28 20:00:00,10711.399,10713.789,10668.209,10701.039,135,1322
2022-12-29 00:00:00,10701.057,10713.599,10685.309,10702.099,240,3341
2022-12-29 04:00:00,10702.129,10725.669,10698.689,10722.169,240,3343
2022-12-29 08:00:00,10722.119,10771.099,10715.609,10752.739,240,3333
2022-12-29 12:00:00,10753.609,10948.897,10739.089,10943.519,240,3350
2022-12-29 16:00:00,10943.679,10983.399,10915.289,10941.839,240,1320
2022-12-29 20:00:00,10941.927,10981.689,10931.739,10933.179,135,1329
2022-12-30 00:00:00,10933.229,10940.707,10915.889,10935.717,240,3391
2022-12-30 04:00:00,10935.709,10936.509,10873.419,10892.299,240,3367
2022-12-30 08:00:00,10892.259,10921.199,10854.489,10895.969,240,3316
2022-12-30 12:00:00,10895.937,10899.887,10767.899,10843.119,240,3327
2022-12-30 16:00:00,10843.217,10872.179,10790.649,10820.059,240,1287
2022-12-30 20:00:00,10820.109,10941.009,10818.069,10937.589,60,1310
2023-01-02 20:00:00,11047.869,11063.169,10951.369,10966.019,60,3324
2023-01-03 00:00:00,10966.107,10967.097,10865.509,10946.699,240,3326
2023-01-03 04:00:00,10947.349,11001.179,10935.199,11000.389,240,3344
2023-01-03 08:00:00,11000.317,11084.299,10968.929,10992.129,240,3309
2023-01-03 12:00:00,10992.137,11095.929,10828.369,10893.289,240,3328
2023-01-03 16:00:00,10893.369,10904.177,10764.379,10856.299,240,1306
2023-01-03 20:00:00,10856.209,10890.417,10836.069,10864.889,135,1353
2023-01-04 00:00:00,10864.827,10900.799,10861.769,10881.309,240,3367
2023-01-04 04:00:00,10881.609,10919.249,10879.319,10913.149,240,3375
2023-01-04 08:00:00,10913.829,10966.909,10888.539,10926.349,240,3362
2023-01-04 12:00:00,10926.327,10963.589,10781.099,10879.359,240,3356
2023-01-04 16:00:00,10879.779,10982.649,10816.719,10908.739,240,1330
2023-01-04 20:00:00,10909.039,10937.289,10821.909,10909.849,135,1314
2023-01-05 00:00:00,10910.019,10913.099,10848.519,10866.999,240,3396
2023-01-05 04:00:00,10866.997,10906.987,10856.559,10866.099,240,3395
2023-01-05 08:00:00,10866.579,10954.099,10845.419,10938.359,240,3337
2023-01-05 12:00:00,10938.327,10960.077,10730.239,10766.319,240,3359
2023-01-05 16:00:00,10766.579,10837.629,10745.119,10802.419,240,1345
2023-01-05 20:00:00,10802.899,10803.299,10729.539,10762.799,135,1344
2023-01-06 00:00:00,10762.747,10808.099,10762.119,10792.789,240,3375
2023-01-06 04:00:00,10792.869,10801.819,10741.039,10743.069,240,3381
2023-01-06 08:00:00,10743.339,10758.899,10701.749,10715.569,240,3335
2023-01-06 12:00:00,10715.719,10917.769,10674.649,10907.209,240,3339
2023-01-06 16:00:00,10907.999,11070.997,10891.889,11060.429,240,1301
2023-01-06 20:00:00,11060.409,11086.249,11015.509,11024.079,75,1343
2023-01-09 00:00:00,11064.689,11073.289,11044.519,11068.259,240,3362
2023-01-09 04:00:00,11068.317,11098.697,11045.249,11051.939,240,3371
2023-01-09 08:00:00,11051.929,11107.279,11041.569,11071.219,240,3330
2023-01-09 12:00:00,11071.237,11285.657,11067.459,11256.689,240,3342
2023-01-09 16:00:00,11257.139,11307.007,11140.909,11146.899,240,1337
2023-01-09 20:00:00,11146.849,11159.109,11084.549,11094.629,135,1312
2023-01-10 00:00:00,11095.169,11100.549,11046.139,11063.909,240,3356
2023-01-10 04:00:00,11063.847,11095.699,11060.869,11081.059,240,3373
2023-01-10 08:00:00,11081.149,11127.117,11058.339,11068.409,240,3340
2023-01-10 12:00:00,11068.669,11205.299,11015.669,11131.729,240,3306
2023-01-10 16:00:00,11132.229,11195.989,11081.409,11173.709,240,1264
2023-01-10 20:00:00,11173.779,11212.119,11143.589,11207.229,135,1293
2023-01-11 00:00:00,11207.277,11223.597,11192.649,11202.269,240,3360
2023-01-11 04:00:00,11202.399,11213.619,11165.0,11172.839,240,3366
2023-01-11 08:00:00,11173.189,11246.219,11166.579,11221.669,240,3338
2023-01-11 12:00:00,11221.647,11313.767,11198.269,11246.749,240,3343
2023-01-11 16:00:00,11247.027,11366.799,11243.749,11342.349,240,1316
2023-01-11 20:00:00,11342.519,11400.259,11340.809,11395.069,135,1346
2023-01-12 00:00:00,11395.239,11397.289,11382.329,11389.819,240,3350
2023-01-12 04:00:00,11390.049,11411.997,11371.209,11384.919,240,3358
2023-01-12 08:00:00,11385.549,11408.497,11369.649,11384.069,240,3331
2023-01-12 12:00:00,11385.579,11499.029,11215.369,11357.049,240,3359
2023-01-12 16:00:00,11357.037,11502.159,11315.749,11463.229,240,1348
2023-01-12 20:00:00,11463.229,11465.679,11411.219,11450.369,135,1346
2023-01-13 00:00:00,11450.919,11462.399,11397.659,11411.909,240,3370
2023-01-13 04:00:00,11411.877,11451.799,11408.017,11451.639,240,3393
2023-01-13 08:00:00,11452.389,11460.109,11386.179,11400.119,240,3361
2023-01-13 12:00:00,11400.369,11470.069,11316.159,11449.319,240,3357
2023-01-13 16:00:00,11448.849,11510.159,11385.729,11497.269,240,1349
2023-01-13 20:00:00,11497.999,11551.299,11494.709,11523.029,75,1361
2023-01-16 00:00:00,11517.787,11569.209,11514.129,11557.319,240,3365
2023-01-16 04:00:00,11557.599,11558.899,11511.119,11521.829,240,3380
2023-01-16 08:00:00,11521.857,11521.857,11441.549,11494.159,240,3380
2023-01-16 12:00:00,11493.019,11542.889,11486.569,11527.299,240,3378
2023-01-16 16:00:00,11527.257,11530.489,11493.529,11495.169,119,1390
2023-01-16 20:00:00,11503.399,11528.919,11499.809,11516.149,60,3391
2023-01-17 00:00:00,11516.649,11532.197,11473.219,11483.249,240,3373
2023-01-17 04:00:00,11482.229,11487.549,11461.339,11480.009,240,3392
2023-01-17 08:00:00,11480.127,11509.789,11470.009,11501.159,240,3366
2023-01-17 12:00:00,11501.209,11617.289,11473.359,11543.289,240,3368
2023-01-17 16:00:00,11542.199,11582.199,11487.299,11558.599,240,1354
2023-01-17 20:00:00,11558.809,11576.089,11513.769,11525.899,135,1366
2023-01-18 00:00:00,11525.329,11623.079,11513.199,11557.859,240,3406
2023-01-18 04:00:00,11558.039,11593.599,11547.139,11579.359,240,3375
2023-01-18 08:00:00,11579.269,11593.299,11545.519,11577.149,240,3364
2023-01-18 12:00:00,11576.189,11691.399,11517.839,11548.529,240,3373
2023-01-18 16:00:00,11548.309,11557.049,11415.589,11456.499,240,1345
2023-01-18 20:00:00,11456.099,11472.857,11399.359,11411.799,135,1358
2023-01-19 00:00:00,11411.269,11412.499,11379.139,11393.669,240,3366
2023-01-19 04:00:00,11393.667,11408.889,11360.339,11377.169,240,3383
2023-01-19 08:00:00,11377.619,11418.909,11306.269,11316.329,240,3367
2023-01-19 12:00:00,11315.379,11379.649,11259.789,11273.819,240,3361
2023-01-19 16:00:00,11274.399,11390.589,11247.689,11363.529,240,1361
2023-01-19 20:00:00,11363.289,11378.789,11289.239,11319.839,135,1351
2023-01-20 00:00:00,11319.919,11343.747,11318.509,11330.679,240,3378
2023-01-20 04:00:00,11330.769,11369.299,11328.509,11361.829,240,3371
2023-01-20 08:00:00,11361.887,11362.879,11302.029,11345.319,240,3366
2023-01-20 12:00:00,11344.829,11438.119,11320.809,11404.769,240,3367
2023-01-20 16:00:00,11404.999,11569.289,11402.549,11564.719,240,1353
2023-01-20 20:00:00,11564.747,11622.289,11564.659,11603.569,75,1375
2023-01-23 00:00:00,11594.357,11609.069,11587.229,11602.829,240,3372
2023-01-23 04:00:00,11602.849,11630.389,11594.859,11616.679,240,3378
2023-01-23 08:00:00,11616.759,11641.999,11589.009,11595.749,240,3362
2023-01-23 12:00:00,11595.717,11822.309,11595.649,11808.539,240,3364
2023-01-23 16:00:00,11808.799,11921.049,11797.579,11827.749,240,1360
2023-01-23 20:00:00,11827.169,11876.919,11803.519,11853.319,135,1373
2023-01-24 00:00:00,11853.539,11872.399,11847.039,11860.549,240,3378
2023-01-24 04:00:00,11860.577,11878.799,11845.269,11855.599,240,3389
2023-01-24 08:00:00,11855.319,11867.279,11811.759,11816.999,240,3366
2023-01-24 12:00:00,11816.849,11889.269,11770.659,11868.569,240,3373
2023-01-24 16:00:00,11868.769,11876.159,11811.049,11856.317,240,1360
2023-01-24 20:00:00,11856.149,11947.639,11758.639,11777.119,135,1357
2023-01-25 00:00:00,11777.849,11784.719,11735.859,11763.889,240,3376
2023-01-25 04:00:00,11764.009,11789.399,11750.729,11786.399,240,3378
2023-01-25 08:00:00,11786.879,11795.089,11669.829,11682.119,240,3368
2023-01-25 12:00:00,11681.899,11706.089,11547.169,11609.099,240,3367
2023-01-25 16:00:00,11609.119,11814.809,11600.019,11799.519,240,1345
2023-01-25 20:00:00,11800.359,11857.019,11776.289,11846.689,135,1357
2023-01-26 00:00:00,11847.229,11861.339,11819.219,11849.619,240,3376
2023-01-26 04:00:00,11849.759,11895.579,11849.369,11875.869,240,3389
2023-01-26 08:00:00,11876.179,11902.089,11855.139,11885.279,240,3376
2023-01-26 12:00:00,11885.639,12016.299,11849.489,11862.699,240,3387
2023-01-26 16:00:00,11862.699,12007.209,11846.809,12000.389,240,1344
2023-01-26 20:00:00,12000.167,12056.889,11977.669,11982.519,135,1377
2023-01-27 00:00:00,11982.799,12001.889,11969.119,11970.349,240,3366
2023-01-27 04:00:00,11970.509,11988.299,11959.009,11980.899,240,3368
2023-01-27 08:00:00,11980.789,12001.489,11961.759,11996.299,240,3372
2023-01-27 12:00:00,11996.279,12135.729,11966.789,12060.999,240,3359
2023-01-27 16:00:00,12059.819,12226.799,12046.189,12219.769,240,1346
2023-01-27 20:00:00,12220.679,12251.489,12156.859,12166.169,75,1359
2023-01-30 00:00:00,12148.057,12166.609,12112.819,12127.729,240,3364
2023-01-30 04:00:00,12128.179,12134.589,12072.019,12078.869,240,3369
2023-01-30 08:00:00,12078.829,12078.829,11982.339,12003.379,240,3363
2023-01-30 12:00:00,12004.289,12088.299,11929.089,11973.489,240,3372
2023-01-30 16:00:00,11973.679,12017.789,11929.379,11946.259,240,1350
2023-01-30 20:00:00,11946.399,11965.709,11907.129,11948.049,135,1357
2023-01-31 00:00:00,11948.029,11949.899,11869.059,11877.269,240,3368
2023-01-31 04:00:00,11877.289,11927.299,11867.219,11922.699,240,3381
2023-01-31 08:00:00,11922.759,11926.279,11816.529,11857.339,240,3368
2023-01-31 12:00:00,11857.489,12029.419,11850.839,12020.349,240,3347
2023-01-31 16:00:00,12020.339,12065.299,11988.559,12056.329,240,1351
2023-01-31 20:00:00,12057.049,12102.299,12018.379,12048.169,135,1362
2023-02-01 00:00:00,12047.569,12067.809,12030.139,12049.579,240,3364
2023-02-01 04:00:00,12049.749,12075.109,12046.099,12071.399,240,3366
2023-02-01 08:00:00,12071.369,12093.289,12049.309,12077.299,240,3362
2023-02-01 12:00:00,12076.919,12114.069,12029.039,12034.289,240,3369
2023-02-01 16:00:00,12033.539,12332.499,12005.557,12287.679,240,1361
2023-02-01 20:00:00,12288.579,12506.689,12288.547,12492.407,135,1447
2023-02-02 00:00:00,12492.489,12493.789,12448.719,12471.789,240,3408
2023-02-02 04:00:00,12471.689,12492.059,12455.629,12466.369,240,3393
2023-02-02 08:00:00,12466.519,12553.399,12465.089,12514.649,240,3407
2023-02-02 12:00:00,12515.259,12773.629,12500.239,12751.759,240,3423
2023-02-02 16:00:00,12751.239,12880.699,12661.389,12666.279,240,1368
2023-02-02 20:00:00,12666.219,12894.889,12600.129,12609.119,135,1347
2023-02-03 00:00:00,12609.839,12630.099,12564.309,12595.009,240,3379
2023-02-03 04:00:00,12595.389,12621.399,12544.329,12560.599,240,3369
2023-02-03 08:00:00,12561.069,12629.799,12527.059,12622.129,240,3378
2023-02-03 12:00:00,12622.129,12808.269,12497.209,12754.369,240,3361
2023-02-03 16:00:00,12754.549,12829.099,12552.519,12563.229,240,1354
2023-02-03 20:00:00,12564.309,12605.619,12530.189,12564.749,75,1361
2023-02-06 00:00:00,12539.947,12552.189,12512.329,12521.219,240,3378
2023-02-06 04:00:00,12520.979,12530.649,12490.919,12501.709,240,3376
2023-02-06 08:00:00,12501.689,12524.507,12406.919,12442.999,240,3350
2023-02-06 12:00:00,12442.299,12543.119,12410.329,12510.727,240,3349
2023-02-06 16:00:00,12510.509,12561.889,12455.809,12484.689,240,1362
2023-02-06 20:00:00,12484.299,12489.529,12421.209,12488.269,135,1370
2023-02-07 00:00:00,12488.267,12518.489,12485.199,12496.289,240,3394
2023-02-07 04:00:00,12496.519,12503.769,12476.309,12481.179,240,3372
2023-02-07 08:00:00,12481.309,12525.389,12428.179,12495.029,240,3368
2023-02-07 12:00:00,12495.019,12518.219,12434.189,12471.619,240,3365
2023-02-07 16:00:00,12471.259,12733.199,12413.789,12652.019,240,1361
2023-02-07 20:00:00,12652.309,12771.617,12613.809,12702.349,135,1291
2023-02-08 00:00:00,12702.337,12749.399,12691.549,12736.167,240,3350
2023-02-08 04:00:00,12735.869,12760.199,12706.809,12732.297,240,3357
2023-02-08 08:00:00,12731.659,12741.059,12669.699,12703.109,240,3302
2023-02-08 12:00:00,12704.909,12734.819,12554.129,12565.737,240,3327
2023-02-08 16:00:00,12565.529,12577.999,12473.109,12522.099,240,1296
2023-02-08 20:00:00,12522.047,12525.109,12468.619,12514.319,135,1305
2023-02-09 00:00:00,12514.819,12546.789,12514.759,12534.407,240,3358
2023-02-09 04:00:00,12534.199,12569.597,12508.639,12559.749,240,3368
2023-02-09 08:00:00,12559.707,12674.287,12559.707,12642.729,240,3330
2023-02-09 12:00:00,12643.169,12682.617,12568.219,12610.439,240,3339
2023-02-09 16:00:00,12610.427,12611.997,12411.559,12425.239,240,1288
2023-02-09 20:00:00,12425.809,12425.809,12324.229,12389.159,135,1309
2023-02-10 00:00:00,12389.409,12392.089,12336.737,12348.089,240,3339
2023-02-10 04:00:00,12347.887,12372.509,12332.839,12360.899,240,3376
2023-02-10 08:00:00,12360.807,12400.599,12227.129,12242.289,240,3302
2023-02-10 12:00:00,12242.909,12378.559,12225.269,12291.219,240,3308
2023-02-10 16:00:00,12291.267,12327.387,12201.699,12283.089,240,1301
2023-02-10 20:00:00,12283.899,12321.777,12256.059,12299.259,75,1302
2023-02-13 00:00:00,12265.469,12274.189,12222.989,12240.289,240,3340
2023-02-13 04:00:00,12240.149,12292.309,12239.569,12284.299,240,3348
2023-02-13 08:00:00,12284.789,12363.799,12271.739,12351.069,240,3321
2023-02-13 12:00:00,12353.089,12467.599,12310.509,12450.609,240,3341
2023-02-13 16:00:00,12450.789,12525.909,12444.899,12469.269,240,1324
2023-02-13 20:00:00,12469.259,12508.299,12441.749,12495.309,135,1294
2023-02-14 00:00:00,12495.579,12498.919,12461.329,12478.799,240,3388
2023-02-14 04:00:00,12479.249,12514.287,12471.739,12509.329,240,3348
2023-02-14 08:00:00,12510.269,12553.919,12480.509,12533.299,240,3315
2023-02-14 12:00:00,12533.329,12641.209,12348.339,12447.819,240,3334
2023-02-14 16:00:00,12447.747,12596.399,12374.869,12576.569,240,1279
2023-02-14 20:00:00,12576.709,12622.089,12550.679,12560.499,135,1309
2023-02-15 00:00:00,12560.257,12560.689,12494.519,12513.719,240,3359
2023-02-15 04:00:00,12513.719,12524.197,12483.819,12492.169,240,3376
2023-02-15 08:00:00,12492.157,12544.697,12485.619,12526.579,240,3334
2023-02-15 12:00:00,12526.527,12584.789,12478.219,12518.729,240,3334
2023-02-15 16:00:00,12518.757,12677.489,12515.189,12633.039,240,1302
2023-02-15 20:00:00,12633.309,12712.799,12622.589,12702.079,135,1315
2023-02-16 00:00:00,12702.107,12747.719,12701.679,12735.579,240,3369
2023-02-16 04:00:00,12735.619,12738.489,12703.019,12728.297,240,3372
2023-02-16 08:00:00,12727.659,12738.807,12671.289,12678.559,240,3332
2023-02-16 12:00:00,12678.749,12684.619,12452.889,12609.709,240,3350
2023-02-16 16:00:00,12610.419,12656.997,12568.059,12612.569,240,1290
2023-02-16 20:00:00,12612.709,12617.719,12381.249,12387.569,135,1304
2023-02-17 00:00:00,12387.557,12408.599,12368.819,12375.839,240,3351
2023-02-17 04:00:00,12376.319,12378.917,12336.619,12360.619,240,3361
2023-02-17 08:00:00,12360.897,12367.589,12297.509,12328.849,240,3316
2023-02-17 12:00:00,12328.827,12382.899,12258.849,12284.767,240,3327
2023-02-17 16:00:00,12284.109,12361.987,12231.089,12356.569,240,1298
2023-02-17 20:00:00,12356.849,12372.639,12320.269,12351.019,75,1293
2023-02-20 00:00:00,12324.079,12363.299,12311.109,12355.569,240,3354
2023-02-20 04:00:00,12355.669,12370.339,12346.769,12354.629,240,3357
2023-02-20 08:00:00,12355.709,12371.409,12318.659,12365.519,240,3332
2023-02-20 12:00:00,12365.629,12381.699,12336.659,12339.719,240,3356
2023-02-20 16:00:00,12339.657,12353.089,12331.579,12331.857,121,1368
2023-02-20 20:00:00,12331.289,12343.099,12326.359,12342.749,60,3357
2023-02-21 00:00:00,12343.159,12343.599,12298.899,12312.149,240,3349
2023-02-21 04:00:00,12312.287,12323.399,12283.549,12284.129,240,3361
2023-02-21 08:00:00,12284.397,12297.989,12192.809,12246.849,240,3315
2023-02-21 12:00:00,12246.807,12255.099,12147.839,12154.367,240,3350
2023-02-21 16:00:00,12154.309,12171.169,12073.849,12091.529,240,1337
2023-02-21 20:00:00,12091.749,12108.797,12059.269,12080.789,135,1329
2023-02-22 00:00:00,12080.669,12109.299,12074.819,12105.759,240,3351
2023-02-22 04:00:00,12106.609,12107.099,12072.239,12090.897,240,3378
2023-02-22 08:00:00,12090.779,12111.297,12030.279,12062.207,240,3314
2023-02-22 12:00:00,12061.859,12141.899,12003.559,12069.379,240,3338
2023-02-22 16:00:00,12070.239,12158.789,12028.269,12031.079,240,1303
2023-02-22 20:00:00,12031.599,12145.489,12016.769,12133.589,135,1282
2023-02-23 00:00:00,12133.367,12178.699,12130.719,12168.019,240,3369
2023-02-23 04:00:00,12168.309,12173.199,12147.429,12148.239,240,3366
2023-02-23 08:00:00,12148.399,12191.907,12116.609,12173.809,240,3323
2023-02-23 12:00:00,12171.939,12226.999,12074.519,12085.569,240,3331
2023-02-23 16:00:00,12085.599,12186.539,12000.639,12162.899,240,1314
2023-02-23 20:00:00,12163.089,12220.417,12142.479,12144.229,135,1312
2023-02-24 00:00:00,12144.339,12184.809,12133.959,12160.699,240,3344
2023-02-24 04:00:00,12160.519,12163.189,12121.269,12124.999,240,3364
2023-02-24 08:00:00,12124.997,12132.599,12052.739,12069.879,240,3326
2023-02-24 12:00:00,12069.849,12079.007,11898.599,11911.029,237,3340
2023-02-24 16:00:00,11911.259,11993.649,11899.539,11981.319,240,1314
2023-02-24 20:00:00,11981.669,11996.079,11920.749,11974.369,75,1332
2023-02-27 00:00:00,11991.647,12019.907,11978.199,11999.869,240,3357
2023-02-27 04:00:00,11999.817,12014.889,11980.679,12011.999,240,3364
2023-02-27 08:00:00,12011.967,12052.007,12011.709,12037.359,240,3317
2023-02-27 12:00:00,12037.339,12162.709,12027.819,12077.217,240,3356
2023-02-27 16:00:00,12077.069,12117.799,12039.249,12062.309,240,1312
2023-02-27 20:00:00,12062.247,12081.089,12032.819,12066.999,135,1326
2023-02-28 00:00:00,12066.919,12101.699,12066.219,12087.779,240,3355
2023-02-28 04:00:00,12087.737,12091.789,12013.839,12015.829,240,3373
2023-02-28 08:00:00,12015.907,12099.399,12003.029,12087.689,240,3328
2023-02-28 12:00:00,12087.707,12119.257,12015.869,12050.889,240,3354
2023-02-28 16:00:00,12050.659,12147.699,12043.359,12099.329,240,1335
2023-02-28 20:00:00,12099.749,12099.867,11987.289,11995.659,135,1332
2023-03-01 00:00:00,11995.817,12049.889,11963.179,12041.539,240,3364
2023-03-01 04:00:00,12041.659,12090.299,12035.129,12081.879,240,3377
2023-03-01 08:00:00,12081.897,12114.849,12054.489,12101.599,240,3316
2023-03-01 12:00:00,12101.357,12101.357,11929.559,11987.699,240,3353
2023-03-01 16:00:00,11987.627,12016.087,11904.109,11929.009,240,1325
2023-03-01 20:00:00,11929.239,11954.299,11919.559,11947.099,135,1345
2023-03-02 00:00:00,11947.017,11966.799,11831.099,11879.829,240,3349
2023-03-02 04:00:00,11880.119,11888.899,11827.019,11842.659,240,3356
2023-03-02 08:00:00,11843.059,11883.889,11807.899,11878.889,240,3315
2023-03-02 12:00:00,11879.689,11911.919,11813.569,11902.579,240,3330
2023-03-02 16:00:00,11902.749,12031.999,11862.329,12012.619,240,1329
2023-03-02 20:00:00,12012.647,12075.369,11996.819,12015.799,135,1330
2023-03-03 00:00:00,12015.717,12035.607,11990.589,12005.329,240,3353
2023-03-03 04:00:00,12005.699,12028.897,11997.409,12001.859,240,3362
2023-03-03 08:00:00,12001.847,12095.287,12001.619,12090.587,240,3324
2023-03-03 12:00:00,12090.339,12212.999,12057.329,12165.819,240,3351
2023-03-03 16:00:00,12166.759,12288.409,12151.399,12284.379,240,1333
2023-03-03 20:00:00,12284.659,12303.607,12264.329,12297.219,75,1355
2023-03-06 00:00:00,12271.517,12357.539,12263.779,12340.809,240,3348
2023-03-06 04:00:00,12341.089,12344.619,12307.119,12322.589,240,3377
2023-03-06 08:00:00,12322.387,12331.287,12275.569,12280.089,240,3326
2023-03-06 12:00:00,12280.359,12454.889,12280.319,12436.249,240,3344
2023-03-06 16:00:00,12436.347,12467.089,12320.049,12327.099,240,1354
2023-03-06 20:00:00,12327.169,12338.919,12293.029,12310.889,135,1342
2023-03-07 00:00:00,12310.897,12351.299,12302.739,12345.589,240,3346
2023-03-07 04:00:00,12345.617,12352.909,12311.409,12315.549,240,3357
2023-03-07 08:00:00,12315.537,12361.499,12313.239,12330.837,240,3330
2023-03-07 12:00:00,12330.739,12344.109,12163.659,12199.269,240,3362
2023-03-07 16:00:00,12199.349,12295.099,12127.229,12131.319,240,1295
2023-03-07 20:00:00,12131.247,12171.517,12128.679,12160.389,135,1340
2023-03-08 00:00:00,12160.319,12167.699,12124.169,12129.329,240,3341
2023-03-08 04:00:00,12129.849,12156.899,12129.819,12139.099,240,3374
2023-03-08 08:00:00,12138.907,12200.589,12138.159,12174.409,240,3304
2023-03-08 12:00:00,12174.307,12208.989,12093.299,12175.819,240,3333
2023-03-08 16:00:00,12175.839,12239.499,12127.279,12164.349,240,1306
2023-03-08 20:00:00,12164.689,12230.489,12143.419,12208.079,135,1351
2023-03-09 00:00:00,12208.299,12209.599,12165.509,12184.809,240,3360
2023-03-09 04:00:00,12184.889,12201.049,12169.779,12176.919,240,3354
2023-03-09 08:00:00,12177.099,12181.519,12119.419,12158.519,240,3334
2023-03-09 12:00:00,12158.569,12338.989,12134.959,12289.179,232,3353
2023-03-09 16:00:00,12289.139,12304.089,12056.239,12063.059,240,1309
2023-03-09 20:00:00,12063.109,12071.919,11944.209,11974.389,135,1300
2023-03-10 00:00:00,11974.337,11980.397,11914.319,11930.849,240,3339
2023-03-10 04:00:00,11930.877,11989.679,11911.779,11960.629,240,3336
2023-03-10 08:00:00,11962.589,12036.799,11932.219,12013.179,240,3316
2023-03-10 12:00:00,12013.219,12096.419,11855.179,12002.349,240,3337
2023-03-10 16:00:00,12003.329,12068.609,11786.279,11871.109,240,1284
2023-03-10 20:00:00,11870.299,11892.229,11787.859,11822.569,75,1286
2023-03-13 00:00:00,11980.387,12063.787,11939.779,12038.609,240,3250
2023-03-13 04:00:00,12038.819,12084.307,12010.789,12023.939,240,3292
2023-03-13 08:00:00,12023.769,12036.009,11847.509,11925.579,240,3271
2023-03-13 12:00:00,11925.797,12052.309,11678.719,12026.309,240,3248
2023-03-13 16:00:00,12026.277,12076.909,11914.569,11918.749,240,1363
2023-03-13 20:00:00,11918.109,11959.669,11909.169,11931.569,135,1356
2023-03-14 00:00:00,11934.579,11998.889,11920.309,11976.629,240,3351
2023-03-14 04:00:00,11976.289,11988.309,11916.209,11944.909,240,3370
2023-03-14 08:00:00,11945.089,12014.649,11933.629,11991.289,240,3340
2023-03-14 12:00:00,11992.499,12218.719,11898.519,12196.289,240,3338
2023-03-14 16:00:00,12196.289,12209.709,12029.729,12191.419,240,1357
2023-03-14 20:00:00,12191.829,12197.489,12171.819,12185.839,135,1366
2023-03-15 00:00:00,12186.019,12234.379,12171.689,12209.099,240,3368
2023-03-15 04:00:00,12209.139,12228.499,12181.139,12201.179,240,3378
2023-03-15 08:00:00,12200.899,12227.589,11958.609,12021.047,240,3362
2023-03-15 12:00:00,12020.849,12182.699,11966.349,12129.649,240,3341
2023-03-15 16:00:00,12129.029,12275.897,12053.219,12258.519,240,1288
2023-03-15 20:00:00,12258.587,12296.387,12250.809,12271.049,135,1315
2023-03-16 00:00:00,12271.017,12329.189,12267.039,12296.847,240,3324
2023-03-16 04:00:00,12296.719,12321.247,12255.589,12312.317,240,3351
2023-03-16 08:00:00,12311.519,12323.039,12244.149,12278.689,240,3304
2023-03-16 12:00:00,12278.869,12535.889,12182.167,12514.609,240,3304
2023-03-16 16:00:00,12515.089,12599.189,12457.519,12575.669,240,1285
2023-03-16 20:00:00,12574.729,12590.699,12554.479,12583.939,135,1352
2023-03-17 00:00:00,12583.929,12585.489,12562.979,12581.179,240,3351
2023-03-17 04:00:00,12581.239,12628.499,12580.649,12600.897,240,3363
2023-03-17 08:00:00,12600.789,12618.499,12560.419,12597.309,240,3318
2023-03-17 12:00:00,12596.759,12671.399,12440.059,12485.109,240,3316
2023-03-17 16:00:00,12485.809,12569.589,12454.049,12518.669,240,1281
2023-03-17 20:00:00,12517.759,12541.889,12517.709,12531.179,15,1343
2023-03-20 00:00:00,12575.389,12596.167,12525.629,12536.209,240,3338
2023-03-20 04:00:00,12536.319,12548.289,12401.659,12460.589,240,3342
2023-03-20 08:00:00,12460.347,12549.369,12395.099,12507.399,240,3269
2023-03-20 12:00:00,12507.317,12569.789,12399.779,12488.659,240,3307
2023-03-20 16:00:00,12489.099,12580.399,12438.239,12564.729,240,1350
2023-03-20 20:00:00,12564.999,12572.209,12551.709,12562.489,135,1377
2023-03-21 00:00:00,12562.649,12606.609,12546.389,12565.449,240,3390
2023-03-21 04:00:00,12565.489,12611.669,12556.649,12594.459,240,3372
2023-03-21 08:00:00,12593.949,12661.209,12563.939,12651.819,240,3370
2023-03-21 12:00:00,12651.867,12708.399,12581.859,12601.099,240,3363
2023-03-21 16:00:00,12601.059,12766.209,12594.209,12743.369,240,1374
2023-03-21 20:00:00,12743.309,12750.799,12730.339,12735.719,135,1375
2023-03-22 00:00:00,12735.879,12753.389,12725.0,12742.849,240,3379
2023-03-22 04:00:00,12742.519,12753.169,12698.669,12700.639,240,3372
2023-03-22 08:00:00,12700.379,12734.299,12676.909,12717.059,240,3367
2023-03-22 12:00:00,12717.159,12812.589,12702.759,12800.049,240,3376
2023-03-22 16:00:00,12799.779,12948.619,12563.329,12568.199,240,1383
2023-03-22 20:00:00,12568.369,12591.889,12545.619,12585.609,135,1358
2023-03-23 00:00:00,12585.199,12642.299,12571.629,12636.799,240,3376
2023-03-23 04:00:00,12636.399,12685.609,12629.529,12676.909,240,3378
2023-03-23 08:00:00,12676.817,12721.099,12657.819,12689.249,240,3379
2023-03-23 12:00:00,12689.409,12902.189,12667.509,12859.359,240,3353
2023-03-23 16:00:00,12859.327,12874.219,12604.849,12718.629,240,1342
2023-03-23 20:00:00,12719.119,12751.389,12698.109,12735.329,135,1353
2023-03-24 00:00:00,12735.609,12740.689,12692.649,12731.669,240,3365
2023-03-24 04:00:00,12731.989,12790.599,12723.509,12777.699,240,3380
2023-03-24 08:00:00,12777.719,12779.297,12639.519,12648.709,240,3371
2023-03-24 12:00:00,12648.169,12715.889,12605.209,12704.069,240,3345
2023-03-24 16:00:00,12704.039,12771.389,12629.669,12770.159,240,1340
2023-03-24 20:00:00,12770.879,12785.889,12764.329,12776.239,15,1357
2023-03-27 00:00:00,12824.899,12836.389,12782.539,12826.219,240,3384
2023-03-27 04:00:00,12826.117,12851.199,12724.699,12745.619,240,3367
2023-03-27 08:00:00,12745.639,12831.797,12742.699,12819.369,240,3356
2023-03-27 12:00:00,12820.029,12841.389,12651.619,12657.879,240,3363
2023-03-27 16:00:00,12658.159,12747.549,12642.229,12675.267,240,1364
2023-03-27 20:00:00,12675.059,12703.579,12675.059,12700.569,135,1383
2023-03-28 00:00:00,12700.309,12701.499,12669.189,12686.569,240,3372
2023-03-28 04:00:00,12686.899,12711.089,12634.539,12640.089,240,3375
2023-03-28 08:00:00,12639.989,12673.989,12629.719,12665.719,240,3368
2023-03-28 12:00:00,12666.209,12672.999,12530.319,12592.589,240,3364
2023-03-28 16:00:00,12593.329,12614.889,12515.009,12613.409,240,1372
2023-03-28 20:00:00,12614.099,12640.199,12612.769,12638.389,135,1383
2023-03-29 00:00:00,12639.059,12670.599,12637.859,12653.499,240,3396
2023-03-29 04:00:00,12653.329,12735.619,12651.559,12720.259,240,3372
2023-03-29 08:00:00,12720.277,12735.099,12706.749,12718.809,240,3377
2023-03-29 12:00:00,12718.859,12812.389,12712.509,12795.569,240,3365
2023-03-29 16:00:00,12796.179,12869.589,12768.239,12847.399,240,1370
2023-03-29 20:00:00,12848.599,12848.599,12817.859,12819.459,135,1371
2023-03-30 00:00:00,12819.679,12837.689,12808.019,12819.529,240,3371
2023-03-30 04:00:00,12819.889,12881.899,12818.389,12869.349,240,3374
2023-03-30 08:00:00,12869.529,12917.109,12863.459,12908.699,240,3375
2023-03-30 12:00:00,12907.589,12989.919,12899.449,12956.629,240,3369
2023-03-30 16:00:00,12956.799,12968.989,12890.089,12962.399,240,1370
2023-03-30 20:00:00,12962.719,12975.889,12948.719,12974.079,135,1391
2023-03-31 00:00:00,12973.299,13014.989,12971.029,13007.289,240,3363
2023-03-31 04:00:00,13007.399,13015.489,12957.669,12972.229,240,3378
2023-03-31 08:00:00,12972.257,12973.809,12947.129,12952.079,240,3374
2023-03-31 12:00:00,12952.099,13091.799,12936.039,13091.279,240,3360
2023-03-31 16:00:00,13091.519,13187.899,13086.169,13173.909,240,1368
2023-04-03 00:00:00,13116.549,13116.609,13076.119,13092.799,240,3358
2023-04-03 04:00:00,13092.599,13122.809,13085.349,13118.129,239,3364
2023-04-03 08:00:00,13118.207,13122.399,13078.249,13087.089,240,3362
2023-04-03 12:00:00,13086.689,13146.999,13034.329,13067.319,240,3363
2023-04-03 16:00:00,13067.329,13158.889,13038.539,13149.849,240,1370
2023-04-03 20:00:00,13150.819,13150.829,13122.349,13123.809,135,1366
2023-04-04 00:00:00,13123.797,13134.889,13102.779,13121.049,240,3365
2023-04-04 04:00:00,13120.379,13140.899,13109.579,13116.089,240,3369
2023-04-04 08:00:00,13115.559,13224.989,13114.589,13200.049,240,3365
2023-04-04 12:00:00,13200.087,13207.389,13085.119,13109.489,240,3374
2023-04-04 16:00:00,13109.267,13127.109,13046.679,13101.359,240,1367
2023-04-04 20:00:00,13101.099,13123.589,13098.559,13117.709,135,1370
2023-04-05 00:00:00,13117.739,13124.289,13099.499,13103.299,240,3378
2023-04-05 04:00:00,13102.519,13108.089,13070.439,13077.409,240,3379
2023-04-05 08:00:00,13077.317,13098.699,13053.849,13085.859,240,3372
2023-04-05 12:00:00,13085.827,13112.809,12905.209,12935.259,240,3382
2023-04-05 16:00:00,12936.109,12978.999,12892.529,12966.179,240,1377
2023-04-05 20:00:00,12966.169,12969.109,12938.139,12942.189,135,1371
2023-04-06 00:00:00,12942.339,12947.587,12903.709,12911.229,240,3372
2023-04-06 04:00:00,12911.297,12964.779,12904.049,12950.259,240,3393
2023-04-06 08:00:00,12949.819,12956.299,12870.729,12952.609,240,3367
2023-04-06 12:00:00,12953.249,13017.109,12842.819,13013.399,240,3368
2023-04-06 16:00:00,13013.729,13077.799,13008.549,13059.079,240,1372
2023-04-06 20:00:00,13059.099,13059.099,13036.849,13046.119,135,1368
2023-04-07 00:00:00,13045.609,13055.589,13037.839,13046.119,240,3364
2023-04-07 04:00:00,13046.077,13058.109,13039.879,13042.279,240,3368
2023-04-07 08:00:00,13042.559,13062.099,13028.209,13035.709,240,3375
2023-04-07 12:00:00,13035.637,13076.399,13012.629,13070.077,76,3374
2023-04-10 00:00:00,13042.817,13049.989,13017.419,13027.379,240,3369
2023-04-10 04:00:00,13027.327,13027.897,12993.749,13017.779,240,3371
2023-04-10 08:00:00,13018.079,13051.879,12978.769,12996.719,240,3374
2023-04-10 12:00:00,12996.609,12997.309,12854.879,12943.009,240,3372
2023-04-10 16:00:00,12943.799,13053.499,12905.659,13053.369,240,1374
2023-04-10 20:00:00,13053.629,13062.889,13046.019,13060.599,135,1366
2023-04-11 00:00:00,13060.399,13074.799,13037.049,13040.279,240,3382
2023-04-11 04:00:00,13040.237,13067.699,13033.059,13053.559,240,3382
2023-04-11 08:00:00,13053.999,13096.899,13014.109,13024.549,240,3370
2023-04-11 12:00:00,13024.399,13051.579,12945.089,12967.189,240,3370
2023-04-11 16:00:00,12967.149,13024.669,12952.829,12966.387,240,1367
2023-04-11 20:00:00,12968.099,12986.989,12966.369,12980.099,135,1386
2023-04-12 00:00:00,12979.889,12983.789,12957.109,12963.269,240,3380
2023-04-12 04:00:00,12963.307,12975.099,12928.789,12952.239,240,3372
2023-04-12 08:00:00,12952.217,12991.119,12951.059,12982.749,240,3383
2023-04-12 12:00:00,12982.239,13131.399,12869.229,12964.529,240,3373
2023-04-12 16:00:00,12964.709,13002.369,12830.519,12849.809,240,1367
2023-04-12 20:00:00,12849.789,12855.389,12817.529,12822.769,135,1368
2023-04-13 00:00:00,12822.799,12869.099,12821.569,12864.149,240,3381
2023-04-13 04:00:00,12864.499,12900.499,12853.739,12878.869,240,3390
2023-04-13 08:00:00,12878.907,12909.299,12854.119,12856.319,240,3365
2023-04-13 12:00:00,12856.209,13038.859,12848.639,13035.109,240,3374
2023-04-13 16:00:00,13035.909,13123.689,13026.749,13106.389,240,1367
2023-04-13 20:00:00,13107.089,13107.779,13071.999,13086.329,135,1363
2023-04-14 00:00:00,13087.029,13110.489,13078.769,13093.539,240,3369
2023-04-14 04:00:00,13093.739,13112.099,13074.609,13103.089,240,3377
2023-04-14 08:00:00,13103.047,13106.699,13016.619,13040.719,240,3378
2023-04-14 12:00:00,13042.229,13152.099,12996.229,13028.719,240,3358
2023-04-14 16:00:00,13028.799,13090.829,12958.229,13080.889,240,1364
2023-04-14 20:00:00,13080.839,13092.299,13077.519,13088.899,15,1367
2023-04-17 00:00:00,13085.579,13095.299,13073.589,13080.799,240,3380
2023-04-17 04:00:00,13081.269,13117.289,13074.519,13107.199,240,3378
2023-04-17 08:00:00,13106.869,13110.839,13055.749,13077.599,240,3368
2023-04-17 12:00:00,13078.039,13106.399,12989.339,13003.209,240,3362
2023-04-17 16:00:00,13002.699,13092.079,12977.619,13089.719,240,1355
2023-04-17 20:00:00,13090.399,13096.289,13073.899,13078.039,134,1364
2023-04-18 00:00:00,13077.139,13082.589,13065.379,13068.399,240,3367
2023-04-18 04:00:00,13068.619,13100.089,13059.589,13091.899,240,3369
2023-04-18 08:00:00,13091.637,13191.789,13091.519,13177.259,240,3360
2023-04-18 12:00:00,13176.809,13197.899,13050.829,13065.769,240,3370
2023-04-18 16:00:00,13065.777,13103.299,13041.719,13092.399,240,1366
2023-04-18 20:00:00,13091.549,13095.559,13049.869,13077.299,135,1365
2023-04-19 00:00:00,13076.419,13088.789,13064.529,13073.599,240,3380
2023-04-19 04:00:00,13073.599,13073.989,13012.779,13031.149,240,3377
2023-04-19 08:00:00,13031.269,13042.099,12967.509,12992.319,240,3369
2023-04-19 12:00:00,12992.529,13083.089,12970.859,13078.599,240,3378
2023-04-19 16:00:00,13078.899,13128.707,13068.749,13087.159,240,1378
2023-04-19 20:00:00,13086.899,13095.199,13025.579,13030.029,135,1370
2023-04-20 00:00:00,13030.279,13055.299,13025.039,13042.729,240,3376
2023-04-20 04:00:00,13043.299,13043.809,12962.309,12970.679,240,3372
2023-04-20 08:00:00,12971.499,12975.799,12927.569,12949.989,240,3379
2023-04-20 12:00:00,12949.879,13065.899,12935.009,13046.899,240,3371
2023-04-20 16:00:00,13046.697,13108.839,12931.539,12986.279,240,1373
2023-04-20 20:00:00,12986.299,13006.839,12985.019,12990.869,135,1370
2023-04-21 00:00:00,12989.809,13016.099,12986.009,13001.199,240,3379
2023-04-21 04:00:00,13001.099,13001.799,12945.639,12968.649,240,3377
2023-04-21 08:00:00,12968.717,12999.499,12913.369,12931.669,240,3372
2023-04-21 12:00:00,12931.717,13011.189,12893.879,12996.119,240,3375
2023-04-21 16:00:00,12996.869,13033.789,12969.299,13000.659,240,1362
2023-04-21 20:00:00,13000.799,13007.089,12996.069,12997.079,15,1369
2023-04-24 00:00:00,12979.779,12979.779,12958.039,12963.249,240,3375
2023-04-24 04:00:00,12963.297,12964.299,12925.629,12951.137,240,3378
2023-04-24 08:00:00,12951.099,13007.879,12935.559,12990.069,240,3370
2023-04-24 12:00:00,12990.087,13046.079,12880.309,12891.549,240,3382
2023-04-24 16:00:00,12891.559,12980.389,12883.819,12970.889,240,1369
2023-04-24 20:00:00,12970.619,12977.289,12954.669,12961.489,135,1375
2023-04-25 00:00:00,12961.257,12971.209,12923.149,12923.759,240,3367
2023-04-25 04:00:00,12924.399,12938.809,12894.729,12900.129,240,3366
2023-04-25 08:00:00,12900.207,12929.899,12878.639,12914.509,240,3367
2023-04-25 12:00:00,12914.119,12927.919,12835.249,12837.559,240,3371
2023-04-25 16:00:00,12837.609,12842.089,12723.379,12724.649,240,1376
2023-04-25 20:00:00,12724.109,12909.079,12719.529,12876.309,135,1356
2023-04-26 00:00:00,12876.559,12912.649,12866.759,12886.549,240,3369
2023-04-26 04:00:00,12886.589,12909.109,12862.749,12883.389,240,3379
2023-04-26 08:00:00,12882.899,12894.799,12801.809,12809.619,240,3381
2023-04-26 12:00:00,12809.537,12915.689,12808.139,12906.549,240,3365
2023-04-26 16:00:00,12906.299,12931.589,12783.539,12801.809,240,1368
2023-04-26 20:00:00,12801.769,12889.909,12800.029,12875.009,135,1362
2023-04-27 00:00:00,12875.279,12878.179,12854.769,12870.589,240,3391
2023-04-27 04:00:00,12870.779,12934.289,12870.299,12923.099,240,3389
2023-04-27 08:00:00,12922.229,12931.409,12890.289,12925.569,240,3382
2023-04-27 12:00:00,12924.809,13069.899,12902.217,13059.209,240,3367
2023-04-27 16:00:00,13059.167,13175.489,13057.819,13153.789,240,1363
2023-04-27 20:00:00,13154.639,13253.539,13113.349,13131.389,135,1360
2023-04-28 00:00:00,13131.349,13151.799,13110.389,13122.569,240,3369
2023-04-28 04:00:00,13122.649,13156.399,13102.209,13118.819,240,3370
2023-04-28 08:00:00,13119.579,13128.899,13096.059,13107.639,240,3388
2023-04-28 12:00:00,13107.989,13215.189,13091.059,13178.009,240,3365
2023-04-28 16:00:00,13177.997,13247.089,13158.819,13244.039,240,1368
2023-05-01 00:00:00,13228.729,13265.419,13218.129,13256.109,240,3368
2023-05-01 04:00:00,13256.199,13288.799,13247.779,13259.809,240,3397
2023-05-01 08:00:00,13259.737,13259.737,13219.059,13226.509,240,3411
2023-05-01 12:00:00,13226.587,13258.019,13184.849,13222.039,240,3404
2023-05-01 16:00:00,13221.149,13288.889,13210.599,13230.339,240,1401
2023-05-01 20:00:00,13230.377,13243.089,13203.279,13209.899,135,1401
2023-05-02 00:00:00,13209.419,13229.917,13191.859,13224.059,240,3414
2023-05-02 04:00:00,13223.909,13258.207,13217.599,13233.669,240,3370
2023-05-02 08:00:00,13233.259,13248.399,13218.689,13223.309,240,3388
2023-05-02 12:00:00,13223.609,13237.887,13041.209,13050.519,240,3397
2023-05-02 16:00:00,13049.639,13150.799,13042.019,13113.659,240,1385
2023-05-02 20:00:00,13113.859,13121.189,13087.049,13110.609,135,1378
2023-05-03 00:00:00,13110.829,13123.287,13101.149,13116.999,240,3363
2023-05-03 04:00:00,13116.899,13137.887,13106.629,13119.179,240,3363
2023-05-03 08:00:00,13119.227,13152.559,13112.709,13143.779,240,3367
2023-05-03 12:00:00,13143.689,13171.189,13106.559,13143.719,240,3364
2023-05-03 16:00:00,13143.739,13236.629,13021.819,13029.129,240,1366
2023-05-03 20:00:00,13027.169,13061.699,12974.559,13025.499,135,1350
2023-05-04 00:00:00,13025.789,13085.659,13022.819,13076.259,240,3396
2023-05-04 04:00:00,13076.359,13099.019,13029.109,13078.129,240,3366
2023-05-04 08:00:00,13077.889,13078.179,13016.319,13025.859,240,3366
2023-05-04 12:00:00,13026.319,13042.299,12937.309,12985.059,240,3359
2023-05-04 16:00:00,12985.109,13065.409,12966.109,12983.589,240,1359
2023-05-04 20:00:00,12983.629,13029.789,12960.809,13026.029,135,1360
2023-05-05 00:00:00,13026.067,13046.079,13013.009,13043.299,240,3377
2023-05-05 04:00:00,13043.329,13044.589,13008.809,13029.809,240,3408
2023-05-05 08:00:00,13030.349,13072.589,13017.299,13066.719,240,3400
2023-05-05 12:00:00,13066.777,13209.889,13020.119,13190.589,240,3405
2023-05-05 16:00:00,13191.689,13291.709,13172.629,13258.249,240,1397
2023-05-05 20:00:00,13257.889,13261.579,13241.579,13248.489,15,1408
2023-05-08 00:00:00,13236.219,13262.299,13226.919,13245.539,240,3411
2023-05-08 04:00:00,13245.547,13267.599,13241.549,13251.579,240,3411
2023-05-08 08:00:00,13250.549,13256.489,13230.039,13247.289,240,3403
2023-05-08 12:00:00,13247.339,13258.389,13188.279,13257.579,240,3403
2023-05-08 16:00:00,13257.529,13304.219,13225.739,13289.829,240,1395
2023-05-08 20:00:00,13290.989,13290.989,13263.789,13272.199,135,1409
2023-05-09 00:00:00,13271.379,13277.399,13262.399,13275.769,240,3396
2023-05-09 04:00:00,13276.129,13281.857,13250.309,13253.309,240,3418
2023-05-09 08:00:00,13253.719,13260.629,13211.239,13221.259,240,3404
2023-05-09 12:00:00,13221.399,13252.987,13198.349,13202.129,240,3405
2023-05-09 16:00:00,13202.309,13232.389,13191.889,13204.499,240,1409
2023-05-09 20:00:00,13204.089,13215.889,13191.139,13212.619,135,1406
2023-05-10 00:00:00,13212.259,13223.109,13204.709,13208.799,240,3400
2023-05-10 04:00:00,13208.859,13222.799,13160.329,13163.789,240,3393
2023-05-10 08:00:00,13163.597,13204.299,13140.129,13199.079,240,3367
2023-05-10 12:00:00,13199.097,13371.587,13191.039,13305.619,240,3366
2023-05-10 16:00:00,13305.629,13384.999,13202.367,13349.399,240,1411
2023-05-10 20:00:00,13350.369,13363.989,13341.039,13359.319,135,1364
2023-05-11 00:00:00,13360.089,13383.299,13359.549,13370.799,240,3380
2023-05-11 04:00:00,13371.069,13393.269,13356.029,13379.059,240,3397
2023-05-11 08:00:00,13379.109,13401.099,13341.629,13354.059,240,3370
2023-05-11 12:00:00,13354.229,13404.109,13305.199,13385.059,240,3409
2023-05-11 16:00:00,13385.899,13413.399,13337.109,13390.629,240,1400
2023-05-11 20:00:00,13390.359,13405.329,13379.639,13394.129,135,1408
2023-05-12 00:00:00,13394.019,13433.049,13392.529,13421.209,240,3411
2023-05-12 04:00:00,13421.147,13430.197,13397.219,13404.889,240,3405
2023-05-12 08:00:00,13406.329,13432.759,13398.369,13404.809,240,3410
2023-05-12 12:00:00,13405.069,13427.347,13311.529,13346.369,240,3395
2023-05-12 16:00:00,13346.377,13347.909,13252.107,13340.179,240,1399
2023-05-12 20:00:00,13339.889,13339.889,13317.619,13320.099,15,1404
2023-05-15 00:00:00,13307.757,13335.589,13291.609,13332.029,240,3351
2023-05-15 04:00:00,13332.297,13383.689,13330.119,13378.589,240,3354
2023-05-15 08:00:00,13378.537,13388.589,13360.109,13371.079,240,3368
2023-05-15 12:00:00,13371.087,13391.787,13294.099,13390.027,240,3344
2023-05-15 16:00:00,13389.999,13422.109,13361.569,13416.179,240,1343
2023-05-15 20:00:00,13416.187,13416.187,13396.669,13400.509,134,1366
2023-05-16 00:00:00,13399.959,13408.987,13393.409,13400.959,240,3352
2023-05-16 04:00:00,13400.997,13433.509,13380.619,13428.559,240,3370
2023-05-16 08:00:00,13428.599,13430.569,13396.069,13403.709,240,3346
2023-05-16 12:00:00,13403.617,13492.999,13368.589,13490.119,240,3342
2023-05-16 16:00:00,13490.299,13499.259,13427.149,13427.599,240,1344
2023-05-16 20:00:00,13427.319,13452.569,13422.679,13438.639,135,1350
2023-05-17 00:00:00,13438.869,13462.389,13436.569,13454.799,240,3351
2023-05-17 04:00:00,13454.619,13460.307,13413.539,13424.759,240,3357
2023-05-17 08:00:00,13425.179,13460.819,13424.719,13455.799,240,3353
2023-05-17 12:00:00,13455.777,13503.087,13415.819,13496.319,240,3346
2023-05-17 16:00:00,13496.407,13608.999,13479.759,13587.687,240,1349
2023-05-17 20:00:00,13586.709,13588.209,13575.249,13581.809,135,1360
2023-05-18 00:00:00,13581.747,13592.287,13566.729,13583.059,240,3362
2023-05-18 04:00:00,13583.097,13596.599,13570.079,13591.679,240,3364
2023-05-18 08:00:00,13592.089,13621.299,13591.739,13616.559,240,3366
2023-05-18 12:00:00,13616.739,13802.409,13570.219,13771.569,240,3359
2023-05-18 16:00:00,13771.309,13847.397,13702.709,13837.589,240,1321
2023-05-18 20:00:00,13837.347,13904.989,13833.669,13874.899,135,1349
2023-05-19 00:00:00,13874.959,13887.799,13859.569,13874.079,240,3372
2023-05-19 04:00:00,13874.297,13875.839,13833.569,13855.379,240,3354
2023-05-19 08:00:00,13855.449,13876.969,13831.859,13847.369,240,3368
2023-05-19 12:00:00,13847.357,13874.829,13768.659,13808.469,240,3355
2023-05-19 16:00:00,13808.867,13822.009,13760.889,13803.489,240,1349
2023-05-19 20:00:00,13803.919,13806.607,13789.449,13790.089,15,1349
2023-05-22 00:00:00,13798.047,13818.339,13791.859,13815.609,240,3374
2023-05-22 04:00:00,13815.509,13823.589,13798.049,13819.599,240,3379
2023-05-22 08:00:00,13819.327,13819.327,13769.569,13801.969,240,3356
2023-05-22 12:00:00,13801.987,13892.389,13789.659,13839.049,240,3352
2023-05-22 16:00:00,13839.139,13889.299,13816.889,13852.577,240,1341
2023-05-22 20:00:00,13852.549,13897.009,13847.299,13888.699,135,1342
2023-05-23 00:00:00,13888.687,13922.799,13875.659,13882.509,240,3352
2023-05-23 04:00:00,13882.899,13883.889,13842.489,13852.699,240,3368
2023-05-23 08:00:00,13852.607,13862.649,13794.979,13799.789,240,3376
2023-05-23 12:00:00,13800.709,13824.189,13769.779,13810.819,240,3351
2023-05-23 16:00:00,13810.819,13819.499,13661.569,13675.309,240,1342
2023-05-23 20:00:00,13675.319,13698.609,13669.259,13698.069,135,1352
2023-05-24 00:00:00,13698.069,13704.989,13677.799,13693.789,240,3352
2023-05-24 04:00:00,13693.517,13701.719,13638.809,13648.259,240,3376
2023-05-24 08:00:00,13648.619,13680.389,13611.679,13616.889,240,3343
2023-05-24 12:00:00,13616.637,13632.297,13519.159,13549.589,240,3354
2023-05-24 16:00:00,13549.587,13657.719,13528.809,13606.129,240,1341
2023-05-24 20:00:00,13606.109,13834.559,13593.289,13798.459,135,1325
2023-05-25 00:00:00,13800.179,13811.977,13775.169,13789.189,240,3332
2023-05-25 04:00:00,13788.709,13826.389,13777.939,13793.799,240,3361
2023-05-25 08:00:00,13794.659,13882.709,13793.289,13882.469,240,3358
2023-05-25 12:00:00,13882.437,13946.999,13805.819,13903.719,240,3351
2023-05-25 16:00:00,13904.109,13991.289,13901.689,13939.259,240,1346
2023-05-25 20:00:00,13939.379,13953.609,13921.189,13924.299,135,1341
2023-05-26 00:00:00,13924.087,13930.699,13883.969,13910.149,240,3347
2023-05-26 04:00:00,13910.359,13950.789,13902.039,13914.479,240,3355
2023-05-26 08:00:00,13915.349,14003.789,13914.659,13989.609,240,3353
2023-05-26 12:00:00,13990.009,14262.569,13938.449,14247.859,240,3348
2023-05-26 16:00:00,14247.739,14329.799,14240.789,14294.829,240,1337
2023-05-26 20:00:00,14294.619,14329.167,14290.909,14326.759,15,1341
2023-05-29 00:00:00,14377.297,14405.897,14347.069,14353.299,240,3338
2023-05-29 04:00:00,14353.569,14392.387,14344.259,14363.309,240,3372
2023-05-29 08:00:00,14362.809,14379.319,14338.239,14341.089,240,3372
2023-05-29 12:00:00,14341.057,14354.899,14327.849,14340.089,240,3343
2023-05-29 16:00:00,14340.159,14368.399,14337.229,14368.119,59,1363
2023-05-29 20:00:00,14364.199,14369.399,14341.459,14346.519,120,3422
2023-05-30 00:00:00,14346.487,14354.989,14338.519,14348.559,240,3354
2023-05-30 04:00:00,14348.597,14395.157,14345.329,14386.919,240,3375
2023-05-30 08:00:00,14386.817,14499.839,14382.999,14491.049,240,3393
2023-05-30 12:00:00,14491.077,14529.897,14361.139,14419.309,240,3408
2023-05-30 16:00:00,14419.397,14423.637,14300.189,14357.329,240,1407
2023-05-30 20:00:00,14358.337,14389.387,14343.059,14382.989,135,1405
2023-05-31 00:00:00,14382.879,14385.117,14331.077,14341.059,240,3406
2023-05-31 04:00:00,14341.057,14342.899,14292.639,14319.099,240,3396
2023-05-31 08:00:00,14319.017,14346.399,14290.777,14300.239,240,3414
2023-05-31 12:00:00,14300.317,14373.297,14215.539,14254.359,240,3407
2023-05-31 16:00:00,14254.347,14327.669,14216.417,14262.819,240,1411
2023-05-31 20:00:00,14262.837,14275.109,14244.019,14269.569,135,1418
2023-06-01 00:00:00,14269.797,14292.649,14207.819,14238.659,240,3399
2023-06-01 04:00:00,14238.729,14284.887,14236.749,14256.529,240,3443
2023-06-01 08:00:00,14256.617,14295.809,14237.309,14268.889,240,3417
2023-06-01 12:00:00,14268.837,14391.489,14212.337,14390.779,240,3422
2023-06-01 16:00:00,14390.757,14494.119,14390.757,14440.849,240,1399
2023-06-01 20:00:00,14440.877,14463.809,14435.617,14448.179,135,1401
2023-06-02 00:00:00,14448.389,14478.707,14439.209,14472.389,240,3395
2023-06-02 04:00:00,14472.479,14482.827,14458.439,14478.909,240,3423
2023-06-02 08:00:00,14479.189,14529.099,14467.499,14516.509,240,3345
2023-06-02 12:00:00,14516.689,14593.689,14438.099,14556.579,225,3362
2023-06-02 16:00:00,14556.787,14577.659,14523.269,14549.799,240,1368
2023-06-02 20:00:00,14550.559,14561.089,14548.669,14554.659,15,1376
2023-06-05 00:00:00,14505.629,14514.789,14481.549,14497.299,240,3380
2023-06-05 04:00:00,14497.929,14543.059,14485.309,14522.169,240,3381
2023-06-05 08:00:00,14523.009,14531.899,14496.999,14524.069,240,3380
2023-06-05 12:00:00,14524.077,14657.699,14513.959,14638.889,240,3384
2023-06-05 16:00:00,14639.649,14664.567,14513.509,14558.119,240,1367
2023-06-05 20:00:00,14557.119,14563.609,14527.099,14534.559,135,1380
2023-06-06 00:00:00,14534.639,14565.297,14525.419,14557.619,240,3384
2023-06-06 04:00:00,14557.809,14582.549,14535.999,14564.209,240,3380
2023-06-06 08:00:00,14564.229,14578.287,14532.629,14553.159,240,3390
2023-06-06 12:00:00,14553.219,14586.919,14475.399,14582.479,240,3365
2023-06-06 16:00:00,14582.779,14595.189,14499.319,14554.229,240,1369
2023-06-06 20:00:00,14555.219,14568.869,14545.319,14565.759,135,1357
2023-06-07 00:00:00,14565.727,14571.889,14538.809,14556.639,240,3350
2023-06-07 04:00:00,14556.769,14557.709,14511.179,14519.219,240,3377
2023-06-07 08:00:00,14518.929,14584.599,14508.449,14583.739,240,3380
2023-06-07 12:00:00,14583.309,14646.239,14400.759,14405.089,240,3407
2023-06-07 16:00:00,14404.929,14432.309,14281.149,14305.989,240,1353
2023-06-07 20:00:00,14306.147,14311.609,14280.979,14303.989,135,1370
2023-06-08 00:00:00,14303.779,14311.899,14278.359,14280.499,240,3383
2023-06-08 04:00:00,14280.849,14282.309,14230.949,14265.429,240,3408
2023-06-08 08:00:00,14265.679,14326.909,14262.679,14294.469,240,3388
2023-06-08 12:00:00,14294.487,14495.879,14262.149,14475.839,240,3372
2023-06-08 16:00:00,14475.619,14504.669,14402.259,14480.859,240,1366
2023-06-08 20:00:00,14480.699,14495.379,14473.719,14480.389,135,1381
2023-06-09 00:00:00,14482.029,14485.889,14463.389,14480.389,240,3390
2023-06-09 04:00:00,14480.407,14488.279,14440.719,14459.799,240,3376
2023-06-09 08:00:00,14459.879,14509.699,14455.207,14497.629,240,3371
2023-06-09 12:00:00,14497.647,14672.669,14497.539,14518.039,240,3378
2023-06-09 16:00:00,14518.719,14601.379,14483.089,14544.359,240,1352
2023-06-09 20:00:00,14543.519,14555.489,14540.919,14552.349,15,1370
2023-06-12 00:00:00,14576.747,14587.289,14569.359,14573.809,240,3375
2023-06-12 04:00:00,14573.729,14608.989,14563.359,14608.989,240,3379
2023-06-12 08:00:00,14609.549,14638.889,14586.889,14614.889,240,3373
2023-06-12 12:00:00,14614.759,14660.789,14569.829,14655.309,240,3375
2023-06-12 16:00:00,14655.407,14793.949,14636.099,14791.809,240,1373
2023-06-12 20:00:00,14792.149,14826.789,14781.939,14805.289,135,1362
2023-06-13 00:00:00,14805.999,14854.599,14797.429,14849.649,240,3400
2023-06-13 04:00:00,14849.979,14886.009,14842.419,14864.639,240,3370
2023-06-13 08:00:00,14864.919,14883.299,14807.149,14815.099,240,3365
2023-06-13 12:00:00,14815.209,14953.599,14766.269,14859.319,240,3376
2023-06-13 16:00:00,14860.209,14920.109,14815.729,14900.689,240,1361
2023-06-13 20:00:00,14900.677,14919.599,14892.619,14906.799,134,1366
2023-06-14 00:00:00,14906.757,14911.899,14891.809,14899.989,240,3375
2023-06-14 04:00:00,14899.889,14940.647,14883.199,14940.619,240,3401
2023-06-14 08:00:00,14943.069,14952.387,14911.629,14921.229,240,3371
2023-06-14 12:00:00,14921.347,15020.389,14855.759,14978.807,240,3378
2023-06-14 16:00:00,14978.729,15017.099,14780.559,15006.709,240,1368
2023-06-14 20:00:00,15007.159,15032.069,15004.269,15017.669,135,1366
2023-06-15 00:00:00,15017.769,15022.819,14969.719,14999.369,240,3377
2023-06-15 04:00:00,14999.609,15010.679,14947.899,14991.389,240,3396
2023-06-15 08:00:00,14991.177,14995.387,14885.679,14900.269,240,3359
2023-06-15 12:00:00,14900.227,15136.887,14869.609,15118.529,240,3360
2023-06-15 16:00:00,15118.557,15253.229,15074.359,15190.759,240,1366
2023-06-15 20:00:00,15189.069,15196.099,15163.249,15170.679,135,1368
2023-06-16 00:00:00,15170.607,15171.587,15126.519,15157.229,240,3377
2023-06-16 04:00:00,15157.307,15189.579,15147.179,15171.179,240,3391
2023-06-16 08:00:00,15171.369,15235.107,15171.329,15216.049,240,3367
2023-06-16 12:00:00,15215.909,15286.909,15141.039,15190.309,240,3381
2023-06-16 16:00:00,15190.269,15231.809,15075.059,15089.419,240,1361
2023-06-16 20:00:00,15090.229,15125.989,15090.229,15116.779,15,1363
2023-06-19 00:00:00,15118.299,15118.299,15085.119,15086.589,240,3365
2023-06-19 04:00:00,15086.547,15121.079,15078.149,15092.569,240,3372
2023-06-19 08:00:00,15092.629,15096.889,15053.659,15058.299,240,3369
2023-06-19 12:00:00,15058.289,15079.799,15047.019,15063.009,240,3374
2023-06-19 16:00:00,15063.129,15066.809,15053.619,15053.619,59,1392
2023-06-19 20:00:00,15060.379,15067.389,15048.029,15063.719,120,3438
2023-06-20 00:00:00,15063.777,15073.387,15039.869,15052.679,240,3370
2023-06-20 04:00:00,15052.749,15065.299,15023.809,15061.749,240,3412
2023-06-20 08:00:00,15062.179,15066.497,14984.309,15042.199,240,3375
2023-06-20 12:00:00,15042.219,15126.709,14944.289,14982.719,240,3369
2023-06-20 16:00:00,14983.627,15105.599,14977.659,15071.609,240,1365
2023-06-20 20:00:00,15071.697,15080.289,15048.609,15077.109,135,1368
2023-06-21 00:00:00,15077.199,15088.297,15060.539,15070.059,240,3371
2023-06-21 04:00:00,15070.087,15080.819,15030.719,15043.129,240,3375
2023-06-21 08:00:00,15045.169,15074.889,15035.519,15044.299,240,3378
2023-06-21 12:00:00,15044.229,15044.229,14823.229,14849.379,240,3363
2023-06-21 16:00:00,14849.327,14969.719,14846.129,14866.359,240,1366
2023-06-21 20:00:00,14865.579,14881.899,14843.679,14860.309,135,1361
2023-06-22 00:00:00,14860.247,14877.499,14829.089,14848.039,240,3383
2023-06-22 04:00:00,14848.087,14849.809,14789.849,14820.809,240,3379
2023-06-22 08:00:00,14821.119,14843.219,14789.849,14816.049,240,3368
2023-06-22 12:00:00,14816.109,15008.757,14784.519,14986.829,240,3368
2023-06-22 16:00:00,14987.019,15043.039,14910.889,15038.199,240,1348
2023-06-22 20:00:00,15039.399,15057.899,15031.779,15046.229,135,1384
2023-06-23 00:00:00,15046.297,15046.899,14975.209,14980.659,240,3374
2023-06-23 04:00:00,14981.209,15000.209,14936.139,14964.899,240,3367
2023-06-23 08:00:00,14966.539,14974.099,14914.789,14949.269,240,3383
2023-06-23 12:00:00,14949.799,14953.307,14810.719,14889.679,240,3364
2023-06-23 16:00:00,14889.667,14987.909,14864.239,14893.897,240,1369
2023-06-23 20:00:00,14893.069,14906.839,14872.229,14896.089,15,1370
2023-06-26 00:00:00,14932.619,14945.997,14907.579,14934.219,240,3388
2023-06-26 04:00:00,14934.289,14936.897,14842.609,14881.209,240,3377
2023-06-26 08:00:00,14881.589,14884.399,14831.229,14879.149,240,3367
2023-06-26 12:00:00,14879.397,14984.629,14811.569,14846.539,240,3376
2023-06-26 16:00:00,14846.209,14848.109,14687.149,14691.339,240,1374
2023-06-26 20:00:00,14691.337,14725.897,14691.337,14725.319,135,1371
2023-06-27 00:00:00,14725.389,14727.799,14695.269,14708.119,240,3392
2023-06-27 04:00:00,14708.297,14756.087,14705.769,14738.009,240,3373
2023-06-27 08:00:00,14738.057,14767.649,14728.869,14738.519,240,3386
2023-06-27 12:00:00,14738.629,14847.999,14721.739,14843.539,240,3384
2023-06-27 16:00:00,14843.789,14969.389,14837.209,14940.149,240,1361
2023-06-27 20:00:00,14940.377,14940.719,14871.319,14888.719,135,1371
2023-06-28 00:00:00,14888.909,14897.807,14866.329,14892.539,240,3370
2023-06-28 04:00:00,14892.609,14906.577,14875.089,14891.689,240,3373
2023-06-28 08:00:00,14891.619,14917.909,14850.779,14877.779,240,3365
2023-06-28 12:00:00,14878.709,15042.287,14856.229,15018.209,240,3369
2023-06-28 16:00:00,15018.297,15053.089,14893.589,14973.609,240,1366
2023-06-28 20:00:00,14974.119,15016.719,14969.119,15004.509,135,1389
2023-06-29 00:00:00,15005.599,15013.859,14974.159,14979.739,240,3387
2023-06-29 04:00:00,14979.879,14996.577,14947.519,14964.119,240,3378
2023-06-29 08:00:00,14965.587,15029.399,14962.729,15014.169,240,3380
2023-06-29 12:00:00,15014.209,15033.309,14870.019,14965.639,240,3386
2023-06-29 16:00:00,14965.739,14981.617,14880.309,14945.719,240,1356
2023-06-29 20:00:00,14946.199,14966.487,14940.549,14957.759,135,1369
2023-06-30 00:00:00,14958.099,14984.309,14941.089,14964.209,240,3379
2023-06-30 04:00:00,14964.137,14995.309,14962.539,14983.709,240,3383
2023-06-30 08:00:00,14983.747,15026.097,14983.179,15012.919,240,3391
2023-06-30 12:00:00,15013.377,15216.359,15013.329,15151.879,240,3368
2023-06-30 16:00:00,15152.019,15207.299,15142.409,15171.029,240,1362
2023-07-03 00:00:00,15187.767,15194.619,15168.139,15189.229,240,3377
2023-07-03 04:00:00,15189.307,15203.599,15178.219,15198.619,240,3375
2023-07-03 08:00:00,15198.789,15229.069,15173.529,15175.159,240,3368
2023-07-03 12:00:00,15175.239,15231.299,15151.369,15165.059,240,3371
2023-07-03 16:00:00,15164.589,15209.839,15159.229,15200.809,74,1376
2023-07-04 20:00:00,15189.819,15191.999,15177.709,15182.239,120,3439
2023-07-05 00:00:00,15182.239,15197.899,15172.339,15185.559,240,3396
2023-07-05 04:00:00,15185.769,15189.289,15128.829,15143.889,240,3374
2023-07-05 08:00:00,15143.837,15157.599,15096.819,15112.709,240,3368
2023-07-05 12:00:00,15112.709,15277.579,15102.779,15196.129,240,3381
2023-07-05 16:00:00,15196.259,15235.529,15168.719,15204.839,240,1376
2023-07-05 20:00:00,15204.149,15209.109,15194.259,15201.519,135,1378
2023-07-06 00:00:00,15201.559,15202.599,15141.559,15142.779,240,3387
2023-07-06 04:00:00,15142.767,15149.599,15110.169,15124.989,240,3368
2023-07-06 08:00:00,15124.149,15151.907,15122.509,15134.269,240,3377
2023-07-06 12:00:00,15134.217,15136.089,14969.529,15015.599,240,3358
2023-07-06 16:00:00,15015.629,15107.399,15014.209,15092.319,240,1362
2023-07-06 20:00:00,15091.349,15097.609,15068.249,15080.599,135,1371
2023-07-07 00:00:00,15080.529,15097.289,15069.099,15087.649,240,3364
2023-07-07 04:00:00,15087.769,15091.899,15030.859,15049.709,240,3400
2023-07-07 08:00:00,15049.769,15082.399,15035.779,15057.839,240,3365
2023-07-07 12:00:00,15058.067,15167.789,15035.019,15136.319,240,3361
2023-07-07 16:00:00,15136.789,15216.089,15028.579,15039.809,240,1371
2023-07-07 20:00:00,15039.419,15060.989,15038.159,15055.009,15,1364
2023-07-10 00:00:00,15036.717,15038.099,14976.119,14985.499,240,3364
2023-07-10 04:00:00,14985.267,15004.599,14933.619,14969.609,240,3403
2023-07-10 08:00:00,14969.709,15034.799,14964.089,15030.709,240,3378
2023-07-10 12:00:00,15030.869,15072.889,14943.719,14972.259,240,3368
2023-07-10 16:00:00,14972.309,15048.899,14919.719,15046.609,240,1361
2023-07-10 20:00:00,15045.779,15074.389,15035.089,15047.699,135,1405
2023-07-11 00:00:00,15047.799,15058.389,15031.669,15051.079,240,3376
2023-07-11 04:00:00,15051.059,15092.899,15038.199,15056.059,240,3395
2023-07-11 08:00:00,15055.739,15086.579,15035.769,15085.179,240,3378
2023-07-11 12:00:00,15085.279,15096.639,14970.009,15096.209,240,3378
2023-07-11 16:00:00,15096.179,15138.299,15017.109,15119.789,240,1354
2023-07-11 20:00:00,15119.039,15140.289,15110.529,15123.789,135,1387
2023-07-12 00:00:00,15123.119,15140.599,15114.519,15135.309,240,3386
2023-07-12 04:00:00,15135.369,15158.279,15128.839,15150.739,240,3376
2023-07-12 08:00:00,15150.727,15175.799,15144.049,15171.299,240,3379
2023-07-12 12:00:00,15172.309,15364.899,15159.689,15218.069,240,3367
2023-07-12 16:00:00,15218.059,15337.209,15206.319,15311.689,240,1355
2023-07-12 20:00:00,15311.749,15343.379,15303.039,15330.099,135,1400
2023-07-13 00:00:00,15329.839,15363.989,15328.049,15359.539,240,3368
2023-07-13 04:00:00,15359.179,15391.869,15346.789,15385.219,240,3379
2023-07-13 08:00:00,15385.709,15417.789,15380.069,15413.049,240,3370
2023-07-13 12:00:00,15413.819,15497.599,15389.889,15494.599,240,3377
2023-07-13 16:00:00,15494.209,15604.529,15488.289,15570.189,240,1379
2023-07-13 20:00:00,15569.389,15581.309,15562.529,15574.799,135,1390
2023-07-14 00:00:00,15572.299,15591.489,15543.729,15586.599,240,3371
2023-07-14 04:00:00,15586.359,15593.089,15560.789,15579.899,240,3384
2023-07-14 08:00:00,15579.219,15600.619,15548.209,15572.809,240,3365
2023-07-14 12:00:00,15573.037,15723.289,15564.419,15682.767,240,3396
2023-07-14 16:00:00,15682.719,15684.899,15531.709,15570.339,240,1372
2023-07-14 20:00:00,15569.819,15576.799,15559.279,15572.019,15,1369
2023-07-17 00:00:00,15532.219,15554.589,15527.819,15542.609,240,3371
2023-07-17 04:00:00,15542.079,15586.789,15538.519,15581.609,240,3424
2023-07-17 08:00:00,15581.709,15593.709,15544.059,15554.779,240,3370
2023-07-17 12:00:00,15555.129,15676.889,15544.809,15673.339,240,3370
2023-07-17 16:00:00,15673.377,15748.289,15626.799,15711.629,240,1369
2023-07-17 20:00:00,15711.289,15711.289,15682.089,15683.839,135,1380
2023-07-18 00:00:00,15684.339,15691.799,15665.109,15679.019,240,3391
2023-07-18 04:00:00,15678.899,15706.799,15676.029,15696.609,240,3389
2023-07-18 08:00:00,15696.549,15708.919,15676.699,15686.299,240,3379
2023-07-18 12:00:00,15687.019,15757.109,15601.099,15750.329,240,3366
2023-07-18 16:00:00,15751.019,15897.779,15736.209,15842.209,240,1353
2023-07-18 20:00:00,15841.689,15841.809,15813.869,15828.569,135,1366
2023-07-19 00:00:00,15828.369,15835.089,15819.839,15830.609,240,3382
2023-07-19 04:00:00,15830.259,15858.029,15824.229,15840.079,240,3379
2023-07-19 08:00:00,15839.389,15876.309,15831.589,15860.099,240,3396
2023-07-19 12:00:00,15860.027,15920.809,15841.689,15897.019,240,3404
2023-07-19 16:00:00,15896.779,15933.209,15782.809,15829.719,240,1351
2023-07-19 20:00:00,15829.659,15844.769,15712.589,15727.509,135,1358
2023-07-20 00:00:00,15728.189,15766.557,15726.169,15753.769,240,3390
2023-07-20 04:00:00,15754.019,15774.297,15707.789,15720.099,240,3374
2023-07-20 08:00:00,15720.419,15740.217,15688.019,15738.649,240,3398
2023-07-20 12:00:00,15738.789,15771.169,15576.039,15621.229,240,3377
2023-07-20 16:00:00,15621.227,15659.389,15427.679,15469.059,240,1362
2023-07-20 20:00:00,15467.419,15480.899,15455.219,15459.539,135,1378
2023-07-21 00:00:00,15459.649,15490.799,15434.019,15481.799,240,3366
2023-07-21 04:00:00,15481.699,15520.799,15469.719,15508.799,240,3368
2023-07-21 08:00:00,15508.619,15555.729,15502.589,15525.689,240,3396
2023-07-21 12:00:00,15528.039,15599.299,15430.749,15490.899,240,3361
2023-07-21 16:00:00,15490.569,15536.799,15405.589,15422.819,240,1324
2023-07-21 20:00:00,15421.759,15439.789,15420.399,15430.859,15,1356
2023-07-24 00:00:00,15431.727,15451.299,15414.869,15428.559,240,3396
2023-07-24 04:00:00,15428.999,15475.059,15409.689,15471.069,240,3370
2023-07-24 08:00:00,15471.189,15478.579,15448.039,15464.829,240,3359
2023-07-24 12:00:00,15464.837,15503.499,15370.359,15448.249,240,3385
2023-07-24 16:00:00,15448.749,15483.799,15411.619,15450.319,240,1366
2023-07-24 20:00:00,15450.367,15461.099,15444.099,15452.769,135,1365
2023-07-25 00:00:00,15452.879,15457.499,15434.779,15446.719,240,3370
2023-07-25 04:00:00,15447.109,15479.549,15440.349,15474.779,240,3415
2023-07-25 08:00:00,15474.727,15513.799,15471.219,15502.109,240,3373
2023-07-25 12:00:00,15502.289,15575.699,15466.889,15558.769,240,3374
2023-07-25 16:00:00,15559.599,15625.709,15544.189,15559.659,240,1385
2023-07-25 20:00:00,15558.809,15627.609,15501.569,15526.359,135,1361
2023-07-26 00:00:00,15526.609,15549.689,15518.679,15540.309,240,3385
2023-07-26 04:00:00,15540.499,15565.689,15528.649,15550.579,240,3413
2023-07-26 08:00:00,15550.629,15553.959,15508.829,15517.439,240,3377
2023-07-26 12:00:00,15517.477,15529.389,15407.129,15477.969,240,3374
2023-07-26 16:00:00,15478.219,15574.619,15412.499,15505.999,240,1372
2023-07-26 20:00:00,15505.489,15601.599,15500.829,15544.329,135,1341
2023-07-27 00:00:00,15544.377,15598.199,15530.319,15591.429,240,3368
2023-07-27 04:00:00,15591.699,15667.409,15587.719,15653.439,240,3367
2023-07-27 08:00:00,15653.139,15708.889,15652.499,15706.619,240,3376
2023-07-27 12:00:00,15706.599,15795.509,15656.129,15685.049,240,3355
2023-07-27 16:00:00,15685.909,15750.589,15411.769,15464.369,237,1355
2023-07-27 20:00:00,15463.879,15496.319,15460.329,15485.089,135,1385
2023-07-28 00:00:00,15485.159,15569.589,15478.739,15510.709,240,3374
2023-07-28 04:00:00,15510.789,15598.739,15446.039,15570.069,240,3366
2023-07-28 08:00:00,15568.789,15616.789,15549.249,15613.029,240,3377
2023-07-28 12:00:00,15613.389,15789.499,15609.739,15789.199,240,3364
2023-07-28 16:00:00,15788.909,15788.909,15669.019,15743.829,240,1359
2023-07-28 20:00:00,15742.849,15745.399,15727.029,15736.079,15,1354
2023-07-31 00:00:00,15782.379,15783.919,15691.519,15702.399,240,3375
2023-07-31 04:00:00,15702.327,15739.299,15686.769,15716.669,240,3361
2023-07-31 08:00:00,15716.629,15769.299,15716.329,15768.289,240,3356
2023-07-31 12:00:00,15768.287,15803.599,15706.679,15745.259,240,3363
2023-07-31 16:00:00,15745.789,15762.889,15700.729,15762.409,240,1354
2023-07-31 20:00:00,15762.099,15776.509,15751.309,15759.129,135,1361
2023-08-01 00:00:00,15759.869,15788.169,15754.339,15765.879,240,3393
2023-08-01 04:00:00,15765.929,15773.409,15716.009,15726.389,240,3395
2023-08-01 08:00:00,15726.429,15731.389,15665.859,15668.699,240,3375
2023-08-01 12:00:00,15668.099,15738.087,15630.809,15723.599,240,3365
2023-08-01 16:00:00,15724.209,15751.299,15680.309,15718.019,240,1364
2023-08-01 20:00:00,15718.359,15721.507,15585.579,15654.109,135,1365
2023-08-02 00:00:00,15654.019,15690.489,15617.549,15628.459,240,3374
2023-08-02 04:00:00,15628.539,15632.069,15526.429,15526.429,240,3371
2023-08-02 08:00:00,15526.509,15620.839,15493.039,15599.989,240,3356
2023-08-02 12:00:00,15599.969,15612.899,15356.557,15356.557,240,3371
2023-08-02 16:00:00,15356.499,15423.419,15323.019,15375.819,240,1352
2023-08-02 20:00:00,15376.839,15406.599,15362.849,15399.989,135,1366
2023-08-03 00:00:00,15399.997,15415.299,15366.419,15385.809,240,3372
2023-08-03 04:00:00,15385.757,15389.239,15247.539,15253.949,240,3386
2023-08-03 08:00:00,15253.999,15353.499,15253.079,15311.539,240,3368
2023-08-03 12:00:00,15311.517,15400.029,15259.879,15367.239,240,3359
2023-08-03 16:00:00,15366.999,15437.789,15329.309,15348.019,240,1364
2023-08-03 20:00:00,15348.109,15440.619,15327.249,15394.489,135,1365
2023-08-04 00:00:00,15394.489,15448.799,15379.799,15426.399,240,3367
2023-08-04 04:00:00,15426.387,15473.259,15399.339,15441.059,240,3375
2023-08-04 08:00:00,15441.019,15471.109,15345.019,15366.569,240,3382
2023-08-04 12:00:00,15366.567,15498.019,15310.009,15487.429,240,3360
2023-08-04 16:00:00,15487.449,15527.299,15254.739,15273.909,240,1365
2023-08-04 20:00:00,15274.379,15294.279,15274.379,15287.359,15,1364
2023-08-07 00:00:00,15318.019,15360.199,15313.769,15350.569,240,3380
2023-08-07 04:00:00,15350.299,15381.669,15319.999,15377.559,240,3391
2023-08-07 08:00:00,15377.599,15380.399,15310.619,15330.699,240,3361
2023-08-07 12:00:00,15330.699,15391.289,15253.409,15333.709,233,3364
2023-08-07 16:00:00,15333.939,15409.689,15310.499,15405.259,240,1368
2023-08-07 20:00:00,15404.149,15415.199,15398.619,15405.259,135,1371
2023-08-08 00:00:00,15405.439,15409.689,15338.149,15351.299,240,3378
2023-08-08 04:00:00,15351.389,15363.789,15319.439,15356.139,237,3384
2023-08-08 08:00:00,15356.309,15362.299,15267.619,15289.669,240,3372
2023-08-08 12:00:00,15289.719,15312.189,15145.509,15159.619,240,3372
2023-08-08 16:00:00,15159.707,15293.889,15153.279,15274.599,240,1373
2023-08-08 20:00:00,15273.909,15283.289,15266.129,15274.809,135,1375
2023-08-09 00:00:00,15274.629,15316.899,15268.049,15295.739,240,3400
2023-08-09 04:00:00,15295.839,15354.389,15291.219,15323.849,240,3383
2023-08-09 08:00:00,15324.119,15348.809,15285.359,15320.289,240,3381
2023-08-09 12:00:00,15319.829,15329.287,15073.549,15093.039,237,3367
2023-08-09 16:00:00,15093.229,15231.799,15088.549,15105.669,240,1363
2023-08-09 20:00:00,15105.657,15148.089,15105.657,15140.989,135,1361
2023-08-10 00:00:00,15141.309,15166.799,15132.249,15162.199,240,3375
2023-08-10 04:00:00,15162.519,15216.097,15143.259,15200.909,240,3424
2023-08-10 08:00:00,15200.379,15213.819,15178.109,15185.689,240,3377
2023-08-10 12:00:00,15185.399,15368.669,15136.009,15169.109,240,3387
2023-08-10 16:00:00,15168.029,15210.229,15066.769,15130.799,240,1357
2023-08-10 20:00:00,15131.059,15170.489,15122.759,15167.029,135,1366
2023-08-11 00:00:00,15166.779,15193.989,15133.079,15138.867,240,3379
2023-08-11 04:00:00,15138.689,15169.099,15124.609,15142.539,240,3377
2023-08-11 08:00:00,15143.119,15144.099,15070.079,15101.349,240,3369
2023-08-11 12:00:00,15101.249,15113.789,14969.609,15014.619,239,3366
2023-08-11 16:00:00,15015.099,15069.989,14984.099,15034.597,240,1364
2023-08-11 20:00:00,15033.289,15047.899,15033.239,15046.269,15,1377
2023-08-14 00:00:00,15069.089,15079.319,14952.819,14981.039,240,3374
2023-08-14 04:00:00,14980.989,15154.079,14974.619,15129.839,240,3380
2023-08-14 08:00:00,15129.867,15135.199,15049.359,15061.499,240,3343
2023-08-14 12:00:00,15060.609,15179.369,14968.709,15143.939,240,3390
2023-08-14 16:00:00,15143.947,15204.809,15103.909,15204.809,240,1362
2023-08-14 20:00:00,15203.849,15246.459,15195.819,15231.809,135,1416
2023-08-15 00:00:00,15231.609,15265.089,15222.019,15249.929,240,3398
2023-08-15 04:00:00,15250.059,15260.699,15132.909,15136.489,240,3419
2023-08-15 08:00:00,15136.487,15165.079,15090.609,15101.359,240,3420
2023-08-15 12:00:00,15102.269,15191.549,15043.629,15130.599,240,3404
2023-08-15 16:00:00,15130.879,15143.199,15011.739,15040.279,240,1417
2023-08-15 20:00:00,15040.239,15059.609,15032.049,15053.247,135,1409
2023-08-16 00:00:00,15053.249,15066.789,15014.119,15052.809,240,3397
2023-08-16 04:00:00,15053.219,15085.399,15023.119,15073.107,240,3396
2023-08-16 08:00:00,15073.129,15096.609,15008.719,15041.599,240,3400
2023-08-16 12:00:00,15041.567,15077.149,14967.099,14977.789,240,3402
2023-08-16 16:00:00,14978.099,15019.669,14871.719,14872.629,240,1367
2023-08-16 20:00:00,14872.689,14883.399,14857.419,14861.149,135,1378
2023-08-17 00:00:00,14861.419,14878.969,14819.069,14877.929,240,3378
2023-08-17 04:00:00,14878.339,14903.699,14836.559,14883.709,240,3407
2023-08-17 08:00:00,14883.829,14917.609,14877.549,14915.639,240,3367
2023-08-17 12:00:00,14915.899,14948.889,14797.119,14845.879,240,3368
2023-08-17 16:00:00,14845.939,14897.399,14695.059,14711.679,240,1359
2023-08-17 20:00:00,14712.019,14715.699,14670.169,14693.119,135,1375
2023-08-18 00:00:00,14692.869,14729.589,14679.869,14700.199,240,3372
2023-08-18 04:00:00,14700.159,14714.699,14662.949,14681.829,240,3374
2023-08-18 08:00:00,14681.959,14702.409,14579.919,14598.789,240,3370
2023-08-18 12:00:00,14599.639,14684.769,14549.089,14679.539,240,3366
2023-08-18 16:00:00,14679.109,14745.769,14610.519,14693.679,240,1358
2023-08-18 20:00:00,14693.709,14713.659,14689.099,14698.889,15,1394
2023-08-21 00:00:00,14720.259,14736.779,14677.329,14705.759,240,3366
2023-08-21 04:00:00,14705.419,14759.089,14662.709,14756.319,240,3385
2023-08-21 08:00:00,14756.389,14795.499,14751.049,14792.919,240,3375
2023-08-21 12:00:00,14793.699,14877.999,14735.909,14756.779,240,3394
2023-08-21 16:00:00,14755.909,14960.449,14753.529,14934.959,240,1352
2023-08-21 20:00:00,14933.979,14933.979,14896.889,14900.719,135,1365
2023-08-22 00:00:00,14900.809,14929.779,14889.249,14919.819,240,3371
2023-08-22 04:00:00,14919.939,14994.299,14899.269,14986.609,240,3375
2023-08-22 08:00:00,14989.959,15052.589,14988.259,15044.509,240,3359
2023-08-22 12:00:00,15044.749,15064.009,14917.759,14932.569,240,3369
2023-08-22 16:00:00,14932.569,14958.609,14880.549,14908.369,240,1378
2023-08-22 20:00:00,14909.329,14927.499,14905.279,14911.499,135,1371
2023-08-23 00:00:00,14911.349,14975.389,14907.859,14958.069,240,3376
2023-08-23 04:00:00,14958.499,15015.599,14950.919,14999.109,240,3386
2023-08-23 08:00:00,14999.269,15029.759,14905.709,14933.029,240,3382
2023-08-23 12:00:00,14932.979,15153.589,14907.839,15148.329,240,3375
2023-08-23 16:00:00,15147.969,15189.209,15115.969,15146.529,240,1374
2023-08-23 20:00:00,15143.569,15290.989,15141.629,15281.289,135,1367
2023-08-24 00:00:00,15281.399,15344.559,15265.319,15330.629,240,3379
2023-08-24 04:00:00,15330.559,15364.099,15314.219,15330.299,240,3404
2023-08-24 08:00:00,15330.309,15361.399,15285.509,15313.199,240,3359
2023-08-24 12:00:00,15312.849,15316.049,14897.529,14905.289,240,3369
2023-08-24 16:00:00,14905.219,14992.899,14812.869,14816.069,240,1355
2023-08-24 20:00:00,14816.189,14829.399,14790.249,14808.899,135,1359
2023-08-25 00:00:00,14809.329,14831.099,14783.219,14791.209,240,3378
2023-08-25 04:00:00,14791.309,14817.499,14742.329,14796.889,240,3371
2023-08-25 08:00:00,14797.399,14845.799,14796.889,14833.239,240,3354
2023-08-25 12:00:00,14833.619,15005.789,14713.589,14765.259,240,3369
2023-08-25 16:00:00,14765.229,14986.049,14762.609,14939.719,240,1345
2023-08-25 20:00:00,14939.759,14952.899,14928.559,14935.549,15,1363
2023-08-28 00:00:00,14969.829,14977.759,14933.159,14939.839,240,3373
2023-08-28 04:00:00,14939.887,14977.049,14935.009,14954.259,240,3390
2023-08-28 08:00:00,14952.319,14995.499,14952.319,14990.309,240,3357
2023-08-28 12:00:00,14990.317,15086.709,14944.057,14976.809,240,3376
2023-08-28 16:00:00,14976.707,15070.109,14953.719,15050.399,240,1349
2023-08-28 20:00:00,15051.039,15071.219,15045.859,15056.059,135,1368
2023-08-29 00:00:00,15056.037,15076.019,15040.0,15071.379,240,3367
2023-08-29 04:00:00,15071.499,15106.399,15040.669,15045.819,240,3393
2023-08-29 08:00:00,15046.099,15073.259,15028.109,15032.549,240,3370
2023-08-29 12:00:00,15032.527,15346.289,15009.719,15328.119,240,3359
2023-08-29 16:00:00,15328.289,15390.299,15313.729,15374.389,240,1355
2023-08-29 20:00:00,15373.909,15400.969,15371.169,15392.809,135,1375
2023-08-30 00:00:00,15392.409,15426.299,15387.309,15413.589,240,3362
2023-08-30 04:00:00,15414.199,15415.589,15342.919,15368.949,240,3374
2023-08-30 08:00:00,15369.129,15372.089,15319.869,15352.479,240,3381
2023-08-30 12:00:00,15352.129,15467.169,15336.179,15456.609,240,3367
2023-08-30 16:00:00,15456.889,15483.199,15411.689,15463.949,240,1369
2023-08-30 20:00:00,15465.099,15473.679,15456.617,15462.867,135,1393
2023-08-31 00:00:00,15462.639,15490.379,15461.999,15471.899,240,3368
2023-08-31 04:00:00,15471.869,15478.389,15444.149,15473.519,240,3374
2023-08-31 08:00:00,15473.829,15489.709,15420.619,15481.107,240,3378
2023-08-31 12:00:00,15481.119,15571.409,15441.579,15533.799,240,3366
2023-08-31 16:00:00,15533.809,15564.999,15463.029,15502.869,240,1359
2023-08-31 20:00:00,15503.139,15518.899,15490.189,15504.119,135,1366
2023-09-01 00:00:00,15504.339,15525.789,15499.379,15515.099,240,3376
2023-09-01 04:00:00,15515.359,15532.299,15469.609,15526.969,240,3390
2023-09-01 08:00:00,15526.937,15548.009,15508.559,15537.089,240,3373
2023-09-01 12:00:00,15537.077,15628.649,15428.279,15434.719,240,3374
2023-09-01 16:00:00,15433.839,15499.159,15426.109,15491.379,240,1359
2023-09-01 20:00:00,15492.279,15494.899,15481.219,15493.369,15,1386
2023-09-04 00:00:00,15487.317,15513.389,15481.819,15504.489,240,3377
2023-09-04 04:00:00,15504.519,15534.149,15500.039,15525.289,240,3372
2023-09-04 08:00:00,15525.639,15541.399,15520.619,15525.919,240,3374
2023-09-04 12:00:00,15526.109,15552.299,15486.129,15495.789,240,3367
2023-09-04 16:00:00,15496.529,15507.719,15495.629,15500.027,59,1378
2023-09-04 20:00:00,15502.409,15506.999,15487.319,15498.619,120,3438
2023-09-05 00:00:00,15498.759,15502.859,15461.389,15472.379,240,3391
2023-09-05 04:00:00,15472.397,15485.589,15426.829,15436.699,240,3393
2023-09-05 08:00:00,15435.909,15463.989,15393.039,15446.579,240,3360
2023-09-05 12:00:00,15446.809,15549.299,15412.099,15492.059,240,3376
2023-09-05 16:00:00,15491.909,15558.779,15489.219,15507.389,240,1353
2023-09-05 20:00:00,15507.599,15511.379,15481.319,15493.169,135,1366
2023-09-06 00:00:00,15493.217,15503.999,15465.239,15473.579,240,3374
2023-09-06 04:00:00,15473.809,15488.799,15410.379,15438.719,240,3383
2023-09-06 08:00:00,15438.219,15481.609,15434.869,15467.289,240,3368
2023-09-06 12:00:00,15467.539,15486.789,15324.609,15349.309,240,3368
2023-09-06 16:00:00,15349.539,15380.599,15287.129,15374.319,240,1355
2023-09-06 20:00:00,15374.337,15374.337,15358.549,15369.809,135,1373
2023-09-07 00:00:00,15369.739,15374.899,15349.039,15365.069,240,3368
2023-09-07 04:00:00,15365.419,15366.789,15288.839,15319.829,240,3374
2023-09-07 08:00:00,15319.329,15320.909,15253.319,15257.079,240,3365
2023-09-07 12:00:00,15256.609,15266.299,15138.329,15189.609,240,3363
2023-09-07 16:00:00,15189.219,15289.719,15184.709,15260.589,240,1360
2023-09-07 20:00:00,15260.349,15273.389,15246.709,15265.009,135,1383
2023-09-08 00:00:00,15265.199,15272.399,15238.249,15272.319,240,3379
2023-09-08 04:00:00,15272.389,15327.769,15261.669,15304.139,240,3403
2023-09-08 08:00:00,15304.147,15313.129,15207.719,15230.759,240,3352
2023-09-08 12:00:00,15230.809,15375.589,15225.579,15326.629,240,3358
2023-09-08 16:00:00,15327.639,15349.049,15241.219,15280.629,240,1354
2023-09-08 20:00:00,15279.669,15308.799,15279.619,15301.739,15,1370
2023-09-11 00:00:00,15309.189,15321.389,15284.759,15306.819,240,3384
2023-09-11 04:00:00,15306.857,15388.109,15305.559,15372.389,240,3382
2023-09-11 08:00:00,15373.669,15401.109,15349.879,15384.749,240,3365
2023-09-11 12:00:00,15385.349,15435.207,15326.539,15355.709,240,3362
2023-09-11 16:00:00,15356.679,15483.099,15349.089,15462.349,240,1360
2023-09-11 20:00:00,15461.399,15468.897,15438.819,15443.699,135,1363
2023-09-12 00:00:00,15443.707,15456.199,15426.519,15454.249,240,3366
2023-09-12 04:00:00,15454.359,15464.779,15414.069,15421.989,240,3368
2023-09-12 08:00:00,15421.807,15437.889,15403.249,15405.649,240,3373
2023-09-12 12:00:00,15405.999,15446.819,15309.229,15346.169,240,3367
2023-09-12 16:00:00,15346.187,15406.889,15277.379,15291.899,240,1364
2023-09-12 20:00:00,15291.189,15304.619,15286.089,15300.199,135,1376
2023-09-13 00:00:00,15300.177,15308.349,15266.879,15273.349,240,3367
2023-09-13 04:00:00,15273.397,15323.999,15261.509,15295.719,240,3386
2023-09-13 08:00:00,15295.219,15306.799,15251.209,15300.799,240,3360
2023-09-13 12:00:00,15301.609,15400.599,15201.209,15377.849,237,3357
2023-09-13 16:00:00,15377.889,15416.669,15305.339,15352.199,240,1365
2023-09-13 20:00:00,15351.669,15377.309,15345.879,15375.059,135,1376
2023-09-14 00:00:00,15374.759,15419.499,15369.239,15419.079,240,3376
2023-09-14 04:00:00,15418.639,15429.119,15392.539,15398.759,240,3380
2023-09-14 08:00:00,15398.279,15429.589,15364.519,15405.589,240,3360
2023-09-14 12:00:00,15405.619,15496.809,15332.739,15480.999,229,3358
2023-09-14 16:00:00,15481.649,15514.899,15453.639,15472.599,240,1361
2023-09-14 20:00:00,15471.709,15494.589,15469.159,15478.779,135,1376
2023-09-15 00:00:00,15478.727,15519.609,15475.169,15511.599,240,3372
2023-09-15 04:00:00,15511.699,15520.789,15453.159,15476.109,240,3381
2023-09-15 08:00:00,15476.289,15479.109,15442.649,15452.569,240,3394
2023-09-15 12:00:00,15452.249,15472.389,15223.659,15244.219,240,3401
2023-09-15 16:00:00,15244.569,15278.599,15170.279,15203.179,236,1378
2023-09-15 20:00:00,15202.839,15212.609,15194.349,15209.219,15,1401
2023-09-18 00:00:00,15225.619,15231.799,15207.909,15223.649,240,3378
2023-09-18 04:00:00,15223.549,15240.789,15204.159,15227.659,240,3374
2023-09-18 08:00:00,15227.877,15239.717,15143.139,15153.609,237,3380
2023-09-18 12:00:00,15152.529,15261.889,15149.529,15257.319,236,3367
2023-09-18 16:00:00,15257.357,15269.769,15189.209,15221.629,240,1381
2023-09-18 20:00:00,15222.799,15240.799,15222.799,15234.609,135,1373
2023-09-19 00:00:00,15235.049,15247.399,15215.269,15218.729,240,3377
2023-09-19 04:00:00,15218.797,15240.309,15190.009,15235.769,240,3392
2023-09-19 08:00:00,15235.309,15252.549,15227.789,15237.209,240,3368
2023-09-19 12:00:00,15237.789,15238.099,15065.039,15107.309,240,3375
2023-09-19 16:00:00,15107.599,15224.119,15074.619,15193.809,240,1375
2023-09-19 20:00:00,15193.419,15204.989,15190.279,15198.899,135,1377
2023-09-20 00:00:00,15199.169,15201.069,15162.809,15165.309,240,3385
2023-09-20 04:00:00,15165.247,15204.859,15157.769,15197.759,240,3383
2023-09-20 08:00:00,15197.899,15226.989,15180.739,15217.509,240,3396
2023-09-20 12:00:00,15217.507,15251.399,15141.679,15188.689,240,3391
2023-09-20 16:00:00,15188.879,15206.539,14967.479,14970.239,235,1367
2023-09-20 20:00:00,14971.209,14976.499,14934.087,14937.849,135,1393
2023-09-21 00:00:00,14937.817,14959.289,14905.079,14919.839,240,3380
2023-09-21 04:00:00,14920.379,14935.909,14882.759,14919.709,240,3374
2023-09-21 08:00:00,14919.747,14930.819,14799.609,14804.159,240,3357
2023-09-21 12:00:00,14804.619,14850.119,14750.799,14776.529,240,3360
2023-09-21 16:00:00,14776.609,14831.559,14691.059,14692.639,240,1351
2023-09-21 20:00:00,14692.639,14703.609,14677.239,14683.679,135,1372
2023-09-22 00:00:00,14683.667,14733.299,14669.819,14728.217,240,3371
2023-09-22 04:00:00,14728.039,14759.619,14722.709,14736.739,240,3379
2023-09-22 08:00:00,14736.787,14771.799,14725.279,14755.789,240,3365
2023-09-22 12:00:00,14755.649,14860.297,14721.529,14810.099,240,3360
2023-09-22 16:00:00,14809.749,14855.279,14684.039,14698.899,240,1360
2023-09-22 20:00:00,14698.687,14722.789,14698.369,14719.239,15,1359
2023-09-25 00:00:00,14730.209,14759.799,14700.109,14754.229,240,3369
2023-09-25 04:00:00,14754.247,14778.099,14738.169,14756.389,240,3384
2023-09-25 08:00:00,14756.417,14763.299,14629.839,14653.869,186,3372
2023-09-25 12:00:00,14653.867,14755.739,14615.199,14734.739,240,3362
2023-09-25 16:00:00,14735.139,14772.389,14676.059,14770.509,240,1383
2023-09-25 20:00:00,14769.859,14783.699,14765.809,14766.309,135,1367
2023-09-26 00:00:00,14766.309,14767.489,14686.519,14708.559,240,3389
2023-09-26 04:00:00,14708.747,14717.229,14629.559,14683.119,240,3377
2023-09-26 08:00:00,14683.819,14722.077,14670.019,14708.229,240,3365
2023-09-26 12:00:00,14708.277,14726.709,14561.829,14575.059,240,3374
2023-09-26 16:00:00,14574.739,14620.589,14503.789,14546.309,240,1365
2023-09-26 20:00:00,14546.259,14579.709,14544.639,14576.799,135,1375
2023-09-27 00:00:00,14577.139,14590.299,14561.359,14576.819,240,3392
2023-09-27 04:00:00,14576.849,14631.619,14573.339,14631.299,240,3399
2023-09-27 08:00:00,14630.189,14634.119,14582.779,14606.859,240,3377
2023-09-27 12:00:00,14606.989,14646.299,14513.249,14523.779,240,3391
2023-09-27 16:00:00,14523.239,14662.659,14428.579,14585.789,240,1369
2023-09-27 20:00:00,14585.359,14619.299,14578.629,14618.779,135,1390
2023-09-28 00:00:00,14619.109,14638.109,14577.299,14584.709,240,3382
2023-09-28 04:00:00,14584.687,14620.499,14557.249,14582.659,240,3390
2023-09-28 08:00:00,14582.159,14589.109,14522.719,14546.219,240,3398
2023-09-28 12:00:00,14545.629,14757.099,14503.529,14754.779,240,3361
2023-09-28 16:00:00,14754.749,14793.589,14657.749,14702.989,240,1363
2023-09-28 20:00:00,14701.709,14738.719,14695.309,14711.249,135,1365
2023-09-29 00:00:00,14711.859,14735.579,14670.219,14730.079,240,3371
2023-09-29 04:00:00,14730.067,14800.299,14701.709,14790.189,240,3419
2023-09-29 08:00:00,14790.147,14818.899,14764.609,14775.419,240,3378
2023-09-29 12:00:00,14775.769,14905.889,14753.379,14786.599,240,3373
2023-09-29 16:00:00,14786.739,14810.289,14660.729,14717.319,240,1351
2023-10-02 00:00:00,14803.227,14843.789,14801.359,14826.099,240,3369
2023-10-02 04:00:00,14826.769,14860.599,14780.099,14838.659,240,3376
2023-10-02 08:00:00,14838.659,14850.289,14716.629,14724.039,240,3356
2023-10-02 12:00:00,14724.259,14896.079,14676.619,14768.029,240,3373
2023-10-02 16:00:00,14768.089,14838.399,14714.169,14837.709,239,1366
2023-10-02 20:00:00,14837.819,14853.299,14825.0,14839.519,135,1371
2023-10-03 00:00:00,14839.719,14843.149,14802.119,14829.719,240,3375
2023-10-03 04:00:00,14829.849,14848.499,14789.549,14825.709,240,3379
2023-10-03 08:00:00,14825.819,14876.309,14730.669,14745.369,240,3361
2023-10-03 12:00:00,14745.317,14820.499,14562.319,14580.799,240,3370
2023-10-03 16:00:00,14580.899,14636.709,14503.309,14571.799,240,1354
2023-10-03 20:00:00,14571.557,14585.489,14549.909,14569.319,135,1390
2023-10-04 00:00:00,14569.559,14585.409,14493.549,14509.799,240,3380
2023-10-04 04:00:00,14510.509,14543.389,14442.269,14500.899,240,3380
2023-10-04 08:00:00,14500.859,14606.369,14484.879,14596.679,240,3356
2023-10-04 12:00:00,14596.697,14748.789,14586.839,14746.879,240,3351
2023-10-04 16:00:00,14746.839,14806.999,14655.899,14767.219,240,1358
2023-10-04 20:00:00,14767.899,14771.407,14750.419,14770.459,135,1367
2023-10-05 00:00:00,14770.309,14801.399,14744.489,14793.159,240,3383
2023-10-05 04:00:00,14793.289,14798.649,14724.649,14740.929,240,3369
2023-10-05 08:00:00,14741.099,14803.489,14707.759,14800.719,240,3374
2023-10-05 12:00:00,14800.319,14814.379,14579.439,14629.619,240,3374
2023-10-05 16:00:00,14629.687,14767.599,14622.419,14726.529,240,1357
2023-10-05 20:00:00,14727.029,14733.289,14711.239,14714.649,135,1367
2023-10-06 00:00:00,14714.229,14740.799,14707.559,14725.879,240,3378
2023-10-06 04:00:00,14726.409,14753.089,14699.409,14749.129,240,3387
2023-10-06 08:00:00,14749.249,14784.289,14723.239,14737.389,240,3363
2023-10-06 12:00:00,14737.317,14909.499,14522.819,14909.279,240,3361
2023-10-06 16:00:00,14908.309,15021.399,14881.039,14973.219,240,1354
2023-10-06 20:00:00,14973.499,14995.599,14969.159,14994.289,15,1366
2023-10-09 00:00:00,14890.247,14893.919,14841.019,14843.729,240,3367
2023-10-09 04:00:00,14843.777,14895.499,14834.329,14862.309,240,3371
2023-10-09 08:00:00,14862.399,14890.389,14838.109,14854.569,240,3365
2023-10-09 12:00:00,14853.029,14928.899,14813.109,14911.989,240,3380
2023-10-09 16:00:00,14912.679,15070.849,14906.629,15047.539,240,1369
2023-10-09 20:00:00,15047.619,15060.139,15045.339,15058.999,135,1367
2023-10-10 00:00:00,15058.777,15096.999,15049.749,15074.889,240,3371
2023-10-10 04:00:00,15075.087,15093.599,15046.609,15073.269,240,3374
2023-10-10 08:00:00,15072.769,15098.289,15031.839,15037.879,240,3368
2023-10-10 12:00:00,15037.049,15242.789,15032.849,15231.829,240,3367
2023-10-10 16:00:00,15231.897,15235.589,15114.819,15128.409,240,1386
2023-10-10 20:00:00,15129.309,15151.419,15128.909,15148.089,135,1381
2023-10-11 00:00:00,15147.739,15163.889,15142.549,15157.109,240,3385
2023-10-11 04:00:00,15157.209,15176.619,15138.129,15155.569,240,3383
2023-10-11 08:00:00,15155.149,15206.079,15134.329,15194.009,240,3361
2023-10-11 12:00:00,15193.919,15248.569,15145.099,15176.519,240,3363
2023-10-11 16:00:00,15176.289,15248.389,15116.589,15242.829,240,1371
2023-10-11 20:00:00,15242.889,15284.149,15237.679,15283.669,135,1367
2023-10-12 00:00:00,15283.509,15299.489,15278.609,15293.099,240,3390
2023-10-12 04:00:00,15292.849,15316.109,15282.069,15289.119,240,3400
2023-10-12 08:00:00,15289.289,15315.099,15282.719,15303.749,240,3389
2023-10-12 12:00:00,15304.259,15336.079,15230.209,15312.809,240,3365
2023-10-12 16:00:00,15313.789,15338.287,15086.039,15183.059,240,1359
2023-10-12 20:00:00,15183.839,15206.559,15182.629,15200.527,135,1375
2023-10-13 00:00:00,15200.599,15215.569,15190.549,15198.549,240,3371
2023-10-13 04:00:00,15198.319,15210.569,15175.739,15192.699,240,3379
2023-10-13 08:00:00,15193.099,15205.409,15088.059,15137.629,240,3366
2023-10-13 12:00:00,15137.769,15237.799,14983.189,14992.219,240,3359
2023-10-13 16:00:00,14992.339,15076.289,14938.059,14997.329,240,1362
2023-10-13 20:00:00,14997.519,14998.689,14977.169,14981.529,15,1360
2023-10-16 00:00:00,15042.577,15063.799,15028.119,15040.119,240,3374
2023-10-16 04:00:00,15039.709,15061.349,14982.319,14993.539,240,3386
2023-10-16 08:00:00,14993.597,15032.359,14959.339,15021.079,240,3356
2023-10-16 12:00:00,15020.779,15201.409,15001.549,15145.589,240,3362
2023-10-16 16:00:00,15145.339,15211.559,15087.359,15166.749,240,1375
2023-10-16 20:00:00,15166.989,15182.499,15148.609,15166.759,135,1398
2023-10-17 00:00:00,15166.747,15172.989,15139.519,15151.099,240,3384
2023-10-17 04:00:00,15150.719,15177.799,15134.129,15168.319,240,3390
2023-10-17 08:00:00,15168.317,15171.769,15100.829,15124.249,240,3384
2023-10-17 12:00:00,15123.259,15163.699,14928.779,15152.069,240,3377
2023-10-17 16:00:00,15151.769,15189.169,15058.809,15120.359,240,1371
2023-10-17 20:00:00,15120.769,15129.989,15090.219,15091.719,135,1383
2023-10-18 00:00:00,15090.639,15109.789,15067.059,15097.719,240,3384
2023-10-18 04:00:00,15097.769,15104.569,15044.629,15081.819,240,3378
2023-10-18 08:00:00,15081.879,15095.499,15019.309,15036.529,240,3364
2023-10-18 12:00:00,15035.819,15106.619,14977.089,15012.999,240,3370
2023-10-18 16:00:00,15011.879,15060.179,14862.849,14906.159,240,1344
2023-10-18 20:00:00,14906.217,14952.719,14906.217,14925.649,135,1360
2023-10-19 00:00:00,14925.839,14945.789,14869.239,14884.089,240,3362
2023-10-19 04:00:00,14884.269,14921.589,14825.549,14863.609,240,3367
2023-10-19 08:00:00,14863.219,14957.269,14858.579,14922.009,240,3349
2023-10-19 12:00:00,14921.779,14998.309,14857.629,14927.709,240,3356
2023-10-19 16:00:00,14928.239,15028.799,14745.699,14779.819,240,1366
2023-10-19 20:00:00,14779.839,14781.299,14715.579,14738.029,135,1364
2023-10-20 00:00:00,14737.519,14750.309,14712.059,14741.289,240,3375
2023-10-20 04:00:00,14741.609,14750.299,14690.659,14724.729,240,3376
2023-10-20 08:00:00,14726.609,14781.677,14715.719,14757.509,240,3367
2023-10-20 12:00:00,14757.587,14781.809,14557.739,14622.579,240,3364
2023-10-20 16:00:00,14622.219,14700.399,14551.369,14562.259,240,1361
2023-10-20 20:00:00,14561.389,14567.299,14545.717,14546.219,15,1360
2023-10-23 00:00:00,14608.189,14614.899,14583.299,14589.239,240,3369
2023-10-23 04:00:00,14588.829,14607.099,14530.789,14538.829,240,3373
2023-10-23 08:00:00,14540.509,14568.799,14420.079,14492.399,240,3362
2023-10-23 12:00:00,14491.829,14667.119,14414.879,14658.599,240,3368
2023-10-23 16:00:00,14658.899,14752.809,14598.639,14605.869,240,1356
2023-10-23 20:00:00,14605.699,14663.379,14604.789,14662.759,135,1389
2023-10-24 00:00:00,14662.329,14667.809,14620.529,14655.059,240,3379
2023-10-24 04:00:00,14655.087,14724.549,14651.769,14685.659,240,3378
2023-10-24 08:00:00,14685.719,14718.319,14641.039,14706.209,240,3364
2023-10-24 12:00:00,14706.217,14776.659,14661.889,14721.847,240,3372
2023-10-24 16:00:00,14721.759,14762.089,14607.329,14744.669,240,1356
2023-10-24 20:00:00,14745.799,14849.399,14678.409,14717.479,135,1370
2023-10-25 00:00:00,14717.619,14718.979,14687.209,14688.089,240,3373
2023-10-25 04:00:00,14687.899,14694.189,14615.529,14645.619,240,3389
2023-10-25 08:00:00,14645.687,14685.299,14634.379,14669.799,240,3382
2023-10-25 12:00:00,14669.587,14691.919,14481.229,14484.727,240,3364
2023-10-25 16:00:00,14484.609,14500.619,14359.019,14387.089,240,1347
2023-10-25 20:00:00,14387.179,14406.409,14244.669,14263.029,135,1374
2023-10-26 00:00:00,14262.919,14293.049,14215.559,14233.269,240,3376
2023-10-26 04:00:00,14233.299,14242.489,14170.049,14215.099,240,3367
2023-10-26 08:00:00,14215.179,14279.599,14208.689,14244.789,240,3361
2023-10-26 12:00:00,14244.509,14372.749,14140.849,14180.119,240,3358
2023-10-26 16:00:00,14180.319,14245.599,14053.889,14110.109,240,1354
2023-10-26 20:00:00,14110.809,14232.299,14094.109,14229.409,135,1360
2023-10-27 00:00:00,14227.599,14232.609,14183.209,14220.919,240,3368
2023-10-27 04:00:00,14220.789,14239.989,14190.389,14221.809,240,3383
2023-10-27 08:00:00,14221.579,14257.609,14190.749,14195.059,240,3364
2023-10-27 12:00:00,14195.017,14325.389,14184.519,14291.789,240,3360
2023-10-27 16:00:00,14291.489,14302.799,14128.249,14183.089,240,1344
2023-10-27 20:00:00,14183.109,14201.589,14181.179,14184.289,15,1356
2023-10-30 00:00:00,14249.719,14269.199,14243.539,14259.069,240,3371
2023-10-30 04:00:00,14259.067,14298.569,14243.659,14289.519,240,3375
2023-10-30 08:00:00,14289.889,14309.399,14269.149,14296.509,240,3368
2023-10-30 12:00:00,14296.229,14394.749,14225.229,14310.689,240,3366
2023-10-30 16:00:00,14310.607,14387.289,14226.759,14335.889,240,1353
2023-10-30 20:00:00,14334.989,14337.609,14313.599,14314.539,135,1375
2023-10-31 00:00:00,14314.799,14316.089,14244.069,14260.409,240,3376
2023-10-31 04:00:00,14260.659,14282.109,14236.769,14269.619,240,3377
2023-10-31 08:00:00,14269.569,14364.289,14260.719,14343.389,240,3362
2023-10-31 12:00:00,14343.259,14370.399,14229.139,14332.539,240,3382
2023-10-31 16:00:00,14332.239,14420.899,14287.249,14406.999,240,1345
2023-10-31 20:00:00,14404.889,14407.869,14365.619,14371.809,135,1366
2023-11-01 00:00:00,14372.019,14395.149,14357.869,14388.529,240,3380
2023-11-01 04:00:00,14388.749,14410.899,14372.617,14381.219,240,3370
2023-11-01 08:00:00,14381.157,14389.819,14330.069,14339.099,240,3358
2023-11-01 12:00:00,14339.249,14568.539,14336.209,14529.339,240,3385
2023-11-01 16:00:00,14529.317,14678.909,14477.089,14659.089,240,1365
2023-11-01 20:00:00,14659.389,14716.869,14649.849,14714.619,135,1378
2023-11-02 00:00:00,14714.577,14738.909,14698.749,14727.559,240,3386
2023-11-02 04:00:00,14727.517,14742.489,14702.719,14742.099,240,3401
2023-11-02 08:00:00,14742.109,14807.309,14728.739,14800.599,240,3388
2023-11-02 12:00:00,14800.589,14892.759,14791.239,14861.789,240,3365
2023-11-02 16:00:00,14861.599,14929.889,14844.169,14918.819,240,1377
2023-11-02 20:00:00,14918.879,14920.409,14856.509,14865.499,135,1374
2023-11-03 00:00:00,14865.619,14888.589,14859.139,14879.589,238,3374
2023-11-03 04:00:00,14879.419,14889.799,14865.179,14869.379,240,3380
2023-11-03 08:00:00,14869.499,14895.209,14853.589,14894.139,240,3374
2023-11-03 12:00:00,14894.589,15083.369,14872.199,15066.519,240,3368
2023-11-03 16:00:00,15066.619,15149.487,15059.139,15096.897,240,1368
2023-11-03 20:00:00,15096.149,15110.599,15092.679,15110.119,15,1377
2023-11-06 00:00:00,15097.109,15110.589,15084.309,15107.809,240,3369
2023-11-06 04:00:00,15108.089,15127.219,15095.759,15113.289,240,3395
2023-11-06 08:00:00,15113.559,15146.619,15105.539,15136.279,240,3376
2023-11-06 12:00:00,15136.317,15179.887,15107.789,15144.319,240,3391
2023-11-06 16:00:00,15144.799,15163.609,15061.739,15130.629,240,1362
2023-11-06 20:00:00,15130.617,15159.829,15118.399,15133.149,135,1369
2023-11-07 00:00:00,15133.189,15147.399,15123.769,15132.729,240,3377
2023-11-07 04:00:00,15132.909,15136.799,15108.619,15111.619,240,3380
2023-11-07 08:00:00,15111.999,15151.609,15100.559,15118.517,240,3368
2023-11-07 12:00:00,15118.599,15319.687,15117.159,15311.619,240,3378
2023-11-07 16:00:00,15311.999,15336.589,15254.809,15311.039,240,1364
2023-11-07 20:00:00,15311.909,15331.789,15278.749,15294.049,135,1374
2023-11-08 00:00:00,15293.829,15301.599,15273.309,15278.919,240,3374
2023-11-08 04:00:00,15279.049,15286.589,15261.869,15267.739,240,3378
2023-11-08 08:00:00,15268.409,15303.289,15264.219,15294.059,240,3376
2023-11-08 12:00:00,15294.057,15343.239,15262.049,15269.659,240,3373
2023-11-08 16:00:00,15269.799,15313.389,15213.319,15280.739,240,1365
2023-11-08 20:00:00,15280.759,15320.499,15274.619,15287.219,135,1377
2023-11-09 00:00:00,15287.287,15306.229,15282.199,15293.559,240,3374
2023-11-09 04:00:00,15293.617,15321.799,15293.119,15309.209,240,3385
2023-11-09 08:00:00,15309.127,15330.989,15290.769,15295.259,240,3368
2023-11-09 12:00:00,15295.349,15364.229,15279.729,15322.249,240,3374
2023-11-09 16:00:00,15321.749,15384.909,15186.619,15193.299,240,1362
2023-11-09 20:00:00,15193.249,15204.779,15154.749,15163.269,135,1356
2023-11-10 00:00:00,15163.589,15177.799,15138.659,15170.099,240,3386
2023-11-10 04:00:00,15170.057,15200.167,15168.529,15193.229,240,3380
2023-11-10 08:00:00,15193.849,15203.259,15138.329,15160.029,240,3374
2023-11-10 12:00:00,15159.789,15317.829,15152.539,15303.519,240,3376
2023-11-10 16:00:00,15303.617,15510.169,15302.039,15499.019,240,1373
2023-11-10 20:00:00,15499.109,15537.687,15496.159,15534.859,75,1358
2023-11-13 00:00:00,15490.807,15497.299,15443.289,15448.009,240,3359
2023-11-13 04:00:00,15447.809,15473.059,15440.059,15467.799,240,3383
2023-11-13 08:00:00,15468.779,15499.299,15456.099,15493.229,240,3369
2023-11-13 12:00:00,15492.729,15504.389,15397.037,15469.699,240,3366
2023-11-13 16:00:00,15469.709,15523.889,15466.259,15505.707,240,1360
2023-11-13 20:00:00,15505.749,15517.999,15477.159,15493.759,135,1372
2023-11-14 00:00:00,15493.859,15510.897,15487.379,15510.799,240,3381
2023-11-14 04:00:00,15510.557,15518.989,15497.839,15516.899,240,3407
2023-11-14 08:00:00,15517.159,15542.789,15502.359,15518.819,240,3374
2023-11-14 12:00:00,15518.719,15838.419,15490.659,15803.739,240,3379
2023-11-14 16:00:00,15803.787,15829.229,15753.149,15821.299,240,1360
2023-11-14 20:00:00,15821.087,15849.889,15794.149,15832.909,135,1367
2023-11-15 00:00:00,15833.339,15861.089,15823.579,15856.149,240,3367
2023-11-15 04:00:00,15856.399,15867.689,15840.699,15845.949,240,3385
2023-11-15 08:00:00,15846.079,15904.199,15844.319,15902.409,240,3365
2023-11-15 12:00:00,15901.409,15975.699,15835.119,15889.709,240,3366
2023-11-15 16:00:00,15890.479,15896.409,15763.149,15841.849,240,1355
2023-11-15 20:00:00,15841.839,15845.289,15763.939,15799.879,135,1354
2023-11-16 00:00:00,15799.529,15815.489,15759.819,15772.489,240,3363
2023-11-16 04:00:00,15772.399,15808.089,15769.949,15788.239,240,3363
2023-11-16 08:00:00,15787.929,15807.779,15781.429,15794.479,240,3359
2023-11-16 12:00:00,15794.447,15841.359,15750.909,15774.799,240,3358
2023-11-16 16:00:00,15774.789,15839.159,15734.709,15815.319,240,1358
2023-11-16 20:00:00,15815.089,15843.399,15801.849,15823.609,135,1385
2023-11-17 00:00:00,15823.789,15840.219,15820.599,15839.189,240,3380
2023-11-17 04:00:00,15839.267,15839.669,15813.109,15826.039,240,3394
2023-11-17 08:00:00,15825.219,15856.619,15818.669,15838.109,240,3379
2023-11-17 12:00:00,15838.299,15857.489,15766.579,15802.019,240,3388
2023-11-17 16:00:00,15802.559,15879.199,15764.659,15849.989,240,1354
2023-11-17 20:00:00,15850.219,15866.189,15810.209,15825.019,75,1358
2023-11-20 00:00:00,15804.529,15812.709,15791.759,15793.119,240,3384
2023-11-20 04:00:00,15793.037,15802.109,15778.009,15801.059,240,3387
2023-11-20 08:00:00,15801.739,15871.819,15801.719,15859.749,240,3356
2023-11-20 12:00:00,15859.139,15943.289,15827.739,15940.879,240,3371
2023-11-20 16:00:00,15941.819,16039.919,15941.329,16036.819,240,1375
2023-11-20 20:00:00,16036.979,16058.809,16016.459,16042.209,135,1372
2023-11-21 00:00:00,16041.889,16063.999,16034.339,16054.889,240,3390
2023-11-21 04:00:00,16054.479,16056.889,16020.249,16024.119,240,3382
2023-11-21 08:00:00,16024.157,16035.499,15999.129,16002.829,240,3369
2023-11-21 12:00:00,16003.169,16015.619,15863.629,15888.599,240,3398
2023-11-21 16:00:00,15889.119,15937.989,15873.059,15932.209,240,1365
2023-11-21 20:00:00,15932.359,15946.359,15889.709,15901.439,135,1366
2023-11-22 00:00:00,15901.619,15930.709,15900.819,15917.159,240,3395
2023-11-22 04:00:00,15916.989,15924.639,15889.889,15904.589,240,3373
2023-11-22 08:00:00,15905.179,15988.499,15898.379,15976.839,240,3364
2023-11-22 12:00:00,15977.149,16121.309,15956.989,15989.589,240,3375
2023-11-22 16:00:00,15989.757,16054.699,15962.359,16005.869,240,1362
2023-11-22 20:00:00,16005.817,16013.599,15988.519,16000.769,135,1362
2023-11-23 00:00:00,16000.889,16017.549,15993.809,16004.809,240,3395
2023-11-23 04:00:00,16004.519,16037.999,16002.359,16032.069,240,3395
2023-11-23 08:00:00,16032.369,16041.809,16018.239,16027.729,240,3370
2023-11-23 12:00:00,16027.707,16032.909,16007.729,16028.859,240,3384
2023-11-23 16:00:00,16028.789,16029.599,16017.349,16018.749,59,1380
2023-11-23 20:00:00,16031.729,16032.079,16015.809,16021.039,60,3390
2023-11-24 00:00:00,16020.749,16027.099,16013.619,16019.129,240,3377
2023-11-24 04:00:00,16019.267,16020.159,15982.769,15990.719,240,3382
2023-11-24 08:00:00,15990.899,16026.629,15981.159,15994.799,240,3382
2023-11-24 12:00:00,15994.717,16009.619,15937.809,15958.749,240,3392
2023-11-24 16:00:00,15959.189,15980.307,15951.749,15974.019,74,1363
2023-11-27 00:00:00,15943.339,15943.819,15895.789,15902.489,240,3455
2023-11-27 04:00:00,15902.529,15944.039,15896.729,15941.129,240,3434
2023-11-27 08:00:00,15941.137,15969.279,15928.489,15959.989,240,3430
2023-11-27 12:00:00,15959.747,16010.169,15928.519,15999.759,240,3440
2023-11-27 16:00:00,15999.737,16047.619,15957.389,15984.219,240,1440
2023-11-27 20:00:00,15984.009,16005.849,15958.719,15969.589,135,1447
2023-11-28 00:00:00,15969.759,15973.309,15946.309,15954.249,240,3431
2023-11-28 04:00:00,15954.329,15972.899,15918.669,15930.589,240,3445
2023-11-28 08:00:00,15930.389,15970.179,15909.529,15950.079,240,3431
2023-11-28 12:00:00,15950.569,16008.339,15905.169,15973.029,240,3447
2023-11-28 16:00:00,15973.289,16032.289,15929.519,15980.629,240,1435
2023-11-28 20:00:00,15980.979,16017.009,15949.629,16012.139,135,1428
2023-11-29 00:00:00,16012.059,16045.499,16007.659,16031.719,240,3441
2023-11-29 04:00:00,16031.757,16038.199,16015.619,16018.089,240,3439
2023-11-29 08:00:00,16020.139,16097.399,16015.649,16089.999,240,3430
2023-11-29 12:00:00,16089.799,16167.889,16047.199,16081.219,238,3443
2023-11-29 16:00:00,16080.019,16082.989,15993.869,16025.899,240,1441
2023-11-29 20:00:00,16026.739,16027.389,15975.299,16009.489,135,1429
2023-11-30 00:00:00,16009.559,16019.799,15997.919,16015.259,240,3454
2023-11-30 04:00:00,16015.009,16030.809,16012.219,16030.719,240,3433
2023-11-30 08:00:00,16030.717,16033.309,15993.759,16013.939,240,3434
2023-11-30 12:00:00,16014.079,16060.479,15848.249,15885.549,240,3436
2023-11-30 16:00:00,15885.069,15896.489,15821.419,15889.989,240,1432
2023-11-30 20:00:00,15889.419,15955.319,15835.809,15929.229,135,1428
2023-12-01 00:00:00,15929.059,15935.299,15912.529,15917.999,240,3449
2023-12-01 04:00:00,15917.559,15928.549,15910.719,15912.989,240,3446
2023-12-01 08:00:00,15912.927,15965.599,15912.699,15926.939,240,3428
2023-12-01 12:00:00,15926.439,15929.099,15831.279,15881.799,240,3438
2023-12-01 16:00:00,15881.769,16016.289,15850.559,15997.799,240,1435
2023-12-01 20:00:00,15996.809,16003.279,15968.809,15997.029,75,1448
2023-12-04 00:00:00,15959.699,15960.099,15934.009,15938.729,240,3429
2023-12-04 04:00:00,15938.569,15952.399,15915.369,15917.639,240,3460
2023-12-04 08:00:00,15917.647,15970.239,15908.549,15914.239,240,3434
2023-12-04 12:00:00,15914.829,15935.109,15692.819,15708.699,240,3455
2023-12-04 16:00:00,15708.779,15836.349,15700.109,15795.059,240,1432
2023-12-04 20:00:00,15795.619,15854.159,15777.209,15819.659,135,1444
2023-12-05 00:00:00,15819.509,15823.379,15797.409,15806.679,240,3444
2023-12-05 04:00:00,15806.489,15810.719,15731.319,15738.809,240,3427
2023-12-05 08:00:00,15739.087,15784.599,15732.169,15736.189,240,3439
2023-12-05 12:00:00,15736.387,15932.689,15734.009,15923.179,240,3436
2023-12-05 16:00:00,15923.999,15932.309,15799.769,15870.429,240,1441
2023-12-05 20:00:00,15870.719,15902.419,15855.219,15901.019,135,1431
2023-12-06 00:00:00,15900.839,15961.189,15900.839,15949.309,240,3448
2023-12-06 04:00:00,15949.819,15960.669,15926.209,15946.349,240,3440
2023-12-06 08:00:00,15947.359,15960.689,15905.719,15916.899,240,3436
2023-12-06 12:00:00,15916.827,16011.359,15850.199,15909.409,240,3440
2023-12-06 16:00:00,15909.347,15923.489,15818.939,15841.619,240,1434
2023-12-06 20:00:00,15842.799,15847.289,15776.939,15795.199,135,1445
2023-12-07 00:00:00,15795.679,15803.709,15778.859,15791.679,240,3431
2023-12-07 04:00:00,15791.319,15796.089,15770.119,15792.909,240,3435
2023-12-07 08:00:00,15794.489,15836.419,15781.999,15830.609,240,3444
2023-12-07 12:00:00,15830.249,15985.869,15817.759,15975.889,240,3442
2023-12-07 16:00:00,15976.139,16044.409,15909.729,16002.299,240,1432
2023-12-07 20:00:00,16002.419,16029.719,15995.979,15999.509,135,1437
2023-12-08 00:00:00,15999.679,16010.209,15986.719,16005.409,240,3438
2023-12-08 04:00:00,16005.379,16008.899,15973.399,15976.869,240,3430
2023-12-08 08:00:00,15977.097,16018.599,15968.439,15977.899,240,3432
2023-12-08 12:00:00,15978.139,16095.919,15871.219,16089.759,240,3452
2023-12-08 16:00:00,16089.809,16101.319,15973.819,16096.519,240,1434
2023-12-08 20:00:00,16096.549,16100.189,16069.579,16076.029,75,1438
2023-12-11 00:00:00,16088.499,16092.889,16035.219,16041.159,240,3435
2023-12-11 04:00:00,16041.379,16061.589,16033.609,16047.529,240,3450
2023-12-11 08:00:00,16047.439,16074.859,16029.509,16054.009,240,3433
2023-12-11 12:00:00,16054.689,16186.909,16042.659,16163.889,240,3441
2023-12-11 16:00:00,16163.799,16232.599,16108.359,16209.839,240,1433
2023-12-11 20:00:00,16210.139,16230.059,16196.349,16228.349,135,1437
2023-12-12 00:00:00,16228.389,16258.459,16227.349,16241.799,240,3435
2023-12-12 04:00:00,16241.639,16256.429,16238.809,16248.879,240,3440
2023-12-12 08:00:00,16248.969,16266.289,16236.519,16238.919,240,3451
2023-12-12 12:00:00,16238.569,16319.439,16171.109,16273.559,240,3438
2023-12-12 16:00:00,16274.809,16326.799,16241.709,16324.309,240,1434
2023-12-12 20:00:00,16324.569,16390.719,16319.579,16387.159,135,1435
2023-12-13 00:00:00,16387.009,16388.299,16375.279,16380.299,240,3440
2023-12-13 04:00:00,16380.179,16393.119,16370.539,16384.279,240,3442
2023-12-13 08:00:00,16384.389,16395.389,16370.029,16387.219,240,3431
2023-12-13 12:00:00,16387.049,16433.609,16374.159,16408.519,240,3432
2023-12-13 16:00:00,16408.309,16570.499,16355.449,16550.939,240,1440
2023-12-13 20:00:00,16551.489,16598.139,16461.459,16597.099,135,1434
2023-12-14 00:00:00,16595.879,16665.709,16595.879,16641.149,240,3436
2023-12-14 04:00:00,16641.489,16664.409,16632.119,16632.119,240,3438
2023-12-14 08:00:00,16632.579,16657.889,16601.079,16611.569,240,3445
2023-12-14 12:00:00,16612.229,16658.669,16552.239,16598.109,240,3435
2023-12-14 16:00:00,16598.209,16605.749,16416.829,16526.689,240,1433
2023-12-14 20:00:00,16527.009,16551.289,16515.339,16547.059,135,1454
2023-12-15 00:00:00,16546.399,16564.609,16533.589,16564.419,240,3442
2023-12-15 04:00:00,16564.689,16588.779,16552.409,16585.289,240,3446
2023-12-15 08:00:00,16584.999,16599.489,16568.759,16592.809,240,3439
2023-12-15 12:00:00,16592.379,16661.379,16543.359,16644.269,240,3438
2023-12-15 16:00:00,16644.699,16672.489,16549.119,16599.279,240,1437
2023-12-15 20:00:00,16599.169,16653.119,16592.259,16607.259,75,1434
2023-12-18 00:00:00,16609.599,16631.859,16606.029,16628.309,240,3431
2023-12-18 04:00:00,16628.179,16644.999,16622.409,16625.869,240,3432
2023-12-18 08:00:00,16626.009,16641.089,16594.749,16609.249,240,3437
2023-12-18 12:00:00,16609.099,16692.539,16604.679,16661.299,240,3434
2023-12-18 16:00:00,16661.549,16766.299,16648.309,16752.329,240,1445
2023-12-18 20:00:00,16753.189,16764.399,16705.259,16714.989,135,1431
2023-12-19 00:00:00,16714.789,16728.739,16701.419,16720.219,240,3435
2023-12-19 04:00:00,16720.099,16725.099,16708.409,16714.809,240,3448
2023-12-19 08:00:00,16714.389,16754.199,16714.389,16745.099,240,3430
2023-12-19 12:00:00,16744.969,16797.309,16736.359,16792.539,240,3429
2023-12-19 16:00:00,16793.389,16803.999,16756.809,16791.059,240,1441
2023-12-19 20:00:00,16792.009,16823.139,16773.899,16817.389,135,1441
2023-12-20 00:00:00,16817.499,16835.709,16817.439,16829.229,240,3455
2023-12-20 04:00:00,16828.839,16835.889,16816.119,16826.629,240,3432
2023-12-20 08:00:00,16826.799,16826.799,16751.919,16764.809,240,3435
2023-12-20 12:00:00,16764.669,16864.289,16757.109,16841.439,240,3433
2023-12-20 16:00:00,16841.599,16854.489,16624.209,16630.989,240,1433
2023-12-20 20:00:00,16631.089,16660.589,16550.509,16608.729,135,1443
2023-12-21 00:00:00,16608.159,16626.189,16597.779,16619.859,240,3436
2023-12-21 04:00:00,16619.619,16665.889,16617.679,16661.399,240,3437
2023-12-21 08:00:00,16660.999,16687.589,16656.279,16668.319,240,3433
2023-12-21 12:00:00,16668.899,16766.819,16643.979,16674.259,240,3438
2023-12-21 16:00:00,16674.099,16720.759,16617.109,16684.739,240,1440
2023-12-21 20:00:00,16684.787,16765.739,16673.679,16742.899,135,1428
2023-12-22 00:00:00,16742.999,16745.389,16701.629,16710.179,240,3441
2023-12-22 04:00:00,16710.229,16715.489,16692.849,16709.889,240,3464
2023-12-22 08:00:00,16710.309,16738.429,16699.619,16735.989,240,3433
2023-12-22 12:00:00,16735.639,16843.279,16731.349,16796.299,240,3433
2023-12-22 16:00:00,16796.619,16822.119,16697.059,16786.769,240,1434
2023-12-22 20:00:00,16787.719,16792.119,16759.119,16771.139,74,1439
2023-12-25 20:00:00,16791.199,16812.989,16785.899,16805.779,60,3432
2023-12-26 00:00:00,16805.119,16822.169,16792.799,16818.309,240,3455
2023-12-26 04:00:00,16818.599,16838.679,16815.079,16834.729,240,3433
2023-12-26 08:00:00,16835.389,16837.299,16805.089,16809.709,240,3437
2023-12-26 12:00:00,16809.809,16863.299,16786.819,16842.989,240,3434
2023-12-26 16:00:00,16842.719,16874.879,16827.709,16874.049,240,1441
2023-12-26 20:00:00,16874.399,16911.809,16872.029,16881.929,135,1434
2023-12-27 00:00:00,16882.059,16884.209,16867.069,16868.079,240,3430
2023-12-27 04:00:00,16868.017,16893.519,16866.719,16877.039,240,3454
2023-12-27 08:00:00,16876.719,16889.499,16865.609,16876.629,240,3458
2023-12-27 12:00:00,16876.709,16918.299,16849.289,16877.569,240,3436
2023-12-27 16:00:00,16877.749,16926.599,16861.619,16877.899,240,1442
2023-12-27 20:00:00,16878.099,16931.399,16872.069,16925.079,135,1443
2023-12-28 00:00:00,16925.069,16958.099,16924.629,16947.269,240,3448
2023-12-28 04:00:00,16947.379,16959.489,16942.739,16957.679,240,3460
2023-12-28 08:00:00,16958.399,16961.519,16948.039,16952.749,240,3434
2023-12-28 12:00:00,16953.089,16968.389,16912.269,16938.759,240,3447
2023-12-28 16:00:00,16938.717,16945.909,16902.139,16927.099,240,1439
2023-12-28 20:00:00,16926.929,16927.719,16889.629,16912.999,135,1434
2023-12-29 00:00:00,16912.997,16921.399,16908.479,16912.989,240,3435
2023-12-29 04:00:00,16912.889,16926.819,16900.009,16918.929,240,3471
2023-12-29 08:00:00,16920.419,16943.009,16915.469,16928.169,240,3437
2023-12-29 12:00:00,16928.329,16929.679,16813.689,16831.409,240,3444
2023-12-29 16:00:00,16831.819,16857.649,16750.759,16853.749,240,1441
2023-12-29 20:00:00,16853.809,16861.919,16800.359,16830.919,60,1432
2024-01-01 20:00:00,16829.339,16848.909,16825.809,16841.629,60,3441
2024-01-02 00:00:00,16841.909,16850.489,16812.889,16819.199,240,3439
2024-01-02 04:00:00,16819.299,16834.889,16814.839,16828.899,240,3435
2024-01-02 08:00:00,16829.269,16848.589,16657.679,16687.089,240,3431
2024-01-02 12:00:00,16689.489,16689.779,16508.659,16534.369,240,3452
2024-01-02 16:00:00,16533.819,16611.699,16478.919,16479.479,240,1432
2024-01-02 20:00:00,16479.457,16561.189,16447.759,16548.389,135,1441
2024-01-03 00:00:00,16548.519,16552.839,16523.669,16526.939,240,3436
2024-01-03 04:00:00,16526.559,16540.429,16512.649,16533.559,240,3437
2024-01-03 08:00:00,16533.459,16552.889,16459.819,16471.919,240,3444
2024-01-03 12:00:00,16472.059,16477.389,16368.929,16419.129,240,3430
2024-01-03 16:00:00,16420.189,16454.909,16355.899,16416.889,240,1432
2024-01-03 20:00:00,16417.199,16422.629,16349.949,16382.689,135,1428
2024-01-04 00:00:00,16382.529,16396.369,16366.609,16382.409,240,3439
2024-01-04 04:00:00,16382.089,16420.199,16373.319,16403.619,240,3444
2024-01-04 08:00:00,16404.439,16417.199,16361.659,16362.059,240,3435
2024-01-04 12:00:00,16362.509,16379.089,16277.019,16362.399,240,3440
2024-01-04 16:00:00,16362.079,16420.879,16302.399,16324.299,240,1430
2024-01-04 20:00:00,16323.939,16348.209,16273.549,16294.989,135,1433
2024-01-05 00:00:00,16295.229,16307.699,16283.469,16284.749,240,3464
2024-01-05 04:00:00,16284.979,16295.009,16238.009,16239.369,240,3436
2024-01-05 08:00:00,16239.469,16277.189,16206.029,16227.409,240,3434
2024-01-05 12:00:00,16227.487,16407.779,16173.219,16402.789,240,3428
2024-01-05 16:00:00,16403.239,16416.269,16258.609,16264.009,240,1436
2024-01-05 20:00:00,16264.029,16311.349,16243.979,16307.219,75,1441
2024-01-08 00:00:00,16322.919,16340.599,16278.349,16281.389,240,3428
2024-01-08 04:00:00,16281.699,16302.269,16272.419,16282.959,240,3449
2024-01-08 08:00:00,16282.949,16305.939,16218.749,16298.999,240,3437
2024-01-08 12:00:00,16298.149,16513.979,16293.209,16500.619,240,3447
2024-01-08 16:00:00,16501.369,16635.619,16484.279,16626.729,240,1433
2024-01-08 20:00:00,16626.259,16653.179,16613.199,16628.269,135,1437
2024-01-09 00:00:00,16627.699,16638.999,16625.319,16632.599,240,3432
2024-01-09 04:00:00,16632.259,16632.499,16608.229,16609.519,240,3443
2024-01-09 08:00:00,16609.939,16610.159,16529.749,16537.339,240,3438
2024-01-09 12:00:00,16537.649,16599.789,16501.839,16582.029,240,3431
2024-01-09 16:00:00,16581.599,16716.629,16581.569,16676.519,240,1440
2024-01-09 20:00:00,16677.409,16691.079,16629.139,16687.109,135,1434
2024-01-10 00:00:00,16687.309,16700.089,16671.549,16675.079,240,3461
2024-01-10 04:00:00,16674.919,16697.289,16656.219,16694.309,240,3444
2024-01-10 08:00:00,16694.219,16755.079,16683.839,16696.789,240,3446
2024-01-10 12:00:00,16696.629,16742.369,16653.059,16741.499,240,3443
2024-01-10 16:00:00,16741.889,16829.499,16703.699,16828.589,240,1433
2024-01-10 20:00:00,16828.289,16830.609,16739.889,16812.319,135,1436
2024-01-11 00:00:00,16812.529,16859.589,16811.229,16858.019,240,3439
2024-01-11 04:00:00,16857.909,16869.999,16843.739,16861.769,240,3430
2024-01-11 08:00:00,16861.767,16899.629,16844.609,16859.619,240,3431
2024-01-11 12:00:00,16859.709,16906.589,16683.819,16715.099,240,3430
2024-01-11 16:00:00,16714.799,16842.819,16612.389,16834.159,240,1430
2024-01-11 20:00:00,16834.849,16837.199,16785.369,16811.739,135,1445
2024-01-12 00:00:00,16813.819,16825.199,16781.889,16817.039,240,3432
2024-01-12 04:00:00,16816.819,16821.179,16775.769,16781.189,240,3484
2024-01-12 08:00:00,16780.999,16837.709,16727.029,16756.019,240,3430
2024-01-12 12:00:00,16755.809,16903.819,16747.829,16804.359,240,3450
2024-01-12 16:00:00,16804.609,16855.299,16777.879,16811.599,240,1439
2024-01-12 20:00:00,16810.829,16840.189,16792.569,16821.579,75,1435
2024-01-15 00:00:00,16807.139,16850.289,16802.709,16846.539,240,3439
2024-01-15 04:00:00,16846.039,16883.299,16841.719,16859.119,240,3442
2024-01-15 08:00:00,16858.719,16883.099,16808.159,16829.399,240,3447
2024-01-15 12:00:00,16826.869,16842.049,16798.709,16837.22,240,3443
2024-01-15 16:00:00,16837.52,16841.198,16816.098,16830.409,120,1438
2024-01-15 20:00:00,16820.299,16826.186,16795.131,16797.232,60,3437
2024-01-16 00:00:00,16797.554,16798.289,16743.72,16755.297,240,3429
2024-01-16 04:00:00,16755.553,16761.299,16727.821,16741.532,240,3428
2024-01-16 08:00:00,16741.289,16749.331,16674.187,16742.753,240,3430
2024-01-16 12:00:00,16743.031,16898.364,16718.376,16878.353,240,3427
2024-01-16 16:00:00,16878.889,16887.61,16725.197,16790.608,240,1426
2024-01-16 20:00:00,16790.242,16843.643,16784.253,16843.219,135,1429
2024-01-17 00:00:00,16842.289,16844.589,16772.22,16772.543,240,3434
2024-01-17 04:00:00,16772.599,16791.676,16680.198,16705.086,240,3452
2024-01-17 08:00:00,16705.132,16761.799,16682.175,16755.587,240,3432
2024-01-17 12:00:00,16755.365,16771.332,16559.731,16640.021,240,3437
2024-01-17 16:00:00,16639.264,16712.886,16603.675,16698.287,240,1429
2024-01-17 20:00:00,16698.61,16755.321,16668.087,16729.187,135,1438
2024-01-18 00:00:00,16729.308,16747.797,16718.654,16727.643,240,3430
2024-01-18 04:00:00,16727.798,16774.399,16714.72,16766.799,240,3429
2024-01-18 08:00:00,16766.709,16872.289,16759.219,16867.665,240,3429
2024-01-18 12:00:00,16867.619,16951.708,16851.798,16925.089,240,3428
2024-01-18 16:00:00,16925.119,16982.553,16814.042,16971.686,240,1427
2024-01-18 20:00:00,16971.52,17023.819,16956.098,17021.254,135,1436
2024-01-19 00:00:00,17021.531,17050.72,17004.298,17046.608,240,3446
2024-01-19 04:00:00,17046.584,17063.395,17020.254,17057.131,240,3418
2024-01-19 08:00:00,17056.232,17125.499,17040.764,17119.12,240,3430
2024-01-19 12:00:00,17116.819,17127.365,17039.775,17099.82,240,3428
2024-01-19 16:00:00,17100.764,17308.298,17086.132,17299.82,240,1437
2024-01-19 20:00:00,17300.597,17334.819,17287.732,17328.064,75,1428
2024-01-22 00:00:00,17356.21,17441.186,17352.331,17419.217,240,3425
2024-01-22 04:00:00,17419.109,17429.121,17402.31,17406.897,240,3429
2024-01-22 08:00:00,17406.653,17424.899,17387.81,17405.109,240,3424
2024-01-22 12:00:00,17404.254,17452.609,17308.209,17319.553,240,3441
2024-01-22 16:00:00,17319.742,17382.899,17304.054,17338.721,240,1430
2024-01-22 20:00:00,17339.22,17358.81,17314.254,17334.531,135,1434
2024-01-23 00:00:00,17334.387,17357.821,17324.621,17336.389,240,3427
2024-01-23 04:00:00,17336.152,17357.309,17335.719,17352.131,240,3435
2024-01-23 08:00:00,17352.408,17354.554,17294.131,17346.543,240,3435
2024-01-23 12:00:00,17346.11,17397.899,17283.62,17327.353,240,3451
2024-01-23 16:00:00,17327.598,17375.376,17302.375,17369.086,240,1432
2024-01-23 20:00:00,17369.564,17453.589,17364.654,17451.665,135,1430
2024-01-24 00:00:00,17451.254,17473.098,17444.71,17469.376,240,3446
2024-01-24 04:00:00,17469.385,17517.076,17464.51,17509.032,240,3429
2024-01-24 08:00:00,17510.676,17541.721,17503.731,17521.221,240,3434
2024-01-24 12:00:00,17520.775,17641.864,17514.31,17612.62,240,3424
2024-01-24 16:00:00,17612.619,17667.919,17506.754,17539.499,240,1428
2024-01-24 20:00:00,17539.899,17558.276,17445.242,17497.097,135,1444
2024-01-25 00:00:00,17496.62,17515.898,17469.564,17485.808,240,3437
2024-01-25 04:00:00,17486.109,17527.175,17484.053,17508.075,240,3448
2024-01-25 08:00:00,17507.62,17535.521,17483.521,17527.51,240,3429
2024-01-25 12:00:00,17528.089,17618.01,17495.397,17587.821,240,3430
2024-01-25 16:00:00,17587.632,17631.897,17422.597,17489.076,240,1429
2024-01-25 20:00:00,17489.886,17531.598,17413.62,17425.108,135,1444
2024-01-26 00:00:00,17425.989,17432.575,17391.532,17400.298,240,3426
2024-01-26 04:00:00,17400.409,17405.231,17350.364,17353.989,240,3453
2024-01-26 08:00:00,17353.796,17437.608,17348.831,17435.554,240,3434
2024-01-26 12:00:00,17435.376,17512.842,17391.098,17512.764,240,3441
2024-01-26 16:00:00,17512.499,17517.331,17390.232,17448.619,240,1434
2024-01-26 20:00:00,17448.21,17453.11,17394.01,17395.386,75,1434
2024-01-29 00:00:00,17367.709,17434.289,17366.332,17426.586,240,3448
2024-01-29 04:00:00,17426.529,17445.389,17412.764,17444.297,240,3457
2024-01-29 08:00:00,17445.632,17477.753,17427.898,17454.575,240,3427
2024-01-29 12:00:00,17454.332,17471.489,17416.708,17419.354,240,3428
2024-01-29 16:00:00,17419.175,17523.098,17409.71,17515.064,240,1432
2024-01-29 20:00:00,17515.175,17619.519,17515.175,17609.889,135,1430
2024-01-30 00:00:00,17609.454,17623.489,17590.587,17597.786,240,3438
2024-01-30 04:00:00,17597.675,17616.399,17563.921,17578.797,240,3444
2024-01-30 08:00:00,17576.097,17608.976,17553.508,17587.154,240,3429
2024-01-30 12:00:00,17587.632,17590.454,17509.71,17530.665,240,3434
2024-01-30 16:00:00,17530.864,17545.375,17439.586,17481.086,240,1436
2024-01-30 20:00:00,17481.831,17499.589,17302.387,17340.043,135,1434
2024-01-31 00:00:00,17340.309,17352.589,17316.32,17329.832,240,3426
2024-01-31 04:00:00,17330.22,17357.999,17319.531,17347.809,240,3451
2024-01-31 08:00:00,17347.475,17360.454,17225.753,17285.421,240,3438
2024-01-31 12:00:00,17286.119,17344.776,17181.231,17198.597,240,3431
2024-01-31 16:00:00,17198.551,17381.254,17198.119,17275.976,240,1430
2024-01-31 20:00:00,17276.075,17283.008,17118.686,17183.765,135,1432
2024-02-01 00:00:00,17183.708,17225.508,17182.208,17213.286,240,3444
2024-02-01 04:00:00,17213.043,17227.189,17164.21,17217.108,240,3451
2024-02-01 08:00:00,17216.609,17259.019,17214.797,17238.797,240,3442
2024-02-01 12:00:00,17238.953,17276.689,17176.189,17179.686,240,3428
2024-02-01 16:00:00,17179.187,17340.587,17170.008,17336.719,240,1433
2024-02-01 20:00:00,17336.51,17511.219,17308.131,17498.154,135,1431
2024-02-02 00:00:00,17496.719,17535.486,17486.11,17507.208,240,3433
2024-02-02 04:00:00,17507.129,17523.199,17494.819,17499.709,240,3432
2024-02-02 08:00:00,17499.299,17540.042,17484.031,17523.709,240,3425
2024-02-02 12:00:00,17523.808,17575.119,17371.432,17548.443,240,3437
2024-02-02 16:00:00,17548.132,17684.009,17515.154,17671.421,240,1421
2024-02-02 20:00:00,17672.389,17682.976,17609.499,17631.519,75,1433
2024-02-05 00:00:00,17617.376,17636.897,17573.721,17591.808,240,3434
2024-02-05 04:00:00,17591.842,17621.853,17586.21,17604.498,240,3435
2024-02-05 08:00:00,17604.543,17635.086,17584.342,17617.476,240,3433
2024-02-05 12:00:00,17617.408,17648.321,17465.231,17503.497,240,3426
2024-02-05 16:00:00,17503.921,17655.042,17495.309,17646.287,240,1427
2024-02-05 20:00:00,17646.742,17647.573,17584.321,17606.897,135,1427
2024-02-06 00:00:00,17607.289,17648.889,17605.175,17640.489,240,3468
2024-02-06 04:00:00,17639.609,17679.109,17637.886,17673.787,240,3424
2024-02-06 08:00:00,17674.108,17678.989,17586.221,17603.908,240,3428
2024-02-06 12:00:00,17603.375,17679.165,17510.665,17550.319,240,3431
2024-02-06 16:00:00,17550.765,17575.254,17473.12,17547.82,240,1426
2024-02-06 20:00:00,17548.032,17579.789,17511.086,17564.887,135,1422
2024-02-07 00:00:00,17565.489,17624.219,17558.187,17573.754,240,3449
2024-02-07 04:00:00,17574.109,17577.886,17542.719,17553.354,240,3455
2024-02-07 08:00:00,17553.642,17601.132,17549.364,17593.565,240,3433
2024-02-07 12:00:00,17593.899,17785.198,17566.565,17743.654,240,3432
2024-02-07 16:00:00,17743.51,17772.654,17690.064,17765.719,240,1430
2024-02-07 20:00:00,17765.531,17777.789,17741.886,17757.053,135,1439
2024-02-08 00:00:00,17757.12,17772.689,17751.121,17761.108,240,3427
2024-02-08 04:00:00,17761.153,17777.189,17757.632,17761.664,240,3462
2024-02-08 08:00:00,17762.199,17768.289,17716.297,17726.42,240,3427
2024-02-08 12:00:00,17726.697,17811.499,17708.608,17808.542,240,3424
2024-02-08 16:00:00,17809.519,17815.553,17746.654,17782.799,240,1431
2024-02-08 20:00:00,17782.019,17798.053,17767.165,17785.119,135,1435
2024-02-09 00:00:00,17785.154,17795.019,17770.042,17787.189,240,3441
2024-02-09 04:00:00,17787.054,17804.789,17777.609,17804.042,240,3442
2024-02-09 08:00:00,17804.051,17844.299,17802.475,17836.421,240,3425
2024-02-09 12:00:00,17836.121,17917.054,17794.221,17912.654,240,3430
2024-02-09 16:00:00,17913.243,17988.499,17887.41,17972.976,240,1428
2024-02-09 20:00:00,17973.187,17974.609,17946.053,17947.709,75,1429
2024-02-12 00:00:00,17952.532,17958.619,17943.453,17945.798,240,3422
2024-02-12 04:00:00,17945.509,17966.953,17933.565,17955.754,240,3431
2024-02-12 08:00:00,17955.497,17977.275,17953.253,17962.42,240,3425
2024-02-12 12:00:00,17962.397,18005.819,17926.41,18001.31,240,3449
2024-02-12 16:00:00,18002.089,18043.321,17858.443,17872.732,240,1434
2024-02-12 20:00:00,17872.587,17906.932,17839.875,17860.689,135,1430
2024-02-13 00:00:00,17860.521,17862.189,17840.753,17848.689,240,3434
2024-02-13 04:00:00,17848.586,17882.799,17846.21,17876.798,240,3431
2024-02-13 08:00:00,17877.265,17885.908,17758.031,17763.431,240,3431
2024-02-13 12:00:00,17763.986,17791.043,17511.065,17654.865,240,3428
2024-02-13 16:00:00,17655.298,17704.831,17498.342,17506.542,240,1432
2024-02-13 20:00:00,17507.087,17630.353,17474.742,17616.376,135,1423
2024-02-14 00:00:00,17616.654,17619.82,17595.554,17603.086,240,3423
2024-02-14 04:00:00,17602.865,17669.898,17597.62,17667.043,240,3433
2024-02-14 08:00:00,17665.843,17722.299,17656.854,17715.542,240,3427
2024-02-14 12:00:00,17715.797,17774.698,17670.421,17672.487,240,3431
2024-02-14 16:00:00,17671.553,17741.719,17618.864,17723.531,240,1438
2024-02-14 20:00:00,17724.509,17813.976,17711.475,17808.843,135,1430
2024-02-15 00:00:00,17808.597,17811.199,17774.153,17803.175,240,3430
2024-02-15 04:00:00,17803.354,17855.099,17796.41,17841.587,240,3432
2024-02-15 08:00:00,17841.831,17858.008,17813.021,17832.365,240,3433
2024-02-15 12:00:00,17831.398,17864.632,17732.453,17782.589,240,3436
2024-02-15 16:00:00,17782.443,17867.642,17715.889,17842.109,240,1422
2024-02-15 20:00:00,17841.909,17901.309,17808.431,17885.954,135,1429
2024-02-16 00:00:00,17886.186,17886.808,17844.886,17875.676,240,3424
2024-02-16 04:00:00,17875.409,17907.908,17865.12,17898.61,240,3435
2024-02-16 08:00:00,17898.685,17959.387,17897.843,17949.164,240,3434
2024-02-16 12:00:00,17949.206,17951.219,17652.442,17744.589,240,3426
2024-02-16 16:00:00,17745.232,17841.41,17707.621,17729.154,240,1417
2024-02-16 20:00:00,17729.942,17735.676,17657.519,17659.489,75,1416
2024-02-19 00:00:00,17716.921,17742.989,17686.686,17708.099,240,3435
2024-02-19 04:00:00,17707.753,17727.389,17690.386,17696.375,240,3424
2024-02-19 08:00:00,17696.508,17726.889,17678.398,17702.687,240,3433
2024-02-19 12:00:00,17702.808,17747.419,17694.62,17718.987,240,3455
2024-02-19 16:00:00,17719.397,17736.887,17712.964,17728.832,120,1431
2024-02-19 20:00:00,17729.686,17729.686,17680.409,17689.708,60,3431
2024-02-20 00:00:00,17689.673,17693.687,17608.798,17622.809,240,3439
2024-02-20 04:00:00,17622.62,17665.919,17609.776,17657.219,240,3430
2024-02-20 08:00:00,17655.908,17660.642,17555.631,17595.343,240,3425
2024-02-20 12:00:00,17597.632,17665.665,17424.253,17514.497,240,3439
2024-02-20 16:00:00,17515.365,17538.498,17393.086,17509.999,240,1422
2024-02-20 20:00:00,17510.476,17554.608,17471.342,17508.487,135,1433
2024-02-21 00:00:00,17509.054,17522.965,17478.765,17500.519,240,3447
2024-02-21 04:00:00,17500.799,17525.998,17485.854,17515.931,240,3435
2024-02-21 08:00:00,17516.42,17519.199,17454.032,17468.619,240,3419
2024-02-21 12:00:00,17468.584,17478.275,17389.975,17409.987,240,3430
2024-02-21 16:00:00,17410.021,17460.042,17313.765,17346.165,240,1419
2024-02-21 20:00:00,17346.02,17652.32,17323.108,17648.086,135,1423
2024-02-22 00:00:00,17648.589,17744.989,17646.786,17729.754,240,3428
2024-02-22 04:00:00,17729.62,17787.799,17727.731,17784.51,240,3439
2024-02-22 08:00:00,17784.786,17870.064,17784.786,17853.565,240,3423
2024-02-22 12:00:00,17851.197,17923.289,17809.775,17861.243,240,3447
2024-02-22 16:00:00,17862.198,18035.164,17854.01,17998.71,240,1440
2024-02-22 20:00:00,17998.908,18033.099,17966.886,17990.387,135,1436
2024-02-23 00:00:00,17990.086,17998.089,17964.897,17993.753,240,3429
2024-02-23 04:00:00,17993.642,18003.875,17977.909,17994.086,240,3462
2024-02-23 08:00:00,17994.399,17994.499,17948.643,17986.042,240,3442
2024-02-23 12:00:00,17986.598,18094.575,17964.064,17968.043,240,3430
2024-02-23 16:00:00,17968.264,18013.899,17896.531,17965.064,240,1434
2024-02-23 20:00:00,17964.554,17970.109,17911.521,17911.521,75,1434
2024-02-26 00:00:00,17933.665,17935.799,17873.375,17899.675,240,3426
2024-02-26 04:00:00,17899.999,17912.71,17880.721,17894.031,240,3427
2024-02-26 08:00:00,17894.532,17955.719,17893.489,17940.619,240,3433
2024-02-26 12:00:00,17940.595,18002.598,17918.742,17973.708,240,3436
2024-02-26 16:00:00,17974.331,18014.809,17935.742,17970.554,240,1434
2024-02-26 20:00:00,17970.819,17990.175,17898.108,17918.086,135,1429
2024-02-27 00:00:00,17918.22,17923.087,17893.875,17910.999,240,3428
2024-02-27 04:00:00,17911.031,17939.499,17883.098,17932.764,240,3434
2024-02-27 08:00:00,17933.108,17980.589,17907.853,17960.098,240,3432
2024-02-27 12:00:00,17960.121,17995.531,17897.231,17969.287,240,3433
2024-02-27 16:00:00,17970.387,17985.908,17864.897,17983.489,240,1427
2024-02-27 20:00:00,17983.409,17986.31,17957.12,17960.098,135,1430
2024-02-28 00:00:00,17959.819,17971.599,17948.01,17971.065,240,3444
2024-02-28 04:00:00,17970.842,17971.089,17925.053,17933.61,240,3426
2024-02-28 08:00:00,17933.798,17941.021,17847.308,17901.875,240,3429
2024-02-28 12:00:00,17901.862,17915.187,17832.387,17886.265,240,3430
2024-02-28 16:00:00,17886.132,17932.299,17842.209,17871.764,240,1424
2024-02-28 20:00:00,17872.086,17888.831,17824.22,17828.421,135,1427
2024-02-29 00:00:00,17828.087,17872.089,17826.92,17865.776,240,3424
2024-02-29 04:00:00,17865.73,17888.732,17842.276,17847.619,240,3431
2024-02-29 08:00:00,17847.364,17855.798,17785.32,17848.832,240,3433
2024-02-29 12:00:00,17848.51,18031.689,17816.71,17964.819,240,3436
2024-02-29 16:00:00,17965.21,18018.22,17858.053,17996.789,240,1437
2024-02-29 20:00:00,17997.51,18068.289,17980.042,18019.731,135,1442
2024-03-01 00:00:00,18019.853,18090.508,18019.21,18088.975,240,3451
2024-03-01 04:00:00,18089.386,18121.999,18075.52,18114.51,240,3465
2024-03-01 08:00:00,18114.552,18116.364,17990.798,18052.431,240,3422
2024-03-01 12:00:00,18052.91,18166.943,18030.743,18154.521,240,3428
2024-03-01 16:00:00,18154.81,18335.41,18151.765,18329.276,240,1421
2024-03-01 20:00:00,18329.465,18329.809,18278.098,18287.009,75,1421
2024-03-04 00:00:00,18306.04,18324.165,18289.475,18315.432,240,3425
2024-03-04 04:00:00,18315.597,18323.009,18305.997,18321.987,240,3453
2024-03-04 08:00:00,18322.508,18339.932,18273.976,18297.487,240,3424
2024-03-04 12:00:00,18298.509,18315.199,18244.254,18287.21,240,3441
2024-03-04 16:00:00,18287.164,18310.299,18236.619,18296.621,240,1423
2024-03-04 20:00:00,18297.021,18311.597,18184.443,18189.976,135,1432
2024-03-05 00:00:00,18189.865,18204.665,18152.342,18178.054,240,3439
2024-03-05 04:00:00,18178.219,18184.289,18122.419,18140.843,240,3456
2024-03-05 08:00:00,18141.354,18157.197,18073.975,18124.289,240,3424
2024-03-05 12:00:00,18126.076,18148.943,17879.142,17909.509,240,3426
2024-03-05 16:00:00,17909.576,17947.454,17819.019,17825.853,240,1431
2024-03-05 20:00:00,17825.884,17954.443,17802.089,17932.597,135,1423
2024-03-06 00:00:00,17932.398,17957.408,17912.82,17952.554,240,3425
2024-03-06 04:00:00,17952.443,17976.81,17938.021,17973.119,240,3433
2024-03-06 08:00:00,17973.399,18045.919,17972.131,18012.186,240,3422
2024-03-06 12:00:00,18012.689,18096.686,17937.187,18049.876,240,3426
2024-03-06 16:00:00,18051.108,18147.419,17975.621,18002.865,240,1429
2024-03-06 20:00:00,18001.32,18035.576,17957.909,17994.597,135,1436
2024-03-07 00:00:00,17995.086,18004.076,17908.443,17948.387,240,3445
2024-03-07 04:00:00,17948.289,17967.897,17913.176,17925.465,240,3430
2024-03-07 08:00:00,17925.81,18101.589,17892.053,18086.031,240,3439
2024-03-07 12:00:00,18086.364,18260.019,18080.842,18228.364,240,3427
2024-03-07 16:00:00,18228.509,18336.989,18219.853,18304.498,232,1429
2024-03-07 20:00:00,18303.975,18316.965,18224.465,18244.197,135,1434
2024-03-08 00:00:00,18244.109,18270.031,18227.032,18264.475,240,3431
2024-03-08 04:00:00,18264.598,18288.275,18250.032,18276.965,240,3427
2024-03-08 08:00:00,18277.043,18332.297,18249.454,18270.787,240,3426
2024-03-08 12:00:00,18270.719,18418.087,18189.109,18363.432,240,3433
2024-03-08 16:00:00,18362.454,18366.986,17995.021,18125.11,240,1421
2024-03-08 20:00:00,18123.965,18150.789,18022.21,18043.165,75,1421
2024-03-11 00:00:00,18026.674,18038.098,17973.986,17977.153,240,3434
2024-03-11 04:00:00,17977.232,18031.498,17957.053,18007.175,240,3427
2024-03-11 08:00:00,18007.253,18035.054,17923.521,17964.975,240,3428
2024-03-11 12:00:00,17965.119,18005.987,17874.719,17980.521,240,3429
2024-03-11 16:00:00,17980.831,18006.131,17923.565,17951.609,240,1434
2024-03-11 20:00:00,17951.342,18032.532,17948.499,18030.809,129,1427
2024-03-12 00:00:00,18030.42,18048.476,18017.91,18035.199,240,3428
2024-03-12 04:00:00,18035.087,18077.609,18033.02,18062.443,240,3439
2024-03-12 08:00:00,18062.485,18079.72,18013.021,18030.086,240,3426
2024-03-12 12:00:00,18029.976,18196.431,17914.443,18159.72,240,3431
2024-03-12 16:00:00,18159.498,18228.389,18062.776,18212.909,240,1433
2024-03-12 20:00:00,18213.707,18226.898,18203.365,18217.242,129,1436
2024-03-13 00:00:00,18217.408,18219.887,18183.642,18195.386,240,3453
2024-03-13 04:00:00,18195.276,18242.989,18194.82,18236.332,240,3433
2024-03-13 08:00:00,18237.197,18245.475,18176.099,18200.176,240,3420
2024-03-13 12:00:00,18199.665,18205.899,18026.675,18079.089,240,3423
2024-03-13 16:00:00,18079.189,18148.165,18033.908,18075.665,240,1431
2024-03-13 20:00:00,18074.742,18123.309,18070.153,18118.875,129,1440
2024-03-14 00:00:00,18118.986,18126.589,18099.821,18117.376,240,3427
2024-03-14 04:00:00,18117.665,18146.353,18111.731,18143.721,240,3433
2024-03-14 08:00:00,18143.796,18173.842,18135.331,18140.932,240,3422
2024-03-14 12:00:00,18141.175,18158.743,17952.153,18051.464,240,3424
2024-03-14 16:00:00,18051.652,18080.889,17911.008,18026.253,240,1417
2024-03-14 20:00:00,18027.186,18048.909,17974.31,17988.753,126,1424
2024-03-15 00:00:00,17988.41,18019.489,17977.321,17994.81,240,3451
2024-03-15 04:00:00,17994.953,17995.432,17956.187,17961.175,240,3446
2024-03-15 08:00:00,17961.14,18073.099,17960.208,18032.389,240,3433
2024-03-15 12:00:00,18033.221,18033.221,17781.099,17816.331,240,3435
2024-03-15 16:00:00,17816.11,17858.498,17759.221,17811.721,240,1430
2024-03-15 20:00:00,17810.797,17830.389,17810.687,17826.465,15,1438
2024-03-18 00:00:00,17833.198,17880.643,17817.697,17879.589,240,3423
2024-03-18 04:00:00,17879.499,17922.365,17876.654,17901.42,240,3428
2024-03-18 08:00:00,17902.81,18021.008,17893.186,18016.719,240,3424
2024-03-18 12:00:00,18016.797,18135.519,18016.243,18044.119,240,3428
2024-03-18 16:00:00,18044.308,18063.109,17968.631,17977.098,240,1428
2024-03-18 20:00:00,17977.82,17988.889,17926.808,17942.842,130,1426
2024-03-19 00:00:00,17943.631,17961.364,17902.542,17931.109,240,3442
2024-03-19 04:00:00,17930.842,17957.799,17921.419,17930.343,240,3423
2024-03-19 08:00:00,17931.886,18003.687,17855.308,17870.821,240,3430
2024-03-19 12:00:00,17871.399,17920.999,17806.075,17910.865,240,3423
2024-03-19 16:00:00,17910.675,18041.043,17899.242,18021.765,240,1427
2024-03-19 20:00:00,18020.765,18037.908,18015.589,18018.176,131,1433
2024-03-20 00:00:00,18018.109,18018.389,17977.176,17995.787,240,3441
2024-03-20 04:00:00,17995.998,18028.231,17983.921,18010.531,240,3431
2024-03-20 08:00:00,18011.232,18080.654,17984.01,18072.509,240,3420
2024-03-20 12:00:00,18072.654,18084.632,17997.209,18036.031,240,3423
2024-03-20 16:00:00,18035.709,18253.075,18000.353,18237.407,240,1433
2024-03-20 20:00:00,18236.476,18344.919,18221.498,18334.431,128,1428
2024-03-21 00:00:00,18334.453,18352.286,18314.609,18348.031,240,3433
2024-03-21 04:00:00,18348.029,18422.543,18344.975,18415.854,240,3459
2024-03-21 08:00:00,18415.965,18415.965,18345.398,18395.543,240,3429
2024-03-21 12:00:00,18395.787,18464.821,18375.331,18438.964,240,3442
2024-03-21 16:00:00,18438.597,18465.799,18311.375,18314.864,240,1425
2024-03-21 20:00:00,18316.397,18351.089,18315.054,18348.286,129,1440
2024-03-22 00:00:00,18348.099,18354.608,18291.365,18312.575,240,3426
2024-03-22 04:00:00,18312.353,18347.086,18297.032,18322.82,240,3427
2024-03-22 08:00:00,18322.775,18364.999,18264.665,18269.797,240,3426
2024-03-22 12:00:00,18271.576,18330.02,18252.387,18324.176,240,3437
2024-03-22 16:00:00,18324.042,18391.043,18294.319,18332.343,240,1426
2024-03-22 20:00:00,18332.543,18339.364,18317.732,18324.689,15,1426
2024-03-25 00:00:00,18349.353,18364.542,18329.387,18339.887,240,3447
2024-03-25 04:00:00,18339.874,18339.999,18295.52,18305.989,240,3451
2024-03-25 08:00:00,18305.785,18328.31,18220.397,18233.419,240,3423
2024-03-25 12:00:00,18232.897,18321.989,18179.354,18307.487,240,3436
2024-03-25 16:00:00,18307.242,18340.798,18275.454,18279.408,240,1423
2024-03-25 20:00:00,18278.319,18312.465,18276.986,18309.575,128,1432
2024-03-26 00:00:00,18309.465,18324.999,18286.054,18292.41,240,3425
2024-03-26 04:00:00,18292.943,18377.097,18292.242,18339.075,240,3451
2024-03-26 08:00:00,18339.019,18387.798,18334.454,18382.508,240,3427
2024-03-26 12:00:00,18382.809,18385.442,18305.054,18351.798,240,3447
2024-03-26 16:00:00,18351.464,18359.543,18210.765,18221.108,240,1434
2024-03-26 20:00:00,18221.043,18263.687,18219.964,18260.286,129,1429
2024-03-27 00:00:00,18260.399,18272.799,18252.721,18268.042,240,3426
2024-03-27 04:00:00,18267.764,18294.542,18249.687,18257.397,240,3455
2024-03-27 08:00:00,18257.232,18321.499,18257.232,18301.798,240,3430
2024-03-27 12:00:00,18300.22,18352.31,18156.076,18175.532,240,3441
2024-03-27 16:00:00,18175.619,18286.243,18171.353,18284.865,240,1425
2024-03-27 20:00:00,18284.989,18305.254,18259.61,18264.709,128,1438
2024-03-28 00:00:00,18264.565,18288.998,18263.621,18278.265,240,3431
2024-03-28 04:00:00,18278.475,18293.487,18267.21,18284.354,240,3457
2024-03-28 08:00:00,18284.632,18293.999,18238.01,18269.489,240,3439
2024-03-28 12:00:00,18269.631,18317.354,18236.742,18288.597,240,3427
2024-03-28 16:00:00,18288.743,18290.653,18226.332,18244.532,240,1426
2024-04-01 00:00:00,18390.121,18391.875,18344.632,18366.098,240,3427
2024-04-01 04:00:00,18366.242,18383.776,18348.553,18378.797,240,3442
2024-04-01 08:00:00,18378.32,18379.108,18309.71,18323.265,240,3465
2024-04-01 12:00:00,18322.887,18391.11,18208.743,18212.287,240,3436
2024-04-01 16:00:00,18212.387,18304.175,18202.243,18284.389,240,1435
2024-04-01 20:00:00,18283.82,18295.309,18248.108,18259.564,129,1434
2024-04-02 00:00:00,18259.508,18279.489,18246.942,18268.598,240,3460
2024-04-02 04:00:00,18268.664,18290.799,18238.054,18255.021,240,3427
2024-04-02 08:00:00,18257.554,18301.086,18190.121,18193.654,240,3429
2024-04-02 12:00:00,18193.665,18204.899,17996.165,18028.386,240,3424
2024-04-02 16:00:00,18028.587,18140.299,18027.653,18129.253,240,1425
2024-04-02 20:00:00,18127.275,18140.164,18118.61,18122.653,128,1440
2024-04-03 00:00:00,18121.697,18122.72,18086.275,18104.065,240,3424
2024-04-03 04:00:00,18104.096,18105.389,18057.254,18066.575,240,3434
2024-04-03 08:00:00,18068.564,18105.02,18047.719,18099.21,240,3440
2024-04-03 12:00:00,18098.964,18240.632,18027.12,18193.275,240,3434
2024-04-03 16:00:00,18193.442,18229.309,18095.52,18164.319,240,1437
2024-04-03 20:00:00,18164.087,18280.31,18161.254,18242.119,129,1435
2024-04-04 00:00:00,18242.084,18250.389,18226.632,18249.419,240,3426
2024-04-04 04:00:00,18249.121,18257.599,18207.021,18236.665,240,3444
2024-04-04 08:00:00,18236.542,18259.609,18231.621,18250.365,240,3439
2024-04-04 12:00:00,18251.209,18364.899,18239.121,18330.131,240,3429
2024-04-04 16:00:00,18331.065,18362.089,17875.297,17882.887,240,1427
2024-04-04 20:00:00,17881.851,17924.521,17881.021,17897.71,129,1427
2024-04-05 00:00:00,17897.686,17917.819,17861.798,17916.589,240,3434
2024-04-05 04:00:00,17916.265,17945.809,17903.721,17941.365,240,3463
2024-04-05 08:00:00,17940.886,17972.654,17926.743,17950.82,240,3436
2024-04-05 12:00:00,17951.053,18170.889,17859.219,18161.376,240,3427
2024-04-05 16:00:00,18161.819,18210.709,18051.031,18097.543,240,1433
2024-04-05 20:00:00,18097.508,18097.508,18085.076,18087.654,15,1436
2024-04-08 00:00:00,18122.686,18136.154,18073.264,18087.899,240,3427
2024-04-08 04:00:00,18087.876,18146.532,18079.121,18126.089,240,3443
2024-04-08 08:00:00,18125.841,18135.587,18050.131,18104.643,240,3430
2024-04-08 12:00:00,18104.786,18182.219,18044.286,18107.589,240,3428
2024-04-08 16:00:00,18108.386,18138.119,18059.287,18100.853,240,1419
2024-04-08 20:00:00,18099.575,18126.189,18099.575,18108.798,129,1444
2024-04-09 00:00:00,18108.896,18113.499,18092.454,18110.042,240,3424
2024-04-09 04:00:00,18110.499,18141.499,18073.32,18083.042,240,3449
2024-04-09 08:00:00,18083.286,18151.043,18060.931,18147.821,240,3426
2024-04-09 12:00:00,18147.896,18211.943,17969.987,18070.019,235,3422
2024-04-09 16:00:00,18070.499,18173.908,18024.876,18171.887,240,1427
2024-04-09 20:00:00,18170.865,18215.843,18169.787,18178.397,128,1436
2024-04-10 00:00:00,18178.231,18194.72,18176.842,18188.521,240,3434
2024-04-10 04:00:00,18188.721,18212.089,18180.065,18200.521,240,3423
2024-04-10 08:00:00,18200.81,18221.289,18151.232,18191.865,240,3440
2024-04-10 12:00:00,18192.443,18278.921,17865.886,17961.509,240,3426
2024-04-10 16:00:00,17961.343,18041.108,17930.553,18006.543,240,1426
2024-04-10 20:00:00,18008.599,18014.009,17963.821,17979.797,128,1434
2024-04-11 00:00:00,17980.419,18025.889,17972.397,18020.264,240,3426
2024-04-11 04:00:00,18020.398,18037.886,18009.508,18021.964,240,3452
2024-04-11 08:00:00,18022.243,18031.589,17933.731,17946.989,240,3424
2024-04-11 12:00:00,17946.697,18146.489,17913.008,18140.343,240,3448
2024-04-11 16:00:00,18141.099,18335.465,18110.11,18301.409,240,1424
2024-04-11 20:00:00,18301.797,18318.331,18292.319,18309.287,128,1449
2024-04-12 00:00:00,18309.209,18318.443,18293.786,18307.519,240,3422
2024-04-12 04:00:00,18307.376,18325.886,18285.11,18288.089,240,3436
2024-04-12 08:00:00,18288.475,18300.62,18179.376,18231.665,240,3428
2024-04-12 12:00:00,18229.21,18247.808,18021.397,18084.876,240,3438
2024-04-12 16:00:00,18085.61,18096.22,17949.354,18011.965,240,1426
2024-04-12 20:00:00,18011.974,18022.964,18008.265,18018.243,15,1444
2024-04-15 00:00:00,18067.465,18075.654,18022.643,18060.498,240,3419
2024-04-15 04:00:00,18060.643,18118.697,18057.753,18109.865,240,3438
2024-04-15 08:00:00,18108.731,18127.399,18089.121,18122.489,240,3420
2024-04-15 12:00:00,18120.12,18180.089,17987.12,18038.398,240,3444
2024-04-15 16:00:00,18038.821,18053.964,17669.819,17704.432,240,1423
2024-04-15 20:00:00,17704.008,17719.275,17676.008,17699.964,116,1434
2024-04-16 00:00:00,17700.489,17722.454,17625.754,17675.476,240,3421
2024-04-16 04:00:00,17675.276,17703.91,17651.464,17703.175,240,3430
2024-04-16 08:00:00,17703.206,17746.643,17622.019,17736.664,240,3419
2024-04-16 12:00:00,17736.454,17769.989,17652.342,17724.643,240,3431
2024-04-16 16:00:00,17724.608,17820.343,17652.376,17710.665,240,1436
2024-04-16 20:00:00,17710.519,17774.786,17706.519,17770.721,128,1426
2024-04-17 00:00:00,17770.932,17772.499,17725.909,17764.197,240,3426
2024-04-17 04:00:00,17765.842,17770.398,17613.721,17712.708,240,3451
2024-04-17 08:00:00,17712.354,17777.589,17697.309,17744.32,240,3424
2024-04-17 12:00:00,17743.899,17802.899,17565.643,17586.143,240,3421
2024-04-17 16:00:00,17586.354,17634.875,17456.353,17491.132,240,1425
2024-04-17 20:00:00,17490.987,17532.019,17477.721,17529.975,129,1434
2024-04-18 00:00:00,17530.486,17577.399,17523.21,17573.599,240,3451
2024-04-18 04:00:00,17573.519,17614.389,17556.132,17590.621,240,3425
2024-04-18 08:00:00,17590.809,17600.632,17519.264,17553.809,240,3433
2024-04-18 12:00:00,17553.486,17593.698,17397.41,17540.854,240,3438
2024-04-18 16:00:00,17541.132,17560.209,17373.609,17396.753,240,1426
2024-04-18 20:00:00,17396.687,17436.476,17326.309,17340.71,127,1434
2024-04-19 00:00:00,17340.242,17347.889,17033.708,17189.62,240,3435
2024-04-19 04:00:00,17189.786,17311.086,17188.421,17284.665,240,3449
2024-04-19 08:00:00,17283.598,17358.689,17241.186,17355.509,240,3427
2024-04-19 12:00:00,17355.308,17403.299,17141.531,17143.389,240,3438
2024-04-19 16:00:00,17141.776,17195.709,16969.61,17038.11,240,1436
2024-04-19 20:00:00,17039.098,17041.809,17013.654,17033.586,15,1433
2024-04-22 00:00:00,17126.499,17126.61,17056.775,17095.675,240,3439
2024-04-22 04:00:00,17095.575,17161.699,17092.732,17114.609,240,3449
2024-04-22 08:00:00,17112.119,17170.197,17090.22,17134.931,240,3439
2024-04-22 12:00:00,17134.951,17187.665,17005.92,17108.186,240,3425
2024-04-22 16:00:00,17108.997,17305.02,17092.164,17208.631,240,1429
2024-04-22 20:00:00,17210.989,17213.709,17144.586,17180.565,128,1430
2024-04-23 00:00:00,17181.289,17195.965,17149.787,17189.775,240,3432
2024-04-23 04:00:00,17189.932,17227.798,17175.808,17222.143,240,3428
2024-04-23 08:00:00,17224.742,17287.499,17223.176,17249.131,240,3429
2024-04-23 12:00:00,17250.465,17468.109,17218.664,17424.587,240,3436
2024-04-23 16:00:00,17424.899,17516.589,17424.64,17464.709,240,1430
2024-04-23 20:00:00,17465.575,17578.689,17452.798,17561.01,128,1428
2024-04-24 00:00:00,17561.199,17606.153,17548.12,17594.076,240,3433
2024-04-24 04:00:00,17593.943,17608.189,17571.465,17588.554,240,3423
2024-04-24 08:00:00,17588.654,17591.699,17528.365,17585.386,240,3427
2024-04-24 12:00:00,17585.653,17658.376,17465.489,17469.619,240,3435
2024-04-24 16:00:00,17468.754,17567.042,17429.408,17523.409,240,1441
2024-04-24 20:00:00,17524.154,17538.289,17314.009,17330.165,128,1429
2024-04-25 00:00:00,17330.287,17361.189,17323.12,17326.953,240,3440
2024-04-25 04:00:00,17326.489,17330.999,17274.808,17319.498,240,3437
2024-04-25 08:00:00,17319.309,17391.443,17318.42,17368.654,240,3427
2024-04-25 12:00:00,17367.764,17381.01,17176.143,17287.519,240,3442
2024-04-25 16:00:00,17286.509,17477.209,17270.72,17441.932,240,1431
2024-04-25 20:00:00,17441.753,17690.131,17421.154,17629.864,128,1430
2024-04-26 00:00:00,17629.965,17657.387,17613.753,17640.787,240,3439
2024-04-26 04:00:00,17640.853,17664.299,17606.298,17629.486,240,3438
2024-04-26 08:00:00,17629.597,17636.199,17583.464,17614.575,240,3453
2024-04-26 12:00:00,17614.464,17757.486,17540.442,17719.753,240,3439
2024-04-26 16:00:00,17719.843,17772.789,17698.431,17710.676,240,1444
2024-04-26 20:00:00,17709.675,17718.108,17701.776,17706.121,15,1430
2024-04-29 00:00:00,17761.064,17783.843,17746.175,17772.253,240,3434
2024-04-29 04:00:00,17772.197,17793.664,17753.842,17776.543,240,3428
2024-04-29 08:00:00,17776.332,17791.732,17737.821,17784.989,240,3444
2024-04-29 12:00:00,17783.843,17821.298,17702.743,17762.542,240,3442
2024-04-29 16:00:00,17762.71,17805.499,17665.575,17780.609,240,1434
2024-04-29 20:00:00,17780.899,17805.398,17779.72,17784.286,128,1437
2024-04-30 00:00:00,17784.364,17795.186,17772.775,17786.398,240,3432
2024-04-30 04:00:00,17786.587,17787.053,17747.364,17773.775,240,3474
2024-04-30 08:00:00,17773.817,17779.521,17740.0,17750.342,240,3427
2024-04-30 12:00:00,17750.395,17772.52,17610.02,17642.054,240,3447
2024-04-30 16:00:00,17641.886,17653.609,17443.543,17446.786,240,1438
2024-04-30 20:00:00,17446.075,17507.821,17351.798,17387.109,129,1440
2024-05-01 00:00:00,17387.919,17407.097,17378.575,17405.642,240,3428
2024-05-01 04:00:00,17405.586,17408.399,17334.589,17346.865,240,3427
2024-05-01 08:00:00,17347.109,17368.599,17291.52,17325.643,240,3440
2024-05-01 12:00:00,17324.908,17397.52,17296.765,17305.853,240,3433
2024-05-01 16:00:00,17306.164,17676.119,17283.331,17311.609,240,1434
2024-05-01 20:00:00,17312.376,17420.353,17312.321,17416.743,128,1430
2024-05-02 00:00:00,17416.587,17447.686,17404.275,17436.621,240,3448
2024-05-02 04:00:00,17436.51,17474.799,17407.075,17457.365,240,3433
2024-05-02 08:00:00,17457.33,17500.865,17446.521,17458.897,240,3436
2024-05-02 12:00:00,17461.319,17506.643,17283.131,17455.564,240,3442
2024-05-02 16:00:00,17455.742,17578.819,17387.631,17542.621,240,1447
2024-05-02 20:00:00,17543.554,17700.586,17538.865,17646.997,128,1429
2024-05-03 00:00:00,17647.087,17679.897,17631.086,17655.909,240,3425
2024-05-03 04:00:00,17656.019,17659.365,17612.454,17639.132,240,3462
2024-05-03 08:00:00,17639.13,17671.432,17633.432,17640.598,240,3425
2024-05-03 12:00:00,17640.486,17941.01,17640.198,17876.22,240,3432
2024-05-03 16:00:00,17877.608,17915.965,17851.632,17891.51,240,1438
2024-05-03 20:00:00,17890.375,17917.143,17889.787,17914.876,15,1427
2024-05-06 00:00:00,17895.076,17904.465,17885.497,17895.621,240,3449
2024-05-06 04:00:00,17895.72,17918.999,17874.064,17890.776,240,3424
2024-05-06 08:00:00,17891.319,17949.699,17890.654,17932.698,240,3431
2024-05-06 12:00:00,17932.809,18014.699,17927.731,18004.721,240,3444
2024-05-06 16:00:00,18004.542,18091.564,17961.589,18090.619,240,1431
2024-05-06 20:00:00,18090.799,18094.519,18070.864,18077.789,129,1426
2024-05-07 00:00:00,18077.698,18081.808,18062.554,18081.221,240,3446
2024-05-07 04:00:00,18081.321,18089.653,18056.708,18057.621,240,3432
2024-05-07 08:00:00,18057.819,18092.109,18044.543,18058.253,240,3441
2024-05-07 12:00:00,18058.619,18153.875,18053.597,18144.765,240,3436
2024-05-07 16:00:00,18144.697,18156.821,18058.808,18089.186,240,1430
2024-05-07 20:00:00,18088.254,18107.286,18074.009,18097.265,128,1431
2024-05-08 00:00:00,18097.464,18108.089,18085.22,18087.653,240,3428
2024-05-08 04:00:00,18087.629,18106.21,18074.265,18094.253,240,3436
2024-05-08 08:00:00,18093.899,18109.297,18040.176,18045.889,240,3447
2024-05-08 12:00:00,18044.11,18138.398,17965.743,18070.799,240,3440
2024-05-08 16:00:00,18071.197,18097.086,18035.042,18081.421,240,1436
2024-05-08 20:00:00,18080.51,18080.51,18057.299,18061.287,128,1426
2024-05-09 00:00:00,18061.575,18076.197,18053.565,18059.075,240,3438
2024-05-09 04:00:00,18058.976,18061.497,18019.775,18025.519,240,3483
2024-05-09 08:00:00,18025.575,18063.798,18004.032,18056.519,240,3437
2024-05-09 12:00:00,18056.087,18139.089,18011.887,18079.975,240,3436
2024-05-09 16:00:00,18080.208,18140.008,18071.675,18118.899,240,1432
2024-05-09 20:00:00,18117.808,18143.176,18113.619,18133.319,128,1428
2024-05-10 00:00:00,18132.999,18135.61,18114.754,18118.12,240,3426
2024-05-10 04:00:00,18118.206,18178.953,18116.621,18146.199,240,3452
2024-05-10 08:00:00,18146.21,18206.299,18132.497,18186.431,240,3430
2024-05-10 12:00:00,18186.52,18250.053,18091.389,18140.365,240,3427
2024-05-10 16:00:00,18140.886,18172.721,18111.097,18163.276,240,1427
2024-05-10 20:00:00,18163.589,18164.399,18148.819,18151.499,15,1432
2024-05-13 00:00:00,18149.143,18182.799,18141.708,18181.22,240,3443
2024-05-13 04:00:00,18181.187,18203.609,18177.886,18194.297,240,3447
2024-05-13 08:00:00,18194.108,18224.289,18177.22,18221.52,240,3446
2024-05-13 12:00:00,18221.529,18238.731,18156.809,18199.398,240,3429
2024-05-13 16:00:00,18198.587,18214.099,18139.831,18201.053,240,1432
2024-05-13 20:00:00,18201.132,18206.187,18179.331,18189.175,128,1433
2024-05-14 00:00:00,18189.409,18195.299,18168.586,18171.308,240,3431
2024-05-14 04:00:00,18171.342,18202.999,18169.72,18194.754,240,3434
2024-05-14 08:00:00,18194.709,18213.71,18185.375,18191.865,240,3429
2024-05-14 12:00:00,18191.032,18276.209,18075.898,18226.219,240,3431
2024-05-14 16:00:00,18225.654,18336.087,18204.065,18314.921,240,1429
2024-05-14 20:00:00,18314.997,18328.087,18307.186,18319.299,128,1431
2024-05-15 00:00:00,18319.176,18339.819,18301.642,18325.576,240,3439
2024-05-15 04:00:00,18325.541,18326.589,18294.731,18304.698,240,3448
2024-05-15 08:00:00,18304.775,18322.742,18300.264,18312.543,240,3441
2024-05-15 12:00:00,18312.654,18508.664,18295.208,18498.231,240,3454
2024-05-15 16:00:00,18498.687,18607.889,18482.121,18597.253,240,1434
2024-05-15 20:00:00,18597.354,18632.999,18570.608,18626.431,128,1433
2024-05-16 00:00:00,18627.286,18643.799,18619.731,18637.821,240,3435
2024-05-16 04:00:00,18637.942,18638.599,18611.765,18632.108,240,3429
2024-05-16 08:00:00,18631.987,18635.386,18616.51,18620.421,240,3430
2024-05-16 12:00:00,18619.921,18669.932,18578.754,18650.342,240,3431
2024-05-16 16:00:00,18650.521,18650.521,18549.708,18557.664,240,1434
2024-05-16 20:00:00,18558.11,18563.319,18542.753,18557.375,128,1433
2024-05-17 00:00:00,18557.543,18573.419,18551.031,18556.854,240,3441
2024-05-17 04:00:00,18557.286,18580.999,18550.721,18553.943,240,3424
2024-05-17 08:00:00,18553.743,18583.486,18523.809,18575.086,240,3430
2024-05-17 12:00:00,18575.231,18592.809,18534.432,18566.476,240,3428
2024-05-17 16:00:00,18566.597,18571.054,18456.554,18551.71,240,1436
2024-05-17 20:00:00,18550.975,18551.143,18532.719,18536.143,15,1447
2024-05-20 00:00:00,18579.853,18591.099,18570.954,18582.297,240,3440
2024-05-20 04:00:00,18582.419,18591.398,18567.408,18573.843,240,3441
2024-05-20 08:00:00,18573.841,18601.997,18566.319,18594.454,240,3428
2024-05-20 12:00:00,18594.976,18683.808,18549.009,18655.309,240,3444
2024-05-20 16:00:00,18655.519,18707.986,18619.531,18676.464,240,1430
2024-05-20 20:00:00,18677.689,18685.797,18649.72,18663.964,128,1439
2024-05-21 00:00:00,18664.152,18671.532,18653.642,18663.298,240,3435
2024-05-21 04:00:00,18663.209,18675.608,18654.164,18667.143,240,3477
2024-05-21 08:00:00,18666.676,18672.219,18641.621,18662.987,240,3429
2024-05-21 12:00:00,18663.509,18677.942,18591.643,18659.642,240,3429
2024-05-21 16:00:00,18660.008,18721.897,18648.964,18712.119,240,1427
2024-05-21 20:00:00,18712.543,18729.276,18707.054,18727.632,128,1430
2024-05-22 00:00:00,18727.342,18737.397,18720.343,18723.832,240,3437
2024-05-22 04:00:00,18723.976,18734.419,18702.81,18714.198,240,3434
2024-05-22 08:00:00,18713.81,18724.697,18668.986,18706.698,240,3428
2024-05-22 12:00:00,18707.154,18755.797,18700.31,18736.675,240,3431
2024-05-22 16:00:00,18736.853,18749.719,18602.186,18708.454,240,1433
2024-05-22 20:00:00,18710.499,18798.089,18700.375,18795.376,128,1425
2024-05-23 00:00:00,18795.987,18886.432,18783.209,18883.186,240,3441
2024-05-23 04:00:00,18883.098,18891.32,18850.342,18855.943,240,3453
2024-05-23 08:00:00,18855.665,18915.189,18852.321,18912.598,240,3430
2024-05-23 12:00:00,18912.574,18945.643,18729.131,18843.119,240,3439
2024-05-23 16:00:00,18843.719,18860.531,18549.354,18622.842,240,1436
2024-05-23 20:00:00,18622.586,18643.889,18607.008,18629.121,129,1440
2024-05-24 00:00:00,18628.965,18659.699,18622.576,18639.897,240,3443
2024-05-24 04:00:00,18639.931,18645.789,18611.664,18634.589,240,3439
2024-05-24 08:00:00,18634.897,18690.387,18630.82,18687.653,240,3442
2024-05-24 12:00:00,18687.83,18846.131,18654.431,18824.021,240,3423
2024-05-24 16:00:00,18824.689,18853.975,18765.119,18804.12,240,1428
2024-05-24 20:00:00,18803.198,18808.389,18794.175,18799.019,15,1441
2024-05-27 00:00:00,18766.031,18785.589,18763.197,18779.598,240,3436
2024-05-27 04:00:00,18779.865,18815.953,18777.398,18802.965,232,3443
2024-05-27 08:00:00,18803.354,18813.865,18792.153,18807.865,240,3448
2024-05-27 12:00:00,18807.907,18871.199,18797.398,18869.409,240,3426
2024-05-27 16:00:00,18869.389,18886.189,18863.642,18881.686,59,1435
2024-05-27 20:00:00,18859.598,18862.699,18835.853,18839.075,114,3441
2024-05-28 00:00:00,18838.964,18860.175,18816.464,18858.564,240,3420
2024-05-28 04:00:00,18858.508,18873.919,18840.453,18850.609,240,3444
2024-05-28 08:00:00,18849.532,18911.364,18841.332,18856.853,240,3448
2024-05-28 12:00:00,18856.089,18869.097,18771.921,18854.52,240,3448
2024-05-28 16:00:00,18854.219,18876.719,18751.487,18874.599,240,1434
2024-05-28 20:00:00,18875.41,18898.889,18858.876,18862.253,128,1427
2024-05-29 00:00:00,18862.143,18866.653,18807.632,18819.176,240,3428
2024-05-29 04:00:00,18819.331,18832.887,18777.665,18783.198,240,3448
2024-05-29 08:00:00,18786.343,18807.31,18727.887,18749.998,240,3424
2024-05-29 12:00:00,18750.399,18814.899,18687.942,18786.32,240,3427
2024-05-29 16:00:00,18786.497,18811.265,18718.82,18741.187,240,1430
2024-05-29 20:00:00,18740.953,18748.654,18642.675,18660.753,127,1428
2024-05-30 00:00:00,18660.62,18669.132,18614.832,18623.487,240,3443
2024-05-30 04:00:00,18623.632,18639.987,18595.908,18636.176,240,3426
2024-05-30 08:00:00,18636.498,18698.399,18635.376,18682.764,240,3421
2024-05-30 12:00:00,18682.853,18723.719,18560.32,18605.019,240,3437
2024-05-30 16:00:00,18605.243,18664.853,18484.875,18540.764,240,1424
2024-05-30 20:00:00,18538.886,18543.999,18491.321,18495.087,128,1429
2024-05-31 00:00:00,18494.643,18504.499,18439.275,18498.321,240,3434
2024-05-31 04:00:00,18498.21,18503.499,18450.02,18460.643,240,3432
2024-05-31 08:00:00,18460.531,18508.799,18421.764,18498.32,240,3443
2024-05-31 12:00:00,18497.876,18604.132,18239.619,18244.731,240,3425
2024-05-31 16:00:00,18244.52,18546.297,18188.154,18536.176,240,1422
2024-06-03 00:00:00,18539.153,18600.419,18539.143,18589.254,240,3435
2024-06-03 04:00:00,18589.398,18622.176,18570.209,18584.154,240,3434
2024-06-03 08:00:00,18585.354,18638.665,18572.343,18635.664,240,3425
2024-06-03 12:00:00,18635.651,18703.164,18514.754,18556.087,240,3427
2024-06-03 16:00:00,18557.119,18604.098,18389.154,18604.098,240,1419
2024-06-03 20:00:00,18605.797,18622.364,18597.654,18603.389,128,1424
2024-06-04 00:00:00,18603.21,18629.654,18592.753,18607.165,240,3429
2024-06-04 04:00:00,18607.009,18611.419,18519.854,18570.753,240,3446
2024-06-04 08:00:00,18570.82,18571.786,18464.809,18549.342,240,3433
2024-06-04 12:00:00,18548.843,18617.489,18515.454,18536.786,240,3438
2024-06-04 16:00:00,18536.665,18700.989,18521.531,18652.775,240,1437
2024-06-04 20:00:00,18650.92,18690.987,18635.131,18689.398,128,1431
2024-06-05 00:00:00,18689.886,18716.476,18667.232,18709.408,240,3424
2024-06-05 04:00:00,18709.242,18714.487,18654.654,18682.186,240,3442
2024-06-05 08:00:00,18680.709,18766.298,18679.709,18758.942,240,3438
2024-06-05 12:00:00,18759.187,18936.786,18729.753,18914.843,240,3431
2024-06-05 16:00:00,18914.453,19032.689,18904.465,19029.509,240,1428
2024-06-05 20:00:00,19029.865,19061.086,19004.31,19044.819,129,1423
2024-06-06 00:00:00,19044.599,19064.799,19021.787,19053.789,240,3433
2024-06-06 04:00:00,19053.409,19057.176,19027.621,19046.754,240,3428
2024-06-06 08:00:00,19046.864,19062.489,19026.653,19051.609,240,3436
2024-06-06 12:00:00,19051.108,19076.419,18986.064,19018.499,240,3425
2024-06-06 16:00:00,19018.397,19046.819,18974.21,19021.589,240,1429
2024-06-06 20:00:00,19022.21,19044.175,19001.487,19039.265,128,1451
2024-06-07 00:00:00,19039.143,19052.489,19031.32,19045.875,240,3442
2024-06-07 04:00:00,19046.209,19066.465,19036.764,19044.719,240,3433
2024-06-07 08:00:00,19045.319,19061.621,19016.343,19051.599,240,3434
2024-06-07 12:00:00,19051.254,19096.686,18901.254,19047.709,240,3434
2024-06-07 16:00:00,19047.599,19117.665,18958.854,19005.899,240,1429
2024-06-07 20:00:00,19004.776,19007.864,18983.286,18987.775,15,1427
2024-06-10 00:00:00,18990.187,19013.687,18978.199,19005.421,240,3432
2024-06-10 04:00:00,19005.786,19014.12,18955.61,18982.732,240,3454
2024-06-10 08:00:00,18983.164,19002.376,18937.275,18988.686,240,3423
2024-06-10 12:00:00,18988.684,19078.497,18941.831,19053.508,240,3424
2024-06-10 16:00:00,19053.786,19093.721,18998.431,19078.009,240,1425
2024-06-10 20:00:00,19078.319,19080.099,19041.142,19050.054,126,1444
2024-06-11 00:00:00,19049.931,19061.719,19043.619,19055.942,240,3429
2024-06-11 04:00:00,19056.289,19078.889,19047.631,19060.764,240,3429
2024-06-11 08:00:00,19060.565,19067.508,18994.664,19016.976,240,3435
2024-06-11 12:00:00,19017.389,19106.576,18964.554,19047.476,240,3446
2024-06-11 16:00:00,19047.706,19213.62,19044.61,19209.921,240,1428
2024-06-11 20:00:00,19208.81,19237.076,19193.653,19224.032,128,1432
2024-06-12 00:00:00,19224.609,19234.299,19205.854,19234.097,240,3430
2024-06-12 04:00:00,19234.419,19243.219,19208.531,19219.664,240,3429
2024-06-12 08:00:00,19220.697,19245.099,19212.598,19237.098,240,3420
2024-06-12 12:00:00,19237.107,19515.476,19230.831,19483.087,240,3425
2024-06-12 16:00:00,19483.099,19557.099,19402.119,19461.187,240,1426
2024-06-12 20:00:00,19462.065,19573.599,19432.876,19570.01,127,1428
2024-06-13 00:00:00,19570.098,19607.81,19568.12,19606.631,240,3427
2024-06-13 04:00:00,19606.629,19641.499,19589.21,19625.387,240,3458
2024-06-13 08:00:00,19625.298,19630.198,19553.632,19579.219,240,3428
2024-06-13 12:00:00,19579.532,19656.153,19508.364,19560.221,240,3436
2024-06-13 16:00:00,19561.119,19605.209,19473.176,19569.321,240,1428
2024-06-13 20:00:00,19569.109,19611.221,19561.821,19595.389,128,1437
2024-06-14 00:00:00,19595.442,19619.689,19588.62,19616.719,240,3455
2024-06-14 04:00:00,19616.486,19634.432,19584.653,19617.12,240,3431
2024-06-14 08:00:00,19617.186,19630.443,19478.242,19514.875,240,3439
2024-06-14 12:00:00,19514.906,19628.776,19510.331,19597.864,240,3432
2024-06-14 16:00:00,19597.965,19669.899,19580.543,19668.119,240,1432
2024-06-14 20:00:00,19666.897,19670.099,19658.753,19665.61,15,1432
2024-06-17 00:00:00,19692.642,19697.989,19665.62,19681.409,240,3431
2024-06-17 04:00:00,19681.789,19714.12,19656.053,19699.331,240,3431
2024-06-17 08:00:00,19699.52,19729.289,19672.665,19697.842,240,3427
2024-06-17 12:00:00,19698.02,19743.399,19624.032,19734.543,240,3424
2024-06-17 16:00:00,19733.743,19990.332,19727.243,19903.576,240,1425
2024-06-17 20:00:00,19904.065,19929.275,19871.031,19915.432,129,1430
2024-06-18 00:00:00,19915.331,19915.997,19869.254,19895.008,240,3433
2024-06-18 04:00:00,19895.298,19926.289,19883.486,19916.819,240,3424
2024-06-18 08:00:00,19916.498,19962.809,19915.732,19933.487,240,3428
2024-06-18 12:00:00,19933.608,19979.898,19839.41,19899.087,240,3423
2024-06-18 16:00:00,19899.189,19940.442,19872.297,19911.032,240,1428
2024-06-18 20:00:00,19910.565,19943.199,19903.521,19933.943,128,1425
2024-06-19 00:00:00,19933.952,19937.887,19919.508,19930.465,240,3424
2024-06-19 04:00:00,19930.342,19950.908,19924.319,19945.02,240,3433
2024-06-19 08:00:00,19944.999,19956.289,19933.854,19945.876,240,3442
2024-06-19 12:00:00,19946.364,19963.408,19935.042,19955.553,240,3449
2024-06-19 16:00:00,19955.999,19955.999,19939.52,19942.386,60,1446
2024-06-19 20:00:00,19948.253,19951.089,19940.454,19948.997,113,3448
2024-06-20 00:00:00,19948.786,20006.308,19947.732,20002.864,240,3426
2024-06-20 04:00:00,20003.831,20083.989,19996.42,20053.076,240,3447
2024-06-20 08:00:00,20053.243,20053.609,20004.242,20009.975,240,3431
2024-06-20 12:00:00,20010.006,20018.242,19836.108,19880.253,240,3427
2024-06-20 16:00:00,19879.921,19892.309,19678.632,19760.21,240,1426
2024-06-20 20:00:00,19759.365,19804.686,19749.797,19798.308,127,1427
2024-06-21 00:00:00,19798.32,19800.399,19761.22,19782.243,240,3429
2024-06-21 04:00:00,19782.399,19814.086,19733.01,19757.053,240,3445
2024-06-21 08:00:00,19756.853,19771.719,19676.587,19722.042,240,3427
2024-06-21 12:00:00,19722.586,19794.308,19641.897,19794.308,240,3436
2024-06-21 16:00:00,19795.197,19802.989,19678.098,19704.654,240,1424
2024-06-21 20:00:00,19706.089,19733.786,19701.62,19731.721,15,1433
2024-06-24 00:00:00,19732.842,19742.799,19643.01,19687.175,240,3436
2024-06-24 04:00:00,19687.376,19752.899,19677.431,19741.921,240,3469
2024-06-24 08:00:00,19742.886,19753.897,19663.643,19678.031,240,3434
2024-06-24 12:00:00,19678.132,19721.889,19549.087,19646.521,240,3446
2024-06-24 16:00:00,19646.552,19650.186,19470.943,19479.099,240,1428
2024-06-24 20:00:00,19476.987,19504.898,19458.343,19503.321,128,1426
2024-06-25 00:00:00,19503.365,19527.589,19474.909,19525.821,240,3463
2024-06-25 04:00:00,19526.087,19542.031,19463.486,19470.61,240,3433
2024-06-25 08:00:00,19470.609,19582.443,19458.642,19551.042,240,3430
2024-06-25 12:00:00,19552.019,19692.565,19525.398,19691.576,240,3435
2024-06-25 16:00:00,19691.398,19715.689,19571.653,19705.32,240,1423
2024-06-25 20:00:00,19703.431,19723.999,19690.397,19702.42,128,1434
2024-06-26 00:00:00,19702.42,19744.799,19700.498,19727.108,240,3458
2024-06-26 04:00:00,19727.297,19805.397,19718.31,19804.476,240,3432
2024-06-26 08:00:00,19804.532,19806.808,19717.387,19735.52,240,3431
2024-06-26 12:00:00,19735.72,19763.408,19637.854,19753.742,240,3426
2024-06-26 16:00:00,19754.531,19765.408,19666.264,19745.365,240,1430
2024-06-26 20:00:00,19745.676,19745.676,19646.632,19658.586,128,1429
2024-06-27 00:00:00,19658.599,19675.889,19614.843,19651.521,240,3421
2024-06-27 04:00:00,19650.142,19713.154,19649.797,19687.386,240,3426
2024-06-27 08:00:00,19687.608,19732.087,19673.82,19714.564,240,3426
2024-06-27 12:00:00,19714.698,19857.087,19693.154,19729.589,240,3424
2024-06-27 16:00:00,19729.33,19805.319,19720.587,19787.564,240,1433
2024-06-27 20:00:00,19787.532,19844.076,19785.598,19843.289,128,1427
2024-06-28 00:00:00,19842.887,19887.219,19830.631,19878.575,240,3424
2024-06-28 04:00:00,19878.343,19879.319,19848.132,19853.264,240,3435
2024-06-28 08:00:00,19853.317,19880.575,19839.776,19874.531,240,3442
2024-06-28 12:00:00,19874.599,20021.743,19788.698,19860.02,240,3423
2024-06-28 16:00:00,19860.798,19866.81,19660.787,19682.131,240,1428
2024-07-01 00:00:00,19703.01,19760.819,19687.698,19751.743,240,3425
2024-07-01 04:00:00,19751.543,19775.889,19687.121,19701.153,240,3436
2024-07-01 08:00:00,19704.375,19745.065,19657.276,19731.332,237,3436
2024-07-01 12:00:00,19731.153,19748.099,19571.098,19734.754,240,3426
2024-07-01 16:00:00,19734.098,19831.089,19716.719,19807.087,240,1425
2024-07-01 20:00:00,19807.054,19816.698,19770.62,19777.82,130,1431
2024-07-02 00:00:00,19778.132,19784.597,19720.799,19740.154,240,3429
2024-07-02 04:00:00,19740.386,19774.576,19694.698,19724.399,240,3427
2024-07-02 08:00:00,19724.217,19733.799,19669.421,19691.854,240,3428
2024-07-02 12:00:00,19691.664,19914.409,19686.154,19853.032,240,3429
2024-07-02 16:00:00,19852.154,20014.31,19824.098,20012.298,240,1423
2024-07-02 20:00:00,20011.354,20012.409,19991.11,19995.387,130,1438
2024-07-03 00:00:00,19995.899,20010.319,19989.454,19993.332,240,3425
2024-07-03 04:00:00,19993.652,20019.708,19992.153,19998.631,240,3457
2024-07-03 08:00:00,19998.897,20039.164,19992.142,20008.319,240,3429
2024-07-03 12:00:00,20007.842,20147.099,19963.187,20144.986,240,3441
2024-07-03 16:00:00,20144.918,20197.389,20135.275,20181.387,75,1432
2024-07-03 20:00:00,20172.986,20173.165,20152.62,20163.508,109,3434
2024-07-04 00:00:00,20163.589,20178.631,20158.61,20164.975,240,3432
2024-07-04 04:00:00,20165.187,20171.198,20158.909,20168.265,240,3454
2024-07-04 08:00:00,20168.198,20168.999,20157.686,20165.708,240,3445
2024-07-04 12:00:00,20165.706,20171.099,20132.164,20148.453,240,3440
2024-07-04 16:00:00,20148.186,20150.899,20136.721,20143.965,60,1426
2024-07-04 20:00:00,20142.676,20163.598,20142.676,20157.509,115,3422
2024-07-05 00:00:00,20159.132,20185.599,20157.821,20180.909,240,3430
2024-07-05 04:00:00,20180.575,20226.031,20179.598,20208.842,240,3426
2024-07-05 08:00:00,20208.52,20224.889,20192.943,20200.899,240,3436
2024-07-05 12:00:00,20200.364,20373.489,20151.164,20362.999,240,3445
2024-07-05 16:00:00,20363.086,20405.119,20343.187,20388.397,240,1420
2024-07-05 20:00:00,20388.143,20388.143,20370.832,20378.386,15,1418
2024-07-08 00:00:00,20357.386,20369.375,20346.431,20363.986,240,3426
2024-07-08 04:00:00,20364.121,20374.899,20350.221,20373.364,240,3426
2024-07-08 08:00:00,20374.631,20398.099,20366.487,20395.464,240,3425
2024-07-08 12:00:00,20395.484,20442.909,20361.843,20439.887,240,3427
2024-07-08 16:00:00,20440.908,20460.232,20381.42,20437.886,240,1432
2024-07-08 20:00:00,20436.12,20513.765,20428.631,20512.219,130,1433
2024-07-09 00:00:00,20512.819,20522.398,20478.121,20508.198,240,3428
2024-07-09 04:00:00,20507.997,20516.089,20486.71,20506.198,240,3440
2024-07-09 08:00:00,20506.31,20521.487,20492.643,20499.498,240,3444
2024-07-09 12:00:00,20499.999,20546.399,20444.299,20478.821,240,3425
2024-07-09 16:00:00,20479.064,20490.421,20389.576,20453.453,240,1428
2024-07-09 20:00:00,20453.064,20477.889,20445.62,20472.365,129,1425
2024-07-10 00:00:00,20472.254,20490.108,20471.886,20484.586,240,3429
2024-07-10 04:00:00,20484.242,20493.376,20471.254,20487.243,240,3449
2024-07-10 08:00:00,20487.219,20534.597,20486.186,20524.62,240,3436
2024-07-10 12:00:00,20524.908,20570.807,20477.587,20543.032,240,3429
2024-07-10 16:00:00,20542.798,20689.309,20536.264,20666.043,240,1427
2024-07-10 20:00:00,20666.876,20673.042,20650.821,20655.531,129,1430
2024-07-11 00:00:00,20655.397,20658.099,20627.843,20657.586,231,3428
2024-07-11 04:00:00,20657.62,20662.108,20641.753,20657.775,240,3437
2024-07-11 08:00:00,20658.097,20665.908,20647.176,20656.786,240,3426
2024-07-11 12:00:00,20656.729,20757.354,20256.297,20261.319,240,3440
2024-07-11 16:00:00,20262.264,20318.989,20162.698,20215.254,240,1424
2024-07-11 20:00:00,20215.219,20250.299,20194.787,20206.064,130,1430
2024-07-12 00:00:00,20206.062,20240.389,20200.832,20211.865,240,3426
2024-07-12 04:00:00,20211.808,20227.899,20163.686,20192.275,240,3437
2024-07-12 08:00:00,20192.164,20239.01,20192.164,20234.797,240,3424
2024-07-12 12:00:00,20232.886,20457.276,20128.52,20385.265,240,3422
2024-07-12 16:00:00,20384.499,20528.676,20300.753,20328.898,240,1426
2024-07-12 20:00:00,20329.887,20351.398,20316.12,20329.743,15,1421
2024-07-15 00:00:00,20351.354,20372.399,20340.331,20366.554,240,3463
2024-07-15 04:00:00,20366.353,20423.665,20364.754,20407.11,240,3431
2024-07-15 08:00:00,20407.32,20443.399,20399.309,20412.032,240,3423
2024-07-15 12:00:00,20412.309,20586.853,20376.676,20493.064,240,3420
2024-07-15 16:00:00,20492.553,20496.764,20301.71,20389.164,240,1425
2024-07-15 20:00:00,20388.742,20443.889,20380.308,20428.664,130,1432
2024-07-16 00:00:00,20429.564,20451.799,20415.875,20444.399,240,3427
2024-07-16 04:00:00,20444.286,20450.089,20360.353,20378.254,240,3436
2024-07-16 08:00:00,20378.597,20434.076,20338.597,20427.889,240,3430
2024-07-16 12:00:00,20427.731,20481.489,20283.764,20348.464,240,3443
2024-07-16 16:00:00,20348.075,20410.897,20262.276,20397.075,240,1426
2024-07-16 20:00:00,20396.308,20404.532,20356.009,20363.319,130,1431
2024-07-17 00:00:00,20363.689,20376.989,20323.321,20333.243,240,3427
2024-07-17 04:00:00,20333.608,20336.089,20145.21,20160.92,240,3425
2024-07-17 08:00:00,20161.509,20174.609,20057.876,20084.909,240,3427
2024-07-17 12:00:00,20081.797,20117.919,19856.486,19889.476,240,3441
2024-07-17 16:00:00,19889.876,19891.853,19793.264,19798.019,240,1423
2024-07-17 20:00:00,19797.929,19873.209,19770.653,19864.487,130,1451
2024-07-18 00:00:00,19864.554,19886.309,19832.032,19857.053,240,3428
2024-07-18 04:00:00,19857.399,19968.475,19842.432,19905.189,240,3435
2024-07-18 08:00:00,19905.319,19935.008,19825.02,19894.431,240,3436
2024-07-18 12:00:00,19894.21,19968.689,19593.108,19604.443,240,3423
2024-07-18 16:00:00,19604.565,19771.519,19569.789,19706.753,240,1427
2024-07-18 20:00:00,19703.686,19793.699,19676.565,19762.721,130,1425
2024-07-19 00:00:00,19763.453,19782.208,19752.71,19773.054,240,3429
2024-07-19 04:00:00,19773.219,19777.454,19766.653,19776.231,66,3425
2024-07-19 08:00:00,19619.036,19755.477,19610.362,19739.775,144,2223
2024-07-19 12:00:00,19740.253,19792.492,19527.369,19637.418,240,2230
2024-07-19 16:00:00,19637.103,19645.992,19475.992,19531.973,240,1233
2024-07-19 20:00:00,19533.747,19555.899,19511.253,19517.601,15,2228
2024-07-22 00:00:00,19638.319,19644.808,19541.187,19599.219,240,3440
2024-07-22 04:00:00,19599.41,19659.499,19563.164,19645.098,240,3433
2024-07-22 08:00:00,19645.063,19720.799,19628.308,19719.142,240,3424
2024-07-22 12:00:00,19719.217,19849.143,19626.431,19681.454,240,3436
2024-07-22 16:00:00,19681.373,19860.72,19652.343,19818.076,240,1432
2024-07-22 20:00:00,19820.397,19833.731,19776.231,19777.698,130,1433
2024-07-23 00:00:00,19777.087,19791.332,19735.087,19755.797,240,3425
2024-07-23 04:00:00,19755.831,19775.799,19691.198,19715.808,240,3434
2024-07-23 08:00:00,19716.031,19838.299,19699.031,19818.143,240,3428
2024-07-23 12:00:00,19818.265,19908.808,19746.999,19858.597,240,3432
2024-07-23 16:00:00,19858.886,19864.642,19732.353,19750.875,240,1428
2024-07-23 20:00:00,19750.917,19824.832,19614.11,19620.264,129,1429
2024-07-24 00:00:00,19621.899,19665.686,19620.832,19626.676,240,3429
2024-07-24 04:00:00,19626.765,19628.698,19536.264,19544.887,240,3429
2024-07-24 08:00:00,19544.71,19580.609,19511.332,19530.819,240,3436
2024-07-24 12:00:00,19530.708,19532.664,19194.52,19196.075,240,3431
2024-07-24 16:00:00,19196.086,19216.32,19005.786,19040.908,240,1435
2024-07-24 20:00:00,19040.119,19141.687,19027.087,19108.375,130,1429
2024-07-25 00:00:00,19108.275,19139.887,19053.397,19105.065,240,3437
2024-07-25 04:00:00,19105.11,19112.021,18992.209,19023.654,240,3435
2024-07-25 08:00:00,19023.731,19072.499,18899.732,18968.219,240,3432
2024-07-25 12:00:00,18968.098,19117.419,18721.21,19073.664,240,3430
2024-07-25 16:00:00,19074.553,19228.489,18821.553,18829.708,238,1431
2024-07-25 20:00:00,18828.742,18879.021,18780.243,18868.264,131,1432
2024-07-26 00:00:00,18868.119,18936.465,18863.787,18918.097,240,3439
2024-07-26 04:00:00,18918.897,18998.499,18909.531,18992.442,240,3452
2024-07-26 08:00:00,18992.989,19066.475,18976.743,19057.531,240,3435
2024-07-26 12:00:00,19057.021,19080.321,18890.608,19034.442,240,3440
2024-07-26 16:00:00,19034.786,19147.189,18953.01,19023.576,240,1428
2024-07-26 20:00:00,19025.386,19038.189,19014.721,19026.265,15,1429
2024-07-29 00:00:00,19091.164,19178.942,19087.92,19153.143,240,3437
2024-07-29 04:00:00,19152.754,19183.899,19069.187,19087.709,240,3456
2024-07-29 08:00:00,19087.41,19168.72,19076.742,19146.687,240,3433
2024-07-29 12:00:00,19146.92,19227.275,18967.854,19115.186,240,3440
2024-07-29 16:00:00,19116.376,19203.099,19040.487,19059.419,240,1429
2024-07-29 20:00:00,19058.431,19083.009,18974.654,18984.621,135,1435
2024-07-30 00:00:00,18984.099,19016.499,18927.931,18981.508,240,3430
2024-07-30 04:00:00,18981.62,19102.819,18981.62,19086.365,240,3439
2024-07-30 08:00:00,19086.62,19130.297,19057.654,19113.676,240,3432
2024-07-30 12:00:00,19113.353,19171.243,18783.043,18785.754,240,3431
2024-07-30 16:00:00,18786.642,18872.086,18659.621,18797.731,240,1430
2024-07-30 20:00:00,18795.153,18920.309,18583.953,18916.42,134,1432
2024-07-31 00:00:00,18915.319,18995.421,18871.164,18992.31,240,3429
2024-07-31 04:00:00,18991.899,19093.319,18950.931,19077.499,240,3428
2024-07-31 08:00:00,19073.875,19116.099,19034.821,19107.81,240,3439
2024-07-31 12:00:00,19107.865,19367.076,19101.997,19322.889,240,3430
2024-07-31 16:00:00,19323.565,19426.775,19198.676,19344.043,240,1429
2024-07-31 20:00:00,19348.708,19541.889,19345.143,19530.264,129,1435
2024-08-01 00:00:00,19531.053,19572.586,19476.087,19540.389,240,3432
2024-08-01 04:00:00,19540.01,19547.632,19442.021,19473.621,240,3440
2024-08-01 08:00:00,19472.287,19487.409,19361.221,19430.176,240,3432
2024-08-01 12:00:00,19434.121,19539.298,19010.554,19024.353,240,3429
2024-08-01 16:00:00,19025.232,19100.119,18735.332,18896.587,240,1428
2024-08-01 20:00:00,18896.209,18912.075,18713.31,18784.631,132,1444
2024-08-02 00:00:00,18779.721,18804.889,18557.81,18659.776,212,3449
2024-08-02 04:00:00,18659.853,18672.854,18512.809,18619.121,240,3445
2024-08-02 08:00:00,18619.832,18632.12,18516.721,18545.12,240,3429
2024-08-02 12:00:00,18545.253,18632.586,18260.253,18471.365,240,3434
2024-08-02 16:00:00,18470.253,18509.053,18321.743,18435.753,240,1440
2024-08-02 20:00:00,18436.71,18442.399,18416.853,18430.343,15,1444
2024-08-05 00:00:00,18142.307,18151.499,17901.698,17905.853,240,3427
2024-08-05 04:00:00,17905.62,17922.331,17234.797,17731.332,238,3449
2024-08-05 08:00:00,17740.265,17867.789,17471.753,17522.608,240,3427
2024-08-05 12:00:00,17525.309,18076.898,17242.62,17992.175,240,3423
2024-08-05 16:00:00,17992.387,18175.087,17779.909,17907.854,240,2438
2024-08-05 20:00:00,17904.586,18172.175,17883.097,18172.053,129,2430
2024-08-06 00:00:00,18176.119,18320.399,18114.587,18277.197,240,3440
2024-08-06 04:00:00,18277.543,18288.599,18107.664,18136.643,240,3448
2024-08-06 08:00:00,18136.875,18155.009,17903.82,18074.453,240,3424
2024-08-06 12:00:00,18074.219,18238.12,17852.854,18229.997,240,3454
2024-08-06 16:00:00,18232.932,18369.899,18053.797,18060.02,240,1434
2024-08-06 20:00:00,18060.698,18078.131,17923.153,17945.943,129,1432
2024-08-07 00:00:00,17945.642,18304.297,17938.432,18275.508,240,3432
2024-08-07 04:00:00,18277.708,18326.799,18110.642,18148.076,240,3437
2024-08-07 08:00:00,18155.732,18350.899,18133.489,18285.165,240,3437
2024-08-07 12:00:00,18286.942,18448.086,18232.265,18290.609,240,3429
2024-08-07 16:00:00,18292.254,18297.021,17845.053,17867.365,240,1435
2024-08-07 20:00:00,17864.809,17892.153,17642.309,17738.708,130,1439
2024-08-08 00:00:00,17741.386,17972.199,17719.819,17914.909,240,3428
2024-08-08 04:00:00,17914.964,17947.297,17773.464,17809.197,240,3438
2024-08-08 08:00:00,17803.62,17911.019,17797.82,17886.686,240,3453
2024-08-08 12:00:00,17890.676,18327.989,17852.71,18292.676,240,3427
2024-08-08 16:00:00,18291.998,18446.953,18251.142,18412.476,240,1434
2024-08-08 20:00:00,18414.164,18515.832,18406.265,18500.608,130,1434
2024-08-09 00:00:00,18500.487,18500.487,18389.408,18463.342,240,3432
2024-08-09 04:00:00,18463.143,18486.799,18330.064,18445.897,240,3451
2024-08-09 08:00:00,18446.098,18549.908,18388.342,18424.51,240,3436
2024-08-09 12:00:00,18425.708,18480.587,18282.699,18381.631,240,3440
2024-08-09 16:00:00,18386.598,18572.876,18359.019,18507.589,240,1432
2024-08-09 20:00:00,18509.354,18521.576,18493.764,18510.232,15,1438
2024-08-12 00:00:00,18526.021,18564.065,18483.453,18534.942,240,3445
2024-08-12 04:00:00,18535.043,18588.289,18501.52,18577.643,240,3442
2024-08-12 08:00:00,18574.997,18586.389,18525.019,18563.799,240,3443
2024-08-12 12:00:00,18563.61,18664.121,18423.62,18620.453,240,3431
2024-08-12 16:00:00,18619.431,18630.976,18483.175,18546.575,211,1437
2024-08-12 20:00:00,18547.909,18570.399,18518.887,18557.632,131,1435
2024-08-13 00:00:00,18557.864,18592.12,18539.853,18572.609,240,3437
2024-08-13 04:00:00,18572.653,18719.709,18572.631,18679.399,240,3429
2024-08-13 08:00:00,18679.331,18683.898,18551.119,18614.987,240,3440
2024-08-13 12:00:00,18614.865,18898.099,18612.843,18881.532,240,3467
2024-08-13 16:00:00,18881.354,19011.599,18866.864,19000.376,240,1434
2024-08-13 20:00:00,19001.021,19023.899,18981.52,19017.632,130,1441
2024-08-14 00:00:00,19018.187,19054.189,18983.654,19010.099,240,3444
2024-08-14 04:00:00,19009.642,19033.589,18987.508,18997.142,240,3428
2024-08-14 08:00:00,18997.354,19022.376,18965.043,19012.031,240,3429
2024-08-14 12:00:00,19011.843,19109.932,18834.01,19103.354,240,3443
2024-08-14 16:00:00,19103.899,19104.987,18923.229,19012.664,240,1427
2024-08-14 20:00:00,19011.875,19061.198,19002.654,19008.664,130,1424
2024-08-15 00:00:00,19008.52,19124.608,19007.631,19115.832,240,3429
2024-08-15 04:00:00,19116.289,19121.831,19047.742,19097.275,240,3454
2024-08-15 08:00:00,19097.653,19099.876,19006.765,19065.664,240,3429
2024-08-15 12:00:00,19066.154,19444.609,19046.665,19424.654,240,3440
2024-08-15 16:00:00,19423.999,19501.599,19412.22,19481.399,240,1441
2024-08-15 20:00:00,19481.209,19541.353,19460.042,19515.298,129,1427
2024-08-16 00:00:00,19515.354,19545.02,19478.297,19536.243,240,3440
2024-08-16 04:00:00,19536.131,19584.332,19513.742,19535.809,240,3446
2024-08-16 08:00:00,19538.587,19552.154,19451.164,19454.708,240,3449
2024-08-16 12:00:00,19455.553,19500.299,19350.886,19482.232,240,3430
2024-08-16 16:00:00,19481.264,19565.765,19471.376,19509.886,240,1446
2024-08-16 20:00:00,19509.242,19526.286,19503.364,19523.499,15,1439
2024-08-19 00:00:00,19553.776,19592.219,19533.297,19552.397,240,3433
2024-08-19 04:00:00,19551.898,19554.319,19467.61,19490.499,240,3446
2024-08-19 08:00:00,19490.409,19523.899,19431.598,19515.821,240,3432
2024-08-19 12:00:00,19516.299,19588.086,19440.731,19546.709,240,3432
2024-08-19 16:00:00,19546.886,19768.289,19529.698,19767.632,240,1440
2024-08-19 20:00:00,19767.21,19784.476,19740.208,19767.008,130,1432
2024-08-20 00:00:00,19767.031,19819.899,19752.119,19782.997,240,3445
2024-08-20 04:00:00,19782.698,19837.165,19779.631,19817.321,240,3443
2024-08-20 08:00:00,19817.689,19819.108,19756.32,19780.565,240,3440
2024-08-20 12:00:00,19780.643,19831.689,19650.82,19761.586,240,3440
2024-08-20 16:00:00,19761.854,19776.409,19657.597,19718.654,239,1432
2024-08-20 20:00:00,19718.643,19739.843,19694.976,19699.089,129,1430
2024-08-21 00:00:00,19697.976,19750.354,19697.854,19740.375,240,3430
2024-08-21 04:00:00,19740.508,19763.832,19708.954,19724.92,240,3450
2024-08-21 08:00:00,19725.886,19768.599,19699.131,19741.076,240,3435
2024-08-21 12:00:00,19741.208,19894.519,19716.943,19738.075,240,3442
2024-08-21 16:00:00,19737.289,19862.809,19685.41,19816.897,240,1431
2024-08-21 20:00:00,19817.897,19854.889,19792.076,19847.521,129,1444
2024-08-22 00:00:00,19846.475,19855.289,19777.799,19793.808,240,3431
2024-08-22 04:00:00,19793.643,19840.199,19787.676,19829.076,240,3445
2024-08-22 08:00:00,19828.819,19898.186,19808.231,19888.276,240,3434
2024-08-22 12:00:00,19888.542,19937.008,19579.02,19625.319,240,3442
2024-08-22 16:00:00,19624.854,19745.243,19457.565,19499.343,240,1429
2024-08-22 20:00:00,19500.021,19561.721,19482.243,19560.431,130,1456
2024-08-23 00:00:00,19560.609,19602.031,19554.432,19588.232,240,3434
2024-08-23 04:00:00,19588.053,19629.799,19587.397,19601.498,240,3432
2024-08-23 08:00:00,19601.608,19676.999,19595.764,19659.975,240,3433
2024-08-23 12:00:00,19659.999,19823.419,19544.775,19639.321,240,3436
2024-08-23 16:00:00,19640.32,19734.754,19517.053,19711.71,240,1431
2024-08-23 20:00:00,19714.232,19720.689,19697.219,19706.098,15,1445
2024-08-26 00:00:00,19689.097,19757.321,19676.954,19688.899,240,3432
2024-08-26 04:00:00,19688.51,19762.121,19680.589,19753.52,240,3451
2024-08-26 08:00:00,19753.875,19770.865,19670.831,19700.031,240,3441
2024-08-26 12:00:00,19699.854,19727.831,19432.697,19482.665,234,3440
2024-08-26 16:00:00,19482.586,19569.132,19441.143,19520.397,240,1428
2024-08-26 20:00:00,19521.142,19523.532,19451.009,19499.032,129,1431
2024-08-27 00:00:00,19499.198,19532.597,19472.064,19524.021,240,3434
2024-08-27 04:00:00,19523.986,19549.875,19512.109,19543.799,240,3453
2024-08-27 08:00:00,19543.409,19574.699,19481.854,19523.82,240,3434
2024-08-27 12:00:00,19524.497,19621.397,19371.354,19538.376,240,3434
2024-08-27 16:00:00,19538.586,19620.143,19511.389,19579.575,240,1432
2024-08-27 20:00:00,19578.321,19589.364,19490.365,19516.697,128,1431
2024-08-28 00:00:00,19516.875,19558.553,19509.11,19548.587,240,3439
2024-08-28 04:00:00,19548.41,19583.619,19545.643,19577.099,240,3450
2024-08-28 08:00:00,19574.965,19619.699,19539.653,19548.621,240,3440
2024-08-28 12:00:00,19548.432,19586.164,19272.632,19360.899,240,3447
2024-08-28 16:00:00,19361.208,19414.676,19212.808,19351.398,240,1441
2024-08-28 20:00:00,19352.554,19365.042,19076.886,19128.586,131,1430
2024-08-29 00:00:00,19128.71,19213.832,19127.808,19210.321,240,3452
2024-08-29 04:00:00,19210.797,19328.343,19210.142,19306.242,239,3438
2024-08-29 08:00:00,19303.743,19451.709,19297.531,19402.064,240,3436
2024-08-29 12:00:00,19402.064,19628.354,19380.331,19569.187,240,3431
2024-08-29 16:00:00,19570.399,19625.608,19273.898,19328.942,240,1430
2024-08-29 20:00:00,19330.153,19387.219,19330.143,19372.875,128,1431
2024-08-30 00:00:00,19372.875,19417.589,19337.698,19395.797,240,3438
2024-08-30 04:00:00,19395.653,19482.119,19378.753,19464.386,240,3442
2024-08-30 08:00:00,19464.609,19489.853,19441.665,19469.831,240,3445
2024-08-30 12:00:00,19469.71,19575.553,19363.664,19411.031,240,3443
2024-08-30 16:00:00,19411.297,19579.909,19320.02,19565.119,240,1432
2024-09-02 00:00:00,19535.142,19575.999,19524.221,19539.031,240,3444
2024-09-02 04:00:00,19539.099,19547.12,19460.319,19484.387,240,3454
2024-09-02 08:00:00,19484.208,19556.499,19484.208,19553.365,240,3434
2024-09-02 12:00:00,19552.775,19619.209,19538.187,19602.664,240,3436
2024-09-02 16:00:00,19603.265,19609.12,19578.598,19596.819,59,1442
2024-09-02 20:00:00,19609.732,19633.575,19496.82,19531.132,119,3465
2024-09-03 00:00:00,19532.675,19559.075,19465.053,19512.053,240,3431
2024-09-03 04:00:00,19511.875,19594.889,19470.021,19564.653,240,3435
2024-09-03 08:00:00,19569.374,19582.889,19396.543,19446.387,240,3433
2024-09-03 12:00:00,19446.575,19472.576,19099.264,19102.909,240,3435
2024-09-03 16:00:00,19103.751,19159.587,18864.775,18963.608,240,1429
2024-09-03 20:00:00,18963.497,18989.199,18886.042,18909.276,130,1451
2024-09-04 00:00:00,18909.597,18935.443,18778.431,18833.298,240,3433
2024-09-04 04:00:00,18833.431,18869.276,18783.598,18852.699,240,3428
2024-09-04 08:00:00,18852.62,18893.643,18797.631,18825.632,240,3435
2024-09-04 12:00:00,18824.643,19069.699,18791.776,18964.789,240,3427
2024-09-04 16:00:00,18964.621,19042.253,18862.997,18912.809,240,1432
2024-09-04 20:00:00,18912.032,18939.442,18846.497,18886.465,130,1432
2024-09-05 00:00:00,18886.474,18960.599,18852.886,18860.375,240,3432
2024-09-05 04:00:00,18859.397,18956.699,18839.064,18952.686,240,3435
2024-09-05 08:00:00,18952.019,18952.343,18852.643,18871.842,240,3442
2024-09-05 12:00:00,18871.197,19108.542,18783.353,18821.419,240,3446
2024-09-05 16:00:00,18820.887,18998.876,18817.697,18935.098,240,1432
2024-09-05 20:00:00,18934.096,18969.608,18856.343,18875.409,130,1431
2024-09-06 00:00:00,18875.889,18879.432,18756.42,18835.864,240,3428
2024-09-06 04:00:00,18835.986,18862.199,18672.143,18743.497,240,3430
2024-09-06 08:00:00,18743.153,18756.298,18670.187,18747.275,240,3448
2024-09-06 12:00:00,18747.219,18936.243,18413.732,18430.519,240,3436
2024-09-06 16:00:00,18430.495,18513.632,18398.72,18427.819,240,1431
2024-09-06 20:00:00,18425.697,18427.01,18396.819,18410.132,15,1431
2024-09-09 00:00:00,18420.397,18508.875,18418.598,18505.587,233,3432
2024-09-09 04:00:00,18505.364,18588.632,18503.108,18587.143,240,3446
2024-09-09 08:00:00,18587.185,18613.289,18550.22,18563.809,240,3433
2024-09-09 12:00:00,18563.831,18685.289,18464.031,18609.698,240,3431
2024-09-09 16:00:00,18610.299,18695.698,18534.354,18658.064,240,1429
2024-09-09 20:00:00,18656.809,18704.621,18646.721,18682.121,128,1430
2024-09-10 00:00:00,18682.076,18685.465,18606.775,18621.621,240,3428
2024-09-10 04:00:00,18621.608,18650.975,18574.286,18649.597,240,3435
2024-09-10 08:00:00,18649.721,18675.019,18551.889,18667.109,240,3432
2024-09-10 12:00:00,18666.789,18791.708,18594.654,18597.299,240,3437
2024-09-10 16:00:00,18595.721,18846.587,18562.221,18826.72,240,1430
2024-09-10 20:00:00,18823.164,18835.799,18795.031,18809.389,129,1435
2024-09-11 00:00:00,18809.464,18816.489,18706.619,18723.52,240,3452
2024-09-11 04:00:00,18723.631,18797.132,18677.621,18793.653,240,3442
2024-09-11 08:00:00,18788.899,18812.732,18736.721,18807.243,240,3430
2024-09-11 12:00:00,18807.187,18899.275,18525.286,18765.286,240,3435
2024-09-11 16:00:00,18764.42,19264.72,18760.71,19224.542,240,1435
2024-09-11 20:00:00,19225.789,19240.308,19201.598,19216.964,129,1441
2024-09-12 00:00:00,19216.786,19282.197,19206.986,19281.243,240,3433
2024-09-12 04:00:00,19281.153,19315.375,19244.998,19254.489,240,3439
2024-09-12 08:00:00,19254.887,19303.808,19232.975,19271.686,240,3436
2024-09-12 12:00:00,19272.153,19365.997,19159.31,19243.699,240,3432
2024-09-12 16:00:00,19243.599,19460.476,19236.487,19429.875,240,1430
2024-09-12 20:00:00,19428.921,19452.12,19379.908,19435.12,129,1442
2024-09-13 00:00:00,19434.732,19455.386,19402.554,19432.886,240,3435
2024-09-13 04:00:00,19433.075,19470.243,19412.899,19417.231,240,3459
2024-09-13 08:00:00,19419.62,19460.176,19407.643,19436.298,240,3430
2024-09-13 12:00:00,19436.131,19525.631,19382.119,19517.887,240,3431
2024-09-13 16:00:00,19516.743,19557.565,19460.653,19509.964,240,1429
2024-09-13 20:00:00,19510.821,19510.821,19483.654,19495.865,15,1433
2024-09-16 00:00:00,19518.623,19523.264,19476.362,19510.297,240,2226
2024-09-16 04:00:00,19510.459,19512.112,19463.275,19500.297,240,2221
2024-09-16 08:00:00,19500.318,19524.492,19425.676,19435.743,240,2231
2024-09-16 12:00:00,19436.199,19447.064,19283.799,19354.065,240,3432
2024-09-16 16:00:00,19355.108,19434.764,19299.498,19422.131,240,1429
2024-09-16 20:00:00,19422.206,19447.231,19409.131,19425.398,135,1431
2024-09-17 00:00:00,19424.442,19435.286,19385.387,19399.689,240,3451
2024-09-17 04:00:00,19399.376,19497.997,19394.342,19486.898,240,3437
2024-09-17 08:00:00,19485.908,19554.754,19480.564,19545.286,240,3433
2024-09-17 12:00:00,19545.076,19603.775,19463.031,19526.098,240,3432
2024-09-17 16:00:00,19526.189,19536.599,19326.008,19434.521,240,1431
2024-09-17 20:00:00,19433.475,19461.589,19424.398,19458.464,129,1435
2024-09-18 00:00:00,19460.076,19468.708,19437.376,19439.91,240,3454
2024-09-18 04:00:00,19440.098,19479.909,19423.332,19448.831,240,3435
2024-09-18 08:00:00,19448.818,19482.098,19411.331,19455.187,240,3457
2024-09-18 12:00:00,19457.009,19490.119,19343.32,19353.953,240,3434
2024-09-18 16:00:00,19353.843,19652.097,19322.565,19346.287,240,1442
2024-09-18 20:00:00,19344.264,19537.109,19327.643,19523.199,130,1432
2024-09-19 00:00:00,19522.721,19627.908,19437.264,19623.599,240,3431
2024-09-19 04:00:00,19623.442,19701.609,19601.531,19701.109,240,3450
2024-09-19 08:00:00,19699.609,19777.476,19659.354,19768.832,240,3431
2024-09-19 12:00:00,19768.874,19912.508,19718.865,19851.299,240,3443
2024-09-19 16:00:00,19851.353,19956.143,19818.564,19835.542,240,1431
2024-09-19 20:00:00,19834.789,19845.82,19792.108,19809.064,129,1431
2024-09-20 00:00:00,19808.775,19830.389,19780.764,19810.887,240,3453
2024-09-20 04:00:00,19811.289,19829.398,19783.597,19818.631,240,3434
2024-09-20 08:00:00,19819.221,19823.342,19741.686,19778.186,240,3432
2024-09-20 12:00:00,19778.708,19842.886,19625.065,19741.608,240,3431
2024-09-20 16:00:00,19742.353,19852.708,19703.276,19797.232,240,1435
2024-09-20 20:00:00,19799.799,19803.489,19770.865,19775.732,15,1433
2024-09-23 00:00:00,19830.853,19931.799,19823.832,19913.398,240,3437
2024-09-23 04:00:00,19913.697,19924.789,19724.043,19828.553,240,3446
2024-09-23 08:00:00,19828.764,19858.364,19784.865,19847.297,240,3458
2024-09-23 12:00:00,19843.52,19897.532,19801.286,19877.064,240,3438
2024-09-23 16:00:00,19877.097,19878.654,19790.632,19849.908,240,1436
2024-09-23 20:00:00,19850.375,19859.343,19819.886,19843.731,129,1436
2024-09-24 00:00:00,19843.489,19870.631,19798.72,19825.821,240,3449
2024-09-24 04:00:00,19825.609,19928.732,19820.732,19928.075,240,3440
2024-09-24 08:00:00,19925.099,19954.221,19826.319,19881.208,240,3440
2024-09-24 12:00:00,19881.408,19992.908,19729.72,19966.299,240,3430
2024-09-24 16:00:00,19967.031,19992.789,19880.797,19940.564,240,1430
2024-09-24 20:00:00,19941.598,19964.386,19933.82,19952.654,130,1431
2024-09-25 00:00:00,19952.575,19955.609,19882.775,19900.708,240,3444
2024-09-25 04:00:00,19900.989,19912.799,19837.542,19881.242,240,3446
2024-09-25 08:00:00,19882.198,19913.375,19852.832,19913.187,240,3439
2024-09-25 12:00:00,19913.364,20044.409,19897.843,19982.521,240,3434
2024-09-25 16:00:00,19982.808,19990.576,19910.675,19969.554,240,1435
2024-09-25 20:00:00,19969.286,20059.297,19963.298,20053.719,129,1430
2024-09-26 00:00:00,20053.908,20146.221,20052.642,20140.198,240,3437
2024-09-26 04:00:00,20140.489,20275.832,20130.865,20259.899,240,3436
2024-09-26 08:00:00,20263.298,20280.043,20227.142,20261.408,240,3437
2024-09-26 12:00:00,20261.265,20313.799,19961.886,20096.598,240,3432
2024-09-26 16:00:00,20096.354,20136.62,19964.153,20116.298,240,1434
2024-09-26 20:00:00,20117.165,20162.589,20110.887,20124.986,130,1431
2024-09-27 00:00:00,20124.865,20124.887,20061.487,20101.343,240,3447
2024-09-27 04:00:00,20101.575,20139.276,20017.21,20029.586,240,3446
2024-09-27 08:00:00,20029.398,20127.098,20026.054,20126.387,240,3430
2024-09-27 12:00:00,20126.464,20176.099,20009.786,20013.321,240,3435
2024-09-27 16:00:00,20013.598,20074.286,19953.289,20005.108,240,1430
2024-09-27 20:00:00,20004.175,20008.043,19981.708,19987.72,15,1432
2024-09-30 00:00:00,20058.62,20068.289,19936.932,20001.142,240,3434
2024-09-30 04:00:00,20001.299,20028.609,19928.81,20007.086,240,3437
2024-09-30 08:00:00,20007.029,20007.029,19901.921,19912.032,240,3434
2024-09-30 12:00:00,19912.154,20045.042,19906.597,19992.043,240,3443
2024-09-30 16:00:00,19992.608,20073.276,19842.375,20037.119,240,1441
2024-09-30 20:00:00,20035.997,20061.654,20002.054,20035.889,129,1438
2024-10-01 00:00:00,20035.521,20118.686,20010.209,20072.809,240,3441
2024-10-01 04:00:00,20073.02,20076.799,20003.62,20074.632,240,3436
2024-10-01 08:00:00,20074.508,20112.689,20039.809,20060.454,240,3435
2024-10-01 12:00:00,20060.286,20074.421,19619.931,19722.889,240,3450
2024-10-01 16:00:00,19722.42,19875.641,19645.254,19770.986,240,1428
2024-10-01 20:00:00,19773.199,19810.142,19685.908,19724.554,129,1429
2024-10-02 00:00:00,19724.443,19787.998,19716.831,19776.843,240,3444
2024-10-02 04:00:00,19776.62,19781.699,19672.921,19744.998,240,3431
2024-10-02 08:00:00,19744.643,19767.442,19671.089,19725.875,240,3430
2024-10-02 12:00:00,19725.709,19882.064,19627.476,19853.51,240,3435
2024-10-02 16:00:00,19853.887,19877.799,19764.042,19801.598,240,1429
2024-10-02 20:00:00,19803.386,19863.676,19798.698,19851.565,129,1433
2024-10-03 00:00:00,19851.432,19851.842,19732.653,19745.397,240,3436
2024-10-03 04:00:00,19745.621,19768.689,19647.942,19680.464,240,3435
2024-10-03 08:00:00,19683.099,19773.886,19679.354,19773.886,240,3433
2024-10-03 12:00:00,19773.708,19911.619,19692.931,19838.419,240,3432
2024-10-03 16:00:00,19838.198,19849.887,19676.653,19784.82,240,1431
2024-10-03 20:00:00,19783.842,19814.043,19744.654,19785.942,129,1431
2024-10-04 00:00:00,19786.119,19872.376,19751.31,19815.599,240,3434
2024-10-04 04:00:00,19815.475,19842.642,19775.021,19836.075,240,3437
2024-10-04 08:00:00,19835.12,19887.487,19800.11,19866.053,240,3433
2024-10-04 12:00:00,19865.509,20066.098,19814.82,19942.331,240,3432
2024-10-04 16:00:00,19943.51,20046.887,19883.465,20027.698,240,1430
2024-10-04 20:00:00,20028.875,20034.886,20019.565,20023.887,15,1443
2024-10-07 00:00:00,20033.42,20066.565,20005.22,20022.897,240,3448
2024-10-07 04:00:00,20022.731,20037.386,19936.242,19946.976,240,3451
2024-10-07 08:00:00,19947.276,19967.999,19861.797,19913.908,240,3433
2024-10-07 12:00:00,19912.486,19993.287,19893.253,19957.008,240,3431
2024-10-07 16:00:00,19957.864,19973.998,19757.321,19807.586,240,1448
2024-10-07 20:00:00,19806.531,19829.989,19713.831,19793.165,128,1440
2024-10-08 00:00:00,19793.253,19839.62,19765.376,19794.81,240,3436
2024-10-08 04:00:00,19794.642,19836.987,19752.731,19816.631,240,3443
2024-10-08 08:00:00,19816.753,19909.653,19795.843,19903.831,240,3446
2024-10-08 12:00:00,19903.754,20080.486,19866.375,20064.431,240,3428
2024-10-08 16:00:00,20064.398,20135.087,19972.275,20105.286,240,1428
2024-10-08 20:00:00,20105.042,20106.062,20078.809,20081.108,129,1451
2024-10-09 00:00:00,20081.142,20096.198,20041.386,20044.732,240,3439
2024-10-09 04:00:00,20044.021,20058.899,20003.308,20035.087,240,3460
2024-10-09 08:00:00,20034.32,20099.186,20016.32,20064.164,240,3431
2024-10-09 12:00:00,20064.698,20255.597,20048.076,20253.021,240,3429
2024-10-09 16:00:00,20253.643,20289.52,20162.765,20267.875,240,1433
2024-10-09 20:00:00,20267.109,20267.109,20239.576,20261.353,76,1443
2024-10-10 00:00:00,20252.73,20282.089,20244.608,20279.019,229,3432
2024-10-10 04:00:00,20278.81,20282.475,20221.81,20231.309,240,3434
2024-10-10 08:00:00,20231.419,20247.92,20210.231,20245.898,240,3433
2024-10-10 12:00:00,20244.409,20287.789,20110.954,20285.464,240,3448
2024-10-10 16:00:00,20285.398,20318.21,20183.387,20238.897,240,1435
2024-10-10 20:00:00,20239.797,20281.364,20227.72,20269.019,129,1429
2024-10-11 00:00:00,20268.854,20285.199,20257.22,20272.408,240,3431
2024-10-11 04:00:00,20272.554,20273.089,20189.108,20226.864,240,3455
2024-10-11 08:00:00,20226.532,20228.699,20171.71,20184.386,240,3442
2024-10-11 12:00:00,20185.375,20298.787,20133.199,20290.489,240,3430
2024-10-11 16:00:00,20289.319,20315.199,20226.521,20270.231,240,1435
2024-10-11 20:00:00,20270.099,20274.689,20243.498,20243.498,15,1440
2024-10-14 00:00:00,20249.009,20254.365,20206.52,20230.809,240,3441
2024-10-14 04:00:00,20230.898,20288.81,20225.875,20287.589,240,3441
2024-10-14 08:00:00,20287.519,20348.599,20278.386,20329.297,240,3429
2024-10-14 12:00:00,20329.843,20498.742,20325.065,20406.998,240,3429
2024-10-14 16:00:00,20406.609,20487.52,20400.808,20442.308,240,1430
2024-10-14 20:00:00,20443.089,20463.489,20424.021,20454.054,132,1430
2024-10-15 00:00:00,20454.331,20458.365,20413.498,20455.831,240,3440
2024-10-15 04:00:00,20455.986,20456.599,20410.22,20424.921,240,3459
2024-10-15 08:00:00,20424.498,20444.309,20386.232,20435.753,240,3431
2024-10-15 12:00:00,20435.608,20482.232,20155.619,20173.931,240,3430
2024-10-15 16:00:00,20173.775,20239.432,20078.409,20168.276,240,1429
2024-10-15 20:00:00,20166.942,20190.699,20141.276,20176.989,129,1432
2024-10-16 00:00:00,20176.919,20216.489,20166.031,20212.931,240,3431
2024-10-16 04:00:00,20212.553,20221.776,20156.387,20215.387,240,3462
2024-10-16 08:00:00,20215.054,20216.987,20161.52,20200.576,240,3449
2024-10-16 12:00:00,20200.787,20203.299,20032.508,20102.487,240,3434
2024-10-16 16:00:00,20102.999,20203.732,20097.943,20170.942,240,1430
2024-10-16 20:00:00,20169.975,20172.42,20137.82,20139.908,128,1437
2024-10-17 00:00:00,20139.51,20152.689,20103.053,20123.421,240,3434
2024-10-17 04:00:00,20123.575,20300.497,20114.431,20274.553,240,3449
2024-10-17 08:00:00,20274.265,20360.499,20264.475,20344.299,240,3438
2024-10-17 12:00:00,20343.953,20419.921,20194.02,20336.364,240,3435
2024-10-17 16:00:00,20336.499,20356.999,20182.721,20190.775,240,1427
2024-10-17 20:00:00,20191.821,20248.521,20185.519,20240.054,131,1431
2024-10-18 00:00:00,20241.02,20241.408,20156.064,20197.397,240,3438
2024-10-18 04:00:00,20197.232,20290.797,20193.586,20289.331,240,3431
2024-10-18 08:00:00,20290.108,20314.599,20253.497,20303.589,240,3429
2024-10-18 12:00:00,20303.22,20366.319,20269.497,20306.808,240,3449
2024-10-18 16:00:00,20306.464,20360.787,20280.275,20321.909,240,1435
2024-10-18 20:00:00,20319.91,20341.589,20312.809,20331.987,15,1429
2024-10-21 00:00:00,20352.997,20361.999,20315.609,20319.275,240,3439
2024-10-21 04:00:00,20319.375,20322.199,20264.332,20279.254,240,3445
2024-10-21 08:00:00,20278.72,20298.989,20183.298,20197.853,240,3435
2024-10-21 12:00:00,20197.775,20392.776,20182.754,20293.986,240,3438
2024-10-21 16:00:00,20293.364,20361.732,20263.398,20359.843,240,1426
2024-10-21 20:00:00,20359.742,20382.843,20349.321,20356.489,130,1444
2024-10-22 00:00:00,20356.021,20356.021,20298.486,20308.108,240,3453
2024-10-22 04:00:00,20308.332,20328.689,20273.097,20305.965,240,3436
2024-10-22 08:00:00,20305.22,20315.799,20216.531,20250.521,240,3432
2024-10-22 12:00:00,20250.942,20360.432,20201.298,20314.264,240,3426
2024-10-22 16:00:00,20314.487,20444.286,20268.199,20383.776,240,1430
2024-10-22 20:00:00,20383.531,20383.531,20332.875,20372.342,129,1433
2024-10-23 00:00:00,20372.689,20377.576,20334.619,20354.299,240,3463
2024-10-23 04:00:00,20353.843,20383.943,20336.51,20347.864,240,3432
2024-10-23 08:00:00,20348.289,20362.043,20291.189,20312.897,240,3429
2024-10-23 12:00:00,20313.108,20335.989,20153.01,20207.497,240,3434
2024-10-23 16:00:00,20206.51,20206.51,19931.864,20071.053,240,1426
2024-10-23 20:00:00,20069.197,20148.089,20058.898,20143.576,128,1434
2024-10-24 00:00:00,20143.175,20196.799,20129.597,20173.709,240,3429
2024-10-24 04:00:00,20172.132,20241.608,20159.554,20234.721,240,3425
2024-10-24 08:00:00,20234.987,20272.397,20206.031,20268.797,240,3423
2024-10-24 12:00:00,20268.665,20280.076,20113.586,20177.108,240,3433
2024-10-24 16:00:00,20178.098,20257.554,20111.308,20229.165,240,1428
2024-10-24 20:00:00,20229.489,20262.631,20219.609,20237.119,129,1437
2024-10-25 00:00:00,20236.998,20268.31,20226.921,20231.019,240,3430
2024-10-25 04:00:00,20231.01,20294.386,20220.52,20294.087,240,3448
2024-10-25 08:00:00,20294.052,20312.12,20253.598,20301.064,240,3436
2024-10-25 12:00:00,20301.208,20556.564,20299.02,20472.475,240,3425
2024-10-25 16:00:00,20471.532,20516.176,20315.009,20351.876,240,1438
2024-10-25 20:00:00,20352.576,20358.332,20330.065,20330.597,15,1426
2024-10-28 00:00:00,20454.075,20504.419,20448.043,20469.198,240,3444
2024-10-28 04:00:00,20468.889,20514.609,20458.289,20486.197,240,3428
2024-10-28 08:00:00,20488.875,20532.532,20462.353,20475.132,240,3426
2024-10-28 12:00:00,20474.976,20520.889,20378.342,20389.31,240,3433
2024-10-28 16:00:00,20389.208,20427.397,20343.143,20356.443,240,1431
2024-10-28 20:00:00,20356.554,20371.889,20347.675,20366.221,130,1435
2024-10-29 00:00:00,20368.943,20381.776,20314.742,20318.819,240,3436
2024-10-29 04:00:00,20319.232,20413.176,20310.175,20386.489,240,3435
2024-10-29 08:00:00,20386.274,20405.119,20340.286,20352.22,240,3428
2024-10-29 12:00:00,20352.453,20482.176,20292.019,20480.086,240,3432
2024-10-29 16:00:00,20480.04,20604.153,20443.532,20556.097,240,1442
2024-10-29 20:00:00,20555.632,20620.297,20546.919,20607.621,129,1427
2024-10-30 00:00:00,20607.885,20647.61,20580.653,20588.231,240,3434
2024-10-30 04:00:00,20588.331,20619.643,20563.175,20603.72,240,3427
2024-10-30 08:00:00,20603.687,20624.099,20568.776,20574.175,240,3436
2024-10-30 12:00:00,20573.542,20585.264,20403.832,20533.365,240,3434
2024-10-30 16:00:00,20533.02,20543.899,20376.608,20396.365,240,1423
2024-10-30 20:00:00,20395.632,20448.664,20284.632,20287.497,129,1425
2024-10-31 00:00:00,20286.908,20324.989,20263.398,20283.264,240,3436
2024-10-31 04:00:00,20283.465,20285.908,20169.287,20181.664,240,3427
2024-10-31 08:00:00,20179.698,20254.919,20148.421,20254.743,240,3429
2024-10-31 12:00:00,20254.708,20277.475,19894.453,19939.42,240,3423
2024-10-31 16:00:00,19939.354,19999.175,19877.831,19885.231,240,1426
2024-10-31 20:00:00,19884.376,19985.642,19877.875,19948.389,130,1430
2024-11-01 00:00:00,19948.731,19975.376,19892.131,19961.287,240,3441
2024-11-01 04:00:00,19961.887,20001.289,19929.876,19964.687,240,3429
2024-11-01 08:00:00,19964.286,20005.142,19956.032,19983.586,240,3427
2024-11-01 12:00:00,19984.108,20165.11,19933.31,20100.321,240,3447
2024-11-01 16:00:00,20100.319,20131.52,20001.697,20026.587,240,1430
2024-11-01 20:00:00,20026.889,20063.186,20025.032,20054.798,15,1438
2024-11-04 00:00:00,20015.376,20127.397,19999.064,20099.389,240,3431
2024-11-04 04:00:00,20099.064,20127.475,20053.621,20058.865,240,3443
2024-11-04 08:00:00,20059.565,20092.099,20015.442,20061.997,240,3423
2024-11-04 12:00:00,20064.709,20090.165,19894.61,20067.108,240,3421
2024-11-04 16:00:00,20068.086,20107.542,19914.109,20017.075,240,1425
2024-11-04 20:00:00,20017.106,20022.365,19951.589,19970.486,135,1420
2024-11-05 00:00:00,19970.473,19998.364,19924.865,19985.443,240,3422
2024-11-05 04:00:00,19985.376,20024.789,19964.976,20008.665,240,3431
2024-11-05 08:00:00,20009.475,20053.508,19984.81,20036.975,240,3424
2024-11-05 12:00:00,20036.995,20203.376,19990.031,20137.799,240,3423
2024-11-05 16:00:00,20134.81,20252.442,20112.654,20174.208,240,1416
2024-11-05 20:00:00,20174.408,20265.321,20161.575,20225.054,135,1425
2024-11-06 00:00:00,20225.063,20521.431,20205.51,20475.464,240,3419
2024-11-06 04:00:00,20475.52,20592.52,20348.61,20563.964,240,3433
2024-11-06 08:00:00,20563.409,20611.432,20462.42,20488.553,240,3430
2024-11-06 12:00:00,20488.932,20699.709,20481.51,20602.664,240,3434
2024-11-06 16:00:00,20603.654,20769.354,20571.997,20764.521,240,1425
2024-11-06 20:00:00,20764.297,20804.22,20752.599,20766.131,135,1425
2024-11-07 00:00:00,20766.397,20808.209,20736.943,20792.343,240,3427
2024-11-07 04:00:00,20793.497,20841.489,20783.153,20798.332,240,3423
2024-11-07 08:00:00,20798.91,20836.199,20790.454,20819.376,240,3427
2024-11-07 12:00:00,20817.489,21047.899,20816.476,21041.832,240,3436
2024-11-07 16:00:00,21042.219,21112.675,21005.699,21112.275,240,1432
2024-11-07 20:00:00,21112.465,21132.953,21084.708,21110.531,135,1434
2024-11-08 00:00:00,21110.697,21128.609,21099.598,21110.242,240,3428
2024-11-08 04:00:00,21109.753,21146.889,21105.543,21124.098,240,3437
2024-11-08 08:00:00,21123.832,21134.221,21005.653,21045.686,240,3425
2024-11-08 12:00:00,21045.797,21116.609,21040.219,21088.097,240,3443
2024-11-08 16:00:00,21087.798,21153.898,21061.51,21124.042,240,1424
2024-11-08 20:00:00,21123.586,21131.989,21098.608,21121.753,75,1425
2024-11-11 00:00:00,21196.087,21201.299,21149.143,21164.789,240,3423
2024-11-11 04:00:00,21164.889,21190.889,21164.765,21189.01,240,3421
2024-11-11 08:00:00,21188.753,21214.064,21159.142,21176.719,240,3433
2024-11-11 12:00:00,21176.818,21230.919,21047.531,21112.308,240,3442
2024-11-11 16:00:00,21113.021,21124.575,20988.721,21065.586,240,1438
2024-11-11 20:00:00,21065.419,21123.789,21059.809,21107.809,127,1433
2024-11-12 00:00:00,21106.709,21141.297,21082.81,21099.876,240,3446
2024-11-12 04:00:00,21100.097,21119.108,21072.809,21100.399,240,3434
2024-11-12 08:00:00,21100.129,21132.253,21021.142,21069.742,240,3427
2024-11-12 12:00:00,21069.064,21143.999,21069.064,21075.221,240,3449
2024-11-12 16:00:00,21075.487,21099.331,20945.797,21078.119,240,1436
2024-11-12 20:00:00,21076.765,21095.087,21033.898,21050.82,135,1427
2024-11-13 00:00:00,21051.709,21053.099,21023.419,21037.187,240,3431
2024-11-13 04:00:00,21037.331,21039.089,20991.943,21020.464,240,3423
2024-11-13 08:00:00,21020.919,21074.089,21010.998,21017.42,240,3421
2024-11-13 12:00:00,21018.019,21133.687,20950.187,21006.031,240,3428
2024-11-13 16:00:00,21006.599,21157.854,20982.875,21072.053,240,1432
2024-11-13 20:00:00,21071.675,21107.589,21012.076,21054.798,135,1421
2024-11-14 00:00:00,21056.253,21060.631,21004.876,21016.865,240,3448
2024-11-14 04:00:00,21016.743,21039.821,20979.175,21018.408,240,3436
2024-11-14 08:00:00,21018.34,21079.01,21013.121,21066.632,240,3435
2024-11-14 12:00:00,21066.499,21071.399,20932.042,20982.375,240,3432
2024-11-14 16:00:00,20982.053,21031.275,20909.586,20960.221,240,1433
2024-11-14 20:00:00,20960.575,20960.575,20831.553,20844.219,135,1427
2024-11-15 00:00:00,20843.532,20850.699,20779.054,20800.275,240,3428
2024-11-15 04:00:00,20799.721,20823.199,20725.586,20739.232,240,3443
2024-11-15 08:00:00,20739.075,20753.565,20688.787,20738.175,240,3431
2024-11-15 12:00:00,20737.999,20760.797,20446.421,20465.289,240,3428
2024-11-15 16:00:00,20464.532,20493.82,20311.231,20366.021,240,1424
2024-11-15 20:00:00,20365.065,20427.064,20357.542,20402.243,75,1438
2024-11-18 00:00:00,20473.198,20546.199,20465.942,20535.631,240,3436
2024-11-18 04:00:00,20535.619,20561.889,20483.754,20501.754,240,3426
2024-11-18 08:00:00,20501.543,20553.265,20450.753,20477.042,240,3438
2024-11-18 12:00:00,20476.143,20601.519,20387.021,20586.954,240,3427
2024-11-18 16:00:00,20587.231,20630.198,20493.286,20541.131,240,1427
2024-11-18 20:00:00,20540.11,20555.953,20507.875,20526.754,135,1430
2024-11-19 00:00:00,20526.453,20592.589,20511.421,20581.842,240,3439
2024-11-19 04:00:00,20581.931,20600.553,20554.587,20577.799,240,3438
2024-11-19 08:00:00,20577.498,20592.308,20396.597,20484.299,240,3428
2024-11-19 12:00:00,20484.875,20567.009,20287.119,20547.019,240,3428
2024-11-19 16:00:00,20547.289,20700.676,20546.808,20647.732,240,1428
2024-11-19 20:00:00,20646.831,20699.531,20636.01,20693.064,135,1428
2024-11-20 00:00:00,20692.876,20744.243,20682.554,20695.354,240,3427
2024-11-20 04:00:00,20695.21,20749.589,20694.119,20735.364,240,3445
2024-11-20 08:00:00,20734.642,20752.832,20663.12,20703.064,240,3427
2024-11-20 12:00:00,20702.121,20739.319,20388.398,20545.253,240,3450
2024-11-20 16:00:00,20545.075,20625.298,20464.809,20524.032,240,1427
2024-11-20 20:00:00,20523.586,20703.099,20511.776,20667.443,135,1427
2024-11-21 00:00:00,20668.91,20672.654,20536.099,20569.976,240,3431
2024-11-21 04:00:00,20569.864,20639.486,20521.509,20584.387,240,3437
2024-11-21 08:00:00,20584.108,20656.586,20511.508,20647.075,240,3429
2024-11-21 12:00:00,20647.432,20821.208,20431.887,20625.609,240,3427
2024-11-21 16:00:00,20625.643,20781.853,20607.365,20762.81,240,1427
2024-11-21 20:00:00,20761.043,20793.119,20678.098,20693.198,135,1430
2024-11-22 00:00:00,20693.287,20763.109,20679.398,20709.831,240,3433
2024-11-22 04:00:00,20709.399,20745.908,20681.51,20729.832,240,3437
2024-11-22 08:00:00,20730.032,20749.632,20612.798,20689.12,240,3432
2024-11-22 12:00:00,20689.242,20792.397,20645.897,20766.619,240,3438
2024-11-22 16:00:00,20766.319,20801.053,20666.821,20768.732,240,1432
2024-11-22 20:00:00,20767.098,20789.764,20723.609,20775.898,75,1428
2024-11-25 00:00:00,20858.597,20890.999,20858.564,20884.019,240,3442
2024-11-25 04:00:00,20884.243,20895.199,20873.598,20878.054,240,3435
2024-11-25 08:00:00,20878.219,20904.009,20854.964,20888.175,240,3440
2024-11-25 12:00:00,20888.02,21004.697,20793.787,20823.976,240,3426
2024-11-25 16:00:00,20822.798,20889.508,20709.143,20786.421,240,1427
2024-11-25 20:00:00,20785.543,20859.553,20727.465,20761.187,135,1440
2024-11-26 00:00:00,20761.531,20834.432,20682.031,20821.131,240,3430
2024-11-26 04:00:00,20821.22,20850.765,20797.142,20804.742,240,3428
2024-11-26 08:00:00,20803.742,20871.199,20778.509,20866.076,240,3428
2024-11-26 12:00:00,20864.698,20952.208,20843.264,20874.153,240,3429
2024-11-26 16:00:00,20873.953,20907.699,20827.62,20857.065,240,1433
2024-11-26 20:00:00,20857.297,20933.089,20852.042,20911.353,135,1429
2024-11-27 00:00:00,20911.386,20943.643,20897.209,20909.42,240,3451
2024-11-27 04:00:00,20909.387,20914.889,20877.387,20903.697,240,3429
2024-11-27 08:00:00,20903.519,20905.898,20829.532,20855.198,240,3439
2024-11-27 12:00:00,20855.42,20895.92,20658.908,20675.587,240,3435
2024-11-27 16:00:00,20676.089,20761.189,20611.389,20739.532,240,1426
2024-11-27 20:00:00,20740.342,20770.686,20705.142,20760.943,135,1426
2024-11-28 00:00:00,20761.299,20794.789,20760.51,20790.197,240,3428
2024-11-28 04:00:00,20790.376,20806.899,20787.608,20798.919,240,3450
2024-11-28 08:00:00,20798.643,20804.289,20780.708,20795.875,240,3446
2024-11-28 12:00:00,20795.853,20840.609,20792.497,20833.142,240,3427
2024-11-28 16:00:00,20833.331,20844.399,20813.554,20822.51,119,1435
2024-11-28 20:00:00,20827.086,20832.889,20815.375,20828.632,60,3427
2024-11-29 00:00:00,20828.287,20859.799,20763.653,20854.886,240,3427
2024-11-29 04:00:00,20855.319,20878.121,20806.398,20821.554,240,3441
2024-11-29 08:00:00,20822.231,20850.532,20816.599,20825.375,240,3434
2024-11-29 12:00:00,20825.575,20921.597,20747.765,20894.489,240,3439
2024-11-29 16:00:00,20894.532,20957.389,20894.532,20931.265,120,1433
2024-12-02 00:00:00,20908.654,20924.789,20884.12,20891.51,240,3435
2024-12-02 04:00:00,20891.697,20908.187,20881.887,20903.11,240,3434
2024-12-02 08:00:00,20903.187,20915.489,20882.075,20909.886,240,3441
2024-12-02 12:00:00,20910.332,21143.51,20907.676,21096.131,240,3428
2024-12-02 16:00:00,21096.308,21199.809,21092.865,21159.775,240,1433
2024-12-02 20:00:00,21159.264,21180.787,21143.842,21155.497,135,1432
2024-12-03 00:00:00,21157.887,21178.321,21144.697,21171.531,240,3429
2024-12-03 04:00:00,21171.699,21180.409,21160.42,21168.409,240,3432
2024-12-03 08:00:00,21168.508,21184.419,21128.986,21148.098,240,3429
2024-12-03 12:00:00,21148.475,21178.799,21077.119,21152.097,240,3439
2024-12-03 16:00:00,21153.075,21207.409,21135.497,21200.109,240,1434
2024-12-03 20:00:00,21199.964,21282.589,21184.12,21279.665,135,1432
2024-12-04 00:00:00,21279.954,21290.398,21262.875,21287.11,240,3447
2024-12-04 04:00:00,21287.599,21314.632,21284.486,21294.897,240,3443
2024-12-04 08:00:00,21295.042,21374.689,21292.075,21364.719,240,3426
2024-12-04 12:00:00,21363.943,21438.597,21336.042,21430.331,240,3436
2024-12-04 16:00:00,21430.189,21466.389,21388.187,21461.008,240,1429
2024-12-04 20:00:00,21460.875,21496.82,21452.32,21458.043,135,1429
2024-12-05 00:00:00,21457.51,21468.199,21443.131,21463.053,240,3428
2024-12-05 04:00:00,21462.686,21467.387,21440.054,21442.176,240,3438
2024-12-05 08:00:00,21441.643,21469.875,21436.831,21465.019,240,3441
2024-12-05 12:00:00,21465.821,21499.031,21436.608,21451.589,240,3432
2024-12-05 16:00:00,21450.542,21515.789,21422.81,21442.799,240,1425
2024-12-05 20:00:00,21441.41,21459.442,21377.132,21408.076,135,1426
2024-12-06 00:00:00,21408.287,21434.175,21395.286,21417.565,240,3431
2024-12-06 04:00:00,21417.075,21438.986,21411.942,21428.954,240,3437
2024-12-06 08:00:00,21428.775,21447.309,21396.965,21413.621,240,3444
2024-12-06 12:00:00,21414.086,21602.265,21400.664,21575.199,240,3429
2024-12-06 16:00:00,21574.984,21624.41,21529.198,21591.732,240,1438
2024-12-06 20:00:00,21591.92,21619.609,21582.61,21599.153,75,1429
2024-12-09 00:00:00,21613.697,21617.989,21584.053,21599.531,240,3427
2024-12-09 04:00:00,21599.464,21658.719,21591.464,21652.442,240,3437
2024-12-09 08:00:00,21652.754,21662.21,21543.798,21572.187,240,3431
2024-12-09 12:00:00,21572.065,21605.564,21463.608,21468.621,240,3423
2024-12-09 16:00:00,21468.242,21509.643,21398.497,21436.665,240,1422
2024-12-09 20:00:00,21435.764,21448.486,21401.798,21425.909,135,1427
2024-12-10 00:00:00,21425.542,21445.343,21421.654,21433.832,240,3438
2024-12-10 04:00:00,21433.976,21437.199,21412.931,21418.875,240,3437
2024-12-10 08:00:00,21419.064,21478.198,21409.453,21471.599,240,3435
2024-12-10 12:00:00,21471.464,21569.487,21452.62,21468.609,240,3431
2024-12-10 16:00:00,21468.887,21478.676,21359.386,21370.154,240,1440
2024-12-10 20:00:00,21370.543,21400.108,21312.397,21387.086,135,1442
2024-12-11 00:00:00,21386.821,21396.375,21367.643,21385.243,240,3448
2024-12-11 04:00:00,21385.332,21408.799,21364.864,21379.043,240,3450
2024-12-11 08:00:00,21378.908,21418.289,21376.499,21401.489,240,3429
2024-12-11 12:00:00,21401.608,21698.22,21390.286,21656.21,240,3429
2024-12-11 16:00:00,21656.799,21771.12,21650.754,21760.043,240,1428
2024-12-11 20:00:00,21760.676,21779.419,21712.81,21723.264,134,1435
2024-12-12 00:00:00,21723.687,21728.289,21707.608,21725.799,231,3438
2024-12-12 04:00:00,21725.397,21737.099,21712.72,21717.332,240,3421
2024-12-12 08:00:00,21717.087,21735.276,21685.732,21688.898,239,3431
2024-12-12 12:00:00,21689.308,21696.708,21590.675,21687.243,240,3435
2024-12-12 16:00:00,21687.054,21715.175,21635.131,21654.786,240,1435
2024-12-12 20:00:00,21653.909,21726.386,21583.043,21720.199,135,1426
2024-12-13 00:00:00,21720.064,21743.519,21674.853,21679.343,240,3425
2024-12-13 04:00:00,21679.232,21724.608,21672.931,21711.099,240,3452
2024-12-13 08:00:00,21711.019,21778.908,21706.51,21763.264,240,3425
2024-12-13 12:00:00,21763.01,21883.743,21662.82,21664.987,240,3443
2024-12-13 16:00:00,21664.108,21791.386,21643.398,21780.197,240,1432
2024-12-13 20:00:00,21780.265,21802.864,21748.165,21748.442,75,1427
2024-12-16 00:00:00,21768.964,21801.099,21762.976,21784.019,240,3433
2024-12-16 04:00:00,21783.843,21794.098,21764.01,21783.843,240,3431
2024-12-16 08:00:00,21783.587,21846.076,21774.842,21840.632,240,3436
2024-12-16 12:00:00,21839.832,22004.119,21834.219,21972.453,240,3427
2024-12-16 16:00:00,21972.541,22122.653,21971.665,22105.186,240,1431
2024-12-16 20:00:00,22105.289,22132.709,22061.287,22080.131,135,1443
2024-12-17 00:00:00,22080.499,22105.154,22063.22,22096.243,240,3434
2024-12-17 04:00:00,22096.142,22105.499,22018.553,22023.589,240,3429
2024-12-17 08:00:00,22024.253,22101.889,22009.754,22068.253,240,3427
2024-12-17 12:00:00,22068.619,22077.021,21921.999,21985.554,240,3439
2024-12-17 16:00:00,21984.389,22061.521,21943.375,21957.221,240,1427
2024-12-17 20:00:00,21957.241,22006.499,21884.264,21951.387,135,1427
2024-12-18 00:00:00,21951.665,22006.619,21948.809,21986.364,240,3433
2024-12-18 04:00:00,21986.154,22025.108,21985.609,22006.82,240,3425
2024-12-18 08:00:00,22006.62,22061.619,21991.553,22047.775,240,3436
2024-12-18 12:00:00,22047.698,22064.764,21890.389,22005.765,240,3443
2024-12-18 16:00:00,22005.987,22026.375,21591.243,21600.409,240,1440
2024-12-18 20:00:00,21602.354,21623.489,21011.62,21172.808,135,1430
2024-12-19 00:00:00,21173.842,21251.632,21130.887,21183.343,240,3427
2024-12-19 04:00:00,21183.61,21268.219,21136.586,21263.175,240,3423
2024-12-19 08:00:00,21264.387,21315.897,21231.909,21276.265,240,3422
2024-12-19 12:00:00,21276.553,21400.409,21182.298,21269.121,240,3429
2024-12-19 16:00:00,21268.909,21347.389,21152.254,21181.708,240,1418
2024-12-19 20:00:00,21181.586,21250.499,21072.521,21100.298,135,1423
2024-12-20 00:00:00,21100.121,21114.099,20929.697,20945.719,240,3424
2024-12-20 04:00:00,20946.099,21026.876,20945.709,21005.721,240,3428
2024-12-20 08:00:00,21006.176,21016.165,20798.086,20813.875,240,3434
2024-12-20 12:00:00,20813.697,21292.989,20733.82,21254.787,240,3425
2024-12-20 16:00:00,21255.087,21553.032,21246.653,21427.153,240,1418
2024-12-20 20:00:00,21428.189,21441.889,21248.865,21295.91,75,1430
2024-12-23 00:00:00,21388.065,21425.043,21324.375,21403.719,240,3420
2024-12-23 04:00:00,21403.832,21470.921,21403.076,21441.109,240,3428
2024-12-23 08:00:00,21441.553,21449.599,21302.375,21323.043,240,3419
2024-12-23 12:00:00,21323.398,21405.71,21217.043,21302.776,240,3425
2024-12-23 16:00:00,21302.342,21511.875,21296.62,21442.765,240,1425
2024-12-23 20:00:00,21442.708,21503.52,21401.81,21475.631,135,1431
2024-12-24 00:00:00,21475.731,21499.108,21449.043,21482.32,240,3425
2024-12-24 04:00:00,21482.565,21536.398,21466.353,21512.721,240,3434
2024-12-24 08:00:00,21512.763,21545.764,21478.098,21524.843,232,3430
2024-12-24 12:00:00,21524.854,21714.597,21518.342,21707.254,240,3425
2024-12-24 16:00:00,21707.208,21802.665,21692.521,21799.586,134,1424
2024-12-25 20:00:00,21811.265,21835.132,21803.998,21814.464,59,3435
2024-12-26 00:00:00,21814.219,21865.319,21798.265,21865.032,240,3444
2024-12-26 04:00:00,21864.921,21865.031,21819.619,21833.132,240,3448
2024-12-26 08:00:00,21833.108,21833.108,21649.675,21715.598,240,3427
2024-12-26 12:00:00,21715.819,21775.098,21632.854,21771.076,240,3436
2024-12-26 16:00:00,21771.153,21841.021,21739.876,21809.342,240,1429
2024-12-26 20:00:00,21809.008,21825.042,21745.121,21775.309,135,1426
2024-12-27 00:00:00,21775.564,21777.676,21712.587,21722.386,240,3424
2024-12-27 04:00:00,21722.275,21735.575,21688.71,21696.819,240,3451
2024-12-27 08:00:00,21697.186,21707.564,21668.142,21703.632,240,3425
2024-12-27 12:00:00,21703.799,21725.097,21278.419,21375.686,240,3431
2024-12-27 16:00:00,21375.396,21494.186,21290.075,21483.897,240,1427
2024-12-27 20:00:00,21484.042,21510.753,21385.375,21502.808,75,1436
2024-12-30 00:00:00,21482.065,21501.199,21454.109,21459.442,240,3423
2024-12-30 04:00:00,21461.01,21474.676,21395.432,21412.819,240,3421
2024-12-30 08:00:00,21412.762,21452.498,21400.231,21426.498,240,3436
2024-12-30 12:00:00,21426.531,21432.299,21039.053,21157.276,240,3440
2024-12-30 16:00:00,21158.153,21353.276,21126.21,21310.087,240,1430
2024-12-30 20:00:00,21308.72,21324.765,21128.464,21175.976,135,1431
2024-12-31 00:00:00,21176.275,21240.143,21150.132,21193.387,240,3445
2024-12-31 04:00:00,21193.265,21202.632,21155.364,21179.409,240,3455
2024-12-31 08:00:00,21182.154,21303.999,21145.432,21285.853,240,3427
2024-12-31 12:00:00,21286.153,21309.675,21120.232,21174.965,240,3435
2024-12-31 16:00:00,21176.221,21179.897,20974.42,21060.921,240,1424
2024-12-31 20:00:00,21059.286,21107.787,20981.654,21014.199,60,1428
2025-01-01 20:00:00,21070.242,21114.409,21038.365,21060.72,60,3431
2025-01-02 00:00:00,21060.82,21133.231,20915.776,21100.664,240,3424
2025-01-02 04:00:00,21102.319,21191.487,21081.653,21151.442,240,3427
2025-01-02 08:00:00,21151.697,21263.509,21112.41,21261.008,240,3421
2025-01-02 12:00:00,21261.198,21283.943,20962.264,21074.765,233,3419
2025-01-02 16:00:00,21075.189,21156.365,20783.787,20868.843,240,1420
2025-01-02 20:00:00,20868.732,21002.832,20867.809,20971.154,135,1422
2025-01-03 00:00:00,20971.054,21067.398,20962.086,21056.189,240,3428
2025-01-03 04:00:00,21056.187,21064.398,21015.009,21052.954,240,3430
2025-01-03 08:00:00,21055.31,21095.153,21021.186,21054.875,240,3427
2025-01-03 12:00:00,21054.586,21242.708,21016.676,21178.108,240,3430
2025-01-03 16:00:00,21178.164,21360.597,21139.586,21335.909,240,1436
2025-01-03 20:00:00,21335.965,21335.965,21277.109,21291.365,75,1427
2025-01-06 00:00:00,21330.219,21338.031,21282.332,21311.419,240,3442
2025-01-06 04:00:00,21311.598,21379.287,21307.154,21367.81,240,3437
2025-01-06 08:00:00,21367.653,21547.399,21367.52,21533.564,240,3437
2025-01-06 12:00:00,21533.231,21699.299,21446.765,21675.119,240,3439
2025-01-06 16:00:00,21675.842,21702.499,21464.786,21467.186,240,1421
2025-01-06 20:00:00,21467.064,21607.808,21455.564,21583.02,135,1436
2025-01-07 00:00:00,21582.886,21597.221,21528.276,21559.399,240,3429
2025-01-07 04:00:00,21558.654,21559.399,21472.408,21540.732,240,3436
2025-01-07 08:00:00,21540.489,21586.376,21517.342,21547.819,240,3423
2025-01-07 12:00:00,21550.399,21617.853,21216.075,21364.075,240,3426
2025-01-07 16:00:00,21364.876,21388.821,21203.743,21233.587,240,1426
2025-01-07 20:00:00,21234.698,21238.597,21096.11,21209.289,135,1424
2025-01-08 00:00:00,21209.443,21253.353,21204.909,21222.365,240,3434
2025-01-08 04:00:00,21222.508,21251.299,21177.021,21206.842,240,3428
2025-01-08 08:00:00,21206.587,21264.41,21101.287,21180.808,240,3423
2025-01-08 12:00:00,21179.775,21219.286,21037.953,21172.409,240,3431
2025-01-08 16:00:00,21171.365,21246.642,20980.71,21153.61,240,1425
2025-01-08 20:00:00,21153.743,21205.676,21118.176,21133.599,135,1428
2025-01-09 00:00:00,21132.686,21164.989,21089.208,21128.409,240,3428
2025-01-09 04:00:00,21128.232,21146.708,21059.032,21067.242,240,3436
2025-01-09 08:00:00,21067.208,21152.543,21035.353,21118.221,240,3425
2025-01-09 12:00:00,21119.243,21151.731,21082.72,21119.653,149,3430
2025-01-09 20:00:00,21121.142,21133.253,21037.42,21062.675,60,3430
2025-01-10 00:00:00,21062.731,21138.899,21004.732,21126.009,240,3439
2025-01-10 04:00:00,21126.132,21152.942,21058.875,21095.121,240,3433
2025-01-10 08:00:00,21094.175,21196.853,21073.432,21140.921,240,3426
2025-01-10 12:00:00,21140.81,21148.509,20701.909,20819.92,240,3428
2025-01-10 16:00:00,20818.942,21010.353,20719.442,20920.798,240,1421
2025-01-10 20:00:00,20920.708,20933.554,20816.153,20850.765,75,1432
2025-01-13 00:00:00,20832.595,20869.609,20692.853,20714.175,240,3422
2025-01-13 04:00:00,20714.054,20762.331,20699.353,20715.353,240,3428
2025-01-13 08:00:00,20715.119,20744.743,20528.108,20598.642,240,3418
2025-01-13 12:00:00,20601.097,20714.219,20536.686,20633.053,240,3419
2025-01-13 16:00:00,20632.331,20760.387,20552.598,20740.186,240,1426
2025-01-13 20:00:00,20740.054,20924.099,20708.376,20881.832,135,1422
2025-01-14 00:00:00,20881.653,20891.121,20833.075,20853.887,240,3432
2025-01-14 04:00:00,20854.054,20903.299,20849.154,20894.831,240,3439
2025-01-14 08:00:00,20895.108,20979.289,20870.732,20878.165,240,3425
2025-01-14 12:00:00,20878.308,20973.698,20772.353,20772.919,240,3420
2025-01-14 16:00:00,20775.807,20849.808,20632.989,20697.887,240,1427
2025-01-14 20:00:00,20698.719,20825.721,20614.808,20789.319,135,1429
2025-01-15 00:00:00,20789.609,20804.208,20773.075,20776.765,240,3440
2025-01-15 04:00:00,20776.789,20800.489,20768.197,20775.875,240,3431
2025-01-15 08:00:00,20776.187,20855.609,20750.31,20838.409,240,3424
2025-01-15 12:00:00,20838.231,21238.543,20819.842,21151.331,240,3438
2025-01-15 16:00:00,21152.142,21266.853,21078.775,21251.031,240,1425
2025-01-15 20:00:00,21251.143,21283.797,21202.031,21248.064,135,1431
2025-01-16 00:00:00,21247.697,21278.386,21218.132,21225.643,240,3436
2025-01-16 04:00:00,21225.799,21391.899,21186.209,21388.253,240,3425
2025-01-16 08:00:00,21388.532,21398.309,21278.243,21339.365,235,3441
2025-01-16 12:00:00,21339.565,21339.576,21173.898,21261.786,229,3430
2025-01-16 16:00:00,21261.773,21311.785,21103.264,21214.598,240,1339
2025-01-16 20:00:00,21214.541,21235.999,21028.086,21081.697,135,1338
2025-01-17 00:00:00,21081.618,21130.097,21073.81,21127.587,240,3369
2025-01-17 04:00:00,21127.621,21155.889,21099.709,21122.843,240,3370
2025-01-17 08:00:00,21122.885,21209.109,21118.743,21175.32,240,3364
2025-01-17 12:00:00,21175.754,21524.131,21153.864,21441.586,240,3358
2025-01-17 16:00:00,21441.575,21518.689,21406.676,21468.81,240,1344
2025-01-17 20:00:00,21468.83,21484.889,21418.61,21430.831,75,1341
2025-01-20 00:00:00,21393.321,21424.498,21383.953,21409.699,240,3356
2025-01-20 04:00:00,21409.52,21479.208,21402.31,21469.632,240,3368
2025-01-20 08:00:00,21466.453,21485.675,21438.051,21471.953,240,3359
2025-01-20 12:00:00,21472.142,21627.035,21433.687,21531.631,171,3361
2025-01-20 16:00:00,21531.51,21579.699,21473.986,21535.998,119,1365
2025-01-20 20:00:00,21550.51,21589.609,21524.576,21582.431,60,3321
2025-01-21 00:00:00,21582.632,21596.289,21229.61,21474.954,240,3359
2025-01-21 04:00:00,21475.31,21494.408,21429.01,21486.653,240,3380
2025-01-21 08:00:00,21486.342,21581.017,21458.132,21525.543,240,3333
2025-01-21 12:00:00,21524.02,21586.654,21377.587,21485.419,240,3372
2025-01-21 16:00:00,21485.421,21621.397,21445.397,21574.407,240,1339
2025-01-21 20:00:00,21574.02,21672.353,21547.498,21661.389,135,1363
2025-01-22 00:00:00,21662.399,21710.299,21656.61,21709.119,240,3387
2025-01-22 04:00:00,21709.331,21728.687,21691.886,21706.643,240,3380
2025-01-22 08:00:00,21704.332,21759.11,21701.997,21738.331,240,3382
2025-01-22 12:00:00,21741.976,21891.299,21732.331,21844.197,240,3369
2025-01-22 16:00:00,21843.831,21942.389,21839.086,21889.332,240,1432
2025-01-22 20:00:00,21888.509,21890.419,21809.509,21815.875,135,1429
2025-01-23 00:00:00,21815.621,21821.689,21777.453,21802.476,240,3444
2025-01-23 04:00:00,21802.597,21819.789,21767.143,21771.332,240,3435
2025-01-23 08:00:00,21771.086,21775.943,21706.432,21748.453,240,3434
2025-01-23 12:00:00,21748.198,21796.919,21718.032,21787.076,240,3429
2025-01-23 16:00:00,21788.087,21839.599,21753.075,21809.698,240,1440
2025-01-23 20:00:00,21808.542,21904.942,21799.697,21872.675,135,1428
2025-01-24 00:00:00,21872.521,21920.689,21854.487,21865.097,240,3434
2025-01-24 04:00:00,21865.175,21877.209,21834.389,21848.108,240,3435
2025-01-24 08:00:00,21847.843,21884.008,21838.143,21872.176,240,3430
2025-01-24 12:00:00,21871.842,21943.564,21844.097,21851.087,240,3428
2025-01-24 16:00:00,21851.589,21899.397,21707.897,21733.086,240,1423
2025-01-24 20:00:00,21732.319,21783.287,21722.698,21762.297,75,1433
2025-01-27 00:00:00,21530.331,21537.386,21353.364,21389.065,240,3443
2025-01-27 04:00:00,21388.942,21394.976,21147.876,21148.764,240,3436
2025-01-27 08:00:00,21148.464,21176.553,20628.832,20864.921,240,3424
2025-01-27 12:00:00,20863.764,21291.843,20863.764,21186.487,240,3438
2025-01-27 16:00:00,21185.965,21200.521,20966.964,21002.843,240,1424
2025-01-27 20:00:00,21001.721,21229.019,20997.843,21200.519,135,1429
2025-01-28 00:00:00,21200.01,21213.789,21092.831,21162.775,240,3424
2025-01-28 04:00:00,21162.542,21223.989,21120.921,21212.932,240,3431
2025-01-28 08:00:00,21212.221,21296.053,21162.953,21214.409,240,3431
2025-01-28 12:00:00,21214.754,21357.031,21035.32,21331.253,240,3439
2025-01-28 16:00:00,21331.797,21501.689,21263.809,21491.253,240,1435
2025-01-28 20:00:00,21491.008,21498.432,21408.908,21423.043,135,1434
2025-01-29 00:00:00,21423.508,21463.199,21414.189,21460.721,240,3429
2025-01-29 04:00:00,21460.32,21562.842,21454.987,21546.82,240,3434
2025-01-29 08:00:00,21546.942,21574.065,21506.289,21558.543,240,3436
2025-01-29 12:00:00,21558.875,21558.875,21335.354,21384.498,240,3432
2025-01-29 16:00:00,21384.809,21456.075,21246.865,21416.454,240,1427
2025-01-29 20:00:00,21410.898,21479.242,21273.397,21418.153,135,1424
2025-01-30 00:00:00,21418.489,21556.686,21406.686,21553.176,240,3426
2025-01-30 04:00:00,21552.965,21559.708,21503.631,21542.22,240,3425
2025-01-30 08:00:00,21542.187,21589.131,21488.987,21520.964,240,3430
2025-01-30 12:00:00,21521.175,21627.697,21341.921,21341.921,240,3443
2025-01-30 16:00:00,21342.932,21540.697,21301.486,21538.897,240,1426
2025-01-30 20:00:00,21539.121,21609.899,21404.389,21583.686,135,1429
2025-01-31 00:00:00,21583.498,21671.789,21563.486,21623.719,240,3425
2025-01-31 04:00:00,21623.765,21692.142,21607.52,21674.799,240,3424
2025-01-31 08:00:00,21674.498,21695.399,21628.631,21689.998,240,3426
2025-01-31 12:00:00,21686.92,21840.242,21635.953,21819.143,240,3427
2025-01-31 16:00:00,21820.72,21847.954,21467.076,21544.199,240,1426
2025-01-31 20:00:00,21541.732,21541.732,21422.189,21464.621,60,1437
2025-02-03 00:00:00,21000.932,21042.065,20864.298,20921.965,240,3432
2025-02-03 04:00:00,20922.065,21038.61,20868.664,21004.319,240,3428
2025-02-03 08:00:00,21007.576,21158.299,21006.653,21110.986,240,3432
2025-02-03 12:00:00,21111.087,21340.053,21001.175,21307.454,240,3444
2025-02-03 16:00:00,21306.153,21408.986,21229.764,21375.619,239,1420
2025-02-03 20:00:00,21374.786,21488.275,21277.308,21462.265,135,1433
2025-02-04 00:00:00,21462.143,21467.176,21318.443,21340.92,240,3435
2025-02-04 04:00:00,21340.675,21366.064,21134.297,21295.975,240,3449
2025-02-04 08:00:00,21296.01,21316.799,21203.597,21291.12,240,3433
2025-02-04 12:00:00,21294.319,21572.489,21294.319,21526.464,240,3426
2025-02-04 16:00:00,21527.586,21582.598,21439.132,21529.176,240,1427
2025-02-04 20:00:00,21528.932,21583.098,21444.121,21459.621,135,1436
2025-02-05 00:00:00,21461.087,21516.709,21431.665,21436.02,240,3425
2025-02-05 04:00:00,21436.389,21460.087,21376.399,21409.808,240,3460
2025-02-05 08:00:00,21408.108,21433.686,21323.665,21387.432,240,3439
2025-02-05 12:00:00,21388.009,21504.289,21364.764,21491.454,240,3436
2025-02-05 16:00:00,21491.153,21639.389,21460.642,21603.121,240,1443
2025-02-05 20:00:00,21602.998,21680.543,21583.643,21667.731,135,1429
2025-02-06 00:00:00,21667.986,21692.799,21654.109,21675.542,240,3434
2025-02-06 04:00:00,21675.476,21727.689,21672.775,21683.065,240,3435
2025-02-06 08:00:00,21682.576,21725.243,21612.221,21620.543,240,3428
2025-02-06 12:00:00,21620.687,21748.242,21601.921,21671.464,240,3427
2025-02-06 16:00:00,21671.676,21739.819,21609.443,21644.031,240,1435
2025-02-06 20:00:00,21644.131,21778.687,21632.531,21756.143,135,1431
2025-02-07 00:00:00,21756.042,21801.753,21746.521,21774.697,240,3453
2025-02-07 04:00:00,21774.931,21776.789,21729.498,21763.989,240,3441
2025-02-07 08:00:00,21763.987,21783.91,21736.086,21774.264,240,3427
2025-02-07 12:00:00,21773.976,21871.01,21521.985,21625.686,240,3425
2025-02-07 16:00:00,21626.785,21664.253,21473.799,21515.709,240,1425
2025-02-07 20:00:00,21515.586,21527.208,21462.51,21494.497,75,1425
2025-02-10 00:00:00,21551.12,21605.698,21548.321,21595.764,240,3433
2025-02-10 04:00:00,21595.632,21636.899,21587.808,21596.364,240,3448
2025-02-10 08:00:00,21593.831,21657.999,21589.131,21648.319,240,3430
2025-02-10 12:00:00,21645.631,21795.909,21628.132,21767.631,240,3431
2025-02-10 16:00:00,21768.697,21788.487,21719.732,21764.632,240,1428
2025-02-10 20:00:00,21764.898,21777.275,21680.376,21700.987,135,1429
2025-02-11 00:00:00,21701.443,21720.989,21656.308,21684.119,240,3434
2025-02-11 04:00:00,21684.232,21703.199,21635.531,21635.864,240,3433
2025-02-11 08:00:00,21636.308,21693.499,21624.776,21668.976,236,3428
2025-02-11 12:00:00,21669.021,21780.464,21575.286,21751.442,240,3421
2025-02-11 16:00:00,21750.689,21759.499,21622.487,21732.908,240,1430
2025-02-11 20:00:00,21733.254,21746.797,21672.575,21718.889,135,1429
2025-02-12 00:00:00,21718.908,21738.719,21694.886,21697.22,240,3420
2025-02-12 04:00:00,21697.219,21709.819,21675.819,21708.609,240,3429
2025-02-12 08:00:00,21709.164,21721.619,21643.586,21698.319,240,3432
2025-02-12 12:00:00,21698.387,21755.999,21419.31,21641.254,240,3423
2025-02-12 16:00:00,21640.898,21749.586,21559.764,21739.799,240,1423
2025-02-12 20:00:00,21739.031,21810.153,21687.531,21800.565,135,1425
2025-02-13 00:00:00,21800.121,21826.143,21785.364,21819.232,240,3426
2025-02-13 04:00:00,21819.786,21838.343,21753.754,21767.61,240,3426
2025-02-13 08:00:00,21767.999,21773.408,21665.153,21736.021,240,3432
2025-02-13 12:00:00,21736.499,21970.119,21700.865,21950.22,240,3425
2025-02-13 16:00:00,21951.219,21986.399,21802.797,21968.665,240,1447
2025-02-13 20:00:00,21968.542,22035.054,21964.287,21999.797,135,1437
2025-02-14 00:00:00,22000.919,22062.396,21990.275,22056.975,240,3465
2025-02-14 04:00:00,22056.908,22076.953,22028.809,22061.398,240,3429
2025-02-14 08:00:00,22061.454,22063.519,21958.232,21977.865,240,3439
2025-02-14 12:00:00,21977.864,22091.91,21971.821,22085.631,240,3442
2025-02-14 16:00:00,22086.643,22126.664,22012.876,22099.643,240,1433
2025-02-14 20:00:00,22099.675,22143.475,22080.242,22135.198,75,1430
2025-02-17 00:00:00,22133.964,22194.665,22123.131,22185.354,240,3426
2025-02-17 04:00:00,22185.454,22203.999,22159.275,22163.498,240,3435
2025-02-17 08:00:00,22163.686,22192.019,22148.387,22165.432,240,3435
2025-02-17 12:00:00,22166.221,22181.709,22116.186,22160.898,240,3448
2025-02-17 16:00:00,22161.399,22175.099,22146.286,22156.809,119,1440
2025-02-17 20:00:00,22153.809,22159.098,22123.108,22144.91,60,3434
2025-02-18 00:00:00,22144.753,22191.509,22137.621,22190.119,240,3427
2025-02-18 04:00:00,22190.131,22241.699,22173.632,22239.289,240,3451
2025-02-18 08:00:00,22239.11,22243.586,22187.775,22201.72,240,3427
2025-02-18 12:00:00,22201.899,22242.889,22048.764,22110.999,240,3441
2025-02-18 16:00:00,22107.188,22138.787,22025.686,22100.643,240,1431
2025-02-18 20:00:00,22101.687,22174.299,22081.997,22172.998,135,1431
2025-02-19 00:00:00,22172.598,22213.508,22168.819,22208.42,240,3438
2025-02-19 04:00:00,22208.754,22210.008,22169.975,22173.497,240,3427
2025-02-19 08:00:00,22172.489,22198.309,22118.465,22135.721,240,3435
2025-02-19 12:00:00,22136.132,22178.208,22043.998,22086.208,240,3438
2025-02-19 16:00:00,22085.654,22224.487,22085.065,22220.731,240,1427
2025-02-19 20:00:00,22220.431,22220.431,22130.998,22138.376,135,1428
2025-02-20 00:00:00,22138.519,22150.089,22078.989,22101.131,240,3429
2025-02-20 04:00:00,22100.664,22103.71,22061.964,22070.487,240,3451
2025-02-20 08:00:00,22070.708,22140.699,22069.854,22107.397,240,3434
2025-02-20 12:00:00,22106.82,22146.465,21876.642,21912.865,240,3425
2025-02-20 16:00:00,21912.61,22050.643,21906.964,22040.199,240,1429
2025-02-20 20:00:00,22039.996,22103.653,22008.12,22091.998,135,1432
2025-02-21 00:00:00,22091.62,22099.042,22057.553,22068.253,240,3431
2025-02-21 04:00:00,22068.719,22089.389,22042.253,22066.587,240,3425
2025-02-21 08:00:00,22066.999,22106.119,22034.632,22095.399,240,3432
2025-02-21 12:00:00,22095.065,22175.521,21875.308,21940.189,240,3436
2025-02-21 16:00:00,21941.176,21961.632,21601.299,21620.299,240,1431
2025-02-21 20:00:00,21620.118,21652.308,21596.153,21616.91,75,1444
2025-02-24 00:00:00,21690.62,21725.976,21667.287,21721.209,240,3439
2025-02-24 04:00:00,21721.276,21734.21,21665.676,21689.986,240,3429
2025-02-24 08:00:00,21690.231,21745.543,21634.989,21711.209,240,3436
2025-02-24 12:00:00,21711.298,21738.12,21366.808,21422.487,240,3442
2025-02-24 16:00:00,21422.11,21594.142,21407.564,21487.154,240,1430
2025-02-24 20:00:00,21488.731,21502.699,21301.631,21320.164,135,1441
2025-02-25 00:00:00,21320.653,21386.865,21320.176,21365.699,240,3433
2025-02-25 04:00:00,21365.32,21380.089,21245.743,21252.32,240,3449
2025-02-25 08:00:00,21252.341,21339.254,21221.999,21305.875,240,3427
2025-02-25 12:00:00,21307.298,21386.753,20964.042,21039.176,240,3432
2025-02-25 16:00:00,21042.154,21217.231,20927.532,21138.221,240,1426
2025-02-25 20:00:00,21139.098,21198.843,21057.753,21163.221,135,1435
2025-02-26 00:00:00,21163.186,21204.389,21138.332,21176.409,240,3440
2025-02-26 04:00:00,21176.698,21240.889,21170.053,21230.242,240,3434
2025-02-26 08:00:00,21230.653,21267.119,21201.654,21226.299,240,3429
2025-02-26 12:00:00,21226.153,21313.71,21128.319,21293.119,240,3432
2025-02-26 16:00:00,21294.831,21350.708,21007.021,21035.775,240,1425
2025-02-26 20:00:00,21037.776,21204.654,21020.364,21155.965,135,1426
2025-02-27 00:00:00,21156.387,21171.51,21051.199,21104.62,240,3418
2025-02-27 04:00:00,21104.843,21268.019,21090.609,21225.143,240,3423
2025-02-27 08:00:00,21224.886,21288.589,21193.421,21287.91,240,3427
2025-02-27 12:00:00,21287.697,21329.142,20840.498,20966.62,240,3443
2025-02-27 16:00:00,20968.031,21106.709,20740.043,20778.108,240,1426
2025-02-27 20:00:00,20779.376,20783.898,20530.52,20624.753,135,1427
2025-02-28 00:00:00,20624.81,20639.099,20468.01,20512.21,240,3441
2025-02-28 04:00:00,20511.608,20596.999,20498.343,20578.231,240,3426
2025-02-28 08:00:00,20578.409,20634.999,20563.575,20613.265,240,3431
2025-02-28 12:00:00,20613.542,20729.521,20413.175,20712.064,240,3422
2025-02-28 16:00:00,20712.376,20728.076,20436.675,20663.176,240,1429
2025-02-28 20:00:00,20662.853,20895.489,20634.876,20870.119,60,1421
2025-03-03 00:00:00,20920.764,20923.365,20792.232,20875.72,240,3428
2025-03-03 04:00:00,20875.81,20973.698,20872.72,20913.586,240,3441
2025-03-03 08:00:00,20914.343,20998.064,20841.276,20994.186,240,3438
2025-03-03 12:00:00,20994.286,21073.999,20714.776,20811.654,240,3436
2025-03-03 16:00:00,20812.389,20939.565,20555.097,20558.243,240,1424
2025-03-03 20:00:00,20559.153,20560.298,20275.698,20473.354,135,1433
2025-03-04 00:00:00,20473.186,20528.176,20425.71,20498.31,240,3442
2025-03-04 04:00:00,20498.12,20546.676,20434.698,20448.264,240,3429
2025-03-04 08:00:00,20447.353,20524.153,20397.989,20433.021,240,3424
2025-03-04 12:00:00,20432.319,20432.319,20033.409,20154.719,240,3433
2025-03-04 16:00:00,20155.308,20589.354,20066.408,20577.132,240,1428
2025-03-04 20:00:00,20576.243,20689.687,20281.775,20536.898,135,1427
2025-03-05 00:00:00,20536.599,20546.964,20402.298,20506.842,240,3426
2025-03-05 04:00:00,20506.975,20534.899,20464.476,20499.319,240,3432
2025-03-05 08:00:00,20499.709,20587.476,20400.853,20451.286,240,3431
2025-03-05 12:00:00,20450.31,20484.709,20230.708,20355.075,240,3430
2025-03-05 16:00:00,20353.187,20671.697,20179.564,20612.864,240,1427
2025-03-05 20:00:00,20610.754,20685.697,20539.054,20567.219,135,1432
2025-03-06 00:00:00,20566.999,20598.708,20545.92,20584.976,240,3433
2025-03-06 04:00:00,20584.386,20608.697,20493.165,20495.342,240,3435
2025-03-06 08:00:00,20494.232,20517.654,20313.887,20384.353,240,3429
2025-03-06 12:00:00,20385.064,20478.399,20191.376,20396.054,240,3429
2025-03-06 16:00:00,20395.175,20460.564,19969.597,20014.032,240,1434
2025-03-06 20:00:00,20015.02,20191.889,19990.631,20153.543,135,1430
2025-03-07 00:00:00,20153.508,20186.097,20108.331,20137.399,234,3434
2025-03-07 04:00:00,20137.353,20158.289,20080.564,20133.564,240,3446
2025-03-07 08:00:00,20133.931,20193.943,20112.187,20150.931,240,3433
2025-03-07 12:00:00,20151.154,20237.054,19856.354,19989.898,240,3429
2025-03-07 16:00:00,19987.743,20241.719,19734.632,20161.721,240,1424
2025-03-07 20:00:00,20161.531,20255.575,20067.143,20179.398,75,1426
2025-03-10 00:00:00,20001.565,20124.61,19978.142,20097.232,240,3429
2025-03-10 04:00:00,20097.175,20123.499,20048.765,20062.542,240,3449
2025-03-10 08:00:00,20063.619,20083.399,19892.354,19921.119,240,3450
2025-03-10 12:00:00,19921.819,19925.086,19489.553,19555.899,240,3430
2025-03-10 16:00:00,19553.154,19606.899,19240.789,19432.043,240,1424
2025-03-10 20:00:00,19433.342,19446.343,19202.331,19274.097,130,1434
2025-03-11 00:00:00,19274.843,19462.853,19113.775,19405.897,240,3450
2025-03-11 04:00:00,19405.52,19489.065,19374.831,19450.52,240,3428
2025-03-11 08:00:00,19449.876,19550.598,19438.686,19546.898,240,3435
2025-03-11 12:00:00,19547.287,19585.142,19237.743,19396.221,240,3426
2025-03-11 16:00:00,19395.121,19657.264,19175.742,19366.798,240,1435
2025-03-11 20:00:00,19364.697,19452.686,19354.797,19451.819,128,1431
2025-03-12 00:00:00,19451.053,19473.564,19409.753,19424.643,240,3428
2025-03-12 04:00:00,19424.71,19457.554,19361.11,19448.899,240,3442
2025-03-12 08:00:00,19448.219,19582.119,19415.687,19556.789,240,3426
2025-03-12 12:00:00,19555.676,19761.286,19372.786,19610.131,240,3427
2025-03-12 16:00:00,19610.097,19705.064,19508.908,19588.686,240,1434
2025-03-12 20:00:00,19585.299,19666.897,19542.621,19664.298,129,1432
2025-03-13 00:00:00,19664.021,19673.565,19492.21,19498.964,240,3434
2025-03-13 04:00:00,19498.887,19524.397,19381.099,19411.308,240,3431
2025-03-13 08:00:00,19413.576,19610.554,19388.321,19511.442,240,3435
2025-03-13 12:00:00,19508.843,19574.243,19259.398,19279.387,240,3433
2025-03-13 16:00:00,19281.553,19375.898,19152.154,19232.609,240,1432
2025-03-13 20:00:00,19232.32,19370.099,19226.331,19342.831,128,1435
2025-03-14 00:00:00,19343.019,19443.489,19319.532,19435.043,240,3429
2025-03-14 04:00:00,19434.264,19443.599,19354.921,19376.419,240,3436
2025-03-14 08:00:00,19374.097,19471.589,19360.042,19456.587,240,3441
2025-03-14 12:00:00,19456.286,19685.798,19423.153,19663.408,240,3438
2025-03-14 16:00:00,19663.686,19724.889,19588.743,19688.11,240,1434
2025-03-14 20:00:00,19687.853,19687.853,19636.389,19644.064,15,1440
2025-03-17 00:00:00,19568.408,19612.219,19548.819,19569.409,240,3434
2025-03-17 04:00:00,19569.232,19590.299,19538.297,19575.408,240,3441
2025-03-17 08:00:00,19574.775,19700.989,19559.309,19667.22,240,3426
2025-03-17 12:00:00,19667.376,19832.12,19614.032,19666.653,240,3427
2025-03-17 16:00:00,19667.198,19944.089,19641.389,19818.52,238,1432
2025-03-17 20:00:00,19817.621,19846.589,19784.308,19809.875,129,1436
2025-03-18 00:00:00,19809.343,19816.642,19715.576,19721.575,240,3439
2025-03-18 04:00:00,19721.421,19769.375,19701.12,19761.887,240,3435
2025-03-18 08:00:00,19762.021,19818.709,19704.664,19752.289,240,3427
2025-03-18 12:00:00,19750.554,19756.608,19391.643,19444.431,240,3428
2025-03-18 16:00:00,19445.709,19568.675,19435.91,19488.208,240,1439
2025-03-18 20:00:00,19489.453,19522.831,19454.065,19496.097,128,1431
2025-03-19 00:00:00,19495.332,19584.164,19493.276,19550.298,240,3435
2025-03-19 04:00:00,19550.376,19551.889,19447.676,19461.409,240,3450
2025-03-19 08:00:00,19461.297,19576.631,19459.242,19560.553,240,3429
2025-03-19 12:00:00,19559.186,19722.32,19495.131,19705.187,240,3425
2025-03-19 16:00:00,19703.153,19926.542,19565.253,19736.087,240,1438
2025-03-19 20:00:00,19737.089,19818.121,19736.798,19815.399,129,1438
2025-03-20 00:00:00,19815.487,19875.689,19795.264,19867.11,240,3428
2025-03-20 04:00:00,19866.964,19875.043,19820.265,19824.664,240,3441
2025-03-20 08:00:00,19826.02,19856.799,19520.0,19636.165,240,3432
2025-03-20 12:00:00,19636.453,19891.686,19541.597,19773.286,240,3436
2025-03-20 16:00:00,19771.454,19826.01,19588.232,19675.275,240,1426
2025-03-20 20:00:00,19674.243,19707.765,19646.91,19684.253,129,1433
2025-03-21 00:00:00,19684.675,19731.12,19663.487,19673.175,240,3429
2025-03-21 04:00:00,19673.309,19695.164,19619.032,19641.108,240,3429
2025-03-21 08:00:00,19639.621,19671.187,19561.931,19591.254,240,3436
2025-03-21 12:00:00,19592.61,19628.699,19403.12,19513.11,240,3429
2025-03-21 16:00:00,19513.198,19769.786,19481.91,19745.764,240,1434
2025-03-21 20:00:00,19747.499,19767.187,19734.375,19752.064,15,1427
2025-03-24 00:00:00,19907.82,19936.543,19895.842,19902.353,240,3428
2025-03-24 04:00:00,19902.197,19970.499,19894.143,19965.532,240,3435
2025-03-24 08:00:00,19964.875,20059.109,19956.608,20051.142,240,3445
2025-03-24 12:00:00,20051.141,20166.02,20028.098,20150.72,240,3430
2025-03-24 16:00:00,20150.708,20201.419,20103.132,20160.532,240,1439
2025-03-24 20:00:00,20159.408,20170.419,20137.531,20149.821,129,1446
2025-03-25 00:00:00,20149.665,20169.389,20124.764,20133.331,240,3446
2025-03-25 04:00:00,20133.319,20166.576,20123.587,20133.342,240,3429
2025-03-25 08:00:00,20133.489,20210.697,20088.275,20206.408,240,3430
2025-03-25 12:00:00,20206.308,20294.065,20158.676,20240.686,240,3443
2025-03-25 16:00:00,20241.475,20290.52,20200.62,20286.198,240,1429
2025-03-25 20:00:00,20286.653,20332.453,20285.576,20323.464,129,1423
2025-03-26 00:00:00,20322.01,20336.153,20269.12,20279.01,240,3442
2025-03-26 04:00:00,20279.699,20297.699,20253.065,20278.019,240,3428
2025-03-26 08:00:00,20278.498,20292.489,20229.41,20282.219,240,3430
2025-03-26 12:00:00,20282.174,20286.02,19973.854,19995.874,240,3437
2025-03-26 16:00:00,19995.609,20020.719,19848.741,19917.13,240,1426
2025-03-26 20:00:00,19916.308,19923.13,19806.93,19862.03,130,1435
2025-03-27 00:00:00,19862.407,19950.309,19852.385,19936.819,240,3448
2025-03-27 04:00:00,19936.986,19950.342,19871.831,19876.275,240,3437
2025-03-27 08:00:00,19877.085,19940.975,19823.763,19892.053,240,3440
2025-03-27 12:00:00,19891.831,20000.319,19742.186,19850.864,240,3442
2025-03-27 16:00:00,19851.097,19958.586,19778.586,19798.764,240,1437
2025-03-27 20:00:00,19797.852,19817.352,19763.252,19774.441,129,1432
2025-03-28 00:00:00,19774.319,19807.098,19741.286,19798.442,240,3438
2025-03-28 04:00:00,19798.297,19817.975,19655.508,19667.485,240,3446
2025-03-28 08:00:00,19667.296,19778.708,19662.508,19757.986,240,3432
2025-03-28 12:00:00,19752.997,19775.174,19358.541,19358.541,240,3434
2025-03-28 16:00:00,19358.042,19397.586,19241.364,19279.174,240,1430
2025-03-28 20:00:00,19279.363,19281.374,19229.642,19231.164,15,1431
2025-03-31 00:00:00,19076.464,19091.188,18979.974,19020.288,240,3426
2025-03-31 04:00:00,19019.707,19084.875,19001.941,19080.32,240,3431
2025-03-31 08:00:00,19076.407,19091.419,18938.608,18990.863,240,3436
2025-03-31 12:00:00,18990.685,19081.774,18797.942,19042.075,240,3430
2025-03-31 16:00:00,19042.264,19312.585,18996.741,19274.62,240,1432
2025-03-31 20:00:00,19273.775,19275.786,19151.22,19183.02,130,1425
2025-04-01 00:00:00,19183.72,19210.598,19107.818,19185.174,240,3448
2025-04-01 04:00:00,19185.097,19303.153,19159.353,19219.388,240,3433
2025-04-01 08:00:00,19219.318,19334.808,19136.009,19178.788,240,3429
2025-04-01 12:00:00,19176.62,19434.418,19090.088,19420.008,240,3438
2025-04-01 16:00:00,19420.33,19471.442,19213.063,19429.997,240,1429
2025-04-01 20:00:00,19430.986,19518.32,19423.697,19470.519,130,1433
2025-04-02 00:00:00,19470.397,19472.841,19384.23,19395.085,240,3435
2025-04-02 04:00:00,19394.842,19418.298,19343.552,19361.809,240,3440
2025-04-02 08:00:00,19361.785,19391.788,19251.118,19255.385,240,3429
2025-04-02 12:00:00,19256.088,19541.686,19146.597,19496.563,240,3433
2025-04-02 16:00:00,19496.598,19716.386,19432.488,19573.263,240,1430
2025-04-02 20:00:00,19574.264,19808.218,18646.487,18706.386,129,1440
2025-04-03 00:00:00,18704.82,18965.874,18704.82,18930.575,240,3430
2025-04-03 04:00:00,18931.752,18973.986,18850.286,18922.463,240,3436
2025-04-03 08:00:00,18920.075,19002.743,18774.976,18814.71,240,3429
2025-04-03 12:00:00,18814.598,18900.989,18547.821,18721.408,240,3434
2025-04-03 16:00:00,18719.375,18824.421,18502.409,18523.743,240,1436
2025-04-03 20:00:00,18524.608,18545.932,18438.786,18498.008,129,1433
2025-04-04 00:00:00,18498.153,18556.998,18367.143,18405.453,240,3440
2025-04-04 04:00:00,18405.732,18519.153,18306.764,18429.599,240,3432
2025-04-04 08:00:00,18426.921,18501.82,17665.12,17971.843,240,3440
2025-04-04 12:00:00,17948.899,18112.209,17507.621,17812.953,238,3434
2025-04-04 16:00:00,17732.999,17829.698,17388.008,17396.143,240,1435
2025-04-04 20:00:00,17394.298,17428.464,17302.276,17382.321,15,1431
2025-04-07 00:00:00,16582.475,16884.221,16369.321,16670.932,240,4428
2025-04-07 04:00:00,16670.775,16769.787,16341.497,16541.908,240,4429
2025-04-07 08:00:00,16540.998,17136.942,16532.61,16921.132,240,3437
2025-04-07 12:00:00,16923.519,18221.732,16535.875,17254.175,240,3430
2025-04-07 16:00:00,17253.875,17679.908,17078.389,17422.91,240,1436
2025-04-07 20:00:00,17424.71,17647.82,17424.71,17630.42,132,1433
2025-04-08 00:00:00,17612.943,17749.297,17528.52,17636.898,240,3439
2025-04-08 04:00:00,17637.489,17747.089,17538.775,17744.609,240,3430
2025-04-08 08:00:00,17744.775,17886.319,17559.365,17880.898,240,3434
2025-04-08 12:00:00,17878.22,18221.942,17791.598,17913.619,240,3435
2025-04-08 16:00:00,17913.786,17933.032,16842.521,17099.076,240,1435
2025-04-08 20:00:00,17103.319,17192.231,16746.297,16861.787,132,1431
2025-04-09 00:00:00,16861.486,17063.989,16712.953,16797.775,240,3436
2025-04-09 04:00:00,16799.289,17291.475,16606.486,17213.387,240,3433
2025-04-09 08:00:00,17211.609,17286.486,16740.576,16826.076,240,3430
2025-04-09 12:00:00,16826.809,17464.965,16770.043,17187.331,240,3433
2025-04-09 16:00:00,17191.42,19224.532,17148.897,19124.309,240,1433
2025-04-09 20:00:00,19098.82,19229.298,19072.754,19159.899,130,4442
2025-04-10 00:00:00,19139.287,19181.12,18816.743,18861.009,240,4427
2025-04-10 04:00:00,18861.109,19032.621,18715.289,18744.164,240,4434
2025-04-10 08:00:00,18743.632,18849.576,18561.889,18772.997,240,3430
2025-04-10 12:00:00,18770.608,18830.154,18115.754,18137.464,240,3431
2025-04-10 16:00:00,18137.254,18527.664,17780.42,18339.876,240,1434
2025-04-10 20:00:00,18341.998,18463.397,18183.221,18220.51,129,1431
2025-04-11 00:00:00,18219.954,18396.032,17937.942,18343.608,240,3430
2025-04-11 04:00:00,18343.432,18658.064,18301.953,18428.732,240,3427
2025-04-11 08:00:00,18428.475,18565.875,18181.253,18429.454,240,3438
2025-04-11 12:00:00,18428.976,18531.743,18137.932,18431.821,240,3436
2025-04-11 16:00:00,18432.819,18732.089,18392.997,18668.41,240,1430
2025-04-11 20:00:00,18666.576,18685.987,18640.898,18668.799,15,1431
2025-04-14 00:00:00,18871.209,18941.689,18815.186,18916.643,240,3433
2025-04-14 04:00:00,18916.919,19021.553,18909.375,19015.408,240,3437
2025-04-14 08:00:00,19014.719,19039.332,18883.509,18930.653,240,3429
2025-04-14 12:00:00,18930.532,19114.131,18666.365,18690.554,240,3434
2025-04-14 16:00:00,18692.598,18954.243,18600.531,18799.419,240,1433
2025-04-14 20:00:00,18799.31,18820.22,18671.587,18710.61,131,1433
2025-04-15 00:00:00,18710.597,18809.731,18710.597,18775.399,240,3435
2025-04-15 04:00:00,18775.265,18900.821,18729.887,18871.098,240,3428
2025-04-15 08:00:00,18871.286,18886.564,18731.298,18748.02,240,3436
2025-04-15 12:00:00,18749.308,19003.631,18696.619,18910.52,240,3435
2025-04-15 16:00:00,18910.62,18950.81,18745.864,18823.454,240,1432
2025-04-15 20:00:00,18822.51,18841.798,18558.799,18592.975,129,1427
2025-04-16 00:00:00,18592.831,18600.387,18501.608,18538.275,240,3428
2025-04-16 04:00:00,18538.364,18547.287,18369.309,18385.731,240,3441
2025-04-16 08:00:00,18388.51,18723.932,18379.542,18560.353,240,3428
2025-04-16 12:00:00,18559.509,18604.864,18376.81,18457.943,236,3435
2025-04-16 16:00:00,18458.076,18486.232,17991.542,18261.387,240,1430
2025-04-16 20:00:00,18262.754,18312.586,18229.832,18285.999,129,1432
2025-04-17 00:00:00,18287.353,18423.753,18261.321,18418.898,240,3433
2025-04-17 04:00:00,18418.776,18535.286,18401.876,18501.776,240,3438
2025-04-17 08:00:00,18501.41,18503.819,18341.053,18398.954,240,3435
2025-04-17 12:00:00,18399.442,18508.189,18146.832,18217.131,240,3440
2025-04-17 16:00:00,18216.864,18403.064,18194.989,18250.054,240,1430
2025-04-17 20:00:00,18251.109,18311.586,18242.597,18288.81,14,1436
2025-04-21 00:00:00,18192.654,18248.809,18068.842,18099.308,240,3438
2025-04-21 04:00:00,18099.342,18135.253,18029.719,18031.798,240,3439
2025-04-21 08:00:00,18034.576,18092.197,17959.054,17985.209,240,3431
2025-04-21 12:00:00,17985.097,18044.208,17673.143,17682.686,240,3435
2025-04-21 16:00:00,17683.099,17838.02,17587.053,17808.597,240,1435
2025-04-21 20:00:00,17808.799,17893.787,17752.631,17891.143,129,1436
2025-04-22 00:00:00,17892.053,17954.586,17837.11,17869.397,240,3428
2025-04-22 04:00:00,17869.265,18058.398,17860.032,17973.709,240,3435
2025-04-22 08:00:00,17973.797,18010.919,17932.153,17942.621,240,3438
2025-04-22 12:00:00,17942.819,18275.908,17934.21,18263.364,240,3433
2025-04-22 16:00:00,18263.231,18397.789,18097.809,18263.564,240,1430
2025-04-22 20:00:00,18265.319,18688.254,18232.02,18648.02,130,1432
2025-04-23 00:00:00,18649.376,18657.754,18512.775,18589.786,240,3434
2025-04-23 04:00:00,18590.264,18677.576,18569.108,18670.798,240,3439
2025-04-23 08:00:00,18670.708,18828.82,18662.754,18747.331,240,3429
2025-04-23 12:00:00,18747.297,19051.554,18683.353,18761.187,240,3441
2025-04-23 16:00:00,18760.831,18850.108,18614.999,18671.721,240,1440
2025-04-23 20:00:00,18672.698,18743.598,18627.043,18725.609,130,1429
2025-04-24 00:00:00,18724.743,18761.765,18621.832,18643.408,240,3432
2025-04-24 04:00:00,18642.919,18667.719,18537.342,18562.565,240,3432
2025-04-24 08:00:00,18562.419,18725.321,18481.364,18656.72,240,3431
2025-04-24 12:00:00,18656.286,19102.898,18655.819,19051.676,240,3439
2025-04-24 16:00:00,19052.376,19222.075,19029.864,19204.642,240,1435
2025-04-24 20:00:00,19204.186,19326.809,19198.398,19305.221,134,1431
2025-04-25 00:00:00,19304.821,19357.421,19255.842,19338.842,240,3430
2025-04-25 04:00:00,19338.764,19387.808,19265.364,19308.519,240,3438
2025-04-25 08:00:00,19308.553,19341.497,19109.987,19146.842,240,3435
2025-04-25 12:00:00,19146.71,19301.289,19108.021,19258.589,240,3445
2025-04-25 16:00:00,19258.843,19448.076,19245.843,19421.71,240,1429
2025-04-25 20:00:00,19422.719,19454.287,19417.653,19446.843,15,1429
2025-04-28 00:00:00,19349.876,19363.042,19285.408,19296.419,240,3431
2025-04-28 04:00:00,19296.509,19410.843,19295.643,19361.519,240,3431
2025-04-28 08:00:00,19361.708,19432.589,19333.131,19406.621,240,3431
2025-04-28 12:00:00,19408.176,19516.189,19208.41,19243.932,240,3436
2025-04-28 16:00:00,19242.554,19474.421,19153.865,19421.953,240,1434
2025-04-28 20:00:00,19421.087,19428.689,19353.643,19426.353,134,1441
2025-04-29 00:00:00,19426.208,19528.387,19394.086,19470.942,240,3440
2025-04-29 04:00:00,19471.299,19518.021,19423.389,19507.619,240,3435
2025-04-29 08:00:00,19507.62,19507.789,19346.498,19402.199,240,3427
2025-04-29 12:00:00,19401.375,19513.599,19277.143,19436.697,240,3428
2025-04-29 16:00:00,19437.698,19584.164,19369.354,19540.498,240,1432
2025-04-29 20:00:00,19541.154,19563.198,19440.443,19459.021,128,1427
2025-04-30 00:00:00,19456.642,19479.753,19381.087,19419.198,240,3440
2025-04-30 04:00:00,19419.087,19490.476,19401.154,19481.608,240,3431
2025-04-30 08:00:00,19476.499,19518.509,19407.475,19423.532,240,3432
2025-04-30 12:00:00,19421.198,19430.889,19008.264,19343.721,240,3448
2025-04-30 16:00:00,19344.199,19615.319,19237.965,19549.732,240,1439
2025-04-30 20:00:00,19550.776,19837.009,19494.42,19819.464,131,1431
2025-05-01 00:00:00,19821.098,19865.042,19809.92,19859.586,240,3430
2025-05-01 04:00:00,19859.632,19878.098,19803.776,19858.219,240,3444
2025-05-01 08:00:00,19858.221,19929.699,19834.031,19911.497,240,3431
2025-05-01 12:00:00,19910.421,20026.575,19768.697,19863.819,240,3430
2025-05-01 16:00:00,19863.243,19948.932,19758.298,19773.753,240,1432
2025-05-01 20:00:00,19773.942,19822.554,19656.064,19696.075,129,1443
2025-05-02 00:00:00,19695.954,19892.942,19661.489,19883.22,240,3429
2025-05-02 04:00:00,19883.409,19906.921,19789.432,19808.999,240,3434
2025-05-02 08:00:00,19808.898,19863.731,19770.286,19823.754,240,3443
2025-05-02 12:00:00,19823.975,20110.286,19817.22,20101.143,240,3433
2025-05-02 16:00:00,20101.309,20178.789,20054.743,20087.875,240,1430
2025-05-02 20:00:00,20087.909,20126.642,20080.654,20108.376,15,1430
2025-05-05 00:00:00,19989.076,20015.053,19895.521,19961.243,240,3430
2025-05-05 04:00:00,19961.131,20002.264,19922.165,19961.131,240,3431
2025-05-05 08:00:00,19957.708,19981.153,19870.664,19884.254,240,3429
2025-05-05 12:00:00,19884.153,20033.853,19874.609,20012.919,240,3435
2025-05-05 16:00:00,20012.51,20101.121,19955.664,19974.776,240,1431
2025-05-05 20:00:00,19975.21,19978.619,19916.565,19919.121,129,1435
2025-05-06 00:00:00,19919.32,19939.82,19843.698,19898.189,240,3429
2025-05-06 04:00:00,19898.042,19902.187,19804.653,19812.619,240,3442
2025-05-06 08:00:00,19812.108,19819.953,19717.087,19749.986,240,3440
2025-05-06 12:00:00,19750.476,19863.886,19650.942,19807.931,240,3439
2025-05-06 16:00:00,19806.953,19937.476,19752.286,19787.153,240,1428
2025-05-06 20:00:00,19787.02,20042.299,19767.053,19981.275,130,1444
2025-05-07 00:00:00,19981.054,20019.776,19890.343,19917.12,240,3432
2025-05-07 04:00:00,19916.131,19949.198,19866.675,19927.309,240,3431
2025-05-07 08:00:00,19927.364,19943.687,19880.731,19909.708,240,3427
2025-05-07 12:00:00,19909.332,19911.365,19702.276,19764.586,240,3429
2025-05-07 16:00:00,19762.565,19968.409,19593.886,19865.109,240,1429
2025-05-07 20:00:00,19865.565,19912.831,19830.587,19868.608,128,1431
2025-05-08 00:00:00,19869.897,20085.597,19841.831,20080.599,240,3428
2025-05-08 04:00:00,20080.309,20113.798,20040.265,20094.075,240,3434
2025-05-08 08:00:00,20094.186,20178.165,20070.231,20114.499,240,3429
2025-05-08 12:00:00,20114.375,20233.275,19897.499,20187.143,240,3434
2025-05-08 16:00:00,20186.898,20249.198,20056.887,20066.897,240,1431
2025-05-08 20:00:00,20067.021,20093.286,20046.12,20059.153,129,1433
2025-05-09 00:00:00,20059.097,20121.076,20000.664,20105.199,240,3434
2025-05-09 04:00:00,20105.299,20152.209,20076.776,20112.764,240,3432
2025-05-09 08:00:00,20113.108,20195.276,20064.265,20126.587,240,3432
2025-05-09 12:00:00,20123.976,20200.676,19979.287,20092.497,240,3430
2025-05-09 16:00:00,20092.043,20107.019,19985.819,20058.287,240,1431
2025-05-09 20:00:00,20058.389,20071.219,20046.065,20054.042,15,1438
2025-05-12 00:00:00,20373.51,20467.476,20362.964,20447.408,240,3433
2025-05-12 04:00:00,20447.486,20851.509,20441.553,20732.076,240,3439
2025-05-12 08:00:00,20730.298,20912.319,20699.997,20835.22,240,3429
2025-05-12 12:00:00,20834.787,20885.689,20607.254,20683.289,240,3430
2025-05-12 16:00:00,20683.732,20869.054,20674.976,20864.508,240,1434
2025-05-12 20:00:00,20865.699,20910.919,20824.71,20824.742,129,1433
2025-05-13 00:00:00,20825.297,20826.087,20759.032,20760.475,240,3433
2025-05-13 04:00:00,20760.943,20798.898,20735.276,20763.953,240,3437
2025-05-13 08:00:00,20763.821,20860.319,20742.486,20857.531,240,3443
2025-05-13 12:00:00,20859.375,21220.943,20847.786,21201.486,240,3428
2025-05-13 16:00:00,21201.531,21263.989,21170.721,21184.976,240,1430
2025-05-13 20:00:00,21185.098,21216.553,21162.231,21208.165,129,1435
2025-05-14 00:00:00,21207.121,21213.643,21163.031,21204.342,240,3430
2025-05-14 04:00:00,21204.489,21269.397,21197.231,21221.632,240,3430
2025-05-14 08:00:00,21221.989,21298.589,21154.11,21260.132,240,3430
2025-05-14 12:00:00,21260.22,21321.532,21192.675,21296.708,240,3434
2025-05-14 16:00:00,21295.989,21339.889,21202.686,21315.531,240,1431
2025-05-14 20:00:00,21315.408,21329.389,21274.232,21292.508,130,1430
2025-05-15 00:00:00,21292.265,21329.099,21282.198,21296.265,240,3437
2025-05-15 04:00:00,21296.432,21305.399,21183.41,21189.242,240,3445
2025-05-15 08:00:00,21188.897,21218.221,21109.31,21191.731,240,3430
2025-05-15 12:00:00,21189.775,21362.219,21157.997,21345.209,240,3435
2025-05-15 16:00:00,21345.987,21445.32,21219.419,21333.976,240,1434
2025-05-15 20:00:00,21333.964,21360.589,21299.576,21333.264,129,1431
2025-05-16 00:00:00,21333.509,21354.064,21268.153,21324.421,240,3449
2025-05-16 04:00:00,21322.542,21374.519,21280.243,21361.198,240,3439
2025-05-16 08:00:00,21361.264,21404.642,21349.12,21399.11,240,3429
2025-05-16 12:00:00,21399.543,21422.131,21240.489,21331.931,240,3441
2025-05-16 16:00:00,21331.72,21431.443,21325.708,21424.754,240,1434
2025-05-16 20:00:00,21422.187,21429.219,21408.131,21415.454,15,1441
2025-05-19 00:00:00,21302.076,21302.787,21120.0,21132.964,240,3435
2025-05-19 04:00:00,21133.131,21209.399,21083.442,21115.086,240,3433
2025-05-19 08:00:00,21112.576,21133.799,21033.676,21125.109,240,3428
2025-05-19 12:00:00,21124.808,21397.699,21076.12,21355.298,240,3430
2025-05-19 16:00:00,21355.42,21463.889,21349.286,21445.609,240,1431
2025-05-19 20:00:00,21444.653,21482.653,21400.531,21462.431,129,1430
2025-05-20 00:00:00,21462.499,21485.289,21351.776,21357.286,240,3440
2025-05-20 04:00:00,21357.176,21409.899,21317.175,21368.109,240,3448
2025-05-20 08:00:00,21368.276,21406.999,21335.899,21387.689,240,3436
2025-05-20 12:00:00,21386.275,21396.764,21280.499,21362.32,240,3428
2025-05-20 16:00:00,21361.554,21399.753,21224.564,21373.609,240,1428
2025-05-20 20:00:00,21373.042,21376.808,21270.62,21358.676,130,1430
2025-05-21 00:00:00,21358.919,21370.686,21296.721,21304.808,240,3432
2025-05-21 04:00:00,21304.831,21311.51,21213.765,21271.209,240,3434
2025-05-21 08:00:00,21270.643,21282.365,21157.253,21266.908,240,3437
2025-05-21 12:00:00,21267.064,21463.119,21190.142,21444.054,240,3432
2025-05-21 16:00:00,21443.543,21486.264,21001.409,21078.389,240,1434
2025-05-21 20:00:00,21076.919,21104.608,21039.908,21076.043,129,1425
2025-05-22 00:00:00,21078.008,21137.289,21066.197,21095.687,240,3433
2025-05-22 04:00:00,21095.553,21155.687,21085.108,21126.208,240,3442
2025-05-22 08:00:00,21123.465,21172.364,21008.02,21008.532,240,3429
2025-05-22 12:00:00,21011.986,21259.699,20969.719,21200.987,240,3430
2025-05-22 16:00:00,21201.876,21266.587,21096.142,21115.075,240,1436
2025-05-22 20:00:00,21114.389,21147.81,21070.242,21114.589,130,1439
2025-05-23 00:00:00,21114.632,21143.664,21088.642,21126.708,240,3429
2025-05-23 04:00:00,21126.564,21154.919,21029.742,21143.365,240,3445
2025-05-23 08:00:00,21142.875,21167.389,20740.821,20767.708,240,3432
2025-05-23 12:00:00,20769.553,20950.575,20663.631,20878.232,240,3436
2025-05-23 16:00:00,20877.675,21025.176,20861.819,20920.854,240,1431
2025-05-23 20:00:00,20922.099,20922.099,20877.132,20890.743,15,1431
2025-05-26 00:00:00,21132.621,21177.119,21112.164,21156.599,240,3439
2025-05-26 04:00:00,21156.053,21221.797,21133.298,21216.708,240,3442
2025-05-26 08:00:00,21216.543,21229.72,21182.354,21218.743,240,3439
2025-05-26 12:00:00,21218.708,21252.321,21160.665,21218.286,240,3431
2025-05-26 16:00:00,21218.609,21239.087,21213.154,21224.275,59,1448
2025-05-26 20:00:00,21175.543,21192.899,21165.821,21182.054,58,3442
2025-05-27 00:00:00,21180.397,21188.789,21088.52,21098.775,240,3453
2025-05-27 04:00:00,21098.62,21305.386,21091.743,21279.399,240,3428
2025-05-27 08:00:00,21280.686,21298.598,21218.898,21243.389,240,3433
2025-05-27 12:00:00,21242.742,21349.119,21140.721,21342.587,240,3441
2025-05-27 16:00:00,21343.243,21431.589,21339.289,21406.643,240,1436
2025-05-27 20:00:00,21407.787,21427.399,21385.742,21413.387,129,1428
2025-05-28 00:00:00,21413.176,21426.365,21381.31,21386.82,240,3431
2025-05-28 04:00:00,21386.708,21405.499,21371.12,21376.108,240,3438
2025-05-28 08:00:00,21375.886,21466.086,21350.076,21446.709,239,3439
2025-05-28 12:00:00,21446.597,21508.308,21373.031,21382.419,240,3439
2025-05-28 16:00:00,21382.721,21459.542,21293.365,21315.064,240,1438
2025-05-28 20:00:00,21316.132,21721.589,21276.197,21709.865,134,1430
2025-05-29 00:00:00,21709.765,21777.686,21655.589,21728.354,240,3430
2025-05-29 04:00:00,21727.554,21793.021,21691.832,21793.021,240,3435
2025-05-29 08:00:00,21795.353,21804.054,21593.887,21599.764,240,3430
2025-05-29 12:00:00,21600.587,21637.919,21273.632,21296.209,240,3439
2025-05-29 16:00:00,21294.765,21428.609,21249.032,21358.354,240,1428
2025-05-29 20:00:00,21358.408,21374.899,21266.297,21268.354,128,1429
2025-05-30 00:00:00,21268.553,21316.499,21220.419,21297.843,240,3431
2025-05-30 04:00:00,21297.697,21363.808,21271.065,21314.31,240,3426
2025-05-30 08:00:00,21314.999,21372.732,21301.531,21339.553,240,3434
2025-05-30 12:00:00,21339.721,21371.909,21178.919,21274.353,240,3430
2025-05-30 16:00:00,21276.553,21387.376,21023.564,21322.054,240,1435
2025-06-02 00:00:00,21259.899,21281.064,21184.309,21187.208,240,3434
2025-06-02 04:00:00,21187.01,21222.799,21119.165,21167.375,240,3431
2025-06-02 08:00:00,21165.71,21246.786,21157.353,21211.543,240,3436
2025-06-02 12:00:00,21212.654,21414.389,21192.608,21391.619,240,3432
2025-06-02 16:00:00,21391.108,21500.198,21358.386,21491.153,240,1428
2025-06-02 20:00:00,21490.776,21515.765,21425.554,21452.821,131,1430
2025-06-03 00:00:00,21453.086,21460.232,21395.632,21419.687,240,3442
2025-06-03 04:00:00,21419.209,21438.697,21362.621,21397.243,240,3433
2025-06-03 08:00:00,21397.343,21492.999,21357.721,21485.164,240,3429
2025-06-03 12:00:00,21485.62,21646.489,21461.876,21643.087,240,3443
2025-06-03 16:00:00,21642.889,21717.819,21595.265,21664.287,240,1428
2025-06-03 20:00:00,21664.598,21680.92,21626.531,21665.686,129,1429
2025-06-04 00:00:00,21665.519,21686.842,21627.754,21639.898,240,3440
2025-06-04 04:00:00,21640.008,21682.921,21633.519,21681.376,240,3428
2025-06-04 08:00:00,21681.186,21722.708,21675.61,21707.643,240,3428
2025-06-04 12:00:00,21707.831,21754.399,21603.408,21716.287,240,3440
2025-06-04 16:00:00,21716.175,21763.697,21668.208,21718.865,240,1431
2025-06-04 20:00:00,21715.589,21733.589,21699.853,21704.186,129,1434
2025-06-05 00:00:00,21704.564,21729.076,21694.343,21713.108,240,3441
2025-06-05 04:00:00,21712.876,21798.776,21687.098,21774.864,240,3435
2025-06-05 08:00:00,21775.565,21803.786,21708.132,21730.499,240,3430
2025-06-05 12:00:00,21729.999,21894.687,21655.587,21882.764,240,3431
2025-06-05 16:00:00,21882.286,21885.097,21467.31,21551.989,240,1439
2025-06-05 20:00:00,21550.821,21582.132,21457.732,21513.299,129,1435
2025-06-06 00:00:00,21512.989,21584.808,21511.487,21576.464,240,3436
2025-06-06 04:00:00,21576.665,21652.943,21568.676,21627.619,233,3444
2025-06-06 08:00:00,21627.61,21661.443,21605.543,21638.309,240,3437
2025-06-06 12:00:00,21638.021,21834.308,21629.51,21774.987,240,3429
2025-06-06 16:00:00,21774.743,21838.443,21690.531,21756.119,240,1438
2025-06-06 20:00:00,21757.008,21769.242,21748.799,21766.642,15,1437
2025-06-09 00:00:00,21731.099,21751.689,21685.519,21712.697,240,3448
2025-06-09 04:00:00,21712.898,21763.887,21698.076,21763.887,240,3433
2025-06-09 08:00:00,21763.209,21792.699,21727.143,21779.486,240,3438
2025-06-09 12:00:00,21779.675,21860.91,21723.789,21810.799,240,3432
2025-06-09 16:00:00,21811.565,21855.789,21785.899,21790.799,240,1432
2025-06-09 20:00:00,21792.664,21816.431,21768.532,21805.786,129,1431
2025-06-10 00:00:00,21805.719,21945.875,21788.419,21911.798,240,3435
2025-06-10 04:00:00,21911.62,21914.408,21706.599,21766.975,240,3446
2025-06-10 08:00:00,21767.154,21831.589,21733.232,21830.908,240,3436
2025-06-10 12:00:00,21830.221,21867.675,21717.965,21849.375,240,3427
2025-06-10 16:00:00,21848.487,21965.908,21794.309,21938.776,240,1431
2025-06-10 20:00:00,21939.099,21976.586,21891.876,21929.719,131,1436
2025-06-11 00:00:00,21929.309,21940.61,21857.308,21882.31,240,3442
2025-06-11 04:00:00,21882.553,21909.865,21841.654,21903.854,240,3438
2025-06-11 08:00:00,21903.687,21933.589,21857.353,21905.908,240,3437
2025-06-11 12:00:00,21905.743,22068.853,21864.899,21971.389,240,3435
2025-06-11 16:00:00,21971.309,21995.289,21768.331,21864.589,240,1433
2025-06-11 20:00:00,21865.243,21871.353,21794.675,21813.899,128,1428
2025-06-12 00:00:00,21814.219,21823.632,21730.853,21784.275,240,3428
2025-06-12 04:00:00,21784.386,21834.531,21733.21,21750.664,240,3448
2025-06-12 08:00:00,21750.742,21819.032,21693.721,21715.71,240,3436
2025-06-12 12:00:00,21715.11,21954.997,21705.542,21900.309,240,3430
2025-06-12 16:00:00,21900.321,21945.864,21871.821,21914.875,240,1444
2025-06-12 20:00:00,21914.454,21924.419,21767.353,21767.419,128,1432
2025-06-13 00:00:00,21769.898,21773.031,21454.153,21555.076,240,3431
2025-06-13 04:00:00,21554.954,21633.708,21504.608,21619.621,240,3433
2025-06-13 08:00:00,21614.108,21684.32,21559.987,21666.699,240,3431
2025-06-13 12:00:00,21666.065,21826.575,21602.286,21817.743,240,3432
2025-06-13 16:00:00,21817.608,21837.664,21587.587,21635.754,240,1429
2025-06-13 20:00:00,21636.298,21662.597,21627.254,21662.209,15,1437
2025-06-16 00:00:00,21673.265,21704.397,21645.531,21676.153,240,3445
2025-06-16 04:00:00,21675.999,21771.697,21656.042,21768.575,240,3429
2025-06-16 08:00:00,21768.298,21795.399,21717.286,21794.908,240,3434
2025-06-16 12:00:00,21794.808,21981.509,21775.231,21930.787,240,3449
2025-06-16 16:00:00,21932.175,21968.799,21897.498,21936.631,240,1440
2025-06-16 20:00:00,21937.108,21947.376,21778.732,21778.797,130,1431
2025-06-17 00:00:00,21781.21,21879.399,21771.132,21842.576,240,3427
2025-06-17 04:00:00,21843.098,21885.153,21767.643,21801.419,240,3427
2025-06-17 08:00:00,21801.399,21845.789,21758.675,21835.187,240,3433
2025-06-17 12:00:00,21835.01,21899.699,21790.354,21862.787,240,3437
2025-06-17 16:00:00,21862.921,21897.499,21675.089,21721.499,240,1432
2025-06-17 20:00:00,21726.119,21747.809,21630.798,21671.653,129,1435
2025-06-18 00:00:00,21672.264,21777.254,21671.054,21736.499,240,3432
2025-06-18 04:00:00,21736.065,21798.189,21712.298,21780.953,240,3441
2025-06-18 08:00:00,21780.309,21831.819,21718.776,21774.286,240,3433
2025-06-18 12:00:00,21774.109,21865.489,21695.821,21807.354,240,3437
2025-06-18 16:00:00,21807.22,21849.076,21655.343,21718.743,240,1434
2025-06-18 20:00:00,21718.387,21747.789,21683.065,21719.598,130,1433
2025-06-19 00:00:00,21719.32,21722.742,21563.309,21654.209,240,3431
2025-06-19 04:00:00,21654.086,21674.299,21554.353,21566.553,240,3430
2025-06-19 08:00:00,21567.131,21626.999,21558.176,21585.375,240,3430
2025-06-19 12:00:00,21585.521,21595.664,21424.098,21452.876,240,3442
2025-06-19 16:00:00,21452.686,21513.899,21451.065,21477.321,59,1436
2025-06-19 20:00:00,21602.265,21702.764,21596.487,21663.765,115,3440
2025-06-20 00:00:00,21663.598,21703.187,21624.319,21677.031,240,3430
2025-06-20 04:00:00,21676.809,21720.687,21667.297,21701.699,240,3428
2025-06-20 08:00:00,21702.121,21782.699,21636.11,21744.198,240,3445
2025-06-20 12:00:00,21744.42,21907.899,21556.987,21628.376,240,3430
2025-06-20 16:00:00,21629.176,21688.899,21546.121,21621.987,240,1431
2025-06-20 20:00:00,21622.421,21690.52,21619.797,21641.02,15,1443
2025-06-23 00:00:00,21541.909,21553.865,21488.42,21547.486,240,3430
2025-06-23 04:00:00,21547.875,21685.419,21538.831,21677.297,240,3429
2025-06-23 08:00:00,21676.365,21725.042,21556.732,21605.964,240,3433
2025-06-23 12:00:00,21606.887,21798.264,21540.754,21718.889,240,3436
2025-06-23 16:00:00,21719.819,21873.154,21519.253,21852.499,240,1432
2025-06-23 20:00:00,21851.264,22037.519,21833.121,22018.532,131,1431
2025-06-24 00:00:00,22018.653,22053.442,21977.486,22028.042,240,3430
2025-06-24 04:00:00,22027.932,22162.931,22002.565,22090.12,240,3436
2025-06-24 08:00:00,22088.642,22133.975,22034.109,22088.097,240,3432
2025-06-24 12:00:00,22088.253,22166.008,22041.987,22141.009,240,3432
2025-06-24 16:00:00,22141.054,22223.819,22136.132,22182.776,240,1428
2025-06-24 20:00:00,22183.675,22207.986,22164.21,22202.42,129,1434
2025-06-25 00:00:00,22202.798,22211.699,22170.998,22184.61,240,3447
2025-06-25 04:00:00,22184.808,22214.589,22183.931,22201.787,240,3434
2025-06-25 08:00:00,22201.908,22270.231,22185.32,22268.431,240,3430
2025-06-25 12:00:00,22268.198,22328.943,22208.732,22224.21,240,3435
2025-06-25 16:00:00,22223.499,22242.487,22167.787,22242.487,240,1434
2025-06-25 20:00:00,22241.642,22266.389,22216.776,22243.264,129,1433
2025-06-26 00:00:00,22243.132,22281.732,22235.553,22273.61,240,3444
2025-06-26 04:00:00,22273.598,22336.631,22268.532,22310.531,240,3439
2025-06-26 08:00:00,22311.032,22358.71,22304.709,22355.531,240,3427
2025-06-26 12:00:00,22356.132,22394.521,22256.586,22387.986,240,3442
2025-06-26 16:00:00,22387.219,22470.798,22374.521,22450.689,240,1437
2025-06-26 20:00:00,22450.197,22494.131,22418.675,22461.62,129,1433
2025-06-27 00:00:00,22461.597,22490.899,22445.589,22477.053,240,3444
2025-06-27 04:00:00,22477.642,22543.176,22470.843,22519.243,240,3435
2025-06-27 08:00:00,22519.386,22563.599,22507.397,22562.865,240,3449
2025-06-27 12:00:00,22563.032,22603.799,22471.854,22592.319,240,3438
2025-06-27 16:00:00,22592.286,22592.332,22383.109,22531.819,240,1430
2025-06-27 20:00:00,22531.587,22531.587,22508.954,22520.232,15,1430
2025-06-30 00:00:00,22598.21,22661.099,22588.786,22654.021,240,3442
2025-06-30 04:00:00,22653.775,22681.898,22630.675,22649.765,240,3438
2025-06-30 08:00:00,22650.999,22695.789,22638.065,22674.665,240,3427
2025-06-30 12:00:00,22675.099,22677.299,22577.732,22625.489,240,3425
2025-06-30 16:00:00,22625.299,22716.299,22563.331,22669.665,240,1434
2025-06-30 20:00:00,22669.108,22680.61,22631.831,22666.621,129,1434
2025-07-01 00:00:00,22666.819,22699.909,22653.697,22657.843,240,3431
2025-07-01 04:00:00,22657.876,22662.908,22608.11,22628.743,240,3428
2025-07-01 08:00:00,22628.798,22643.619,22595.087,22611.164,240,3432
2025-07-01 12:00:00,22611.176,22633.319,22384.709,22448.686,231,3430
2025-07-01 16:00:00,22449.51,22551.576,22422.521,22479.165,240,1432
2025-07-01 20:00:00,22478.732,22515.919,22458.597,22496.22,129,1439
2025-07-02 00:00:00,22496.42,22533.187,22462.753,22527.153,240,3430
2025-07-02 04:00:00,22527.11,22568.189,22505.387,22510.987,240,3444
2025-07-02 08:00:00,22511.486,22524.686,22425.72,22449.787,240,3433
2025-07-02 12:00:00,22449.454,22637.999,22372.589,22614.686,240,3434
2025-07-02 16:00:00,22614.664,22641.664,22597.164,22632.132,240,1428
2025-07-02 20:00:00,22632.687,22638.289,22619.565,22636.454,130,1437
2025-07-03 00:00:00,22636.575,22669.899,22615.519,22649.998,240,3431
2025-07-03 04:00:00,22650.099,22688.942,22639.11,22668.919,240,3437
2025-07-03 08:00:00,22668.331,22680.409,22619.465,22650.931,240,3432
2025-07-03 12:00:00,22651.142,22897.789,22639.643,22880.565,240,3433
2025-07-03 16:00:00,22880.564,22891.487,22825.799,22866.386,59,1441
2025-07-03 20:00:00,22840.164,22865.453,22832.564,22838.898,115,3439
2025-07-04 00:00:00,22838.831,22852.975,22795.886,22813.097,240,3430
2025-07-04 04:00:00,22813.154,22818.409,22746.331,22750.197,240,3428
2025-07-04 08:00:00,22749.886,22775.589,22685.854,22724.621,240,3440
2025-07-04 12:00:00,22724.875,22749.097,22692.443,22738.565,240,3438
2025-07-04 16:00:00,22738.653,22739.431,22700.62,22708.954,59,1431
2025-07-07 00:00:00,22790.308,22805.289,22720.41,22780.476,240,3432
2025-07-07 04:00:00,22780.086,22796.476,22724.019,22754.975,240,3435
2025-07-07 08:00:00,22753.02,22795.342,22714.509,22787.321,240,3431
2025-07-07 12:00:00,22785.586,22807.264,22686.309,22731.719,240,3426
2025-07-07 16:00:00,22731.889,22762.919,22583.61,22686.864,240,1431
2025-07-07 20:00:00,22684.309,22688.899,22613.075,22677.042,128,1429
2025-07-08 00:00:00,22677.021,22741.775,22660.231,22719.243,240,3431
2025-07-08 04:00:00,22719.198,22775.099,22707.609,22766.575,240,3444
2025-07-08 08:00:00,22766.564,22766.81,22709.864,22743.108,240,3429
2025-07-08 12:00:00,22742.187,22759.399,22647.119,22711.764,240,3453
2025-07-08 16:00:00,22711.764,22768.254,22676.02,22695.698,240,1435
2025-07-08 20:00:00,22695.697,22728.576,22689.376,22706.142,130,1434
2025-07-09 00:00:00,22706.22,22706.22,22659.742,22679.589,240,3429
2025-07-09 04:00:00,22679.342,22708.619,22649.154,22698.098,240,3450
2025-07-09 08:00:00,22697.331,22756.121,22683.565,22743.765,240,3428
2025-07-09 12:00:00,22743.875,22916.342,22728.642,22756.51,240,3431
2025-07-09 16:00:00,22756.886,22865.519,22747.554,22860.543,240,1430
2025-07-09 20:00:00,22860.042,22874.32,22840.664,22844.375,129,1449
2025-07-10 00:00:00,22844.797,22844.797,22798.054,22806.797,240,3429
2025-07-10 04:00:00,22806.532,22831.419,22788.643,22829.587,240,3430
2025-07-10 08:00:00,22829.686,22886.499,22821.909,22880.821,240,3431
2025-07-10 12:00:00,22879.576,22900.297,22713.487,22835.275,240,3443
2025-07-10 16:00:00,22835.275,22861.031,22774.132,22826.954,240,1428
2025-07-10 20:00:00,22826.432,22866.254,22808.932,22862.097,129,1434
2025-07-11 00:00:00,22861.853,22863.097,22648.532,22785.397,240,3437
2025-07-11 04:00:00,22785.443,22792.464,22715.32,22719.086,240,3430
2025-07-11 08:00:00,22718.876,22741.499,22670.92,22725.987,240,3439
2025-07-11 12:00:00,22725.908,22828.443,22682.532,22794.742,240,3436
2025-07-11 16:00:00,22795.199,22839.898,22743.032,22773.843,240,1436
2025-07-11 20:00:00,22774.365,22775.964,22757.42,22759.054,15,1433
2025-07-14 00:00:00,22686.464,22697.599,22661.421,22693.843,240,3434
2025-07-14 04:00:00,22694.009,22703.599,22625.519,22702.189,240,3440
2025-07-14 08:00:00,22701.532,22723.589,22684.521,22707.476,240,3433
2025-07-14 12:00:00,22706.919,22843.408,22663.875,22829.886,240,3429
2025-07-14 16:00:00,22829.764,22887.231,22820.742,22855.221,240,1438
2025-07-14 20:00:00,22854.764,22859.843,22820.02,22833.775,129,1431
2025-07-15 00:00:00,22834.599,22995.808,22820.064,22916.586,240,3428
2025-07-15 04:00:00,22916.342,22992.119,22912.831,22983.298,240,3432
2025-07-15 08:00:00,22983.009,23013.854,22966.343,22989.31,240,3430
2025-07-15 12:00:00,22990.22,23046.075,22919.443,22980.819,240,3434
2025-07-15 16:00:00,22981.319,23003.253,22874.199,22876.786,240,1436
2025-07-15 20:00:00,22875.875,22882.743,22799.454,22839.297,131,1427
2025-07-16 00:00:00,22839.064,22858.689,22802.576,22840.81,240,3436
2025-07-16 04:00:00,22840.753,22869.798,22754.576,22807.109,240,3447
2025-07-16 08:00:00,22807.253,22848.809,22794.843,22845.232,240,3443
2025-07-16 12:00:00,22846.098,22915.575,22666.054,22819.543,240,3441
2025-07-16 16:00:00,22819.508,22927.519,22783.521,22903.575,240,1439
2025-07-16 20:00:00,22902.498,22903.197,22859.71,22868.732,129,1428
2025-07-17 00:00:00,22869.632,22887.899,22846.453,22867.753,240,3429
2025-07-17 04:00:00,22867.998,22980.608,22856.142,22942.275,240,3449
2025-07-17 08:00:00,22941.464,22954.799,22902.21,22916.309,240,3437
2025-07-17 12:00:00,22916.097,23083.31,22896.41,23078.589,240,3441
2025-07-17 16:00:00,23078.286,23107.864,23065.808,23084.509,240,1434
2025-07-17 20:00:00,23086.019,23122.587,23062.575,23115.242,128,1429
2025-07-18 00:00:00,23115.599,23121.489,23094.21,23110.108,240,3438
2025-07-18 04:00:00,23109.897,23143.908,23095.81,23103.431,240,3435
2025-07-18 08:00:00,23103.721,23124.019,23085.931,23098.754,240,3434
2025-07-18 12:00:00,23099.032,23155.489,23022.587,23086.753,240,3431
2025-07-18 16:00:00,23086.965,23088.732,23013.408,23064.453,240,1433
2025-07-18 20:00:00,23064.853,23066.453,23056.231,23062.009,15,1429
2025-07-21 00:00:00,23099.91,23116.699,23081.976,23086.12,240,3435
2025-07-21 04:00:00,23086.409,23137.865,23085.865,23135.865,240,3456
2025-07-21 08:00:00,23135.619,23147.921,23114.842,23116.897,240,3446
2025-07-21 12:00:00,23117.098,23263.189,23063.442,23225.119,240,3441
2025-07-21 16:00:00,23225.132,23262.676,23168.997,23185.498,240,1429
2025-07-21 20:00:00,23184.464,23193.589,23177.321,23188.298,130,1427
2025-07-22 00:00:00,23187.908,23208.554,23162.731,23170.831,240,3433
2025-07-22 04:00:00,23170.786,23189.031,23126.275,23146.02,240,3429
2025-07-22 08:00:00,23145.999,23173.454,23111.053,23172.453,240,3447
2025-07-22 12:00:00,23171.531,23189.519,22955.689,23051.165,240,3432
2025-07-22 16:00:00,23052.009,23101.453,23004.486,23066.71,240,1430
2025-07-22 20:00:00,23065.975,23112.91,23017.065,23108.189,128,1438
2025-07-23 00:00:00,23108.009,23112.521,23044.842,23084.587,240,3447
2025-07-23 04:00:00,23084.431,23123.099,23078.419,23106.454,240,3432
2025-07-23 08:00:00,23105.52,23128.987,23078.721,23103.043,240,3431
2025-07-23 12:00:00,23102.764,23140.498,22996.21,23106.199,240,3426
2025-07-23 16:00:00,23095.319,23171.043,23041.789,23171.043,240,1434
2025-07-23 20:00:00,23170.931,23253.498,23150.953,23249.297,131,1435
2025-07-24 00:00:00,23248.932,23270.509,23224.664,23227.743,240,3440
2025-07-24 04:00:00,23227.676,23240.399,23201.442,23218.265,240,3443
2025-07-24 08:00:00,23217.632,23251.498,23196.165,23234.943,240,3439
2025-07-24 12:00:00,23234.143,23250.543,23148.853,23238.108,240,3434
2025-07-24 16:00:00,23237.965,23270.899,23190.41,23223.798,240,1436
2025-07-24 20:00:00,23224.154,23269.854,23214.631,23260.698,129,1432
2025-07-25 00:00:00,23261.164,23295.32,23255.965,23282.509,240,3431
2025-07-25 04:00:00,23282.376,23286.209,23209.62,23220.475,240,3442
2025-07-25 08:00:00,23221.187,23245.408,23203.886,23219.287,240,3430
2025-07-25 12:00:00,23220.499,23282.499,23188.554,23277.443,240,3433
2025-07-25 16:00:00,23277.743,23331.475,23262.754,23274.598,240,1432
2025-07-25 20:00:00,23275.476,23288.843,23260.986,23287.743,15,1430
2025-07-28 00:00:00,23388.521,23421.489,23380.308,23403.975,240,3430
2025-07-28 04:00:00,23404.232,23439.743,23388.497,23402.787,240,3441
2025-07-28 08:00:00,23402.521,23404.408,23339.987,23357.299,240,3445
2025-07-28 12:00:00,23357.199,23385.732,23296.132,23352.831,240,3433
2025-07-28 16:00:00,23353.253,23366.731,23300.51,23350.108,240,1436
2025-07-28 20:00:00,23350.986,23390.689,23348.589,23388.631,129,1427
2025-07-29 00:00:00,23388.875,23406.708,23377.208,23403.553,240,3438
2025-07-29 04:00:00,23404.365,23458.608,23399.531,23448.153,240,3434
2025-07-29 08:00:00,23448.299,23467.697,23436.02,23460.321,240,3433
2025-07-29 12:00:00,23460.875,23513.099,23298.909,23363.608,240,3439
2025-07-29 16:00:00,23362.82,23381.943,23281.887,23313.454,240,1436
2025-07-29 20:00:00,23315.931,23341.076,23306.321,23334.709,129,1435
2025-07-30 00:00:00,23334.919,23365.842,23326.642,23358.853,240,3428
2025-07-30 04:00:00,23358.654,23370.554,23334.431,23359.553,240,3455
2025-07-30 08:00:00,23359.598,23381.599,23323.599,23367.975,240,3436
2025-07-30 12:00:00,23367.587,23403.399,23313.197,23392.365,240,3443
2025-07-30 16:00:00,23392.308,23451.332,23219.953,23349.375,240,1430
2025-07-30 20:00:00,23347.919,23605.289,23337.699,23590.564,129,1432
2025-07-31 00:00:00,23590.421,23666.099,23577.854,23663.364,240,3436
2025-07-31 04:00:00,23663.432,23710.097,23643.076,23690.908,240,3426
2025-07-31 08:00:00,23690.542,23692.189,23618.265,23628.731,240,3435
2025-07-31 12:00:00,23628.542,23674.843,23348.198,23448.31,240,3442
2025-07-31 16:00:00,23448.342,23481.12,23171.643,23216.898,240,1429
2025-07-31 20:00:00,23216.61,23278.986,23120.32,23167.72,129,1433
2025-08-01 00:00:00,23166.531,23212.043,23101.597,23174.321,240,3435
2025-08-01 04:00:00,23174.432,23194.789,22998.342,23039.497,240,3450
2025-08-01 08:00:00,23039.998,23041.887,22901.476,22995.265,240,3439
2025-08-01 12:00:00,22995.286,23038.365,22676.632,22883.453,240,3440
2025-08-01 16:00:00,22883.231,22920.964,22670.01,22761.876,240,1428
2025-08-01 20:00:00,22760.61,22774.097,22751.821,22772.789,15,1426
2025-08-04 00:00:00,22808.564,22870.099,22798.443,22868.987,240,3435
2025-08-04 04:00:00,22868.589,22926.153,22829.843,22892.475,240,3431
2025-08-04 08:00:00,22893.121,22959.498,22888.697,22925.399,240,3443
2025-08-04 12:00:00,22925.342,23143.799,22918.31,23134.264,240,3441
2025-08-04 16:00:00,23134.397,23188.442,23121.843,23178.153,240,1435
2025-08-04 20:00:00,23178.442,23232.097,23166.942,23217.397,128,1438
2025-08-05 00:00:00,23216.02,23257.275,23198.031,23225.565,240,3447
2025-08-05 04:00:00,23225.821,23279.91,23207.42,23213.264,240,3430
2025-08-05 08:00:00,23213.609,23278.865,23196.576,23266.32,240,3435
2025-08-05 12:00:00,23267.386,23287.089,23002.097,23043.742,240,3431
2025-08-05 16:00:00,23043.997,23139.476,23003.121,23021.154,240,1429
2025-08-05 20:00:00,23024.22,23037.432,22935.086,22942.189,129,1437
2025-08-06 00:00:00,22942.153,23058.999,22938.931,23055.243,240,3437
2025-08-06 04:00:00,23055.231,23113.097,23044.153,23109.51,240,3437
2025-08-06 08:00:00,23107.743,23116.176,22996.71,23065.489,240,3440
2025-08-06 12:00:00,23064.531,23262.909,23030.275,23256.108,240,3437
2025-08-06 16:00:00,23255.632,23331.109,23232.898,23310.454,240,1429
2025-08-06 20:00:00,23310.331,23368.143,23278.075,23339.654,129,1435
2025-08-07 00:00:00,23339.91,23398.986,23332.354,23377.498,240,3428
2025-08-07 04:00:00,23377.789,23401.332,23343.009,23397.142,240,3432
2025-08-07 08:00:00,23396.908,23526.042,23395.587,23469.61,240,3430
2025-08-07 12:00:00,23468.932,23559.986,23371.11,23391.521,240,3436
2025-08-07 16:00:00,23390.543,23406.686,23224.087,23395.908,240,1442
2025-08-07 20:00:00,23394.798,23466.489,23392.554,23438.731,133,1439
2025-08-08 00:00:00,23438.697,23481.519,23427.964,23452.286,240,3453
2025-08-08 04:00:00,23452.264,23455.831,23402.232,23427.386,240,3450
2025-08-08 08:00:00,23427.475,23480.698,23427.454,23473.497,240,3432
2025-08-08 12:00:00,23473.332,23598.399,23417.31,23576.143,240,3448
2025-08-08 16:00:00,23575.819,23619.499,23551.131,23609.264,240,1436
2025-08-08 20:00:00,23610.019,23660.487,23609.053,23660.487,15,1438
2025-08-11 00:00:00,23602.308,23667.775,23601.775,23649.965,240,3434
2025-08-11 04:00:00,23649.52,23659.799,23589.353,23601.476,240,3429
2025-08-11 08:00:00,23601.075,23639.519,23563.221,23630.509,240,3431
2025-08-11 12:00:00,23630.419,23663.699,23577.231,23660.431,240,3435
2025-08-11 16:00:00,23660.387,23700.689,23484.231,23534.843,240,1428
2025-08-11 20:00:00,23534.619,23544.789,23513.032,23534.597,122,1437
2025-08-12 00:00:00,23534.809,23565.032,23526.81,23555.242,240,3439
2025-08-12 04:00:00,23555.086,23574.364,23494.232,23564.021,240,3444
2025-08-12 08:00:00,23563.932,23570.299,23506.498,23538.364,240,3440
2025-08-12 12:00:00,23538.542,23719.808,23522.242,23699.754,240,3425
2025-08-12 16:00:00,23699.799,23845.009,23697.819,23835.497,240,1435
2025-08-12 20:00:00,23835.153,23862.189,23821.109,23858.565,129,1430
2025-08-13 00:00:00,23858.689,23864.789,23820.01,23840.032,240,3426
2025-08-13 04:00:00,23840.586,23888.708,23832.909,23887.475,240,3429
2025-08-13 08:00:00,23887.91,23914.589,23875.343,23891.375,240,3444
2025-08-13 12:00:00,23891.32,23968.398,23792.531,23825.31,240,3432
2025-08-13 16:00:00,23825.31,23858.998,23786.986,23847.475,240,1431
2025-08-13 20:00:00,23847.165,23867.009,23815.497,23852.453,129,1439
2025-08-14 00:00:00,23852.643,23861.699,23820.32,23829.354,240,3454
2025-08-14 04:00:00,23829.321,23838.799,23800.62,23836.41,240,3430
2025-08-14 08:00:00,23836.342,23859.821,23820.197,23858.31,240,3430
2025-08-14 12:00:00,23857.843,23909.409,23696.82,23834.142,240,3438
2025-08-14 16:00:00,23833.864,23881.708,23767.675,23824.365,240,1435
2025-08-14 20:00:00,23824.887,23824.887,23773.208,23796.421,130,1434
2025-08-15 00:00:00,23796.386,23837.199,23781.475,23836.453,240,3432
2025-08-15 04:00:00,23836.565,23870.389,23831.876,23847.654,240,3454
2025-08-15 08:00:00,23847.998,23861.364,23779.965,23827.665,240,3449
2025-08-15 12:00:00,23827.908,23831.486,23646.353,23699.586,240,3429
2025-08-15 16:00:00,23699.076,23759.02,23675.442,23715.486,240,1430
2025-08-15 20:00:00,23715.989,23721.609,23688.442,23719.786,15,1433
2025-08-18 00:00:00,23761.787,23793.099,23756.864,23769.109,240,3436
2025-08-18 04:00:00,23769.132,23771.065,23684.108,23717.208,240,3439
2025-08-18 08:00:00,23716.842,23722.599,23650.908,23681.753,240,3437
2025-08-18 12:00:00,23681.299,23737.731,23632.754,23660.942,240,3441
2025-08-18 16:00:00,23661.221,23729.489,23636.308,23710.689,240,1429
2025-08-18 20:00:00,23709.587,23749.889,23702.375,23719.61,130,1432
2025-08-19 00:00:00,23720.389,23720.389,23666.675,23668.697,240,3434
2025-08-19 04:00:00,23668.587,23686.72,23645.554,23685.108,240,3439
2025-08-19 08:00:00,23684.921,23719.389,23660.542,23689.508,240,3429
2025-08-19 12:00:00,23688.553,23697.499,23431.91,23475.52,240,3433
2025-08-19 16:00:00,23475.72,23494.432,23343.476,23388.189,240,1433
2025-08-19 20:00:00,23387.586,23404.421,23332.698,23341.053,131,1435
2025-08-20 00:00:00,23341.032,23343.499,23257.721,23263.797,240,3436
2025-08-20 04:00:00,23263.664,23348.899,23253.61,23318.009,240,3440
2025-08-20 08:00:00,23319.509,23370.432,23290.754,23332.731,240,3434
2025-08-20 12:00:00,23332.232,23354.943,22957.576,23094.542,240,3438
2025-08-20 16:00:00,23094.576,23291.042,23092.031,23248.61,240,1431
2025-08-20 20:00:00,23248.399,23263.276,23227.253,23240.653,135,1432
2025-08-21 00:00:00,23240.219,23290.299,23188.786,23262.764,240,3428
2025-08-21 04:00:00,23262.698,23288.665,23232.932,23264.989,240,3437
2025-08-21 08:00:00,23264.554,23278.609,23186.108,23202.608,240,3447
2025-08-21 12:00:00,23202.489,23269.198,23078.653,23125.865,239,3442
2025-08-21 16:00:00,23126.499,23177.109,23042.742,23140.81,240,1428
2025-08-21 20:00:00,23141.443,23179.609,23122.908,23176.308,129,1431
2025-08-22 00:00:00,23175.919,23177.621,23108.665,23122.764,240,3438
2025-08-22 04:00:00,23122.776,23142.999,23005.665,23123.409,240,3433
2025-08-22 08:00:00,23123.599,23207.299,23118.51,23179.62,240,3429
2025-08-22 12:00:00,23179.798,23561.299,23135.331,23516.31,240,3446
2025-08-22 16:00:00,23516.331,23576.589,23451.254,23494.343,236,1431
2025-08-22 20:00:00,23493.064,23507.919,23476.432,23504.265,15,1438
2025-08-25 00:00:00,23503.12,23525.819,23449.508,23476.019,240,3440
2025-08-25 04:00:00,23476.154,23496.632,23437.176,23454.321,240,3435
2025-08-25 08:00:00,23454.308,23465.92,23390.687,23425.731,240,3444
2025-08-25 12:00:00,23425.899,23547.599,23374.709,23532.431,240,3428
2025-08-25 16:00:00,23530.908,23545.142,23420.408,23426.899,240,1435
2025-08-25 20:00:00,23427.364,23453.197,23417.386,23429.231,130,1442
2025-08-26 00:00:00,23429.386,23441.721,23304.654,23384.776,240,3435
2025-08-26 04:00:00,23384.442,23416.843,23349.22,23375.131,240,3426
2025-08-26 08:00:00,23375.199,23438.399,23372.753,23402.332,240,3434
2025-08-26 12:00:00,23402.599,23484.742,23362.387,23452.689,240,3435
2025-08-26 16:00:00,23451.931,23532.043,23413.731,23519.575,240,1438
2025-08-26 20:00:00,23520.489,23557.087,23515.753,23548.064,131,1429
2025-08-27 00:00:00,23548.408,23562.889,23528.353,23547.364,240,3454
2025-08-27 04:00:00,23547.243,23555.331,23509.821,23528.364,240,3448
2025-08-27 08:00:00,23528.697,23548.608,23501.52,23541.665,240,3429
2025-08-27 12:00:00,23541.387,23567.243,23453.743,23560.198,229,3432
2025-08-27 16:00:00,23560.11,23594.119,23479.942,23558.043,240,1432
2025-08-27 20:00:00,23557.276,23566.409,23438.142,23447.297,130,1429
2025-08-28 00:00:00,23447.299,23522.499,23426.72,23513.887,240,3429
2025-08-28 04:00:00,23514.109,23571.599,23478.876,23570.742,240,3437
2025-08-28 08:00:00,23570.686,23600.219,23522.02,23556.753,240,3434
2025-08-28 12:00:00,23554.589,23691.686,23513.375,23626.51,240,3440
2025-08-28 16:00:00,23626.409,23740.598,23621.319,23704.731,240,1439
2025-08-28 20:00:00,23705.286,23712.298,23677.92,23690.421,130,1439
2025-08-29 00:00:00,23690.71,23698.499,23661.232,23670.831,240,3439
2025-08-29 04:00:00,23670.953,23683.899,23630.849,23631.664,240,3446
2025-08-29 08:00:00,23631.783,23643.947,23559.349,23586.349,240,1184
2025-08-29 12:00:00,23586.186,23627.25,23365.272,23383.109,240,1293
2025-08-29 16:00:00,23383.26,23445.437,23351.604,23421.859,240,1128
2025-09-01 00:00:00,23490.753,23504.749,23384.458,23394.569,240,1228
2025-09-01 04:00:00,23394.569,23429.779,23323.499,23422.308,240,1276
2025-09-01 08:00:00,23421.036,23454.969,23398.881,23419.279,240,1307
2025-09-01 12:00:00,23418.011,23459.399,23395.772,23447.772,240,1164
2025-09-01 16:00:00,23447.947,23458.914,23434.588,23452.279,59,1118
2025-09-01 20:00:00,23459.97,23462.319,23383.97,23401.249,120,2846
2025-09-02 00:00:00,23401.131,23439.499,23371.197,23393.253,240,1217
2025-09-02 04:00:00,23393.649,23407.088,23225.697,23233.231,240,1152
2025-09-02 08:00:00,23233.588,23288.881,23174.892,23180.529,240,1292
2025-09-02 12:00:00,23180.0,23232.569,22981.066,23003.367,240,1150
2025-09-02 16:00:00,23003.439,23244.106,22993.213,23230.455,240,1125
2025-09-02 20:00:00,23230.661,23343.249,23223.944,23291.749,135,1135
2025-09-03 00:00:00,23289.297,23297.599,23257.319,23281.536,240,1222
2025-09-03 04:00:00,23281.492,23339.958,23265.675,23333.555,240,1257
2025-09-03 08:00:00,23333.011,23415.708,23327.708,23373.175,240,1175
2025-09-03 12:00:00,23380.25,23480.529,23327.381,23374.082,240,1160
2025-09-03 16:00:00,23374.018,23422.999,23277.582,23408.116,240,1120
2025-09-03 20:00:00,23408.507,23425.641,23390.97,23396.731,135,1145
2025-09-04 00:00:00,23396.547,23490.492,23389.775,23427.37,240,1234
2025-09-04 04:00:00,23427.286,23464.219,23409.849,23447.279,240,1298
2025-09-04 08:00:00,23446.914,23492.899,23435.25,23455.283,240,1165
2025-09-04 12:00:00,23454.544,23511.671,23368.87,23494.679,240,1236
2025-09-04 16:00:00,23494.661,23637.246,23470.595,23623.127,240,1120
2025-09-04 20:00:00,23623.377,23679.279,23616.255,23669.142,135,1124
2025-09-05 00:00:00,23669.392,23705.399,23665.275,23704.649,240,1180
2025-09-05 04:00:00,23704.503,23750.936,23703.142,23719.131,240,1179
2025-09-05 08:00:00,23719.529,23762.649,23711.675,23732.131,240,1134
2025-09-05 12:00:00,23733.753,23864.197,23468.338,23581.272,240,1467
2025-09-05 16:00:00,23581.697,23656.759,23550.603,23655.074,240,1125
2025-09-05 20:00:00,23654.693,23659.338,23636.42,23638.842,15,1124
2025-09-08 00:00:00,23743.742,23757.414,23701.958,23720.403,240,1253
2025-09-08 04:00:00,23720.249,23747.338,23693.175,23719.261,240,1209
2025-09-08 08:00:00,23722.458,23755.969,23706.892,23728.555,240,1238
2025-09-08 12:00:00,23728.761,23851.506,23710.011,23835.261,240,1136
2025-09-08 16:00:00,23835.13,23836.098,23724.901,23765.663,240,1124
2025-09-08 20:00:00,23767.76,23797.499,23758.337,23774.981,135,1125
2025-09-09 00:00:00,23774.925,23814.664,23758.425,23806.492,240,1212
2025-09-09 04:00:00,23806.719,23852.381,23782.577,23822.62,240,1203
2025-09-09 08:00:00,23823.425,23824.779,23779.231,23817.149,240,1305
2025-09-09 12:00:00,23816.675,23824.099,23693.413,23750.589,240,1128
2025-09-09 16:00:00,23750.582,23854.339,23747.62,23834.31,240,1127
2025-09-09 20:00:00,23834.496,23881.936,23815.12,23856.664,135,1128
2025-09-10 00:00:00,23856.286,23889.569,23848.675,23888.275,240,1232
2025-09-10 04:00:00,23888.458,23924.044,23883.003,23908.999,240,1246
2025-09-10 08:00:00,23908.794,23928.436,23853.208,23920.022,240,1144
2025-09-10 12:00:00,23919.283,24009.97,23871.588,23917.739,240,1292
2025-09-10 16:00:00,23917.967,23918.228,23755.85,23845.303,240,1120
2025-09-10 20:00:00,23844.575,23887.797,23831.058,23875.297,135,1122
2025-09-11 00:00:00,23874.981,23893.219,23846.058,23887.753,240,1258
2025-09-11 04:00:00,23887.87,23909.447,23845.547,23905.37,240,1173
2025-09-11 08:00:00,23904.925,23929.816,23882.719,23920.708,240,1169
2025-09-11 12:00:00,23919.794,24016.18,23855.697,23994.936,240,1556
2025-09-11 16:00:00,23995.044,24014.933,23965.054,23983.203,240,1130
2025-09-11 20:00:00,23983.127,24005.899,23975.668,24000.231,135,1127
2025-09-12 00:00:00,24000.249,24003.649,23972.731,23989.175,240,1162
2025-09-12 04:00:00,23989.149,24019.936,23986.892,23990.816,240,1149
2025-09-12 08:00:00,23990.892,24028.149,23949.5,24025.279,240,1132
2025-09-12 12:00:00,24024.881,24095.321,23982.925,24070.825,240,1143
2025-09-12 16:00:00,24070.929,24136.208,24051.406,24087.342,240,1122
2025-09-12 20:00:00,24087.592,24090.147,24075.07,24089.114,15,1121
2025-09-15 00:00:00,24092.753,24112.536,24074.264,24103.558,240,1204
2025-09-15 04:00:00,24103.447,24140.653,24102.275,24121.055,240,1160
2025-09-15 08:00:00,24121.025,24129.37,24058.025,24126.044,240,1297
2025-09-15 12:00:00,24126.029,24272.679,24122.503,24263.243,240,1937
2025-09-15 16:00:00,24263.359,24296.287,24228.31,24293.065,240,1121
2025-09-15 20:00:00,24293.424,24294.153,24268.19,24289.742,135,1125
2025-09-16 00:00:00,24290.264,24327.989,24270.286,24326.458,240,1231
2025-09-16 04:00:00,24326.307,24359.004,24318.507,24344.876,240,1161
2025-09-16 08:00:00,24344.005,24388.651,24340.761,24347.647,240,1129
2025-09-16 12:00:00,24349.089,24352.056,24247.644,24255.239,240,1574
2025-09-16 16:00:00,24254.863,24306.537,24245.744,24272.142,240,1124
2025-09-16 20:00:00,24272.328,24301.588,24269.655,24293.231,135,1136
2025-09-17 00:00:00,24293.275,24300.249,24263.62,24268.936,240,1177
2025-09-17 04:00:00,24269.249,24303.279,24253.499,24300.381,240,1150
2025-09-17 08:00:00,24300.272,24300.533,24206.903,24253.011,240,1150
2025-09-17 12:00:00,24253.958,24290.969,24150.881,24160.392,240,1150
2025-09-17 16:00:00,24160.283,24295.524,23992.879,24225.235,240,1122
2025-09-17 20:00:00,24222.221,24336.169,24218.849,24332.842,135,1122
2025-09-18 00:00:00,24332.981,24393.136,24309.07,24384.57,240,1187
2025-09-18 04:00:00,24384.919,24419.536,24335.611,24412.611,240,1160
2025-09-18 08:00:00,24413.199,24505.153,24405.492,24492.279,240,1139
2025-09-18 12:00:00,24492.327,24563.066,24348.436,24481.479,240,1189
2025-09-18 16:00:00,24480.886,24541.449,24443.288,24444.952,240,1120
2025-09-18 20:00:00,24444.734,24501.47,24434.543,24493.749,135,1123
2025-09-19 00:00:00,24493.286,24502.447,24448.22,24466.014,240,1199
2025-09-19 04:00:00,24466.142,24476.764,24408.381,24438.992,240,1181
2025-09-19 08:00:00,24437.761,24489.544,24433.881,24489.37,240,1147
2025-09-19 12:00:00,24488.12,24568.899,24469.077,24525.52,240,1122
2025-09-19 16:00:00,24525.369,24636.969,24524.345,24608.794,240,1122
2025-09-19 20:00:00,24609.783,24628.892,24602.447,24619.675,15,1126
2025-09-22 00:00:00,24601.469,24625.903,24578.522,24609.153,240,1159
2025-09-22 04:00:00,24608.936,24611.981,24499.186,24536.029,240,1164
2025-09-22 08:00:00,24536.761,24574.969,24511.403,24539.675,240,1136
2025-09-22 12:00:00,24539.599,24693.186,24516.794,24666.708,240,1148
2025-09-22 16:00:00,24666.599,24781.469,24665.599,24753.975,240,1140
2025-09-22 20:00:00,24753.579,24761.492,24732.97,24755.881,135,1134
2025-09-23 00:00:00,24757.149,24765.999,24743.786,24761.208,240,1179
2025-09-23 04:00:00,24760.903,24773.566,24736.208,24758.275,240,1147
2025-09-23 08:00:00,24757.664,24784.566,24731.62,24758.642,240,1192
2025-09-23 12:00:00,24759.436,24768.958,24687.404,24703.127,240,1131
2025-09-23 16:00:00,24702.975,24710.641,24537.57,24585.993,240,1119
2025-09-23 20:00:00,24587.016,24620.499,24579.69,24600.249,135,1123
2025-09-24 00:00:00,24600.186,24605.164,24569.903,24595.686,240,1168
2025-09-24 04:00:00,24595.753,24656.708,24594.544,24656.708,240,1157
2025-09-24 08:00:00,24656.794,24670.925,24634.761,24648.029,240,1174
2025-09-24 12:00:00,24647.588,24657.327,24438.104,24439.04,240,1132
2025-09-24 16:00:00,24439.193,24512.08,24387.941,24498.414,240,1121
2025-09-24 20:00:00,24499.197,24519.958,24499.197,24519.12,135,1125
2025-09-25 00:00:00,24518.881,24555.27,24515.664,24548.425,240,1172
2025-09-25 04:00:00,24548.675,24551.049,24457.719,24500.12,240,1155
2025-09-25 08:00:00,24500.858,24525.049,24350.12,24357.575,240,1181
2025-09-25 12:00:00,24357.77,24460.571,24185.803,24443.003,240,1436
2025-09-25 16:00:00,24443.253,24456.689,24220.531,24395.363,240,1131
2025-09-25 20:00:00,24395.842,24435.742,24383.49,24386.819,135,1136
2025-09-26 00:00:00,24386.253,24403.249,24349.97,24364.599,240,1166
2025-09-26 04:00:00,24364.305,24441.719,24345.797,24416.849,240,1185
2025-09-26 08:00:00,24416.088,24429.816,24340.458,24409.675,240,1143
2025-09-26 12:00:00,24407.969,24517.327,24295.513,24356.634,233,1222
2025-09-26 16:00:00,24356.35,24508.394,24344.698,24497.361,240,1121
2025-09-26 20:00:00,24496.263,24517.279,24493.488,24516.271,15,1125
2025-09-29 00:00:00,24545.231,24590.999,24538.021,24587.864,240,3430
2025-09-29 04:00:00,24588.054,24637.299,24586.32,24626.586,240,3430
2025-09-29 08:00:00,24625.709,24677.149,24625.697,24652.077,240,3436
2025-09-29 12:00:00,24651.779,24747.529,24605.0,24622.619,240,1146
2025-09-29 16:00:00,24622.499,24643.255,24555.38,24610.453,240,1121
2025-09-29 20:00:00,24610.573,24619.197,24585.447,24601.499,135,1124
2025-09-30 00:00:00,24601.003,24633.87,24583.492,24619.925,240,1257
2025-09-30 04:00:00,24619.72,24633.399,24532.403,24567.72,240,1178
2025-09-30 08:00:00,24563.275,24596.708,24540.253,24579.772,240,1387
2025-09-30 12:00:00,24579.731,24688.146,24499.036,24586.533,239,1282
2025-09-30 16:00:00,24586.294,24688.033,24506.772,24672.066,240,1122
2025-09-30 20:00:00,24672.599,24675.577,24599.22,24608.808,135,1125
2025-10-01 00:00:00,24608.936,24615.297,24542.208,24550.297,240,1294
2025-10-01 04:00:00,24550.069,24560.447,24412.522,24449.97,240,1296
2025-10-01 08:00:00,24449.808,24581.664,24432.294,24577.088,240,1264
2025-10-01 12:00:00,24577.197,24719.458,24505.066,24712.631,240,1224
2025-10-01 16:00:00,24714.399,24815.642,24710.294,24793.042,240,1128
2025-10-01 20:00:00,24792.608,24813.536,24775.633,24807.819,135,1122
2025-10-02 00:00:00,24807.481,24861.969,24804.731,24849.403,240,1254
2025-10-02 04:00:00,24849.499,24873.279,24837.025,24862.522,240,1207
2025-10-02 08:00:00,24862.022,24936.294,24859.319,24934.599,240,1141
2025-10-02 12:00:00,24934.75,24965.153,24780.569,24863.761,240,1155
2025-10-02 16:00:00,24863.12,24913.0,24822.077,24894.522,240,1129
2025-10-02 20:00:00,24894.772,24916.175,24864.569,24915.558,135,1125
2025-10-03 00:00:00,24912.469,24965.981,24906.981,24961.899,240,1224
2025-10-03 04:00:00,24961.319,24984.779,24947.403,24973.261,240,1147
2025-10-03 08:00:00,24971.558,24987.544,24920.272,24928.969,240,1253
2025-10-03 12:00:00,24928.0,24958.272,24841.87,24935.5,240,1823
2025-10-03 16:00:00,24935.131,24945.87,24713.25,24788.149,240,1131
2025-10-03 20:00:00,24788.649,24798.649,24766.469,24773.87,15,1128
2025-10-06 00:00:00,24862.305,24894.279,24846.153,24884.011,240,1119
2025-10-06 04:00:00,24884.294,24903.958,24841.12,24876.544,240,1119
2025-10-06 08:00:00,24876.529,24981.25,24873.708,24979.881,240,1120
2025-10-06 12:00:00,24979.827,25036.761,24904.283,24999.969,240,1120
2025-10-06 16:00:00,25000.294,25044.779,24971.197,24973.936,240,1119
2025-10-06 20:00:00,24974.066,24989.855,24925.225,24936.638,135,1125
2025-10-07 00:00:00,24936.399,24958.079,24916.3,24952.55,240,1119
2025-10-07 04:00:00,24952.725,24980.072,24930.225,24954.449,240,1132
2025-10-07 08:00:00,24955.083,25003.838,24920.849,25003.838,240,1120
2025-10-07 12:00:00,25003.925,25067.149,24778.261,24821.87,240,1132
2025-10-07 16:00:00,24823.12,24883.899,24788.469,24842.936,240,1122
2025-10-07 20:00:00,24842.511,24883.279,24830.37,24833.577,135,1138
2025-10-08 00:00:00,24834.761,24892.279,24827.914,24886.75,240,1132
2025-10-08 04:00:00,24887.033,24894.349,24826.947,24883.653,240,1143
2025-10-08 08:00:00,24884.029,24911.899,24858.805,24889.066,240,1124
2025-10-08 12:00:00,24887.62,25056.599,24843.686,25050.631,240,1125
2025-10-08 16:00:00,25050.37,25142.205,25029.62,25127.803,240,1128
2025-10-08 20:00:00,25127.705,25194.511,25118.999,25180.838,135,1124
2025-10-09 00:00:00,25180.914,25180.914,25108.881,25128.186,240,1124
2025-10-09 04:00:00,25128.529,25168.653,25125.261,25136.794,240,1130
2025-10-09 08:00:00,25136.469,25142.779,25094.142,25112.783,240,1127
2025-10-09 12:00:00,25113.088,25136.653,24994.958,25066.325,240,1186
2025-10-09 16:00:00,25066.799,25099.738,24964.131,25099.411,240,1131
2025-10-09 20:00:00,25098.792,25150.399,25088.455,25149.511,135,1128
2025-10-10 00:00:00,25149.631,25166.327,25121.708,25128.327,240,1132
2025-10-10 04:00:00,25128.197,25165.436,25106.469,25130.055,240,1148
2025-10-10 08:00:00,25129.544,25153.599,25062.772,25134.349,240,1119
2025-10-10 12:00:00,25133.947,25198.779,24485.197,24645.283,239,1119
2025-10-10 16:00:00,24642.558,24666.142,24206.881,24224.425,240,1125
2025-10-10 20:00:00,24223.772,24270.066,24215.414,24264.469,15,1132
2025-10-13 00:00:00,24611.664,24680.664,24582.055,24602.958,240,1138
2025-10-13 04:00:00,24603.529,24770.827,24599.555,24729.761,240,1124
2025-10-13 08:00:00,24728.555,24733.12,24558.058,24622.077,240,1127
2025-10-13 12:00:00,24621.849,24736.458,24549.294,24711.381,240,1126
2025-10-13 16:00:00,24712.5,24780.566,24687.827,24740.279,240,1122
2025-10-13 20:00:00,24740.588,24755.458,24718.719,24735.149,135,1132
2025-10-14 00:00:00,24730.458,24867.066,24727.436,24733.903,240,1122
2025-10-14 04:00:00,24734.153,24739.447,24421.992,24470.794,240,1124
2025-10-14 08:00:00,24470.947,24535.522,24325.708,24477.044,240,1127
2025-10-14 12:00:00,24476.892,24661.675,24247.219,24628.522,240,1118
2025-10-14 16:00:00,24628.261,24770.511,24510.186,24580.399,240,1127
2025-10-14 20:00:00,24579.903,24644.425,24524.642,24599.399,135,1129
2025-10-15 00:00:00,24599.425,24681.649,24567.392,24635.164,240,1256
2025-10-15 04:00:00,24635.099,24752.469,24628.75,24726.044,240,1128
2025-10-15 08:00:00,24725.142,24817.099,24724.631,24786.675,240,1127
2025-10-15 12:00:00,24786.338,24939.208,24698.25,24756.664,240,1292
2025-10-15 16:00:00,24756.599,24814.436,24489.694,24750.249,240,1123
2025-10-15 20:00:00,24749.172,24819.208,24745.825,24770.414,135,1123
2025-10-16 00:00:00,24770.555,24783.783,24702.219,24742.892,240,1207
2025-10-16 04:00:00,24742.577,24883.219,24738.131,24867.149,240,1119
2025-10-16 08:00:00,24866.75,24912.25,24833.022,24892.511,240,1135
2025-10-16 12:00:00,24892.033,25003.779,24769.044,24794.37,240,1332
2025-10-16 16:00:00,24787.588,24818.969,24472.881,24659.142,240,1122
2025-10-16 20:00:00,24658.969,24692.436,24555.033,24594.294,135,1122
2025-10-17 00:00:00,24594.544,24670.088,24540.533,24566.338,240,1125
2025-10-17 04:00:00,24566.077,24574.649,24265.392,24308.208,240,1129
2025-10-17 08:00:00,24308.947,24566.131,24244.642,24563.327,240,1133
2025-10-17 12:00:00,24563.522,24794.588,24506.87,24684.164,240,1173
2025-10-17 16:00:00,24683.381,24883.399,24662.186,24818.197,240,1121
2025-10-17 20:00:00,24818.316,24846.305,24807.029,24840.827,15,1120
2025-10-20 00:00:00,24845.12,24932.279,24790.033,24928.566,240,1130
2025-10-20 04:00:00,24928.827,24988.149,24918.279,24956.522,240,1129
2025-10-20 08:00:00,24957.914,24968.631,24874.294,24919.805,240,1123
2025-10-20 12:00:00,24918.779,25177.599,24911.022,25148.029,240,1126
2025-10-20 16:00:00,25147.697,25183.555,25121.338,25132.849,240,1122
2025-10-20 20:00:00,25132.458,25180.088,25122.12,25159.529,135,1135
2025-10-21 00:00:00,25159.838,25203.794,25147.077,25165.533,240,1125
2025-10-21 04:00:00,25165.349,25167.029,25098.033,25113.055,240,1124
2025-10-21 08:00:00,25114.029,25144.349,25089.055,25143.033,240,1121
2025-10-21 12:00:00,25142.761,25162.649,25039.555,25158.436,240,1123
2025-10-21 16:00:00,25153.022,25182.958,25086.37,25127.414,240,1131
2025-10-21 20:00:00,25126.544,25134.0,25064.719,25084.761,135,1120
2025-10-22 00:00:00,25084.642,25131.447,25056.338,25129.958,240,1125
2025-10-22 04:00:00,25130.011,25177.708,25110.816,25137.305,240,1120
2025-10-22 08:00:00,25136.899,25144.779,25046.153,25063.686,240,1129
2025-10-22 12:00:00,25063.425,25128.838,24841.319,24939.558,240,1121
2025-10-22 16:00:00,24939.427,24948.481,24647.569,24882.499,240,1126
2025-10-22 20:00:00,24882.694,24919.249,24839.272,24842.936,135,1397
2025-10-23 00:00:00,24842.827,24959.399,24797.75,24932.511,240,1124
2025-10-23 04:00:00,24932.414,24973.62,24900.186,24937.87,240,1120
2025-10-23 08:00:00,24938.208,24961.599,24809.522,24820.142,240,1121
2025-10-23 12:00:00,24819.849,25058.849,24783.761,25037.131,240,1120
2025-10-23 16:00:00,25036.969,25125.87,25027.649,25094.149,240,1125
2025-10-23 20:00:00,25094.761,25153.649,25090.099,25147.522,135,1128
2025-10-24 00:00:00,25147.686,25179.899,25135.37,25179.279,240,1141
2025-10-24 04:00:00,25178.903,25230.827,25169.761,25187.197,240,1141
2025-10-24 08:00:00,25187.458,25243.458,25173.87,25224.12,240,1123
2025-10-24 12:00:00,25224.055,25396.903,25198.569,25373.164,240,1389
2025-10-24 16:00:00,25373.25,25418.088,25348.708,25359.011,240,1128
2025-10-24 20:00:00,25358.936,25373.066,25348.153,25356.936,15,1130
2025-10-27 00:00:00,25571.455,25626.679,25561.694,25614.803,240,1129
2025-10-27 04:00:00,25614.249,25669.933,25607.053,25646.429,240,1120
2025-10-27 08:00:00,25646.499,25706.299,25622.488,25673.738,240,1127
2025-10-27 12:00:00,25673.586,25761.564,25650.183,25748.303,239,1125
2025-10-27 16:00:00,25746.672,25834.727,25742.77,25815.064,240,1122
2025-10-27 20:00:00,25814.933,25874.75,25814.683,25852.149,135,1126
2025-10-28 00:00:00,25851.511,25852.838,25818.653,25839.022,240,1130
2025-10-28 04:00:00,25838.555,25841.947,25803.533,25815.011,240,1131
2025-10-28 08:00:00,25815.958,25860.197,25800.261,25850.403,240,1125
2025-10-28 12:00:00,25850.522,25950.761,25849.175,25916.599,240,1118
2025-10-28 16:00:00,25916.37,26085.772,25916.37,26013.719,240,1126
2025-10-28 20:00:00,26013.175,26046.37,26003.697,26040.175,135,1121
2025-10-29 00:00:00,26041.153,26109.029,26022.414,26101.186,240,1134
2025-10-29 04:00:00,26100.142,26155.153,26077.131,26148.827,240,1136
2025-10-29 08:00:00,26148.577,26166.338,26083.055,26131.425,240,1124
2025-10-29 12:00:00,26131.577,26183.675,26076.164,26095.175,240,1120
2025-10-29 16:00:00,26095.011,26142.447,25905.819,26138.153,240,1120
2025-10-29 20:00:00,26138.219,26230.536,26012.764,26093.588,135,3952
2025-10-30 00:00:00,26093.925,26257.272,26093.925,26236.219,240,1130
2025-10-30 04:00:00,26236.283,26240.149,25997.881,26127.87,240,1196
2025-10-30 08:00:00,26128.077,26149.414,26054.022,26118.381,240,1410
2025-10-30 12:00:00,26119.305,26130.899,25802.816,25850.779,240,1291
2025-10-30 16:00:00,25850.62,25955.37,25729.533,25729.533,240,1122
2025-10-30 20:00:00,25730.914,26046.12,25713.164,26034.827,135,1591
2025-10-31 00:00:00,26035.164,26077.279,26000.925,26055.37,240,1118
2025-10-31 04:00:00,26055.305,26083.414,26008.153,26081.305,240,1126
2025-10-31 08:00:00,26081.425,26095.783,26021.969,26085.399,240,1125
2025-10-31 12:00:00,26084.599,26136.588,25913.186,25914.925,240,1121
2025-10-31 16:00:00,25906.649,25981.649,25753.164,25857.414,240,1124
2025-11-03 00:00:00,25946.294,25988.208,25916.272,25941.349,240,1134
2025-11-03 04:00:00,25941.153,25953.279,25882.653,25896.12,240,1131
2025-11-03 08:00:00,25896.469,26043.958,25884.881,26018.779,240,1120
2025-11-03 12:00:00,26018.403,26131.149,25883.011,25953.936,240,1127
2025-11-03 16:00:00,25954.219,26031.349,25911.272,25983.772,240,1119
2025-11-03 20:00:00,25983.719,26042.249,25931.731,25939.175,135,1120
2025-11-04 00:00:00,25938.903,25938.903,25794.958,25798.533,240,1538
2025-11-04 04:00:00,25798.827,25811.87,25608.719,25662.642,240,1122
2025-11-04 08:00:00,25662.75,25662.75,25515.5,25637.511,240,1128
2025-11-04 12:00:00,25638.022,25763.761,25533.892,25659.62,240,1124
2025-11-04 16:00:00,25659.469,25693.25,25447.75,25477.131,240,1119
2025-11-04 20:00:00,25477.892,25515.044,25378.199,25379.949,135,1120
2025-11-05 00:00:00,25379.992,25394.199,25159.372,25392.308,240,1136
2025-11-05 04:00:00,25392.775,25429.155,25320.275,25350.166,240,1124
2025-11-05 08:00:00,25350.927,25428.35,25280.611,25357.525,240,1140
2025-11-05 12:00:00,25357.731,25610.681,25334.742,25595.576,240,1131
2025-11-05 16:00:00,25596.685,25751.263,25534.958,25738.523,240,1124
2025-11-05 20:00:00,25738.621,25752.016,25573.697,25651.544,135,1120
2025-11-06 00:00:00,25651.914,25653.197,25495.75,25599.697,240,1122
2025-11-06 04:00:00,25599.37,25621.044,25522.142,25524.566,240,1130
2025-11-06 08:00:00,25525.381,25656.219,25508.25,25626.783,240,1130
2025-11-06 12:00:00,25626.62,25700.925,25172.306,25181.74,240,1288
2025-11-06 16:00:00,25182.829,25320.324,25081.343,25287.734,240,1125
2025-11-06 20:00:00,25286.979,25297.211,25109.022,25205.294,135,1140
2025-11-07 00:00:00,25205.838,25238.899,25089.653,25112.779,240,1146
2025-11-07 04:00:00,25112.664,25237.566,25051.242,25224.936,240,1194
2025-11-07 08:00:00,25224.838,25244.12,24974.338,25069.381,240,1131
2025-11-07 12:00:00,25069.794,25084.779,24715.141,24715.159,240,1217
2025-11-07 16:00:00,24715.109,25010.609,24601.887,25008.847,240,1120
2025-11-07 20:00:00,25008.488,25099.579,24918.893,25092.449,75,1126
2025-11-10 00:00:00,25225.697,25382.029,25162.761,25354.055,240,1134
2025-11-10 04:00:00,25353.914,25395.149,25349.664,25384.044,240,1121
2025-11-10 08:00:00,25384.392,25462.077,25351.805,25440.0,240,1120
2025-11-10 12:00:00,25440.142,25561.197,25407.75,25420.859,240,1122
2025-11-10 16:00:00,25421.277,25610.918,25351.283,25597.249,240,1117
2025-11-10 20:00:00,25596.6,25654.83,25592.899,25640.75,135,1120
2025-11-11 00:00:00,25640.779,25667.5,25616.131,25635.37,240,1124
2025-11-11 04:00:00,25635.511,25638.511,25543.055,25550.029,240,1119
2025-11-11 08:00:00,25549.011,25579.208,25493.164,25519.719,240,1119
2025-11-11 12:00:00,25519.436,25542.149,25383.5,25408.662,240,1134
2025-11-11 16:00:00,25409.539,25589.108,25377.655,25555.998,240,1124
2025-11-11 20:00:00,25556.259,25580.841,25512.957,25546.379,135,1126
2025-11-12 00:00:00,25548.427,25656.699,25545.85,25625.058,240,1132
2025-11-12 04:00:00,25624.905,25708.927,25590.394,25674.629,240,1119
2025-11-12 08:00:00,25677.1,25725.879,25625.622,25632.558,240,1119
2025-11-12 12:00:00,25632.677,25708.249,25429.817,25453.591,240,1125
2025-11-12 16:00:00,25454.059,25536.135,25387.341,25479.459,240,1127
2025-11-12 20:00:00,25478.99,25549.729,25398.832,25437.391,135,1122
2025-11-13 00:00:00,25437.207,25615.085,25434.858,25571.924,240,1130
2025-11-13 04:00:00,25572.039,25617.369,25560.828,25563.156,240,1120
2025-11-13 08:00:00,25563.254,25583.489,25428.4,25487.806,240,1124
2025-11-13 12:00:00,25486.599,25512.709,25099.225,25159.229,240,1124
2025-11-13 16:00:00,25158.636,25177.629,24905.106,24955.42,240,1122
2025-11-13 20:00:00,24955.949,25056.881,24917.906,25014.338,135,1119
2025-11-14 00:00:00,25013.272,25058.75,24992.316,25015.631,240,1125
2025-11-14 04:00:00,25016.327,25023.719,24839.12,24904.208,240,1121
2025-11-14 08:00:00,24906.219,24940.881,24682.642,24734.077,240,1128
2025-11-14 12:00:00,24734.283,25086.774,24531.794,25052.502,240,1122
2025-11-14 16:00:00,25052.23,25200.758,24979.596,25136.018,240,1126
2025-11-14 20:00:00,25135.68,25158.713,24981.531,25041.691,75,1122
2025-11-17 00:00:00,25082.283,25181.849,25025.697,25177.338,240,1378
2025-11-17 04:00:00,25177.653,25239.436,25141.403,25225.708,240,1125
2025-11-17 08:00:00,25225.75,25273.529,25082.969,25115.022,240,1134
2025-11-17 12:00:00,25115.219,25166.294,24867.914,24993.433,240,1120
2025-11-17 16:00:00,24993.933,25110.39,24668.386,24670.148,240,1120
2025-11-17 20:00:00,24670.246,24869.279,24646.62,24836.131,135,1132
2025-11-18 00:00:00,24836.011,24875.066,24678.316,24701.469,240,1123
2025-11-18 04:00:00,24701.033,24701.142,24520.044,24616.219,240,1128
2025-11-18 08:00:00,24616.511,24774.279,24616.436,24715.899,240,1124
2025-11-18 12:00:00,24716.381,24746.5,24345.794,24373.881,240,1130
2025-11-18 16:00:00,24374.088,24723.864,24296.772,24690.137,240,1123
2025-11-18 20:00:00,24690.709,24710.481,24440.013,24509.219,135,1127
2025-11-19 00:00:00,24509.566,24574.599,24416.805,24460.599,240,1140
2025-11-19 04:00:00,24460.649,24544.653,24365.261,24526.899,240,1127
2025-11-19 08:00:00,24526.327,24648.033,24487.903,24610.425,240,1126
2025-11-19 12:00:00,24610.827,24905.208,24492.022,24687.544,240,1120
2025-11-19 16:00:00,24687.25,24704.12,24429.822,24578.551,240,1121
2025-11-19 20:00:00,24578.312,25026.272,24564.294,25024.153,135,1118
2025-11-20 00:00:00,25023.529,25111.399,25004.392,25084.62,240,1122
2025-11-20 04:00:00,25084.436,25124.577,25048.664,25066.399,240,1127
2025-11-20 08:00:00,25066.588,25100.149,24938.522,25003.469,240,1153
2025-11-20 12:00:00,25004.827,25221.939,24976.794,25077.211,240,1124
2025-11-20 16:00:00,25077.375,25077.789,24128.505,24317.472,240,1134
2025-11-20 20:00:00,24317.755,24317.755,23946.349,24062.838,135,1123
2025-11-21 00:00:00,24063.033,24163.761,24039.75,24118.447,240,1127
2025-11-21 04:00:00,24118.25,24133.029,23987.511,24004.664,240,1126
2025-11-21 08:00:00,24004.75,24143.261,23831.011,23983.022,240,1302
2025-11-21 12:00:00,23982.675,24223.914,23853.761,23948.788,240,1127
2025-11-21 16:00:00,23948.179,24520.071,23863.934,24384.0,240,1121
2025-11-21 20:00:00,24383.664,24420.94,24212.908,24251.073,75,1121
2025-11-24 00:00:00,24401.675,24453.029,24335.327,24414.914,240,1144
2025-11-24 04:00:00,24414.261,24455.219,24362.349,24443.914,240,1125
2025-11-24 08:00:00,24440.219,24493.088,24292.481,24386.099,240,1121
2025-11-24 12:00:00,24386.153,24743.984,24353.653,24706.699,240,1136
2025-11-24 16:00:00,24707.319,24887.35,24706.714,24840.957,240,1122
2025-11-24 20:00:00,24841.098,24920.138,24839.959,24890.392,135,1123
2025-11-25 00:00:00,24890.899,24894.272,24846.175,24854.577,240,1123
2025-11-25 04:00:00,24855.522,24886.327,24812.142,24845.403,240,1128
2025-11-25 08:00:00,24845.305,24862.044,24753.142,24805.805,240,1124
2025-11-25 12:00:00,24805.25,24906.272,24533.899,24749.055,240,1121
2025-11-25 16:00:00,24749.142,24991.675,24705.577,24945.37,240,1119
2025-11-25 20:00:00,24945.283,25066.381,24945.283,25024.816,135,1128
2025-11-26 00:00:00,25024.719,25134.197,25005.697,25119.697,240,1118
2025-11-26 04:00:00,25119.533,25174.077,25099.469,25150.816,240,1123
2025-11-26 08:00:00,25150.642,25163.029,25076.142,25117.599,240,1119
2025-11-26 12:00:00,25117.664,25217.779,25057.533,25203.939,240,1128
2025-11-26 16:00:00,25203.634,25310.038,25199.685,25268.118,240,1119
2025-11-26 20:00:00,25268.204,25296.344,25231.816,25260.777,135,1126
2025-11-27 00:00:00,25260.599,25276.479,25241.331,25250.599,240,1144
2025-11-27 04:00:00,25249.994,25274.049,25233.527,25259.95,240,1118
2025-11-27 08:00:00,25259.733,25265.799,25230.353,25243.494,240,1118
2025-11-27 12:00:00,25243.222,25254.853,25224.408,25237.994,240,1121
2025-11-27 16:00:00,25237.82,25241.527,25223.266,25237.005,119,1124
2025-11-27 20:00:00,25250.458,25276.358,25245.686,25272.194,60,2859
2025-11-28 00:00:00,25272.299,25310.52,25268.999,25291.161,164,1123
2025-11-28 04:00:00,25291.15,25291.15,25291.15,25291.15,1,1194
2025-11-28 12:00:00,25311.803,25365.411,25275.131,25353.89,149,3205
2025-11-28 16:00:00,25354.01,25431.528,25312.029,25428.729,120,1120
2025-12-01 00:00:00,25418.197,25419.327,25188.099,25209.011,240,1129
2025-12-01 04:00:00,25208.577,25233.827,25143.316,25228.577,237,1121
2025-12-01 08:00:00,25229.077,25292.12,25217.794,25244.011,240,1119
2025-12-01 12:00:00,25243.75,25368.404,25157.631,25361.545,240,1131
2025-12-01 16:00:00,25361.871,25443.669,25272.297,25322.308,240,1120
2025-12-01 20:00:00,25322.014,25376.447,25313.882,25350.208,135,1128
2025-12-02 00:00:00,25350.469,25395.772,25300.403,25342.12,240,1120
2025-12-02 04:00:00,25342.675,25351.511,25286.055,25309.588,240,1133
2025-12-02 08:00:00,25309.175,25460.029,25276.653,25432.827,240,1125
2025-12-02 12:00:00,25432.37,25621.149,25409.719,25599.066,240,1128
2025-12-02 16:00:00,25599.186,25614.779,25367.008,25583.99,240,1128
2025-12-02 20:00:00,25584.176,25597.539,25541.382,25577.219,135,1119
2025-12-03 00:00:00,25577.649,25628.279,25529.794,25621.294,240,1127
2025-12-03 04:00:00,25621.055,25630.142,25591.197,25604.338,240,1118
2025-12-03 08:00:00,25604.779,25620.511,25559.0,25587.305,240,1125
2025-12-03 12:00:00,25587.899,25630.153,25374.838,25518.199,240,1124
2025-12-03 16:00:00,25517.611,25626.229,25477.146,25623.915,240,1121
2025-12-03 20:00:00,25623.795,25639.199,25590.761,25603.719,135,1126
2025-12-04 00:00:00,25603.425,25621.25,25570.131,25586.62,240,1123
2025-12-04 04:00:00,25587.055,25625.675,25575.436,25612.447,240,1131
2025-12-04 08:00:00,25613.0,25648.208,25559.719,25611.686,240,1122
2025-12-04 12:00:00,25611.936,25688.186,25476.899,25526.169,240,1127
2025-12-04 16:00:00,25525.766,25606.238,25445.69,25544.09,240,1125
2025-12-04 20:00:00,25543.548,25607.403,25507.061,25581.892,135,1120
2025-12-05 00:00:00,25581.719,25672.414,25571.033,25660.279,240,1126
2025-12-05 04:00:00,25659.719,25689.649,25656.925,25684.458,240,1119
2025-12-05 08:00:00,25684.327,25714.779,25664.099,25678.599,240,1118
2025-12-05 12:00:00,25678.283,25826.533,25538.805,25703.322,240,1125
2025-12-05 16:00:00,25703.224,25727.339,25613.71,25698.301,240,1128
2025-12-05 20:00:00,25697.106,25704.549,25638.625,25695.002,75,1122
2025-12-08 00:00:00,25708.914,25757.779,25664.033,25752.816,240,1121
2025-12-08 04:00:00,25753.149,25784.399,25741.599,25768.37,240,1119
2025-12-08 08:00:00,25769.0,25769.649,25725.838,25738.805,240,1139
2025-12-08 12:00:00,25737.294,25823.892,25614.07,25625.859,240,1121
2025-12-08 16:00:00,25627.113,25659.01,25529.779,25554.669,240,1120
2025-12-08 20:00:00,25554.506,25695.149,25545.867,25693.577,135,1119
2025-12-09 00:00:00,25693.899,25695.399,25642.458,25665.631,240,1126
2025-12-09 04:00:00,25665.316,25666.719,25614.099,25658.827,240,1127
2025-12-09 08:00:00,25658.881,25679.279,25576.742,25638.12,240,1128
2025-12-09 12:00:00,25638.947,25650.885,25527.175,25650.755,240,1122
2025-12-09 16:00:00,25650.58,25700.181,25634.583,25668.187,240,1120
2025-12-09 20:00:00,25668.045,25687.476,25640.044,25642.5,135,1121
2025-12-10 00:00:00,25642.649,25663.925,25610.381,25644.022,240,1130
2025-12-10 04:00:00,25644.219,25700.664,25639.099,25698.708,240,1123
2025-12-10 08:00:00,25700.327,25715.914,25586.044,25636.272,240,1134
2025-12-10 12:00:00,25638.392,25685.764,25521.349,25536.919,240,1126
2025-12-10 16:00:00,25537.267,25802.039,25500.215,25792.916,240,1135
2025-12-10 20:00:00,25793.046,25833.778,25689.719,25703.0,135,1128
2025-12-11 00:00:00,25702.958,25706.664,25356.514,25459.5,240,1229
2025-12-11 04:00:00,25459.75,25515.969,25445.599,25513.055,240,1131
2025-12-11 08:00:00,25512.892,25603.279,25447.62,25596.447,240,1134
2025-12-11 12:00:00,25594.316,25674.149,25364.153,25506.236,240,1125
2025-12-11 16:00:00,25506.062,25697.738,25432.221,25664.508,240,1125
2025-12-11 20:00:00,25664.388,25721.373,25630.308,25652.772,135,1119
2025-12-12 00:00:00,25653.197,25684.827,25623.75,25650.783,240,1137
2025-12-12 04:00:00,25650.458,25685.533,25635.349,25647.033,240,1121
2025-12-12 08:00:00,25646.958,25663.653,25514.208,25533.947,240,1129
2025-12-12 12:00:00,25534.75,25613.925,25200.831,25227.518,240,1129
2025-12-12 16:00:00,25226.007,25353.001,25102.351,25227.11,240,1129
2025-12-12 20:00:00,25227.067,25246.075,25129.99,25199.991,75,1125
2025-12-15 00:00:00,25179.533,25269.649,25173.555,25240.914,240,1129
2025-12-15 04:00:00,25241.033,25268.279,25219.469,25238.631,240,1126
2025-12-15 08:00:00,25238.294,25343.458,25216.749,25340.816,240,1137
2025-12-15 12:00:00,25340.631,25394.447,25015.687,25132.931,240,1125
2025-12-15 16:00:00,25132.595,25244.938,25060.521,25128.654,240,1123
2025-12-15 20:00:00,25128.807,25134.629,25019.761,25040.649,135,1122
2025-12-16 00:00:00,25039.566,25050.414,24836.522,24893.849,240,1122
2025-12-16 04:00:00,24893.088,24908.599,24808.272,24859.75,240,1137
2025-12-16 08:00:00,24859.925,25027.279,24858.675,25027.279,240,1122
2025-12-16 12:00:00,25022.664,25141.261,24912.447,25055.5,240,1130
2025-12-16 16:00:00,25055.131,25088.349,24908.12,25051.708,240,1125
2025-12-16 20:00:00,25052.099,25189.659,25044.5,25065.797,135,1123
2025-12-17 00:00:00,25064.514,25130.349,25016.253,25100.881,240,2430
2025-12-17 04:00:00,25101.164,25182.533,25042.272,25163.149,240,1120
2025-12-17 08:00:00,25162.588,25249.399,25138.469,25244.197,240,1131
2025-12-17 12:00:00,25244.533,25258.066,24793.87,24819.349,240,1118
2025-12-17 16:00:00,24817.925,24881.958,24687.818,24740.361,240,1125
2025-12-17 20:00:00,24740.23,24762.892,24650.525,24697.044,135,1119
2025-12-18 00:00:00,24697.87,24776.327,24666.175,24705.066,240,1124
2025-12-18 04:00:00,24705.469,24804.447,24703.283,24795.555,240,1129
2025-12-18 08:00:00,24794.899,24868.088,24772.794,24864.958,240,1120
2025-12-18 12:00:00,24864.686,25160.338,24829.283,25118.865,240,1206
2025-12-18 16:00:00,25118.93,25164.229,24943.275,24968.283,240,1123
2025-12-18 20:00:00,24968.174,25099.096,24952.024,25021.186,135,1134
2025-12-19 00:00:00,25021.414,25086.279,24976.577,25071.522,240,1122
2025-12-19 04:00:00,25071.447,25136.642,25031.349,25112.283,240,1118
2025-12-19 08:00:00,25111.577,25157.5,25081.279,25105.399,240,1123
2025-12-19 12:00:00,25106.131,25363.925,25038.294,25245.414,240,1131
2025-12-19 16:00:00,25244.899,25358.675,25221.469,25330.37,240,1124
2025-12-19 20:00:00,25330.522,25357.033,25311.425,25342.5,75,1128
2025-12-22 00:00:00,25431.458,25461.458,25407.75,25441.186,240,1123
2025-12-22 04:00:00,25441.066,25473.197,25424.969,25464.779,240,1134
2025-12-22 08:00:00,25464.783,25487.414,25443.708,25462.349,240,1123
2025-12-22 12:00:00,25462.642,25556.719,25392.697,25439.403,240,1132
2025-12-22 16:00:00,25439.25,25491.827,25438.566,25456.055,240,1120
2025-12-22 20:00:00,25456.208,25490.288,25445.381,25481.886,135,1125
2025-12-23 00:00:00,25481.95,25506.419,25464.244,25480.169,240,1119
2025-12-23 04:00:00,25479.983,25481.349,25421.961,25438.711,240,1140
2025-12-23 08:00:00,25438.82,25496.897,25433.961,25462.092,240,1127
2025-12-23 12:00:00,25462.636,25519.277,25376.897,25500.33,240,1121
2025-12-23 16:00:00,25500.516,25566.109,25496.402,25563.069,240,1127
2025-12-23 20:00:00,25562.921,25593.233,25560.461,25583.386,135,1138
2025-12-24 00:00:00,25583.125,25598.538,25557.45,25570.908,240,1127
2025-12-24 04:00:00,25570.777,25576.349,25551.972,25562.45,240,1119
2025-12-24 08:00:00,25562.647,25580.842,25557.592,25566.2,240,1161
2025-12-24 12:00:00,25566.092,25614.625,25558.408,25602.842,240,1125
2025-12-24 16:00:00,25603.07,25665.098,25602.57,25642.841,134,1142
2025-12-25 20:00:00,25659.536,25677.969,25646.914,25668.294,60,5093
2025-12-26 00:00:00,25667.892,25696.697,25661.816,25663.0,240,1125
2025-12-26 04:00:00,25662.675,25669.279,25630.131,25640.399,240,1140
2025-12-26 08:00:00,25640.316,25671.899,25623.566,25656.75,240,1154
2025-12-26 12:00:00,25656.925,25715.011,25614.947,25681.697,240,1140
2025-12-26 16:00:00,25681.686,25693.279,25632.039,25671.596,240,1122
2025-12-26 20:00:00,25671.182,25672.312,25638.98,25650.557,75,1125
2025-12-29 00:00:00,25655.088,25677.838,25609.5,25637.044,240,1125
2025-12-29 04:00:00,25636.947,25652.279,25569.958,25584.272,240,1140
2025-12-29 08:00:00,25584.131,25588.077,25516.511,25555.022,240,1122
2025-12-29 12:00:00,25554.208,25602.794,25441.261,25487.219,240,1125
2025-12-29 16:00:00,25487.022,25559.099,25437.694,25550.69,240,1120
2025-12-29 20:00:00,25550.244,25551.643,25493.316,25494.283,135,1121
2025-12-30 00:00:00,25494.779,25528.327,25483.849,25523.208,240,1118
2025-12-30 04:00:00,25523.529,25541.761,25472.261,25491.399,240,1123
2025-12-30 08:00:00,25491.469,25539.577,25489.838,25520.279,240,1119
2025-12-30 12:00:00,25519.849,25562.0,25461.794,25532.259,240,1122
2025-12-30 16:00:00,25532.379,25579.28,25489.235,25500.446,240,1119
2025-12-30 20:00:00,25499.598,25506.97,25437.599,25450.588,135,1127
2025-12-31 00:00:00,25450.697,25450.697,25382.186,25409.686,240,1128
2025-12-31 04:00:00,25409.827,25426.899,25370.761,25391.349,240,1132
2025-12-31 08:00:00,25391.066,25402.675,25345.12,25401.294,240,1130
2025-12-31 12:00:00,25400.772,25508.099,25338.644,25350.649,240,1123
2025-12-31 16:00:00,25350.485,25425.889,25326.942,25331.161,240,1118
2025-12-31 20:00:00,25331.411,25334.686,25239.248,25248.323,60,1128
2026-01-01 20:00:00,25284.236,25303.699,25251.236,25297.964,60,1836
2026-01-02 00:00:00,25297.388,25425.42,25275.377,25424.714,240,1139
2026-01-02 04:00:00,25424.822,25448.949,25412.605,25436.327,240,1125
2026-01-02 08:00:00,25436.088,25540.055,25435.914,25524.392,240,1123
2026-01-02 12:00:00,25524.566,25602.779,25169.707,25184.039,240,1124
2026-01-02 16:00:00,25183.864,25268.685,25081.76,25213.607,240,1125
2026-01-02 20:00:00,25213.716,25263.263,25182.471,25211.407,75,1128
2026-01-05 00:00:00,25275.392,25305.077,25252.731,25282.283,240,1126
2026-01-05 04:00:00,25282.066,25326.577,25273.25,25295.544,240,1120
2026-01-05 08:00:00,25295.805,25395.279,25285.588,25385.838,240,1118
2026-01-05 12:00:00,25385.5,25504.569,25338.153,25478.788,240,1122
2026-01-05 16:00:00,25478.624,25521.394,25365.004,25391.468,240,1117
2026-01-05 20:00:00,25391.565,25427.115,25378.392,25383.099,135,1127
2026-01-06 00:00:00,25383.305,25446.708,25370.588,25437.947,240,1126
2026-01-06 04:00:00,25437.653,25491.399,25437.653,25464.0,240,1117
2026-01-06 08:00:00,25463.892,25464.029,25344.533,25413.936,240,1121
2026-01-06 12:00:00,25414.044,25592.999,25408.294,25504.521,240,1128
2026-01-06 16:00:00,25504.39,25633.979,25457.139,25621.106,240,1124
2026-01-06 20:00:00,25622.107,25661.779,25615.12,25642.529,135,1129
2026-01-07 00:00:00,25643.969,25659.349,25615.37,25617.261,240,1129
2026-01-07 04:00:00,25617.653,25620.649,25582.403,25583.272,240,1123
2026-01-07 08:00:00,25583.197,25605.349,25544.349,25585.399,240,1127
2026-01-07 12:00:00,25585.066,25730.669,25570.849,25725.403,240,1131
2026-01-07 16:00:00,25727.23,25812.939,25699.15,25722.992,240,1120
2026-01-07 20:00:00,25723.167,25733.799,25636.042,25646.658,135,1121
2026-01-08 00:00:00,25646.744,25667.516,25593.364,25600.027,240,1119
2026-01-08 04:00:00,25599.777,25626.483,25494.483,25573.233,240,1148
2026-01-08 08:00:00,25573.229,25626.733,25562.261,25593.066,240,1119
2026-01-08 12:00:00,25593.881,25640.555,25394.631,25510.087,240,1118
2026-01-08 16:00:00,25510.968,25527.519,25410.531,25458.16,240,1129
2026-01-08 20:00:00,25457.92,25554.899,25449.726,25503.533,135,1129
2026-01-09 00:00:00,25501.719,25522.899,25455.642,25502.272,240,1124
2026-01-09 04:00:00,25502.37,25529.653,25480.5,25500.055,240,1137
2026-01-09 08:00:00,25502.436,25594.399,25489.772,25568.099,240,1122
2026-01-09 12:00:00,25567.936,25706.396,25443.12,25641.269,240,1119
2026-01-09 16:00:00,25642.1,25799.097,25642.1,25780.829,240,1120
2026-01-09 20:00:00,25780.409,25812.289,25754.14,25760.817,75,1124
2026-01-12 00:00:00,25724.399,25732.675,25541.131,25568.399,240,1125
2026-01-12 04:00:00,25569.327,25578.25,25507.599,25563.577,240,1137
2026-01-12 08:00:00,25563.381,25582.131,25466.186,25550.899,240,1122
2026-01-12 12:00:00,25550.522,25765.549,25545.283,25749.107,240,1138
2026-01-12 16:00:00,25749.238,25847.872,25735.337,25846.253,240,1118
2026-01-12 20:00:00,25846.439,25851.296,25728.011,25730.175,135,1119
2026-01-13 00:00:00,25728.925,25733.272,25680.783,25717.827,240,1128
2026-01-13 04:00:00,25718.279,25766.805,25703.827,25751.599,240,1125
2026-01-13 08:00:00,25751.75,25771.088,25705.555,25735.25,240,1121
2026-01-13 12:00:00,25735.066,25879.783,25644.529,25731.479,240,1121
2026-01-13 16:00:00,25731.229,25859.674,25657.586,25702.569,240,1125
2026-01-13 20:00:00,25702.421,25760.951,25640.393,25727.816,135,1124
2026-01-14 00:00:00,25727.164,25762.279,25712.772,25751.447,240,1124
2026-01-14 04:00:00,25751.316,25755.403,25672.153,25699.327,240,1117
2026-01-14 08:00:00,25698.529,25714.892,25548.511,25579.925,240,1119
2026-01-14 12:00:00,25579.566,25638.231,25310.333,25332.161,240,1120
2026-01-14 16:00:00,25332.477,25429.359,25262.251,25339.209,240,1118
2026-01-14 20:00:00,25338.556,25491.889,25302.264,25442.414,135,1121
2026-01-15 00:00:00,25442.899,25480.153,25400.022,25419.529,240,1118
2026-01-15 04:00:00,25419.208,25560.149,25407.208,25526.208,240,1124
2026-01-15 08:00:00,25526.392,25694.914,25511.458,25681.164,240,1124
2026-01-15 12:00:00,25681.055,25791.529,25640.455,25720.774,240,1128
2026-01-15 16:00:00,25720.11,25772.478,25582.281,25592.792,240,1128
2026-01-15 20:00:00,25592.672,25607.024,25516.738,25587.653,135,1119
2026-01-16 00:00:00,25587.805,25646.279,25577.522,25633.294,240,1119
2026-01-16 04:00:00,25633.522,25683.099,25630.794,25669.022,240,1138
2026-01-16 08:00:00,25668.783,25718.149,25640.794,25678.664,240,1124
2026-01-16 12:00:00,25677.458,25735.87,25437.305,25526.011,240,1120
2026-01-16 16:00:00,25526.175,25597.384,25499.209,25560.259,240,1123
2026-01-16 20:00:00,25559.796,25572.799,25514.084,25521.87,75,1136
2026-01-19 00:00:00,25309.087,25312.446,25207.576,25230.039,240,1126
2026-01-19 04:00:00,25229.968,25262.289,25168.891,25195.109,240,1129
2026-01-19 08:00:00,25196.032,25253.315,25100.641,25133.554,240,1121
2026-01-19 12:00:00,25133.01,25191.718,25079.663,25169.609,240,1123
2026-01-19 16:00:00,25170.674,25259.859,25164.174,25243.902,119,1118
2026-01-19 20:00:00,25229.264,25250.87,25213.381,25225.399,60,2470
2026-01-20 00:00:00,25224.816,25284.338,25171.599,25256.5,240,1121
2026-01-20 04:00:00,25256.425,25258.827,25106.011,25132.153,240,1126
2026-01-20 08:00:00,25131.708,25137.077,24944.849,25054.044,240,1119
2026-01-20 12:00:00,25054.149,25272.042,25029.914,25220.279,239,1131
2026-01-20 16:00:00,25219.892,25283.646,24984.548,25024.69,240,1117
2026-01-20 20:00:00,25025.148,25031.508,24953.438,24972.497,135,1125
2026-01-21 00:00:00,24973.449,25084.061,24972.953,25053.899,240,1124
2026-01-21 04:00:00,25053.747,25103.329,25039.681,25068.975,240,1121
2026-01-21 08:00:00,25068.236,25090.475,24897.116,24904.236,240,1120
2026-01-21 12:00:00,24904.399,25344.129,24882.086,25325.952,240,1160
2026-01-21 16:00:00,25325.855,25492.995,25002.58,25490.326,240,1126
2026-01-21 20:00:00,25490.13,25502.64,25301.47,25409.908,135,1124
2026-01-22 00:00:00,25412.288,25460.479,25396.375,25447.255,240,1121
2026-01-22 04:00:00,25447.114,25451.07,25341.125,25445.788,240,1123
2026-01-22 08:00:00,25445.158,25573.233,25440.349,25533.729,240,1130
2026-01-22 12:00:00,25533.342,25597.479,25394.983,25464.733,240,1124
2026-01-22 16:00:00,25464.418,25576.262,25462.732,25496.302,240,1118
2026-01-22 20:00:00,25496.574,25532.673,25442.643,25481.836,135,1122
2026-01-23 00:00:00,25481.075,25572.429,25461.27,25559.9,240,1119
2026-01-23 04:00:00,25559.825,25595.847,25546.958,25556.608,240,1118
2026-01-23 08:00:00,25555.52,25556.042,25404.803,25470.911,240,1122
2026-01-23 12:00:00,25472.683,25691.659,25421.466,25690.728,240,1119
2026-01-23 16:00:00,25690.771,25709.244,25548.83,25614.346,240,1123
2026-01-23 20:00:00,25613.693,25621.529,25558.199,25569.539,75,1121
2026-01-26 00:00:00,25430.555,25538.447,25415.522,25504.664,240,1147
2026-01-26 04:00:00,25504.772,25580.642,25493.12,25569.697,240,1118
2026-01-26 08:00:00,25570.066,25611.686,25452.066,25539.686,240,1135
2026-01-26 12:00:00,25539.414,25765.429,25527.631,25748.574,240,1124
2026-01-26 16:00:00,25748.379,25796.745,25718.891,25747.63,240,1120
2026-01-26 20:00:00,25747.849,25768.149,25702.566,25761.436,135,1124
2026-01-27 00:00:00,25761.327,25850.708,25746.686,25847.399,240,1191
2026-01-27 04:00:00,25847.555,25899.719,25843.338,25877.272,240,1128
2026-01-27 08:00:00,25877.011,25914.279,25838.772,25903.305,240,1129
2026-01-27 12:00:00,25900.947,25966.235,25788.969,25946.249,240,1120
2026-01-27 16:00:00,25946.28,25973.926,25907.069,25960.322,240,1124
2026-01-27 20:00:00,25960.202,26017.414,25929.308,26008.779,135,1135
2026-01-28 00:00:00,26008.62,26098.849,26006.0,26070.044,240,1120
2026-01-28 04:00:00,26070.529,26219.0,26070.12,26185.555,240,1122
2026-01-28 08:00:00,26185.686,26201.899,26123.029,26189.099,240,1121
2026-01-28 12:00:00,26189.272,26191.088,26030.609,26033.568,240,1132
2026-01-28 16:00:00,26033.361,26079.833,25971.473,26031.203,240,1119
2026-01-28 20:00:00,26031.486,26166.203,25866.743,26042.464,135,1120
2026-01-29 00:00:00,26041.583,26071.949,25958.311,26070.949,240,1258
2026-01-29 04:00:00,26070.769,26149.072,26067.583,26127.714,240,1120
2026-01-29 08:00:00,26127.453,26152.42,26047.899,26072.199,240,1127
2026-01-29 12:00:00,26073.442,26093.877,25410.794,25451.975,240,1139
2026-01-29 16:00:00,25452.334,25777.0,25414.592,25727.288,240,1125
2026-01-29 20:00:00,25727.396,25900.279,25719.641,25853.631,135,1121
2026-01-30 00:00:00,25853.305,25873.0,25617.947,25728.719,240,1136
2026-01-30 04:00:00,25728.469,25777.414,25582.436,25590.399,240,1120
2026-01-30 08:00:00,25591.283,25764.892,25531.381,25752.779,240,1195
2026-01-30 12:00:00,25751.414,25820.381,25652.899,25725.655,240,1121
2026-01-30 16:00:00,25725.009,25751.394,25454.7,25541.587,240,1121
2026-01-30 20:00:00,25541.979,25611.299,25455.169,25553.239,60,1124
2026-02-02 00:00:00,25419.0,25532.088,25150.055,25167.208,240,1252
2026-02-02 04:00:00,25167.022,25262.75,25068.279,25235.294,240,1128
2026-02-02 08:00:00,25235.881,25378.029,25227.338,25338.029,240,1126
2026-02-02 12:00:00,25337.697,25797.656,25337.555,25725.925,240,1134
2026-02-02 16:00:00,25725.664,25833.119,25689.011,25731.228,240,1129
2026-02-02 20:00:00,25731.043,25865.788,25707.511,25837.038,135,1122
2026-02-03 00:00:00,25836.908,25879.505,25789.853,25845.494,240,1130
2026-02-03 04:00:00,25845.233,25916.849,25841.214,25900.994,240,1121
2026-02-03 08:00:00,25901.349,25912.788,25824.408,25834.636,240,1130
2026-02-03 12:00:00,25834.472,25892.081,25363.936,25509.022,240,1121
2026-02-03 16:00:00,25509.197,25511.399,25111.788,25210.929,240,1120
2026-02-03 20:00:00,25210.085,25364.914,25164.356,25323.397,135,1126
2026-02-04 00:00:00,25323.538,25369.729,25272.103,25330.099,240,1121
2026-02-04 04:00:00,25330.331,25410.7,25305.07,25399.005,240,1120
2026-02-04 08:00:00,25396.744,25405.849,25252.57,25370.222,240,1118
2026-02-04 12:00:00,25370.331,25386.799,25005.114,25046.422,240,1129
2026-02-04 16:00:00,25046.52,25067.021,24680.097,25004.897,240,1119
2026-02-04 20:00:00,25004.479,25023.849,24775.689,24967.719,132,1119
2026-02-05 00:00:00,24967.947,25069.153,24829.947,24847.958,240,1177
2026-02-05 04:00:00,24848.088,24989.675,24816.447,24944.525,240,1133
2026-02-05 08:00:00,24947.014,25024.399,24878.838,24929.22,240,1852
2026-02-05 12:00:00,24928.514,24956.599,24453.651,24534.994,240,3441
2026-02-05 16:00:00,24535.396,24788.038,24449.799,24612.962,240,1121
2026-02-05 20:00:00,24613.115,24707.117,24202.305,24243.75,135,1129
2026-02-06 00:00:00,24243.642,24484.153,24149.816,24435.066,240,1774
2026-02-06 04:00:00,24435.12,24521.414,24335.892,24466.033,240,1133
2026-02-06 08:00:00,24465.577,24781.279,24399.772,24763.283,240,1142
2026-02-06 12:00:00,24763.066,24892.029,24609.783,24805.797,240,1129
2026-02-06 16:00:00,24806.119,25034.345,24791.579,24980.811,240,1127
2026-02-06 20:00:00,24979.985,25132.089,24966.381,25040.118,75,1132
2026-02-09 00:00:00,25189.197,25259.936,25102.272,25103.153,240,1171
2026-02-09 04:00:00,25103.649,25141.958,25034.392,25072.599,240,1126
2026-02-09 08:00:00,25073.033,25128.279,24881.577,24961.088,240,1118
2026-02-09 12:00:00,24965.414,25241.198,24869.164,25224.353,240,1130
2026-02-09 16:00:00,25225.604,25338.846,25218.2,25310.521,240,1121
2026-02-09 20:00:00,25310.804,25324.1,25243.772,25259.399,135,1120
2026-02-10 00:00:00,25259.599,25277.153,25193.425,25214.022,240,1132
2026-02-10 04:00:00,25214.12,25272.338,25206.588,25263.87,240,1127
2026-02-10 08:00:00,25264.25,25318.588,25236.958,25284.272,240,1120
2026-02-10 12:00:00,25285.555,25361.044,25170.75,25289.762,240,1130
2026-02-10 16:00:00,25290.269,25315.304,25186.89,25210.307,240,1120
2026-02-10 20:00:00,25210.035,25212.186,25113.903,25190.555,135,1117
2026-02-11 00:00:00,25191.149,25262.153,25183.881,25255.349,240,1122
2026-02-11 04:00:00,25255.033,25257.414,25170.458,25188.044,240,1120
2026-02-11 08:00:00,25187.936,25195.899,25064.783,25127.958,240,1126
2026-02-11 12:00:00,25126.936,25382.529,24976.609,25162.745,240,1122
2026-02-11 16:00:00,25163.093,25276.386,25060.688,25225.239,240,1124
2026-02-11 20:00:00,25224.798,25238.919,25126.17,25154.561,135,1122
2026-02-12 00:00:00,25153.377,25240.449,25133.888,25229.931,240,1120
2026-02-12 04:00:00,25230.329,25278.829,25212.214,25270.508,240,1132
2026-02-12 08:00:00,25270.605,25293.377,25244.616,25285.866,240,1123
2026-02-12 12:00:00,25286.05,25339.333,24928.309,24931.853,240,1133
2026-02-12 16:00:00,24933.376,24952.564,24725.248,24819.001,240,1128
2026-02-12 20:00:00,24818.881,24832.453,24642.57,24749.783,135,1120
2026-02-13 00:00:00,24750.186,24790.5,24636.381,24676.62,240,1185
2026-02-13 04:00:00,24676.925,24729.149,24570.675,24673.316,240,1125
2026-02-13 08:00:00,24674.25,24735.029,24552.925,24648.164,240,1122
2026-02-13 12:00:00,24647.522,24857.444,24506.631,24740.726,240,1127
2026-02-13 16:00:00,24741.682,24923.158,24693.374,24782.649,240,1123
2026-02-13 20:00:00,24782.044,24818.621,24661.74,24727.56,75,1125
2026-02-16 00:00:00,24767.742,24805.029,24740.881,24756.033,240,3062
2026-02-16 04:00:00,24756.219,24803.403,24726.599,24791.566,240,1122
2026-02-16 08:00:00,24792.186,24851.0,24771.555,24794.197,240,1126
2026-02-16 12:00:00,24795.0,24812.153,24609.75,24623.197,240,1121
2026-02-16 16:00:00,24622.958,24700.511,24601.761,24666.25,119,1121
2026-02-16 20:00:00,24679.753,24771.838,24671.003,24747.414,60,3348
2026-02-17 00:00:00,24748.338,24765.055,24506.12,24540.186,240,1179
2026-02-17 04:00:00,24540.022,24594.279,24488.881,24590.022,240,1127
2026-02-17 08:00:00,24590.899,24656.664,24503.12,24553.719,240,1136
2026-02-17 12:00:00,24553.903,24745.75,24381.642,24532.578,240,1129
2026-02-17 16:00:00,24532.414,24819.779,24525.909,24746.766,240,1124
2026-02-17 20:00:00,24745.287,24773.629,24637.49,24645.459,135,1129
2026-02-18 00:00:00,24645.654,24733.639,24643.382,24728.545,240,1149
2026-02-18 04:00:00,24728.437,24781.165,24718.882,24768.709,240,1121
2026-02-18 08:00:00,24768.795,24876.269,24768.165,24830.176,240,1121
2026-02-18 12:00:00,24830.078,25030.504,24687.36,25018.769,240,1121
2026-02-18 16:00:00,25019.089,25059.794,24797.604,24818.526,240,1122
2026-02-18 20:00:00,24818.113,24931.187,24791.411,24898.164,135,1123
2026-02-19 00:00:00,24897.838,24932.783,24850.577,24917.414,240,1124
2026-02-19 04:00:00,24917.642,24980.827,24874.142,24953.055,240,1120
2026-02-19 08:00:00,24952.719,24987.208,24758.936,24812.279,240,1133
2026-02-19 12:00:00,24811.903,24883.392,24697.0,24857.702,240,1125
2026-02-19 16:00:00,24858.431,24892.499,24685.527,24717.184,240,1122
2026-02-19 20:00:00,24717.043,24829.75,24712.361,24818.892,135,1121
2026-02-20 00:00:00,24819.279,24876.399,24800.044,24831.327,240,1128
2026-02-20 04:00:00,24831.761,24897.529,24826.75,24862.838,240,1136
2026-02-20 08:00:00,24862.899,24925.577,24752.783,24770.914,240,1128
2026-02-20 12:00:00,24771.779,25066.191,24620.588,25059.175,240,1127
2026-02-20 16:00:00,25060.251,25079.439,24822.3,24962.156,240,1119
2026-02-20 20:00:00,24962.276,25027.487,24953.334,25018.361,75,1120
2026-02-23 00:00:00,24914.903,24914.903,24753.664,24784.719,240,1194
2026-02-23 04:00:00,24784.87,24857.399,24750.522,24841.805,240,1120
2026-02-23 08:00:00,24842.914,24946.899,24821.011,24872.066,240,1121
2026-02-23 12:00:00,24872.175,24982.719,24685.259,24689.449,240,1122
2026-02-23 16:00:00,24689.453,24764.409,24613.843,24636.743,240,1122
2026-02-23 20:00:00,24636.96,24772.469,24624.635,24736.588,135,1122
2026-02-24 00:00:00,24736.447,24832.011,24722.522,24821.529,240,1163
2026-02-24 04:00:00,24821.425,24835.305,24770.75,24781.088,240,1121
2026-02-24 08:00:00,24780.403,24814.029,24709.533,24782.029,240,1126
2026-02-24 12:00:00,24779.327,24975.189,24644.566,24920.726,240,1118
2026-02-24 16:00:00,24921.059,25022.528,24914.415,24967.159,240,1119
2026-02-24 20:00:00,24967.029,25017.236,24941.135,24993.894,135,1120
2026-02-25 00:00:00,24993.416,25063.275,24949.47,25015.992,240,1120
2026-02-25 04:00:00,25016.242,25017.047,24967.111,24985.449,240,1126
2026-02-25 08:00:00,24985.6,25077.379,24985.6,25074.069,240,1118
2026-02-25 12:00:00,25071.492,25309.058,25054.85,25244.337,240,1131
2026-02-25 16:00:00,25244.412,25326.553,25231.236,25318.396,240,1127
2026-02-25 20:00:00,25318.277,25370.75,25227.761,25269.403,135,1124
2026-02-26 00:00:00,25268.279,25294.149,25218.0,25253.761,240,1133
2026-02-26 04:00:00,25253.62,25317.5,25236.142,25300.272,240,1120
2026-02-26 08:00:00,25300.544,25354.529,25296.653,25314.947,240,1127
2026-02-26 12:00:00,25315.029,25367.899,24818.562,24956.431,240,1125
2026-02-26 16:00:00,24957.128,25052.039,24845.715,25017.245,240,1119
2026-02-26 20:00:00,25016.767,25045.779,24913.342,24953.611,135,1120
2026-02-27 00:00:00,24951.503,24993.427,24912.503,24982.372,240,1129
2026-02-27 04:00:00,24983.22,25036.35,24949.405,25030.286,240,1135
2026-02-27 08:00:00,25030.622,25056.379,24887.85,24910.35,240,1129
2026-02-27 12:00:00,24911.155,24975.888,24740.558,24941.835,240,1123
2026-02-27 16:00:00,24942.118,24992.765,24832.429,24852.127,240,1122
2026-02-27 20:00:00,24850.833,24980.259,24850.833,24953.838,60,1121
2026-03-02 00:00:00,24701.105,24861.449,24673.997,24751.953,240,1160
2026-03-02 04:00:00,24753.366,24777.638,24491.986,24501.119,240,1159
2026-03-02 08:00:00,24501.814,24689.181,24438.333,24647.072,240,1357
2026-03-02 12:00:00,24650.579,24920.649,24556.127,24887.877,240,1126
2026-03-02 16:00:00,24888.269,25059.122,24814.46,25042.385,240,1122
2026-03-02 20:00:00,25042.45,25050.236,24908.5,24934.849,135,1128
2026-03-03 00:00:00,24934.936,24945.529,24768.631,24809.653,240,1155
2026-03-03 04:00:00,24809.783,24826.436,24632.283,24639.088,240,1152
2026-03-03 08:00:00,24638.522,24658.197,24333.981,24453.164,240,1127
2026-03-03 12:00:00,24453.149,24623.719,24315.588,24411.062,240,1138
2026-03-03 16:00:00,24409.921,24811.164,24400.789,24749.169,240,1156
2026-03-03 20:00:00,24748.57,24782.735,24635.294,24666.447,135,1128
2026-03-04 00:00:00,24667.414,24767.099,24490.283,24564.283,240,1451
2026-03-04 04:00:00,24563.686,24642.0,24464.283,24620.697,240,1145
2026-03-04 08:00:00,24622.5,24859.305,24577.149,24771.055,240,1213
2026-03-04 12:00:00,24771.272,25112.033,24685.599,25090.958,240,1173
2026-03-04 16:00:00,25090.686,25181.669,25014.763,25154.989,240,1124
2026-03-04 20:00:00,25154.112,25160.527,25057.546,25136.827,135,1121
2026-03-05 00:00:00,25136.899,25207.969,24991.153,25014.033,240,1138
2026-03-05 04:00:00,25013.87,25071.761,24946.37,25037.12,240,1126
2026-03-05 08:00:00,25037.149,25170.794,24939.099,25058.75,240,1147
2026-03-05 12:00:00,25058.914,25171.87,24899.536,25048.932,240,1124
2026-03-05 16:00:00,25048.606,25087.37,24741.453,24825.014,240,1121
2026-03-05 20:00:00,24824.851,25039.767,24793.88,25030.386,135,1122
2026-03-06 00:00:00,25031.125,25086.469,25008.451,25083.625,240,1135
2026-03-06 04:00:00,25083.886,25111.539,25061.614,25095.07,240,1119
2026-03-06 08:00:00,25095.267,25098.349,24806.842,24827.349,240,1128
2026-03-06 12:00:00,24827.969,24864.958,24582.886,24831.28,240,1124
2026-03-06 16:00:00,24830.672,24892.329,24716.922,24778.756,240,1124
2026-03-06 20:00:00,24778.626,24822.888,24577.085,24628.888,75,1122
2026-03-09 00:00:00,24188.12,24212.088,23973.761,24066.697,240,1144
2026-03-09 04:00:00,24067.403,24289.529,24059.642,24250.142,240,1123
2026-03-09 08:00:00,24250.392,24468.392,24207.022,24357.279,240,1252
2026-03-09 12:00:00,24357.392,24630.164,24287.055,24614.763,238,1134
2026-03-09 16:00:00,24615.307,25022.429,24546.881,24960.052,239,1127
2026-03-09 20:00:00,24960.835,24993.327,24831.255,24854.364,135,1135
2026-03-10 00:00:00,24850.603,24971.549,24805.549,24859.897,240,1144
2026-03-10 04:00:00,24860.005,25049.038,24835.669,25046.016,240,1132
2026-03-10 08:00:00,25045.853,25119.027,24931.331,24943.722,240,1135
2026-03-10 12:00:00,24943.842,25152.774,24865.331,25120.284,234,1125
2026-03-10 16:00:00,25121.078,25188.771,24913.369,24957.592,240,1119
2026-03-10 20:00:00,24958.219,25010.567,24927.061,24991.616,135,1136
2026-03-11 00:00:00,24994.931,25098.55,24985.953,25094.105,240,1128
2026-03-11 04:00:00,25094.594,25097.199,24922.986,24981.203,240,1121
2026-03-11 08:00:00,24980.55,25018.519,24870.877,24921.681,240,1127
2026-03-11 12:00:00,24921.8,25107.699,24866.575,24909.8,237,1748
2026-03-11 16:00:00,24909.822,25000.078,24850.829,24959.345,240,1120
2026-03-11 20:00:00,24959.181,24966.709,24713.055,24767.544,135,1121
2026-03-12 00:00:00,24767.37,24821.219,24676.458,24709.12,240,1125
2026-03-12 04:00:00,24708.892,24851.511,24689.088,24850.761,240,1126
2026-03-12 08:00:00,24851.436,24907.649,24793.131,24836.75,240,1131
2026-03-12 12:00:00,24837.011,24841.779,24541.929,24644.706,240,1175
2026-03-12 16:00:00,24645.065,24714.132,24520.78,24533.286,240,1123
2026-03-12 20:00:00,24532.884,24596.899,24495.095,24512.077,135,1127
2026-03-13 00:00:00,24511.914,24644.436,24476.708,24608.066,240,1127
2026-03-13 04:00:00,24608.399,24610.947,24393.772,24431.588,240,1135
2026-03-13 08:00:00,24431.719,24648.425,24380.775,24646.077,240,1171
2026-03-13 12:00:00,24645.903,24788.327,24377.159,24392.716,239,1190
2026-03-13 16:00:00,24392.9,24471.666,24334.587,24378.609,240,1121
2026-03-13 20:00:00,24378.054,24382.849,24343.277,24346.755,15,1125
2026-03-16 00:00:00,24425.838,24525.0,24422.903,24517.338,240,1742
2026-03-16 04:00:00,24517.469,24569.149,24490.058,24499.599,240,1146
2026-03-16 08:00:00,24499.675,24622.029,24464.022,24611.708,240,1479
2026-03-16 12:00:00,24611.761,24746.872,24605.133,24659.509,240,1398
2026-03-16 16:00:00,24659.551,24796.616,24601.603,24650.44,240,1126
2026-03-16 20:00:00,24650.969,24667.709,24608.403,24654.219,135,1120
2026-03-17 00:00:00,24653.881,24655.799,24555.653,24567.27,240,2105
2026-03-17 04:00:00,24566.369,24629.549,24506.12,24545.275,240,1296
2026-03-17 08:00:00,24545.319,24630.958,24514.283,24584.808,240,1550
2026-03-17 12:00:00,24584.514,24882.37,24584.514,24759.584,240,2437
2026-03-17 16:00:00,24759.681,24826.474,24717.079,24778.093,240,1124
2026-03-17 20:00:00,24778.616,24797.086,24761.208,24775.011,135,1121
2026-03-18 00:00:00,24770.914,24914.349,24768.447,24907.0,240,1121
2026-03-18 04:00:00,24906.686,24981.099,24901.283,24932.149,240,1119
2026-03-18 08:00:00,24931.816,24968.066,24868.175,24882.599,240,1120
2026-03-18 12:00:00,24883.055,24888.779,24587.113,24672.859,240,1485
2026-03-18 16:00:00,24672.352,24688.347,24416.925,24426.856,240,1124
2026-03-18 20:00:00,24426.247,24455.569,24341.022,24395.392,135,1134
2026-03-19 00:00:00,24395.12,24503.719,24365.588,24442.436,240,1133
2026-03-19 04:00:00,24442.349,24442.37,24322.25,24335.522,240,1122
2026-03-19 08:00:00,24336.099,24429.0,24281.142,24326.958,240,1127
2026-03-19 12:00:00,24324.797,24358.239,24106.175,24255.811,240,1242
2026-03-19 16:00:00,24256.639,24470.271,24162.232,24352.325,240,1122
2026-03-19 20:00:00,24351.9,24441.077,24340.691,24402.279,135,1124
2026-03-20 00:00:00,24402.649,24442.772,24365.011,24393.055,240,1131
2026-03-20 04:00:00,24393.529,24404.849,24265.131,24375.936,240,1121
2026-03-20 08:00:00,24375.664,24397.779,24102.283,24226.649,240,1120
2026-03-20 12:00:00,24226.349,24309.719,24019.186,24100.958,240,1126
2026-03-20 16:00:00,24101.219,24144.182,23758.867,23898.311,240,1129
2026-03-20 20:00:00,23899.954,23937.89,23883.449,23931.653,15,1125
2026-03-23 00:00:00,23793.588,23877.088,23724.5,23741.055,240,1122
2026-03-23 04:00:00,23740.925,23820.838,23561.033,23629.958,240,1126
2026-03-23 08:00:00,23629.12,24488.521,23603.197,24177.453,228,1143
2026-03-23 12:00:00,24177.932,24465.953,24133.098,24161.664,240,6427
2026-03-23 16:00:00,24162.22,24318.819,24091.108,24195.443,240,1432
2026-03-23 20:00:00,24195.497,24272.253,24141.021,24239.531,135,1430
2026-03-24 00:00:00,24239.319,24241.076,24006.275,24059.41,240,3432
2026-03-24 04:00:00,24059.319,24289.599,23976.887,24249.798,240,3437
2026-03-24 08:00:00,24250.531,24273.987,24082.414,24168.719,240,3424
2026-03-24 12:00:00,24168.892,24181.947,23920.447,24083.697,232,1124
2026-03-24 16:00:00,24084.565,24137.832,23951.243,24006.289,240,1430
2026-03-24 20:00:00,24009.565,24246.32,24002.554,24202.209,135,1441
2026-03-25 00:00:00,24202.397,24282.632,24110.131,24170.119,240,3427
2026-03-25 04:00:00,24169.787,24218.154,24114.264,24197.254,240,3431
2026-03-25 08:00:00,24197.353,24323.376,24197.353,24284.287,240,3441
2026-03-25 12:00:00,24284.631,24328.887,24075.189,24165.21,240,3432
2026-03-25 16:00:00,24165.275,24280.153,24099.076,24161.143,240,1441
2026-03-25 20:00:00,24161.264,24180.076,24072.732,24111.287,135,1432
2026-03-26 00:00:00,24113.098,24209.231,24039.075,24168.299,240,3435
2026-03-26 04:00:00,24168.719,24173.389,23991.575,24051.047,240,3435
2026-03-26 08:00:00,24053.186,24078.899,23891.631,23894.75,240,1179
2026-03-26 12:00:00,23894.392,24028.838,23828.295,23889.785,239,1176
2026-03-26 16:00:00,23890.003,23898.289,23576.83,23588.042,240,1123
2026-03-26 20:00:00,23588.347,23732.824,23564.318,23682.888,134,3522
2026-03-27 00:00:00,23683.714,23712.866,23612.638,23701.769,240,1140
2026-03-27 04:00:00,23701.844,23781.322,23660.692,23677.747,240,1121
2026-03-27 08:00:00,23677.975,23693.061,23418.866,23469.811,240,1130
2026-03-27 12:00:00,23469.975,23473.311,23251.997,23363.059,239,1120
2026-03-27 16:00:00,23362.749,23369.809,23086.218,23124.925,240,1123
2026-03-27 20:00:00,23125.011,23138.14,23091.963,23096.806,15,1125
2026-03-30 00:00:00,22946.077,23124.761,22913.5,23114.37,240,1561
2026-03-30 04:00:00,23115.149,23233.947,23107.044,23216.838,240,1121
2026-03-30 08:00:00,23216.25,23336.058,23192.708,23277.969,240,1166
2026-03-30 12:00:00,23279.719,23356.131,23080.042,23188.921,240,1131
2026-03-30 16:00:00,23189.063,23194.759,22841.095,22952.202,240,1120
2026-03-30 20:00:00,22951.469,22964.686,22841.969,22863.077,135,1140
2026-03-31 00:00:00,22863.447,23221.099,22780.544,23136.969,240,1125
2026-03-31 04:00:00,23136.664,23189.208,23052.272,23187.838,240,1131
2026-03-31 08:00:00,23187.022,23208.197,23056.12,23177.425,240,1123
2026-03-31 12:00:00,23183.5,23404.522,23129.881,23262.883,240,1748
2026-03-31 16:00:00,23262.525,23789.548,23253.47,23731.049,240,1123
2026-03-31 20:00:00,23729.896,23865.302,23688.441,23857.059,135,1142
2026-04-01 00:00:00,23856.716,23867.291,23776.118,23801.857,240,1125
2026-04-01 04:00:00,23801.683,24000.672,23798.65,23897.835,240,1120
2026-04-01 08:00:00,23897.727,24025.052,23823.661,24010.107,240,1125
2026-04-01 12:00:00,24009.929,24139.78,23856.552,24127.466,238,1152
2026-04-01 16:00:00,24127.302,24161.822,23938.59,24017.807,240,1125
2026-04-01 20:00:00,24017.393,24031.859,23982.87,24008.306,135,1118
2026-04-02 00:00:00,24008.425,24070.339,23640.251,23646.251,240,1135
2026-04-02 04:00:00,23646.769,23705.795,23577.262,23703.578,240,1122
2026-04-02 08:00:00,23704.534,23706.519,23507.751,23508.012,240,1125
2026-04-02 12:00:00,23509.317,24038.697,23491.653,23960.87,237,1192
2026-04-02 16:00:00,23960.899,24050.131,23882.664,24045.903,240,1130
2026-04-02 20:00:00,24045.839,24053.708,24024.881,24035.001,14,1121
2026-04-06 00:00:00,23919.272,24154.033,23914.753,24039.708,240,1409
2026-04-06 04:00:00,24039.783,24152.899,24034.753,24137.149,240,1130
2026-04-06 08:00:00,24136.697,24225.425,24110.316,24133.816,240,1138
2026-04-06 12:00:00,24133.697,24274.175,24074.544,24149.012,240,1125
2026-04-06 16:00:00,24148.37,24200.522,24033.463,24190.691,240,1127
2026-04-06 20:00:00,24191.329,24213.283,24129.338,24130.381,135,1117
2026-04-07 00:00:00,24130.522,24188.816,23983.481,24051.283,240,1246
2026-04-07 04:00:00,24051.142,24092.969,24029.153,24077.12,240,1127
2026-04-07 08:00:00,24077.305,24250.947,24008.588,24041.197,239,1642
2026-04-07 12:00:00,24042.511,24122.149,23776.334,23941.571,240,1297
2026-04-07 16:00:00,23941.529,24211.276,23910.533,24199.986,239,1121
2026-04-07 20:00:00,24200.453,24919.844,24177.521,24884.605,135,1117
2026-04-08 00:00:00,24885.497,24952.083,24842.019,24936.322,240,1133
2026-04-08 04:00:00,24936.699,25031.377,24936.3,24971.747,240,1122
2026-04-08 08:00:00,24971.703,25075.199,24964.399,25039.105,240,1129
2026-04-08 12:00:00,25039.449,25086.475,24752.103,24903.216,240,1129
2026-04-08 16:00:00,24902.824,24982.784,24768.718,24906.354,240,1125
2026-04-08 20:00:00,24906.099,24920.267,24841.653,24854.4,135,1119
2026-04-09 00:00:00,24854.549,24877.683,24809.369,24847.249,240,1120
2026-04-09 04:00:00,24848.65,24886.27,24793.672,24814.031,240,1130
2026-04-09 08:00:00,24814.781,24866.869,24781.553,24858.292,240,1134
2026-04-09 12:00:00,24858.216,25023.696,24787.115,25016.478,240,1318
2026-04-09 16:00:00,25016.184,25096.48,24974.514,25078.129,240,1122
2026-04-09 20:00:00,25077.939,25089.457,25028.174,25059.402,135,1129
2026-04-10 00:00:00,25058.38,25137.043,25040.796,25126.109,240,1132
2026-04-10 04:00:00,25126.039,25128.609,25056.315,25077.163,240,1128
2026-04-10 08:00:00,25077.271,25135.968,25038.13,25103.391,239,1125
2026-04-10 12:00:00,25104.446,25227.685,25080.293,25099.304,240,2375
2026-04-10 16:00:00,25099.718,25136.457,25057.232,25116.849,240,1119
2026-04-10 20:00:00,25116.936,25134.378,25109.394,25127.689,15,1122
2026-04-13 00:00:00,24818.903,24925.588,24785.099,24895.533,240,1124
2026-04-13 04:00:00,24895.142,24963.316,24887.522,24936.653,240,1122
2026-04-13 08:00:00,24936.827,25013.149,24920.283,24925.279,240,1125
2026-04-13 12:00:00,24924.925,25194.843,24909.153,25145.92,240,1122
2026-04-13 16:00:00,25145.42,25386.604,25119.308,25374.527,240,1129
2026-04-13 20:00:00,25374.429,25457.779,25369.992,25425.149,135,1141
2026-04-14 00:00:00,25425.219,25439.12,25399.37,25422.62,240,1125
2026-04-14 04:00:00,25422.0,25482.25,25403.892,25458.099,240,1114
2026-04-14 08:00:00,25457.414,25525.529,25449.675,25505.87,240,1118
2026-04-14 12:00:00,25506.305,25736.846,25491.392,25713.577,240,1139
2026-04-14 16:00:00,25713.294,25836.071,25710.978,25835.489,240,1122
2026-04-14 20:00:00,25835.145,25873.449,25806.957,25856.079,135,1119
2026-04-15 00:00:00,25856.127,25880.008,25828.681,25859.464,240,1132
2026-04-15 04:00:00,25859.377,25894.449,25803.75,25841.25,240,1118
2026-04-15 08:00:00,25841.708,25875.149,25771.719,25834.686,240,1121
2026-04-15 12:00:00,25834.936,26052.243,25797.761,26032.954,240,1142
2026-04-15 16:00:00,26033.107,26212.591,25936.037,26199.0,240,1125
2026-04-15 20:00:00,26199.414,26253.805,26169.571,26245.827,135,1118
2026-04-16 00:00:00,26245.903,26303.87,26229.761,26282.327,240,1124
2026-04-16 04:00:00,26282.186,26325.055,26255.631,26298.088,240,1121
2026-04-16 08:00:00,26297.892,26304.029,26203.5,26257.349,240,1123
2026-04-16 12:00:00,26257.522,26378.235,26115.272,26370.946,240,1170
2026-04-16 16:00:00,26371.294,26400.589,26194.097,26323.122,240,1122
2026-04-16 20:00:00,26323.057,26333.469,26279.33,26325.022,135,1133
2026-04-17 00:00:00,26326.219,26342.653,26295.316,26304.75,240,1119
2026-04-17 04:00:00,26304.914,26338.349,26288.783,26336.175,240,1122
2026-04-17 08:00:00,26336.675,26415.088,26323.903,26412.816,240,1126
2026-04-17 12:00:00,26413.149,26716.869,26407.914,26644.36,240,1137
2026-04-17 16:00:00,26644.176,26720.11,26576.709,26667.65,240,1122
2026-04-17 20:00:00,26668.129,26681.918,26662.145,26680.166,15,1121
2026-04-20 00:00:00,26501.805,26557.529,26459.577,26522.316,240,1121
2026-04-20 04:00:00,26522.011,26563.827,26455.664,26511.75,240,1118
2026-04-20 08:00:00,26510.881,26570.794,26462.25,26553.029,240,1125
2026-04-20 12:00:00,26553.761,26668.197,26411.648,26502.108,240,1121
2026-04-20 16:00:00,26502.325,26594.191,26484.018,26588.19,240,1119
2026-04-20 20:00:00,26588.006,26662.142,26578.764,26641.533,135,1119
2026-04-21 00:00:00,26643.392,26682.566,26631.022,26657.447,240,1137
2026-04-21 04:00:00,26657.529,26702.279,26651.511,26658.969,240,1120
2026-04-21 08:00:00,26659.0,26746.816,26643.197,26716.75,240,1140
2026-04-21 12:00:00,26716.577,26730.279,26508.399,26576.899,240,1147
2026-04-21 16:00:00,26577.279,26631.568,26399.352,26488.539,240,1120
2026-04-21 20:00:00,26487.978,26639.194,26448.496,26622.835,134,1308
2026-04-22 00:00:00,26623.074,26681.809,26621.194,26657.161,240,1133
2026-04-22 04:00:00,26657.28,26714.059,26619.835,26694.955,240,1127
2026-04-22 08:00:00,26695.835,26711.999,26629.607,26683.357,240,1123
2026-04-22 12:00:00,26683.107,26855.87,26662.661,26828.458,240,1132
2026-04-22 16:00:00,26828.899,26940.568,26804.804,26928.057,240,1123
2026-04-22 20:00:00,26928.318,26982.62,26918.46,26948.327,135,1128
2026-04-23 00:00:00,26949.936,26951.149,26701.066,26760.142,240,1291
2026-04-23 04:00:00,26760.066,26866.349,26745.761,26849.029,240,1119
2026-04-23 08:00:00,26849.399,26901.208,26742.697,26884.664,240,1120
2026-04-23 12:00:00,26881.197,27005.929,26817.566,26943.069,240,1124
2026-04-23 16:00:00,26943.319,26967.478,26535.103,26777.606,239,1128
2026-04-23 20:00:00,26777.399,26938.779,26761.024,26938.511,135,1129
2026-04-24 00:00:00,26944.149,26993.75,26881.566,26889.522,240,1125
2026-04-24 04:00:00,26889.649,26972.399,26875.186,26967.011,240,1126
2026-04-24 08:00:00,26965.544,27221.186,26922.055,27132.914,240,1120
2026-04-24 12:00:00,27133.849,27269.142,26988.414,27254.529,239,1128
2026-04-24 16:00:00,27254.142,27313.769,27217.969,27295.429,240,1122
2026-04-24 20:00:00,27295.21,27300.955,27270.6,27276.036,15,1136
2026-04-27 00:00:00,27249.577,27405.779,27243.436,27389.327,240,1121
2026-04-27 04:00:00,27388.805,27404.12,27270.499,27290.077,240,1119
2026-04-27 08:00:00,27289.816,27363.779,27252.87,27345.153,240,1124
2026-04-27 12:00:00,27345.838,27346.529,27162.588,27229.859,240,1119
2026-04-27 16:00:00,27229.026,27314.148,27210.759,27307.189,240,1120
2026-04-27 20:00:00,27307.069,27368.87,27285.002,27355.529,135,1122
2026-04-28 00:00:00,27355.219,27377.219,27251.686,27275.719,240,1132
2026-04-28 04:00:00,27275.783,27304.849,27186.077,27203.164,240,1132
2026-04-28 08:00:00,27202.947,27224.458,26946.37,26959.783,240,1131
2026-04-28 12:00:00,26959.642,27115.827,26875.829,26919.755,237,1123
2026-04-28 16:00:00,26918.961,27090.126,26895.422,27032.88,240,1119
2026-04-28 20:00:00,27033.163,27114.799,27010.923,27113.499,135,1126
2026-04-29 00:00:00,27113.799,27160.586,27058.608,27150.586,240,1119
2026-04-29 04:00:00,27150.369,27184.216,27077.075,27105.179,240,1123
2026-04-29 08:00:00,27108.488,27155.064,27065.619,27117.608,240,1127
2026-04-29 12:00:00,27117.238,27182.12,26990.619,27107.229,240,1130
2026-04-29 16:00:00,27106.815,27202.689,27019.4,27197.858,240,1122
2026-04-29 20:00:00,27198.27,27422.819,26983.598,27418.41,135,3180
2026-04-30 00:00:00,27418.726,27489.606,27254.171,27276.987,240,1121
2026-04-30 04:00:00,27276.726,27278.189,27052.693,27219.193,240,1128
2026-04-30 08:00:00,27218.834,27361.204,27192.084,27307.069,240,1133
2026-04-30 12:00:00,27307.084,27412.498,27030.875,27254.118,240,1275
2026-04-30 16:00:00,27254.069,27484.226,27215.326,27444.122,240,1121
2026-04-30 20:00:00,27442.743,27517.899,27428.783,27465.761,135,1143
2026-05-01 00:00:00,27470.066,27545.37,27463.936,27514.697,240,1132
2026-05-01 04:00:00,27514.5,27515.719,27444.664,27451.599,240,1123
2026-05-01 08:00:00,27454.577,27469.37,27408.458,27436.033,240,1136
2026-05-01 12:00:00,27435.969,27790.447,27419.511,27764.779,240,1123
2026-05-01 16:00:00,27764.272,27775.831,27670.867,27713.893,240,1119
2026-05-01 20:00:00,27713.459,27713.459,27691.342,27696.449,15,1120
2026-05-04 00:00:00,27703.833,27824.833,27682.225,27811.638,240,1127
2026-05-04 04:00:00,27811.486,27844.322,27752.855,27793.333,240,1126
2026-05-04 08:00:00,27793.192,27803.192,27543.519,27708.079,239,1118
2026-05-04 12:00:00,27711.899,27820.758,27577.619,27614.486,240,1120
2026-05-04 16:00:00,27613.822,27699.799,27510.138,27661.369,240,1124
2026-05-04 20:00:00,27661.21,27668.529,27615.816,27629.686,135,1125
2026-05-05 00:00:00,27630.029,27731.327,27624.175,27724.033,240,1123
2026-05-05 04:00:00,27723.686,27809.425,27701.958,27764.936,240,1121
2026-05-05 08:00:00,27764.75,27841.425,27762.62,27826.392,240,1124
2026-05-05 12:00:00,27825.055,28028.014,27812.294,28007.557,240,1124
2026-05-05 16:00:00,28007.677,28065.448,27972.109,28013.759,240,1121
2026-05-05 20:00:00,28013.73,28296.72,28007.022,28250.761,135,1128
2026-05-06 00:00:00,28252.838,28253.566,28129.283,28193.37,240,1123
2026-05-06 04:00:00,28193.294,28249.392,28180.816,28228.283,240,1119
2026-05-06 08:00:00,28228.219,28514.392,28205.022,28419.447,238,1126
2026-05-06 12:00:00,28420.029,28466.608,28218.066,28440.731,240,1227
2026-05-06 16:00:00,28441.869,28605.416,28392.652,28591.491,240,1130
2026-05-06 20:00:00,28591.241,28679.241,28535.569,28553.164,135,1121
2026-05-07 00:00:00,28553.827,28599.381,28520.87,28575.219,240,1121
2026-05-07 04:00:00,28575.261,28688.327,28568.772,28662.283,240,1132
2026-05-07 08:00:00,28661.62,28698.279,28578.011,28615.783,240,1128
2026-05-07 12:00:00,28610.958,28825.563,28592.25,28666.176,240,1134
2026-05-07 16:00:00,28664.632,28665.299,28433.513,28564.615,240,1120
2026-05-07 20:00:00,28564.507,28646.453,28452.231,28565.892,135,1133
2026-05-08 00:00:00,28566.349,28669.149,28566.349,28659.783,240,1130
2026-05-08 04:00:00,28660.958,28724.936,28645.088,28715.029,240,1118
2026-05-08 08:00:00,28715.305,28801.529,28711.392,28785.279,240,1131
2026-05-08 12:00:00,28784.827,29104.279,28750.327,29077.653,240,1369
2026-05-08 16:00:00,29078.131,29226.011,29077.958,29223.903,240,1131
2026-05-08 20:00:00,29225.149,29270.011,29220.631,29230.925,15,1121
2026-05-11 00:00:00,29195.762,29291.139,29142.665,29216.269,240,1123
2026-05-11 04:00:00,29216.139,29246.139,29178.74,29214.49,240,1125
2026-05-11 08:00:00,29214.426,29280.306,29155.751,29240.089,240,1120
2026-05-11 12:00:00,29239.904,29364.169,29140.827,29354.528,240,1127
2026-05-11 16:00:00,29354.876,29369.357,29259.148,29317.177,240,1131
2026-05-11 20:00:00,29317.525,29348.683,29214.902,29321.216,135,1148
2026-05-12 00:00:00,29312.042,29312.042,29120.281,29217.803,240,1130
2026-05-12 04:00:00,29217.9,29230.858,29068.338,29131.75,240,1130
2026-05-12 08:00:00,29132.099,29139.649,29025.164,29057.392,240,1128
2026-05-12 12:00:00,29058.272,29186.529,28719.692,28731.262,240,1774
2026-05-12 16:00:00,28731.067,29080.205,28632.204,29065.582,240,1124
2026-05-12 20:00:00,29066.029,29082.447,28973.914,28978.131,135,1123
2026-05-13 00:00:00,28978.089,29160.649,28952.631,29144.37,240,1122
2026-05-13 04:00:00,29144.664,29266.806,29139.534,29266.175,240,1131
2026-05-13 08:00:00,29266.469,29342.686,29244.295,29265.719,240,1124
2026-05-13 12:00:00,29265.425,29296.149,28971.664,29203.944,236,1216
2026-05-13 16:00:00,29203.726,29455.594,29193.893,29365.829,240,1118
2026-05-13 20:00:00,29365.144,29541.033,29338.644,29525.149,135,1131
2026-05-14 00:00:00,29525.349,29585.522,29414.503,29428.642,240,1130
2026-05-14 04:00:00,29428.588,29533.414,29407.25,29466.881,240,1124
2026-05-14 08:00:00,29468.044,29521.914,29374.447,29432.414,240,1150
2026-05-14 12:00:00,29432.399,29669.697,29341.305,29651.139,240,1258
2026-05-14 16:00:00,29650.932,29676.999,29491.432,29581.747,240,1132
2026-05-14 20:00:00,29580.877,29632.419,29569.724,29586.746,135,1122
2026-05-15 00:00:00,29586.648,29625.876,29393.713,29463.018,240,1121
2026-05-15 04:00:00,29463.202,29463.202,29146.985,29305.441,240,1123
2026-05-15 08:00:00,29305.839,29307.821,29077.952,29154.089,240,1135
2026-05-15 12:00:00,29154.409,29281.891,28989.93,29183.909,240,1128
2026-05-15 16:00:00,29184.196,29388.882,29109.868,29132.584,240,1118
2026-05-15 20:00:00,29130.474,29132.225,29012.063,29055.611,15,1124
2026-05-18 00:00:00,29018.823,29047.498,28830.062,28959.215,240,1171
2026-05-18 04:00:00,28960.117,29078.965,28894.726,29024.04,240,1123
2026-05-18 08:00:00,29026.889,29177.164,28955.805,29079.914,240,1123
2026-05-18 12:00:00,29080.022,29322.529,28842.476,28897.844,240,1121
2026-05-18 16:00:00,28897.42,29012.682,28716.155,28997.778,240,1122
2026-05-18 20:00:00,28998.484,29088.077,28969.114,29037.881,135,1120
2026-05-19 00:00:00,29041.37,29091.62,28833.903,28893.208,240,1124
2026-05-19 04:00:00,28893.664,29028.631,28788.772,29005.794,240,1120
2026-05-19 08:00:00,29005.958,29020.75,28742.87,28757.772,240,1129
2026-05-19 12:00:00,28757.316,28971.142,28567.296,28721.366,240,1126
2026-05-19 16:00:00,28720.746,29031.869,28697.565,28826.229,240,1120
2026-05-19 20:00:00,28826.461,28930.493,28772.982,28857.352,135,1122
2026-05-20 00:00:00,28842.754,28923.015,28705.352,28802.609,240,1325
2026-05-20 04:00:00,28803.298,28971.21,28777.482,28933.385,240,1134
2026-05-20 08:00:00,28935.537,29062.993,28930.918,28987.885,240,1170
2026-05-20 12:00:00,28987.102,29267.379,28914.613,29241.129,236,1130
2026-05-20 16:00:00,29240.785,29304.429,29120.774,29302.689,240,1126
2026-05-20 20:00:00,29303.839,29304.959,29022.742,29102.414,135,1133
2026-05-21 00:00:00,29102.279,29290.686,29080.558,29271.327,240,2031
2026-05-21 04:00:00,29271.12,29348.827,29116.088,29231.381,240,1124
2026-05-21 08:00:00,29231.577,29371.805,29102.249,29162.899,240,2380
2026-05-21 12:00:00,29162.522,29247.969,29039.48,29178.97,240,1188
2026-05-21 16:00:00,29179.489,29463.394,29121.88,29354.084,240,1121
2026-05-21 20:00:00,29354.639,29489.305,29343.634,29468.349,135,1127
2026-05-22 00:00:00,29469.577,29520.424,29411.827,29495.175,238,1205
2026-05-22 04:00:00,29495.425,29528.827,29451.022,29505.62,240,1126
2026-05-22 08:00:00,29505.947,29587.529,29357.797,29431.392,240,1130
2026-05-22 12:00:00,29431.088,29637.783,29413.316,29610.283,240,1313
2026-05-22 16:00:00,29609.566,29667.321,29455.9,29474.304,240,1123
2026-05-22 20:00:00,29474.434,29501.008,29464.934,29484.784,15,1129
2026-05-25 00:00:00,29769.664,29911.708,29749.72,29885.642,240,1133
2026-05-25 04:00:00,29885.555,29918.029,29812.936,29895.458,240,1119
2026-05-25 08:00:00,29897.403,29912.436,29850.772,29896.197,240,1126
2026-05-25 12:00:00,29895.87,29917.149,29833.708,29846.37,240,1132
2026-05-25 16:00:00,29846.719,29882.399,29836.892,29879.664,59,1124
2026-05-25 20:00:00,29900.938,29900.938,29761.133,29805.394,120,2743
2026-05-26 00:00:00,29806.264,29806.47,29697.125,29746.405,240,1172
2026-05-26 04:00:00,29746.503,29771.927,29672.122,29700.416,240,1119
2026-05-26 08:00:00,29701.253,29841.058,29685.003,29792.297,240,1120
2026-05-26 12:00:00,29792.629,30042.995,29753.427,29850.609,240,1146
2026-05-26 16:00:00,29850.913,30036.549,29846.043,30004.117,240,1121
2026-05-26 20:00:00,30003.704,30033.077,29958.164,30028.599,135,1119
2026-05-27 00:00:00,30028.62,30087.649,30000.381,30026.511,240,1126
2026-05-27 04:00:00,30026.327,30072.761,29985.033,30069.436,240,1119
2026-05-27 08:00:00,30069.947,30225.425,30060.697,30194.186,240,1121
2026-05-27 12:00:00,30193.686,30306.827,29808.667,29861.022,239,1125
2026-05-27 16:00:00,29860.663,29997.079,29822.336,29971.312,240,1127
2026-05-27 20:00:00,29972.509,30066.099,29897.142,29909.881,135,1123
2026-05-28 00:00:00,29911.447,30019.783,29726.969,29742.044,240,1123
2026-05-28 04:00:00,29742.164,29895.099,29694.642,29886.719,240,1129
2026-05-28 08:00:00,29886.447,29928.529,29801.664,29854.827,240,1126
2026-05-28 12:00:00,29855.149,30217.328,29850.011,30187.692,234,1174
2026-05-28 16:00:00,30187.572,30264.434,30162.174,30223.371,240,1128
2026-05-28 20:00:00,30223.86,30287.829,30209.058,30227.991,135,1129
2026-05-29 00:00:00,30227.882,30227.882,30143.079,30187.23,240,1133
2026-05-29 04:00:00,30187.557,30277.024,30186.513,30226.709,172,1119
2026-05-29 08:00:00,30223.513,30298.307,30214.209,30275.774,240,1131
2026-05-29 12:00:00,30276.509,30466.429,30206.002,30299.429,240,1119
2026-05-29 16:00:00,30299.755,30384.938,30229.018,30328.841,240,1129
2026-06-01 00:00:00,30418.658,30532.788,30409.842,30484.092,240,1124
2026-06-01 04:00:00,30484.244,30530.45,30425.233,30449.961,240,1125
2026-06-01 08:00:00,30449.849,30454.494,30382.711,30401.538,240,1126
2026-06-01 12:00:00,30400.886,30497.029,30230.538,30444.708,237,1122
2026-06-01 16:00:00,30444.566,30634.664,30393.783,30514.37,240,1143
2026-06-01 20:00:00,30514.164,30516.131,30378.283,30415.881,135,1120
2026-06-02 00:00:00,30415.783,30415.783,30264.414,30310.044,240,1124
2026-06-02 04:00:00,30310.208,30493.649,30305.349,30476.338,240,1126
2026-06-02 08:00:00,30476.62,30532.599,30450.338,30477.381,240,1121
2026-06-02 12:00:00,30479.022,30646.729,30370.892,30638.823,240,1127
2026-06-02 16:00:00,30638.681,30668.449,30546.955,30655.593,240,1131
2026-06-02 20:00:00,30655.969,30711.504,30521.719,30660.414,135,1126
2026-06-03 00:00:00,30660.588,30678.131,30606.294,30659.566,240,1131
2026-06-03 04:00:00,30659.75,30692.529,30625.511,30675.327,240,1129
2026-06-03 08:00:00,30675.458,30746.649,30655.066,30733.305,240,1122
2026-06-03 12:00:00,30733.458,30759.925,30449.308,30553.215,240,1123
2026-06-03 16:00:00,30552.171,30638.955,30453.682,30580.303,240,1127
2026-06-03 20:00:00,30577.084,30581.543,30314.197,30336.969,135,1167
2026-06-04 00:00:00,30336.838,30473.305,30296.529,30423.0,240,1358
2026-06-04 04:00:00,30423.522,30486.969,30393.381,30442.599,240,1131
2026-06-04 08:00:00,30441.783,30443.555,30107.631,30223.029,240,1215
2026-06-04 12:00:00,30222.653,30409.679,30091.883,30353.911,240,1181
2026-06-04 16:00:00,30354.346,30540.379,30335.612,30418.866,240,1118
2026-06-04 20:00:00,30419.008,30428.736,30198.339,30206.925,135,1120
2026-06-05 00:00:00,30207.381,30207.381,29996.067,30106.078,240,1121
2026-06-05 04:00:00,30106.686,30186.149,30005.403,30094.012,240,1130
2026-06-05 08:00:00,30096.392,30179.512,30063.512,30090.925,239,1129
2026-06-05 12:00:00,30089.958,30100.175,29563.691,29607.69,230,1852
2026-06-05 16:00:00,29608.593,29609.364,28926.927,28967.994,240,1128
2026-06-05 20:00:00,28968.505,28994.484,28771.391,28785.568,15,1251
2026-06-08 00:00:00,29043.131,29245.033,28980.22,29169.099,240,1305
2026-06-08 04:00:00,29169.399,29237.936,28930.316,29213.794,240,1135
2026-06-08 08:00:00,29213.892,29395.044,29102.327,29332.425,239,1140
2026-06-08 12:00:00,29332.029,29697.619,29289.088,29603.537,235,1126
2026-06-08 16:00:00,29588.2,29647.067,29333.292,29408.685,232,1118
2026-06-08 20:00:00,29408.826,29442.153,29282.664,29385.249,135,1125
2026-06-09 00:00:00,29384.503,29553.327,29265.522,29542.279,240,2172
2026-06-09 04:00:00,29542.261,29648.827,29529.772,29565.566,221,1186
2026-06-09 08:00:00,29549.261,29686.649,29527.805,29640.664,238,1250
2026-06-09 12:00:00,29640.533,29807.131,28641.426,28656.458,240,1128
2026-06-09 16:00:00,28656.709,29105.677,28239.466,29073.002,235,1141
2026-06-09 20:00:00,29072.882,29152.279,28943.351,29027.197,135,1533
2026-06-10 00:00:00,29027.899,29131.219,28923.425,28954.881,240,1678
2026-06-10 04:00:00,28955.019,28974.501,28817.689,28923.62,240,2141
2026-06-10 08:00:00,28923.761,28924.838,28570.797,28638.327,234,1321
2026-06-10 12:00:00,28644.555,29213.224,28623.286,28816.761,238,3304
2026-06-10 16:00:00,28817.033,28857.843,28456.377,28490.55,240,1659
2026-06-10 20:00:00,28489.781,28496.629,28233.636,28330.147,135,2422
2026-06-11 00:00:00,28330.938,28730.629,28302.364,28706.775,240,2626
2026-06-11 04:00:00,28708.22,28835.992,28653.331,28811.664,240,1545
2026-06-11 08:00:00,28811.544,28901.529,28779.783,28867.881,240,1340
2026-06-11 12:00:00,28870.529,29015.222,28544.986,28823.164,234,2992
2026-06-11 16:00:00,28825.387,29506.543,28646.01,29431.643,240,1428
2026-06-11 20:00:00,29429.51,29563.342,29382.632,29548.954,135,1432
2026-06-12 00:00:00,29546.975,29616.332,29439.253,29501.243,240,3446
2026-06-12 04:00:00,29501.289,29525.954,29232.742,29400.321,240,3438
2026-06-12 08:00:00,29401.619,29640.576,29388.519,29609.243,240,3437
2026-06-12 12:00:00,29607.92,29736.51,29206.308,29415.865,240,3434
2026-06-12 16:00:00,29417.243,29722.199,29388.253,29625.142,240,1432
2026-06-12 20:00:00,29622.343,29692.676,29622.343,29688.176,15,1429
2026-06-15 00:00:00,30026.054,30190.964,30015.82,30159.965,240,3430
2026-06-15 04:00:00,30160.919,30241.886,30144.398,30217.489,240,3447
2026-06-15 08:00:00,30217.021,30296.82,30179.31,30267.265,238,3442
2026-06-15 12:00:00,30267.409,30561.85,30208.732,30555.244,240,3429
2026-06-15 16:00:00,30555.113,30587.498,30489.731,30540.453,240,1195
2026-06-15 20:00:00,30541.309,30567.289,30432.297,30512.82,135,1252
2026-06-16 00:00:00,30505.031,30534.665,30434.2,30509.853,240,2278
2026-06-16 04:00:00,30510.349,30525.114,30473.103,30514.865,240,3392
2026-06-16 08:00:00,30518.34,30652.599,30505.364,30618.831,240,3318
2026-06-16 12:00:00,30617.85,30630.516,30081.306,30141.167,240,1858
2026-06-16 16:00:00,30141.298,30244.944,29967.762,29970.453,240,1187
2026-06-16 20:00:00,29970.856,30054.921,29957.494,29995.153,135,1428
2026-06-17 00:00:00,30002.753,30134.649,30002.753,30131.533,240,1891
2026-06-17 04:00:00,30130.936,30244.5,30112.75,30225.142,240,3696
2026-06-17 08:00:00,30224.947,30249.649,30053.425,30080.838,240,1832
2026-06-17 12:00:00,30083.87,30212.399,29988.903,30119.652,240,3098
2026-06-17 16:00:00,30120.208,30197.119,29600.443,29673.41,240,1125
2026-06-17 20:00:00,29672.443,29990.089,29667.164,29989.809,135,1382
2026-06-18 00:00:00,29991.699,30116.654,29984.919,30078.589,240,3430
2026-06-18 04:00:00,30078.687,30122.92,29962.643,30121.819,240,3430
2026-06-18 08:00:00,30122.832,30177.489,30037.732,30101.42,240,3437
2026-06-18 12:00:00,30101.854,30357.499,30073.699,30323.539,240,3431
2026-06-18 16:00:00,30323.299,30463.229,30310.031,30383.452,240,1237
2026-06-18 20:00:00,30384.476,30453.431,30331.566,30380.208,135,1265
2026-06-19 00:00:00,30379.876,30382.409,30193.932,30207.12,240,3429
2026-06-19 04:00:00,30206.508,30320.875,30078.443,30317.821,240,3437
2026-06-19 08:00:00,30318.676,30353.965,30225.764,30279.499,240,3426
2026-06-19 12:00:00,30279.41,30393.898,30216.397,30373.343,240,3430
2026-06-19 16:00:00,30373.431,30390.832,30332.275,30336.892,59,1434
2026-06-22 00:00:00,30043.889,30346.687,30037.875,30245.121,240,2602
2026-06-22 04:00:00,30245.576,30469.099,30207.881,30448.408,240,3428
2026-06-22 08:00:00,30448.187,30517.354,30377.509,30439.838,240,3424
2026-06-22 12:00:00,30440.544,30646.932,30222.454,30237.908,240,3419
2026-06-22 16:00:00,30236.931,30358.921,30184.886,30351.921,240,1434
2026-06-22 20:00:00,30340.789,30389.338,30231.316,30266.175,135,1154
2026-06-23 00:00:00,30265.997,30325.033,29992.131,30090.033,240,1450
2026-06-23 04:00:00,30090.447,30105.197,29580.403,29598.399,240,1157
2026-06-23 08:00:00,29597.731,29623.511,29442.947,29563.149,240,1940
2026-06-23 12:00:00,29563.399,29746.764,29307.779,29496.222,240,1365
2026-06-23 16:00:00,29496.385,29613.182,29273.903,29344.997,240,1205
2026-06-23 20:00:00,29343.61,29495.419,29279.169,29438.651,135,1434
2026-06-24 00:00:00,29438.434,29583.976,29308.062,29438.069,240,1660
2026-06-24 04:00:00,29440.019,29576.019,29346.681,29462.449,240,1717
2026-06-24 08:00:00,29462.345,29558.681,29427.14,29553.106,240,1685
2026-06-24 12:00:00,29553.356,29597.993,29220.925,29450.872,240,4025
2026-06-24 16:00:00,29451.993,29497.689,28960.646,29213.376,240,1190
2026-06-24 20:00:00,29214.389,29868.419,29187.339,29796.575,135,2401
2026-06-25 00:00:00,29796.942,29801.689,29625.597,29734.321,240,3430
2026-06-25 04:00:00,29734.619,29886.521,29699.098,29877.899,240,3431
2026-06-25 08:00:00,29877.219,29918.789,29796.675,29827.392,240,3453
2026-06-25 12:00:00,29832.321,29958.908,28990.536,29357.666,240,3416
2026-06-25 16:00:00,29354.91,29585.257,29285.497,29440.808,240,1227
2026-06-25 20:00:00,29442.464,29611.419,29308.498,29409.487,135,1249
2026-06-26 00:00:00,29409.81,29474.104,28865.171,29068.626,240,2155
2026-06-26 04:00:00,29068.69,29265.089,28954.52,29229.582,240,2962
2026-06-26 08:00:00,29229.69,29259.847,29007.767,29053.332,240,2172
2026-06-26 12:00:00,29052.175,29415.049,28886.664,29320.647,240,1276
2026-06-26 16:00:00,29320.168,29401.375,29075.705,29085.854,240,1203
2026-06-26 20:00:00,29006.743,29102.589,28973.787,29056.133,15,1890
2026-06-29 00:00:00,29324.308,29327.521,29071.308,29303.029,240,1775
2026-06-29 04:00:00,29302.544,29403.511,29199.309,29371.775,240,1522
2026-06-29 08:00:00,29371.22,29466.011,29327.989,29414.447,240,1477
2026-06-29 12:00:00,29414.088,29564.998,28982.198,29557.596,240,1573
2026-06-29 16:00:00,29557.454,29783.057,29552.976,29765.886,240,1121
2026-06-29 20:00:00,29765.854,29778.261,29689.064,29755.52,135,1428
2026-06-30 00:00:00,29755.176,29845.442,29652.132,29811.587,240,3426
2026-06-30 04:00:00,29811.842,29940.305,29785.187,29797.121,240,3433
2026-06-30 08:00:00,29797.397,29893.399,29737.921,29853.509,240,3442
2026-06-30 12:00:00,29853.51,30206.375,29712.843,30185.639,240,3424
2026-06-30 16:00:00,30185.154,30325.248,30177.661,30247.969,240,1051
2026-06-30 20:00:00,30246.553,30267.709,30222.875,30257.808,135,1392
2026-07-01 00:00:00,30258.289,30277.142,30092.132,30191.587,240,3434
2026-07-01 04:00:00,30192.264,30199.386,30024.119,30107.733,240,3435
2026-07-01 08:00:00,30108.158,30160.186,30042.632,30087.499,240,3429
2026-07-01 12:00:00,30088.389,30119.286,29823.647,29984.522,240,3438
2026-07-01 16:00:00,29984.762,30011.449,29786.573,29819.898,240,1419
2026-07-01 20:00:00,29825.043,29857.349,29742.981,29789.37,135,1265
2026-07-02 00:00:00,29774.175,29975.783,29692.953,29909.153,240,3148
2026-07-02 04:00:00,29909.386,29925.189,29563.409,29637.099,240,3429
2026-07-02 08:00:00,29636.055,29815.327,29566.42,29779.131,240,3416
2026-07-02 12:00:00,29779.958,30056.599,29363.654,29423.529,240,3503
2026-07-02 16:00:00,29423.403,29435.425,29087.72,29308.798,240,1257
2026-07-02 20:00:00,29307.664,29388.499,29269.376,29366.619,135,1429
2026-07-03 00:00:00,29365.898,29540.854,29289.608,29534.11,240,3426
2026-07-03 04:00:00,29534.053,29653.889,29529.231,29611.097,240,3430
2026-07-03 08:00:00,29610.675,29674.489,29594.153,29668.299,240,3430
2026-07-03 12:00:00,29667.289,29722.665,29642.31,29673.62,240,3443
2026-07-03 16:00:00,29673.764,29691.919,29658.643,29671.219,59,1450
2026-07-06 00:00:00,29752.331,29771.198,29450.276,29497.643,240,3436
2026-07-06 04:00:00,29497.176,29642.02,29470.186,29618.989,240,3435
2026-07-06 08:00:00,29618.899,29681.176,29535.988,29645.243,240,3432
2026-07-06 12:00:00,29646.165,29837.477,29541.197,29827.142,240,3428
2026-07-06 16:00:00,29827.208,29846.366,29638.631,29711.319,240,1107
2026-07-06 20:00:00,29711.365,29735.849,29602.454,29615.044,135,1167
2026-07-07 00:00:00,29614.154,29676.25,29391.975,29430.642,240,1348
2026-07-07 04:00:00,29431.664,29506.403,29320.827,29408.653,240,1130
2026-07-07 08:00:00,29409.298,29471.577,29354.305,29404.197,240,1419
2026-07-07 12:00:00,29402.986,29478.511,28974.162,29150.622,240,1387
2026-07-07 16:00:00,29150.513,29344.779,29036.853,29159.443,240,1370
2026-07-07 20:00:00,29159.309,29202.709,29061.554,29069.915,135,1074
2026-07-08 00:00:00,29070.04,29326.608,29034.909,29236.325,240,1488
2026-07-08 04:00:00,29236.527,29242.737,29049.531,29150.042,240,1161
2026-07-08 08:00:00,29150.6,29183.564,28677.065,28858.172,240,2342
2026-07-08 12:00:00,28858.27,29174.153,28807.316,28871.95,240,1368
2026-07-08 16:00:00,28872.288,29279.669,28870.385,29234.589,240,1220
2026-07-08 20:00:00,29235.899,29286.825,29179.542,29276.049,135,1141
2026-07-09 00:00:00,29274.175,29365.705,29180.825,29285.187,240,3425
2026-07-09 04:00:00,29285.232,29490.299,29246.65,29463.187,240,2096
2026-07-09 08:00:00,29463.298,29514.12,29347.098,29479.988,240,1657
2026-07-09 12:00:00,29480.172,29713.031,29398.212,29665.765,240,3260
2026-07-09 16:00:00,29666.019,29772.716,29646.2,29727.545,240,1167
2026-07-09 20:00:00,29728.61,29754.55,29692.254,29722.017,135,1163
2026-07-10 00:00:00,29722.399,29751.95,29593.675,29722.105,240,1456
2026-07-10 04:00:00,29723.079,29737.964,29550.686,29563.329,240,1439
2026-07-10 08:00:00,29562.615,29676.117,29507.898,29601.342,240,2214
2026-07-10 12:00:00,29601.621,29781.097,29465.058,29731.919,240,2032
2026-07-10 16:00:00,29732.665,29859.115,29731.367,29823.159,240,1225
2026-07-10 20:00:00,29821.961,29846.453,29816.474,29832.69,15,1141
2026-07-13 00:00:00,29680.208,29829.088,29470.805,29476.25,240,1320
2026-07-13 04:00:00,29476.566,29481.261,29334.831,29440.675,240,1140
2026-07-13 08:00:00,29440.936,29587.381,29436.197,29528.697,240,1248
2026-07-13 12:00:00,29528.794,29546.942,29288.025,29403.131,240,1151
2026-07-13 16:00:00,29403.381,29431.189,29188.621,29260.743,240,1163
2026-07-13 20:00:00,29259.709,29274.381,29122.544,29215.599,135,1196
2026-07-14 00:00:00,29215.447,29335.653,29098.5,29219.0,240,1961
2026-07-14 04:00:00,29219.779,29444.399,29167.12,29368.649,240,1249
2026-07-14 08:00:00,29368.544,29465.25,29342.816,29428.25,240,1560
2026-07-14 12:00:00,29428.164,29715.119,29365.305,29582.108,240,2626
2026-07-14 16:00:00,29584.409,29672.808,29501.276,29585.753,240,932
2026-07-14 20:00:00,29584.264,29699.787,29546.497,29688.242,135,1428
2026-07-15 00:00:00,29693.064,29818.898,29638.097,29812.364,240,1429
2026-07-15 04:00:00,29812.876,29862.032,29728.92,29796.386,240,1437
2026-07-15 08:00:00,29796.119,29797.619,29671.71,29712.476,240,1432
2026-07-15 12:00:00,29711.51,29799.331,29335.42,29380.519,240,1435
2026-07-15 16:00:00,29380.287,29541.542,29196.42,29495.597,240,929
2026-07-15 20:00:00,29495.776,29552.999,29464.297,29495.342,135,1427
2026-07-16 00:00:00,29494.608,29567.289,29398.92,29548.108,240,1429
2026-07-16 04:00:00,29548.076,29600.599,29352.965,29367.253,240,1430
2026-07-16 08:00:00,29367.008,29449.265,29168.987,29251.387,240,1437
2026-07-16 12:00:00,29251.289,29334.932,29065.853,29197.554,240,1432
2026-07-16 16:00:00,29198.332,29201.332,28883.72,29019.431,240,930
2026-07-16 20:00:00,29020.499,29034.564,28872.421,28908.143,135,1444
2026-07-17 00:00:00,28908.189,28935.465,28714.519,28723.154,240,1430
2026-07-17 04:00:00,28722.809,28724.389,28495.808,28498.742,240,1435
2026-07-17 08:00:00,28498.02,28636.51,28362.389,28551.997,240,1431
2026-07-17 12:00:00,28552.065,28770.998,28231.789,28757.099,240,1431
2026-07-17 16:00:00,28756.053,28872.976,28539.842,28582.587,240,930
2026-07-17 20:00:00,28585.319,28585.521,28533.321,28558.553,15,1436
2026-07-20 00:00:00,28694.498,28786.254,28586.321,28720.531,240,1435
2026-07-20 04:00:00,28720.331,28765.042,28589.22,28732.519,240,1436
2026-07-20 08:00:00,28732.989,28931.365,28677.531,28896.031,240,1430
2026-07-20 12:00:00,28895.919,29015.054,28698.375,28874.353,240,1434
2026-07-20 16:00:00,28874.276,28941.808,28595.076,28608.076,240,935
2026-07-20 20:00:00,28610.919,28659.089,28530.454,28609.22,135,1435
2026-07-21 00:00:00,28608.565,28907.086,28536.419,28901.575,240,1432
2026-07-21 04:00:00,28901.564,28989.609,28846.421,28947.598,240,1440
2026-07-21 08:00:00,28946.942,29032.732,28934.265,28982.442,240,1435
2026-07-21 12:00:00,28982.953,29144.589,28894.064,29084.586,240,1442
2026-07-21 16:00:00,29084.421,29187.831,29079.343,29137.097,240,939
2026-07-21 20:00:00,29137.465,29143.832,29083.064,29127.986,135,1429
2026-07-22 00:00:00,29127.786,29166.431,29020.476,29029.432,240,1439
2026-07-22 04:00:00,29029.419,29068.589,28856.365,28886.586,240,1429
2026-07-22 08:00:00,28889.997,29003.119,28848.087,28884.497,240,1432
2026-07-22 12:00:00,28884.586,29173.887,28796.319,29161.798,240,1435
2026-07-22 16:00:00,29161.508,29166.689,28991.597,28997.275,240,930
2026-07-22 20:00:00,28992.008,29080.72,28860.908,28975.943,135,1431
2026-07-23 00:00:00,28979.397,29114.531,28863.619,28944.764,240,1431
2026-07-23 04:00:00,28944.542,29016.009,28755.054,28820.376,240,1433
2026-07-23 08:00:00,28820.91,28970.032,28746.72,28797.786,240,1438
2026-07-23 12:00:00,28797.71,28799.875,28273.064,28428.397,240,1435
2026-07-23 16:00:00,28431.798,28578.589,28324.42,28450.189,240,931
2026-07-23 20:00:00,28451.089,28584.299,28447.721,28524.298,135,1433
2026-07-24 00:00:00,28524.264,28569.219,28326.043,28330.489,240,1429
2026-07-24 04:00:00,28330.675,28507.764,28311.698,28460.399,240,1433
2026-07-24 08:00:00,28459.665,28550.298,28402.053,28524.709,240,1435
2026-07-24 12:00:00,28524.786,28539.865,28099.354,28420.054,240,1439
2026-07-24 16:00:00,28420.786,28474.053,28056.642,28135.31,240,930
2026-07-24 20:00:00,28133.064,28147.264,28104.609,28135.843,15,1434
2026-07-27 00:00:00,28575.087,28578.764,28374.775,28460.309,240,1434
2026-07-27 04:00:00,28462.053,28578.364,28444.687,28508.354,240,1431
2026-07-27 08:00:00,28509.153,28609.589,28493.131,28519.653,240,1434
2026-07-27 12:00:00,28519.598,28546.353,27786.187,27909.264,240,1434
2026-07-27 16:00:00,27909.576,28102.097,27834.31,28039.289,240,932
2026-07-27 20:00:00,28039.808,28076.654,27955.143,28012.308,135,1426
2026-07-28 00:00:00,28012.899,28043.653,27782.775,27896.886,240,1432
2026-07-28 04:00:00,27897.031,27897.031,27687.832,27781.532,240,1431
2026-07-28 08:00:00,27782.031,27899.887,27697.887,27811.376,240,1431
2026-07-28 12:00:00,27810.387,27914.289,27456.176,27897.743,240,1430
2026-07-28 16:00:00,27897.964,27929.897,27761.821,27763.887,240,943
2026-07-28 20:00:00,27767.275,27956.519,27588.697,27954.62,135,1435
2026-07-29 00:00:00,27951.132,28028.599,27554.82,27569.453,240,1433
2026-07-29 04:00:00,27570.298,27814.099,27493.71,27759.409,240,1435
2026-07-29 08:00:00,27759.32,27912.442,27672.454,27855.754,240,1433
2026-07-29 12:00:00,27854.908,27858.998,27322.61,27375.286,240,1434
2026-07-29 16:00:00,27377.209,27954.443,27174.442,27200.164,240,931
2026-07-29 20:00:00,27204.409,27416.898,27063.332,27380.119,135,1431
2026-07-30 00:00:00,27379.675,27554.476,27329.631,27388.898,240,1432
2026-07-30 04:00:00,27389.021,27404.475,27210.509,27252.497,240,1429
2026-07-30 08:00:00,27253.887,27603.089,27196.509,27582.654,240,1441
2026-07-30 12:00:00,27582.564,28107.419,27554.442,27944.199,240,1432
2026-07-30 16:00:00,27943.487,28162.065,27920.053,28107.22,240,931
2026-07-30 20:00:00,28107.819,28318.189,28072.876,28296.097,135,1428
2026-07-31 00:00:00,28295.086,28444.599,28262.453,28331.019,240,1432
2026-07-31 04:00:00,28330.919,28483.619,28295.676,28446.332,240,1429
2026-07-31 08:00:00,28446.289,28512.987,28392.62,28426.187,240,1439
2026-07-31 12:00:00,28426.464,28598.008,27952.075,28146.543,240,1430
2026-07-31 16:00:00,28147.742,28399.689,28118.275,28272.187,240,930
2026-08-03 00:00:00,28486.698,28575.965,28415.821,28548.321,240,1435
2026-08-03 04:00:00,28547.943,28566.531,28436.32,28465.831,240,1436
2026-08-03 08:00:00,28465.419,28478.431,28282.01,28299.175,240,1434
2026-08-03 12:00:00,28298.087,28685.164,28192.031,28664.81,240,1431
2026-08-03 16:00:00,28664.81,28838.789,28663.232,28774.343,240,929
2026-08-03 20:00:00,28774.108,28848.799,28753.299,28848.032,135,1429
2026-08-04 00:00:00,28846.854,28924.608,28708.799,28872.31,240,1433
2026-08-04 04:00:00,28872.699,28994.621,28845.51,28948.408,240,1436
2026-08-04 08:00:00,28948.509,29122.486,28884.632,29114.432,240,1437
2026-08-04 12:00:00,29114.186,29570.965,29065.465,29547.487,240,1428
2026-08-04 16:00:00,29547.031,29828.043,29537.51,29736.132,240,935
2026-08-04 20:00:00,29736.076,29820.889,29652.487,29709.931,135,1427
2026-08-05 00:00:00,29709.842,29768.299,29673.019,29764.065,240,1430
2026-08-05 04:00:00,29764.031,29864.553,29734.419,29777.953,240,1430
2026-08-05 08:00:00,29777.864,29817.597,29673.386,29794.108,240,1437
2026-08-05 12:00:00,29794.165,29947.189,29589.176,29613.186,240,1430
2026-08-05 16:00:00,29613.386,29714.197,29469.486,29481.91,240,935
2026-08-05 20:00:00,29479.821,29555.375,29407.008,29460.143,135,1434
2026-08-06 00:00:00,29460.975,29497.789,29331.81,29458.187,240,1430
2026-08-06 04:00:00,29458.52,29477.408,29362.376,29383.621,240,1430
2026-08-06 08:00:00,29385.509,29411.075,29242.531,29343.886,240,1440
2026-08-06 12:00:00,29343.854,29569.299,29119.086,29399.064,240,1433
2026-08-06 16:00:00,29398.532,29458.719,29332.254,29377.676,240,929
2026-08-06 20:00:00,29377.098,29490.631,29377.098,29482.853,135,1427
2026-08-07 00:00:00,29482.498,29506.908,29364.865,29376.01,240,1434
2026-08-07 04:00:00,29376.154,29480.689,29344.32,29471.81,240,1433
2026-08-07 08:00:00,29472.153,29557.51,29472.031,29502.699,240,1431
2026-08-07 12:00:00,29502.321,29754.675,29454.531,29700.899,240,1431
2026-08-07 16:00:00,29700.743,29747.032,29556.486,29715.298,240,938
2026-08-07 20:00:00,29715.91,29736.743,29691.953,29706.565,15,1437
2026-08-10 00:00:00,29717.289,29791.842,29676.52,29765.276,240,1434
2026-08-10 04:00:00,29765.786,29870.699,29752.099,29840.189,240,1437
2026-08-10 08:00:00,29840.087,29870.586,29733.253,29758.599,240,1431
2026-08-10 12:00:00,29758.421,29787.842,29606.842,29732.309,240,1429
2026-08-10 16:00:00,29732.008,29746.199,29609.575,29629.853,240,932
2026-08-10 20:00:00,29629.619,29677.008,29567.289,29592.664,135,1428
2026-08-11 00:00:00,29591.076,29736.519,29556.465,29721.021,240,1434
2026-08-11 04:00:00,29722.189,29750.564,29617.609,29663.332,240,1429
2026-08-11 08:00:00,29663.789,29775.643,29607.431,29721.365,240,1434
2026-08-11 12:00:00,29721.197,29760.189,29527.089,29555.099,240,1431
2026-08-11 16:00:00,29554.909,29573.042,29427.021,29527.431,240,936
2026-08-11 20:00:00,29533.453,29558.999,29506.987,29556.153,135,1431
2026-08-12 00:00:00,29555.999,29604.176,29520.465,29589.198,240,1429
2026-08-12 04:00:00,29588.999,29648.864,29562.942,29645.509,240,1430
2026-08-12 08:00:00,29645.797,29742.776,29642.41,29739.91,240,1435
2026-08-12 12:00:00,29739.92,29895.389,29694.31,29726.265,240,1433
2026-08-12 16:00:00,29727.599,29822.686,29720.743,29749.431,240,934
2026-08-12 20:00:00,29749.153,29799.875,29677.62,29701.389,135,1439
2026-08-13 00:00:00,29701.42,29776.699,29693.208,29775.165,240,1428
2026-08-13 04:00:00,29774.709,29820.119,29741.831,29755.687,240,1433
2026-08-13 08:00:00,29756.043,29791.399,29718.02,29765.187,240,1431
2026-08-13 12:00:00,29765.709,30161.143,29709.686,30009.689,240,1430
2026-08-13 16:00:00,30009.331,30166.92,30008.675,30089.097,240,936
2026-08-13 20:00:00,30089.799,30127.586,30041.686,30105.198,135,1431
2026-08-14 00:00:00,30105.364,30134.099,30026.653,30054.876,240,1436
2026-08-14 04:00:00,30054.598,30105.289,30030.02,30096.332,240,1446
2026-08-14 08:00:00,30096.565,30169.708,30089.431,30166.421,240,1437
2026-08-14 12:00:00,30167.164,30183.943,29935.121,29971.632,240,1438
2026-08-14 16:00:00,29972.409,30050.121,29953.653,30047.042,240,930
2026-08-14 20:00:00,30047.875,30055.608,30033.832,30035.521,15,1434
2026-08-17 00:00:00,30114.809,30151.399,30090.61,30151.121,240,1436
2026-08-17 04:00:00,30151.089,30236.265,30135.609,30217.586,240,1428
2026-08-17 08:00:00,30217.232,30244.489,30172.364,30191.131,240,1438
2026-08-17 12:00:00,30191.319,30193.419,30063.321,30145.119,240,1434
2026-08-17 16:00:00,30144.843,30148.821,29972.243,29996.586,240,933
2026-08-17 20:00:00,29997.542,30007.689,29970.031,30001.997,135,1427
2026-08-18 00:00:00,30000.487,30028.108,29760.931,29800.989,240,1439
2026-08-18 04:00:00,29800.498,29834.699,29693.321,29717.832,240,1435
2026-08-18 08:00:00,29719.587,29721.52,29594.92,29655.31,240,1432
2026-08-18 12:00:00,29655.231,29692.932,29426.243,29548.275,240,1433
2026-08-18 16:00:00,29549.599,29582.489,29459.189,29493.865,240,929
2026-08-18 20:00:00,29493.354,29506.787,29427.608,29440.232,135,1424
2026-08-19 00:00:00,29440.809,29521.899,29362.51,29437.943,240,1432
2026-08-19 04:00:00,29437.932,29518.697,29343.219,29512.797,240,1430
2026-08-19 08:00:00,29513.031,29552.721,29419.732,29447.731,240,1436
2026-08-19 12:00:00,29447.021,29669.119,29288.764,29518.975,240,1436
2026-08-19 16:00:00,29518.054,29579.199,29397.619,29427.565,240,932
2026-08-19 20:00:00,29427.931,29595.286,29425.02,29537.264,135,1427
2026-08-20 00:00:00,29534.753,29591.197,29489.631,29525.253,240,1431
2026-08-20 04:00:00,29524.898,29593.354,29495.599,29501.743,240,1431
2026-08-20 08:00:00,29501.32,29512.12,29256.331,29268.254,240,1432
2026-08-20 12:00:00,29268.108,29380.365,29149.22,29242.819,240,1433
2026-08-20 16:00:00,29242.897,29301.689,29115.42,29209.031,240,929
2026-08-20 20:00:00,29208.92,29258.808,29189.81,29211.019,135,1426
2026-08-21 00:00:00,29210.797,29316.253,29208.72,29269.776,240,1439
2026-08-21 04:00:00,29271.11,29373.61,29238.631,29363.799,240,1431
2026-08-21 08:00:00,29364.189,29456.108,29308.154,29416.753,240,1430
2026-08-21 12:00:00,29416.786,29449.509,29140.054,29365.564,240,1439
2026-08-21 16:00:00,29364.297,29372.286,29275.409,29317.321,240,930
2026-08-21 20:00:00,29318.498,29318.498,29293.087,29302.843,15,1429
2026-08-24 00:00:00,29388.608,29395.165,29187.476,29194.754,240,1435
2026-08-24 04:00:00,29195.632,29226.289,29048.798,29069.064,240,1443
2026-08-24 08:00:00,29072.554,29206.465,29040.209,29170.265,240,1431
2026-08-24 12:00:00,29170.186,29170.186,28872.976,29093.554,240,1430
2026-08-24 16:00:00,29093.709,29157.375,29019.175,29021.587,240,932
2026-08-24 20:00:00,29022.054,29073.319,28997.108,29020.719,135,1427
2026-08-25 00:00:00,29019.332,29114.409,28942.22,29089.164,240,1427
2026-08-25 04:00:00,29089.389,29214.764,29084.064,29157.553,240,1431
2026-08-25 08:00:00,29157.821,29340.143,29137.52,29297.843,240,1434
2026-08-25 12:00:00,29296.197,29342.789,29092.787,29191.908,240,1431
2026-08-25 16:00:00,29191.698,29228.265,29131.653,29200.832,240,935
2026-08-25 20:00:00,29200.997,29241.219,29139.142,29143.075,135,1431
2026-08-26 00:00:00,29141.343,29206.997,29028.454,29196.865,240,1434
2026-08-26 04:00:00,29196.976,29213.519,29118.697,29144.565,240,1439
2026-08-26 08:00:00,29144.575,29210.208,29118.664,29150.987,240,1428
2026-08-26 12:00:00,29152.665,29265.697,29066.487,29150.919,240,1433
2026-08-26 16:00:00,29150.586,29301.364,29103.61,29231.586,240,930
2026-08-26 20:00:00,29233.519,29588.799,29218.576,29582.998,135,1428
2026-08-27 00:00:00,29584.108,29589.875,29368.52,29474.119,240,1432
2026-08-27 04:00:00,29473.998,29486.854,29338.321,29473.642,240,1430
2026-08-27 08:00:00,29473.909,29596.41,29450.842,29494.099,240,1429
2026-08-27 12:00:00,29493.653,29569.921,29360.965,29533.519,240,1434
2026-08-27 16:00:00,29532.887,29640.12,29463.289,29635.509,240,942
2026-08-27 20:00:00,29633.442,29643.342,29534.798,29543.21,135,1432
2026-08-28 00:00:00,29544.409,29648.519,29536.819,29610.519,240,1434
2026-08-28 04:00:00,29610.843,29613.199,29536.175,29549.443,240,1439
2026-08-28 08:00:00,29548.953,29581.876,29520.843,29544.842,240,1437
2026-08-28 12:00:00,29544.753,29756.587,29451.943,29496.865,240,1429
2026-08-28 16:00:00,29496.576,29535.531,29381.164,29436.098,240,938
2026-08-28 20:00:00,29435.586,29451.709,29422.321,29432.009,15,1442
2026-08-31 00:00:00,29236.831,29344.598,29220.197,29298.032,240,1437
2026-08-31 04:00:00,29298.086,29474.198,29280.531,29454.809,240,1441
2026-08-31 08:00:00,29455.108,29481.098,29372.276,29375.71,240,1431
2026-08-31 12:00:00,29375.375,29462.789,29302.153,29335.209,240,1434
2026-08-31 16:00:00,29335.619,29486.309,29309.865,29449.165,240,940
2026-08-31 20:00:00,29451.754,29475.399,29437.087,29450.442,135,1426
2026-09-01 00:00:00,29451.02,29471.032,29386.221,29436.798,240,1434
2026-09-01 04:00:00,29436.689,29520.775,29381.743,29386.154,240,1432
2026-09-01 08:00:00,29386.486,29398.899,29117.754,29122.009,240,1435
2026-09-01 12:00:00,29122.276,29268.419,28993.219,29247.397,240,1430
2026-09-01 16:00:00,29247.386,29251.865,28953.687,29077.732,240,931
2026-09-01 20:00:00,29077.631,29108.454,29056.21,29087.975,135,1442
2026-09-02 00:00:00,29088.31,29123.32,28998.832,29000.92,240,1441
2026-09-02 04:00:00,29001.464,29074.331,28970.508,29015.721,240,1434
2026-09-02 08:00:00,29017.431,29050.965,28881.309,29037.943,240,1434
2026-09-02 12:00:00,29037.254,29165.698,28971.809,29139.308,240,1429
2026-09-02 16:00:00,29139.389,29152.164,29079.798,29144.308,240,932
2026-09-02 20:00:00,29144.631,29167.364,29103.443,29155.486,135,1431
2026-09-03 00:00:00,29155.242,29195.076,29088.097,29190.821,240,1437
2026-09-03 04:00:00,29190.565,29209.289,29030.853,29174.321,240,1433
2026-09-03 08:00:00,29174.599,29246.819,29056.742,29059.609,233,1435
2026-09-03 12:00:00,29062.064,29497.132,29058.365,29493.654,240,1431
2026-09-03 16:00:00,29493.264,29539.299,29431.343,29485.965,240,928
2026-09-03 20:00:00,29486.508,29490.799,29440.298,29461.787,135,1428
2026-09-04 00:00:00,29459.889,29536.389,29454.331,29528.143,240,1433
2026-09-04 04:00:00,29528.275,29616.064,29514.743,29610.898,240,1431
2026-09-04 08:00:00,29610.653,29660.054,29574.342,29639.653,240,1429
2026-09-04 12:00:00,29639.819,29653.989,29441.732,29477.62,240,1439
2026-09-04 16:00:00,29477.343,29558.389,29431.331,29532.475,240,929
2026-09-04 20:00:00,29532.921,29532.921,29491.753,29503.375,15,1424
2026-09-07 00:00:00,29521.776,29587.243,29497.509,29551.221,240,1436
2026-09-07 04:00:00,29551.465,29648.165,29535.453,29623.11,240,1431
2026-09-07 08:00:00,29622.798,29629.019,29500.41,29509.432,240,1430
2026-09-07 12:00:00,29509.431,29610.099,29501.132,29556.186,240,1428
2026-09-07 16:00:00,29557.821,29578.499,29554.331,29571.253,59,934
2026-09-07 20:00:00,29579.997,29580.889,29492.008,29551.519,120,1431
2026-09-08 00:00:00,29550.62,29713.999,29542.042,29709.442,240,1437
2026-09-08 04:00:00,29709.799,29731.489,29497.032,29501.942,240,1431
2026-09-08 08:00:00,29501.776,29611.91,29445.921,29567.709,240,1430
2026-09-08 12:00:00,29567.71,29652.987,29392.232,29574.198,240,1429
2026-09-08 16:00:00,29574.789,29611.42,29468.22,29514.019,240,933
2026-09-08 20:00:00,29514.598,29521.987,29464.286,29474.475,135,1429
2026-09-09 00:00:00,29474.154,29599.489,29473.209,29536.22,240,1430
2026-09-09 04:00:00,29536.086,29607.954,29523.265,29563.008,240,1429
2026-09-09 08:00:00,29563.654,29583.508,29344.054,29370.299,240,1432
2026-09-09 12:00:00,29371.298,29567.053,29307.586,29421.599,240,1428
2026-09-09 16:00:00,29421.654,29457.199,29360.621,29427.009,240,931
2026-09-09 20:00:00,29427.042,29446.943,29390.675,29437.987,135,1446
2026-09-10 00:00:00,29437.719,29454.108,29338.721,29401.797,240,1430
2026-09-10 04:00:00,29401.91,29482.521,29392.042,29418.142,240,1447
2026-09-10 08:00:00,29418.276,29433.942,29238.253,29238.253,240,1428
2026-09-10 12:00:00,29238.109,29252.765,29017.921,29178.032,240,1437
2026-09-10 16:00:00,29178.943,29238.71,29095.989,29108.389,240,928
2026-09-10 20:00:00,29109.554,29137.41,29042.921,29044.687,135,1430
2026-09-11 00:00:00,29045.153,29150.598,29028.854,29039.597,240,1431
2026-09-11 04:00:00,29039.32,29248.089,29021.408,29222.164,240,1429
2026-09-11 08:00:00,29222.419,29319.487,29204.998,29303.51,234,1429
2026-09-11 12:00:00,29303.408,29479.62,29219.52,29428.289,240,1430
2026-09-11 16:00:00,29427.875,29462.709,29358.587,29363.932,240,930
2026-09-11 20:00:00,29364.598,29370.589,29353.831,29358.831,15,1433
2026-09-14 00:00:00,28996.089,29060.875,28980.31,28996.975,240,1434
2026-09-14 04:00:00,28997.099,29016.42,28886.431,28897.598,240,1431
2026-09-14 08:00:00,28898.099,28957.789,28796.653,28909.554,240,1431
2026-09-14 12:00:00,28909.343,29201.342,28810.01,29168.464,240,1436
2026-09-14 16:00:00,29168.698,29286.399,29125.489,29130.486,240,935
2026-09-14 20:00:00,29130.442,29162.219,29127.686,29140.253,135,1443
2026-09-15 00:00:00,29140.954,29178.265,29098.72,29099.464,240,1434
2026-09-15 04:00:00,29099.297,29115.954,28983.41,29000.499,240,1431
2026-09-15 08:00:00,29000.11,29110.443,28914.865,29099.831,240,1429
2026-09-15 12:00:00,29099.798,29167.731,28910.042,28971.899,240,1432
2026-09-15 16:00:00,28972.143,28997.808,28903.765,28943.742,240,931
2026-09-15 20:00:00,28945.254,28984.499,28945.254,28975.008,135,1426
2026-09-16 00:00:00,28974.953,29051.609,28922.119,29025.521,240,1429
2026-09-16 04:00:00,29025.809,29093.776,28981.832,29063.808,240,1440
2026-09-16 08:00:00,29064.608,29114.498,29021.931,29112.354,240,1430
2026-09-16 12:00:00,29111.82,29240.299,29060.253,29190.908,240,1435
2026-09-16 16:00:00,29191.699,29229.421,28744.475,28947.431,240,940
2026-09-16 20:00:00,28946.432,29150.409,28939.031,29145.419,135,1427
2026-09-17 00:00:00,29143.543,29170.286,29100.308,29154.287,240,1431
2026-09-17 04:00:00,29157.398,29260.989,29062.821,29211.832,240,1437
2026-09-17 08:00:00,29212.031,29316.575,29179.221,29315.375,240,1435
2026-09-17 12:00:00,29313.954,29447.097,29289.92,29437.499,240,1429
2026-09-17 16:00:00,29437.019,29486.764,29398.254,29425.821,240,932
2026-09-17 20:00:00,29428.22,29441.086,29376.731,29398.908,135,1433
2026-09-18 00:00:00,29399.032,29466.799,29350.897,29456.91,240,1438
2026-09-18 04:00:00,29457.619,29669.099,29457.22,29631.721,240,1437
2026-09-18 08:00:00,29629.509,29646.489,29526.909,29541.289,240,1435
2026-09-18 12:00:00,29543.364,29554.589,29403.765,29419.365,240,1433
2026-09-18 16:00:00,29419.331,29648.599,29370.531,29627.153,240,929
2026-09-18 20:00:00,29627.897,29703.689,29623.976,29681.153,15,1429
2026-09-21 00:00:00,29740.531,29839.154,29729.319,29799.297,240,1476
2026-09-21 04:00:00,29799.042,29899.531,29782.432,29890.486,240,1471
2026-09-21 08:00:00,29889.764,29977.02,29884.243,29958.608,240,1473
2026-09-21 12:00:00,29959.042,30340.21,29914.131,30311.676,240,1473
2026-09-21 16:00:00,30311.642,30554.808,30303.12,30477.086,240,970
2026-09-21 20:00:00,30477.065,30551.476,30456.321,30546.865,135,1470
2026-09-22 00:00:00,30547.508,30611.343,30545.32,30568.109,240,1472
2026-09-22 04:00:00,30567.776,30570.464,30456.554,30465.364,240,1472
2026-09-22 08:00:00,30465.097,30545.286,30365.975,30471.398,240,1471
2026-09-22 12:00:00,30471.508,30696.965,30442.953,30610.964,240,1475
2026-09-22 16:00:00,30611.243,30765.809,30589.786,30729.921,240,970
2026-09-22 20:00:00,30731.831,30772.743,30713.242,30767.831,135,1471
2026-09-23 00:00:00,30767.065,30768.365,30686.076,30715.787,240,1472
2026-09-23 04:00:00,30715.842,30797.01,30713.575,30736.942,240,1472
2026-09-23 08:00:00,30736.853,30753.909,30613.897,30661.765,240,1471
2026-09-23 12:00:00,30661.587,30714.909,30348.32,30451.708,240,1472
2026-09-23 16:00:00,30451.82,30487.387,30351.732,30478.32,240,971
2026-09-23 20:00:00,30481.242,30518.71,30453.654,30458.943,135,1473
2026-09-24 00:00:00,30458.986,30466.209,30394.097,30412.71,240,1474
2026-09-24 04:00:00,30412.564,30421.253,30219.265,30265.097,240,1472
2026-09-24 08:00:00,30264.497,30295.054,30076.921,30168.609,240,1471
2026-09-24 12:00:00,30166.653,30348.01,30126.554,30263.298,240,1472
2026-09-24 16:00:00,30262.764,30535.742,30215.686,30465.72,240,972
2026-09-24 20:00:00,30465.865,30476.008,30400.953,30404.808,135,1468
2026-09-25 00:00:00,30403.965,30530.797,30398.898,30508.087,240,1471
2026-09-25 04:00:00,30507.786,30621.31,30483.81,30584.842,240,1471
2026-09-25 08:00:00,30583.931,30711.731,30554.565,30677.475,240,1472
2026-09-25 12:00:00,30677.475,30694.71,30407.61,30578.353,240,1473
2026-09-25 16:00:00,30578.009,30672.154,30561.209,30610.965,240,978
2026-09-25 20:00:00,30611.42,30623.598,30600.954,30611.464,15,1472
2026-09-28 00:00:00,30571.308,30620.408,30364.131,30370.52,240,1474
2026-09-28 04:00:00,30370.587,30427.687,30294.531,30333.208,240,1471
2026-09-28 08:00:00,30330.754,30371.086,30258.631,30362.11,240,1473
2026-09-28 12:00:00,30360.742,30481.186,30080.843,30246.719,240,1475
2026-09-28 16:00:00,30246.398,30444.975,30222.976,30282.821,240,976
2026-09-28 20:00:00,30282.898,30335.698,30258.198,30299.354,135,1473
2026-09-29 00:00:00,30299.386,30326.798,30134.12,30164.697,240,1472
2026-09-29 04:00:00,30164.343,30346.71,30093.231,30300.91,240,1474
2026-09-29 08:00:00,30301.664,30427.787,30258.72,30402.664,240,1471
2026-09-29 12:00:00,30402.798,30445.375,30256.42,30311.964,240,1473
2026-09-29 16:00:00,30312.009,30384.097,30229.086,30333.919,240,971
2026-09-29 20:00:00,30333.942,30439.408,30329.975,30438.398,135,1471
2026-09-30 00:00:00,30438.254,30462.242,30297.731,30365.564,240,1472
2026-09-30 04:00:00,30365.264,30418.065,30266.11,30415.386,240,1471
2026-09-30 08:00:00,30412.832,30432.832,30238.031,30316.287,240,1471
2026-09-30 12:00:00,30315.331,30634.442,30263.81,30608.743,240,1472
2026-09-30 16:00:00,30608.319,30625.797,30411.231,30414.775,240,971
2026-09-30 20:00:00,30415.008,30565.031,30366.576,30550.808,135,1469
2026-10-01 00:00:00,30550.453,30664.886,30457.098,30661.553,240,1471
2026-10-01 04:00:00,30661.342,30882.109,30529.375,30584.975,240,1474
2026-10-01 08:00:00,30585.02,30681.376,30489.408,30613.231,240,1471
2026-10-01 12:00:00,30613.376,30621.509,30265.742,30348.62,240,1475
2026-10-01 16:00:00,30349.165,30620.419,30293.376,30510.542,240,972
2026-10-01 20:00:00,30510.119,30598.153,30505.898,30583.753,135,1470
2026-10-02 00:00:00,30582.41,30663.486,30534.92,30626.242,240,1473
2026-10-02 04:00:00,30626.364,30733.419,30584.442,30717.853,240,1471
2026-10-02 08:00:00,30714.342,30778.853,30657.287,30679.432,240,1473
2026-10-02 12:00:00,30678.22,31022.365,30663.12,30841.397,240,1498
2026-10-02 16:00:00,30841.82,30871.908,30736.897,30812.675,240,973
2026-10-02 20:00:00,30815.854,30838.886,30809.131,30831.187,15,1472
2026-10-05 00:00:00,30893.387,30969.397,30821.019,30827.032,240,1473
2026-10-05 04:00:00,30827.175,30838.619,30752.109,30808.12,240,1473
2026-10-05 08:00:00,30808.364,30847.019,30708.398,30770.887,240,1472
2026-10-05 12:00:00,30771.097,31002.321,30713.942,30983.821,240,1474
2026-10-05 16:00:00,30983.721,31119.386,30948.632,31076.31,240,971
2026-10-05 20:00:00,31079.687,31128.821,31065.919,31099.343,135,1476
2026-10-06 00:00:00,31099.675,31161.186,31059.442,31099.321,240,1474
2026-10-06 04:00:00,31099.453,31149.387,31083.498,31130.876,240,1471
2026-10-06 08:00:00,31130.753,31285.476,31111.476,31259.498,240,1472
2026-10-06 12:00:00,31259.232,31364.919,31206.008,31318.01,240,1475
2026-10-06 16:00:00,31318.12,31322.164,31215.421,31228.032,240,971
2026-10-06 20:00:00,31228.421,31269.31,31224.476,31236.154,135,1474
2026-10-07 00:00:00,31235.019,31265.264,31180.41,31225.376,240,1479
2026-10-07 04:00:00,31225.287,31241.965,31150.397,31178.743,240,1473
2026-10-07 08:00:00,31179.019,31195.953,30967.175,31016.509,240,1471
2026-10-07 12:00:00,31015.721,31130.265,30902.153,31095.776,240,1478
2026-10-07 16:00:00,31095.554,31169.109,31071.297,31150.331,240,973
2026-10-07 20:00:00,31149.209,31214.687,31146.264,31186.443,135,1471
2026-10-08 00:00:00,31185.386,31221.965,31106.142,31108.31,240,1471
2026-10-08 04:00:00,31108.264,31167.387,30953.431,30980.732,240,1472
2026-10-08 08:00:00,30982.687,31046.298,30876.332,30942.297,240,1476
2026-10-08 12:00:00,30942.908,31125.921,30914.309,30949.919,240,1473
2026-10-08 16:00:00,30950.176,31043.776,30551.921,30734.22,240,975
2026-10-08 20:00:00,30734.432,30839.343,30734.432,30750.132,135,1471
2026-10-09 00:00:00,30747.965,30888.321,30720.62,30883.21,240,1472
2026-10-09 04:00:00,30883.186,31005.831,30864.964,30991.019,240,1478
2026-10-09 08:00:00,30990.786,31033.443,30946.009,31002.797,240,1472
2026-10-09 12:00:00,31002.921,31020.019,30763.042,30834.331,240,1472
