Datetime,Open,High,Low,Close,Volume,Spread
2021-10-10 20:00:00,1757.145,1758.125,1750.995,1753.878,120,623
2021-10-11 00:00:00,1753.885,1760.878,1753.758,1755.325,240,368
2021-10-11 04:00:00,1755.325,1757.658,1753.338,1757.068,240,331
2021-10-11 08:00:00,1757.068,1757.083,1752.208,1754.758,240,324
2021-10-11 12:00:00,1754.765,1760.088,1750.068,1757.405,240,351
2021-10-11 16:00:00,1757.405,1757.635,1753.178,1753.308,240,334
2021-10-11 20:00:00,1753.188,1754.478,1752.428,1753.198,180,365
2021-10-12 00:00:00,1753.378,1758.888,1750.658,1758.218,240,379
2021-10-12 04:00:00,1758.318,1762.528,1756.398,1756.668,240,363
2021-10-12 08:00:00,1756.748,1764.898,1756.37,1761.848,240,326
2021-10-12 12:00:00,1761.763,1769.238,1753.865,1760.708,240,356
2021-10-12 16:00:00,1760.708,1761.848,1757.848,1761.245,240,335
2021-10-12 20:00:00,1761.178,1761.368,1759.418,1760.298,180,327
2021-10-13 00:00:00,1760.298,1762.908,1759.395,1761.948,240,331
2021-10-13 04:00:00,1761.928,1765.648,1760.638,1764.975,240,329
2021-10-13 08:00:00,1764.965,1774.348,1764.905,1773.473,240,328
2021-10-13 12:00:00,1773.518,1796.064,1757.829,1794.408,240,361
2021-10-13 16:00:00,1794.408,1795.468,1790.554,1791.778,240,324
2021-10-13 20:00:00,1791.844,1793.648,1791.578,1791.638,180,343
2021-10-14 00:00:00,1791.608,1793.738,1786.598,1788.538,240,337
2021-10-14 04:00:00,1788.508,1794.934,1788.198,1793.858,240,334
2021-10-14 08:00:00,1793.858,1800.458,1793.664,1795.588,240,302
2021-10-14 12:00:00,1795.568,1799.578,1793.704,1798.198,240,340
2021-10-14 16:00:00,1798.208,1799.114,1795.784,1796.494,240,315
2021-10-14 20:00:00,1796.494,1797.074,1794.768,1795.288,178,366
2021-10-15 00:00:00,1795.298,1796.378,1793.738,1794.988,240,344
2021-10-15 04:00:00,1794.998,1795.214,1785.374,1786.658,240,332
2021-10-15 08:00:00,1786.638,1789.868,1777.508,1778.228,240,331
2021-10-15 12:00:00,1778.275,1778.954,1764.748,1768.374,240,338
2021-10-15 16:00:00,1768.242,1769.328,1766.434,1768.238,240,327
2021-10-15 20:00:00,1768.258,1768.424,1766.594,1766.658,60,347
2021-10-17 20:00:00,1766.573,1771.964,1764.754,1770.874,120,520
2021-10-18 00:00:00,1770.894,1772.008,1767.224,1767.643,240,336
2021-10-18 04:00:00,1767.644,1769.374,1761.808,1764.308,240,316
2021-10-18 08:00:00,1764.288,1766.808,1760.184,1762.964,240,296
2021-10-18 12:00:00,1762.968,1771.114,1761.484,1767.698,240,319
2021-10-18 16:00:00,1767.698,1767.788,1763.804,1764.058,240,323
2021-10-18 20:00:00,1764.058,1764.988,1762.854,1763.884,177,333
2021-10-19 00:00:00,1763.885,1774.904,1763.188,1774.664,240,323
2021-10-19 04:00:00,1774.665,1782.764,1773.654,1781.358,240,312
2021-10-19 08:00:00,1781.358,1782.858,1775.788,1780.414,240,316
2021-10-19 12:00:00,1780.388,1785.038,1769.364,1771.105,240,344
2021-10-19 16:00:00,1771.105,1771.374,1767.038,1770.038,240,304
2021-10-19 20:00:00,1770.068,1770.088,1768.124,1768.598,180,339
2021-10-20 00:00:00,1768.598,1774.518,1766.744,1773.978,240,333
2021-10-20 04:00:00,1773.984,1777.928,1773.218,1776.588,240,355
2021-10-20 08:00:00,1776.588,1781.708,1776.388,1779.494,240,314
2021-10-20 12:00:00,1779.514,1788.368,1774.748,1783.464,240,313
2021-10-20 16:00:00,1783.454,1787.478,1782.914,1785.224,240,309
2021-10-20 20:00:00,1785.218,1785.728,1780.758,1781.368,180,319
2021-10-21 00:00:00,1781.348,1789.368,1781.118,1786.286,240,339
2021-10-21 04:00:00,1786.286,1787.484,1780.738,1782.518,240,335
2021-10-21 08:00:00,1782.598,1787.854,1777.392,1778.274,240,308
2021-10-21 12:00:00,1778.284,1785.978,1776.374,1782.444,240,352
2021-10-21 16:00:00,1782.444,1784.848,1778.434,1783.878,240,293
2021-10-21 20:00:00,1783.888,1786.048,1781.968,1784.564,180,326
2021-10-22 00:00:00,1784.484,1787.998,1783.424,1787.008,240,348
2021-10-22 04:00:00,1787.028,1794.418,1785.978,1793.118,240,324
2021-10-22 08:00:00,1793.094,1794.978,1790.414,1792.298,240,301
2021-10-22 12:00:00,1792.298,1813.748,1782.788,1785.744,240,302
2021-10-22 16:00:00,1785.738,1798.478,1784.388,1794.098,240,356
2021-10-22 20:00:00,1794.088,1794.214,1791.628,1791.628,60,358
2021-10-24 20:00:00,1792.473,1794.358,1792.168,1794.308,120,541
2021-10-25 00:00:00,1794.378,1799.014,1792.164,1798.338,240,354
2021-10-25 04:00:00,1798.338,1800.974,1795.938,1798.938,240,305
2021-10-25 08:00:00,1798.968,1803.568,1798.414,1801.694,240,351
2021-10-25 12:00:00,1801.654,1809.974,1800.388,1808.038,240,318
2021-10-25 16:00:00,1808.038,1808.634,1804.974,1806.648,240,315
2021-10-25 20:00:00,1806.678,1808.218,1806.288,1807.778,179,328
2021-10-26 00:00:00,1807.758,1807.868,1802.618,1803.134,240,340
2021-10-26 04:00:00,1803.134,1806.448,1800.048,1800.508,240,327
2021-10-26 08:00:00,1800.548,1804.288,1799.832,1802.874,240,328
2021-10-26 12:00:00,1802.834,1804.518,1782.288,1789.768,240,319
2021-10-26 16:00:00,1789.768,1794.978,1789.738,1793.364,240,309
2021-10-26 20:00:00,1793.318,1794.214,1791.818,1793.468,180,337
2021-10-27 00:00:00,1793.478,1794.288,1787.058,1789.048,240,353
2021-10-27 04:00:00,1789.048,1791.558,1785.308,1787.448,240,324
2021-10-27 08:00:00,1787.458,1791.828,1783.374,1791.098,240,313
2021-10-27 12:00:00,1791.134,1798.114,1784.668,1794.404,240,349
2021-10-27 16:00:00,1794.398,1798.978,1793.824,1798.214,240,352
2021-10-27 20:00:00,1798.098,1798.298,1795.908,1796.518,180,342
2021-10-28 00:00:00,1796.488,1803.128,1794.014,1798.678,240,351
2021-10-28 04:00:00,1798.674,1804.038,1798.414,1801.898,240,324
2021-10-28 08:00:00,1801.878,1803.438,1795.648,1801.854,240,303
2021-10-28 12:00:00,1801.844,1810.344,1792.198,1800.988,240,368
2021-10-28 16:00:00,1800.988,1803.278,1797.848,1798.188,240,318
2021-10-28 20:00:00,1798.158,1801.068,1797.544,1799.484,180,382
2021-10-29 00:00:00,1799.484,1799.864,1794.998,1796.848,240,398
2021-10-29 04:00:00,1796.844,1798.114,1792.878,1795.458,240,343
2021-10-29 08:00:00,1795.458,1799.062,1790.798,1792.978,240,336
2021-10-29 12:00:00,1792.978,1793.384,1771.848,1778.018,240,312
2021-10-29 16:00:00,1778.038,1783.594,1777.198,1782.658,240,304
2021-10-29 20:00:00,1782.628,1783.384,1782.204,1782.988,60,407
2021-10-31 20:00:00,1783.028,1783.582,1778.998,1779.958,120,563
2021-11-01 00:00:00,1779.948,1787.258,1779.928,1784.298,240,340
2021-11-01 04:00:00,1784.288,1787.658,1781.128,1781.718,240,328
2021-11-01 08:00:00,1781.668,1788.088,1780.884,1786.508,240,327
2021-11-01 12:00:00,1786.498,1795.738,1785.538,1792.938,240,308
2021-11-01 16:00:00,1792.978,1794.998,1789.658,1792.518,240,324
2021-11-01 20:00:00,1792.518,1793.488,1791.318,1791.978,180,380
2021-11-02 00:00:00,1792.067,1792.538,1789.158,1791.068,240,329
2021-11-02 04:00:00,1791.058,1796.288,1790.868,1794.064,240,344
2021-11-02 08:00:00,1794.004,1795.498,1788.138,1789.938,240,317
2021-11-02 12:00:00,1789.968,1794.484,1786.278,1788.744,240,335
2021-11-02 16:00:00,1788.744,1789.628,1786.254,1788.234,240,322
2021-11-02 20:00:00,1788.234,1788.264,1786.578,1787.038,180,323
2021-11-03 00:00:00,1787.015,1787.508,1779.168,1783.118,240,330
2021-11-03 04:00:00,1783.108,1783.258,1778.138,1781.568,240,313
2021-11-03 08:00:00,1781.568,1785.468,1780.398,1784.574,240,310
2021-11-03 12:00:00,1784.574,1785.548,1758.644,1763.458,240,332
2021-11-03 16:00:00,1763.458,1775.004,1761.233,1773.337,240,335
2021-11-03 20:00:00,1773.338,1777.284,1768.734,1777.164,180,385
2021-11-04 00:00:00,1777.164,1778.178,1773.348,1775.004,240,387
2021-11-04 04:00:00,1775.004,1775.908,1770.664,1774.628,240,335
2021-11-04 08:00:00,1774.63,1782.064,1772.164,1780.748,240,320
2021-11-04 12:00:00,1780.784,1798.804,1778.994,1792.148,240,368
2021-11-04 16:00:00,1792.184,1794.034,1790.794,1793.708,240,320
2021-11-04 20:00:00,1793.704,1793.794,1790.318,1791.214,180,403
2021-11-05 00:00:00,1791.224,1796.054,1789.974,1792.764,240,393
2021-11-05 04:00:00,1792.794,1798.338,1792.488,1796.474,240,333
2021-11-05 08:00:00,1796.444,1800.024,1791.648,1793.765,240,335
2021-11-05 12:00:00,1793.854,1811.705,1784.894,1809.864,240,466
2021-11-05 16:00:00,1809.834,1817.958,1807.718,1816.788,240,314
2021-11-05 20:00:00,1816.718,1818.128,1816.048,1817.588,60,405
2021-11-07 20:00:00,1818.383,1818.423,1814.823,1815.713,60,440
2021-11-08 00:00:00,1815.713,1820.993,1812.798,1818.983,240,395
2021-11-08 04:00:00,1819.003,1821.348,1814.538,1816.223,240,373
2021-11-08 08:00:00,1816.198,1818.298,1812.313,1816.823,240,359
2021-11-08 12:00:00,1816.723,1826.058,1815.683,1821.423,240,341
2021-11-08 16:00:00,1821.408,1826.403,1819.368,1825.598,240,328
2021-11-08 20:00:00,1825.606,1826.148,1823.186,1824.508,180,353
2021-11-09 00:00:00,1824.523,1827.088,1821.758,1822.908,240,379
2021-11-09 04:00:00,1822.902,1827.043,1819.043,1819.993,240,318
2021-11-09 08:00:00,1819.978,1828.528,1819.978,1823.743,240,321
2021-11-09 12:00:00,1823.743,1830.288,1820.208,1825.773,240,367
2021-11-09 16:00:00,1825.732,1831.263,1823.313,1830.193,240,328
2021-11-09 20:00:00,1830.213,1832.633,1828.533,1829.813,180,315
2021-11-10 00:00:00,1829.813,1830.948,1826.028,1826.998,240,353
2021-11-10 04:00:00,1826.998,1827.228,1822.893,1824.103,240,339
2021-11-10 08:00:00,1824.103,1827.113,1822.648,1824.473,240,370
2021-11-10 12:00:00,1824.473,1868.458,1822.168,1851.358,240,360
2021-11-10 16:00:00,1851.358,1858.548,1841.378,1846.998,240,334
2021-11-10 20:00:00,1846.968,1852.694,1845.238,1848.444,180,348
2021-11-11 00:00:00,1848.444,1853.684,1842.748,1849.814,240,397
2021-11-11 04:00:00,1849.834,1857.004,1847.008,1856.774,240,362
2021-11-11 08:00:00,1856.778,1865.528,1855.069,1863.724,240,391
2021-11-11 12:00:00,1863.728,1865.898,1854.818,1861.564,240,351
2021-11-11 16:00:00,1861.574,1863.614,1859.674,1862.008,240,328
2021-11-11 20:00:00,1861.988,1863.004,1861.058,1862.198,180,370
2021-11-12 00:00:00,1862.208,1862.248,1855.008,1855.084,240,357
2021-11-12 04:00:00,1855.058,1860.028,1855.024,1856.298,240,361
2021-11-12 08:00:00,1856.298,1858.594,1845.088,1849.038,240,373
2021-11-12 12:00:00,1849.058,1865.878,1848.908,1860.688,240,359
2021-11-12 16:00:00,1860.688,1868.568,1859.648,1863.708,240,359
2021-11-12 20:00:00,1863.728,1866.154,1862.434,1864.448,120,328
2021-11-14 20:00:00,1869.364,1869.364,1865.154,1865.438,60,462
2021-11-15 00:00:00,1865.448,1865.958,1856.348,1856.804,240,373
2021-11-15 04:00:00,1856.784,1862.118,1856.318,1860.828,240,377
2021-11-15 08:00:00,1860.878,1864.734,1858.238,1864.364,240,380
2021-11-15 12:00:00,1864.324,1870.468,1858.118,1861.938,240,380
2021-11-15 16:00:00,1861.898,1867.854,1859.908,1867.034,240,315
2021-11-15 20:00:00,1867.078,1867.174,1861.764,1862.258,180,321
2021-11-16 00:00:00,1862.191,1868.798,1861.784,1866.844,240,378
2021-11-16 04:00:00,1866.798,1867.654,1862.124,1863.838,240,414
2021-11-16 08:00:00,1863.844,1874.798,1863.764,1873.848,240,379
2021-11-16 12:00:00,1873.724,1877.118,1856.408,1861.138,240,356
2021-11-16 16:00:00,1861.138,1861.338,1849.564,1851.558,240,326
2021-11-16 20:00:00,1851.538,1851.538,1849.328,1850.208,180,300
2021-11-17 00:00:00,1850.208,1855.978,1849.434,1853.548,240,374
2021-11-17 04:00:00,1853.528,1857.278,1851.904,1856.118,240,372
2021-11-17 08:00:00,1856.108,1862.798,1855.714,1861.604,240,375
2021-11-17 12:00:00,1861.594,1867.874,1859.898,1862.714,240,360
2021-11-17 16:00:00,1862.698,1867.958,1862.178,1863.858,240,330
2021-11-17 20:00:00,1863.868,1867.454,1862.668,1866.378,180,329
2021-11-18 00:00:00,1866.374,1870.814,1864.028,1864.864,240,361
2021-11-18 04:00:00,1864.874,1869.348,1862.478,1868.454,240,394
2021-11-18 08:00:00,1868.504,1869.638,1858.644,1862.628,240,356
2021-11-18 12:00:00,1862.628,1866.848,1854.948,1859.968,240,375
2021-11-18 16:00:00,1860.008,1862.604,1858.118,1858.788,240,349
2021-11-18 20:00:00,1858.788,1860.998,1856.698,1859.448,180,309
2021-11-19 00:00:00,1859.464,1863.528,1858.478,1863.004,240,396
2021-11-19 04:00:00,1863.004,1863.634,1855.898,1857.448,240,362
2021-11-19 08:00:00,1857.458,1864.748,1851.428,1861.708,240,326
2021-11-19 12:00:00,1861.708,1865.668,1851.818,1860.268,240,349
2021-11-19 16:00:00,1860.268,1860.608,1842.869,1849.544,240,377
2021-11-19 20:00:00,1849.524,1849.608,1845.128,1845.175,120,377
2021-11-21 20:00:00,1846.534,1847.048,1838.648,1844.878,60,594
2021-11-22 00:00:00,1844.888,1848.454,1843.944,1846.994,240,414
2021-11-22 04:00:00,1847.008,1848.984,1840.078,1843.964,240,421
2021-11-22 08:00:00,1843.964,1846.948,1837.198,1842.538,240,380
2021-11-22 12:00:00,1842.524,1842.918,1811.368,1818.328,240,376
2021-11-22 16:00:00,1818.338,1822.074,1802.144,1803.588,240,354
2021-11-22 20:00:00,1803.594,1809.654,1802.808,1808.928,180,358
2021-11-23 00:00:00,1808.908,1812.318,1806.384,1808.278,240,383
2021-11-23 04:00:00,1808.278,1809.779,1802.788,1807.594,240,343
2021-11-23 08:00:00,1807.594,1808.318,1792.598,1793.904,240,377
2021-11-23 12:00:00,1793.904,1797.404,1784.088,1786.188,240,369
2021-11-23 16:00:00,1786.238,1790.275,1781.859,1788.078,240,340
2021-11-23 20:00:00,1788.038,1791.795,1787.608,1790.718,180,379
2021-11-24 00:00:00,1790.708,1795.958,1788.855,1793.538,240,435
2021-11-24 04:00:00,1793.518,1796.285,1791.728,1793.968,240,371
2021-11-24 08:00:00,1793.968,1794.605,1785.435,1787.119,240,378
2021-11-24 12:00:00,1787.119,1787.668,1778.398,1784.485,240,365
2021-11-24 16:00:00,1784.495,1791.288,1782.408,1784.698,240,355
2021-11-24 20:00:00,1784.678,1790.991,1784.558,1789.528,180,400
2021-11-25 00:00:00,1789.518,1794.155,1789.065,1791.988,240,465
2021-11-25 04:00:00,1791.988,1794.175,1791.338,1793.208,240,401
2021-11-25 08:00:00,1793.238,1794.968,1789.755,1790.705,240,376
2021-11-25 12:00:00,1790.685,1792.748,1787.718,1788.458,240,353
2021-11-25 16:00:00,1788.458,1790.358,1787.928,1788.475,119,377
2021-11-25 20:00:00,1790.798,1792.608,1790.358,1792.528,42,512
2021-11-26 00:00:00,1792.548,1799.248,1789.888,1796.928,240,424
2021-11-26 04:00:00,1796.928,1808.458,1795.175,1807.898,240,445
2021-11-26 08:00:00,1807.845,1815.408,1797.728,1811.605,240,423
2021-11-26 12:00:00,1811.589,1812.035,1795.235,1797.548,240,424
2021-11-26 16:00:00,1797.548,1799.625,1780.358,1792.665,164,380
2021-11-28 20:00:00,1790.195,1795.565,1775.563,1795.425,60,1351
2021-11-29 00:00:00,1795.405,1796.568,1789.738,1794.285,240,438
2021-11-29 04:00:00,1794.285,1797.028,1791.098,1794.608,240,388
2021-11-29 08:00:00,1794.718,1799.258,1792.758,1793.425,240,372
2021-11-29 12:00:00,1793.415,1793.938,1784.185,1786.888,240,376
2021-11-29 16:00:00,1786.868,1787.845,1781.008,1782.518,240,351
2021-11-29 20:00:00,1782.558,1787.705,1781.978,1786.685,180,379
2021-11-30 00:00:00,1786.685,1790.278,1782.908,1788.808,240,407
2021-11-30 04:00:00,1788.798,1795.838,1787.858,1791.618,240,392
2021-11-30 08:00:00,1791.618,1798.418,1791.338,1792.388,240,396
2021-11-30 12:00:00,1792.358,1808.618,1783.188,1784.428,240,414
2021-11-30 16:00:00,1784.328,1784.578,1769.758,1775.925,240,417
2021-11-30 20:00:00,1775.948,1776.905,1770.745,1773.098,180,382
2021-12-01 00:00:00,1773.128,1780.248,1772.428,1777.865,240,420
2021-12-01 04:00:00,1777.835,1794.41,1777.178,1784.708,240,404
2021-12-01 08:00:00,1784.758,1788.508,1776.525,1784.958,240,357
2021-12-01 12:00:00,1785.038,1792.13,1782.498,1785.888,240,388
2021-12-01 16:00:00,1785.88,1787.765,1779.108,1782.085,240,373
2021-12-01 20:00:00,1782.085,1783.275,1777.275,1781.645,180,364
2021-12-02 00:00:00,1781.625,1781.875,1778.958,1779.205,240,454
2021-12-02 04:00:00,1779.205,1779.218,1774.808,1775.128,240,395
2021-12-02 08:00:00,1775.158,1778.968,1767.348,1777.105,240,386
2021-12-02 12:00:00,1777.118,1781.148,1763.258,1767.178,240,383
2021-12-02 16:00:00,1767.135,1769.055,1761.815,1766.498,240,376
2021-12-02 20:00:00,1766.698,1770.558,1766.178,1768.885,180,386
2021-12-03 00:00:00,1768.885,1774.288,1767.365,1773.458,240,390
2021-12-03 04:00:00,1773.468,1776.358,1770.188,1770.748,240,372
2021-12-03 08:00:00,1770.748,1773.368,1766.02,1771.758,240,372
2021-12-03 12:00:00,1771.818,1778.53,1766.295,1770.628,240,373
2021-12-03 16:00:00,1770.618,1784.548,1769.655,1783.828,240,377
2021-12-03 20:00:00,1783.828,1785.998,1781.868,1782.788,120,416
2021-12-05 20:00:00,1784.355,1785.245,1780.538,1782.775,60,735
2021-12-06 00:00:00,1782.768,1787.635,1782.005,1783.833,240,473
2021-12-06 04:00:00,1783.828,1786.008,1780.975,1782.818,240,417
2021-12-06 08:00:00,1782.808,1782.815,1777.658,1779.918,240,367
2021-12-06 12:00:00,1779.928,1782.008,1775.587,1778.125,240,386
2021-12-06 16:00:00,1778.155,1784.885,1777.565,1778.278,240,347
2021-12-06 20:00:00,1778.258,1781.895,1777.698,1780.825,180,364
2021-12-07 00:00:00,1780.825,1781.748,1777.318,1777.498,240,393
2021-12-07 04:00:00,1777.445,1784.498,1776.725,1782.558,240,428
2021-12-07 08:00:00,1782.558,1783.618,1777.298,1782.108,240,377
2021-12-07 12:00:00,1782.235,1784.558,1772.168,1782.398,240,382
2021-12-07 16:00:00,1782.428,1787.708,1781.828,1784.788,240,340
2021-12-07 20:00:00,1784.768,1786.295,1782.745,1784.598,180,373
2021-12-08 00:00:00,1784.628,1790.418,1784.368,1787.825,240,428
2021-12-08 04:00:00,1787.805,1791.518,1786.445,1789.718,240,361
2021-12-08 08:00:00,1789.708,1792.998,1782.695,1786.499,240,366
2021-12-08 12:00:00,1786.498,1786.955,1779.478,1782.388,240,391
2021-12-08 16:00:00,1782.408,1786.305,1781.045,1785.565,240,346
2021-12-08 20:00:00,1785.568,1786.728,1782.178,1783.355,180,348
2021-12-09 00:00:00,1783.345,1785.458,1782.065,1784.388,240,416
2021-12-09 04:00:00,1784.368,1787.028,1783.128,1786.075,240,406
2021-12-09 08:00:00,1786.088,1787.505,1779.348,1780.205,240,382
2021-12-09 12:00:00,1780.153,1783.008,1773.678,1779.485,240,390
2021-12-09 16:00:00,1779.415,1780.768,1773.138,1775.968,240,354
2021-12-09 20:00:00,1775.988,1776.445,1774.625,1776.218,180,379
2021-12-10 00:00:00,1776.218,1779.545,1775.418,1778.368,240,384
2021-12-10 04:00:00,1778.358,1779.32,1771.268,1772.868,240,371
2021-12-10 08:00:00,1772.868,1773.245,1769.968,1772.128,240,350
2021-12-10 12:00:00,1772.128,1789.398,1771.608,1783.04,240,384
2021-12-10 16:00:00,1783.04,1786.368,1781.275,1782.128,240,350
2021-12-10 20:00:00,1782.148,1783.105,1781.698,1782.288,120,369
2021-12-12 20:00:00,1783.055,1784.298,1781.778,1783.098,60,543
2021-12-13 00:00:00,1783.095,1788.135,1782.348,1785.888,240,435
2021-12-13 04:00:00,1785.888,1786.858,1783.205,1785.318,240,404
2021-12-13 08:00:00,1785.528,1788.418,1783.245,1787.968,240,356
2021-12-13 12:00:00,1787.958,1791.455,1781.698,1786.758,240,328
2021-12-13 16:00:00,1786.768,1790.098,1786.008,1787.698,240,326
2021-12-13 20:00:00,1787.678,1788.125,1784.905,1785.668,180,337
2021-12-14 00:00:00,1785.648,1789.415,1784.955,1785.718,240,408
2021-12-14 04:00:00,1785.718,1788.328,1784.088,1784.528,240,383
2021-12-14 08:00:00,1784.528,1785.638,1781.895,1784.675,240,336
2021-12-14 12:00:00,1784.678,1785.468,1766.358,1774.078,240,357
2021-12-14 16:00:00,1774.038,1776.428,1770.875,1772.088,238,343
2021-12-14 20:00:00,1772.098,1772.705,1769.808,1772.358,179,346
2021-12-15 00:00:00,1772.368,1773.755,1769.578,1769.855,240,455
2021-12-15 04:00:00,1769.868,1771.115,1766.678,1767.678,240,360
2021-12-15 08:00:00,1767.668,1771.278,1767.258,1769.748,240,369
2021-12-15 12:00:00,1769.748,1773.62,1764.208,1766.058,240,333
2021-12-15 16:00:00,1766.038,1770.548,1752.928,1769.44,240,315
2021-12-15 20:00:00,1769.458,1781.342,1768.285,1779.345,180,390
2021-12-16 00:00:00,1779.348,1784.178,1775.418,1781.338,240,432
2021-12-16 04:00:00,1781.338,1786.258,1780.878,1784.438,240,374
2021-12-16 08:00:00,1784.435,1788.248,1784.435,1787.308,240,342
2021-12-16 12:00:00,1787.268,1798.068,1782.068,1797.238,240,371
2021-12-16 16:00:00,1797.228,1798.938,1794.855,1796.888,240,341
2021-12-16 20:00:00,1796.858,1799.925,1796.728,1798.648,180,385
2021-12-17 00:00:00,1798.668,1804.248,1797.148,1802.978,240,393
2021-12-17 04:00:00,1802.978,1809.508,1801.878,1809.055,240,390
2021-12-17 08:00:00,1809.055,1809.888,1805.795,1808.988,240,360
2021-12-17 12:00:00,1808.988,1814.148,1804.018,1804.468,240,339
2021-12-17 16:00:00,1804.448,1806.418,1799.778,1801.475,240,355
2021-12-17 20:00:00,1801.465,1801.568,1795.758,1797.708,120,331
2021-12-19 20:00:00,1799.445,1801.555,1798.508,1799.948,60,584
2021-12-20 00:00:00,1800.108,1802.438,1798.918,1801.678,240,411
2021-12-20 04:00:00,1801.668,1804.058,1797.888,1798.098,240,384
2021-12-20 08:00:00,1798.098,1802.245,1794.818,1795.378,240,381
2021-12-20 12:00:00,1795.388,1800.075,1791.605,1793.628,240,328
2021-12-20 16:00:00,1793.668,1795.948,1790.288,1790.355,240,344
2021-12-20 20:00:00,1790.355,1791.879,1788.188,1791.515,180,334
2021-12-21 00:00:00,1791.515,1792.558,1789.168,1791.788,240,393
2021-12-21 04:00:00,1791.778,1794.118,1788.728,1793.078,240,381
2021-12-21 08:00:00,1793.078,1798.198,1792.238,1797.698,240,343
2021-12-21 12:00:00,1797.678,1800.438,1784.838,1785.848,240,332
2021-12-21 16:00:00,1785.875,1789.218,1785.155,1788.068,240,323
2021-12-21 20:00:00,1788.075,1790.458,1787.568,1790.455,180,353
2021-12-22 00:00:00,1790.455,1791.078,1788.198,1789.038,240,396
2021-12-22 04:00:00,1789.055,1789.175,1786.025,1786.755,240,411
2021-12-22 08:00:00,1786.739,1791.378,1785.795,1790.878,240,392
2021-12-22 12:00:00,1790.898,1795.745,1788.758,1795.595,240,356
2021-12-22 16:00:00,1795.595,1803.755,1795.575,1803.565,240,318
2021-12-22 20:00:00,1803.565,1804.955,1802.998,1803.568,180,366
2021-12-23 00:00:00,1803.558,1808.378,1803.028,1805.495,240,362
2021-12-23 04:00:00,1805.495,1808.168,1804.688,1805.798,240,359
2021-12-23 08:00:00,1805.795,1807.919,1804.058,1806.298,240,357
2021-12-23 12:00:00,1806.295,1809.938,1798.778,1805.888,240,322
2021-12-23 16:00:00,1805.858,1810.629,1805.635,1809.195,240,343
2021-12-23 20:00:00,1809.185,1809.355,1807.395,1808.355,119,374
2021-12-26 20:00:00,1808.544,1808.544,1805.658,1807.178,60,447
2021-12-27 00:00:00,1807.178,1811.764,1806.514,1810.864,240,437
2021-12-27 04:00:00,1810.854,1810.864,1807.538,1808.678,240,347
2021-12-27 08:00:00,1808.658,1809.208,1804.595,1806.219,240,391
2021-12-27 12:00:00,1806.219,1813.388,1802.855,1812.635,240,376
2021-12-27 16:00:00,1812.655,1812.935,1806.548,1809.109,240,363
2021-12-27 20:00:00,1809.109,1812.605,1808.598,1812.274,178,369
2021-12-28 00:00:00,1812.264,1812.538,1808.398,1809.848,240,397
2021-12-28 04:00:00,1809.838,1815.988,1809.488,1813.714,240,391
2021-12-28 08:00:00,1813.694,1818.224,1813.444,1817.734,240,363
2021-12-28 12:00:00,1817.714,1820.099,1810.0,1811.394,240,350
2021-12-28 16:00:00,1811.354,1812.218,1804.918,1806.868,240,341
2021-12-28 20:00:00,1806.884,1807.238,1805.028,1806.428,180,352
2021-12-29 00:00:00,1806.419,1807.578,1803.918,1806.508,240,397
2021-12-29 04:00:00,1806.509,1807.318,1804.028,1804.208,240,372
2021-12-29 08:00:00,1804.218,1805.175,1794.298,1796.898,240,367
2021-12-29 12:00:00,1796.918,1802.105,1789.348,1799.775,240,350
2021-12-29 16:00:00,1799.775,1805.648,1799.775,1804.998,240,353
2021-12-29 20:00:00,1804.998,1805.448,1803.548,1804.485,180,364
2021-12-30 00:00:00,1804.485,1805.458,1801.175,1801.445,240,357
2021-12-30 04:00:00,1801.445,1801.798,1796.058,1798.248,240,352
2021-12-30 08:00:00,1798.298,1803.195,1798.028,1802.469,240,367
2021-12-30 12:00:00,1802.485,1808.548,1798.698,1807.098,240,367
2021-12-30 16:00:00,1807.108,1815.255,1806.778,1814.999,240,366
2021-12-30 20:00:00,1815.035,1817.108,1814.118,1815.588,180,360
2021-12-31 00:00:00,1815.618,1818.864,1814.598,1816.909,240,408
2021-12-31 04:00:00,1816.919,1820.078,1816.504,1816.608,240,429
2021-12-31 08:00:00,1816.618,1820.194,1814.968,1819.429,240,430
2021-12-31 12:00:00,1819.368,1827.404,1818.448,1821.938,240,355
2021-12-31 16:00:00,1821.958,1828.778,1821.448,1827.208,240,374
2021-12-31 20:00:00,1827.208,1830.248,1826.978,1829.058,120,353
2022-01-02 20:00:00,1828.604,1831.624,1827.898,1828.354,60,838
2022-01-03 00:00:00,1828.294,1831.458,1824.068,1825.618,240,464
2022-01-03 04:00:00,1825.618,1825.854,1820.908,1824.148,240,368
2022-01-03 08:00:00,1824.138,1827.414,1821.238,1822.875,240,381
2022-01-03 12:00:00,1822.875,1823.108,1799.678,1801.838,240,335
2022-01-03 16:00:00,1801.808,1802.914,1798.189,1801.618,240,315
2022-01-03 20:00:00,1801.618,1804.494,1800.404,1804.028,180,338
2022-01-04 00:00:00,1804.024,1806.994,1802.808,1804.078,240,404
2022-01-04 04:00:00,1804.088,1807.275,1803.078,1805.658,240,383
2022-01-04 08:00:00,1805.658,1808.498,1801.808,1803.898,240,365
2022-01-04 12:00:00,1803.938,1816.688,1798.388,1814.458,240,380
2022-01-04 16:00:00,1814.458,1815.488,1811.518,1814.428,240,354
2022-01-04 20:00:00,1814.415,1815.355,1812.918,1813.788,180,354
2022-01-05 00:00:00,1813.815,1816.368,1812.608,1815.308,240,403
2022-01-05 04:00:00,1815.298,1816.924,1812.368,1813.338,240,389
2022-01-05 08:00:00,1813.348,1820.644,1813.218,1818.528,240,368
2022-01-05 12:00:00,1818.538,1829.584,1814.898,1823.238,240,365
2022-01-05 16:00:00,1823.208,1825.524,1812.388,1812.838,240,340
2022-01-05 20:00:00,1812.858,1814.208,1808.168,1810.178,180,371
2022-01-06 00:00:00,1810.228,1811.438,1806.434,1806.894,240,382
2022-01-06 04:00:00,1806.914,1807.398,1799.319,1800.848,240,371
2022-01-06 08:00:00,1800.848,1807.068,1793.638,1797.308,240,371
2022-01-06 12:00:00,1797.308,1800.328,1786.738,1790.528,240,356
2022-01-06 16:00:00,1790.588,1793.415,1786.288,1787.848,240,373
2022-01-06 20:00:00,1787.848,1791.518,1787.268,1791.278,180,377
2022-01-07 00:00:00,1791.255,1793.168,1789.628,1792.658,240,364
2022-01-07 04:00:00,1792.658,1792.828,1787.915,1789.768,240,388
2022-01-07 08:00:00,1789.778,1793.828,1787.688,1793.238,240,318
2022-01-07 12:00:00,1793.238,1796.088,1782.495,1789.048,240,327
2022-01-07 16:00:00,1789.048,1798.515,1789.048,1796.628,240,343
2022-01-07 20:00:00,1796.628,1797.405,1794.268,1795.808,120,390
2022-01-09 20:00:00,1793.955,1796.098,1793.685,1795.048,60,467
2022-01-10 00:00:00,1795.048,1796.698,1791.585,1792.008,240,394
2022-01-10 04:00:00,1792.008,1795.578,1791.268,1793.578,240,389
2022-01-10 08:00:00,1793.578,1802.248,1792.008,1800.478,240,395
2022-01-10 12:00:00,1800.468,1801.285,1790.235,1793.388,240,337
2022-01-10 16:00:00,1793.388,1801.575,1793.208,1800.808,240,312
2022-01-10 20:00:00,1800.768,1802.848,1799.505,1801.088,180,374
2022-01-11 00:00:00,1801.088,1807.768,1801.055,1805.828,240,435
2022-01-11 04:00:00,1805.828,1809.695,1805.428,1809.025,240,407
2022-01-11 08:00:00,1809.045,1810.178,1804.285,1806.348,240,378
2022-01-11 12:00:00,1806.318,1812.058,1801.638,1811.578,240,345
2022-01-11 16:00:00,1811.558,1821.088,1809.908,1820.758,240,336
2022-01-11 20:00:00,1820.765,1823.228,1819.855,1820.588,180,321
2022-01-12 00:00:00,1820.588,1822.395,1817.958,1817.988,240,427
2022-01-12 04:00:00,1817.978,1821.384,1815.738,1817.134,240,381
2022-01-12 08:00:00,1817.168,1818.408,1814.578,1817.108,240,358
2022-01-12 12:00:00,1817.108,1825.328,1816.248,1823.718,240,351
2022-01-12 16:00:00,1823.694,1827.938,1820.018,1827.824,240,324
2022-01-12 20:00:00,1827.888,1827.984,1824.754,1825.168,180,370
2022-01-13 00:00:00,1825.168,1826.479,1823.928,1825.048,240,401
2022-01-13 04:00:00,1825.028,1828.058,1823.358,1826.538,240,351
2022-01-13 08:00:00,1826.554,1827.468,1818.918,1823.538,240,374
2022-01-13 12:00:00,1823.538,1825.884,1814.118,1814.558,240,329
2022-01-13 16:00:00,1814.558,1821.868,1812.228,1820.898,240,319
2022-01-13 20:00:00,1820.908,1822.768,1820.618,1820.728,180,321
2022-01-14 00:00:00,1820.728,1827.158,1819.468,1825.958,240,403
2022-01-14 04:00:00,1825.958,1827.998,1825.408,1826.634,240,364
2022-01-14 08:00:00,1826.638,1829.048,1819.848,1822.338,240,325
2022-01-14 12:00:00,1822.338,1827.544,1819.108,1821.018,240,346
2022-01-14 16:00:00,1821.018,1821.804,1814.578,1818.138,240,332
2022-01-14 20:00:00,1818.148,1818.828,1816.248,1817.418,120,334
2022-01-16 20:00:00,1817.044,1819.254,1815.768,1816.268,60,590
2022-01-17 00:00:00,1816.268,1819.388,1813.0,1818.738,240,379
2022-01-17 04:00:00,1818.738,1822.178,1818.124,1821.888,240,370
2022-01-17 08:00:00,1821.948,1823.088,1819.688,1821.178,240,338
2022-01-17 12:00:00,1821.178,1821.394,1817.588,1818.724,240,357
2022-01-17 16:00:00,1818.714,1819.904,1818.319,1819.008,119,357
2022-01-17 20:00:00,1817.904,1819.228,1817.904,1818.938,60,737
2022-01-18 00:00:00,1818.938,1822.644,1815.168,1816.285,240,424
2022-01-18 04:00:00,1816.285,1818.148,1812.998,1816.108,240,378
2022-01-18 08:00:00,1816.088,1817.108,1809.048,1812.958,240,367
2022-01-18 12:00:00,1812.988,1820.048,1805.658,1819.758,240,355
2022-01-18 16:00:00,1819.758,1820.004,1810.488,1813.888,240,332
2022-01-18 20:00:00,1813.878,1815.214,1811.858,1814.158,180,348
2022-01-19 00:00:00,1814.168,1814.398,1810.143,1811.578,240,380
2022-01-19 04:00:00,1811.578,1815.128,1810.988,1811.378,240,368
2022-01-19 08:00:00,1811.358,1819.818,1811.218,1817.228,240,343
2022-01-19 12:00:00,1817.228,1838.598,1816.588,1838.188,240,331
2022-01-19 16:00:00,1838.168,1843.218,1837.088,1842.694,240,317
2022-01-19 20:00:00,1842.758,1843.318,1838.198,1838.414,180,352
2022-01-20 00:00:00,1838.424,1843.978,1837.838,1839.578,240,395
2022-01-20 04:00:00,1839.558,1841.038,1838.344,1838.987,240,366
2022-01-20 08:00:00,1838.978,1842.018,1836.608,1839.364,240,354
2022-01-20 12:00:00,1839.358,1847.804,1835.808,1846.754,240,341
2022-01-20 16:00:00,1846.754,1846.758,1838.428,1839.978,240,335
2022-01-20 20:00:00,1839.968,1840.408,1837.228,1838.808,180,336
2022-01-21 00:00:00,1838.848,1841.948,1836.168,1840.698,240,372
2022-01-21 04:00:00,1840.688,1842.644,1836.614,1837.918,240,377
2022-01-21 08:00:00,1837.898,1838.938,1828.384,1831.868,240,382
2022-01-21 12:00:00,1831.878,1843.108,1830.998,1834.438,240,334
2022-01-21 16:00:00,1834.474,1835.038,1830.084,1831.468,240,347
2022-01-21 20:00:00,1831.458,1834.898,1828.424,1834.328,120,319
2022-01-23 20:00:00,1834.524,1836.948,1831.428,1834.598,60,475
2022-01-24 00:00:00,1834.588,1837.338,1832.418,1836.424,240,407
2022-01-24 04:00:00,1836.428,1839.514,1836.098,1837.838,240,363
2022-01-24 08:00:00,1837.828,1844.208,1837.058,1838.078,240,367
2022-01-24 12:00:00,1838.088,1842.938,1829.558,1834.348,240,340
2022-01-24 16:00:00,1834.374,1842.984,1832.438,1838.608,240,348
2022-01-24 20:00:00,1838.618,1844.028,1837.684,1843.538,180,339
2022-01-25 00:00:00,1843.538,1843.538,1839.321,1842.108,240,372
2022-01-25 04:00:00,1842.108,1843.238,1840.248,1840.698,240,347
2022-01-25 08:00:00,1840.698,1843.044,1834.838,1837.528,240,344
2022-01-25 12:00:00,1837.558,1852.728,1837.428,1846.828,240,338
2022-01-25 16:00:00,1846.778,1853.748,1845.018,1851.648,240,329
2022-01-25 20:00:00,1851.618,1851.884,1846.854,1849.398,180,362
2022-01-26 00:00:00,1849.355,1849.448,1846.368,1846.918,240,413
2022-01-26 04:00:00,1846.898,1848.568,1843.648,1843.814,240,377
2022-01-26 08:00:00,1843.858,1847.704,1842.738,1843.028,240,330
2022-01-26 12:00:00,1843.068,1847.958,1831.158,1834.018,240,340
2022-01-26 16:00:00,1834.098,1834.344,1815.438,1819.308,240,356
2022-01-26 20:00:00,1819.218,1822.004,1814.838,1821.828,180,471
2022-01-27 00:00:00,1821.848,1821.858,1812.908,1815.888,240,452
2022-01-27 04:00:00,1815.868,1816.358,1809.819,1810.828,240,344
2022-01-27 08:00:00,1810.808,1816.774,1807.464,1811.279,240,356
2022-01-27 12:00:00,1811.289,1813.618,1795.618,1796.358,240,341
2022-01-27 16:00:00,1796.358,1798.328,1791.678,1792.858,240,336
2022-01-27 20:00:00,1792.838,1798.159,1792.102,1797.158,180,332
2022-01-28 00:00:00,1797.158,1799.308,1794.925,1798.978,240,388
2022-01-28 04:00:00,1799.008,1799.248,1795.628,1795.898,240,348
2022-01-28 08:00:00,1795.888,1795.888,1780.158,1785.518,240,338
2022-01-28 12:00:00,1785.518,1792.868,1780.578,1782.739,240,335
2022-01-28 16:00:00,1782.739,1788.265,1781.805,1786.908,240,311
2022-01-28 20:00:00,1786.875,1792.005,1786.658,1791.028,120,345
2022-01-30 20:00:00,1791.928,1791.928,1788.338,1789.408,60,421
2022-01-31 00:00:00,1789.408,1790.145,1786.208,1786.978,240,381
2022-01-31 04:00:00,1786.998,1789.298,1785.458,1788.768,240,412
2022-01-31 08:00:00,1788.788,1793.558,1786.938,1792.168,240,363
2022-01-31 12:00:00,1792.162,1799.578,1789.468,1796.178,240,351
2022-01-31 16:00:00,1796.208,1799.805,1794.755,1798.365,240,337
2022-01-31 20:00:00,1798.465,1799.648,1796.198,1797.748,180,319
2022-02-01 00:00:00,1797.708,1799.238,1795.625,1796.465,240,398
2022-02-01 04:00:00,1796.448,1804.298,1796.185,1803.918,240,396
2022-02-01 08:00:00,1803.915,1808.168,1801.748,1806.079,240,352
2022-02-01 12:00:00,1806.078,1808.638,1797.665,1804.295,240,328
2022-02-01 16:00:00,1804.218,1807.808,1799.218,1799.218,240,343
2022-02-01 20:00:00,1799.228,1802.268,1798.488,1800.578,180,366
2022-02-02 00:00:00,1800.578,1801.518,1797.208,1797.538,240,405
2022-02-02 04:00:00,1797.505,1798.928,1794.358,1796.578,240,369
2022-02-02 08:00:00,1796.635,1803.598,1796.258,1802.738,240,368
2022-02-02 12:00:00,1802.708,1810.652,1800.465,1808.438,240,346
2022-02-02 16:00:00,1808.455,1810.718,1807.258,1807.445,240,318
2022-02-02 20:00:00,1807.438,1808.165,1805.058,1807.755,180,325
2022-02-03 00:00:00,1807.798,1808.875,1805.818,1806.918,240,404
2022-02-03 04:00:00,1806.908,1807.088,1803.028,1804.438,240,385
2022-02-03 08:00:00,1804.458,1805.968,1802.208,1804.088,240,365
2022-02-03 12:00:00,1804.098,1805.018,1788.538,1802.985,240,369
2022-02-03 16:00:00,1803.028,1807.565,1801.035,1804.998,240,348
2022-02-03 20:00:00,1805.088,1806.418,1803.808,1805.608,180,334
2022-02-04 00:00:00,1805.608,1807.465,1804.858,1806.378,240,421
2022-02-04 04:00:00,1806.388,1809.088,1805.748,1807.258,240,361
2022-02-04 08:00:00,1807.228,1814.418,1806.098,1810.888,240,344
2022-02-04 12:00:00,1810.908,1814.798,1792.018,1803.778,240,334
2022-02-04 16:00:00,1803.788,1808.638,1803.025,1806.768,240,352
2022-02-04 20:00:00,1806.788,1808.148,1805.928,1807.558,120,340
2022-02-06 20:00:00,1806.719,1811.308,1806.678,1809.934,60,617
2022-02-07 00:00:00,1809.968,1815.208,1808.638,1809.718,240,401
2022-02-07 04:00:00,1809.744,1812.908,1808.638,1812.898,240,357
2022-02-07 08:00:00,1812.898,1814.058,1809.938,1813.468,240,367
2022-02-07 12:00:00,1813.438,1817.058,1811.624,1815.764,241,327
2022-02-07 16:00:00,1815.764,1823.458,1814.184,1822.214,240,312
2022-02-07 20:00:00,1822.224,1822.544,1819.897,1821.878,180,310
2022-02-08 00:00:00,1821.878,1823.198,1820.128,1821.788,240,361
2022-02-08 04:00:00,1821.768,1822.288,1815.314,1817.268,240,349
2022-02-08 08:00:00,1817.218,1820.958,1817.048,1817.968,240,359
2022-02-08 12:00:00,1818.018,1828.298,1817.138,1824.454,240,335
2022-02-08 16:00:00,1824.464,1828.664,1824.324,1826.914,240,312
2022-02-08 20:00:00,1826.914,1827.718,1825.288,1825.838,180,300
2022-02-09 00:00:00,1825.854,1828.604,1824.928,1827.948,240,360
2022-02-09 04:00:00,1827.948,1829.108,1825.628,1826.628,240,362
2022-02-09 08:00:00,1826.548,1828.304,1825.578,1826.758,240,324
2022-02-09 12:00:00,1826.759,1832.468,1824.538,1828.328,240,345
2022-02-09 16:00:00,1828.308,1835.708,1828.188,1833.238,240,334
2022-02-09 20:00:00,1833.278,1833.354,1831.098,1832.508,180,309
2022-02-10 00:00:00,1832.518,1834.628,1831.404,1833.948,240,379
2022-02-10 04:00:00,1833.948,1835.988,1833.358,1834.648,240,359
2022-02-10 08:00:00,1834.608,1834.748,1830.278,1832.274,240,332
2022-02-10 12:00:00,1832.244,1840.474,1821.534,1835.474,240,329
2022-02-10 16:00:00,1835.508,1841.838,1828.688,1829.608,240,337
2022-02-10 20:00:00,1829.688,1830.198,1825.554,1826.708,180,338
2022-02-11 00:00:00,1826.708,1827.058,1823.634,1824.858,240,368
2022-02-11 04:00:00,1824.858,1826.118,1820.838,1826.078,240,349
2022-02-11 08:00:00,1826.078,1827.688,1825.068,1827.218,240,333
2022-02-11 12:00:00,1827.218,1837.098,1824.808,1835.808,240,343
2022-02-11 16:00:00,1835.804,1862.158,1832.638,1858.898,240,310
2022-02-11 20:00:00,1858.938,1865.378,1857.274,1857.898,120,366
2022-02-13 20:00:00,1859.233,1862.028,1855.308,1859.404,60,590
2022-02-14 00:00:00,1859.428,1860.588,1852.094,1852.968,240,409
2022-02-14 04:00:00,1852.968,1855.138,1850.698,1854.248,240,389
2022-02-14 08:00:00,1854.248,1858.428,1852.088,1856.298,240,369
2022-02-14 12:00:00,1856.298,1870.958,1851.238,1868.068,240,335
2022-02-14 16:00:00,1868.058,1874.018,1860.178,1867.998,240,349
2022-02-14 20:00:00,1867.994,1873.428,1867.968,1870.948,180,340
2022-02-15 00:00:00,1870.928,1878.928,1870.008,1877.308,240,387
2022-02-15 04:00:00,1877.298,1879.378,1875.158,1875.705,240,362
2022-02-15 08:00:00,1875.594,1877.098,1849.85,1852.368,240,336
2022-02-15 12:00:00,1852.368,1857.034,1844.398,1847.838,240,347
2022-02-15 16:00:00,1847.858,1856.388,1846.358,1854.318,240,338
2022-02-15 20:00:00,1854.328,1856.147,1851.398,1852.848,180,340
2022-02-16 00:00:00,1852.848,1853.038,1850.188,1852.638,240,397
2022-02-16 04:00:00,1852.638,1856.758,1852.108,1855.108,240,354
2022-02-16 08:00:00,1855.108,1859.528,1853.858,1856.288,240,334
2022-02-16 12:00:00,1856.288,1864.758,1851.338,1862.554,240,336
2022-02-16 16:00:00,1862.536,1872.208,1861.328,1870.298,240,328
2022-02-16 20:00:00,1870.298,1872.498,1867.318,1869.788,180,328
2022-02-17 00:00:00,1869.808,1874.868,1867.698,1874.848,240,393
2022-02-17 04:00:00,1874.858,1877.068,1870.371,1876.058,240,385
2022-02-17 08:00:00,1875.968,1893.178,1875.216,1883.518,239,385
2022-02-17 12:00:00,1883.528,1897.668,1882.688,1895.248,240,349
2022-02-17 16:00:00,1895.218,1901.016,1893.018,1899.848,240,327
2022-02-17 20:00:00,1899.848,1900.138,1897.198,1899.878,180,333
2022-02-18 00:00:00,1899.903,1902.358,1888.238,1890.938,240,361
2022-02-18 04:00:00,1890.928,1893.358,1889.398,1891.608,240,346
2022-02-18 08:00:00,1891.568,1895.728,1886.478,1891.093,240,359
2022-02-18 12:00:00,1891.133,1899.886,1889.278,1891.778,240,344
2022-02-18 16:00:00,1891.768,1897.823,1891.148,1895.428,240,318
2022-02-18 20:00:00,1895.408,1899.308,1893.498,1897.768,120,316
2022-02-20 20:00:00,1900.818,1906.348,1896.651,1904.758,60,651
2022-02-21 00:00:00,1904.758,1908.158,1891.508,1896.718,240,387
2022-02-21 04:00:00,1896.718,1896.943,1887.453,1891.603,240,370
2022-02-21 08:00:00,1891.628,1898.548,1891.168,1894.518,240,370
2022-02-21 12:00:00,1894.528,1897.439,1892.348,1895.278,240,365
2022-02-21 16:00:00,1895.288,1905.903,1895.238,1905.013,209,319
2022-02-21 20:00:00,1908.748,1914.023,1905.988,1909.448,60,632
2022-02-22 00:00:00,1909.418,1913.798,1905.188,1908.398,240,407
2022-02-22 04:00:00,1908.418,1913.308,1907.138,1908.558,240,331
2022-02-22 08:00:00,1908.528,1911.593,1891.268,1893.758,240,368
2022-02-22 12:00:00,1893.748,1907.038,1893.638,1897.798,240,360
2022-02-22 16:00:00,1897.778,1905.578,1896.738,1901.498,240,344
2022-02-22 20:00:00,1901.488,1901.568,1897.548,1898.148,180,322
2022-02-23 00:00:00,1898.148,1901.198,1897.788,1899.658,240,387
2022-02-23 04:00:00,1899.628,1899.718,1893.243,1894.728,240,369
2022-02-23 08:00:00,1894.725,1897.548,1889.548,1894.658,240,353
2022-02-23 12:00:00,1894.658,1908.278,1893.518,1907.378,240,345
2022-02-23 16:00:00,1907.358,1910.408,1905.358,1906.978,240,334
2022-02-23 20:00:00,1907.018,1911.458,1904.528,1910.623,180,333
2022-02-24 00:00:00,1910.643,1931.078,1909.998,1929.098,240,352
2022-02-24 04:00:00,1929.138,1949.003,1928.858,1945.168,240,399
2022-02-24 08:00:00,1945.228,1974.398,1938.808,1961.638,240,364
2022-02-24 12:00:00,1961.668,1966.988,1913.318,1928.688,240,378
2022-02-24 16:00:00,1928.708,1930.128,1877.938,1887.798,240,400
2022-02-24 20:00:00,1887.928,1913.403,1880.238,1906.398,180,444
2022-02-25 00:00:00,1906.398,1921.478,1904.201,1914.158,240,425
2022-02-25 04:00:00,1914.158,1921.198,1910.788,1913.268,240,370
2022-02-25 08:00:00,1913.268,1915.643,1892.698,1898.778,240,390
2022-02-25 12:00:00,1898.768,1906.828,1882.828,1889.118,240,386
2022-02-25 16:00:00,1889.168,1890.798,1883.008,1890.518,240,354
2022-02-25 20:00:00,1890.488,1892.793,1886.658,1888.528,120,356
2022-02-27 20:00:00,1919.206,1930.948,1904.208,1910.038,60,1028
2022-02-28 00:00:00,1910.038,1919.288,1904.408,1907.308,240,519
2022-02-28 04:00:00,1907.258,1911.748,1893.178,1896.308,240,440
2022-02-28 08:00:00,1896.298,1908.891,1894.718,1905.538,240,406
2022-02-28 12:00:00,1905.568,1918.158,1904.221,1908.208,240,383
2022-02-28 16:00:00,1908.188,1908.318,1890.768,1906.423,240,363
2022-02-28 20:00:00,1906.398,1910.838,1904.608,1906.178,180,329
2022-03-01 00:00:00,1906.178,1907.688,1901.268,1905.558,240,405
2022-03-01 04:00:00,1905.548,1908.688,1904.458,1907.621,240,400
2022-03-01 08:00:00,1907.638,1926.251,1907.088,1920.178,240,368
2022-03-01 12:00:00,1920.198,1929.703,1911.108,1926.498,240,341
2022-03-01 16:00:00,1926.498,1942.738,1923.193,1940.288,240,325
2022-03-01 20:00:00,1940.253,1950.078,1939.157,1942.188,180,286
2022-03-02 00:00:00,1942.188,1943.688,1930.888,1935.678,240,364
2022-03-02 04:00:00,1935.678,1947.788,1931.718,1944.638,240,384
2022-03-02 08:00:00,1944.646,1944.646,1913.738,1929.138,240,401
2022-03-02 12:00:00,1929.148,1935.518,1922.139,1926.818,240,383
2022-03-02 16:00:00,1926.848,1928.508,1915.0,1927.813,240,356
2022-03-02 20:00:00,1927.781,1933.215,1924.648,1928.668,180,383
2022-03-03 00:00:00,1928.668,1930.736,1926.028,1927.348,240,428
2022-03-03 04:00:00,1927.348,1932.218,1921.906,1931.99,240,391
2022-03-03 08:00:00,1931.988,1938.658,1923.564,1932.328,240,399
2022-03-03 12:00:00,1932.322,1937.158,1924.268,1926.153,240,384
2022-03-03 16:00:00,1926.158,1935.656,1923.218,1935.157,240,340
2022-03-03 20:00:00,1935.158,1941.203,1934.757,1934.807,180,351
2022-03-04 00:00:00,1934.807,1950.903,1929.498,1939.478,240,392
2022-03-04 04:00:00,1939.478,1940.458,1933.952,1936.225,240,434
2022-03-04 08:00:00,1936.225,1949.038,1933.918,1946.297,240,421
2022-03-04 12:00:00,1946.297,1959.264,1939.778,1957.863,240,351
2022-03-04 16:00:00,1957.888,1969.908,1956.558,1966.96,240,331
2022-03-04 20:00:00,1966.968,1970.648,1965.138,1969.848,120,407
2022-03-06 20:00:00,1974.472,1991.358,1974.192,1988.608,60,592
2022-03-07 00:00:00,1988.608,2000.94,1984.818,1989.958,240,485
2022-03-07 04:00:00,1989.958,1993.218,1976.102,1992.888,240,384
2022-03-07 08:00:00,1992.978,2002.518,1985.658,1990.166,240,417
2022-03-07 12:00:00,1990.166,1991.548,1960.878,1980.788,240,345
2022-03-07 16:00:00,1980.792,1997.258,1974.798,1995.838,240,293
2022-03-07 20:00:00,1995.807,1999.798,1992.092,1998.608,180,392
2022-03-08 00:00:00,1998.678,1999.928,1980.938,1985.898,240,430
2022-03-08 04:00:00,1985.888,2020.828,1985.468,2016.029,240,437
2022-03-08 08:00:00,2015.964,2019.968,1999.268,2009.018,240,340
2022-03-08 12:00:00,2009.098,2069.832,2003.478,2047.096,240,417
2022-03-08 16:00:00,2047.126,2070.358,2021.098,2039.258,240,486
2022-03-08 20:00:00,2039.322,2054.008,2032.272,2043.648,180,403
2022-03-09 00:00:00,2043.728,2057.418,2034.958,2056.758,240,470
2022-03-09 04:00:00,2056.758,2059.068,2038.128,2045.711,240,462
2022-03-09 08:00:00,2045.758,2049.208,2004.078,2011.501,240,404
2022-03-09 12:00:00,2011.518,2021.408,1976.008,1995.978,240,375
2022-03-09 16:00:00,1995.958,2005.408,1979.49,1989.378,240,420
2022-03-09 20:00:00,1989.298,1998.988,1986.748,1989.728,180,507
2022-03-10 00:00:00,1989.728,1989.888,1970.508,1976.248,240,430
2022-03-10 04:00:00,1976.248,1988.978,1974.208,1975.208,240,460
2022-03-10 08:00:00,1975.208,2007.842,1974.738,2005.138,240,472
2022-03-10 12:00:00,2005.142,2009.062,1981.608,1995.022,240,405
2022-03-10 16:00:00,1995.142,2005.902,1990.228,1996.152,240,411
2022-03-10 20:00:00,1996.115,2003.248,1993.748,1995.168,180,340
2022-03-11 00:00:00,1995.168,1997.142,1988.128,1990.818,240,576
2022-03-11 04:00:00,1990.818,1992.588,1980.848,1991.428,240,459
2022-03-11 08:00:00,1991.418,1994.842,1969.382,1979.482,240,522
2022-03-11 12:00:00,1979.326,1981.848,1958.438,1980.628,240,481
2022-03-11 16:00:00,1980.628,1989.948,1978.198,1985.392,240,461
2022-03-11 20:00:00,1985.402,1988.248,1981.938,1988.248,120,506
2022-03-13 20:00:00,1984.742,1990.308,1970.548,1974.108,120,898
2022-03-14 00:00:00,1974.148,1978.662,1969.918,1975.468,240,554
2022-03-14 04:00:00,1975.468,1978.468,1971.088,1972.678,240,459
2022-03-14 08:00:00,1972.658,1973.342,1954.628,1965.231,240,503
2022-03-14 12:00:00,1965.231,1967.882,1949.628,1954.842,240,382
2022-03-14 16:00:00,1954.718,1961.828,1950.478,1952.518,240,382
2022-03-14 20:00:00,1952.468,1954.458,1950.068,1952.058,180,468
2022-03-15 00:00:00,1952.058,1952.088,1939.465,1942.088,240,543
2022-03-15 04:00:00,1942.058,1942.248,1924.828,1929.158,240,513
2022-03-15 08:00:00,1929.158,1935.229,1920.458,1926.424,240,479
2022-03-15 12:00:00,1926.424,1928.678,1906.948,1925.018,240,429
2022-03-15 16:00:00,1925.053,1930.903,1916.138,1916.568,240,394
2022-03-15 20:00:00,1916.508,1920.378,1913.688,1917.853,180,508
2022-03-16 00:00:00,1917.829,1924.668,1917.0,1917.938,240,530
2022-03-16 04:00:00,1917.928,1920.038,1912.508,1916.053,240,469
2022-03-16 08:00:00,1916.053,1926.933,1911.568,1924.498,240,430
2022-03-16 12:00:00,1924.427,1925.588,1903.898,1911.578,240,371
2022-03-16 16:00:00,1911.573,1929.228,1894.948,1927.848,240,390
2022-03-16 20:00:00,1927.738,1929.328,1921.158,1926.898,180,574
2022-03-17 00:00:00,1926.888,1938.138,1925.363,1936.228,240,494
2022-03-17 04:00:00,1936.218,1937.328,1929.948,1935.388,240,427
2022-03-17 08:00:00,1935.408,1946.793,1934.613,1943.128,240,431
2022-03-17 12:00:00,1943.118,1949.748,1935.387,1948.153,240,404
2022-03-17 16:00:00,1948.119,1948.193,1935.298,1937.268,240,410
2022-03-17 20:00:00,1937.268,1943.928,1936.248,1943.778,180,495
2022-03-18 00:00:00,1943.765,1945.203,1926.708,1935.008,240,472
2022-03-18 04:00:00,1934.998,1936.078,1929.868,1934.188,240,566
2022-03-18 08:00:00,1934.158,1940.513,1928.848,1939.833,240,464
2022-03-18 12:00:00,1939.848,1940.713,1921.628,1932.288,240,396
2022-03-18 16:00:00,1932.288,1932.868,1917.798,1919.958,240,378
2022-03-18 20:00:00,1920.098,1921.548,1918.023,1921.198,60,482
2022-03-20 20:00:00,1921.358,1926.168,1918.058,1918.938,120,859
2022-03-21 00:00:00,1918.928,1928.598,1918.628,1926.298,240,475
2022-03-21 04:00:00,1926.318,1928.848,1921.858,1924.918,240,434
2022-03-21 08:00:00,1924.918,1928.803,1922.378,1925.213,240,445
2022-03-21 12:00:00,1925.259,1937.408,1917.858,1934.91,240,399
2022-03-21 16:00:00,1934.928,1941.168,1926.848,1934.988,240,412
2022-03-21 20:00:00,1935.013,1936.953,1933.648,1935.488,180,494
2022-03-22 00:00:00,1935.488,1937.798,1929.178,1936.558,240,448
2022-03-22 04:00:00,1936.558,1938.268,1932.128,1933.358,240,449
2022-03-22 08:00:00,1933.338,1933.338,1922.649,1927.588,240,443
2022-03-22 12:00:00,1927.568,1930.803,1910.508,1917.828,240,393
2022-03-22 16:00:00,1917.759,1924.803,1917.543,1921.528,240,376
2022-03-22 20:00:00,1921.538,1922.088,1919.248,1919.543,180,473
2022-03-23 00:00:00,1919.523,1924.248,1915.453,1921.718,240,430
2022-03-23 04:00:00,1921.748,1922.448,1916.888,1920.458,240,431
2022-03-23 08:00:00,1920.468,1934.903,1920.223,1930.573,240,456
2022-03-23 12:00:00,1930.489,1936.619,1924.828,1929.298,240,383
2022-03-23 16:00:00,1929.298,1948.293,1927.608,1946.653,240,358
2022-03-23 20:00:00,1946.653,1947.278,1942.203,1945.968,180,358
2022-03-24 00:00:00,1945.919,1948.479,1938.578,1938.733,240,428
2022-03-24 04:00:00,1938.733,1944.048,1937.278,1943.788,240,418
2022-03-24 08:00:00,1943.788,1956.653,1937.802,1956.358,240,422
2022-03-24 12:00:00,1956.374,1965.668,1942.397,1962.877,240,417
2022-03-24 16:00:00,1962.877,1966.083,1960.508,1961.432,240,419
2022-03-24 20:00:00,1961.468,1962.258,1956.117,1959.155,180,383
2022-03-25 00:00:00,1959.155,1964.153,1957.603,1960.741,240,430
2022-03-25 04:00:00,1960.741,1962.408,1953.052,1954.667,240,397
2022-03-25 08:00:00,1954.689,1960.517,1949.808,1953.078,240,400
2022-03-25 12:00:00,1953.078,1961.728,1942.998,1957.008,240,403
2022-03-25 16:00:00,1957.018,1959.443,1951.543,1954.268,240,385
2022-03-25 20:00:00,1954.348,1958.178,1953.708,1957.688,60,476
2022-03-27 20:00:00,1956.968,1959.053,1954.613,1957.063,120,847
2022-03-28 00:00:00,1957.063,1958.258,1942.168,1944.498,240,442
2022-03-28 04:00:00,1944.498,1944.793,1931.538,1933.153,240,422
2022-03-28 08:00:00,1933.153,1934.213,1925.197,1930.068,240,388
2022-03-28 12:00:00,1930.02,1945.523,1929.488,1936.578,240,417
2022-03-28 16:00:00,1936.578,1939.988,1916.838,1919.028,240,381
2022-03-28 20:00:00,1919.028,1924.888,1918.858,1923.918,180,418
2022-03-29 00:00:00,1923.938,1929.168,1921.324,1925.063,240,458
2022-03-29 04:00:00,1925.048,1925.048,1918.788,1919.143,240,451
2022-03-29 08:00:00,1919.143,1920.688,1900.858,1907.928,240,354
2022-03-29 12:00:00,1907.968,1915.288,1889.998,1915.198,240,377
2022-03-29 16:00:00,1915.198,1921.313,1912.598,1919.308,239,417
2022-03-29 20:00:00,1919.348,1921.158,1916.103,1916.268,180,418
2022-03-30 00:00:00,1916.298,1925.398,1915.788,1923.513,240,458
2022-03-30 04:00:00,1923.508,1928.298,1920.518,1920.838,240,497
2022-03-30 08:00:00,1920.835,1925.433,1917.108,1923.743,240,419
2022-03-30 12:00:00,1923.803,1938.428,1922.353,1936.983,240,417
2022-03-30 16:00:00,1936.983,1937.103,1930.398,1934.103,240,353
2022-03-30 20:00:00,1934.198,1935.898,1931.458,1933.958,180,443
2022-03-31 00:00:00,1933.938,1934.048,1923.769,1924.978,240,496
2022-03-31 04:00:00,1924.928,1933.748,1918.988,1931.209,240,479
2022-03-31 08:00:00,1931.245,1932.608,1922.368,1930.818,240,413
2022-03-31 12:00:00,1930.818,1945.032,1927.968,1944.259,240,396
2022-03-31 16:00:00,1944.259,1949.723,1934.798,1936.438,240,399
2022-03-31 20:00:00,1936.588,1937.768,1934.559,1936.675,180,492
2022-04-01 00:00:00,1936.675,1938.518,1932.353,1938.053,240,457
2022-04-01 04:00:00,1938.053,1939.358,1929.328,1930.593,240,439
2022-04-01 08:00:00,1930.593,1936.359,1924.118,1928.585,240,419
2022-04-01 12:00:00,1928.585,1933.878,1918.63,1925.818,240,418
2022-04-01 16:00:00,1925.828,1926.858,1917.908,1922.423,240,384
2022-04-01 20:00:00,1922.518,1925.223,1922.089,1924.778,60,437
2022-04-03 20:00:00,1923.788,1925.758,1921.308,1924.578,120,715
2022-04-04 00:00:00,1924.578,1926.708,1918.148,1918.853,240,462
2022-04-04 04:00:00,1918.853,1930.878,1915.328,1929.738,240,411
2022-04-04 08:00:00,1929.738,1932.963,1925.488,1929.168,240,413
2022-04-04 12:00:00,1929.128,1936.878,1924.248,1933.508,240,380
2022-04-04 16:00:00,1933.538,1933.888,1928.683,1932.298,240,409
2022-04-04 20:00:00,1932.398,1933.808,1930.673,1931.428,180,456
2022-04-05 00:00:00,1931.428,1932.993,1927.258,1928.488,240,427
2022-04-05 04:00:00,1928.478,1933.458,1926.328,1927.513,240,391
2022-04-05 08:00:00,1927.498,1932.308,1925.338,1927.673,240,404
2022-04-05 12:00:00,1927.673,1944.463,1918.928,1920.768,240,386
2022-04-05 16:00:00,1920.768,1925.548,1917.838,1920.358,240,440
2022-04-05 20:00:00,1920.278,1924.128,1919.948,1920.518,180,460
2022-04-06 00:00:00,1920.458,1925.163,1916.543,1923.768,240,405
2022-04-06 04:00:00,1923.808,1924.218,1915.038,1921.668,240,413
2022-04-06 08:00:00,1921.668,1933.348,1918.108,1921.418,240,426
2022-04-06 12:00:00,1921.418,1931.818,1919.373,1927.802,240,416
2022-04-06 16:00:00,1927.802,1929.418,1915.558,1924.822,240,369
2022-04-06 20:00:00,1924.718,1926.508,1922.098,1923.632,180,439
2022-04-07 00:00:00,1923.678,1927.224,1920.968,1922.177,240,395
2022-04-07 04:00:00,1922.175,1928.048,1920.378,1925.425,240,401
2022-04-07 08:00:00,1925.43,1931.628,1923.468,1930.502,240,385
2022-04-07 12:00:00,1930.518,1937.708,1924.508,1933.692,240,391
2022-04-07 16:00:00,1933.662,1936.798,1929.398,1932.162,240,332
2022-04-07 20:00:00,1932.248,1933.678,1929.888,1932.848,179,422
2022-04-08 00:00:00,1932.878,1935.368,1928.508,1930.772,240,421
2022-04-08 04:00:00,1930.738,1932.848,1927.548,1931.902,240,401
2022-04-08 08:00:00,1931.902,1934.478,1929.902,1933.478,240,405
2022-04-08 12:00:00,1933.678,1948.088,1928.988,1941.552,240,370
2022-04-08 16:00:00,1941.552,1944.612,1938.862,1943.998,240,350
2022-04-08 20:00:00,1943.998,1947.822,1943.212,1947.138,60,433
2022-04-10 20:00:00,1946.138,1949.838,1943.118,1944.578,120,704
2022-04-11 00:00:00,1944.578,1947.668,1940.168,1942.742,240,362
2022-04-11 04:00:00,1942.742,1946.808,1939.882,1945.772,240,438
2022-04-11 08:00:00,1945.692,1961.568,1945.158,1960.542,240,362
2022-04-11 12:00:00,1960.542,1969.558,1945.678,1951.302,240,384
2022-04-11 16:00:00,1951.278,1954.448,1940.738,1953.568,240,359
2022-04-11 20:00:00,1953.595,1955.712,1951.362,1952.638,180,457
2022-04-12 00:00:00,1952.638,1959.112,1949.702,1958.908,240,406
2022-04-12 04:00:00,1959.008,1960.398,1952.728,1953.172,240,411
2022-04-12 08:00:00,1953.292,1957.482,1949.518,1956.508,240,364
2022-04-12 12:00:00,1956.508,1978.508,1955.138,1970.548,240,385
2022-04-12 16:00:00,1970.538,1975.818,1964.608,1968.788,240,360
2022-04-12 20:00:00,1968.778,1968.858,1964.528,1965.758,180,393
2022-04-13 00:00:00,1965.752,1972.132,1962.718,1969.738,240,390
2022-04-13 04:00:00,1969.738,1973.448,1965.593,1971.088,240,391
2022-04-13 08:00:00,1971.083,1980.112,1969.888,1977.953,240,378
2022-04-13 12:00:00,1977.933,1981.338,1971.723,1980.838,240,390
2022-04-13 16:00:00,1980.848,1981.482,1974.672,1978.048,240,352
2022-04-13 20:00:00,1978.048,1979.007,1976.232,1977.062,180,380
2022-04-14 00:00:00,1977.088,1980.248,1973.458,1973.544,240,381
2022-04-14 04:00:00,1973.544,1978.238,1970.588,1975.342,240,438
2022-04-14 08:00:00,1975.472,1978.892,1967.108,1977.158,240,345
2022-04-14 12:00:00,1977.162,1979.728,1960.412,1966.662,240,434
2022-04-14 16:00:00,1966.662,1975.048,1966.568,1971.568,240,344
2022-04-14 20:00:00,1971.512,1973.378,1971.512,1973.218,59,413
2022-04-17 20:00:00,1974.038,1988.028,1970.838,1986.622,120,710
2022-04-18 00:00:00,1986.618,1988.438,1982.484,1984.698,240,460
2022-04-18 04:00:00,1984.738,1992.618,1983.208,1991.428,240,422
2022-04-18 08:00:00,1991.338,1993.762,1987.662,1991.812,240,380
2022-04-18 12:00:00,1991.798,1998.268,1982.738,1988.962,240,391
2022-04-18 16:00:00,1988.962,1990.462,1976.122,1978.102,240,363
2022-04-18 20:00:00,1978.102,1978.842,1976.138,1977.058,179,374
2022-04-19 00:00:00,1977.068,1978.818,1974.728,1978.562,240,391
2022-04-19 04:00:00,1978.558,1980.688,1972.612,1977.892,240,364
2022-04-19 08:00:00,1977.962,1981.118,1974.616,1979.972,240,373
2022-04-19 12:00:00,1979.972,1981.848,1950.258,1956.328,240,357
2022-04-19 16:00:00,1956.328,1958.142,1943.588,1947.982,240,343
2022-04-19 20:00:00,1947.998,1951.418,1947.108,1949.618,180,405
2022-04-20 00:00:00,1949.592,1950.028,1942.558,1943.928,240,424
2022-04-20 04:00:00,1943.932,1946.618,1939.16,1943.682,240,431
2022-04-20 08:00:00,1943.692,1955.028,1940.042,1952.012,240,348
2022-04-20 12:00:00,1952.028,1954.478,1943.758,1950.822,240,354
2022-04-20 16:00:00,1950.838,1958.068,1949.218,1957.612,240,346
2022-04-20 20:00:00,1957.662,1958.208,1954.518,1956.662,180,359
2022-04-21 00:00:00,1956.658,1957.278,1950.219,1951.268,240,441
2022-04-21 04:00:00,1951.268,1953.918,1949.589,1949.642,240,439
2022-04-21 08:00:00,1949.632,1949.802,1936.632,1939.716,240,361
2022-04-21 12:00:00,1939.696,1949.498,1937.358,1939.885,240,400
2022-04-21 16:00:00,1939.885,1953.932,1938.172,1950.988,240,353
2022-04-21 20:00:00,1950.958,1952.828,1950.108,1950.848,180,366
2022-04-22 00:00:00,1950.848,1953.512,1945.792,1950.338,240,421
2022-04-22 04:00:00,1950.338,1955.482,1949.57,1950.853,240,446
2022-04-22 08:00:00,1950.808,1951.428,1930.718,1935.288,240,378
2022-04-22 12:00:00,1935.278,1946.285,1926.458,1938.968,240,392
2022-04-22 16:00:00,1938.958,1940.718,1931.578,1932.685,240,422
2022-04-22 20:00:00,1932.685,1934.568,1930.678,1930.708,60,418
2022-04-24 20:00:00,1930.523,1934.328,1927.953,1932.508,120,653
2022-04-25 00:00:00,1932.568,1932.663,1921.679,1923.978,240,422
2022-04-25 04:00:00,1923.988,1924.323,1912.128,1915.393,240,441
2022-04-25 08:00:00,1915.371,1921.078,1905.058,1907.418,240,386
2022-04-25 12:00:00,1907.428,1909.598,1891.373,1895.698,240,372
2022-04-25 16:00:00,1895.703,1902.423,1894.318,1897.873,240,368
2022-04-25 20:00:00,1897.833,1900.463,1897.053,1899.258,180,345
2022-04-26 00:00:00,1899.248,1904.963,1897.228,1902.173,240,428
2022-04-26 04:00:00,1902.178,1907.398,1895.608,1896.588,240,366
2022-04-26 08:00:00,1896.553,1909.523,1896.028,1903.373,240,366
2022-04-26 12:00:00,1903.428,1911.108,1900.248,1901.593,240,386
2022-04-26 16:00:00,1901.593,1905.103,1896.378,1901.003,240,378
2022-04-26 20:00:00,1900.993,1906.878,1900.793,1906.453,180,425
2022-04-27 00:00:00,1906.458,1906.723,1896.778,1899.013,240,462
2022-04-27 04:00:00,1898.968,1903.448,1895.891,1897.568,240,405
2022-04-27 08:00:00,1897.568,1901.288,1886.468,1900.288,240,389
2022-04-27 12:00:00,1900.221,1906.898,1881.248,1884.868,240,385
2022-04-27 16:00:00,1884.878,1891.438,1884.758,1886.363,240,420
2022-04-27 20:00:00,1886.306,1886.306,1883.081,1885.513,180,397
2022-04-28 00:00:00,1885.493,1886.658,1877.498,1878.828,240,457
2022-04-28 04:00:00,1878.818,1886.618,1871.938,1884.888,240,430
2022-04-28 08:00:00,1884.888,1891.658,1879.858,1886.103,240,403
2022-04-28 12:00:00,1886.038,1895.248,1881.823,1885.868,240,412
2022-04-28 16:00:00,1885.968,1896.608,1884.668,1895.888,240,376
2022-04-28 20:00:00,1895.888,1896.188,1892.468,1895.428,180,387
2022-04-29 00:00:00,1895.418,1905.738,1894.888,1904.228,240,418
2022-04-29 04:00:00,1904.228,1917.788,1903.353,1917.145,240,377
2022-04-29 08:00:00,1917.145,1919.838,1912.818,1919.418,240,369
2022-04-29 12:00:00,1919.418,1919.705,1902.428,1909.523,240,392
2022-04-29 16:00:00,1909.523,1911.523,1894.373,1896.518,240,408
2022-04-29 20:00:00,1896.448,1897.613,1895.263,1895.748,60,529
2022-05-01 20:00:00,1895.635,1899.788,1895.338,1897.118,120,509
2022-05-02 00:00:00,1897.118,1898.373,1884.368,1888.448,240,435
2022-05-02 04:00:00,1888.428,1888.438,1882.623,1884.147,240,451
2022-05-02 08:00:00,1884.137,1885.398,1875.713,1876.013,240,395
2022-05-02 12:00:00,1875.939,1876.598,1854.468,1869.994,240,353
2022-05-02 16:00:00,1869.998,1870.128,1859.808,1861.668,240,335
2022-05-02 20:00:00,1861.598,1864.213,1861.173,1863.098,180,392
2022-05-03 00:00:00,1863.098,1866.998,1859.578,1862.493,240,391
2022-05-03 04:00:00,1862.468,1864.468,1853.318,1855.523,240,370
2022-05-03 08:00:00,1855.523,1863.858,1850.308,1863.788,240,362
2022-05-03 12:00:00,1863.738,1877.998,1856.692,1871.528,240,353
2022-05-03 16:00:00,1871.496,1872.393,1865.173,1866.028,240,356
2022-05-03 20:00:00,1866.028,1869.328,1865.598,1868.278,180,423
2022-05-04 00:00:00,1868.278,1868.298,1861.533,1864.578,240,409
2022-05-04 04:00:00,1864.538,1871.788,1861.298,1870.698,240,361
2022-05-04 08:00:00,1870.698,1872.008,1865.848,1868.778,240,357
2022-05-04 12:00:00,1868.778,1870.758,1861.538,1868.508,240,384
2022-05-04 16:00:00,1868.508,1889.663,1861.688,1883.968,240,431
2022-05-04 20:00:00,1883.778,1893.998,1880.508,1893.814,180,492
2022-05-05 00:00:00,1893.814,1903.263,1892.888,1901.103,240,442
2022-05-05 04:00:00,1901.108,1902.118,1891.633,1894.943,240,417
2022-05-05 08:00:00,1894.878,1900.168,1889.383,1897.283,240,374
2022-05-05 12:00:00,1897.198,1909.633,1874.248,1875.015,240,372
2022-05-05 16:00:00,1875.015,1880.935,1872.358,1877.805,240,384
2022-05-05 20:00:00,1877.908,1879.218,1873.903,1874.078,180,393
2022-05-06 00:00:00,1874.063,1877.308,1866.001,1876.794,240,460
2022-05-06 04:00:00,1876.806,1877.788,1872.946,1873.993,240,459
2022-05-06 08:00:00,1874.013,1885.448,1873.008,1881.773,240,386
2022-05-06 12:00:00,1881.778,1892.373,1874.318,1886.438,240,578
2022-05-06 16:00:00,1886.418,1889.738,1880.553,1880.913,240,377
2022-05-06 20:00:00,1880.913,1883.563,1880.338,1883.148,60,485
2022-05-08 20:00:00,1883.068,1885.558,1879.778,1881.128,120,704
2022-05-09 00:00:00,1881.118,1881.988,1873.628,1874.858,240,403
2022-05-09 04:00:00,1874.848,1876.128,1866.328,1869.648,240,428
2022-05-09 08:00:00,1869.648,1872.048,1856.108,1860.348,240,386
2022-05-09 12:00:00,1860.398,1871.448,1857.622,1861.222,240,379
2022-05-09 16:00:00,1861.222,1866.008,1852.528,1853.448,240,360
2022-05-09 20:00:00,1853.448,1854.798,1851.558,1854.565,180,373
2022-05-10 00:00:00,1854.565,1864.308,1852.388,1864.208,240,419
2022-05-10 04:00:00,1864.208,1865.278,1859.223,1859.433,240,430
2022-05-10 08:00:00,1859.433,1864.973,1856.152,1860.313,240,366
2022-05-10 12:00:00,1860.278,1864.463,1841.313,1844.188,240,387
2022-05-10 16:00:00,1844.208,1847.328,1835.388,1836.768,240,363
2022-05-10 20:00:00,1836.875,1840.463,1833.218,1833.463,180,369
2022-05-11 00:00:00,1833.463,1839.898,1831.838,1836.338,240,417
2022-05-11 04:00:00,1836.203,1851.067,1835.793,1848.593,240,405
2022-05-11 08:00:00,1848.593,1854.296,1846.563,1850.192,240,363
2022-05-11 12:00:00,1850.192,1858.018,1834.898,1852.198,240,386
2022-05-11 16:00:00,1852.168,1856.368,1850.028,1852.963,240,385
2022-05-11 20:00:00,1852.963,1856.068,1850.783,1853.963,180,414
2022-05-12 00:00:00,1854.058,1858.708,1851.728,1852.908,240,424
2022-05-12 04:00:00,1852.938,1853.998,1843.863,1850.668,240,416
2022-05-12 08:00:00,1850.648,1852.165,1839.918,1842.358,240,410
2022-05-12 12:00:00,1842.318,1848.998,1833.288,1835.438,240,467
2022-05-12 16:00:00,1835.418,1837.063,1821.378,1823.876,240,477
2022-05-12 20:00:00,1823.848,1823.848,1810.734,1821.248,180,375
2022-05-13 00:00:00,1821.248,1826.918,1820.713,1824.778,240,475
2022-05-13 04:00:00,1824.778,1828.678,1821.208,1824.144,240,402
2022-05-13 08:00:00,1824.148,1826.498,1812.808,1813.888,240,394
2022-05-13 12:00:00,1813.888,1818.218,1798.968,1808.923,240,393
2022-05-13 16:00:00,1808.958,1812.938,1806.802,1809.646,240,374
2022-05-13 20:00:00,1809.588,1812.164,1809.008,1810.678,60,470
2022-05-15 20:00:00,1809.648,1814.768,1809.628,1813.078,120,647
2022-05-16 00:00:00,1813.048,1817.488,1809.388,1810.598,240,439
2022-05-16 04:00:00,1810.608,1811.168,1786.638,1792.808,240,437
2022-05-16 08:00:00,1792.71,1807.2,1792.538,1800.37,240,459
2022-05-16 12:00:00,1800.368,1815.818,1797.95,1813.688,240,465
2022-05-16 16:00:00,1813.728,1826.834,1811.774,1826.164,240,395
2022-05-16 20:00:00,1826.268,1829.268,1822.018,1826.254,180,416
2022-05-17 00:00:00,1826.393,1828.768,1821.728,1822.558,240,419
2022-05-17 04:00:00,1822.538,1830.178,1822.498,1824.003,240,416
2022-05-17 08:00:00,1824.033,1835.998,1823.578,1834.503,240,396
2022-05-17 12:00:00,1834.503,1835.798,1817.888,1818.598,240,431
2022-05-17 16:00:00,1818.603,1823.053,1813.508,1815.995,240,360
2022-05-17 20:00:00,1815.995,1816.138,1812.778,1814.428,180,403
2022-05-18 00:00:00,1814.398,1817.148,1807.578,1808.358,240,419
2022-05-18 04:00:00,1808.358,1816.473,1807.778,1815.428,240,423
2022-05-18 08:00:00,1815.408,1820.343,1807.515,1808.768,240,375
2022-05-18 12:00:00,1808.808,1824.614,1807.228,1823.324,240,407
2022-05-18 16:00:00,1823.428,1823.518,1815.234,1816.048,240,381
2022-05-18 20:00:00,1815.988,1817.248,1815.284,1815.938,180,435
2022-05-19 00:00:00,1815.948,1817.613,1813.748,1815.938,240,438
2022-05-19 04:00:00,1815.948,1817.278,1810.798,1813.083,240,407
2022-05-19 08:00:00,1813.058,1832.258,1810.833,1830.348,240,383
2022-05-19 12:00:00,1830.448,1849.053,1827.303,1842.258,240,378
2022-05-19 16:00:00,1842.268,1843.998,1839.778,1842.618,240,424
2022-05-19 20:00:00,1842.578,1844.478,1840.273,1841.944,180,385
2022-05-20 00:00:00,1841.973,1843.228,1836.358,1841.438,240,374
2022-05-20 04:00:00,1841.428,1849.304,1840.818,1844.028,240,388
2022-05-20 08:00:00,1843.961,1847.693,1841.048,1842.368,240,370
2022-05-20 12:00:00,1842.368,1846.618,1832.178,1842.323,240,382
2022-05-20 16:00:00,1842.338,1845.378,1839.504,1844.568,240,382
2022-05-20 20:00:00,1844.528,1846.518,1844.284,1845.738,60,424
2022-05-22 20:00:00,1844.686,1857.858,1843.353,1846.218,120,775
2022-05-23 00:00:00,1846.218,1854.808,1845.648,1854.238,240,472
2022-05-23 04:00:00,1854.238,1858.128,1851.858,1856.423,240,439
2022-05-23 08:00:00,1856.408,1865.334,1855.898,1862.108,240,382
2022-05-23 12:00:00,1862.178,1864.478,1850.403,1851.888,240,393
2022-05-23 16:00:00,1851.878,1858.718,1846.948,1852.913,240,381
2022-05-23 20:00:00,1852.968,1854.978,1852.538,1853.758,180,399
2022-05-24 00:00:00,1853.768,1855.798,1849.208,1855.608,240,420
2022-05-24 04:00:00,1855.633,1859.948,1850.294,1859.929,240,389
2022-05-24 08:00:00,1859.939,1860.598,1854.623,1858.038,240,373
2022-05-24 12:00:00,1858.008,1869.573,1854.008,1869.138,240,376
2022-05-24 16:00:00,1869.078,1869.558,1862.638,1866.798,240,383
2022-05-24 20:00:00,1866.763,1867.738,1864.63,1867.345,180,415
2022-05-25 00:00:00,1867.345,1867.878,1859.538,1862.448,240,411
2022-05-25 04:00:00,1862.548,1863.263,1855.754,1858.483,240,384
2022-05-25 08:00:00,1858.468,1860.038,1851.118,1855.028,240,367
2022-05-25 12:00:00,1855.048,1856.978,1842.138,1845.698,240,400
2022-05-25 16:00:00,1845.693,1856.218,1843.308,1854.968,240,351
2022-05-25 20:00:00,1855.098,1855.238,1851.898,1853.908,180,397
2022-05-26 00:00:00,1853.908,1854.218,1848.728,1850.688,240,380
2022-05-26 04:00:00,1850.688,1851.448,1842.753,1847.798,240,369
2022-05-26 08:00:00,1847.798,1849.708,1840.798,1846.423,240,387
2022-05-26 12:00:00,1846.423,1853.363,1841.249,1846.408,240,373
2022-05-26 16:00:00,1846.398,1853.723,1845.938,1851.998,240,370
2022-05-26 20:00:00,1851.998,1853.763,1850.228,1852.628,179,420
2022-05-27 00:00:00,1852.648,1856.313,1847.828,1854.428,240,480
2022-05-27 04:00:00,1854.418,1858.499,1851.818,1858.158,240,400
2022-05-27 08:00:00,1858.158,1860.293,1856.558,1858.248,240,408
2022-05-27 12:00:00,1858.288,1861.838,1850.453,1854.573,240,408
2022-05-27 16:00:00,1854.598,1854.943,1851.894,1853.358,240,376
2022-05-27 20:00:00,1853.288,1854.313,1852.404,1852.838,59,483
2022-05-29 20:00:00,1852.538,1853.788,1848.008,1849.753,120,850
2022-05-30 00:00:00,1849.748,1860.878,1848.598,1860.428,240,433
2022-05-30 04:00:00,1860.518,1863.883,1858.263,1858.518,240,436
2022-05-30 08:00:00,1858.554,1860.008,1854.103,1854.318,240,401
2022-05-30 12:00:00,1854.318,1861.053,1853.993,1855.665,240,400
2022-05-30 16:00:00,1855.665,1856.788,1853.928,1855.753,149,387
2022-05-30 20:00:00,1855.938,1856.763,1851.888,1852.358,120,826
2022-05-31 00:00:00,1852.328,1853.278,1845.838,1852.098,240,355
2022-05-31 04:00:00,1852.098,1856.263,1850.958,1854.628,240,400
2022-05-31 08:00:00,1854.628,1857.018,1844.488,1848.703,240,379
2022-05-31 12:00:00,1848.703,1855.313,1839.848,1843.478,240,413
2022-05-31 16:00:00,1843.468,1846.138,1834.858,1835.918,240,386
2022-05-31 20:00:00,1835.868,1838.408,1835.318,1836.328,180,402
2022-06-01 00:00:00,1836.318,1837.948,1833.148,1836.593,240,435
2022-06-01 04:00:00,1836.578,1836.767,1829.538,1833.578,240,412
2022-06-01 08:00:00,1833.568,1837.062,1828.358,1829.588,240,389
2022-06-01 12:00:00,1829.588,1848.988,1828.766,1845.468,240,389
2022-06-01 16:00:00,1845.468,1849.894,1844.568,1847.178,240,378
2022-06-01 20:00:00,1847.138,1847.718,1845.324,1845.864,180,402
2022-06-02 00:00:00,1845.864,1848.813,1843.908,1844.693,240,415
2022-06-02 04:00:00,1844.703,1853.183,1843.978,1851.058,240,370
2022-06-02 08:00:00,1851.058,1856.863,1850.435,1855.724,240,352
2022-06-02 12:00:00,1855.724,1869.678,1850.748,1867.824,240,402
2022-06-02 16:00:00,1867.824,1870.338,1866.378,1869.478,240,383
2022-06-02 20:00:00,1869.528,1870.508,1867.828,1869.718,180,412
2022-06-03 00:00:00,1869.738,1873.963,1867.688,1868.848,240,397
2022-06-03 04:00:00,1868.828,1869.073,1864.238,1864.543,240,378
2022-06-03 08:00:00,1864.514,1867.738,1863.208,1863.614,240,400
2022-06-03 12:00:00,1863.628,1866.756,1851.498,1851.828,240,505
2022-06-03 16:00:00,1851.828,1851.878,1847.273,1850.548,240,352
2022-06-03 20:00:00,1850.478,1851.513,1849.843,1850.338,60,436
2022-06-05 20:00:00,1850.618,1853.113,1849.538,1851.458,120,828
2022-06-06 00:00:00,1851.468,1856.268,1850.303,1856.018,240,417
2022-06-06 04:00:00,1855.978,1856.518,1851.418,1852.108,240,354
2022-06-06 08:00:00,1852.118,1855.483,1850.808,1853.698,240,370
2022-06-06 12:00:00,1853.791,1857.748,1841.638,1843.463,240,412
2022-06-06 16:00:00,1843.508,1844.008,1840.578,1842.008,240,389
2022-06-06 20:00:00,1841.918,1842.363,1837.798,1839.288,180,408
2022-06-07 00:00:00,1839.268,1842.368,1836.923,1840.058,240,389
2022-06-07 04:00:00,1840.028,1846.246,1838.398,1841.998,240,417
2022-06-07 08:00:00,1842.028,1851.838,1842.008,1847.278,240,395
2022-06-07 12:00:00,1847.278,1853.433,1842.228,1851.284,240,367
2022-06-07 16:00:00,1851.323,1855.458,1848.678,1854.224,240,338
2022-06-07 20:00:00,1854.224,1854.448,1851.048,1853.458,180,378
2022-06-08 00:00:00,1853.548,1853.608,1846.633,1846.654,240,405
2022-06-08 04:00:00,1846.654,1851.168,1845.658,1849.848,240,349
2022-06-08 08:00:00,1849.883,1851.568,1846.583,1851.408,240,380
2022-06-08 12:00:00,1851.408,1859.573,1844.478,1858.348,240,353
2022-06-08 16:00:00,1858.338,1858.718,1851.978,1852.358,240,354
2022-06-08 20:00:00,1852.333,1854.308,1848.828,1852.643,180,366
2022-06-09 00:00:00,1852.673,1855.268,1850.758,1854.953,240,423
2022-06-09 04:00:00,1854.953,1855.138,1848.824,1849.943,240,401
2022-06-09 08:00:00,1849.968,1850.868,1844.609,1846.094,240,378
2022-06-09 12:00:00,1846.098,1852.531,1839.91,1845.618,240,358
2022-06-09 16:00:00,1845.628,1850.448,1844.963,1847.008,240,363
2022-06-09 20:00:00,1846.878,1848.078,1846.154,1846.794,180,407
2022-06-10 00:00:00,1846.798,1848.134,1844.538,1844.698,240,392
2022-06-10 04:00:00,1844.728,1847.483,1843.058,1845.394,240,368
2022-06-10 08:00:00,1845.394,1846.808,1833.511,1834.796,240,366
2022-06-10 12:00:00,1834.796,1867.653,1824.948,1867.173,240,364
2022-06-10 16:00:00,1867.173,1875.868,1865.828,1871.983,240,360
2022-06-10 20:00:00,1871.918,1872.298,1870.274,1871.038,60,468
2022-06-12 20:00:00,1874.938,1878.763,1873.638,1876.883,120,736
2022-06-13 00:00:00,1876.878,1877.363,1860.033,1863.404,240,417
2022-06-13 04:00:00,1863.404,1867.068,1855.603,1857.188,240,426
2022-06-13 08:00:00,1857.188,1858.858,1852.583,1854.578,240,357
2022-06-13 12:00:00,1854.618,1857.558,1823.303,1828.838,240,385
2022-06-13 16:00:00,1828.838,1833.443,1819.188,1822.648,240,372
2022-06-13 20:00:00,1822.628,1823.578,1809.153,1820.878,180,478
2022-06-14 00:00:00,1820.833,1827.908,1819.148,1825.318,240,413
2022-06-14 04:00:00,1825.338,1831.538,1823.878,1827.808,240,404
2022-06-14 08:00:00,1827.784,1830.068,1816.008,1817.058,240,394
2022-06-14 12:00:00,1817.058,1822.613,1809.278,1810.368,240,407
2022-06-14 16:00:00,1810.368,1814.563,1804.963,1808.238,240,380
2022-06-14 20:00:00,1808.358,1810.913,1806.574,1810.773,180,434
2022-06-15 00:00:00,1810.813,1819.248,1808.528,1815.518,240,415
2022-06-15 04:00:00,1815.508,1823.954,1813.108,1820.658,240,386
2022-06-15 08:00:00,1820.644,1835.378,1817.278,1831.014,240,340
2022-06-15 12:00:00,1830.978,1836.416,1818.513,1821.188,240,383
2022-06-15 16:00:00,1821.238,1841.838,1812.968,1831.548,240,356
2022-06-15 20:00:00,1831.518,1835.488,1831.088,1833.708,180,618
2022-06-16 00:00:00,1833.708,1836.314,1829.603,1832.598,240,475
2022-06-16 04:00:00,1832.598,1833.418,1826.248,1830.128,240,402
2022-06-16 08:00:00,1830.148,1835.898,1814.718,1819.013,240,540
2022-06-16 12:00:00,1819.058,1846.848,1819.013,1845.188,240,661
2022-06-16 16:00:00,1845.206,1852.608,1844.478,1852.048,240,345
2022-06-16 20:00:00,1852.103,1857.418,1849.784,1850.634,180,416
2022-06-17 00:00:00,1850.638,1851.278,1841.508,1842.063,240,509
2022-06-17 04:00:00,1842.063,1849.908,1841.813,1848.613,240,431
2022-06-17 08:00:00,1848.613,1852.368,1844.406,1847.848,240,377
2022-06-17 12:00:00,1848.008,1852.953,1836.548,1841.038,240,369
2022-06-17 16:00:00,1841.078,1842.238,1833.714,1836.838,240,354
2022-06-17 20:00:00,1836.848,1841.758,1836.224,1838.778,60,440
2022-06-19 20:00:00,1837.448,1840.228,1834.493,1838.318,120,817
2022-06-20 00:00:00,1838.318,1845.998,1834.998,1843.728,240,418
2022-06-20 04:00:00,1843.738,1844.898,1839.253,1839.914,240,459
2022-06-20 08:00:00,1839.914,1843.648,1836.303,1837.908,240,376
2022-06-20 12:00:00,1838.014,1843.148,1835.874,1838.118,240,393
2022-06-20 16:00:00,1838.118,1838.358,1835.338,1837.718,149,394
2022-06-20 20:00:00,1837.963,1839.008,1836.838,1838.988,120,957
2022-06-21 00:00:00,1838.936,1842.328,1838.398,1840.077,240,389
2022-06-21 04:00:00,1840.077,1840.738,1832.468,1838.268,240,360
2022-06-21 08:00:00,1838.204,1838.378,1830.667,1833.408,240,379
2022-06-21 12:00:00,1833.418,1843.518,1832.668,1835.128,240,361
2022-06-21 16:00:00,1835.128,1836.958,1828.424,1830.498,240,343
2022-06-21 20:00:00,1830.498,1834.553,1828.968,1831.325,180,425
2022-06-22 00:00:00,1831.325,1831.548,1825.468,1827.483,240,426
2022-06-22 04:00:00,1827.473,1830.288,1823.738,1826.659,240,390
2022-06-22 08:00:00,1826.723,1842.928,1823.288,1836.291,240,354
2022-06-22 12:00:00,1836.372,1847.778,1835.278,1837.908,240,341
2022-06-22 16:00:00,1837.908,1841.588,1835.668,1837.568,240,360
2022-06-22 20:00:00,1837.623,1838.268,1836.088,1836.428,180,375
2022-06-23 00:00:00,1836.438,1838.538,1832.268,1832.648,240,429
2022-06-23 04:00:00,1832.688,1838.008,1830.958,1837.812,240,425
2022-06-23 08:00:00,1837.758,1837.913,1823.798,1829.288,240,352
2022-06-23 12:00:00,1829.178,1846.238,1828.438,1833.078,240,350
2022-06-23 16:00:00,1833.066,1834.478,1822.388,1826.283,240,366
2022-06-23 20:00:00,1826.343,1826.343,1822.408,1824.448,180,364
2022-06-24 00:00:00,1824.443,1826.368,1821.514,1825.088,240,479
2022-06-24 04:00:00,1825.032,1831.686,1821.048,1829.928,240,424
2022-06-24 08:00:00,1829.908,1830.063,1822.028,1824.798,240,377
2022-06-24 12:00:00,1824.848,1831.223,1816.898,1826.978,240,357
2022-06-24 16:00:00,1826.978,1830.773,1823.558,1824.108,240,340
2022-06-24 20:00:00,1824.088,1827.402,1824.088,1825.858,60,368
2022-06-26 20:00:00,1837.376,1839.363,1829.858,1830.928,120,805
2022-06-27 00:00:00,1830.918,1836.763,1828.058,1834.703,240,453
2022-06-27 04:00:00,1834.688,1840.948,1834.343,1834.818,240,384
2022-06-27 08:00:00,1834.843,1840.41,1833.238,1833.888,240,355
2022-06-27 12:00:00,1833.873,1834.463,1820.678,1825.008,240,343
2022-06-27 16:00:00,1825.018,1826.948,1821.838,1822.455,240,387
2022-06-27 20:00:00,1822.468,1823.533,1821.543,1823.443,180,402
2022-06-28 00:00:00,1823.423,1826.308,1822.228,1825.883,240,366
2022-06-28 04:00:00,1825.913,1829.198,1824.618,1826.858,240,375
2022-06-28 08:00:00,1826.858,1829.412,1820.228,1825.423,240,349
2022-06-28 12:00:00,1825.394,1826.663,1818.479,1820.628,240,362
2022-06-28 16:00:00,1820.628,1823.698,1818.268,1819.508,240,359
2022-06-28 20:00:00,1819.608,1820.763,1818.148,1818.298,180,425
2022-06-29 00:00:00,1818.308,1822.968,1818.228,1820.623,240,403
2022-06-29 04:00:00,1820.623,1822.278,1815.898,1816.781,240,416
2022-06-29 08:00:00,1816.73,1827.248,1811.978,1824.863,240,354
2022-06-29 12:00:00,1824.863,1832.958,1814.806,1818.433,240,356
2022-06-29 16:00:00,1818.433,1819.603,1815.543,1818.333,240,356
2022-06-29 20:00:00,1818.288,1819.153,1817.098,1818.763,180,404
2022-06-30 00:00:00,1818.768,1821.923,1817.073,1817.238,240,457
2022-06-30 04:00:00,1817.238,1817.686,1812.383,1814.963,240,380
2022-06-30 08:00:00,1814.963,1816.963,1802.628,1805.258,240,334
2022-06-30 12:00:00,1805.268,1825.008,1802.618,1814.258,240,350
2022-06-30 16:00:00,1814.234,1814.674,1805.394,1806.738,240,405
2022-06-30 20:00:00,1806.784,1807.798,1804.364,1806.428,180,365
2022-07-01 00:00:00,1806.448,1807.064,1801.208,1801.324,240,477
2022-07-01 04:00:00,1801.324,1802.998,1792.292,1794.609,240,386
2022-07-01 08:00:00,1794.609,1796.968,1785.008,1790.408,240,357
2022-07-01 12:00:00,1790.391,1808.734,1784.397,1806.158,240,350
2022-07-01 16:00:00,1806.174,1809.198,1797.788,1805.238,240,350
2022-07-01 20:00:00,1805.288,1811.698,1805.288,1810.598,60,404
2022-07-03 20:00:00,1812.078,1812.169,1807.868,1807.924,120,920
2022-07-04 00:00:00,1808.215,1814.198,1805.378,1811.264,240,475
2022-07-04 04:00:00,1811.268,1813.304,1808.104,1808.664,240,439
2022-07-04 08:00:00,1808.664,1809.148,1803.836,1805.164,240,378
2022-07-04 12:00:00,1805.168,1810.878,1805.038,1806.304,240,371
2022-07-04 16:00:00,1806.304,1807.924,1805.314,1807.474,149,416
2022-07-04 20:00:00,1807.176,1809.688,1807.058,1809.108,120,778
2022-07-05 00:00:00,1809.158,1812.058,1806.438,1810.788,240,420
2022-07-05 04:00:00,1810.768,1811.938,1805.654,1806.008,240,443
2022-07-05 08:00:00,1805.903,1805.938,1797.338,1798.008,240,358
2022-07-05 12:00:00,1798.008,1804.568,1764.888,1768.858,240,368
2022-07-05 16:00:00,1768.868,1771.288,1763.748,1766.868,240,335
2022-07-05 20:00:00,1766.837,1769.938,1763.984,1769.364,180,378
2022-07-06 00:00:00,1769.364,1772.784,1768.208,1769.164,240,475
2022-07-06 04:00:00,1769.124,1770.168,1763.0,1767.688,240,379
2022-07-06 08:00:00,1767.694,1771.684,1759.934,1763.134,240,354
2022-07-06 12:00:00,1763.058,1767.818,1732.624,1733.598,240,360
2022-07-06 16:00:00,1733.598,1743.848,1732.128,1739.318,240,340
2022-07-06 20:00:00,1739.548,1740.698,1738.098,1739.818,180,419
2022-07-07 00:00:00,1739.834,1746.864,1736.358,1745.698,240,424
2022-07-07 04:00:00,1745.698,1747.558,1741.054,1744.554,240,395
2022-07-07 08:00:00,1744.554,1745.154,1739.974,1743.648,240,330
2022-07-07 12:00:00,1743.714,1749.014,1737.858,1739.678,240,326
2022-07-07 16:00:00,1739.688,1742.894,1738.598,1740.508,240,352
2022-07-07 20:00:00,1740.548,1741.788,1738.818,1741.628,180,363
2022-07-08 00:00:00,1741.738,1746.508,1740.528,1742.284,240,395
2022-07-08 04:00:00,1742.288,1743.728,1733.098,1736.419,240,400
2022-07-08 08:00:00,1736.419,1743.248,1734.708,1740.848,240,368
2022-07-08 12:00:00,1740.848,1752.387,1732.919,1742.294,240,473
2022-07-08 16:00:00,1742.344,1744.418,1740.408,1741.198,240,346
2022-07-08 20:00:00,1741.248,1742.514,1741.058,1741.838,60,523
2022-07-10 20:00:00,1742.848,1744.528,1740.098,1741.828,120,728
2022-07-11 00:00:00,1741.828,1743.374,1738.358,1742.448,240,464
2022-07-11 04:00:00,1742.448,1742.618,1735.892,1736.665,240,500
2022-07-11 08:00:00,1736.665,1739.814,1733.554,1734.778,240,347
2022-07-11 12:00:00,1734.778,1742.617,1734.024,1737.984,240,321
2022-07-11 16:00:00,1737.994,1738.154,1731.128,1732.098,240,355
2022-07-11 20:00:00,1732.068,1734.328,1731.868,1733.104,180,402
2022-07-12 00:00:00,1733.128,1744.098,1723.048,1733.294,240,389
2022-07-12 04:00:00,1733.334,1737.924,1725.468,1734.194,240,447
2022-07-12 08:00:00,1734.194,1739.308,1731.408,1735.405,240,392
2022-07-12 12:00:00,1735.405,1736.758,1725.998,1731.834,240,352
2022-07-12 16:00:00,1731.824,1732.428,1724.458,1725.644,240,369
2022-07-12 20:00:00,1725.638,1726.328,1724.794,1725.218,180,349
2022-07-13 00:00:00,1725.218,1728.654,1722.668,1727.078,240,437
2022-07-13 04:00:00,1727.078,1728.508,1722.348,1726.704,240,411
2022-07-13 08:00:00,1726.737,1731.758,1725.194,1729.258,240,332
2022-07-13 12:00:00,1729.458,1745.284,1706.948,1737.334,240,416
2022-07-13 16:00:00,1737.324,1739.954,1732.368,1732.968,240,380
2022-07-13 20:00:00,1732.948,1736.2,1729.988,1731.914,180,421
2022-07-14 00:00:00,1731.914,1733.464,1725.344,1731.854,240,429
2022-07-14 04:00:00,1731.854,1732.118,1714.998,1718.161,240,375
2022-07-14 08:00:00,1718.184,1718.768,1709.848,1713.508,240,361
2022-07-14 12:00:00,1713.564,1714.914,1697.438,1711.366,240,349
2022-07-14 16:00:00,1711.388,1712.338,1704.754,1708.908,240,379
2022-07-14 20:00:00,1708.898,1711.774,1708.774,1711.504,180,366
2022-07-15 00:00:00,1711.504,1716.518,1708.308,1708.404,240,454
2022-07-15 04:00:00,1708.408,1712.298,1700.544,1703.394,240,388
2022-07-15 08:00:00,1703.394,1707.807,1701.086,1704.371,240,362
2022-07-15 12:00:00,1704.368,1713.964,1698.948,1704.559,240,385
2022-07-15 16:00:00,1704.559,1705.718,1703.058,1705.418,240,335
2022-07-15 20:00:00,1705.378,1707.898,1704.734,1707.798,60,384
2022-07-17 20:00:00,1707.238,1710.528,1705.758,1710.174,120,519
2022-07-18 00:00:00,1710.138,1717.588,1707.368,1715.874,240,443
2022-07-18 04:00:00,1715.874,1720.698,1711.808,1718.608,240,402
2022-07-18 08:00:00,1718.588,1723.798,1712.868,1715.388,240,366
2022-07-18 12:00:00,1715.418,1721.158,1708.794,1710.368,240,354
2022-07-18 16:00:00,1710.358,1712.824,1706.584,1707.378,240,376
2022-07-18 20:00:00,1707.368,1710.054,1706.764,1708.144,180,376
2022-07-19 00:00:00,1708.124,1709.514,1705.224,1709.324,240,426
2022-07-19 04:00:00,1709.294,1711.584,1707.318,1711.558,240,395
2022-07-19 08:00:00,1711.514,1718.321,1710.688,1713.956,240,334
2022-07-19 12:00:00,1714.138,1715.184,1708.448,1714.294,240,304
2022-07-19 16:00:00,1714.284,1714.396,1709.644,1711.964,240,357
2022-07-19 20:00:00,1711.916,1712.326,1709.534,1709.888,178,411
2022-07-20 00:00:00,1709.838,1713.294,1709.364,1711.988,240,375
2022-07-20 04:00:00,1711.988,1713.284,1705.906,1707.424,240,405
2022-07-20 08:00:00,1707.474,1713.917,1706.291,1708.131,240,351
2022-07-20 12:00:00,1708.131,1714.411,1706.154,1707.831,240,299
2022-07-20 16:00:00,1707.831,1707.938,1695.534,1695.618,240,309
2022-07-20 20:00:00,1695.608,1697.146,1692.338,1695.308,180,390
2022-07-21 00:00:00,1695.298,1695.388,1689.808,1691.478,240,427
2022-07-21 04:00:00,1691.484,1693.698,1685.108,1689.348,240,428
2022-07-21 08:00:00,1689.428,1689.508,1680.748,1684.788,240,352
2022-07-21 12:00:00,1684.788,1718.248,1683.774,1713.136,240,443
2022-07-21 16:00:00,1713.136,1719.848,1710.328,1719.528,240,338
2022-07-21 20:00:00,1719.518,1720.238,1717.038,1718.036,180,386
2022-07-22 00:00:00,1718.036,1718.908,1712.724,1713.578,240,404
2022-07-22 04:00:00,1713.578,1720.363,1712.958,1716.188,240,373
2022-07-22 08:00:00,1716.228,1730.103,1715.918,1728.408,240,312
2022-07-22 12:00:00,1728.448,1739.253,1722.098,1731.044,240,311
2022-07-22 16:00:00,1731.144,1731.338,1720.264,1723.978,240,359
2022-07-22 20:00:00,1723.964,1727.444,1723.378,1726.618,60,450
2022-07-24 20:00:00,1728.148,1728.148,1724.148,1724.598,120,685
2022-07-25 00:00:00,1724.578,1728.764,1719.768,1727.364,240,438
2022-07-25 04:00:00,1727.364,1729.098,1723.658,1725.524,240,388
2022-07-25 08:00:00,1725.558,1736.174,1725.234,1725.901,240,358
2022-07-25 12:00:00,1725.995,1727.294,1714.653,1716.378,240,329
2022-07-25 16:00:00,1716.356,1721.318,1715.388,1718.974,240,319
2022-07-25 20:00:00,1719.028,1719.828,1717.928,1718.878,180,352
2022-07-26 00:00:00,1718.998,1728.074,1718.578,1723.898,240,418
2022-07-26 04:00:00,1723.908,1727.854,1720.908,1724.676,240,424
2022-07-26 08:00:00,1724.676,1725.684,1716.031,1717.708,240,347
2022-07-26 12:00:00,1717.748,1721.818,1713.534,1716.918,240,353
2022-07-26 16:00:00,1716.918,1720.104,1716.228,1717.506,240,368
2022-07-26 20:00:00,1717.508,1718.458,1716.248,1717.814,180,391
2022-07-27 00:00:00,1717.808,1719.964,1715.678,1716.628,240,441
2022-07-27 04:00:00,1716.608,1721.794,1713.578,1719.608,240,392
2022-07-27 08:00:00,1719.638,1725.048,1719.518,1720.538,240,381
2022-07-27 12:00:00,1720.538,1723.127,1711.315,1718.764,240,358
2022-07-27 16:00:00,1718.764,1740.138,1718.394,1734.278,240,353
2022-07-27 20:00:00,1734.288,1739.764,1732.984,1738.628,180,405
2022-07-28 00:00:00,1738.618,1741.524,1733.828,1736.778,240,498
2022-07-28 04:00:00,1736.778,1744.605,1735.268,1744.164,240,438
2022-07-28 08:00:00,1744.145,1748.448,1737.745,1740.315,240,330
2022-07-28 12:00:00,1740.305,1756.775,1735.998,1752.948,240,326
2022-07-28 16:00:00,1752.974,1755.544,1750.238,1755.178,240,348
2022-07-28 20:00:00,1755.198,1757.004,1754.148,1754.738,180,354
2022-07-29 00:00:00,1754.828,1763.818,1752.524,1762.794,240,473
2022-07-29 04:00:00,1762.794,1767.784,1760.444,1766.414,240,386
2022-07-29 08:00:00,1766.369,1766.369,1756.204,1761.154,240,297
2022-07-29 12:00:00,1761.154,1767.094,1751.928,1765.789,240,316
2022-07-29 16:00:00,1765.784,1766.594,1760.788,1761.302,240,333
2022-07-29 20:00:00,1761.294,1766.314,1761.294,1765.698,60,379
2022-07-31 20:00:00,1764.809,1766.11,1760.728,1762.078,120,670
2022-08-01 00:00:00,1762.078,1765.734,1760.338,1761.958,240,493
2022-08-01 04:00:00,1761.938,1767.306,1758.208,1764.362,240,408
2022-08-01 08:00:00,1764.364,1774.882,1762.128,1772.552,240,319
2022-08-01 12:00:00,1772.552,1775.314,1764.098,1768.688,240,347
2022-08-01 16:00:00,1768.648,1773.314,1766.388,1770.844,240,344
2022-08-01 20:00:00,1770.828,1772.498,1770.684,1772.158,179,349
2022-08-02 00:00:00,1772.158,1780.388,1770.718,1774.519,240,412
2022-08-02 04:00:00,1774.514,1776.068,1768.797,1772.124,240,406
2022-08-02 08:00:00,1772.108,1779.674,1770.304,1778.48,240,334
2022-08-02 12:00:00,1778.48,1787.928,1774.518,1777.965,240,369
2022-08-02 16:00:00,1777.965,1778.358,1760.354,1760.502,240,356
2022-08-02 20:00:00,1760.502,1763.568,1754.828,1756.648,180,354
2022-08-03 00:00:00,1756.618,1769.244,1755.368,1768.817,240,448
2022-08-03 04:00:00,1768.814,1770.568,1765.048,1766.094,240,384
2022-08-03 08:00:00,1766.154,1768.257,1760.18,1765.442,240,312
2022-08-03 12:00:00,1765.424,1772.662,1754.198,1758.422,240,314
2022-08-03 16:00:00,1758.422,1766.174,1757.318,1765.144,240,324
2022-08-03 20:00:00,1765.088,1765.988,1763.174,1763.615,180,343
2022-08-04 00:00:00,1763.615,1771.398,1763.258,1770.614,240,437
2022-08-04 04:00:00,1770.614,1774.758,1768.938,1772.945,240,445
2022-08-04 08:00:00,1772.945,1786.178,1772.664,1785.578,240,309
2022-08-04 12:00:00,1785.578,1790.108,1774.148,1787.668,240,369
2022-08-04 16:00:00,1787.678,1794.898,1787.044,1793.468,240,307
2022-08-04 20:00:00,1793.488,1793.658,1789.634,1793.264,180,365
2022-08-05 00:00:00,1793.264,1794.764,1788.654,1792.018,240,460
2022-08-05 04:00:00,1792.008,1792.798,1788.504,1790.447,240,422
2022-08-05 08:00:00,1790.417,1790.667,1783.76,1787.75,240,305
2022-08-05 12:00:00,1787.75,1789.123,1764.907,1773.628,240,486
2022-08-05 16:00:00,1773.638,1775.958,1771.464,1773.338,240,334
2022-08-05 20:00:00,1773.464,1775.604,1772.848,1774.718,60,432
2022-08-07 20:00:00,1773.748,1774.968,1770.565,1774.438,120,854
2022-08-08 00:00:00,1774.428,1775.344,1771.01,1773.268,240,474
2022-08-08 04:00:00,1773.268,1779.104,1771.148,1777.658,240,416
2022-08-08 08:00:00,1777.618,1783.144,1772.438,1782.744,240,330
2022-08-08 12:00:00,1782.738,1789.924,1780.544,1787.048,240,335
2022-08-08 16:00:00,1787.048,1789.334,1785.534,1788.418,240,349
2022-08-08 20:00:00,1788.414,1790.564,1787.748,1789.034,180,382
2022-08-09 00:00:00,1789.044,1790.078,1783.038,1785.598,240,454
2022-08-09 04:00:00,1785.568,1789.168,1783.457,1787.008,240,399
2022-08-09 08:00:00,1786.998,1794.578,1786.332,1789.358,240,362
2022-08-09 12:00:00,1789.388,1800.364,1787.975,1796.055,240,356
2022-08-09 16:00:00,1796.042,1798.224,1793.258,1793.894,240,339
2022-08-09 20:00:00,1793.904,1794.968,1793.118,1793.968,178,342
2022-08-10 00:00:00,1793.988,1794.498,1790.838,1791.154,240,429
2022-08-10 04:00:00,1791.134,1791.778,1787.478,1790.364,240,395
2022-08-10 08:00:00,1790.378,1795.214,1788.524,1792.274,240,344
2022-08-10 12:00:00,1792.274,1807.768,1787.574,1797.954,240,416
2022-08-10 16:00:00,1797.934,1800.068,1788.048,1790.158,240,349
2022-08-10 20:00:00,1790.134,1792.748,1789.778,1791.528,180,362
2022-08-11 00:00:00,1791.548,1792.274,1784.344,1785.684,240,453
2022-08-11 04:00:00,1785.684,1788.228,1783.378,1787.924,240,387
2022-08-11 08:00:00,1787.918,1795.038,1785.588,1794.788,240,352
2022-08-11 12:00:00,1794.758,1799.149,1786.268,1790.324,240,353
2022-08-11 16:00:00,1790.354,1791.924,1784.928,1785.544,240,280
2022-08-11 20:00:00,1785.594,1790.114,1785.498,1788.828,180,311
2022-08-12 00:00:00,1788.814,1791.328,1786.038,1791.014,240,397
2022-08-12 04:00:00,1790.968,1794.024,1787.208,1788.694,240,405
2022-08-12 08:00:00,1788.674,1789.684,1784.798,1785.245,240,274
2022-08-12 12:00:00,1785.194,1798.648,1784.844,1794.804,240,316
2022-08-12 16:00:00,1794.814,1802.068,1794.814,1801.328,240,317
2022-08-12 20:00:00,1801.398,1802.548,1800.128,1801.778,60,362
2022-08-14 20:00:00,1802.308,1802.308,1798.828,1799.015,120,753
2022-08-15 00:00:00,1799.015,1801.588,1793.848,1795.228,240,435
2022-08-15 04:00:00,1795.228,1795.328,1786.068,1786.814,240,437
2022-08-15 08:00:00,1786.814,1788.024,1772.818,1774.958,240,351
2022-08-15 12:00:00,1775.049,1786.328,1772.968,1780.684,240,363
2022-08-15 16:00:00,1780.694,1784.024,1777.352,1778.864,240,336
2022-08-15 20:00:00,1778.858,1780.314,1777.698,1778.384,180,396
2022-08-16 00:00:00,1778.474,1783.038,1776.668,1781.194,240,463
2022-08-16 04:00:00,1781.184,1782.015,1775.864,1775.864,240,388
2022-08-16 08:00:00,1775.864,1777.835,1773.744,1775.914,240,343
2022-08-16 12:00:00,1775.924,1778.528,1771.368,1774.268,240,357
2022-08-16 16:00:00,1774.244,1777.444,1772.708,1775.694,240,339
2022-08-16 20:00:00,1775.684,1775.918,1774.91,1775.488,180,379
2022-08-17 00:00:00,1775.498,1776.848,1773.678,1775.718,240,399
2022-08-17 04:00:00,1775.688,1782.194,1773.348,1773.444,240,412
2022-08-17 08:00:00,1773.444,1776.848,1767.198,1769.174,240,341
2022-08-17 12:00:00,1769.174,1773.608,1761.228,1762.048,240,325
2022-08-17 16:00:00,1762.038,1770.144,1759.714,1764.368,240,305
2022-08-17 20:00:00,1764.378,1765.234,1761.01,1764.865,180,333
2022-08-18 00:00:00,1764.865,1767.394,1761.678,1762.214,240,445
2022-08-18 04:00:00,1762.234,1765.284,1760.728,1762.618,240,379
2022-08-18 08:00:00,1762.627,1772.294,1762.478,1770.354,240,346
2022-08-18 12:00:00,1770.354,1771.914,1757.642,1759.684,240,349
2022-08-18 16:00:00,1759.694,1761.144,1755.218,1759.464,240,325
2022-08-18 20:00:00,1759.464,1759.574,1757.138,1758.378,180,364
2022-08-19 00:00:00,1758.355,1758.458,1753.354,1754.088,240,486
2022-08-19 04:00:00,1754.048,1757.288,1751.654,1753.878,240,386
2022-08-19 08:00:00,1753.864,1754.548,1749.728,1752.894,240,316
2022-08-19 12:00:00,1752.874,1757.998,1745.581,1748.954,240,336
2022-08-19 16:00:00,1748.954,1750.868,1745.438,1746.408,240,328
2022-08-19 20:00:00,1746.348,1747.39,1746.118,1746.498,60,408
2022-08-21 20:00:00,1746.298,1747.958,1744.848,1745.538,120,674
2022-08-22 00:00:00,1745.558,1748.958,1744.758,1746.418,240,451
2022-08-22 04:00:00,1746.418,1746.418,1736.384,1737.048,240,390
2022-08-22 08:00:00,1737.018,1738.444,1730.604,1733.244,240,349
2022-08-22 12:00:00,1733.264,1739.93,1727.668,1736.694,240,347
2022-08-22 16:00:00,1736.694,1737.652,1733.684,1734.898,240,333
2022-08-22 20:00:00,1734.878,1736.478,1734.204,1735.084,179,399
2022-08-23 00:00:00,1735.084,1740.424,1734.045,1738.324,240,465
2022-08-23 04:00:00,1738.314,1738.764,1734.578,1738.238,240,427
2022-08-23 08:00:00,1738.238,1743.764,1734.328,1737.964,240,329
2022-08-23 12:00:00,1737.964,1753.974,1730.688,1749.644,240,324
2022-08-23 16:00:00,1749.644,1750.414,1745.748,1747.078,240,341
2022-08-23 20:00:00,1747.102,1748.414,1745.214,1745.868,180,383
2022-08-24 00:00:00,1745.848,1747.578,1743.898,1745.308,240,431
2022-08-24 04:00:00,1745.318,1748.034,1744.114,1747.798,240,453
2022-08-24 08:00:00,1747.828,1753.585,1742.355,1745.388,240,338
2022-08-24 12:00:00,1745.388,1755.798,1742.858,1751.088,240,330
2022-08-24 16:00:00,1751.128,1752.978,1747.608,1752.008,240,329
2022-08-24 20:00:00,1751.948,1752.664,1750.42,1750.908,180,390
2022-08-25 00:00:00,1750.898,1757.614,1749.828,1756.294,240,409
2022-08-25 04:00:00,1756.254,1763.604,1755.364,1762.344,240,392
2022-08-25 08:00:00,1762.374,1765.368,1761.694,1762.394,240,337
2022-08-25 12:00:00,1762.378,1762.684,1752.294,1755.224,240,348
2022-08-25 16:00:00,1755.244,1759.778,1754.254,1757.264,240,343
2022-08-25 20:00:00,1757.348,1758.768,1755.938,1756.255,179,374
2022-08-26 00:00:00,1756.255,1757.348,1752.194,1757.308,240,459
2022-08-26 04:00:00,1757.248,1758.684,1751.704,1753.038,240,394
2022-08-26 08:00:00,1753.038,1753.084,1743.594,1745.004,240,327
2022-08-26 12:00:00,1744.994,1756.148,1734.204,1737.024,240,330
2022-08-26 16:00:00,1737.044,1739.464,1734.058,1736.694,240,347
2022-08-26 20:00:00,1736.644,1738.664,1736.404,1737.338,60,441
2022-08-28 20:00:00,1736.068,1738.348,1733.258,1734.654,120,636
2022-08-29 00:00:00,1734.664,1736.058,1723.248,1724.438,240,414
2022-08-29 04:00:00,1724.418,1725.734,1720.457,1721.454,240,414
2022-08-29 08:00:00,1721.474,1729.674,1720.208,1727.608,240,353
2022-08-29 12:00:00,1727.628,1745.418,1725.554,1740.394,240,340
2022-08-29 16:00:00,1740.414,1740.744,1735.798,1737.674,240,329
2022-08-29 20:00:00,1737.658,1739.708,1736.318,1739.348,179,378
2022-08-30 00:00:00,1739.398,1740.334,1733.701,1734.864,240,492
2022-08-30 04:00:00,1734.844,1736.848,1728.918,1731.254,240,403
2022-08-30 08:00:00,1731.254,1737.838,1730.898,1732.878,240,323
2022-08-30 12:00:00,1732.878,1733.294,1721.098,1725.964,240,344
2022-08-30 16:00:00,1725.954,1727.018,1722.898,1723.064,240,331
2022-08-30 20:00:00,1723.064,1724.488,1722.128,1723.198,180,334
2022-08-31 00:00:00,1723.198,1724.428,1720.484,1723.918,240,443
2022-08-31 04:00:00,1723.878,1726.428,1719.618,1720.928,240,355
2022-08-31 08:00:00,1720.878,1721.758,1709.558,1713.904,240,314
2022-08-31 12:00:00,1713.874,1723.388,1709.698,1718.668,240,328
2022-08-31 16:00:00,1718.668,1719.064,1709.618,1710.018,240,298
2022-08-31 20:00:00,1709.998,1711.314,1705.598,1708.818,180,313
2022-09-01 00:00:00,1708.794,1708.794,1702.174,1704.514,240,415
2022-09-01 04:00:00,1704.484,1708.434,1702.584,1705.004,240,424
2022-09-01 08:00:00,1704.998,1708.604,1699.878,1701.704,240,317
2022-09-01 12:00:00,1701.674,1703.994,1688.668,1695.448,240,318
2022-09-01 16:00:00,1695.478,1699.588,1694.348,1694.594,240,326
2022-09-01 20:00:00,1694.594,1697.758,1694.164,1697.018,180,334
2022-09-02 00:00:00,1697.034,1700.204,1696.178,1699.424,240,431
2022-09-02 04:00:00,1699.404,1704.454,1698.508,1703.578,240,363
2022-09-02 08:00:00,1703.588,1707.255,1702.004,1705.698,240,305
2022-09-02 12:00:00,1705.728,1717.878,1704.098,1715.914,240,415
2022-09-02 16:00:00,1716.114,1716.404,1708.678,1709.545,240,334
2022-09-02 20:00:00,1709.545,1712.748,1709.178,1711.278,60,359
2022-09-04 20:00:00,1712.598,1713.001,1707.804,1707.995,120,594
2022-09-05 00:00:00,1707.995,1712.764,1707.574,1711.894,240,406
2022-09-05 04:00:00,1711.938,1713.948,1708.14,1710.631,240,378
2022-09-05 08:00:00,1710.64,1715.668,1710.385,1713.598,240,318
2022-09-05 12:00:00,1713.578,1713.708,1709.895,1710.338,240,328
2022-09-05 16:00:00,1710.354,1712.168,1709.328,1710.448,149,300
2022-09-05 20:00:00,1709.418,1714.298,1708.541,1713.928,120,572
2022-09-06 00:00:00,1713.928,1726.566,1713.478,1717.628,240,385
2022-09-06 04:00:00,1717.658,1720.664,1713.523,1715.628,240,428
2022-09-06 08:00:00,1715.619,1716.028,1710.593,1714.464,240,303
2022-09-06 12:00:00,1714.434,1714.938,1701.208,1702.994,240,329
2022-09-06 16:00:00,1702.994,1704.324,1699.708,1700.018,240,323
2022-09-06 20:00:00,1699.988,1703.738,1699.804,1703.374,180,396
2022-09-07 00:00:00,1703.408,1703.678,1692.288,1693.284,240,381
2022-09-07 04:00:00,1693.284,1703.578,1691.218,1703.123,240,357
2022-09-07 08:00:00,1703.124,1707.11,1700.178,1701.014,240,318
2022-09-07 12:00:00,1701.044,1713.358,1696.929,1710.484,240,318
2022-09-07 16:00:00,1710.474,1719.138,1709.488,1717.154,240,308
2022-09-07 20:00:00,1717.158,1719.318,1715.974,1716.528,180,328
2022-09-08 00:00:00,1716.498,1719.188,1713.408,1714.358,240,404
2022-09-08 04:00:00,1714.358,1722.728,1713.774,1717.638,240,392
2022-09-08 08:00:00,1717.614,1728.095,1716.088,1723.705,240,316
2022-09-08 12:00:00,1723.69,1726.535,1703.878,1707.104,240,350
2022-09-08 16:00:00,1707.124,1711.525,1704.711,1706.668,240,315
2022-09-08 20:00:00,1706.688,1710.804,1706.668,1710.558,180,331
2022-09-09 00:00:00,1710.578,1720.498,1709.698,1719.188,240,413
2022-09-09 04:00:00,1719.188,1729.344,1718.044,1727.124,240,381
2022-09-09 08:00:00,1727.124,1729.264,1719.654,1720.9,240,337
2022-09-09 12:00:00,1720.9,1722.415,1711.258,1716.699,240,315
2022-09-09 16:00:00,1716.699,1720.194,1714.498,1715.538,240,315
2022-09-09 20:00:00,1715.538,1717.814,1715.244,1715.938,60,371
2022-09-11 20:00:00,1717.058,1720.058,1716.241,1718.335,120,531
2022-09-12 00:00:00,1718.335,1718.638,1712.134,1713.488,240,390
2022-09-12 04:00:00,1713.488,1726.398,1711.808,1724.258,240,376
2022-09-12 08:00:00,1724.278,1729.784,1721.828,1729.504,240,330
2022-09-12 12:00:00,1729.504,1735.035,1723.618,1734.054,240,324
2022-09-12 16:00:00,1734.135,1734.764,1723.698,1724.428,240,316
2022-09-12 20:00:00,1724.404,1726.308,1723.944,1725.155,180,350
2022-09-13 00:00:00,1725.144,1727.464,1720.614,1721.208,240,395
2022-09-13 04:00:00,1721.208,1725.254,1719.888,1723.818,240,371
2022-09-13 08:00:00,1723.858,1731.355,1721.808,1729.684,240,301
2022-09-13 12:00:00,1729.654,1731.71,1696.934,1700.888,242,394
2022-09-13 16:00:00,1700.874,1707.224,1700.484,1702.378,240,323
2022-09-13 20:00:00,1702.418,1703.234,1700.448,1702.064,180,325
2022-09-14 00:00:00,1702.064,1703.458,1697.118,1700.294,240,405
2022-09-14 04:00:00,1700.324,1704.988,1698.787,1703.058,240,348
2022-09-14 08:00:00,1703.054,1706.068,1700.988,1701.518,240,318
2022-09-14 12:00:00,1701.548,1707.014,1699.168,1703.514,240,323
2022-09-14 16:00:00,1703.533,1703.728,1693.518,1695.458,240,309
2022-09-14 20:00:00,1695.468,1698.124,1695.058,1697.384,180,356
2022-09-15 00:00:00,1697.404,1697.735,1690.318,1692.604,240,363
2022-09-15 04:00:00,1692.588,1693.174,1685.548,1689.708,240,372
2022-09-15 08:00:00,1689.704,1691.248,1684.008,1686.233,240,329
2022-09-15 12:00:00,1686.23,1692.248,1663.438,1664.321,240,360
2022-09-15 16:00:00,1664.321,1669.144,1660.24,1663.788,240,359
2022-09-15 20:00:00,1663.758,1665.318,1661.198,1662.355,180,359
2022-09-16 00:00:00,1662.355,1667.564,1661.138,1664.288,240,393
2022-09-16 04:00:00,1664.258,1665.248,1654.298,1655.625,240,367
2022-09-16 08:00:00,1655.625,1667.745,1654.048,1665.358,240,315
2022-09-16 12:00:00,1665.338,1680.245,1657.065,1673.875,240,311
2022-09-16 16:00:00,1673.875,1677.625,1671.025,1673.118,240,299
2022-09-16 20:00:00,1673.095,1676.165,1672.912,1673.898,60,414
2022-09-18 20:00:00,1675.958,1679.865,1673.745,1677.848,120,577
2022-09-19 00:00:00,1677.818,1678.628,1668.063,1669.088,240,412
2022-09-19 04:00:00,1669.068,1669.588,1659.583,1662.648,240,392
2022-09-19 08:00:00,1662.608,1666.668,1660.625,1661.838,240,368
2022-09-19 12:00:00,1661.848,1675.228,1661.238,1670.598,240,334
2022-09-19 16:00:00,1670.618,1674.745,1668.785,1674.503,240,311
2022-09-19 20:00:00,1674.495,1675.958,1674.135,1675.635,180,339
2022-09-20 00:00:00,1675.615,1679.288,1673.263,1676.865,240,409
2022-09-20 04:00:00,1677.038,1677.115,1670.088,1672.492,240,384
2022-09-20 08:00:00,1672.492,1672.492,1666.008,1668.698,240,314
2022-09-20 12:00:00,1668.698,1669.198,1659.875,1665.525,240,346
2022-09-20 16:00:00,1665.525,1666.203,1661.457,1664.935,240,298
2022-09-20 20:00:00,1664.918,1666.598,1664.008,1666.281,180,391
2022-09-21 00:00:00,1666.281,1667.371,1662.743,1663.635,240,389
2022-09-21 04:00:00,1663.625,1676.078,1661.6,1670.938,240,398
2022-09-21 08:00:00,1670.875,1677.438,1669.318,1675.045,240,323
2022-09-21 12:00:00,1675.025,1676.278,1665.638,1667.468,240,319
2022-09-21 16:00:00,1667.438,1687.948,1653.649,1672.328,240,317
2022-09-21 20:00:00,1672.322,1674.618,1665.715,1666.938,180,464
2022-09-22 00:00:00,1666.928,1667.018,1656.585,1660.395,240,436
2022-09-22 04:00:00,1660.395,1663.578,1655.536,1658.755,240,463
2022-09-22 08:00:00,1658.768,1678.025,1657.815,1672.065,240,334
2022-09-22 12:00:00,1672.095,1684.788,1667.828,1671.435,240,324
2022-09-22 16:00:00,1671.435,1676.258,1669.238,1671.698,240,310
2022-09-22 20:00:00,1671.728,1672.795,1670.335,1672.605,180,345
2022-09-23 00:00:00,1672.605,1675.838,1668.458,1669.025,240,384
2022-09-23 04:00:00,1669.025,1674.058,1666.236,1667.318,240,407
2022-09-23 08:00:00,1667.318,1668.253,1641.008,1647.648,240,335
2022-09-23 12:00:00,1647.595,1657.79,1641.446,1646.142,240,329
2022-09-23 16:00:00,1646.152,1648.355,1639.617,1642.888,240,339
2022-09-23 20:00:00,1642.935,1645.088,1642.852,1643.598,60,360
2022-09-25 20:00:00,1643.458,1645.565,1640.198,1643.925,120,613
2022-09-26 00:00:00,1643.935,1645.768,1626.518,1638.315,240,406
2022-09-26 04:00:00,1638.318,1649.648,1634.508,1643.955,240,469
2022-09-26 08:00:00,1643.985,1647.458,1636.125,1639.865,240,333
2022-09-26 12:00:00,1639.865,1648.225,1634.108,1634.258,240,344
2022-09-26 16:00:00,1634.228,1635.138,1621.645,1624.168,240,334
2022-09-26 20:00:00,1624.218,1628.528,1621.033,1627.508,180,407
2022-09-27 00:00:00,1627.495,1632.968,1627.438,1631.058,240,358
2022-09-27 04:00:00,1631.058,1640.485,1630.868,1637.188,240,363
2022-09-27 08:00:00,1637.188,1642.335,1632.319,1636.635,240,327
2022-09-27 12:00:00,1636.635,1640.395,1631.818,1634.025,241,320
2022-09-27 16:00:00,1634.035,1634.095,1626.587,1627.135,240,314
2022-09-27 20:00:00,1627.205,1630.288,1627.205,1628.718,180,363
2022-09-28 00:00:00,1628.748,1630.445,1622.903,1624.503,240,375
2022-09-28 04:00:00,1624.508,1625.568,1614.71,1621.795,240,349
2022-09-28 08:00:00,1621.848,1631.494,1615.802,1624.328,240,315
2022-09-28 12:00:00,1624.328,1659.808,1624.088,1658.645,240,336
2022-09-28 16:00:00,1658.685,1662.645,1655.188,1660.515,240,338
2022-09-28 20:00:00,1660.495,1660.628,1656.095,1656.095,180,369
2022-09-29 00:00:00,1656.095,1659.285,1651.875,1654.285,240,381
2022-09-29 04:00:00,1654.345,1654.418,1641.408,1644.815,240,400
2022-09-29 08:00:00,1644.878,1652.15,1643.385,1651.298,240,328
2022-09-29 12:00:00,1651.318,1661.898,1644.465,1659.818,240,339
2022-09-29 16:00:00,1659.816,1664.746,1657.088,1661.025,240,321
2022-09-29 20:00:00,1661.025,1665.045,1659.475,1664.455,180,362
2022-09-30 00:00:00,1664.495,1665.165,1659.158,1662.098,240,417
2022-09-30 04:00:00,1662.098,1674.145,1661.088,1672.997,240,402
2022-09-30 08:00:00,1673.025,1674.055,1662.528,1663.158,240,322
2022-09-30 12:00:00,1663.168,1675.265,1661.915,1671.228,240,357
2022-09-30 16:00:00,1671.238,1671.628,1659.968,1661.645,240,332
2022-09-30 20:00:00,1661.608,1662.368,1659.978,1659.978,60,406
2022-10-02 20:00:00,1662.198,1665.268,1660.125,1664.085,120,603
2022-10-03 00:00:00,1664.005,1669.385,1663.365,1663.798,240,386
2022-10-03 04:00:00,1663.813,1668.185,1661.735,1663.658,240,417
2022-10-03 08:00:00,1663.658,1666.796,1659.595,1666.125,240,282
2022-10-03 12:00:00,1666.101,1694.008,1663.765,1690.265,240,313
2022-10-03 16:00:00,1690.265,1701.385,1687.153,1700.698,240,316
2022-10-03 20:00:00,1700.598,1702.465,1698.075,1700.918,180,361
2022-10-04 00:00:00,1700.918,1701.188,1695.068,1699.718,240,373
2022-10-04 04:00:00,1699.718,1710.591,1697.294,1708.038,240,395
2022-10-04 08:00:00,1708.038,1712.428,1700.422,1705.764,240,337
2022-10-04 12:00:00,1705.764,1728.814,1703.927,1725.608,240,325
2022-10-04 16:00:00,1725.668,1729.435,1719.934,1724.814,240,314
2022-10-04 20:00:00,1724.771,1726.388,1723.613,1725.424,180,374
2022-10-05 00:00:00,1725.434,1725.578,1717.718,1719.224,240,380
2022-10-05 04:00:00,1719.244,1727.664,1714.933,1716.294,240,408
2022-10-05 08:00:00,1716.294,1716.408,1703.068,1706.088,240,336
2022-10-05 12:00:00,1706.077,1714.098,1700.458,1708.978,240,318
2022-10-05 16:00:00,1709.038,1718.548,1707.548,1716.018,240,336
2022-10-05 20:00:00,1716.224,1718.703,1714.648,1718.248,180,358
2022-10-06 00:00:00,1718.264,1724.164,1717.874,1722.075,240,384
2022-10-06 04:00:00,1722.078,1725.434,1719.577,1724.607,240,387
2022-10-06 08:00:00,1724.607,1724.734,1710.768,1714.827,240,322
2022-10-06 12:00:00,1714.827,1719.513,1708.084,1708.104,240,364
2022-10-06 16:00:00,1708.104,1715.084,1706.812,1714.298,240,320
2022-10-06 20:00:00,1714.225,1714.534,1710.782,1711.825,180,359
2022-10-07 00:00:00,1711.825,1713.358,1709.098,1709.732,240,373
2022-10-07 04:00:00,1709.728,1713.954,1708.294,1710.824,240,363
2022-10-07 08:00:00,1710.782,1714.724,1706.088,1709.122,240,320
2022-10-07 12:00:00,1709.122,1713.284,1690.504,1703.054,240,536
2022-10-07 16:00:00,1703.054,1707.118,1693.088,1695.534,240,339
2022-10-07 20:00:00,1695.534,1695.814,1694.148,1694.458,60,404
2022-10-09 20:00:00,1695.464,1699.714,1695.464,1696.568,117,473
2022-10-10 00:00:00,1696.583,1697.128,1687.034,1688.758,240,403
2022-10-10 04:00:00,1688.768,1689.514,1682.078,1682.718,240,401
2022-10-10 08:00:00,1682.714,1684.445,1674.028,1676.895,240,346
2022-10-10 12:00:00,1676.855,1679.098,1665.478,1666.758,240,333
2022-10-10 16:00:00,1666.758,1671.515,1666.638,1668.915,240,447
2022-10-10 20:00:00,1668.998,1670.128,1667.365,1669.998,179,333
2022-10-11 00:00:00,1669.998,1673.538,1661.308,1664.018,240,425
2022-10-11 04:00:00,1664.028,1669.553,1661.748,1664.618,240,408
2022-10-11 08:00:00,1664.618,1670.568,1660.91,1670.086,240,352
2022-10-11 12:00:00,1670.085,1681.638,1663.385,1681.448,240,331
2022-10-11 16:00:00,1681.518,1683.84,1663.636,1666.365,240,361
2022-10-11 20:00:00,1666.365,1667.338,1663.765,1663.955,180,371
2022-10-12 00:00:00,1663.955,1666.695,1661.265,1665.208,240,409
2022-10-12 04:00:00,1665.185,1675.298,1664.628,1668.898,240,400
2022-10-12 08:00:00,1668.898,1673.238,1667.698,1668.415,240,342
2022-10-12 12:00:00,1668.415,1673.105,1664.816,1669.428,240,350
2022-10-12 16:00:00,1669.448,1678.215,1667.588,1675.048,240,322
2022-10-12 20:00:00,1675.028,1675.555,1672.455,1674.438,180,370
2022-10-13 00:00:00,1674.422,1675.325,1668.895,1669.148,240,373
2022-10-13 04:00:00,1669.138,1672.438,1666.908,1672.195,240,401
2022-10-13 08:00:00,1672.198,1682.336,1670.528,1678.678,240,335
2022-10-13 12:00:00,1678.638,1678.795,1642.288,1665.588,240,361
2022-10-13 16:00:00,1665.678,1672.448,1662.832,1663.788,240,333
2022-10-13 20:00:00,1663.742,1666.528,1662.798,1663.345,179,367
2022-10-14 00:00:00,1663.265,1670.118,1658.868,1668.928,240,399
2022-10-14 04:00:00,1668.888,1671.655,1663.495,1666.948,240,418
2022-10-14 08:00:00,1666.948,1667.065,1650.118,1654.835,240,347
2022-10-14 12:00:00,1654.855,1663.858,1644.657,1644.688,240,326
2022-10-14 16:00:00,1644.695,1648.758,1640.095,1642.815,240,334
2022-10-14 20:00:00,1642.788,1644.545,1642.565,1643.618,60,388
2022-10-16 20:00:00,1644.068,1647.568,1643.022,1647.398,120,490
2022-10-17 00:00:00,1647.345,1652.498,1646.198,1650.028,240,410
2022-10-17 04:00:00,1650.065,1657.319,1648.245,1655.848,240,390
2022-10-17 08:00:00,1655.868,1660.538,1652.798,1657.848,240,331
2022-10-17 12:00:00,1657.828,1668.268,1656.908,1663.218,235,366
2022-10-17 16:00:00,1663.208,1663.358,1646.638,1647.848,240,371
2022-10-17 20:00:00,1647.818,1651.498,1647.598,1650.568,180,411
2022-10-18 00:00:00,1650.538,1653.428,1648.788,1652.358,240,421
2022-10-18 04:00:00,1652.398,1660.707,1651.148,1656.278,240,421
2022-10-18 08:00:00,1656.298,1657.458,1648.518,1652.778,240,356
2022-10-18 12:00:00,1652.788,1657.228,1645.647,1649.628,240,366
2022-10-18 16:00:00,1649.608,1652.598,1647.987,1651.248,240,455
2022-10-18 20:00:00,1651.187,1654.318,1650.538,1652.198,179,535
2022-10-19 00:00:00,1652.157,1653.248,1648.898,1649.098,240,499
2022-10-19 04:00:00,1649.198,1649.385,1637.567,1644.598,240,499
2022-10-19 08:00:00,1644.628,1644.698,1631.728,1635.098,240,459
2022-10-19 12:00:00,1635.058,1637.587,1630.198,1630.397,240,475
2022-10-19 16:00:00,1630.397,1631.087,1627.487,1629.358,240,470
2022-10-19 20:00:00,1629.378,1630.125,1626.247,1627.018,179,498
2022-10-20 00:00:00,1626.907,1629.207,1622.257,1626.067,240,489
2022-10-20 04:00:00,1626.077,1634.837,1624.878,1632.608,240,497
2022-10-20 08:00:00,1632.607,1639.228,1628.558,1637.168,240,466
2022-10-20 12:00:00,1637.157,1645.438,1630.157,1641.148,240,444
2022-10-20 16:00:00,1641.107,1641.338,1624.558,1626.718,240,468
2022-10-20 20:00:00,1626.718,1628.227,1625.158,1626.828,180,556
2022-10-21 00:00:00,1626.828,1628.107,1620.508,1621.498,240,496
2022-10-21 04:00:00,1621.498,1627.098,1617.067,1623.627,240,464
2022-10-21 08:00:00,1623.588,1627.898,1619.037,1622.977,240,447
2022-10-21 12:00:00,1622.977,1650.848,1618.987,1650.668,240,470
2022-10-21 16:00:00,1650.687,1656.928,1647.177,1655.098,240,462
2022-10-21 20:00:00,1654.938,1657.798,1653.828,1657.298,60,589
2022-10-23 20:00:00,1657.608,1670.748,1656.458,1661.148,120,646
2022-10-24 00:00:00,1661.077,1663.248,1651.728,1653.848,240,532
2022-10-24 04:00:00,1653.848,1658.488,1648.688,1649.118,240,492
2022-10-24 08:00:00,1649.147,1652.258,1644.197,1649.897,240,474
2022-10-24 12:00:00,1649.887,1654.298,1643.747,1651.688,240,449
2022-10-24 16:00:00,1651.688,1652.598,1647.577,1650.248,240,456
2022-10-24 20:00:00,1650.067,1652.408,1648.777,1651.588,180,499
2022-10-25 00:00:00,1651.597,1654.778,1647.037,1651.468,240,509
2022-10-25 04:00:00,1651.387,1652.118,1644.278,1645.017,240,479
2022-10-25 08:00:00,1645.027,1648.167,1638.098,1643.678,240,469
2022-10-25 12:00:00,1643.728,1662.187,1638.858,1655.898,240,462
2022-10-25 16:00:00,1655.877,1656.998,1651.898,1653.848,240,458
2022-10-25 20:00:00,1653.727,1653.748,1650.958,1652.598,180,533
2022-10-26 00:00:00,1652.637,1657.418,1649.558,1656.868,240,462
2022-10-26 04:00:00,1656.968,1671.378,1654.998,1670.748,240,481
2022-10-26 08:00:00,1670.757,1674.678,1666.577,1668.338,240,463
2022-10-26 12:00:00,1668.287,1672.498,1660.418,1667.048,240,450
2022-10-26 16:00:00,1667.048,1668.808,1663.447,1664.548,240,426
2022-10-26 20:00:00,1664.497,1667.377,1663.048,1667.358,178,505
2022-10-27 00:00:00,1667.287,1670.648,1662.107,1664.448,240,436
2022-10-27 04:00:00,1664.457,1669.548,1658.857,1662.578,240,477
2022-10-27 08:00:00,1662.557,1666.558,1659.658,1661.868,240,451
2022-10-27 12:00:00,1661.757,1665.598,1654.668,1661.108,240,512
2022-10-27 16:00:00,1661.097,1662.378,1656.558,1662.128,240,467
2022-10-27 20:00:00,1662.168,1663.398,1660.798,1661.728,180,451
2022-10-28 00:00:00,1661.758,1666.858,1660.358,1664.648,240,457
2022-10-28 04:00:00,1664.668,1665.248,1651.277,1652.537,240,456
2022-10-28 08:00:00,1652.587,1653.668,1646.158,1650.298,240,426
2022-10-28 12:00:00,1650.268,1652.927,1637.898,1639.448,240,457
2022-10-28 16:00:00,1639.447,1645.098,1638.717,1645.048,240,443
2022-10-28 20:00:00,1644.937,1645.548,1643.357,1644.498,60,479
2022-10-30 20:00:00,1643.398,1645.258,1641.297,1643.368,120,835
2022-10-31 00:00:00,1643.388,1645.018,1640.498,1644.268,240,454
2022-10-31 04:00:00,1644.238,1645.488,1640.347,1641.165,240,482
2022-10-31 08:00:00,1640.997,1641.958,1635.417,1639.627,240,424
2022-10-31 12:00:00,1639.617,1641.998,1633.247,1638.828,240,443
2022-10-31 16:00:00,1638.817,1640.188,1631.578,1632.018,240,433
2022-10-31 20:00:00,1631.937,1633.588,1631.678,1632.248,178,407
2022-11-01 00:00:00,1632.257,1639.948,1630.477,1637.357,240,444
2022-11-01 04:00:00,1637.348,1649.747,1636.327,1645.148,240,431
2022-11-01 08:00:00,1645.127,1655.187,1645.058,1652.118,240,448
2022-11-01 12:00:00,1652.247,1656.878,1641.928,1644.445,240,420
2022-11-01 16:00:00,1644.238,1650.938,1642.688,1648.098,240,442
2022-11-01 20:00:00,1647.967,1648.248,1645.777,1646.688,178,447
2022-11-02 00:00:00,1646.878,1653.208,1646.488,1650.597,240,424
2022-11-02 04:00:00,1650.607,1653.218,1649.148,1652.668,240,435
2022-11-02 08:00:00,1652.667,1656.808,1651.747,1655.028,240,410
2022-11-02 12:00:00,1655.027,1658.758,1645.527,1646.288,240,422
2022-11-02 16:00:00,1646.237,1669.257,1635.517,1636.657,240,450
2022-11-02 20:00:00,1636.688,1637.998,1631.708,1633.578,180,496
2022-11-03 00:00:00,1633.537,1640.858,1632.608,1637.467,240,462
2022-11-03 04:00:00,1637.498,1638.748,1628.257,1629.798,240,499
2022-11-03 08:00:00,1629.787,1629.857,1616.477,1619.667,238,447
2022-11-03 12:00:00,1619.658,1631.348,1616.968,1625.778,240,476
2022-11-03 16:00:00,1625.707,1632.158,1624.698,1630.788,240,402
2022-11-03 20:00:00,1630.808,1631.108,1628.398,1629.588,177,412
2022-11-04 00:00:00,1629.647,1639.918,1629.198,1639.058,240,482
2022-11-04 04:00:00,1638.987,1649.567,1638.407,1644.778,240,448
2022-11-04 08:00:00,1644.828,1653.298,1643.687,1651.248,236,435
2022-11-04 12:00:00,1651.288,1675.248,1643.198,1671.068,240,711
2022-11-04 16:00:00,1670.987,1681.718,1667.628,1680.648,240,382
2022-11-04 20:00:00,1680.547,1681.698,1679.498,1681.148,60,426
2022-11-06 20:00:00,1674.327,1680.137,1672.107,1672.527,60,723
2022-11-07 00:00:00,1672.698,1675.158,1670.228,1673.388,240,481
2022-11-07 04:00:00,1673.287,1674.708,1666.707,1667.917,240,466
2022-11-07 08:00:00,1667.927,1680.268,1666.837,1676.858,240,486
2022-11-07 12:00:00,1676.858,1681.758,1673.367,1678.818,240,438
2022-11-07 16:00:00,1678.807,1680.068,1675.038,1675.308,240,425
2022-11-07 20:00:00,1675.318,1676.128,1673.468,1673.918,178,435
2022-11-08 00:00:00,1673.867,1676.578,1671.977,1672.708,240,461
2022-11-08 04:00:00,1672.638,1673.298,1667.978,1670.178,240,430
2022-11-08 08:00:00,1670.177,1673.198,1664.557,1672.458,240,415
2022-11-08 12:00:00,1672.498,1714.148,1669.847,1712.938,240,412
2022-11-08 16:00:00,1712.907,1716.738,1708.117,1711.588,240,432
2022-11-08 20:00:00,1711.427,1713.148,1710.508,1711.367,180,521
2022-11-09 00:00:00,1711.348,1712.338,1706.818,1709.108,240,527
2022-11-09 04:00:00,1709.158,1712.587,1707.328,1711.548,240,458
2022-11-09 08:00:00,1711.467,1715.688,1703.777,1708.668,240,414
2022-11-09 12:00:00,1708.637,1722.168,1702.907,1711.368,240,423
2022-11-09 16:00:00,1711.358,1714.308,1702.048,1703.688,240,471
2022-11-09 20:00:00,1703.537,1707.288,1703.208,1706.348,180,437
2022-11-10 00:00:00,1706.358,1709.957,1704.908,1709.288,240,419
2022-11-10 04:00:00,1709.207,1712.468,1705.118,1705.748,240,498
2022-11-10 08:00:00,1705.738,1710.058,1703.838,1707.308,240,399
2022-11-10 12:00:00,1707.297,1753.118,1706.728,1750.798,240,446
2022-11-10 16:00:00,1750.798,1754.648,1743.348,1753.998,240,434
2022-11-10 20:00:00,1753.857,1756.998,1751.848,1752.078,180,450
2022-11-11 00:00:00,1751.947,1753.248,1747.108,1751.178,240,560
2022-11-11 04:00:00,1751.178,1764.228,1749.618,1760.938,240,493
2022-11-11 08:00:00,1760.857,1766.488,1754.928,1759.148,240,410
2022-11-11 12:00:00,1759.168,1765.948,1755.398,1763.598,240,440
2022-11-11 16:00:00,1763.527,1767.917,1759.498,1767.917,240,444
2022-11-11 20:00:00,1767.907,1772.448,1765.268,1771.198,120,459
2022-11-13 20:00:00,1765.917,1766.577,1761.177,1763.348,60,642
2022-11-14 00:00:00,1763.298,1766.188,1760.728,1763.278,240,420
2022-11-14 04:00:00,1763.227,1763.588,1757.828,1762.157,240,455
2022-11-14 08:00:00,1762.138,1766.048,1753.098,1756.198,240,438
2022-11-14 12:00:00,1756.188,1774.938,1755.348,1771.318,240,413
2022-11-14 16:00:00,1771.398,1773.768,1766.397,1772.738,240,431
2022-11-14 20:00:00,1772.738,1774.278,1768.998,1769.298,179,450
2022-11-15 00:00:00,1769.398,1772.198,1766.948,1771.148,240,486
2022-11-15 04:00:00,1771.037,1784.207,1768.578,1782.748,240,483
2022-11-15 08:00:00,1782.768,1782.908,1772.838,1776.718,240,443
2022-11-15 12:00:00,1776.697,1786.367,1768.057,1771.008,240,410
2022-11-15 16:00:00,1770.947,1785.648,1767.887,1778.458,240,419
2022-11-15 20:00:00,1778.317,1781.048,1776.588,1780.648,179,435
2022-11-16 00:00:00,1780.587,1781.318,1771.608,1771.708,240,462
2022-11-16 04:00:00,1771.678,1777.538,1770.167,1776.618,240,483
2022-11-16 08:00:00,1776.587,1784.928,1775.708,1783.358,240,428
2022-11-16 12:00:00,1783.368,1783.368,1772.748,1779.438,240,412
2022-11-16 16:00:00,1779.488,1779.948,1770.768,1774.368,240,406
2022-11-16 20:00:00,1774.358,1776.038,1771.788,1773.738,180,447
2022-11-17 00:00:00,1773.647,1774.668,1762.858,1763.698,240,453
2022-11-17 04:00:00,1763.687,1768.948,1761.227,1766.858,240,514
2022-11-17 08:00:00,1766.797,1770.877,1761.317,1765.428,240,409
2022-11-17 12:00:00,1765.438,1767.467,1754.268,1760.088,240,413
2022-11-17 16:00:00,1760.087,1762.198,1755.278,1760.647,240,408
2022-11-17 20:00:00,1760.587,1761.258,1759.187,1759.978,179,521
2022-11-18 00:00:00,1759.897,1765.588,1759.757,1764.727,240,524
2022-11-18 04:00:00,1764.717,1766.787,1760.938,1765.408,240,509
2022-11-18 08:00:00,1765.408,1767.578,1759.768,1760.177,240,433
2022-11-18 12:00:00,1760.157,1764.058,1750.0,1757.178,240,455
2022-11-18 16:00:00,1757.157,1757.788,1747.317,1748.198,240,433
2022-11-18 20:00:00,1748.228,1750.948,1747.398,1750.398,119,485
2022-11-20 20:00:00,1749.817,1752.518,1749.618,1752.157,60,616
2022-11-21 00:00:00,1752.147,1752.807,1743.657,1746.658,240,502
2022-11-21 04:00:00,1746.607,1747.268,1741.888,1742.367,240,477
2022-11-21 08:00:00,1742.367,1744.018,1736.828,1739.858,240,422
2022-11-21 12:00:00,1739.848,1746.848,1735.747,1736.497,240,429
2022-11-21 16:00:00,1736.458,1739.498,1732.338,1735.228,240,438
2022-11-21 20:00:00,1735.258,1739.158,1735.238,1738.358,179,486
2022-11-22 00:00:00,1738.287,1744.868,1737.828,1744.098,240,473
2022-11-22 04:00:00,1744.048,1745.548,1740.158,1742.958,240,482
2022-11-22 08:00:00,1742.907,1749.598,1741.838,1748.388,240,404
2022-11-22 12:00:00,1748.357,1748.428,1741.518,1741.845,240,440
2022-11-22 16:00:00,1741.845,1742.027,1736.867,1738.098,240,389
2022-11-22 20:00:00,1738.028,1741.098,1737.108,1740.998,178,454
2022-11-23 00:00:00,1740.947,1742.738,1736.657,1737.048,240,504
2022-11-23 04:00:00,1737.018,1745.567,1732.857,1744.098,240,450
2022-11-23 08:00:00,1744.027,1744.568,1734.338,1739.327,240,425
2022-11-23 12:00:00,1739.327,1747.548,1728.137,1743.308,240,437
2022-11-23 16:00:00,1743.227,1753.177,1740.967,1751.788,240,445
2022-11-23 20:00:00,1751.798,1752.598,1748.598,1752.198,180,408
2022-11-24 00:00:00,1752.097,1756.428,1752.088,1756.097,240,555
2022-11-24 04:00:00,1756.087,1757.498,1752.478,1753.708,240,512
2022-11-24 08:00:00,1753.607,1758.448,1752.308,1758.178,240,438
2022-11-24 12:00:00,1758.188,1758.468,1754.978,1756.658,240,413
2022-11-24 16:00:00,1756.688,1757.217,1753.707,1754.968,208,434
2022-11-24 20:00:00,1754.798,1755.848,1753.827,1755.207,60,856
2022-11-25 00:00:00,1755.167,1759.548,1752.147,1759.468,240,511
2022-11-25 04:00:00,1759.448,1760.958,1751.398,1751.468,240,496
2022-11-25 08:00:00,1751.347,1754.237,1749.148,1750.888,240,428
2022-11-25 12:00:00,1750.878,1752.488,1745.848,1750.208,240,418
2022-11-25 16:00:00,1750.167,1756.187,1749.367,1754.417,164,441
2022-11-27 20:00:00,1755.787,1755.787,1749.607,1750.717,59,1461
2022-11-28 00:00:00,1750.697,1753.757,1745.887,1749.458,240,509
2022-11-28 04:00:00,1749.427,1753.978,1748.258,1750.658,240,456
2022-11-28 08:00:00,1750.627,1763.618,1749.748,1758.528,240,419
2022-11-28 12:00:00,1758.578,1759.038,1742.938,1745.307,240,412
2022-11-28 16:00:00,1745.307,1746.668,1739.488,1740.148,240,460
2022-11-28 20:00:00,1740.057,1741.858,1739.348,1741.108,180,413
2022-11-29 00:00:00,1741.118,1750.418,1740.057,1750.258,240,481
2022-11-29 04:00:00,1750.217,1754.908,1749.848,1753.808,240,467
2022-11-29 08:00:00,1753.777,1758.898,1752.077,1757.208,240,426
2022-11-29 12:00:00,1757.107,1757.908,1746.767,1755.028,240,400
2022-11-29 16:00:00,1754.977,1755.398,1748.708,1750.148,240,396
2022-11-29 20:00:00,1750.087,1750.308,1747.718,1748.725,178,403
2022-11-30 00:00:00,1748.747,1754.598,1747.558,1754.598,240,467
2022-11-30 04:00:00,1754.667,1756.698,1752.767,1754.987,240,451
2022-11-30 08:00:00,1754.958,1762.998,1754.748,1762.078,240,452
2022-11-30 12:00:00,1762.007,1764.548,1748.978,1752.408,240,398
2022-11-30 16:00:00,1752.407,1768.698,1744.717,1767.718,240,419
2022-11-30 20:00:00,1767.647,1773.348,1766.098,1773.248,180,482
2022-12-01 00:00:00,1773.177,1779.898,1771.798,1776.398,240,543
2022-12-01 04:00:00,1776.397,1783.578,1774.458,1775.167,240,480
2022-12-01 08:00:00,1775.237,1781.208,1774.617,1780.368,240,434
2022-12-01 12:00:00,1780.327,1803.998,1780.327,1796.308,240,409
2022-12-01 16:00:00,1796.347,1803.248,1796.028,1803.158,240,403
2022-12-01 20:00:00,1803.077,1804.298,1801.038,1802.098,180,428
2022-12-02 00:00:00,1802.198,1802.398,1795.388,1798.098,240,495
2022-12-02 04:00:00,1798.108,1802.438,1795.627,1801.568,240,415
2022-12-02 08:00:00,1801.527,1802.898,1797.787,1798.317,240,440
2022-12-02 12:00:00,1798.317,1800.908,1778.418,1785.568,240,416
2022-12-02 16:00:00,1785.527,1798.497,1784.417,1798.388,240,427
2022-12-02 20:00:00,1798.257,1799.358,1796.928,1797.248,120,432
2022-12-04 20:00:00,1795.937,1799.178,1794.207,1798.788,60,1760
2022-12-05 00:00:00,1798.767,1808.898,1798.477,1808.448,240,502
2022-12-05 04:00:00,1808.427,1809.758,1797.327,1799.748,240,453
2022-12-05 08:00:00,1799.677,1800.418,1793.198,1793.738,240,420
2022-12-05 12:00:00,1793.798,1798.248,1772.908,1777.788,240,426
2022-12-05 16:00:00,1777.737,1779.278,1766.0,1767.978,240,417
2022-12-05 20:00:00,1767.897,1770.148,1766.457,1769.157,180,449
2022-12-06 00:00:00,1769.137,1776.088,1768.178,1771.848,240,533
2022-12-06 04:00:00,1771.817,1774.748,1767.118,1771.458,240,433
2022-12-06 08:00:00,1771.438,1778.858,1769.138,1778.818,240,387
2022-12-06 12:00:00,1778.858,1780.728,1770.617,1772.418,240,416
2022-12-06 16:00:00,1772.367,1776.188,1767.148,1771.258,240,424
2022-12-06 20:00:00,1771.147,1772.558,1770.117,1770.798,178,424
2022-12-07 00:00:00,1770.808,1775.048,1768.588,1773.048,240,484
2022-12-07 04:00:00,1773.058,1775.018,1769.498,1772.708,240,421
2022-12-07 08:00:00,1772.647,1775.788,1771.007,1771.505,240,383
2022-12-07 12:00:00,1771.505,1787.698,1770.658,1780.408,240,419
2022-12-07 16:00:00,1780.438,1790.357,1776.127,1789.698,240,416
2022-12-07 20:00:00,1789.698,1789.998,1785.198,1786.868,178,479
2022-12-08 00:00:00,1786.908,1787.897,1781.268,1783.708,240,485
2022-12-08 04:00:00,1783.708,1786.977,1781.667,1785.838,240,514
2022-12-08 08:00:00,1785.838,1785.838,1781.457,1783.578,240,414
2022-12-08 12:00:00,1783.578,1794.728,1783.248,1790.108,240,412
2022-12-08 16:00:00,1790.098,1791.998,1786.498,1789.448,240,445
2022-12-08 20:00:00,1789.438,1790.048,1787.517,1789.078,179,466
2022-12-09 00:00:00,1789.037,1795.598,1788.298,1795.088,240,490
2022-12-09 04:00:00,1795.088,1797.628,1790.878,1792.598,240,457
2022-12-09 08:00:00,1792.558,1800.958,1788.768,1800.308,240,412
2022-12-09 12:00:00,1800.257,1805.018,1789.967,1796.648,240,422
2022-12-09 16:00:00,1796.628,1805.998,1795.888,1799.558,240,420
2022-12-09 20:00:00,1799.547,1799.558,1794.597,1795.397,120,482
2022-12-11 20:00:00,1795.687,1797.067,1794.598,1794.848,60,723
2022-12-12 00:00:00,1794.748,1794.868,1786.648,1787.378,240,455
2022-12-12 04:00:00,1787.298,1791.828,1785.308,1791.158,240,486
2022-12-12 08:00:00,1791.138,1795.328,1788.868,1794.248,240,383
2022-12-12 12:00:00,1794.278,1794.578,1782.988,1784.788,240,428
2022-12-12 16:00:00,1784.838,1785.238,1777.417,1781.455,240,417
2022-12-12 20:00:00,1781.455,1782.065,1779.435,1781.915,179,374
2022-12-13 00:00:00,1781.885,1785.975,1780.875,1782.385,240,362
2022-12-13 04:00:00,1782.405,1788.555,1781.075,1787.858,240,354
2022-12-13 08:00:00,1787.858,1788.265,1782.488,1787.365,240,348
2022-12-13 12:00:00,1787.355,1824.358,1786.495,1809.685,240,346
2022-12-13 16:00:00,1809.765,1815.065,1805.215,1811.295,240,353
2022-12-13 20:00:00,1811.295,1812.565,1809.315,1809.575,180,388
2022-12-14 00:00:00,1809.595,1812.555,1808.678,1809.895,240,371
2022-12-14 04:00:00,1809.875,1813.135,1807.365,1808.838,240,340
2022-12-14 08:00:00,1808.848,1810.175,1805.195,1806.575,240,339
2022-12-14 12:00:00,1806.595,1812.955,1804.178,1811.885,240,330
2022-12-14 16:00:00,1811.885,1812.255,1795.008,1805.105,240,323
2022-12-14 20:00:00,1805.085,1814.035,1804.145,1807.575,180,375
2022-12-15 00:00:00,1807.585,1807.725,1792.395,1792.985,240,360
2022-12-15 04:00:00,1792.965,1796.295,1787.435,1788.825,240,327
2022-12-15 08:00:00,1788.808,1789.735,1773.608,1778.795,240,333
2022-12-15 12:00:00,1778.775,1785.898,1773.608,1778.865,240,366
2022-12-15 16:00:00,1778.855,1779.798,1774.355,1777.705,240,344
2022-12-15 20:00:00,1777.725,1778.875,1775.485,1776.475,180,366
2022-12-16 00:00:00,1776.455,1784.055,1775.848,1779.435,240,384
2022-12-16 04:00:00,1779.425,1784.875,1776.388,1777.265,240,356
2022-12-16 08:00:00,1777.285,1785.318,1774.205,1782.395,240,341
2022-12-16 12:00:00,1782.375,1793.748,1782.065,1787.805,240,339
2022-12-16 16:00:00,1787.845,1793.085,1787.065,1792.755,240,321
2022-12-16 20:00:00,1792.765,1794.198,1791.695,1792.598,120,407
2022-12-18 20:00:00,1792.257,1793.387,1790.895,1790.965,60,707
2022-12-19 00:00:00,1790.925,1796.785,1790.835,1793.795,240,334
2022-12-19 04:00:00,1793.835,1794.585,1790.215,1793.245,240,370
2022-12-19 08:00:00,1793.365,1798.637,1793.235,1794.795,240,334
2022-12-19 12:00:00,1794.778,1795.855,1785.705,1786.065,240,330
2022-12-19 16:00:00,1786.085,1790.815,1783.785,1786.697,240,341
2022-12-19 20:00:00,1786.637,1787.998,1786.148,1787.125,180,364
2022-12-20 00:00:00,1787.105,1796.065,1784.505,1792.105,240,403
2022-12-20 04:00:00,1792.098,1795.615,1786.777,1794.025,240,350
2022-12-20 08:00:00,1793.995,1809.325,1793.895,1807.625,240,336
2022-12-20 12:00:00,1807.615,1821.035,1798.285,1815.225,240,330
2022-12-20 16:00:00,1815.235,1820.725,1813.715,1818.545,240,332
2022-12-20 20:00:00,1818.535,1819.108,1816.645,1817.135,180,346
2022-12-21 00:00:00,1817.135,1819.645,1814.305,1815.065,240,360
2022-12-21 04:00:00,1815.075,1816.325,1811.827,1816.275,240,351
2022-12-21 08:00:00,1816.305,1817.208,1811.705,1813.605,240,326
2022-12-21 12:00:00,1813.645,1823.685,1813.098,1817.715,240,355
2022-12-21 16:00:00,1817.695,1818.255,1813.415,1814.265,240,329
2022-12-21 20:00:00,1814.285,1815.475,1812.728,1814.845,180,346
2022-12-22 00:00:00,1814.825,1820.008,1814.525,1819.325,240,356
2022-12-22 04:00:00,1819.325,1820.325,1813.537,1816.765,240,361
2022-12-22 08:00:00,1816.735,1819.555,1813.615,1815.785,240,349
2022-12-22 12:00:00,1815.805,1819.805,1794.495,1795.418,240,326
2022-12-22 16:00:00,1795.418,1797.455,1784.627,1788.955,240,386
2022-12-22 20:00:00,1788.965,1794.965,1788.375,1793.415,180,379
2022-12-23 00:00:00,1793.435,1795.475,1791.098,1792.725,240,388
2022-12-23 04:00:00,1792.745,1798.165,1792.485,1797.555,240,370
2022-12-23 08:00:00,1797.535,1799.565,1795.005,1797.715,240,333
2022-12-23 12:00:00,1797.725,1801.005,1791.065,1800.415,240,356
2022-12-23 16:00:00,1800.448,1803.095,1793.535,1797.115,240,345
2022-12-23 20:00:00,1797.115,1798.598,1795.395,1798.198,119,371
2022-12-26 20:00:00,1800.047,1803.965,1799.687,1801.685,60,1617
2022-12-27 00:00:00,1801.705,1806.245,1800.565,1804.398,240,360
2022-12-27 04:00:00,1804.398,1808.315,1803.625,1805.555,239,340
2022-12-27 08:00:00,1805.535,1810.385,1805.535,1809.685,240,331
2022-12-27 12:00:00,1809.675,1833.215,1802.188,1824.495,240,384
2022-12-27 16:00:00,1824.525,1826.285,1810.618,1812.945,240,349
2022-12-27 20:00:00,1812.945,1814.795,1812.215,1812.335,177,410
2022-12-28 00:00:00,1812.315,1814.415,1809.505,1810.065,240,354
2022-12-28 04:00:00,1810.045,1812.148,1807.285,1810.265,240,353
2022-12-28 08:00:00,1810.285,1811.248,1799.115,1803.175,240,352
2022-12-28 12:00:00,1803.195,1809.345,1798.045,1798.045,240,324
2022-12-28 16:00:00,1798.067,1809.135,1796.905,1805.265,240,339
2022-12-28 20:00:00,1805.285,1805.835,1802.658,1805.695,179,386
2022-12-29 00:00:00,1805.655,1809.208,1804.985,1807.515,240,373
2022-12-29 04:00:00,1807.555,1810.008,1804.665,1806.265,240,381
2022-12-29 08:00:00,1806.265,1811.855,1804.205,1806.565,240,344
2022-12-29 12:00:00,1806.608,1817.998,1805.048,1813.455,240,393
2022-12-29 16:00:00,1813.475,1820.015,1811.875,1817.235,240,389
2022-12-29 20:00:00,1817.215,1817.225,1813.625,1814.895,180,371
2022-12-30 00:00:00,1814.905,1818.957,1814.558,1816.805,240,393
2022-12-30 04:00:00,1816.815,1822.105,1815.147,1816.665,240,358
2022-12-30 08:00:00,1816.685,1820.145,1813.175,1818.805,240,350
2022-12-30 12:00:00,1818.825,1825.047,1814.165,1818.298,240,429
2022-12-30 16:00:00,1818.317,1825.877,1814.155,1821.548,240,453
2022-12-30 20:00:00,1821.548,1824.048,1821.248,1823.875,90,524
2023-01-02 20:00:00,1826.837,1829.958,1823.287,1829.295,58,1812
2023-01-03 00:00:00,1829.285,1843.055,1826.685,1841.115,240,369
2023-01-03 04:00:00,1841.135,1849.865,1837.808,1847.435,240,346
2023-01-03 08:00:00,1847.445,1847.855,1830.755,1833.088,240,340
2023-01-03 12:00:00,1833.088,1849.735,1827.525,1833.145,240,314
2023-01-03 16:00:00,1833.135,1840.085,1828.155,1838.955,240,343
2023-01-03 20:00:00,1838.945,1839.658,1836.318,1836.348,180,342
2023-01-04 00:00:00,1836.348,1847.055,1836.048,1845.407,240,366
2023-01-04 04:00:00,1845.415,1858.465,1844.605,1858.175,240,376
2023-01-04 08:00:00,1858.165,1865.035,1856.848,1859.978,240,334
2023-01-04 12:00:00,1859.985,1862.565,1848.898,1857.617,240,350
2023-01-04 16:00:00,1857.638,1860.295,1846.938,1852.335,240,361
2023-01-04 20:00:00,1852.325,1857.048,1851.195,1854.648,180,338
2023-01-05 00:00:00,1854.615,1858.875,1853.195,1853.205,240,366
2023-01-05 04:00:00,1853.225,1855.595,1847.798,1849.265,240,369
2023-01-05 08:00:00,1849.255,1851.048,1843.725,1846.165,240,329
2023-01-05 12:00:00,1846.138,1848.705,1824.995,1826.725,240,356
2023-01-05 16:00:00,1826.758,1837.325,1825.528,1834.205,240,347
2023-01-05 20:00:00,1834.225,1834.225,1830.032,1832.725,180,328
2023-01-06 00:00:00,1832.715,1840.755,1831.198,1839.245,240,368
2023-01-06 04:00:00,1839.235,1840.575,1835.575,1838.235,240,347
2023-01-06 08:00:00,1838.248,1840.445,1833.165,1836.565,240,341
2023-01-06 12:00:00,1836.595,1863.085,1834.477,1862.225,240,381
2023-01-06 16:00:00,1862.225,1869.765,1859.747,1868.728,240,347
2023-01-06 20:00:00,1868.728,1869.205,1865.448,1865.598,120,350
2023-01-08 20:00:00,1867.537,1869.808,1864.477,1869.585,60,856
2023-01-09 00:00:00,1869.595,1879.365,1866.975,1877.105,240,350
2023-01-09 04:00:00,1877.095,1880.905,1873.595,1874.935,240,341
2023-01-09 08:00:00,1874.965,1876.825,1870.425,1873.015,240,330
2023-01-09 12:00:00,1872.975,1881.445,1871.925,1874.635,240,314
2023-01-09 16:00:00,1874.648,1878.348,1868.955,1875.075,240,327
2023-01-09 20:00:00,1875.065,1875.068,1869.105,1870.415,180,342
2023-01-10 00:00:00,1870.405,1875.915,1867.745,1871.745,240,398
2023-01-10 04:00:00,1871.775,1875.055,1870.515,1871.925,240,350
2023-01-10 08:00:00,1871.958,1877.215,1871.555,1875.028,240,324
2023-01-10 12:00:00,1875.058,1880.635,1870.268,1875.635,240,357
2023-01-10 16:00:00,1875.665,1877.285,1871.098,1876.488,240,358
2023-01-10 20:00:00,1876.485,1878.648,1875.755,1877.165,180,357
2023-01-11 00:00:00,1877.125,1878.325,1871.848,1877.655,240,339
2023-01-11 04:00:00,1877.675,1884.505,1876.747,1881.525,240,334
2023-01-11 08:00:00,1881.505,1886.548,1880.825,1882.905,240,374
2023-01-11 12:00:00,1882.925,1883.215,1869.395,1871.875,240,388
2023-01-11 16:00:00,1871.878,1878.398,1867.015,1877.605,240,362
2023-01-11 20:00:00,1877.625,1877.945,1874.348,1876.845,180,332
2023-01-12 00:00:00,1876.875,1884.775,1875.685,1883.425,240,348
2023-01-12 04:00:00,1883.405,1884.915,1879.828,1882.375,240,369
2023-01-12 08:00:00,1882.395,1886.205,1881.075,1885.008,240,323
2023-01-12 12:00:00,1885.008,1901.475,1872.76,1888.785,240,337
2023-01-12 16:00:00,1888.805,1899.485,1888.285,1897.705,240,330
2023-01-12 20:00:00,1897.685,1899.425,1894.125,1897.955,180,340
2023-01-13 00:00:00,1897.965,1900.855,1895.855,1897.715,240,353
2023-01-13 04:00:00,1897.695,1899.845,1892.205,1899.495,240,367
2023-01-13 08:00:00,1899.525,1909.538,1897.885,1899.625,240,321
2023-01-13 12:00:00,1899.595,1916.355,1893.615,1913.598,240,341
2023-01-13 16:00:00,1913.545,1921.798,1909.285,1919.945,240,327
2023-01-13 20:00:00,1919.968,1921.348,1918.315,1919.398,120,353
2023-01-15 20:00:00,1920.337,1922.047,1916.795,1916.845,60,1514
2023-01-16 00:00:00,1916.865,1928.885,1916.695,1926.295,240,361
2023-01-16 04:00:00,1926.295,1926.935,1913.195,1917.018,240,353
2023-01-16 08:00:00,1916.978,1919.195,1910.665,1916.495,240,341
2023-01-16 12:00:00,1916.475,1917.065,1911.315,1915.975,240,366
2023-01-16 16:00:00,1915.965,1916.065,1912.755,1913.705,119,330
2023-01-16 20:00:00,1914.837,1918.285,1913.967,1917.845,60,1621
2023-01-17 00:00:00,1917.855,1918.925,1909.385,1910.215,240,364
2023-01-17 04:00:00,1910.215,1913.155,1906.808,1909.845,240,358
2023-01-17 08:00:00,1909.865,1912.715,1904.175,1912.625,240,319
2023-01-17 12:00:00,1912.625,1916.545,1906.965,1910.955,240,341
2023-01-17 16:00:00,1910.955,1913.245,1903.675,1907.855,240,316
2023-01-17 20:00:00,1907.835,1910.675,1907.365,1908.558,179,348
2023-01-18 00:00:00,1908.558,1910.235,1899.075,1899.967,240,363
2023-01-18 04:00:00,1899.958,1908.945,1896.495,1907.655,240,346
2023-01-18 08:00:00,1907.675,1916.648,1907.675,1915.518,240,348
2023-01-18 12:00:00,1915.515,1925.798,1911.275,1912.225,240,331
2023-01-18 16:00:00,1912.245,1912.735,1901.438,1904.968,240,332
2023-01-18 20:00:00,1904.998,1907.305,1902.225,1906.795,180,344
2023-01-19 00:00:00,1906.825,1910.715,1900.855,1908.858,240,354
2023-01-19 04:00:00,1908.855,1912.865,1906.305,1911.295,240,326
2023-01-19 08:00:00,1911.315,1916.665,1906.575,1908.045,240,322
2023-01-19 12:00:00,1908.065,1923.245,1906.745,1917.965,240,333
2023-01-19 16:00:00,1917.985,1931.217,1917.535,1929.595,240,326
2023-01-19 20:00:00,1929.615,1935.045,1929.265,1931.575,180,352
2023-01-20 00:00:00,1931.565,1934.708,1927.435,1927.495,240,359
2023-01-20 04:00:00,1927.515,1932.975,1923.038,1932.975,240,346
2023-01-20 08:00:00,1932.905,1937.435,1926.358,1926.975,240,328
2023-01-20 12:00:00,1926.975,1930.885,1920.508,1926.177,240,327
2023-01-20 16:00:00,1926.178,1930.858,1922.685,1929.568,240,321
2023-01-20 20:00:00,1929.545,1929.898,1924.005,1925.298,120,361
2023-01-22 20:00:00,1926.128,1927.548,1923.608,1927.165,60,727
2023-01-23 00:00:00,1927.175,1935.445,1927.175,1930.505,240,330
2023-01-23 04:00:00,1930.535,1931.195,1919.615,1920.185,240,354
2023-01-23 08:00:00,1920.195,1929.335,1919.0,1925.428,240,468
2023-01-23 12:00:00,1925.428,1927.745,1911.248,1922.845,240,344
2023-01-23 16:00:00,1922.835,1929.488,1919.088,1926.335,240,328
2023-01-23 20:00:00,1926.365,1932.538,1925.975,1931.225,179,338
2023-01-24 00:00:00,1931.235,1936.985,1930.675,1933.318,240,350
2023-01-24 04:00:00,1933.275,1941.335,1931.765,1940.295,240,356
2023-01-24 08:00:00,1940.295,1942.348,1934.255,1937.108,240,332
2023-01-24 12:00:00,1937.097,1939.278,1917.065,1934.875,240,329
2023-01-24 16:00:00,1934.885,1938.135,1930.055,1938.005,240,342
2023-01-24 20:00:00,1938.015,1938.148,1936.175,1936.925,180,326
2023-01-25 00:00:00,1936.905,1939.528,1928.885,1931.685,240,380
2023-01-25 04:00:00,1931.705,1933.637,1925.705,1928.665,240,339
2023-01-25 08:00:00,1928.665,1932.355,1922.605,1925.865,240,342
2023-01-25 12:00:00,1925.845,1938.648,1919.697,1932.875,240,344
2023-01-25 16:00:00,1932.885,1942.977,1928.755,1942.208,240,326
2023-01-25 20:00:00,1942.137,1948.725,1942.115,1948.175,180,348
2023-01-26 00:00:00,1948.195,1949.085,1942.415,1947.515,239,362
2023-01-26 04:00:00,1947.548,1948.875,1937.847,1942.835,240,347
2023-01-26 08:00:00,1942.835,1944.995,1933.045,1936.885,240,333
2023-01-26 12:00:00,1936.875,1942.315,1923.018,1924.667,240,350
2023-01-26 16:00:00,1924.648,1933.005,1918.627,1931.105,240,385
2023-01-26 20:00:00,1931.125,1931.135,1927.437,1930.655,180,339
2023-01-27 00:00:00,1930.645,1934.725,1923.815,1924.665,240,352
2023-01-27 04:00:00,1924.635,1925.635,1919.685,1922.995,240,339
2023-01-27 08:00:00,1923.025,1931.337,1922.815,1930.018,240,354
2023-01-27 12:00:00,1930.005,1934.918,1916.525,1923.975,240,382
2023-01-27 16:00:00,1923.945,1932.105,1923.675,1929.825,240,354
2023-01-27 20:00:00,1929.795,1930.485,1925.948,1927.598,120,356
2023-01-29 20:00:00,1927.108,1929.127,1925.378,1928.875,60,909
2023-01-30 00:00:00,1928.885,1930.955,1924.227,1926.235,240,342
2023-01-30 04:00:00,1926.215,1934.425,1923.075,1924.455,240,350
2023-01-30 08:00:00,1924.475,1930.615,1920.585,1923.105,240,339
2023-01-30 12:00:00,1923.165,1930.268,1922.405,1925.535,240,332
2023-01-30 16:00:00,1925.535,1925.715,1920.735,1923.198,240,344
2023-01-30 20:00:00,1923.125,1923.478,1921.025,1921.985,180,351
2023-01-31 00:00:00,1922.015,1927.268,1920.765,1920.935,240,376
2023-01-31 04:00:00,1920.965,1921.795,1911.925,1914.345,240,335
2023-01-31 08:00:00,1914.365,1914.845,1901.085,1904.105,240,338
2023-01-31 12:00:00,1904.105,1929.135,1900.665,1928.515,240,335
2023-01-31 16:00:00,1928.505,1930.998,1926.205,1928.525,240,338
2023-01-31 20:00:00,1928.638,1929.055,1926.975,1927.198,180,342
2023-02-01 00:00:00,1927.198,1928.665,1924.418,1926.705,240,346
2023-02-01 04:00:00,1926.685,1929.118,1923.998,1924.835,240,332
2023-02-01 08:00:00,1924.855,1930.098,1923.087,1928.695,240,336
2023-02-01 12:00:00,1928.705,1933.125,1922.655,1931.785,240,359
2023-02-01 16:00:00,1931.795,1943.855,1920.435,1942.885,240,387
2023-02-01 20:00:00,1942.895,1956.025,1939.098,1952.985,180,384
2023-02-02 00:00:00,1952.985,1957.138,1950.697,1952.235,240,358
2023-02-02 04:00:00,1952.225,1959.625,1951.175,1955.435,240,340
2023-02-02 08:00:00,1955.495,1959.535,1951.545,1954.635,240,346
2023-02-02 12:00:00,1954.675,1955.905,1917.147,1926.065,240,381
2023-02-02 16:00:00,1926.055,1926.225,1911.627,1913.215,240,345
2023-02-02 20:00:00,1913.195,1915.355,1911.225,1915.025,180,371
2023-02-03 00:00:00,1915.035,1918.485,1913.888,1916.205,240,401
2023-02-03 04:00:00,1916.215,1918.145,1910.017,1913.555,240,347
2023-02-03 08:00:00,1913.585,1916.055,1909.195,1914.395,240,326
2023-02-03 12:00:00,1914.395,1916.985,1868.995,1872.985,240,352
2023-02-03 16:00:00,1872.975,1874.948,1861.255,1865.625,240,345
2023-02-03 20:00:00,1865.625,1866.925,1864.048,1864.548,120,378
2023-02-05 20:00:00,1864.508,1869.775,1859.647,1865.425,60,1561
2023-02-06 00:00:00,1865.405,1876.568,1863.548,1876.425,240,373
2023-02-06 04:00:00,1876.405,1878.645,1874.188,1875.815,240,355
2023-02-06 08:00:00,1875.808,1881.198,1868.135,1871.495,240,336
2023-02-06 12:00:00,1871.475,1875.655,1862.935,1865.855,240,335
2023-02-06 16:00:00,1865.895,1871.118,1863.495,1865.615,240,323
2023-02-06 20:00:00,1865.595,1869.658,1865.155,1868.445,180,349
2023-02-07 00:00:00,1868.465,1875.505,1868.265,1872.685,240,377
2023-02-07 04:00:00,1872.665,1876.815,1871.585,1876.048,240,368
2023-02-07 08:00:00,1876.035,1877.808,1865.908,1867.295,240,358
2023-02-07 12:00:00,1867.278,1879.805,1865.595,1879.345,240,404
2023-02-07 16:00:00,1879.247,1884.348,1864.898,1871.695,240,335
2023-02-07 20:00:00,1871.705,1877.948,1867.058,1872.865,179,349
2023-02-08 00:00:00,1872.855,1878.295,1872.425,1876.295,240,358
2023-02-08 04:00:00,1876.275,1886.197,1873.145,1886.197,240,370
2023-02-08 08:00:00,1886.345,1886.345,1878.505,1880.155,240,352
2023-02-08 12:00:00,1880.155,1883.458,1868.898,1873.795,240,381
2023-02-08 16:00:00,1873.818,1879.745,1872.225,1876.048,240,339
2023-02-08 20:00:00,1876.048,1876.165,1873.685,1874.855,180,353
2023-02-09 00:00:00,1874.855,1880.295,1871.908,1878.615,240,375
2023-02-09 04:00:00,1878.615,1881.948,1876.688,1880.485,240,330
2023-02-09 08:00:00,1880.465,1886.005,1879.755,1882.085,240,347
2023-02-09 12:00:00,1882.115,1890.098,1872.475,1874.095,240,343
2023-02-09 16:00:00,1874.085,1875.665,1859.815,1861.805,240,340
2023-02-09 20:00:00,1861.845,1862.948,1858.855,1862.305,180,341
2023-02-10 00:00:00,1862.305,1865.395,1853.768,1855.255,240,358
2023-02-10 04:00:00,1855.225,1866.998,1852.588,1866.095,240,356
2023-02-10 08:00:00,1866.125,1872.035,1860.397,1864.625,240,354
2023-02-10 12:00:00,1864.595,1868.428,1858.905,1859.785,240,341
2023-02-10 16:00:00,1859.805,1864.578,1856.205,1863.535,240,338
2023-02-10 20:00:00,1863.548,1865.498,1862.575,1864.698,120,365
2023-02-12 20:00:00,1863.917,1865.178,1862.538,1862.598,60,540
2023-02-13 00:00:00,1862.565,1863.775,1858.045,1858.645,240,335
2023-02-13 04:00:00,1858.655,1866.395,1856.848,1863.835,240,351
2023-02-13 08:00:00,1863.815,1864.085,1853.687,1861.988,240,329
2023-02-13 12:00:00,1861.988,1862.945,1853.078,1855.128,240,346
2023-02-13 16:00:00,1855.105,1855.848,1850.325,1852.715,240,327
2023-02-13 20:00:00,1852.735,1854.495,1851.158,1854.355,180,311
2023-02-14 00:00:00,1854.355,1858.465,1853.965,1858.035,240,364
2023-02-14 04:00:00,1858.055,1864.775,1856.948,1858.548,240,336
2023-02-14 08:00:00,1858.605,1863.748,1853.578,1857.175,240,356
2023-02-14 12:00:00,1857.175,1870.467,1843.165,1852.205,240,348
2023-02-14 16:00:00,1852.235,1858.735,1843.748,1855.365,240,380
2023-02-14 20:00:00,1855.335,1856.125,1853.348,1854.825,179,348
2023-02-15 00:00:00,1854.815,1859.998,1847.425,1848.285,240,361
2023-02-15 04:00:00,1848.285,1848.765,1835.035,1835.575,240,346
2023-02-15 08:00:00,1835.545,1837.635,1831.735,1834.885,240,357
2023-02-15 12:00:00,1834.855,1838.795,1830.475,1834.055,240,344
2023-02-15 16:00:00,1834.065,1837.955,1831.155,1835.315,240,349
2023-02-15 20:00:00,1835.318,1838.458,1834.715,1836.335,180,333
2023-02-16 00:00:00,1836.375,1842.505,1834.405,1840.375,240,400
2023-02-16 04:00:00,1840.345,1841.648,1834.225,1841.235,240,345
2023-02-16 08:00:00,1841.195,1844.705,1834.685,1837.305,240,326
2023-02-16 12:00:00,1837.257,1840.295,1827.555,1834.505,240,379
2023-02-16 16:00:00,1834.525,1845.158,1832.258,1842.665,240,330
2023-02-16 20:00:00,1842.695,1842.885,1833.145,1834.255,180,371
2023-02-17 00:00:00,1834.255,1834.255,1825.875,1828.145,240,385
2023-02-17 04:00:00,1828.125,1828.435,1821.735,1823.975,240,338
2023-02-17 08:00:00,1823.968,1828.075,1818.805,1824.565,240,356
2023-02-17 12:00:00,1824.585,1840.805,1822.565,1834.644,240,355
2023-02-17 16:00:00,1834.642,1843.435,1834.178,1842.635,240,336
2023-02-17 20:00:00,1842.645,1843.505,1840.885,1841.898,120,344
2023-02-19 20:00:00,1840.407,1841.798,1838.325,1838.595,60,810
2023-02-20 00:00:00,1838.585,1843.075,1837.145,1842.695,240,348
2023-02-20 04:00:00,1842.705,1846.215,1841.045,1845.955,240,346
2023-02-20 08:00:00,1845.955,1847.405,1840.995,1844.725,240,357
2023-02-20 12:00:00,1844.788,1846.945,1842.225,1843.104,240,337
2023-02-20 16:00:00,1843.104,1843.955,1840.344,1840.965,210,345
2023-02-20 20:00:00,1841.304,1842.725,1841.254,1841.675,59,573
2023-02-21 00:00:00,1841.655,1843.725,1837.015,1838.385,240,372
2023-02-21 04:00:00,1838.365,1839.695,1833.475,1834.675,240,338
2023-02-21 08:00:00,1834.645,1836.645,1830.995,1833.765,240,346
2023-02-21 12:00:00,1833.775,1843.738,1830.095,1838.645,240,358
2023-02-21 16:00:00,1838.658,1839.385,1831.625,1833.948,240,329
2023-02-21 20:00:00,1833.948,1836.338,1833.844,1835.435,180,365
2023-02-22 00:00:00,1835.425,1838.335,1834.845,1836.115,240,397
2023-02-22 04:00:00,1836.115,1839.814,1834.458,1839.734,240,336
2023-02-22 08:00:00,1839.734,1841.065,1832.025,1838.785,240,354
2023-02-22 12:00:00,1838.805,1845.905,1831.235,1835.898,240,344
2023-02-22 16:00:00,1835.895,1837.015,1824.585,1824.835,240,335
2023-02-22 20:00:00,1824.875,1827.305,1823.425,1825.055,179,367
2023-02-23 00:00:00,1825.035,1830.355,1823.045,1827.805,240,422
2023-02-23 04:00:00,1827.785,1833.685,1827.435,1829.695,240,363
2023-02-23 08:00:00,1829.685,1829.695,1823.898,1826.415,240,347
2023-02-23 12:00:00,1826.385,1830.025,1817.395,1823.404,240,344
2023-02-23 16:00:00,1823.394,1824.018,1818.375,1822.848,240,387
2023-02-23 20:00:00,1822.845,1823.998,1821.444,1823.115,180,352
2023-02-24 00:00:00,1823.115,1827.715,1822.915,1825.645,240,383
2023-02-24 04:00:00,1825.645,1826.345,1821.655,1821.995,240,350
2023-02-24 08:00:00,1821.995,1825.495,1817.295,1819.038,240,351
2023-02-24 12:00:00,1819.038,1819.048,1808.875,1810.518,240,354
2023-02-24 16:00:00,1810.528,1814.058,1808.865,1810.895,240,416
2023-02-24 20:00:00,1810.865,1813.298,1810.384,1810.665,119,411
2023-02-26 20:00:00,1810.758,1812.985,1810.004,1811.625,60,837
2023-02-27 00:00:00,1811.615,1814.045,1806.538,1807.815,240,364
2023-02-27 04:00:00,1807.808,1812.215,1806.945,1810.545,240,344
2023-02-27 08:00:00,1810.525,1813.615,1808.215,1811.328,240,360
2023-02-27 12:00:00,1811.358,1820.005,1810.025,1815.258,240,343
2023-02-27 16:00:00,1815.258,1820.055,1812.495,1817.305,240,325
2023-02-27 20:00:00,1817.275,1817.975,1815.915,1817.105,178,327
2023-02-28 00:00:00,1817.105,1819.278,1814.645,1814.825,240,337
2023-02-28 04:00:00,1814.805,1816.885,1810.035,1810.355,240,349
2023-02-28 08:00:00,1810.425,1812.965,1804.594,1808.975,240,337
2023-02-28 12:00:00,1808.965,1826.645,1807.108,1823.975,240,351
2023-02-28 16:00:00,1823.978,1831.045,1823.905,1828.915,240,373
2023-02-28 20:00:00,1828.915,1829.255,1825.265,1825.395,180,338
2023-03-01 00:00:00,1825.374,1831.148,1822.938,1830.895,240,373
2023-03-01 04:00:00,1830.895,1836.565,1829.785,1835.445,240,361
2023-03-01 08:00:00,1835.435,1838.368,1830.325,1835.148,240,340
2023-03-01 12:00:00,1835.218,1844.408,1833.325,1841.965,240,335
2023-03-01 16:00:00,1841.965,1842.105,1836.365,1838.175,240,322
2023-03-01 20:00:00,1838.185,1838.925,1835.935,1836.475,178,336
2023-03-02 00:00:00,1836.455,1838.195,1830.945,1833.308,240,333
2023-03-02 04:00:00,1833.308,1834.735,1830.105,1831.565,240,344
2023-03-02 08:00:00,1831.568,1837.174,1829.854,1836.605,240,334
2023-03-02 12:00:00,1836.585,1838.865,1829.965,1836.545,240,349
2023-03-02 16:00:00,1836.515,1838.544,1832.185,1835.535,240,325
2023-03-02 20:00:00,1835.535,1838.075,1834.825,1837.765,180,335
2023-03-03 00:00:00,1837.755,1841.435,1837.675,1838.725,240,371
2023-03-03 04:00:00,1838.725,1844.625,1837.765,1842.645,239,360
2023-03-03 08:00:00,1842.665,1849.135,1842.655,1848.345,240,342
2023-03-03 12:00:00,1848.345,1848.565,1838.915,1844.444,240,350
2023-03-03 16:00:00,1844.484,1853.575,1843.678,1853.158,240,403
2023-03-03 20:00:00,1853.164,1856.768,1852.575,1855.798,120,340
2023-03-05 20:00:00,1854.644,1855.314,1852.125,1852.255,60,675
2023-03-06 00:00:00,1852.255,1855.768,1850.668,1854.938,240,348
2023-03-06 04:00:00,1854.908,1858.168,1852.675,1856.155,240,328
2023-03-06 08:00:00,1856.125,1857.095,1847.125,1848.445,240,331
2023-03-06 12:00:00,1848.445,1853.855,1848.035,1850.945,240,332
2023-03-06 16:00:00,1850.925,1852.658,1845.015,1846.035,240,341
2023-03-06 20:00:00,1846.035,1847.235,1845.575,1846.255,180,383
2023-03-07 00:00:00,1846.225,1850.395,1844.045,1847.505,240,367
2023-03-07 04:00:00,1847.485,1851.555,1845.275,1848.385,240,381
2023-03-07 08:00:00,1848.365,1849.545,1840.855,1841.875,240,343
2023-03-07 12:00:00,1841.865,1841.865,1815.555,1817.905,240,337
2023-03-07 16:00:00,1817.705,1823.038,1812.655,1813.835,240,344
2023-03-07 20:00:00,1813.855,1815.915,1812.795,1813.865,180,323
2023-03-08 00:00:00,1813.855,1814.045,1809.248,1809.688,240,346
2023-03-08 04:00:00,1809.688,1814.925,1809.688,1814.135,240,351
2023-03-08 08:00:00,1814.125,1816.555,1812.265,1814.955,240,332
2023-03-08 12:00:00,1814.965,1824.185,1812.065,1820.555,240,365
2023-03-08 16:00:00,1820.588,1821.765,1813.235,1816.195,240,345
2023-03-08 20:00:00,1816.215,1816.285,1812.768,1815.175,179,318
2023-03-09 00:00:00,1815.195,1816.345,1811.805,1813.598,240,380
2023-03-09 04:00:00,1813.598,1816.005,1812.555,1814.648,239,339
2023-03-09 08:00:00,1814.668,1820.275,1813.595,1818.605,240,337
2023-03-09 12:00:00,1818.585,1835.565,1815.375,1828.595,227,329
2023-03-09 16:00:00,1828.605,1834.898,1825.445,1830.495,240,331
2023-03-09 20:00:00,1830.495,1832.215,1828.935,1831.415,180,328
2023-03-10 00:00:00,1831.428,1834.765,1827.974,1829.085,240,367
2023-03-10 04:00:00,1829.085,1834.575,1827.675,1833.405,240,328
2023-03-10 08:00:00,1833.415,1837.245,1830.778,1834.865,240,330
2023-03-10 12:00:00,1834.885,1867.348,1831.384,1862.975,240,336
2023-03-10 16:00:00,1862.985,1865.325,1854.005,1863.748,240,336
2023-03-10 20:00:00,1863.748,1870.065,1863.465,1867.448,120,332
2023-03-12 20:00:00,1872.398,1894.184,1872.398,1877.675,120,907
2023-03-13 00:00:00,1877.695,1888.775,1872.058,1882.505,240,360
2023-03-13 04:00:00,1882.505,1883.635,1871.328,1876.145,240,366
2023-03-13 08:00:00,1876.145,1893.698,1875.375,1889.505,240,337
2023-03-13 12:00:00,1889.515,1912.995,1887.175,1904.678,240,339
2023-03-13 16:00:00,1904.674,1914.475,1903.275,1913.188,240,341
2023-03-13 20:00:00,1913.158,1913.908,1909.724,1912.005,180,404
2023-03-14 00:00:00,1912.005,1913.984,1902.505,1902.845,240,355
2023-03-14 04:00:00,1902.835,1913.445,1901.395,1912.555,240,374
2023-03-14 08:00:00,1912.525,1913.235,1900.655,1904.105,240,344
2023-03-14 12:00:00,1904.125,1911.858,1895.228,1904.055,240,550
2023-03-14 16:00:00,1904.065,1910.048,1902.105,1902.375,240,339
2023-03-14 20:00:00,1902.395,1904.825,1902.395,1902.958,180,391
2023-03-15 00:00:00,1902.935,1905.508,1899.795,1902.725,240,350
2023-03-15 04:00:00,1902.745,1903.385,1896.155,1896.325,240,351
2023-03-15 08:00:00,1896.324,1918.845,1885.565,1917.944,240,346
2023-03-15 12:00:00,1917.905,1930.215,1916.868,1927.048,240,499
2023-03-15 16:00:00,1927.048,1937.295,1908.898,1916.675,240,329
2023-03-15 20:00:00,1916.645,1922.765,1915.975,1921.105,180,363
2023-03-16 00:00:00,1921.125,1924.285,1907.455,1913.135,240,335
2023-03-16 04:00:00,1913.115,1920.528,1912.118,1916.595,240,345
2023-03-16 08:00:00,1916.635,1926.975,1915.645,1926.825,240,341
2023-03-16 12:00:00,1926.835,1933.385,1913.245,1918.598,240,472
2023-03-16 16:00:00,1918.598,1921.048,1914.225,1920.425,240,349
2023-03-16 20:00:00,1920.355,1921.985,1918.395,1921.265,180,368
2023-03-17 00:00:00,1921.295,1929.645,1918.135,1927.625,240,340
2023-03-17 04:00:00,1927.605,1934.265,1927.155,1930.265,240,347
2023-03-17 08:00:00,1930.285,1937.048,1927.195,1934.955,240,360
2023-03-17 12:00:00,1934.975,1964.805,1934.825,1959.245,240,343
2023-03-17 16:00:00,1959.235,1987.665,1955.205,1976.085,240,324
2023-03-17 20:00:00,1976.205,1988.998,1975.175,1987.798,60,438
2023-03-19 20:00:00,1984.148,1990.548,1974.845,1976.895,120,707
2023-03-20 00:00:00,1976.925,1978.365,1968.015,1973.185,240,361
2023-03-20 04:00:00,1973.208,2009.695,1972.924,2003.415,240,339
2023-03-20 08:00:00,2003.415,2006.055,1973.805,1983.755,240,349
2023-03-20 12:00:00,1983.765,1986.495,1965.748,1973.725,240,344
2023-03-20 16:00:00,1973.715,1984.225,1972.875,1977.115,240,333
2023-03-20 20:00:00,1977.105,1979.845,1976.195,1976.525,178,356
2023-03-21 00:00:00,1976.545,1985.025,1975.275,1983.755,240,383
2023-03-21 04:00:00,1983.735,1983.745,1970.195,1970.205,240,366
2023-03-21 08:00:00,1970.145,1970.775,1962.778,1966.245,240,336
2023-03-21 12:00:00,1966.265,1967.025,1942.964,1948.055,240,353
2023-03-21 16:00:00,1948.035,1948.858,1935.194,1940.048,240,337
2023-03-21 20:00:00,1940.075,1943.855,1939.114,1943.035,180,384
2023-03-22 00:00:00,1943.035,1946.145,1938.075,1939.515,240,343
2023-03-22 04:00:00,1939.495,1943.485,1934.175,1939.735,240,332
2023-03-22 08:00:00,1939.615,1945.555,1939.495,1942.365,240,325
2023-03-22 12:00:00,1942.355,1951.855,1937.005,1947.215,240,334
2023-03-22 16:00:00,1947.195,1978.705,1944.775,1972.608,240,345
2023-03-22 20:00:00,1972.608,1975.015,1964.644,1969.555,180,390
2023-03-23 00:00:00,1969.565,1977.545,1966.245,1976.745,240,355
2023-03-23 04:00:00,1976.745,1983.525,1974.815,1976.785,240,337
2023-03-23 08:00:00,1976.795,1980.595,1974.155,1978.284,240,370
2023-03-23 12:00:00,1978.295,1986.955,1966.455,1983.995,240,434
2023-03-23 16:00:00,1983.975,2003.185,1982.635,1997.698,240,322
2023-03-23 20:00:00,1997.898,1998.805,1989.955,1991.205,180,357
2023-03-24 00:00:00,1991.205,1994.825,1989.614,1992.698,240,352
2023-03-24 04:00:00,1992.715,1993.248,1985.124,1989.385,240,365
2023-03-24 08:00:00,1989.405,2000.225,1981.135,1995.695,240,339
2023-03-24 12:00:00,1995.715,2002.848,1985.765,1987.205,240,432
2023-03-24 16:00:00,1987.164,1990.505,1975.165,1975.905,240,324
2023-03-24 20:00:00,1975.905,1979.215,1975.085,1977.988,60,382
2023-03-26 20:00:00,1979.798,1979.798,1969.104,1975.665,120,811
2023-03-27 00:00:00,1975.645,1978.615,1972.025,1974.555,240,366
2023-03-27 04:00:00,1974.535,1975.435,1965.815,1970.795,240,359
2023-03-27 08:00:00,1970.695,1972.125,1948.045,1954.085,240,336
2023-03-27 12:00:00,1954.075,1958.645,1943.895,1956.795,240,327
2023-03-27 16:00:00,1956.775,1959.335,1950.625,1956.798,240,320
2023-03-27 20:00:00,1956.788,1958.165,1955.504,1958.035,180,389
2023-03-28 00:00:00,1958.005,1963.935,1957.645,1959.565,240,329
2023-03-28 04:00:00,1959.545,1960.785,1951.785,1953.815,240,345
2023-03-28 08:00:00,1953.825,1958.475,1949.028,1956.868,240,337
2023-03-28 12:00:00,1956.918,1969.868,1956.818,1966.555,240,398
2023-03-28 16:00:00,1966.545,1975.148,1965.605,1973.265,240,358
2023-03-28 20:00:00,1973.265,1974.224,1971.284,1971.835,180,383
2023-03-29 00:00:00,1971.865,1972.735,1965.725,1966.375,240,337
2023-03-29 04:00:00,1966.405,1968.815,1958.575,1961.548,240,332
2023-03-29 08:00:00,1961.548,1969.075,1960.688,1966.605,240,345
2023-03-29 12:00:00,1966.615,1971.605,1960.595,1961.785,240,334
2023-03-29 16:00:00,1961.735,1969.075,1960.975,1963.025,240,353
2023-03-29 20:00:00,1963.098,1964.855,1962.555,1963.145,180,331
2023-03-30 00:00:00,1963.195,1963.475,1955.204,1959.425,240,333
2023-03-30 04:00:00,1959.438,1971.425,1958.838,1966.605,240,362
2023-03-30 08:00:00,1966.595,1971.088,1964.888,1968.565,240,330
2023-03-30 12:00:00,1968.585,1975.268,1963.845,1974.655,240,430
2023-03-30 16:00:00,1974.625,1984.195,1974.625,1981.195,240,346
2023-03-30 20:00:00,1981.155,1981.865,1977.895,1978.385,180,371
2023-03-31 00:00:00,1978.365,1983.545,1977.565,1981.038,240,355
2023-03-31 04:00:00,1981.078,1984.965,1974.785,1975.245,240,347
2023-03-31 08:00:00,1975.235,1981.845,1973.095,1980.118,240,329
2023-03-31 12:00:00,1980.094,1987.485,1974.785,1979.538,240,423
2023-03-31 16:00:00,1979.518,1979.608,1966.754,1970.788,240,344
2023-03-31 20:00:00,1970.795,1970.795,1968.258,1968.748,60,426
2023-04-02 20:00:00,1972.298,1972.298,1956.794,1956.995,120,795
2023-04-03 00:00:00,1957.015,1964.435,1949.595,1951.735,240,353
2023-04-03 04:00:00,1951.715,1961.935,1950.425,1961.735,239,345
2023-04-03 08:00:00,1961.735,1978.635,1961.088,1978.508,240,330
2023-04-03 12:00:00,1978.505,1990.358,1972.295,1987.848,240,334
2023-04-03 16:00:00,1987.804,1990.365,1981.755,1985.025,240,331
2023-04-03 20:00:00,1984.935,1985.798,1983.344,1984.848,180,351
2023-04-04 00:00:00,1984.825,1985.208,1977.698,1978.045,240,343
2023-04-04 04:00:00,1978.045,1983.715,1976.825,1982.085,240,349
2023-04-04 08:00:00,1982.095,1984.225,1978.415,1981.905,240,347
2023-04-04 12:00:00,1981.905,2024.848,1981.405,2020.145,240,343
2023-04-04 16:00:00,2020.135,2024.848,2017.678,2021.748,240,348
2023-04-04 20:00:00,2021.748,2023.488,2019.504,2021.755,180,347
2023-04-05 00:00:00,2021.735,2025.235,2019.198,2022.975,240,328
2023-04-05 04:00:00,2022.935,2028.255,2021.995,2025.325,240,344
2023-04-05 08:00:00,2025.335,2028.045,2021.384,2022.885,240,346
2023-04-05 12:00:00,2022.895,2031.968,2009.885,2021.578,240,432
2023-04-05 16:00:00,2021.578,2023.855,2019.025,2020.925,240,362
2023-04-05 20:00:00,2020.968,2021.535,2018.615,2020.165,180,351
2023-04-06 00:00:00,2020.175,2020.375,2007.915,2011.265,240,342
2023-04-06 04:00:00,2011.295,2017.975,2010.425,2016.258,240,345
2023-04-06 08:00:00,2016.248,2020.804,2014.685,2018.435,240,351
2023-04-06 12:00:00,2018.415,2020.674,2001.0,2011.055,240,485
2023-04-06 16:00:00,2011.045,2014.845,2006.145,2006.348,240,364
2023-04-06 20:00:00,2006.325,2007.965,2005.675,2006.476,59,341
2023-04-09 20:00:00,1993.341,2006.355,1992.458,2005.358,116,1484
2023-04-10 00:00:00,2005.415,2005.758,1988.808,1990.845,240,379
2023-04-10 04:00:00,1990.845,1997.535,1989.555,1997.314,240,348
2023-04-10 08:00:00,1997.308,2002.875,1995.798,2001.408,240,343
2023-04-10 12:00:00,2001.408,2001.848,1981.545,1988.575,240,344
2023-04-10 16:00:00,1988.555,1992.755,1987.004,1991.398,240,352
2023-04-10 20:00:00,1991.398,1992.455,1990.084,1992.275,180,359
2023-04-11 00:00:00,1992.255,1998.115,1988.615,1997.478,240,362
2023-04-11 04:00:00,1997.478,2003.605,1997.225,2002.005,240,343
2023-04-11 08:00:00,2001.985,2007.348,1999.325,2000.385,240,330
2023-04-11 12:00:00,2000.355,2006.155,1995.495,2004.075,240,328
2023-04-11 16:00:00,2004.075,2006.648,2000.905,2003.985,240,358
2023-04-11 20:00:00,2004.055,2005.005,2002.755,2004.615,179,368
2023-04-12 00:00:00,2004.638,2019.315,2003.845,2017.074,240,344
2023-04-12 04:00:00,2017.064,2020.978,2011.565,2012.925,240,359
2023-04-12 08:00:00,2012.925,2013.534,2007.228,2007.655,240,325
2023-04-12 12:00:00,2007.655,2028.235,2001.225,2005.685,240,552
2023-04-12 16:00:00,2005.665,2017.948,2005.095,2013.545,240,382
2023-04-12 20:00:00,2013.535,2018.395,2013.148,2018.075,177,382
2023-04-13 00:00:00,2018.055,2019.705,2015.615,2017.385,240,382
2023-04-13 04:00:00,2017.405,2025.565,2015.158,2024.378,240,371
2023-04-13 08:00:00,2024.395,2029.055,2024.318,2028.515,240,333
2023-04-13 12:00:00,2028.525,2048.538,2026.425,2038.815,240,492
2023-04-13 16:00:00,2038.795,2043.965,2036.545,2040.498,240,344
2023-04-13 20:00:00,2040.445,2040.948,2038.558,2039.675,180,352
2023-04-14 00:00:00,2039.645,2047.335,2038.545,2044.985,240,328
2023-04-14 04:00:00,2044.975,2046.365,2036.495,2039.085,240,351
2023-04-14 08:00:00,2039.065,2042.095,2031.725,2033.195,240,333
2023-04-14 12:00:00,2033.165,2040.074,1993.584,1995.555,240,475
2023-04-14 16:00:00,1995.545,2007.895,1992.285,2005.175,240,328
2023-04-14 20:00:00,2005.115,2005.545,2003.498,2003.498,60,424
2023-04-16 20:00:00,1998.498,2004.874,1997.904,2002.765,120,720
2023-04-17 00:00:00,2002.814,2006.198,1995.295,2004.475,240,350
2023-04-17 04:00:00,2004.465,2014.885,2003.715,2010.735,240,369
2023-04-17 08:00:00,2010.715,2012.665,2004.815,2009.015,240,333
2023-04-17 12:00:00,2009.065,2010.535,1980.974,1989.825,240,423
2023-04-17 16:00:00,1989.845,1997.025,1987.214,1996.165,240,338
2023-04-17 20:00:00,1996.248,1996.385,1993.708,1993.905,180,371
2023-04-18 00:00:00,1993.875,2001.675,1993.198,2000.125,240,363
2023-04-18 04:00:00,2000.155,2004.085,1996.254,2002.168,240,331
2023-04-18 08:00:00,2002.198,2005.085,1998.995,2003.748,240,340
2023-04-18 12:00:00,2003.748,2011.748,1991.195,2008.268,240,399
2023-04-18 16:00:00,2008.294,2008.364,2003.275,2004.015,240,368
2023-04-18 20:00:00,2004.075,2006.245,2004.055,2005.608,177,347
2023-04-19 00:00:00,2005.605,2008.045,2001.854,2003.365,240,352
2023-04-19 04:00:00,2003.385,2004.365,1986.875,1991.255,240,348
2023-04-19 08:00:00,1991.275,1991.365,1969.155,1970.475,240,334
2023-04-19 12:00:00,1970.445,1995.798,1969.575,1990.705,240,350
2023-04-19 16:00:00,1990.705,1996.748,1990.174,1994.355,240,335
2023-04-19 20:00:00,1994.375,1995.635,1992.978,1993.635,180,367
2023-04-20 00:00:00,1993.655,1998.645,1990.385,1992.665,240,377
2023-04-20 04:00:00,1992.705,2001.105,1991.275,1997.105,240,342
2023-04-20 08:00:00,1997.125,2004.695,1992.285,2000.948,240,330
2023-04-20 12:00:00,2000.904,2012.255,1997.284,2002.445,240,462
2023-04-20 16:00:00,2002.445,2008.225,2002.135,2003.045,240,323
2023-04-20 20:00:00,2003.065,2005.675,2001.705,2005.195,180,358
2023-04-21 00:00:00,2005.205,2005.445,2000.345,2002.065,240,333
2023-04-21 04:00:00,2002.075,2002.265,1981.738,1986.685,240,353
2023-04-21 08:00:00,1986.685,1992.308,1983.985,1987.838,240,347
2023-04-21 12:00:00,1987.835,1997.858,1971.515,1975.785,240,336
2023-04-21 16:00:00,1975.765,1982.935,1973.915,1982.625,240,340
2023-04-21 20:00:00,1982.615,1983.418,1979.541,1982.248,60,424
2023-04-23 20:00:00,1980.748,1985.298,1980.518,1984.605,120,776
2023-04-24 00:00:00,1984.545,1984.545,1978.325,1980.725,240,357
2023-04-24 04:00:00,1980.745,1983.008,1976.355,1982.615,240,364
2023-04-24 08:00:00,1982.625,1986.805,1980.788,1982.928,240,384
2023-04-24 12:00:00,1982.904,1987.108,1973.995,1984.705,240,326
2023-04-24 16:00:00,1984.645,1990.728,1984.508,1988.648,240,329
2023-04-24 20:00:00,1988.648,1996.498,1988.135,1994.935,180,342
2023-04-25 00:00:00,1994.955,2000.865,1992.765,1992.775,240,344
2023-04-25 04:00:00,1992.765,1997.185,1987.435,1990.105,240,348
2023-04-25 08:00:00,1990.115,1990.898,1976.565,1977.485,240,364
2023-04-25 12:00:00,1977.485,1994.384,1976.015,1989.834,240,382
2023-04-25 16:00:00,1989.815,2003.798,1988.148,1999.008,240,386
2023-04-25 20:00:00,1998.964,2001.605,1995.628,2000.125,180,391
2023-04-26 00:00:00,2000.115,2002.365,1992.995,1993.995,240,326
2023-04-26 04:00:00,1994.015,1999.195,1994.015,1997.795,240,338
2023-04-26 08:00:00,1997.815,2001.625,1991.285,1995.648,240,385
2023-04-26 12:00:00,1995.624,2009.204,1991.335,1991.365,240,457
2023-04-26 16:00:00,1991.375,1992.355,1983.198,1987.945,240,372
2023-04-26 20:00:00,1987.945,1991.805,1987.145,1991.585,180,341
2023-04-27 00:00:00,1991.505,2000.745,1989.428,1999.655,240,362
2023-04-27 04:00:00,1999.695,2003.085,1997.185,1999.325,240,357
2023-04-27 08:00:00,1999.325,2001.078,1995.788,1996.765,240,358
2023-04-27 12:00:00,1996.765,2003.258,1973.865,1982.074,240,422
2023-04-27 16:00:00,1982.165,1990.924,1981.004,1988.055,240,408
2023-04-27 20:00:00,1988.045,1988.545,1986.245,1986.825,180,365
2023-04-28 00:00:00,1986.785,1991.465,1984.895,1988.665,240,330
2023-04-28 04:00:00,1988.658,1990.298,1981.404,1982.245,240,401
2023-04-28 08:00:00,1982.365,1984.675,1979.625,1983.175,240,347
2023-04-28 12:00:00,1983.185,1994.915,1975.905,1991.645,240,446
2023-04-28 16:00:00,1991.625,1993.985,1987.385,1989.045,240,350
2023-04-28 20:00:00,1989.075,1989.748,1987.855,1989.548,60,436
2023-04-30 20:00:00,1990.398,1991.755,1986.515,1986.748,120,698
2023-05-01 00:00:00,1986.725,1987.248,1980.515,1983.225,240,360
2023-05-01 04:00:00,1983.235,1986.348,1978.835,1980.818,240,370
2023-05-01 08:00:00,1980.795,1989.835,1976.925,1988.885,240,436
2023-05-01 12:00:00,1988.915,2005.848,1980.485,1982.895,240,337
2023-05-01 16:00:00,1982.895,1983.975,1979.235,1979.655,240,338
2023-05-01 20:00:00,1979.675,1983.145,1979.554,1981.335,180,333
2023-05-02 00:00:00,1981.335,1985.165,1981.114,1982.025,240,346
2023-05-02 04:00:00,1981.945,1985.665,1980.315,1981.295,240,353
2023-05-02 08:00:00,1981.325,1990.118,1978.324,1986.285,240,339
2023-05-02 12:00:00,1986.265,2015.325,1984.405,2014.285,240,335
2023-05-02 16:00:00,2014.305,2019.248,2011.115,2018.098,240,362
2023-05-02 20:00:00,2018.098,2018.098,2015.354,2015.785,180,358
2023-05-03 00:00:00,2015.795,2018.675,2014.115,2018.455,240,349
2023-05-03 04:00:00,2018.445,2019.465,2012.508,2014.715,240,334
2023-05-03 08:00:00,2014.725,2017.365,2014.225,2015.775,240,336
2023-05-03 12:00:00,2015.755,2026.755,2007.414,2023.415,240,345
2023-05-03 16:00:00,2023.394,2035.944,2016.905,2035.105,240,337
2023-05-03 20:00:00,2035.048,2079.778,2028.935,2051.795,180,400
2023-05-04 00:00:00,2051.814,2057.025,2038.345,2040.885,240,379
2023-05-04 04:00:00,2040.885,2045.335,2030.214,2034.475,240,370
2023-05-04 08:00:00,2034.455,2044.734,2031.015,2041.878,240,353
2023-05-04 12:00:00,2041.835,2059.525,2031.904,2050.845,240,488
2023-05-04 16:00:00,2050.845,2054.035,2044.385,2049.355,240,334
2023-05-04 20:00:00,2049.425,2050.815,2047.385,2049.755,180,394
2023-05-05 00:00:00,2049.774,2052.925,2045.395,2049.685,240,349
2023-05-05 04:00:00,2049.745,2051.015,2039.285,2040.465,240,341
2023-05-05 08:00:00,2040.425,2041.605,2034.695,2035.375,240,338
2023-05-05 12:00:00,2035.365,2038.205,1999.455,2015.124,240,695
2023-05-05 16:00:00,2015.154,2018.725,2012.935,2017.624,240,269
2023-05-05 20:00:00,2017.634,2018.748,2014.631,2016.298,60,444
2023-05-07 20:00:00,2016.608,2018.124,2014.134,2015.975,120,851
2023-05-08 00:00:00,2015.964,2023.924,2015.064,2023.144,240,337
2023-05-08 04:00:00,2023.174,2024.665,2020.014,2021.414,240,315
2023-05-08 08:00:00,2021.414,2025.414,2019.904,2022.204,240,286
2023-05-08 12:00:00,2022.204,2029.224,2017.804,2027.054,240,326
2023-05-08 16:00:00,2027.075,2029.334,2020.175,2020.235,240,300
2023-05-08 20:00:00,2020.235,2022.355,2020.085,2021.185,180,354
2023-05-09 00:00:00,2021.224,2024.915,2019.344,2024.865,240,333
2023-05-09 04:00:00,2024.895,2028.644,2021.614,2024.584,240,366
2023-05-09 08:00:00,2024.604,2032.754,2021.344,2030.945,240,308
2023-05-09 12:00:00,2030.975,2032.024,2022.864,2026.844,240,309
2023-05-09 16:00:00,2026.844,2037.494,2026.794,2034.168,240,284
2023-05-09 20:00:00,2034.178,2037.115,2033.634,2036.204,180,324
2023-05-10 00:00:00,2036.244,2038.144,2030.414,2031.615,240,308
2023-05-10 04:00:00,2031.615,2032.945,2027.375,2031.604,240,366
2023-05-10 08:00:00,2031.624,2032.004,2026.138,2029.234,240,320
2023-05-10 12:00:00,2029.245,2048.114,2021.434,2024.944,240,530
2023-05-10 16:00:00,2024.944,2034.104,2024.444,2030.875,240,299
2023-05-10 20:00:00,2030.875,2031.984,2027.308,2031.418,180,351
2023-05-11 00:00:00,2031.418,2036.325,2031.054,2032.294,240,311
2023-05-11 04:00:00,2032.324,2033.055,2021.714,2025.544,240,339
2023-05-11 08:00:00,2025.544,2039.174,2021.594,2036.714,240,349
2023-05-11 12:00:00,2036.714,2041.214,2011.044,2013.474,240,398
2023-05-11 16:00:00,2013.494,2018.234,2012.794,2014.105,240,347
2023-05-11 20:00:00,2014.115,2016.598,2013.665,2016.224,180,372
2023-05-12 00:00:00,2016.274,2017.435,2008.654,2011.574,240,305
2023-05-12 04:00:00,2011.574,2012.555,2005.595,2008.714,240,378
2023-05-12 08:00:00,2008.714,2009.655,2000.825,2004.684,240,325
2023-05-12 12:00:00,2004.684,2022.494,2003.404,2009.304,240,374
2023-05-12 16:00:00,2009.294,2016.304,2008.225,2010.825,240,368
2023-05-12 20:00:00,2010.815,2011.375,2009.798,2009.798,60,377
2023-05-14 20:00:00,2007.498,2011.885,2006.998,2009.504,120,748
2023-05-15 00:00:00,2009.504,2018.744,2008.595,2013.914,240,335
2023-05-15 04:00:00,2013.914,2019.934,2013.204,2018.334,240,297
2023-05-15 08:00:00,2018.334,2020.834,2011.824,2013.004,240,296
2023-05-15 12:00:00,2013.015,2022.114,2011.424,2017.634,240,351
2023-05-15 16:00:00,2017.624,2021.335,2014.345,2014.925,240,361
2023-05-15 20:00:00,2014.925,2016.514,2013.644,2014.345,180,347
2023-05-16 00:00:00,2014.355,2018.235,2014.095,2016.854,240,335
2023-05-16 04:00:00,2016.854,2017.625,2002.604,2010.024,240,328
2023-05-16 08:00:00,2009.984,2010.224,2005.054,2005.424,240,272
2023-05-16 12:00:00,2005.364,2014.824,1994.545,1995.924,240,429
2023-05-16 16:00:00,1995.924,1996.974,1985.405,1989.838,240,336
2023-05-16 20:00:00,1989.794,1991.064,1987.955,1989.625,180,327
2023-05-17 00:00:00,1989.625,1992.985,1989.625,1991.288,240,355
2023-05-17 04:00:00,1991.288,1992.054,1986.654,1987.614,240,296
2023-05-17 08:00:00,1987.575,1989.034,1983.634,1987.324,240,315
2023-05-17 12:00:00,1987.334,1987.954,1974.935,1980.335,240,372
2023-05-17 16:00:00,1980.335,1984.494,1980.024,1982.925,240,361
2023-05-17 20:00:00,1982.888,1983.595,1979.945,1982.625,180,349
2023-05-18 00:00:00,1982.654,1985.944,1981.315,1982.234,240,303
2023-05-18 04:00:00,1982.234,1982.684,1973.368,1974.474,240,313
2023-05-18 08:00:00,1974.474,1978.825,1972.074,1974.055,240,338
2023-05-18 12:00:00,1974.075,1975.348,1951.885,1955.965,240,421
2023-05-18 16:00:00,1955.965,1958.865,1953.855,1957.195,240,340
2023-05-18 20:00:00,1957.205,1959.135,1956.418,1958.295,180,373
2023-05-19 00:00:00,1958.325,1963.585,1953.905,1963.185,240,337
2023-05-19 04:00:00,1963.215,1968.614,1960.515,1966.835,240,368
2023-05-19 08:00:00,1966.825,1968.085,1962.185,1963.615,240,340
2023-05-19 12:00:00,1963.595,1984.075,1957.095,1974.645,240,340
2023-05-19 16:00:00,1974.694,1983.088,1973.025,1976.065,240,390
2023-05-19 20:00:00,1976.055,1977.738,1975.315,1977.448,60,392
2023-05-21 20:00:00,1976.478,1981.375,1976.478,1980.695,120,794
2023-05-22 00:00:00,1980.715,1982.225,1976.195,1977.705,240,373
2023-05-22 04:00:00,1977.715,1978.705,1971.145,1976.755,240,348
2023-05-22 08:00:00,1976.745,1982.505,1969.695,1972.865,240,347
2023-05-22 12:00:00,1972.865,1978.584,1968.765,1972.395,240,357
2023-05-22 16:00:00,1972.395,1978.778,1971.615,1972.055,240,368
2023-05-22 20:00:00,1972.015,1972.495,1969.415,1969.645,178,383
2023-05-23 00:00:00,1969.695,1971.685,1960.165,1962.595,240,354
2023-05-23 04:00:00,1962.575,1964.515,1955.308,1957.125,240,361
2023-05-23 08:00:00,1957.105,1961.225,1954.084,1958.795,240,349
2023-05-23 12:00:00,1958.765,1973.458,1957.625,1967.275,240,332
2023-05-23 16:00:00,1967.245,1977.554,1966.225,1974.728,240,375
2023-05-23 20:00:00,1974.745,1977.158,1974.118,1974.945,178,346
2023-05-24 00:00:00,1974.935,1976.905,1972.654,1976.435,240,367
2023-05-24 04:00:00,1976.445,1980.458,1970.585,1973.915,240,376
2023-05-24 08:00:00,1973.945,1981.945,1973.435,1981.815,240,338
2023-05-24 12:00:00,1981.795,1985.194,1960.375,1962.945,240,346
2023-05-24 16:00:00,1962.945,1965.165,1956.548,1958.915,240,346
2023-05-24 20:00:00,1958.878,1961.755,1956.104,1959.715,180,335
2023-05-25 00:00:00,1959.725,1960.075,1954.905,1957.125,240,337
2023-05-25 04:00:00,1957.175,1961.315,1954.835,1959.395,240,354
2023-05-25 08:00:00,1959.375,1964.625,1959.155,1961.865,240,326
2023-05-25 12:00:00,1961.925,1962.958,1939.044,1945.315,240,432
2023-05-25 16:00:00,1945.295,1946.845,1938.658,1940.055,240,380
2023-05-25 20:00:00,1940.035,1942.954,1939.335,1940.465,180,355
2023-05-26 00:00:00,1940.475,1948.775,1936.655,1948.385,240,350
2023-05-26 04:00:00,1948.395,1957.215,1946.885,1956.145,240,345
2023-05-26 08:00:00,1956.125,1956.675,1950.955,1951.395,240,345
2023-05-26 12:00:00,1951.395,1953.805,1938.685,1943.415,240,436
2023-05-26 16:00:00,1943.385,1947.488,1942.705,1947.338,240,367
2023-05-26 20:00:00,1947.295,1947.438,1945.178,1945.788,60,392
2023-05-28 20:00:00,1942.078,1946.255,1941.098,1943.615,120,1312
2023-05-29 00:00:00,1943.605,1946.135,1940.145,1945.525,240,350
2023-05-29 04:00:00,1945.525,1948.835,1943.735,1944.155,240,355
2023-05-29 08:00:00,1944.135,1946.565,1940.755,1946.265,240,354
2023-05-29 12:00:00,1946.275,1949.575,1944.745,1945.785,240,347
2023-05-29 16:00:00,1945.774,1945.774,1942.675,1943.054,149,390
2023-05-29 20:00:00,1943.704,1944.154,1941.154,1941.338,120,662
2023-05-30 00:00:00,1941.344,1946.505,1939.235,1939.304,240,495
2023-05-30 04:00:00,1939.284,1942.214,1931.905,1942.184,240,361
2023-05-30 08:00:00,1942.164,1960.665,1941.585,1960.135,240,345
2023-05-30 12:00:00,1960.165,1962.185,1950.314,1961.958,240,335
2023-05-30 16:00:00,1961.958,1963.378,1957.648,1960.085,240,346
2023-05-30 20:00:00,1960.065,1960.065,1957.838,1958.378,178,357
2023-05-31 00:00:00,1958.404,1960.345,1953.498,1957.965,240,350
2023-05-31 04:00:00,1957.955,1965.285,1955.528,1956.005,240,341
2023-05-31 08:00:00,1955.995,1960.725,1954.825,1960.265,240,357
2023-05-31 12:00:00,1960.305,1974.628,1959.784,1968.468,240,332
2023-05-31 16:00:00,1968.468,1969.175,1962.595,1963.025,240,370
2023-05-31 20:00:00,1962.995,1966.905,1961.97,1966.245,180,349
2023-06-01 00:00:00,1966.225,1967.395,1961.985,1964.165,240,362
2023-06-01 04:00:00,1964.165,1965.755,1955.028,1955.455,240,369
2023-06-01 08:00:00,1955.515,1968.248,1953.255,1967.725,240,343
2023-06-01 12:00:00,1967.668,1983.015,1958.545,1982.025,240,503
2023-06-01 16:00:00,1982.015,1982.535,1975.535,1978.025,240,357
2023-06-01 20:00:00,1978.045,1978.295,1975.835,1976.895,180,343
2023-06-02 00:00:00,1976.945,1983.315,1973.945,1982.375,240,354
2023-06-02 04:00:00,1982.395,1982.735,1975.705,1975.955,240,350
2023-06-02 08:00:00,1975.925,1981.005,1974.905,1978.675,240,345
2023-06-02 12:00:00,1978.675,1980.074,1960.935,1961.975,240,592
2023-06-02 16:00:00,1961.965,1962.105,1947.988,1948.585,240,354
2023-06-02 20:00:00,1948.615,1948.888,1947.164,1947.738,60,375
2023-06-04 20:00:00,1947.045,1949.995,1946.788,1949.255,120,601
2023-06-05 00:00:00,1949.245,1949.405,1943.915,1947.035,240,335
2023-06-05 04:00:00,1946.975,1947.265,1938.365,1939.815,240,357
2023-06-05 08:00:00,1939.785,1945.865,1938.255,1942.145,240,346
2023-06-05 12:00:00,1942.175,1961.845,1938.045,1958.055,240,341
2023-06-05 16:00:00,1958.045,1963.955,1957.045,1960.985,240,364
2023-06-05 20:00:00,1961.055,1963.015,1960.324,1961.195,180,325
2023-06-06 00:00:00,1961.215,1964.495,1958.845,1959.155,240,366
2023-06-06 04:00:00,1959.244,1962.615,1956.725,1957.435,240,342
2023-06-06 08:00:00,1957.425,1964.865,1957.195,1962.648,240,372
2023-06-06 12:00:00,1962.605,1966.238,1954.255,1963.345,240,333
2023-06-06 16:00:00,1963.335,1966.195,1960.985,1962.795,240,350
2023-06-06 20:00:00,1962.835,1964.388,1962.395,1963.295,178,340
2023-06-07 00:00:00,1963.335,1966.688,1962.798,1963.315,240,365
2023-06-07 04:00:00,1963.325,1964.865,1954.845,1956.085,240,360
2023-06-07 08:00:00,1956.075,1966.288,1955.705,1961.225,240,386
2023-06-07 12:00:00,1961.215,1970.085,1946.244,1947.065,240,424
2023-06-07 16:00:00,1947.055,1947.585,1939.965,1940.015,240,355
2023-06-07 20:00:00,1939.985,1945.275,1939.544,1944.405,180,344
2023-06-08 00:00:00,1944.415,1947.005,1944.245,1946.275,240,342
2023-06-08 04:00:00,1946.275,1948.198,1942.725,1947.158,240,356
2023-06-08 08:00:00,1947.158,1949.025,1944.855,1946.535,240,340
2023-06-08 12:00:00,1946.575,1970.398,1946.165,1966.664,240,471
2023-06-08 16:00:00,1966.674,1969.064,1961.685,1964.938,240,364
2023-06-08 20:00:00,1964.865,1966.285,1959.838,1965.275,180,334
2023-06-09 00:00:00,1965.225,1965.558,1963.038,1963.745,240,348
2023-06-09 04:00:00,1963.725,1965.965,1962.238,1963.014,240,346
2023-06-09 08:00:00,1963.005,1966.845,1960.498,1966.365,240,352
2023-06-09 12:00:00,1966.345,1972.928,1956.475,1962.075,240,331
2023-06-09 16:00:00,1962.045,1962.735,1959.518,1960.075,240,378
2023-06-09 20:00:00,1960.065,1961.008,1959.938,1960.798,60,395
2023-06-11 20:00:00,1959.324,1960.505,1957.844,1959.905,120,1490
2023-06-12 00:00:00,1959.875,1960.395,1954.185,1958.378,240,387
2023-06-12 04:00:00,1958.378,1961.925,1956.505,1960.525,240,339
2023-06-12 08:00:00,1960.505,1966.865,1960.115,1963.875,240,352
2023-06-12 12:00:00,1963.885,1965.848,1949.125,1955.325,240,337
2023-06-12 16:00:00,1955.325,1958.688,1952.985,1957.808,240,354
2023-06-12 20:00:00,1957.965,1960.495,1956.638,1959.855,180,362
2023-06-13 00:00:00,1959.825,1962.025,1955.885,1961.945,240,372
2023-06-13 04:00:00,1961.965,1965.265,1958.155,1962.098,240,311
2023-06-13 08:00:00,1962.084,1966.098,1961.365,1963.638,240,339
2023-06-13 12:00:00,1963.628,1970.724,1941.975,1943.045,240,747
2023-06-13 16:00:00,1943.025,1947.045,1939.935,1943.425,240,357
2023-06-13 20:00:00,1943.338,1945.045,1941.954,1943.795,180,354
2023-06-14 00:00:00,1943.845,1949.255,1942.695,1949.185,240,342
2023-06-14 04:00:00,1949.165,1951.418,1945.125,1949.555,240,355
2023-06-14 08:00:00,1949.545,1952.755,1945.665,1946.905,240,333
2023-06-14 12:00:00,1946.905,1960.205,1946.098,1955.905,240,462
2023-06-14 16:00:00,1955.905,1957.355,1939.898,1944.788,240,357
2023-06-14 20:00:00,1944.795,1946.055,1939.498,1945.185,180,342
2023-06-15 00:00:00,1945.175,1945.175,1932.305,1934.785,240,373
2023-06-15 04:00:00,1934.805,1939.715,1928.835,1933.418,240,348
2023-06-15 08:00:00,1933.395,1936.665,1927.888,1928.415,240,342
2023-06-15 12:00:00,1928.415,1959.638,1924.898,1956.455,240,521
2023-06-15 16:00:00,1956.475,1960.125,1956.435,1958.615,240,354
2023-06-15 20:00:00,1958.655,1959.155,1956.908,1958.125,180,332
2023-06-16 00:00:00,1958.115,1961.935,1955.125,1956.575,240,349
2023-06-16 04:00:00,1956.595,1963.245,1954.545,1961.428,240,348
2023-06-16 08:00:00,1961.465,1966.405,1959.814,1965.535,240,347
2023-06-16 12:00:00,1965.525,1967.825,1953.165,1956.195,240,353
2023-06-16 16:00:00,1956.195,1959.645,1953.845,1955.308,240,331
2023-06-16 20:00:00,1955.268,1957.978,1955.055,1957.358,60,414
2023-06-18 20:00:00,1957.198,1958.404,1956.148,1957.035,120,952
2023-06-19 00:00:00,1957.065,1958.548,1953.844,1955.655,240,341
2023-06-19 04:00:00,1955.645,1957.355,1952.575,1955.015,240,358
2023-06-19 08:00:00,1954.995,1958.685,1948.205,1948.425,240,336
2023-06-19 12:00:00,1948.445,1953.345,1947.685,1950.565,240,346
2023-06-19 16:00:00,1950.505,1951.795,1949.395,1950.125,148,415
2023-06-19 20:00:00,1950.575,1953.938,1950.474,1952.385,118,833
2023-06-20 00:00:00,1952.375,1952.895,1945.005,1950.195,240,347
2023-06-20 04:00:00,1950.195,1956.675,1946.745,1954.805,240,350
2023-06-20 08:00:00,1954.795,1955.505,1949.885,1951.275,240,334
2023-06-20 12:00:00,1951.285,1954.455,1929.705,1935.065,240,406
2023-06-20 16:00:00,1935.085,1938.605,1934.125,1936.045,240,332
2023-06-20 20:00:00,1935.955,1938.658,1935.264,1937.205,178,355
2023-06-21 00:00:00,1937.215,1939.375,1935.335,1936.888,240,351
2023-06-21 04:00:00,1936.894,1937.285,1931.155,1934.935,240,356
2023-06-21 08:00:00,1934.935,1935.825,1931.964,1934.475,240,346
2023-06-21 12:00:00,1934.415,1935.245,1919.075,1932.135,240,345
2023-06-21 16:00:00,1932.095,1937.505,1930.258,1933.325,240,331
2023-06-21 20:00:00,1933.475,1934.845,1931.784,1933.755,180,354
2023-06-22 00:00:00,1933.815,1934.165,1931.384,1932.555,240,361
2023-06-22 04:00:00,1932.555,1933.005,1926.955,1929.905,240,362
2023-06-22 08:00:00,1929.875,1931.375,1924.764,1927.178,240,340
2023-06-22 12:00:00,1927.155,1930.875,1912.675,1913.375,240,444
2023-06-22 16:00:00,1913.365,1917.715,1912.965,1913.825,240,366
2023-06-22 20:00:00,1913.805,1914.905,1912.224,1914.365,178,361
2023-06-23 00:00:00,1914.375,1915.955,1910.065,1912.345,240,367
2023-06-23 04:00:00,1912.365,1918.855,1911.945,1917.914,240,339
2023-06-23 08:00:00,1917.915,1920.535,1916.505,1919.085,240,335
2023-06-23 12:00:00,1919.105,1937.238,1918.775,1920.965,240,345
2023-06-23 16:00:00,1920.955,1922.245,1917.825,1919.025,240,350
2023-06-23 20:00:00,1919.005,1921.498,1918.935,1920.388,60,425
2023-06-25 20:00:00,1924.948,1925.365,1922.534,1925.235,120,656
2023-06-26 00:00:00,1925.275,1928.485,1924.018,1925.405,240,363
2023-06-26 04:00:00,1925.425,1929.065,1922.065,1928.765,240,336
2023-06-26 08:00:00,1928.785,1933.245,1928.755,1931.265,240,347
2023-06-26 12:00:00,1931.275,1933.005,1921.425,1925.605,240,339
2023-06-26 16:00:00,1925.598,1926.438,1922.275,1922.805,240,339
2023-06-26 20:00:00,1922.805,1924.575,1920.855,1922.295,176,333
2023-06-27 00:00:00,1922.348,1930.285,1921.615,1928.365,240,353
2023-06-27 04:00:00,1928.395,1929.595,1924.055,1928.044,240,358
2023-06-27 08:00:00,1928.028,1928.545,1919.605,1922.995,240,337
2023-06-27 12:00:00,1922.985,1930.585,1911.385,1913.405,240,410
2023-06-27 16:00:00,1913.405,1916.495,1910.785,1913.638,240,340
2023-06-27 20:00:00,1913.655,1915.775,1912.815,1915.385,179,375
2023-06-28 00:00:00,1915.395,1917.155,1913.325,1915.028,240,347
2023-06-28 04:00:00,1915.038,1916.645,1909.065,1910.778,240,365
2023-06-28 08:00:00,1910.774,1911.855,1905.605,1907.055,240,335
2023-06-28 12:00:00,1907.085,1913.158,1902.695,1910.674,240,407
2023-06-28 16:00:00,1910.734,1913.245,1909.185,1909.215,240,349
2023-06-28 20:00:00,1909.215,1910.608,1906.605,1909.498,180,355
2023-06-29 00:00:00,1909.548,1912.705,1902.648,1905.355,240,368
2023-06-29 04:00:00,1905.345,1907.365,1902.455,1905.625,240,340
2023-06-29 08:00:00,1905.625,1910.905,1903.865,1909.895,240,345
2023-06-29 12:00:00,1909.894,1912.995,1892.915,1908.895,240,427
2023-06-29 16:00:00,1908.885,1910.655,1906.115,1907.555,240,355
2023-06-29 20:00:00,1907.505,1908.825,1906.938,1908.625,180,342
2023-06-30 00:00:00,1908.625,1909.585,1906.985,1908.225,240,350
2023-06-30 04:00:00,1908.245,1909.855,1903.575,1905.185,240,355
2023-06-30 08:00:00,1905.195,1906.488,1900.465,1905.225,240,331
2023-06-30 12:00:00,1905.225,1919.305,1904.495,1918.935,240,427
2023-06-30 16:00:00,1918.935,1922.628,1917.375,1919.925,240,330
2023-06-30 20:00:00,1919.898,1919.898,1917.888,1919.538,60,417
2023-07-02 20:00:00,1918.898,1919.565,1917.12,1918.105,120,985
2023-07-03 00:00:00,1918.125,1918.905,1914.488,1918.194,240,326
2023-07-03 04:00:00,1918.194,1920.438,1911.995,1912.095,240,355
2023-07-03 08:00:00,1912.115,1914.295,1909.965,1912.445,240,330
2023-07-03 12:00:00,1912.445,1930.935,1911.528,1926.458,240,336
2023-07-03 16:00:00,1926.428,1926.608,1920.525,1921.285,236,341
2023-07-03 20:00:00,1921.285,1921.555,1919.644,1921.155,167,379
2023-07-04 00:00:00,1921.155,1923.435,1919.955,1922.945,240,345
2023-07-04 04:00:00,1922.955,1928.335,1922.675,1927.935,240,334
2023-07-04 08:00:00,1927.945,1930.615,1925.675,1928.405,240,332
2023-07-04 12:00:00,1928.405,1930.175,1926.055,1926.915,240,374
2023-07-04 16:00:00,1926.895,1927.085,1923.915,1925.725,149,395
2023-07-04 20:00:00,1925.674,1926.924,1924.148,1926.245,120,1154
2023-07-05 00:00:00,1926.245,1927.045,1923.115,1924.285,240,342
2023-07-05 04:00:00,1924.265,1927.584,1920.745,1927.308,240,331
2023-07-05 08:00:00,1927.285,1929.428,1925.045,1927.385,240,349
2023-07-05 12:00:00,1927.408,1934.905,1919.015,1923.074,240,346
2023-07-05 16:00:00,1923.078,1924.665,1915.085,1915.735,240,363
2023-07-05 20:00:00,1915.735,1917.795,1914.244,1916.765,180,364
2023-07-06 00:00:00,1916.765,1919.605,1916.025,1918.098,240,365
2023-07-06 04:00:00,1917.884,1921.405,1916.848,1918.825,240,375
2023-07-06 08:00:00,1918.805,1927.405,1916.108,1926.565,240,333
2023-07-06 12:00:00,1926.565,1927.505,1902.505,1911.314,240,433
2023-07-06 16:00:00,1911.324,1912.238,1908.808,1910.078,240,442
2023-07-06 20:00:00,1910.145,1912.205,1909.408,1911.495,178,336
2023-07-07 00:00:00,1911.545,1912.365,1909.525,1911.085,240,360
2023-07-07 04:00:00,1911.095,1916.365,1910.215,1914.495,240,352
2023-07-07 08:00:00,1914.505,1918.198,1913.235,1917.425,240,328
2023-07-07 12:00:00,1917.415,1934.745,1914.195,1927.525,240,602
2023-07-07 16:00:00,1927.515,1929.225,1924.585,1924.585,240,361
2023-07-07 20:00:00,1924.635,1925.448,1923.838,1923.838,59,369
2023-07-09 20:00:00,1923.998,1928.075,1923.598,1924.775,120,751
2023-07-10 00:00:00,1924.825,1926.835,1922.435,1923.815,240,337
2023-07-10 04:00:00,1923.795,1925.558,1919.295,1924.758,240,354
2023-07-10 08:00:00,1924.724,1926.135,1922.575,1924.568,240,351
2023-07-10 12:00:00,1924.534,1924.885,1912.585,1923.408,240,333
2023-07-10 16:00:00,1923.408,1926.755,1922.538,1925.608,240,346
2023-07-10 20:00:00,1925.624,1925.738,1924.175,1924.735,178,368
2023-07-11 00:00:00,1924.765,1928.905,1924.355,1926.615,240,361
2023-07-11 04:00:00,1926.585,1938.265,1926.345,1932.175,240,360
2023-07-11 08:00:00,1932.175,1938.274,1931.915,1936.245,240,342
2023-07-11 12:00:00,1936.205,1936.445,1929.315,1931.0,240,350
2023-07-11 16:00:00,1931.0,1932.755,1929.255,1932.415,240,323
2023-07-11 20:00:00,1932.395,1933.655,1931.485,1933.235,178,354
2023-07-12 00:00:00,1933.235,1940.855,1933.165,1938.385,240,348
2023-07-12 04:00:00,1938.415,1940.155,1933.755,1934.615,240,339
2023-07-12 08:00:00,1934.615,1936.385,1933.435,1934.575,240,329
2023-07-12 12:00:00,1934.575,1958.195,1933.485,1955.538,240,455
2023-07-12 16:00:00,1955.538,1959.595,1955.305,1958.675,240,345
2023-07-12 20:00:00,1958.665,1958.685,1955.724,1957.685,180,418
2023-07-13 00:00:00,1957.675,1961.635,1956.225,1960.205,240,323
2023-07-13 04:00:00,1960.215,1963.275,1955.165,1961.705,240,326
2023-07-13 08:00:00,1961.695,1962.635,1957.915,1959.738,240,335
2023-07-13 12:00:00,1959.724,1963.494,1952.245,1954.905,240,491
2023-07-13 16:00:00,1954.875,1960.705,1954.665,1959.925,240,360
2023-07-13 20:00:00,1959.925,1961.668,1959.718,1959.908,179,327
2023-07-14 00:00:00,1959.924,1963.585,1958.248,1962.445,240,345
2023-07-14 04:00:00,1962.425,1962.425,1954.265,1956.805,240,339
2023-07-14 08:00:00,1956.785,1959.925,1955.085,1959.088,240,322
2023-07-14 12:00:00,1959.084,1962.584,1950.875,1957.995,240,402
2023-07-14 16:00:00,1957.995,1960.935,1954.235,1954.235,240,338
2023-07-14 20:00:00,1954.255,1955.488,1954.026,1954.748,60,405
2023-07-16 20:00:00,1954.048,1955.694,1951.194,1953.265,120,812
2023-07-17 00:00:00,1953.255,1955.865,1950.835,1952.025,240,342
2023-07-17 04:00:00,1952.025,1956.705,1950.485,1952.225,240,378
2023-07-17 08:00:00,1952.215,1959.745,1951.875,1957.468,240,328
2023-07-17 12:00:00,1957.424,1959.294,1945.638,1954.508,240,428
2023-07-17 16:00:00,1954.485,1956.275,1952.335,1955.255,240,341
2023-07-17 20:00:00,1955.205,1956.205,1953.554,1955.355,178,344
2023-07-18 00:00:00,1955.345,1960.505,1954.585,1959.695,240,370
2023-07-18 04:00:00,1959.705,1964.015,1957.705,1961.385,240,338
2023-07-18 08:00:00,1961.415,1971.998,1960.395,1962.884,240,330
2023-07-18 12:00:00,1962.885,1984.195,1960.575,1977.975,240,459
2023-07-18 16:00:00,1977.978,1981.345,1974.895,1977.598,240,339
2023-07-18 20:00:00,1977.535,1979.045,1976.695,1977.395,179,379
2023-07-19 00:00:00,1977.355,1978.385,1974.335,1975.425,240,320
2023-07-19 04:00:00,1975.435,1980.775,1972.915,1977.845,240,342
2023-07-19 08:00:00,1977.845,1979.045,1971.535,1973.605,240,336
2023-07-19 12:00:00,1973.605,1979.738,1969.645,1973.745,240,429
2023-07-19 16:00:00,1973.725,1978.805,1971.975,1978.348,240,340
2023-07-19 20:00:00,1978.285,1978.704,1975.435,1977.695,180,348
2023-07-20 00:00:00,1977.635,1987.385,1977.205,1985.055,240,343
2023-07-20 04:00:00,1985.055,1985.328,1977.795,1979.145,240,359
2023-07-20 08:00:00,1979.145,1983.685,1978.095,1981.365,240,351
2023-07-20 12:00:00,1981.355,1981.485,1965.685,1968.575,240,433
2023-07-20 16:00:00,1968.565,1971.415,1965.198,1968.675,240,355
2023-07-20 20:00:00,1968.655,1972.745,1968.365,1972.115,178,359
2023-07-21 00:00:00,1972.155,1973.705,1969.825,1970.045,240,328
2023-07-21 04:00:00,1970.025,1972.165,1964.028,1964.178,240,333
2023-07-21 08:00:00,1964.178,1966.665,1960.985,1965.605,240,346
2023-07-21 12:00:00,1965.584,1967.968,1956.678,1960.185,240,333
2023-07-21 16:00:00,1960.175,1964.725,1960.045,1962.388,240,349
2023-07-21 20:00:00,1962.348,1962.488,1961.378,1961.428,60,369
2023-07-23 20:00:00,1961.498,1962.805,1960.285,1961.028,120,675
2023-07-24 00:00:00,1961.028,1962.555,1959.015,1960.015,240,356
2023-07-24 04:00:00,1959.995,1965.525,1957.735,1963.128,240,329
2023-07-24 08:00:00,1963.114,1967.725,1959.335,1964.828,240,355
2023-07-24 12:00:00,1964.828,1967.585,1956.925,1959.565,240,339
2023-07-24 16:00:00,1959.545,1961.335,1953.335,1954.225,240,348
2023-07-24 20:00:00,1954.215,1955.375,1953.145,1954.345,180,375
2023-07-25 00:00:00,1954.365,1963.405,1953.805,1961.565,240,332
2023-07-25 04:00:00,1961.555,1964.045,1959.635,1961.135,240,348
2023-07-25 08:00:00,1961.095,1963.514,1953.105,1960.615,240,335
2023-07-25 12:00:00,1960.585,1965.258,1951.898,1964.175,240,337
2023-07-25 16:00:00,1964.145,1965.548,1961.135,1964.415,240,340
2023-07-25 20:00:00,1964.345,1966.125,1963.978,1965.235,180,330
2023-07-26 00:00:00,1965.235,1965.945,1961.945,1963.815,240,326
2023-07-26 04:00:00,1963.835,1971.015,1962.295,1970.468,240,338
2023-07-26 08:00:00,1970.445,1974.058,1969.505,1972.055,240,350
2023-07-26 12:00:00,1972.055,1974.935,1963.785,1972.285,240,342
2023-07-26 16:00:00,1972.255,1978.118,1965.285,1974.715,240,359
2023-07-26 20:00:00,1974.685,1974.695,1970.985,1971.885,180,343
2023-07-27 00:00:00,1971.905,1982.085,1971.095,1977.865,240,370
2023-07-27 04:00:00,1977.905,1982.075,1973.918,1979.795,240,350
2023-07-27 08:00:00,1979.785,1981.035,1973.445,1978.975,240,331
2023-07-27 12:00:00,1978.995,1979.035,1942.575,1946.815,240,458
2023-07-27 16:00:00,1946.755,1949.625,1942.525,1944.125,237,362
2023-07-27 20:00:00,1944.105,1947.975,1943.305,1947.385,180,381
2023-07-28 00:00:00,1947.355,1954.825,1945.925,1954.125,240,349
2023-07-28 04:00:00,1954.135,1956.695,1948.098,1949.498,240,342
2023-07-28 08:00:00,1949.498,1957.878,1947.715,1956.458,240,321
2023-07-28 12:00:00,1956.458,1963.298,1952.165,1960.855,240,433
2023-07-28 16:00:00,1960.865,1963.374,1957.375,1958.995,240,326
2023-07-28 20:00:00,1958.995,1959.405,1958.425,1958.465,60,368
2023-07-30 20:00:00,1958.608,1960.455,1957.204,1957.875,120,956
2023-07-31 00:00:00,1957.865,1958.785,1953.608,1954.515,240,354
2023-07-31 04:00:00,1954.525,1957.045,1953.035,1954.815,240,347
2023-07-31 08:00:00,1954.835,1960.935,1950.655,1958.955,240,343
2023-07-31 12:00:00,1958.935,1972.295,1957.338,1970.558,240,338
2023-07-31 16:00:00,1970.524,1972.155,1964.145,1964.465,240,309
2023-07-31 20:00:00,1964.465,1965.915,1963.755,1963.815,180,351
2023-08-01 00:00:00,1963.778,1964.595,1958.915,1962.055,240,355
2023-08-01 04:00:00,1962.035,1962.215,1954.355,1955.445,240,325
2023-08-01 08:00:00,1955.435,1957.565,1953.065,1953.505,240,337
2023-08-01 12:00:00,1953.505,1955.915,1941.345,1944.165,240,345
2023-08-01 16:00:00,1944.165,1945.485,1941.118,1944.335,240,355
2023-08-01 20:00:00,1944.365,1952.755,1943.498,1952.045,180,340
2023-08-02 00:00:00,1952.055,1952.295,1946.538,1949.215,240,372
2023-08-02 04:00:00,1949.205,1950.295,1945.165,1948.258,240,356
2023-08-02 08:00:00,1948.224,1954.675,1948.195,1950.635,240,346
2023-08-02 12:00:00,1950.635,1951.815,1932.885,1935.465,240,350
2023-08-02 16:00:00,1935.455,1938.994,1934.935,1935.175,240,358
2023-08-02 20:00:00,1935.165,1936.815,1933.605,1935.965,180,344
2023-08-03 00:00:00,1935.975,1938.815,1933.795,1937.215,240,361
2023-08-03 04:00:00,1937.115,1938.145,1930.845,1936.815,240,339
2023-08-03 08:00:00,1936.795,1938.315,1932.785,1934.985,240,317
2023-08-03 12:00:00,1934.955,1938.655,1929.425,1933.015,240,421
2023-08-03 16:00:00,1933.005,1935.875,1932.415,1934.175,240,321
2023-08-03 20:00:00,1934.195,1936.898,1933.644,1935.745,180,319
2023-08-04 00:00:00,1935.745,1937.925,1934.228,1935.105,240,305
2023-08-04 04:00:00,1935.125,1937.345,1932.035,1932.805,240,349
2023-08-04 08:00:00,1932.785,1934.135,1931.135,1932.185,240,315
2023-08-04 12:00:00,1932.205,1946.798,1924.898,1942.605,240,575
2023-08-04 16:00:00,1942.575,1943.385,1939.745,1941.218,240,330
2023-08-04 20:00:00,1941.218,1943.098,1940.925,1942.568,60,367
2023-08-06 20:00:00,1942.098,1946.605,1941.348,1943.785,120,684
2023-08-07 00:00:00,1943.785,1945.215,1938.104,1939.255,240,344
2023-08-07 04:00:00,1939.225,1939.385,1935.415,1936.725,240,330
2023-08-07 08:00:00,1936.705,1937.535,1933.278,1936.115,240,347
2023-08-07 12:00:00,1936.135,1941.605,1931.365,1932.425,240,333
2023-08-07 16:00:00,1932.415,1937.518,1932.025,1936.605,240,317
2023-08-07 20:00:00,1936.615,1937.945,1935.525,1936.605,179,309
2023-08-08 00:00:00,1936.615,1937.255,1931.075,1933.015,240,306
2023-08-08 04:00:00,1933.005,1934.785,1930.165,1930.355,240,303
2023-08-08 08:00:00,1930.435,1935.575,1928.035,1928.755,240,339
2023-08-08 12:00:00,1928.785,1931.955,1922.655,1925.685,240,428
2023-08-08 16:00:00,1925.685,1928.365,1923.525,1924.785,240,351
2023-08-08 20:00:00,1924.735,1925.635,1924.465,1925.408,176,326
2023-08-09 00:00:00,1925.405,1930.765,1924.135,1930.005,240,357
2023-08-09 04:00:00,1930.035,1932.255,1928.468,1930.465,240,366
2023-08-09 08:00:00,1930.485,1930.665,1923.185,1924.425,240,320
2023-08-09 12:00:00,1924.415,1927.505,1915.455,1916.625,240,337
2023-08-09 16:00:00,1916.635,1918.075,1915.325,1915.465,240,308
2023-08-09 20:00:00,1915.415,1916.875,1913.505,1916.535,178,327
2023-08-10 00:00:00,1916.565,1919.095,1915.188,1918.595,240,343
2023-08-10 04:00:00,1918.595,1920.525,1915.445,1919.255,240,325
2023-08-10 08:00:00,1919.235,1922.615,1918.565,1921.795,240,341
2023-08-10 12:00:00,1921.775,1929.995,1912.738,1919.905,240,445
2023-08-10 16:00:00,1919.915,1921.615,1912.805,1913.265,240,311
2023-08-10 20:00:00,1913.235,1913.565,1910.694,1912.315,176,352
2023-08-11 00:00:00,1912.285,1915.885,1911.815,1914.555,240,327
2023-08-11 04:00:00,1914.555,1917.935,1912.535,1917.795,240,344
2023-08-11 08:00:00,1917.775,1919.745,1916.035,1918.854,240,301
2023-08-11 12:00:00,1918.854,1920.815,1912.775,1913.965,240,456
2023-08-11 16:00:00,1913.965,1915.405,1912.095,1913.448,240,320
2023-08-11 20:00:00,1913.448,1913.835,1912.744,1913.378,60,345
2023-08-13 20:00:00,1912.255,1915.105,1911.915,1913.565,120,734
2023-08-14 00:00:00,1913.575,1913.655,1909.944,1912.665,240,319
2023-08-14 04:00:00,1912.645,1915.894,1910.458,1914.375,240,324
2023-08-14 08:00:00,1914.445,1916.135,1912.068,1913.875,240,330
2023-08-14 12:00:00,1913.805,1913.915,1902.595,1910.585,240,336
2023-08-14 16:00:00,1910.555,1913.125,1907.155,1907.515,240,333
2023-08-14 20:00:00,1907.445,1908.005,1904.885,1907.505,178,295
2023-08-15 00:00:00,1907.475,1908.145,1903.595,1907.085,240,368
2023-08-15 04:00:00,1907.055,1907.405,1903.415,1904.865,240,292
2023-08-15 08:00:00,1904.845,1905.055,1901.855,1904.135,240,318
2023-08-15 12:00:00,1904.165,1911.525,1896.215,1906.795,240,428
2023-08-15 16:00:00,1906.775,1907.305,1902.315,1902.585,240,328
2023-08-15 20:00:00,1902.595,1903.495,1900.085,1901.345,179,325
2023-08-16 00:00:00,1901.365,1905.185,1900.385,1903.995,240,291
2023-08-16 04:00:00,1903.985,1906.435,1902.688,1904.505,240,296
2023-08-16 08:00:00,1904.505,1907.095,1903.025,1903.035,240,321
2023-08-16 12:00:00,1903.015,1906.385,1899.065,1901.815,240,391
2023-08-16 16:00:00,1901.805,1902.495,1891.745,1892.145,240,316
2023-08-16 20:00:00,1892.165,1894.865,1891.148,1893.165,180,370
2023-08-17 00:00:00,1893.165,1893.785,1889.545,1892.665,240,348
2023-08-17 04:00:00,1892.625,1897.505,1892.015,1896.365,240,350
2023-08-17 08:00:00,1896.345,1899.465,1893.494,1898.735,240,340
2023-08-17 12:00:00,1898.715,1903.375,1889.055,1889.385,240,421
2023-08-17 16:00:00,1889.425,1891.105,1884.925,1888.895,240,316
2023-08-17 20:00:00,1888.928,1891.575,1888.238,1891.195,179,341
2023-08-18 00:00:00,1891.215,1895.065,1890.625,1892.615,240,343
2023-08-18 04:00:00,1892.655,1894.015,1891.045,1892.475,240,295
2023-08-18 08:00:00,1892.478,1895.455,1891.228,1893.695,240,309
2023-08-18 12:00:00,1893.735,1896.678,1888.555,1891.205,240,324
2023-08-18 16:00:00,1891.205,1891.865,1886.675,1889.185,240,338
2023-08-18 20:00:00,1889.165,1889.785,1888.198,1889.258,60,374
2023-08-20 20:00:00,1889.335,1890.755,1888.685,1889.955,120,579
2023-08-21 00:00:00,1889.955,1893.605,1884.755,1891.505,240,330
2023-08-21 04:00:00,1891.565,1894.015,1887.315,1888.045,240,326
2023-08-21 08:00:00,1888.035,1893.025,1886.715,1892.945,240,336
2023-08-21 12:00:00,1892.935,1898.665,1885.155,1889.085,240,317
2023-08-21 16:00:00,1889.105,1895.285,1888.968,1894.158,240,333
2023-08-21 20:00:00,1894.158,1895.848,1894.095,1894.655,170,351
2023-08-22 00:00:00,1894.655,1897.195,1893.585,1896.025,240,337
2023-08-22 04:00:00,1896.025,1901.805,1893.755,1901.395,240,354
2023-08-22 08:00:00,1901.405,1904.405,1898.285,1902.105,240,340
2023-08-22 12:00:00,1902.085,1903.335,1889.018,1897.725,240,320
2023-08-22 16:00:00,1897.775,1898.845,1896.315,1897.515,240,337
2023-08-22 20:00:00,1897.515,1898.555,1896.955,1898.475,170,300
2023-08-23 00:00:00,1898.475,1902.955,1898.385,1901.505,240,370
2023-08-23 04:00:00,1901.515,1904.635,1900.635,1903.535,240,352
2023-08-23 08:00:00,1903.515,1905.358,1901.185,1903.215,240,307
2023-08-23 12:00:00,1903.195,1918.805,1902.555,1918.215,240,310
2023-08-23 16:00:00,1918.225,1920.275,1916.198,1916.678,240,331
2023-08-23 20:00:00,1916.678,1917.985,1914.295,1917.805,177,340
2023-08-24 00:00:00,1917.815,1921.535,1917.265,1920.778,240,314
2023-08-24 04:00:00,1920.745,1922.805,1919.415,1919.445,240,348
2023-08-24 08:00:00,1919.465,1921.945,1916.335,1916.535,240,330
2023-08-24 12:00:00,1916.565,1923.225,1911.655,1920.935,240,411
2023-08-24 16:00:00,1920.925,1921.298,1916.595,1916.665,240,346
2023-08-24 20:00:00,1916.715,1917.435,1915.495,1915.805,171,330
2023-08-25 00:00:00,1915.775,1917.485,1913.045,1913.355,240,336
2023-08-25 04:00:00,1913.375,1916.075,1912.695,1914.125,240,356
2023-08-25 08:00:00,1914.125,1918.375,1913.195,1918.275,240,341
2023-08-25 12:00:00,1918.275,1922.265,1903.705,1907.705,240,332
2023-08-25 16:00:00,1907.745,1914.588,1907.515,1914.285,240,336
2023-08-25 20:00:00,1914.275,1915.135,1913.178,1914.778,60,371
2023-08-27 20:00:00,1915.548,1916.148,1914.165,1914.905,120,658
2023-08-28 00:00:00,1914.895,1917.385,1914.458,1916.235,240,336
2023-08-28 04:00:00,1916.235,1917.608,1914.195,1914.385,240,330
2023-08-28 08:00:00,1914.385,1915.585,1913.378,1914.715,240,382
2023-08-28 12:00:00,1914.715,1925.955,1912.675,1924.638,240,326
2023-08-28 16:00:00,1924.584,1925.175,1916.765,1919.625,240,344
2023-08-28 20:00:00,1919.625,1921.625,1918.375,1921.155,172,331
2023-08-29 00:00:00,1921.185,1925.745,1920.955,1925.335,240,342
2023-08-29 04:00:00,1925.335,1925.535,1921.535,1923.165,240,341
2023-08-29 08:00:00,1923.165,1924.405,1916.615,1917.065,240,353
2023-08-29 12:00:00,1917.078,1937.555,1914.355,1936.615,240,346
2023-08-29 16:00:00,1936.635,1938.095,1933.965,1937.985,240,335
2023-08-29 20:00:00,1937.965,1937.965,1935.895,1936.125,177,308
2023-08-30 00:00:00,1936.065,1937.425,1935.228,1936.705,240,308
2023-08-30 04:00:00,1936.715,1936.958,1934.838,1936.445,240,303
2023-08-30 08:00:00,1936.465,1939.565,1935.365,1938.985,240,297
2023-08-30 12:00:00,1938.975,1948.965,1938.645,1944.785,240,386
2023-08-30 16:00:00,1944.774,1945.535,1942.728,1943.325,239,322
2023-08-30 20:00:00,1943.335,1945.348,1941.855,1944.145,178,304
2023-08-31 00:00:00,1944.245,1947.665,1944.095,1945.075,240,360
2023-08-31 04:00:00,1945.055,1946.195,1943.155,1944.975,240,306
2023-08-31 08:00:00,1944.905,1945.838,1943.565,1945.555,239,301
2023-08-31 12:00:00,1945.535,1947.825,1938.864,1940.535,240,419
2023-08-31 16:00:00,1940.555,1942.358,1939.005,1939.995,240,307
2023-08-31 20:00:00,1939.975,1940.465,1938.875,1939.805,176,326
2023-09-01 00:00:00,1939.815,1944.005,1938.625,1938.825,240,352
2023-09-01 04:00:00,1938.815,1943.435,1938.105,1943.025,240,300
2023-09-01 08:00:00,1943.005,1945.785,1941.795,1944.365,240,332
2023-09-01 12:00:00,1944.348,1952.905,1934.355,1938.755,240,430
2023-09-01 16:00:00,1938.735,1941.425,1937.235,1940.445,240,313
2023-09-01 20:00:00,1940.495,1940.598,1939.238,1939.238,59,346
2023-09-03 20:00:00,1939.948,1940.985,1939.274,1940.428,120,565
2023-09-04 00:00:00,1940.425,1946.025,1939.958,1944.855,240,360
2023-09-04 04:00:00,1944.865,1946.185,1942.964,1943.708,240,322
2023-09-04 08:00:00,1943.708,1944.395,1939.775,1941.555,240,327
2023-09-04 12:00:00,1941.545,1941.635,1936.675,1938.595,239,290
2023-09-04 16:00:00,1938.555,1938.825,1937.875,1938.225,148,342
2023-09-04 20:00:00,1937.798,1938.715,1937.435,1937.515,115,522
2023-09-05 00:00:00,1937.515,1938.595,1934.845,1936.905,240,305
2023-09-05 04:00:00,1936.915,1938.905,1935.035,1935.465,240,295
2023-09-05 08:00:00,1935.445,1935.585,1930.0,1930.405,240,369
2023-09-05 12:00:00,1930.385,1934.645,1925.205,1925.958,240,312
2023-09-05 16:00:00,1925.958,1927.865,1925.375,1925.745,240,315
2023-09-05 20:00:00,1925.745,1926.835,1925.285,1926.525,178,335
2023-09-06 00:00:00,1926.535,1926.675,1924.098,1926.465,240,306
2023-09-06 04:00:00,1926.485,1928.375,1922.755,1922.855,239,356
2023-09-06 08:00:00,1922.875,1927.635,1922.6,1925.305,240,316
2023-09-06 12:00:00,1925.315,1929.055,1915.175,1916.675,240,403
2023-09-06 16:00:00,1916.695,1920.605,1915.898,1916.615,240,315
2023-09-06 20:00:00,1916.625,1918.105,1915.835,1917.055,179,331
2023-09-07 00:00:00,1917.025,1920.615,1916.188,1920.065,240,316
2023-09-07 04:00:00,1920.045,1920.175,1916.998,1918.228,240,317
2023-09-07 08:00:00,1918.228,1922.125,1917.275,1921.745,240,323
2023-09-07 12:00:00,1921.755,1923.495,1916.095,1920.875,240,434
2023-09-07 16:00:00,1920.855,1921.398,1917.358,1918.645,240,302
2023-09-07 20:00:00,1918.705,1920.214,1918.668,1920.128,179,300
2023-09-08 00:00:00,1920.095,1927.135,1919.908,1924.885,240,342
2023-09-08 04:00:00,1924.905,1927.155,1923.785,1924.015,240,313
2023-09-08 08:00:00,1924.025,1925.785,1922.485,1922.885,240,295
2023-09-08 12:00:00,1922.905,1929.595,1919.058,1919.485,240,299
2023-09-08 16:00:00,1919.495,1920.548,1917.225,1919.115,239,320
2023-09-08 20:00:00,1919.115,1919.275,1918.258,1918.258,60,320
2023-09-10 20:00:00,1919.865,1920.574,1916.584,1918.785,120,573
2023-09-11 00:00:00,1918.785,1924.055,1918.295,1923.255,240,342
2023-09-11 04:00:00,1923.235,1930.558,1922.875,1926.355,240,295
2023-09-11 08:00:00,1926.335,1927.925,1924.528,1925.105,240,302
2023-09-11 12:00:00,1925.135,1930.015,1921.295,1922.935,240,303
2023-09-11 16:00:00,1923.005,1925.045,1921.375,1922.645,240,323
2023-09-11 20:00:00,1922.625,1923.238,1921.088,1921.545,171,323
2023-09-12 00:00:00,1921.545,1924.235,1920.245,1923.645,240,332
2023-09-12 04:00:00,1923.595,1924.395,1918.678,1918.878,240,320
2023-09-12 08:00:00,1918.918,1921.275,1910.974,1912.875,240,311
2023-09-12 12:00:00,1912.855,1914.645,1907.478,1912.395,240,336
2023-09-12 16:00:00,1912.475,1914.955,1911.615,1912.925,240,298
2023-09-12 20:00:00,1912.905,1913.665,1911.508,1912.795,169,330
2023-09-13 00:00:00,1912.785,1913.745,1908.078,1909.548,240,302
2023-09-13 04:00:00,1909.535,1912.575,1908.115,1911.925,240,323
2023-09-13 08:00:00,1911.905,1912.978,1910.685,1912.215,240,301
2023-09-13 12:00:00,1912.235,1915.655,1905.555,1910.355,237,429
2023-09-13 16:00:00,1910.345,1911.585,1908.095,1908.705,240,318
2023-09-13 20:00:00,1908.725,1909.695,1907.335,1909.155,177,306
2023-09-14 00:00:00,1909.155,1912.825,1908.645,1909.635,240,348
2023-09-14 04:00:00,1909.645,1910.945,1905.028,1905.795,240,331
2023-09-14 08:00:00,1905.785,1909.035,1905.425,1907.398,240,341
2023-09-14 12:00:00,1907.418,1911.275,1900.898,1907.885,225,445
2023-09-14 16:00:00,1907.895,1911.958,1907.885,1909.345,240,328
2023-09-14 20:00:00,1909.318,1911.035,1909.115,1909.745,180,306
2023-09-15 00:00:00,1909.765,1915.915,1909.725,1915.565,240,352
2023-09-15 04:00:00,1915.565,1919.485,1914.845,1917.948,240,324
2023-09-15 08:00:00,1917.948,1919.855,1916.645,1919.165,240,311
2023-09-15 12:00:00,1919.185,1930.308,1915.905,1926.325,240,395
2023-09-15 16:00:00,1926.355,1927.748,1922.268,1922.375,236,317
2023-09-15 20:00:00,1922.365,1923.795,1922.295,1922.738,60,357
2023-09-17 20:00:00,1923.408,1924.364,1922.378,1923.175,120,707
2023-09-18 00:00:00,1923.185,1929.385,1923.145,1928.698,239,306
2023-09-18 04:00:00,1928.698,1930.575,1926.375,1926.395,240,357
2023-09-18 08:00:00,1926.375,1928.115,1925.035,1926.705,237,319
2023-09-18 12:00:00,1926.735,1929.325,1922.678,1928.875,236,295
2023-09-18 16:00:00,1928.955,1933.498,1927.554,1933.225,240,301
2023-09-18 20:00:00,1933.155,1934.425,1932.975,1934.055,180,325
2023-09-19 00:00:00,1934.065,1934.505,1931.595,1932.138,240,332
2023-09-19 04:00:00,1932.138,1934.715,1929.684,1934.375,240,331
2023-09-19 08:00:00,1934.365,1936.705,1933.375,1935.185,240,305
2023-09-19 12:00:00,1935.165,1937.275,1930.938,1933.005,240,345
2023-09-19 16:00:00,1933.015,1933.655,1929.675,1931.925,240,295
2023-09-19 20:00:00,1931.925,1932.245,1930.785,1931.315,177,310
2023-09-20 00:00:00,1931.305,1931.485,1928.395,1930.515,240,292
2023-09-20 04:00:00,1930.535,1932.245,1927.855,1928.665,239,307
2023-09-20 08:00:00,1928.645,1932.615,1928.625,1931.975,240,308
2023-09-20 12:00:00,1931.954,1945.744,1930.845,1941.728,240,306
2023-09-20 16:00:00,1941.728,1947.315,1932.805,1932.955,235,340
2023-09-20 20:00:00,1932.965,1933.585,1929.048,1929.308,180,351
2023-09-21 00:00:00,1929.278,1929.605,1924.085,1928.188,240,345
2023-09-21 04:00:00,1928.165,1930.425,1926.245,1927.055,238,344
2023-09-21 08:00:00,1927.065,1927.325,1920.145,1920.675,240,298
2023-09-21 12:00:00,1920.655,1923.695,1913.808,1917.375,240,395
2023-09-21 16:00:00,1917.385,1921.175,1916.245,1919.675,240,318
2023-09-21 20:00:00,1919.665,1921.455,1919.035,1921.295,180,313
2023-09-22 00:00:00,1921.315,1925.415,1921.145,1923.755,240,319
2023-09-22 04:00:00,1923.755,1928.595,1923.325,1927.915,240,334
2023-09-22 08:00:00,1927.905,1927.905,1924.215,1925.358,240,319
2023-09-22 12:00:00,1925.364,1929.015,1924.055,1927.615,240,318
2023-09-22 16:00:00,1927.605,1928.465,1924.245,1925.375,239,293
2023-09-22 20:00:00,1925.335,1925.465,1924.528,1924.818,59,368
2023-09-24 20:00:00,1924.335,1926.324,1924.315,1924.665,119,802
2023-09-25 00:00:00,1924.665,1925.235,1922.565,1923.575,240,324
2023-09-25 04:00:00,1923.555,1927.115,1920.765,1923.365,240,312
2023-09-25 08:00:00,1923.375,1924.915,1920.808,1923.985,186,325
2023-09-25 12:00:00,1923.955,1926.745,1915.045,1917.375,240,295
2023-09-25 16:00:00,1917.375,1918.175,1915.115,1915.445,240,314
2023-09-25 20:00:00,1915.435,1916.715,1915.385,1916.165,179,315
2023-09-26 00:00:00,1916.145,1916.405,1912.935,1913.565,240,310
2023-09-26 04:00:00,1913.505,1915.075,1909.575,1913.555,240,329
2023-09-26 08:00:00,1913.595,1915.565,1910.438,1911.485,240,302
2023-09-26 12:00:00,1911.485,1912.755,1900.695,1902.295,240,313
2023-09-26 16:00:00,1902.315,1903.525,1899.005,1900.465,240,316
2023-09-26 20:00:00,1900.485,1901.995,1900.078,1901.465,178,311
2023-09-27 00:00:00,1901.455,1903.825,1899.405,1899.825,240,300
2023-09-27 04:00:00,1899.795,1899.795,1895.535,1896.625,240,295
2023-09-27 08:00:00,1896.605,1897.755,1892.415,1892.778,240,315
2023-09-27 12:00:00,1892.768,1892.978,1879.655,1881.385,240,420
2023-09-27 16:00:00,1881.405,1881.485,1872.445,1876.595,240,307
2023-09-27 20:00:00,1876.605,1877.595,1874.338,1877.505,180,321
2023-09-28 00:00:00,1877.515,1877.825,1873.475,1874.585,240,335
2023-09-28 04:00:00,1874.585,1878.145,1873.605,1875.655,240,306
2023-09-28 08:00:00,1875.685,1877.135,1873.565,1875.955,240,325
2023-09-28 12:00:00,1875.995,1879.485,1857.565,1864.695,240,420
2023-09-28 16:00:00,1864.665,1867.265,1860.845,1867.085,240,346
2023-09-28 20:00:00,1867.075,1867.215,1863.645,1866.645,180,295
2023-09-29 00:00:00,1866.635,1867.175,1862.875,1863.225,240,293
2023-09-29 04:00:00,1863.175,1873.895,1863.015,1873.465,239,316
2023-09-29 08:00:00,1873.445,1873.665,1867.465,1869.328,240,328
2023-09-29 12:00:00,1869.328,1879.765,1852.165,1854.715,240,423
2023-09-29 16:00:00,1854.725,1856.375,1846.205,1848.145,240,319
2023-09-29 20:00:00,1848.035,1849.728,1847.635,1848.098,60,355
2023-10-01 20:00:00,1847.268,1848.645,1845.595,1848.285,120,794
2023-10-02 00:00:00,1848.295,1848.835,1842.785,1843.375,240,331
2023-10-02 04:00:00,1843.365,1846.175,1839.145,1839.705,240,300
2023-10-02 08:00:00,1839.685,1843.115,1831.014,1837.245,240,318
2023-10-02 12:00:00,1837.235,1840.528,1827.065,1832.545,240,330
2023-10-02 16:00:00,1832.555,1833.495,1829.175,1829.305,239,317
2023-10-02 20:00:00,1829.215,1829.605,1820.405,1824.845,180,318
2023-10-03 00:00:00,1824.818,1825.155,1815.245,1820.378,240,308
2023-10-03 04:00:00,1820.448,1824.505,1818.115,1823.975,240,343
2023-10-03 08:00:00,1823.945,1829.065,1823.605,1825.885,240,318
2023-10-03 12:00:00,1825.895,1833.205,1819.145,1824.738,240,312
2023-10-03 16:00:00,1824.738,1828.025,1821.825,1823.865,240,325
2023-10-03 20:00:00,1823.795,1824.965,1822.018,1823.255,179,294
2023-10-04 00:00:00,1823.225,1824.945,1819.495,1820.645,240,332
2023-10-04 04:00:00,1820.655,1823.705,1816.635,1823.015,240,343
2023-10-04 08:00:00,1822.985,1827.095,1820.118,1824.885,240,295
2023-10-04 12:00:00,1824.918,1830.455,1816.975,1823.745,240,329
2023-10-04 16:00:00,1823.835,1823.935,1816.475,1823.198,240,332
2023-10-04 20:00:00,1823.198,1823.955,1820.335,1822.425,179,310
2023-10-05 00:00:00,1822.445,1828.595,1821.625,1828.265,240,318
2023-10-05 04:00:00,1828.265,1829.105,1819.805,1820.675,240,359
2023-10-05 08:00:00,1820.695,1823.845,1819.565,1822.935,240,310
2023-10-05 12:00:00,1822.925,1823.805,1812.924,1815.445,240,383
2023-10-05 16:00:00,1815.445,1820.775,1814.755,1820.265,240,343
2023-10-05 20:00:00,1820.305,1822.998,1819.395,1821.138,179,313
2023-10-06 00:00:00,1821.125,1824.375,1819.595,1823.925,240,313
2023-10-06 04:00:00,1823.915,1824.475,1818.525,1821.275,239,296
2023-10-06 08:00:00,1821.295,1825.025,1819.195,1821.175,240,316
2023-10-06 12:00:00,1821.155,1834.725,1810.288,1832.485,240,475
2023-10-06 16:00:00,1832.515,1833.845,1828.725,1829.335,240,328
2023-10-06 20:00:00,1829.335,1832.835,1828.855,1832.698,60,350
2023-10-08 20:00:00,1847.405,1855.435,1845.235,1847.865,120,817
2023-10-09 00:00:00,1847.895,1852.715,1846.098,1851.005,240,360
2023-10-09 04:00:00,1851.045,1854.278,1847.905,1850.318,240,306
2023-10-09 08:00:00,1850.255,1852.255,1848.885,1849.935,240,312
2023-10-09 12:00:00,1849.965,1853.135,1844.135,1851.495,240,330
2023-10-09 16:00:00,1851.525,1863.395,1848.585,1863.148,240,299
2023-10-09 20:00:00,1863.148,1863.148,1860.195,1862.418,179,323
2023-10-10 00:00:00,1862.405,1865.315,1861.295,1862.385,240,306
2023-10-10 04:00:00,1862.385,1862.425,1855.075,1857.275,240,342
2023-10-10 08:00:00,1857.285,1859.725,1854.765,1857.075,240,319
2023-10-10 12:00:00,1857.105,1862.205,1852.888,1861.205,240,302
2023-10-10 16:00:00,1861.215,1862.665,1858.015,1860.055,240,309
2023-10-10 20:00:00,1860.035,1860.755,1859.185,1859.495,177,304
2023-10-11 00:00:00,1859.498,1862.025,1859.358,1860.005,240,350
2023-10-11 04:00:00,1860.005,1868.105,1858.535,1867.875,240,316
2023-10-11 08:00:00,1867.865,1874.675,1866.815,1870.895,240,319
2023-10-11 12:00:00,1870.955,1874.945,1867.118,1872.955,240,436
2023-10-11 16:00:00,1872.945,1877.105,1870.725,1873.468,240,313
2023-10-11 20:00:00,1873.468,1875.705,1873.298,1875.195,179,317
2023-10-12 00:00:00,1875.215,1878.675,1874.355,1877.565,240,292
2023-10-12 04:00:00,1877.585,1882.575,1876.685,1878.765,240,344
2023-10-12 08:00:00,1878.755,1884.385,1878.555,1883.455,240,310
2023-10-12 12:00:00,1883.485,1884.885,1870.505,1872.225,240,484
2023-10-12 16:00:00,1872.265,1873.595,1867.825,1868.275,240,317
2023-10-12 20:00:00,1868.275,1871.155,1868.245,1870.505,180,346
2023-10-13 00:00:00,1870.515,1873.915,1870.045,1873.565,240,330
2023-10-13 04:00:00,1873.555,1883.025,1873.475,1882.075,240,330
2023-10-13 08:00:00,1882.045,1899.778,1881.915,1896.298,240,311
2023-10-13 12:00:00,1896.295,1923.015,1896.285,1922.885,240,411
2023-10-13 16:00:00,1922.864,1930.638,1922.315,1928.275,240,362
2023-10-13 20:00:00,1928.375,1932.875,1927.005,1932.738,60,350
2023-10-15 20:00:00,1927.998,1929.355,1921.034,1925.765,120,657
2023-10-16 00:00:00,1925.775,1925.845,1917.955,1919.975,240,306
2023-10-16 04:00:00,1919.985,1920.385,1908.085,1911.365,239,357
2023-10-16 08:00:00,1911.365,1918.255,1909.865,1915.535,240,333
2023-10-16 12:00:00,1915.515,1924.428,1914.365,1921.405,240,413
2023-10-16 16:00:00,1921.435,1922.705,1917.775,1918.885,240,343
2023-10-16 20:00:00,1918.885,1921.725,1918.635,1919.355,180,342
2023-10-17 00:00:00,1919.355,1919.935,1912.315,1916.775,240,343
2023-10-17 04:00:00,1916.775,1921.235,1914.145,1919.995,240,317
2023-10-17 08:00:00,1919.955,1926.518,1918.545,1923.965,240,310
2023-10-17 12:00:00,1923.875,1931.414,1918.915,1926.718,240,399
2023-10-17 16:00:00,1926.718,1926.718,1919.035,1922.545,240,317
2023-10-17 20:00:00,1922.565,1925.385,1922.038,1924.548,179,358
2023-10-18 00:00:00,1924.565,1942.645,1923.678,1937.395,240,334
2023-10-18 04:00:00,1937.365,1940.045,1934.958,1939.585,240,342
2023-10-18 08:00:00,1939.545,1947.365,1937.115,1946.038,240,323
2023-10-18 12:00:00,1946.034,1962.545,1938.125,1945.125,240,408
2023-10-18 16:00:00,1945.105,1956.505,1944.575,1950.278,240,312
2023-10-18 20:00:00,1950.345,1951.615,1946.625,1950.745,180,308
2023-10-19 00:00:00,1950.775,1953.215,1945.125,1946.275,240,301
2023-10-19 04:00:00,1946.265,1952.658,1945.205,1949.365,240,362
2023-10-19 08:00:00,1949.345,1954.395,1947.775,1952.095,240,319
2023-10-19 12:00:00,1952.095,1959.805,1949.685,1956.075,240,441
2023-10-19 16:00:00,1956.095,1977.575,1951.985,1974.235,240,348
2023-10-19 20:00:00,1974.365,1982.205,1972.358,1977.035,180,338
2023-10-20 00:00:00,1977.038,1981.828,1971.905,1977.725,240,464
2023-10-20 04:00:00,1977.705,1982.065,1974.045,1980.055,240,320
2023-10-20 08:00:00,1980.095,1985.795,1976.268,1977.165,240,315
2023-10-20 12:00:00,1977.175,1997.135,1973.185,1991.495,240,335
2023-10-20 16:00:00,1991.515,1992.405,1974.255,1979.595,240,322
2023-10-20 20:00:00,1979.565,1981.755,1978.835,1980.648,60,382
2023-10-22 20:00:00,1967.114,1978.535,1964.865,1971.445,120,764
2023-10-23 00:00:00,1971.445,1974.665,1964.275,1973.558,240,351
2023-10-23 04:00:00,1973.558,1979.675,1972.665,1979.395,240,331
2023-10-23 08:00:00,1979.375,1982.725,1975.148,1979.275,240,326
2023-10-23 12:00:00,1979.275,1981.865,1970.025,1975.265,240,339
2023-10-23 16:00:00,1975.295,1979.225,1971.075,1973.145,240,331
2023-10-23 20:00:00,1973.145,1973.715,1971.285,1973.455,180,341
2023-10-24 00:00:00,1973.465,1980.735,1972.365,1976.835,240,339
2023-10-24 04:00:00,1976.805,1979.105,1974.385,1975.225,240,343
2023-10-24 08:00:00,1975.265,1975.845,1953.404,1963.558,240,329
2023-10-24 12:00:00,1963.515,1969.938,1958.855,1969.628,240,329
2023-10-24 16:00:00,1969.624,1977.485,1968.795,1972.595,240,335
2023-10-24 20:00:00,1972.605,1973.305,1969.845,1972.725,177,318
2023-10-25 00:00:00,1972.745,1976.905,1970.805,1973.155,240,335
2023-10-25 04:00:00,1973.135,1975.865,1968.195,1971.085,240,338
2023-10-25 08:00:00,1971.105,1976.375,1969.358,1974.605,240,307
2023-10-25 12:00:00,1974.685,1987.115,1962.854,1981.095,240,305
2023-10-25 16:00:00,1981.105,1985.525,1976.435,1980.715,240,335
2023-10-25 20:00:00,1980.725,1984.055,1977.535,1982.895,180,304
2023-10-26 00:00:00,1982.875,1987.235,1982.315,1987.105,240,328
2023-10-26 04:00:00,1987.135,1990.045,1983.895,1990.025,240,326
2023-10-26 08:00:00,1990.025,1993.385,1982.364,1984.525,240,293
2023-10-26 12:00:00,1984.545,1986.625,1971.655,1980.105,240,423
2023-10-26 16:00:00,1980.098,1989.165,1979.625,1984.255,240,331
2023-10-26 20:00:00,1984.225,1986.665,1983.268,1984.345,179,339
2023-10-27 00:00:00,1984.345,1988.745,1982.795,1987.785,240,353
2023-10-27 04:00:00,1987.895,1989.835,1985.658,1987.275,240,333
2023-10-27 08:00:00,1987.255,1987.815,1979.855,1981.765,240,301
2023-10-27 12:00:00,1981.765,1986.085,1976.755,1979.845,240,432
2023-10-27 16:00:00,1979.825,2009.395,1979.095,2007.0,240,328
2023-10-27 20:00:00,2007.0,2007.048,2004.228,2005.648,60,360
2023-10-29 20:00:00,2004.135,2006.648,1996.814,2002.695,120,592
2023-10-30 00:00:00,2002.725,2006.685,2001.365,2001.935,240,342
2023-10-30 04:00:00,2001.935,2002.645,1993.275,1993.565,240,324
2023-10-30 08:00:00,1993.665,1997.305,1990.835,1995.685,240,329
2023-10-30 12:00:00,1995.705,2002.435,1991.828,1999.018,240,330
2023-10-30 16:00:00,1998.998,2000.585,1994.615,1995.825,240,369
2023-10-30 20:00:00,1995.785,1996.535,1993.915,1995.445,180,327
2023-10-31 00:00:00,1995.338,1997.205,1991.585,1992.055,240,335
2023-10-31 04:00:00,1992.075,1997.495,1990.475,1996.145,240,327
2023-10-31 08:00:00,1996.195,2000.305,1994.914,1999.825,240,314
2023-10-31 12:00:00,1999.785,2007.734,1992.235,1994.145,240,414
2023-10-31 16:00:00,1994.145,1994.705,1978.735,1984.748,240,325
2023-10-31 20:00:00,1984.708,1986.065,1982.778,1983.625,180,322
2023-11-01 00:00:00,1983.625,1983.955,1976.855,1977.015,240,360
2023-11-01 04:00:00,1977.015,1980.955,1975.058,1977.005,240,330
2023-11-01 08:00:00,1977.035,1985.125,1976.985,1983.355,240,329
2023-11-01 12:00:00,1983.325,1991.898,1978.178,1979.125,240,323
2023-11-01 16:00:00,1979.145,1982.308,1969.815,1978.428,240,327
2023-11-01 20:00:00,1978.405,1985.635,1976.958,1985.025,180,324
2023-11-02 00:00:00,1984.995,1988.048,1983.275,1985.315,240,325
2023-11-02 04:00:00,1985.325,1986.575,1983.585,1985.365,240,333
2023-11-02 08:00:00,1985.355,1990.335,1984.368,1988.365,240,327
2023-11-02 12:00:00,1988.365,1990.935,1978.775,1981.035,240,425
2023-11-02 16:00:00,1981.055,1986.528,1978.885,1985.345,240,334
2023-11-02 20:00:00,1985.295,1986.445,1984.275,1984.885,179,325
2023-11-03 00:00:00,1984.895,1987.775,1983.155,1985.745,240,342
2023-11-03 04:00:00,1985.725,1989.155,1984.384,1986.378,240,327
2023-11-03 08:00:00,1986.358,1990.175,1986.008,1987.545,240,443
2023-11-03 12:00:00,1987.565,2003.968,1985.494,1991.635,240,589
2023-11-03 16:00:00,1991.725,1995.045,1989.195,1992.575,240,318
2023-11-03 20:00:00,1992.585,1992.875,1991.895,1992.058,60,359
2023-11-05 20:00:00,1991.698,1992.748,1987.075,1988.415,60,586
2023-11-06 00:00:00,1988.405,1992.955,1981.845,1985.105,240,338
2023-11-06 04:00:00,1985.085,1985.295,1982.185,1983.355,240,311
2023-11-06 08:00:00,1983.355,1988.255,1982.685,1987.635,240,324
2023-11-06 12:00:00,1987.615,1988.995,1980.995,1981.025,240,309
2023-11-06 16:00:00,1981.035,1984.385,1979.145,1980.255,240,336
2023-11-06 20:00:00,1980.208,1980.235,1975.725,1976.665,180,292
2023-11-07 00:00:00,1976.705,1976.985,1972.118,1972.515,240,334
2023-11-07 04:00:00,1972.485,1974.185,1967.115,1969.255,240,340
2023-11-07 08:00:00,1969.225,1970.155,1962.565,1963.825,240,340
2023-11-07 12:00:00,1963.825,1967.135,1956.598,1963.248,240,343
2023-11-07 16:00:00,1963.278,1969.738,1961.705,1967.288,240,317
2023-11-07 20:00:00,1967.255,1969.428,1966.808,1968.808,180,323
2023-11-08 00:00:00,1968.798,1970.955,1967.155,1967.705,240,361
2023-11-08 04:00:00,1967.695,1969.055,1964.885,1967.585,240,338
2023-11-08 08:00:00,1967.535,1968.915,1959.485,1964.395,240,304
2023-11-08 12:00:00,1964.365,1966.555,1950.898,1955.335,240,344
2023-11-08 16:00:00,1955.355,1957.855,1947.425,1948.095,240,326
2023-11-08 20:00:00,1948.095,1951.765,1947.325,1950.805,180,324
2023-11-09 00:00:00,1950.785,1954.505,1947.735,1949.195,240,342
2023-11-09 04:00:00,1949.185,1950.425,1947.935,1949.255,240,337
2023-11-09 08:00:00,1949.205,1949.625,1944.575,1948.688,240,304
2023-11-09 12:00:00,1948.688,1964.795,1944.725,1962.885,240,329
2023-11-09 16:00:00,1962.804,1965.498,1956.075,1958.325,240,316
2023-11-09 20:00:00,1958.355,1960.025,1956.845,1959.055,179,315
2023-11-10 00:00:00,1959.055,1960.695,1956.365,1959.375,240,319
2023-11-10 04:00:00,1959.355,1959.445,1953.595,1955.275,240,352
2023-11-10 08:00:00,1955.295,1957.075,1947.085,1948.155,240,312
2023-11-10 12:00:00,1948.155,1949.038,1939.645,1941.955,240,318
2023-11-10 16:00:00,1941.985,1943.335,1932.865,1935.268,240,319
2023-11-10 20:00:00,1935.235,1938.748,1934.405,1938.148,120,334
2023-11-12 20:00:00,1938.165,1940.935,1933.845,1940.248,59,2309
2023-11-13 00:00:00,1940.205,1941.748,1933.895,1935.185,240,471
2023-11-13 04:00:00,1935.175,1941.145,1934.145,1938.685,240,321
2023-11-13 08:00:00,1938.685,1940.385,1935.835,1937.915,240,334
2023-11-13 12:00:00,1937.835,1938.775,1931.515,1938.345,240,303
2023-11-13 16:00:00,1938.355,1949.115,1938.105,1946.078,240,315
2023-11-13 20:00:00,1946.035,1946.728,1945.028,1946.445,179,332
2023-11-14 00:00:00,1946.455,1948.258,1944.315,1944.715,240,350
2023-11-14 04:00:00,1944.625,1946.435,1943.675,1945.505,239,347
2023-11-14 08:00:00,1945.485,1948.075,1944.235,1945.835,239,294
2023-11-14 12:00:00,1945.875,1970.835,1937.978,1964.315,240,314
2023-11-14 16:00:00,1964.325,1966.495,1961.545,1963.635,240,336
2023-11-14 20:00:00,1963.665,1964.415,1962.015,1962.375,179,318
2023-11-15 00:00:00,1962.415,1966.925,1961.515,1966.718,240,341
2023-11-15 04:00:00,1966.705,1970.925,1965.825,1970.235,240,338
2023-11-15 08:00:00,1970.395,1974.005,1969.715,1972.905,240,304
2023-11-15 12:00:00,1972.895,1975.148,1955.325,1962.998,240,323
2023-11-15 16:00:00,1963.008,1963.598,1959.065,1961.675,240,329
2023-11-15 20:00:00,1961.655,1962.105,1958.925,1960.305,180,296
2023-11-16 00:00:00,1960.275,1962.055,1956.365,1961.335,240,350
2023-11-16 04:00:00,1961.325,1967.745,1960.725,1966.405,240,303
2023-11-16 08:00:00,1966.385,1968.455,1964.545,1965.465,240,328
2023-11-16 12:00:00,1965.445,1986.425,1962.015,1984.768,240,318
2023-11-16 16:00:00,1984.764,1987.848,1980.055,1983.135,240,390
2023-11-16 20:00:00,1983.125,1984.005,1980.125,1982.505,180,327
2023-11-17 00:00:00,1982.505,1986.875,1981.638,1986.635,240,345
2023-11-17 04:00:00,1986.615,1987.565,1982.595,1987.565,240,326
2023-11-17 08:00:00,1987.585,1993.335,1984.558,1988.694,240,311
2023-11-17 12:00:00,1988.675,1991.545,1979.295,1983.375,240,319
2023-11-17 16:00:00,1983.455,1985.178,1978.478,1980.325,240,360
2023-11-17 20:00:00,1980.275,1981.005,1978.955,1980.398,120,336
2023-11-19 20:00:00,1977.698,1978.664,1974.145,1974.515,60,549
2023-11-20 00:00:00,1974.505,1985.085,1973.265,1982.138,240,340
2023-11-20 04:00:00,1982.128,1983.365,1978.055,1978.545,240,341
2023-11-20 08:00:00,1978.535,1980.405,1972.215,1973.325,240,323
2023-11-20 12:00:00,1973.295,1973.315,1965.355,1971.808,240,347
2023-11-20 16:00:00,1971.808,1978.845,1971.165,1978.365,240,326
2023-11-20 20:00:00,1978.385,1981.458,1976.845,1981.195,180,301
2023-11-21 00:00:00,1981.175,1994.195,1980.635,1993.105,240,355
2023-11-21 04:00:00,1993.105,1993.975,1989.575,1992.335,240,321
2023-11-21 08:00:00,1992.298,1994.215,1984.158,1987.165,240,304
2023-11-21 12:00:00,1987.175,2007.475,1986.565,2004.128,240,312
2023-11-21 16:00:00,2004.175,2005.195,1996.155,2000.025,240,338
2023-11-21 20:00:00,2000.055,2000.135,1997.525,1999.255,180,304
2023-11-22 00:00:00,1999.215,1999.215,1995.358,1996.354,240,320
2023-11-22 04:00:00,1996.365,2003.908,1996.075,2003.608,240,330
2023-11-22 08:00:00,2003.608,2006.318,1999.015,2000.575,240,322
2023-11-22 12:00:00,2000.545,2003.105,1989.885,1994.798,240,350
2023-11-22 16:00:00,1994.815,1995.398,1986.805,1990.615,240,344
2023-11-22 20:00:00,1990.645,1991.765,1988.415,1990.348,180,296
2023-11-23 00:00:00,1990.308,1998.125,1990.008,1997.725,240,329
2023-11-23 04:00:00,1997.735,1998.408,1993.365,1996.275,240,313
2023-11-23 08:00:00,1996.265,1996.305,1992.095,1993.805,240,358
2023-11-23 12:00:00,1993.785,1994.805,1991.695,1992.025,240,346
2023-11-23 16:00:00,1992.015,1992.955,1989.715,1992.555,149,332
2023-11-23 20:00:00,1991.698,1994.198,1991.698,1994.025,60,713
2023-11-24 00:00:00,1994.065,1994.855,1991.338,1993.545,240,320
2023-11-24 04:00:00,1993.545,1994.658,1991.405,1993.405,240,358
2023-11-24 08:00:00,1993.324,1996.185,1992.094,1995.145,240,329
2023-11-24 12:00:00,1995.205,2003.515,1994.285,1998.315,240,326
2023-11-24 16:00:00,1998.295,2002.228,1997.048,2000.505,104,327
2023-11-26 20:00:00,2000.995,2003.055,2000.398,2002.298,60,1516
2023-11-27 00:00:00,2002.255,2018.085,2001.725,2009.418,240,338
2023-11-27 04:00:00,2009.418,2013.625,2008.315,2010.895,240,343
2023-11-27 08:00:00,2010.825,2015.395,2010.445,2012.485,240,336
2023-11-27 12:00:00,2012.505,2016.215,2008.615,2010.245,240,326
2023-11-27 16:00:00,2010.305,2013.545,2005.608,2012.745,240,326
2023-11-27 20:00:00,2012.705,2015.308,2011.868,2015.115,180,311
2023-11-28 00:00:00,2015.115,2017.975,2013.845,2014.865,240,310
2023-11-28 04:00:00,2014.895,2016.778,2012.005,2013.395,240,353
2023-11-28 08:00:00,2013.485,2016.635,2012.415,2015.105,240,340
2023-11-28 12:00:00,2015.145,2031.405,2011.478,2030.718,240,345
2023-11-28 16:00:00,2030.684,2042.915,2030.385,2041.648,240,332
2023-11-28 20:00:00,2041.628,2044.425,2039.505,2044.315,180,338
2023-11-29 00:00:00,2044.365,2051.865,2042.715,2043.985,240,344
2023-11-29 04:00:00,2043.985,2048.895,2040.985,2042.295,240,357
2023-11-29 08:00:00,2042.305,2043.985,2035.205,2039.995,240,329
2023-11-29 12:00:00,2039.995,2046.845,2037.0,2042.935,238,330
2023-11-29 16:00:00,2042.915,2049.438,2039.455,2046.215,240,335
2023-11-29 20:00:00,2046.235,2046.395,2042.678,2044.595,180,315
2023-11-30 00:00:00,2044.605,2047.118,2042.525,2045.985,240,350
2023-11-30 04:00:00,2045.995,2046.845,2041.264,2044.535,240,313
2023-11-30 08:00:00,2044.555,2045.548,2035.835,2037.065,240,325
2023-11-30 12:00:00,2037.095,2043.975,2031.258,2037.815,240,319
2023-11-30 16:00:00,2037.815,2041.235,2033.575,2036.125,240,324
2023-11-30 20:00:00,2036.065,2040.525,2034.735,2040.005,180,312
2023-12-01 00:00:00,2040.065,2043.325,2038.628,2039.415,240,308
2023-12-01 04:00:00,2039.415,2042.815,2038.768,2039.395,240,347
2023-12-01 08:00:00,2039.395,2049.745,2036.415,2036.945,240,336
2023-12-01 12:00:00,2036.985,2053.125,2033.805,2049.215,240,322
2023-12-01 16:00:00,2049.245,2075.265,2044.538,2066.955,240,373
2023-12-01 20:00:00,2066.935,2072.108,2066.435,2071.668,120,338
2023-12-03 20:00:00,2072.525,2145.135,2071.604,2117.915,59,1304
2023-12-04 00:00:00,2118.065,2120.865,2083.065,2085.765,240,520
2023-12-04 04:00:00,2085.735,2090.385,2061.374,2063.395,240,347
2023-12-04 08:00:00,2063.375,2076.048,2057.685,2070.775,240,352
2023-12-04 12:00:00,2070.795,2071.155,2019.925,2022.478,240,329
2023-12-04 16:00:00,2022.425,2031.425,2020.745,2030.835,240,341
2023-12-04 20:00:00,2030.845,2034.105,2026.205,2033.955,180,321
2023-12-05 00:00:00,2033.915,2041.155,2032.575,2037.275,240,337
2023-12-05 04:00:00,2037.255,2038.295,2030.354,2032.585,240,352
2023-12-05 08:00:00,2032.645,2039.495,2021.455,2024.715,240,336
2023-12-05 12:00:00,2024.695,2030.775,2009.855,2016.155,240,323
2023-12-05 16:00:00,2016.155,2020.445,2012.095,2019.678,240,346
2023-12-05 20:00:00,2019.655,2020.775,2017.098,2018.875,180,332
2023-12-06 00:00:00,2018.855,2024.155,2018.665,2023.105,240,329
2023-12-06 04:00:00,2023.145,2035.785,2020.295,2034.015,240,319
2023-12-06 08:00:00,2033.965,2034.795,2020.075,2021.265,240,320
2023-12-06 12:00:00,2021.285,2032.935,2020.885,2030.195,240,334
2023-12-06 16:00:00,2030.185,2031.235,2023.865,2029.808,240,348
2023-12-06 20:00:00,2029.755,2029.808,2024.318,2027.025,180,323
2023-12-07 00:00:00,2027.015,2029.945,2026.015,2026.815,240,326
2023-12-07 04:00:00,2026.765,2030.655,2025.155,2029.505,240,323
2023-12-07 08:00:00,2029.525,2035.025,2028.745,2032.545,240,330
2023-12-07 12:00:00,2032.525,2039.778,2025.085,2029.205,240,336
2023-12-07 16:00:00,2029.195,2031.865,2020.075,2029.785,240,332
2023-12-07 20:00:00,2029.818,2031.228,2026.755,2028.015,180,317
2023-12-08 00:00:00,2028.015,2033.874,2027.355,2032.385,240,317
2023-12-08 04:00:00,2032.395,2032.395,2028.775,2030.735,240,314
2023-12-08 08:00:00,2030.725,2032.295,2026.425,2029.875,240,337
2023-12-08 12:00:00,2029.895,2030.015,2002.495,2008.875,240,324
2023-12-08 16:00:00,2008.885,2009.585,1994.555,2000.615,240,333
2023-12-08 20:00:00,2000.675,2004.908,1999.945,2004.418,120,316
2023-12-10 20:00:00,2002.794,2007.535,2002.484,2006.935,60,564
2023-12-11 00:00:00,2006.965,2007.705,1995.445,1996.845,240,351
2023-12-11 04:00:00,1996.845,2000.515,1991.215,1992.725,240,358
2023-12-11 08:00:00,1992.725,1997.715,1991.175,1996.135,240,338
2023-12-11 12:00:00,1996.235,1996.645,1980.505,1982.245,240,342
2023-12-11 16:00:00,1982.305,1984.225,1975.725,1981.455,240,319
2023-12-11 20:00:00,1981.475,1984.185,1980.275,1982.895,180,311
2023-12-12 00:00:00,1982.845,1989.415,1981.895,1985.425,240,343
2023-12-12 04:00:00,1985.415,1989.005,1984.635,1987.985,240,299
2023-12-12 08:00:00,1987.965,1988.335,1982.615,1988.298,240,330
2023-12-12 12:00:00,1988.325,1996.625,1979.974,1981.505,240,315
2023-12-12 16:00:00,1981.595,1983.585,1977.115,1980.148,240,338
2023-12-12 20:00:00,1980.125,1982.725,1978.785,1982.415,180,336
2023-12-13 00:00:00,1982.445,1982.445,1977.625,1977.815,240,343
2023-12-13 04:00:00,1977.815,1980.455,1972.935,1979.185,240,335
2023-12-13 08:00:00,1979.195,1983.495,1978.495,1982.765,240,337
2023-12-13 12:00:00,1982.775,1986.648,1978.335,1981.795,240,298
2023-12-13 16:00:00,1981.775,2017.355,1979.575,2013.555,240,323
2023-12-13 20:00:00,2013.645,2033.025,2012.485,2032.765,180,337
2023-12-14 00:00:00,2032.735,2039.175,2029.928,2030.895,240,344
2023-12-14 04:00:00,2030.895,2037.285,2029.165,2032.605,240,346
2023-12-14 08:00:00,2032.575,2040.215,2031.915,2034.965,240,341
2023-12-14 12:00:00,2034.965,2047.775,2027.445,2040.205,240,359
2023-12-14 16:00:00,2040.215,2041.435,2029.015,2033.145,240,345
2023-12-14 20:00:00,2033.145,2038.615,2032.685,2035.445,180,342
2023-12-15 00:00:00,2035.545,2037.375,2031.225,2035.775,240,344
2023-12-15 04:00:00,2035.785,2038.998,2034.198,2037.795,240,327
2023-12-15 08:00:00,2037.745,2044.295,2036.824,2041.555,240,379
2023-12-15 12:00:00,2041.655,2044.815,2026.838,2035.055,240,301
2023-12-15 16:00:00,2035.025,2036.258,2015.515,2019.045,240,327
2023-12-15 20:00:00,2019.015,2021.535,2017.325,2019.485,120,347
2023-12-17 20:00:00,2018.898,2020.675,2015.885,2017.345,60,700
2023-12-18 00:00:00,2017.345,2024.055,2015.925,2022.765,240,344
2023-12-18 04:00:00,2022.725,2024.685,2021.435,2023.065,240,342
2023-12-18 08:00:00,2023.065,2027.215,2018.658,2021.915,240,342
2023-12-18 12:00:00,2021.945,2026.805,2020.225,2022.118,240,314
2023-12-18 16:00:00,2022.148,2033.615,2021.055,2026.195,240,321
2023-12-18 20:00:00,2026.215,2027.798,2025.475,2027.535,180,293
2023-12-19 00:00:00,2027.605,2029.215,2022.515,2023.198,240,311
2023-12-19 04:00:00,2023.178,2026.415,2021.605,2024.765,240,342
2023-12-19 08:00:00,2024.765,2028.365,2023.778,2026.354,240,314
2023-12-19 12:00:00,2026.364,2045.325,2026.115,2041.725,240,324
2023-12-19 16:00:00,2041.765,2046.905,2036.568,2039.435,240,340
2023-12-19 20:00:00,2039.495,2041.535,2038.635,2040.865,179,294
2023-12-20 00:00:00,2040.815,2040.955,2036.605,2040.375,240,323
2023-12-20 04:00:00,2040.345,2043.375,2039.275,2042.225,240,339
2023-12-20 08:00:00,2042.225,2042.365,2031.695,2033.475,240,322
2023-12-20 12:00:00,2033.425,2039.755,2029.478,2032.388,240,329
2023-12-20 16:00:00,2032.395,2037.045,2030.095,2032.285,240,329
2023-12-20 20:00:00,2032.245,2033.745,2027.258,2032.115,180,331
2023-12-21 00:00:00,2032.055,2037.635,2031.905,2037.405,240,372
2023-12-21 04:00:00,2037.405,2038.098,2033.885,2034.915,240,344
2023-12-21 08:00:00,2034.915,2037.155,2032.925,2033.958,240,329
2023-12-21 12:00:00,2033.975,2045.865,2032.028,2041.375,240,378
2023-12-21 16:00:00,2041.375,2044.995,2037.375,2043.808,240,407
2023-12-21 20:00:00,2043.825,2054.875,2042.975,2052.675,180,374
2023-12-22 00:00:00,2052.695,2053.785,2046.715,2048.135,240,359
2023-12-22 04:00:00,2048.155,2050.755,2047.015,2049.885,240,340
2023-12-22 08:00:00,2049.875,2062.878,2049.515,2060.575,240,382
2023-12-22 12:00:00,2060.635,2070.525,2057.485,2060.685,240,370
2023-12-22 16:00:00,2060.685,2062.028,2051.015,2053.835,240,410
2023-12-22 20:00:00,2053.835,2053.908,2051.998,2052.908,119,403
2023-12-25 20:00:00,2053.025,2057.655,2052.895,2054.775,58,1876
2023-12-26 00:00:00,2054.765,2065.025,2053.385,2063.808,240,390
2023-12-26 04:00:00,2063.808,2064.975,2061.275,2064.235,240,371
2023-12-26 08:00:00,2064.215,2064.625,2060.525,2063.505,240,330
2023-12-26 12:00:00,2063.505,2063.788,2054.465,2056.755,240,334
2023-12-26 16:00:00,2056.705,2061.958,2056.485,2061.575,240,330
2023-12-26 20:00:00,2061.565,2068.948,2061.465,2066.048,180,339
2023-12-27 00:00:00,2066.065,2067.755,2063.825,2064.505,240,366
2023-12-27 04:00:00,2064.485,2067.345,2063.995,2065.945,240,344
2023-12-27 08:00:00,2065.975,2069.205,2061.385,2068.045,240,316
2023-12-27 12:00:00,2068.075,2081.785,2064.295,2078.815,240,343
2023-12-27 16:00:00,2078.745,2084.345,2075.775,2077.425,240,321
2023-12-27 20:00:00,2077.435,2079.795,2076.285,2079.435,180,338
2023-12-28 00:00:00,2079.505,2088.355,2079.098,2087.124,240,357
2023-12-28 04:00:00,2087.118,2087.455,2083.858,2086.015,240,342
2023-12-28 08:00:00,2086.015,2086.335,2072.994,2075.355,240,378
2023-12-28 12:00:00,2075.355,2081.005,2071.215,2077.155,240,384
2023-12-28 16:00:00,2077.125,2077.215,2065.875,2067.965,240,382
2023-12-28 20:00:00,2067.945,2068.825,2064.448,2066.655,180,377
2023-12-29 00:00:00,2066.645,2071.245,2065.975,2069.348,240,387
2023-12-29 04:00:00,2069.355,2074.645,2068.748,2071.798,240,459
2023-12-29 08:00:00,2071.905,2073.285,2061.698,2067.625,240,378
2023-12-29 12:00:00,2067.675,2068.765,2058.105,2064.705,240,380
2023-12-29 16:00:00,2064.698,2068.065,2061.065,2067.208,240,375
2023-12-29 20:00:00,2067.218,2067.308,2062.425,2062.495,90,312
2024-01-01 20:00:00,2062.598,2066.595,2062.405,2063.615,60,1565
2024-01-02 00:00:00,2063.625,2070.285,2062.275,2069.528,240,351
2024-01-02 04:00:00,2069.528,2076.665,2068.775,2073.048,240,346
2024-01-02 08:00:00,2073.015,2078.825,2068.205,2069.145,240,351
2024-01-02 12:00:00,2069.105,2070.965,2055.818,2059.265,240,329
2024-01-02 16:00:00,2059.305,2067.515,2059.075,2060.825,240,338
2024-01-02 20:00:00,2060.885,2061.545,2057.915,2059.455,180,311
2024-01-03 00:00:00,2059.475,2065.525,2059.094,2065.025,240,352
2024-01-03 04:00:00,2064.965,2065.835,2060.795,2062.928,240,343
2024-01-03 08:00:00,2062.835,2064.228,2046.594,2047.485,240,333
2024-01-03 12:00:00,2047.505,2048.698,2031.665,2032.495,240,334
2024-01-03 16:00:00,2032.545,2042.205,2030.515,2036.575,240,326
2024-01-03 20:00:00,2036.595,2043.835,2036.435,2042.895,180,333
2024-01-04 00:00:00,2042.865,2046.808,2040.055,2044.518,240,314
2024-01-04 04:00:00,2044.498,2049.445,2042.345,2047.615,240,338
2024-01-04 08:00:00,2047.615,2050.855,2044.828,2045.065,240,291
2024-01-04 12:00:00,2044.995,2047.625,2036.155,2045.025,240,334
2024-01-04 16:00:00,2045.075,2046.675,2040.765,2044.285,240,331
2024-01-04 20:00:00,2044.265,2044.785,2042.725,2044.098,180,317
2024-01-05 00:00:00,2044.128,2048.155,2043.225,2045.235,240,341
2024-01-05 04:00:00,2045.265,2046.925,2040.805,2042.995,240,335
2024-01-05 08:00:00,2043.005,2044.238,2037.035,2039.155,240,347
2024-01-05 12:00:00,2039.155,2063.838,2024.255,2054.745,240,333
2024-01-05 16:00:00,2054.815,2056.155,2040.335,2045.635,240,337
2024-01-05 20:00:00,2045.655,2046.068,2042.785,2045.355,120,318
2024-01-07 20:00:00,2044.385,2045.565,2042.805,2044.195,60,844
2024-01-08 00:00:00,2044.235,2046.525,2034.975,2036.015,240,349
2024-01-08 04:00:00,2036.075,2037.555,2026.925,2031.355,240,338
2024-01-08 08:00:00,2031.305,2031.685,2016.604,2019.958,240,325
2024-01-08 12:00:00,2019.958,2034.675,2018.345,2034.115,240,333
2024-01-08 16:00:00,2034.105,2036.778,2026.295,2029.285,240,328
2024-01-08 20:00:00,2029.265,2030.835,2025.978,2030.665,180,300
2024-01-09 00:00:00,2030.665,2035.775,2030.615,2033.565,240,347
2024-01-09 04:00:00,2033.505,2037.145,2030.245,2035.885,240,344
2024-01-09 08:00:00,2035.955,2038.428,2031.145,2034.935,240,368
2024-01-09 12:00:00,2034.925,2041.898,2028.665,2028.735,240,338
2024-01-09 16:00:00,2028.755,2031.945,2026.015,2028.735,240,323
2024-01-09 20:00:00,2028.845,2031.125,2028.205,2030.665,180,333
2024-01-10 00:00:00,2030.674,2032.785,2027.145,2028.845,240,348
2024-01-10 04:00:00,2028.835,2031.595,2023.795,2030.905,240,339
2024-01-10 08:00:00,2030.925,2040.135,2030.165,2033.925,240,333
2024-01-10 12:00:00,2033.905,2035.555,2024.685,2027.795,240,360
2024-01-10 16:00:00,2027.835,2028.395,2020.395,2023.938,240,321
2024-01-10 20:00:00,2023.875,2027.865,2021.725,2026.695,180,324
2024-01-11 00:00:00,2026.735,2031.808,2026.505,2030.835,240,450
2024-01-11 04:00:00,2030.795,2035.655,2030.795,2033.805,240,288
2024-01-11 08:00:00,2033.795,2034.305,2030.125,2034.235,240,324
2024-01-11 12:00:00,2034.285,2043.864,2024.825,2028.945,240,324
2024-01-11 16:00:00,2028.955,2029.505,2013.225,2026.345,240,337
2024-01-11 20:00:00,2026.355,2035.455,2023.395,2035.125,180,326
2024-01-12 00:00:00,2035.055,2035.575,2029.975,2033.865,240,338
2024-01-12 04:00:00,2033.835,2039.275,2032.698,2037.405,240,334
2024-01-12 08:00:00,2037.375,2047.305,2036.945,2045.315,240,335
2024-01-12 12:00:00,2045.355,2062.145,2044.258,2053.595,240,332
2024-01-12 16:00:00,2053.615,2055.455,2041.325,2047.225,240,339
2024-01-12 20:00:00,2047.275,2049.138,2045.965,2048.675,120,334
2024-01-14 20:00:00,2048.498,2048.605,2046.235,2047.505,60,584
2024-01-15 00:00:00,2047.525,2057.985,2045.675,2057.305,240,313
2024-01-15 04:00:00,2057.285,2057.465,2052.765,2054.175,240,345
2024-01-15 08:00:00,2054.215,2058.505,2051.465,2053.225,240,345
2024-01-15 12:00:00,2053.255,2054.315,2049.29,2053.125,240,335
2024-01-15 16:00:00,2053.108,2056.218,2053.078,2054.505,208,325
2024-01-15 20:00:00,2053.914,2055.495,2053.228,2053.895,60,898
2024-01-16 00:00:00,2054.025,2054.435,2048.265,2049.435,240,349
2024-01-16 04:00:00,2049.435,2050.825,2047.285,2049.315,240,334
2024-01-16 08:00:00,2049.295,2050.035,2038.124,2039.785,240,328
2024-01-16 12:00:00,2039.775,2044.915,2031.275,2041.035,240,334
2024-01-16 16:00:00,2041.095,2041.195,2024.165,2029.205,240,343
2024-01-16 20:00:00,2029.185,2029.705,2025.728,2028.045,180,337
2024-01-17 00:00:00,2028.055,2032.815,2023.288,2023.955,240,347
2024-01-17 04:00:00,2023.915,2026.085,2017.598,2025.705,240,333
2024-01-17 08:00:00,2025.695,2028.265,2018.915,2023.805,240,329
2024-01-17 12:00:00,2023.835,2028.898,2006.095,2008.795,240,337
2024-01-17 16:00:00,2008.805,2011.895,2001.755,2005.455,240,320
2024-01-17 20:00:00,2005.515,2009.805,2004.675,2009.465,180,337
2024-01-18 00:00:00,2009.505,2012.055,2006.345,2007.975,240,312
2024-01-18 04:00:00,2007.955,2014.045,2005.705,2012.198,240,354
2024-01-18 08:00:00,2012.218,2013.405,2008.075,2012.505,240,327
2024-01-18 12:00:00,2012.525,2017.155,2007.175,2013.525,240,327
2024-01-18 16:00:00,2013.515,2021.025,2012.985,2019.725,240,326
2024-01-18 20:00:00,2019.725,2024.555,2019.725,2023.675,180,317
2024-01-19 00:00:00,2023.675,2025.475,2021.895,2022.805,240,337
2024-01-19 04:00:00,2022.815,2029.625,2020.325,2027.945,240,344
2024-01-19 08:00:00,2027.895,2031.875,2026.105,2031.555,240,323
2024-01-19 12:00:00,2031.605,2039.278,2023.035,2027.645,240,332
2024-01-19 16:00:00,2027.645,2029.425,2023.175,2029.075,240,330
2024-01-19 20:00:00,2029.075,2029.815,2027.655,2029.375,120,347
2024-01-21 20:00:00,2029.715,2029.715,2026.848,2027.535,60,585
2024-01-22 00:00:00,2027.505,2032.005,2025.385,2026.895,240,357
2024-01-22 04:00:00,2026.945,2027.065,2018.985,2021.695,240,325
2024-01-22 08:00:00,2021.645,2026.458,2020.335,2026.078,240,337
2024-01-22 12:00:00,2026.038,2030.028,2016.448,2023.994,240,365
2024-01-22 16:00:00,2024.005,2024.438,2019.055,2020.955,240,330
2024-01-22 20:00:00,2020.955,2021.855,2019.125,2020.635,180,329
2024-01-23 00:00:00,2020.695,2027.855,2019.515,2027.395,240,344
2024-01-23 04:00:00,2027.325,2037.808,2026.645,2031.565,240,304
2024-01-23 08:00:00,2031.635,2031.655,2022.298,2023.875,240,332
2024-01-23 12:00:00,2023.875,2030.265,2021.325,2025.045,240,335
2024-01-23 16:00:00,2025.085,2030.558,2022.565,2029.755,240,329
2024-01-23 20:00:00,2029.765,2030.178,2027.235,2029.255,180,305
2024-01-24 00:00:00,2029.255,2029.255,2023.628,2024.685,240,340
2024-01-24 04:00:00,2024.675,2031.495,2022.725,2029.465,240,341
2024-01-24 08:00:00,2029.485,2034.185,2028.105,2033.305,240,377
2024-01-24 12:00:00,2033.305,2036.575,2014.815,2015.145,240,384
2024-01-24 16:00:00,2015.215,2019.715,2011.105,2012.115,240,323
2024-01-24 20:00:00,2012.115,2017.565,2011.675,2016.265,180,338
2024-01-25 00:00:00,2016.305,2017.175,2014.435,2015.725,240,332
2024-01-25 04:00:00,2015.725,2018.225,2013.515,2015.648,240,354
2024-01-25 08:00:00,2015.625,2019.445,2012.555,2017.425,240,335
2024-01-25 12:00:00,2017.455,2025.175,2009.455,2020.158,240,341
2024-01-25 16:00:00,2020.145,2021.505,2012.415,2017.648,240,379
2024-01-25 20:00:00,2017.648,2021.811,2016.845,2020.565,180,334
2024-01-26 00:00:00,2020.625,2024.125,2019.245,2021.755,240,357
2024-01-26 04:00:00,2021.705,2023.395,2019.735,2021.285,240,312
2024-01-26 08:00:00,2021.225,2024.545,2018.105,2023.295,240,416
2024-01-26 12:00:00,2023.305,2026.715,2016.055,2016.908,240,335
2024-01-26 16:00:00,2016.918,2019.278,2015.845,2016.925,240,334
2024-01-26 20:00:00,2016.955,2019.205,2016.365,2017.915,120,303
2024-01-28 20:00:00,2024.215,2028.384,2021.185,2021.775,60,797
2024-01-29 00:00:00,2021.855,2026.265,2019.195,2025.555,240,344
2024-01-29 04:00:00,2025.555,2033.795,2024.625,2031.275,240,312
2024-01-29 08:00:00,2031.225,2033.525,2025.358,2028.085,240,340
2024-01-29 12:00:00,2028.075,2037.465,2020.485,2025.365,240,336
2024-01-29 16:00:00,2025.345,2030.995,2023.975,2026.865,240,317
2024-01-29 20:00:00,2026.895,2035.145,2026.808,2031.035,180,345
2024-01-30 00:00:00,2031.045,2034.025,2029.745,2032.025,240,316
2024-01-30 04:00:00,2032.025,2040.285,2031.145,2037.815,240,341
2024-01-30 08:00:00,2037.795,2039.328,2031.298,2034.275,240,325
2024-01-30 12:00:00,2034.265,2048.448,2028.935,2032.465,240,306
2024-01-30 16:00:00,2032.515,2036.918,2031.345,2035.995,240,366
2024-01-30 20:00:00,2035.965,2037.175,2035.185,2036.335,180,378
2024-01-31 00:00:00,2036.365,2038.528,2032.735,2033.785,240,370
2024-01-31 04:00:00,2033.765,2038.535,2033.115,2036.535,240,386
2024-01-31 08:00:00,2036.525,2040.305,2036.055,2037.195,240,374
2024-01-31 12:00:00,2037.235,2055.878,2035.955,2052.185,240,298
2024-01-31 16:00:00,2052.175,2053.575,2039.075,2044.605,240,324
2024-01-31 20:00:00,2044.625,2045.845,2031.0,2039.825,180,335
2024-02-01 00:00:00,2039.855,2049.475,2039.045,2046.144,240,348
2024-02-01 04:00:00,2046.144,2046.505,2041.055,2042.775,240,354
2024-02-01 08:00:00,2042.745,2042.745,2029.905,2033.355,240,329
2024-02-01 12:00:00,2033.355,2052.905,2030.035,2051.875,240,324
2024-02-01 16:00:00,2051.875,2065.348,2051.158,2054.608,240,326
2024-02-01 20:00:00,2054.648,2056.145,2053.385,2054.745,180,315
2024-02-02 00:00:00,2054.725,2056.845,2051.775,2054.545,240,329
2024-02-02 04:00:00,2054.545,2056.855,2053.938,2054.965,240,346
2024-02-02 08:00:00,2054.955,2056.715,2052.595,2055.948,240,311
2024-02-02 12:00:00,2055.935,2057.545,2027.635,2034.915,240,330
2024-02-02 16:00:00,2034.935,2038.665,2032.988,2038.085,240,326
2024-02-02 20:00:00,2038.125,2039.735,2035.905,2039.275,120,303
2024-02-04 20:00:00,2040.054,2042.034,2038.854,2039.115,60,808
2024-02-05 00:00:00,2039.155,2039.745,2030.108,2032.195,240,346
2024-02-05 04:00:00,2032.165,2033.285,2026.654,2027.465,240,326
2024-02-05 08:00:00,2027.495,2028.258,2020.555,2027.565,240,352
2024-02-05 12:00:00,2027.575,2027.995,2014.835,2017.675,240,304
2024-02-05 16:00:00,2017.815,2027.465,2017.665,2025.885,240,332
2024-02-05 20:00:00,2025.835,2026.258,2023.665,2025.005,180,319
2024-02-06 00:00:00,2025.005,2028.505,2023.395,2023.825,240,345
2024-02-06 04:00:00,2023.845,2029.715,2023.505,2026.245,240,339
2024-02-06 08:00:00,2026.265,2027.415,2022.795,2026.665,240,313
2024-02-06 12:00:00,2026.635,2038.035,2024.405,2036.205,240,317
2024-02-06 16:00:00,2036.218,2038.785,2032.005,2035.935,240,330
2024-02-06 20:00:00,2035.985,2036.875,2034.445,2035.175,178,325
2024-02-07 00:00:00,2035.135,2036.055,2033.965,2034.305,240,346
2024-02-07 04:00:00,2034.305,2036.085,2032.298,2035.105,240,308
2024-02-07 08:00:00,2035.115,2035.705,2031.138,2034.035,240,324
2024-02-07 12:00:00,2034.035,2044.465,2030.505,2038.235,240,313
2024-02-07 16:00:00,2038.215,2040.835,2034.0,2035.495,240,315
2024-02-07 20:00:00,2035.495,2036.495,2033.605,2036.395,180,318
2024-02-08 00:00:00,2036.395,2038.635,2031.675,2032.745,240,324
2024-02-08 04:00:00,2032.725,2035.045,2031.014,2032.785,240,318
2024-02-08 08:00:00,2032.795,2038.355,2027.785,2028.945,240,305
2024-02-08 12:00:00,2028.975,2033.935,2020.095,2031.828,240,319
2024-02-08 16:00:00,2031.795,2035.175,2027.578,2032.515,240,321
2024-02-08 20:00:00,2032.515,2034.848,2032.485,2034.185,180,307
2024-02-09 00:00:00,2034.205,2034.978,2031.785,2033.465,240,340
2024-02-09 04:00:00,2033.565,2034.825,2032.038,2033.458,240,327
2024-02-09 08:00:00,2033.435,2033.965,2030.425,2031.418,240,324
2024-02-09 12:00:00,2031.405,2037.058,2021.775,2022.308,240,305
2024-02-09 16:00:00,2022.338,2026.245,2020.195,2024.665,240,389
2024-02-09 20:00:00,2024.645,2026.175,2023.795,2024.155,119,304
2024-02-11 20:00:00,2023.495,2026.708,2023.194,2025.345,60,601
2024-02-12 00:00:00,2025.375,2026.505,2021.755,2022.815,240,309
2024-02-12 04:00:00,2022.765,2026.338,2022.515,2025.435,240,329
2024-02-12 08:00:00,2025.435,2027.158,2019.915,2021.565,240,346
2024-02-12 12:00:00,2021.565,2027.505,2011.985,2013.045,240,340
2024-02-12 16:00:00,2013.125,2021.448,2011.795,2019.028,240,323
2024-02-12 20:00:00,2019.025,2020.408,2018.525,2018.845,179,334
2024-02-13 00:00:00,2018.785,2021.125,2016.785,2018.498,240,350
2024-02-13 04:00:00,2018.475,2025.705,2018.315,2025.125,240,311
2024-02-13 08:00:00,2025.165,2029.255,2024.405,2027.565,240,317
2024-02-13 12:00:00,2027.565,2032.845,1989.985,1992.145,240,315
2024-02-13 16:00:00,1992.155,1997.755,1991.195,1991.705,240,329
2024-02-13 20:00:00,1991.655,1993.585,1990.655,1991.435,180,313
2024-02-14 00:00:00,1991.425,1993.515,1988.735,1992.298,240,344
2024-02-14 04:00:00,1992.298,1993.245,1989.295,1989.385,239,356
2024-02-14 08:00:00,1989.385,1993.315,1985.945,1992.175,240,316
2024-02-14 12:00:00,1992.175,1993.175,1984.088,1987.775,240,346
2024-02-14 16:00:00,1987.795,1996.025,1987.395,1991.665,240,329
2024-02-14 20:00:00,1991.665,1993.755,1989.535,1993.645,180,344
2024-02-15 00:00:00,1993.685,1994.195,1990.175,1990.735,240,311
2024-02-15 04:00:00,1990.735,1994.615,1990.385,1993.785,240,314
2024-02-15 08:00:00,1993.765,1998.045,1993.465,1997.445,240,308
2024-02-15 12:00:00,1997.425,2008.175,1995.585,2000.705,240,306
2024-02-15 16:00:00,2000.705,2006.375,1998.365,2005.035,240,344
2024-02-15 20:00:00,2005.035,2005.035,2003.295,2003.345,180,340
2024-02-16 00:00:00,2003.445,2005.555,2002.228,2004.178,240,457
2024-02-16 04:00:00,2004.178,2006.405,2002.625,2005.095,240,322
2024-02-16 08:00:00,2005.035,2007.735,2003.755,2007.235,240,311
2024-02-16 12:00:00,2007.235,2010.915,1994.985,2007.768,240,328
2024-02-16 16:00:00,2007.768,2015.095,2007.115,2012.565,240,389
2024-02-16 20:00:00,2012.545,2013.835,2011.185,2013.055,120,330
2024-02-18 20:00:00,2014.595,2016.245,2009.935,2013.695,48,2661
2024-02-19 00:00:00,2013.644,2022.785,2013.544,2019.805,240,656
2024-02-19 04:00:00,2019.765,2022.895,2018.185,2020.825,240,322
2024-02-19 08:00:00,2020.825,2021.145,2018.115,2018.285,240,334
2024-02-19 12:00:00,2018.275,2019.158,2014.675,2014.815,240,324
2024-02-19 16:00:00,2014.755,2018.435,2013.185,2017.775,209,311
2024-02-19 20:00:00,2017.498,2017.855,2015.745,2016.085,60,613
2024-02-20 00:00:00,2016.115,2019.165,2014.945,2018.138,240,341
2024-02-20 04:00:00,2018.138,2022.775,2017.635,2021.358,240,346
2024-02-20 08:00:00,2021.315,2027.535,2020.705,2026.778,240,331
2024-02-20 12:00:00,2026.725,2030.765,2025.315,2027.375,240,346
2024-02-20 16:00:00,2027.395,2028.785,2024.695,2025.025,240,315
2024-02-20 20:00:00,2025.105,2025.105,2023.455,2024.095,180,321
2024-02-21 00:00:00,2024.155,2030.805,2022.835,2030.435,240,331
2024-02-21 04:00:00,2030.435,2032.195,2028.265,2028.705,240,333
2024-02-21 08:00:00,2028.695,2030.075,2025.845,2028.165,240,340
2024-02-21 12:00:00,2028.185,2031.475,2023.938,2024.025,240,317
2024-02-21 16:00:00,2024.105,2026.435,2019.915,2025.915,240,326
2024-02-21 20:00:00,2025.895,2026.895,2023.858,2025.658,180,310
2024-02-22 00:00:00,2025.658,2028.485,2024.975,2026.205,240,347
2024-02-22 04:00:00,2026.245,2031.935,2025.448,2031.345,240,328
2024-02-22 08:00:00,2031.425,2034.708,2027.155,2028.925,240,343
2024-02-22 12:00:00,2028.905,2029.795,2020.088,2023.225,240,305
2024-02-22 16:00:00,2023.225,2024.575,2019.555,2022.965,240,332
2024-02-22 20:00:00,2022.975,2025.928,2022.465,2024.615,180,297
2024-02-23 00:00:00,2024.665,2027.295,2022.685,2025.665,240,326
2024-02-23 04:00:00,2025.665,2026.445,2018.025,2021.684,239,303
2024-02-23 08:00:00,2021.684,2023.895,2015.955,2023.785,240,354
2024-02-23 12:00:00,2023.785,2031.028,2023.005,2030.008,240,337
2024-02-23 16:00:00,2030.015,2041.285,2030.015,2037.245,240,400
2024-02-23 20:00:00,2037.245,2037.425,2034.955,2035.215,120,337
2024-02-25 20:00:00,2034.295,2034.865,2032.638,2033.935,60,612
2024-02-26 00:00:00,2033.975,2033.975,2029.775,2032.455,240,321
2024-02-26 04:00:00,2032.445,2035.235,2031.795,2035.015,240,348
2024-02-26 08:00:00,2034.945,2036.965,2030.745,2030.815,240,350
2024-02-26 12:00:00,2030.865,2034.328,2024.975,2029.065,240,317
2024-02-26 16:00:00,2029.108,2030.155,2026.475,2029.665,240,342
2024-02-26 20:00:00,2029.635,2033.555,2029.635,2031.205,180,303
2024-02-27 00:00:00,2031.185,2034.435,2030.908,2033.345,240,369
2024-02-27 04:00:00,2033.415,2036.145,2032.745,2035.295,240,354
2024-02-27 08:00:00,2035.285,2039.375,2034.525,2038.155,240,326
2024-02-27 12:00:00,2038.175,2038.978,2032.885,2033.685,240,309
2024-02-27 16:00:00,2033.695,2035.965,2029.335,2030.185,240,338
2024-02-27 20:00:00,2030.155,2030.755,2028.725,2030.025,179,330
2024-02-28 00:00:00,2030.075,2033.625,2029.075,2030.835,240,335
2024-02-28 04:00:00,2030.855,2031.965,2027.725,2027.985,240,331
2024-02-28 08:00:00,2027.965,2029.165,2024.355,2027.135,240,304
2024-02-28 12:00:00,2027.108,2037.805,2026.775,2031.735,240,351
2024-02-28 16:00:00,2031.735,2035.478,2030.738,2032.075,240,326
2024-02-28 20:00:00,2032.075,2035.274,2032.035,2034.518,180,322
2024-02-29 00:00:00,2034.575,2037.015,2033.855,2036.458,240,345
2024-02-29 04:00:00,2036.448,2037.735,2034.355,2037.205,240,340
2024-02-29 08:00:00,2037.225,2037.385,2028.755,2030.235,240,338
2024-02-29 12:00:00,2030.235,2050.605,2028.015,2047.995,240,312
2024-02-29 16:00:00,2047.995,2048.235,2043.138,2044.395,240,379
2024-02-29 20:00:00,2044.335,2045.355,2042.775,2044.185,178,270
2024-03-01 00:00:00,2044.165,2046.755,2042.765,2046.445,240,331
2024-03-01 04:00:00,2046.415,2048.745,2043.315,2045.345,240,314
2024-03-01 08:00:00,2045.365,2057.395,2038.915,2055.295,240,340
2024-03-01 12:00:00,2055.295,2070.828,2045.495,2069.078,240,338
2024-03-01 16:00:00,2069.064,2088.215,2069.064,2085.148,240,382
2024-03-01 20:00:00,2085.125,2085.198,2082.345,2082.395,120,335
2024-03-03 20:00:00,2081.835,2086.145,2081.835,2083.445,60,532
2024-03-04 00:00:00,2083.445,2084.305,2079.308,2081.375,240,349
2024-03-04 04:00:00,2081.375,2088.195,2080.174,2087.335,240,336
2024-03-04 08:00:00,2087.295,2087.435,2081.795,2082.025,240,353
2024-03-04 12:00:00,2082.055,2109.285,2081.018,2108.925,240,324
2024-03-04 16:00:00,2108.915,2119.805,2107.604,2116.205,240,341
2024-03-04 20:00:00,2116.265,2118.495,2113.295,2114.475,180,275
2024-03-05 00:00:00,2114.455,2116.725,2110.375,2112.875,240,364
2024-03-05 04:00:00,2112.875,2119.645,2112.565,2114.325,240,328
2024-03-05 08:00:00,2114.435,2127.235,2114.355,2124.385,240,329
2024-03-05 12:00:00,2124.445,2141.748,2121.105,2126.565,240,322
2024-03-05 16:00:00,2126.555,2134.655,2123.565,2129.488,240,332
2024-03-05 20:00:00,2129.475,2130.845,2126.798,2127.945,180,327
2024-03-06 00:00:00,2127.945,2127.995,2123.615,2124.695,240,375
2024-03-06 04:00:00,2124.695,2131.445,2124.695,2128.335,239,338
2024-03-06 08:00:00,2128.345,2132.505,2124.255,2132.415,240,346
2024-03-06 12:00:00,2132.435,2149.115,2130.925,2140.875,240,322
2024-03-06 16:00:00,2140.885,2152.085,2139.345,2144.295,240,332
2024-03-06 20:00:00,2144.265,2151.135,2143.095,2147.275,180,332
2024-03-07 00:00:00,2147.205,2152.328,2144.048,2151.665,240,349
2024-03-07 04:00:00,2151.635,2161.435,2151.435,2155.905,240,457
2024-03-07 08:00:00,2155.915,2159.735,2153.128,2155.965,240,329
2024-03-07 12:00:00,2155.878,2164.635,2147.825,2153.595,240,316
2024-03-07 16:00:00,2153.605,2160.785,2149.175,2159.905,240,344
2024-03-07 20:00:00,2159.945,2162.485,2157.895,2161.865,180,313
2024-03-08 00:00:00,2161.865,2163.475,2153.895,2157.555,240,344
2024-03-08 04:00:00,2157.515,2161.925,2156.258,2161.255,239,327
2024-03-08 08:00:00,2161.235,2170.995,2161.015,2168.158,240,349
2024-03-08 12:00:00,2168.165,2185.305,2155.778,2177.115,240,343
2024-03-08 16:00:00,2177.105,2195.085,2168.215,2176.245,240,332
2024-03-08 20:00:00,2176.305,2179.155,2175.615,2178.965,120,326
2024-03-10 20:00:00,2179.015,2183.735,2177.005,2181.545,120,807
2024-03-11 00:00:00,2181.585,2188.925,2176.755,2179.374,240,356
2024-03-11 04:00:00,2179.365,2182.635,2176.765,2182.215,240,339
2024-03-11 08:00:00,2182.195,2182.958,2175.785,2178.835,240,327
2024-03-11 12:00:00,2178.835,2185.595,2174.695,2184.215,240,326
2024-03-11 16:00:00,2184.155,2184.548,2177.045,2181.275,240,327
2024-03-11 20:00:00,2181.214,2184.625,2180.635,2183.555,178,324
2024-03-12 00:00:00,2183.555,2184.425,2176.695,2177.385,240,336
2024-03-12 04:00:00,2177.345,2179.145,2173.485,2176.925,240,335
2024-03-12 08:00:00,2176.885,2178.955,2170.515,2171.825,240,326
2024-03-12 12:00:00,2171.815,2181.868,2152.545,2162.878,240,438
2024-03-12 16:00:00,2162.878,2166.408,2150.455,2157.285,240,358
2024-03-12 20:00:00,2157.275,2161.335,2155.665,2156.885,180,326
2024-03-13 00:00:00,2156.905,2161.495,2156.555,2159.045,240,351
2024-03-13 04:00:00,2159.005,2161.408,2157.198,2159.615,240,317
2024-03-13 08:00:00,2159.635,2164.065,2157.395,2163.895,240,325
2024-03-13 12:00:00,2163.935,2174.468,2161.345,2171.635,240,333
2024-03-13 16:00:00,2171.635,2179.745,2169.455,2172.485,240,337
2024-03-13 20:00:00,2172.535,2176.085,2172.275,2175.345,180,346
2024-03-14 00:00:00,2175.315,2176.848,2171.065,2172.165,239,365
2024-03-14 04:00:00,2172.175,2172.385,2167.325,2168.575,240,327
2024-03-14 08:00:00,2168.545,2171.935,2167.065,2168.375,240,348
2024-03-14 12:00:00,2168.385,2170.268,2152.665,2157.095,240,426
2024-03-14 16:00:00,2157.095,2164.905,2156.575,2163.345,240,350
2024-03-14 20:00:00,2163.435,2163.798,2160.755,2161.555,180,356
2024-03-15 00:00:00,2161.595,2165.875,2160.485,2164.478,240,349
2024-03-15 04:00:00,2164.478,2169.975,2163.485,2166.925,240,353
2024-03-15 08:00:00,2166.965,2172.615,2165.205,2166.905,240,335
2024-03-15 12:00:00,2166.895,2167.265,2156.435,2159.925,240,402
2024-03-15 16:00:00,2159.885,2163.375,2155.115,2156.795,240,333
2024-03-15 20:00:00,2157.045,2158.215,2155.325,2155.625,60,352
2024-03-17 20:00:00,2155.395,2156.768,2151.435,2156.428,120,457
2024-03-18 00:00:00,2156.428,2157.435,2145.985,2146.675,240,339
2024-03-18 04:00:00,2146.655,2152.095,2145.985,2152.045,240,325
2024-03-18 08:00:00,2152.065,2161.195,2150.055,2160.975,240,347
2024-03-18 12:00:00,2160.995,2163.455,2155.465,2158.228,240,330
2024-03-18 16:00:00,2158.235,2161.048,2154.465,2160.085,240,350
2024-03-18 20:00:00,2160.085,2162.465,2159.278,2162.035,180,320
2024-03-19 00:00:00,2162.085,2162.745,2158.485,2161.445,240,360
2024-03-19 04:00:00,2161.425,2162.055,2153.925,2155.648,240,345
2024-03-19 08:00:00,2155.655,2156.625,2147.045,2155.475,240,348
2024-03-19 12:00:00,2155.475,2158.615,2148.285,2154.205,240,428
2024-03-19 16:00:00,2154.245,2157.865,2153.038,2157.675,240,321
2024-03-19 20:00:00,2157.695,2159.565,2156.858,2156.965,178,344
2024-03-20 00:00:00,2156.985,2159.925,2155.125,2159.765,240,314
2024-03-20 04:00:00,2159.845,2160.135,2156.365,2158.125,240,330
2024-03-20 08:00:00,2158.045,2158.275,2152.215,2153.865,240,324
2024-03-20 12:00:00,2153.885,2164.755,2149.475,2155.735,240,340
2024-03-20 16:00:00,2155.748,2188.735,2155.485,2182.675,240,323
2024-03-20 20:00:00,2182.785,2222.875,2182.725,2203.855,180,337
2024-03-21 00:00:00,2203.875,2212.275,2192.365,2202.695,240,349
2024-03-21 04:00:00,2202.775,2210.095,2201.715,2206.415,240,337
2024-03-21 08:00:00,2206.415,2211.685,2196.735,2207.375,240,337
2024-03-21 12:00:00,2207.385,2208.735,2166.264,2174.555,240,402
2024-03-21 16:00:00,2174.565,2183.875,2172.905,2181.348,240,347
2024-03-21 20:00:00,2181.375,2182.545,2180.465,2181.735,178,339
2024-03-22 00:00:00,2181.735,2185.965,2171.735,2173.675,240,347
2024-03-22 04:00:00,2173.685,2176.175,2162.475,2168.298,240,350
2024-03-22 08:00:00,2168.298,2170.015,2164.825,2165.945,240,343
2024-03-22 12:00:00,2165.958,2180.035,2165.385,2166.075,240,323
2024-03-22 16:00:00,2165.995,2167.395,2157.035,2163.858,240,343
2024-03-22 20:00:00,2163.955,2167.155,2163.465,2165.055,60,345
2024-03-24 20:00:00,2165.475,2168.795,2165.085,2168.275,120,483
2024-03-25 00:00:00,2168.335,2178.245,2163.885,2170.495,240,336
2024-03-25 04:00:00,2170.515,2171.565,2163.455,2165.835,240,350
2024-03-25 08:00:00,2165.825,2171.775,2163.705,2170.405,240,328
2024-03-25 12:00:00,2170.385,2181.205,2170.235,2175.385,240,340
2024-03-25 16:00:00,2175.355,2177.765,2170.645,2170.865,240,327
2024-03-25 20:00:00,2170.975,2173.475,2170.615,2172.815,180,307
2024-03-26 00:00:00,2172.795,2174.295,2167.458,2170.225,240,367
2024-03-26 04:00:00,2170.255,2174.085,2169.525,2172.895,240,354
2024-03-26 08:00:00,2172.835,2199.995,2171.445,2196.355,240,341
2024-03-26 12:00:00,2196.385,2197.208,2171.595,2174.215,240,420
2024-03-26 16:00:00,2174.225,2179.095,2174.155,2177.785,240,370
2024-03-26 20:00:00,2177.825,2179.815,2174.508,2179.358,179,367
2024-03-27 00:00:00,2179.365,2181.615,2173.275,2177.635,240,364
2024-03-27 04:00:00,2177.615,2180.735,2175.625,2180.425,240,338
2024-03-27 08:00:00,2180.455,2197.505,2176.445,2188.335,240,332
2024-03-27 12:00:00,2188.335,2195.125,2183.435,2190.335,240,344
2024-03-27 16:00:00,2190.338,2194.168,2188.925,2193.255,240,344
2024-03-27 20:00:00,2193.245,2195.065,2190.065,2190.545,180,342
2024-03-28 00:00:00,2190.565,2196.335,2187.225,2194.715,240,360
2024-03-28 04:00:00,2194.675,2200.545,2192.545,2193.665,240,355
2024-03-28 08:00:00,2193.675,2213.635,2190.725,2210.325,240,325
2024-03-28 12:00:00,2210.295,2216.975,2202.094,2215.768,240,449
2024-03-28 16:00:00,2215.768,2225.365,2213.295,2221.635,240,356
2024-03-28 20:00:00,2221.625,2236.015,2219.505,2232.698,59,366
2024-03-31 20:00:00,2238.435,2247.265,2234.845,2245.885,120,604
2024-04-01 00:00:00,2245.935,2265.035,2243.755,2264.325,240,360
2024-04-01 04:00:00,2264.345,2265.585,2256.785,2257.358,240,364
2024-04-01 08:00:00,2257.355,2260.085,2245.435,2246.745,240,362
2024-04-01 12:00:00,2246.745,2257.758,2228.395,2239.625,240,344
2024-04-01 16:00:00,2239.605,2244.648,2234.635,2244.648,240,351
2024-04-01 20:00:00,2244.648,2255.745,2242.948,2248.885,180,339
2024-04-02 00:00:00,2248.865,2255.165,2246.585,2251.485,240,364
2024-04-02 04:00:00,2251.585,2259.798,2250.295,2256.315,240,352
2024-04-02 08:00:00,2256.315,2266.695,2255.168,2260.495,240,348
2024-04-02 12:00:00,2260.555,2276.858,2250.785,2258.528,240,363
2024-04-02 16:00:00,2258.525,2279.325,2254.035,2277.348,240,360
2024-04-02 20:00:00,2277.375,2288.185,2275.635,2279.845,180,353
2024-04-03 00:00:00,2279.674,2287.885,2276.564,2284.985,240,350
2024-04-03 04:00:00,2285.025,2286.898,2270.338,2271.075,240,345
2024-04-03 08:00:00,2271.065,2275.995,2267.558,2273.598,240,370
2024-04-03 12:00:00,2273.565,2288.245,2265.405,2286.215,240,367
2024-04-03 16:00:00,2286.215,2298.745,2280.605,2297.365,240,399
2024-04-03 20:00:00,2297.485,2302.555,2296.245,2297.445,180,390
2024-04-04 00:00:00,2297.515,2304.795,2297.235,2299.015,240,341
2024-04-04 04:00:00,2299.078,2300.558,2291.755,2292.925,240,353
2024-04-04 08:00:00,2292.904,2295.045,2288.745,2289.205,240,370
2024-04-04 12:00:00,2289.235,2299.305,2282.604,2291.985,240,434
2024-04-04 16:00:00,2291.914,2305.425,2279.688,2284.775,240,379
2024-04-04 20:00:00,2284.725,2293.265,2284.725,2288.635,180,368
2024-04-05 00:00:00,2288.675,2290.255,2267.605,2276.595,240,349
2024-04-05 04:00:00,2276.655,2290.495,2276.455,2289.075,240,337
2024-04-05 08:00:00,2289.045,2295.985,2284.768,2291.055,240,376
2024-04-05 12:00:00,2290.905,2328.278,2280.235,2326.085,240,504
2024-04-05 16:00:00,2326.085,2330.345,2320.575,2323.115,240,396
2024-04-05 20:00:00,2323.165,2330.025,2322.745,2328.195,60,359
2024-04-07 20:00:00,2323.125,2328.255,2303.705,2311.115,120,559
2024-04-08 00:00:00,2311.195,2353.835,2302.755,2345.425,240,403
2024-04-08 04:00:00,2345.435,2345.505,2331.705,2337.695,240,444
2024-04-08 08:00:00,2337.695,2343.435,2333.215,2337.225,240,411
2024-04-08 12:00:00,2337.235,2337.905,2318.575,2327.795,240,415
2024-04-08 16:00:00,2327.885,2341.905,2325.925,2338.305,240,363
2024-04-08 20:00:00,2338.305,2340.375,2336.795,2338.685,180,370
2024-04-09 00:00:00,2338.685,2348.345,2337.725,2343.855,240,413
2024-04-09 04:00:00,2343.855,2356.805,2342.948,2353.855,240,384
2024-04-09 08:00:00,2353.855,2365.185,2349.465,2354.455,240,367
2024-04-09 12:00:00,2354.455,2364.135,2338.125,2340.225,240,358
2024-04-09 16:00:00,2340.218,2351.428,2339.975,2351.055,240,397
2024-04-09 20:00:00,2351.055,2355.148,2350.328,2354.775,180,378
2024-04-10 00:00:00,2354.715,2355.465,2344.665,2351.225,240,342
2024-04-10 04:00:00,2351.205,2360.065,2350.825,2352.965,240,339
2024-04-10 08:00:00,2353.138,2355.795,2344.715,2346.935,240,381
2024-04-10 12:00:00,2346.915,2352.285,2319.265,2336.925,240,572
2024-04-10 16:00:00,2336.895,2345.125,2325.715,2329.625,240,361
2024-04-10 20:00:00,2329.505,2337.175,2329.465,2335.435,179,356
2024-04-11 00:00:00,2335.495,2346.765,2333.195,2343.825,240,376
2024-04-11 04:00:00,2343.835,2346.005,2333.785,2336.325,240,342
2024-04-11 08:00:00,2336.345,2339.498,2325.655,2337.135,240,327
2024-04-11 12:00:00,2337.135,2347.345,2331.645,2344.655,240,435
2024-04-11 16:00:00,2344.665,2374.505,2342.575,2372.745,240,337
2024-04-11 20:00:00,2372.885,2379.455,2370.724,2376.725,180,324
2024-04-12 00:00:00,2376.965,2395.265,2374.485,2384.105,240,351
2024-04-12 04:00:00,2384.095,2400.215,2382.685,2399.865,240,363
2024-04-12 08:00:00,2399.875,2400.575,2390.315,2395.325,240,391
2024-04-12 12:00:00,2395.325,2431.385,2381.945,2395.505,240,421
2024-04-12 16:00:00,2395.435,2395.435,2333.755,2343.295,240,401
2024-04-12 20:00:00,2343.295,2345.005,2341.635,2343.285,60,406
2024-04-14 20:00:00,2352.098,2372.435,2346.735,2364.585,120,978
2024-04-15 00:00:00,2364.645,2365.755,2348.255,2358.475,240,491
2024-04-15 04:00:00,2358.385,2362.335,2349.865,2353.035,240,354
2024-04-15 08:00:00,2353.015,2361.075,2344.615,2357.875,240,380
2024-04-15 12:00:00,2357.878,2361.015,2323.858,2351.555,240,472
2024-04-15 16:00:00,2351.555,2387.448,2346.065,2386.305,240,395
2024-04-15 20:00:00,2386.305,2392.035,2379.985,2381.825,180,345
2024-04-16 00:00:00,2381.744,2389.198,2379.185,2387.818,240,396
2024-04-16 04:00:00,2387.825,2388.935,2362.844,2365.385,240,420
2024-04-16 08:00:00,2365.445,2375.228,2365.035,2373.888,240,413
2024-04-16 12:00:00,2373.878,2392.908,2363.435,2385.865,240,403
2024-04-16 16:00:00,2385.928,2398.128,2379.615,2389.528,240,420
2024-04-16 20:00:00,2389.485,2390.175,2378.275,2382.575,180,413
2024-04-17 00:00:00,2382.585,2386.105,2380.615,2381.605,240,365
2024-04-17 04:00:00,2381.588,2383.185,2372.575,2382.378,240,365
2024-04-17 08:00:00,2382.378,2394.165,2382.378,2387.195,240,387
2024-04-17 12:00:00,2387.215,2395.448,2378.248,2382.075,240,396
2024-04-17 16:00:00,2382.075,2384.335,2360.955,2372.555,240,382
2024-04-17 20:00:00,2372.545,2373.195,2354.435,2367.815,180,353
2024-04-18 00:00:00,2367.815,2375.205,2363.965,2374.735,240,402
2024-04-18 04:00:00,2374.655,2380.855,2373.148,2377.715,240,383
2024-04-18 08:00:00,2377.698,2385.195,2377.155,2380.795,240,405
2024-04-18 12:00:00,2380.795,2392.624,2369.468,2383.978,240,416
2024-04-18 16:00:00,2383.978,2389.228,2378.025,2380.095,240,364
2024-04-18 20:00:00,2380.095,2381.375,2376.845,2379.795,180,325
2024-04-19 00:00:00,2379.685,2417.745,2373.685,2391.235,240,338
2024-04-19 04:00:00,2391.235,2393.795,2378.505,2385.255,240,455
2024-04-19 08:00:00,2385.195,2386.208,2372.805,2376.735,240,397
2024-04-19 12:00:00,2376.735,2395.895,2373.005,2394.765,240,360
2024-04-19 16:00:00,2394.715,2401.845,2386.565,2387.495,240,370
2024-04-19 20:00:00,2387.455,2392.088,2386.595,2390.295,60,359
2024-04-21 20:00:00,2387.635,2388.425,2381.275,2386.405,120,679
2024-04-22 00:00:00,2386.405,2386.455,2361.664,2369.285,240,369
2024-04-22 04:00:00,2369.345,2372.805,2351.265,2360.865,240,361
2024-04-22 08:00:00,2360.845,2363.565,2339.295,2342.085,240,369
2024-04-22 12:00:00,2342.085,2350.228,2330.965,2334.595,240,396
2024-04-22 16:00:00,2334.595,2336.345,2324.555,2329.145,240,386
2024-04-22 20:00:00,2329.125,2333.815,2325.225,2333.665,180,372
2024-04-23 00:00:00,2333.595,2334.305,2295.408,2302.465,240,429
2024-04-23 04:00:00,2302.485,2314.605,2298.718,2308.895,240,419
2024-04-23 08:00:00,2308.905,2309.605,2291.265,2302.035,240,451
2024-04-23 12:00:00,2302.055,2332.045,2301.125,2323.145,240,406
2024-04-23 16:00:00,2323.125,2331.214,2321.115,2322.168,240,421
2024-04-23 20:00:00,2322.198,2324.165,2321.205,2323.155,180,397
2024-04-24 00:00:00,2323.215,2328.045,2315.725,2327.815,240,398
2024-04-24 04:00:00,2327.815,2331.215,2320.575,2320.575,240,394
2024-04-24 08:00:00,2320.595,2321.835,2311.635,2316.035,240,394
2024-04-24 12:00:00,2316.015,2337.128,2311.985,2322.465,240,415
2024-04-24 16:00:00,2322.455,2330.395,2317.665,2318.858,240,413
2024-04-24 20:00:00,2318.885,2319.455,2313.555,2316.085,180,434
2024-04-25 00:00:00,2316.085,2321.985,2304.898,2313.075,240,466
2024-04-25 04:00:00,2313.084,2326.075,2312.275,2325.555,240,424
2024-04-25 08:00:00,2325.555,2330.478,2323.995,2328.425,240,424
2024-04-25 12:00:00,2328.425,2344.708,2312.734,2330.265,240,421
2024-04-25 16:00:00,2330.265,2336.288,2322.855,2332.795,240,403
2024-04-25 20:00:00,2332.815,2333.578,2329.995,2330.545,180,414
2024-04-26 00:00:00,2330.535,2336.128,2326.165,2334.565,240,364
2024-04-26 04:00:00,2334.575,2347.088,2333.435,2345.405,240,380
2024-04-26 08:00:00,2345.415,2352.418,2343.268,2344.775,240,450
2024-04-26 12:00:00,2344.785,2351.428,2328.605,2336.615,240,437
2024-04-26 16:00:00,2336.595,2341.275,2332.565,2339.915,240,411
2024-04-26 20:00:00,2339.915,2340.045,2336.298,2337.245,60,378
2024-04-28 20:00:00,2336.065,2337.095,2332.405,2335.845,120,689
2024-04-29 00:00:00,2335.775,2336.145,2319.728,2328.338,240,362
2024-04-29 04:00:00,2328.338,2337.805,2327.255,2337.165,240,361
2024-04-29 08:00:00,2337.065,2344.285,2335.295,2336.955,240,397
2024-04-29 12:00:00,2336.965,2339.358,2325.455,2337.695,240,412
2024-04-29 16:00:00,2337.735,2346.585,2332.895,2335.615,240,386
2024-04-29 20:00:00,2335.605,2337.005,2332.705,2333.025,180,422
2024-04-30 00:00:00,2333.005,2336.055,2326.745,2329.054,240,386
2024-04-30 04:00:00,2329.045,2329.385,2315.215,2317.445,240,362
2024-04-30 08:00:00,2317.455,2318.375,2309.435,2312.625,240,366
2024-04-30 12:00:00,2312.605,2313.355,2293.018,2295.835,240,398
2024-04-30 16:00:00,2295.845,2299.235,2289.205,2290.655,240,357
2024-04-30 20:00:00,2290.625,2293.405,2284.975,2291.265,180,363
2024-05-01 00:00:00,2291.185,2292.765,2282.745,2284.075,240,367
2024-05-01 04:00:00,2284.025,2289.695,2281.515,2285.725,240,353
2024-05-01 08:00:00,2285.725,2296.975,2283.695,2294.445,240,414
2024-05-01 12:00:00,2294.445,2310.325,2294.028,2307.128,240,412
2024-05-01 16:00:00,2307.215,2328.225,2295.445,2309.675,240,423
2024-05-01 20:00:00,2309.795,2324.685,2306.948,2323.638,180,421
2024-05-02 00:00:00,2323.678,2326.325,2317.205,2319.395,240,370
2024-05-02 04:00:00,2319.475,2320.875,2308.025,2309.115,240,362
2024-05-02 08:00:00,2309.225,2310.915,2295.065,2298.878,240,391
2024-05-02 12:00:00,2298.824,2306.825,2285.358,2299.773,240,445
2024-05-02 16:00:00,2299.805,2309.335,2297.805,2302.795,240,384
2024-05-02 20:00:00,2302.748,2305.545,2300.535,2304.115,180,425
2024-05-03 00:00:00,2304.115,2306.208,2299.725,2302.345,240,445
2024-05-03 04:00:00,2302.365,2308.615,2297.675,2299.078,240,410
2024-05-03 08:00:00,2299.105,2303.055,2296.265,2298.215,240,352
2024-05-03 12:00:00,2298.195,2320.548,2277.165,2293.598,240,498
2024-05-03 16:00:00,2293.608,2302.985,2292.735,2301.268,240,429
2024-05-03 20:00:00,2301.255,2303.235,2300.545,2301.175,60,419
2024-05-05 20:00:00,2304.655,2305.855,2293.185,2293.875,120,673
2024-05-06 00:00:00,2293.875,2315.215,2291.645,2309.215,240,492
2024-05-06 04:00:00,2309.215,2324.045,2308.015,2322.645,240,388
2024-05-06 08:00:00,2322.645,2322.965,2315.485,2318.165,240,468
2024-05-06 12:00:00,2318.145,2331.988,2314.485,2324.665,240,363
2024-05-06 16:00:00,2324.655,2327.278,2317.565,2324.915,240,415
2024-05-06 20:00:00,2324.874,2328.795,2322.095,2325.935,180,391
2024-05-07 00:00:00,2325.975,2329.788,2319.568,2324.775,240,390
2024-05-07 04:00:00,2324.795,2324.925,2317.635,2319.195,240,404
2024-05-07 08:00:00,2319.185,2319.755,2311.608,2312.245,240,449
2024-05-07 12:00:00,2312.215,2323.528,2309.818,2314.655,240,417
2024-05-07 16:00:00,2314.685,2317.295,2310.955,2314.555,240,426
2024-05-07 20:00:00,2314.555,2316.715,2312.628,2315.105,179,421
2024-05-08 00:00:00,2315.125,2318.045,2306.875,2316.925,240,390
2024-05-08 04:00:00,2316.975,2321.345,2305.115,2305.505,240,405
2024-05-08 08:00:00,2305.505,2317.938,2303.555,2314.595,240,364
2024-05-08 12:00:00,2314.575,2320.265,2306.685,2320.265,240,371
2024-05-08 16:00:00,2320.265,2320.945,2307.855,2308.005,240,399
2024-05-08 20:00:00,2308.125,2310.815,2307.755,2308.695,180,376
2024-05-09 00:00:00,2308.795,2312.948,2307.738,2312.235,240,403
2024-05-09 04:00:00,2312.065,2319.638,2307.555,2309.215,240,385
2024-05-09 08:00:00,2309.205,2316.524,2306.615,2315.818,240,364
2024-05-09 12:00:00,2315.778,2338.665,2311.968,2330.275,240,413
2024-05-09 16:00:00,2330.315,2343.975,2329.075,2343.675,240,416
2024-05-09 20:00:00,2343.654,2348.245,2342.965,2346.404,180,401
2024-05-10 00:00:00,2346.495,2355.674,2345.865,2353.255,240,396
2024-05-10 04:00:00,2353.285,2370.225,2351.115,2366.535,240,375
2024-05-10 08:00:00,2366.535,2378.365,2365.725,2372.075,240,400
2024-05-10 12:00:00,2371.995,2375.648,2356.495,2364.755,240,412
2024-05-10 16:00:00,2364.755,2370.815,2361.585,2363.295,240,397
2024-05-10 20:00:00,2363.315,2364.945,2359.605,2360.175,60,332
2024-05-12 20:00:00,2362.895,2363.995,2359.625,2360.278,120,723
2024-05-13 00:00:00,2360.325,2364.355,2354.715,2356.958,240,361
2024-05-13 04:00:00,2356.925,2356.925,2346.395,2348.518,240,377
2024-05-13 08:00:00,2348.518,2350.258,2338.325,2344.475,240,358
2024-05-13 12:00:00,2344.364,2349.678,2331.985,2335.778,240,372
2024-05-13 16:00:00,2335.765,2338.408,2334.385,2337.248,240,415
2024-05-13 20:00:00,2337.248,2339.195,2334.935,2338.275,179,314
2024-05-14 00:00:00,2338.275,2344.385,2334.695,2343.008,240,383
2024-05-14 04:00:00,2342.975,2345.798,2335.985,2339.085,240,370
2024-05-14 08:00:00,2339.135,2348.108,2337.695,2343.415,240,361
2024-05-14 12:00:00,2343.415,2356.935,2336.395,2347.848,240,394
2024-05-14 16:00:00,2347.838,2359.558,2346.205,2356.505,240,379
2024-05-14 20:00:00,2356.585,2358.378,2354.975,2355.695,180,335
2024-05-15 00:00:00,2355.695,2360.895,2354.774,2360.238,240,384
2024-05-15 04:00:00,2360.238,2364.838,2355.575,2362.315,240,398
2024-05-15 08:00:00,2362.315,2374.175,2361.915,2362.668,240,436
2024-05-15 12:00:00,2362.625,2385.665,2351.735,2377.488,240,572
2024-05-15 16:00:00,2377.518,2390.188,2376.975,2386.305,240,384
2024-05-15 20:00:00,2386.295,2391.815,2385.065,2391.715,180,375
2024-05-16 00:00:00,2391.755,2397.275,2386.415,2388.595,240,398
2024-05-16 04:00:00,2388.595,2394.388,2384.545,2389.205,240,397
2024-05-16 08:00:00,2389.185,2391.255,2380.805,2384.508,240,377
2024-05-16 12:00:00,2384.485,2386.125,2370.845,2381.428,240,399
2024-05-16 16:00:00,2381.415,2383.645,2377.704,2378.045,240,404
2024-05-16 20:00:00,2378.085,2379.585,2375.788,2377.705,179,361
2024-05-17 00:00:00,2377.785,2381.095,2373.788,2377.755,240,404
2024-05-17 04:00:00,2377.765,2387.668,2376.515,2383.748,240,380
2024-05-17 08:00:00,2383.748,2390.028,2381.185,2389.685,240,369
2024-05-17 12:00:00,2389.685,2418.988,2386.755,2407.615,240,391
2024-05-17 16:00:00,2407.675,2419.055,2405.625,2416.358,240,358
2024-05-17 20:00:00,2416.365,2422.575,2413.298,2414.525,60,361
2024-05-19 20:00:00,2417.098,2425.195,2416.715,2420.185,120,777
2024-05-20 00:00:00,2420.185,2440.465,2416.415,2437.518,240,412
2024-05-20 04:00:00,2437.488,2449.985,2431.848,2442.108,240,501
2024-05-20 08:00:00,2442.075,2447.015,2427.525,2430.495,240,387
2024-05-20 12:00:00,2430.435,2430.695,2407.145,2424.808,240,383
2024-05-20 16:00:00,2424.768,2437.205,2422.365,2426.648,240,399
2024-05-20 20:00:00,2426.825,2430.435,2423.195,2426.105,180,392
2024-05-21 00:00:00,2426.115,2432.955,2406.158,2413.665,240,419
2024-05-21 04:00:00,2413.645,2422.075,2408.484,2419.185,240,412
2024-05-21 08:00:00,2419.235,2423.628,2412.058,2423.325,240,389
2024-05-21 12:00:00,2423.325,2433.838,2419.915,2423.275,240,413
2024-05-21 16:00:00,2423.255,2424.928,2417.238,2423.228,240,389
2024-05-21 20:00:00,2423.225,2423.338,2420.258,2421.494,179,343
2024-05-22 00:00:00,2421.564,2426.344,2412.224,2413.904,240,595
2024-05-22 04:00:00,2413.914,2418.314,2411.214,2417.024,240,599
2024-05-22 08:00:00,2417.034,2419.195,2404.648,2408.665,240,554
2024-05-22 12:00:00,2408.645,2414.968,2382.105,2391.918,240,414
2024-05-22 16:00:00,2391.895,2394.915,2374.855,2379.108,240,409
2024-05-22 20:00:00,2379.058,2382.635,2377.315,2382.105,178,417
2024-05-23 00:00:00,2382.115,2383.605,2366.628,2372.365,240,405
2024-05-23 04:00:00,2372.315,2373.808,2354.855,2355.955,240,391
2024-05-23 08:00:00,2355.955,2369.315,2355.005,2367.945,240,426
2024-05-23 12:00:00,2367.908,2369.705,2340.175,2346.018,240,403
2024-05-23 16:00:00,2346.048,2350.055,2330.845,2331.418,240,402
2024-05-23 20:00:00,2331.395,2333.515,2326.848,2331.908,180,369
2024-05-24 00:00:00,2331.908,2335.058,2325.265,2330.495,240,392
2024-05-24 04:00:00,2330.495,2340.495,2330.355,2337.618,240,403
2024-05-24 08:00:00,2337.608,2343.735,2335.975,2338.108,240,367
2024-05-24 12:00:00,2338.108,2347.325,2332.255,2334.475,240,428
2024-05-24 16:00:00,2334.495,2336.868,2331.765,2333.658,240,361
2024-05-24 20:00:00,2333.815,2335.028,2333.075,2333.405,60,351
2024-05-26 20:00:00,2336.365,2340.588,2332.125,2337.105,120,728
2024-05-27 00:00:00,2337.135,2347.485,2334.328,2345.905,240,390
2024-05-27 04:00:00,2345.885,2345.948,2337.975,2338.458,240,401
2024-05-27 08:00:00,2338.555,2346.085,2338.055,2344.975,240,422
2024-05-27 12:00:00,2344.975,2358.388,2343.575,2352.328,240,424
2024-05-27 16:00:00,2352.285,2355.445,2350.498,2350.754,149,409
2024-05-27 20:00:00,2351.098,2353.765,2350.945,2352.365,120,768
2024-05-28 00:00:00,2352.365,2356.228,2349.015,2350.788,240,396
2024-05-28 04:00:00,2350.745,2353.625,2341.235,2343.975,240,393
2024-05-28 08:00:00,2343.935,2348.348,2340.155,2347.348,240,389
2024-05-28 12:00:00,2347.294,2363.975,2345.815,2360.188,240,375
2024-05-28 16:00:00,2360.155,2362.105,2352.685,2358.108,240,381
2024-05-28 20:00:00,2358.055,2362.105,2357.705,2359.685,180,377
2024-05-29 00:00:00,2359.495,2360.915,2354.288,2358.045,240,391
2024-05-29 04:00:00,2358.075,2361.275,2349.925,2350.425,240,403
2024-05-29 08:00:00,2350.405,2351.715,2338.435,2341.585,240,379
2024-05-29 12:00:00,2341.495,2347.065,2334.438,2339.048,240,394
2024-05-29 16:00:00,2339.038,2344.198,2335.895,2336.648,240,382
2024-05-29 20:00:00,2336.675,2339.105,2335.785,2338.285,180,383
2024-05-30 00:00:00,2338.235,2339.758,2327.885,2334.268,240,409
2024-05-30 04:00:00,2334.255,2337.588,2322.458,2334.255,240,403
2024-05-30 08:00:00,2334.355,2340.795,2330.455,2335.748,240,393
2024-05-30 12:00:00,2335.745,2351.698,2331.895,2343.738,240,424
2024-05-30 16:00:00,2343.738,2348.755,2339.795,2341.428,240,381
2024-05-30 20:00:00,2341.425,2346.275,2341.335,2343.864,180,377
2024-05-31 00:00:00,2343.865,2347.608,2336.845,2343.595,240,420
2024-05-31 04:00:00,2343.595,2346.945,2339.825,2340.295,240,405
2024-05-31 08:00:00,2340.315,2344.785,2339.615,2343.725,240,382
2024-05-31 12:00:00,2343.705,2359.598,2327.625,2329.978,240,412
2024-05-31 16:00:00,2329.925,2336.618,2320.395,2327.588,240,369
2024-05-31 20:00:00,2327.525,2330.495,2326.915,2326.995,60,350
2024-06-02 20:00:00,2327.425,2329.315,2323.205,2325.748,120,632
2024-06-03 00:00:00,2325.795,2331.005,2320.785,2321.285,240,409
2024-06-03 04:00:00,2321.335,2328.755,2314.635,2325.845,240,404
2024-06-03 08:00:00,2325.845,2333.128,2324.308,2329.868,240,392
2024-06-03 12:00:00,2329.868,2345.575,2325.535,2342.675,240,417
2024-06-03 16:00:00,2342.675,2354.565,2341.235,2347.588,240,391
2024-06-03 20:00:00,2347.555,2352.005,2346.865,2350.488,180,363
2024-06-04 00:00:00,2350.485,2352.645,2343.068,2345.578,240,424
2024-06-04 04:00:00,2345.578,2351.675,2339.008,2339.585,240,413
2024-06-04 08:00:00,2339.605,2339.625,2325.4,2327.865,240,378
2024-06-04 12:00:00,2327.865,2337.925,2315.508,2325.968,240,417
2024-06-04 16:00:00,2325.955,2330.198,2322.395,2327.128,240,414
2024-06-04 20:00:00,2327.115,2328.788,2325.918,2328.668,180,356
2024-06-05 00:00:00,2328.678,2337.748,2325.785,2337.048,240,415
2024-06-05 04:00:00,2337.048,2341.535,2327.945,2331.485,240,418
2024-06-05 08:00:00,2331.465,2335.434,2329.348,2332.435,240,403
2024-06-05 12:00:00,2332.435,2357.278,2332.078,2353.575,240,392
2024-06-05 16:00:00,2353.615,2356.628,2351.238,2353.928,240,394
2024-06-05 20:00:00,2353.958,2357.785,2352.778,2354.935,180,364
2024-06-06 00:00:00,2354.935,2374.805,2354.408,2368.328,240,429
2024-06-06 04:00:00,2368.328,2371.268,2362.045,2362.785,240,428
2024-06-06 08:00:00,2362.755,2363.778,2358.395,2359.705,240,415
2024-06-06 12:00:00,2359.665,2378.408,2353.305,2374.128,240,438
2024-06-06 16:00:00,2374.128,2376.805,2368.895,2372.428,240,369
2024-06-06 20:00:00,2372.425,2378.015,2372.258,2376.718,180,339
2024-06-07 00:00:00,2376.675,2381.845,2369.278,2380.085,240,423
2024-06-07 04:00:00,2380.025,2387.595,2372.738,2373.445,240,413
2024-06-07 08:00:00,2373.415,2373.765,2330.965,2336.485,240,439
2024-06-07 12:00:00,2336.468,2339.255,2304.415,2304.918,240,515
2024-06-07 16:00:00,2304.905,2314.445,2287.528,2288.195,240,412
2024-06-07 20:00:00,2288.115,2294.205,2286.628,2293.415,60,381
2024-06-09 20:00:00,2294.415,2300.038,2288.755,2298.328,120,694
2024-06-10 00:00:00,2298.315,2301.128,2293.835,2295.178,240,424
2024-06-10 04:00:00,2295.178,2297.165,2287.665,2296.405,240,415
2024-06-10 08:00:00,2296.405,2305.175,2291.705,2304.975,240,408
2024-06-10 12:00:00,2304.975,2308.605,2300.235,2307.228,240,377
2024-06-10 16:00:00,2307.525,2313.655,2306.855,2308.638,240,381
2024-06-10 20:00:00,2308.645,2312.385,2308.395,2309.798,180,381
2024-06-11 00:00:00,2309.825,2311.835,2298.625,2303.528,240,393
2024-06-11 04:00:00,2303.515,2305.325,2297.595,2304.425,240,399
2024-06-11 08:00:00,2304.445,2308.738,2301.425,2307.545,240,385
2024-06-11 12:00:00,2307.515,2319.865,2307.505,2310.018,240,377
2024-06-11 16:00:00,2310.018,2315.605,2305.795,2315.218,240,374
2024-06-11 20:00:00,2315.248,2317.508,2313.835,2315.008,180,384
2024-06-12 00:00:00,2315.055,2316.625,2310.584,2313.915,240,412
2024-06-12 04:00:00,2313.915,2317.645,2311.025,2314.445,240,406
2024-06-12 08:00:00,2314.445,2315.628,2310.665,2312.828,240,380
2024-06-12 12:00:00,2312.745,2341.495,2311.465,2335.475,240,484
2024-06-12 16:00:00,2335.475,2339.408,2315.755,2321.215,240,451
2024-06-12 20:00:00,2321.235,2325.398,2320.145,2320.448,180,426
2024-06-13 00:00:00,2320.445,2322.815,2307.985,2314.138,240,400
2024-06-13 04:00:00,2314.085,2318.525,2308.855,2316.905,240,415
2024-06-13 08:00:00,2317.005,2319.855,2303.845,2306.948,240,374
2024-06-13 12:00:00,2306.935,2326.495,2297.645,2298.858,240,453
2024-06-13 16:00:00,2298.795,2304.865,2295.395,2303.328,240,411
2024-06-13 20:00:00,2303.305,2304.238,2301.648,2302.208,180,405
2024-06-14 00:00:00,2302.145,2308.575,2301.415,2305.358,240,443
2024-06-14 04:00:00,2305.338,2316.548,2303.385,2315.215,240,417
2024-06-14 08:00:00,2315.215,2336.575,2314.675,2331.885,240,400
2024-06-14 12:00:00,2331.885,2335.358,2323.945,2325.985,240,430
2024-06-14 16:00:00,2326.055,2335.455,2325.325,2332.348,240,387
2024-06-14 20:00:00,2332.294,2332.898,2330.888,2332.184,60,367
2024-06-16 20:00:00,2331.098,2332.488,2327.228,2328.748,120,581
2024-06-17 00:00:00,2328.748,2328.815,2321.375,2324.268,240,466
2024-06-17 04:00:00,2324.255,2326.128,2315.365,2316.848,240,405
2024-06-17 08:00:00,2316.835,2322.535,2316.318,2318.078,240,387
2024-06-17 12:00:00,2318.055,2327.495,2309.895,2312.455,240,467
2024-06-17 16:00:00,2312.455,2320.475,2312.455,2320.075,240,373
2024-06-17 20:00:00,2320.068,2321.088,2318.098,2320.545,180,349
2024-06-18 00:00:00,2320.545,2325.535,2319.108,2324.348,240,395
2024-06-18 04:00:00,2324.338,2324.688,2314.865,2315.398,240,403
2024-06-18 08:00:00,2315.364,2315.364,2306.465,2313.275,240,379
2024-06-18 12:00:00,2313.275,2329.685,2311.355,2326.758,240,419
2024-06-18 16:00:00,2326.768,2333.008,2326.365,2329.158,240,386
2024-06-18 20:00:00,2329.215,2330.485,2327.308,2328.195,180,398
2024-06-19 00:00:00,2328.215,2331.635,2326.348,2328.145,240,414
2024-06-19 04:00:00,2328.145,2332.555,2326.675,2331.725,240,421
2024-06-19 08:00:00,2331.725,2334.868,2325.715,2330.325,240,398
2024-06-19 12:00:00,2330.335,2332.835,2323.984,2329.678,240,375
2024-06-19 16:00:00,2329.698,2331.278,2327.425,2327.695,150,375
2024-06-19 20:00:00,2327.865,2330.515,2327.865,2329.265,118,856
2024-06-20 00:00:00,2329.285,2338.878,2327.628,2333.805,240,415
2024-06-20 04:00:00,2333.825,2345.555,2333.645,2338.498,240,405
2024-06-20 08:00:00,2338.485,2341.268,2331.475,2339.205,240,378
2024-06-20 12:00:00,2339.198,2365.375,2335.205,2353.595,240,428
2024-06-20 16:00:00,2353.585,2360.968,2352.705,2358.828,240,376
2024-06-20 20:00:00,2358.858,2360.965,2357.978,2360.715,180,374
2024-06-21 00:00:00,2360.728,2364.685,2356.998,2362.018,240,409
2024-06-21 04:00:00,2362.035,2365.485,2354.995,2362.835,240,412
2024-06-21 08:00:00,2362.835,2368.558,2361.178,2366.158,240,385
2024-06-21 12:00:00,2366.125,2367.978,2323.165,2327.828,240,386
2024-06-21 16:00:00,2327.828,2329.195,2316.588,2322.068,240,377
2024-06-21 20:00:00,2322.038,2322.578,2320.685,2321.755,60,349
2024-06-23 20:00:00,2322.775,2322.775,2317.575,2319.085,120,823
2024-06-24 00:00:00,2318.995,2326.578,2317.818,2325.335,240,409
2024-06-24 04:00:00,2325.365,2331.688,2321.215,2330.678,240,390
2024-06-24 08:00:00,2330.645,2332.688,2320.625,2326.098,240,391
2024-06-24 12:00:00,2326.095,2333.765,2323.205,2327.528,240,379
2024-06-24 16:00:00,2327.508,2334.588,2326.758,2331.578,240,364
2024-06-24 20:00:00,2331.675,2334.595,2330.105,2330.755,180,331
2024-06-25 00:00:00,2330.815,2330.835,2323.035,2323.985,240,410
2024-06-25 04:00:00,2323.985,2330.018,2322.608,2324.745,240,415
2024-06-25 08:00:00,2324.695,2337.018,2322.785,2329.975,240,395
2024-06-25 12:00:00,2329.965,2330.345,2315.455,2324.585,240,426
2024-06-25 16:00:00,2324.645,2324.935,2315.405,2319.698,240,394
2024-06-25 20:00:00,2319.698,2321.215,2317.885,2319.898,180,399
2024-06-26 00:00:00,2319.845,2323.738,2310.455,2317.125,240,410
2024-06-26 04:00:00,2317.115,2318.105,2309.608,2315.985,240,388
2024-06-26 08:00:00,2315.985,2318.285,2304.265,2312.918,240,384
2024-06-26 12:00:00,2312.925,2317.728,2293.464,2299.938,240,392
2024-06-26 16:00:00,2299.895,2302.928,2296.835,2298.575,240,386
2024-06-26 20:00:00,2298.665,2299.148,2296.615,2298.258,180,359
2024-06-27 00:00:00,2298.288,2300.025,2296.635,2298.858,240,399
2024-06-27 04:00:00,2298.835,2303.335,2296.425,2302.215,240,400
2024-06-27 08:00:00,2302.205,2317.758,2301.935,2316.928,240,371
2024-06-27 12:00:00,2316.928,2330.825,2315.985,2327.365,240,424
2024-06-27 16:00:00,2327.378,2328.198,2322.355,2325.968,240,371
2024-06-27 20:00:00,2325.955,2328.445,2325.395,2327.588,179,365
2024-06-28 00:00:00,2327.618,2328.185,2318.905,2321.638,240,384
2024-06-28 04:00:00,2321.635,2328.748,2319.645,2327.078,240,399
2024-06-28 08:00:00,2327.145,2337.068,2326.355,2333.798,240,378
2024-06-28 12:00:00,2333.798,2339.635,2322.745,2328.475,240,408
2024-06-28 16:00:00,2328.515,2332.618,2322.918,2324.938,240,407
2024-06-28 20:00:00,2324.928,2326.675,2322.735,2326.275,60,357
2024-06-30 20:00:00,2326.315,2326.775,2322.505,2324.825,120,1240
2024-07-01 00:00:00,2324.815,2328.425,2322.065,2324.608,240,435
2024-07-01 04:00:00,2324.578,2328.865,2318.395,2323.638,240,421
2024-07-01 08:00:00,2323.514,2338.118,2321.775,2338.065,240,382
2024-07-01 12:00:00,2338.115,2338.388,2319.125,2327.698,240,384
2024-07-01 16:00:00,2327.728,2331.768,2326.575,2330.908,240,375
2024-07-01 20:00:00,2330.955,2332.595,2330.775,2332.138,180,340
2024-07-02 00:00:00,2332.095,2334.208,2325.628,2325.888,240,427
2024-07-02 04:00:00,2325.898,2331.645,2323.198,2330.688,240,393
2024-07-02 08:00:00,2330.688,2332.325,2319.895,2320.585,240,383
2024-07-02 12:00:00,2320.675,2336.668,2318.945,2324.618,240,371
2024-07-02 16:00:00,2324.638,2331.318,2320.818,2330.778,240,366
2024-07-02 20:00:00,2330.785,2331.308,2328.625,2330.138,180,325
2024-07-03 00:00:00,2330.115,2332.378,2326.685,2331.598,240,407
2024-07-03 04:00:00,2331.598,2347.074,2331.598,2345.275,240,407
2024-07-03 08:00:00,2345.225,2349.418,2342.015,2345.308,240,379
2024-07-03 12:00:00,2345.305,2364.795,2344.815,2362.945,240,419
2024-07-03 16:00:00,2362.945,2363.055,2353.585,2354.218,240,384
2024-07-03 20:00:00,2354.218,2359.455,2354.115,2358.675,180,395
2024-07-04 00:00:00,2358.725,2362.385,2356.365,2357.965,240,440
2024-07-04 04:00:00,2357.965,2359.485,2350.364,2357.445,240,396
2024-07-04 08:00:00,2357.435,2359.888,2355.415,2358.368,240,387
2024-07-04 12:00:00,2358.365,2361.758,2355.355,2357.318,240,375
2024-07-04 16:00:00,2357.305,2359.028,2356.035,2356.555,147,402
2024-07-04 20:00:00,2356.615,2357.605,2354.115,2356.655,120,678
2024-07-05 00:00:00,2356.655,2363.018,2355.908,2361.655,240,409
2024-07-05 04:00:00,2361.655,2367.345,2361.238,2365.115,240,397
2024-07-05 08:00:00,2365.115,2367.955,2361.715,2365.725,240,385
2024-07-05 12:00:00,2365.725,2388.308,2347.515,2384.595,240,413
2024-07-05 16:00:00,2384.615,2392.815,2383.845,2388.668,240,372
2024-07-05 20:00:00,2388.668,2391.518,2388.125,2390.705,60,352
2024-07-07 20:00:00,2385.498,2390.008,2384.625,2385.938,120,602
2024-07-08 00:00:00,2385.915,2390.935,2380.535,2382.805,240,417
2024-07-08 04:00:00,2382.835,2386.645,2376.538,2377.778,240,401
2024-07-08 08:00:00,2377.755,2378.695,2368.175,2375.238,240,391
2024-07-08 12:00:00,2375.248,2379.405,2350.945,2355.385,240,376
2024-07-08 16:00:00,2355.385,2359.748,2350.915,2359.105,240,394
2024-07-08 20:00:00,2359.125,2361.955,2357.908,2361.655,180,338
2024-07-09 00:00:00,2361.645,2367.825,2360.378,2367.548,240,406
2024-07-09 04:00:00,2367.568,2368.658,2358.265,2358.875,240,400
2024-07-09 08:00:00,2358.875,2365.515,2357.455,2360.498,240,377
2024-07-09 12:00:00,2360.498,2371.358,2349.455,2361.958,240,381
2024-07-09 16:00:00,2361.958,2365.535,2356.425,2363.448,240,400
2024-07-09 20:00:00,2363.408,2365.955,2362.091,2364.918,180,359
2024-07-10 00:00:00,2364.828,2370.165,2363.168,2368.065,240,420
2024-07-10 04:00:00,2368.068,2374.885,2366.505,2372.525,240,411
2024-07-10 08:00:00,2372.528,2378.238,2371.358,2378.218,240,383
2024-07-10 12:00:00,2378.235,2386.548,2373.848,2378.728,240,373
2024-07-10 16:00:00,2378.728,2381.238,2369.785,2371.708,240,397
2024-07-10 20:00:00,2371.678,2372.775,2370.235,2372.694,180,387
2024-07-11 00:00:00,2372.708,2380.108,2371.375,2378.648,240,425
2024-07-11 04:00:00,2378.638,2383.125,2378.375,2379.828,240,395
2024-07-11 08:00:00,2379.795,2384.465,2378.945,2380.705,240,383
2024-07-11 12:00:00,2380.695,2424.395,2377.668,2417.268,240,547
2024-07-11 16:00:00,2417.278,2419.128,2409.865,2414.018,240,364
2024-07-11 20:00:00,2413.975,2415.995,2410.995,2415.875,180,363
2024-07-12 00:00:00,2415.875,2416.165,2406.558,2408.658,240,427
2024-07-12 04:00:00,2408.638,2409.965,2400.165,2404.055,240,424
2024-07-12 08:00:00,2404.045,2408.148,2398.195,2401.645,240,376
2024-07-12 12:00:00,2401.675,2413.635,2391.325,2411.618,240,410
2024-07-12 16:00:00,2411.595,2418.128,2411.595,2412.738,240,374
2024-07-12 20:00:00,2412.695,2412.695,2410.534,2410.534,60,359
2024-07-14 20:00:00,2412.455,2414.855,2405.525,2408.545,120,627
2024-07-15 00:00:00,2408.575,2411.848,2404.815,2411.508,240,436
2024-07-15 04:00:00,2411.465,2413.815,2401.225,2407.825,240,416
2024-07-15 08:00:00,2407.805,2420.178,2406.835,2418.115,240,408
2024-07-15 12:00:00,2418.155,2437.355,2411.385,2433.198,240,438
2024-07-15 16:00:00,2433.164,2439.628,2419.665,2421.008,240,375
2024-07-15 20:00:00,2420.985,2422.618,2420.575,2422.435,180,377
2024-07-16 00:00:00,2422.435,2431.368,2419.835,2428.518,240,404
2024-07-16 04:00:00,2428.495,2439.205,2424.955,2436.845,240,425
2024-07-16 08:00:00,2436.875,2443.345,2433.488,2439.445,240,396
2024-07-16 12:00:00,2439.425,2465.128,2429.285,2463.048,240,391
2024-07-16 16:00:00,2463.048,2468.588,2457.754,2468.488,240,391
2024-07-16 20:00:00,2468.505,2469.865,2466.135,2468.175,180,356
2024-07-17 00:00:00,2468.148,2482.325,2463.878,2471.615,240,429
2024-07-17 04:00:00,2471.645,2474.275,2461.718,2474.115,240,405
2024-07-17 08:00:00,2474.095,2478.755,2466.578,2469.988,240,390
2024-07-17 12:00:00,2469.988,2483.548,2457.925,2463.375,240,412
2024-07-17 16:00:00,2463.385,2464.918,2451.425,2457.928,240,374
2024-07-17 20:00:00,2457.928,2461.728,2457.178,2461.215,180,353
2024-07-18 00:00:00,2461.215,2468.775,2457.225,2467.928,240,420
2024-07-18 04:00:00,2467.928,2474.805,2464.475,2471.825,240,410
2024-07-18 08:00:00,2471.815,2473.595,2461.415,2464.388,240,411
2024-07-18 12:00:00,2464.365,2469.775,2457.495,2461.208,240,387
2024-07-18 16:00:00,2461.208,2461.948,2440.195,2442.865,240,369
2024-07-18 20:00:00,2442.935,2445.705,2441.148,2441.148,180,370
2024-07-19 00:00:00,2441.148,2441.218,2420.315,2428.578,240,416
2024-07-19 04:00:00,2428.585,2429.175,2412.748,2418.065,240,431
2024-07-19 08:00:00,2418.065,2421.525,2408.375,2409.905,240,411
2024-07-19 12:00:00,2409.925,2410.095,2393.675,2405.275,240,379
2024-07-19 16:00:00,2405.275,2405.865,2395.515,2398.548,240,369
2024-07-19 20:00:00,2398.625,2401.365,2397.655,2400.485,60,353
2024-07-21 20:00:00,2401.298,2411.815,2400.875,2411.435,120,630
2024-07-22 00:00:00,2411.435,2412.035,2403.145,2406.628,240,446
2024-07-22 04:00:00,2406.625,2407.175,2398.825,2402.408,240,429
2024-07-22 08:00:00,2402.455,2408.268,2397.938,2397.958,240,394
2024-07-22 12:00:00,2397.935,2400.005,2383.715,2386.168,240,394
2024-07-22 16:00:00,2386.145,2399.998,2385.975,2398.978,240,382
2024-07-22 20:00:00,2398.885,2399.388,2394.675,2395.565,180,372
2024-07-23 00:00:00,2395.555,2403.875,2395.385,2398.185,240,418
2024-07-23 04:00:00,2398.185,2399.465,2388.135,2397.745,240,410
2024-07-23 08:00:00,2397.775,2411.908,2396.215,2407.458,240,402
2024-07-23 12:00:00,2407.455,2409.135,2399.425,2405.338,240,401
2024-07-23 16:00:00,2405.308,2408.945,2402.518,2407.498,240,392
2024-07-23 20:00:00,2407.498,2409.885,2405.268,2408.408,180,337
2024-07-24 00:00:00,2408.408,2418.228,2404.795,2416.375,240,410
2024-07-24 04:00:00,2416.375,2419.105,2411.505,2414.475,240,417
2024-07-24 08:00:00,2414.454,2417.658,2409.665,2417.345,240,386
2024-07-24 12:00:00,2417.378,2431.945,2413.555,2424.668,240,416
2024-07-24 16:00:00,2424.655,2424.798,2398.268,2398.348,240,366
2024-07-24 20:00:00,2398.405,2401.045,2392.895,2398.595,180,360
2024-07-25 00:00:00,2398.645,2399.935,2366.625,2374.598,240,393
2024-07-25 04:00:00,2374.598,2378.605,2365.725,2373.898,240,425
2024-07-25 08:00:00,2373.865,2382.485,2367.935,2368.415,240,414
2024-07-25 12:00:00,2368.435,2376.925,2357.918,2362.998,240,494
2024-07-25 16:00:00,2362.985,2365.425,2353.005,2362.438,240,396
2024-07-25 20:00:00,2362.415,2365.295,2359.255,2363.635,180,372
2024-07-26 00:00:00,2363.685,2379.265,2355.728,2371.605,240,424
2024-07-26 04:00:00,2371.625,2375.145,2365.098,2371.375,240,406
2024-07-26 08:00:00,2371.485,2375.635,2369.235,2373.105,240,381
2024-07-26 12:00:00,2373.105,2390.655,2370.898,2385.048,240,441
2024-07-26 16:00:00,2385.098,2390.228,2381.015,2386.205,240,381
2024-07-26 20:00:00,2386.345,2388.658,2385.315,2386.765,60,386
2024-07-28 20:00:00,2387.645,2402.995,2387.115,2396.875,120,791
2024-07-29 00:00:00,2396.935,2402.395,2388.528,2394.445,240,409
2024-07-29 04:00:00,2394.445,2396.108,2389.355,2391.468,240,418
2024-07-29 08:00:00,2391.468,2395.275,2386.738,2387.645,240,378
2024-07-29 12:00:00,2387.655,2396.585,2369.518,2376.698,240,403
2024-07-29 16:00:00,2376.815,2385.305,2374.405,2382.998,240,383
2024-07-29 20:00:00,2382.924,2384.825,2380.775,2380.988,180,361
2024-07-30 00:00:00,2381.095,2385.878,2376.358,2385.638,240,401
2024-07-30 04:00:00,2385.668,2391.915,2385.565,2390.218,240,421
2024-07-30 08:00:00,2390.168,2392.295,2386.835,2386.938,240,384
2024-07-30 12:00:00,2387.035,2397.648,2383.265,2385.205,240,391
2024-07-30 16:00:00,2385.235,2410.798,2384.915,2406.978,240,374
2024-07-30 20:00:00,2406.905,2412.705,2406.884,2409.675,180,355
2024-07-31 00:00:00,2409.715,2418.895,2403.765,2416.325,240,413
2024-07-31 04:00:00,2416.305,2425.355,2414.285,2417.015,240,446
2024-07-31 08:00:00,2417.015,2423.118,2415.315,2419.445,240,410
2024-07-31 12:00:00,2419.465,2428.918,2417.225,2423.008,240,413
2024-07-31 16:00:00,2422.945,2450.745,2421.394,2449.748,240,372
2024-07-31 20:00:00,2449.714,2450.848,2444.128,2445.638,180,411
2024-08-01 00:00:00,2445.615,2458.295,2437.218,2442.598,240,437
2024-08-01 04:00:00,2442.585,2448.748,2439.828,2440.185,240,436
2024-08-01 08:00:00,2440.118,2442.875,2430.075,2440.658,240,409
2024-08-01 12:00:00,2440.675,2462.125,2440.175,2445.095,240,398
2024-08-01 16:00:00,2445.075,2448.635,2434.828,2443.035,240,394
2024-08-01 20:00:00,2443.075,2447.468,2441.738,2445.705,180,346
2024-08-02 00:00:00,2445.705,2459.335,2434.815,2454.375,240,426
2024-08-02 04:00:00,2454.375,2468.285,2454.108,2461.485,240,441
2024-08-02 08:00:00,2461.505,2465.225,2457.485,2459.095,240,390
2024-08-02 12:00:00,2459.068,2477.494,2410.664,2433.075,240,488
2024-08-02 16:00:00,2433.075,2439.124,2422.898,2437.448,240,393
2024-08-02 20:00:00,2437.448,2443.815,2435.488,2443.055,60,421
2024-08-04 20:00:00,2443.975,2447.345,2437.574,2440.865,120,910
2024-08-05 00:00:00,2440.865,2452.395,2413.908,2450.835,240,423
2024-08-05 04:00:00,2450.835,2458.655,2422.025,2431.794,240,493
2024-08-05 08:00:00,2431.815,2434.335,2383.105,2386.675,240,440
2024-08-05 12:00:00,2386.625,2412.074,2364.164,2402.678,240,433
2024-08-05 16:00:00,2402.655,2412.995,2398.928,2407.598,240,439
2024-08-05 20:00:00,2407.625,2412.405,2404.285,2404.675,180,389
2024-08-06 00:00:00,2404.695,2418.215,2404.455,2408.895,240,420
2024-08-06 04:00:00,2408.895,2412.535,2394.728,2409.688,240,439
2024-08-06 08:00:00,2409.645,2416.195,2408.025,2410.805,240,392
2024-08-06 12:00:00,2410.815,2412.095,2381.515,2387.455,240,416
2024-08-06 16:00:00,2387.545,2395.885,2385.525,2387.578,240,411
2024-08-06 20:00:00,2387.605,2391.675,2382.665,2383.748,180,361
2024-08-07 00:00:00,2383.735,2388.295,2378.868,2385.785,240,440
2024-08-07 04:00:00,2385.785,2397.445,2385.548,2389.195,240,470
2024-08-07 08:00:00,2389.178,2402.185,2388.195,2400.958,240,437
2024-08-07 12:00:00,2400.915,2406.858,2391.845,2394.448,240,407
2024-08-07 16:00:00,2394.395,2399.635,2383.715,2385.608,240,403
2024-08-07 20:00:00,2385.525,2387.218,2380.855,2384.685,180,373
2024-08-08 00:00:00,2384.715,2394.588,2383.085,2394.175,240,417
2024-08-08 04:00:00,2394.175,2400.645,2392.345,2396.715,240,431
2024-08-08 08:00:00,2396.715,2413.475,2392.745,2412.135,240,374
2024-08-08 12:00:00,2412.105,2424.195,2402.205,2418.578,240,417
2024-08-08 16:00:00,2418.534,2426.178,2415.665,2423.448,240,396
2024-08-08 20:00:00,2423.485,2427.848,2422.785,2424.445,180,341
2024-08-09 00:00:00,2424.485,2428.845,2419.198,2420.908,240,427
2024-08-09 04:00:00,2420.825,2426.915,2416.815,2423.028,240,433
2024-08-09 08:00:00,2423.028,2432.505,2422.115,2426.565,240,418
2024-08-09 12:00:00,2426.575,2435.798,2420.965,2431.358,240,405
2024-08-09 16:00:00,2431.348,2436.884,2427.118,2429.005,240,383
2024-08-09 20:00:00,2429.035,2431.115,2429.035,2430.925,60,362
2024-08-11 20:00:00,2430.298,2433.305,2426.835,2427.765,120,720
2024-08-12 00:00:00,2427.835,2430.115,2423.695,2428.445,240,407
2024-08-12 04:00:00,2428.415,2442.745,2428.095,2441.515,240,413
2024-08-12 08:00:00,2441.525,2445.015,2439.518,2441.495,240,390
2024-08-12 12:00:00,2441.485,2460.358,2441.345,2459.705,240,401
2024-08-12 16:00:00,2459.705,2472.065,2458.894,2470.418,240,375
2024-08-12 20:00:00,2470.408,2475.855,2469.825,2475.425,180,337
2024-08-13 00:00:00,2475.445,2476.845,2460.764,2463.318,240,403
2024-08-13 04:00:00,2463.325,2466.065,2458.365,2464.085,240,427
2024-08-13 08:00:00,2464.125,2466.498,2458.775,2465.648,240,408
2024-08-13 12:00:00,2465.648,2475.505,2458.818,2468.498,240,434
2024-08-13 16:00:00,2468.454,2470.925,2462.105,2466.965,240,383
2024-08-13 20:00:00,2466.888,2467.728,2462.808,2463.975,180,328
2024-08-14 00:00:00,2463.985,2472.415,2455.225,2460.765,240,432
2024-08-14 04:00:00,2460.745,2471.815,2459.098,2470.828,240,419
2024-08-14 08:00:00,2470.825,2478.615,2468.605,2474.638,240,394
2024-08-14 12:00:00,2474.668,2479.715,2441.948,2443.935,240,532
2024-08-14 16:00:00,2443.955,2448.275,2438.0,2447.115,240,379
2024-08-14 20:00:00,2447.075,2449.348,2446.355,2449.295,180,336
2024-08-15 00:00:00,2449.315,2454.195,2448.075,2453.565,240,408
2024-08-15 04:00:00,2453.565,2458.665,2450.205,2455.665,240,421
2024-08-15 08:00:00,2455.665,2464.065,2453.485,2463.418,240,390
2024-08-15 12:00:00,2463.418,2469.945,2432.015,2458.255,240,446
2024-08-15 16:00:00,2458.328,2461.558,2453.338,2455.414,240,401
2024-08-15 20:00:00,2455.415,2458.098,2454.225,2457.195,180,355
2024-08-16 00:00:00,2457.225,2459.908,2450.565,2452.308,240,436
2024-08-16 04:00:00,2452.285,2464.405,2451.025,2461.885,240,432
2024-08-16 08:00:00,2461.925,2472.195,2458.954,2472.015,240,401
2024-08-16 12:00:00,2472.015,2500.045,2471.148,2491.635,240,388
2024-08-16 16:00:00,2491.645,2508.875,2491.565,2507.824,240,381
2024-08-16 20:00:00,2507.765,2509.638,2505.405,2506.844,60,369
2024-08-18 20:00:00,2508.298,2509.998,2502.148,2506.305,120,836
2024-08-19 00:00:00,2506.325,2506.645,2494.845,2503.155,240,416
2024-08-19 04:00:00,2503.155,2505.098,2498.695,2502.925,240,423
2024-08-19 08:00:00,2502.865,2507.065,2486.415,2494.365,240,391
2024-08-19 12:00:00,2494.365,2505.865,2485.515,2503.848,240,368
2024-08-19 16:00:00,2503.848,2507.345,2500.605,2505.345,240,380
2024-08-19 20:00:00,2505.515,2505.538,2501.928,2503.515,180,310
2024-08-20 00:00:00,2503.615,2508.065,2498.558,2501.665,240,440
2024-08-20 04:00:00,2501.685,2515.005,2497.235,2514.825,240,400
2024-08-20 08:00:00,2514.825,2526.978,2514.275,2526.178,240,402
2024-08-20 12:00:00,2526.205,2531.558,2505.654,2508.398,240,393
2024-08-20 16:00:00,2508.368,2515.304,2500.685,2514.878,240,446
2024-08-20 20:00:00,2514.938,2516.828,2512.638,2512.795,180,382
2024-08-21 00:00:00,2512.795,2519.795,2510.725,2517.275,240,416
2024-08-21 04:00:00,2517.325,2519.428,2508.005,2509.635,240,421
2024-08-21 08:00:00,2509.595,2513.115,2504.345,2511.698,240,364
2024-08-21 12:00:00,2511.698,2513.585,2493.698,2508.194,240,394
2024-08-21 16:00:00,2508.278,2518.995,2503.065,2511.418,240,390
2024-08-21 20:00:00,2511.325,2514.235,2509.668,2512.585,180,383
2024-08-22 00:00:00,2512.635,2514.545,2499.815,2502.268,240,411
2024-08-22 04:00:00,2502.205,2510.485,2499.204,2506.948,240,404
2024-08-22 08:00:00,2506.935,2509.008,2497.895,2499.395,240,427
2024-08-22 12:00:00,2499.465,2504.045,2470.705,2481.768,240,442
2024-08-22 16:00:00,2481.798,2485.885,2478.425,2482.795,240,379
2024-08-22 20:00:00,2482.868,2487.525,2482.348,2487.475,180,360
2024-08-23 00:00:00,2487.475,2493.618,2486.355,2493.075,240,429
2024-08-23 04:00:00,2493.095,2495.665,2490.465,2493.335,240,438
2024-08-23 08:00:00,2493.275,2502.355,2492.935,2501.495,240,389
2024-08-23 12:00:00,2501.495,2518.195,2494.315,2509.678,240,382
2024-08-23 16:00:00,2509.678,2513.105,2501.668,2510.698,240,418
2024-08-23 20:00:00,2510.708,2512.575,2509.448,2512.235,60,363
2024-08-25 20:00:00,2511.275,2516.585,2510.105,2515.785,120,732
2024-08-26 00:00:00,2515.795,2516.845,2509.205,2509.745,240,411
2024-08-26 04:00:00,2509.725,2521.715,2508.585,2521.305,240,412
2024-08-26 08:00:00,2521.305,2526.708,2520.585,2526.425,240,408
2024-08-26 12:00:00,2526.425,2526.648,2510.548,2515.748,240,510
2024-08-26 16:00:00,2515.705,2523.255,2513.465,2518.048,240,367
2024-08-26 20:00:00,2518.078,2518.958,2515.335,2515.335,180,375
2024-08-27 00:00:00,2515.355,2516.625,2505.698,2508.955,240,416
2024-08-27 04:00:00,2508.955,2517.395,2504.458,2504.858,240,410
2024-08-27 08:00:00,2504.858,2513.605,2503.415,2511.355,240,392
2024-08-27 12:00:00,2511.355,2520.205,2503.325,2512.045,240,389
2024-08-27 16:00:00,2511.985,2525.818,2509.758,2524.975,240,392
2024-08-27 20:00:00,2524.965,2528.888,2523.675,2525.178,180,373
2024-08-28 00:00:00,2525.155,2525.725,2513.115,2515.755,240,415
2024-08-28 04:00:00,2515.745,2516.035,2503.338,2509.865,240,427
2024-08-28 08:00:00,2509.865,2511.275,2500.615,2501.338,240,393
2024-08-28 12:00:00,2501.305,2510.505,2493.515,2506.058,240,378
2024-08-28 16:00:00,2506.018,2509.465,2496.295,2507.528,240,400
2024-08-28 20:00:00,2507.585,2508.685,2502.675,2508.094,180,352
2024-08-29 00:00:00,2508.094,2516.695,2507.964,2516.475,240,481
2024-08-29 04:00:00,2516.495,2521.065,2513.635,2519.025,240,406
2024-08-29 08:00:00,2519.055,2524.295,2514.954,2519.785,240,387
2024-08-29 12:00:00,2519.758,2525.498,2503.515,2522.438,240,428
2024-08-29 16:00:00,2522.455,2528.558,2517.305,2521.045,240,378
2024-08-29 20:00:00,2521.068,2522.218,2518.725,2519.435,180,379
2024-08-30 00:00:00,2519.455,2519.968,2512.175,2513.425,240,430
2024-08-30 04:00:00,2513.365,2523.848,2512.035,2519.215,240,422
2024-08-30 08:00:00,2519.198,2526.725,2514.885,2519.378,240,408
2024-08-30 12:00:00,2519.275,2524.575,2500.135,2502.365,240,480
2024-08-30 16:00:00,2502.365,2505.955,2494.048,2502.208,240,400
2024-08-30 20:00:00,2502.185,2503.398,2501.775,2502.925,60,356
2024-09-01 20:00:00,2502.435,2504.545,2501.195,2502.885,120,725
2024-09-02 00:00:00,2502.875,2504.825,2489.915,2496.165,240,435
2024-09-02 04:00:00,2496.175,2501.285,2495.145,2498.105,240,430
2024-09-02 08:00:00,2498.075,2507.125,2496.995,2499.678,240,364
2024-09-02 12:00:00,2499.645,2503.075,2497.565,2501.495,240,383
2024-09-02 16:00:00,2501.505,2501.805,2498.515,2499.228,149,374
2024-09-02 20:00:00,2499.098,2499.855,2496.305,2497.175,118,760
2024-09-03 00:00:00,2497.155,2497.548,2489.534,2494.665,240,419
2024-09-03 04:00:00,2494.655,2501.938,2492.635,2500.725,240,411
2024-09-03 08:00:00,2500.725,2506.165,2484.575,2489.558,240,379
2024-09-03 12:00:00,2489.558,2502.034,2473.245,2488.285,240,403
2024-09-03 16:00:00,2488.285,2494.295,2483.808,2491.978,240,376
2024-09-03 20:00:00,2491.978,2494.524,2491.248,2493.155,180,356
2024-09-04 00:00:00,2493.115,2496.835,2491.155,2494.945,240,439
2024-09-04 04:00:00,2494.955,2496.625,2481.885,2482.045,240,420
2024-09-04 08:00:00,2482.045,2491.085,2471.718,2489.085,240,390
2024-09-04 12:00:00,2489.085,2500.145,2481.915,2493.938,240,417
2024-09-04 16:00:00,2493.915,2497.848,2491.415,2493.275,240,393
2024-09-04 20:00:00,2493.275,2496.825,2492.835,2495.695,180,370
2024-09-05 00:00:00,2495.768,2499.174,2494.355,2494.718,240,438
2024-09-05 04:00:00,2494.708,2507.445,2493.665,2506.325,240,434
2024-09-05 08:00:00,2506.385,2518.258,2505.875,2515.075,240,400
2024-09-05 12:00:00,2515.085,2523.448,2503.805,2507.018,240,499
2024-09-05 16:00:00,2507.015,2516.778,2505.955,2514.778,240,383
2024-09-05 20:00:00,2514.865,2517.828,2514.765,2517.125,180,358
2024-09-06 00:00:00,2517.155,2518.258,2512.895,2518.155,240,415
2024-09-06 04:00:00,2518.155,2521.668,2516.175,2516.408,240,409
2024-09-06 08:00:00,2516.355,2520.205,2514.595,2516.165,240,397
2024-09-06 12:00:00,2516.135,2529.125,2500.375,2505.318,240,646
2024-09-06 16:00:00,2505.295,2505.645,2485.015,2495.868,240,395
2024-09-06 20:00:00,2495.838,2497.758,2494.668,2497.035,60,398
2024-09-08 20:00:00,2497.098,2498.124,2495.415,2496.745,120,715
2024-09-09 00:00:00,2496.775,2500.365,2494.625,2499.128,240,417
2024-09-09 04:00:00,2499.128,2499.345,2485.405,2494.125,240,431
2024-09-09 08:00:00,2494.195,2499.035,2489.945,2497.128,240,396
2024-09-09 12:00:00,2497.105,2505.098,2493.115,2499.005,240,426
2024-09-09 16:00:00,2498.995,2506.405,2498.995,2505.875,240,377
2024-09-09 20:00:00,2505.865,2507.515,2505.185,2506.625,179,343
2024-09-10 00:00:00,2506.665,2507.358,2501.314,2502.395,240,442
2024-09-10 04:00:00,2502.395,2507.595,2500.618,2502.595,240,420
2024-09-10 08:00:00,2502.565,2509.555,2500.024,2504.498,240,393
2024-09-10 12:00:00,2504.415,2518.304,2500.984,2512.618,240,381
2024-09-10 16:00:00,2512.685,2517.355,2510.585,2517.155,240,431
2024-09-10 20:00:00,2517.155,2518.688,2515.658,2518.555,180,376
2024-09-11 00:00:00,2518.498,2522.415,2514.845,2519.288,240,401
2024-09-11 04:00:00,2519.285,2528.885,2518.455,2521.338,240,412
2024-09-11 08:00:00,2521.325,2527.085,2519.635,2522.105,240,400
2024-09-11 12:00:00,2522.065,2523.368,2500.825,2514.675,240,557
2024-09-11 16:00:00,2514.675,2519.944,2509.675,2512.824,240,380
2024-09-11 20:00:00,2512.795,2513.748,2511.015,2511.778,180,354
2024-09-12 00:00:00,2511.775,2515.965,2510.885,2515.715,240,409
2024-09-12 04:00:00,2515.715,2522.195,2514.385,2515.785,240,393
2024-09-12 08:00:00,2515.775,2520.905,2512.905,2519.425,240,411
2024-09-12 12:00:00,2519.435,2555.035,2518.775,2553.154,240,495
2024-09-12 16:00:00,2553.165,2558.985,2544.698,2557.748,240,433
2024-09-12 20:00:00,2557.704,2559.978,2556.538,2558.344,180,378
2024-09-13 00:00:00,2558.334,2569.925,2556.625,2567.805,240,408
2024-09-13 04:00:00,2567.795,2570.888,2563.035,2569.668,240,439
2024-09-13 08:00:00,2569.695,2572.825,2563.584,2567.165,240,445
2024-09-13 12:00:00,2567.265,2583.258,2565.935,2582.048,240,424
2024-09-13 16:00:00,2582.095,2585.965,2578.515,2582.518,240,423
2024-09-13 20:00:00,2582.515,2582.798,2577.575,2577.615,60,384
2024-09-15 20:00:00,2578.725,2580.464,2577.384,2579.025,120,626
2024-09-16 00:00:00,2579.015,2588.865,2578.715,2586.225,240,438
2024-09-16 04:00:00,2586.205,2589.515,2579.325,2581.985,240,427
2024-09-16 08:00:00,2581.965,2588.375,2575.115,2582.905,240,415
2024-09-16 12:00:00,2582.925,2589.205,2575.945,2579.735,240,513
2024-09-16 16:00:00,2579.768,2583.995,2579.455,2582.438,240,416
2024-09-16 20:00:00,2582.438,2583.805,2581.428,2583.545,180,338
2024-09-17 00:00:00,2583.535,2586.165,2576.645,2577.058,240,450
2024-09-17 04:00:00,2577.004,2586.835,2574.395,2583.714,240,432
2024-09-17 08:00:00,2583.714,2584.084,2569.645,2579.745,240,324
2024-09-17 12:00:00,2579.775,2582.115,2561.625,2565.475,240,416
2024-09-17 16:00:00,2565.458,2571.558,2560.984,2568.568,240,390
2024-09-17 20:00:00,2568.578,2574.244,2568.178,2573.885,180,347
2024-09-18 00:00:00,2573.875,2576.314,2569.855,2575.785,240,418
2024-09-18 04:00:00,2575.785,2576.295,2565.715,2571.505,240,412
2024-09-18 08:00:00,2571.515,2580.575,2567.825,2577.285,240,389
2024-09-18 12:00:00,2577.295,2578.708,2567.895,2569.565,240,418
2024-09-18 16:00:00,2569.615,2599.995,2546.645,2548.834,240,403
2024-09-18 20:00:00,2548.754,2561.395,2548.098,2559.175,180,466
2024-09-19 00:00:00,2559.185,2566.558,2551.005,2563.978,240,406
2024-09-19 04:00:00,2563.905,2584.574,2559.435,2584.324,240,415
2024-09-19 08:00:00,2584.324,2594.775,2581.268,2589.315,240,377
2024-09-19 12:00:00,2589.265,2591.105,2569.625,2588.935,240,518
2024-09-19 16:00:00,2589.025,2592.535,2585.798,2588.265,240,391
2024-09-19 20:00:00,2588.245,2589.648,2585.835,2587.135,180,432
2024-09-20 00:00:00,2587.125,2593.475,2584.654,2591.305,240,434
2024-09-20 04:00:00,2591.295,2609.615,2591.185,2607.015,240,419
2024-09-20 08:00:00,2607.014,2615.318,2602.385,2613.608,240,386
2024-09-20 12:00:00,2613.608,2622.835,2602.445,2622.678,240,402
2024-09-20 16:00:00,2622.728,2625.574,2617.785,2620.958,240,448
2024-09-20 20:00:00,2621.008,2622.375,2618.938,2621.504,60,320
2024-09-22 20:00:00,2620.915,2622.615,2617.984,2620.165,120,687
2024-09-23 00:00:00,2620.155,2631.035,2615.945,2628.358,240,371
2024-09-23 04:00:00,2628.355,2631.205,2613.685,2615.018,240,401
2024-09-23 08:00:00,2615.018,2625.688,2614.498,2623.955,240,436
2024-09-23 12:00:00,2623.995,2634.715,2619.894,2629.168,240,402
2024-09-23 16:00:00,2629.168,2630.758,2625.575,2626.188,240,403
2024-09-23 20:00:00,2626.138,2628.595,2625.684,2626.205,179,353
2024-09-24 00:00:00,2626.235,2635.995,2623.685,2633.965,240,395
2024-09-24 04:00:00,2633.965,2639.945,2622.475,2628.795,240,405
2024-09-24 08:00:00,2628.785,2636.045,2623.245,2626.275,240,427
2024-09-24 12:00:00,2626.295,2648.285,2623.345,2643.025,240,412
2024-09-24 16:00:00,2643.025,2664.204,2642.298,2662.548,240,415
2024-09-24 20:00:00,2662.524,2663.588,2656.334,2658.035,180,360
2024-09-25 00:00:00,2658.035,2670.348,2655.345,2661.385,240,433
2024-09-25 04:00:00,2661.415,2661.545,2651.215,2656.788,240,399
2024-09-25 08:00:00,2656.845,2658.435,2652.615,2657.258,240,408
2024-09-25 12:00:00,2657.258,2667.345,2654.178,2657.574,240,389
2024-09-25 16:00:00,2657.574,2662.855,2649.715,2659.638,240,412
2024-09-25 20:00:00,2659.638,2660.178,2656.084,2656.188,180,357
2024-09-26 00:00:00,2656.184,2662.398,2655.268,2662.398,240,444
2024-09-26 04:00:00,2662.415,2666.795,2657.855,2664.535,240,354
2024-09-26 08:00:00,2664.535,2685.405,2664.485,2682.665,240,314
2024-09-26 12:00:00,2682.655,2684.105,2654.685,2671.214,240,390
2024-09-26 16:00:00,2671.254,2677.708,2662.744,2673.548,240,423
2024-09-26 20:00:00,2673.598,2673.958,2670.708,2672.495,180,394
2024-09-27 00:00:00,2672.495,2673.855,2666.075,2673.555,240,432
2024-09-27 04:00:00,2673.555,2673.785,2660.825,2664.568,240,405
2024-09-27 08:00:00,2664.588,2669.038,2658.198,2665.955,240,469
2024-09-27 12:00:00,2665.975,2674.134,2644.665,2649.635,240,469
2024-09-27 16:00:00,2649.635,2656.145,2643.111,2651.915,240,445
2024-09-27 20:00:00,2651.888,2659.905,2651.038,2657.955,60,379
2024-09-29 20:00:00,2657.935,2664.905,2657.025,2663.418,120,681
2024-09-30 00:00:00,2663.418,2665.858,2647.285,2653.388,240,416
2024-09-30 04:00:00,2653.408,2660.495,2650.588,2650.818,240,428
2024-09-30 08:00:00,2650.788,2656.485,2634.305,2641.475,240,385
2024-09-30 12:00:00,2641.485,2644.065,2628.614,2633.734,240,423
2024-09-30 16:00:00,2633.808,2641.678,2624.538,2630.835,240,464
2024-09-30 20:00:00,2630.898,2636.035,2630.615,2635.595,180,386
2024-10-01 00:00:00,2635.595,2639.905,2633.815,2637.845,240,412
2024-10-01 04:00:00,2637.845,2647.318,2637.335,2645.485,240,433
2024-10-01 08:00:00,2645.505,2651.955,2642.295,2650.178,240,411
2024-10-01 12:00:00,2650.115,2671.735,2647.865,2663.315,240,385
2024-10-01 16:00:00,2663.275,2672.908,2657.425,2658.588,240,422
2024-10-01 20:00:00,2658.565,2663.855,2657.755,2660.218,180,370
2024-10-02 00:00:00,2660.195,2661.878,2654.955,2655.238,240,429
2024-10-02 04:00:00,2655.205,2656.355,2644.395,2655.315,240,429
2024-10-02 08:00:00,2655.315,2655.715,2647.845,2649.448,240,373
2024-10-02 12:00:00,2649.465,2663.194,2640.954,2649.835,240,410
2024-10-02 16:00:00,2649.835,2658.838,2647.095,2658.498,240,406
2024-10-02 20:00:00,2658.504,2661.064,2657.725,2660.135,180,364
2024-10-03 00:00:00,2660.135,2662.775,2653.175,2655.878,240,412
2024-10-03 04:00:00,2655.908,2657.315,2643.304,2645.145,240,416
2024-10-03 08:00:00,2645.068,2648.935,2640.895,2647.935,240,396
2024-10-03 12:00:00,2647.948,2654.435,2636.255,2648.735,240,419
2024-10-03 16:00:00,2648.805,2662.008,2648.455,2657.815,240,412
2024-10-03 20:00:00,2657.815,2657.815,2654.178,2655.615,180,366
2024-10-04 00:00:00,2655.655,2663.474,2655.315,2660.985,240,428
2024-10-04 04:00:00,2660.965,2667.675,2658.605,2660.888,240,429
2024-10-04 08:00:00,2660.865,2662.455,2656.755,2661.205,240,394
2024-10-04 12:00:00,2661.185,2670.065,2632.068,2653.045,240,476
2024-10-04 16:00:00,2653.045,2653.685,2641.755,2651.458,240,420
2024-10-04 20:00:00,2651.495,2653.835,2649.705,2653.545,60,362
2024-10-06 20:00:00,2650.375,2652.615,2648.875,2650.055,120,566
2024-10-07 00:00:00,2650.125,2651.778,2643.708,2647.255,240,427
2024-10-07 04:00:00,2647.255,2652.695,2639.605,2651.925,240,437
2024-10-07 08:00:00,2651.975,2659.465,2650.565,2656.835,240,416
2024-10-07 12:00:00,2656.868,2659.155,2637.688,2645.608,240,389
2024-10-07 16:00:00,2645.608,2648.635,2639.505,2643.148,240,394
2024-10-07 20:00:00,2643.058,2648.975,2641.595,2642.855,180,393
2024-10-08 00:00:00,2642.895,2648.095,2633.665,2642.805,240,416
2024-10-08 04:00:00,2642.805,2646.335,2631.025,2633.815,240,420
2024-10-08 08:00:00,2633.845,2651.835,2628.425,2650.615,240,434
2024-10-08 12:00:00,2650.695,2652.885,2604.575,2612.825,240,372
2024-10-08 16:00:00,2612.805,2623.485,2605.325,2622.815,240,411
2024-10-08 20:00:00,2622.905,2623.665,2618.785,2621.865,179,375
2024-10-09 00:00:00,2621.835,2624.085,2614.735,2617.085,240,453
2024-10-09 04:00:00,2617.085,2624.165,2608.974,2611.515,240,395
2024-10-09 08:00:00,2611.538,2622.258,2610.345,2618.885,240,395
2024-10-09 12:00:00,2618.908,2622.225,2605.185,2614.705,240,379
2024-10-09 16:00:00,2614.715,2615.645,2605.045,2609.038,240,390
2024-10-09 20:00:00,2609.055,2609.298,2606.788,2608.645,126,362
2024-10-10 00:00:00,2606.925,2616.785,2605.785,2611.615,229,415
2024-10-10 04:00:00,2611.545,2616.915,2610.125,2616.605,240,425
2024-10-10 08:00:00,2616.635,2618.778,2611.135,2612.915,240,393
2024-10-10 12:00:00,2612.915,2629.564,2601.734,2623.475,240,535
2024-10-10 16:00:00,2623.505,2631.308,2616.365,2629.048,240,368
2024-10-10 20:00:00,2629.078,2635.855,2627.995,2633.005,180,395
2024-10-11 00:00:00,2633.065,2645.958,2631.975,2645.364,240,447
2024-10-11 04:00:00,2645.355,2647.075,2637.868,2645.245,240,457
2024-10-11 08:00:00,2645.265,2646.065,2636.025,2644.585,240,381
2024-10-11 12:00:00,2644.535,2659.098,2640.465,2658.655,240,457
2024-10-11 16:00:00,2658.635,2661.258,2655.148,2656.028,240,392
2024-10-11 20:00:00,2656.015,2657.175,2654.598,2656.835,60,378
2024-10-13 20:00:00,2656.298,2656.775,2644.985,2647.865,120,701
2024-10-14 00:00:00,2647.935,2657.285,2643.058,2655.445,240,415
2024-10-14 04:00:00,2655.435,2666.705,2655.145,2660.298,240,427
2024-10-14 08:00:00,2660.295,2662.885,2650.935,2651.995,240,406
2024-10-14 12:00:00,2651.995,2661.065,2643.835,2646.625,240,413
2024-10-14 16:00:00,2646.645,2652.498,2645.735,2652.348,240,348
2024-10-14 20:00:00,2652.385,2653.198,2646.025,2649.255,179,456
2024-10-15 00:00:00,2649.255,2652.608,2644.265,2645.555,240,415
2024-10-15 04:00:00,2645.555,2653.765,2637.955,2650.615,240,409
2024-10-15 08:00:00,2650.555,2656.645,2645.505,2647.595,240,399
2024-10-15 12:00:00,2647.595,2665.005,2645.905,2664.515,240,470
2024-10-15 16:00:00,2664.525,2668.805,2658.875,2661.598,240,390
2024-10-15 20:00:00,2661.554,2663.005,2660.138,2660.345,179,380
2024-10-16 00:00:00,2660.275,2669.935,2658.558,2667.025,240,467
2024-10-16 04:00:00,2667.165,2677.545,2665.475,2676.005,240,431
2024-10-16 08:00:00,2675.844,2682.648,2673.0,2678.245,240,396
2024-10-16 12:00:00,2678.345,2685.298,2667.448,2669.878,240,408
2024-10-16 16:00:00,2669.878,2676.524,2666.645,2674.698,240,411
2024-10-16 20:00:00,2674.605,2674.868,2673.015,2673.998,180,321
2024-10-17 00:00:00,2674.035,2684.755,2673.955,2676.614,240,431
2024-10-17 04:00:00,2676.615,2685.645,2676.385,2681.865,240,404
2024-10-17 08:00:00,2681.865,2688.668,2676.794,2681.198,240,418
2024-10-17 12:00:00,2681.165,2696.605,2672.914,2693.158,240,475
2024-10-17 16:00:00,2693.145,2694.055,2683.795,2691.975,240,426
2024-10-17 20:00:00,2691.975,2694.295,2690.828,2693.635,180,298
2024-10-18 00:00:00,2693.665,2711.815,2692.745,2709.885,240,407
2024-10-18 04:00:00,2709.885,2713.888,2702.158,2702.188,240,428
2024-10-18 08:00:00,2702.188,2713.085,2701.615,2709.705,240,386
2024-10-18 12:00:00,2709.705,2720.005,2704.815,2714.708,240,515
2024-10-18 16:00:00,2714.705,2721.178,2713.418,2719.548,240,405
2024-10-18 20:00:00,2719.564,2722.405,2719.075,2721.105,60,382
2024-10-20 20:00:00,2720.098,2724.915,2719.448,2723.315,120,676
2024-10-21 00:00:00,2723.395,2732.675,2720.908,2731.425,240,419
2024-10-21 04:00:00,2731.385,2732.348,2723.465,2730.258,240,399
2024-10-21 08:00:00,2730.275,2737.938,2727.628,2734.368,240,412
2024-10-21 12:00:00,2734.335,2740.418,2716.775,2720.018,240,386
2024-10-21 16:00:00,2720.018,2725.465,2714.165,2719.764,240,402
2024-10-21 20:00:00,2719.775,2722.485,2718.695,2721.325,180,375
2024-10-22 00:00:00,2721.325,2732.985,2720.505,2730.868,240,438
2024-10-22 04:00:00,2730.795,2737.025,2728.875,2733.545,240,427
2024-10-22 08:00:00,2733.494,2739.238,2729.438,2731.885,240,405
2024-10-22 12:00:00,2731.905,2744.085,2731.465,2737.455,240,389
2024-10-22 16:00:00,2737.435,2748.748,2737.058,2748.245,240,398
2024-10-22 20:00:00,2748.245,2748.775,2745.755,2746.408,179,404
2024-10-23 00:00:00,2746.385,2747.065,2737.765,2745.955,240,429
2024-10-23 04:00:00,2745.955,2755.485,2745.215,2754.855,240,420
2024-10-23 08:00:00,2754.815,2758.338,2749.015,2749.785,240,386
2024-10-23 12:00:00,2749.785,2750.355,2708.635,2721.625,240,410
2024-10-23 16:00:00,2721.635,2723.135,2712.0,2716.095,240,419
2024-10-23 20:00:00,2716.095,2721.755,2714.095,2721.178,180,393
2024-10-24 00:00:00,2721.165,2726.695,2717.704,2722.805,240,388
2024-10-24 04:00:00,2722.805,2736.948,2722.695,2733.475,240,434
2024-10-24 08:00:00,2733.475,2739.475,2732.355,2738.475,240,383
2024-10-24 12:00:00,2738.455,2743.175,2722.385,2730.965,240,411
2024-10-24 16:00:00,2730.965,2737.638,2725.628,2736.898,240,402
2024-10-24 20:00:00,2736.998,2736.998,2733.495,2733.688,180,364
2024-10-25 00:00:00,2733.658,2735.008,2724.295,2725.885,240,407
2024-10-25 04:00:00,2725.875,2732.425,2723.805,2726.325,240,406
2024-10-25 08:00:00,2726.375,2729.245,2716.885,2724.068,240,376
2024-10-25 12:00:00,2724.065,2741.968,2723.125,2737.038,240,405
2024-10-25 16:00:00,2736.965,2744.905,2733.825,2742.428,240,409
2024-10-25 20:00:00,2742.388,2747.635,2742.335,2746.625,60,356
2024-10-27 20:00:00,2735.698,2740.095,2730.115,2735.655,120,709
2024-10-28 00:00:00,2735.695,2736.185,2724.545,2729.555,240,430
2024-10-28 04:00:00,2729.525,2744.445,2729.048,2738.745,240,437
2024-10-28 08:00:00,2738.745,2740.705,2727.715,2732.165,240,374
2024-10-28 12:00:00,2732.135,2745.788,2731.248,2740.688,240,405
2024-10-28 16:00:00,2740.658,2744.865,2739.935,2742.388,240,371
2024-10-28 20:00:00,2742.378,2744.335,2739.605,2744.285,180,362
2024-10-29 00:00:00,2744.315,2757.615,2743.115,2751.625,240,434
2024-10-29 04:00:00,2751.585,2756.718,2748.845,2752.348,240,451
2024-10-29 08:00:00,2752.324,2756.465,2746.225,2751.738,240,389
2024-10-29 12:00:00,2751.738,2771.605,2748.045,2764.165,240,393
2024-10-29 16:00:00,2764.165,2774.695,2764.105,2772.098,240,379
2024-10-29 20:00:00,2772.118,2775.265,2771.735,2774.885,180,342
2024-10-30 00:00:00,2774.925,2781.995,2774.735,2778.845,240,424
2024-10-30 04:00:00,2778.845,2789.668,2777.245,2782.155,240,427
2024-10-30 08:00:00,2782.135,2786.388,2778.128,2778.508,240,376
2024-10-30 12:00:00,2778.455,2787.365,2770.795,2784.535,240,457
2024-10-30 16:00:00,2784.565,2789.925,2782.898,2787.195,240,378
2024-10-30 20:00:00,2787.258,2788.014,2784.675,2785.258,180,350
2024-10-31 00:00:00,2785.274,2790.005,2783.495,2784.428,240,431
2024-10-31 04:00:00,2784.475,2786.455,2777.955,2781.895,240,416
2024-10-31 08:00:00,2781.925,2782.938,2773.198,2779.375,240,387
2024-10-31 12:00:00,2779.365,2781.865,2731.415,2740.505,240,610
2024-10-31 16:00:00,2740.505,2749.608,2737.858,2746.348,240,389
2024-10-31 20:00:00,2746.348,2748.085,2743.185,2746.545,180,409
2024-11-01 00:00:00,2746.545,2751.805,2744.695,2751.625,240,490
2024-11-01 04:00:00,2751.625,2757.535,2747.055,2749.555,240,405
2024-11-01 08:00:00,2749.535,2755.345,2744.685,2752.795,240,395
2024-11-01 12:00:00,2752.815,2762.048,2739.575,2744.635,240,507
2024-11-01 16:00:00,2744.625,2746.005,2733.095,2734.035,240,348
2024-11-01 20:00:00,2734.025,2736.675,2733.168,2735.895,60,394
2024-11-03 20:00:00,2733.298,2740.215,2730.0,2738.235,60,927
2024-11-04 00:00:00,2738.205,2742.315,2735.185,2740.845,240,449
2024-11-04 04:00:00,2740.825,2744.675,2735.008,2735.695,240,417
2024-11-04 08:00:00,2735.685,2745.105,2731.765,2740.515,240,419
2024-11-04 12:00:00,2740.515,2748.015,2737.565,2738.385,240,409
2024-11-04 16:00:00,2738.385,2739.558,2731.638,2738.178,240,393
2024-11-04 20:00:00,2738.154,2738.495,2735.698,2735.855,180,388
2024-11-05 00:00:00,2735.895,2736.515,2724.695,2735.165,240,434
2024-11-05 04:00:00,2735.165,2741.235,2731.605,2736.305,240,401
2024-11-05 08:00:00,2736.335,2744.935,2731.958,2741.595,240,378
2024-11-05 12:00:00,2741.585,2749.875,2732.908,2741.925,240,378
2024-11-05 16:00:00,2741.925,2744.425,2736.235,2740.345,240,362
2024-11-05 20:00:00,2740.345,2746.215,2739.495,2745.495,180,399
2024-11-06 00:00:00,2745.485,2749.605,2730.425,2734.115,240,415
2024-11-06 04:00:00,2734.105,2743.438,2701.245,2725.634,240,322
2024-11-06 08:00:00,2725.505,2733.598,2695.935,2699.205,240,442
2024-11-06 12:00:00,2699.015,2707.885,2652.295,2675.675,240,504
2024-11-06 16:00:00,2675.675,2678.095,2661.515,2666.934,240,390
2024-11-06 20:00:00,2666.934,2667.635,2658.375,2663.875,180,381
2024-11-07 00:00:00,2663.885,2664.075,2643.134,2659.095,240,444
2024-11-07 04:00:00,2659.095,2667.505,2652.635,2663.145,240,433
2024-11-07 08:00:00,2663.204,2668.255,2657.265,2666.174,240,376
2024-11-07 12:00:00,2666.174,2700.038,2664.174,2698.725,240,406
2024-11-07 16:00:00,2698.695,2700.225,2687.405,2694.175,240,381
2024-11-07 20:00:00,2694.195,2710.244,2692.715,2706.785,180,382
2024-11-08 00:00:00,2706.735,2710.235,2693.928,2695.035,240,427
2024-11-08 04:00:00,2695.004,2696.165,2680.215,2687.295,240,421
2024-11-08 08:00:00,2687.315,2694.815,2681.865,2691.795,240,364
2024-11-08 12:00:00,2691.765,2703.935,2683.275,2687.355,240,379
2024-11-08 16:00:00,2687.355,2689.165,2682.785,2686.925,240,420
2024-11-08 20:00:00,2686.884,2688.425,2682.695,2684.035,120,431
2024-11-10 20:00:00,2683.898,2685.515,2678.898,2685.465,60,939
2024-11-11 00:00:00,2685.495,2686.025,2666.375,2670.105,240,415
2024-11-11 04:00:00,2670.085,2674.115,2666.875,2669.455,240,443
2024-11-11 08:00:00,2669.465,2675.225,2658.875,2662.445,240,371
2024-11-11 12:00:00,2662.455,2662.995,2613.325,2614.395,240,422
2024-11-11 16:00:00,2614.395,2620.525,2610.515,2619.115,240,387
2024-11-11 20:00:00,2619.165,2626.075,2618.598,2623.855,180,390
2024-11-12 00:00:00,2623.855,2627.015,2618.645,2618.805,240,439
2024-11-12 04:00:00,2618.795,2618.998,2595.074,2598.125,240,408
2024-11-12 08:00:00,2598.125,2606.345,2589.508,2597.695,240,393
2024-11-12 12:00:00,2597.725,2616.885,2597.245,2598.365,240,420
2024-11-12 16:00:00,2598.385,2603.988,2592.305,2598.035,240,384
2024-11-12 20:00:00,2598.025,2601.235,2594.998,2598.775,180,337
2024-11-13 00:00:00,2598.805,2613.118,2597.915,2611.485,240,415
2024-11-13 04:00:00,2611.475,2612.235,2603.408,2606.058,240,426
2024-11-13 08:00:00,2606.108,2611.515,2600.894,2610.715,240,409
2024-11-13 12:00:00,2610.715,2618.628,2593.565,2605.325,240,392
2024-11-13 16:00:00,2605.325,2605.865,2577.545,2580.785,240,397
2024-11-13 20:00:00,2580.795,2581.198,2569.175,2570.694,180,393
2024-11-14 00:00:00,2570.698,2574.515,2558.785,2560.555,240,486
2024-11-14 04:00:00,2560.535,2565.115,2550.255,2556.824,240,419
2024-11-14 08:00:00,2556.804,2559.664,2536.664,2553.515,240,408
2024-11-14 12:00:00,2553.495,2572.905,2549.955,2570.115,240,408
2024-11-14 16:00:00,2570.155,2577.315,2567.025,2575.885,240,407
2024-11-14 20:00:00,2575.915,2576.325,2563.738,2566.775,180,427
2024-11-15 00:00:00,2566.745,2571.585,2562.914,2567.574,240,417
2024-11-15 04:00:00,2567.574,2569.405,2554.335,2563.625,240,442
2024-11-15 08:00:00,2563.625,2573.158,2560.715,2570.594,240,398
2024-11-15 12:00:00,2570.594,2575.908,2561.005,2570.675,240,411
2024-11-15 16:00:00,2570.685,2573.165,2559.408,2563.705,240,414
2024-11-15 20:00:00,2563.725,2563.765,2559.595,2562.715,120,421
2024-11-17 20:00:00,2564.258,2575.338,2563.835,2571.255,60,946
2024-11-18 00:00:00,2571.245,2597.155,2569.735,2589.825,240,436
2024-11-18 04:00:00,2589.825,2593.035,2580.284,2582.695,240,343
2024-11-18 08:00:00,2582.625,2597.185,2581.925,2594.215,240,405
2024-11-18 12:00:00,2594.155,2613.218,2590.195,2612.835,240,402
2024-11-18 16:00:00,2612.885,2614.955,2607.215,2609.695,240,372
2024-11-18 20:00:00,2609.695,2612.925,2608.095,2612.435,180,393
2024-11-19 00:00:00,2612.495,2625.408,2610.905,2624.298,240,474
2024-11-19 04:00:00,2624.308,2626.515,2617.625,2618.965,240,418
2024-11-19 08:00:00,2618.915,2636.375,2618.564,2629.435,240,397
2024-11-19 12:00:00,2629.465,2639.325,2620.935,2624.315,240,398
2024-11-19 16:00:00,2624.405,2632.998,2622.195,2630.605,240,384
2024-11-19 20:00:00,2630.595,2635.355,2630.315,2635.015,180,416
2024-11-20 00:00:00,2635.015,2641.665,2634.555,2637.805,240,421
2024-11-20 04:00:00,2637.895,2638.655,2621.115,2621.425,240,395
2024-11-20 08:00:00,2621.425,2628.035,2618.705,2627.945,240,404
2024-11-20 12:00:00,2627.945,2648.765,2626.905,2648.708,240,405
2024-11-20 16:00:00,2648.684,2655.275,2645.295,2650.754,240,409
2024-11-20 20:00:00,2650.725,2652.765,2647.215,2652.025,180,370
2024-11-21 00:00:00,2652.055,2660.285,2650.284,2656.735,240,469
2024-11-21 04:00:00,2656.715,2664.535,2654.435,2662.985,240,413
2024-11-21 08:00:00,2662.985,2673.385,2661.885,2671.335,240,390
2024-11-21 12:00:00,2671.308,2671.595,2660.315,2667.505,240,382
2024-11-21 16:00:00,2667.544,2673.308,2661.158,2669.535,240,411
2024-11-21 20:00:00,2669.555,2671.755,2667.915,2669.018,180,375
2024-11-22 00:00:00,2669.008,2690.375,2668.718,2686.065,240,427
2024-11-22 04:00:00,2686.065,2698.875,2682.835,2696.345,240,439
2024-11-22 08:00:00,2696.375,2710.035,2693.375,2698.705,240,376
2024-11-22 12:00:00,2698.685,2704.955,2684.325,2703.545,240,390
2024-11-22 16:00:00,2703.545,2711.365,2700.745,2708.085,240,385
2024-11-22 20:00:00,2708.075,2716.165,2704.975,2715.805,120,361
2024-11-24 20:00:00,2713.375,2721.185,2691.251,2719.725,60,946
2024-11-25 00:00:00,2719.705,2719.975,2658.824,2672.095,240,481
2024-11-25 04:00:00,2672.064,2676.185,2658.064,2667.675,240,480
2024-11-25 08:00:00,2667.705,2688.595,2667.015,2686.685,240,411
2024-11-25 12:00:00,2686.725,2687.785,2626.135,2628.205,240,418
2024-11-25 16:00:00,2628.205,2639.265,2615.455,2625.635,240,445
2024-11-25 20:00:00,2625.634,2628.625,2605.085,2610.355,180,373
2024-11-26 00:00:00,2610.365,2632.085,2608.498,2630.225,240,537
2024-11-26 04:00:00,2630.245,2631.298,2610.668,2613.905,240,457
2024-11-26 08:00:00,2613.905,2633.105,2612.375,2633.105,240,397
2024-11-26 12:00:00,2633.135,2641.774,2616.568,2629.415,240,378
2024-11-26 16:00:00,2629.485,2631.345,2619.414,2627.985,240,398
2024-11-26 20:00:00,2628.004,2633.995,2627.405,2632.105,179,402
2024-11-27 00:00:00,2632.145,2640.475,2626.935,2637.655,240,447
2024-11-27 04:00:00,2637.675,2648.275,2636.555,2646.464,240,416
2024-11-27 08:00:00,2646.435,2653.715,2643.074,2650.984,240,490
2024-11-27 12:00:00,2650.984,2658.098,2635.364,2642.508,240,468
2024-11-27 16:00:00,2642.504,2644.178,2633.898,2634.665,240,407
2024-11-27 20:00:00,2634.615,2638.905,2634.235,2636.935,180,406
2024-11-28 00:00:00,2637.005,2638.315,2620.815,2630.134,240,411
2024-11-28 04:00:00,2630.125,2639.458,2629.165,2637.215,240,439
2024-11-28 08:00:00,2637.155,2649.518,2635.585,2646.785,240,391
2024-11-28 12:00:00,2646.795,2647.805,2636.165,2638.025,240,390
2024-11-28 16:00:00,2638.015,2642.345,2637.175,2637.215,209,420
2024-11-28 20:00:00,2637.505,2639.105,2637.075,2638.615,60,1055
2024-11-29 00:00:00,2638.615,2662.605,2633.925,2659.908,240,427
2024-11-29 04:00:00,2659.864,2666.195,2658.245,2660.435,240,443
2024-11-29 08:00:00,2660.445,2665.775,2654.378,2659.495,240,391
2024-11-29 12:00:00,2659.495,2664.875,2650.495,2658.745,240,417
2024-11-29 16:00:00,2658.735,2662.145,2648.904,2649.285,210,427
2024-12-01 20:00:00,2653.075,2653.115,2642.975,2645.595,60,888
2024-12-02 00:00:00,2645.748,2647.545,2622.765,2629.205,240,465
2024-12-02 04:00:00,2629.205,2633.495,2622.0,2629.735,240,426
2024-12-02 08:00:00,2629.735,2646.205,2626.458,2641.674,240,411
2024-12-02 12:00:00,2641.674,2651.648,2636.878,2642.185,240,430
2024-12-02 16:00:00,2642.185,2644.265,2633.425,2637.505,240,379
2024-12-02 20:00:00,2637.475,2644.115,2635.175,2642.095,180,396
2024-12-03 00:00:00,2642.145,2645.125,2633.965,2640.375,240,413
2024-12-03 04:00:00,2640.375,2649.924,2636.985,2644.565,240,410
2024-12-03 08:00:00,2644.525,2647.955,2639.115,2643.535,240,381
2024-12-03 12:00:00,2643.525,2655.528,2635.115,2640.335,240,408
2024-12-03 16:00:00,2640.305,2649.005,2638.825,2640.875,240,421
2024-12-03 20:00:00,2640.875,2644.155,2640.545,2642.595,180,406
2024-12-04 00:00:00,2642.605,2648.075,2637.575,2644.355,240,473
2024-12-04 04:00:00,2644.335,2651.285,2640.185,2641.335,240,431
2024-12-04 08:00:00,2641.335,2647.585,2636.515,2646.075,240,378
2024-12-04 12:00:00,2646.085,2656.998,2632.315,2654.885,240,400
2024-12-04 16:00:00,2654.865,2655.445,2646.695,2651.505,240,392
2024-12-04 20:00:00,2651.525,2651.755,2647.985,2650.178,180,464
2024-12-05 00:00:00,2650.208,2650.625,2644.595,2648.755,240,473
2024-12-05 04:00:00,2648.735,2655.445,2645.224,2648.605,240,427
2024-12-05 08:00:00,2648.595,2652.535,2641.755,2651.245,240,401
2024-12-05 12:00:00,2651.265,2654.418,2631.885,2640.145,240,473
2024-12-05 16:00:00,2640.125,2643.255,2623.385,2629.755,240,363
2024-12-05 20:00:00,2629.725,2633.725,2627.935,2633.635,180,291
2024-12-06 00:00:00,2633.625,2642.405,2612.585,2640.655,240,438
2024-12-06 04:00:00,2640.655,2644.405,2635.165,2639.615,240,446
2024-12-06 08:00:00,2639.615,2645.535,2632.295,2638.295,240,406
2024-12-06 12:00:00,2638.295,2643.185,2623.864,2637.455,240,440
2024-12-06 16:00:00,2637.475,2641.495,2632.885,2634.695,240,421
2024-12-06 20:00:00,2634.715,2636.245,2630.955,2632.664,120,407
2024-12-08 20:00:00,2646.52,2648.105,2636.148,2639.935,60,662
2024-12-09 00:00:00,2639.925,2650.515,2627.455,2638.694,240,427
2024-12-09 04:00:00,2638.695,2651.125,2634.505,2650.445,240,433
2024-12-09 08:00:00,2650.465,2660.345,2645.915,2656.145,240,427
2024-12-09 12:00:00,2656.115,2676.255,2653.175,2668.165,240,404
2024-12-09 16:00:00,2668.165,2670.445,2658.755,2660.075,240,389
2024-12-09 20:00:00,2660.075,2661.475,2656.675,2660.435,180,359
2024-12-10 00:00:00,2660.415,2671.575,2657.805,2669.805,240,449
2024-12-10 04:00:00,2669.855,2673.625,2663.525,2664.468,240,425
2024-12-10 08:00:00,2664.465,2676.675,2661.064,2674.425,240,390
2024-12-10 12:00:00,2674.465,2691.634,2672.205,2687.205,240,397
2024-12-10 16:00:00,2687.184,2695.378,2684.525,2691.798,240,505
2024-12-10 20:00:00,2691.798,2698.195,2690.755,2695.798,180,512
2024-12-11 00:00:00,2695.835,2704.098,2691.684,2695.435,240,544
2024-12-11 04:00:00,2695.344,2697.538,2674.345,2689.534,240,1581
2024-12-11 08:00:00,2689.534,2699.585,2685.724,2696.364,240,1083
2024-12-11 12:00:00,2696.374,2715.855,2690.334,2712.994,240,728
2024-12-11 16:00:00,2713.034,2721.005,2710.904,2717.945,240,512
2024-12-11 20:00:00,2717.935,2720.185,2715.885,2719.835,177,432
2024-12-12 00:00:00,2719.115,2725.675,2697.885,2710.465,231,744
2024-12-12 04:00:00,2710.445,2720.315,2709.565,2715.944,240,513
2024-12-12 08:00:00,2715.914,2719.325,2707.165,2710.685,239,966
2024-12-12 12:00:00,2710.685,2712.205,2675.055,2679.584,240,753
2024-12-12 16:00:00,2679.535,2686.855,2677.124,2682.864,240,634
2024-12-12 20:00:00,2682.764,2683.425,2679.235,2680.565,180,478
2024-12-13 00:00:00,2680.534,2692.595,2678.675,2687.885,240,543
2024-12-13 04:00:00,2687.834,2690.324,2680.845,2682.965,240,583
2024-12-13 08:00:00,2682.945,2684.615,2664.118,2664.705,240,587
2024-12-13 12:00:00,2664.655,2672.805,2654.525,2659.755,240,603
2024-12-13 16:00:00,2659.674,2664.415,2651.905,2652.765,240,508
2024-12-13 20:00:00,2652.765,2653.345,2645.945,2647.385,120,558
2024-12-15 20:00:00,2649.098,2652.845,2648.548,2651.345,60,706
2024-12-16 00:00:00,2651.285,2655.448,2643.374,2653.618,240,520
2024-12-16 04:00:00,2653.618,2655.765,2649.374,2653.598,240,487
2024-12-16 08:00:00,2653.635,2663.975,2652.028,2663.385,240,567
2024-12-16 12:00:00,2663.405,2664.248,2650.695,2654.214,240,516
2024-12-16 16:00:00,2654.255,2655.618,2648.475,2653.125,240,441
2024-12-16 20:00:00,2653.125,2653.435,2651.345,2651.565,180,465
2024-12-17 00:00:00,2651.565,2658.465,2651.015,2653.435,240,516
2024-12-17 04:00:00,2653.465,2656.948,2646.294,2653.565,240,447
2024-12-17 08:00:00,2653.565,2653.565,2635.994,2642.085,240,475
2024-12-17 12:00:00,2642.085,2646.748,2632.795,2640.005,240,512
2024-12-17 16:00:00,2639.995,2648.865,2636.464,2645.195,240,527
2024-12-17 20:00:00,2645.248,2647.498,2642.874,2647.198,180,395
2024-12-18 00:00:00,2647.165,2651.525,2645.018,2645.555,240,574
2024-12-18 04:00:00,2645.554,2649.348,2642.555,2644.545,240,436
2024-12-18 08:00:00,2644.495,2649.535,2641.945,2645.995,240,476
2024-12-18 12:00:00,2645.985,2647.705,2634.0,2638.075,240,450
2024-12-18 16:00:00,2638.085,2639.895,2603.975,2604.435,240,408
2024-12-18 20:00:00,2604.465,2609.235,2582.264,2587.948,180,458
2024-12-19 00:00:00,2587.948,2617.948,2587.784,2610.285,240,590
2024-12-19 04:00:00,2610.285,2622.435,2603.195,2616.355,240,564
2024-12-19 08:00:00,2616.355,2626.325,2613.035,2616.584,240,537
2024-12-19 12:00:00,2616.554,2616.554,2586.815,2588.315,240,592
2024-12-19 16:00:00,2588.244,2600.925,2587.055,2596.645,240,410
2024-12-19 20:00:00,2596.635,2600.225,2592.168,2593.385,180,487
2024-12-20 00:00:00,2593.365,2603.825,2589.475,2598.345,240,489
2024-12-20 04:00:00,2598.355,2607.365,2596.335,2606.175,240,496
2024-12-20 08:00:00,2606.155,2607.598,2599.904,2603.545,240,511
2024-12-20 12:00:00,2603.485,2631.004,2599.715,2630.164,240,447
2024-12-20 16:00:00,2630.185,2631.698,2622.035,2627.775,240,483
2024-12-20 20:00:00,2627.745,2627.905,2619.065,2622.435,120,527
2024-12-22 20:00:00,2623.698,2624.545,2621.224,2624.098,59,860
2024-12-23 00:00:00,2624.245,2627.255,2617.285,2623.855,240,561
2024-12-23 04:00:00,2623.704,2633.135,2623.645,2630.145,240,567
2024-12-23 08:00:00,2630.055,2631.955,2612.908,2616.125,240,532
2024-12-23 12:00:00,2616.085,2619.795,2609.195,2609.605,240,542
2024-12-23 16:00:00,2609.625,2616.394,2608.055,2610.848,240,552
2024-12-23 20:00:00,2610.824,2616.975,2608.955,2615.348,180,402
2024-12-24 00:00:00,2615.348,2619.755,2613.365,2618.685,240,533
2024-12-24 04:00:00,2618.695,2621.205,2616.275,2618.298,240,459
2024-12-24 08:00:00,2618.298,2619.655,2612.155,2614.875,240,391
2024-12-24 12:00:00,2614.948,2617.065,2609.935,2611.625,240,613
2024-12-24 16:00:00,2611.625,2619.245,2611.425,2616.348,164,459
2024-12-25 20:00:00,2619.205,2619.825,2614.248,2618.205,60,1152
2024-12-26 00:00:00,2618.274,2628.915,2618.205,2626.658,240,701
2024-12-26 04:00:00,2626.648,2629.498,2623.435,2625.198,240,674
2024-12-26 08:00:00,2625.298,2629.808,2624.934,2627.738,240,608
2024-12-26 12:00:00,2627.738,2638.975,2621.598,2636.304,240,622
2024-12-26 16:00:00,2636.358,2636.585,2627.818,2634.765,240,554
2024-12-26 20:00:00,2634.775,2636.205,2630.425,2632.478,175,517
2024-12-27 00:00:00,2632.348,2635.348,2628.765,2633.685,240,526
2024-12-27 04:00:00,2633.675,2638.105,2631.148,2633.435,240,462
2024-12-27 08:00:00,2633.384,2633.384,2623.248,2628.495,240,571
2024-12-27 12:00:00,2628.585,2631.395,2611.285,2617.945,240,531
2024-12-27 16:00:00,2617.944,2621.234,2613.854,2620.554,240,505
2024-12-27 20:00:00,2620.604,2621.598,2612.448,2621.348,120,511
2024-12-29 20:00:00,2620.154,2625.998,2618.914,2623.748,60,941
2024-12-30 00:00:00,2623.904,2627.985,2621.225,2626.358,240,569
2024-12-30 04:00:00,2626.358,2626.358,2615.605,2616.535,240,458
2024-12-30 08:00:00,2616.535,2618.425,2608.975,2616.125,240,625
2024-12-30 12:00:00,2616.055,2622.425,2599.365,2601.375,240,656
2024-12-30 16:00:00,2601.335,2608.225,2595.905,2607.085,240,561
2024-12-30 20:00:00,2607.085,2609.365,2603.548,2606.548,180,532
2024-12-31 00:00:00,2606.504,2611.375,2603.305,2604.418,240,546
2024-12-31 04:00:00,2604.418,2613.965,2602.475,2613.555,240,532
2024-12-31 08:00:00,2613.615,2617.595,2609.615,2610.825,240,522
2024-12-31 12:00:00,2610.795,2626.475,2605.195,2625.614,240,559
2024-12-31 16:00:00,2625.614,2627.364,2622.064,2623.665,240,496
2024-12-31 20:00:00,2623.605,2624.835,2621.924,2623.915,90,440
2025-01-01 20:00:00,2625.098,2626.005,2621.475,2623.555,60,815
2025-01-02 00:00:00,2623.655,2636.298,2622.448,2633.448,240,586
2025-01-02 04:00:00,2633.468,2636.284,2630.858,2635.848,240,512
2025-01-02 08:00:00,2635.704,2646.098,2630.985,2641.665,240,542
2025-01-02 12:00:00,2641.704,2655.715,2635.865,2653.948,240,638
2025-01-02 16:00:00,2653.904,2660.374,2649.794,2654.635,240,443
2025-01-02 20:00:00,2654.564,2660.375,2653.985,2658.295,180,483
2025-01-03 00:00:00,2658.275,2665.185,2656.025,2662.155,240,478
2025-01-03 04:00:00,2662.125,2664.195,2651.708,2654.045,240,508
2025-01-03 08:00:00,2654.045,2659.155,2649.795,2657.425,240,489
2025-01-03 12:00:00,2657.415,2658.225,2640.835,2643.755,240,548
2025-01-03 16:00:00,2643.635,2647.085,2639.0,2639.248,240,514
2025-01-03 20:00:00,2639.248,2640.555,2636.625,2639.898,120,344
2025-01-05 20:00:00,2639.298,2642.235,2638.815,2640.848,60,745
2025-01-06 00:00:00,2640.835,2647.275,2638.425,2640.065,240,564
2025-01-06 04:00:00,2640.055,2640.605,2625.035,2626.705,240,466
2025-01-06 08:00:00,2626.705,2649.305,2625.575,2645.425,240,473
2025-01-06 12:00:00,2645.425,2648.668,2614.365,2634.195,240,579
2025-01-06 16:00:00,2634.275,2641.148,2632.385,2634.168,240,486
2025-01-06 20:00:00,2634.165,2636.935,2632.985,2634.465,180,441
2025-01-07 00:00:00,2634.548,2641.105,2632.775,2639.378,240,517
2025-01-07 04:00:00,2639.378,2646.515,2636.855,2640.348,240,473
2025-01-07 08:00:00,2640.348,2648.478,2639.885,2648.255,240,457
2025-01-07 12:00:00,2648.198,2664.098,2642.035,2647.585,240,570
2025-01-07 16:00:00,2647.545,2655.848,2646.225,2649.055,240,591
2025-01-07 20:00:00,2649.054,2651.285,2646.965,2649.555,180,513
2025-01-08 00:00:00,2649.465,2651.375,2645.395,2646.615,240,584
2025-01-08 04:00:00,2646.575,2654.255,2645.095,2652.448,240,526
2025-01-08 08:00:00,2652.448,2654.995,2647.454,2650.595,240,460
2025-01-08 12:00:00,2650.605,2667.648,2645.674,2665.698,240,657
2025-01-08 16:00:00,2665.698,2669.844,2649.114,2658.174,240,511
2025-01-08 20:00:00,2658.145,2663.945,2658.145,2662.475,180,456
2025-01-09 00:00:00,2662.475,2662.698,2656.155,2659.235,240,602
2025-01-09 04:00:00,2659.235,2666.775,2655.305,2662.218,240,547
2025-01-09 08:00:00,2662.164,2673.165,2660.268,2669.954,240,585
2025-01-09 12:00:00,2669.954,2678.395,2667.004,2668.058,240,701
2025-01-09 16:00:00,2668.058,2672.324,2662.548,2670.034,240,578
2025-01-09 20:00:00,2669.994,2671.275,2668.325,2669.795,180,472
2025-01-10 00:00:00,2669.865,2674.585,2668.728,2673.565,240,545
2025-01-10 04:00:00,2673.568,2678.575,2671.385,2676.025,240,484
2025-01-10 08:00:00,2676.025,2682.938,2675.585,2681.178,240,545
2025-01-10 12:00:00,2681.034,2697.654,2663.205,2692.434,240,667
2025-01-10 16:00:00,2692.404,2697.709,2684.348,2685.635,240,661
2025-01-10 20:00:00,2685.635,2693.648,2683.948,2689.755,120,712
2025-01-12 20:00:00,2690.155,2690.868,2687.189,2690.868,59,1595
2025-01-13 00:00:00,2690.819,2693.245,2679.145,2687.865,240,722
2025-01-13 04:00:00,2687.875,2691.235,2683.085,2684.929,240,480
2025-01-13 08:00:00,2684.929,2689.459,2675.205,2675.648,240,668
2025-01-13 12:00:00,2675.599,2676.868,2660.849,2661.478,240,688
2025-01-13 16:00:00,2661.439,2667.875,2656.615,2658.795,240,608
2025-01-13 20:00:00,2658.785,2669.215,2658.715,2667.675,180,356
2025-01-14 00:00:00,2667.675,2672.105,2666.059,2669.625,240,601
2025-01-14 04:00:00,2669.595,2675.155,2666.985,2669.005,240,508
2025-01-14 08:00:00,2669.175,2674.255,2664.439,2669.025,240,578
2025-01-14 12:00:00,2669.025,2674.148,2659.645,2671.478,240,612
2025-01-14 16:00:00,2671.499,2676.075,2666.495,2674.088,240,565
2025-01-14 20:00:00,2674.009,2679.198,2671.675,2675.415,180,553
2025-01-15 00:00:00,2675.455,2676.075,2669.315,2675.935,240,521
2025-01-15 04:00:00,2675.915,2684.005,2673.945,2681.175,240,510
2025-01-15 08:00:00,2681.175,2688.925,2681.045,2686.725,240,496
2025-01-15 12:00:00,2686.705,2695.925,2676.439,2678.255,240,508
2025-01-15 16:00:00,2678.255,2695.048,2676.765,2693.998,240,553
2025-01-15 20:00:00,2693.899,2697.448,2693.129,2694.625,177,342
2025-01-16 00:00:00,2694.625,2702.008,2692.648,2696.955,240,664
2025-01-16 04:00:00,2696.929,2699.815,2689.725,2698.028,240,507
2025-01-16 08:00:00,2698.178,2711.045,2696.895,2706.195,240,594
2025-01-16 12:00:00,2706.129,2719.445,2699.969,2716.719,240,731
2025-01-16 16:00:00,2716.738,2724.565,2714.498,2715.115,240,645
2025-01-16 20:00:00,2715.105,2716.965,2712.195,2714.448,180,414
2025-01-17 00:00:00,2714.355,2717.375,2709.725,2715.275,240,521
2025-01-17 04:00:00,2715.275,2716.385,2708.525,2710.395,240,541
2025-01-17 08:00:00,2710.465,2712.725,2702.669,2707.889,240,599
2025-01-17 12:00:00,2707.885,2715.005,2702.555,2714.155,240,543
2025-01-17 16:00:00,2714.275,2717.185,2702.685,2703.035,240,448
2025-01-17 20:00:00,2703.015,2704.035,2698.445,2702.645,120,525
2025-01-19 20:00:00,2701.105,2702.765,2690.875,2696.245,55,3236
2025-01-20 00:00:00,2696.185,2703.835,2689.308,2703.345,240,563
2025-01-20 04:00:00,2703.345,2713.655,2702.025,2703.435,240,534
2025-01-20 08:00:00,2703.435,2712.445,2702.739,2708.165,240,546
2025-01-20 12:00:00,2708.145,2711.835,2701.498,2706.795,240,540
2025-01-20 16:00:00,2706.705,2710.955,2703.185,2707.248,209,832
2025-01-20 20:00:00,2706.055,2711.065,2705.855,2710.205,60,1971
2025-01-21 00:00:00,2710.179,2726.785,2702.745,2724.265,240,546
2025-01-21 04:00:00,2724.275,2732.725,2722.465,2729.575,240,604
2025-01-21 08:00:00,2729.535,2729.535,2716.345,2723.885,240,801
2025-01-21 12:00:00,2723.865,2740.285,2721.665,2738.645,240,507
2025-01-21 16:00:00,2738.615,2745.848,2737.595,2742.605,240,464
2025-01-21 20:00:00,2742.565,2745.725,2739.875,2744.058,180,529
2025-01-22 00:00:00,2744.058,2750.865,2742.455,2750.188,240,523
2025-01-22 04:00:00,2750.188,2758.475,2745.425,2748.265,240,461
2025-01-22 08:00:00,2748.265,2763.205,2746.635,2756.208,240,648
2025-01-22 12:00:00,2756.208,2761.648,2750.148,2759.235,240,614
2025-01-22 16:00:00,2759.265,2760.175,2754.765,2755.165,240,461
2025-01-22 20:00:00,2755.135,2756.935,2753.548,2755.188,180,460
2025-01-23 00:00:00,2755.098,2756.088,2749.385,2749.875,240,603
2025-01-23 04:00:00,2749.845,2755.398,2749.675,2752.645,240,516
2025-01-23 08:00:00,2752.705,2754.685,2740.898,2751.668,240,452
2025-01-23 12:00:00,2751.678,2753.205,2735.665,2746.225,240,477
2025-01-23 16:00:00,2746.218,2758.655,2744.015,2753.945,240,493
2025-01-23 20:00:00,2753.975,2755.395,2751.078,2754.365,180,538
2025-01-24 00:00:00,2754.375,2777.215,2754.075,2772.245,240,505
2025-01-24 04:00:00,2772.238,2778.115,2770.365,2772.425,240,585
2025-01-24 08:00:00,2772.465,2779.955,2769.885,2776.495,240,604
2025-01-24 12:00:00,2776.515,2785.825,2773.595,2775.715,240,543
2025-01-24 16:00:00,2775.708,2777.405,2769.708,2774.525,240,508
2025-01-24 20:00:00,2774.555,2774.685,2769.805,2769.805,120,496
2025-01-26 20:00:00,2770.305,2770.405,2764.455,2767.285,60,1308
2025-01-27 00:00:00,2767.278,2772.415,2753.618,2760.905,240,749
2025-01-27 04:00:00,2760.915,2760.915,2747.065,2749.285,240,524
2025-01-27 08:00:00,2749.235,2771.855,2749.155,2771.205,240,472
2025-01-27 12:00:00,2771.225,2771.575,2739.285,2741.925,240,541
2025-01-27 16:00:00,2741.875,2743.045,2730.529,2739.185,240,539
2025-01-27 20:00:00,2739.205,2745.048,2737.935,2741.615,180,489
2025-01-28 00:00:00,2741.615,2745.065,2737.675,2738.615,240,526
2025-01-28 04:00:00,2738.608,2744.755,2738.155,2738.785,240,461
2025-01-28 08:00:00,2738.865,2744.975,2734.738,2742.585,240,481
2025-01-28 12:00:00,2742.555,2757.125,2740.995,2755.148,240,481
2025-01-28 16:00:00,2755.148,2764.875,2755.045,2764.735,240,463
2025-01-28 20:00:00,2764.635,2764.875,2761.855,2762.545,180,431
2025-01-29 00:00:00,2762.575,2765.985,2762.105,2762.545,240,869
2025-01-29 04:00:00,2762.538,2764.205,2757.275,2759.025,240,544
2025-01-29 08:00:00,2759.015,2765.928,2756.848,2758.935,240,386
2025-01-29 12:00:00,2758.925,2760.925,2748.0,2754.015,240,437
2025-01-29 16:00:00,2754.025,2757.488,2745.0,2754.945,240,467
2025-01-29 20:00:00,2754.905,2760.415,2752.425,2760.035,180,574
2025-01-30 00:00:00,2760.035,2762.405,2758.785,2761.565,240,532
2025-01-30 04:00:00,2761.585,2769.308,2758.475,2768.925,240,529
2025-01-30 08:00:00,2768.955,2779.415,2768.265,2777.625,240,477
2025-01-30 12:00:00,2777.625,2796.685,2776.025,2795.335,240,392
2025-01-30 16:00:00,2795.355,2798.305,2788.435,2793.265,240,611
2025-01-30 20:00:00,2793.265,2798.135,2789.405,2795.965,177,516
2025-01-31 00:00:00,2795.948,2799.375,2794.265,2796.195,240,619
2025-01-31 04:00:00,2796.185,2800.645,2791.905,2798.075,240,541
2025-01-31 08:00:00,2798.055,2800.535,2790.895,2799.985,240,671
2025-01-31 12:00:00,2799.905,2816.935,2799.485,2808.935,240,698
2025-01-31 16:00:00,2809.085,2816.088,2794.818,2795.905,240,480
2025-01-31 20:00:00,2795.955,2802.295,2793.965,2798.085,120,562
2025-02-02 20:00:00,2793.987,2803.148,2782.548,2792.545,57,2736
2025-02-03 00:00:00,2792.108,2795.598,2771.885,2774.225,240,2516
2025-02-03 04:00:00,2774.195,2789.645,2773.935,2789.155,240,689
2025-02-03 08:00:00,2789.155,2804.135,2786.755,2801.048,240,958
2025-02-03 12:00:00,2801.048,2830.305,2800.208,2817.215,240,475
2025-02-03 16:00:00,2817.215,2824.985,2812.828,2818.668,239,844
2025-02-03 20:00:00,2818.095,2819.295,2810.978,2813.548,178,483
2025-02-04 00:00:00,2813.525,2824.445,2812.305,2821.225,240,986
2025-02-04 04:00:00,2821.235,2821.315,2806.925,2812.535,240,593
2025-02-04 08:00:00,2812.595,2821.675,2809.918,2815.275,240,541
2025-02-04 12:00:00,2815.295,2845.335,2814.275,2835.705,240,513
2025-02-04 16:00:00,2835.685,2844.875,2832.405,2842.915,240,535
2025-02-04 20:00:00,2842.915,2844.648,2840.148,2841.035,180,527
2025-02-05 00:00:00,2841.095,2854.205,2839.335,2852.135,240,859
2025-02-05 04:00:00,2852.085,2864.075,2851.655,2863.985,240,758
2025-02-05 08:00:00,2863.945,2876.905,2863.405,2868.335,240,559
2025-02-05 12:00:00,2868.355,2882.215,2858.315,2879.975,240,613
2025-02-05 16:00:00,2879.958,2880.985,2862.565,2863.345,240,531
2025-02-05 20:00:00,2863.375,2870.775,2859.805,2868.985,180,566
2025-02-06 00:00:00,2868.985,2873.085,2863.448,2869.165,240,678
2025-02-06 04:00:00,2869.185,2872.145,2854.745,2855.465,240,542
2025-02-06 08:00:00,2855.465,2867.265,2848.535,2865.785,240,734
2025-02-06 12:00:00,2865.805,2870.045,2833.955,2850.465,240,520
2025-02-06 16:00:00,2850.475,2854.655,2847.985,2853.755,240,491
2025-02-06 20:00:00,2853.725,2858.555,2853.495,2857.835,180,486
2025-02-07 00:00:00,2857.845,2870.395,2857.415,2867.025,240,546
2025-02-07 04:00:00,2867.025,2869.385,2858.845,2864.015,240,668
2025-02-07 08:00:00,2864.075,2870.505,2863.035,2867.525,240,503
2025-02-07 12:00:00,2867.535,2886.605,2852.085,2880.135,240,540
2025-02-07 16:00:00,2880.235,2881.335,2853.135,2859.865,240,627
2025-02-07 20:00:00,2859.925,2863.685,2859.185,2860.135,120,651
2025-02-09 20:00:00,2858.065,2870.305,2854.448,2867.198,60,1613
2025-02-10 00:00:00,2867.198,2876.365,2865.558,2875.355,240,643
2025-02-10 04:00:00,2875.375,2896.465,2874.175,2895.395,240,635
2025-02-10 08:00:00,2895.395,2906.135,2892.085,2904.405,240,517
2025-02-10 12:00:00,2904.375,2911.655,2896.205,2908.855,240,571
2025-02-10 16:00:00,2908.905,2910.095,2896.315,2904.185,240,512
2025-02-10 20:00:00,2904.165,2921.455,2902.675,2917.655,180,462
2025-02-11 00:00:00,2917.685,2942.665,2905.015,2919.318,240,634
2025-02-11 04:00:00,2919.325,2929.275,2907.095,2913.275,240,1010
2025-02-11 08:00:00,2913.245,2914.988,2901.715,2903.775,240,536
2025-02-11 12:00:00,2903.765,2906.435,2881.635,2904.595,240,543
2025-02-11 16:00:00,2904.605,2908.475,2899.455,2900.125,240,501
2025-02-11 20:00:00,2900.125,2900.585,2893.855,2898.375,180,475
2025-02-12 00:00:00,2898.375,2898.765,2883.345,2888.855,240,686
2025-02-12 04:00:00,2888.765,2895.705,2883.505,2892.655,240,579
2025-02-12 08:00:00,2892.715,2893.915,2879.098,2879.359,240,484
2025-02-12 12:00:00,2879.515,2897.805,2863.685,2894.505,240,816
2025-02-12 16:00:00,2894.505,2909.035,2891.935,2897.675,240,513
2025-02-12 20:00:00,2897.695,2906.398,2895.305,2905.498,180,513
2025-02-13 00:00:00,2905.498,2917.855,2901.188,2916.285,240,616
2025-02-13 04:00:00,2916.275,2922.575,2912.348,2914.385,240,542
2025-02-13 08:00:00,2914.315,2919.225,2909.305,2917.725,240,500
2025-02-13 12:00:00,2917.785,2921.105,2905.548,2920.105,240,521
2025-02-13 16:00:00,2920.095,2927.305,2912.885,2926.745,240,480
2025-02-13 20:00:00,2926.715,2932.215,2924.665,2930.935,180,470
2025-02-14 00:00:00,2930.935,2933.705,2922.915,2924.175,240,572
2025-02-14 04:00:00,2924.169,2936.635,2923.615,2931.645,240,634
2025-02-14 08:00:00,2931.665,2939.935,2929.125,2930.955,240,499
2025-02-14 12:00:00,2930.915,2933.145,2892.795,2901.805,240,569
2025-02-14 16:00:00,2901.675,2903.645,2878.595,2880.435,240,561
2025-02-14 20:00:00,2880.435,2886.125,2876.805,2882.085,120,606
2025-02-16 20:00:00,2881.745,2893.405,2878.015,2879.075,60,1622
2025-02-17 00:00:00,2879.095,2904.465,2879.095,2903.275,240,861
2025-02-17 04:00:00,2903.265,2905.075,2888.155,2902.315,240,698
2025-02-17 08:00:00,2902.405,2906.215,2894.985,2900.825,240,534
2025-02-17 12:00:00,2900.795,2903.945,2895.328,2899.105,240,673
2025-02-17 16:00:00,2899.085,2901.038,2896.355,2898.275,209,559
2025-02-17 20:00:00,2898.545,2899.285,2896.895,2899.175,59,1439
2025-02-18 00:00:00,2899.135,2910.675,2891.775,2908.755,240,511
2025-02-18 04:00:00,2908.735,2915.535,2907.045,2911.405,240,736
2025-02-18 08:00:00,2911.395,2914.645,2906.915,2914.045,240,449
2025-02-18 12:00:00,2914.045,2929.525,2911.965,2926.885,240,606
2025-02-18 16:00:00,2926.885,2936.825,2923.955,2935.575,240,627
2025-02-18 20:00:00,2935.575,2936.575,2932.255,2933.778,179,463
2025-02-19 00:00:00,2933.778,2939.465,2924.0,2928.685,240,594
2025-02-19 04:00:00,2928.645,2935.655,2926.305,2934.045,240,612
2025-02-19 08:00:00,2933.995,2946.865,2933.515,2934.785,240,484
2025-02-19 12:00:00,2934.779,2941.515,2925.395,2925.615,240,540
2025-02-19 16:00:00,2925.555,2932.175,2918.365,2931.675,240,583
2025-02-19 20:00:00,2931.695,2937.268,2931.165,2935.085,180,479
2025-02-20 00:00:00,2935.125,2943.815,2933.615,2941.735,240,1006
2025-02-20 04:00:00,2941.715,2954.125,2939.125,2948.805,240,663
2025-02-20 08:00:00,2948.825,2954.755,2947.015,2948.538,240,529
2025-02-20 12:00:00,2948.538,2950.635,2923.945,2938.445,240,523
2025-02-20 16:00:00,2938.435,2946.885,2933.165,2937.735,240,504
2025-02-20 20:00:00,2937.755,2943.235,2935.355,2941.205,180,517
2025-02-21 00:00:00,2941.255,2949.545,2926.238,2930.965,240,651
2025-02-21 04:00:00,2930.925,2933.815,2923.955,2929.885,240,585
2025-02-21 08:00:00,2929.885,2935.935,2916.615,2928.195,240,501
2025-02-21 12:00:00,2928.185,2938.815,2921.355,2928.485,240,490
2025-02-21 16:00:00,2928.485,2942.625,2927.165,2933.205,240,526
2025-02-21 20:00:00,2933.185,2938.025,2931.935,2934.955,120,496
2025-02-23 20:00:00,2934.815,2940.068,2933.198,2936.635,60,1534
2025-02-24 00:00:00,2936.485,2944.575,2921.055,2940.935,240,925
2025-02-24 04:00:00,2940.975,2944.795,2935.115,2943.705,240,753
2025-02-24 08:00:00,2943.795,2948.665,2934.735,2947.615,240,467
2025-02-24 12:00:00,2947.585,2956.035,2930.585,2936.375,240,494
2025-02-24 16:00:00,2936.355,2949.685,2936.345,2948.995,240,480
2025-02-24 20:00:00,2948.995,2953.348,2946.805,2949.795,180,543
2025-02-25 00:00:00,2949.745,2952.405,2937.178,2939.315,240,597
2025-02-25 04:00:00,2939.295,2940.855,2930.575,2931.555,240,588
2025-02-25 08:00:00,2931.585,2942.285,2929.365,2938.475,240,509
2025-02-25 12:00:00,2938.535,2944.648,2900.475,2905.775,240,591
2025-02-25 16:00:00,2905.725,2913.665,2888.085,2911.915,240,490
2025-02-25 20:00:00,2911.895,2918.805,2910.655,2918.405,180,491
2025-02-26 00:00:00,2918.485,2929.995,2914.588,2916.985,240,617
2025-02-26 04:00:00,2916.985,2920.865,2905.595,2915.275,240,563
2025-02-26 08:00:00,2915.275,2918.865,2909.345,2913.635,240,506
2025-02-26 12:00:00,2913.635,2915.375,2890.588,2913.095,240,547
2025-02-26 16:00:00,2913.095,2916.605,2909.805,2913.795,240,503
2025-02-26 20:00:00,2913.795,2920.615,2911.875,2918.995,180,463
2025-02-27 00:00:00,2918.975,2918.975,2904.125,2905.455,240,590
2025-02-27 04:00:00,2905.545,2906.205,2887.855,2891.865,240,616
2025-02-27 08:00:00,2891.725,2894.845,2876.715,2883.935,240,613
2025-02-27 12:00:00,2883.875,2892.175,2867.565,2872.088,240,589
2025-02-27 16:00:00,2871.928,2887.508,2871.478,2879.025,240,642
2025-02-27 20:00:00,2879.035,2879.165,2871.125,2875.815,180,530
2025-02-28 00:00:00,2875.825,2884.925,2863.428,2865.565,240,552
2025-02-28 04:00:00,2865.545,2866.885,2856.785,2858.535,240,571
2025-02-28 08:00:00,2858.515,2864.745,2850.788,2861.995,240,519
2025-02-28 12:00:00,2861.975,2864.725,2832.455,2849.915,240,612
2025-02-28 16:00:00,2850.015,2853.795,2838.0,2849.455,240,592
2025-02-28 20:00:00,2849.415,2859.525,2847.495,2856.998,120,487
2025-03-02 20:00:00,2855.205,2876.905,2855.075,2870.608,60,1310
2025-03-03 00:00:00,2870.608,2871.848,2859.055,2864.655,240,813
2025-03-03 04:00:00,2864.648,2868.345,2859.935,2863.165,240,510
2025-03-03 08:00:00,2863.205,2875.275,2858.735,2874.225,240,479
2025-03-03 12:00:00,2874.175,2882.885,2868.465,2876.958,180,525
2025-03-03 16:00:00,2887.785,2892.935,2879.355,2881.365,240,476
2025-03-03 20:00:00,2881.355,2894.985,2878.115,2890.625,180,496
2025-03-04 00:00:00,2890.605,2893.625,2881.648,2888.448,240,924
2025-03-04 04:00:00,2888.418,2901.105,2884.155,2899.845,240,562
2025-03-04 08:00:00,2899.839,2921.455,2896.545,2919.718,240,635
2025-03-04 12:00:00,2919.725,2927.715,2899.835,2905.775,240,618
2025-03-04 16:00:00,2905.775,2916.305,2903.375,2915.945,240,589
2025-03-04 20:00:00,2915.939,2920.285,2913.135,2914.075,180,551
2025-03-05 00:00:00,2913.945,2916.915,2901.758,2908.415,240,571
2025-03-05 04:00:00,2908.385,2921.505,2908.245,2917.848,240,783
2025-03-05 08:00:00,2917.855,2922.355,2908.675,2912.939,240,571
2025-03-05 12:00:00,2913.145,2923.699,2894.145,2917.055,240,607
2025-03-05 16:00:00,2916.969,2929.748,2911.125,2920.355,240,566
2025-03-05 20:00:00,2920.355,2922.885,2916.138,2918.165,179,545
2025-03-06 00:00:00,2918.145,2926.425,2915.695,2920.995,240,539
2025-03-06 04:00:00,2920.995,2922.895,2909.645,2909.995,240,568
2025-03-06 08:00:00,2909.955,2911.355,2890.815,2905.685,240,496
2025-03-06 12:00:00,2905.705,2922.628,2899.085,2914.268,240,516
2025-03-06 16:00:00,2914.268,2921.258,2911.955,2913.685,240,611
2025-03-06 20:00:00,2913.605,2916.345,2908.105,2910.058,180,635
2025-03-07 00:00:00,2910.058,2910.058,2895.698,2905.165,234,658
2025-03-07 04:00:00,2905.149,2917.155,2904.509,2916.985,240,544
2025-03-07 08:00:00,2916.965,2922.875,2915.055,2918.548,240,619
2025-03-07 12:00:00,2918.548,2930.185,2903.229,2915.605,240,625
2025-03-07 16:00:00,2915.545,2919.305,2901.825,2905.015,240,538
2025-03-07 20:00:00,2904.985,2912.448,2904.675,2909.355,120,486
2025-03-09 20:00:00,2910.905,2916.678,2909.475,2915.908,120,1224
2025-03-10 00:00:00,2915.908,2918.125,2907.975,2910.695,240,633
2025-03-10 04:00:00,2910.615,2915.255,2904.125,2908.125,240,627
2025-03-10 08:00:00,2908.135,2915.275,2895.425,2903.859,240,593
2025-03-10 12:00:00,2903.895,2910.288,2897.515,2904.295,240,548
2025-03-10 16:00:00,2904.318,2906.605,2879.935,2885.395,240,603
2025-03-10 20:00:00,2885.395,2889.935,2882.048,2884.405,180,584
2025-03-11 00:00:00,2884.475,2900.315,2879.938,2896.685,240,643
2025-03-11 04:00:00,2896.688,2903.395,2892.405,2900.868,240,585
2025-03-11 08:00:00,2900.865,2915.268,2900.268,2913.325,240,480
2025-03-11 12:00:00,2913.335,2922.048,2906.665,2916.615,240,506
2025-03-11 16:00:00,2916.608,2921.245,2913.895,2918.195,240,590
2025-03-11 20:00:00,2918.195,2919.455,2914.155,2915.148,180,481
2025-03-12 00:00:00,2915.148,2919.795,2910.558,2914.755,240,597
2025-03-12 04:00:00,2914.765,2921.035,2908.785,2914.335,240,547
2025-03-12 08:00:00,2914.315,2925.135,2912.535,2915.115,240,487
2025-03-12 12:00:00,2915.105,2929.145,2905.755,2928.148,240,676
2025-03-12 16:00:00,2928.505,2940.348,2927.665,2931.115,240,551
2025-03-12 20:00:00,2931.099,2939.148,2930.655,2937.925,180,549
2025-03-13 00:00:00,2937.925,2946.975,2936.248,2945.445,240,604
2025-03-13 04:00:00,2945.405,2946.035,2932.768,2935.075,240,572
2025-03-13 08:00:00,2935.115,2948.735,2934.675,2946.135,240,519
2025-03-13 12:00:00,2946.129,2978.195,2938.738,2977.655,240,723
2025-03-13 16:00:00,2977.665,2985.325,2976.165,2982.745,240,485
2025-03-13 20:00:00,2982.745,2989.785,2981.015,2986.195,180,485
2025-03-14 00:00:00,2986.175,2992.875,2981.475,2992.375,240,600
2025-03-14 04:00:00,2992.375,2993.835,2981.0,2986.748,240,545
2025-03-14 08:00:00,2986.775,3004.725,2985.025,2993.305,240,521
2025-03-14 12:00:00,2993.305,2999.415,2978.085,2984.348,240,543
2025-03-14 16:00:00,2984.259,2990.285,2982.005,2983.775,240,635
2025-03-14 20:00:00,2983.845,2988.475,2981.625,2983.795,60,586
2025-03-16 20:00:00,2984.285,2993.905,2983.048,2989.915,120,920
2025-03-17 00:00:00,2989.915,2992.895,2985.075,2986.885,240,594
2025-03-17 04:00:00,2986.879,2990.545,2981.975,2985.325,240,529
2025-03-17 08:00:00,2985.319,3001.075,2982.935,2997.275,240,505
2025-03-17 12:00:00,2997.345,3000.355,2984.535,2996.945,240,866
2025-03-17 16:00:00,2996.945,3000.695,2992.805,3000.099,240,596
2025-03-17 20:00:00,3000.085,3002.665,2999.348,2999.518,179,489
2025-03-18 00:00:00,2999.508,3014.855,2999.258,3011.235,240,571
2025-03-18 04:00:00,3011.265,3018.695,3005.848,3016.309,240,592
2025-03-18 08:00:00,3016.309,3029.319,3016.269,3026.649,240,546
2025-03-18 12:00:00,3026.649,3038.058,3024.438,3031.565,240,682
2025-03-18 16:00:00,3031.545,3037.855,3029.545,3035.375,240,547
2025-03-18 20:00:00,3035.395,3035.795,3031.268,3031.528,180,546
2025-03-19 00:00:00,3031.565,3038.795,3027.175,3036.048,240,643
2025-03-19 04:00:00,3036.048,3045.155,3033.985,3035.665,240,607
2025-03-19 08:00:00,3035.685,3039.735,3022.315,3038.695,240,655
2025-03-19 12:00:00,3038.648,3040.898,3025.678,3031.255,240,590
2025-03-19 16:00:00,3031.295,3051.758,3028.538,3047.695,240,538
2025-03-19 20:00:00,3047.725,3051.105,3044.045,3049.875,180,590
2025-03-20 00:00:00,3049.895,3056.155,3044.768,3049.745,240,582
2025-03-20 04:00:00,3049.728,3057.245,3041.635,3042.105,240,617
2025-03-20 08:00:00,3042.105,3046.065,3025.428,3034.265,240,564
2025-03-20 12:00:00,3034.325,3042.175,3029.848,3040.478,240,775
2025-03-20 16:00:00,3040.455,3045.925,3033.718,3044.448,240,555
2025-03-20 20:00:00,3044.475,3046.485,3043.355,3046.245,180,553
2025-03-21 00:00:00,3046.245,3047.265,3029.795,3030.318,240,615
2025-03-21 04:00:00,3030.308,3033.785,3021.305,3031.775,240,586
2025-03-21 08:00:00,3031.775,3037.438,3026.905,3034.115,240,487
2025-03-21 12:00:00,3034.105,3037.975,2999.268,3010.825,240,543
2025-03-21 16:00:00,3010.845,3021.845,3010.408,3019.825,240,551
2025-03-21 20:00:00,3019.855,3024.125,3019.765,3022.705,60,546
2025-03-23 20:00:00,3020.155,3026.045,3020.155,3024.515,120,1201
2025-03-24 00:00:00,3024.448,3025.495,3013.475,3016.745,240,591
2025-03-24 04:00:00,3016.705,3028.725,3016.248,3022.165,240,584
2025-03-24 08:00:00,3022.165,3033.135,3021.665,3024.448,240,578
2025-03-24 12:00:00,3024.448,3028.425,3006.0,3013.845,240,532
2025-03-24 16:00:00,3013.845,3015.455,3002.145,3005.975,240,567
2025-03-24 20:00:00,3005.969,3014.475,3005.465,3009.595,180,546
2025-03-25 00:00:00,3009.615,3016.085,3007.315,3015.135,240,576
2025-03-25 04:00:00,3015.235,3020.895,3010.218,3010.915,240,604
2025-03-25 08:00:00,3010.915,3026.305,3010.418,3020.415,240,570
2025-03-25 12:00:00,3020.395,3035.905,3013.938,3021.305,240,605
2025-03-25 16:00:00,3021.395,3025.445,3017.575,3019.548,240,495
2025-03-25 20:00:00,3019.545,3022.035,3018.665,3020.775,180,495
2025-03-26 00:00:00,3020.765,3026.955,3016.208,3017.385,240,620
2025-03-26 04:00:00,3017.358,3030.628,3013.048,3030.365,240,584
2025-03-26 08:00:00,3030.345,3031.945,3016.855,3027.295,240,490
2025-03-26 12:00:00,3027.335,3029.925,3012.125,3015.775,240,703
2025-03-26 16:00:00,3015.775,3020.685,3015.025,3017.105,240,521
2025-03-26 20:00:00,3017.145,3021.675,3017.035,3021.395,180,499
2025-03-27 00:00:00,3021.368,3034.075,3021.355,3033.465,240,579
2025-03-27 04:00:00,3033.445,3038.495,3026.535,3035.715,240,569
2025-03-27 08:00:00,3035.825,3055.665,3033.565,3054.435,240,509
2025-03-27 12:00:00,3054.465,3059.518,3033.295,3051.878,240,1025
2025-03-27 16:00:00,3051.868,3057.685,3047.455,3057.355,240,649
2025-03-27 20:00:00,3057.355,3057.475,3053.875,3055.275,180,559
2025-03-28 00:00:00,3055.185,3077.365,3054.685,3075.065,240,593
2025-03-28 04:00:00,3075.075,3085.845,3072.305,3078.865,240,572
2025-03-28 08:00:00,3078.865,3081.118,3065.798,3076.135,240,617
2025-03-28 12:00:00,3076.185,3086.725,3067.115,3083.545,240,777
2025-03-28 16:00:00,3083.545,3086.598,3073.365,3080.625,240,547
2025-03-28 20:00:00,3080.595,3085.565,3080.595,3083.898,60,514
2025-03-30 20:00:00,3086.498,3097.715,3085.355,3088.898,120,839
2025-03-31 00:00:00,3088.845,3111.575,3076.485,3106.948,240,594
2025-03-31 04:00:00,3106.875,3127.825,3105.715,3124.348,240,618
2025-03-31 08:00:00,3124.348,3126.985,3111.648,3119.315,240,625
2025-03-31 12:00:00,3119.335,3127.085,3099.685,3113.645,240,527
2025-03-31 16:00:00,3113.645,3124.529,3111.405,3124.285,240,542
2025-03-31 20:00:00,3124.305,3126.398,3119.828,3120.348,180,451
2025-04-01 00:00:00,3120.265,3147.195,3120.065,3145.815,240,592
2025-04-01 04:00:00,3145.815,3148.835,3123.919,3127.348,240,574
2025-04-01 08:00:00,3127.348,3138.819,3126.158,3130.148,240,548
2025-04-01 12:00:00,3130.165,3136.925,3113.195,3113.505,240,509
2025-04-01 16:00:00,3113.499,3118.998,3100.665,3118.698,240,589
2025-04-01 20:00:00,3118.598,3120.625,3107.455,3114.998,180,575
2025-04-02 00:00:00,3114.998,3135.525,3112.768,3125.215,240,593
2025-04-02 04:00:00,3125.308,3126.508,3108.005,3125.075,240,586
2025-04-02 08:00:00,3125.105,3133.745,3110.0,3121.175,240,494
2025-04-02 12:00:00,3121.195,3131.945,3116.425,3125.648,240,581
2025-04-02 16:00:00,3125.655,3134.085,3118.465,3123.915,240,629
2025-04-02 20:00:00,3123.898,3167.548,3104.175,3162.475,178,3288
2025-04-03 00:00:00,3162.455,3164.575,3140.358,3147.865,240,601
2025-04-03 04:00:00,3147.715,3149.515,3116.175,3128.855,240,599
2025-04-03 08:00:00,3128.955,3131.935,3085.085,3092.955,240,597
2025-04-03 12:00:00,3092.935,3135.425,3053.935,3110.385,240,821
2025-04-03 16:00:00,3110.365,3114.048,3099.698,3107.405,240,612
2025-04-03 20:00:00,3107.495,3119.705,3107.145,3112.625,180,571
2025-04-04 00:00:00,3112.645,3115.515,3086.838,3098.198,240,642
2025-04-04 04:00:00,3098.085,3109.698,3091.775,3092.655,240,603
2025-04-04 08:00:00,3092.635,3136.435,3078.255,3110.098,240,621
2025-04-04 12:00:00,3110.145,3111.515,3016.518,3019.745,238,1370
2025-04-04 16:00:00,3021.775,3040.765,3015.335,3036.375,240,726
2025-04-04 20:00:00,3036.315,3040.815,3033.755,3037.998,60,517
2025-04-06 20:00:00,3006.765,3032.185,2976.585,2999.548,116,1832
2025-04-07 00:00:00,2999.548,3055.18,2970.305,3018.605,240,1202
2025-04-07 04:00:00,3018.585,3044.295,3013.095,3018.345,240,887
2025-04-07 08:00:00,3018.385,3045.965,3017.375,3030.825,240,726
2025-04-07 12:00:00,3030.915,3037.545,2979.753,2987.293,240,720
2025-04-07 16:00:00,2987.293,2987.593,2956.125,2976.365,240,720
2025-04-07 20:00:00,2976.235,2988.435,2969.145,2981.075,180,797
2025-04-08 00:00:00,2980.985,3004.595,2980.125,2994.505,240,663
2025-04-08 04:00:00,2994.435,3015.555,2990.465,3003.415,240,682
2025-04-08 08:00:00,3003.425,3019.345,2994.715,3017.185,240,637
2025-04-08 12:00:00,3017.265,3022.485,3000.975,3001.285,240,570
2025-04-08 16:00:00,3001.255,3001.255,2974.565,2984.575,240,607
2025-04-08 20:00:00,2984.569,2990.215,2969.605,2978.265,180,701
2025-04-09 00:00:00,2978.435,3010.835,2971.745,3004.015,240,677
2025-04-09 04:00:00,3003.995,3052.229,2998.695,3040.675,240,857
2025-04-09 08:00:00,3040.685,3067.715,3035.625,3066.385,240,858
2025-04-09 12:00:00,3066.445,3087.645,3042.435,3086.115,240,662
2025-04-09 16:00:00,3086.215,3099.465,3048.385,3093.165,240,635
2025-04-09 20:00:00,3093.069,3095.205,3070.935,3086.495,180,793
2025-04-10 00:00:00,3086.495,3131.615,3078.105,3125.095,240,783
2025-04-10 04:00:00,3125.095,3132.245,3106.445,3108.215,240,890
2025-04-10 08:00:00,3108.235,3125.445,3103.165,3124.525,240,817
2025-04-10 12:00:00,3124.575,3174.695,3115.965,3157.915,240,1213
2025-04-10 16:00:00,3157.915,3176.229,3151.385,3170.695,240,743
2025-04-10 20:00:00,3170.689,3191.045,3168.345,3188.775,180,662
2025-04-11 00:00:00,3188.755,3219.935,3184.665,3217.555,240,749
2025-04-11 04:00:00,3217.625,3219.005,3186.605,3212.185,240,764
2025-04-11 08:00:00,3212.165,3237.325,3208.145,3213.545,240,661
2025-04-11 12:00:00,3213.485,3243.945,3210.845,3240.165,240,1197
2025-04-11 16:00:00,3240.235,3245.025,3219.395,3230.785,240,863
2025-04-11 20:00:00,3230.735,3238.145,3230.455,3236.375,60,988
2025-04-13 20:00:00,3229.155,3229.205,3209.205,3223.545,120,1474
2025-04-14 00:00:00,3223.575,3245.515,3215.265,3232.145,240,646
2025-04-14 04:00:00,3232.155,3237.735,3221.115,3227.715,240,771
2025-04-14 08:00:00,3227.775,3231.545,3206.025,3223.115,240,643
2025-04-14 12:00:00,3223.135,3227.505,3193.315,3197.815,240,628
2025-04-14 16:00:00,3197.875,3216.355,3197.515,3212.575,240,655
2025-04-14 20:00:00,3212.625,3214.965,3207.155,3212.395,180,588
2025-04-15 00:00:00,3212.375,3228.785,3209.685,3228.175,240,595
2025-04-15 04:00:00,3228.105,3232.475,3217.095,3225.435,240,592
2025-04-15 08:00:00,3225.445,3232.005,3216.555,3219.865,240,820
2025-04-15 12:00:00,3219.925,3226.755,3211.385,3221.115,240,1466
2025-04-15 16:00:00,3221.145,3231.725,3219.325,3229.785,240,587
2025-04-15 20:00:00,3229.745,3251.665,3226.275,3251.665,180,545
2025-04-16 00:00:00,3251.655,3281.675,3251.455,3281.415,240,657
2025-04-16 04:00:00,3281.395,3300.625,3268.895,3300.275,240,661
2025-04-16 08:00:00,3300.235,3317.575,3288.075,3306.595,240,632
2025-04-16 12:00:00,3306.455,3327.965,3296.585,3325.175,236,689
2025-04-16 16:00:00,3325.175,3342.425,3321.155,3336.515,240,563
2025-04-16 20:00:00,3336.455,3357.455,3333.955,3349.885,180,619
2025-04-17 00:00:00,3349.925,3356.065,3320.515,3344.305,240,641
2025-04-17 04:00:00,3344.035,3345.345,3314.015,3323.235,240,628
2025-04-17 08:00:00,3323.265,3333.585,3312.485,3327.235,240,731
2025-04-17 12:00:00,3327.205,3341.815,3283.345,3296.075,240,1191
2025-04-17 16:00:00,3296.125,3322.335,3294.665,3320.605,240,626
2025-04-17 20:00:00,3320.645,3328.605,3317.815,3326.925,59,593
2025-04-20 20:00:00,3331.835,3352.965,3327.985,3347.975,120,1163
2025-04-21 00:00:00,3348.295,3385.115,3347.285,3382.205,240,737
2025-04-21 04:00:00,3382.175,3395.855,3368.845,3384.845,240,717
2025-04-21 08:00:00,3384.839,3405.725,3383.395,3404.285,240,654
2025-04-21 12:00:00,3404.315,3430.015,3397.405,3422.695,240,607
2025-04-21 16:00:00,3422.685,3430.355,3405.825,3423.275,240,621
2025-04-21 20:00:00,3423.325,3444.045,3419.505,3434.954,180,685
2025-04-22 00:00:00,3434.986,3494.625,3411.075,3487.655,240,825
2025-04-22 04:00:00,3487.745,3499.915,3460.195,3468.155,240,680
2025-04-22 08:00:00,3468.355,3472.475,3442.775,3456.545,240,892
2025-04-22 12:00:00,3456.525,3464.655,3408.065,3417.465,240,799
2025-04-22 16:00:00,3417.375,3420.685,3366.525,3374.505,240,861
2025-04-22 20:00:00,3374.499,3382.505,3312.625,3336.315,180,807
2025-04-23 00:00:00,3336.345,3386.375,3328.695,3338.715,240,890
2025-04-23 04:00:00,3338.755,3349.055,3291.165,3318.835,240,747
2025-04-23 08:00:00,3318.785,3340.255,3305.285,3324.33,240,756
2025-04-23 12:00:00,3324.355,3333.055,3259.485,3280.045,240,752
2025-04-23 16:00:00,3280.395,3305.505,3277.545,3293.635,240,881
2025-04-23 20:00:00,3293.695,3316.695,3283.675,3316.145,180,601
2025-04-24 00:00:00,3316.165,3367.015,3313.035,3326.885,240,711
2025-04-24 04:00:00,3326.735,3339.605,3314.005,3333.485,240,681
2025-04-24 08:00:00,3333.415,3343.595,3325.085,3336.665,240,752
2025-04-24 12:00:00,3336.635,3344.425,3306.245,3329.235,240,1066
2025-04-24 16:00:00,3329.275,3346.765,3322.135,3342.005,240,739
2025-04-24 20:00:00,3342.155,3370.065,3337.815,3348.745,166,651
2025-04-25 00:00:00,3348.755,3362.685,3322.095,3323.345,240,694
2025-04-25 04:00:00,3323.315,3327.545,3286.545,3307.205,240,717
2025-04-25 08:00:00,3307.165,3308.715,3287.595,3293.245,240,645
2025-04-25 12:00:00,3293.225,3302.935,3264.785,3282.725,240,672
2025-04-25 16:00:00,3282.755,3312.205,3280.075,3304.505,240,740
2025-04-25 20:00:00,3304.505,3319.355,3304.445,3318.625,60,691
2025-04-27 20:00:00,3324.265,3335.995,3298.275,3302.415,120,1568
2025-04-28 00:00:00,3302.485,3315.695,3267.765,3290.595,240,783
2025-04-28 04:00:00,3290.575,3300.775,3277.165,3287.035,240,658
2025-04-28 08:00:00,3287.065,3296.925,3273.065,3293.885,240,832
2025-04-28 12:00:00,3293.935,3335.715,3286.735,3324.695,240,639
2025-04-28 16:00:00,3324.725,3352.835,3324.105,3351.935,240,780
2025-04-28 20:00:00,3351.695,3352.135,3332.015,3337.325,180,747
2025-04-29 00:00:00,3337.285,3339.665,3307.695,3315.835,240,771
2025-04-29 04:00:00,3315.815,3323.625,3304.715,3322.745,240,749
2025-04-29 08:00:00,3322.775,3324.685,3306.005,3309.145,240,677
2025-04-29 12:00:00,3309.145,3320.995,3299.325,3312.195,240,606
2025-04-29 16:00:00,3312.205,3329.725,3311.955,3320.305,240,708
2025-04-29 20:00:00,3320.245,3323.175,3310.635,3316.775,175,654
2025-04-30 00:00:00,3316.825,3327.865,3303.335,3304.385,240,831
2025-04-30 04:00:00,3304.385,3314.455,3301.025,3306.765,240,759
2025-04-30 08:00:00,3306.805,3307.435,3268.055,3272.115,240,744
2025-04-30 12:00:00,3272.175,3319.555,3266.875,3307.735,240,1030
2025-04-30 16:00:00,3307.835,3313.945,3291.919,3295.655,240,1040
2025-04-30 20:00:00,3295.649,3297.705,3270.0,3272.545,180,767
2025-05-01 00:00:00,3272.575,3276.095,3228.435,3228.995,240,1259
2025-05-01 04:00:00,3229.035,3243.045,3220.605,3229.905,240,1095
2025-05-01 08:00:00,3229.899,3236.465,3203.065,3205.155,240,767
2025-05-01 12:00:00,3205.115,3233.075,3201.685,3216.265,240,1008
2025-05-01 16:00:00,3216.265,3229.475,3208.685,3228.005,240,756
2025-05-01 20:00:00,3227.999,3243.015,3227.565,3236.955,180,783
2025-05-02 00:00:00,3237.129,3258.455,3227.115,3254.595,240,849
2025-05-02 04:00:00,3254.555,3263.145,3246.125,3258.785,240,845
2025-05-02 08:00:00,3258.785,3268.805,3254.735,3262.265,240,807
2025-05-02 12:00:00,3262.235,3264.735,3229.835,3231.395,240,1418
2025-05-02 16:00:00,3231.445,3239.655,3222.395,3233.405,240,823
2025-05-02 20:00:00,3233.435,3241.085,3232.525,3239.415,60,781
2025-05-04 20:00:00,3239.195,3252.115,3236.745,3247.745,120,1230
2025-05-05 00:00:00,3247.775,3272.205,3240.885,3254.195,240,788
2025-05-05 04:00:00,3254.125,3267.585,3253.355,3264.665,240,765
2025-05-05 08:00:00,3264.605,3318.715,3262.915,3312.655,240,663
2025-05-05 12:00:00,3312.405,3328.415,3308.655,3311.745,240,849
2025-05-05 16:00:00,3311.675,3337.395,3305.285,3328.615,240,874
2025-05-05 20:00:00,3328.609,3337.495,3327.015,3333.765,180,878
2025-05-06 00:00:00,3333.665,3386.745,3321.108,3360.055,240,849
2025-05-06 04:00:00,3360.255,3379.325,3349.745,3371.125,240,1015
2025-05-06 08:00:00,3371.145,3384.805,3368.305,3378.875,240,607
2025-05-06 12:00:00,3378.925,3399.665,3372.865,3394.835,240,787
2025-05-06 16:00:00,3394.805,3423.835,3394.415,3422.785,240,814
2025-05-06 20:00:00,3422.765,3437.655,3376.305,3400.385,180,799
2025-05-07 00:00:00,3400.495,3401.075,3359.735,3374.915,240,992
2025-05-07 04:00:00,3374.915,3397.165,3374.455,3387.775,240,1055
2025-05-07 08:00:00,3387.775,3393.155,3369.075,3386.695,240,654
2025-05-07 12:00:00,3386.695,3397.875,3375.435,3384.855,240,604
2025-05-07 16:00:00,3384.935,3397.635,3363.495,3371.535,240,795
2025-05-07 20:00:00,3371.565,3376.625,3363.035,3376.015,180,798
2025-05-08 00:00:00,3376.259,3414.705,3373.445,3396.425,240,831
2025-05-08 04:00:00,3396.405,3399.005,3319.835,3342.695,240,848
2025-05-08 08:00:00,3342.765,3346.455,3330.135,3344.175,240,742
2025-05-08 12:00:00,3344.195,3369.185,3326.405,3329.955,240,1154
2025-05-08 16:00:00,3330.025,3330.025,3288.445,3306.085,240,944
2025-05-08 20:00:00,3306.175,3323.545,3303.585,3316.025,180,739
2025-05-09 00:00:00,3316.065,3322.725,3274.295,3307.835,240,984
2025-05-09 04:00:00,3307.825,3331.995,3307.825,3327.045,240,776
2025-05-09 08:00:00,3327.065,3338.105,3319.925,3332.825,240,661
2025-05-09 12:00:00,3332.865,3345.905,3320.115,3344.825,240,595
2025-05-09 16:00:00,3344.785,3347.365,3325.255,3328.615,240,665
2025-05-09 20:00:00,3328.425,3330.205,3323.345,3323.345,60,600
2025-05-11 20:00:00,3271.805,3292.675,3265.485,3287.315,118,1867
2025-05-12 00:00:00,3287.375,3289.675,3258.535,3283.045,240,764
2025-05-12 04:00:00,3282.995,3283.335,3215.775,3222.575,240,783
2025-05-12 08:00:00,3222.545,3234.165,3207.495,3224.625,240,719
2025-05-12 12:00:00,3224.489,3248.395,3220.125,3239.015,240,654
2025-05-12 16:00:00,3238.965,3239.875,3220.125,3235.315,240,734
2025-05-12 20:00:00,3235.295,3241.525,3229.565,3236.585,180,584
2025-05-13 00:00:00,3236.585,3243.095,3215.535,3236.465,240,742
2025-05-13 04:00:00,3236.415,3265.405,3234.735,3258.905,240,717
2025-05-13 08:00:00,3258.985,3261.055,3248.545,3248.885,240,646
2025-05-13 12:00:00,3248.945,3255.435,3225.145,3252.905,240,837
2025-05-13 16:00:00,3252.905,3257.635,3241.895,3249.115,240,694
2025-05-13 20:00:00,3249.195,3256.685,3247.755,3253.925,180,630
2025-05-14 00:00:00,3254.145,3254.305,3225.875,3228.145,240,899
2025-05-14 04:00:00,3228.145,3238.595,3222.0,3237.735,240,761
2025-05-14 08:00:00,3237.405,3243.495,3219.205,3219.995,240,821
2025-05-14 12:00:00,3219.905,3222.305,3174.505,3182.345,240,761
2025-05-14 16:00:00,3182.765,3190.525,3167.545,3180.455,240,831
2025-05-14 20:00:00,3180.449,3187.175,3176.625,3185.815,180,642
2025-05-15 00:00:00,3185.815,3192.555,3147.735,3150.195,240,810
2025-05-15 04:00:00,3150.245,3153.785,3120.205,3141.985,240,772
2025-05-15 08:00:00,3141.985,3179.845,3138.715,3178.845,240,856
2025-05-15 12:00:00,3178.815,3219.755,3177.175,3219.405,240,1175
2025-05-15 16:00:00,3219.415,3232.575,3215.515,3231.905,240,856
2025-05-15 20:00:00,3231.825,3251.805,3230.815,3236.845,180,750
2025-05-16 00:00:00,3236.815,3244.245,3206.255,3211.625,240,841
2025-05-16 04:00:00,3211.585,3230.875,3204.975,3207.345,240,841
2025-05-16 08:00:00,3207.279,3212.675,3153.475,3162.685,240,837
2025-05-16 12:00:00,3162.825,3188.345,3154.375,3183.205,240,1172
2025-05-16 16:00:00,3183.195,3195.645,3180.075,3192.425,240,857
2025-05-16 20:00:00,3192.345,3204.785,3192.005,3202.465,60,677
2025-05-18 20:00:00,3218.455,3245.025,3205.785,3234.265,120,1392
2025-05-19 00:00:00,3234.295,3249.505,3207.755,3211.915,240,1010
2025-05-19 04:00:00,3211.915,3234.315,3206.305,3232.155,240,794
2025-05-19 08:00:00,3232.225,3248.285,3229.675,3243.595,240,676
2025-05-19 12:00:00,3243.595,3244.245,3216.905,3231.355,240,659
2025-05-19 16:00:00,3231.375,3235.665,3225.035,3232.855,240,689
2025-05-19 20:00:00,3232.895,3233.655,3218.705,3222.195,180,563
2025-05-20 00:00:00,3222.225,3232.445,3204.205,3211.275,240,746
2025-05-20 04:00:00,3211.215,3225.135,3207.665,3222.575,240,781
2025-05-20 08:00:00,3222.559,3241.425,3218.059,3241.005,240,647
2025-05-20 12:00:00,3240.905,3285.535,3232.615,3277.025,240,611
2025-05-20 16:00:00,3277.005,3295.015,3274.995,3294.005,240,640
2025-05-20 20:00:00,3293.985,3303.765,3288.355,3290.435,180,577
2025-05-21 00:00:00,3290.385,3314.485,3285.105,3307.515,240,798
2025-05-21 04:00:00,3307.515,3320.455,3298.145,3309.585,240,615
2025-05-21 08:00:00,3309.605,3318.105,3303.725,3310.995,240,670
2025-05-21 12:00:00,3310.995,3315.005,3290.668,3311.725,240,613
2025-05-21 16:00:00,3311.745,3324.748,3302.455,3318.095,240,611
2025-05-21 20:00:00,3318.095,3323.998,3312.898,3319.835,180,572
2025-05-22 00:00:00,3320.075,3345.198,3319.128,3335.148,240,687
2025-05-22 04:00:00,3335.035,3339.148,3322.355,3327.395,240,722
2025-05-22 08:00:00,3327.415,3329.698,3282.785,3314.225,240,628
2025-05-22 12:00:00,3314.055,3315.535,3278.789,3294.448,240,780
2025-05-22 16:00:00,3294.515,3304.635,3288.915,3290.075,240,671
2025-05-22 20:00:00,3290.075,3301.695,3289.325,3299.748,180,611
2025-05-23 00:00:00,3299.825,3308.648,3286.765,3301.848,240,678
2025-05-23 04:00:00,3301.848,3334.135,3301.748,3328.948,240,692
2025-05-23 08:00:00,3328.948,3349.448,3322.295,3347.688,240,654
2025-05-23 12:00:00,3347.705,3364.398,3336.248,3361.435,240,757
2025-05-23 16:00:00,3361.525,3365.798,3356.165,3360.548,240,610
2025-05-23 20:00:00,3360.548,3361.598,3355.975,3356.575,60,657
2025-05-25 20:00:00,3355.698,3356.085,3340.905,3342.298,120,1426
2025-05-26 00:00:00,3342.425,3356.598,3331.198,3347.348,240,733
2025-05-26 04:00:00,3347.245,3351.548,3331.875,3337.148,240,726
2025-05-26 08:00:00,3337.045,3339.398,3323.298,3332.898,240,730
2025-05-26 12:00:00,3332.905,3341.348,3326.048,3337.798,240,751
2025-05-26 16:00:00,3337.745,3343.348,3337.398,3341.635,149,692
2025-05-26 20:00:00,3342.498,3348.515,3342.298,3345.945,120,1150
2025-05-27 00:00:00,3345.915,3349.748,3331.495,3340.918,240,671
2025-05-27 04:00:00,3340.898,3341.198,3292.265,3296.048,240,710
2025-05-27 08:00:00,3296.048,3310.148,3287.548,3288.148,240,687
2025-05-27 12:00:00,3288.125,3304.748,3284.159,3293.298,240,774
2025-05-27 16:00:00,3293.298,3307.885,3292.798,3304.165,240,637
2025-05-27 20:00:00,3304.415,3310.848,3297.085,3309.148,180,575
2025-05-28 00:00:00,3309.148,3315.525,3291.398,3297.505,240,678
2025-05-28 04:00:00,3297.565,3322.268,3294.135,3318.948,240,673
2025-05-28 08:00:00,3318.948,3325.318,3307.195,3310.915,240,670
2025-05-28 12:00:00,3310.895,3316.145,3292.345,3295.835,240,623
2025-05-28 16:00:00,3295.925,3302.965,3288.355,3296.765,240,602
2025-05-28 20:00:00,3296.765,3297.135,3249.725,3259.548,180,639
2025-05-29 00:00:00,3259.548,3280.005,3245.198,3274.398,240,816
2025-05-29 04:00:00,3274.398,3287.185,3265.848,3286.175,240,683
2025-05-29 08:00:00,3286.175,3305.265,3275.985,3299.545,240,633
2025-05-29 12:00:00,3299.545,3321.875,3298.448,3321.485,240,708
2025-05-29 16:00:00,3321.498,3330.775,3315.298,3316.485,240,621
2025-05-29 20:00:00,3316.555,3320.798,3312.575,3315.395,180,544
2025-05-30 00:00:00,3315.395,3322.448,3290.985,3294.198,240,678
2025-05-30 04:00:00,3293.985,3304.798,3287.148,3294.748,240,690
2025-05-30 08:00:00,3294.748,3300.348,3288.365,3293.798,240,663
2025-05-30 12:00:00,3293.798,3307.998,3271.095,3288.398,240,824
2025-05-30 16:00:00,3288.398,3295.515,3283.705,3294.745,240,706
2025-05-30 20:00:00,3294.715,3295.595,3288.425,3288.865,60,612
2025-06-01 20:00:00,3298.375,3316.448,3295.208,3309.935,120,1084
2025-06-02 00:00:00,3309.955,3314.698,3301.195,3308.448,240,697
2025-06-02 04:00:00,3308.425,3358.748,3308.425,3352.265,240,668
2025-06-02 08:00:00,3352.385,3360.098,3344.165,3356.065,240,654
2025-06-02 12:00:00,3356.015,3378.745,3349.925,3374.085,240,606
2025-06-02 16:00:00,3374.085,3382.275,3368.975,3381.415,240,491
2025-06-02 20:00:00,3381.415,3391.935,3378.215,3387.198,180,553
2025-06-03 00:00:00,3387.225,3388.398,3359.445,3360.758,240,686
2025-06-03 04:00:00,3360.755,3367.575,3350.938,3359.348,240,682
2025-06-03 08:00:00,3359.348,3364.548,3353.085,3359.098,240,658
2025-06-03 12:00:00,3359.098,3362.948,3332.575,3350.198,240,617
2025-06-03 16:00:00,3350.198,3355.245,3344.398,3352.375,240,511
2025-06-03 20:00:00,3352.395,3361.355,3352.345,3359.698,180,595
2025-06-04 00:00:00,3359.698,3372.445,3346.195,3358.998,240,685
2025-06-04 04:00:00,3358.998,3364.948,3347.745,3354.475,240,647
2025-06-04 08:00:00,3354.415,3364.935,3343.448,3346.315,240,663
2025-06-04 12:00:00,3346.415,3384.495,3343.985,3371.498,240,695
2025-06-04 16:00:00,3371.498,3381.875,3370.665,3373.348,240,619
2025-06-04 20:00:00,3373.185,3378.798,3370.505,3377.935,180,631
2025-06-05 00:00:00,3377.865,3383.975,3367.898,3369.448,240,654
2025-06-05 04:00:00,3369.448,3374.298,3360.925,3371.098,240,665
2025-06-05 08:00:00,3371.115,3403.178,3369.595,3391.998,240,595
2025-06-05 12:00:00,3392.345,3399.848,3339.048,3344.545,240,786
2025-06-05 16:00:00,3344.448,3361.115,3339.548,3356.505,240,702
2025-06-05 20:00:00,3356.535,3363.208,3351.748,3361.648,180,695
2025-06-06 00:00:00,3361.648,3371.725,3355.848,3369.448,240,661
2025-06-06 04:00:00,3369.365,3375.348,3352.615,3359.248,240,674
2025-06-06 08:00:00,3359.415,3367.559,3352.665,3358.095,240,581
2025-06-06 12:00:00,3358.265,3364.098,3316.065,3331.898,240,1208
2025-06-06 16:00:00,3331.875,3332.498,3311.095,3312.118,240,629
2025-06-06 20:00:00,3312.135,3312.595,3306.915,3309.625,60,587
2025-06-08 20:00:00,3311.395,3320.985,3309.018,3317.798,120,1344
2025-06-09 00:00:00,3317.905,3318.448,3293.198,3310.518,240,653
2025-06-09 04:00:00,3310.448,3328.415,3308.948,3323.948,240,633
2025-06-09 08:00:00,3323.955,3325.485,3311.979,3317.248,240,547
2025-06-09 12:00:00,3317.275,3331.965,3310.525,3328.395,240,582
2025-06-09 16:00:00,3328.378,3338.065,3325.655,3327.055,240,560
2025-06-09 20:00:00,3327.049,3329.405,3321.338,3326.555,180,536
2025-06-10 00:00:00,3326.575,3326.595,3301.698,3307.305,240,672
2025-06-10 04:00:00,3307.345,3332.055,3302.645,3329.925,240,646
2025-06-10 08:00:00,3330.025,3342.298,3325.948,3333.545,240,585
2025-06-10 12:00:00,3333.595,3348.895,3322.965,3326.495,240,547
2025-06-10 16:00:00,3326.455,3334.348,3319.215,3328.485,240,561
2025-06-10 20:00:00,3328.535,3328.655,3315.245,3327.755,180,571
2025-06-11 00:00:00,3327.825,3341.475,3324.835,3339.105,240,678
2025-06-11 04:00:00,3339.098,3348.405,3332.225,3345.415,240,605
2025-06-11 08:00:00,3345.409,3346.555,3325.755,3332.865,240,586
2025-06-11 12:00:00,3332.935,3360.405,3326.835,3332.998,240,861
2025-06-11 16:00:00,3332.998,3349.065,3319.405,3346.538,240,614
2025-06-11 20:00:00,3346.518,3373.168,3346.358,3365.265,180,583
2025-06-12 00:00:00,3365.165,3377.548,3361.938,3373.198,240,665
2025-06-12 04:00:00,3373.145,3375.655,3338.385,3345.925,240,626
2025-06-12 08:00:00,3345.875,3388.355,3345.875,3379.095,240,628
2025-06-12 12:00:00,3378.955,3398.745,3376.265,3385.498,240,657
2025-06-12 16:00:00,3385.498,3391.198,3377.798,3388.048,240,626
2025-06-12 20:00:00,3387.875,3395.955,3379.378,3395.545,180,580
2025-06-13 00:00:00,3395.425,3444.125,3391.465,3425.348,240,797
2025-06-13 04:00:00,3425.248,3430.135,3407.755,3414.715,240,613
2025-06-13 08:00:00,3414.695,3427.545,3411.395,3422.005,240,570
2025-06-13 12:00:00,3422.045,3446.648,3420.728,3426.045,240,594
2025-06-13 16:00:00,3426.035,3439.395,3419.055,3432.165,240,572
2025-06-13 20:00:00,3432.235,3434.645,3428.905,3431.855,60,478
2025-06-15 20:00:00,3451.065,3451.065,3428.075,3444.015,120,1389
2025-06-16 00:00:00,3443.998,3451.085,3429.048,3431.365,240,642
2025-06-16 04:00:00,3431.345,3433.165,3409.165,3412.455,240,632
2025-06-16 08:00:00,3412.375,3422.455,3409.475,3414.775,240,605
2025-06-16 12:00:00,3414.825,3417.725,3382.525,3404.375,240,591
2025-06-16 16:00:00,3404.375,3404.848,3382.665,3383.885,240,570
2025-06-16 20:00:00,3383.745,3402.655,3383.175,3402.598,180,547
2025-06-17 00:00:00,3402.635,3403.098,3373.235,3387.348,240,621
2025-06-17 04:00:00,3387.365,3396.065,3380.805,3387.605,240,594
2025-06-17 08:00:00,3387.645,3399.948,3375.445,3388.348,240,585
2025-06-17 12:00:00,3388.348,3397.275,3365.835,3379.098,240,668
2025-06-17 16:00:00,3379.198,3392.298,3376.448,3385.525,240,574
2025-06-17 20:00:00,3385.495,3395.998,3383.398,3387.155,180,543
2025-06-18 00:00:00,3387.098,3391.305,3370.345,3390.775,240,628
2025-06-18 04:00:00,3390.805,3399.845,3376.865,3385.695,240,645
2025-06-18 08:00:00,3385.648,3388.205,3375.248,3381.915,240,641
2025-06-18 12:00:00,3381.885,3396.648,3373.545,3392.535,240,783
2025-06-18 16:00:00,3392.485,3395.598,3362.705,3366.598,240,601
2025-06-18 20:00:00,3366.598,3379.598,3362.355,3374.885,180,585
2025-06-19 00:00:00,3374.925,3387.798,3369.438,3373.365,240,607
2025-06-19 04:00:00,3373.325,3375.065,3347.265,3365.745,240,602
2025-06-19 08:00:00,3365.715,3378.891,3362.058,3371.735,240,606
2025-06-19 12:00:00,3371.775,3372.755,3361.265,3369.015,240,575
2025-06-19 16:00:00,3369.035,3375.198,3365.615,3370.075,149,593
2025-06-19 20:00:00,3368.405,3370.315,3361.725,3368.585,120,1042
2025-06-20 00:00:00,3368.585,3370.115,3344.375,3355.345,240,650
2025-06-20 04:00:00,3355.355,3357.465,3340.175,3347.465,240,638
2025-06-20 08:00:00,3347.375,3359.085,3346.398,3346.798,240,564
2025-06-20 12:00:00,3347.075,3374.265,3341.715,3369.598,240,698
2025-06-20 16:00:00,3369.525,3373.148,3364.455,3365.345,240,569
2025-06-20 20:00:00,3365.345,3369.148,3364.488,3368.005,60,541
2025-06-22 20:00:00,3390.698,3396.648,3370.898,3372.498,120,1311
2025-06-23 00:00:00,3372.455,3373.348,3351.765,3363.155,240,659
2025-06-23 04:00:00,3363.105,3364.865,3346.675,3357.375,240,584
2025-06-23 08:00:00,3357.405,3381.848,3357.405,3380.555,240,560
2025-06-23 12:00:00,3380.585,3389.615,3355.695,3386.985,240,593
2025-06-23 16:00:00,3386.965,3393.348,3375.265,3376.248,240,548
2025-06-23 20:00:00,3376.248,3377.105,3341.095,3343.898,180,545
2025-06-24 00:00:00,3343.998,3357.615,3332.865,3352.235,240,742
2025-06-24 04:00:00,3352.235,3353.185,3315.855,3329.545,240,617
2025-06-24 08:00:00,3329.455,3332.235,3317.648,3320.955,240,599
2025-06-24 12:00:00,3320.898,3320.898,3295.098,3313.015,240,576
2025-06-24 16:00:00,3313.065,3325.005,3311.098,3323.365,240,554
2025-06-24 20:00:00,3323.425,3325.198,3320.655,3324.015,180,537
2025-06-25 00:00:00,3323.975,3335.048,3323.415,3328.145,240,600
2025-06-25 04:00:00,3328.145,3336.848,3325.605,3330.418,240,569
2025-06-25 08:00:00,3330.365,3332.195,3321.348,3322.348,240,563
2025-06-25 12:00:00,3322.348,3329.285,3311.705,3325.425,240,598
2025-06-25 16:00:00,3325.425,3335.848,3323.898,3333.465,240,558
2025-06-25 20:00:00,3333.595,3340.015,3331.065,3338.805,180,547
2025-06-26 00:00:00,3338.835,3342.985,3328.998,3337.755,240,600
2025-06-26 04:00:00,3337.755,3346.955,3330.755,3345.835,240,614
2025-06-26 08:00:00,3345.815,3350.025,3331.235,3332.625,240,635
2025-06-26 12:00:00,3332.655,3343.905,3309.695,3324.748,240,852
2025-06-26 16:00:00,3324.685,3336.198,3323.505,3331.048,240,647
2025-06-26 20:00:00,3331.085,3332.145,3315.948,3318.498,180,689
2025-06-27 00:00:00,3318.395,3321.845,3292.398,3294.065,240,608
2025-06-27 04:00:00,3294.055,3300.725,3283.345,3284.195,240,618
2025-06-27 08:00:00,3284.195,3290.915,3275.885,3281.205,240,626
2025-06-27 12:00:00,3281.155,3282.115,3255.485,3274.435,240,746
2025-06-27 16:00:00,3274.435,3282.598,3268.185,3270.425,240,539
2025-06-27 20:00:00,3270.495,3275.275,3270.105,3273.335,60,542
2025-06-29 20:00:00,3272.145,3281.298,3244.925,3263.585,120,4000
2025-06-30 00:00:00,3263.555,3283.098,3259.195,3278.795,240,610
2025-06-30 04:00:00,3278.798,3296.598,3277.008,3292.785,240,594
2025-06-30 08:00:00,3292.665,3296.348,3274.405,3277.705,240,549
2025-06-30 12:00:00,3277.945,3290.595,3277.725,3289.445,240,565
2025-06-30 16:00:00,3289.475,3309.348,3289.005,3308.498,240,493
2025-06-30 20:00:00,3308.498,3314.398,3301.835,3312.298,180,538
2025-07-01 00:00:00,3312.249,3322.405,3309.675,3320.948,240,630
2025-07-01 04:00:00,3320.815,3339.685,3318.648,3339.348,240,574
2025-07-01 08:00:00,3339.348,3352.825,3336.555,3348.785,240,598
2025-07-01 12:00:00,3348.845,3357.865,3336.798,3340.065,240,549
2025-07-01 16:00:00,3340.085,3343.365,3336.658,3337.905,240,559
2025-07-01 20:00:00,3337.905,3343.548,3336.555,3337.875,180,538
2025-07-02 00:00:00,3337.935,3344.765,3328.208,3339.648,240,639
2025-07-02 04:00:00,3339.625,3343.698,3327.275,3334.555,240,612
2025-07-02 08:00:00,3334.488,3347.548,3332.735,3342.085,240,571
2025-07-02 12:00:00,3342.055,3350.948,3333.635,3340.825,240,619
2025-07-02 16:00:00,3340.785,3359.325,3340.785,3358.045,240,535
2025-07-02 20:00:00,3358.155,3365.455,3348.605,3349.098,180,569
2025-07-03 00:00:00,3349.115,3351.315,3341.648,3347.285,240,595
2025-07-03 04:00:00,3347.298,3363.545,3347.198,3352.795,240,639
2025-07-03 08:00:00,3352.825,3358.155,3342.865,3345.875,240,569
2025-07-03 12:00:00,3345.785,3352.115,3311.215,3327.845,240,828
2025-07-03 16:00:00,3327.895,3334.698,3325.545,3328.535,240,558
2025-07-03 20:00:00,3328.515,3331.798,3323.345,3330.648,180,498
2025-07-04 00:00:00,3330.565,3338.685,3325.615,3338.248,240,627
2025-07-04 04:00:00,3338.225,3344.905,3336.245,3342.775,240,603
2025-07-04 08:00:00,3342.785,3344.025,3331.305,3334.458,240,563
2025-07-04 12:00:00,3334.458,3337.855,3330.529,3332.169,240,699
2025-07-04 16:00:00,3332.165,3337.298,3332.048,3336.248,59,652
2025-07-06 20:00:00,3334.015,3342.348,3326.065,3328.655,120,1085
2025-07-07 00:00:00,3328.685,3329.495,3305.765,3310.755,240,628
2025-07-07 04:00:00,3310.785,3315.075,3300.435,3302.035,240,634
2025-07-07 08:00:00,3301.998,3312.625,3296.195,3301.715,240,549
2025-07-07 12:00:00,3301.635,3321.825,3300.315,3320.665,240,578
2025-07-07 16:00:00,3320.635,3340.289,3319.945,3336.925,240,692
2025-07-07 20:00:00,3337.045,3345.548,3333.598,3334.398,180,454
2025-07-08 00:00:00,3334.398,3337.835,3329.328,3331.265,240,763
2025-07-08 04:00:00,3331.285,3339.285,3327.115,3333.765,240,581
2025-07-08 08:00:00,3333.725,3333.725,3319.715,3324.865,240,556
2025-07-08 12:00:00,3324.905,3329.648,3286.905,3298.035,240,655
2025-07-08 16:00:00,3298.035,3310.199,3295.685,3302.718,240,600
2025-07-08 20:00:00,3302.645,3303.905,3296.965,3301.995,180,611
2025-07-09 00:00:00,3302.005,3307.725,3284.638,3293.075,240,640
2025-07-09 04:00:00,3293.075,3297.548,3285.415,3291.665,240,612
2025-07-09 08:00:00,3291.645,3295.795,3282.425,3284.698,240,581
2025-07-09 12:00:00,3284.698,3312.775,3284.698,3309.435,240,574
2025-07-09 16:00:00,3309.405,3316.598,3307.575,3315.465,240,539
2025-07-09 20:00:00,3315.545,3320.955,3311.348,3317.425,180,514
2025-07-10 00:00:00,3317.445,3326.085,3315.338,3315.545,240,610
2025-07-10 04:00:00,3315.539,3329.285,3314.655,3320.898,240,629
2025-07-10 08:00:00,3320.898,3330.085,3318.085,3320.255,240,528
2025-07-10 12:00:00,3320.285,3329.248,3309.905,3319.455,240,690
2025-07-10 16:00:00,3319.495,3325.795,3311.975,3324.725,240,499
2025-07-10 20:00:00,3324.719,3326.198,3321.585,3323.555,180,501
2025-07-11 00:00:00,3323.505,3335.975,3323.345,3333.498,240,598
2025-07-11 04:00:00,3333.425,3343.475,3329.325,3341.665,240,664
2025-07-11 08:00:00,3341.685,3349.958,3332.618,3347.175,240,722
2025-07-11 12:00:00,3347.175,3368.559,3343.865,3358.669,240,794
2025-07-11 16:00:00,3358.549,3359.549,3348.965,3356.275,240,592
2025-07-11 20:00:00,3356.315,3358.705,3353.315,3354.725,60,735
2025-07-13 20:00:00,3362.948,3373.705,3358.698,3367.498,120,1870
2025-07-14 00:00:00,3367.498,3373.105,3353.575,3356.835,240,789
2025-07-14 04:00:00,3356.795,3374.805,3353.435,3371.725,240,710
2025-07-14 08:00:00,3371.805,3374.445,3363.628,3363.888,240,711
2025-07-14 12:00:00,3363.888,3366.445,3340.755,3344.925,240,614
2025-07-14 16:00:00,3344.965,3351.515,3342.905,3343.955,240,529
2025-07-14 20:00:00,3344.065,3346.265,3341.105,3345.048,180,465
2025-07-15 00:00:00,3345.035,3358.095,3344.415,3357.685,240,624
2025-07-15 04:00:00,3357.665,3364.975,3357.285,3364.165,240,568
2025-07-15 08:00:00,3364.135,3366.148,3353.935,3354.648,240,541
2025-07-15 12:00:00,3354.675,3360.048,3325.145,3328.765,240,775
2025-07-15 16:00:00,3328.745,3331.798,3320.055,3330.325,240,529
2025-07-15 20:00:00,3330.285,3331.545,3323.065,3330.798,180,519
2025-07-16 00:00:00,3330.825,3334.915,3324.865,3334.155,240,581
2025-07-16 04:00:00,3334.205,3341.865,3332.625,3337.705,240,567
2025-07-16 08:00:00,3337.885,3342.775,3333.585,3339.105,240,504
2025-07-16 12:00:00,3339.085,3377.185,3319.499,3343.148,240,843
2025-07-16 16:00:00,3343.245,3357.175,3338.748,3346.855,240,858
2025-07-16 20:00:00,3346.849,3352.025,3345.125,3346.275,180,638
2025-07-17 00:00:00,3346.248,3347.165,3336.148,3341.305,240,576
2025-07-17 04:00:00,3341.285,3344.548,3324.955,3325.635,240,594
2025-07-17 08:00:00,3325.665,3332.255,3322.098,3323.998,240,544
2025-07-17 12:00:00,3324.005,3338.248,3309.575,3336.605,240,701
2025-07-17 16:00:00,3336.605,3340.895,3335.275,3339.535,240,519
2025-07-17 20:00:00,3339.535,3343.895,3337.205,3340.055,180,418
2025-07-18 00:00:00,3340.095,3344.048,3333.895,3334.415,240,601
2025-07-18 04:00:00,3334.345,3349.935,3331.645,3349.655,240,568
2025-07-18 08:00:00,3349.685,3357.498,3346.025,3354.125,240,542
2025-07-18 12:00:00,3354.085,3361.035,3350.995,3353.485,240,638
2025-07-18 16:00:00,3353.505,3357.235,3347.495,3348.155,240,503
2025-07-18 20:00:00,3348.149,3351.745,3347.555,3349.655,60,487
2025-07-20 20:00:00,3349.898,3350.015,3344.798,3348.898,120,950
2025-07-21 00:00:00,3348.835,3358.355,3347.418,3351.035,240,592
2025-07-21 04:00:00,3351.015,3370.565,3350.398,3364.505,240,567
2025-07-21 08:00:00,3364.545,3375.455,3362.595,3375.205,240,572
2025-07-21 12:00:00,3375.195,3401.339,3374.355,3397.775,240,543
2025-07-21 16:00:00,3397.825,3399.548,3391.145,3398.648,240,535
2025-07-21 20:00:00,3398.648,3402.475,3392.898,3396.298,180,510
2025-07-22 00:00:00,3396.298,3397.475,3384.945,3392.365,240,677
2025-07-22 04:00:00,3392.235,3392.235,3383.115,3387.375,240,640
2025-07-22 08:00:00,3387.425,3391.445,3384.445,3391.165,240,533
2025-07-22 12:00:00,3391.125,3430.365,3390.725,3426.295,240,577
2025-07-22 16:00:00,3426.315,3433.279,3426.079,3431.248,240,540
2025-07-22 20:00:00,3431.248,3432.915,3426.015,3427.305,180,570
2025-07-23 00:00:00,3427.305,3438.655,3418.915,3422.745,240,573
2025-07-23 04:00:00,3422.825,3429.465,3416.165,3420.485,240,661
2025-07-23 08:00:00,3420.505,3433.648,3420.005,3428.055,240,553
2025-07-23 12:00:00,3428.045,3429.755,3398.0,3398.015,240,575
2025-07-23 16:00:00,3398.009,3398.009,3381.215,3390.035,240,685
2025-07-23 20:00:00,3390.035,3392.235,3385.765,3389.885,180,584
2025-07-24 00:00:00,3389.985,3393.165,3374.348,3383.565,240,643
2025-07-24 04:00:00,3383.505,3385.135,3365.785,3367.395,240,640
2025-07-24 08:00:00,3367.415,3374.485,3361.065,3361.975,240,592
2025-07-24 12:00:00,3362.015,3377.145,3351.168,3372.409,240,748
2025-07-24 16:00:00,3372.375,3373.639,3366.125,3370.265,240,551
2025-07-24 20:00:00,3370.275,3371.165,3364.948,3369.148,180,558
2025-07-25 00:00:00,3369.145,3373.295,3358.475,3358.955,240,615
2025-07-25 04:00:00,3358.935,3363.248,3352.515,3353.885,240,593
2025-07-25 08:00:00,3353.905,3355.125,3338.465,3340.865,240,507
2025-07-25 12:00:00,3340.805,3347.398,3324.805,3327.575,240,696
2025-07-25 16:00:00,3327.515,3340.085,3326.048,3337.385,240,522
2025-07-25 20:00:00,3337.349,3338.898,3335.545,3335.575,60,580
2025-07-27 20:00:00,3316.938,3337.148,3316.938,3333.398,120,1180
2025-07-28 00:00:00,3333.395,3343.155,3327.465,3343.095,240,593
2025-07-28 04:00:00,3343.075,3345.145,3333.748,3334.795,240,562
2025-07-28 08:00:00,3334.775,3340.575,3332.065,3336.265,240,598
2025-07-28 12:00:00,3336.375,3338.175,3301.465,3314.565,240,549
2025-07-28 16:00:00,3314.495,3318.785,3308.605,3317.015,240,500
2025-07-28 20:00:00,3317.009,3318.315,3310.155,3312.405,180,474
2025-07-29 00:00:00,3312.385,3320.648,3307.815,3312.398,240,576
2025-07-29 04:00:00,3312.405,3322.198,3308.815,3316.848,240,578
2025-07-29 08:00:00,3316.845,3329.735,3314.685,3315.055,240,529
2025-07-29 12:00:00,3315.015,3333.908,3311.675,3320.519,240,566
2025-07-29 16:00:00,3320.485,3330.648,3318.845,3324.848,240,506
2025-07-29 20:00:00,3324.935,3328.998,3324.515,3327.198,180,528
2025-07-30 00:00:00,3327.175,3333.505,3321.655,3328.205,240,638
2025-07-30 04:00:00,3328.205,3332.015,3322.798,3327.565,240,579
2025-07-30 08:00:00,3327.585,3333.815,3323.795,3330.675,240,512
2025-07-30 12:00:00,3330.675,3331.725,3288.415,3290.235,240,793
2025-07-30 16:00:00,3290.245,3304.735,3267.955,3269.195,240,506
2025-07-30 20:00:00,3269.215,3285.615,3268.745,3285.075,180,521
2025-07-31 00:00:00,3285.045,3298.435,3282.535,3294.848,240,578
2025-07-31 04:00:00,3294.748,3309.505,3293.485,3304.465,240,614
2025-07-31 08:00:00,3304.435,3314.705,3293.555,3305.998,240,583
2025-07-31 12:00:00,3305.865,3310.995,3291.055,3295.275,240,874
2025-07-31 16:00:00,3295.275,3298.235,3289.475,3290.745,240,572
2025-07-31 20:00:00,3290.735,3294.995,3287.845,3288.355,180,550
2025-08-01 00:00:00,3288.375,3296.875,3281.435,3291.195,240,601
2025-08-01 04:00:00,3291.195,3300.148,3284.998,3286.625,240,566
2025-08-01 08:00:00,3286.598,3302.905,3285.115,3300.198,240,537
2025-08-01 12:00:00,3300.235,3354.955,3297.275,3348.348,240,927
2025-08-01 16:00:00,3348.339,3361.048,3340.298,3356.955,240,583
2025-08-01 20:00:00,3356.965,3363.425,3356.775,3362.425,60,609
2025-08-03 20:00:00,3364.698,3369.085,3354.315,3361.805,120,1196
2025-08-04 00:00:00,3361.785,3362.125,3344.748,3360.098,240,603
2025-08-04 04:00:00,3360.055,3362.495,3351.498,3355.648,240,562
2025-08-04 08:00:00,3355.665,3370.505,3352.655,3370.145,240,571
2025-08-04 12:00:00,3370.175,3385.205,3360.885,3374.078,240,517
2025-08-04 16:00:00,3374.049,3377.998,3370.379,3375.848,240,508
2025-08-04 20:00:00,3375.835,3379.495,3372.595,3377.198,180,429
2025-08-05 00:00:00,3377.198,3382.198,3371.898,3371.898,240,578
2025-08-05 04:00:00,3371.825,3375.385,3365.575,3373.535,240,570
2025-08-05 08:00:00,3373.505,3374.448,3349.639,3351.115,240,500
2025-08-05 12:00:00,3351.069,3389.905,3349.668,3389.398,240,650
2025-08-05 16:00:00,3389.398,3390.289,3376.625,3378.838,240,484
2025-08-05 20:00:00,3378.845,3383.755,3377.965,3383.065,180,439
2025-08-06 00:00:00,3383.005,3385.098,3372.948,3374.375,240,542
2025-08-06 04:00:00,3374.448,3378.495,3368.875,3373.445,240,609
2025-08-06 08:00:00,3373.405,3374.665,3358.015,3365.005,240,533
2025-08-06 12:00:00,3365.005,3379.798,3360.035,3377.298,240,494
2025-08-06 16:00:00,3377.215,3379.295,3368.865,3371.495,240,552
2025-08-06 20:00:00,3371.485,3374.385,3366.925,3369.905,180,518
2025-08-07 00:00:00,3369.935,3384.005,3364.895,3379.448,240,1064
2025-08-07 04:00:00,3379.448,3397.105,3371.498,3395.975,240,1004
2025-08-07 08:00:00,3396.005,3396.415,3371.545,3378.015,240,889
2025-08-07 12:00:00,3378.035,3393.625,3373.505,3389.955,240,713
2025-08-07 16:00:00,3389.945,3400.498,3384.145,3399.585,240,598
2025-08-07 20:00:00,3399.579,3408.675,3387.185,3400.109,173,903
2025-08-08 00:00:00,3400.119,3402.329,3380.839,3395.669,240,1082
2025-08-08 04:00:00,3395.369,3403.925,3388.358,3401.755,240,886
2025-08-08 08:00:00,3401.425,3402.423,3380.035,3385.785,240,1163
2025-08-08 12:00:00,3385.809,3401.529,3380.885,3395.125,240,1123
2025-08-08 16:00:00,3395.205,3404.213,3373.288,3398.148,240,581
2025-08-08 20:00:00,3398.148,3398.709,3390.885,3398.579,60,675
2025-08-10 20:00:00,3397.298,3404.798,3389.359,3391.255,120,1388
2025-08-11 00:00:00,3391.275,3391.425,3367.205,3378.025,240,711
2025-08-11 04:00:00,3378.075,3379.895,3356.805,3359.935,240,564
2025-08-11 08:00:00,3359.975,3365.665,3349.505,3355.115,240,649
2025-08-11 12:00:00,3355.075,3362.665,3341.228,3349.235,240,588
2025-08-11 16:00:00,3349.235,3358.748,3340.808,3351.405,240,519
2025-08-11 20:00:00,3351.485,3351.665,3341.145,3348.848,180,479
2025-08-12 00:00:00,3348.848,3357.235,3345.925,3349.265,240,567
2025-08-12 04:00:00,3349.265,3357.945,3341.885,3355.405,240,568
2025-08-12 08:00:00,3355.375,3355.595,3335.915,3347.335,240,590
2025-08-12 12:00:00,3347.365,3359.198,3330.898,3349.615,240,908
2025-08-12 16:00:00,3349.655,3351.059,3345.405,3347.475,240,527
2025-08-12 20:00:00,3347.405,3353.565,3345.835,3350.435,180,471
2025-08-13 00:00:00,3350.435,3354.199,3342.439,3349.469,240,572
2025-08-13 04:00:00,3349.469,3360.798,3345.398,3354.395,240,575
2025-08-13 08:00:00,3354.219,3366.865,3352.548,3362.155,240,537
2025-08-13 12:00:00,3362.215,3370.505,3353.889,3357.569,240,530
2025-08-13 16:00:00,3357.569,3360.755,3349.755,3357.665,240,518
2025-08-13 20:00:00,3357.645,3363.255,3355.155,3362.565,180,511
2025-08-14 00:00:00,3362.565,3374.555,3355.265,3360.325,240,619
2025-08-14 04:00:00,3360.325,3366.248,3343.365,3345.875,240,594
2025-08-14 08:00:00,3345.835,3358.998,3341.278,3355.275,240,673
2025-08-14 12:00:00,3355.295,3358.248,3333.948,3341.598,240,854
2025-08-14 16:00:00,3341.545,3341.905,3329.645,3337.815,240,532
2025-08-14 20:00:00,3337.809,3338.325,3331.945,3335.248,180,504
2025-08-15 00:00:00,3335.245,3344.665,3332.155,3343.195,240,568
2025-08-15 04:00:00,3343.165,3348.595,3339.925,3346.105,240,553
2025-08-15 08:00:00,3346.075,3348.148,3336.005,3342.125,240,558
2025-08-15 12:00:00,3342.105,3345.805,3332.705,3342.148,240,789
2025-08-15 16:00:00,3342.148,3342.248,3334.225,3338.948,240,511
2025-08-15 20:00:00,3338.948,3339.348,3334.645,3334.645,60,478
2025-08-17 20:00:00,3336.015,3338.848,3323.335,3326.895,120,790
2025-08-18 00:00:00,3326.945,3351.598,3326.625,3346.855,240,594
2025-08-18 04:00:00,3346.855,3358.215,3345.968,3348.798,240,582
2025-08-18 08:00:00,3348.725,3351.535,3344.248,3345.179,240,545
2025-08-18 12:00:00,3345.415,3348.625,3332.035,3335.448,240,521
2025-08-18 16:00:00,3335.448,3335.689,3330.085,3333.395,240,482
2025-08-18 20:00:00,3333.365,3334.598,3330.305,3330.745,180,520
2025-08-19 00:00:00,3330.725,3341.395,3325.885,3337.598,240,612
2025-08-19 04:00:00,3337.525,3341.648,3334.245,3340.598,240,537
2025-08-19 08:00:00,3340.598,3345.165,3336.298,3339.498,240,473
2025-08-19 12:00:00,3339.505,3340.348,3320.778,3322.498,240,746
2025-08-19 16:00:00,3322.498,3324.245,3314.775,3315.735,240,482
2025-08-19 20:00:00,3315.695,3317.365,3312.665,3314.135,180,480
2025-08-20 00:00:00,3313.935,3318.375,3311.255,3317.345,240,569
2025-08-20 04:00:00,3317.325,3327.295,3317.045,3324.649,240,570
2025-08-20 08:00:00,3324.679,3332.738,3320.748,3332.095,240,558
2025-08-20 12:00:00,3332.275,3350.198,3331.865,3340.545,240,566
2025-08-20 16:00:00,3340.555,3349.075,3340.555,3348.648,240,486
2025-08-20 20:00:00,3348.548,3351.935,3346.185,3346.765,180,448
2025-08-21 00:00:00,3346.735,3346.735,3339.455,3339.698,240,560
2025-08-21 04:00:00,3339.505,3341.335,3334.008,3339.495,240,585
2025-08-21 08:00:00,3339.475,3342.025,3324.948,3333.445,240,500
2025-08-21 12:00:00,3333.525,3347.935,3333.525,3343.465,240,765
2025-08-21 16:00:00,3343.455,3343.755,3336.425,3338.615,240,496
2025-08-21 20:00:00,3338.595,3340.435,3337.215,3338.185,180,477
2025-08-22 00:00:00,3338.145,3340.075,3331.575,3331.765,240,562
2025-08-22 04:00:00,3331.855,3334.935,3325.525,3327.295,240,522
2025-08-22 08:00:00,3327.275,3331.595,3325.165,3329.215,240,502
2025-08-22 12:00:00,3329.215,3378.585,3321.045,3367.648,240,504
2025-08-22 16:00:00,3367.648,3375.365,3367.648,3373.098,240,513
2025-08-22 20:00:00,3372.998,3373.398,3369.925,3371.235,60,604
2025-08-24 20:00:00,3370.835,3371.698,3365.685,3368.865,120,1098
2025-08-25 00:00:00,3368.845,3369.415,3359.495,3367.145,240,578
2025-08-25 04:00:00,3367.145,3369.695,3362.915,3365.998,240,580
2025-08-25 08:00:00,3365.998,3371.375,3361.825,3370.335,240,549
2025-08-25 12:00:00,3370.385,3376.135,3361.905,3373.855,240,516
2025-08-25 16:00:00,3373.865,3374.675,3365.005,3365.225,240,502
2025-08-25 20:00:00,3365.225,3367.005,3351.435,3354.648,180,532
2025-08-26 00:00:00,3354.725,3386.425,3351.175,3372.058,240,659
2025-08-26 04:00:00,3372.015,3378.955,3366.985,3376.635,240,586
2025-08-26 08:00:00,3376.665,3380.235,3367.045,3377.375,240,525
2025-08-26 12:00:00,3377.405,3389.175,3370.115,3386.348,240,716
2025-08-26 16:00:00,3386.348,3390.675,3380.115,3389.548,240,562
2025-08-26 20:00:00,3389.548,3394.195,3388.575,3390.648,180,500
2025-08-27 00:00:00,3390.575,3393.295,3380.305,3380.485,240,620
2025-08-27 04:00:00,3380.535,3381.805,3373.665,3381.355,240,515
2025-08-27 08:00:00,3381.335,3385.325,3373.725,3376.625,240,503
2025-08-27 12:00:00,3376.595,3390.158,3374.095,3387.795,240,522
2025-08-27 16:00:00,3387.795,3398.569,3387.325,3395.945,240,507
2025-08-27 20:00:00,3396.075,3399.175,3393.995,3395.465,180,561
2025-08-28 00:00:00,3395.485,3397.875,3384.445,3389.995,240,550
2025-08-28 04:00:00,3389.955,3397.555,3387.415,3395.655,240,624
2025-08-28 08:00:00,3395.505,3407.485,3393.555,3403.885,240,542
2025-08-28 12:00:00,3403.895,3413.345,3393.835,3410.798,240,893
2025-08-28 16:00:00,3410.798,3423.069,3409.765,3421.935,240,507
2025-08-28 20:00:00,3421.935,3422.309,3414.508,3414.508,178,535
2025-08-29 00:00:00,3414.508,3417.645,3407.695,3410.675,240,560
2025-08-29 04:00:00,3410.655,3412.515,3406.215,3412.055,240,553
2025-08-29 08:00:00,3412.075,3414.635,3404.185,3410.605,240,575
2025-08-29 12:00:00,3410.605,3447.435,3406.525,3445.245,240,936
2025-08-29 16:00:00,3445.235,3453.565,3440.558,3452.498,240,684
2025-08-29 20:00:00,3452.498,3452.515,3444.845,3446.805,60,781
2025-08-31 20:00:00,3445.648,3452.255,3441.825,3447.685,120,1502
2025-09-01 00:00:00,3447.685,3485.798,3436.548,3474.365,240,715
2025-09-01 04:00:00,3474.405,3489.595,3467.295,3477.675,240,799
2025-09-01 08:00:00,3477.695,3479.655,3465.905,3469.895,240,605
2025-09-01 12:00:00,3469.875,3481.165,3466.985,3473.905,240,579
2025-09-01 16:00:00,3473.905,3478.785,3472.145,3476.225,149,511
2025-09-01 20:00:00,3476.505,3480.998,3473.878,3478.965,120,1368
2025-09-02 00:00:00,3478.915,3508.228,3476.625,3494.875,240,685
2025-09-02 04:00:00,3494.835,3498.115,3471.915,3476.605,240,643
2025-09-02 08:00:00,3476.615,3489.845,3469.805,3489.595,240,752
2025-09-02 12:00:00,3489.575,3520.215,3474.135,3520.215,240,672
2025-09-02 16:00:00,3520.205,3539.849,3517.845,3536.698,240,578
2025-09-02 20:00:00,3536.698,3537.548,3525.848,3529.698,180,576
2025-09-03 00:00:00,3529.698,3546.398,3527.748,3530.635,240,1175
2025-09-03 04:00:00,3530.665,3538.065,3526.508,3533.725,240,592
2025-09-03 08:00:00,3533.675,3549.385,3532.065,3547.425,240,616
2025-09-03 12:00:00,3547.405,3567.185,3541.105,3563.735,240,608
2025-09-03 16:00:00,3563.698,3578.175,3561.035,3563.415,240,523
2025-09-03 20:00:00,3563.415,3565.955,3554.205,3560.175,180,600
2025-09-04 00:00:00,3560.215,3563.148,3510.425,3528.855,240,713
2025-09-04 04:00:00,3528.835,3541.475,3524.145,3540.915,240,633
2025-09-04 08:00:00,3540.865,3549.655,3536.198,3545.375,240,724
2025-09-04 12:00:00,3545.195,3558.465,3534.548,3552.698,240,748
2025-09-04 16:00:00,3552.698,3555.865,3542.355,3549.505,240,564
2025-09-04 20:00:00,3549.555,3554.205,3539.715,3552.415,180,577
2025-09-05 00:00:00,3552.395,3558.855,3545.515,3558.135,240,635
2025-09-05 04:00:00,3558.185,3560.965,3546.445,3548.025,240,582
2025-09-05 08:00:00,3547.895,3554.985,3544.605,3553.075,240,555
2025-09-05 12:00:00,3553.175,3597.558,3548.625,3591.825,240,1295
2025-09-05 16:00:00,3591.785,3599.905,3590.185,3594.498,240,703
2025-09-05 20:00:00,3594.498,3594.955,3585.195,3585.195,60,688
2025-09-07 20:00:00,3582.104,3596.349,3577.698,3590.798,120,1066
2025-09-08 00:00:00,3590.798,3596.815,3582.665,3583.135,240,756
2025-09-08 04:00:00,3583.155,3613.395,3579.365,3609.185,240,679
2025-09-08 08:00:00,3609.155,3622.245,3607.015,3619.655,240,641
2025-09-08 12:00:00,3619.635,3646.115,3614.385,3639.155,240,590
2025-09-08 16:00:00,3639.155,3641.408,3631.765,3636.385,240,582
2025-09-08 20:00:00,3636.385,3637.848,3628.035,3634.735,180,477
2025-09-09 00:00:00,3634.695,3654.448,3633.305,3645.685,240,626
2025-09-09 04:00:00,3645.735,3659.125,3636.375,3644.138,240,634
2025-09-09 08:00:00,3644.138,3656.495,3641.645,3647.795,240,603
2025-09-09 12:00:00,3647.845,3673.645,3626.665,3645.365,240,610
2025-09-09 16:00:00,3645.355,3649.198,3628.335,3629.185,240,607
2025-09-09 20:00:00,3629.155,3640.498,3618.505,3633.355,180,580
2025-09-10 00:00:00,3633.385,3638.048,3619.965,3636.365,240,702
2025-09-10 04:00:00,3636.375,3648.285,3636.375,3643.815,240,668
2025-09-10 08:00:00,3643.855,3657.238,3641.735,3648.858,240,601
2025-09-10 12:00:00,3648.858,3656.565,3638.318,3644.395,240,837
2025-09-10 16:00:00,3644.365,3649.598,3635.065,3641.785,240,544
2025-09-10 20:00:00,3641.775,3645.345,3637.645,3644.685,180,498
2025-09-11 00:00:00,3644.705,3648.895,3629.715,3631.795,240,542
2025-09-11 04:00:00,3631.925,3637.705,3622.395,3629.705,240,569
2025-09-11 08:00:00,3629.685,3631.585,3613.945,3616.565,240,544
2025-09-11 12:00:00,3616.595,3643.848,3611.465,3632.935,240,921
2025-09-11 16:00:00,3632.935,3641.775,3630.225,3636.685,240,550
2025-09-11 20:00:00,3636.605,3638.075,3631.265,3631.595,180,520
2025-09-12 00:00:00,3631.575,3653.065,3630.295,3652.735,240,647
2025-09-12 04:00:00,3652.705,3656.435,3647.645,3648.145,240,586
2025-09-12 08:00:00,3648.125,3651.975,3637.375,3646.855,240,553
2025-09-12 12:00:00,3646.875,3654.185,3637.848,3644.285,240,609
2025-09-12 16:00:00,3644.275,3650.555,3642.395,3644.055,240,517
2025-09-12 20:00:00,3643.995,3645.145,3640.775,3642.635,60,614
2025-09-14 20:00:00,3643.605,3646.048,3636.665,3637.965,120,1277
2025-09-15 00:00:00,3637.955,3646.205,3626.148,3645.885,240,588
2025-09-15 04:00:00,3645.915,3646.715,3633.469,3643.695,240,595
2025-09-15 08:00:00,3643.605,3646.615,3635.548,3642.395,240,566
2025-09-15 12:00:00,3642.415,3681.635,3636.598,3680.195,240,727
2025-09-15 16:00:00,3680.225,3685.345,3674.435,3680.735,240,615
2025-09-15 20:00:00,3680.735,3681.898,3675.835,3676.598,180,508
2025-09-16 00:00:00,3676.598,3689.169,3674.455,3680.825,240,632
2025-09-16 04:00:00,3680.955,3694.015,3679.995,3686.225,240,607
2025-09-16 08:00:00,3686.225,3699.365,3685.935,3697.015,240,585
2025-09-16 12:00:00,3697.085,3702.828,3678.625,3686.085,240,767
2025-09-16 16:00:00,3686.065,3691.045,3684.485,3689.425,240,576
2025-09-16 20:00:00,3689.385,3695.055,3688.755,3694.085,180,531
2025-09-17 00:00:00,3694.065,3695.185,3674.208,3681.515,240,654
2025-09-17 04:00:00,3681.535,3685.705,3666.435,3666.785,240,636
2025-09-17 08:00:00,3666.758,3670.845,3659.815,3665.785,240,550
2025-09-17 12:00:00,3665.835,3687.005,3665.445,3684.015,240,617
2025-09-17 16:00:00,3684.035,3707.308,3645.765,3661.498,240,530
2025-09-17 20:00:00,3661.465,3671.735,3652.405,3668.748,180,640
2025-09-18 00:00:00,3668.835,3669.635,3651.565,3658.375,240,687
2025-09-18 04:00:00,3658.455,3659.695,3633.485,3658.785,240,607
2025-09-18 08:00:00,3658.835,3672.785,3653.515,3666.945,240,620
2025-09-18 12:00:00,3666.965,3672.248,3627.465,3641.085,240,689
2025-09-18 16:00:00,3641.095,3647.045,3640.235,3646.365,240,544
2025-09-18 20:00:00,3646.448,3646.905,3637.605,3639.895,180,568
2025-09-19 00:00:00,3639.985,3656.085,3631.938,3653.505,240,587
2025-09-19 04:00:00,3653.525,3661.025,3643.025,3653.755,240,660
2025-09-19 08:00:00,3653.735,3658.995,3645.495,3648.275,240,583
2025-09-19 12:00:00,3648.295,3675.695,3643.495,3670.625,240,575
2025-09-19 16:00:00,3670.655,3685.089,3666.355,3684.239,240,525
2025-09-19 20:00:00,3684.279,3684.748,3680.765,3684.489,60,525
2025-09-21 20:00:00,3686.698,3691.895,3683.365,3686.065,120,851
2025-09-22 00:00:00,3686.085,3697.305,3685.235,3695.265,240,596
2025-09-22 04:00:00,3695.265,3719.645,3689.795,3713.045,240,577
2025-09-22 08:00:00,3713.005,3728.145,3712.225,3724.475,240,603
2025-09-22 12:00:00,3724.525,3736.215,3711.898,3736.035,240,600
2025-09-22 16:00:00,3736.005,3748.535,3734.955,3747.505,240,570
2025-09-22 20:00:00,3747.418,3748.948,3737.728,3747.598,180,533
2025-09-23 00:00:00,3747.598,3759.035,3736.455,3746.415,240,576
2025-09-23 04:00:00,3746.395,3758.615,3743.025,3753.165,240,615
2025-09-23 08:00:00,3753.125,3790.865,3752.905,3783.375,240,573
2025-09-23 12:00:00,3783.395,3788.648,3767.185,3779.115,240,628
2025-09-23 16:00:00,3779.335,3785.515,3751.805,3764.155,240,537
2025-09-23 20:00:00,3764.165,3769.848,3761.359,3763.535,180,551
2025-09-24 00:00:00,3763.505,3771.545,3750.329,3765.165,240,622
2025-09-24 04:00:00,3765.135,3778.998,3763.055,3777.215,240,602
2025-09-24 08:00:00,3777.245,3777.605,3759.475,3768.875,240,568
2025-09-24 12:00:00,3768.855,3772.748,3739.535,3740.995,240,534
2025-09-24 16:00:00,3740.965,3745.105,3717.348,3729.858,240,574
2025-09-24 20:00:00,3729.858,3745.125,3729.765,3742.815,180,533
2025-09-25 00:00:00,3742.775,3751.348,3729.365,3736.425,240,571
2025-09-25 04:00:00,3736.425,3754.775,3731.548,3752.095,240,576
2025-09-25 08:00:00,3752.065,3761.425,3740.945,3752.855,240,583
2025-09-25 12:00:00,3752.885,3755.685,3721.915,3735.775,240,887
2025-09-25 16:00:00,3735.755,3758.055,3732.175,3746.405,240,593
2025-09-25 20:00:00,3746.405,3752.315,3737.755,3744.475,180,607
2025-09-26 00:00:00,3744.445,3753.035,3734.275,3745.335,240,647
2025-09-26 04:00:00,3745.375,3753.845,3739.015,3747.855,240,626
2025-09-26 08:00:00,3747.885,3754.975,3742.755,3748.495,240,527
2025-09-26 12:00:00,3748.515,3783.595,3746.135,3780.245,240,645
2025-09-26 16:00:00,3780.235,3783.045,3764.345,3766.525,240,525
2025-09-26 20:00:00,3766.475,3769.415,3758.948,3759.005,60,559
2025-09-28 20:00:00,3756.045,3772.285,3755.898,3766.648,120,1648
2025-09-29 00:00:00,3766.648,3799.245,3763.665,3794.155,240,611
2025-09-29 04:00:00,3794.135,3819.575,3792.295,3805.998,240,608
2025-09-29 08:00:00,3805.998,3831.205,3805.998,3828.735,240,583
2025-09-29 12:00:00,3828.755,3833.045,3809.085,3830.215,240,591
2025-09-29 16:00:00,3830.235,3833.305,3822.375,3828.615,240,532
2025-09-29 20:00:00,3828.545,3834.005,3825.415,3832.655,180,475
2025-09-30 00:00:00,3832.685,3867.015,3830.798,3864.465,240,594
2025-09-30 04:00:00,3864.555,3871.505,3839.195,3843.645,240,586
2025-09-30 08:00:00,3843.675,3847.035,3792.875,3815.045,240,642
2025-09-30 12:00:00,3815.045,3854.435,3808.745,3838.765,240,609
2025-09-30 16:00:00,3838.615,3860.535,3837.648,3858.798,240,548
2025-09-30 20:00:00,3858.898,3862.865,3850.365,3862.765,180,547
2025-10-01 00:00:00,3862.775,3875.295,3855.385,3861.875,240,622
2025-10-01 04:00:00,3861.875,3879.518,3853.055,3878.995,240,626
2025-10-01 08:00:00,3879.035,3895.145,3877.798,3883.415,240,621
2025-10-01 12:00:00,3883.485,3890.898,3856.315,3868.315,240,589
2025-10-01 16:00:00,3868.305,3871.675,3854.885,3867.498,240,549
2025-10-01 20:00:00,3867.498,3870.205,3857.375,3863.165,180,589
2025-10-02 00:00:00,3863.195,3869.848,3852.635,3866.235,240,632
2025-10-02 04:00:00,3866.255,3874.615,3861.518,3868.298,240,774
2025-10-02 08:00:00,3868.298,3886.448,3864.495,3886.048,240,551
2025-10-02 12:00:00,3886.048,3896.958,3819.095,3828.015,240,649
2025-10-02 16:00:00,3827.978,3858.895,3826.985,3855.345,240,629
2025-10-02 20:00:00,3855.355,3863.455,3851.795,3862.145,180,579
2025-10-03 00:00:00,3862.105,3862.515,3837.785,3842.575,240,629
2025-10-03 04:00:00,3842.535,3865.095,3841.415,3864.105,240,663
2025-10-03 08:00:00,3864.085,3867.525,3854.548,3861.885,240,563
2025-10-03 12:00:00,3861.915,3891.475,3860.335,3889.275,240,655
2025-10-03 16:00:00,3889.285,3889.535,3877.055,3885.555,240,615
2025-10-03 20:00:00,3885.555,3886.985,3882.698,3886.825,60,630
2025-10-05 20:00:00,3887.955,3920.485,3883.248,3909.355,120,1550
2025-10-06 00:00:00,3909.425,3931.805,3898.658,3929.375,240,639
2025-10-06 04:00:00,3929.375,3944.955,3922.235,3941.325,240,626
2025-10-06 08:00:00,3941.405,3949.305,3930.875,3938.005,240,620
2025-10-06 12:00:00,3937.985,3963.955,3926.445,3962.275,240,608
2025-10-06 16:00:00,3962.285,3969.925,3945.648,3959.245,240,579
2025-10-06 20:00:00,3959.225,3975.925,3957.015,3969.248,180,587
2025-10-07 00:00:00,3969.248,3977.125,3955.585,3973.245,240,745
2025-10-07 04:00:00,3973.215,3976.765,3943.148,3945.725,240,622
2025-10-07 08:00:00,3945.615,3968.965,3940.685,3966.825,240,586
2025-10-07 12:00:00,3966.865,3990.845,3961.555,3965.898,240,656
2025-10-07 16:00:00,3965.898,3987.505,3962.835,3979.915,240,581
2025-10-07 20:00:00,3979.915,3995.775,3979.908,3994.145,180,558
2025-10-08 00:00:00,3994.098,4016.345,3984.045,4014.498,240,632
2025-10-08 04:00:00,4014.598,4038.885,4014.348,4034.055,240,620
2025-10-08 08:00:00,4033.975,4049.398,4030.525,4037.795,240,555
2025-10-08 12:00:00,4037.795,4050.325,4026.055,4045.515,240,592
2025-10-08 16:00:00,4045.495,4059.098,4031.875,4044.555,240,573
2025-10-08 20:00:00,4044.625,4046.455,4001.025,4011.465,180,548
2025-10-09 00:00:00,4011.448,4036.135,4002.395,4026.585,240,682
2025-10-09 04:00:00,4026.615,4043.405,4022.365,4031.375,240,636
2025-10-09 08:00:00,4031.335,4046.455,4030.128,4044.235,240,562
2025-10-09 12:00:00,4044.205,4057.765,4003.765,4014.395,240,678
2025-10-09 16:00:00,4014.285,4021.498,3943.788,3972.895,240,585
2025-10-09 20:00:00,3972.985,3990.715,3957.955,3989.548,180,559
2025-10-10 00:00:00,3989.399,3994.175,3960.498,3961.499,240,718
2025-10-10 04:00:00,3961.499,3977.575,3946.675,3971.705,240,877
2025-10-10 08:00:00,3971.725,4006.385,3969.935,3986.845,240,770
2025-10-10 12:00:00,3986.835,4022.748,3970.485,3997.525,240,735
2025-10-10 16:00:00,3997.605,4021.075,3974.845,4011.015,240,803
2025-10-10 20:00:00,4011.055,4020.595,4005.465,4017.845,60,551
2025-10-12 20:00:00,4000.535,4059.938,4000.535,4034.705,120,1715
2025-10-13 00:00:00,4034.885,4059.425,4024.295,4051.728,240,854
2025-10-13 04:00:00,4051.728,4077.748,4050.675,4070.705,240,1154
2025-10-13 08:00:00,4070.655,4085.065,4068.715,4073.745,240,797
2025-10-13 12:00:00,4073.785,4107.158,4072.965,4104.675,240,567
2025-10-13 16:00:00,4104.735,4117.005,4090.565,4108.385,240,595
2025-10-13 20:00:00,4108.445,4131.748,4105.805,4127.798,180,566
2025-10-14 00:00:00,4127.898,4166.065,4119.065,4162.885,240,681
2025-10-14 04:00:00,4162.785,4179.355,4089.805,4126.175,240,900
2025-10-14 08:00:00,4126.155,4144.898,4121.288,4130.155,240,726
2025-10-14 12:00:00,4130.175,4142.348,4097.598,4137.675,240,620
2025-10-14 16:00:00,4137.695,4155.075,4127.555,4141.355,240,672
2025-10-14 20:00:00,4141.495,4166.955,4139.165,4161.325,180,569
2025-10-15 00:00:00,4161.305,4190.515,4153.465,4186.815,240,707
2025-10-15 04:00:00,4186.905,4209.645,4172.848,4207.545,240,797
2025-10-15 08:00:00,4207.595,4217.995,4163.149,4198.465,240,672
2025-10-15 12:00:00,4198.498,4212.135,4175.779,4190.348,240,938
2025-10-15 16:00:00,4190.348,4213.285,4182.345,4210.015,240,727
2025-10-15 20:00:00,4210.098,4215.555,4199.285,4209.285,180,792
2025-10-16 00:00:00,4209.285,4241.955,4204.698,4233.545,240,720
2025-10-16 04:00:00,4233.235,4239.185,4203.175,4230.455,240,711
2025-10-16 08:00:00,4230.485,4247.355,4221.665,4240.265,240,641
2025-10-16 12:00:00,4240.265,4275.748,4227.185,4273.345,240,950
2025-10-16 16:00:00,4273.375,4312.648,4261.215,4307.025,240,552
2025-10-16 20:00:00,4307.135,4379.125,4307.098,4365.225,180,615
2025-10-17 00:00:00,4365.205,4371.445,4278.295,4366.525,240,993
2025-10-17 04:00:00,4366.555,4378.455,4308.235,4342.085,240,664
2025-10-17 08:00:00,4342.165,4349.505,4286.435,4286.795,240,678
2025-10-17 12:00:00,4286.775,4319.785,4216.465,4237.235,240,869
2025-10-17 16:00:00,4237.245,4244.725,4185.425,4225.395,240,816
2025-10-17 20:00:00,4225.725,4252.198,4219.765,4250.855,60,1342
2025-10-19 20:00:00,4247.775,4273.685,4233.298,4237.605,120,1518
2025-10-20 00:00:00,4237.625,4270.995,4218.505,4264.379,240,1139
2025-10-20 04:00:00,4264.379,4268.048,4221.005,4254.895,240,783
2025-10-20 08:00:00,4254.875,4279.235,4245.435,4278.905,240,603
2025-10-20 12:00:00,4278.905,4355.345,4272.355,4348.898,240,690
2025-10-20 16:00:00,4348.898,4381.298,4336.945,4377.848,240,697
2025-10-20 20:00:00,4377.885,4379.948,4345.948,4359.905,180,730
2025-10-21 00:00:00,4360.005,4372.108,4332.595,4346.395,240,626
2025-10-21 04:00:00,4346.365,4346.825,4293.125,4298.005,240,609
2025-10-21 08:00:00,4298.005,4301.425,4244.085,4253.145,240,1021
2025-10-21 12:00:00,4253.165,4257.445,4078.259,4138.385,240,831
2025-10-21 16:00:00,4138.405,4143.695,4092.945,4108.685,240,773
2025-10-21 20:00:00,4108.638,4132.235,4089.645,4092.618,180,661
2025-10-22 00:00:00,4092.618,4142.815,4003.298,4128.248,240,1876
2025-10-22 04:00:00,4128.248,4161.165,4106.665,4132.715,240,1053
2025-10-22 08:00:00,4132.618,4135.595,4014.758,4027.405,240,1025
2025-10-22 12:00:00,4027.435,4084.915,4010.795,4036.785,240,1012
2025-10-22 16:00:00,4036.885,4113.365,4022.955,4102.145,240,648
2025-10-22 20:00:00,4101.885,4116.055,4080.078,4087.305,180,688
2025-10-23 00:00:00,4087.295,4100.635,4065.405,4090.935,240,893
2025-10-23 04:00:00,4090.955,4137.448,4079.468,4093.895,240,706
2025-10-23 08:00:00,4094.015,4125.245,4094.015,4109.375,240,743
2025-10-23 12:00:00,4109.395,4154.435,4099.965,4141.565,240,860
2025-10-23 16:00:00,4141.575,4148.335,4116.285,4118.125,240,692
2025-10-23 20:00:00,4118.195,4132.305,4105.675,4121.375,180,689
2025-10-24 00:00:00,4121.405,4144.145,4107.255,4122.125,240,772
2025-10-24 04:00:00,4122.085,4123.045,4069.305,4073.948,240,716
2025-10-24 08:00:00,4073.965,4077.425,4043.618,4061.255,240,902
2025-10-24 12:00:00,4061.205,4134.745,4059.615,4130.195,240,652
2025-10-24 16:00:00,4130.235,4138.325,4101.735,4103.865,240,589
2025-10-24 20:00:00,4103.945,4113.655,4096.515,4111.555,60,720
2025-10-26 20:00:00,4064.051,4108.598,4061.315,4064.165,120,1703
2025-10-27 00:00:00,4064.275,4097.545,4057.845,4069.465,240,886
2025-10-27 04:00:00,4069.405,4084.735,4053.505,4068.515,240,695
2025-10-27 08:00:00,4068.365,4070.235,4015.055,4023.825,240,638
2025-10-27 12:00:00,4023.855,4050.095,3971.068,3989.748,239,793
2025-10-27 16:00:00,3989.698,4009.845,3983.728,3989.965,240,830
2025-10-27 20:00:00,3989.975,4004.295,3978.885,3998.205,180,782
2025-10-28 00:00:00,3998.175,4019.405,3972.445,3992.635,240,889
2025-10-28 04:00:00,3992.685,3994.005,3921.248,3932.115,240,837
2025-10-28 08:00:00,3932.145,3935.555,3886.199,3923.055,240,706
2025-10-28 12:00:00,3923.375,3969.405,3905.335,3964.585,240,708
2025-10-28 16:00:00,3964.595,3970.205,3944.935,3960.275,240,511
2025-10-28 20:00:00,3960.125,3967.515,3914.548,3964.535,180,680
2025-10-29 00:00:00,3964.535,3982.075,3943.605,3962.958,240,755
2025-10-29 04:00:00,3963.005,4001.385,3950.668,4001.385,240,961
2025-10-29 08:00:00,4001.385,4029.525,4000.278,4016.395,240,582
2025-10-29 12:00:00,4016.365,4029.955,3989.165,3992.695,240,790
2025-10-29 16:00:00,3992.725,4007.025,3927.585,3945.475,240,697
2025-10-29 20:00:00,3945.435,3953.735,3916.348,3952.465,180,1069
2025-10-30 00:00:00,3952.495,3966.215,3915.065,3937.805,240,963
2025-10-30 04:00:00,3937.835,3982.295,3934.505,3961.005,240,716
2025-10-30 08:00:00,3960.995,4011.498,3959.895,3974.225,240,726
2025-10-30 12:00:00,3974.245,4014.635,3959.955,4001.585,240,858
2025-10-30 16:00:00,4001.565,4025.705,3990.905,4023.205,240,637
2025-10-30 20:00:00,4023.155,4045.925,4015.955,4036.345,180,615
2025-10-31 00:00:00,4036.225,4039.135,3990.938,3995.955,240,750
2025-10-31 04:00:00,3995.995,4025.305,3988.765,4020.755,240,759
2025-10-31 08:00:00,4020.785,4026.808,3998.515,4010.145,240,749
2025-10-31 12:00:00,4010.335,4036.035,4008.805,4012.485,240,812
2025-10-31 16:00:00,4012.445,4014.945,3971.965,4001.075,240,645
2025-10-31 20:00:00,4001.045,4006.248,3995.955,4001.505,60,1027
2025-11-02 20:00:00,3983.498,3998.625,3977.415,3979.435,60,2661
2025-11-03 00:00:00,3979.285,4015.145,3962.325,4011.065,240,913
2025-11-03 04:00:00,4011.055,4025.625,3997.479,4025.078,240,626
2025-11-03 08:00:00,4025.078,4027.865,3992.875,4007.365,240,730
2025-11-03 12:00:00,4007.405,4030.385,4001.415,4008.305,240,745
2025-11-03 16:00:00,4008.179,4013.209,3994.989,4004.395,240,713
2025-11-03 20:00:00,4004.395,4014.695,3980.625,3996.925,180,729
2025-11-04 00:00:00,3996.975,3999.155,3975.435,3994.345,240,755
2025-11-04 04:00:00,3994.335,3996.215,3966.395,3993.645,240,596
2025-11-04 08:00:00,3993.985,4000.475,3985.765,3994.685,240,547
2025-11-04 12:00:00,3994.735,3997.295,3928.475,3956.625,240,615
2025-11-04 16:00:00,3956.665,3975.405,3931.855,3937.145,240,613
2025-11-04 20:00:00,3937.195,3941.925,3930.275,3934.328,180,611
2025-11-05 00:00:00,3934.325,3964.995,3929.648,3960.565,240,619
2025-11-05 04:00:00,3960.459,3978.345,3959.585,3972.305,240,749
2025-11-05 08:00:00,3972.285,3986.915,3955.825,3966.685,240,667
2025-11-05 12:00:00,3966.655,3985.425,3961.945,3978.075,240,532
2025-11-05 16:00:00,3978.175,3990.235,3974.745,3987.498,240,546
2025-11-05 20:00:00,3987.598,3989.975,3966.095,3973.515,180,699
2025-11-06 00:00:00,3973.475,3990.205,3964.355,3987.315,240,618
2025-11-06 04:00:00,3987.345,4009.045,3982.035,4005.445,240,567
2025-11-06 08:00:00,4005.398,4019.175,4004.155,4017.785,240,748
2025-11-06 12:00:00,4017.745,4019.275,3974.895,3979.945,240,749
2025-11-06 16:00:00,3979.975,3994.975,3965.425,3984.998,240,729
2025-11-06 20:00:00,3984.635,3989.515,3973.655,3988.875,180,746
2025-11-07 00:00:00,3988.905,4003.115,3984.295,3990.155,240,751
2025-11-07 04:00:00,3990.125,4009.595,3985.275,4007.615,240,638
2025-11-07 08:00:00,4007.708,4013.975,3993.535,4002.725,240,586
2025-11-07 12:00:00,4002.745,4008.245,3983.855,3990.775,240,540
2025-11-07 16:00:00,3990.775,4027.225,3989.785,4006.505,240,607
2025-11-07 20:00:00,4006.429,4006.665,3994.245,4000.289,120,608
2025-11-09 20:00:00,3997.898,4012.105,3996.698,4011.635,60,2396
2025-11-10 00:00:00,4011.665,4053.125,4010.915,4049.975,240,607
2025-11-10 04:00:00,4049.835,4078.875,4049.615,4075.075,240,625
2025-11-10 08:00:00,4075.105,4086.115,4071.265,4085.165,240,557
2025-11-10 12:00:00,4085.205,4105.715,4074.065,4084.145,240,549
2025-11-10 16:00:00,4084.125,4115.605,4081.815,4113.025,240,575
2025-11-10 20:00:00,4113.045,4122.515,4106.425,4119.705,180,564
2025-11-11 00:00:00,4119.995,4147.845,4116.055,4146.675,240,583
2025-11-11 04:00:00,4146.655,4148.755,4124.525,4129.425,240,602
2025-11-11 08:00:00,4129.305,4145.725,4128.585,4142.599,240,584
2025-11-11 12:00:00,4142.599,4146.545,4096.845,4106.475,240,639
2025-11-11 16:00:00,4106.465,4125.945,4105.0,4122.885,240,568
2025-11-11 20:00:00,4122.985,4144.465,4122.235,4142.405,180,514
2025-11-12 00:00:00,4142.375,4145.255,4111.615,4111.785,240,593
2025-11-12 04:00:00,4111.745,4125.045,4098.665,4116.925,240,569
2025-11-12 08:00:00,4116.955,4133.385,4112.015,4125.765,240,571
2025-11-12 12:00:00,4125.795,4185.415,4122.495,4181.109,240,525
2025-11-12 16:00:00,4181.095,4211.495,4179.835,4197.229,240,714
2025-11-12 20:00:00,4197.179,4208.178,4187.005,4190.975,180,732
2025-11-13 00:00:00,4190.965,4212.905,4179.625,4212.565,240,669
2025-11-13 04:00:00,4212.545,4219.985,4203.065,4219.965,240,754
2025-11-13 08:00:00,4219.945,4239.905,4218.975,4230.315,240,589
2025-11-13 12:00:00,4230.165,4244.925,4184.355,4202.275,240,551
2025-11-13 16:00:00,4202.305,4210.698,4144.965,4163.655,241,720
2025-11-13 20:00:00,4163.675,4186.455,4159.995,4185.725,180,748
2025-11-14 00:00:00,4185.795,4211.015,4173.345,4204.115,240,758
2025-11-14 04:00:00,4204.085,4205.455,4158.685,4180.955,240,751
2025-11-14 08:00:00,4180.895,4186.835,4130.685,4132.725,240,612
2025-11-14 12:00:00,4132.725,4140.465,4031.955,4093.405,240,683
2025-11-14 16:00:00,4093.515,4110.915,4080.645,4089.785,240,634
2025-11-14 20:00:00,4089.855,4092.195,4075.345,4082.019,120,522
2025-11-16 20:00:00,4084.898,4106.295,4070.395,4096.198,60,2605
2025-11-17 00:00:00,4096.248,4101.605,4069.575,4082.655,240,747
2025-11-17 04:00:00,4082.635,4088.985,4049.505,4087.895,240,744
2025-11-17 08:00:00,4088.095,4095.685,4060.905,4078.255,240,640
2025-11-17 12:00:00,4078.245,4092.065,4060.435,4064.075,240,515
2025-11-17 16:00:00,4063.945,4080.895,4010.655,4011.015,240,614
2025-11-17 20:00:00,4010.985,4054.848,4006.735,4036.345,180,634
2025-11-18 00:00:00,4036.435,4044.935,4008.215,4013.075,240,823
2025-11-18 04:00:00,4013.095,4024.985,3997.658,4013.565,240,708
2025-11-18 08:00:00,4013.585,4050.185,4010.225,4039.295,240,640
2025-11-18 12:00:00,4039.315,4081.645,4028.905,4052.765,240,611
2025-11-18 16:00:00,4052.925,4081.798,4040.145,4080.965,240,571
2025-11-18 20:00:00,4080.995,4082.275,4064.735,4076.635,180,515
2025-11-19 00:00:00,4076.595,4080.445,4055.248,4066.735,240,639
2025-11-19 04:00:00,4066.755,4098.415,4064.335,4086.745,240,598
2025-11-19 08:00:00,4086.735,4118.905,4078.125,4112.735,240,520
2025-11-19 12:00:00,4112.715,4132.675,4089.855,4096.515,240,602
2025-11-19 16:00:00,4096.455,4098.365,4055.385,4073.475,240,591
2025-11-19 20:00:00,4073.505,4107.825,4065.425,4104.165,180,515
2025-11-20 00:00:00,4104.265,4109.805,4039.998,4072.075,240,705
2025-11-20 04:00:00,4072.105,4080.275,4054.025,4059.655,240,720
2025-11-20 08:00:00,4059.535,4072.495,4038.605,4060.515,240,624
2025-11-20 12:00:00,4060.385,4107.055,4059.855,4070.028,240,692
2025-11-20 16:00:00,4069.965,4086.965,4043.348,4084.398,240,696
2025-11-20 20:00:00,4084.375,4088.645,4072.325,4078.675,180,665
2025-11-21 00:00:00,4078.665,4081.015,4049.065,4055.885,240,983
2025-11-21 04:00:00,4055.895,4064.645,4024.538,4031.325,240,753
2025-11-21 08:00:00,4031.365,4063.145,4022.075,4036.325,240,752
2025-11-21 12:00:00,4036.275,4083.645,4034.485,4069.365,240,743
2025-11-21 16:00:00,4069.289,4100.839,4062.705,4087.359,240,613
2025-11-21 20:00:00,4087.365,4088.495,4054.385,4064.279,120,635
2025-11-23 20:00:00,4070.098,4077.285,4064.745,4074.905,60,3007
2025-11-24 00:00:00,4074.895,4075.855,4040.375,4050.115,240,649
2025-11-24 04:00:00,4050.075,4067.365,4039.945,4059.875,240,749
2025-11-24 08:00:00,4059.825,4077.015,4059.425,4069.735,240,604
2025-11-24 12:00:00,4069.715,4093.575,4065.325,4091.538,240,741
2025-11-24 16:00:00,4091.475,4125.555,4087.685,4118.245,240,729
2025-11-24 20:00:00,4118.189,4144.148,4117.725,4143.498,180,738
2025-11-25 00:00:00,4143.298,4155.585,4122.265,4142.895,240,752
2025-11-25 04:00:00,4142.895,4151.815,4129.785,4132.168,240,750
2025-11-25 08:00:00,4132.185,4139.138,4109.415,4133.275,240,713
2025-11-25 12:00:00,4133.265,4150.548,4110.685,4123.078,240,527
2025-11-25 16:00:00,4123.078,4159.045,4121.858,4133.505,240,729
2025-11-25 20:00:00,4133.535,4138.129,4127.678,4133.505,180,736
2025-11-26 00:00:00,4133.525,4169.255,4132.445,4165.765,240,751
2025-11-26 04:00:00,4165.745,4168.425,4146.435,4157.205,240,743
2025-11-26 08:00:00,4157.225,4172.848,4154.475,4171.305,240,749
2025-11-26 12:00:00,4171.275,4173.145,4135.675,4165.115,240,758
2025-11-26 16:00:00,4165.235,4171.485,4157.855,4163.085,240,609
2025-11-26 20:00:00,4163.065,4168.405,4161.165,4164.248,180,610
2025-11-27 00:00:00,4163.825,4166.798,4143.945,4147.205,240,866
2025-11-27 04:00:00,4147.175,4162.235,4142.425,4159.828,240,630
2025-11-27 08:00:00,4159.905,4166.825,4148.165,4157.115,240,685
2025-11-27 12:00:00,4157.125,4161.575,4148.895,4157.825,240,614
2025-11-27 16:00:00,4157.805,4160.115,4151.235,4157.448,209,614
2025-11-27 20:00:00,4156.825,4163.565,4156.355,4163.025,60,1937
2025-11-28 00:00:00,4163.025,4193.015,4162.625,4183.635,239,641
2025-11-28 04:00:00,4183.555,4188.585,4170.74,4174.295,240,1986
2025-11-28 08:00:00,4174.295,4179.455,4150.075,4170.918,226,7216
2025-11-28 12:00:00,4170.918,4208.635,4166.935,4203.645,240,2455
2025-11-28 16:00:00,4203.565,4226.735,4197.595,4218.959,224,578
2025-11-30 20:00:00,4222.298,4230.349,4204.348,4221.805,60,2801
2025-12-01 00:00:00,4221.655,4256.245,4218.055,4239.055,240,621
2025-12-01 04:00:00,4239.075,4246.665,4215.275,4244.998,236,706
2025-12-01 08:00:00,4244.998,4262.025,4237.958,4254.355,240,719
2025-12-01 12:00:00,4254.335,4264.385,4219.345,4232.225,240,630
2025-12-01 16:00:00,4232.255,4244.485,4222.835,4236.745,240,590
2025-12-01 20:00:00,4236.675,4241.225,4224.235,4227.248,180,565
2025-12-02 00:00:00,4227.348,4229.475,4197.895,4216.515,240,745
2025-12-02 04:00:00,4216.545,4226.105,4202.985,4213.165,240,622
2025-12-02 08:00:00,4213.195,4216.955,4180.895,4205.285,240,587
2025-12-02 12:00:00,4205.255,4230.365,4163.458,4169.255,240,619
2025-12-02 16:00:00,4169.375,4200.048,4166.545,4196.135,240,645
2025-12-02 20:00:00,4196.165,4215.825,4194.555,4212.435,180,721
2025-12-03 00:00:00,4212.405,4228.765,4204.325,4220.935,240,622
2025-12-03 04:00:00,4220.875,4225.185,4200.065,4206.085,240,641
2025-12-03 08:00:00,4206.515,4210.008,4194.405,4208.465,240,556
2025-12-03 12:00:00,4208.505,4241.235,4204.835,4216.145,240,577
2025-12-03 16:00:00,4216.105,4224.985,4194.945,4207.625,240,627
2025-12-03 20:00:00,4207.635,4212.565,4201.915,4206.985,180,609
2025-12-04 00:00:00,4206.955,4216.715,4187.125,4195.565,240,763
2025-12-04 04:00:00,4195.505,4198.885,4175.005,4193.595,240,617
2025-12-04 08:00:00,4193.585,4206.335,4183.315,4198.305,240,596
2025-12-04 12:00:00,4198.199,4213.275,4185.155,4207.148,240,594
2025-12-04 16:00:00,4207.235,4219.255,4199.435,4208.775,240,566
2025-12-04 20:00:00,4208.635,4210.148,4203.655,4205.915,180,529
2025-12-05 00:00:00,4205.975,4210.518,4194.465,4209.345,240,683
2025-12-05 04:00:00,4209.325,4230.485,4207.815,4224.245,240,619
2025-12-05 08:00:00,4224.245,4227.305,4215.735,4223.525,240,578
2025-12-05 12:00:00,4223.525,4259.105,4221.285,4243.465,240,570
2025-12-05 16:00:00,4243.615,4245.525,4198.215,4207.365,240,626
2025-12-05 20:00:00,4207.535,4207.535,4191.815,4197.405,120,527
2025-12-07 20:00:00,4199.615,4202.495,4193.385,4200.665,28,5841
2025-12-08 00:00:00,4201.245,4212.915,4197.225,4209.915,240,870
2025-12-08 04:00:00,4209.875,4218.755,4204.435,4206.595,240,624
2025-12-08 08:00:00,4206.565,4216.405,4199.418,4208.395,240,569
2025-12-08 12:00:00,4208.375,4215.275,4175.998,4182.665,240,569
2025-12-08 16:00:00,4182.625,4197.655,4176.665,4186.865,240,556
2025-12-08 20:00:00,4186.795,4195.355,4184.705,4194.535,180,522
2025-12-09 00:00:00,4194.435,4198.568,4185.785,4194.405,240,665
2025-12-09 04:00:00,4194.295,4195.435,4169.845,4182.135,240,615
2025-12-09 08:00:00,4182.185,4212.645,4182.185,4202.885,240,617
2025-12-09 12:00:00,4202.955,4216.105,4189.229,4212.288,240,616
2025-12-09 16:00:00,4212.278,4221.345,4201.085,4212.405,240,606
2025-12-09 20:00:00,4212.375,4215.805,4204.895,4210.448,180,567
2025-12-10 00:00:00,4210.448,4218.615,4203.365,4206.095,240,693
2025-12-10 04:00:00,4206.025,4214.225,4201.525,4203.145,240,605
2025-12-10 08:00:00,4203.115,4206.435,4187.525,4197.135,240,553
2025-12-10 12:00:00,4197.115,4206.825,4188.645,4193.475,240,555
2025-12-10 16:00:00,4193.575,4219.545,4181.565,4216.365,240,576
2025-12-10 20:00:00,4216.335,4238.445,4210.935,4232.225,180,613
2025-12-11 00:00:00,4232.235,4247.465,4209.095,4216.535,240,737
2025-12-11 04:00:00,4216.469,4218.495,4203.905,4215.845,240,666
2025-12-11 08:00:00,4215.865,4225.775,4209.445,4210.995,240,574
2025-12-11 12:00:00,4211.015,4261.215,4205.035,4255.785,240,549
2025-12-11 16:00:00,4255.825,4285.705,4249.855,4273.315,240,646
2025-12-11 20:00:00,4273.285,4283.548,4263.995,4275.905,180,642
2025-12-12 00:00:00,4275.905,4279.948,4264.148,4270.425,240,782
2025-12-12 04:00:00,4270.405,4290.245,4265.805,4286.975,240,676
2025-12-12 08:00:00,4286.895,4339.075,4286.895,4336.165,240,611
2025-12-12 12:00:00,4336.135,4353.325,4282.895,4290.075,240,655
2025-12-12 16:00:00,4290.055,4303.555,4256.845,4296.385,240,747
2025-12-12 20:00:00,4296.365,4303.935,4288.475,4298.705,120,630
2025-12-14 20:00:00,4299.298,4308.195,4293.798,4301.975,60,2491
2025-12-15 00:00:00,4302.155,4329.415,4299.945,4327.005,240,784
2025-12-15 04:00:00,4326.955,4347.185,4322.915,4338.985,240,618
2025-12-15 08:00:00,4338.975,4349.995,4335.008,4342.575,240,688
2025-12-15 12:00:00,4342.555,4348.195,4311.315,4318.035,240,553
2025-12-15 16:00:00,4318.005,4318.695,4285.055,4314.015,240,604
2025-12-15 20:00:00,4314.035,4314.198,4299.365,4303.965,180,555
2025-12-16 00:00:00,4303.955,4317.695,4280.385,4290.725,240,744
2025-12-16 04:00:00,4290.695,4292.055,4271.125,4287.455,240,612
2025-12-16 08:00:00,4287.355,4289.215,4273.585,4278.345,240,601
2025-12-16 12:00:00,4278.345,4334.935,4276.605,4319.625,240,539
2025-12-16 16:00:00,4319.595,4323.085,4291.075,4310.315,240,652
2025-12-16 20:00:00,4310.299,4314.125,4300.535,4307.695,180,750
2025-12-17 00:00:00,4307.765,4327.565,4307.275,4323.565,240,725
2025-12-17 04:00:00,4323.585,4342.255,4315.375,4317.715,240,619
2025-12-17 08:00:00,4317.625,4323.075,4306.305,4316.115,240,557
2025-12-17 12:00:00,4316.125,4348.675,4314.725,4330.115,240,634
2025-12-17 16:00:00,4330.355,4346.375,4319.985,4336.895,240,625
2025-12-17 20:00:00,4336.935,4346.135,4335.085,4338.648,179,547
2025-12-18 00:00:00,4338.648,4342.735,4324.205,4332.955,240,793
2025-12-18 04:00:00,4332.925,4337.595,4328.375,4331.205,240,652
2025-12-18 08:00:00,4331.185,4332.375,4320.485,4325.465,240,778
2025-12-18 12:00:00,4325.455,4342.845,4308.285,4337.868,240,599
2025-12-18 16:00:00,4337.745,4374.395,4321.765,4324.735,240,702
2025-12-18 20:00:00,4324.795,4338.085,4324.355,4334.865,180,645
2025-12-19 00:00:00,4334.845,4335.495,4308.715,4317.835,240,650
2025-12-19 04:00:00,4317.805,4329.415,4316.725,4322.445,240,574
2025-12-19 08:00:00,4322.335,4333.475,4320.815,4327.075,240,650
2025-12-19 12:00:00,4327.075,4348.975,4319.528,4347.635,240,556
2025-12-19 16:00:00,4347.595,4356.365,4341.845,4345.065,240,759
2025-12-19 20:00:00,4345.025,4346.295,4336.275,4338.669,120,520
2025-12-21 20:00:00,4338.898,4355.948,4336.635,4354.915,60,2542
2025-12-22 00:00:00,4354.885,4394.615,4354.885,4392.265,240,821
2025-12-22 04:00:00,4392.248,4420.165,4390.948,4414.019,240,818
2025-12-22 08:00:00,4414.019,4415.555,4405.755,4410.045,240,818
2025-12-22 12:00:00,4410.025,4435.338,4405.905,4431.548,240,804
2025-12-22 16:00:00,4431.548,4441.948,4427.975,4433.395,240,691
2025-12-22 20:00:00,4433.298,4461.598,4431.385,4459.865,180,660
2025-12-23 00:00:00,4459.865,4497.345,4457.705,4486.425,240,748
2025-12-23 04:00:00,4486.335,4489.405,4469.265,4486.375,240,712
2025-12-23 08:00:00,4486.345,4494.005,4477.945,4493.325,240,687
2025-12-23 12:00:00,4493.265,4497.175,4429.975,4458.148,240,672
2025-12-23 16:00:00,4458.185,4496.105,4455.559,4490.618,240,668
2025-12-23 20:00:00,4490.618,4510.175,4481.298,4503.125,180,676
2025-12-24 00:00:00,4503.095,4525.765,4467.919,4492.825,240,805
2025-12-24 04:00:00,4492.875,4501.225,4483.195,4483.625,240,798
2025-12-24 08:00:00,4483.585,4499.525,4477.805,4491.235,240,778
2025-12-24 12:00:00,4491.235,4495.705,4447.895,4458.235,240,837
2025-12-24 16:00:00,4458.195,4487.515,4455.725,4479.029,164,829
2025-12-25 20:00:00,4490.045,4499.625,4482.655,4494.785,56,3716
2025-12-26 00:00:00,4494.875,4530.975,4491.535,4501.565,240,829
2025-12-26 04:00:00,4501.589,4519.155,4500.235,4510.555,240,1062
2025-12-26 08:00:00,4510.625,4523.165,4502.505,4509.495,240,1070
2025-12-26 12:00:00,4509.545,4547.045,4503.205,4546.245,240,832
2025-12-26 16:00:00,4546.275,4549.715,4509.625,4523.515,240,821
2025-12-26 20:00:00,4523.535,4535.395,4521.498,4532.365,120,838
2025-12-28 20:00:00,4538.698,4549.298,4522.625,4526.448,60,2293
2025-12-29 00:00:00,4526.448,4527.545,4471.498,4516.315,240,1600
2025-12-29 04:00:00,4516.145,4519.325,4444.735,4474.175,240,748
2025-12-29 08:00:00,4474.275,4488.255,4433.835,4446.325,240,997
2025-12-29 12:00:00,4446.545,4467.288,4300.698,4325.065,240,1077
2025-12-29 16:00:00,4325.015,4347.148,4314.845,4336.655,240,790
2025-12-29 20:00:00,4336.685,4346.815,4322.965,4345.455,180,836
2025-12-30 00:00:00,4345.465,4368.925,4324.195,4358.875,240,843
2025-12-30 04:00:00,4358.895,4383.035,4357.285,4372.098,240,808
2025-12-30 08:00:00,4372.098,4391.515,4349.955,4383.965,240,815
2025-12-30 12:00:00,4383.965,4403.998,4355.335,4364.885,240,833
2025-12-30 16:00:00,4365.085,4381.625,4337.565,4348.345,240,820
2025-12-30 20:00:00,4348.345,4355.245,4328.765,4338.655,180,800
2025-12-31 00:00:00,4338.655,4372.905,4332.385,4347.898,240,927
2025-12-31 04:00:00,4348.098,4350.898,4273.805,4330.738,240,984
2025-12-31 08:00:00,4330.738,4337.065,4302.998,4310.725,240,787
2025-12-31 12:00:00,4310.775,4353.048,4302.598,4337.145,240,834
2025-12-31 16:00:00,4337.175,4339.505,4307.585,4311.115,240,1042
2025-12-31 20:00:00,4311.125,4324.285,4304.195,4309.648,90,1120
2026-01-01 20:00:00,4323.698,4351.005,4323.198,4347.805,60,2722
2026-01-02 00:00:00,4347.798,4375.398,4341.075,4374.748,240,1328
2026-01-02 04:00:00,4374.759,4383.165,4370.598,4382.525,240,883
2026-01-02 08:00:00,4382.545,4398.998,4380.555,4392.535,240,973
2026-01-02 12:00:00,4392.565,4401.928,4330.065,4335.095,240,1072
2026-01-02 16:00:00,4335.055,4337.095,4309.618,4317.845,240,686
2026-01-02 20:00:00,4317.815,4333.165,4316.925,4331.575,120,670
2026-01-04 20:00:00,4360.875,4375.665,4344.425,4372.345,60,2307
2026-01-05 00:00:00,4372.275,4421.195,4370.025,4399.615,240,823
2026-01-05 04:00:00,4399.645,4426.095,4397.005,4421.465,240,830
2026-01-05 08:00:00,4421.465,4439.675,4410.285,4419.035,240,756
2026-01-05 12:00:00,4419.065,4455.425,4396.045,4448.275,240,621
2026-01-05 16:00:00,4448.255,4454.125,4432.095,4439.485,240,674
2026-01-05 20:00:00,4439.448,4459.815,4436.555,4440.285,180,675
2026-01-06 00:00:00,4440.285,4467.885,4427.725,4467.305,240,683
2026-01-06 04:00:00,4467.298,4473.915,4449.198,4459.125,240,805
2026-01-06 08:00:00,4459.105,4475.485,4442.095,4462.948,240,813
2026-01-06 12:00:00,4463.048,4490.615,4453.535,4478.025,240,999
2026-01-06 16:00:00,4477.978,4493.775,4471.178,4481.195,240,831
2026-01-06 20:00:00,4481.155,4500.348,4480.135,4493.235,180,742
2026-01-07 00:00:00,4493.185,4495.595,4459.308,4474.505,240,710
2026-01-07 04:00:00,4474.525,4475.755,4441.248,4460.935,240,811
2026-01-07 08:00:00,4460.785,4474.648,4446.255,4447.135,240,741
2026-01-07 12:00:00,4447.505,4454.805,4423.135,4445.895,240,818
2026-01-07 16:00:00,4445.845,4468.075,4443.615,4456.875,240,659
2026-01-07 20:00:00,4456.835,4463.735,4449.688,4463.205,180,579
2026-01-08 00:00:00,4463.145,4466.075,4433.275,4439.925,240,699
2026-01-08 04:00:00,4439.925,4440.255,4415.215,4430.745,240,801
2026-01-08 08:00:00,4430.725,4435.145,4419.438,4422.675,240,822
2026-01-08 12:00:00,4422.735,4456.315,4407.485,4454.015,240,676
2026-01-08 16:00:00,4454.035,4465.165,4444.565,4451.895,240,666
2026-01-08 20:00:00,4451.875,4483.548,4451.285,4475.485,180,670
2026-01-09 00:00:00,4475.445,4476.675,4452.585,4463.905,240,699
2026-01-09 04:00:00,4463.875,4477.125,4457.985,4469.935,240,642
2026-01-09 08:00:00,4470.025,4477.445,4463.905,4475.048,240,696
2026-01-09 12:00:00,4474.995,4516.898,4458.595,4511.988,240,823
2026-01-09 16:00:00,4511.988,4513.908,4481.615,4498.925,240,813
2026-01-09 20:00:00,4498.865,4510.998,4497.405,4509.015,120,758
2026-01-11 20:00:00,4520.298,4544.735,4511.898,4539.855,60,1917
2026-01-12 00:00:00,4539.775,4601.048,4536.055,4570.285,240,988
2026-01-12 04:00:00,4570.305,4589.465,4563.118,4587.485,240,736
2026-01-12 08:00:00,4587.455,4599.245,4579.235,4584.995,240,586
2026-01-12 12:00:00,4585.015,4627.275,4578.145,4621.135,240,584
2026-01-12 16:00:00,4620.765,4629.975,4600.215,4610.975,240,671
2026-01-12 20:00:00,4611.015,4611.625,4577.335,4599.095,180,564
2026-01-13 00:00:00,4599.205,4599.455,4575.275,4593.955,240,811
2026-01-13 04:00:00,4593.925,4601.945,4573.325,4580.445,240,697
2026-01-13 08:00:00,4580.495,4596.855,4579.505,4588.365,240,669
2026-01-13 12:00:00,4588.435,4634.285,4577.615,4618.905,240,670
2026-01-13 16:00:00,4618.885,4620.445,4580.835,4597.305,240,835
2026-01-13 20:00:00,4597.325,4598.655,4569.185,4596.805,180,857
2026-01-14 00:00:00,4596.795,4629.865,4596.745,4627.955,240,658
2026-01-14 04:00:00,4627.975,4639.535,4617.685,4632.145,240,667
2026-01-14 08:00:00,4632.125,4639.425,4621.265,4630.145,240,729
2026-01-14 12:00:00,4630.375,4641.595,4599.165,4617.715,240,586
2026-01-14 16:00:00,4617.735,4642.695,4600.985,4638.995,240,594
2026-01-14 20:00:00,4639.045,4641.335,4602.575,4615.015,180,582
2026-01-15 00:00:00,4614.935,4617.915,4580.925,4592.015,240,709
2026-01-15 04:00:00,4592.015,4613.365,4580.815,4601.565,240,696
2026-01-15 08:00:00,4601.585,4622.755,4597.685,4619.005,240,649
2026-01-15 12:00:00,4619.105,4620.555,4582.135,4615.145,240,605
2026-01-15 16:00:00,4615.165,4624.325,4600.975,4615.635,240,854
2026-01-15 20:00:00,4615.635,4620.448,4600.399,4609.855,180,840
2026-01-16 00:00:00,4609.835,4610.845,4590.975,4596.115,240,861
2026-01-16 04:00:00,4596.055,4615.735,4593.865,4607.285,240,699
2026-01-16 08:00:00,4607.245,4615.965,4598.285,4612.335,240,700
2026-01-16 12:00:00,4612.365,4620.035,4536.515,4570.855,240,730
2026-01-16 16:00:00,4570.835,4598.835,4567.138,4590.245,240,738
2026-01-16 20:00:00,4590.285,4598.085,4580.335,4595.515,120,688
2026-01-18 20:00:00,4625.755,4690.265,4618.988,4672.365,60,2416
2026-01-19 00:00:00,4672.375,4681.735,4652.845,4658.048,240,873
2026-01-19 04:00:00,4658.208,4678.855,4657.898,4664.955,240,696
2026-01-19 08:00:00,4664.955,4673.655,4659.425,4660.295,240,595
2026-01-19 12:00:00,4660.335,4675.955,4659.825,4674.055,240,658
2026-01-19 16:00:00,4674.085,4680.105,4666.848,4669.975,209,596
2026-01-19 20:00:00,4671.298,4676.448,4664.185,4665.135,60,1366
2026-01-20 00:00:00,4665.145,4681.355,4659.245,4679.985,240,663
2026-01-20 04:00:00,4679.965,4722.505,4679.405,4715.915,240,698
2026-01-20 08:00:00,4715.945,4737.285,4714.745,4732.885,240,765
2026-01-20 12:00:00,4732.678,4750.835,4715.075,4737.215,239,676
2026-01-20 16:00:00,4737.235,4766.145,4728.685,4760.555,240,696
2026-01-20 20:00:00,4760.505,4780.895,4747.048,4775.625,180,699
2026-01-21 00:00:00,4775.605,4849.545,4770.198,4844.735,240,692
2026-01-21 04:00:00,4844.675,4888.075,4832.375,4855.055,240,664
2026-01-21 08:00:00,4855.075,4876.965,4851.325,4866.705,240,598
2026-01-21 12:00:00,4866.735,4880.635,4812.415,4847.505,240,573
2026-01-21 16:00:00,4847.535,4855.435,4755.345,4780.995,240,600
2026-01-21 20:00:00,4780.858,4839.535,4771.915,4777.915,180,892
2026-01-22 00:00:00,4777.875,4809.405,4772.185,4796.365,240,804
2026-01-22 04:00:00,4796.395,4839.353,4793.505,4832.485,240,736
2026-01-22 08:00:00,4832.465,4837.925,4813.605,4831.015,240,555
2026-01-22 12:00:00,4830.985,4873.535,4810.535,4871.615,240,543
2026-01-22 16:00:00,4871.645,4924.235,4867.915,4911.575,240,530
2026-01-22 20:00:00,4911.595,4960.435,4911.375,4958.795,180,540
2026-01-23 00:00:00,4958.785,4967.075,4935.995,4951.855,240,685
2026-01-23 04:00:00,4951.835,4967.235,4943.105,4944.325,240,580
2026-01-23 08:00:00,4944.305,4947.565,4899.545,4922.625,240,596
2026-01-23 12:00:00,4923.025,4963.265,4918.205,4960.295,240,718
2026-01-23 16:00:00,4960.345,4989.675,4957.995,4983.945,240,604
2026-01-23 20:00:00,4983.875,4989.648,4970.385,4983.785,120,593
2026-01-25 20:00:00,5003.285,5039.695,5001.098,5039.395,60,2588
2026-01-26 00:00:00,5039.525,5092.785,5028.745,5076.525,240,825
2026-01-26 04:00:00,5076.445,5110.885,5052.175,5088.855,240,595
2026-01-26 08:00:00,5088.815,5098.376,5075.145,5091.345,240,510
2026-01-26 12:00:00,5091.385,5097.215,5054.375,5090.615,240,493
2026-01-26 16:00:00,5090.655,5105.015,5008.018,5028.225,240,825
2026-01-26 20:00:00,5028.265,5062.055,4989.805,5043.195,180,800
2026-01-27 00:00:00,5043.225,5079.575,5013.595,5076.815,240,775
2026-01-27 04:00:00,5076.785,5100.585,5057.005,5085.725,240,574
2026-01-27 08:00:00,5085.725,5099.345,5066.808,5076.705,240,604
2026-01-27 12:00:00,5076.755,5092.695,5046.465,5090.775,240,556
2026-01-27 16:00:00,5090.575,5103.075,5076.135,5098.745,240,603
2026-01-27 20:00:00,5098.715,5190.235,5097.745,5171.895,180,698
2026-01-28 00:00:00,5171.975,5247.475,5157.115,5234.945,240,948
2026-01-28 04:00:00,5234.845,5292.565,5232.105,5290.335,240,645
2026-01-28 08:00:00,5290.285,5311.245,5238.345,5261.375,240,759
2026-01-28 12:00:00,5261.385,5298.125,5235.238,5278.085,240,709
2026-01-28 16:00:00,5278.045,5331.598,5268.245,5325.105,240,637
2026-01-28 20:00:00,5324.889,5596.805,5320.955,5512.255,180,757
2026-01-29 00:00:00,5512.795,5551.315,5444.348,5545.655,240,2344
2026-01-29 04:00:00,5545.635,5595.275,5515.485,5548.755,240,673
2026-01-29 08:00:00,5548.725,5554.585,5470.545,5522.445,240,733
2026-01-29 12:00:00,5522.425,5549.335,5098.765,5181.848,240,558
2026-01-29 16:00:00,5181.825,5375.255,5171.455,5305.385,240,1851
2026-01-29 20:00:00,5305.395,5447.649,5282.335,5437.995,180,1063
2026-01-30 00:00:00,5437.995,5450.745,5111.398,5195.415,240,1101
2026-01-30 04:00:00,5195.335,5240.865,5117.205,5180.805,240,2095
2026-01-30 08:00:00,5180.805,5180.805,4940.895,5135.285,240,1738
2026-01-30 12:00:00,5135.285,5145.445,4979.725,5050.045,240,1499
2026-01-30 16:00:00,5050.035,5051.528,4679.725,4931.925,240,1338
2026-01-30 20:00:00,4931.975,4932.245,4806.428,4895.118,120,2186
2026-02-01 20:00:00,4817.598,4820.748,4694.575,4741.745,51,5947
2026-02-02 00:00:00,4741.725,4884.248,4582.798,4645.605,240,2855
2026-02-02 04:00:00,4646.125,4712.188,4401.038,4586.155,240,2821
2026-02-02 08:00:00,4586.195,4779.025,4557.905,4765.245,240,2355
2026-02-02 12:00:00,4765.345,4811.895,4616.395,4619.345,240,1794
2026-02-02 16:00:00,4619.235,4713.318,4596.125,4684.708,240,1918
2026-02-02 20:00:00,4684.708,4775.415,4643.325,4773.935,180,1447
2026-02-03 00:00:00,4773.975,4856.248,4744.808,4808.795,240,1939
2026-02-03 04:00:00,4808.665,4933.305,4800.215,4916.935,240,1383
2026-02-03 08:00:00,4916.905,4949.395,4883.445,4916.475,240,800
2026-02-03 12:00:00,4916.991,4950.835,4891.855,4935.115,240,938
2026-02-03 16:00:00,4935.265,4993.458,4880.295,4926.945,240,817
2026-02-03 20:00:00,4926.925,4971.098,4901.945,4946.875,180,828
2026-02-04 00:00:00,4946.895,5073.315,4945.725,5069.805,240,1629
2026-02-04 04:00:00,5069.815,5091.115,5050.745,5084.298,240,1038
2026-02-04 08:00:00,5084.298,5091.395,5013.015,5047.255,240,1006
2026-02-04 12:00:00,5047.165,5063.155,4886.798,4919.995,240,867
2026-02-04 16:00:00,4919.975,4957.335,4844.165,4941.535,240,1507
2026-02-04 20:00:00,4941.515,5023.405,4914.135,5011.895,180,817
2026-02-05 00:00:00,5011.705,5020.175,4787.685,4879.905,240,1415
2026-02-05 04:00:00,4879.895,4939.925,4824.115,4915.505,240,1925
2026-02-05 08:00:00,4914.805,4943.215,4847.205,4867.845,240,1027
2026-02-05 12:00:00,4867.498,4877.905,4800.055,4817.345,240,1318
2026-02-05 16:00:00,4817.265,4906.095,4812.155,4829.135,240,1157
2026-02-05 20:00:00,4828.879,4842.985,4702.915,4703.275,180,871
2026-02-06 00:00:00,4703.265,4846.045,4654.355,4823.995,240,1995
2026-02-06 04:00:00,4823.915,4902.975,4806.895,4840.185,240,1414
2026-02-06 08:00:00,4840.185,4895.498,4828.575,4886.735,240,1402
2026-02-06 12:00:00,4886.725,4964.338,4871.555,4943.365,240,880
2026-02-06 16:00:00,4943.455,4970.898,4921.578,4957.015,240,863
2026-02-06 20:00:00,4957.065,4967.598,4936.385,4964.298,120,654
2026-02-08 20:00:00,4980.098,5046.805,4962.605,5035.475,60,6216
2026-02-09 00:00:00,5035.475,5044.195,4967.835,5015.735,240,1515
2026-02-09 04:00:00,5015.885,5045.615,4994.955,5006.095,240,1451
2026-02-09 08:00:00,5006.125,5040.785,4982.125,5010.585,240,743
2026-02-09 12:00:00,5010.615,5060.045,4994.855,5058.675,240,711
2026-02-09 16:00:00,5058.705,5080.495,5040.635,5074.195,240,782
2026-02-09 20:00:00,5074.275,5086.265,4985.748,5031.245,180,795
2026-02-10 00:00:00,5031.095,5055.935,5008.155,5029.855,240,1646
2026-02-10 04:00:00,5029.655,5045.195,5010.925,5033.765,240,1089
2026-02-10 08:00:00,5033.519,5063.055,5028.605,5055.675,240,704
2026-02-10 12:00:00,5055.695,5078.485,4998.685,5019.028,240,797
2026-02-10 16:00:00,5019.035,5039.875,5004.558,5027.685,240,853
2026-02-10 20:00:00,5027.705,5054.435,5020.045,5041.575,180,781
2026-02-11 00:00:00,5041.535,5060.425,5027.755,5054.055,240,1111
2026-02-11 04:00:00,5054.025,5069.125,5043.285,5055.255,240,905
2026-02-11 08:00:00,5054.735,5116.185,5045.365,5111.405,240,997
2026-02-11 12:00:00,5112.065,5118.815,5017.995,5059.885,240,989
2026-02-11 16:00:00,5059.515,5098.765,5042.745,5081.705,240,883
2026-02-11 20:00:00,5081.695,5099.798,5051.925,5060.785,180,722
2026-02-12 00:00:00,5060.625,5074.425,5044.368,5056.655,240,1392
2026-02-12 04:00:00,5056.605,5077.995,5046.678,5063.385,240,851
2026-02-12 08:00:00,5063.415,5080.535,5051.895,5063.505,240,981
2026-02-12 12:00:00,5063.558,5083.475,5039.265,5060.248,240,968
2026-02-12 16:00:00,5060.295,5067.895,4877.255,4945.325,240,1554
2026-02-12 20:00:00,4945.425,4948.205,4886.258,4919.775,173,780
2026-02-13 00:00:00,4919.875,4991.315,4913.505,4981.115,240,1332
2026-02-13 04:00:00,4981.095,4996.955,4944.475,4974.845,240,831
2026-02-13 08:00:00,4974.705,4989.315,4933.495,4953.795,240,956
2026-02-13 12:00:00,4953.355,5020.155,4951.795,4976.338,240,796
2026-02-13 16:00:00,4976.375,5045.805,4975.298,5023.285,240,889
2026-02-13 20:00:00,5023.595,5045.965,5021.275,5040.285,120,787
2026-02-15 20:00:00,5035.898,5051.678,5006.628,5019.898,60,4274
2026-02-16 00:00:00,5019.655,5030.945,4967.305,4987.195,240,1213
2026-02-16 04:00:00,4987.195,5009.738,4964.868,5006.985,240,859
2026-02-16 08:00:00,5006.985,5017.055,4995.295,5004.075,240,792
2026-02-16 12:00:00,5004.115,5007.865,4968.665,4979.405,240,791
2026-02-16 16:00:00,4979.365,4997.535,4972.875,4990.375,209,706
2026-02-16 20:00:00,4994.098,5000.645,4984.445,4989.435,60,2920
2026-02-17 00:00:00,4989.465,4991.005,4922.558,4956.505,240,936
2026-02-17 04:00:00,4956.425,4960.055,4856.648,4916.765,240,944
2026-02-17 08:00:00,4916.885,4938.965,4907.355,4929.015,240,835
2026-02-17 12:00:00,4928.679,4944.255,4840.095,4878.135,240,841
2026-02-17 16:00:00,4878.165,4910.165,4849.645,4879.975,240,922
2026-02-17 20:00:00,4879.925,4886.485,4853.775,4858.815,178,900
2026-02-18 00:00:00,4858.855,4921.975,4857.848,4920.425,240,1048
2026-02-18 04:00:00,4920.445,4942.095,4918.015,4929.995,240,847
2026-02-18 08:00:00,4929.945,4932.098,4906.055,4912.735,240,816
2026-02-18 12:00:00,4912.775,5008.698,4911.765,4997.625,240,728
2026-02-18 16:00:00,4997.765,5010.815,4972.655,4980.315,240,723
2026-02-18 20:00:00,4980.335,4988.495,4965.255,4975.635,180,722
2026-02-19 00:00:00,4975.615,4982.925,4960.048,4981.278,240,876
2026-02-19 04:00:00,4981.115,5021.555,4976.655,5010.025,240,897
2026-02-19 08:00:00,5010.005,5022.015,4977.695,4984.115,240,708
2026-02-19 12:00:00,4984.125,5021.948,4962.638,5013.445,240,822
2026-02-19 16:00:00,5013.398,5014.025,4975.065,4987.675,240,835
2026-02-19 20:00:00,4987.715,5007.498,4985.135,4987.445,180,701
2026-02-20 00:00:00,4987.508,5014.515,4981.315,4987.685,240,953
2026-02-20 04:00:00,4988.045,5029.675,4986.365,5006.005,240,835
2026-02-20 08:00:00,5006.035,5042.325,5004.665,5016.955,240,833
2026-02-20 12:00:00,5017.395,5063.775,4989.025,5042.318,240,831
2026-02-20 16:00:00,5042.318,5079.675,5038.365,5079.098,240,914
2026-02-20 20:00:00,5079.165,5107.698,5076.555,5106.169,120,801
2026-02-22 20:00:00,5106.098,5171.565,5096.958,5165.025,60,4509
2026-02-23 00:00:00,5164.255,5176.385,5129.035,5166.415,240,1017
2026-02-23 04:00:00,5166.345,5168.585,5124.965,5136.535,240,837
2026-02-23 08:00:00,5136.245,5163.295,5121.818,5149.475,240,700
2026-02-23 12:00:00,5149.275,5204.875,5141.225,5195.928,240,717
2026-02-23 16:00:00,5195.588,5218.865,5175.545,5215.298,240,741
2026-02-23 20:00:00,5215.265,5249.575,5214.515,5235.345,180,747
2026-02-24 00:00:00,5235.395,5237.825,5144.698,5171.765,240,925
2026-02-24 04:00:00,5171.765,5185.545,5156.305,5179.125,240,856
2026-02-24 08:00:00,5178.869,5181.648,5162.845,5172.545,240,1022
2026-02-24 12:00:00,5172.525,5173.255,5093.225,5150.098,240,853
2026-02-24 16:00:00,5150.098,5170.045,5130.498,5153.705,240,718
2026-02-24 20:00:00,5153.735,5173.075,5127.048,5146.365,179,716
2026-02-25 00:00:00,5146.395,5193.518,5136.535,5181.648,240,847
2026-02-25 04:00:00,5181.648,5210.335,5171.945,5184.455,240,968
2026-02-25 08:00:00,5184.415,5197.025,5154.895,5181.315,240,725
2026-02-25 12:00:00,5181.295,5202.355,5158.445,5194.645,240,728
2026-02-25 16:00:00,5194.625,5217.385,5189.445,5204.745,240,718
2026-02-25 20:00:00,5204.785,5206.098,5144.958,5162.905,180,756
2026-02-26 00:00:00,5162.925,5198.285,5154.835,5192.455,240,976
2026-02-26 04:00:00,5192.425,5205.215,5179.358,5185.745,240,821
2026-02-26 08:00:00,5186.075,5190.605,5160.985,5164.405,240,729
2026-02-26 12:00:00,5164.465,5192.535,5129.495,5185.388,240,695
2026-02-26 16:00:00,5185.388,5193.845,5160.115,5186.765,240,805
2026-02-26 20:00:00,5186.548,5200.865,5172.845,5184.345,180,738
2026-02-27 00:00:00,5184.375,5199.425,5166.535,5183.675,240,998
2026-02-27 04:00:00,5183.645,5200.075,5175.375,5175.705,240,845
2026-02-27 08:00:00,5176.135,5185.515,5168.155,5185.495,240,745
2026-02-27 12:00:00,5185.465,5246.248,5182.638,5239.215,240,827
2026-02-27 16:00:00,5239.365,5257.405,5220.375,5249.698,240,827
2026-02-27 20:00:00,5249.705,5280.878,5248.335,5277.419,120,819
2026-03-01 20:00:00,5372.198,5392.995,5296.668,5386.545,59,6033
2026-03-02 00:00:00,5386.675,5387.645,5302.695,5366.095,240,1254
2026-03-02 04:00:00,5366.065,5418.875,5340.575,5408.105,240,957
2026-03-02 08:00:00,5408.075,5416.455,5374.865,5385.155,240,761
2026-03-02 12:00:00,5385.035,5416.625,5305.069,5315.505,240,770
2026-03-02 16:00:00,5314.925,5333.795,5260.095,5330.195,240,1149
2026-03-02 20:00:00,5330.235,5346.658,5320.698,5345.695,180,922
2026-03-03 00:00:00,5345.755,5379.755,5332.525,5367.115,240,866
2026-03-03 04:00:00,5367.055,5375.255,5278.598,5327.435,240,859
2026-03-03 08:00:00,5327.395,5335.735,5071.645,5144.318,240,758
2026-03-03 12:00:00,5144.485,5226.505,4995.475,5095.098,240,1421
2026-03-03 16:00:00,5094.998,5148.645,5065.045,5112.985,240,1003
2026-03-03 20:00:00,5113.485,5130.085,5082.955,5125.035,180,896
2026-03-04 00:00:00,5125.015,5190.675,5105.348,5173.978,240,973
2026-03-04 04:00:00,5173.795,5180.505,5119.395,5168.025,240,989
2026-03-04 08:00:00,5168.148,5202.048,5147.238,5191.975,240,758
2026-03-04 12:00:00,5192.055,5205.995,5130.965,5151.005,240,808
2026-03-04 16:00:00,5150.995,5162.138,5108.678,5137.725,240,811
2026-03-04 20:00:00,5137.495,5165.965,5123.495,5165.025,180,820
2026-03-05 00:00:00,5164.995,5194.615,5159.105,5179.915,240,823
2026-03-05 04:00:00,5179.935,5186.415,5119.995,5161.845,240,758
2026-03-05 08:00:00,5161.805,5180.165,5137.218,5163.655,240,838
2026-03-05 12:00:00,5163.615,5171.255,5060.025,5102.225,240,839
2026-03-05 16:00:00,5102.255,5104.475,5050.638,5065.895,240,831
2026-03-05 20:00:00,5065.805,5101.705,5061.485,5085.885,178,826
2026-03-06 00:00:00,5085.835,5143.665,5066.215,5130.705,240,860
2026-03-06 04:00:00,5130.745,5136.095,5105.495,5119.435,240,808
2026-03-06 08:00:00,5119.455,5122.765,5062.125,5076.655,240,817
2026-03-06 12:00:00,5076.705,5171.238,5065.058,5141.615,240,1002
2026-03-06 16:00:00,5141.585,5174.355,5125.735,5159.475,240,832
2026-03-06 20:00:00,5159.535,5175.048,5149.155,5171.798,120,837
2026-03-08 20:00:00,5178.935,5196.698,5043.468,5075.675,120,2545
2026-03-09 00:00:00,5075.295,5102.145,5014.655,5091.115,240,1103
2026-03-09 04:00:00,5091.145,5140.365,5080.765,5098.705,240,758
2026-03-09 08:00:00,5098.685,5132.235,5079.235,5087.795,240,676
2026-03-09 12:00:00,5087.935,5115.795,5060.139,5099.268,240,822
2026-03-09 16:00:00,5099.015,5143.898,5088.685,5140.785,240,815
2026-03-09 20:00:00,5140.765,5155.825,5117.065,5139.475,180,827
2026-03-10 00:00:00,5139.305,5186.578,5124.465,5157.375,240,764
2026-03-10 04:00:00,5157.238,5181.306,5154.125,5180.855,240,739
2026-03-10 08:00:00,5180.815,5194.945,5156.175,5174.975,240,669
2026-03-10 12:00:00,5175.005,5238.365,5162.225,5228.395,240,637
2026-03-10 16:00:00,5228.365,5235.475,5160.445,5198.648,240,771
2026-03-10 20:00:00,5198.648,5198.898,5182.395,5197.175,179,779
2026-03-11 00:00:00,5197.175,5223.015,5186.495,5203.145,240,707
2026-03-11 04:00:00,5203.225,5210.485,5184.425,5195.465,240,707
2026-03-11 08:00:00,5195.445,5198.465,5175.155,5180.985,240,634
2026-03-11 12:00:00,5181.005,5195.958,5149.065,5166.105,240,867
2026-03-11 16:00:00,5166.075,5183.295,5154.165,5182.965,240,774
2026-03-11 20:00:00,5182.975,5183.345,5129.175,5134.205,180,766
2026-03-12 00:00:00,5134.225,5174.945,5125.185,5152.648,240,712
2026-03-12 04:00:00,5152.848,5185.085,5136.855,5181.858,240,739
2026-03-12 08:00:00,5182.225,5191.388,5172.475,5178.835,240,633
2026-03-12 12:00:00,5178.855,5185.965,5109.365,5132.115,240,671
2026-03-12 16:00:00,5131.938,5137.825,5079.125,5084.595,240,628
2026-03-12 20:00:00,5084.725,5101.015,5054.795,5097.775,180,635
2026-03-13 00:00:00,5097.725,5128.225,5097.245,5115.435,240,707
2026-03-13 04:00:00,5115.435,5117.755,5071.455,5085.025,240,706
2026-03-13 08:00:00,5084.705,5107.645,5061.285,5107.605,240,635
2026-03-13 12:00:00,5107.345,5121.645,5031.355,5034.535,240,721
2026-03-13 16:00:00,5033.945,5063.665,5009.495,5016.078,240,625
2026-03-13 20:00:00,5016.425,5025.048,5012.155,5018.098,60,672
2026-03-15 20:00:00,5003.001,5029.945,4967.125,4997.255,120,2374
2026-03-16 00:00:00,4997.275,5030.555,4982.165,5018.925,240,755
2026-03-16 04:00:00,5018.945,5035.885,4991.518,4995.395,240,711
2026-03-16 08:00:00,4995.395,5022.485,4970.115,4996.845,240,673
2026-03-16 12:00:00,4996.965,5037.715,4983.625,4986.875,240,706
2026-03-16 16:00:00,4986.875,5020.095,4973.785,5012.605,240,620
2026-03-16 20:00:00,5012.608,5021.575,4998.375,5012.645,180,589
2026-03-17 00:00:00,5012.575,5033.445,4994.605,5027.265,240,710
2026-03-17 04:00:00,5027.215,5044.355,5004.685,5020.955,240,709
2026-03-17 08:00:00,5021.425,5029.375,4991.735,5003.015,240,633
2026-03-17 12:00:00,5002.995,5031.215,4973.495,4997.705,240,692
2026-03-17 16:00:00,4997.738,5008.845,4991.355,5000.055,240,623
2026-03-17 20:00:00,5000.105,5006.685,4993.015,5002.695,180,611
2026-03-18 00:00:00,5002.705,5015.675,4985.845,4990.965,240,708
2026-03-18 04:00:00,4991.005,5016.065,4981.425,4994.209,240,707
2026-03-18 08:00:00,4994.259,4996.139,4924.575,4930.055,240,2312
2026-03-18 12:00:00,4930.085,4932.345,4833.865,4862.185,240,912
2026-03-18 16:00:00,4862.165,4899.085,4838.295,4842.935,240,771
2026-03-18 20:00:00,4842.575,4848.535,4803.845,4836.505,180,576
2026-03-19 00:00:00,4836.495,4866.995,4832.745,4850.605,240,891
2026-03-19 04:00:00,4850.515,4853.635,4726.755,4727.635,240,656
2026-03-19 08:00:00,4727.525,4740.145,4650.675,4651.385,240,736
2026-03-19 12:00:00,4651.455,4653.785,4502.108,4596.155,240,930
2026-03-19 16:00:00,4596.035,4663.215,4573.595,4643.765,240,706
2026-03-19 20:00:00,4643.525,4676.865,4633.905,4643.325,180,727
2026-03-20 00:00:00,4643.205,4735.835,4639.215,4725.595,240,715
2026-03-20 04:00:00,4725.615,4727.265,4661.065,4706.005,240,674
2026-03-20 08:00:00,4706.025,4734.645,4636.845,4671.415,240,577
2026-03-20 12:00:00,4671.535,4695.295,4540.455,4553.055,240,740
2026-03-20 16:00:00,4553.085,4613.575,4477.125,4501.135,240,856
2026-03-20 20:00:00,4501.185,4514.118,4487.425,4490.055,60,1142
2026-03-22 20:00:00,4470.705,4535.815,4448.835,4464.415,120,2715
2026-03-23 00:00:00,4464.435,4472.975,4318.825,4352.665,240,923
2026-03-23 04:00:00,4352.645,4381.625,4098.275,4203.965,240,678
2026-03-23 08:00:00,4203.695,4463.015,4202.059,4378.795,240,1192
2026-03-23 12:00:00,4378.825,4512.665,4336.305,4363.515,240,1382
2026-03-23 16:00:00,4363.158,4466.895,4352.058,4398.025,240,915
2026-03-23 20:00:00,4397.625,4448.005,4359.348,4440.915,180,642
2026-03-24 00:00:00,4440.895,4446.435,4305.565,4347.045,240,802
2026-03-24 04:00:00,4347.025,4432.785,4319.515,4416.855,240,699
2026-03-24 08:00:00,4416.815,4441.865,4373.048,4407.345,240,1048
2026-03-24 12:00:00,4407.375,4433.085,4350.838,4411.118,240,1275
2026-03-24 16:00:00,4411.158,4427.148,4372.155,4400.085,240,978
2026-03-24 20:00:00,4399.998,4551.118,4397.025,4546.375,180,813
2026-03-25 00:00:00,4546.335,4602.125,4537.065,4569.738,240,1279
2026-03-25 04:00:00,4569.595,4574.385,4532.668,4539.065,240,986
2026-03-25 08:00:00,4539.135,4585.475,4527.665,4578.665,240,948
2026-03-25 12:00:00,4578.605,4583.385,4521.695,4558.725,240,701
2026-03-25 16:00:00,4558.775,4568.695,4486.508,4530.835,240,793
2026-03-25 20:00:00,4530.745,4541.755,4488.575,4497.875,180,679
2026-03-26 00:00:00,4497.845,4544.275,4497.798,4516.425,240,991
2026-03-26 04:00:00,4516.585,4523.985,4415.505,4452.565,240,799
2026-03-26 08:00:00,4452.355,4459.075,4412.595,4422.795,240,987
2026-03-26 12:00:00,4422.775,4479.515,4416.335,4437.945,240,977
2026-03-26 16:00:00,4437.945,4442.398,4358.915,4363.765,240,977
2026-03-26 20:00:00,4363.685,4420.305,4350.995,4404.665,180,1270
2026-03-27 00:00:00,4404.775,4445.935,4375.235,4437.265,240,719
2026-03-27 04:00:00,4437.315,4474.915,4431.215,4447.435,240,735
2026-03-27 08:00:00,4447.465,4450.388,4404.025,4419.745,240,801
2026-03-27 12:00:00,4419.495,4554.965,4412.295,4523.685,240,961
2026-03-27 16:00:00,4523.905,4533.285,4485.855,4514.115,240,946
2026-03-27 20:00:00,4514.105,4520.295,4490.885,4492.375,60,804
2026-03-29 20:00:00,4491.518,4514.675,4443.485,4448.495,120,3133
2026-03-30 00:00:00,4448.675,4517.445,4417.665,4495.665,240,955
2026-03-30 04:00:00,4495.695,4550.485,4485.885,4526.965,240,903
2026-03-30 08:00:00,4526.935,4580.465,4523.248,4559.375,240,800
2026-03-30 12:00:00,4559.355,4578.455,4511.748,4548.135,240,824
2026-03-30 16:00:00,4547.915,4549.405,4492.885,4513.095,240,631
2026-03-30 20:00:00,4513.085,4523.445,4492.445,4513.325,180,641
2026-03-31 00:00:00,4513.375,4619.195,4482.115,4556.935,240,993
2026-03-31 04:00:00,4556.915,4581.515,4543.065,4564.205,240,909
2026-03-31 08:00:00,4564.028,4592.955,4529.115,4582.115,240,903
2026-03-31 12:00:00,4582.155,4630.098,4567.555,4609.165,240,785
2026-03-31 16:00:00,4609.065,4685.325,4606.795,4682.465,240,791
2026-03-31 20:00:00,4682.685,4699.825,4661.625,4696.065,180,788
2026-04-01 00:00:00,4695.965,4724.005,4677.648,4681.558,240,967
2026-04-01 04:00:00,4681.578,4747.565,4666.605,4712.715,240,898
2026-04-01 08:00:00,4712.725,4762.555,4709.995,4752.135,240,866
2026-04-01 12:00:00,4752.165,4787.936,4716.005,4786.298,240,864
2026-04-01 16:00:00,4786.225,4793.135,4741.805,4765.735,240,784
2026-04-01 20:00:00,4765.715,4800.185,4747.875,4783.698,178,782
2026-04-02 00:00:00,4783.655,4798.525,4648.335,4676.185,240,1159
2026-04-02 04:00:00,4676.405,4681.445,4553.158,4642.485,240,800
2026-04-02 08:00:00,4642.455,4648.555,4592.445,4599.875,240,648
2026-04-02 12:00:00,4599.875,4699.635,4580.625,4660.745,240,849
2026-04-02 16:00:00,4660.715,4681.535,4642.618,4671.695,240,924
2026-04-02 20:00:00,4671.745,4677.605,4664.025,4675.805,59,930
2026-04-05 20:00:00,4651.645,4664.715,4604.378,4610.078,120,3435
2026-04-06 00:00:00,4610.078,4671.435,4600.385,4640.215,240,1168
2026-04-06 04:00:00,4640.195,4688.055,4639.635,4684.485,240,906
2026-04-06 08:00:00,4684.445,4706.255,4676.755,4677.655,240,793
2026-04-06 12:00:00,4677.615,4697.575,4651.548,4667.678,240,875
2026-04-06 16:00:00,4667.698,4672.208,4645.255,4655.098,240,967
2026-04-06 20:00:00,4655.098,4667.615,4646.848,4658.555,180,972
2026-04-07 00:00:00,4659.155,4664.265,4616.025,4649.268,240,783
2026-04-07 04:00:00,4649.228,4663.818,4622.745,4645.795,240,972
2026-04-07 08:00:00,4645.765,4693.955,4628.595,4659.265,240,947
2026-04-07 12:00:00,4659.535,4670.765,4607.335,4655.098,240,973
2026-04-07 16:00:00,4655.098,4718.465,4652.158,4700.415,240,966
2026-04-07 20:00:00,4700.475,4836.105,4696.748,4832.958,180,985
2026-04-08 00:00:00,4832.958,4856.998,4787.965,4797.215,240,892
2026-04-08 04:00:00,4797.295,4843.505,4789.985,4813.045,240,784
2026-04-08 08:00:00,4813.355,4819.555,4770.885,4798.138,240,790
2026-04-08 12:00:00,4798.085,4807.005,4731.905,4756.205,240,790
2026-04-08 16:00:00,4756.175,4765.298,4699.235,4730.465,240,766
2026-04-08 20:00:00,4730.298,4732.525,4704.075,4715.215,180,793
2026-04-09 00:00:00,4715.375,4732.595,4698.085,4711.165,240,884
2026-04-09 04:00:00,4711.185,4730.995,4703.185,4724.065,240,784
2026-04-09 08:00:00,4724.005,4757.465,4719.428,4756.335,240,785
2026-04-09 12:00:00,4756.615,4797.855,4734.695,4792.515,240,810
2026-04-09 16:00:00,4792.738,4801.015,4766.675,4768.665,240,786
2026-04-09 20:00:00,4768.855,4779.285,4756.695,4763.435,180,792
2026-04-10 00:00:00,4763.485,4777.035,4737.715,4766.355,240,711
2026-04-10 04:00:00,4766.325,4770.525,4741.045,4749.355,240,706
2026-04-10 08:00:00,4749.385,4768.445,4730.205,4767.965,240,638
2026-04-10 12:00:00,4768.115,4794.765,4755.245,4761.898,240,818
2026-04-10 16:00:00,4761.875,4772.765,4747.105,4759.585,240,768
2026-04-10 20:00:00,4759.655,4759.785,4740.598,4746.935,60,848
2026-04-12 20:00:00,4634.998,4690.685,4634.998,4671.155,120,3072
2026-04-13 00:00:00,4671.175,4728.035,4664.325,4717.695,240,796
2026-04-13 04:00:00,4717.675,4739.815,4708.335,4733.435,240,709
2026-04-13 08:00:00,4733.465,4738.495,4703.165,4706.875,240,637
2026-04-13 12:00:00,4706.745,4744.315,4700.025,4714.225,240,757
2026-04-13 16:00:00,4714.195,4749.725,4708.975,4740.968,240,803
2026-04-13 20:00:00,4740.938,4765.668,4737.915,4757.365,180,783
2026-04-14 00:00:00,4757.405,4777.075,4751.285,4767.545,240,712
2026-04-14 04:00:00,4767.915,4796.185,4757.638,4777.025,240,704
2026-04-14 08:00:00,4776.975,4789.825,4751.285,4774.578,240,626
2026-04-14 12:00:00,4774.755,4817.598,4761.905,4807.795,240,996
2026-04-14 16:00:00,4807.865,4846.098,4804.735,4844.735,240,832
2026-04-14 20:00:00,4844.725,4850.445,4832.928,4836.935,180,783
2026-04-15 00:00:00,4836.965,4871.165,4816.548,4823.825,240,791
2026-04-15 04:00:00,4823.745,4830.325,4803.715,4810.955,240,766
2026-04-15 08:00:00,4810.755,4821.298,4785.885,4812.475,240,632
2026-04-15 12:00:00,4812.495,4830.435,4786.805,4801.445,240,765
2026-04-15 16:00:00,4801.435,4812.295,4790.105,4795.605,240,651
2026-04-15 20:00:00,4795.635,4826.425,4787.135,4823.205,180,612
2026-04-16 00:00:00,4822.995,4837.455,4811.048,4823.835,240,710
2026-04-16 04:00:00,4823.735,4838.335,4814.105,4820.715,240,741
2026-04-16 08:00:00,4820.805,4822.395,4804.855,4822.015,240,794
2026-04-16 12:00:00,4822.015,4823.575,4772.898,4806.835,240,868
2026-04-16 16:00:00,4806.955,4810.098,4781.215,4793.445,240,609
2026-04-16 20:00:00,4793.118,4797.675,4786.135,4791.505,180,610
2026-04-17 00:00:00,4791.475,4800.985,4768.0,4792.948,240,715
2026-04-17 04:00:00,4792.808,4805.935,4778.598,4784.295,240,708
2026-04-17 08:00:00,4784.255,4811.555,4780.695,4798.935,240,610
2026-04-17 12:00:00,4799.005,4889.335,4797.418,4867.145,240,606
2026-04-17 16:00:00,4867.078,4873.098,4852.485,4854.098,240,788
2026-04-17 20:00:00,4854.135,4854.955,4825.925,4829.115,60,1123
2026-04-19 20:00:00,4767.405,4794.635,4736.635,4754.945,120,2329
2026-04-20 00:00:00,4754.995,4814.035,4744.295,4790.645,240,745
2026-04-20 04:00:00,4790.975,4805.605,4779.285,4789.465,240,702
2026-04-20 08:00:00,4789.445,4810.775,4783.235,4810.395,240,645
2026-04-20 12:00:00,4810.325,4827.348,4792.045,4799.495,240,628
2026-04-20 16:00:00,4799.515,4821.058,4792.725,4814.135,240,782
2026-04-20 20:00:00,4813.978,4832.845,4811.975,4821.485,180,778
2026-04-21 00:00:00,4821.795,4830.565,4792.345,4796.945,240,719
2026-04-21 04:00:00,4797.155,4797.675,4772.395,4785.548,240,710
2026-04-21 08:00:00,4785.495,4797.935,4774.318,4794.415,240,931
2026-04-21 12:00:00,4794.595,4796.895,4723.36,4741.425,240,728
2026-04-21 16:00:00,4741.385,4746.86,4668.275,4678.875,240,614
2026-04-21 20:00:00,4678.875,4740.345,4668.685,4737.795,180,967
2026-04-22 00:00:00,4737.765,4764.795,4735.565,4757.965,240,709
2026-04-22 04:00:00,4757.935,4772.165,4751.868,4760.245,240,702
2026-04-22 08:00:00,4760.315,4762.285,4745.585,4750.115,240,609
2026-04-22 12:00:00,4750.155,4760.825,4724.815,4727.415,240,615
2026-04-22 16:00:00,4727.395,4749.565,4723.685,4739.985,240,602
2026-04-22 20:00:00,4740.025,4746.245,4723.008,4727.525,180,606
2026-04-23 00:00:00,4727.505,4753.585,4693.638,4703.705,240,717
2026-04-23 04:00:00,4703.705,4721.035,4692.078,4719.045,240,700
2026-04-23 08:00:00,4718.965,4724.695,4684.095,4720.515,240,531
2026-04-23 12:00:00,4720.585,4742.985,4715.975,4720.275,240,718
2026-04-23 16:00:00,4720.345,4736.985,4664.045,4695.915,240,579
2026-04-23 20:00:00,4695.945,4702.195,4686.415,4695.025,180,567
2026-04-24 00:00:00,4695.025,4710.935,4668.305,4671.975,240,702
2026-04-24 04:00:00,4671.665,4694.995,4657.485,4694.285,240,711
2026-04-24 08:00:00,4694.245,4717.195,4674.455,4706.685,240,580
2026-04-24 12:00:00,4706.705,4739.995,4689.545,4726.935,240,523
2026-04-24 16:00:00,4726.935,4730.065,4713.515,4716.265,240,496
2026-04-24 20:00:00,4716.115,4717.245,4705.085,4707.865,60,679
2026-04-26 20:00:00,4697.248,4703.995,4674.655,4679.825,120,2192
2026-04-27 00:00:00,4679.715,4729.315,4672.025,4723.925,240,707
2026-04-27 04:00:00,4723.945,4729.875,4708.425,4713.235,240,683
2026-04-27 08:00:00,4713.285,4714.575,4699.155,4704.785,240,396
2026-04-27 12:00:00,4704.825,4712.475,4667.055,4669.805,240,556
2026-04-27 16:00:00,4669.805,4685.935,4667.055,4680.695,240,581
2026-04-27 20:00:00,4680.665,4694.895,4677.175,4691.705,180,578
2026-04-28 00:00:00,4691.855,4701.015,4666.065,4670.765,240,687
2026-04-28 04:00:00,4670.715,4670.995,4620.355,4633.035,240,680
2026-04-28 08:00:00,4632.925,4635.285,4555.385,4562.375,240,517
2026-04-28 12:00:00,4562.535,4599.965,4554.675,4586.215,240,587
2026-04-28 16:00:00,4586.215,4601.245,4577.655,4595.385,240,633
2026-04-28 20:00:00,4595.425,4599.515,4587.745,4595.365,180,570
2026-04-29 00:00:00,4595.385,4610.195,4575.825,4595.195,240,684
2026-04-29 04:00:00,4595.365,4607.655,4567.125,4567.645,240,677
2026-04-29 08:00:00,4568.176,4580.555,4551.445,4561.455,240,565
2026-04-29 12:00:00,4561.495,4568.845,4509.875,4547.445,240,737
2026-04-29 16:00:00,4547.495,4564.715,4518.145,4546.745,240,617
2026-04-29 20:00:00,4546.675,4561.715,4539.075,4561.345,180,624
2026-04-30 00:00:00,4561.325,4582.178,4555.458,4555.855,240,699
2026-04-30 04:00:00,4555.835,4605.465,4540.545,4598.295,240,670
2026-04-30 08:00:00,4598.325,4646.705,4597.155,4630.015,240,581
2026-04-30 12:00:00,4630.105,4645.845,4609.255,4615.045,240,995
2026-04-30 16:00:00,4615.075,4627.275,4605.158,4616.925,240,596
2026-04-30 20:00:00,4617.045,4635.085,4615.215,4626.395,180,545
2026-05-01 00:00:00,4626.305,4635.695,4613.735,4626.415,240,701
2026-05-01 04:00:00,4626.435,4628.438,4575.555,4577.885,240,696
2026-05-01 08:00:00,4577.838,4582.225,4560.045,4578.525,240,736
2026-05-01 12:00:00,4578.465,4660.065,4574.765,4643.055,240,591
2026-05-01 16:00:00,4642.985,4649.795,4608.625,4610.615,240,598
2026-05-01 20:00:00,4610.735,4616.635,4606.805,4613.558,60,988
2026-05-03 20:00:00,4632.938,4637.355,4611.105,4613.605,120,2242
2026-05-04 00:00:00,4613.578,4618.365,4590.795,4614.835,240,693
2026-05-04 04:00:00,4614.795,4615.275,4577.755,4578.835,240,660
2026-05-04 08:00:00,4578.775,4584.375,4525.855,4560.215,240,577
2026-05-04 12:00:00,4560.165,4583.005,4512.055,4521.455,240,605
2026-05-04 16:00:00,4521.375,4531.315,4500.665,4517.585,240,641
2026-05-04 20:00:00,4517.595,4524.535,4511.605,4518.815,180,651
2026-05-05 00:00:00,4518.825,4546.565,4513.265,4534.385,240,691
2026-05-05 04:00:00,4534.395,4558.055,4527.725,4545.285,240,687
2026-05-05 08:00:00,4545.375,4564.845,4539.815,4562.755,240,549
2026-05-05 12:00:00,4562.485,4586.415,4554.115,4568.325,240,571
2026-05-05 16:00:00,4568.305,4568.875,4551.385,4554.485,240,587
2026-05-05 20:00:00,4555.005,4595.425,4545.975,4593.775,180,593
2026-05-06 00:00:00,4593.735,4651.755,4588.015,4643.455,240,718
2026-05-06 04:00:00,4643.475,4681.715,4643.225,4681.495,240,677
2026-05-06 08:00:00,4681.165,4722.825,4671.435,4691.748,240,597
2026-05-06 12:00:00,4691.995,4717.205,4660.195,4687.625,240,549
2026-05-06 16:00:00,4687.455,4700.025,4678.845,4692.245,240,545
2026-05-06 20:00:00,4692.215,4699.625,4685.005,4698.745,180,554
2026-05-07 00:00:00,4698.695,4721.225,4684.965,4698.835,240,697
2026-05-07 04:00:00,4698.865,4750.375,4692.095,4743.125,240,697
2026-05-07 08:00:00,4743.125,4753.275,4721.665,4742.605,240,534
2026-05-07 12:00:00,4742.785,4764.595,4726.255,4729.045,240,705
2026-05-07 16:00:00,4729.165,4729.595,4687.565,4702.745,240,551
2026-05-07 20:00:00,4702.705,4718.915,4675.648,4704.145,180,590
2026-05-08 00:00:00,4704.085,4732.615,4693.835,4719.455,240,697
2026-05-08 04:00:00,4719.435,4734.355,4696.735,4707.595,240,675
2026-05-08 08:00:00,4707.645,4727.748,4706.405,4717.585,240,636
2026-05-08 12:00:00,4717.615,4749.245,4701.708,4706.985,240,901
2026-05-08 16:00:00,4707.015,4728.825,4705.315,4723.765,240,534
2026-05-08 20:00:00,4723.775,4724.125,4711.415,4712.655,60,685
2026-05-10 20:00:00,4681.255,4700.195,4678.165,4691.465,120,2366
2026-05-11 00:00:00,4691.395,4705.245,4670.125,4678.465,240,760
2026-05-11 04:00:00,4678.495,4680.655,4647.825,4667.595,240,672
2026-05-11 08:00:00,4667.635,4678.575,4650.335,4674.305,240,532
2026-05-11 12:00:00,4674.695,4748.485,4667.295,4731.945,240,548
2026-05-11 16:00:00,4732.155,4736.058,4707.715,4733.315,240,574
2026-05-11 20:00:00,4733.325,4769.405,4729.735,4767.215,180,573
2026-05-12 00:00:00,4767.215,4773.335,4717.885,4719.935,240,673
2026-05-12 04:00:00,4719.905,4730.135,4686.935,4699.615,240,683
2026-05-12 08:00:00,4699.695,4708.985,4684.935,4706.395,240,531
2026-05-12 12:00:00,4706.495,4711.455,4638.225,4666.025,240,716
2026-05-12 16:00:00,4665.995,4715.518,4664.045,4715.435,240,532
2026-05-12 20:00:00,4715.355,4723.755,4701.436,4716.695,180,644
2026-05-13 00:00:00,4716.905,4726.618,4687.198,4695.755,240,737
2026-05-13 04:00:00,4695.765,4715.155,4693.275,4702.565,240,564
2026-05-13 08:00:00,4702.495,4710.295,4685.755,4697.265,240,582
2026-05-13 12:00:00,4696.995,4701.285,4669.415,4695.365,236,865
2026-05-13 16:00:00,4695.365,4709.635,4677.425,4688.025,240,566
2026-05-13 20:00:00,4687.965,4701.855,4685.835,4696.415,180,587
2026-05-14 00:00:00,4696.395,4706.865,4673.665,4674.645,240,688
2026-05-14 04:00:00,4674.695,4718.568,4668.165,4692.995,240,937
2026-05-14 08:00:00,4692.935,4706.445,4688.335,4694.165,240,690
2026-05-14 12:00:00,4693.518,4709.748,4665.975,4685.585,240,876
2026-05-14 16:00:00,4685.438,4686.638,4652.675,4653.818,240,804
2026-05-14 20:00:00,4653.838,4665.145,4643.965,4651.975,180,860
2026-05-15 00:00:00,4651.935,4658.125,4607.025,4615.245,240,747
2026-05-15 04:00:00,4615.295,4621.465,4556.245,4570.685,240,554
2026-05-15 08:00:00,4570.575,4572.485,4531.705,4551.855,240,575
2026-05-15 12:00:00,4551.885,4566.495,4511.215,4539.755,240,447
2026-05-15 16:00:00,4539.765,4564.325,4529.255,4545.585,240,590
2026-05-15 20:00:00,4545.665,4546.155,4532.915,4538.898,60,712
2026-05-17 20:00:00,4531.698,4554.575,4526.498,4536.795,120,2189
2026-05-18 00:00:00,4536.825,4547.855,4480.065,4540.985,240,712
2026-05-18 04:00:00,4540.935,4559.575,4529.425,4546.175,240,657
2026-05-18 08:00:00,4546.175,4566.858,4529.815,4550.455,240,614
2026-05-18 12:00:00,4550.665,4584.015,4531.575,4543.385,240,558
2026-05-18 16:00:00,4543.405,4564.735,4533.825,4558.305,240,547
2026-05-18 20:00:00,4558.825,4588.825,4557.655,4581.615,180,610
2026-05-19 00:00:00,4582.005,4589.295,4543.325,4544.985,240,702
2026-05-19 04:00:00,4545.005,4559.115,4530.745,4556.975,240,678
2026-05-19 08:00:00,4557.285,4559.055,4525.225,4530.535,240,582
2026-05-19 12:00:00,4530.405,4547.025,4464.615,4508.275,240,573
2026-05-19 16:00:00,4508.275,4512.375,4481.105,4483.275,240,543
2026-05-19 20:00:00,4483.255,4496.095,4476.985,4489.055,180,578
2026-05-20 00:00:00,4489.075,4508.745,4453.145,4463.355,240,690
2026-05-20 04:00:00,4463.365,4485.765,4456.345,4478.405,240,840
2026-05-20 08:00:00,4478.375,4500.895,4472.475,4498.975,240,584
2026-05-20 12:00:00,4498.925,4552.585,4466.868,4528.978,240,596
2026-05-20 16:00:00,4528.978,4549.998,4523.935,4545.535,240,560
2026-05-20 20:00:00,4545.475,4550.315,4534.265,4546.198,180,636
2026-05-21 00:00:00,4546.198,4570.725,4527.045,4527.985,240,697
2026-05-21 04:00:00,4527.985,4540.405,4511.818,4519.418,240,745
2026-05-21 08:00:00,4519.425,4542.625,4504.695,4513.905,240,583
2026-05-21 12:00:00,4513.905,4520.995,4488.335,4511.705,240,708
2026-05-21 16:00:00,4511.735,4559.005,4511.735,4542.925,240,545
2026-05-21 20:00:00,4542.905,4545.755,4532.115,4535.205,180,582
2026-05-22 00:00:00,4535.305,4540.925,4518.195,4529.255,240,691
2026-05-22 04:00:00,4529.365,4534.065,4506.978,4521.678,240,680
2026-05-22 08:00:00,4522.115,4536.605,4509.995,4520.485,240,558
2026-05-22 12:00:00,4520.335,4535.935,4491.605,4519.895,240,627
2026-05-22 16:00:00,4519.785,4527.698,4504.208,4508.018,240,559
2026-05-22 20:00:00,4508.035,4510.345,4503.698,4508.395,60,679
2026-05-24 20:00:00,4535.098,4579.995,4532.885,4566.735,120,3011
2026-05-25 00:00:00,4566.765,4579.285,4556.4,4559.518,240,690
2026-05-25 04:00:00,4559.518,4566.055,4550.315,4564.525,240,664
2026-05-25 08:00:00,4564.535,4576.865,4553.205,4569.215,240,582
2026-05-25 12:00:00,4569.188,4574.638,4552.738,4570.715,240,582
2026-05-25 16:00:00,4570.725,4577.845,4563.055,4569.675,149,573
2026-05-25 20:00:00,4568.898,4580.225,4554.835,4559.425,120,1200
2026-05-26 00:00:00,4559.555,4559.895,4527.395,4542.245,240,696
2026-05-26 04:00:00,4542.245,4543.095,4521.485,4538.095,240,560
2026-05-26 08:00:00,4538.095,4540.375,4503.495,4507.095,240,531
2026-05-26 12:00:00,4507.035,4531.155,4500.475,4506.225,240,576
2026-05-26 16:00:00,4506.275,4511.138,4482.365,4508.735,240,618
2026-05-26 20:00:00,4508.695,4537.698,4492.498,4519.335,178,618
2026-05-27 00:00:00,4519.228,4525.645,4496.355,4496.785,240,754
2026-05-27 04:00:00,4496.815,4517.005,4475.605,4481.825,240,745
2026-05-27 08:00:00,4481.885,4498.645,4424.755,4428.485,240,571
2026-05-27 12:00:00,4428.455,4466.315,4401.325,4436.405,240,621
2026-05-27 16:00:00,4436.335,4458.135,4434.005,4450.675,240,526
2026-05-27 20:00:00,4450.655,4465.495,4443.535,4446.975,180,566
2026-05-28 00:00:00,4446.955,4458.355,4368.115,4374.515,240,750
2026-05-28 04:00:00,4374.495,4395.955,4366.048,4387.255,240,995
2026-05-28 08:00:00,4387.238,4403.765,4374.678,4387.745,240,675
2026-05-28 12:00:00,4387.855,4484.995,4379.375,4481.938,240,934
2026-05-28 16:00:00,4482.005,4516.318,4477.255,4497.788,240,822
2026-05-28 20:00:00,4497.588,4500.398,4488.685,4494.735,180,909
2026-05-29 00:00:00,4494.795,4520.445,4491.695,4501.085,240,978
2026-05-29 04:00:00,4501.065,4526.235,4500.885,4524.565,240,730
2026-05-29 08:00:00,4524.525,4543.025,4509.675,4538.225,240,574
2026-05-29 12:00:00,4538.375,4594.665,4512.515,4570.745,240,625
2026-05-29 16:00:00,4570.765,4573.095,4542.265,4544.095,240,948
2026-05-29 20:00:00,4544.865,4548.645,4536.775,4537.498,60,1116
2026-05-31 20:00:00,4519.755,4545.485,4517.555,4539.335,120,2030
2026-06-01 00:00:00,4539.295,4545.695,4509.615,4516.145,240,734
2026-06-01 04:00:00,4516.105,4525.055,4492.195,4502.935,240,726
2026-06-01 08:00:00,4502.915,4512.785,4488.965,4505.635,240,658
2026-06-01 12:00:00,4505.635,4510.325,4447.515,4474.045,240,577
2026-06-01 16:00:00,4473.925,4495.385,4462.755,4480.955,240,550
2026-06-01 20:00:00,4480.965,4488.065,4479.065,4484.265,180,581
2026-06-02 00:00:00,4484.455,4499.335,4462.658,4499.115,240,743
2026-06-02 04:00:00,4499.115,4541.385,4497.635,4534.835,240,715
2026-06-02 08:00:00,4534.808,4538.898,4521.075,4527.425,240,629
2026-06-02 12:00:00,4527.735,4534.035,4490.105,4501.865,240,521
2026-06-02 16:00:00,4502.075,4502.825,4478.535,4487.885,240,566
2026-06-02 20:00:00,4487.885,4492.855,4461.905,4474.125,180,607
2026-06-03 00:00:00,4474.095,4496.515,4462.978,4484.215,240,731
2026-06-03 04:00:00,4484.205,4488.035,4452.595,4453.165,240,716
2026-06-03 08:00:00,4453.275,4467.905,4438.735,4462.125,240,591
2026-06-03 12:00:00,4462.265,4466.965,4426.195,4441.975,240,600
2026-06-03 16:00:00,4441.925,4451.995,4433.545,4443.655,240,661
2026-06-03 20:00:00,4443.638,4464.475,4423.685,4457.105,180,648
2026-06-04 00:00:00,4457.215,4476.895,4442.945,4463.575,240,751
2026-06-04 04:00:00,4463.575,4483.845,4459.375,4461.555,240,676
2026-06-04 08:00:00,4461.475,4514.535,4458.415,4511.185,240,565
2026-06-04 12:00:00,4511.185,4515.175,4457.045,4477.235,240,704
2026-06-04 16:00:00,4477.205,4485.005,4472.605,4480.715,240,549
2026-06-04 20:00:00,4480.715,4481.515,4460.325,4461.375,180,587
2026-06-05 00:00:00,4461.405,4469.745,4434.975,4442.185,240,742
2026-06-05 04:00:00,4442.205,4467.195,4428.335,4460.735,240,604
2026-06-05 08:00:00,4460.685,4475.085,4458.175,4469.995,240,616
2026-06-05 12:00:00,4470.035,4475.645,4333.735,4335.195,240,1048
2026-06-05 16:00:00,4335.185,4347.145,4313.635,4318.505,240,567
2026-06-05 20:00:00,4318.275,4330.585,4311.498,4326.705,60,621
2026-06-07 20:00:00,4326.898,4346.925,4309.688,4343.755,120,2482
2026-06-08 00:00:00,4343.835,4353.085,4299.798,4316.775,240,752
2026-06-08 04:00:00,4316.965,4321.565,4268.125,4294.345,240,632
2026-06-08 08:00:00,4294.285,4333.145,4272.645,4331.145,240,567
2026-06-08 12:00:00,4330.948,4346.615,4314.805,4341.565,240,580
2026-06-08 16:00:00,4341.585,4346.205,4323.078,4326.475,240,546
2026-06-08 20:00:00,4326.455,4332.375,4312.595,4317.615,180,586
2026-06-09 00:00:00,4317.575,4342.065,4314.748,4336.425,240,690
2026-06-09 04:00:00,4335.945,4351.075,4322.055,4326.415,240,756
2026-06-09 08:00:00,4326.485,4343.705,4320.875,4339.665,240,530
2026-06-09 12:00:00,4339.685,4363.205,4262.865,4272.015,240,532
2026-06-09 16:00:00,4272.035,4280.855,4236.245,4258.378,240,829
2026-06-09 20:00:00,4258.625,4261.945,4210.115,4221.805,180,609
2026-06-10 00:00:00,4221.805,4228.105,4172.548,4184.625,240,707
2026-06-10 04:00:00,4184.625,4221.558,4172.135,4185.885,240,689
2026-06-10 08:00:00,4185.865,4187.235,4145.665,4147.505,240,544
2026-06-10 12:00:00,4147.535,4186.125,4106.595,4128.715,240,839
2026-06-10 16:00:00,4128.675,4135.115,4081.405,4082.505,240,624
2026-06-10 20:00:00,4082.405,4082.945,4023.585,4046.855,180,609
2026-06-11 00:00:00,4047.105,4117.895,4035.848,4072.485,240,762
2026-06-11 04:00:00,4072.535,4110.405,4069.725,4104.775,240,831
2026-06-11 08:00:00,4104.805,4112.485,4077.295,4080.135,240,541
2026-06-11 12:00:00,4079.975,4095.305,4052.465,4088.585,240,801
2026-06-11 16:00:00,4088.715,4219.845,4071.445,4208.458,240,567
2026-06-11 20:00:00,4208.508,4246.415,4204.995,4219.625,180,760
2026-06-12 00:00:00,4219.558,4230.205,4171.188,4196.885,240,712
2026-06-12 04:00:00,4196.935,4200.815,4169.955,4194.295,240,593
2026-06-12 08:00:00,4194.315,4227.725,4191.745,4206.725,240,661
2026-06-12 12:00:00,4206.845,4235.298,4176.945,4211.675,240,571
2026-06-12 16:00:00,4211.685,4235.148,4201.535,4210.425,240,622
2026-06-12 20:00:00,4210.435,4218.998,4209.285,4217.765,60,971
2026-06-14 20:00:00,4273.098,4308.255,4259.585,4293.865,120,2694
2026-06-15 00:00:00,4293.835,4335.425,4285.185,4324.625,240,702
2026-06-15 04:00:00,4324.675,4332.655,4300.645,4323.195,240,698
2026-06-15 08:00:00,4323.105,4347.345,4321.675,4335.095,240,431
2026-06-15 12:00:00,4335.095,4369.485,4324.515,4356.115,240,533
2026-06-15 16:00:00,4356.175,4358.545,4316.365,4320.525,240,613
2026-06-15 20:00:00,4320.545,4321.855,4305.755,4315.395,180,614
2026-06-16 00:00:00,4315.375,4332.845,4306.665,4330.275,240,769
2026-06-16 04:00:00,4330.205,4335.465,4313.105,4334.945,240,754
2026-06-16 08:00:00,4334.945,4349.355,4332.575,4340.755,240,533
2026-06-16 12:00:00,4340.705,4354.905,4313.005,4335.035,240,540
2026-06-16 16:00:00,4335.035,4346.795,4325.105,4334.105,240,555
2026-06-16 20:00:00,4334.105,4338.245,4328.745,4330.735,180,392
2026-06-17 00:00:00,4330.765,4349.415,4328.435,4332.055,240,701
2026-06-17 04:00:00,4331.935,4334.105,4317.415,4325.045,240,540
2026-06-17 08:00:00,4325.075,4335.445,4316.965,4322.975,240,410
2026-06-17 12:00:00,4322.985,4364.665,4319.665,4363.465,240,634
2026-06-17 16:00:00,4363.445,4382.125,4218.805,4235.585,240,606
2026-06-17 20:00:00,4235.515,4283.795,4234.775,4277.665,180,756
2026-06-18 00:00:00,4277.685,4329.865,4276.225,4319.515,240,707
2026-06-18 04:00:00,4319.415,4324.855,4287.225,4288.475,240,684
2026-06-18 08:00:00,4288.535,4292.655,4239.648,4241.875,240,532
2026-06-18 12:00:00,4241.875,4276.515,4222.855,4226.428,240,683
2026-06-18 16:00:00,4226.428,4233.295,4201.145,4216.505,240,583
2026-06-18 20:00:00,4216.725,4219.335,4186.745,4188.115,180,925
2026-06-19 00:00:00,4187.998,4197.945,4145.345,4153.555,240,696
2026-06-19 04:00:00,4153.265,4162.895,4121.438,4157.765,240,687
2026-06-19 08:00:00,4157.785,4178.345,4141.695,4152.385,240,571
2026-06-19 12:00:00,4152.395,4182.825,4142.455,4150.855,240,562
2026-06-19 16:00:00,4150.845,4157.625,4144.078,4154.335,59,723
2026-06-21 20:00:00,4139.698,4164.525,4136.125,4139.985,120,2073
2026-06-22 00:00:00,4140.015,4220.778,4139.755,4171.265,240,703
2026-06-22 04:00:00,4171.305,4207.205,4170.375,4190.195,240,671
2026-06-22 08:00:00,4190.195,4215.005,4188.405,4207.225,240,588
2026-06-22 12:00:00,4207.285,4211.605,4169.485,4182.695,240,557
2026-06-22 16:00:00,4182.755,4193.198,4174.195,4190.355,240,713
2026-06-22 20:00:00,4190.485,4195.095,4186.505,4187.475,180,533
2026-06-23 00:00:00,4187.315,4198.435,4130.488,4143.925,240,713
2026-06-23 04:00:00,4144.225,4146.795,4096.375,4098.455,240,666
2026-06-23 08:00:00,4098.565,4133.055,4090.545,4122.965,240,759
2026-06-23 12:00:00,4123.015,4144.795,4105.138,4138.535,240,748
2026-06-23 16:00:00,4138.515,4143.565,4111.395,4111.435,240,747
2026-06-23 20:00:00,4111.565,4114.835,4080.495,4099.035,180,749
2026-06-24 00:00:00,4098.955,4111.965,4050.185,4062.455,240,763
2026-06-24 04:00:00,4062.525,4097.335,4054.815,4074.715,240,659
2026-06-24 08:00:00,4074.665,4087.445,4037.305,4046.495,240,574
2026-06-24 12:00:00,4046.515,4048.665,3964.305,4002.335,240,602
2026-06-24 16:00:00,4002.405,4022.065,3958.695,3987.755,240,607
2026-06-24 20:00:00,3987.698,4018.385,3984.485,4012.205,180,615
2026-06-25 00:00:00,4012.185,4016.255,3961.755,3995.215,240,705
2026-06-25 04:00:00,3995.155,3999.735,3971.285,3987.765,240,670
2026-06-25 08:00:00,3987.655,4001.945,3973.505,3979.895,240,541
2026-06-25 12:00:00,3979.905,4042.388,3978.805,4040.778,240,708
2026-06-25 16:00:00,4041.045,4043.918,4021.645,4026.525,240,754
2026-06-25 20:00:00,4026.425,4036.225,4012.375,4014.255,180,751
2026-06-26 00:00:00,4014.205,4029.335,3982.635,4004.065,240,700
2026-06-26 04:00:00,4004.145,4039.795,3998.485,4030.465,240,692
2026-06-26 08:00:00,4030.365,4055.488,4025.715,4045.665,240,465
2026-06-26 12:00:00,4045.835,4095.795,4035.408,4090.205,240,749
2026-06-26 16:00:00,4090.225,4093.148,4064.285,4071.415,240,757
2026-06-26 20:00:00,4071.435,4089.798,4064.228,4087.915,60,1024
2026-06-28 20:00:00,4086.298,4086.298,4051.585,4062.585,120,1644
2026-06-29 00:00:00,4062.555,4075.515,4048.055,4068.645,240,708
2026-06-29 04:00:00,4068.615,4068.765,4039.015,4061.495,240,685
2026-06-29 08:00:00,4061.238,4066.555,4024.168,4039.095,240,464
2026-06-29 12:00:00,4039.285,4052.385,3999.918,4026.755,240,486
2026-06-29 16:00:00,4026.895,4031.848,4005.155,4015.595,240,804
2026-06-29 20:00:00,4015.575,4022.145,4009.298,4014.645,180,619
2026-06-30 00:00:00,4014.605,4014.945,3941.528,3969.455,240,752
2026-06-30 04:00:00,3969.495,4034.465,3967.955,4031.828,240,743
2026-06-30 08:00:00,4031.828,4037.278,4012.085,4033.825,240,825
2026-06-30 12:00:00,4033.775,4063.205,4008.385,4028.985,240,879
2026-06-30 16:00:00,4028.965,4033.595,4014.365,4015.745,240,755
2026-06-30 20:00:00,4015.725,4020.775,4004.915,4005.485,180,767
2026-07-01 00:00:00,4005.755,4009.475,3969.935,3980.285,240,727
2026-07-01 04:00:00,3980.635,3982.465,3959.905,3975.765,240,725
2026-07-01 08:00:00,3975.735,4035.215,3969.035,4030.005,240,854
2026-07-01 12:00:00,4030.165,4115.485,4012.545,4080.805,240,758
2026-07-01 16:00:00,4080.735,4088.115,4034.145,4038.525,240,763
2026-07-01 20:00:00,4038.365,4044.225,4028.195,4035.005,180,763
2026-07-02 00:00:00,4034.975,4073.965,4030.525,4069.765,240,703
2026-07-02 04:00:00,4069.725,4079.605,4052.945,4064.355,240,653
2026-07-02 08:00:00,4064.025,4079.695,4057.225,4064.935,240,758
2026-07-02 12:00:00,4064.985,4143.715,4061.015,4128.255,240,949
2026-07-02 16:00:00,4128.285,4130.085,4100.005,4121.095,240,739
2026-07-02 20:00:00,4121.015,4131.905,4116.135,4125.955,180,763
2026-07-03 00:00:00,4125.775,4195.365,4122.625,4175.735,240,767
2026-07-03 04:00:00,4175.735,4182.535,4160.225,4177.385,240,703
2026-07-03 08:00:00,4177.185,4186.525,4168.265,4180.895,240,648
2026-07-03 12:00:00,4181.015,4183.075,4155.085,4164.545,240,767
2026-07-03 16:00:00,4164.565,4176.055,4162.535,4175.245,59,923
2026-07-05 20:00:00,4182.515,4201.705,4171.855,4182.915,120,4112
2026-07-06 00:00:00,4183.825,4202.905,4160.725,4164.985,240,712
2026-07-06 04:00:00,4164.975,4166.385,4144.535,4164.295,240,708
2026-07-06 08:00:00,4164.655,4165.845,4136.315,4155.055,240,596
2026-07-06 12:00:00,4155.005,4158.235,4128.265,4148.105,240,534
2026-07-06 16:00:00,4148.095,4167.325,4140.035,4163.585,240,611
2026-07-06 20:00:00,4163.485,4168.195,4156.605,4156.975,180,663
2026-07-07 00:00:00,4156.935,4162.455,4124.235,4130.865,240,696
2026-07-07 04:00:00,4130.905,4140.995,4116.515,4124.545,240,669
2026-07-07 08:00:00,4124.475,4158.005,4119.805,4156.585,240,599
2026-07-07 12:00:00,4156.945,4180.225,4135.545,4138.795,240,598
2026-07-07 16:00:00,4138.725,4148.085,4091.845,4113.865,240,698
2026-07-07 20:00:00,4113.755,4115.595,4093.535,4097.985,180,705
2026-07-08 00:00:00,4098.205,4130.915,4096.065,4123.425,240,886
2026-07-08 04:00:00,4123.365,4133.685,4114.615,4120.755,240,688
2026-07-08 08:00:00,4120.915,4121.065,4040.405,4061.785,240,866
2026-07-08 12:00:00,4061.655,4086.245,4021.525,4033.815,240,773
2026-07-08 16:00:00,4033.945,4091.245,4032.945,4079.625,240,626
2026-07-08 20:00:00,4079.665,4083.335,4070.305,4075.925,180,701
2026-07-09 00:00:00,4075.735,4089.775,4053.985,4063.825,240,849
2026-07-09 04:00:00,4063.825,4110.905,4056.105,4107.675,240,695
2026-07-09 08:00:00,4107.625,4117.515,4093.515,4108.465,240,688
2026-07-09 12:00:00,4108.435,4135.585,4104.915,4126.655,240,795
2026-07-09 16:00:00,4126.515,4138.175,4118.725,4122.395,240,703
2026-07-09 20:00:00,4122.325,4127.375,4120.005,4123.115,180,701
2026-07-10 00:00:00,4123.065,4134.555,4108.535,4119.915,240,800
2026-07-10 04:00:00,4119.935,4120.905,4104.065,4108.795,240,853
2026-07-10 08:00:00,4108.705,4112.485,4094.215,4102.165,240,561
2026-07-10 12:00:00,4102.205,4117.435,4072.585,4112.785,240,525
2026-07-10 16:00:00,4112.865,4115.365,4097.515,4108.265,240,703
2026-07-10 20:00:00,4107.945,4120.765,4107.945,4120.555,60,704
2026-07-12 20:00:00,4094.225,4103.265,4067.295,4084.135,120,2150
2026-07-13 00:00:00,4084.155,4090.805,4052.625,4060.155,240,842
2026-07-13 04:00:00,4060.135,4072.965,4043.585,4064.675,240,773
2026-07-13 08:00:00,4064.615,4080.535,4046.275,4056.285,240,676
2026-07-13 12:00:00,4056.285,4067.355,3999.845,4015.815,240,884
2026-07-13 16:00:00,4015.835,4017.725,3985.165,4001.705,240,696
2026-07-13 20:00:00,4001.745,4006.195,3992.355,4000.795,180,705
2026-07-14 00:00:00,4000.825,4018.855,3983.285,4016.555,240,834
2026-07-14 04:00:00,4016.555,4034.005,4013.165,4020.505,240,784
2026-07-14 08:00:00,4020.425,4031.555,4013.415,4030.945,240,684
2026-07-14 12:00:00,4030.885,4100.785,4022.935,4065.945,240,862
2026-07-14 16:00:00,4065.965,4066.615,4042.605,4055.555,240,707
2026-07-14 20:00:00,4055.525,4056.235,4043.635,4052.575,180,707
2026-07-15 00:00:00,4052.685,4061.875,4027.785,4031.135,240,811
2026-07-15 04:00:00,4031.085,4036.515,4019.465,4024.355,240,769
2026-07-15 08:00:00,4024.455,4039.985,4017.155,4038.085,240,622
2026-07-15 12:00:00,4038.245,4073.775,4035.515,4046.625,240,929
2026-07-15 16:00:00,4046.615,4080.935,4026.515,4056.825,240,648
2026-07-15 20:00:00,4056.795,4066.755,4054.865,4057.745,180,692
2026-07-16 00:00:00,4057.805,4061.065,4023.585,4036.025,240,811
2026-07-16 04:00:00,4036.065,4037.765,4022.745,4030.495,240,792
2026-07-16 08:00:00,4030.445,4042.175,4020.995,4038.285,240,637
2026-07-16 12:00:00,4038.305,4043.065,3973.325,4006.695,240,776
2026-07-16 16:00:00,4006.685,4007.315,3969.045,3979.655,240,631
2026-07-16 20:00:00,3979.855,3986.365,3971.635,3985.835,180,671
2026-07-17 00:00:00,3985.875,4008.395,3970.415,3991.095,240,822
2026-07-17 04:00:00,3991.125,4006.905,3975.105,3992.555,240,774
2026-07-17 08:00:00,3992.725,4002.165,3987.595,3993.815,240,641
2026-07-17 12:00:00,3993.815,4021.235,3959.485,4018.835,240,646
2026-07-17 16:00:00,4018.915,4023.645,4002.085,4015.105,240,706
2026-07-17 20:00:00,4015.165,4017.935,4008.375,4013.975,60,700
2026-07-19 20:00:00,4002.785,4007.105,3989.205,3995.165,120,1350
2026-07-20 00:00:00,3995.025,4028.845,3981.935,4023.855,240,838
2026-07-20 04:00:00,4023.885,4026.515,4001.815,4017.025,240,771
2026-07-20 08:00:00,4017.125,4040.435,4014.625,4025.045,240,572
2026-07-20 12:00:00,4024.675,4024.995,3998.035,4011.625,240,642
2026-07-20 16:00:00,4011.605,4018.115,4001.385,4006.755,240,640
2026-07-20 20:00:00,4006.695,4010.495,3999.285,4009.745,180,670
2026-07-21 00:00:00,4009.615,4051.215,4003.495,4046.555,240,991
2026-07-21 04:00:00,4046.595,4083.735,4043.365,4070.975,240,918
2026-07-21 08:00:00,4070.815,4072.255,4054.185,4055.715,240,654
2026-07-21 12:00:00,4055.815,4083.305,4044.165,4074.025,240,635
2026-07-21 16:00:00,4074.045,4086.775,4066.535,4084.435,240,667
2026-07-21 20:00:00,4084.275,4086.265,4076.385,4080.375,180,701
2026-07-22 00:00:00,4080.485,4141.465,4076.325,4130.575,240,823
2026-07-22 04:00:00,4130.545,4135.065,4109.025,4110.465,240,789
2026-07-22 08:00:00,4110.425,4123.005,4110.415,4122.355,240,557
2026-07-22 12:00:00,4122.465,4165.775,4107.265,4159.115,240,550
2026-07-22 16:00:00,4159.125,4159.335,4128.735,4131.675,240,553
2026-07-22 20:00:00,4131.575,4137.725,4115.605,4133.095,180,636
2026-07-23 00:00:00,4133.185,4140.895,4111.815,4124.325,240,827
2026-07-23 04:00:00,4124.305,4130.395,4089.975,4095.325,240,752
2026-07-23 08:00:00,4095.195,4099.315,4072.755,4085.535,240,556
2026-07-23 12:00:00,4085.325,4085.795,4039.685,4048.525,240,758
2026-07-23 16:00:00,4048.585,4054.465,4040.235,4049.475,240,563
2026-07-23 20:00:00,4049.655,4050.885,4046.285,4046.765,180,636
2026-07-24 00:00:00,4046.725,4050.795,4022.755,4029.045,240,765
2026-07-24 04:00:00,4028.645,4053.655,4021.665,4048.205,240,764
2026-07-24 08:00:00,4048.545,4063.745,4044.965,4057.545,240,545
2026-07-24 12:00:00,4057.665,4081.895,4044.515,4077.175,240,559
2026-07-24 16:00:00,4077.145,4078.035,4048.995,4053.465,240,543
2026-07-24 20:00:00,4053.565,4055.795,4049.125,4049.125,60,700
2026-07-26 20:00:00,4088.645,4097.195,4080.625,4093.845,120,1804
2026-07-27 00:00:00,4094.115,4116.145,4084.365,4090.645,240,824
2026-07-27 04:00:00,4090.745,4105.865,4084.145,4088.605,240,754
2026-07-27 08:00:00,4088.875,4103.895,4086.355,4093.695,240,597
2026-07-27 12:00:00,4093.825,4097.435,4065.065,4078.285,240,836
2026-07-27 16:00:00,4078.295,4093.695,4070.335,4083.075,240,627
2026-07-27 20:00:00,4083.135,4083.805,4069.585,4073.075,180,634
2026-07-28 00:00:00,4072.955,4073.855,4040.185,4049.135,240,832
2026-07-28 04:00:00,4049.005,4052.315,4034.415,4047.055,240,757
2026-07-28 08:00:00,4046.855,4055.015,4016.695,4027.825,240,658
2026-07-28 12:00:00,4027.745,4047.025,4011.335,4045.985,240,836
2026-07-28 16:00:00,4045.935,4046.365,4021.515,4026.225,240,599
2026-07-28 20:00:00,4026.115,4030.295,4013.785,4024.615,180,586
2026-07-29 00:00:00,4024.745,4037.835,4010.055,4023.285,240,769
2026-07-29 04:00:00,4023.315,4047.635,4020.235,4043.575,240,726
2026-07-29 08:00:00,4043.485,4044.255,4024.695,4032.615,240,539
2026-07-29 12:00:00,4032.615,4033.305,3995.655,4009.585,240,542
2026-07-29 16:00:00,4009.815,4116.105,4007.465,4044.585,240,544
2026-07-29 20:00:00,4044.365,4099.225,4042.465,4084.245,180,852
2026-07-30 00:00:00,4084.745,4092.735,4050.445,4058.585,240,799
2026-07-30 04:00:00,4058.535,4059.845,4028.155,4038.765,240,742
2026-07-30 08:00:00,4038.705,4083.095,4036.595,4077.555,240,562
2026-07-30 12:00:00,4077.535,4120.16,4064.895,4108.025,240,745
2026-07-30 16:00:00,4108.025,4119.105,4098.115,4111.775,240,566
2026-07-30 20:00:00,4111.825,4117.185,4098.835,4105.605,180,619
2026-07-31 00:00:00,4105.865,4106.755,4071.595,4074.855,240,751
2026-07-31 04:00:00,4074.855,4087.205,4067.415,4067.455,240,727
2026-07-31 08:00:00,4067.885,4067.954,4050.125,4053.425,240,560
2026-07-31 12:00:00,4053.905,4059.235,4020.545,4045.375,240,564
2026-07-31 16:00:00,4045.375,4055.535,4041.035,4050.695,240,564
2026-07-31 20:00:00,4050.685,4052.705,4035.085,4043.235,60,639
2026-08-02 20:00:00,4081.935,4081.935,4058.945,4074.775,120,2966
2026-08-03 00:00:00,4074.665,4079.155,4047.085,4064.845,240,795
2026-08-03 04:00:00,4064.935,4071.695,4051.915,4060.875,240,730
2026-08-03 08:00:00,4060.865,4062.895,4045.285,4062.295,240,536
2026-08-03 12:00:00,4062.405,4064.415,4018.915,4035.865,240,539
2026-08-03 16:00:00,4035.925,4055.705,4029.465,4051.835,240,550
2026-08-03 20:00:00,4051.835,4058.015,4048.445,4053.785,180,595
2026-08-04 00:00:00,4053.555,4069.015,4042.345,4052.325,240,752
2026-08-04 04:00:00,4052.325,4067.555,4050.825,4065.295,240,725
2026-08-04 08:00:00,4065.335,4084.115,4045.385,4074.815,240,556
2026-08-04 12:00:00,4074.975,4094.055,4060.715,4087.155,240,549
2026-08-04 16:00:00,4087.235,4106.402,4075.065,4078.315,240,540
2026-08-04 20:00:00,4078.315,4085.715,4065.065,4072.215,180,599
2026-08-05 00:00:00,4072.325,4136.225,4070.215,4127.985,240,738
2026-08-05 04:00:00,4127.955,4179.345,4127.955,4170.685,240,753
2026-08-05 08:00:00,4170.645,4192.375,4150.145,4188.495,240,598
2026-08-05 12:00:00,4188.495,4264.915,4182.905,4232.515,240,677
2026-08-05 16:00:00,4232.555,4267.715,4224.515,4246.705,240,605
2026-08-05 20:00:00,4246.655,4281.795,4242.825,4277.985,180,634
2026-08-06 00:00:00,4277.985,4303.745,4260.015,4265.345,240,774
2026-08-06 04:00:00,4265.155,4268.365,4246.925,4262.525,240,795
2026-08-06 08:00:00,4262.635,4284.555,4253.905,4263.205,240,525
2026-08-06 12:00:00,4263.205,4275.165,4229.345,4233.555,240,754
2026-08-06 16:00:00,4233.605,4251.195,4223.225,4248.645,240,534
2026-08-06 20:00:00,4248.645,4252.945,4234.495,4251.925,180,596
2026-08-07 00:00:00,4252.015,4266.055,4229.385,4265.815,240,753
2026-08-07 04:00:00,4265.965,4298.575,4260.425,4289.915,240,757
2026-08-07 08:00:00,4289.935,4327.645,4288.835,4320.995,240,541
2026-08-07 12:00:00,4320.965,4371.695,4300.825,4340.785,240,1598
2026-08-07 16:00:00,4340.795,4350.115,4327.535,4343.855,240,549
2026-08-07 20:00:00,4343.975,4345.165,4335.745,4340.395,60,576
2026-08-09 20:00:00,4342.785,4351.885,4331.995,4332.465,120,5411
2026-08-10 00:00:00,4332.385,4346.915,4312.935,4326.375,240,1054
2026-08-10 04:00:00,4326.525,4361.885,4322.625,4355.085,240,823
2026-08-10 08:00:00,4355.105,4356.375,4328.655,4334.805,240,590
2026-08-10 12:00:00,4334.685,4359.335,4316.305,4358.175,240,630
2026-08-10 16:00:00,4358.205,4394.825,4348.865,4388.015,240,608
2026-08-10 20:00:00,4388.085,4402.617,4385.505,4402.055,180,838
2026-08-11 00:00:00,4402.185,4434.965,4393.445,4416.555,240,791
2026-08-11 04:00:00,4416.425,4420.135,4356.325,4357.405,240,723
2026-08-11 08:00:00,4357.335,4392.825,4356.735,4387.575,240,549
2026-08-11 12:00:00,4387.555,4403.945,4368.855,4383.655,240,540
2026-08-11 16:00:00,4383.665,4385.665,4360.095,4370.705,240,540
2026-08-11 20:00:00,4370.595,4378.145,4361.495,4371.165,180,596
2026-08-12 00:00:00,4371.255,4415.445,4366.065,4401.845,240,786
2026-08-12 04:00:00,4401.805,4409.875,4383.635,4406.035,240,779
2026-08-12 08:00:00,4406.065,4423.985,4401.535,4412.655,240,566
2026-08-12 12:00:00,4412.525,4441.245,4381.295,4420.895,240,949
2026-08-12 16:00:00,4420.935,4426.445,4395.975,4413.765,240,604
2026-08-12 20:00:00,4413.735,4414.545,4398.065,4414.105,180,603
2026-08-13 00:00:00,4413.995,4449.455,4398.445,4400.095,240,775
2026-08-13 04:00:00,4399.945,4407.125,4368.695,4369.795,240,742
2026-08-13 08:00:00,4369.635,4396.475,4363.905,4387.435,240,558
2026-08-13 12:00:00,4387.555,4401.965,4352.755,4364.825,240,956
2026-08-13 16:00:00,4364.895,4373.145,4343.365,4349.925,240,674
2026-08-13 20:00:00,4349.915,4364.005,4346.715,4356.035,180,831
2026-08-14 00:00:00,4355.855,4361.785,4310.375,4323.315,240,838
2026-08-14 04:00:00,4323.345,4345.065,4310.895,4343.495,240,766
2026-08-14 08:00:00,4343.555,4369.235,4341.715,4369.035,240,530
2026-08-14 12:00:00,4369.035,4396.765,4365.635,4391.515,240,793
2026-08-14 16:00:00,4391.495,4396.465,4370.615,4375.875,240,592
2026-08-14 20:00:00,4375.785,4376.275,4371.195,4374.205,60,662
2026-08-16 20:00:00,4375.815,4385.395,4366.865,4370.125,120,1488
2026-08-17 00:00:00,4370.255,4416.235,4367.575,4396.625,240,798
2026-08-17 04:00:00,4396.715,4411.245,4386.765,4405.025,240,739
2026-08-17 08:00:00,4404.465,4405.645,4391.695,4396.565,240,533
2026-08-17 12:00:00,4396.465,4427.635,4376.785,4427.425,240,734
2026-08-17 16:00:00,4427.335,4428.675,4397.845,4419.715,240,588
2026-08-17 20:00:00,4419.575,4425.705,4408.925,4425.605,180,596
2026-08-18 00:00:00,4425.495,4435.905,4390.235,4391.565,240,759
2026-08-18 04:00:00,4391.475,4403.545,4385.645,4395.475,240,719
2026-08-18 08:00:00,4395.635,4399.355,4386.725,4395.835,240,533
2026-08-18 12:00:00,4396.105,4406.325,4351.415,4364.695,240,567
2026-08-18 16:00:00,4364.585,4371.505,4338.205,4345.415,240,612
2026-08-18 20:00:00,4345.455,4346.275,4326.735,4332.785,180,652
2026-08-19 00:00:00,4332.925,4361.845,4323.925,4354.765,240,790
2026-08-19 04:00:00,4354.965,4363.115,4334.975,4354.735,240,476
2026-08-19 08:00:00,4354.635,4373.965,4350.985,4364.325,240,565
2026-08-19 12:00:00,4364.345,4498.235,4361.805,4493.625,240,628
2026-08-19 16:00:00,4493.625,4512.075,4471.755,4511.075,240,632
2026-08-19 20:00:00,4510.995,4527.475,4504.795,4511.055,180,683
2026-08-20 00:00:00,4510.895,4520.925,4484.055,4498.405,240,813
2026-08-20 04:00:00,4498.465,4498.815,4477.515,4490.805,240,767
2026-08-20 08:00:00,4490.925,4498.575,4465.295,4466.865,240,534
2026-08-20 12:00:00,4467.065,4540.795,4450.365,4521.435,240,737
2026-08-20 16:00:00,4521.465,4531.885,4502.565,4528.405,240,620
2026-08-20 20:00:00,4528.305,4532.645,4514.005,4526.195,180,602
2026-08-21 00:00:00,4526.065,4543.515,4508.545,4535.165,240,753
2026-08-21 04:00:00,4535.395,4568.025,4529.045,4564.305,240,729
2026-08-21 08:00:00,4564.425,4604.575,4559.045,4596.835,240,525
2026-08-21 12:00:00,4596.975,4615.135,4563.255,4614.435,240,558
2026-08-21 16:00:00,4614.485,4631.935,4608.885,4616.675,240,648
2026-08-21 20:00:00,4616.705,4617.355,4601.745,4602.055,60,1114
2026-08-23 20:00:00,4617.275,4624.335,4603.275,4623.755,120,1474
2026-08-24 00:00:00,4623.615,4656.765,4594.005,4641.225,240,842
2026-08-24 04:00:00,4641.455,4659.655,4629.545,4641.405,240,790
2026-08-24 08:00:00,4641.735,4670.035,4628.615,4657.655,240,613
2026-08-24 12:00:00,4657.395,4680.655,4639.505,4648.895,240,572
2026-08-24 16:00:00,4648.885,4661.855,4624.875,4651.465,240,836
2026-08-24 20:00:00,4651.455,4682.795,4646.755,4679.545,180,806
2026-08-25 00:00:00,4679.875,4696.635,4616.815,4633.485,240,838
2026-08-25 04:00:00,4633.585,4653.095,4623.515,4630.045,240,801
2026-08-25 08:00:00,4629.945,4647.205,4619.925,4642.185,240,583
2026-08-25 12:00:00,4642.415,4659.145,4604.815,4652.555,240,607
2026-08-25 16:00:00,4652.715,4667.835,4633.935,4666.565,240,465
2026-08-25 20:00:00,4666.545,4673.565,4652.765,4654.625,180,650
2026-08-26 00:00:00,4654.585,4670.585,4629.235,4642.375,240,788
2026-08-26 04:00:00,4642.495,4649.295,4624.225,4628.825,240,761
2026-08-26 08:00:00,4628.735,4630.845,4613.195,4624.415,240,551
2026-08-26 12:00:00,4624.435,4633.265,4582.785,4595.825,240,754
2026-08-26 16:00:00,4595.815,4604.355,4585.365,4594.305,240,595
2026-08-26 20:00:00,4594.245,4624.775,4583.955,4623.205,180,611
2026-08-27 00:00:00,4623.075,4642.535,4600.165,4625.075,240,807
2026-08-27 04:00:00,4625.195,4627.105,4593.285,4600.025,240,826
2026-08-27 08:00:00,4600.005,4606.685,4568.885,4598.075,240,570
2026-08-27 12:00:00,4598.195,4611.205,4564.225,4610.295,240,869
2026-08-27 16:00:00,4610.285,4617.935,4600.655,4609.095,240,642
2026-08-27 20:00:00,4608.885,4610.305,4593.485,4594.135,180,635
2026-08-28 00:00:00,4594.255,4602.405,4574.635,4579.495,240,783
2026-08-28 04:00:00,4579.425,4614.195,4571.085,4611.595,240,718
2026-08-28 08:00:00,4611.305,4614.375,4591.065,4593.165,240,618
2026-08-28 12:00:00,4593.165,4630.835,4523.835,4524.135,240,612
2026-08-28 16:00:00,4524.175,4529.255,4445.205,4457.965,240,871
2026-08-28 20:00:00,4458.065,4462.505,4449.135,4450.065,60,806
2026-08-30 20:00:00,4431.405,4466.215,4431.405,4458.155,120,1642
2026-08-31 00:00:00,4458.295,4471.775,4396.145,4422.495,240,764
2026-08-31 04:00:00,4422.355,4448.095,4412.615,4443.045,240,735
2026-08-31 08:00:00,4442.955,4463.855,4433.635,4455.095,240,561
2026-08-31 12:00:00,4455.205,4460.795,4415.575,4426.035,240,549
2026-08-31 16:00:00,4426.035,4453.565,4423.575,4453.305,240,545
2026-08-31 20:00:00,4453.195,4455.595,4441.355,4451.865,180,595
2026-09-01 00:00:00,4452.165,4461.275,4427.385,4436.585,240,762
2026-09-01 04:00:00,4436.565,4445.825,4411.815,4419.825,240,757
2026-09-01 08:00:00,4419.945,4419.945,4364.005,4374.225,240,549
2026-09-01 12:00:00,4374.235,4375.895,4325.975,4372.595,240,610
2026-09-01 16:00:00,4372.635,4374.465,4322.525,4327.065,240,591
2026-09-01 20:00:00,4327.005,4335.655,4322.735,4324.315,180,621
2026-09-02 00:00:00,4324.195,4334.285,4282.035,4302.915,240,787
2026-09-02 04:00:00,4303.135,4331.175,4301.065,4322.905,240,742
2026-09-02 08:00:00,4323.045,4332.845,4301.395,4330.525,240,550
2026-09-02 12:00:00,4332.195,4397.475,4327.145,4372.895,240,587
2026-09-02 16:00:00,4372.665,4391.155,4364.165,4390.805,240,611
2026-09-02 20:00:00,4390.725,4392.785,4380.745,4385.455,180,635
2026-09-03 00:00:00,4385.265,4432.375,4382.145,4431.335,240,784
2026-09-03 04:00:00,4431.125,4440.145,4418.045,4428.535,240,721
2026-09-03 08:00:00,4428.395,4445.785,4418.915,4443.965,240,583
2026-09-03 12:00:00,4443.925,4510.635,4437.535,4493.015,240,742
2026-09-03 16:00:00,4493.045,4495.465,4472.395,4474.815,240,605
2026-09-03 20:00:00,4474.965,4479.995,4470.175,4479.805,180,557
2026-09-04 00:00:00,4479.895,4487.015,4466.705,4466.785,240,784
2026-09-04 04:00:00,4466.735,4490.625,4459.925,4483.235,240,720
2026-09-04 08:00:00,4483.125,4486.335,4463.665,4466.885,240,534
2026-09-04 12:00:00,4466.895,4475.625,4365.305,4436.455,240,1398
2026-09-04 16:00:00,4436.325,4443.285,4411.955,4434.625,240,816
2026-09-04 20:00:00,4434.485,4435.075,4428.295,4430.455,60,745
2026-09-06 20:00:00,4425.865,4434.925,4417.125,4423.015,120,1578
2026-09-07 00:00:00,4422.915,4429.225,4389.315,4403.825,240,781
2026-09-07 04:00:00,4403.735,4413.025,4384.935,4406.135,240,751
2026-09-07 08:00:00,4406.185,4423.755,4380.935,4384.985,240,562
2026-09-07 12:00:00,4385.075,4419.485,4385.075,4414.275,240,568
2026-09-07 16:00:00,4414.305,4417.065,4401.405,4404.775,149,578
2026-09-07 20:00:00,4407.265,4427.715,4405.605,4422.505,120,1850
2026-09-08 00:00:00,4422.615,4440.475,4414.755,4437.515,240,792
2026-09-08 04:00:00,4438.145,4442.705,4389.885,4392.175,240,772
2026-09-08 08:00:00,4392.315,4407.795,4387.645,4406.245,240,600
2026-09-08 12:00:00,4406.595,4413.075,4385.155,4394.575,240,613
2026-09-08 16:00:00,4394.555,4403.655,4356.515,4359.115,240,643
2026-09-08 20:00:00,4359.145,4364.225,4345.015,4349.635,180,627
2026-09-09 00:00:00,4349.825,4384.335,4340.965,4374.805,240,781
2026-09-09 04:00:00,4375.025,4412.575,4370.365,4408.805,240,776
2026-09-09 08:00:00,4408.895,4414.975,4386.015,4407.095,240,615
2026-09-09 12:00:00,4407.175,4433.785,4374.465,4398.315,240,659
2026-09-09 16:00:00,4398.335,4421.425,4391.338,4399.035,240,697
2026-09-09 20:00:00,4399.035,4406.185,4392.915,4393.995,180,576
2026-09-10 00:00:00,4393.955,4420.945,4389.398,4408.895,240,724
2026-09-10 04:00:00,4408.835,4435.108,4403.875,4411.575,240,672
2026-09-10 08:00:00,4411.561,4412.675,4374.255,4374.255,240,629
2026-09-10 12:00:00,4374.365,4377.655,4323.915,4365.595,240,584
2026-09-10 16:00:00,4365.625,4369.795,4313.498,4324.255,240,597
2026-09-10 20:00:00,4324.255,4324.635,4310.999,4315.004,180,457
2026-09-11 00:00:00,4315.014,4340.315,4300.495,4303.795,240,666
2026-09-11 04:00:00,4303.755,4360.855,4301.909,4344.745,240,643
2026-09-11 08:00:00,4344.795,4357.265,4329.868,4333.108,240,626
2026-09-11 12:00:00,4333.085,4402.268,4291.951,4366.905,240,778
2026-09-11 16:00:00,4366.905,4372.615,4342.535,4348.439,240,538
2026-09-11 20:00:00,4348.455,4351.335,4345.348,4347.508,60,580
2026-09-13 20:00:00,4333.305,4342.168,4321.585,4332.555,120,1749
2026-09-14 00:00:00,4332.555,4355.277,4325.959,4330.184,240,712
2026-09-14 04:00:00,4330.175,4338.525,4307.705,4310.715,240,711
2026-09-14 08:00:00,4311.005,4318.145,4278.105,4286.825,240,543
2026-09-14 12:00:00,4286.935,4298.045,4253.438,4287.975,240,634
2026-09-14 16:00:00,4288.035,4317.665,4282.605,4283.388,240,700
2026-09-14 20:00:00,4283.495,4302.145,4282.085,4287.979,180,600
2026-09-15 00:00:00,4288.075,4317.245,4283.098,4303.315,240,655
2026-09-15 04:00:00,4303.275,4309.535,4276.075,4280.655,240,630
2026-09-15 08:00:00,4280.745,4286.545,4261.105,4284.449,240,564
2026-09-15 12:00:00,4284.545,4300.368,4271.185,4289.125,240,578
2026-09-15 16:00:00,4289.095,4310.435,4285.335,4297.615,240,638
2026-09-15 20:00:00,4297.735,4298.795,4280.875,4283.275,180,703
2026-09-16 00:00:00,4283.395,4340.715,4275.155,4326.755,240,829
2026-09-16 04:00:00,4326.755,4338.905,4320.295,4329.145,240,810
2026-09-16 08:00:00,4329.135,4353.535,4322.655,4341.425,240,584
2026-09-16 12:00:00,4341.425,4361.335,4323.675,4352.485,240,920
2026-09-16 16:00:00,4352.525,4366.525,4234.665,4271.935,240,696
2026-09-16 20:00:00,4272.005,4275.815,4256.665,4271.405,180,1070
2026-09-17 00:00:00,4271.285,4318.125,4266.005,4295.895,240,834
2026-09-17 04:00:00,4295.765,4335.215,4285.095,4326.955,240,797
2026-09-17 08:00:00,4326.825,4352.955,4304.765,4349.305,240,571
2026-09-17 12:00:00,4349.415,4380.815,4343.325,4369.985,240,852
2026-09-17 16:00:00,4369.945,4372.495,4342.465,4345.705,240,451
2026-09-17 20:00:00,4346.045,4349.225,4337.345,4346.125,180,703
2026-09-18 00:00:00,4346.005,4365.225,4334.105,4358.885,240,807
2026-09-18 04:00:00,4358.995,4399.365,4352.295,4393.145,240,790
2026-09-18 08:00:00,4393.115,4398.245,4372.295,4381.165,240,572
2026-09-18 12:00:00,4381.295,4382.605,4342.435,4356.465,240,722
2026-09-18 16:00:00,4356.555,4396.975,4354.465,4376.435,240,682
2026-09-18 20:00:00,4376.395,4383.395,4375.455,4376.595,60,795
2026-09-20 20:00:00,4374.525,4381.695,4368.375,4372.315,120,1815
2026-09-21 00:00:00,4372.255,4383.165,4357.495,4358.825,240,818
2026-09-21 04:00:00,4358.705,4365.095,4341.515,4344.045,240,784
2026-09-21 08:00:00,4343.865,4370.835,4339.765,4368.925,240,562
2026-09-21 12:00:00,4369.025,4374.615,4322.335,4347.825,240,569
2026-09-21 16:00:00,4347.825,4356.895,4337.185,4344.655,240,637
2026-09-21 20:00:00,4344.725,4370.327,4338.935,4368.317,180,708
2026-09-22 00:00:00,4368.392,4375.67,4339.255,4341.345,240,812
2026-09-22 04:00:00,4341.465,4347.085,4299.315,4300.915,240,763
2026-09-22 08:00:00,4300.985,4337.695,4291.245,4322.515,240,675
2026-09-22 12:00:00,4322.625,4343.615,4314.725,4330.935,240,707
2026-09-22 16:00:00,4330.905,4370.955,4322.205,4363.705,240,721
2026-09-22 20:00:00,4363.755,4365.325,4350.655,4363.645,180,722
2026-09-23 00:00:00,4363.435,4369.185,4333.005,4342.415,240,831
2026-09-23 04:00:00,4342.535,4346.985,4318.755,4319.325,240,797
2026-09-23 08:00:00,4319.295,4322.545,4294.465,4309.385,240,572
2026-09-23 12:00:00,4309.305,4318.915,4277.325,4282.075,240,577
2026-09-23 16:00:00,4281.975,4294.675,4274.215,4283.845,240,587
2026-09-23 20:00:00,4283.925,4294.205,4282.285,4288.295,180,730
2026-09-24 00:00:00,4288.185,4302.865,4273.145,4284.585,240,826
2026-09-24 04:00:00,4284.675,4296.055,4273.865,4278.475,240,874
2026-09-24 08:00:00,4278.305,4285.405,4243.925,4265.755,240,667
2026-09-24 12:00:00,4265.685,4284.795,4244.495,4256.465,240,957
2026-09-24 16:00:00,4256.485,4288.325,4252.415,4273.685,240,715
2026-09-24 20:00:00,4273.795,4275.565,4264.125,4264.545,180,722
2026-09-25 00:00:00,4264.685,4295.445,4263.855,4269.745,240,848
2026-09-25 04:00:00,4269.625,4281.635,4255.925,4279.515,240,806
2026-09-25 08:00:00,4279.435,4315.545,4274.735,4302.785,240,584
2026-09-25 12:00:00,4302.795,4309.175,4254.405,4291.115,240,796
2026-09-25 16:00:00,4291.255,4300.105,4278.817,4290.985,240,718
2026-09-25 20:00:00,4290.765,4291.505,4282.335,4282.805,60,1380
2026-09-27 20:00:00,4275.875,4280.175,4255.945,4259.855,120,1415
2026-09-28 00:00:00,4259.985,4260.615,4191.125,4196.365,240,871
2026-09-28 04:00:00,4196.365,4199.955,4150.695,4155.525,240,748
2026-09-28 08:00:00,4155.445,4160.385,4140.475,4148.615,240,612
2026-09-28 12:00:00,4148.515,4171.135,4110.585,4123.925,240,578
2026-09-28 16:00:00,4123.925,4147.715,4116.195,4122.685,240,728
2026-09-28 20:00:00,4122.715,4128.925,4111.055,4127.065,180,700
2026-09-29 00:00:00,4126.935,4140.175,4113.155,4133.745,240,824
2026-09-29 04:00:00,4133.685,4148.735,4121.865,4140.915,240,741
2026-09-29 08:00:00,4141.055,4161.085,4137.515,4153.285,240,580
2026-09-29 12:00:00,4153.255,4175.045,4148.045,4157.935,240,600
2026-09-29 16:00:00,4158.075,4177.305,4142.005,4176.955,240,607
2026-09-29 20:00:00,4176.975,4187.495,4171.275,4184.585,180,638
2026-09-30 00:00:00,4184.555,4187.195,4166.935,4172.355,240,773
2026-09-30 04:00:00,4172.365,4201.145,4165.255,4193.395,240,796
2026-09-30 08:00:00,4193.385,4202.045,4176.155,4186.535,240,561
2026-09-30 12:00:00,4186.435,4219.185,4151.035,4157.215,240,823
2026-09-30 16:00:00,4157.175,4162.965,4147.175,4155.615,240,583
2026-09-30 20:00:00,4155.555,4161.245,4150.885,4155.675,179,644
2026-10-01 00:00:00,4155.755,4176.835,4138.905,4175.015,240,858
2026-10-01 04:00:00,4175.025,4192.625,4154.085,4163.475,240,770
2026-10-01 08:00:00,4163.465,4185.685,4148.875,4182.535,240,607
2026-10-01 12:00:00,4182.535,4187.535,4149.765,4169.365,240,720
2026-10-01 16:00:00,4169.525,4185.775,4159.485,4176.445,240,627
2026-10-01 20:00:00,4176.355,4183.605,4171.365,4181.735,180,700
2026-10-02 00:00:00,4181.585,4182.375,4133.535,4177.505,240,639
2026-10-02 04:00:00,4177.665,4196.725,4176.996,4187.185,240,648
2026-10-02 08:00:00,4187.055,4196.205,4165.173,4181.295,240,561
2026-10-02 12:00:00,4181.295,4225.886,4125.075,4127.165,240,844
2026-10-02 16:00:00,4127.185,4149.565,4125.745,4147.395,240,605
2026-10-02 20:00:00,4147.245,4148.185,4134.265,4135.815,60,940
2026-10-04 20:00:00,4139.955,4148.095,4132.585,4142.165,120,1568
2026-10-05 00:00:00,4142.055,4162.855,4135.975,4143.055,240,1008
2026-10-05 04:00:00,4142.985,4165.955,4124.405,4160.125,240,787
2026-10-05 08:00:00,4160.235,4170.135,4150.815,4155.915,240,556
2026-10-05 12:00:00,4155.945,4166.035,4122.965,4136.545,240,554
2026-10-05 16:00:00,4136.545,4143.895,4125.315,4140.665,240,551
2026-10-05 20:00:00,4140.625,4145.165,4133.355,4134.025,180,593
2026-10-06 00:00:00,4134.275,4152.085,4103.805,4128.185,240,620
2026-10-06 04:00:00,4128.145,4143.045,4113.175,4139.785,240,615
2026-10-06 08:00:00,4139.805,4174.595,4137.715,4173.235,240,552
2026-10-06 12:00:00,4173.445,4179.465,4143.325,4164.425,240,536
2026-10-06 16:00:00,4164.425,4184.135,4154.025,4169.245,240,536
2026-10-06 20:00:00,4169.195,4170.055,4161.315,4165.695,180,602
2026-10-07 00:00:00,4165.695,4169.425,4138.085,4143.185,240,616
2026-10-07 04:00:00,4143.185,4144.425,4126.685,4132.505,240,596
2026-10-07 08:00:00,4132.385,4136.775,4108.885,4121.555,240,539
2026-10-07 12:00:00,4121.425,4124.095,4065.545,4105.385,240,696
2026-10-07 16:00:00,4105.495,4126.745,4100.125,4100.805,240,541
2026-10-07 20:00:00,4100.805,4115.965,4100.445,4108.005,180,566
2026-10-08 00:00:00,4108.005,4143.305,4105.275,4136.125,240,646
2026-10-08 04:00:00,4136.155,4141.765,4114.215,4120.005,240,644
2026-10-08 08:00:00,4119.925,4133.005,4109.665,4124.385,240,554
2026-10-08 12:00:00,4124.385,4140.495,4110.555,4111.745,240,859
2026-10-08 16:00:00,4111.745,4145.805,4105.135,4133.075,240,689
2026-10-08 20:00:00,4133.065,4144.825,4130.285,4144.365,180,665
2026-10-09 00:00:00,4144.405,4180.035,4141.185,4177.455,240,691
2026-10-09 04:00:00,4177.675,4207.295,4176.775,4194.295,240,621
2026-10-09 08:00:00,4194.635,4201.565,4174.965,4182.825,240,560
2026-10-09 12:00:00,4182.835,4196.285,4168.285,4188.305,240,551
